dsid,n,m0,m1,w0
regular,50,4.079039752326645,0.33311599403481856,0.8240648248999136
regular,50,5.125716019446871,1.4035321939699188,0.7512976083796045
regular,50,4.979963263722904,1.01004380586942,0.7128497754613702
regular,50,5.1719895659663555,0.2826970131527736,0.8461966515925462
regular,50,1.1136529803882425,4.937343276085009,0.2817548474826705
regular,50,1.5607822502474227,5.497000509614433,0.3193421773864173
regular,50,0.5152793914417072,5.026889446353834,0.12121824353113014
regular,50,1.0869217502156976,4.8978099541149485,0.272327577873598
regular,50,5.014177686077439,1.1227161433121102,0.8832886613201132
regular,50,5.253326267741654,0.9610862767917954,0.843129398831064
regular,50,1.5084317954733293,5.1663492555276065,0.4446107035732495
regular,50,4.868699026251761,0.7352396212496746,0.9301555917296795
regular,50,1.0569559271640872,5.537284209159992,0.3297267780792814
regular,50,1.5456496440549774,5.162759625917782,0.2108754308667613
regular,50,4.779527676577003,0.5961396269470057,0.6797983690048843
regular,50,0.7823993719539848,4.965372292586341,0.1829732840992517
regular,50,4.358025169338831,0.568286421453198,0.778869936666114
regular,50,1.0999545492903926,5.210540254961275,0.29935886101672743
regular,50,1.7745652443002624,5.059475406821205,0.1642283594164397
regular,50,0.10065130558741425,4.771170634746108,0.07947095570910892
regular,50,0.9363760974969878,4.997125070011506,0.2603276088147131
regular,50,0.6119863584765312,4.48873164096447,0.017729212511057767
regular,50,4.600080014191513,1.2120933451906688,0.6693965698153593
regular,50,0.4071393532228946,5.186172853230988,0.11428521127338048
regular,50,4.5998724828067346,0.6292004284971221,0.7935179557533907
regular,50,1.1343566610468727,5.239608100829102,0.2581104023400116
regular,50,4.386278267099387,0.8807869569092176,0.7985223169584544
regular,50,0.801514538264806,4.462204627045141,0.27923823165968076
regular,50,5.995893634467492,1.4725993003625968,0.602967770430779
regular,50,1.3542181757270169,5.044864792430387,0.36981725268769766
regular,50,5.26647877261565,1.2043742368928,0.6882210289080412
regular,50,3.6272059683838176,8.862464238811548,0.7836221303512438
regular,50,4.7108174636256654,0.813460197345976,0.7662986989911996
regular,50,0.5166976972851575,4.3117439338050945,0.3298362801906061
regular,50,4.191860885517191,2.3299552548278806,0.6069291195782874
regular,50,0.7984441233904886,5.339917684266875,0.3302711474945656
regular,50,4.552098266964807,0.9165274556172562,0.798629072309707
regular,50,4.481159854212842,0.11871506554482487,0.8530273997098294
regular,50,6.805051626400331,3.6783129474789913,0.19882923274402892
regular,50,8.034193269919685,3.3847900850851116,0.1667332094242694
regular,50,4.6789300667991265,0.2468050978442124,0.8829161924733613
regular,50,5.617978276858156,0.5355634614005708,0.7997057867527676
regular,50,5.282950728853428,0.8064729958257545,0.784886514290303
regular,50,1.5105317806896623,5.619130005340944,0.21397322329212654
regular,50,0.6458410107428882,4.664150690741613,0.13541780850046045
regular,50,0.9325171052191079,4.761131496987687,0.2405913478693743
regular,50,0.2152663375207163,4.296975965840589,0.08255755468310846
regular,50,1.5998333048805284,5.276975854102135,0.2983229068272992
regular,50,4.185694156838538,0.5333363370789839,0.8122598631686967
regular,50,4.984731559541622,0.7681711578379606,0.6621104825236295
regular,50,1.3478253464534249,5.619670230313717,0.25274097249946537
regular,50,4.371900981466182,0.1055192593556935,0.8565761290662275
regular,50,1.0303963856042724,5.160106276638684,0.2857600915746383
regular,50,5.065612491535377,0.6723422034387349,0.8075209499796715
regular,50,0.9013021794112812,5.08923097569338,0.360376465099699
regular,50,1.227126319903038,5.937673435590546,0.38587310368622796
regular,50,5.7904420827849,1.682069993019605,0.5106475171045781
regular,50,1.6679364151049234,5.622783216071143,0.44067022157352803
regular,50,4.160570908030299,0.6483288754974009,0.7378965061338844
regular,50,4.683266025584474,2.0416389797162897,0.6504934233511233
regular,50,4.88053786103169,0.05407755681331448,0.8589985583354135
regular,50,4.5383401034857185,1.0708135928027331,0.960104096375468
regular,50,0.7391600991179297,4.680055607830944,0.22838859996185903
regular,50,5.302428509323845,1.8954084878790796,0.5883709222439092
regular,50,4.7558302750643815,0.8391716533943157,0.7304257590327914
regular,50,4.196004042009144,1.152107318302542,0.7187801953521031
regular,50,4.729138301019004,0.8044797246661483,0.7275843795786834
regular,50,0.9490395595667414,5.626466588603993,0.1980718422441508
regular,50,5.306374957753763,0.8377671830883664,0.7210820415208425
regular,50,2.3854570169946627,5.80689899935062,0.38197315812752947
regular,50,9.149324826818628e-29,3.920690644416751,0.2042218366697643
regular,50,5.211896544968484,0.7518869731346218,0.7462120816698001
regular,50,1.5949420891669386,5.257711431364879,0.4252824259007621
regular,50,4.615141249706841,0.7431682912214491,0.8566257420547702
regular,50,1.8086103542879512,5.854491451734197,0.3990456992800065
regular,50,0.8828337341222149,5.10629135279128,0.3140297529987371
regular,50,4.9744012189533535,1.2280628108817042,0.734567166486916
regular,50,1.2631155374677494,5.5533279493976675,0.2641659294645155
regular,50,4.230395674209663,0.00032817929137400126,0.832060439918965
regular,50,5.288469451500997,0.747314747485335,0.8263724750879402
regular,50,1.255648995809736,5.174855316975956,0.4426547557873202
regular,50,2.028569109609161,6.256093282093881,0.3822788980397538
regular,50,4.974399878306538,0.4208581999550915,0.8518955296900461
regular,50,5.468946465194288,0.7944180471696031,0.7028691793083128
regular,50,1.5720879693270047,4.980069768124383,0.35800360452480284
regular,50,4.247026757064819,0.692467669632821,0.772960095130151
regular,50,5.499266531212334,1.4653947417355369,0.6729527857940555
regular,50,2.324235225707372,5.809372786901949,0.5306455640356565
regular,50,0.6921323550264155,5.703868062850958,0.3479569084475772
regular,50,4.826164012979421,0.9004240018145181,0.8710653248712652
regular,50,0.4936612273412583,4.772626960886816,0.1805639514309962
regular,50,6.455129746784421,2.651362200716774,0.45971205603533155
regular,50,1.4008164154923282,5.548554987433825,0.3154863704009456
regular,50,0.3789571375597609,5.097747536326693,0.19024950473775704
regular,50,5.800036822443479,1.1478517875546326,0.6603667286244927
regular,50,5.128276148863755,1.386036090930314,0.6610917180005468
regular,50,5.119762301765959,0.7406342470010645,0.8767420602878586
regular,50,5.240187558639364,0.6047705788782731,0.9309258347118827
regular,50,4.502754284845988,0.273314654286929,0.8527572588230394
regular,50,2.2803841511687417,5.719668980010271,0.5581593486855471
regular,50,4.014824701167293,0.007669745606657848,0.9364075749519795
regular,50,5.083991965917173,1.1856964557829424,0.6911491284364648
regular,50,4.452636821161897,0.8003767803228068,0.6953566261108085
regular,50,0.7472492929672823,5.293752791278566,0.35494370385461393
regular,50,5.164738611450572,0.7527799498059033,0.6997391151990661
regular,50,0.0042997630465679984,4.7289678215514375,0.03152979631728396
regular,50,5.5999994316247665,1.5077017692484056,0.5650366668119791
regular,50,1.1720699724654506,5.621427460975098,0.3104779655360576
regular,50,5.429228524963209,1.277618925548386,0.7569066886478291
regular,50,1.0544177109494541,4.869534863461006,0.21219135116940652
regular,50,0.5120681226453884,5.465906396121914,0.30398779955831956
regular,50,11.098947618166216,4.513841497212246,0.025232471540440757
regular,50,4.258042859396909,0.8553613800935533,0.7830996336606827
regular,50,5.834277093054401,1.8379315439713155,0.5259976721760159
regular,50,2.570523152300393,6.934764192587033,0.5808029779263875
regular,50,1.2688250142427437,4.95890620115327,0.2544405268056869
regular,50,4.7320071617510715,1.0971452511504696,0.749094412887785
regular,50,5.327901562343253,1.2028465747845616,0.8526318887441002
regular,50,0.004002906027030472,4.49376530282974,0.0698846119458751
regular,50,5.458233930027533,1.2154499183553802,0.7930052702160989
regular,50,5.258379602970378,1.482209467240352,0.7197214201351743
regular,50,0.04632656495745753,4.755791350277753,0.054314314245446874
regular,50,0.7702019028040351,4.967716962508318,0.24960409852159796
regular,50,5.0852887836789975,0.1442759894612908,0.9139267997490924
regular,50,0.21345169261704205,3.9783749041518157,0.12706099892985767
regular,50,4.9507718078305265,1.1680500103932943,0.7592284453888287
regular,50,5.010877431853137,0.7254230523945489,0.7267786964515391
regular,50,4.8656850489974515,0.8124670646777143,0.7568142022435832
regular,50,5.016772997844308,0.2686580337519066,0.7437355651566676
regular,50,5.380554124099362,0.9963548584930391,0.8538948425258737
regular,50,4.433328315067775,0.46704709725058857,0.8302368697299946
regular,50,0.3764359608190755,4.1589073082932915,0.18477530801654127
regular,50,0.6882102279066787,5.179339446674985,0.24032696324221864
regular,50,5.49629129381004,1.241152451330057,0.6342560486456418
regular,50,0.7181604167834656,4.989392933235628,0.259736019746621
regular,50,1.4527423960565327,5.103158058468097,0.2309759042374596
regular,50,4.660128365897679,0.9675568426033612,0.772481491394875
regular,50,0.7823025625082191,5.04813493276148,0.3676035054017794
regular,50,4.6067831745731205,1.020678398410463,0.7192543895355905
regular,50,1.634147367194696,5.172591793533156,0.4161692586075108
regular,50,3.5555030821945084,0.004900930442761467,0.967469438349345
regular,50,0.8942917979504214,4.524000251659721,0.43639875539893214
regular,50,4.552704530265773,1.1472733120186545,0.7202396791451982
regular,50,0.40221175924966845,4.402278789497298,0.0705685148180689
regular,50,5.637898123403115,0.42518967139980407,0.8776263569549989
regular,50,0.6246739046607509,4.646021282312978,0.2700640308639606
regular,50,1.0397797531902397,5.277375711732033,0.35335499806529386
regular,50,2.987449632451243,5.298395081953286,0.38010204098178113
regular,50,5.848071036894803,0.7939268878785045,0.6778740398190505
regular,50,5.132697477102917,0.0005633168770253216,0.8650274027379617
regular,50,1.620747036256224,4.773433268246981,0.15651201291141573
regular,50,0.5244112318915287,5.131868064407455,0.3020903103388205
regular,50,5.5486280080080785,1.8901576929838806,0.5985677396432929
regular,50,6.627797764204574,1.7830915602970154,0.49061972793847836
regular,50,5.733836949295795,1.147646698151035,0.5870566100429278
regular,50,4.743847694982059,0.4471579870562595,0.8827358433510697
regular,50,0.5625269256456826,4.31866879498139,0.23925315556313742
regular,50,0.5570366290540582,4.185851340955466,0.25513877518159167
regular,50,4.933843956188859,0.9847121285293146,0.7939182605937002
regular,50,5.745782758052573,1.6466418861812275,0.6424170810740124
regular,50,1.1879267280939871,4.862907293925449,0.23480594753300882
regular,50,1.1094053845376537,5.1075992829189065,0.21699780074952624
regular,50,4.741029861230971,0.6066421828392383,0.835276729177973
regular,50,4.660171070745959,0.44003987916441367,0.7914351400966513
regular,50,5.982152038622793,1.1810695685371755,0.6204705813790579
regular,50,5.4855307695795394,1.2504715992820485,0.5453355686068775
regular,50,0.9967262768523717,4.972402418537315,0.11882316408627405
regular,50,1.28633209869451,4.886497292508112,0.2684591513103084
regular,50,1.3477485629650552,5.199943670246798,0.39975744409618996
regular,50,5.0582728822954826,0.7404557244390055,0.7224817914961572
regular,50,5.161325021821749,0.0007872397669159406,0.84472063655686
regular,50,1.009841646168129,5.785413111795835,0.369675781108594
regular,50,5.224943918695706,1.042312422162411,0.58759361896323
regular,50,4.871095452332674,0.7712716270039817,0.7143546888289074
regular,50,4.729610869297948,0.6684561903756803,0.761247490933967
regular,50,5.042047608631119,1.5717242901536685,0.6939629218475598
regular,50,7.259279715137369,3.269535547806737,0.4688181431554569
regular,50,4.846883820547538,0.37303967671634697,0.833055467169685
regular,50,0.707464517069786,4.818481616287759,0.17963477126578692
regular,50,2.5284913035331904,7.123545532790208,0.8016326574204122
regular,50,4.59968764547792,0.16827784791456457,0.8917528128990283
regular,50,0.2878159379027389,4.825595891538268,0.09819689277380464
regular,50,4.77226085223419,1.3327407940822573,0.9324728891509985
regular,50,0.963377967933313,4.774695261042274,0.36068769806381357
regular,50,6.009394400826669,1.0397624575145326,0.6761542063507329
regular,50,5.08050806950701,0.30392776038680497,0.8198485079662554
regular,50,0.9828351627293688,4.907851239305659,0.20072560823569535
regular,50,3.128970104355268e-05,4.6287264945734785,0.131511466543033
regular,50,1.8380423751116397,5.341501645409416,0.2230657145167819
regular,50,4.596422391205829,1.0028885422460745,0.6726279922070649
regular,50,4.9863665483271316,1.286731399562174,0.6468931405943548
regular,50,6.119969844887589,2.026122456192096,0.49192784991665917
regular,50,0.8828893933757789,5.062534699903758,0.23986119069432746
regular,50,1.2600283679477182,4.579761743973665,0.34935388255848926
regular,50,5.532806181683955,1.5762543272013922,0.6328100236982861
regular,50,4.649477544675761,1.4140357114306137,0.7745354167149117
regular,50,4.790426558277369,0.8625148980131244,0.6205549698698916
regular,50,5.211971680200729,0.2776389549696988,0.7300604247075043
regular,50,4.43429083207557,0.31680848390788013,0.7633770470177881
regular,50,1.2856657936054021,4.642336762515099,0.25094409619442276
regular,50,4.911006165488805,0.6929728480202973,0.7603133760698765
regular,50,0.5404581542902028,4.665385556118611,0.20494555994946403
regular,50,1.1182272871835226,5.224017102916322,0.2591504072710104
regular,50,0.7546363909583549,4.951086802352404,0.29812977152202225
regular,50,0.707721436018923,4.688133336103101,0.21810138194108525
regular,50,4.803873380157477,1.071401683675626,0.6881762341950188
regular,50,0.8860857765021727,5.342562244274307,0.3102366307266674
regular,50,4.300260444356269,0.9532088326024909,0.8445615709870496
regular,50,1.988191931009693,5.758268190130107,0.4769845665004285
regular,50,0.35644384684157565,5.602034568037917,0.20246233922643936
regular,50,4.691723032510258,1.3279358333301858,0.6932852848831397
regular,50,5.63800978544223,1.1840520460321273,0.5603887822919587
regular,50,5.223542155109011,1.9956845761481101,0.49082569013528343
regular,50,5.003245720024311,0.4879021828769912,0.8043901393641635
regular,50,3.8980466296986847,0.0023409673757868238,0.9388951193102344
regular,50,5.371187691038007,1.137054051398956,0.7753524635752655
regular,50,5.204732467109862,1.1876577277275178,0.7498845472652702
regular,50,4.618212589887196,0.4546318832345925,0.8275012205864942
regular,50,1.042567618554124,5.383955410621346,0.4155250571989017
regular,50,0.9203731295785397,4.833463729521073,0.2845484153976458
regular,50,0.7781838543082248,4.055502685609222,0.1694991284655401
regular,50,1.3465912232617583,6.0296980530012805,0.30955903969457677
regular,50,4.03467882983334,0.29856233795695863,0.8301233831403934
regular,50,4.703445722870211,0.42190011524562016,0.7749771201421973
regular,50,4.574575793213714,0.8138551116322029,0.7780808882454027
regular,50,2.8132856924701604,6.647538166225044,0.6644158629779118
regular,50,5.8072218018996,1.2365975210879212,0.8408922376418881
regular,50,4.613710866235195,0.6637077586434692,0.7636176881884866
regular,50,4.918729285060025,0.9507166542521576,0.602136023256911
regular,50,1.2071574752821101,4.451695368013575,0.0960677231453658
regular,50,1.1265115564140944,4.703659800683182,0.22466494140149698
regular,50,5.859792756127788,1.1390302022483647,0.7882137165941168
regular,50,1.198673930303516,5.0267821803586,0.294344388077946
regular,50,5.803836572365867,1.1453454290923641,0.7544620055750287
regular,50,5.197709389391674,0.9719469935425072,0.7355011274439933
regular,50,6.435627252115594,1.8186543266985826,0.5894220558063206
regular,50,5.630758440388056,1.7417595529817838,0.6012448228232026
regular,50,6.195345050550233,0.7250394527558659,0.6900822046881995
regular,50,4.824711836391089,0.2229527544543593,0.8033986959590408
regular,50,0.993643342040668,4.850858041164293,0.2620694257423535
regular,50,0.10181837893124115,4.292720389850197,0.07461887417921874
regular,50,5.391433879524247,0.7779999830081196,0.6853896875773358
regular,50,0.491262041338628,4.918240056840609,0.19386589538852486
regular,50,5.282166482783786,1.1152444685448777,0.7306965479677328
regular,50,0.2358895107255995,4.973662443260855,0.20128918309103838
regular,50,5.171623286609067,0.7446374541600165,0.6540257085571561
regular,50,5.320027565553174,1.3293351077785203,0.7093167218904047
regular,50,1.9203270423410443,6.92179177068691,0.6161778475055152
regular,50,0.0017179783168265593,4.4023857516061815,0.06871360602169667
regular,50,2.1793726670209215,5.617932774031694,0.5926703941794174
regular,50,1.671459197290413,5.177660326025857,0.31306256707005947
regular,50,6.50646199074044,2.083598726765574,0.550865158568075
regular,50,1.1759032640275193,4.992328408070851,0.29669870764743966
regular,50,5.089316586071775,0.1795302786086833,0.7659131143193006
regular,50,4.732543530682378,1.3313583644611133,0.7728604904093832
regular,50,5.017766703366172,0.3777610007210409,0.9185848622662641
regular,50,0.16808848442159152,4.6480947023996215,0.20269942902210375
regular,50,1.3632013912211862,5.464412680001996,0.3131788609661762
regular,50,0.6916826307878059,5.286591083070665,0.2930615695730884
regular,50,1.1047626686824692,5.1276549847206905,0.24053713316235245
regular,50,5.001988848654662,0.4585224590435255,0.8190833213745828
regular,50,5.004399529178365,1.22943144834526,0.6915471855006011
regular,50,0.1965474809161522,4.782712935393137,0.16194638914915427
regular,50,4.363729748649478,0.48048892176590474,0.7930260356027165
regular,50,5.578275536745667,1.7562792906535392,0.6864791434657043
regular,50,1.0824064005986795,5.315949238332685,0.32028711892247047
regular,50,0.994152137574361,5.053001730288166,0.28899857052940964
regular,50,1.319915898047066,4.520495663680448,0.21261637375432835
regular,50,5.280402160886236,1.0258765407650927,0.6802458646735094
regular,50,1.3885133874370117,5.521697766263111,0.3923603734135142
regular,50,0.32626446503966056,4.664086311152684,0.3559589042450622
regular,50,0.5075858713072998,5.031573287259237,0.17939335648847446
regular,50,1.3393647368236727,5.989402407272967,0.4794374939026153
regular,50,4.869375737544098,0.48069961382315957,0.8474766151172335
regular,50,4.390802050295293,0.6609027603689155,0.7182760260757511
regular,50,0.736605647144409,4.927697498056049,0.16408552294230005
regular,50,1.2677848882829943,5.340005873406312,0.27994695709564743
regular,50,5.4672361867487655,1.854792941109985,0.7267123330060248
regular,50,0.4383718627159818,5.2035008041949276,0.0888749936037378
regular,50,0.8367565295853251,5.133609348552024,0.3103688687369865
regular,50,5.980590854477043,1.4843927420394503,0.5817375463783803
regular,50,4.931605879122959,0.31171412732079906,0.8979184135777659
regular,50,0.5420356395333045,4.687088629862827,0.15611106332596836
regular,50,5.185177657629647,1.4106181846050265,0.6436199595626633
regular,50,1.2625108181934297,4.538657122556381,0.2743031107492391
regular,50,5.347258275897714,1.1689801738137675,0.6296899732150407
regular,50,5.5640443766214345,1.6639772843593963,0.55794494406467
regular,50,0.19072859576514123,5.463350842237157,0.20926036242695428
regular,50,2.2343804179505105,5.7112920600652775,0.43466507510845503
regular,50,4.703434388215035,1.41928476088625,0.7188208537970524
regular,50,1.2760761508486655,4.350623853928653,0.27016131611702077
regular,50,5.223109758081723,3.0139447689996532,0.6455177580887189
regular,50,5.389291037068409,1.0465197427692519,0.855094594114479
regular,50,0.4449687194404775,5.228623701694092,0.17321978795881332
regular,50,1.0686566833608575,5.225182308752063,0.24664404869525472
regular,50,5.253015290476154,1.4925306254843806,0.7040234465419394
regular,50,0.3474404295769442,4.304666737423417,0.09720615084881322
regular,50,1.4200856416224832,5.853452950460451,0.4631813263852218
regular,50,4.858786683912871,1.3714584800904144,0.5931594042804057
regular,50,0.04826807571671146,4.216242807657401,0.13345637712117386
regular,250,4.953891146188554,0.9842581291294836,0.7768329862278125
regular,250,5.487663855612641,1.3087249494135063,0.6909110459364335
regular,250,4.858106919449359,0.7655380418995941,0.7854386949316087
regular,250,4.57722192056185,0.5432209890908918,0.7666778127840826
regular,250,0.7413183324181364,5.369395359396241,0.21637396127136224
regular,250,1.4654190070634474,5.40435508108365,0.3778571302287192
regular,250,4.930863705261063,1.04585000855524,0.7902546119845069
regular,250,5.001092578280523,1.0224914641119978,0.7111817582847421
regular,250,5.044658668673674,0.762911635028104,0.7831122059812589
regular,250,4.964903606100991,0.769093837098113,0.8129315556916877
regular,250,1.2458099010190082,5.4228198453572345,0.3310549564842647
regular,250,0.6738439035003853,4.781703195965122,0.1523185560695523
regular,250,5.169492295994947,0.9488726341962943,0.749446199673845
regular,250,5.275837805308195,1.024747629586422,0.7732727922797934
regular,250,1.0228766246213545,5.085586871181535,0.22388671994308879
regular,250,0.5253854515024241,4.465623708289383,0.1374596339082923
regular,250,1.1674756982547325,5.004650668876652,0.2159533185796701
regular,250,4.8702062946736495,0.8367111104873959,0.8130142072238994
regular,250,5.225426804059681,0.7917826562080617,0.7587928195414859
regular,250,0.9318222213881836,4.885151942249726,0.21681772145808467
regular,250,5.162911408320829,0.6536898843548551,0.7367813042644851
regular,250,0.8636776594582528,5.166389773371826,0.212514746318952
regular,250,4.999516486390623,1.0466064403546098,0.7471441356493939
regular,250,0.566044583524545,4.668093295901403,0.1726194264258533
regular,250,1.7010658120906763,5.331033202501238,0.2928492430288765
regular,250,1.3862141281502183,5.053563948781116,0.3309103325660775
regular,250,0.6855334617391053,5.157255234406838,0.22838076390373835
regular,250,1.223119461496071,5.0820449062375115,0.3280822406047656
regular,250,5.453806811314139,1.4993288370585158,0.6930551088623472
regular,250,1.3661707234991949,5.70753251230592,0.31315807768225734
regular,250,5.0716055310478785,1.2164260873319999,0.713734328801009
regular,250,1.01690542900677,5.07764094865462,0.23878456106363394
regular,250,1.3002873188472917,5.059127840727997,0.34349098697116043
regular,250,4.720096163882592,0.8784963077333251,0.7865222317285703
regular,250,4.856182741530314,1.0169554933645792,0.7613627216341409
regular,250,0.9218905299577166,4.816920787080459,0.23130007409646403
regular,250,5.11966728368973,1.0966629034581694,0.7604607918338235
regular,250,0.7762097203517478,4.905688202214457,0.1999497529387799
regular,250,0.7705255693252061,4.705715402688747,0.1651039543709667
regular,250,0.6150743380515655,4.917498037146536,0.15467979996635997
regular,250,5.026468861829274,1.0559980803996745,0.7273701479199605
regular,250,0.7892599536358471,5.0246435070483075,0.21170302423398749
regular,250,0.7880474637804264,5.308098739355781,0.2601958844385177
regular,250,0.9605255201554382,5.237835628080876,0.25853529442063816
regular,250,1.0816024834008064,4.979632439246161,0.25747171022663606
regular,250,0.7752456252212486,4.781909195943466,0.18916217510292466
regular,250,0.7188027434472015,4.941054921816384,0.22666929434471714
regular,250,4.85840162549646,0.9947759138468746,0.7457306429723953
regular,250,1.36476969773002,5.0015718424232976,0.2753990463530612
regular,250,1.0067580617673675,5.116309905963372,0.3251716869932336
regular,250,1.0731773854341928,5.101588320823686,0.24267343538257122
regular,250,1.3513495984828978,5.235617805723909,0.4087302217607657
regular,250,1.1564026535398364,5.036649448668995,0.24448172983734637
regular,250,4.7768510250362395,0.9625109834242406,0.794236744371497
regular,250,4.850748340778638,0.6168211670484529,0.7763900270527019
regular,250,5.172252757050846,1.3620031689320138,0.6734458653494272
regular,250,5.218125154959375,1.043541842845471,0.7513224488904281
regular,250,1.0093627188505208,5.0100566466276995,0.18148267768914406
regular,250,4.671029860677792,0.6665406079383307,0.7705001055879769
regular,250,1.1775503474602846,4.705849872506634,0.21932658126479998
regular,250,4.871481007032582,0.6633918640526071,0.835678146650927
regular,250,5.167051658490345,1.0407700069021848,0.6987477435012447
regular,250,0.8931549047360465,4.627239850946447,0.23974812138513266
regular,250,5.262828303502028,1.6126871760597445,0.6737582844265374
regular,250,5.41204803676346,0.9641243337935981,0.7104158877762592
regular,250,4.587471485739228,0.8144048674283291,0.7711486244242933
regular,250,1.0925383797932853,5.209228198004437,0.25390015866160837
regular,250,5.123600222536915,1.0720582638895082,0.7572281781661989
regular,250,5.194999630109172,0.9048378607641844,0.7736682945040964
regular,250,5.197948501224322,1.3034845176227512,0.6903428799695637
regular,250,4.511291028192358,0.9551122836871622,0.7651155669599009
regular,250,5.539608977742994,1.3002159810830238,0.5764466801833007
regular,250,1.3416409105495142,5.355032691383298,0.3147045592246919
regular,250,1.5398826531940712,5.110375628837803,0.30426488337844654
regular,250,1.7692441248270003,5.3193434604328615,0.3209328395421991
regular,250,0.6667353421821042,4.9655794700832585,0.21530891619816833
regular,250,0.9003314064696067,4.97975216336518,0.18722073766825492
regular,250,0.653610242100154,4.947774580213119,0.2030137907102575
regular,250,4.501254043229281,0.4818831921908623,0.860362712466732
regular,250,1.0306161486136467,4.934884298558086,0.22408407029382377
regular,250,1.314909499011686,5.09038886912644,0.34072199660498664
regular,250,1.3822268336613044,5.43828069313559,0.3585457056342157
regular,250,0.7010401756811682,4.85110188254567,0.18002187324345326
regular,250,5.100163353504953,1.0422827172276763,0.7357824318636049
regular,250,0.3901346091998155,4.54346002838986,0.1828558929865802
regular,250,0.9463409186702662,4.97185640395294,0.2086332562931292
regular,250,5.21263932101502,0.9444398423897545,0.7608735659787499
regular,250,1.3025959675418168,4.985445063401558,0.24585451095985983
regular,250,0.8039022521747997,5.022157269249854,0.2432658208420493
regular,250,4.851608020053995,0.8807507444441774,0.7432272304731947
regular,250,4.804009341092431,0.6949395461393749,0.8364570633680082
regular,250,5.210761117254389,1.7632738672951294,0.6940493058337331
regular,250,0.8182025864544854,4.92934190157066,0.20075746363933167
regular,250,1.0309662122688377,5.229053073024424,0.23178488328116514
regular,250,1.0211529094292071,5.423578256559367,0.3088248293513124
regular,250,5.076758657973361,1.036568027162357,0.7225975800680511
regular,250,4.912656680422821,1.0036444233790502,0.7788043056491407
regular,250,0.552282005970154,5.007295360970471,0.16953829333030557
regular,250,0.37644182560674866,4.879007690559812,0.16324196305065572
regular,250,4.618295777887787,0.7110173673317142,0.8438054026969286
regular,250,0.3414565517747333,4.381762987194342,0.16874041563224604
regular,250,5.2650563557399215,1.2226377684669614,0.6860650800153689
regular,250,1.2712280564684106,5.093843049159684,0.281964846373618
regular,250,5.143883864073748,0.8249931020770117,0.7295870795459062
regular,250,1.455770018985205,5.615790166585396,0.3441786615892615
regular,250,1.0522020311331473,4.997803265143029,0.23261429898993446
regular,250,1.26967973583406,5.2751802916161115,0.27341908367362217
regular,250,0.9356198706551364,4.837589338383909,0.2228590832336966
regular,250,0.9962676649517731,4.906484395087825,0.23489347483198628
regular,250,0.9497743816653018,5.3716598476306805,0.31381632525566366
regular,250,0.8093385774912456,4.956410362234771,0.24605563038207165
regular,250,4.786744780201476,0.5725293786393062,0.8873468166754138
regular,250,1.3184461181365994,5.1170742537820075,0.26037669876152764
regular,250,4.842006159356061,0.9027056071133991,0.7821932731516024
regular,250,0.9363489771943894,5.142969776307509,0.28216704880025284
regular,250,0.991322005739541,4.806453307166677,0.20194673427844356
regular,250,5.0810391704930975,1.0772014207936407,0.7639666665903134
regular,250,5.025988546593352,1.0774036214437608,0.7746056971132157
regular,250,4.757208723244102,1.0144567033207506,0.828679880518177
regular,250,5.155245938521784,1.2882652463693574,0.7157353434030402
regular,250,1.2734825484921968,5.1284435276728795,0.2896121474905729
regular,250,4.939851183698803,1.2059693392391766,0.7568612983707882
regular,250,0.5398133092949547,4.9378802512860345,0.2268906463789016
regular,250,0.9288746185849128,4.975426690772734,0.18668404046121742
regular,250,4.913109430313352,1.1016992513701682,0.6617762534624941
regular,250,0.990450388979884,4.755508461012746,0.250595991605336
regular,250,5.318167107562232,0.9218569081765099,0.7729534399775289
regular,250,4.705438088756739,1.430451083090786,0.6771168597227116
regular,250,5.193783805747372,1.0224754213573715,0.6802480941618461
regular,250,0.8383126289904512,5.347586279330829,0.24030173445983607
regular,250,1.0115298463913778,4.91235417116073,0.2943875641537966
regular,250,0.9616549053846782,5.255924701245396,0.24775450817527161
regular,250,0.9203138173662074,5.215465062158366,0.261565890961479
regular,250,0.9928121685697392,4.838085819815928,0.23563623866464767
regular,250,0.4637473277486532,4.81310367027732,0.18142998828616208
regular,250,0.9473016031829185,5.007459370630899,0.19690352356268154
regular,250,0.9073720646271258,5.260671967149361,0.24732317810807317
regular,250,0.888813975562213,4.747103816767974,0.27035392873491093
regular,250,4.936993553295625,0.8380823515344362,0.6845519481514837
regular,250,5.298234291227396,1.4230082036609735,0.6815065074041979
regular,250,4.936266295308886,0.917279140549894,0.7560912096600938
regular,250,1.1013009048652564,5.179832069594211,0.33046996949544793
regular,250,4.8496061826483166,0.8608973708993105,0.7438754667577872
regular,250,4.801536569670978,1.0515685394997312,0.7105211135302911
regular,250,5.289392046697911,1.1337227738539575,0.7397790883493822
regular,250,5.081440090424824,1.1323881601607344,0.6967778313452696
regular,250,4.8079395219565955,0.9886699139705709,0.7413276297931849
regular,250,5.020686567910961,1.0808433341765213,0.7957567039670678
regular,250,5.008113449569364,0.9584603723781737,0.7362456908752788
regular,250,0.5394238508166691,5.01385120096335,0.2096025094546694
regular,250,4.5209960260498505,0.6868580071938865,0.8046507396535142
regular,250,5.155623375949134,0.9517524568307729,0.6937053014417531
regular,250,1.1022490832603253,5.0637500358807,0.27962887025130423
regular,250,5.310064002341794,1.134944366161621,0.7082565031702414
regular,250,5.288271572858201,1.093948105396919,0.7195563046142055
regular,250,0.8794067018706895,4.811766434496353,0.19626038485066055
regular,250,0.8285008243869999,4.90406548230107,0.2551954317008405
regular,250,0.6596900268772378,5.026267817006888,0.23869214453544405
regular,250,1.1238879224850842,4.977388065950701,0.2961951533558791
regular,250,4.977168606291325,1.2624732173423145,0.750943614638324
regular,250,0.8374369128802466,4.800045617500384,0.28063472838077935
regular,250,0.8233868539297162,4.701576451391341,0.20771971847859397
regular,250,0.7694470682104874,4.686647352771196,0.1722269232518588
regular,250,4.917209975771857,1.0591584780314536,0.7311570422584202
regular,250,5.399407075166839,1.2367986832018993,0.6666976701808065
regular,250,4.932658238384051,0.8139269336441984,0.7405370345100614
regular,250,1.1437793110635668,5.038089853118595,0.2901899683948289
regular,250,0.4913145912088266,4.725955556540521,0.12987064571540188
regular,250,5.018690563352912,1.1830934936969093,0.7291971642250563
regular,250,4.986457112962316,1.0728721661010017,0.7162557787705869
regular,250,4.996156116920821,0.9753862867676375,0.780102777759068
regular,250,5.38222823130055,1.529964166195953,0.6411906847660469
regular,250,0.8108977570032837,4.70366403369502,0.29070947322754853
regular,250,0.791988999803047,5.150557596766537,0.2107475370254519
regular,250,4.940510774066695,0.7109330608654841,0.7539918061278089
regular,250,5.300328537273522,1.1820324319853355,0.6939684507738114
regular,250,1.0408296814560443,5.06504421837654,0.1861342658311007
regular,250,0.6669040154231389,5.006348295196103,0.1941143245282493
regular,250,1.1322784897694809,5.156340421087187,0.2376554927359252
regular,250,5.1298238942131995,1.149749934926968,0.6618595764852193
regular,250,0.971071737445132,4.916502225320308,0.22418395864240928
regular,250,0.6612957353155446,4.653777910371975,0.19781626460506663
regular,250,5.0035573337767785,1.1841221147704868,0.8283627562225462
regular,250,4.832599709685585,0.7370163493400925,0.7449448301309944
regular,250,4.816045782373819,0.7749752611299322,0.7614380206171022
regular,250,0.36562286150949064,4.620032614646593,0.18992825363160398
regular,250,4.660383262185851,0.8124553116927888,0.7483364359611343
regular,250,4.4929755687664725,0.5648554192285665,0.8307140455353188
regular,250,0.7896029273998049,4.871424018775799,0.1752707928055288
regular,250,5.299378692375108,1.1186791209564355,0.705461090580767
regular,250,1.2565120370768428,5.468555010508382,0.33820998966394766
regular,250,5.047134073643857,1.4451601813151085,0.6637582309457465
regular,250,5.396185059938969,1.0297195374744175,0.7846805259077579
regular,250,4.614847200505083,0.888368680240929,0.7587944769794711
regular,250,0.7711978123128096,5.0142126020096125,0.19566573371971135
regular,250,1.208607558723929,5.116228490869545,0.2488031740416815
regular,250,5.244210058927022,0.8433437222503305,0.7372767154295966
regular,250,4.725076402418158,0.5156053078915249,0.842004758440338
regular,250,0.7107914211951664,5.1778332128285145,0.28516259131812294
regular,250,1.2996682273047249,4.805628976631289,0.28455223773481114
regular,250,5.174989103155563,1.3683563050135121,0.7260074300666388
regular,250,1.1682233911720743,5.022676972690957,0.26428570253777356
regular,250,5.243144200159516,1.0468097656461475,0.7485557415344847
regular,250,4.811311925132611,0.8308240355818075,0.7951728663029239
regular,250,4.7459910524139195,0.3646727269892125,0.8215169512162499
regular,250,1.139136494494191,4.875139638042682,0.22782091056654286
regular,250,5.0523333184878165,1.119517490283649,0.7283540940752257
regular,250,5.045719071738358,0.7678324146979016,0.7994993461720769
regular,250,1.0919152206296738,4.808336571390524,0.3132950926439359
regular,250,5.132431011661051,0.9178498812965973,0.7635753160658976
regular,250,4.631779461939021,1.1666004177360443,0.7668866596401754
regular,250,1.0460386765008822,5.259373575304686,0.27706641018166206
regular,250,1.6445222301094595,5.558875412433376,0.3451082080517252
regular,250,1.0827372644104325,5.042807897350538,0.18050382521077343
regular,250,0.7109680555212365,4.631739839361373,0.1998942765788194
regular,250,5.018419371324598,1.0619206586174663,0.7213649109036866
regular,250,1.1306420911459103,5.06503519271084,0.29611560477966453
regular,250,0.8488178608516211,4.600447526621091,0.211227545685418
regular,250,1.2061836053346366,5.394832816261186,0.3406427094775894
regular,250,1.0997450051407818,4.819643826682885,0.28270764263607556
regular,250,0.7735701822471307,4.115225981058024,0.18291111289065887
regular,250,0.9682792497637617,5.165200795916842,0.2681014604497921
regular,250,0.893997714743356,5.145760688142885,0.2581895310276813
regular,250,0.7611902477685709,5.143773244450687,0.28653724194188296
regular,250,0.8453023580238368,5.0279138717135785,0.24767154882135745
regular,250,5.344675211453292,1.2902581259755295,0.6298665924558033
regular,250,4.897808563097808,0.9823197909423814,0.8554947808504786
regular,250,5.2109409196938,1.0850062382672165,0.6754817942898574
regular,250,0.5802859478623325,4.523183986310824,0.22602257974225973
regular,250,4.605091694632659,0.873666859332807,0.8131835088735901
regular,250,1.1843440246652583,5.133320752504282,0.26369381849310536
regular,250,5.092983053333196,1.2548157052181512,0.7371185355352678
regular,250,1.244013472335595,5.170434240743228,0.3174479543232254
regular,250,1.2713371691660078,5.196678219421075,0.2977265426007088
regular,250,1.0063625975150232,5.390116830949157,0.26600871509980745
regular,250,5.367124834090511,1.1399520414762148,0.7144368367908696
regular,250,4.917686434971734,1.3399148477651646,0.7356772471576087
regular,250,0.5639853431382058,5.0066155098833365,0.23648502586319534
regular,250,4.4723540698090645,0.3471271675255906,0.8699819228095887
regular,250,4.777883326686151,0.5227414056132837,0.8012091388780579
regular,250,1.0747902953782156,5.0695285104489844,0.21566582440840232
regular,250,4.766541917343447,0.5098156182411797,0.7898521411789855
regular,250,5.252876649462836,0.9196659739483016,0.7828684733056251
regular,250,5.434472343853771,1.0919862144564167,0.6926939305989291
regular,250,4.8025207093873945,0.6970089239337885,0.7392479268527744
regular,250,0.6577183533148042,5.140223242849417,0.2213546370392098
regular,250,0.6984206658669745,4.625836549176417,0.22147808508719702
regular,250,5.502923381334025,1.6002234330024396,0.6487243704399822
regular,250,0.6353599609163371,4.389474874026962,0.12399057695366965
regular,250,1.3275640500808497,4.984809351352457,0.29333809000436606
regular,250,1.156523010545276,4.930404377853641,0.17870312079646652
regular,250,0.9564479827233474,4.898944627093722,0.19960565552222534
regular,250,5.3513324302234935,1.4018633157854816,0.6335374734461146
regular,250,5.117461771673675,0.8408966666749783,0.7349597763988628
regular,250,0.9250148219535922,4.835476129251818,0.21774314136868692
regular,250,5.322276139737382,1.0795114771580185,0.7241713286482605
regular,250,0.6973438068246322,4.929279201301928,0.21108053834367696
regular,250,0.747236441922192,4.896371645177924,0.18808055340437801
regular,250,0.8664381504037478,4.850616431951425,0.22755418254005563
regular,250,5.077727984811596,1.2991702447231483,0.6925472456100683
regular,250,0.916103767746402,5.079489296550639,0.27177144387001145
regular,250,5.045274047938515,1.0668141686102774,0.7201746199017868
regular,250,1.4987902853576058,5.139119716920962,0.3821411614177838
regular,250,0.7982065340339206,4.905706350660245,0.19907641805614573
regular,250,0.8846600565528653,5.100119466567295,0.21068153674008566
regular,250,5.256743232491291,0.9932243533127028,0.735255486259567
regular,250,0.64709373386212,5.057110683604919,0.28415099032170393
regular,250,5.073881936110241,1.3496954530105996,0.7170168731096701
regular,250,1.0603402966855244,5.258441180579701,0.2778497260641591
regular,250,1.0307133158127266,4.857422299635489,0.22092672926252596
regular,250,0.6369786784496163,4.660005908773235,0.20780518274194892
regular,250,4.977622336754368,0.8138072208082832,0.7757771873254176
regular,250,5.161272553940817,0.9699561006311228,0.720070634844491
regular,250,5.210016847377461,0.8483733128331474,0.7510074267243099
regular,250,1.295720490294079,5.163943194537731,0.3370910348846344
regular,250,4.933887096089207,0.870611484701675,0.7829615363482418
regular,250,0.9395017553726992,5.025323655998737,0.23528280952516376
regular,250,5.175605658394639,1.1769151932382802,0.6569862882995096
regular,250,4.9701591047768074,0.6374521968005555,0.8240917004162643
regular,250,5.219652863243918,0.940965579959652,0.7373837373827853
regular,250,5.278439191607161,1.3978614175368425,0.6499389341751803
regular,250,0.9180671008295435,5.226975921021877,0.19285066259183112
regular,250,0.8687675254538892,4.863909174918677,0.19521439872430024
regular,250,0.8132164521267092,5.057069598192518,0.2688758444081239
regular,250,1.2428638444884388,4.732754655425524,0.28331965353381067
regular,250,5.080437176889019,1.287308448604732,0.6592688333375863
regular,250,5.196263887153951,0.8439924919927247,0.7324928108921791
regular,250,0.4420427099564265,4.8189646458281254,0.16243484719279758
regular,250,0.9540276989389151,4.941867920125606,0.20609349285339137
regular,250,1.2733661952040147,4.71584460855904,0.2823095723095278
regular,250,1.418445030319359,4.981081719239532,0.25741657073584345
regular,250,1.1189348929085086,5.142006631962851,0.30275538468253976
regular,250,5.099841355280423,0.9392798019570564,0.7664158208393445
regular,250,1.097385800393483,5.220615401841386,0.2795418914912322
regular,250,1.134608554913097,5.181948501709306,0.31772683258969503
regular,250,1.0920738797733265,4.966410858573008,0.21846598868517556
regular,250,0.8193865667093287,4.769278960592615,0.21096244593473262
regular,250,5.049690622311588,0.7235980095213838,0.7684537267301995
regular,250,0.9667584830980286,4.934519641146784,0.2728288316827869
regular,250,1.1798076763556267,5.035429291569696,0.2561011920032183
regular,5000,1.0366411085846847,5.021953230256753,0.25873838705113616
regular,5000,1.0177818126811249,4.985013775485888,0.25121136974841424
regular,5000,5.018632965130048,0.9284641750493725,0.7495377287083219
regular,5000,5.008633237604998,0.9436284013374239,0.7430179594658973
regular,5000,1.0284373682040782,5.079350235722213,0.267828578694394
regular,5000,4.997994598754665,1.0310016031942957,0.7463079466283626
regular,5000,1.0829617507694782,5.077267083346949,0.25598120279081304
regular,5000,0.9632764713682211,5.001447564100057,0.26052575285718316
regular,5000,1.0589962767776766,5.037932462053645,0.24271122156403163
regular,5000,0.9340196644641282,4.964842569830329,0.23480132768183135
regular,5000,0.9986632080881078,4.98773779080434,0.2539280150822956
regular,5000,4.971256484725166,0.9989382669583662,0.7638516268586798
regular,5000,5.0016457114294015,0.986897788422285,0.756934749044334
regular,5000,1.099385119767863,5.072327909390758,0.25863143865917065
regular,5000,5.1193259559481366,1.094771762368358,0.7339516616135585
regular,5000,5.013708893083538,0.9969136930178641,0.7427529058323369
regular,5000,1.0211546952161281,4.9254867796319255,0.24149758761439594
regular,5000,1.0834672347952357,5.0698445534125876,0.2752987150230969
regular,5000,5.070434861364878,0.9296077119700128,0.7555959655276259
regular,5000,1.0069857682406973,4.941033090897412,0.2311698401948181
regular,5000,0.9959213536457276,5.057630465667429,0.2578300013085367
regular,5000,1.025732772099035,4.981550124595778,0.25859387161798963
regular,5000,4.910162209997046,0.9361017831155334,0.7531083817044235
regular,5000,4.976653361629934,0.9753976530175038,0.7650604135080288
regular,5000,0.9856551518239124,5.014075424680538,0.22958762046560374
regular,5000,5.011249249665491,1.0467011863408395,0.7452801092241602
regular,5000,5.028459316144779,0.9807537108170139,0.7526353411604796
regular,5000,1.070859735225215,5.026429370325203,0.2663154659135597
regular,5000,0.9671062823797753,5.01967213433015,0.24154379474402882
regular,5000,1.004738778694605,4.9875188448870444,0.250508144638996
regular,5000,5.006382582730017,0.9695106436197092,0.7562016834879148
regular,5000,5.043579669653037,1.035779889654247,0.7475972540590928
regular,5000,0.8863086469730277,4.996181918855844,0.23095162698799981
regular,5000,5.072096390431581,1.0205165713520494,0.742990034275541
regular,5000,0.9877354971559512,4.916212541981915,0.24676548467011722
regular,5000,5.076680826832523,1.0366932401599847,0.7426524699574794
regular,5000,1.0010566650359742,5.06049644030455,0.24601829207786105
regular,5000,0.9524561426888355,4.898372993502195,0.23932916713830632
regular,5000,5.07624069411017,1.06734573654631,0.7405168493757892
regular,5000,0.9960996660401003,4.9500719696097955,0.2406875659575634
regular,5000,0.9857512923774995,5.054053972841491,0.27167446958873376
regular,5000,1.0142110692386772,4.982294681468222,0.24996819079397564
regular,5000,4.9512973095885675,0.9072424454465167,0.7677337867205697
regular,5000,4.926134014104574,0.9739367895492653,0.7616682668940902
regular,5000,1.0111956280126255,5.026618167594799,0.2346000099139829
regular,5000,0.8983013346541407,4.983490975190005,0.23296127204150258
regular,5000,1.0382855657256778,5.042302985766724,0.25986474997804343
regular,5000,1.030564623993602,5.027862967440781,0.27310019759479676
regular,5000,5.044106166218285,1.0557961999146441,0.738609542631786
regular,5000,5.000940598481811,1.0414014801706692,0.7508950994017235
regular,5000,1.0028811253892558,4.977792033214057,0.240405899748078
regular,5000,1.0896660714388697,5.012855243478073,0.28034723671160716
regular,5000,5.066726200124666,1.04772591355679,0.7358730718003621
regular,5000,1.0269113865370787,4.980340419898227,0.24104148875742917
regular,5000,5.0876649745896465,1.031525468134349,0.7443221632443349
regular,5000,1.0474341320096758,4.981101595296104,0.2598342653098013
regular,5000,0.9846111005535868,4.947255011243565,0.25494468693444905
regular,5000,4.913720371479155,1.0170119913103883,0.761203487483234
regular,5000,1.0197984356655592,5.09283253795624,0.26177844603770356
regular,5000,1.137407905651561,5.043513516886483,0.2630019818029673
regular,5000,4.992035713553364,1.0047977273151936,0.7608279924988673
regular,5000,5.006159245257305,0.9991186335676834,0.7331798329824123
regular,5000,5.011912804679443,1.0753244718230281,0.7329888939856186
regular,5000,5.055778265482292,0.9946442598038208,0.7392899953555399
regular,5000,4.982838368735715,1.0075047149568823,0.7479360335494724
regular,5000,4.966387130912017,0.9501060486781642,0.752012593113132
regular,5000,0.9277495734107606,5.010157205918212,0.24028889180664922
regular,5000,1.0051971882241382,4.953910640171563,0.2363075091486658
regular,5000,1.0961514521313342,5.087149090000197,0.2578175141565939
regular,5000,5.037558515251387,1.034432380811449,0.7387145745289585
regular,5000,1.0408991702974386,5.044531008061264,0.2522537158724736
regular,5000,4.9998122212292335,0.9964049460100155,0.7579031673273486
regular,5000,4.99993950449152,1.0358946593600453,0.7518848693905738
regular,5000,0.9150890850022487,4.938842227023546,0.23133681271409237
regular,5000,0.933925326019562,4.9284231945195325,0.2334268849840882
regular,5000,4.978557031356125,0.9004389459193393,0.7575947996978327
regular,5000,5.021147273018141,0.9184421593093723,0.7483252526319816
regular,5000,5.022434989990884,1.0528296270520348,0.7339697795024716
regular,5000,4.942222327381679,0.9858236868481017,0.7545185873254686
regular,5000,1.0251632963699224,4.989301953077061,0.25304411372690877
regular,5000,1.0319323228206327,5.063041196510253,0.2554734264886461
regular,5000,5.052702009159442,0.9855859925162564,0.7377252075440678
regular,5000,5.024698226210727,0.988941038203166,0.7542225213255431
regular,5000,5.028004550739098,0.9876390902648554,0.7495264820375253
regular,5000,5.014273742914673,0.9760165854757561,0.7621563695751034
regular,5000,5.001332917560623,0.9841762514816492,0.7579549421682054
regular,5000,1.0390245231924362,5.078835325564463,0.25922880471273013
regular,5000,1.142258717636798,4.9743115011018215,0.2645870394783586
regular,5000,0.9951716905955216,5.0095572494087826,0.24794759617036963
regular,5000,0.9478664673320221,4.929253994865789,0.24244160815556978
regular,5000,5.024275375257704,0.9300761659402295,0.756417476465708
regular,5000,5.014214320957792,0.959653522907471,0.7613023039577568
regular,5000,0.9617937031738815,5.027898936225611,0.23951641199770565
regular,5000,0.9841199346318535,5.050873893481508,0.24891446685106608
regular,5000,5.070325176801984,1.0068462990137144,0.7381245950068575
regular,5000,4.885294148847306,0.8988548939880294,0.7607152428863452
regular,5000,4.963314285639884,1.018571682292185,0.7530601147935206
regular,5000,4.991367415639307,0.9398889203739672,0.7564426377204186
regular,5000,0.7803333642313792,4.841923998140126,0.21019449646468724
regular,5000,4.954538130490278,0.9510303707377135,0.7570784949470276
regular,5000,4.960012316439167,0.9911200191341365,0.7473823320627773
regular,5000,5.121821801133635,1.1403600860076866,0.7276322419442361
regular,5000,0.9930759710605769,5.03320843223724,0.2536076334335927
regular,5000,0.930667698437931,4.990575756396687,0.23955610386055837
regular,5000,5.002653484763093,1.0080320689727256,0.7507514777677616
regular,5000,0.9597989250384222,4.9532407699776035,0.23539613358057818
regular,5000,0.9839735218872546,4.9327239565196175,0.22785029629338277
regular,5000,5.028999127860606,0.963282529777052,0.7628956410008834
regular,5000,5.040636087916152,1.0233225058244093,0.7397175832682258
regular,5000,0.9482779805160041,5.017103241871162,0.25503755389228205
regular,5000,5.034132603510369,0.9462296966444238,0.7580342229144001
regular,5000,1.0184666907678273,4.986678413022385,0.2564576903281276
regular,5000,0.9810826264359329,5.020790268745672,0.25036224358240244
regular,5000,0.9854575873137023,4.955895114804592,0.24649553305605149
regular,5000,1.0336011186687493,5.0125531337532845,0.2612630486148848
regular,5000,1.0321053743998412,5.03638486795952,0.25382465674392146
regular,5000,4.990916944452894,0.9409378245412527,0.7608093978336309
regular,5000,0.920031496026239,4.921947459510145,0.22897718689535954
regular,5000,4.973689695064729,0.9054954252839962,0.7638535351664769
regular,5000,1.0516757539869361,5.021059517216633,0.2460481463807806
regular,5000,1.0396654833893706,5.004102660540893,0.24646693007831041
regular,5000,1.0302458255889566,5.022458810044471,0.24679515193222343
regular,5000,4.965718038806357,0.8755717146939542,0.7666787534762981
regular,5000,5.033685771158908,1.0283750208343183,0.7577501892755063
regular,5000,4.982798188751461,0.9321542582875684,0.7658648340776669
regular,5000,1.0602104428257102,5.021545771348922,0.2594442747496614
regular,5000,5.001161628804989,0.958750195863336,0.7625274802603461
regular,5000,1.0203783092732794,4.976760350112243,0.25512206346438104
regular,5000,0.9702755229585741,4.993657576398828,0.25731028340040557
regular,5000,5.040265797799443,0.9631229546509061,0.7543706864520826
regular,5000,0.9954095631456035,4.982594812971459,0.23680736003242556
regular,5000,5.014448235140404,1.0137714237100603,0.7587787565385997
regular,5000,0.9617164662906666,4.9598854872667335,0.2487352290634174
regular,5000,1.0431170559425367,4.992425961949989,0.2675470536991196
regular,5000,1.0364059446087184,4.946822731395343,0.2569093746707509
regular,5000,4.968539568347946,0.9063943893524525,0.7610770847466538
regular,5000,1.0128610323960918,5.050830184740326,0.26048494801643296
regular,5000,4.931053059966227,0.924217330079491,0.7632912542703276
regular,5000,0.9514827703349793,4.945975616926508,0.2410758146051557
regular,5000,1.0304490716125696,5.074127978533591,0.2450065896275587
regular,5000,0.9698893976750068,4.949901589817723,0.24037654751571322
regular,5000,4.98447804128934,0.9975268092495607,0.7560847914380366
regular,5000,0.9892899260177422,4.998573169837718,0.24557336310807415
regular,5000,4.888743172209204,0.9392302152203261,0.7528953106781937
regular,5000,4.921541473071674,0.9740441363858,0.7583933840289004
regular,5000,1.027483971434988,4.9911399139815895,0.2596441085954464
regular,5000,0.9920464871180223,5.031293110917645,0.23739404899610358
regular,5000,4.986946936016662,0.9828088312053826,0.7652561146961592
regular,5000,5.019422405169477,1.053135953362278,0.7356160686045008
regular,5000,4.985070994329362,1.0124132787133107,0.7571723859980656
regular,5000,4.958560476955719,0.9716053491391494,0.7481385055101873
regular,5000,4.953357346161046,1.0026384843673262,0.7450698514893278
regular,5000,0.9119622515715634,4.956522208973417,0.2418859453877167
regular,5000,5.068163311480272,0.9935709227634127,0.7472720671810398
regular,5000,1.0051673415477815,5.05227756689575,0.24982703968948478
regular,5000,0.9695882451026745,5.035320857691042,0.24347908532549795
regular,5000,0.922664680491704,5.019970294036508,0.24800939687712498
regular,5000,0.9930101344762775,4.9735639852758275,0.2512625184243964
regular,5000,0.986048960110886,5.009701111735081,0.2536255802637191
regular,5000,1.0088657876722067,4.98343392331784,0.2626785823482339
regular,5000,5.001053657396805,0.9646491845076169,0.7530837991854195
regular,5000,4.94653269886903,0.9671786836234803,0.7586209482270355
regular,5000,0.9904004211257288,4.991500274991501,0.25390525407907866
regular,5000,0.9702866932804058,5.0052449942037835,0.25478453989685623
regular,5000,0.9402840110904968,4.918158288490232,0.243235009710436
regular,5000,0.9657255026634741,4.983878029359452,0.25302126352964976
regular,5000,0.890737876955668,4.969762473831643,0.22911420405441832
regular,5000,5.030318043053732,1.0170763328504584,0.761011642878336
regular,5000,1.0465856836588863,5.051982123133593,0.26753459721808165
regular,5000,0.9817017477435315,4.936069738101008,0.25138523792550777
regular,5000,0.9396395025797306,4.908418795506197,0.2522737400113591
regular,5000,0.9775666254278449,5.009093311293367,0.24806813627197324
regular,5000,4.975671669300273,0.9744631195592698,0.7605044432481866
regular,5000,1.0553866730641626,5.02740458807614,0.24773417671586248
regular,5000,5.0406751568897565,1.0083219221105901,0.7454897680991761
regular,5000,5.0172485022287265,1.043463429421234,0.7351018027039394
regular,5000,1.0167424244894945,4.893067280272683,0.23941937654891227
regular,5000,4.960222379030317,1.0062650411411604,0.746273848375436
regular,5000,4.992761485973818,1.0060946346126365,0.7505782341370407
regular,5000,4.978363713808683,0.9694493537301414,0.7638353856503435
regular,5000,1.046762564417036,4.962715487052279,0.24625308478001598
regular,5000,0.8529300279889791,4.91773926841136,0.24240725951237418
regular,5000,5.030084384312511,0.9543191138922497,0.771850358738514
regular,5000,5.009654366323711,1.0093460508570613,0.7458559975507093
regular,5000,5.027727488149906,1.0375309268789257,0.7416850342276035
regular,5000,1.0399170974014602,4.973192146747724,0.2456457111760675
regular,5000,0.9636113002418228,4.962157301394451,0.24432813855657928
regular,5000,4.918978340447451,0.9458680122110621,0.7804293693412777
regular,5000,0.9859963079008689,5.01299821475709,0.250607831359323
regular,5000,1.089170225570766,5.033618328033099,0.25722694320650713
regular,5000,1.0619458430196766,5.081004280203843,0.2650880291629429
regular,5000,4.954618792173463,1.0208274639072954,0.7397882330925062
regular,5000,1.1319176366860302,5.152794333539374,0.27093452887822916
regular,5000,5.043948899830569,0.968336770375795,0.761815190210385
regular,5000,0.9732340716295097,5.004844725882351,0.24517365654832865
regular,5000,0.9317679929587253,5.013332156806171,0.2507695862954032
regular,5000,4.998439761465605,0.9781356187406591,0.7425469007516562
regular,5000,4.932269249738317,1.0079805210563146,0.7589705255821041
regular,5000,0.9535534861923416,5.058068420515196,0.25929213014077257
regular,5000,4.9438019597737775,0.9340310367035338,0.7685149656721189
regular,5000,4.9376351524247,0.9415716266945581,0.7616566537813447
regular,5000,1.0446354449160078,4.981116389143919,0.24756029635373844
regular,5000,4.9820010596833395,1.0165036066997446,0.7493880474099047
regular,5000,4.939207876351398,1.032795413225944,0.7490772196730389
regular,5000,1.023913412942432,5.059188646915294,0.257278273901823
regular,5000,4.999765962857497,1.125870191250608,0.7403218821139864
regular,5000,0.9100526673066747,4.966522890811747,0.22574377238260054
regular,5000,5.062795704229411,1.0592906473003283,0.7420271263447429
regular,5000,4.992372471072362,0.9836350370550603,0.7455626645893467
regular,5000,4.999184942443178,1.0074866990018674,0.754494232109507
regular,5000,0.9357970183029234,5.011836723519233,0.24137074088364538
regular,5000,0.9841772203497533,5.015712262650024,0.24489735356156098
regular,5000,5.110810050704934,0.9662488303914081,0.7457848986423627
regular,5000,0.9451753684932553,5.0313853662541215,0.2432536180956929
regular,5000,4.973741026833698,0.99780277743372,0.7493570160492277
regular,5000,5.0636725224954064,1.0441697385341115,0.7377107122049608
regular,5000,5.034794606522392,1.1429211017023657,0.7295917749590519
regular,5000,1.0277783689354771,4.951624833453633,0.25623449911848045
regular,5000,5.057271977496481,0.9320318812565017,0.739343177024665
regular,5000,4.980066509220234,0.8893226152252568,0.7577784053715001
regular,5000,4.960019797452529,1.0205136544441293,0.7599648882053773
regular,5000,0.9600766852765814,5.012229351640454,0.2550815422677472
regular,5000,4.939581242446437,0.9085005366828525,0.7627977923936745
regular,5000,0.9098707451122217,4.896274503417122,0.24565361734294808
regular,5000,0.9604832333568866,5.024936188982497,0.24567542050164312
regular,5000,5.044230298767352,1.011280469417765,0.7404802085186791
regular,5000,4.9596441076794475,0.9888175252956768,0.759887749339313
regular,5000,4.900573747206441,0.9679582718014733,0.7452652685034136
regular,5000,1.0416105437464391,4.969822831078779,0.26236434176491086
regular,5000,0.9993481407480247,4.964172009848486,0.2539764799380498
regular,5000,1.0040054302252415,4.963456586795991,0.24580593327457756
regular,5000,4.988877084364549,0.9253274447179122,0.7496580146482318
regular,5000,5.060411313046482,0.9995404266308902,0.7447810230772121
regular,5000,4.978616017532807,0.993039443905309,0.7466323883438536
regular,5000,0.9889898506411391,5.025731962585055,0.24131637235452058
regular,5000,0.9391754860596114,4.970072949044762,0.24780410769988648
regular,5000,5.052270785730204,1.07711237822052,0.740571147106485
regular,5000,0.9745827061508044,4.9657630550911405,0.2511946260101553
regular,5000,4.927893597302604,0.9616886581071816,0.7539477630975397
regular,5000,5.0081183543772,0.9690108244577731,0.742933718232064
regular,5000,1.0898307946623964,5.085071544798165,0.25802488742715457
regular,5000,0.9217078818860326,5.050301727726554,0.24281916922793542
regular,5000,4.996146069487496,1.0111053566811936,0.7704048376351261
regular,5000,1.0465526014995667,5.082035634033259,0.2503382187185132
regular,5000,5.019220498892524,1.046034848283433,0.7370320466317786
regular,5000,0.9790483532108831,5.050742339672649,0.24902223571908239
regular,5000,5.036582874489522,1.051733193052924,0.7414750977210876
regular,5000,0.9993272640366645,5.005851711728038,0.24511312099789564
regular,5000,4.983295820657624,1.0044686725094591,0.7582966575702592
regular,5000,4.925990507172468,1.0514970163367967,0.7482534144193416
regular,5000,4.957202526698114,0.8900392639091882,0.7562422596189454
regular,5000,1.0572176581599861,5.047968435651162,0.2473640902907351
regular,5000,4.931334804170763,0.9854935963530655,0.7552524915961282
regular,5000,0.9576937716667879,5.020728146803409,0.24162437630628592
regular,5000,4.995141153375206,1.0084731560751958,0.7554496250915644
regular,5000,1.0974593551148508,5.049028639410049,0.27235474364255946
regular,5000,0.9807373053627577,5.022582285222955,0.25062373501963536
regular,5000,0.9356049304646977,4.940596289238403,0.22441903333185478
regular,5000,0.9422452550821769,4.981943988941551,0.23921189489750044
regular,5000,1.050811712455083,4.997646839924119,0.24471426059884346
regular,5000,4.957408619031934,0.968016984794047,0.7519901003098651
regular,5000,0.9452477957947413,4.99605148330774,0.2587761748462611
regular,5000,5.010934144229269,1.0421954351030236,0.7563119632931855
regular,5000,1.0287695858681354,4.936984776118286,0.23764934398580084
regular,5000,5.0138668423893336,0.9651238694820256,0.7377292533769523
regular,5000,5.128086502869816,1.0445280137634785,0.7262469716419895
regular,5000,0.9443186906571632,4.947169677070181,0.23952170098875677
regular,5000,4.935992441605623,0.9784908021850529,0.7631858361673641
regular,5000,5.044935236463554,1.0989758467304815,0.7456296080808338
regular,5000,4.958346310464236,1.0081897348752382,0.7541499199131235
regular,5000,1.0112710892509922,5.018897228469275,0.254588924471947
regular,5000,5.006719299026137,0.990059646579891,0.756235433482693
regular,5000,0.9059342763028211,4.942120145388153,0.2351527348276566
regular,5000,0.9544148546908001,5.010295071653196,0.2267066635271286
regular,5000,1.0350106627986535,5.034857334453311,0.2627744063045551
regular,5000,0.9553706467973447,5.030792973366076,0.2348696396753373
regular,5000,4.985950452581592,0.958165457064379,0.7470693064015411
regular,5000,0.9627113508340106,4.956132632656863,0.2510961308342468
regular,5000,0.9257766030537388,4.931840201211173,0.23370577582487936
regular,5000,4.9944581892391655,0.9535181403670425,0.7642978669022911
regular,5000,1.0612046207924613,5.007472667565963,0.2604163364944739
regular,5000,4.950744882716041,0.9302953712655402,0.763423249065298
regular,5000,1.0217123879206311,5.035076102336291,0.2586548781032671
regular,5000,5.016517293280967,0.937778634198381,0.763868839417766
regular,5000,0.9668753665744716,4.958360352694247,0.252277123976636
regular,5000,5.06594815129872,1.0657723767776648,0.7377744853163805
regular,5000,4.942960327683281,0.9867808079445514,0.7576549995014951
regular,5000,1.0215799578701605,5.039852136185004,0.25828318494350433
regular,5000,4.999514036819274,0.9541052657463573,0.7512948397171731
regular,5000,4.893059081844638,0.9951848841097749,0.7581607219667558
regular,5000,4.9417803262593685,1.0221442845734536,0.7704428889085355
regular,5000,4.96467163901628,0.9766525292474122,0.7563523111922639
regular,5000,5.022308900414445,0.9876537765814842,0.7510793687217516
regular,5000,1.0135177660906143,5.077125688143983,0.24483801272866784
regular,5000,4.921912830821934,0.9977782680085329,0.7508462528051031
regular,5000,4.980223523426195,0.932073220628708,0.7668012665503651
regular,5000,0.9641896587760741,5.00830802595931,0.24888194028315075
regular,5000,4.964964816709269,1.0051029094474893,0.7568185862887472
regular,5000,0.9385205174053134,5.030419120318933,0.25240584397264326
regular,5000,1.0426562201071494,5.042895020122386,0.26120816090239446
e-singular,50,4.78196001418402,1.1784044322965177,0.9439553492114483
e-singular,50,0.23068336024274216,4.895191559991224,0.01611993307146043
e-singular,50,4.120510489186605,6.435516344172777,0.9051883560723413
e-singular,50,4.572470254577512,10.639901409834838,0.9394258070643233
e-singular,50,4.60944280709305,5.716873285999889,0.9362874742470527
e-singular,50,4.742971534464159,1.6674235548301757,0.6999001346829908
e-singular,50,1.0742290486344113,5.146777316988314,0.06550623820995088
e-singular,50,9.078691040217775,4.544963565937084,0.043019002613045296
e-singular,50,3.50160092810509,6.227974567452829,0.611792361611843
e-singular,50,3.495604384911937,7.466636405371389,0.8024705892456372
e-singular,50,7.50737692025322,4.024123595119632,0.07345902838420593
e-singular,50,1.4128502286088655e-24,4.944131465408563,0.012971229801888575
e-singular,50,4.373276869079024,0.9332030889906789,0.9147469246803506
e-singular,50,2.194797008552209,5.989907769257389,0.42420574016613116
e-singular,50,2.194414009448795,5.137163378652941,0.1485561030877634
e-singular,50,0.44112927807115443,4.23241310619955,0.008549374741893106
e-singular,50,4.719581223205171,4.720954963557466,0.6951557882614015
e-singular,50,4.3942772141031465,0.008863226106587262,0.992183813387523
e-singular,50,5.850890279576419,3.077062593631343,0.5922997360987433
e-singular,50,6.963224610104028,3.869981503459458,0.4364411234411474
e-singular,50,3.5121949551243428,5.796607549675152,0.8565035731033896
e-singular,50,5.379661588599236,3.224788534970519,0.5639364523042852
e-singular,50,3.2726965788530147,5.388610047759961,0.6373654062784692
e-singular,50,4.398715954994488,4.408217189818659,0.8648549341981345
e-singular,50,2.2232585514778225,5.015449333073648,0.22041808071649707
e-singular,50,4.4400184797373985,4.435053461103873,0.9962780124784609
e-singular,50,0.9636025826525888,5.286977131429682,0.09413413685029885
e-singular,50,7.364818390184468,3.770234836342182,0.16963443873937323
e-singular,50,3.159121122738361,4.200427993710894,0.00041101592894896894
e-singular,50,0.0034600774488250654,4.425944712916766,0.028478270315898956
e-singular,50,3.44843518292682,7.260436468130141,0.7661163388024341
e-singular,50,4.860958592400809,2.834310022544261,0.7824198043215641
e-singular,50,4.501094320087113,0.24016115663444834,0.9621927136832679
e-singular,50,1.8631376921259815,5.2851567665810215,0.1709975175033785
e-singular,50,7.327782516100747,3.781382526811844,0.17443533584946708
e-singular,50,4.086155574020358,7.4273553535762575,0.8641672285636369
e-singular,50,0.4133916671837499,4.477986035863267,0.07823315367298829
e-singular,50,4.787954834436265,1.7087346858460484,0.8934941905383362
e-singular,50,4.187436561693165,5.4312012022660765,0.45925184205507313
e-singular,50,5.001795084979202,3.234832739335651,0.9989840841919304
e-singular,50,3.368468961752961,6.163126553316739,0.5807962156854082
e-singular,50,1.863427113275466,5.600350270455957,0.18206161642598004
e-singular,50,0.8111459438468177,4.4480345548542966,0.06819965673504269
e-singular,50,4.828931565267481,4.744789274013433,0.18077385057938705
e-singular,50,5.781592821974153,2.8420833659188296,0.5504036160687623
e-singular,50,2.2951923954745004,4.439623830643181,0.10241587911898238
e-singular,50,5.703955573290258,1.1507545680360933,0.8366082295879823
e-singular,50,2.976080463322138,4.781147882558231,0.2887138048166546
e-singular,50,3.5063671347991145,6.787750770439808,0.8129956953109896
e-singular,50,7.736568054486357e-05,4.534136305033705,0.029584155571837707
e-singular,50,4.735148606106675,2.4713909189682384,0.9579687319684159
e-singular,50,4.830193556504103,0.43975752625692255,0.9475693177355907
e-singular,50,0.21793073586932532,4.8728543913316225,0.01565103892652086
e-singular,50,2.5039208900432945,5.885565907489639,0.35058851575879535
e-singular,50,4.622788207176643,4.59887489509091,0.8834035550304675
e-singular,50,0.00012060715044027507,4.414770375719408,0.007876134584211731
e-singular,50,2.875399324957728,4.440167401673437,0.0001069817795547486
e-singular,50,3.9616012382440227,7.688522310262234,0.737478003196308
e-singular,50,7.320330234898369,4.235475183725147,0.05981636518210988
e-singular,50,5.226793686016491,2.8774379562524603,0.7417191111890759
e-singular,50,4.2786608765362395,4.298816666981481,0.9335613521385965
e-singular,50,1.6746941775743123,4.975475347489151,0.1137534808158272
e-singular,50,1.9340427932516924,5.24815968301558,0.24385370519419325
e-singular,50,4.438936489127299,4.445516326902453,0.8383682228888263
e-singular,50,4.437059189598661,4.589470398970416,0.45580898712618306
e-singular,50,4.433362582754149,4.416440719245593,0.21033621696616142
e-singular,50,4.616813834088467,1.355013021519062,0.8292925086219931
e-singular,50,4.186878788978685,4.228064596270107,0.6814142568950352
e-singular,50,0.597999225925611,4.753871606766541,0.06589990780975871
e-singular,50,4.954660384710343,2.8864504727767537,0.7511566008166055
e-singular,50,0.0003009730275780445,4.9008044497565395,0.032813863008189254
e-singular,50,0.0008870025363067458,4.280527266527428,0.04685610335398124
e-singular,50,4.7529873993790845,4.712639716848887,0.6781128787418085
e-singular,50,4.667033885570621,4.802680957231522,0.1672056532721974
e-singular,50,3.476592202970262,7.442957707726748,0.8428264373814913
e-singular,50,5.712632636915766,2.315693833635934,0.7607750142183461
e-singular,50,6.57522952665263,3.269681645360339,0.4508536582011412
e-singular,50,5.280487950524212,4.037622951772888,0.48466812472175635
e-singular,50,4.70712332910773,0.0001429328836873087,0.9687435857549452
e-singular,50,6.5104913978583205,4.13622817465875,0.33011159743486024
e-singular,50,2.3725874123118866,5.667706147420978,0.4939749606221977
e-singular,50,3.9869296381408987,8.138639803967736,0.8956886813959822
e-singular,50,4.220357728449555,4.099072959361573,0.17254467148505348
e-singular,50,6.03181206246307,4.2840208137671665,0.5126351255628258
e-singular,50,4.076171745792433,4.12440494863626,0.09132606537706557
e-singular,50,4.802019972807713,3.386517543265333,0.9985729640828903
e-singular,50,4.228329109959318,2.76153904554103,0.9261454569490281
e-singular,50,3.194395099488194,5.587810490376313,0.4043637782479495
e-singular,50,5.085253969099022,0.2091552014516841,0.9825159470385061
e-singular,50,0.002127844460069339,4.425206744414175,0.0690032331137801
e-singular,50,0.1374379910409107,4.909768017022664,0.01461927751073961
e-singular,50,0.004085323230593034,4.447760668538664,0.028751125726041563
e-singular,50,1.4598024595855739,4.976519153615894,0.00469732283067814
e-singular,50,5.444568010730755,2.940929681847978,0.6946172288902704
e-singular,50,5.663004293038513,3.3401711846543773,0.4046045374303312
e-singular,50,4.348752187258279,4.284708458053925,0.863340449299079
e-singular,50,2.820016433972843,5.029896266525153,0.22168457275767095
e-singular,50,4.882908007171616,0.7042459108628953,0.9227245468216109
e-singular,50,11.02600397365174,5.027495918626197,0.04209448067044838
e-singular,50,5.350939313672829,2.462540733150163,0.8161821165357469
e-singular,50,0.6566946648447056,4.6290234501769065,0.027445726692985596
e-singular,50,8.699113299672765,4.058749048524524,0.04336964526560113
e-singular,50,3.5940245852726136,4.604685697096601,0.20252653901681705
e-singular,50,4.12168859597157,1.4813223383618108,0.9463375220906529
e-singular,50,6.383557821605531,3.658052643984824,0.4043093974149579
e-singular,50,3.5894382403688416,6.956521882504114,0.8127276222840486
e-singular,50,7.528315134131741,3.495027651228096,0.1252011791652313
e-singular,50,5.042168787576425,4.60221901235547,0.1313354180383669
e-singular,50,5.316622965397875,1.9975577214633484,0.7298567821056179
e-singular,50,3.6381615540102703,8.79409166054847,0.9220628601074016
e-singular,50,0.014505551884760468,4.600860018515254,0.030712850378252766
e-singular,50,1.6151992522144687,5.109475717771164,0.3060649975218201
e-singular,50,5.075233043510685e-06,4.817472700385942,0.0119300646849947
e-singular,50,4.534776581286927,3.7841448993017974,0.31420882752305057
e-singular,50,4.807404399004035,3.5324842185073684,0.7745706724227454
e-singular,50,4.2923039413442305,9.80965194582822,0.9551059569825093
e-singular,50,3.1465142058012714,5.887808305996176,0.49166862683589746
e-singular,50,6.1092876489156955,3.5851087210642962,0.39414451485916
e-singular,50,4.60870909185189,4.591409147068259,0.49658267926205213
e-singular,50,6.08840260520645,2.589957434042423,0.6431550176928822
e-singular,50,5.4585293646421915,3.2023251605229888,0.389005054540108
e-singular,50,3.92778356668,5.200458617794172,0.00036035733848227135
e-singular,50,4.789341989211621,2.5623898145281108,0.9778432649912506
e-singular,50,0.0003968704009494096,4.733522284488148,0.011308021614818897
e-singular,50,5.268326191491734,3.300226020282153,0.5689618831899405
e-singular,50,4.410068036678307,10.402939464509139,0.9349340348750258
e-singular,50,6.388610175128165,3.918996978505547,0.3486388162615663
e-singular,50,4.347912664597928,4.544950971654102,0.837151791032571
e-singular,50,3.223071870986688,4.740550160646529,0.0003625492702457959
e-singular,50,0.5386208627267494,4.278819359968374,0.04781012561238471
e-singular,50,1.1136444366764466,4.993087832114051,0.07554893891704535
e-singular,50,4.664200634792071,4.688281495583667,0.34390363597623597
e-singular,50,2.0796107131467956,5.341707045437435,0.24576436860602327
e-singular,50,5.341635764298948,5.770926670334071e-21,0.9847170851961559
e-singular,50,5.477614155353242,3.1650545144060183,0.6118525380017535
e-singular,50,3.6322196256977417,5.001229677580873,0.4537802163879985
e-singular,50,0.00047535592084089746,4.119274817314963,0.024102852844736778
e-singular,50,11.359179973159288,4.459374657404532,0.02327969199778757
e-singular,50,5.33502491698079,2.7118178536335686,0.513944234598906
e-singular,50,4.620735489470436,0.00010940915664595257,0.9695419003779507
e-singular,50,4.415455373507255,0.00018430327471617987,0.9919698308567527
e-singular,50,3.387266990248928,4.918903243887877,0.43019564359515305
e-singular,50,4.465766780593299,1.5638839366931943,0.9221998982254327
e-singular,50,5.179031640073383,1.3854731214583567,0.9422622218693626
e-singular,50,0.9372204726613712,4.961513451179078,0.12462150590333115
e-singular,50,5.25408348013285,1.6725884409560994,0.9178880671574378
e-singular,50,4.76625682137449,0.23361658011924924,0.9853822898249383
e-singular,50,3.6908505634172264,7.290315120760464,0.8418794163643986
e-singular,50,3.7087047490270004,6.810511914459768,0.7126529137898089
e-singular,50,0.4893989848449478,4.839447913030636,0.05504487811140675
e-singular,50,3.1498171378956186,4.744738083529131,0.3164658943823991
e-singular,50,2.3553701096817217,5.82054131098611,0.32914428890462255
e-singular,50,4.432059785785316,9.990471168559196,0.9266084882671809
e-singular,50,2.0214770297342644,5.364428276157406,0.32439248921673963
e-singular,50,5.1356361550506575,1.7307768888903596,0.8250629149432177
e-singular,50,2.9620288256985225,4.838824662545457,0.478914458834002
e-singular,50,4.683489952504579,3.154578039804006,0.9453925685246919
e-singular,50,5.301408614406062,2.51175592395952,0.8274306274559927
e-singular,50,8.48601508892708,3.7423213445819217,0.23561357786860412
e-singular,50,4.223386600446009,4.219363261060302,0.1582613045173025
e-singular,50,5.432660772390894,4.016127655528819,0.5110168875364618
e-singular,50,4.567460643815557,6.160637286059477,0.8665939792557529
e-singular,50,6.1005587304762905,3.2778155658603696,0.3904657171633257
e-singular,50,3.5978142690539485,5.712570931529158,0.4504399718567261
e-singular,50,0.31420112693988606,4.350674662737157,0.03732829198579068
e-singular,50,3.4179700009395177,5.6161546163874485,0.571450917980098
e-singular,50,4.864970683261143,0.7250132703906209,0.9698135341023978
e-singular,50,2.0569953961482748,5.4006734654490565,0.25740320916392456
e-singular,50,1.9501086683312043,5.692028321542006,0.3399400413235824
e-singular,50,1.8931480444709454e-21,4.901929074749414,0.012633612972578423
e-singular,50,3.1180344937651943,4.85670532129958,0.055620258744846794
e-singular,50,8.518691041517437,3.8571979619164916,0.1293152275011233
e-singular,50,4.469969529344228,1.1943338753257795e-29,0.9306551135730666
e-singular,50,4.584797870682516,8.995252649617112e-05,0.9902288495838283
e-singular,50,4.620529974030076,4.584951732705307,0.4229626517322199
e-singular,50,0.036983238269079836,4.608097377231038,0.010522024996287103
e-singular,50,5.397686122239881,0.6631914981136748,0.9244510448027186
e-singular,50,0.8967298950484218,5.003576995778642,0.09339938555551251
e-singular,50,6.274872631838175,4.252413842214276,0.3300864082920922
e-singular,50,1.6518901559154766,4.81660538451398,0.10004229816727919
e-singular,50,4.9512905025431095,1.011395728137759,0.9006850373047925
e-singular,50,4.867866341479094,4.921710204019953,0.4032066608051737
e-singular,50,0.18432784196505922,4.870024399945437,0.014944288235262495
e-singular,50,8.911884358235337,3.9969673160097123,0.15931757896684778
e-singular,50,3.6872413198610752e-19,5.341620636943387,0.01528012610608974
e-singular,50,1.1809345662794823,4.310191334757895,0.09273490679353834
e-singular,50,5.580947011691508,1.466173775788983,0.7275798817026076
e-singular,50,3.252377127660362,6.463155233522385,0.6301136879651209
e-singular,50,5.6900118245361835,2.769853111470162,0.7020669388128178
e-singular,50,4.966663287045359,2.486408259731683,0.7554028596396292
e-singular,50,4.017639954607682,8.085136178254189,0.8420748268534487
e-singular,50,4.9143892273844125,4.635701545645803,0.15895375812033902
e-singular,50,4.24748512791402,4.283851364376515,0.10590494786247763
e-singular,50,7.100213780782495,3.9735279986193315,0.2643284483830934
e-singular,50,0.22381500617682068,4.227513210837579,0.0068719492407168965
e-singular,50,4.795897353143821,4.738629826071488,0.37316390319281284
e-singular,50,4.481312374545515,0.0037085293062137513,0.9505734803268004
e-singular,50,0.003997072870250299,4.447752273820421,0.028748719954939057
e-singular,50,1.5404096916001404,4.826164998643036,0.20274333795189659
e-singular,50,2.7424422435668473e-13,4.670117413749534,0.010731510433117455
e-singular,50,2.732537396975829,4.404498369709092,0.4093985331428511
e-singular,50,5.871748861369766,3.8896381367894066,0.3382060623038696
e-singular,50,4.849006366415987,0.189430266145434,0.9851904197010581
e-singular,50,4.402171170867675,3.543937063112129,0.9974701880896437
e-singular,50,5.60479475016244,2.8848812806807915,0.6746974636913502
e-singular,50,3.9916693171517297,3.9794146259311636,0.047767345443534844
e-singular,50,7.629147062012624,4.697489144507829,0.10318763785020515
e-singular,50,4.977012513859184,4.999044988856942,0.8644053316242939
e-singular,50,4.4487521310625935,4.3816996426160095,0.8694734339417493
e-singular,50,5.520276840858263,2.285640737197241,0.6474790967776329
e-singular,50,0.24234709270432578,5.114076102621423,0.043942530913694204
e-singular,50,8.375212825848722,3.550851027238777,0.09310018433746764
e-singular,50,5.4152909363261985,2.5919955264257117,0.6899754332271414
e-singular,50,0.0019605638647374785,4.199771670584971,0.004709995300483669
e-singular,50,4.382295292271761,0.0024221989019169083,0.9720778913761479
e-singular,50,1.1658917661650912,4.759062572281379,0.11106139780555242
e-singular,50,3.5659117439393926,7.510589168009878,0.7023614025075156
e-singular,50,4.461312342809928,0.8904821151170081,0.97722872899996
e-singular,50,5.950648523871124,3.420139509700698,0.4425435689137133
e-singular,50,3.637821262215713,7.148250298524005,0.8227627645085244
e-singular,50,1.290448202041556,4.768595416686742,0.24397915450893598
e-singular,50,4.784378470241043,1.3175742457113686,0.9122020020376731
e-singular,50,4.452729071194786,2.777700809731968,0.9924006827301713
e-singular,50,4.90138741433968,2.3937295438264337,0.7362529306263333
e-singular,50,4.730539712118086,0.038962455461591716,0.9252831845365576
e-singular,50,2.8951013849105243,4.574999451874171,0.09226717675455552
e-singular,50,5.205369419112861,0.839537736829834,0.8659202961286054
e-singular,50,3.4919468628940136,4.020712355089718,0.0013472041958732873
e-singular,50,4.295538348822889,2.4941610740615916,0.8914506408165934
e-singular,50,5.1791865236536445,0.0012362312343621117,0.9653943136696422
e-singular,50,6.258947988220545,3.3671430355157916,0.5300692783759507
e-singular,50,5.058004101912163,3.399462195704325,0.8685567720078795
e-singular,50,6.2628129370840275,3.9395892113173527,0.3617433738136039
e-singular,50,5.623269579364112,3.365279781344189,0.6531119936631349
e-singular,50,3.33004006425496,5.766540225381106,0.4295260234653117
e-singular,50,0.31136624018350795,4.556439132197782,0.041563275045216515
e-singular,50,1.8658935792203852,4.595724957843732,0.013086873468993721
e-singular,50,4.45393967579293,4.482640365329939,0.09199658170353368
e-singular,50,5.771124295039996,2.99423562285491,0.3910003263799266
e-singular,50,4.648938477369253,0.00032246059556103603,0.989472462945387
e-singular,50,3.3954130934329267,4.860155938657791,0.39608040452228865
e-singular,50,5.1147096132509375,2.984466390027017,0.3828359133276576
e-singular,50,3.5513732502640876,3.760496209621647,0.0023728127374013073
e-singular,50,5.235028409771916,2.198788110546819,0.7118052843198086
e-singular,50,4.733632608555793,5.406297585787744,0.4553493881131955
e-singular,50,4.606997550808532,0.02437072024380931,0.9897444080554257
e-singular,50,4.966055536939132,1.2333107887166577,0.8429960855967421
e-singular,50,4.530978357855856,5.972044904021524,0.7300460251615454
e-singular,50,4.5641916804588085,0.0002547088053294667,0.9903172018515414
e-singular,50,7.32883240998628,3.4655130300721635,0.22117947958701603
e-singular,50,4.688397724997789,0.023799688274416572,0.9681863852298771
e-singular,50,4.658839476402015,7.373758188730744,0.9259055077102331
e-singular,50,2.98083981748237,5.832959748668646,0.5795547833015333
e-singular,50,0.14918654421859182,4.202504113710708,0.005552023330243888
e-singular,50,5.502939129470863,3.5463447569345865,0.7225080798085572
e-singular,50,3.7052725826551547,6.060633547756026,0.7984481256254008
e-singular,50,0.8945758483174546,4.267218132105479,0.014000338053179386
e-singular,50,5.719080124335682,2.365966379001861,0.6483626223606387
e-singular,50,3.857384141232186,3.443366050220526,0.9580111555277502
e-singular,50,4.98612772571429,2.6253170221314908,0.7008960842804288
e-singular,50,1.1900677606160388,4.629968383762395,0.03778259839481004
e-singular,50,4.888949229390325,2.0154058004780557,0.8994449756760063
e-singular,50,0.0003534577941165759,4.7753965461064425,0.011601266225646212
e-singular,50,2.2894239747472116,5.155795928634348,0.284609234865012
e-singular,50,4.85236852282896,1.6096169925221528,0.8604985554393799
e-singular,50,0.0009486941463619236,4.20734842604384,0.025520262667812557
e-singular,50,4.795163093029779,0.786063598391459,0.9213880589765177
e-singular,50,7.030617934160412,3.8917539787591244,0.09183132029181057
e-singular,50,3.214383964411755,7.592058883604154,0.7245990033881593
e-singular,50,4.3296215629420365,0.005904533564701037,0.9931490514432904
e-singular,50,7.746199150881157,3.969908627943758,0.251593823696915
e-singular,50,4.247218780049376,2.605422154165638,0.9712395681018288
e-singular,50,4.9848433534029875,3.2051530256499077,0.7050928775538042
e-singular,50,2.542296981530324,4.836710523730844,0.13803550140620804
e-singular,50,4.673013871912484,0.06661306200897253,0.988491259423516
e-singular,50,0.053971060718105354,4.608704010537129,0.01069305513050201
e-singular,50,4.565221693076681,0.02709079083305167,0.9900351721775321
e-singular,50,6.38225629061306,4.126479659097027,0.271977434437135
e-singular,50,5.958676198217606,4.007831034755992,0.30354483089434525
e-singular,50,4.09631122395951,5.060611856045626,0.0006345075646206025
e-singular,50,1.1599086262599205,4.444210694552439,0.08044652685975377
e-singular,50,3.8856692434539983,4.002122894040145,0.7051981078033654
e-singular,50,1.6008574789440781,5.03535404270454,0.1500522807745294
e-singular,50,2.622056220310308,5.931694355972233,0.45071222134497657
e-singular,50,5.837053104245738,3.1674631929549317,0.5590884205594681
e-singular,50,5.641921987209765,3.381838736775405,0.5566880171262684
e-singular,50,3.634280430104421,7.331470447476662,0.7820724479646195
e-singular,50,4.491451449948873,5.060253325874416,0.0004453675086845147
e-singular,50,4.859754049224889,2.7223533688913685e-22,0.9877043058929249
e-singular,50,3.724661579535999,5.3417832364791815,0.38449997488409626
e-singular,50,4.269615420928058,4.258959379365551,0.09765545942601381
e-singular,50,5.114921138716775,1.3197767953573148e-28,0.9658017916654217
e-singular,50,3.9669304581465727,7.482816951124352,0.8768249365505995
e-singular,50,1.1010896224959681e-26,4.879281278772502,0.0326444141405539
e-singular,50,4.667539390629378,4.722321230399613,0.04237226075919538
e-singular,50,0.19738066744881239,4.472320215463533,0.03563096360842578
e-singular,50,7.219177908415366,4.501684355123308,0.1097760267049402
e-singular,50,7.276838730871692,4.055914615302805,0.1192469524012229
e-singular,50,0.15775959297351608,4.868432402733356,0.014527097401367763
e-singular,50,5.121313892797651,1.2649928437686389,0.9011197750525309
e-singular,250,3.1682024822867736,5.330662049434533,0.38597810664984394
e-singular,250,1.3987999860316322,4.584473036642623,0.055395840639947895
e-singular,250,5.336578274645528,2.9527937301480374,0.6524105852778763
e-singular,250,5.0734315991087175,2.763907686401155,0.7690296271999391
e-singular,250,5.015144877364419,2.94461671153342,0.7415418509172297
e-singular,250,4.714012935736361,2.4446983138351395,0.8140350695917169
e-singular,250,4.359534098977727,6.716155174025381,0.8758960852387522
e-singular,250,4.6850137376451055,1.5507070774264449,0.9741525809604559
e-singular,250,6.422054889882292,4.210795921699848,0.2230422059997546
e-singular,250,3.21426055813624,5.577736932509997,0.47122829091325247
e-singular,250,5.5884685232170455,3.7914799340188168,0.21620619536295013
e-singular,250,5.354230115133163,4.292368742546421,0.3650488354325308
e-singular,250,2.3605948138776354,4.613498392354201,0.11784720610800985
e-singular,250,2.83779189994285,5.319958256739979,0.341620236056275
e-singular,250,1.9384301946123608,4.973016689633391,0.07678696587350897
e-singular,250,0.23945255868392243,4.343312836749948,0.019326397921939926
e-singular,250,3.5750155661016034,5.857115612964446,0.5701396022286852
e-singular,250,4.8157679452301245,2.0991433866949842,0.9676922801296278
e-singular,250,5.0627161934724745,2.10341535483034,0.8341783346036437
e-singular,250,0.001430827590529518,4.805307295506917,0.011929385755369408
e-singular,250,5.5587515809375265,3.3607871210744307,0.48918574370057893
e-singular,250,1.2795281653013553,4.694244772601482,0.06625579766057493
e-singular,250,4.283128545234601,4.207596241265618,0.6937926685766331
e-singular,250,4.928531276479716,1.939003091752402,0.8379238306047564
e-singular,250,4.748313975498453,2.356393207219782,0.8811357051333036
e-singular,250,4.58064227293021,4.755751687121204,0.9351392549494677
e-singular,250,5.025835547020486,2.321320954383353,0.775991023058322
e-singular,250,4.659036763230076,2.34955902015003,0.8462696753437499
e-singular,250,4.966391730191122,3.9252874487020035,0.5712324518033519
e-singular,250,4.625759649420554,1.6876581803300226,0.8972943403775755
e-singular,250,6.539449773817924,3.9022599337126858,0.2130070644686304
e-singular,250,3.109539782809453,5.336796266724689,0.39546243240758794
e-singular,250,5.035798533305737,2.1780237767289043,0.8768977392301069
e-singular,250,5.355821547463554,2.990339316486478,0.6652599892342095
e-singular,250,3.4111342743241133,4.914507743904908,0.33691411625492046
e-singular,250,5.487345365127536,3.064908983904612,0.6023237709791949
e-singular,250,0.9697440798242942,4.7563845981480695,0.06453863179392844
e-singular,250,4.946663535066446,2.6588453693721306,0.7890288912362189
e-singular,250,1.914156443309563,4.8458194920336215,0.08248543165247758
e-singular,250,2.3552447969982166,5.325391954996558,0.24153414522397823
e-singular,250,6.210551353268415,3.861574663709455,0.26157149154422205
e-singular,250,10.012870737579505,4.524764530417703,0.03703198551753258
e-singular,250,4.688428514083069,1.5191814145540734,0.9594766485383361
e-singular,250,4.831196187938682,0.5465773598244692,0.9628447256745257
e-singular,250,5.100933698421355,2.1774326958895474,0.7780285699032194
e-singular,250,1.3767561462771547,4.9907984622834025,0.08599746076765778
e-singular,250,2.200537115589955,5.206087331930955,0.16838425429706277
e-singular,250,0.15531736130351587,4.533397101724735,0.005800968285308473
e-singular,250,3.551515027715968,5.36549583310379,0.5035862730137804
e-singular,250,2.5200842751203716,4.677964326369764,0.11954525749492165
e-singular,250,2.1713077837522516,5.050454748996072,0.08837852046726753
e-singular,250,3.223565603241127,5.112709052644583,0.3984393312653246
e-singular,250,1.1355438507714823,4.747134644020281,0.051815018570236224
e-singular,250,3.031888098686732,5.652252665636869,0.43515039091068813
e-singular,250,8.101875275091107,4.263155659697154,0.05857274373496316
e-singular,250,5.182025569911153,3.721798382876782,0.42335988715478295
e-singular,250,4.219403911854906,4.619038286925197,0.9584718202928018
e-singular,250,2.0655209661306353,4.908048049836386,0.14777275201500523
e-singular,250,5.280267105717336,2.835252596099413,0.7986649552463141
e-singular,250,0.5988412821893687,4.4946027869545535,0.03763135571190233
e-singular,250,5.712259491197817,3.706093408744577,0.38177626366747996
e-singular,250,6.045538471412139,3.915321202889788,0.3458233148308003
e-singular,250,1.4091157120325537,4.719833690746901,0.08089897492594941
e-singular,250,4.444184342338524,4.453409655359202,0.15280298414181054
e-singular,250,1.6954741305270307,4.643300439065694,0.06218156020073022
e-singular,250,5.288692624962604,2.9572662309634863,0.7406340485296753
e-singular,250,4.938264094035393,2.6711223964556052,0.7908096813967661
e-singular,250,3.4531636656253393,5.4247246848092905,0.35135848095435435
e-singular,250,4.6178501571887365,0.8478847762890959,0.9209939277697929
e-singular,250,4.810939425392338,3.6773484975858874,0.6339601745091027
e-singular,250,4.195408728840828,8.79671795287224,0.9763999188335297
e-singular,250,1.2369391903443308,4.6043860579524365,0.05237975976669939
e-singular,250,4.295743173336603,0.062013794275691626,0.99344710753743
e-singular,250,7.047467983357738,4.236961993897515,0.05943342826128059
e-singular,250,2.8913209842889374,4.943958874040009,0.1851076002918798
e-singular,250,2.364822845817602,5.005916459485386,0.1612651885117765
e-singular,250,5.934757662134415,3.175077380371514,0.4482122903158675
e-singular,250,3.98684122828127,5.399662748360774,0.5801601523698816
e-singular,250,0.6376465211826278,4.650051137808129,0.028424635276202467
e-singular,250,5.144837436889011,2.1845549140017253,0.8591899814743172
e-singular,250,2.6460215076729576,5.338227076012107,0.46141613055887504
e-singular,250,4.883651104339169,2.5385661298399715,0.8671045579464659
e-singular,250,4.770438629745013,3.1313402357543216,0.8325673243588253
e-singular,250,3.71409394080174,5.742851640843783,0.5436093432059075
e-singular,250,0.45336936969614244,4.423282541674875,0.02400116515076909
e-singular,250,3.821333986082544,5.340299372483343,0.4847374265900892
e-singular,250,4.783247516025727,2.406054255908776,0.9346929344658799
e-singular,250,2.1578591320991447,4.985156482947757,0.13905735200782854
e-singular,250,4.742771147576505,1.450401502350244,0.9189729051343574
e-singular,250,6.475381576277888,3.95036888746572,0.13371462014042806
e-singular,250,2.794511271595844,5.322866980344973,0.3507682788762892
e-singular,250,1.5656709136515228,4.726044694212724,0.07025899771048431
e-singular,250,4.960702467112599,3.7602149810177843,0.7728402250991394
e-singular,250,4.502667002165866,0.005342381853787351,0.9869551328581218
e-singular,250,3.8061440777402855,5.442863786804824,0.5638496204901705
e-singular,250,5.603308860917243,3.9624952211640196,0.30076833034506173
e-singular,250,1.42729880020756,4.414692366136191,0.019646680238446484
e-singular,250,1.3241728061804705,4.780940471224207,0.059286735784024235
e-singular,250,3.5711707016425716,6.153061540162326,0.6263090274914236
e-singular,250,4.867999198306049,2.873568785385177,0.8676317826905686
e-singular,250,4.545426084685463,1.4987566611025394,0.973273738182695
e-singular,250,1.663113986635744,4.890373681167419,0.09369363168379866
e-singular,250,2.1434032389369397,4.937210868584457,0.15792457000345544
e-singular,250,3.9770553718869253,7.869050985905649,0.9211343848879273
e-singular,250,5.358237692758624,3.0911085075479248,0.6990741872103684
e-singular,250,3.09066509123518,5.082953076577896,0.18217902193264446
e-singular,250,3.490455694534267,5.057094357690584,0.36581144789058634
e-singular,250,3.594680086466935,5.63294712057633,0.5578008678696558
e-singular,250,5.438079296100894,3.0110844119780498,0.6414993283286831
e-singular,250,5.56772295259466,3.0341780449488085,0.6117207357856838
e-singular,250,1.4790446488888258,4.920281801697403,0.05471340489966974
e-singular,250,4.51899739568458,0.463146323944388,0.9469908061509936
e-singular,250,4.660530776435177,0.9981067035273491,0.9659977179168373
e-singular,250,5.25427337917968,2.861726962519059,0.7549584095434324
e-singular,250,4.128458716526478,6.224992227833335,0.8590333606023302
e-singular,250,6.741018017923576,3.953949500034154,0.24184927483457994
e-singular,250,5.477230243351642,3.14046298429923,0.6417143213093671
e-singular,250,4.808533447239747,4.61669286489733,0.8512648007457662
e-singular,250,6.255379832565079,4.242623927034623,0.17755559528277345
e-singular,250,3.8125817321963424,5.8234586759181655,0.5984745509542465
e-singular,250,5.957804201647598,3.8665821042886708,0.21108130803935676
e-singular,250,4.778904372497218,0.08415918375069668,0.9917132089318754
e-singular,250,1.2816986743830616,4.669297468112943,0.026360107424239585
e-singular,250,4.55186198196971,4.639185915034614,0.12809678448976258
e-singular,250,3.253379846845365,5.057254570204036,0.2800940462557694
e-singular,250,5.908349575048051,3.825277006661936,0.33926950220731195
e-singular,250,2.6035132347010084,4.894748852756311,0.15832018754325936
e-singular,250,4.560473860749784,1.6035594641822462,0.9890176527303308
e-singular,250,2.871524579589897,4.952640485843008,0.2367193890368023
e-singular,250,4.71920798766762,1.9321303928058773,0.9256540298520475
e-singular,250,4.641759859073919,0.619199477598032,0.9727139312614511
e-singular,250,4.841806126650333,1.6812911503503314,0.9108353769042296
e-singular,250,5.124392098454004,2.404406305199661,0.6983836825587081
e-singular,250,4.9785441313888885,0.01053345645512825,0.9825797211295164
e-singular,250,5.5425300957487,3.0436485887932228,0.6004091858820207
e-singular,250,4.166519066639726,6.529751681446185,0.7877987421896921
e-singular,250,1.486595221947008,4.8669588416335525,0.12038907272090706
e-singular,250,4.863693667081272,5.03600023125503,0.9053644125694147
e-singular,250,3.140279988954353,5.3924154147076875,0.40868564304911154
e-singular,250,2.726730534426809,5.1397295818731115,0.3049025579399794
e-singular,250,11.48120012473014,4.610066588070678,0.008431419884394786
e-singular,250,3.814749500723213,5.140409192810128,0.434809322672184
e-singular,250,1.361144480717888,4.548029443871471,0.07908332016543047
e-singular,250,1.8745758779662638,5.063934790538166,0.12665077892172186
e-singular,250,4.977380540053966,2.3765785968304476,0.7380113692127455
e-singular,250,5.613688386439785,3.498646176058438,0.4318371611963628
e-singular,250,4.9352687015924435,2.926591713701067,0.7594094498489979
e-singular,250,3.786345588858279,5.720118322897642,0.7591989984422626
e-singular,250,6.284186031035993,3.614659109987509,0.3316471105917019
e-singular,250,1.9802894718230828,4.9936349985167645,0.13992255278451007
e-singular,250,3.0360524132407476,5.015020051749984,0.3026932023007859
e-singular,250,4.980516911559829,2.3332606633722177,0.845682898344463
e-singular,250,5.6364277733155435,3.8660311768670352,0.3151660053189633
e-singular,250,2.5849504812793285,5.177572022600423,0.33385976657409255
e-singular,250,1.8706992988698372,4.7870524702775,0.13683269714719945
e-singular,250,3.735309292681836,5.505548163763472,0.5476934099696193
e-singular,250,3.7582279511851144,5.025342491489304,0.4619491552427316
e-singular,250,5.128173725954526,2.8982641913133103,0.847449539692086
e-singular,250,4.210568439896922,8.455598281817014,0.9139154319966362
e-singular,250,5.013103388425289,2.632810295252724,0.7995610751492033
e-singular,250,5.5327832255423885,3.8594273045082894,0.5047179054231211
e-singular,250,3.1294783548752787,5.128655137120018,0.3384668845344664
e-singular,250,5.571816828987821,2.7048187122087692,0.5801124451590998
e-singular,250,5.30243489873673,2.4474417293543547,0.7301447488564743
e-singular,250,4.638334919141999,0.030653327092979785,0.9725816733170101
e-singular,250,3.8376052253403605,6.983524825611285,0.8619180303837926
e-singular,250,4.300138371709924,8.345856778455897,0.9723506143918571
e-singular,250,5.2627414495837685,3.0288471463858944,0.6639315259862275
e-singular,250,4.647110834545593,0.038975850297663366,0.9680758408665395
e-singular,250,0.3918216817099364,4.563592375072011,0.03154353025236827
e-singular,250,2.9307355124328254,4.6121722486055265,0.06671214336666241
e-singular,250,7.285190347619271,3.778106870011551,0.19557365382597497
e-singular,250,4.5226011520800995,0.46340818550536395,0.9737383383943798
e-singular,250,4.107545321946847,0.007131035188718528,0.9884047516612193
e-singular,250,6.282063219185667,4.238379530585069,0.10844166866482331
e-singular,250,4.794815645719416,1.7235061048139475,0.9769428496944889
e-singular,250,2.6475980251452937,4.871183910141648,0.13814798529455083
e-singular,250,5.088624377152952,3.6936752005250115,0.5780316680957118
e-singular,250,3.788093797171046,5.993687822171111,0.608311324279668
e-singular,250,2.024973231485355,4.638806938784144,0.1219690976874002
e-singular,250,1.1250464145274433,4.741115870577462,0.05229873841639139
e-singular,250,1.1345563159879675,4.659111618367718,0.009961999558926248
e-singular,250,4.487389701909482,5.921344859862643,0.8349946323089618
e-singular,250,6.86525874466747,3.7743843278886606,0.2269958521454703
e-singular,250,4.892680388728145,1.3287902908370115,0.9481801111551065
e-singular,250,4.55837111003757,1.7998154919951923,0.935338947356751
e-singular,250,5.314389145405185,2.5348843287876934,0.6623898113811673
e-singular,250,4.6234553037979165,1.4463459275757489,0.9535882192468774
e-singular,250,4.432778366015098,8.125750870780642,0.9330561942538487
e-singular,250,2.627556228962985,4.842200345377264,0.21592649664701707
e-singular,250,5.360933860337215,3.6141457700016875,0.5094231148710119
e-singular,250,4.882495317279753,2.1912352133529778,0.8742242279793544
e-singular,250,4.579179961606931,2.3412649405438035,0.9699810042049675
e-singular,250,3.9790913202202978,6.74281477802572,0.8390183798877666
e-singular,250,4.675833185877894,1.1143121673342131,0.9629840213797747
e-singular,250,4.691271081111492,3.032186881526727,0.8027399204974632
e-singular,250,4.4049605832990215,0.08966790631286249,0.9691885132129952
e-singular,250,3.9343449040882574,6.518415808532546,0.8352773156573748
e-singular,250,4.862682755802407,2.398194209393221,0.8284906795699009
e-singular,250,4.701105962781304,0.011665089745275593,0.9929403176886905
e-singular,250,5.956710054158136,3.879061963922414,0.2083789059909884
e-singular,250,4.580434946037663,2.8465896001880866,0.824416320194641
e-singular,250,5.3548255871252515,3.4265781468524636,0.7371573914530656
e-singular,250,6.237397020033864,3.8611614124373896,0.2907281522733275
e-singular,250,4.976383840251217,2.4943930570880664,0.8177334729363173
e-singular,250,0.36548563643899656,4.662958823761486,0.026750329496089277
e-singular,250,4.2223932671427935,6.067637311078114,0.754175208234352
e-singular,250,5.207422953431656,3.1341217946374678,0.6375717293918459
e-singular,250,4.8342133929246955,2.372892562992713,0.7732057576012453
e-singular,250,5.122106584089504,2.9579282682055723,0.7014540902903331
e-singular,250,5.008175749816653,0.9138863092923178,0.9706479594170416
e-singular,250,4.31738721235695,0.2583343383771847,0.9917746298475251
e-singular,250,3.014440928298502,5.2087984185463085,0.32847811796833065
e-singular,250,5.475294340162483,3.4367391266587224,0.46074831190219645
e-singular,250,2.667896411470293,4.547981770602814,0.06594475617852699
e-singular,250,2.848725978461894,4.827390902580085,0.23015059145652633
e-singular,250,5.627472014375858,3.4842398011652875,0.46274043135487003
e-singular,250,0.03167857672402398,4.569626989698068,0.010054541291747394
e-singular,250,2.8086403656453633,4.9109456571685195,0.2049871913970647
e-singular,250,3.178357083167576,5.087705842706263,0.3999823703715499
e-singular,250,1.5082042765079964,4.541841882465159,0.06917170398108596
e-singular,250,1.5263297040162966,4.646482595879707,0.07386900702229961
e-singular,250,6.257220035715579,3.64990657447322,0.3582589663314561
e-singular,250,0.0052227001970765,4.443346389168195,0.020582208962583108
e-singular,250,0.006244352197434928,4.506845247663245,0.013074975771019657
e-singular,250,0.4897517097357243,4.4474130038587445,0.020065639264448577
e-singular,250,4.84952333491656,1.9751635354875923,0.8603086033292259
e-singular,250,5.017421200891464,3.2352375418587687,0.738847790163178
e-singular,250,4.558838602809725,2.410264238378787,0.8050620868686329
e-singular,250,4.559570777662754,0.054204151600635526,0.9770116871147312
e-singular,250,5.829865440935996,4.051163390189163,0.2568370625192807
e-singular,250,4.960423883626168,1.1530767272652902,0.921093645709651
e-singular,250,4.706144676125134,2.240191226046756,0.9245141159825156
e-singular,250,4.995465493832035,2.6716505952116334,0.826377955459549
e-singular,250,3.6691945737532117,5.636324128879586,0.502419439687639
e-singular,250,3.4646837152970313,5.559890479211571,0.6356845072049889
e-singular,250,4.921855842181933,2.6555873561610612,0.7679640142262079
e-singular,250,5.111074753685284,4.279289989902887,0.2172557348554514
e-singular,250,0.0032474025877037944,4.44318716836501,0.012429711049322842
e-singular,250,4.727110419681389,0.11748488861654803,0.9828379942908037
e-singular,250,4.75512145839489,1.9183525678228852,0.9833890386518621
e-singular,250,4.783733129172772,2.875462660182778,0.6920074283370081
e-singular,250,2.9887722656997724,4.693351847292011,0.10873757335452455
e-singular,250,1.4909187670311588,4.524361484251706,0.05945768589194459
e-singular,250,3.71517644068637,5.989218834598835,0.6355285365249286
e-singular,250,0.03452246463274087,4.43772074505255,0.008566669645626945
e-singular,250,2.781626291369533,4.714109710297629,0.2349876360385611
e-singular,250,4.682561673140615,1.5945141520202089,0.9629015834901871
e-singular,250,5.6659332067671295,4.255481984415303,0.3151601477174773
e-singular,250,5.138728044791517,2.9696128894401532,0.6336164805124035
e-singular,250,4.309614391058561,6.324128888395833,0.863795664263467
e-singular,250,3.261381010302449,5.055750962812105,0.33201122320337056
e-singular,250,2.8471877162870216,5.40699016363115,0.3683839604925491
e-singular,250,0.7425287720984207,4.663745580260876,0.03767850325269616
e-singular,250,3.2780591244884114,5.136140420538929,0.2454900232344453
e-singular,250,3.892609805831278,5.9549003717237765,0.792759467925044
e-singular,250,4.023024132084348,6.131007548621308,0.8173724399843257
e-singular,250,2.7818198026305208,5.4802365819823615,0.30989897053012916
e-singular,250,5.962984000133462,3.5374578148349167,0.2978909028253391
e-singular,250,4.787661502330897,2.0456763033432606,0.8805020893431996
e-singular,250,2.627819140419538,4.556322071387849,0.07276217688577367
e-singular,250,6.037593365263903,3.7829457755837077,0.1938459147304193
e-singular,250,4.8267176642901735,0.014760305664036855,0.9836412381857322
e-singular,250,2.9785213732732303,5.4815972289510455,0.40813674369225345
e-singular,250,4.463781547891703,0.7854206814488687,0.9532994303362569
e-singular,250,4.625570374757326,0.007867084197369843,0.9814690617016776
e-singular,250,2.7546567738645162,5.490862813250673,0.3095025743897046
e-singular,250,4.9064415690892496,1.8409467785709774,0.9117788195479125
e-singular,250,3.6947432322974363,6.3010560706254335,0.7048486442648015
e-singular,250,3.534695720183155,6.190745955951233,0.621504041497871
e-singular,250,3.5161381648077517,5.587813502636921,0.5637048823782548
e-singular,250,5.067289121983311,3.1014091431764386,0.6076621511495229
e-singular,250,4.925090450620529,1.7336588808610331,0.8567757319468468
e-singular,250,5.389500868970156,3.1739188706763937,0.5443631200526171
e-singular,250,1.183242785269114,4.842058281258165,0.10879430288150163
e-singular,250,2.0381232282755,4.734097323182557,0.09870173592737404
e-singular,250,4.647422011888442,0.2221546136109975,0.9766292061969655
e-singular,250,0.7142408370349016,4.52630770977841,0.010049065521990828
e-singular,250,5.799638354371033,3.8299424073042836,0.38282943812655484
e-singular,250,5.8912200147679155,3.6820146603833397,0.4807092004864801
e-singular,250,3.1641024714324604,5.014363580919143,0.30609927324055897
e-singular,250,3.872385990177309,5.874419373207247,0.7944020248055305
e-singular,250,2.429170919402307,4.647405019703022,0.08809035064267257
e-singular,250,6.45047546216681,3.6970607482417064,0.26546645808989294
e-singular,250,2.4274270426318885,4.94754265687339,0.1966348901109987
e-singular,250,3.4744031100101944,4.626339922567175,0.029810595679245665
e-singular,250,4.97122782696832,3.125524091016473,0.7208502009654268
e-singular,250,5.085002356910594,3.9488103745294336,0.520325468440279
e-singular,250,4.928588117433895,2.92448352178593,0.816083392935524
e-singular,250,2.1054182816281055,5.067913470043548,0.20250276604311535
e-singular,250,1.8906788544004411,4.691102096849322,0.08966576660381574
e-singular,250,0.9573310098967653,4.716554476169555,0.08314336164735832
e-singular,250,3.4318956844085844,5.27967573925127,0.48906023034662843
e-singular,250,4.616669476542795,0.008338555588240907,0.9937787721770528
e-singular,250,4.248016977256883,5.616636317133419,0.6785205280068529
e-singular,250,4.623402198089133,1.664135158275681,0.9231559048136907
e-singular,250,5.226055168827199,2.375977803336921,0.8308624268716026
e-singular,250,6.490217579200437,3.7225971144268533,0.2519864607339511
e-singular,250,1.6777131126551255,4.652694344098257,0.07149434821646945
e-singular,250,4.958130369698047,2.3593851409142554,0.7344370806133129
e-singular,5000,2.5442005991884145,4.902575956178561,0.16357699593286862
e-singular,5000,5.244802919415583,3.3309479424247965,0.6183603626205826
e-singular,5000,3.412019107896916,5.322299922533444,0.41088195856836784
e-singular,5000,5.273981358727653,3.350180428415531,0.5943544124385804
e-singular,5000,3.486550585218961,5.194327968545476,0.39298328640364955
e-singular,5000,2.9314652163321675,4.909650753732449,0.2245748668834493
e-singular,5000,4.92642470170338,2.4308925580006138,0.8316893241534857
e-singular,5000,4.858560424663458,2.686230253644,0.8465424689530627
e-singular,5000,4.918468566288572,2.8496286619869746,0.8035282645875577
e-singular,5000,3.129641127359195,5.061336973960018,0.2544587828487396
e-singular,5000,3.155319166086004,4.989216147239657,0.27963192726183544
e-singular,5000,4.863119170787077,2.998226919533087,0.8053940271653341
e-singular,5000,2.8828686199912124,4.87909395354749,0.21455190771699587
e-singular,5000,3.3473220608476146,5.053094918107664,0.34406393302001537
e-singular,5000,5.037294865951663,3.107970556490872,0.7478418410186182
e-singular,5000,4.941455677843555,2.8062890499177833,0.7939010135845688
e-singular,5000,3.050698056367166,5.074242554402151,0.2708329641054773
e-singular,5000,2.7051668115914085,4.87097159440409,0.17442550566052634
e-singular,5000,2.7471878581425444,4.949766764872732,0.19039806637179094
e-singular,5000,3.7000834946028824,5.288917758099811,0.4697266261474032
e-singular,5000,3.059919040012515,5.0518233608908645,0.27612940798698393
e-singular,5000,4.915507111109008,2.749135036574033,0.8178950348620804
e-singular,5000,3.4414050441562773,5.173179508308638,0.40939482766636554
e-singular,5000,5.004075236182312,2.763957448398446,0.7635502744227127
e-singular,5000,2.783176136526849,4.9729522248579325,0.22319735221441034
e-singular,5000,5.003876315404682,2.931640148551776,0.7524045166223159
e-singular,5000,5.104666333669292,3.0618877772235846,0.6930326433618328
e-singular,5000,4.963736914423286,3.2027044873012858,0.7454124594650587
e-singular,5000,5.083229953525237,3.162258271039599,0.6693184187372999
e-singular,5000,5.701042228246114,3.9346527676802174,0.30941490793581145
e-singular,5000,4.965315794095748,3.1283157902908747,0.7587829106271544
e-singular,5000,2.96429894191854,4.986916477573343,0.27920082151889464
e-singular,5000,4.990106992539562,2.786170425082255,0.7561150350349515
e-singular,5000,4.95201061624861,2.673821632364381,0.7959736354022507
e-singular,5000,4.765728055769318,2.389131671003899,0.8601663884118023
e-singular,5000,3.401867650718455,5.2701670586163045,0.3908190815292511
e-singular,5000,5.458036838809354,3.7227610453940656,0.48086820421995147
e-singular,5000,3.2352484662797694,5.083952471744074,0.2943426693162841
e-singular,5000,3.180136310463241,5.025748457190611,0.30057694308866506
e-singular,5000,3.254897648081867,5.19344562622366,0.35224592526112297
e-singular,5000,5.2031778607114365,3.241646660844683,0.6541590259907666
e-singular,5000,4.927481083933851,2.799817974982219,0.8084842086984991
e-singular,5000,2.9782498518520644,5.036149418233957,0.2569364544663237
e-singular,5000,2.4846835318547185,4.910123505938588,0.17346275745186884
e-singular,5000,3.6436893493722735,5.177033336097724,0.44101867679532725
e-singular,5000,2.674496518362246,4.9118336395889965,0.18183832723694643
e-singular,5000,3.1079441479610206,5.139655838180064,0.3300939997582834
e-singular,5000,3.114665399916998,4.932160645144844,0.27266131586644426
e-singular,5000,5.18655658807571,3.5502521586197906,0.5494991183756626
e-singular,5000,2.9191410680778036,5.013546996489762,0.2345996971381313
e-singular,5000,3.2897713165434093,5.216491834038726,0.37394724740635726
e-singular,5000,5.0784486994148414,3.2575829267299925,0.6807844333534842
e-singular,5000,4.962779874610197,2.673055520221006,0.8125626458977372
e-singular,5000,2.6883492938215556,5.04512403079598,0.23053710745962167
e-singular,5000,2.8600968211623137,4.99610013358894,0.24040231145782992
e-singular,5000,3.0936067126653435,5.027015038235424,0.27154896939869416
e-singular,5000,4.863548195343219,2.75039448228605,0.8314612925966792
e-singular,5000,5.01361483901357,2.764625271529989,0.7729581113242207
e-singular,5000,2.5820585309072177,4.8449539670133435,0.1512018458979681
e-singular,5000,4.968185626352216,2.7978261023741675,0.8051080377794367
e-singular,5000,3.1158438820345298,5.106921560375264,0.3392743375729092
e-singular,5000,4.920752726419215,3.0441244329014627,0.7734486217180846
e-singular,5000,4.930608457709808,2.98272716102863,0.7693861230275291
e-singular,5000,5.093356281879606,3.252728926413224,0.698278806826238
e-singular,5000,4.990707078179156,2.9908943354598714,0.7432224191746473
e-singular,5000,4.986053624812113,3.047111133758298,0.7342604913815626
e-singular,5000,2.9313370617551975,4.99789228621122,0.2547680700620036
e-singular,5000,5.057248543269814,2.738584225636512,0.7776096611535015
e-singular,5000,2.431872586766245,4.920615313605839,0.159845897012825
e-singular,5000,5.214399059097725,3.1804973205459848,0.6574077076142713
e-singular,5000,4.838949698435783,2.6959502986164714,0.8358610373547352
e-singular,5000,4.928389605772626,2.5886385906820646,0.8072488897904451
e-singular,5000,3.0331023917644573,4.872502214039781,0.2177352684226922
e-singular,5000,4.848282571017575,2.3245255093796233,0.8702400575730713
e-singular,5000,4.916890954509117,2.72512870100132,0.8250307696944011
e-singular,5000,5.364430532436465,3.781803913178739,0.45455831341864394
e-singular,5000,3.09623826218506,5.203576096249366,0.32475860547212276
e-singular,5000,3.102708922403348,5.010246132238666,0.25406903191184665
e-singular,5000,2.5867821546487026,4.853428955574016,0.17419077176596362
e-singular,5000,4.860506557398355,2.100711564474074,0.8972726024486406
e-singular,5000,4.972813771191077,3.150560411503152,0.7398749363412996
e-singular,5000,5.179572213508275,3.221601355014513,0.6495493226920946
e-singular,5000,3.85662166321359,5.6060617810809,0.6246923057950766
e-singular,5000,3.357294398565699,5.227224548844244,0.38794205694591055
e-singular,5000,2.3042230899242857,4.749472654934035,0.10464071176841648
e-singular,5000,5.22414159895325,3.3896741134066177,0.6231377201285084
e-singular,5000,3.0455370808345315,4.965082336299011,0.23166025131895313
e-singular,5000,5.147407119475176,3.07851917684389,0.7049588298635453
e-singular,5000,5.03857229572479,3.149239141100606,0.7317718717397654
e-singular,5000,4.895583183418217,2.663805187804593,0.8188067163431947
e-singular,5000,3.0069586624294367,5.097583750430259,0.2659413940937382
e-singular,5000,4.9185498605671425,2.780212329516576,0.8215670561701434
e-singular,5000,4.965570205295073,2.7492370666283907,0.8111429198108572
e-singular,5000,4.944370161110294,2.774087432150333,0.8137707333164276
e-singular,5000,3.1150605402685434,5.175791756481101,0.35414213689759466
e-singular,5000,4.9512938906364035,2.868213471082745,0.770295046631489
e-singular,5000,5.15271485634666,3.0661367904740553,0.6733815678918111
e-singular,5000,4.894614292062527,2.636124379380852,0.8274004723803399
e-singular,5000,2.9879314280081637,5.03464816071207,0.25047343021171836
e-singular,5000,3.157505265311034,5.0716354136894255,0.29331099254931736
e-singular,5000,4.94730097928235,3.1286694210095436,0.7372194620133707
e-singular,5000,3.399037449915832,5.140230537354577,0.3486290760822604
e-singular,5000,3.2355584317848787,5.1586343614558645,0.3211700338642066
e-singular,5000,3.26679360732827,5.145309891920696,0.312965022844215
e-singular,5000,3.120793542996259,5.034562618659191,0.2667838168940679
e-singular,5000,5.083883733625251,2.950043786955877,0.7436153848000022
e-singular,5000,3.3062002451435775,5.194699091547556,0.3664810772139993
e-singular,5000,2.9776689131227694,5.051617674311085,0.25922418353432347
e-singular,5000,5.028045242401086,2.8368055061537785,0.7687860282833481
e-singular,5000,5.118287957520725,2.906352575001164,0.724726155052903
e-singular,5000,3.31799938070862,5.1911921984006595,0.3860746163289845
e-singular,5000,4.8221154576697405,2.737490188074499,0.8325284343609923
e-singular,5000,5.04020255280471,3.3747293614583787,0.6577533905880895
e-singular,5000,5.006889009498199,3.0940009732033715,0.7636615416478783
e-singular,5000,3.4934261041164505,5.293726787600179,0.42788784932833024
e-singular,5000,3.225693411459504,5.062683329049226,0.317521246831085
e-singular,5000,2.88753116593268,4.991047270144487,0.22621517809714486
e-singular,5000,3.098509315280709,5.070694602106332,0.29849862791232273
e-singular,5000,5.0034888863442895,2.9948809796317857,0.7691491282122956
e-singular,5000,3.7355620117103285,5.342553467580623,0.5401108166506013
e-singular,5000,4.81530449717197,2.2924214530892786,0.8899257348360876
e-singular,5000,3.0902775938529556,5.184110833162323,0.27495543692496116
e-singular,5000,5.232338269924325,3.267551896784274,0.6421299131871712
e-singular,5000,5.016573361004633,2.947358685063964,0.7461967735339533
e-singular,5000,5.097870083346151,3.2361762935119556,0.6757414744344543
e-singular,5000,4.988414161876761,2.9207803564806007,0.7611694292344877
e-singular,5000,3.1786401412669543,5.21491933769636,0.3503052719622909
e-singular,5000,5.017576556804095,2.6691228279799297,0.7796096425270992
e-singular,5000,4.947240298899221,3.007727937782299,0.757340912935348
e-singular,5000,3.0468312380380644,5.1358096317529744,0.27391840598953593
e-singular,5000,5.110992146674534,3.1189917658702324,0.701108417241311
e-singular,5000,2.3630467095248977,4.892818330249596,0.13725283634501478
e-singular,5000,4.885300287417849,2.7520101002708914,0.8030740074890328
e-singular,5000,5.065594671341915,3.1023180159012997,0.7456320432691121
e-singular,5000,3.4963079260730296,5.132204077713137,0.38254511271129116
e-singular,5000,5.01723121796766,2.8749488516992057,0.7785393627666506
e-singular,5000,5.328562480588836,3.518906165654306,0.5623685701793154
e-singular,5000,4.9615652060150275,2.44530376602968,0.8226872617745324
e-singular,5000,5.449913718556151,3.570658046347949,0.5243256509606503
e-singular,5000,5.068630367010233,3.002967133751565,0.7263685784257468
e-singular,5000,1.9945427828482656,4.689334690481452,0.06855248821186538
e-singular,5000,5.074537681989338,2.879698748933241,0.7405104887599613
e-singular,5000,2.798964079643817,4.915797383959323,0.19840834094166493
e-singular,5000,3.0666783174499552,5.155675501306852,0.31664738776027823
e-singular,5000,5.059911773283542,3.0324936553393997,0.7173193983958528
e-singular,5000,2.5132454888732734,4.843045516442398,0.15050455502323304
e-singular,5000,3.1279573900696063,4.998981137112014,0.28379176798336025
e-singular,5000,2.880309249950144,4.969547963368755,0.21900224250587388
e-singular,5000,4.925228464058206,2.5326766408011476,0.8143285927017127
e-singular,5000,4.9738701801185945,2.8801580201220927,0.7636398213786039
e-singular,5000,5.207422515569497,3.1537528318768753,0.6657580715048285
e-singular,5000,3.0847489634082987,4.992714519465713,0.2698762133472168
e-singular,5000,5.072612254330135,3.338338321210454,0.659677607407443
e-singular,5000,2.8315810457724266,4.9571334777738265,0.23595441364933858
e-singular,5000,4.8977431534129545,2.866235680561995,0.8026376182361264
e-singular,5000,5.040235660714201,2.9311283439312157,0.7601659921763848
e-singular,5000,2.856150620587514,4.990414398089256,0.23118716781428544
e-singular,5000,5.060056606599946,3.072870519700775,0.7197763157305089
e-singular,5000,5.02779049222255,2.8735053853128685,0.7872192075448569
e-singular,5000,2.9606359201601617,5.036970571162643,0.26892127956976314
e-singular,5000,5.164362513822912,3.257574803821989,0.6755996954571036
e-singular,5000,3.5215685379334714,5.3253200187916,0.4394840570910816
e-singular,5000,2.7162473298064462,4.975051649742142,0.18906093191564738
e-singular,5000,2.7590259813307974,4.965565279266079,0.20963382782210865
e-singular,5000,2.685675723824121,4.894387111231991,0.19060304285660967
e-singular,5000,4.92912860294213,2.773431597051172,0.7891500513755108
e-singular,5000,5.300568452353836,3.2866714713051577,0.6121110167477026
e-singular,5000,4.962215935829506,2.9109339431803583,0.7688197246751718
e-singular,5000,3.165095432262902,5.033204180801042,0.280928067604048
e-singular,5000,2.8231475261951804,4.93197801525698,0.20522181251728447
e-singular,5000,4.949255299360911,2.639680284781247,0.8119761009624946
e-singular,5000,3.282761124406553,5.038124674955747,0.2950526543596563
e-singular,5000,3.2989477698607947,5.299015827054767,0.403894169575444
e-singular,5000,2.5676167763903983,4.885626750070323,0.1757657450556664
e-singular,5000,5.296986702068277,3.576640014558534,0.5490521139135878
e-singular,5000,3.0226264277170394,4.91349444211745,0.22544907358467062
e-singular,5000,5.296764300567025,3.593020717943758,0.5310536698621796
e-singular,5000,5.242535269968614,3.2861041335367807,0.6222022558296391
e-singular,5000,5.149304634472088,3.2367550491981216,0.6712740734603911
e-singular,5000,4.914483807660901,3.0626508978475893,0.775852451124859
e-singular,5000,3.328148547032701,5.116712466350085,0.3606873980753785
e-singular,5000,5.016359328734675,2.9275716692953657,0.7625611552742434
e-singular,5000,4.905952977082888,2.841146800111815,0.804459623578229
e-singular,5000,2.9689636107544017,5.016488357038366,0.2612365774866156
e-singular,5000,4.80352294186142,2.676923495652404,0.8531350403489633
e-singular,5000,2.99484474919265,5.082390763325526,0.28406117005849096
e-singular,5000,5.143452316035418,3.227850047383622,0.6756882541840697
e-singular,5000,5.137954722193608,3.336007849418723,0.6455196699501381
e-singular,5000,5.5105943811882785,3.6642822758475453,0.5128698021387524
e-singular,5000,3.320291958641073,5.193470689946526,0.3629502506003295
e-singular,5000,4.872053327676892,2.5015703671779344,0.8335979063127966
e-singular,5000,4.6640678381611815,1.989022232873665,0.9155648644962212
e-singular,5000,5.143549097797724,3.4133945546648348,0.6407551566623239
e-singular,5000,2.2432025768229793,4.883640852709227,0.1457488539776844
e-singular,5000,2.915370372602588,5.106838851220904,0.28959524511209794
e-singular,5000,4.902586098618273,2.90576117518699,0.7779544448712571
e-singular,5000,3.0695996462132538,5.163792865234218,0.3100921439989229
e-singular,5000,5.2891480606442025,3.4833315886174785,0.5830428660343695
e-singular,5000,4.9231100343669665,2.7352328355814297,0.7887861189725338
e-singular,5000,5.204625403922935,3.456422550355339,0.6306919402371325
e-singular,5000,4.949774117277827,2.9905236089175715,0.758083963609887
e-singular,5000,4.712862065359168,1.858964544187419,0.9129393877965376
e-singular,5000,4.961740196634748,2.8494794249319253,0.8162441864022896
e-singular,5000,5.1895323748234965,3.122477831029358,0.6677724944969459
e-singular,5000,2.6612878515692002,4.829818381144611,0.15089406244544595
e-singular,5000,4.9302010160518694,2.8337407622272326,0.772091545651651
e-singular,5000,2.6670379014085897,4.890300387482537,0.16376851125909986
e-singular,5000,4.908921901962381,2.2737208160284017,0.8543861020661246
e-singular,5000,4.885148040340153,2.841331459810234,0.7996160495801584
e-singular,5000,2.9060481428310285,5.009260300645507,0.2499321329483707
e-singular,5000,2.8218617849664827,5.030423431632319,0.22241780408252876
e-singular,5000,5.06200678834141,3.0240309200981796,0.7394440255079334
e-singular,5000,3.2431957835236482,5.145920626622823,0.37037442864045933
e-singular,5000,2.6529404761136433,5.017815825817013,0.20483778389324797
e-singular,5000,2.993131830977949,5.077869567241632,0.2919645750416971
e-singular,5000,5.019630313525203,3.1394556497029216,0.7235202007943109
e-singular,5000,2.960347244690171,4.989276640435706,0.24538884471766154
e-singular,5000,5.081390014966133,3.326887312405903,0.67729316453036
e-singular,5000,4.971801917017182,2.951056971499586,0.7293067993412218
e-singular,5000,2.1581864737723078,4.81625183840577,0.12213839536280091
e-singular,5000,2.698281052607374,4.884005223505724,0.19655052052113914
e-singular,5000,5.204134650238412,3.198873369423509,0.6451661152359799
e-singular,5000,2.8911576165600814,5.133987091859985,0.27429062201785975
e-singular,5000,3.2971573716299347,5.254332361093364,0.40452814150790517
e-singular,5000,3.5200618571123394,5.308805814565035,0.46681125662844625
e-singular,5000,2.6083101694485635,4.932293200547884,0.18498121319954008
e-singular,5000,3.075816470179487,4.911749667316421,0.23810761088591695
e-singular,5000,4.882894722477834,2.6449384973904695,0.8145206247447239
e-singular,5000,4.775925871425923,2.3507123232394913,0.8614035981790977
e-singular,5000,3.348242757872845,5.120222872869969,0.3346667763655705
e-singular,5000,5.027333265928399,3.2158145377550484,0.7060293897897791
e-singular,5000,5.079051792160443,3.0446289219723583,0.7347396158053762
e-singular,5000,3.039403929789134,5.076597487867517,0.29864491052161224
e-singular,5000,2.704633459305856,4.941169644964725,0.16434772990558152
e-singular,5000,5.13700270949162,3.3840849127067094,0.6288458530771258
e-singular,5000,2.9673308872564714,5.005730667699835,0.2604644450974017
e-singular,5000,2.745067337269073,4.903419697138519,0.1988645158775012
e-singular,5000,2.769960473565487,4.847389432349516,0.16722084809718593
e-singular,5000,3.0291468362923313,4.958209766226218,0.24965995600917182
e-singular,5000,3.576290749454373,5.280307212589026,0.4444248215747462
e-singular,5000,3.3183795391288493,5.132379637307198,0.3423261321379217
e-singular,5000,5.0336482468879025,3.1955764618354703,0.711845722677913
e-singular,5000,3.5577091275515422,5.252584065227796,0.44108509047444594
e-singular,5000,3.105678078820597,5.114921611203194,0.3166971056259364
e-singular,5000,3.089195405820165,4.947285884554895,0.24287616223199324
e-singular,5000,5.151926594720879,3.466422294849952,0.581059155544739
e-singular,5000,4.919385161417949,2.7752137783187814,0.7912549505389891
e-singular,5000,2.739215155282391,4.897262849456813,0.19789314694464416
e-singular,5000,3.4537993080585,5.150280017752162,0.3387483361693625
e-singular,5000,5.046566050585017,2.9851331966276513,0.7418465270098666
e-singular,5000,2.9452076408259527,4.830470173853002,0.17911042517289846
e-singular,5000,2.7839829962480196,5.02057160277947,0.2172825173839839
e-singular,5000,5.205566172309762,3.1577932905134403,0.6892398673862844
e-singular,5000,4.871684658500746,2.486796656701633,0.8322417412478271
e-singular,5000,5.540815821801155,3.891249631303813,0.3646718586750633
e-singular,5000,5.115386982301356,3.2129647009344633,0.6451960277628702
e-singular,5000,3.120046643702479,4.989527135338657,0.2527585270093371
e-singular,5000,2.3804327457204337,4.7832492629786705,0.12295956052266446
e-singular,5000,2.645085106061093,4.780211545224494,0.1685200176554786
e-singular,5000,4.978718697055962,2.7820389676108395,0.8045601772069005
e-singular,5000,2.0143395847509944,4.803161034508229,0.10182115980675362
e-singular,5000,4.868967172103821,2.4233504821172698,0.8630336579418919
e-singular,5000,2.7251801985059125,4.961940712016939,0.1794294514735323
e-singular,5000,3.218928542126457,5.135876627446085,0.34944954043154725
e-singular,5000,4.879440409395942,2.8215511696408693,0.8182407477671482
e-singular,5000,5.243294369936547,3.257490802220355,0.618444451276739
e-singular,5000,2.8795499434314915,4.880815700163522,0.1943848281293648
e-singular,5000,5.21222173105483,3.408827588302098,0.599964470354964
e-singular,5000,4.9352872365273655,3.1468474996516873,0.759070866273566
e-singular,5000,3.473711290855326,5.3363258333044,0.4217329003947004
e-singular,5000,5.518553292782306,3.613864995500732,0.4640838113831172
e-singular,5000,4.9694614767475365,2.7996453010604285,0.7796765080359345
e-singular,5000,5.083812848979631,3.2907292345989245,0.652435143580924
e-singular,5000,3.189867423525882,4.996124721952478,0.26780499233074506
e-singular,5000,4.996300686973224,2.7313485079829056,0.7772576870924695
e-singular,5000,4.807237538435815,2.216124217683174,0.8892995006669316
e-singular,5000,3.1078446886979854,5.1257638400185765,0.2945429402508987
e-singular,5000,3.097058806826715,5.078231465525552,0.2786387461495118
e-singular,5000,5.175241285644361,3.306573704797657,0.6603776443979201
e-singular,5000,3.142091681865544,5.116236242525148,0.30445401745267175
e-singular,5000,3.2352573689250947,5.10794596335912,0.32773519590139694
e-singular,5000,3.7850348334449126,5.421423597524834,0.5161509392297218
e-singular,5000,2.563705006947626,4.791369500418916,0.13501561895895528
e-singular,5000,3.3345695037026375,5.3403498352339795,0.4087934368206763
e-singular,5000,2.7445287224312622,5.0629860273686385,0.20081716681913409
e-singular,5000,3.16111348820642,4.920230647258902,0.2527578364924766
e-singular,5000,3.084770744088209,5.056298235916226,0.2897744202321628
e-singular,5000,3.06511520087978,5.051543519870695,0.2865160118940657
e-singular,5000,4.992256965635308,3.0842777055987676,0.7502818947695807
e-singular,5000,5.356665658565184,3.4095531348412433,0.5468851194702206
e-singular,5000,3.5160128970656164,5.42156990215763,0.4415348897510525
e-singular,5000,2.8254171580996696,5.036315331316371,0.24863891877778077
e-singular,5000,5.062990955313803,3.2599759502567207,0.6947385608161654
e-singular,5000,2.7171055051368134,4.797384069865372,0.1766994459770027
e-singular,5000,4.942732914382792,2.920193624239666,0.8096783996934691
e-singular,5000,3.2832036530126842,5.098188215753965,0.3161394468762475
e-singular,5000,3.088249845805192,5.088216662661992,0.3080134417580638
e-singular,5000,5.037487850921296,2.996201123833722,0.7198395289929446
e-singular,5000,5.098894226670034,2.951253898815824,0.7346416812542472
e-singular,5000,3.5233482120950512,5.32053795623319,0.46602644988654046
singular,50,8.403913085806174,4.566076720378324,0.1808110647636524
singular,50,0.5849696575057758,5.072820738685443,0.02513914491471633
singular,50,1.3331997771153201,5.134113949126437,0.08790357635191043
singular,50,4.84178815843333,7.861867157891068,0.8747675667972326
singular,50,4.623832362206214,4.900914285804198,0.0032996948784207105
singular,50,4.215486275330683,6.216435890144622,0.5479577706640926
singular,50,4.538811214961483,4.5735599938667395,0.9657891564547179
singular,50,3.6325870893203303,5.340030455293913,1.783678130655988e-05
singular,50,4.878618893291866,0.8261180678736187,0.9559237860800606
singular,50,4.267645160468386,4.68081246426118,0.001966429225453647
singular,50,3.300116656460466,5.340423381030618,0.0002075085209094398
singular,50,5.26251493530464,3.833367210974101,0.998240255180186
singular,50,7.244163327888949,4.325764479880618,0.27214769518614984
singular,50,5.663718877311039,5.5567561262516705,0.5912700741328775
singular,50,5.638046054361462,0.06624669126819141,0.9824031613537808
singular,50,4.944321775039702,4.964046770094351,0.2051594985519569
singular,50,5.215358472874925,5.257640124600759,0.41720519139466
singular,50,4.841689179986839,4.8371223585649386,0.6301191067513274
singular,50,11.406518991159679,4.419604774530022,0.022956518499714647
singular,50,5.1630528309746095,5.143592017602912,0.8431293226906236
singular,50,4.35943663177445,5.7765129815281,0.7032175660128247
singular,50,4.640264694379651,3.6390679127435916,0.9997356220230575
singular,50,5.329514738809948,5.296858328396433,0.708641008320617
singular,50,4.574204884406107,4.600433941860589,0.01654431774159125
singular,50,5.484444628718761,5.5210719733916065,0.029267024437151373
singular,50,4.8303301959772265,9.391552931096161,0.86195153348363
singular,50,4.994114310988919,4.910938275912908,0.5898540852813781
singular,50,3.8809908410149623,5.322978756017124,0.0020657288359576874
singular,50,4.87064845588554,3.0576926256718724,0.8838093833423877
singular,50,4.940887498660211,3.8051892503412246,0.999218543603879
singular,50,5.020029020938896,0.4686484379902935,0.978022268382994
singular,50,1.0120094355245329e-13,5.007033393700154,0.01338784634120795
singular,50,5.370084843811177,2.1018828747213774,0.868403223583224
singular,50,4.474425563432113,4.526195626424337,0.11967585253407428
singular,50,0.38599792363987395,4.651470785520005,0.016755653554551754
singular,50,0.00024773313055982617,4.542950774537319,0.009454893737455927
singular,50,4.294542762596593,0.0007320187016969446,0.9733237514579668
singular,50,5.042149187976929,3.9138562868673654,0.9980951861216036
singular,50,5.111990874566974,0.0018749376161682613,0.9859120858596546
singular,50,1.5694625981324875,5.124739283758048,0.05196199904918016
singular,50,3.8801792860879987,5.340051703605529,3.5416523327241596e-05
singular,50,5.404205078257272,5.4389941344547434,0.5459801595918132
singular,50,4.633723263456526,4.645806098450276,0.48052451707564203
singular,50,4.880885227309835,4.759505289626387,0.9927069717884994
singular,50,4.642350905302419,0.00011258641792990346,0.9693357179179404
singular,50,5.290934438584014,0.3614405492100948,0.9490952937126199
singular,50,5.565356317210184,2.177100872269967,0.9866136665469202
singular,50,5.015801138896524,5.0218017580072,0.30026201862965907
singular,50,0.0022427924541659665,5.1538671937869545,0.014338621769056814
singular,50,7.030725522630953,4.518278101421563,0.2633774115996868
singular,50,1.3253748815917357,5.182575231500412,0.08362936903395457
singular,50,0.06580939618845284,4.823951771879488,0.03445709668485417
singular,50,5.39320272685946,5.291081271592903,0.8707154453978642
singular,50,0.9715044974747277,4.346977853555702,0.025767601868049023
singular,50,0.0020000155782053334,5.132929651101634,0.014213730509324006
singular,50,2.6933198093371563e-21,5.090879107970114,0.013922763920900772
singular,50,4.690723979490547,0.00011612330309132771,0.9891860541222528
singular,50,4.381940979100762,8.133647800138158,0.9312155684841384
singular,50,5.012063383373929,0.6627491973556553,0.9742342404845848
singular,50,5.237575111688046,0.003755975977898341,0.9851781061445639
singular,50,4.491238683761469,4.532163735288988,0.785918015701453
singular,50,2.6795669279292484,4.9800895654158825,3.8932638359266095e-05
singular,50,5.140111432184474,2.4410138272948116,0.911040107719895
singular,50,5.934350802594938,5.67697592196075,0.011749701570718219
singular,50,5.211465430250506,1.6479077607337886,0.9687207446636831
singular,50,10.923829197903116,5.062228640649298,0.037152200533556785
singular,50,1.4559350418040127e-13,5.132767067452699,0.014176966633479934
singular,50,4.394934458375861e-16,4.733242186552507,0.0112485658781146
singular,50,3.963648701635118,6.066554298585617,0.744947514932356
singular,50,5.4385946463518104,5.581105431481331,0.00775682682770531
singular,50,6.836851083915463,4.759335389762663,0.3083801542585198
singular,50,4.44388873838042,6.767176679126021,0.7520276107339957
singular,50,8.432786804056069e-05,4.521117681181374,0.009094752895649693
singular,50,2.820017871270878,5.457907674288395,0.11293408615766105
singular,50,5.272539116095969,5.238559003489462,0.6309866232294962
singular,50,11.472963610117523,4.331410395623436,0.02360685404323593
singular,50,0.25917733023943856,4.435968300429807,0.037341658115751616
singular,50,12.721660096320598,4.797226387088044,0.023064564563018735
singular,50,0.00042044904875460846,5.006942021931091,0.013370964442394282
singular,50,4.82054337777095,4.392288703108792,0.9987311807597224
singular,50,5.408734693950356,1.721753237357527,0.9488105117499651
singular,50,1.3980041675078994,5.270453046209002,0.07500500466423832
singular,50,4.838958647656563,4.847063679839198,0.8715178027709175
singular,50,5.300047717783284,2.6368203875006144,0.999982082722439
singular,50,4.48138773987281,4.415647823803901,0.06620294725563063
singular,50,5.049111262901108,0.001308372913792005,0.9863086446901095
singular,50,5.0007461837157186,4.29710706321893,0.9989395363418793
singular,50,5.2373333359945216,1.8008899118289524e-25,0.9852342153853308
singular,50,0.0032862717652137855,5.2166534912753235,0.014703259534157163
singular,50,3.214286377049128,5.838793969314213,0.43390766811665993
singular,50,5.284834512216875,5.322395762929359,0.06378283161274824
singular,50,4.883975854704029,4.823355212275383,0.6044935562626329
singular,50,5.046964798367466,4.878045561263305,0.8403686943551665
singular,50,6.932295774994262,3.7881672180283092,0.3218166062993614
singular,50,5.030425163055576,1.726942463052645,0.9181393736206528
singular,50,4.7239589562141795,6.621156689313277,0.8545006464165948
singular,50,4.058618293426208,4.980110054079834,0.0001194303460241986
singular,50,3.4715975369368635,5.420579975420595,0.00029757857697603114
singular,50,4.481151759242922,3.1448335677191204,0.9991381100323053
singular,50,3.09839138095609,5.368351496719919,0.0301113205669336
singular,50,4.043352392693763,5.040078469184465,7.87269304134128e-05
singular,50,4.087195039982353,5.1225677692516465,0.0024800433496630294
singular,50,4.820227451936443,4.760112111046239,0.6635226277201575
singular,50,5.197187323523356,2.839533227171393,0.9587779548858605
singular,50,4.649688552953539,4.700049999299292,0.7952511733743903
singular,50,4.1360767235457105,5.089488303715065,0.534384429885532
singular,50,5.425927037157415,0.012854136490778245,0.9841260151610313
singular,50,0.005619383031715484,5.321194021552553,0.015274740187854362
singular,50,4.819628473368931,8.873581910690415,0.8667050485443906
singular,50,4.683574027103478,6.033253153809046,0.33582289659868314
singular,50,4.222409194501003,6.851643539859987,0.7042519975933036
singular,50,5.215890468242813,5.179538225345198,0.5628751632308405
singular,50,4.546296859485736,2.5304129876829236,0.8976643137180111
singular,50,1.8713897708079306,5.279209654282613,0.09366975520934502
singular,50,4.416314064504859,6.8086546660191765,0.7810989224679564
singular,50,4.32099085780278,5.300198840163738,0.00020306223735829372
singular,50,4.89777426311491,4.94094279552341,0.021839878976883952
singular,50,0.0035706078101764207,5.3287731607679785,0.03544901041616286
singular,50,0.0017430740306326367,5.111982653540114,0.014085964546308654
singular,50,0.12399000920938559,4.845436425419593,0.013859402321061622
singular,50,0.2502379388316104,5.153220701478826,0.019013059191033136
singular,50,3.268420272294673,6.0676566156467375,0.25994825959403434
singular,50,4.9000706560386575,3.69017794632769,0.9999416014014371
singular,50,5.622930277317522,3.6124533296102546,0.9985424964355524
singular,50,0.631243368684409,4.370301371656651,0.05624447962280303
singular,50,0.0007768715582811179,4.923142378720814,0.012827649354550375
singular,50,5.085035261572669,5.0685803456675576,0.6939965174112929
singular,50,4.438488985274035,6.19058916005702,0.28000063416338805
singular,50,5.240794344861809,5.236093012843155,0.8310383400583755
singular,50,3.844126506601757,6.730604453476942,0.4540497026473948
singular,50,5.046654805695165,5.082517306485107,0.07019327792703266
singular,50,4.526856713901533,4.546111796912587,0.31741213003741775
singular,50,5.15334418273768,5.22106906048104,0.6064102564595109
singular,50,5.385555829061274,1.8471711109540405,0.9079930943078959
singular,50,5.404147506440273,5.5541085512282436e-18,0.9844290877811918
singular,50,5.227776419043344,5.52010403435631,0.0003558827522991655
singular,50,5.274147678884315,2.1282389941155793,0.9255707325460634
singular,50,7.8674480060500755,4.099427953624338,0.1646944649289105
singular,50,6.575658685142523,4.100135975902388,0.16152710803463005
singular,50,4.9768378226978935,4.986129703405636,0.6596838248824816
singular,50,11.22160577682903,4.968034133104079,0.017904307054396915
singular,50,5.197617821173012,0.9359678214427274,0.9254706929961134
singular,50,3.1043395602153545,5.104645319617069,0.12230396201540823
singular,50,5.1209578813299945,5.112109639083865,0.8917433199329692
singular,50,4.896531879066338,4.900590400553922,0.14547183148537385
singular,50,4.861945998449411,4.436220197398671,0.995428986346123
singular,50,6.68462429754826,4.142487580037718,0.2665129752052654
singular,50,4.2379669454560265,6.427082343298245,0.4417685537507456
singular,50,5.249838573847184,0.5057184533084556,0.9431214710017621
singular,50,4.816561286049033,6.315179947605436,0.7174473234497145
singular,50,6.451369462104232,3.5208688085582382,0.5388605491457463
singular,50,4.429855624915171,5.520360880367614,0.00033092950795886083
singular,50,7.8076718679928145,4.469748601357928,0.146873178165152
singular,50,5.475958239309709,5.483148906809742,0.4379157859445017
singular,50,4.621996704258812,15.153756003137767,0.9774013734090444
singular,50,5.2231326751330895,4.826969729956383,0.9920924579867224
singular,50,4.810351200618858,4.798241509199182,0.14521351039219652
singular,50,5.142504450823835,7.309780372320372,0.8073639147488533
singular,50,5.020998217811589,5.013628817137193,0.8645455911961393
singular,50,4.838679555523722,9.069611638355907e-22,0.9878728163643872
singular,50,4.2694779977638735,5.6267830532006595,0.1523482524229726
singular,50,5.161143725873186,5.142476378546865,0.9387312051792113
singular,50,3.8220570394643896,5.040366044080318,0.0003004525772453534
singular,50,5.318149377229264,5.335521308520514,0.8934705220905939
singular,50,1.848270801412297,5.119358649327381,0.03037480310738515
singular,50,2.1159517413404565,5.951926052076447,0.10217118789860966
singular,50,4.8684662758181245,6.06988288198644,0.4743424379690999
singular,50,5.291550542370732,1.4733041548738146,0.9341188292105901
singular,50,4.30771900295472,5.132139733538653,0.5969521571711001
singular,50,4.565141294507472,0.024593932972631263,0.9900581822161166
singular,50,5.330547824672244,5.135514142652699,0.023000423828591923
singular,50,6.204617554653804,5.166508961968837,0.3405145092931873
singular,50,4.635823976048101,4.782932012205601,0.019931013166831265
singular,50,7.735326950267286,4.551036780193518,0.26032904526011774
singular,50,5.119192140149347,1.612782115324013,0.9488958396534716
singular,50,3.358221814682965,5.687576267090198,0.3896256605139157
singular,50,5.543359115128863,5.653153040489695,0.4841164054842755
singular,50,5.274886796260566,1.4104380450116443,0.9806216096833049
singular,50,2.428066560161951,5.082212939024489,0.0008337667591026595
singular,50,4.795902649894525e-27,5.7525118568761915,0.036942445693904584
singular,50,6.114340070759457,4.493304414612131,0.4606287237151354
singular,50,4.9035538915054,4.94507205329708,0.1221646883725199
singular,50,5.001468249631949,4.8941627598849635,0.054398336271511
singular,50,4.56844107157502,5.44047665539405,0.0005466008530997348
singular,50,6.012070985900725e-16,4.9650493223621455,0.013101445351040025
singular,50,4.9191322231078605,4.980705288802804,0.6610892009904711
singular,50,5.01270729700234,5.120707855504647,0.7472910938967244
singular,50,4.212325112878516,7.568424438354117,0.7593411848718074
singular,50,4.550313230831907,4.613801221813501,0.8474235990409403
singular,50,5.413263804844951,3.9186293971652285e-28,0.9642980996654962
singular,50,5.390663004782867,5.350908803225153,0.22868518090217269
singular,50,5.227680892977705,5.188249987684284,0.8052062735930163
singular,50,5.836148227534583,3.2626006019853504,0.7061844824522296
singular,50,4.885392873367532,4.907260835528967,0.33203073406499123
singular,50,4.866460015880719,4.805827731643347,0.8934558385524936
singular,50,5.777978495827406,4.892735753251448e-24,0.9830427725028466
singular,50,5.093886516858947,2.9686424528880204,0.9840552351452604
singular,50,3.0032447960369244,5.754680330040144,0.3905889550232458
singular,50,5.381571924292809,4.616277731987694,0.18780002443165622
singular,50,3.7731489010164827,5.758914642760329,0.11024192741289049
singular,50,2.533917776809797,5.983973556577269,0.24462606127317485
singular,50,11.04618233799838,5.188445604809945,0.04294395713703088
singular,50,4.6432536022459985,4.491916089102951,0.9785010194866682
singular,50,5.360526648600877,1.94853786372358,0.8884736519980793
singular,50,5.306127752028066,5.638269163871514,0.7775879630247593
singular,50,4.518983133550813,4.520221335651274,0.17875567420829308
singular,50,4.565460262189931,8.961534110925664,0.9284498512461233
singular,50,4.292971847307297,4.339613169743671,0.42051058415905485
singular,50,4.794674149687164,5.240279563824093,0.0006273797741772216
singular,50,6.304395968397853,4.247227256653298,0.24926139524640714
singular,50,6.559564495162497,4.7794764175140925,0.3822977025861086
singular,50,0.005848337930353695,5.321208951026742,0.015278163973795904
singular,50,6.527564429600188,3.811281598866192,0.5333459331782229
singular,50,4.67456262639038,5.0915830129250015,0.7951242280513153
singular,50,5.001757302449503,4.854051165513832,0.9881027120066929
singular,50,3.1807084621837665,6.123206952959259,0.34773406211317814
singular,50,5.098598029575502,5.027452519060268,0.17636363628376256
singular,50,5.219777008574476,5.051773386717239,0.04896688054589289
singular,50,6.228406127625208,3.111537225130953,0.6764682252698414
singular,50,5.199573236510966,5.140612718364504,0.32881803357521894
singular,50,8.649497727376298,4.7655221910885235,0.11701356114767338
singular,50,5.459842972158869,5.575668939774716,0.9986442777525321
singular,50,5.596672643524824,3.860176688602254,0.7370148532564897
singular,50,10.421637843370899,5.367689847247249,0.014307656669244278
singular,50,4.681644686099849,4.86298762328865,0.016474991168475943
singular,50,4.923235948984998,4.882985899230175,0.9196038513067778
singular,50,0.1153005300737502,4.84562063287787,0.013872345095413397
singular,50,5.260473379539104,3.202861410196646,0.9997699374098917
singular,50,6.3535994074284226,3.7616798527254387,0.6861015975776859
singular,50,0.0007878577012076705,4.881084542013228,0.01251656322649125
singular,50,0.007634910946528851,4.3942403870665085,0.007805668244593255
singular,50,4.41626150074368,4.340351534591807,0.7857791069074433
singular,50,9.525796175313177e-76,5.715800438238848,0.016760633838428077
singular,50,4.8052585994743735,7.187948544113255,0.8762988859759936
singular,50,5.490086944600557,5.522522369330618,0.6943756561862655
singular,50,4.824463283625642,12.026061146442984,0.9728481484110715
singular,50,5.918692114983982,4.786903715472828,0.43567886430021024
singular,50,5.905272769900569,4.529973727601526,0.6471510886175308
singular,50,7.240691914409107,4.154505683585947,0.4359731447752517
singular,50,1.636717503642221,5.74228040186055,0.14182717846394216
singular,50,5.40134647324215,5.392839206528503,0.8417266923124008
singular,50,6.679923981233828,4.804571578410474,0.24284951505854319
singular,50,5.0824462256438485,5.075116981865033,0.6662376477477582
singular,50,5.120219210717144,2.5075005168483884,0.999916098614957
singular,50,4.783328699826718,4.761339429562351,0.848621632882805
singular,50,5.418807717546843,5.393354843850456,0.26107685241400824
singular,50,5.261900392201019,1.8295920856840868,0.9936193400343916
singular,50,4.902112770389213,0.0007548015050875052,0.9873274364403641
singular,50,2.7900680837335736,5.144623128841055,0.15485861313741842
singular,50,4.813394898041412,4.765510085685932,0.3025993754867326
singular,50,5.186007083331967,5.175143129520542,0.4470628800308777
singular,50,4.996038996894577,6.2824064567131215,0.76370592960405
singular,50,0.0009865287858864626,4.986166279019103,0.013272596442687336
singular,50,2.3838610778064764,5.184245582042747,0.0015160711096366308
singular,50,4.019961824104626,5.200400456013195,0.00033924339848802787
singular,50,4.738060043461423,5.813597853990204,0.5333125887115012
singular,50,4.858883696904401,4.886589566718684,0.2378400953608687
singular,50,9.88198476359318,4.314737239703578,0.0548319001421277
singular,50,4.713119850327497,4.7485720883778475,0.24179258769709874
singular,50,6.463052117387263,4.381573497180729,0.4028033219654589
singular,50,4.982450023456961,4.955546770809852,0.9089320726717506
singular,50,5.372366471496852,1.3728985095149775,0.9218979938166418
singular,50,11.490763536863211,5.096598227219542,0.028682676142866115
singular,50,4.732561774575903,4.881169580101007,0.00787024676715091
singular,50,5.1609663800342265,4.103919602736092,0.9990857736336927
singular,50,4.569574682983521,6.548126473182855,0.8431047807016436
singular,50,4.390704918722421,5.140404540913036,0.000539603997470704
singular,50,2.377230603684269,5.555288078616359,0.08032833912854676
singular,50,5.221656622370875,8.115465064802172e-28,0.9652109214549626
singular,50,5.342215726762027,5.302682038463116,0.9439534519199436
singular,50,4.666344601475609,4.6846119196935945,0.25246835022851477
singular,50,2.112795782098564e-24,5.279057411083115,0.014975667988974322
singular,50,4.460496784412871,4.450592301994731,0.9498424660776901
singular,50,4.220166640831872,4.600184569582962,0.00048568651371055856
singular,50,2.470497223097409e-19,4.901871725871202,0.012622061394355611
singular,50,4.6523319678633,9.57904075331146,0.9578485270430275
singular,50,5.229015627575809,4.1591228760143135,0.4681563860065991
singular,50,2.2714806593917647,5.3832521201804955,0.18743411189736314
singular,50,5.220664491492346,4.4517090024592605,0.2708752333670861
singular,50,5.67928373090397,5.681250141875267,0.635748016825971
singular,50,5.340159738646421,4.962151294173603,0.9995774204286819
singular,50,2.9151039548709234,4.95159139751934,0.09407934147149892
singular,50,4.1761556744141775,7.33594221529097,0.8848516123228811
singular,50,7.57174840592041,4.330403555041193,0.10168509064051107
singular,50,7.319536838215484,4.2553326943427265,0.15817069715358997
singular,50,4.156798172392685,4.740182682826906,0.000313143087686587
singular,50,3.904533102621737,5.416924150119033,0.18310353699678888
singular,50,5.011208179190666,4.420375227010367,0.5409731664595715
singular,50,5.447681752321204,0.026004722040739912,0.9838275589210685
singular,50,0.0022322458118049235,5.15386651704009,0.01433846293255553
singular,50,4.627746269030359,0.0003707128096986817,0.9896817821570214
singular,50,5.1223358554691965,5.181651779564162,0.02784715216638312
singular,50,0.9001559058345987,4.507082239848249,0.024143060263542234
singular,50,4.4106959142131,4.574084748414954,0.08620386138231517
singular,50,7.837805694993676,4.495121946896117,0.06727470202105401
singular,50,4.098754148450186,4.16888935298279,0.12674594794483246
singular,50,4.443418087574978,7.954167242306547,0.8072827528810574
singular,50,0.002900266812238914,5.195677812291202,0.014573667296241178
singular,50,4.329287834435254,4.610269111838822,0.9618758742086587
singular,50,5.130161166382401,4.642208035166427,0.4053503342435313
singular,250,5.239830674282324,2.648039574504301,0.876598590716004
singular,250,0.08623173573510869,4.960121270567512,0.009873278871751651
singular,250,4.7825945808967285,0.6801087071648161,0.9925424287033807
singular,250,4.414883630293306,4.81749432163838,0.04345220336780857
singular,250,5.348550281153279,5.011938486047329,0.5943389888928334
singular,250,5.042229620997141,3.813319716655636,0.9981856920598781
singular,250,4.745000865447786,6.788825615993815,0.8732772296240076
singular,250,3.4924614232105293,5.4818578639997755,0.18993593044223434
singular,250,5.156485409606018,0.004964586350212189,0.993694015666332
singular,250,0.7727424874037384,5.017739978714835,0.002294460417178412
singular,250,5.070004842576418,5.169755365996828,0.8195983659380055
singular,250,4.736574054833828,6.347720657971728,0.7024318307021626
singular,250,5.473995031950287,4.521673887837119,0.4182686844927877
singular,250,5.120139621500717,3.5442784993426844,0.9999113998697237
singular,250,0.018954040080258427,5.045049951333741,0.009759055975019979
singular,250,5.203627821357304,0.12325606232025539,0.9835390350699152
singular,250,5.042585934338632,3.9841322859186654,0.9975568752183978
singular,250,4.9059987243677385,5.017601982565123,0.2294017484672518
singular,250,2.9261026132632577,5.227241409777367,0.13525538322540623
singular,250,4.801684539166773,0.0007783714615122593,0.9921505362007984
singular,250,4.603095525023896,5.686067001581799,0.7775523361503566
singular,250,3.6923987965272445,4.885820712670439,0.00822903663624392
singular,250,0.0270715868256293,5.007999776406147,0.009636713194652697
singular,250,0.2704816121918802,4.888936713506228,0.00020281966278310878
singular,250,0.12132172536003917,5.038071502625898,0.006116134435993211
singular,250,4.474805858141059,5.823961142771218,0.6136885443829284
singular,250,5.105294028908707,1.1244922896949934,0.981588123772478
singular,250,3.692098364279591,4.981541310084524,0.001195330192420966
singular,250,5.377779054874189,3.249002278281995,0.8131419605624566
singular,250,4.845262785169557,3.604337518494253,0.9989823841906786
singular,250,1.0733202931945543e-05,4.901657253452979,0.004418362965078525
singular,250,4.396319686766593,6.273359511103152,0.7146143058404516
singular,250,5.146139696968487,2.228235584884581,0.9828165371299056
singular,250,3.243835300344094,4.6882078342675255,0.0001438924257037995
singular,250,4.962342101873096,0.04847280966812356,0.9905691219856803
singular,250,5.2783921656114545,4.40301023841362,0.5814487891196203
singular,250,4.604523721017109,0.02242568652694905,0.9981397776841622
singular,250,4.960999253716329,4.106588873443806,0.9988304756831121
singular,250,4.671355867429859,5.7841387621884115,0.7334213762923585
singular,250,4.988441564290274,5.159580789725999,0.11441438791222162
singular,250,4.806528608780947,6.041594189351829,0.6976100726194443
singular,250,5.164301995338782,1.8962973442915172,0.9999075902971312
singular,250,5.437135075674997,3.6218711523912135,0.7393574181658927
singular,250,5.453056033142069,4.99683545814207,0.2787347805563785
singular,250,4.71897173364693,4.11922588330689,0.9883755199923818
singular,250,0.9981241780321786,5.024024585807923,0.004973939685454564
singular,250,5.117468500163674,2.271852170760715,0.9994839430219378
singular,250,0.1556350858282261,4.7030619914508645,0.003312200891506418
singular,250,4.774307602622172,4.909950902890796,0.6041647669181053
singular,250,5.471020855451217,2.209696956451005,0.9254839865719172
singular,250,6.038375623186063,3.971492428046074,0.5421242838437397
singular,250,16.087912516540325,5.0391811563091995,0.004418502188090042
singular,250,4.594133575761143,5.4769927035378645,0.4632593022714939
singular,250,0.10955079965446854,5.041871105248803,0.006056197367174828
singular,250,5.188799758551324,0.7048282703145812,0.9873327119272867
singular,250,0.0020290534850391263,5.124559825293392,0.014164839319799115
singular,250,5.093956238221387,5.173271678430579e-05,0.9941191990958975
singular,250,4.527298330228584,7.638829755478384,0.8532228644501784
singular,250,5.170363877924048,1.057367931348121,0.9935901035968694
singular,250,2.1342078644886366,5.245199194377038,0.08524588025340214
singular,250,6.302861032839989,4.67266872041584,0.28667248399007833
singular,250,4.987880330235105,4.907377058397358,0.35555004100120413
singular,250,5.1654408918399195,2.514026316978405,0.9873875280927473
singular,250,5.320583083986274,2.8495704124280294,0.935013249492967
singular,250,5.037952161386537,1.9045652091544747,0.9559734678513713
singular,250,4.652657359717315,6.173478931475621,0.7058546192466951
singular,250,4.958015675852918,0.37010020936560756,0.9986887997617114
singular,250,5.0381033846396654,4.974925328746852,0.8400807923433696
singular,250,4.675310651250803,7.225559380997065,0.9228744449688362
singular,250,6.151803990833256,4.188396680876092,0.4602220408070215
singular,250,5.164403293055198,2.212532353467303,0.9510807565742142
singular,250,4.808076041387062,6.223761851953414,0.8135716578897163
singular,250,4.830840369969836,8.602171078380374,0.964691606139657
singular,250,5.39092389708601,3.067378858789743,0.8765145962927419
singular,250,5.045835829519445,5.22033039801076,0.9188274420056838
singular,250,4.703694155931641,8.040103801406644,0.9531514829780108
singular,250,4.9712893900254596,2.672419100304707,0.9289697244965935
singular,250,0.01336918177812572,5.121589349715114,0.0018772389207699853
singular,250,5.894226520125817,4.296934374756111,0.367538040517947
singular,250,5.0442384932838005,4.8733895147372746,0.38987932985848195
singular,250,1.9540981397158161,5.285213803119361,0.06280592577971264
singular,250,5.313983394896988,0.1824919785528866,0.9964954837808531
singular,250,4.912700334707014,5.058210188634607,0.7848965932674155
singular,250,5.205834899407061,4.732085672766182,0.996126855087301
singular,250,5.020751464390614,0.5703883798310817,0.9899443116122633
singular,250,3.2977930304355945,4.7860020068301035,0.0067208349020540835
singular,250,1.0687501920960891,4.685917736995727,0.00937687750835643
singular,250,5.0150202653659,0.0003048396434639963,0.9946118048439399
singular,250,4.978343624738405,0.01285160880867687,0.9866390632538393
singular,250,4.482069941091468,6.089390651109504,0.6976769751799696
singular,250,0.0036343759589639512,4.886376088208614,0.0004866299199591597
singular,250,4.731445500047133,4.850655065818244,0.7269136940287716
singular,250,4.989400271885432,5.096402910752427,0.6766460296593636
singular,250,0.7233280549692241,5.218525265855376,0.01568902598635338
singular,250,0.03384401730184581,4.918838228641231,0.004675180287464306
singular,250,5.440473778259194,3.687575316163576,0.8331484768892204
singular,250,5.052031039782876,0.0034597578785538112,0.9984092450448973
singular,250,1.843961983868568,5.414759050292682,0.0455805937063999
singular,250,4.549175834602318,6.516828257163451,0.7505534210362137
singular,250,5.307580210685814,3.2281221150266073,0.854009940705451
singular,250,4.793527912875141,4.030757279654221,0.9979968907970544
singular,250,5.0914531214059755,4.992584390312766,0.23683534145046378
singular,250,5.108617276010241,5.020855623431805,0.8562324701102894
singular,250,6.146366255496031,4.21779256587371,0.4574403554675963
singular,250,4.927026466504261,5.0093584860783045,0.8910079754855373
singular,250,4.838414040719184,3.363074806941307,0.9983637385464209
singular,250,4.736252351402606,5.444332454823338,0.791340488337935
singular,250,4.9678855020826544,0.16294941269173355,0.9941964884518988
singular,250,4.837546830799451,4.864952340090925,0.034749950486106664
singular,250,4.904046553425899,0.27141892363330483,0.9991265101041413
singular,250,5.168214772916652,3.814842254345312,0.9998413053954461
singular,250,0.4496499721805356,5.1478497921310655,0.0033735883398915653
singular,250,0.25223170686074775,4.746680587461676,0.00949628944405051
singular,250,0.0615259514687055,4.8780446197279685,0.004576878290380515
singular,250,4.972136553739977,4.889462727703775,0.07907305866505304
singular,250,15.080143234518328,5.097929521376866,0.005416682128529483
singular,250,3.4644202833106106,5.032639033403457,0.00040748996491678105
singular,250,5.5860281732393275,1.4810017358416494,0.9585804925175818
singular,250,5.134028692725816,4.792838988837342,0.09133045577730232
singular,250,0.21389787463766102,5.122414480393254,0.002121716443017189
singular,250,5.0808525430796845,0.04200418256782774,0.998243141597778
singular,250,3.105800760260287,5.130518906558964,0.001244077633012905
singular,250,5.114431963333642,5.120424723764665,0.070872808875463
singular,250,5.14111968841104,5.09208948256014,0.1613396742391066
singular,250,0.6935002561312406,5.188814851391457,0.022426650961815786
singular,250,4.592407117143659,6.755467659866618,0.7782804163897281
singular,250,4.727280247990872,6.20705969097976,0.8508428042740537
singular,250,5.427620721772651,2.923345801527796,0.974595152769236
singular,250,0.020054742508554387,5.160687821230865,0.006358715109655134
singular,250,5.60092050899338,5.32758046245713,0.0015348557527036703
singular,250,3.6660230583960978,5.416670384930496,0.1077717836544439
singular,250,5.703528910081185,4.747339107890305,0.3688189220400139
singular,250,5.01052774114017,5.102187947123596,0.3293462719149201
singular,250,5.051222438234677,2.4843768353331215,0.9332946095234053
singular,250,0.0016271106500682661,5.023701773402185,0.009498419797694675
singular,250,5.256635150478236,3.642563951138094,0.999606491660036
singular,250,4.9079180842109675,0.25649674794328536,0.9836785191616517
singular,250,0.0015881889847833986,5.214449832123946,0.006608621997341243
singular,250,3.593994683751629,5.244937235845799,0.18712779281987776
singular,250,4.915696850710457,0.20873985207621668,0.9992145985800298
singular,250,5.130650851486153,0.01508086731245852,0.9979179541049948
singular,250,5.190206855634465,3.008109307625785,0.9146661175599609
singular,250,6.046410894797159,3.9345599995461367,0.41927202457568186
singular,250,4.958077052362898,5.1032905202619085,0.02265988347717453
singular,250,4.889714278556497,0.4567077950146213,0.9987109699528491
singular,250,5.084736111643156,0.05350650110099756,0.9982636229471894
singular,250,0.002786759359670864,4.977614096366654,0.0051487407766121224
singular,250,6.5709007108786075,4.601868816598136,0.22047950805819957
singular,250,4.1878285919319875,5.902933639981986,0.5404529833527518
singular,250,5.205223481603397,1.8837831298877743,0.9659113307439339
singular,250,5.036079904701099,5.121068487521388,0.012572130113616381
singular,250,5.342263479588523,1.5589287100912272,0.9835426988670094
singular,250,5.460979597249449,4.4327593575578215,0.2676864662037063
singular,250,5.288289151759399,5.316036449983944,0.7221045386761186
singular,250,6.489615286142997,4.8378267987302515,0.11513169072126357
singular,250,4.86229819335696,0.163990562610018,0.9995108465563389
singular,250,5.135493926929054,5.58663222162722e-05,0.9938673338949132
singular,250,5.755638912340872,4.249347720514861,0.44788967972871613
singular,250,5.0611154669691825,4.96466687437463,0.5737058897062239
singular,250,4.729443658738706,7.446933737793632e-05,0.9971574097516365
singular,250,4.996014928548661,4.797745324731707,0.9999247058128228
singular,250,5.037964692369655,0.03380404990283572,0.9988080533788143
singular,250,3.552043782920827,4.955652075909218,0.002601919586441091
singular,250,4.708393163851042,6.281800431015623,0.7536512991658801
singular,250,4.960738115547167,0.6627026230805493,0.9979669512821665
singular,250,5.194935951948433,0.26233529696716884,0.9969719924654021
singular,250,3.064361536125466,4.980700044976111,0.00036530340171024106
singular,250,4.866790813280257,4.716597220173518,0.8482570873441927
singular,250,4.9028551507051965,10.10644001332642,0.9828685701015182
singular,250,4.853099166687845,4.9593976121499335,0.6340413715078407
singular,250,4.012498285010018,5.041302345972001,0.001265883389674957
singular,250,6.081437900719495,4.268331685401596,0.3881009885981926
singular,250,5.038558014005099,3.9518753679904166,0.9976460339966945
singular,250,4.682829450624418,6.506230118053174,0.8304428889940294
singular,250,5.128166745273207,5.144394985373928,0.5173071954706205
singular,250,5.487740404632533,2.119942995334948,0.8694278927174998
singular,250,5.264373205600207,0.1526875356438351,0.9921017824242413
singular,250,5.1982189126726865,5.226131424371301,0.6495805381856944
singular,250,3.480230974958734,5.70479802909023,0.23770828939866676
singular,250,0.23560753573741233,5.233316012679701,0.023473960760407878
singular,250,4.774997325181708,5.798788616532102,0.6903639662726948
singular,250,5.011950230135404,0.17870346692425707,0.9983550953375862
singular,250,5.186851859429927,0.7838332738271019,0.9839083442296613
singular,250,5.09425337711682,5.0350631443847735,0.42130017849592366
singular,250,4.30222036577061,5.6260140847603095,0.5605209286886518
singular,250,0.004026134544629091,5.106633766286385,0.006003551222676964
singular,250,0.013248247863009424,5.05634429935864,0.00562041632148463
singular,250,4.540336976153489,7.15340040886177,0.8103134360834131
singular,250,5.109209857255655,3.205190175699398,0.9993645773374213
singular,250,0.03423534010316991,5.246018447893414,0.011132168529172367
singular,250,5.346197619586759,5.099081060687076,0.01990534076237677
singular,250,4.95598028964319,4.983603979029633,0.5648767190848392
singular,250,3.238799879949735,5.127610427510992,0.10779822665321505
singular,250,4.923627335613265,4.996383709419795,0.5000759042299794
singular,250,4.461124755099186,5.403812865583295,0.4368495380426643
singular,250,5.3097579029672435,0.055689259345110105,0.9882456992559071
singular,250,4.978363264354776,3.849998595293724,0.9908156780880097
singular,250,5.0531981396607035,3.7615574745119553,0.9061672933263192
singular,250,1.6350937891493467,5.2381484587896985,0.04278271436971685
singular,250,5.322129502459564,2.547084723799084,0.9545486604650582
singular,250,5.346036539488073,2.4282061008242857,0.9047112074081322
singular,250,5.081066660973519,0.6506582529634768,0.9898278766147052
singular,250,4.957518407283629,3.0870626394215233,0.8473535636664814
singular,250,0.9606127621584333,5.139996374255401,0.046896000091521096
singular,250,5.116219282769334,0.8221657054625118,0.992496767404207
singular,250,5.3915891752776215,3.818951328243387,0.7052155547751285
singular,250,4.9275755862843305,4.981292912385019,0.545315906642709
singular,250,0.748298523680229,4.88915877675869,0.0022118053252052376
singular,250,5.052847882530541,4.199798014313022,0.9990060574860468
singular,250,6.188199971124387,4.477134626783443,0.31259202051256135
singular,250,5.153422927152858,5.264715896314409,0.36584428127986296
singular,250,0.37816960962531443,5.0894291781199215,0.008793652210752588
singular,250,4.578282462522764,6.4614298902427345,0.6910929389200539
singular,250,3.0458525508336765,4.7772641273945196,0.0007301137474377472
singular,250,4.94716127647681,4.877259110346907,0.43977020105449804
singular,250,2.967466692619745,5.364067137257821,0.11519113996472248
singular,250,5.0643941498112675,2.593396586252254,0.9642273423839574
singular,250,4.774575480038242,6.621972302328059,0.8931336691826425
singular,250,0.5220046993351303,5.006643802686558,0.029131397126008526
singular,250,5.886574890460534,4.596608390991772,0.35922763048425127
singular,250,6.737094822348543,4.411972035692028,0.21161375525268458
singular,250,4.422488474542027,6.41481824417657,0.7181633612988809
singular,250,4.892121955662406,5.477473122380556,0.9933748413634549
singular,250,4.969433825477291,0.007801712608735238,0.9948738993744988
singular,250,4.902867768312233,4.959221288035585,0.6250060015504108
singular,250,4.9561310702034245,2.9375731395369353,0.9999350674055785
singular,250,4.909386409596072,4.475684238129324,0.9875803951410834
singular,250,3.085709429312803,4.896230837613677,0.00012749786476884037
singular,250,3.698018124926625,5.692894090786689,0.4215270047750306
singular,250,3.4426437294363645,5.157437056778821,0.1827841593392349
singular,250,0.009348863513953035,4.998624547001187,0.005336355152573608
singular,250,4.472000061478274,5.415962192026365,0.37285626259393
singular,250,5.138089405463189,0.039438697570443514,0.9980211616678171
singular,250,0.1693470671384434,4.935138557440288,0.005694449179220864
singular,250,4.756086340162483,7.88646254848957,0.9029146531879859
singular,250,4.531122185454101,6.07871319684713,0.7047812948107961
singular,250,5.093713110846704,5.144399272628003,0.7181303801431793
singular,250,5.256886338662318,5.245082597902735,0.24715911308837557
singular,250,4.176302280528428,5.637392482485847,0.3979168991120175
singular,250,1.9608433452294889,5.414924048995397,0.10622914762684812
singular,250,5.119087447080791,0.020529212618827574,0.9939026984392042
singular,250,6.184384784691358,4.5277597348729755,0.4178617637122616
singular,250,5.118475475896245,5.046273596213289,0.3563121057191028
singular,250,4.863036140026068,4.851442091602247,0.3931248370834509
singular,250,4.988790135259472,3.772803823018458,0.9993502103999707
singular,250,5.068661009458816,5.2442266849802035,0.9809815299529977
singular,250,5.160461966821155,2.338409731215707,0.960148871306408
singular,250,1.746900815007879,5.177056361068864,0.020132136907950345
singular,250,4.7938462015352306,4.892384835925829,0.08509186247286564
singular,250,4.928798403642819,4.833643606574998,0.3610579233384852
singular,250,0.08250165073074889,5.280645495753129,0.003202199910083045
singular,250,5.350569008578549,4.8627920797057635,0.3796979917074737
singular,250,0.7234559029167179,5.095763270821342,0.010924042342483427
singular,250,4.97622480084773,0.79487063957135,0.9769871679995733
singular,250,5.271477516326974,3.8237696130123653,0.748928968685761
singular,250,4.649848657482198,6.271162342531887,0.7716966519613019
singular,250,4.923525694167069,4.984441422969849,0.07291093872040479
singular,250,4.459011707574826,7.370290809161545,0.8911171751782887
singular,250,5.106170752285132,0.07394904923139597,0.9892352214425965
singular,250,4.420867629225155,5.828331277886689,0.6709454121850514
singular,250,4.614421730572839,6.270205306639632,0.8275268135552263
singular,250,5.023590899929585,0.4779841055360676,0.9780907358611802
singular,250,5.362227397196763,4.834324900831947,0.2304878268352935
singular,250,5.023773772631304,4.957643842453599,0.8219600020797596
singular,250,5.5796921570869396,4.493456742179789,0.3742680934914665
singular,250,5.3421992296973615,3.7443294288779163,0.8509270094627199
singular,250,4.690319147984115,4.7615861648597075,0.022256647313793565
singular,250,5.244992888609588,0.8874154396418356,0.994264499276884
singular,250,0.39266346902003557,5.203281542083947,0.009828579481021536
singular,250,2.501204409225682,5.326701920684279,0.11704201449236554
singular,250,6.236556569731709,4.5764166833910656,0.19250384816268407
singular,250,0.00030458525474676287,5.102326125646761,0.005943943083476624
singular,250,4.87734962509323,4.910025583120013,0.3068183375616837
singular,250,5.236814963885372,5.181084153334176,0.411188110116792
singular,250,5.22095831621101,0.0017060075017221136,0.9975172083193998
singular,250,3.401168528588427,5.185647204098181,0.1780056037976712
singular,250,4.930622653510176,4.627396374595717,0.964967899391157
singular,250,4.369485899713167,5.57281853003446,0.5391846889926215
singular,250,4.609555119461445,4.66871213260238,0.8910546662793606
singular,250,4.8753626345364145,5.0468230697474725,0.016464846505247186
singular,250,4.8605740577169065,5.261713055395544,0.901715010230247
singular,250,1.2517811984995413,5.123620403935502,0.011266068041838936
singular,250,4.107175631533584,5.978153492074252,0.6639060345242671
singular,250,4.827283369820833,1.5838887044082248,0.99035474462777
singular,250,5.083719101722771,0.31605335565515347,0.985796172523499
singular,250,3.85231112851917,5.139564203281766,0.00276884425575977
singular,250,4.931165316275722,4.89659207328285,0.2142676265191024
singular,250,6.4443945908843645,4.457064077509612,0.32955561145097123
singular,250,0.015598117501464037,4.965509740181778,0.0011130986978701025
singular,250,4.969239364384534,0.0025085814995706723,0.9949183143826718
singular,250,5.030655462665017,5.0866771220083375,0.833197776636422
singular,250,5.081019389426528,1.3899706700066712,0.9823845756669546
singular,250,4.917996429056921,4.935260528026759,0.6522511279871588
singular,250,4.9053677040477455,4.88802912113076,0.6904185265055603
singular,250,5.162398091745381,5.172415475468645,0.041475447094918225
singular,250,2.0900248657420795,5.191028205616312,0.08997997584472997
singular,250,2.5230112024766234,5.064264014210326,0.00010389135984691859
singular,250,0.5476137287268009,5.1107814474553575,0.010251967567037352
singular,250,11.575273714535195,4.64792979970082,0.011558571551170833
singular,250,5.043866412993286,4.976669887871994,0.16861157786886843
singular,5000,4.750230554554696,5.869600040446628,0.791338384341288
singular,5000,4.993777365792847,4.910429795420026,0.29479209135994344
singular,5000,4.946078933387231,1.1650850233407237,0.9995559544851711
singular,5000,0.18562034134435598,4.990841636342695,0.0012156851857738863
singular,5000,4.997966493618141,4.325810783910765,0.9914208961779725
singular,5000,5.310515202983642,4.916692407488736,0.18919065468932894
singular,5000,4.60632857277314,5.439850828911881,0.5526557035751042
singular,5000,3.8176375130873113,5.102329739906928,0.07342594431387918
singular,5000,0.8238536800451552,5.032605783715039,0.0003815344015244715
singular,5000,6.069742321315617,4.874463249748505,0.10168064776048004
singular,5000,4.304804312694541,5.39227980618915,0.3776451135182975
singular,5000,5.075035606681191,4.931416747431282,0.5652687466863371
singular,5000,1.8927060583707285,5.039465797964546,0.008219819784489196
singular,5000,4.982080823944526,5.0439814541825765,0.781598733268393
singular,5000,4.588996026486191,5.1902795207624095,0.37266867109356683
singular,5000,1.675909322617102,5.096921807947713,0.007518770556380271
singular,5000,0.9576840350607487,5.006178329403307,0.0013778775509456207
singular,5000,6.2233866003423,4.83854282231107,0.11586662714912575
singular,5000,4.666524704866184,5.555432228271649,0.6961716623804264
singular,5000,5.004547369808219,5.009073371781118,0.5022913809430258
singular,5000,4.976906414572457,1.7395137218748906,0.9940364310403449
singular,5000,2.829287093247599,5.045099950740711,0.007626975664285106
singular,5000,4.8785061092585975,6.637016851365821,0.9380760730463675
singular,5000,5.00728534050804,3.9306895415860383,0.9698258710088395
singular,5000,0.7047455500040817,5.018373210449632,0.006670304605442295
singular,5000,2.3758821438873814,4.995834131101309,0.0026084947871793597
singular,5000,0.628069205144937,5.045001454967877,0.004845321086537931
singular,5000,1.3166171259937152,5.007947374588514,0.003778414189254093
singular,5000,5.164776558392705,4.498609717409469,0.7325346333213971
singular,5000,4.358169349911655,5.089104654379819,0.09974159673798821
singular,5000,4.667677713928034,5.15899733194809,0.5019081732210083
singular,5000,6.719036073395627,4.998329226857383,0.013640192802066782
singular,5000,4.988798655962244,1.761538885810157,0.9959102591975166
singular,5000,4.2636797619175715,5.160095688270496,0.13084962551671353
singular,5000,4.995709726652899,2.820097749847571,0.9997657088404001
singular,5000,4.914365743364388,4.977865216931568,0.1868553590293167
singular,5000,4.329561514367067,5.111105089604065,0.14804688218309178
singular,5000,1.1000700282187201,5.115854302620955,0.004396227838603841
singular,5000,5.034449385247992,4.560196630375758,0.7603611490277706
singular,5000,5.152690739855095,4.581825849772615,0.7192142262735165
singular,5000,1.119805118703959,5.083125057696604,0.00855975753126463
singular,5000,0.5889657257540867,5.003461375885144,0.0004669561482257405
singular,5000,0.8801579308357173,5.021952629871485,0.00042315710913765406
singular,5000,5.203101822276142,4.9631844606466595,0.057584575203342876
singular,5000,4.670079608122615,5.015389455758668,0.008078123974063196
singular,5000,5.044470837783287,2.312430950159547,0.9938248201061515
singular,5000,5.682660952815412,4.700029464214863,0.2942817720984725
singular,5000,4.999454649626626,1.664800741567939,0.9880483400300379
singular,5000,5.014872152803366,1.706761778844744,0.9880680665572594
singular,5000,6.166677952487534,4.882868933160455,0.11631875504179025
singular,5000,4.766993825731568,5.381905737779604,0.6711623725177711
singular,5000,0.6204958258670376,4.978918407146538,0.00025660823971997176
singular,5000,5.912124158685275,4.819502249685677,0.18148798654045434
singular,5000,1.666729754433585,5.057151149747916,0.005589614840829842
singular,5000,5.709314544289297,4.977349450920113,0.004440852588920839
singular,5000,5.012298467471688,0.6234434760045352,0.9962863964511717
singular,5000,3.1218036667034177,5.066006141253288,0.06779445195583803
singular,5000,4.725702593558793,5.561241327193733,0.647775268106498
singular,5000,5.0710478092977125,2.988762457254098,0.9684731925750435
singular,5000,5.0750495154586845,4.850528457477868,0.5632947914085534
singular,5000,5.141014175720967,4.7071565667675594,0.7432010562411572
singular,5000,5.05251227930248,3.5710417753025734,0.9920941528900595
singular,5000,5.153970600612523,4.766216125231608,0.6792542484768553
singular,5000,4.946577975320951,4.99633126533008,0.3403044366909915
singular,5000,5.006522759162017,1.3755740937397107,0.9939622503146777
singular,5000,5.024277738376355,1.8831512020647554,0.9983197944064521
singular,5000,4.947964203780714,4.993182213561604,0.1101820620975121
singular,5000,4.999325384139763,1.0076492831234853,0.9974132710474228
singular,5000,1.7489323611854828,5.039940358033688,0.012622381371746733
singular,5000,5.91979828135325,4.908383264422881,0.08583690584366224
singular,5000,1.0249528193035007,5.094823986300317,0.008310824817895673
singular,5000,5.089187338022736,5.24718912465597,0.9999198618095742
singular,5000,5.68745930385094,4.750519013550627,0.2797200517072194
singular,5000,3.8868082363560137,5.07023392613364,0.09382416411334399
singular,5000,6.110546711273574,4.780924681243412,0.16250882873208428
singular,5000,4.988401872065292,1.2393737489863366,0.999145946106525
singular,5000,4.971076127636785,1.4327615173799157,0.9961913709996828
singular,5000,4.831174442981932,6.50085372946743,0.9103866483646518
singular,5000,0.8966550811573952,5.014661941062473,0.001812027351174821
singular,5000,4.959488836955772,0.6814193764412159,0.9996987339808749
singular,5000,5.021034137151147,2.7498371359351785,0.9976954279402724
singular,5000,1.1662984767448816,5.055627249684856,0.00453220869562333
singular,5000,1.5529563978550682,4.964010270648359,0.00111703619774212
singular,5000,5.1518069738548915,4.888172472019635,0.570591204615413
singular,5000,4.992102050385791,1.9847410255143652,0.9936482350380186
singular,5000,4.5427361729510105,5.21369170699108,0.3196809566492979
singular,5000,1.2923615654396978,5.000143842585618,0.001441250371834472
singular,5000,4.86490676840795,5.010803885900754,0.050747307609554454
singular,5000,2.277363891998353,5.0103777175790984,0.006504803383246878
singular,5000,4.86085740665217,5.49946673381901,0.8337910380690428
singular,5000,5.045912420617464,0.19671572939256193,0.9976259118055081
singular,5000,5.063081471059016,1.5626728016453504,0.9878638538893155
singular,5000,5.267004038442024,4.878656773806359,0.3109156087578541
singular,5000,0.46643877198956657,5.027497631019582,0.002915470163963266
singular,5000,6.306395626072105,5.029528589847176,0.011020262684849453
singular,5000,4.84453585704838,5.086589278247614,0.6246112015213894
singular,5000,2.2377171822186637,5.027803881518432,0.00838822733512364
singular,5000,5.03282511551076,0.800617811415088,0.9951738858606679
singular,5000,4.921632339469574,5.0295273265157725,0.5387398257055709
singular,5000,5.743080567728812,4.804108421221525,0.22182934771096083
singular,5000,4.939331824678962,5.862436298913788,0.9390446294091828
singular,5000,6.580401424779524,4.863907692311681,0.04561176438189076
singular,5000,4.9748982907270545,5.125097694799675,0.8142355527625237
singular,5000,4.663649936783577,5.2023221445207595,0.401955291939614
singular,5000,5.015486241906084,5.778662699644997,0.998278565748959
singular,5000,5.8512329263720035,4.690711934259789,0.25134234341536765
singular,5000,1.477993392855149,5.015237381454345,0.008152499954001224
singular,5000,5.0864727578626185,2.162774221714312,0.984310024684333
singular,5000,1.2580749130578261,5.068754570465867,0.004974065565710423
singular,5000,4.975834391490631,4.292155870091373,0.9900035012411241
singular,5000,3.9170754472626177,5.0197265885227385,0.004105186448693953
singular,5000,4.992230906448084,5.482618826670747,0.9980238225454828
singular,5000,2.719993150404534,5.037420629035296,0.02598598212483231
singular,5000,4.976745247061191,0.9097745219141191,0.997948043488584
singular,5000,4.953243896506234,1.5018953607350496,0.998538572255475
singular,5000,5.0823394263924735,2.6851077735009206,0.9737449543865828
singular,5000,5.012315524363326,3.0360083755910026,0.9933636204415769
singular,5000,4.542471819547171,5.001383794065175,0.007809327854081794
singular,5000,2.774956316761793,5.046363358133839,0.003241760723516423
singular,5000,4.94819521948081,5.085018495817187,0.8479441431584804
singular,5000,0.6270814455475083,4.967094419171774,0.0026023929514529674
singular,5000,5.012505292745372,3.6010948839627845,0.9915649674458636
singular,5000,4.967917873262448,5.395640602580774,0.8310070478303684
singular,5000,5.005667648692252,4.929034619237254,0.6180804947892956
singular,5000,5.083520318081475,1.7131809215670895,0.9835861284063718
singular,5000,4.992325169003067,2.154879367397322,0.9928368080223561
singular,5000,4.872075536457052,5.178716401512211,0.56586196194366
singular,5000,4.005711880312704,5.197601227772703,0.083230232725971
singular,5000,5.000664137883291,1.3553440217938473,0.9998178108198476
singular,5000,5.039125477235133,5.182522929490131,0.9506649340443606
singular,5000,4.900928943745836,5.075752665732939,0.28115558446104605
singular,5000,4.985622491777184,5.0070318487408665,0.5713319069609032
singular,5000,4.936904313265569,4.970128293199598,0.3108686322380879
singular,5000,5.072135720939,1.9919519996137778,0.989112428357163
singular,5000,4.634120439036451,4.967649633259868,0.0025474029697642145
singular,5000,5.103382239216739,0.5955155094071589,0.9976968619883926
singular,5000,1.1529349741554882,5.020352335261792,0.006296795248089607
singular,5000,0.3167960741806212,5.013951354158603,0.001437328288332853
singular,5000,5.10140411773364,3.3407709488765045,0.9600120462462032
singular,5000,0.3925444343506388,4.9945561897095985,0.0036845168180748822
singular,5000,4.915168276469366,5.004031938729476,0.07012921334747223
singular,5000,4.945793963793359,4.99352163126512,0.23302272778572164
singular,5000,5.812522542078198,4.644195316731481,0.2531865019072308
singular,5000,4.9471725013310435,5.047807806194012,0.36774178052527734
singular,5000,0.8459454908133841,5.042612606183964,0.004435092341680752
singular,5000,2.9531059151047696,5.0500353685637815,0.0031643260829951015
singular,5000,5.048630744676519,1.1087166856463104,0.9923270547977315
singular,5000,4.718871863232467,5.657538099485546,0.7218093858261388
singular,5000,4.625787007800103,5.062425256387367,0.22266775002404737
singular,5000,4.927527158776301,4.961108474133803,0.9799638216509591
singular,5000,5.0192188428929,4.946840690746098,0.49682546717918696
singular,5000,5.0178846646326285,5.027074421057761,0.5739456862357126
singular,5000,1.3131808480907161,5.0019798331436585,0.001621078613361592
singular,5000,2.585431072948839,5.021739772774815,0.0035052096540248664
singular,5000,3.5126341807170127,5.033604292840689,0.046683555629864995
singular,5000,0.4496490589530752,5.013240640375283,0.0025507629610570445
singular,5000,1.6041234750930262,5.038231363640301,0.00868678696431961
singular,5000,5.043356917160225,1.8015022035001431,0.985700495162597
singular,5000,3.33428536608152,4.960938679523793,0.003036098400919745
singular,5000,5.0114044786907135,5.004336079593965,0.6315320265502051
singular,5000,4.994317162772314,4.355619778505057,0.9835334181235629
singular,5000,4.896233412783182,5.1043467007123065,0.6147935193637539
singular,5000,1.10732447276944,5.0244248215573535,0.0073587140973482975
singular,5000,4.8710585907395885,5.135207118027844,0.4459881689943488
singular,5000,4.747905480429836,5.0050398448253794,0.027378078546317228
singular,5000,5.059615949852645,4.997994604771257,0.16561461317119935
singular,5000,5.083019344769948,3.853677654884215,0.9025337334967509
singular,5000,5.0441199981049785,0.331392059581035,0.9982345685527927
singular,5000,4.685322723279962,5.03942537248297,0.0927001606930977
singular,5000,4.698164383963222,6.039589159135182,0.7833381182336341
singular,5000,4.8301120553825445,5.125977879851437,0.5075877895698905
singular,5000,4.475172130682482,5.3657078376451235,0.4562510345945756
singular,5000,5.056217616879167,4.933990857308999,0.3862422832530242
singular,5000,5.033218705691998,4.1586184637909085,0.9629331160239486
singular,5000,5.0374598888610285,4.2218562424083075,0.9987004853820008
singular,5000,5.65176477903087,5.014494721067549,0.040650393987194895
singular,5000,5.06789787329694,0.9597615139110147,0.9995867047370369
singular,5000,5.083751389340478,4.991355697752961,0.22992741200400874
singular,5000,0.7245299601328286,5.009130208676791,0.0034846211573330704
singular,5000,5.060004338522723,4.872040325834389,0.6179889038558457
singular,5000,4.9581353483616795,5.866594044656395,0.9735104614701103
singular,5000,4.891473301030743,5.020366216578255,0.7802307531882076
singular,5000,1.0554560681704506,5.030512937016885,0.010845866723259715
singular,5000,1.5171224673352341,5.044095280283378,0.0035994834541312267
singular,5000,5.031114188074343,1.2581762429564687,0.9987505259448061
singular,5000,5.009804434173307,3.5695404674000484,0.9919428421171391
singular,5000,5.056585032118594,5.038429749222769,0.17461863830055138
singular,5000,3.9930476303129914,5.105171146776543,0.09097114239456017
singular,5000,4.993908148162557,4.973321520289616,0.0038121692813691843
singular,5000,5.024637260660098,0.9768621450775841,0.9949509891047155
singular,5000,4.494885107999293,5.149268041684652,0.0862920451892535
singular,5000,5.066511749454407,0.4622639067117031,0.9962834864588489
singular,5000,5.510734667373643,4.721071413248376,0.3577836315361773
singular,5000,5.173850990092984,4.577873648098017,0.7032588697063442
singular,5000,4.034132905301036,5.026803672816153,0.050775820610014094
singular,5000,3.4475551859408515,5.010252609030311,0.031645671324229754
singular,5000,3.514749784195061,5.0094479262180664,0.0008349018326725485
singular,5000,6.110075078002283,4.93117629808288,0.09366682178148553
singular,5000,4.722605320613608,5.868577374325008,0.7464207975707391
singular,5000,5.336402648105617,4.329325805994407,0.7183902595644558
singular,5000,5.353209730856772,4.839586643586783,0.2527405010222741
singular,5000,4.989198222151882,5.059911311529175,0.1147073561713101
singular,5000,0.8063159803233529,4.964730409555352,0.004840885846740707
singular,5000,5.063381923902643,2.5395194138470907,0.975758614560455
singular,5000,1.0040043728694847,5.031081372816164,0.004042975293588653
singular,5000,5.025543102527365,1.1623729467936474,0.9972708676805685
singular,5000,5.010977980148661,2.633054592822192,0.9976542641455833
singular,5000,5.001323049578736,2.0468944133899205,0.9906841379610196
singular,5000,5.099830491772528,5.034695191952644,0.24725161459130213
singular,5000,4.773289562919229,5.631308308818615,0.7173599781592905
singular,5000,4.912891055865273,5.144406698649193,0.552907341853636
singular,5000,4.777390288213695,6.027106253336677,0.7961059001424855
singular,5000,4.962092893233822,4.060322841722283,0.9803798172226174
singular,5000,6.0920897724256635,4.828128845849656,0.1217372712360481
singular,5000,0.8412750200549117,5.07969109301724,0.002380864182167453
singular,5000,1.155811331677837,4.981417065485,0.004657318794654981
singular,5000,5.083576650919993,2.730108994770115,0.9936363472509098
singular,5000,5.002699210215389,3.246747067172536,0.9899204484099917
singular,5000,4.2598121059485985,5.302295486527037,0.31376566055714694
singular,5000,4.351058183130211,5.463064959018176,0.3833294618891042
singular,5000,4.970549406779858,6.719409156199147,0.9811016330891505
singular,5000,4.9841085525549556,4.814158087634322,0.9040393766349692
singular,5000,5.816085582571201,4.973617144957994,0.02348201328236226
singular,5000,4.995405362057516,2.377611590735638,0.9970183434069759
singular,5000,5.060408336113428,2.0071258944465074,0.9823768887610553
singular,5000,5.071249485264228,2.7058069336078083,0.9805324017562458
singular,5000,6.597911676629167,4.835527571394636,0.07040033341020817
singular,5000,0.8773145205009399,4.990387664555869,0.0033521564224543937
singular,5000,4.738919035915249,5.054436487191832,0.18013738055333817
singular,5000,5.2201189886902295,4.910517077418484,0.12429807821095566
singular,5000,5.035142208881347,4.94158367982491,0.6992021019871948
singular,5000,5.047689726234737,1.4666382088193293,0.9941107448099598
singular,5000,1.0596307996063912,5.063845369536791,0.00785306805807269
singular,5000,5.03530427247029,4.2272897876960505,0.9751189207011699
singular,5000,4.468721539589054,5.563421445973912,0.47832418996281395
singular,5000,4.988918138416151,0.5508651508288015,0.9992974084751193
singular,5000,5.286894255352086,4.760739658308387,0.47906136923987797
singular,5000,5.202511738791463,2.930099158752367,0.9276928229342127
singular,5000,4.751240966928015,5.622191994768849,0.7458421587482977
singular,5000,2.709951176519052,5.117658837052215,0.0565096997789507
singular,5000,5.0115674681075495,0.4845787973395109,0.9973122380035478
singular,5000,4.212666651932438,5.133366909588525,0.15810456049952865
singular,5000,5.341850031625816,4.948337061162138,0.07131388529530443
singular,5000,4.9690601889971235,2.669771870438439,0.9965814687380876
singular,5000,5.07187239401324,3.30812354809064,0.9725174056809228
singular,5000,1.9408286042195686,4.977817477212041,0.013505968881481539
singular,5000,5.0718117106535034,3.999130828159787,0.8948319929117701
singular,5000,5.014116595286783,1.1195654090056637,0.9976077871772353
singular,5000,4.977688028477476,1.498778142283378,0.9992848252588261
singular,5000,2.881801533209265,5.032998682865185,0.02398603162589666
singular,5000,5.034103627560551,4.869229369872057,0.7749580311642523
singular,5000,4.994336876023491,6.7550339879595045,0.9825846684426389
singular,5000,5.168856579099431,5.018219762850844,0.007834984690651933
singular,5000,5.022129796898172,1.9321822658175891,0.9876600503682814
singular,5000,4.923948395224296,5.088950326780266,0.5924192878136629
singular,5000,5.018649916538837,0.4370092130827861,0.998243005713497
singular,5000,5.018527518526894,5.351045795198308,0.964896722099141
singular,5000,4.762255093050518,4.948069719440153,0.021902040324960355
singular,5000,4.948144845585187,5.1202947091378315,0.5082473336441183
singular,5000,5.02225253310012,2.8393942398549386,0.9973188671393985
singular,5000,4.998708058384129,5.020299311997363,0.06017770068559194
singular,5000,3.267161176832562,4.999152823879544,0.010827317736501566
singular,5000,5.026623174205355,4.9164756182052285,0.49319643365220345
singular,5000,0.9259416401645214,5.0163272029635415,0.004725032070159093
singular,5000,4.088446979354346,4.931708558160725,0.016968113477881294
singular,5000,5.495020857957495,4.711718895017572,0.35475604317327714
singular,5000,5.053850488949495,1.870360032850748,0.9889270945097521
singular,5000,0.9707342567561685,5.047676142571368,0.006494118217256359
singular,5000,5.081319764139836,3.0232505643057594,0.9769105119771339
singular,5000,2.8967962748145517,5.09468256794036,0.034798236914972226
singular,5000,4.960189947363769,4.971898942620138,0.4696340292005105
singular,5000,5.04920451048624,1.465585871198725,0.9992174082209749
singular,5000,5.1248106867189245,4.877771640955649,0.594352842445192
singular,5000,5.013379475299753,0.7635501031771924,0.9991106759898132
singular,5000,0.18966657305776935,5.024564640755578,0.0009854687087223985
singular,5000,5.314245512621377,4.315378180710569,0.6847974675284814
singular,5000,4.990437687201109,2.4412946617730755,0.9998283002574655
singular,5000,5.063147583188584,4.929919494076673,0.08166825776648416
singular,5000,3.6246426626980544,4.966946971277168,0.008155357326354739
singular,5000,4.712020380872827,5.124251870297671,0.30577933401822677
singular,5000,4.433703077239274,5.06331923577504,0.05006103377070636
singular,5000,3.6725453664682455,5.065723505034445,0.02822575516072488
singular,5000,5.0682707783151315,4.5085812034507855,0.9234025784283946
singular,5000,5.063755167893412,5.025126965561702,0.15204006616369506
singular,5000,4.923817333638404,5.237248268112719,0.8194732550681761
singular,5000,6.1581189878526335,4.996404599804819,0.03408359283706622
singular,5000,2.1316752216694232,4.948157202222628,0.0006949102590192625
singular,5000,2.2669539941130865,5.001888896924351,0.015023720265559655
singular,5000,4.644661267758875,5.0666964604763525,0.19689462374285407
singular,5000,5.012171740263742,4.980306333304186,0.5552625365265513
singular,5000,1.1899890899428869,5.0544982616068905,0.0031823605691159705
singular,5000,5.00404618961691,5.277801616017029,0.9285719715578491
singular,5000,5.219513249920994,4.960806951954818,0.3161617969419454
singular,5000,4.7401691571733515,5.1817065848657835,0.38707156890182953
singular,5000,4.831104439787334,5.037938743634031,0.20469884756357343
singular,5000,3.8651503791507196,5.069537202336766,0.045946369780416364
singular,5000,5.038428675539324,3.0629840332335836,0.9924934998319781
singular,5000,5.082555635783116,1.601658597967569,0.9914517334296561
singular,5000,1.7091385326410524,5.027451687310925,0.004415402232398097
singular,5000,4.36430350534261,5.093747162052787,0.16169468466521345
