dsid,n,p0,p1,w0,fisher_mat
regular,50,0.15816514420119016,0.33962226652416333,0.3296771477378904,"[24.309067   -1.25603229 -0.5201678  -1.25603229 59.93598802  0.29677183
 -0.5201678   0.29677183  1.88524133]"
regular,50,0.3598931178481434,0.1383809943173584,0.7603150698848107,"[ 8.08128062 -0.00848231  0.12595459 -0.00848231  0.52232951  0.04523508
  0.12595459  0.04523508  0.13937285]"
regular,50,0.3525016841274128,0.15361398422367345,0.8928959199703018,"[ 6.25886059e+00 -7.60913791e-03  7.73525859e-02 -7.60913791e-03
  1.94836066e-02  1.67598021e-03  7.73525859e-02  1.67598021e-03
  6.73421921e-02]"
regular,50,0.3442055942133787,0.1442480296322731,0.6759032630291284,"[ 7.84645311e+00 -7.23835123e-02  7.53830058e-03 -7.23835123e-02
  1.64278379e+00  1.84801742e-01  7.53830058e-03  1.84801742e-01
  2.77451337e-01]"
regular,50,0.3567343728413383,0.14203980932584373,0.8000211456763803,"[ 8.60749140e+00 -3.78753845e-03  7.71399418e-02 -3.78753845e-03
  3.18218214e-01  9.97124597e-03  7.71399418e-02  9.97124597e-03
  1.28346593e-01]"
regular,50,0.15579436746728992,0.354961975490731,0.2739500465573163,"[ 2.55270595e+01 -8.79593420e-01 -2.09867825e+00 -8.79593420e-01
  1.14336809e+02 -1.06306870e-01 -2.09867825e+00 -1.06306870e-01
  2.56885196e+00]"
regular,50,0.3531184327064506,0.14947519554191938,0.6203240835148284,"[ 9.53172854 -0.03648193  0.0596523  -0.03648193  5.88028793 -0.06902629
  0.0596523  -0.06902629  0.35221326]"
regular,50,0.3514249906057898,0.15795048176112542,0.7259329359592164,"[ 8.42568266e+00 -8.82345636e-02 -1.01812617e-01 -8.82345636e-02
  6.17367929e-01 -6.97126244e-03 -1.01812617e-01 -6.97126244e-03
  1.75945342e-01]"
regular,50,0.1536624854828946,0.3375952618786371,0.26528856267384954,"[ 21.45011076  -1.56602666   0.419672    -1.56602666 123.45284307
   1.85164957   0.419672     1.85164957   3.04187841]"
regular,50,0.1319579334895007,0.3432457687689336,0.23780720126401245,"[ 30.16543678  -0.34235548   0.30327683  -0.34235548 138.63320806
   1.74176753   0.30327683   1.74176753   3.54249177]"
regular,50,0.34988091511423347,0.15031764250507595,0.7460408698874591,"[ 9.49243796e+00 -6.87241138e-02 -4.09962116e-03 -6.87241138e-02
  6.20423413e-01  5.80363075e-02 -4.09962116e-03  5.80363075e-02
  1.26676108e-01]"
regular,50,0.15572388785635938,0.34737800786875034,0.31086212946999753,"[26.23903605 -1.00220958 -1.50012761 -1.00220958 68.49975013 -0.41123541
 -1.50012761 -0.41123541  2.11319585]"
regular,50,0.14295640560776324,0.3405824567303674,0.2792266324045154,"[ 18.4812329   -0.69991491  -0.93402181  -0.69991491 115.29896045
  -1.21311034  -0.93402181  -1.21311034   2.8302936 ]"
regular,50,0.34226568894609094,0.1575468444107101,0.7571136336471753,"[ 9.47204622e+00 -9.06495242e-02  5.92775828e-02 -9.06495242e-02
  5.40892777e-01 -1.79980500e-03  5.92775828e-02 -1.79980500e-03
  1.49968024e-01]"
regular,50,0.15015414311728464,0.3685349935887891,0.2799466778190163,"[ 27.68237832  -0.22158678  -1.86702413  -0.22158678 108.7093191
   0.60528976  -1.86702413   0.60528976   2.38142326]"
regular,50,0.1372172120247919,0.3497366621843584,0.23873891140911394,"[ 28.60881813  -0.24870127  -0.45395338  -0.24870127 128.16782159
   3.05706439  -0.45395338   3.05706439   3.74730049]"
regular,50,0.15710611866732815,0.3621572981798091,0.39481508164102735,"[29.13220361 -0.42793178 -0.73678956 -0.42793178 19.52992862 -0.51126224
 -0.73678956 -0.51126224  1.22189583]"
regular,50,0.33503473294644565,0.14834699007272023,0.7844811216467478,"[ 7.76068779e+00 -7.02040134e-02 -2.77268432e-01 -7.02040134e-02
  5.84576073e-01  4.73553020e-03 -2.77268432e-01  4.73553020e-03
  1.10356716e-01]"
regular,50,0.16518462540628415,0.3369548366011507,0.2023333170483367,"[ 22.11832204  -6.52313506   1.01592714  -6.52313506 317.73937765
  -0.95245265   1.01592714  -0.95245265   4.45824979]"
regular,50,0.3636398863988659,0.16017165458738952,0.8012471724021492,"[ 6.87867168e+00 -2.25465495e-02 -2.22379007e-01 -2.25465495e-02
  2.34969522e-01  1.40424439e-03 -2.22379007e-01  1.40424439e-03
  1.02593293e-01]"
regular,50,0.3419240133175068,0.14895861632381005,0.7785923591321273,"[ 8.56398121 -0.03282741 -0.12052335 -0.03282741  0.41355358  0.02060601
 -0.12052335  0.02060601  0.13962422]"
regular,50,0.354396267242289,0.1286804752954646,0.7900179387827015,"[ 7.44436681e+00 -4.16350042e-03 -2.15665392e-01 -4.16350042e-03
  5.17668095e-01  1.36083879e-02 -2.15665392e-01  1.36083879e-02
  1.27305266e-01]"
regular,50,0.14632536353787284,0.35247754903604755,0.20701962937194018,"[ 22.79836676  -0.96684941  -1.96877176  -0.96684941 277.97116025
  -2.82929312  -1.96877176  -2.82929312   4.625274  ]"
regular,50,0.13830196502167866,0.3502482106017547,0.22009453611260316,"[ 21.26383278  -0.22443459  -0.53490284  -0.22443459 223.29106149
   1.56179395  -0.53490284   1.56179395   4.85254031]"
regular,50,0.34400960460613955,0.13545243152401357,0.7995292897949104,"[ 8.42018804 -0.00895865 -0.08570213 -0.00895865  0.32927769  0.03325709
 -0.08570213  0.03325709  0.12246209]"
regular,50,0.14885637510727395,0.35254521601143607,0.25796806431904246,"[ 20.75259946  -0.50495093  -0.5553565   -0.50495093 147.6433538
   1.27717715  -0.5553565    1.27717715   3.02124139]"
regular,50,0.1473717420347208,0.33423780678246706,0.3148661950038564,"[30.04062783 -1.06236839 -0.78866682 -1.06236839 77.80355187  0.26619779
 -0.78866682  0.26619779  1.95888749]"
regular,50,0.1564945694859768,0.36429102380236755,0.1948590698314609,"[ 16.07062163  -0.93442775  -0.62886907  -0.93442775 339.42914197
   3.57402053  -0.62886907   3.57402053   4.42164583]"
regular,50,0.14213754097508685,0.3387829927354422,0.30197999599711084,"[21.90867618 -0.59084057 -0.60964228 -0.59084057 74.2201136  -0.63855729
 -0.60964228 -0.63855729  2.59112091]"
regular,50,0.34748755601391035,0.14641604667897234,0.7618381829812552,"[ 7.84508701 -0.02580724  0.02223164 -0.02580724  0.72236383  0.04459543
  0.02223164  0.04459543  0.15850989]"
regular,50,0.14815977598527105,0.34543612108684546,0.2191652580778703,"[ 17.75783561  -0.84297862   0.71700963  -0.84297862 243.53355608
   1.34747498   0.71700963   1.34747498   4.40475668]"
regular,50,0.1564267480623331,0.3464452670033834,0.28021093575569717,"[ 16.37888445  -1.30885617  -1.60764188  -1.30885617 103.63944955
  -0.286714    -1.60764188  -0.286714     2.82104564]"
regular,50,0.1466570349128899,0.33961035640236525,0.17937165390673546,"[ 15.04695879  -0.97210385   2.67758711  -0.97210385 491.07526556
   1.6238763    2.67758711   1.6238763    6.58711673]"
regular,50,0.33221257045787633,0.1600722783291641,0.8395926362363213,"[ 6.81819066e+00 -6.93835358e-02 -6.77691035e-02 -6.93835358e-02
  1.27246755e-01 -3.62203980e-04 -6.77691035e-02 -3.62203980e-04
  1.00461235e-01]"
regular,50,0.33792763803560216,0.15479295156662715,0.7677794477082484,"[ 9.78330155 -0.05109352 -0.09948476 -0.05109352  0.43304084 -0.03247343
 -0.09948476 -0.03247343  0.15132935]"
regular,50,0.1588086787716172,0.34889174254673694,0.17829964371172521,"[ 13.51790976  -1.84107364  -2.38592688  -1.84107364 453.97771554
  -4.64899534  -2.38592688  -4.64899534   7.40468087]"
regular,50,0.13712752735061032,0.3636626773105942,0.13712078375510953,"[ 1.65461261e+01 -3.10632744e-01 -3.68255360e+00 -3.10632744e-01
  8.76819274e+02  3.52708652e+00 -3.68255360e+00  3.52708652e+00
  1.11705651e+01]"
regular,50,0.3368447734756821,0.13660513478375308,0.8110025880844371,"[ 7.96579093e+00 -1.52248891e-02 -1.26174528e-01 -1.52248891e-02
  1.92447354e-01 -3.00828701e-04 -1.26174528e-01 -3.00828701e-04
  1.20465762e-01]"
regular,50,0.14829222051102645,0.36600923441862265,0.27838538353436426,"[16.33016485 -0.23799544  0.23728205 -0.23799544 88.78044551 -0.65948956
  0.23728205 -0.65948956  2.75120875]"
regular,50,0.14024554648804036,0.35283281293986,0.21747686825983142,"[ 18.03263915  -0.43917762  -0.96132251  -0.43917762 215.14167995
   6.1709575   -0.96132251   6.1709575    4.3377557 ]"
regular,50,0.3430023421879803,0.17035698623616768,0.8354873663910906,"[ 8.28581202e+00 -6.79783051e-02  3.63837829e-02 -6.79783051e-02
  7.01891539e-02  3.02891411e-03  3.63837829e-02  3.02891411e-03
  1.04050916e-01]"
regular,50,0.14813992763677528,0.35776627498414953,0.35857265050557147,"[25.8701498  -0.19430366 -0.57174212 -0.19430366 37.11786754 -0.46711994
 -0.57174212 -0.46711994  1.65084814]"
regular,50,0.16828883810730222,0.36813318327951866,0.2678743961125658,"[ 18.89803924  -1.14942342  -1.67640926  -1.14942342 136.80681678
   1.10147078  -1.67640926   1.10147078   2.33724349]"
regular,50,0.14218924634872504,0.3336420570159332,0.3136128260885188,"[ 2.68690596e+01 -1.25719995e+00 -1.01380764e+00 -1.25719995e+00
  8.36223582e+01  2.02045646e-02 -1.01380764e+00  2.02045646e-02
  1.70641393e+00]"
regular,50,0.34981985196994175,0.17161659415109953,0.6474820228381958,"[ 9.64950726 -0.50557604 -0.14640971 -0.50557604  3.79221062  0.1339719
 -0.14640971  0.1339719   0.2083756 ]"
regular,50,0.1604862808164659,0.3546169815515937,0.21025516003923797,"[ 14.93928744  -2.04290767   1.1329443   -2.04290767 243.46200962
  -0.3420714    1.1329443   -0.3420714    4.35721109]"
regular,50,0.36005445977053263,0.14889518395273293,0.6824460611032258,"[ 9.42712414 -0.02473658 -0.05553854 -0.02473658  2.85232947  0.1417401
 -0.05553854  0.1417401   0.23057879]"
regular,50,0.14139381757810243,0.34545758866959914,0.25804476898542145,"[ 18.40181819  -0.68589706  -1.32506835  -0.68589706 116.78824303
   1.67060388  -1.32506835   1.67060388   3.18897783]"
regular,50,0.16464612535411402,0.3327761341966573,0.3472082979031281,"[23.37379191 -2.26504857 -0.26485327 -2.26504857 48.25324932 -0.52355735
 -0.26485327 -0.52355735  1.75230263]"
regular,50,0.3397023095078003,0.15191226557894208,0.8226620069357006,"[ 7.70615131e+00 -3.85138511e-02 -9.74936695e-04 -3.85138511e-02
  1.82610673e-01  5.53193348e-03 -9.74936695e-04  5.53193348e-03
  1.05636889e-01]"
regular,50,0.14633007475099571,0.3508969297738618,0.285955072083027,"[18.27039651 -0.68537422 -1.29815443 -0.68537422 98.5375184  -2.86156547
 -1.29815443 -2.86156547  2.67705659]"
regular,50,0.356338271393625,0.14535956230771546,0.7386548072432609,"[ 7.72320837 -0.02199977  0.1193805  -0.02199977  1.23517044  0.0273163
  0.1193805   0.0273163   0.15678561]"
regular,50,0.15512865125633057,0.34928195377469845,0.18069202696863468,"[ 1.95504040e+01 -1.71394777e+00  3.31873225e-01 -1.71394777e+00
  4.58909095e+02  5.22522618e+00  3.31873225e-01  5.22522618e+00
  5.88114577e+00]"
regular,50,0.3611861907947087,0.16148515400808947,0.6475421864238169,"[ 8.66771703 -0.12638061  0.08718957 -0.12638061  3.85208758 -0.07645868
  0.08718957 -0.07645868  0.22695094]"
regular,50,0.12629823610376495,0.35143198851520435,0.1600470303953125,"[ 2.06277318e+01 -9.84904460e-02  2.19464800e+00 -9.84904460e-02
  5.38448872e+02  2.52868595e+00  2.19464800e+00  2.52868595e+00
  9.13871202e+00]"
regular,50,0.1733114138227432,0.34320708633875646,0.25196101645686,"[ 17.88396223  -5.79734896  -0.19720504  -5.79734896 136.29057436
  -2.42060221  -0.19720504  -2.42060221   2.97733149]"
regular,50,0.3620904785987925,0.14340206520365656,0.6941288403883941,"[ 8.99042837 -0.02193942  0.02673087 -0.02193942  1.80317828  0.20018506
  0.02673087  0.20018506  0.21159315]"
regular,50,0.16663107885072206,0.3429623229808743,0.21302136876632644,"[ 17.65466933  -5.24995891  -1.32191886  -5.24995891 264.39980039
   5.92414812  -1.32191886   5.92414812   4.22119276]"
regular,50,0.3505448156133388,0.16068541032764327,0.782234566935864,"[ 8.42849321e+00 -3.86859826e-02 -5.02479131e-02 -3.86859826e-02
  3.71804214e-01  6.89700352e-03 -5.02479131e-02  6.89700352e-03
  1.39047728e-01]"
regular,50,0.35242157151115566,0.15663118052729322,0.8047832106617223,"[ 8.6080347  -0.01985908 -0.07613048 -0.01985908  0.28231533  0.04358046
 -0.07613048  0.04358046  0.12130909]"
regular,50,0.16045716782560973,0.3647908368855015,0.2691227399699034,"[ 23.06137359  -0.89286484  -1.8407258   -0.89286484 103.36057537
  -0.47754118  -1.8407258   -0.47754118   2.53193062]"
regular,50,0.15072026811634165,0.35821681676592965,0.2815315105051784,"[ 2.61268459e+01 -4.45520308e-01 -8.55687078e-02 -4.45520308e-01
  1.03991029e+02  1.12900327e+00 -8.55687078e-02  1.12900327e+00
  2.32822543e+00]"
regular,50,0.3418513439119457,0.14491112971767675,0.714373500901866,"[10.69115832 -0.05963497 -0.2148862  -0.05963497  2.08333007  0.09247987
 -0.2148862   0.09247987  0.16678894]"
regular,50,0.3417662253816681,0.15067585835987404,0.7814320730416274,"[ 6.95159906 -0.01896835 -0.18069418 -0.01896835  0.40857828 -0.02601073
 -0.18069418 -0.02601073  0.15346003]"
regular,50,0.34327986343536376,0.14751181830230764,0.7738146518995557,"[ 7.44325345 -0.04486825  0.16441716 -0.04486825  0.52410021  0.01682996
  0.16441716  0.01682996  0.14442012]"
regular,50,0.14237496067905317,0.3494631207909664,0.2774814395951588,"[27.58585197 -0.43982743 -0.49009192 -0.43982743 90.15542298  2.14867132
 -0.49009192  2.14867132  2.46639239]"
regular,50,0.15010317394272657,0.3559046668099569,0.24151752311157004,"[ 2.06743030e+01 -6.40988931e-01 -1.08584608e-01 -6.40988931e-01
  1.79156500e+02  1.93233808e-01 -1.08584608e-01  1.93233808e-01
  3.41739369e+00]"
regular,50,0.34424236339774317,0.1622833172458579,0.7304758162075305,"[ 7.66760674 -0.13779124 -0.24046419 -0.13779124  0.85034561  0.01757288
 -0.24046419  0.01757288  0.16946606]"
regular,50,0.15604155894516517,0.3583978916390368,0.22039286364467447,"[ 10.11187857  -0.99695484   1.69927634  -0.99695484 263.14100671
  -1.45130546   1.69927634  -1.45130546   3.88101715]"
regular,50,0.15922701338934875,0.3477437967877496,0.30312312653343493,"[ 1.69702737e+01 -1.04881091e+00  8.03962317e-02 -1.04881091e+00
  8.43987871e+01  1.11399314e+00  8.03962317e-02  1.11399314e+00
  2.33632344e+00]"
regular,50,0.3616934535766141,0.14526290256940647,0.6585812250962979,"[ 8.64984285 -0.02667284  0.02879427 -0.02667284  2.57516041 -0.17543174
  0.02879427 -0.17543174  0.2490229 ]"
regular,50,0.14786412286388756,0.3289986095317549,0.2870718353435414,"[ 25.68726848  -2.23492237  -0.91124536  -2.23492237 107.61543149
  -0.25917958  -0.91124536  -0.25917958   2.33675649]"
regular,50,0.14810262349265535,0.35589508252897084,0.16504488511287707,"[ 13.96611085  -0.84900863   2.7565704   -0.84900863 406.95291555
  -4.09249039   2.7565704   -4.09249039   8.21357097]"
regular,50,0.34475005239610024,0.13467477546985365,0.639414720739868,"[ 7.28865237 -0.02843856 -0.09817451 -0.02843856  4.22283142 -0.06309872
 -0.09817451 -0.06309872  0.32234657]"
regular,50,0.3309796145933412,0.15971792458448236,0.7782363668642027,"[ 8.12689225 -0.12350887  0.06160356 -0.12350887  0.4956193  -0.01567145
  0.06160356 -0.01567145  0.14502047]"
regular,50,0.14936902349554548,0.345647430506821,0.2896265125259315,"[ 23.44409901  -0.68931525  -1.15913848  -0.68931525 104.21344878
   2.24145597  -1.15913848   2.24145597   2.47424267]"
regular,50,0.16768830570567936,0.35758481193747044,0.20213542997266784,"[ 1.50682533e+01 -2.42514398e+00 -2.29017126e-01 -2.42514398e+00
  2.56889065e+02  3.02056363e+00 -2.29017126e-01  3.02056363e+00
  4.94642129e+00]"
regular,50,0.35784680287977255,0.1688358415387951,0.7214616416621612,"[ 8.30664988 -0.10507406  0.03567697 -0.10507406  1.36252831  0.03204343
  0.03567697  0.03204343  0.17082727]"
regular,50,0.16161942388021336,0.35710214701212484,0.2532302917568878,"[ 20.24055796  -1.31374295   0.42711851  -1.31374295 153.02922744
   0.28898151   0.42711851   0.28898151   2.56302836]"
regular,50,0.35567977090596486,0.16105824197385316,0.739598331263531,"[ 8.09415407e+00 -3.48550050e-02 -1.20154367e-01 -3.48550050e-02
  6.03094919e-01 -3.34473736e-03 -1.20154367e-01 -3.34473736e-03
  1.84427038e-01]"
regular,50,0.3540196850437153,0.14554315032290072,0.8185902068337703,"[ 7.46711983 -0.01491562 -0.02495317 -0.01491562  0.28876467  0.0336968
 -0.02495317  0.0336968   0.08966813]"
regular,50,0.1368848721016642,0.3539757657484514,0.10307095508509612,"[ 9.28278919e+00 -6.10024720e-01 -2.59018394e+00 -6.10024720e-01
  2.13039880e+03  2.12140707e+01 -2.59018394e+00  2.12140707e+01
  1.90575795e+01]"
regular,50,0.3651322276487855,0.14539461414853885,0.9229434261205057,"[ 3.93210305e+00 -1.53867964e-03  1.59862380e-02 -1.53867964e-03
  6.08115124e-03  7.59293400e-05  1.59862380e-02  7.59293400e-05
  5.35468517e-02]"
regular,50,0.3505131407689148,0.17639142808743266,0.7432075524624103,"[ 7.89203616 -0.20343141  0.02093362 -0.20343141  1.00865362  0.0425412
  0.02093362  0.0425412   0.15627882]"
regular,50,0.334740024777101,0.16712852067851905,0.7951213136485928,"[ 9.17998251 -0.19353393 -0.08282821 -0.19353393  0.36425379  0.03214414
 -0.08282821  0.03214414  0.10901113]"
regular,50,0.35130993101051144,0.15618574238744395,0.6242909117119846,"[ 8.96319453 -0.10161558 -0.12364485 -0.10161558  5.21821621  0.25803064
 -0.12364485  0.25803064  0.35042752]"
regular,50,0.1437912956546827,0.3514203178514422,0.19852869033106432,"[ 27.92920841  -0.7550731   -0.99171936  -0.7550731  300.33775336
  -7.43700858  -0.99171936  -7.43700858   4.92852761]"
regular,50,0.16792724398397707,0.34255748492110566,0.25171748424106827,"[ 2.10037459e+01 -3.10667399e+00 -5.42399126e-01 -3.10667399e+00
  1.34267401e+02  1.16877169e-01 -5.42399126e-01  1.16877169e-01
  3.32951174e+00]"
regular,50,0.13892822198764965,0.3386887161993501,0.25274625194831374,"[ 26.43448854  -0.64134057  -2.39648941  -0.64134057 137.7032524
  -0.83407187  -2.39648941  -0.83407187   3.53711341]"
regular,50,0.13005173867843442,0.351950215131261,0.18003825790013475,"[ 2.12746234e+01 -1.48901425e-01  1.86302471e+00 -1.48901425e-01
  4.42330614e+02  6.73613442e-01  1.86302471e+00  6.73613442e-01
  6.25035705e+00]"
regular,50,0.13901762236734552,0.3449917426654217,0.23882487078587197,"[ 16.94057722  -0.47459444  -0.79780016  -0.47459444 187.34249285
  -0.29958298  -0.79780016  -0.29958298   3.97253378]"
regular,50,0.16291952614320884,0.3617210160756373,0.31147158955742216,"[19.8618576  -0.66159544 -0.82588409 -0.66159544 67.21410367  0.39886621
 -0.82588409  0.39886621  2.14696166]"
regular,50,0.1579508719382177,0.3440088262588428,0.30855346372299064,"[19.81771631 -1.16680736  0.73306179 -1.16680736 73.21519572 -0.50246039
  0.73306179 -0.50246039  2.21262237]"
regular,50,0.15417666384346473,0.35298565086535183,0.27255131509415303,"[ 26.20360179  -1.16935811  -1.35075384  -1.16935811 102.63962161
   1.17115327  -1.35075384   1.17115327   2.31321366]"
regular,50,0.15182007058104954,0.3500839709767802,0.3434007443658984,"[28.31622147 -0.52789223  0.50047542 -0.52789223 44.41865882 -0.16830721
  0.50047542 -0.16830721  1.61521788]"
regular,50,0.17414164759657955,0.3572514059471908,0.18486948075357898,"[ 1.36797644e+01 -4.66862458e+00  7.27764913e-02 -4.66862458e+00
  3.88694168e+02  9.70031033e-01  7.27764913e-02  9.70031033e-01
  5.55524258e+00]"
regular,50,0.15325347614731005,0.3464329853908011,0.30248024554793695,"[ 2.58770650e+01 -1.19199255e+00 -1.70396440e-02 -1.19199255e+00
  8.67199925e+01 -1.21058296e+00 -1.70396440e-02 -1.21058296e+00
  1.88258804e+00]"
regular,50,0.34363506657644677,0.14303736979338313,0.6807786549728063,"[ 9.74213445 -0.02700975 -0.06978027 -0.02700975  1.79046998  0.04462073
 -0.06978027  0.04462073  0.27364957]"
regular,50,0.1409165420020925,0.34749631938412795,0.2686435240052398,"[ 38.16130433  -0.58450861  -1.89908867  -0.58450861 119.63759482
   1.7363953   -1.89908867   1.7363953    2.44869585]"
regular,50,0.34844800405677123,0.15536701905319253,0.7791185700861185,"[ 6.24556455 -0.0395711  -0.0181108  -0.0395711   0.32736613  0.01206599
 -0.0181108   0.01206599  0.14909958]"
regular,250,0.35282103962659067,0.14507885326836506,0.7415015189356392,"[40.31764939 -0.11754142 -0.38855785 -0.11754142  4.81298349  0.25610704
 -0.38855785  0.25610704  0.81617894]"
regular,250,0.3485856952776138,0.1507734867497674,0.7464984813080703,"[40.02381573 -0.27728696  0.22312119 -0.27728696  3.78735706  0.10578189
  0.22312119  0.10578189  0.7707609 ]"
regular,250,0.35435722151307614,0.1432491044551917,0.7834416688935703,"[39.56627211 -0.05330032 -0.40124799 -0.05330032  2.3107211   0.09863926
 -0.40124799  0.09863926  0.63903379]"
regular,250,0.15324629859312683,0.3487626532914652,0.28541169038039266,"[110.73724971  -4.47658925   0.49375927  -4.47658925 481.55260504
  -1.18955905   0.49375927  -1.18955905  12.38250129]"
regular,250,0.15567630568852744,0.3508696671020485,0.2745465661023057,"[110.6808103   -5.87070257  -5.33482288  -5.87070257 558.33147585
   3.5826846   -5.33482288   3.5826846   12.88743156]"
regular,250,0.3528347303801423,0.15157580018766761,0.742050052981532,"[ 4.32957901e+01 -2.30736010e-01  3.72336681e-02 -2.30736010e-01
  4.47328651e+00  3.49393824e-01  3.72336681e-02  3.49393824e-01
  7.79120188e-01]"
regular,250,0.14562785981187407,0.3488158220594078,0.24123388766355255,"[112.0758969   -3.38069723  -5.9903753   -3.38069723 840.26243817
   4.42213634  -5.9903753    4.42213634  18.16048345]"
regular,250,0.15658264012266343,0.3515278898603084,0.2778620660580704,"[101.39461912  -5.31300182  -3.98428069  -5.31300182 549.79854901
   3.65818222  -3.98428069   3.65818222  12.86268409]"
regular,250,0.15522387688680497,0.3518062118125769,0.24318671273605638,"[ 9.10577329e+01 -6.89245609e+00 -6.12130628e+00 -6.89245609e+00
  8.32357698e+02  4.25293827e-01 -6.12130628e+00  4.25293827e-01
  1.65895053e+01]"
regular,250,0.3594415896747757,0.1505416493354894,0.7428357825879539,"[40.06681086 -0.11152271 -0.13229522 -0.11152271  4.6524436   0.1720126
 -0.13229522  0.1720126   0.82124295]"
regular,250,0.3522395796659165,0.15091627928092236,0.7562151048981385,"[ 3.95454802e+01 -1.82692185e-01  2.80518983e-02 -1.82692185e-01
  3.76896789e+00 -2.65757452e-02  2.80518983e-02 -2.65757452e-02
  7.17760067e-01]"
regular,250,0.14757005931077924,0.3503558043440099,0.2593663787136075,"[126.86044272  -3.77218156  -5.45613066  -3.77218156 650.50004235
   1.12754938  -5.45613066   1.12754938  14.36758615]"
regular,250,0.14763940424747726,0.34406282793449455,0.29784038398451607,"[127.50365766  -5.4603869   -3.5380396   -5.4603869  428.18848118
  -0.90343173  -3.5380396   -0.90343173  10.09917806]"
regular,250,0.3537094976465973,0.14543069950151183,0.7805369626976798,"[41.35473234 -0.06792141  0.14258429 -0.06792141  2.17638634  0.1071891
  0.14258429  0.1071891   0.66539697]"
regular,250,0.14310803343831868,0.3523559567138788,0.26512070392604126,"[ 9.56611631e+01 -2.13813322e+00 -2.28995835e-01 -2.13813322e+00
  6.42268132e+02 -3.75295995e+00 -2.28995835e-01 -3.75295995e+00
  1.51817406e+01]"
regular,250,0.14716295952474465,0.3456733324585209,0.2548649307882721,"[114.53846272  -4.75960882  -5.67051607  -4.75960882 715.23608998
   6.10061743  -5.67051607   6.10061743  15.12510746]"
regular,250,0.1507658682689083,0.3474795919194242,0.2745085137799565,"[ 9.44401722e+01 -4.56972251e+00  8.33286608e-01 -4.56972251e+00
  5.36282495e+02  9.46714202e-02  8.33286608e-01  9.46714202e-02
  1.38177536e+01]"
regular,250,0.14659099294412212,0.3478783501782887,0.288931957662053,"[124.3707885   -2.92568992   0.53225259  -2.92568992 422.67730531
   0.68893987   0.53225259   0.68893987  12.22440656]"
regular,250,0.15494679199386727,0.35570059571470736,0.27805498416522784,"[112.41731964  -4.17189705  -4.70664671  -4.17189705 508.26143673
   4.03460834  -4.70664671   4.03460834  12.49976873]"
regular,250,0.15460608034907983,0.34856126641152796,0.25614817226661823,"[108.30978123  -5.87843995  -3.69679215  -5.87843995 719.09259695
   6.10477555  -3.69679215   6.10477555  15.27836044]"
regular,250,0.3474533079291946,0.14662038247957349,0.7262734294881118,"[44.44760498 -0.20592299 -0.18819187 -0.20592299  5.86168436  0.20919835
 -0.18819187  0.20919835  0.88139764]"
regular,250,0.3523235365665589,0.1458367455766962,0.7508628212005842,"[42.15041635 -0.14824176 -0.10789726 -0.14824176  3.63579007  0.22284536
 -0.10789726  0.22284536  0.73118565]"
regular,250,0.15323354513260387,0.347781197301746,0.27006852416839294,"[107.65061046  -5.84772373  -5.183309    -5.84772373 569.50393901
   2.68997294  -5.183309     2.68997294  13.89195014]"
regular,250,0.35348481606118837,0.1433003304989199,0.75371723596672,"[39.5094876  -0.07835019 -0.34018013 -0.07835019  3.9921559   0.07087603
 -0.34018013  0.07087603  0.77846131]"
regular,250,0.3556918529068002,0.14810340137304284,0.7615866752647755,"[38.04137205 -0.11777254 -0.38896644 -0.11777254  3.42687847  0.09911955
 -0.38896644  0.09911955  0.70901626]"
regular,250,0.34715831745739706,0.14726636215950736,0.7378668021966659,"[42.87544005 -0.20572503 -0.21619387 -0.20572503  4.66673366  0.1594891
 -0.21619387  0.1594891   0.82899738]"
regular,250,0.3452835677578034,0.1496317002085717,0.7182568791788683,"[43.07314882 -0.32865559 -0.06235219 -0.32865559  6.91434665  0.29512963
 -0.06235219  0.29512963  0.9377304 ]"
regular,250,0.3524690418117022,0.1472815642134605,0.7657311139336598,"[37.27429416 -0.13508338 -0.42713197 -0.13508338  3.14435459  0.07348633
 -0.42713197  0.07348633  0.69008331]"
regular,250,0.142440891646521,0.34608051422007857,0.24592716086963262,"[ 95.13228228  -2.77154597  -1.34611585  -2.77154597 821.19478854
   3.93080404  -1.34611585   3.93080404  18.31088098]"
regular,250,0.3520921582976864,0.16002759508270997,0.7602256370107147,"[40.64629834 -0.30792532 -0.24092738 -0.30792532  2.58560912  0.19331704
 -0.24092738  0.19331704  0.74613317]"
regular,250,0.3438594327986702,0.14733255639014234,0.7194305745538354,"[44.17501161 -0.28341672 -0.53186552 -0.28341672  8.251003    0.31342674
 -0.53186552  0.31342674  0.91109306]"
regular,250,0.14005077122725063,0.3477160191382759,0.21340122906488027,"[ 1.06251773e+02 -2.55023480e+00 -5.96171368e+00 -2.55023480e+00
  1.30272119e+03  9.99633052e-01 -5.96171368e+00  9.99633052e-01
  2.33674464e+01]"
regular,250,0.35007180069626576,0.14611806728098403,0.7988180946277716,"[ 4.01065286e+01 -7.02275759e-02 -3.60377430e-01 -7.02275759e-02
  1.45040893e+00  2.73207404e-02 -3.60377430e-01  2.73207404e-02
  6.10581145e-01]"
regular,250,0.3477052592043928,0.14569961145645463,0.7228530002574438,"[43.11221612 -0.22448785 -0.27268112 -0.22448785  6.81847373  0.28708813
 -0.27268112  0.28708813  0.88678856]"
regular,250,0.15514322383340953,0.3466709987035771,0.2651886847116943,"[103.37508698  -6.27030206  -3.45354855  -6.27030206 632.02023651
   9.44124835  -3.45354855   9.44124835  14.50877622]"
regular,250,0.14317801327789817,0.34960524879030747,0.2680133203013396,"[126.07679383  -2.8473418   -1.63625127  -2.8473418  586.37898066
  -3.93250015  -1.63625127  -3.93250015  13.56937503]"
regular,250,0.3556953438844692,0.14929458518241756,0.7412056805393026,"[40.50282664 -0.10456353 -0.79772143 -0.10456353  4.01362862  0.1044395
 -0.79772143  0.1044395   0.87893562]"
regular,250,0.3467163394451936,0.14694600569322303,0.7709552835707664,"[ 4.13339448e+01 -1.92760020e-01  1.75285935e-02 -1.92760020e-01
  3.28835378e+00  1.58345315e-01  1.75285935e-02  1.58345315e-01
  6.35587027e-01]"
regular,250,0.15316832909273434,0.35283914144372375,0.22716961437503302,"[  85.72508262   -5.14897874    1.77015069   -5.14897874 1119.34276165
    2.75773191    1.77015069    2.75773191   18.98295817]"
regular,250,0.15522374980207287,0.351501359007041,0.2566841893536056,"[116.20423432  -5.05534848  -5.31350523  -5.05534848 659.35347718
   6.45525454  -5.31350523   6.45525454  15.45391533]"
regular,250,0.15231843770513676,0.3535455644225975,0.2740463739763397,"[107.93873255  -2.85832585  -0.80195466  -2.85832585 512.58574435
   4.04460456  -0.80195466   4.04460456  13.93614754]"
regular,250,0.3485955596797155,0.1526058960288864,0.6881694751586613,"[44.56669177 -0.40712685 -0.75987335 -0.40712685 10.48445478  0.27685466
 -0.75987335  0.27685466  1.09246346]"
regular,250,0.14587178527141792,0.35338648087656965,0.1973184634329728,"[ 111.67878554   -4.46171994   -8.38370992   -4.46171994 1666.74769466
   -6.61727635   -8.38370992   -6.61727635   24.51309296]"
regular,250,0.14598900404004303,0.3536829631023166,0.26078256366655694,"[114.69813144  -2.64621256  -1.48208294  -2.64621256 616.07766447
   0.9024364   -1.48208294   0.9024364   14.69031489]"
regular,250,0.14632434935266964,0.34616682580645286,0.20939905544120216,"[  93.57415284   -4.4718336    -5.46175198   -4.4718336  1320.76756145
    1.85992797   -5.46175198    1.85992797   24.89784641]"
regular,250,0.34907008388498656,0.14456895086507232,0.7530082932104443,"[40.46915553 -0.13458631 -0.21135859 -0.13458631  3.70524995  0.16001744
 -0.21135859  0.16001744  0.7564597 ]"
regular,250,0.1494089019940124,0.3514659171916133,0.22560917841448205,"[ 118.33955537   -4.35183397   -4.33902352   -4.35183397 1102.06865679
   12.4047191    -4.33902352   12.4047191    18.32854606]"
regular,250,0.15013127407222102,0.3512010763926018,0.22102312669403326,"[ 8.71976923e+01 -3.91403149e+00  9.51778561e-03 -3.91403149e+00
  1.13970821e+03  9.79198789e+00  9.51778561e-03  9.79198789e+00
  2.17630245e+01]"
regular,250,0.34811610731358117,0.14398642773139775,0.7490021665715045,"[ 3.93589592e+01 -1.35138275e-01 -5.78952971e-02 -1.35138275e-01
  4.01340969e+00  3.71810193e-02 -5.78952971e-02  3.71810193e-02
  8.05488759e-01]"
regular,250,0.1488463439907268,0.353510303794558,0.22607939296643942,"[ 85.05473017  -3.6096826   -2.2276152   -3.6096826  960.99943269
  -2.12241843  -2.2276152   -2.12241843  21.4699189 ]"
regular,250,0.3535368637540985,0.14727535939794337,0.7216307331155905,"[39.47271127 -0.19889991  0.33325511 -0.19889991  8.34754335  0.33639103
  0.33325511  0.33639103  0.87581031]"
regular,250,0.15060552833589766,0.3522555459999937,0.18078622765469105,"[ 8.30113383e+01 -5.92902860e+00  1.56702332e-01 -5.92902860e+00
  2.04250353e+03  4.34995312e+00  1.56702332e-01  4.34995312e+00
  3.07631136e+01]"
regular,250,0.34564619686250436,0.14158449603537002,0.7382840746400213,"[42.0886749  -0.12304131 -0.29246775 -0.12304131  5.69640971  0.24408734
 -0.29246775  0.24408734  0.88105864]"
regular,250,0.3475121139640269,0.14805355411471896,0.7549761012966805,"[40.16235177 -0.20179415 -0.35194438 -0.20179415  3.70532533  0.05478497
 -0.35194438  0.05478497  0.73030577]"
regular,250,0.3482254983728177,0.15744203722430328,0.7543524051262727,"[42.61497507 -0.34683705 -0.09005085 -0.34683705  3.65907411 -0.06557763
 -0.09005085 -0.06557763  0.71355571]"
regular,250,0.1553564463121492,0.3491699659309794,0.2136588098313247,"[ 8.52736175e+01 -9.15637752e+00  5.62288475e-01 -9.15637752e+00
  1.19443775e+03  1.36557206e+00  5.62288475e-01  1.36557206e+00
  2.15856214e+01]"
regular,250,0.35220520381744846,0.14358167718058154,0.7547486391287619,"[42.05405472 -0.09652983 -0.13386127 -0.09652983  3.99022163  0.10520333
 -0.13386127  0.10520333  0.74086301]"
regular,250,0.34787001863662076,0.15365738779650592,0.7201519880477579,"[ 4.38432645e+01 -3.09957184e-01  5.51960225e-02 -3.09957184e-01
  5.90608056e+00  3.15816697e-03  5.51960225e-02  3.15816697e-03
  9.38529186e-01]"
regular,250,0.15507517858424727,0.34407942500417893,0.23216105370821719,"[ 1.00141345e+02 -1.03630273e+01  3.37365687e-01 -1.03630273e+01
  1.08330952e+03  6.53492352e+00  3.37365687e-01  6.53492352e+00
  1.71083915e+01]"
regular,250,0.350375082524734,0.15341474093382407,0.7519547228131502,"[42.07718711 -0.25073511 -0.14135376 -0.25073511  3.34833286  0.17828211
 -0.14135376  0.17828211  0.74529701]"
regular,250,0.1517659733727935,0.3508072580210839,0.257872421351078,"[112.88397246  -4.227196    -5.69630566  -4.227196   682.28228335
   5.99616086  -5.69630566   5.99616086  15.051328  ]"
regular,250,0.3517568724831369,0.1462472287994494,0.7541873384740497,"[ 3.90618951e+01 -1.14962832e-01 -3.46967666e-02 -1.14962832e-01
  4.25867723e+00  2.62471814e-01 -3.46967666e-02  2.62471814e-01
  7.84339688e-01]"
regular,250,0.1532439802621258,0.35155904905601437,0.2882234285253459,"[ 98.43799179  -4.26032297   0.89731804  -4.26032297 456.88225177
   4.95968327   0.89731804   4.95968327  11.6774281 ]"
regular,250,0.14993549976047865,0.35228347799018717,0.2921871446774199,"[138.81116772  -2.60304366  -0.89928074  -2.60304366 464.02820296
   2.63884558  -0.89928074   2.63884558  11.2415255 ]"
regular,250,0.14780971289860706,0.34582404574599296,0.2697988826251689,"[125.41734329  -3.80334767  -0.84935383  -3.80334767 597.21852197
   0.72415325  -0.84935383   0.72415325  13.68363231]"
regular,250,0.35046057711823303,0.1442011956901457,0.7505055199820094,"[39.08645884 -0.11583271 -0.18012938 -0.11583271  4.17682096  0.16595677
 -0.18012938  0.16595677  0.78435732]"
regular,250,0.348038391248808,0.15008792909710578,0.7825799910695593,"[41.42538933 -0.16668021 -0.51072542 -0.16668021  2.4042521   0.09464332
 -0.51072542  0.09464332  0.61307926]"
regular,250,0.14170788189450978,0.3501499402757775,0.2313829591317827,"[ 1.18871515e+02 -2.00921444e+00  2.65013884e-01 -2.00921444e+00
  1.02305220e+03  1.06605254e+01  2.65013884e-01  1.06605254e+01
  1.89675397e+01]"
regular,250,0.351762452661116,0.1442479377452654,0.8045319736907821,"[ 4.01702608e+01 -6.63060377e-02 -3.70325430e-01 -6.63060377e-02
  1.19818714e+00 -1.41818471e-02 -3.70325430e-01 -1.41818471e-02
  5.48800407e-01]"
regular,250,0.1446827419807828,0.3514937709279288,0.29347453681225155,"[ 1.34730208e+02 -2.20143352e+00 -4.38309796e+00 -2.20143352e+00
  4.16284674e+02  1.34790288e-01 -4.38309796e+00  1.34790288e-01
  1.17174025e+01]"
regular,250,0.15018255010159692,0.3455643737886631,0.2293170006459974,"[124.04744807  -6.80030376  -4.25771203  -6.80030376 948.50020273
  -1.03975787  -4.25771203  -1.03975787  18.65600016]"
regular,250,0.14474921251884657,0.34966769324146774,0.2505761952772442,"[113.67107731  -3.05149097  -5.35915949  -3.05149097 784.23420975
   1.41034676  -5.35915949   1.41034676  16.30012475]"
regular,250,0.3496398800176546,0.15132418405240988,0.7218582233283167,"[41.97193273 -0.31828116 -0.53416732 -0.31828116  5.9822111   0.10247592
 -0.53416732  0.10247592  0.86727034]"
regular,250,0.3504423068454075,0.1500827725894402,0.7923617311255129,"[ 4.02814983e+01 -1.24903397e-01 -1.99048090e-02 -1.24903397e-01
  1.86727723e+00  1.26212648e-01 -1.99048090e-02  1.26212648e-01
  6.09888801e-01]"
regular,250,0.14336814167802264,0.3507188023818112,0.2513558539187174,"[116.29783219  -1.92894578   1.9963516   -1.92894578 735.49892873
   5.95339836   1.9963516    5.95339836  16.31004185]"
regular,250,0.3473719289837051,0.14385042590085204,0.7629148357652316,"[42.80593003 -0.11787516 -0.30523262 -0.11787516  3.75255353  0.1463831
 -0.30523262  0.1463831   0.71256297]"
regular,250,0.1462731863208472,0.3429973687756854,0.23117325083369256,"[ 1.09511485e+02 -6.00224833e+00 -5.22637881e+00 -6.00224833e+00
  9.75302115e+02  9.14337458e-01 -5.22637881e+00  9.14337458e-01
  1.92189469e+01]"
regular,250,0.1491362414550297,0.35001322551751907,0.24857614101765738,"[ 96.96787643  -3.66234638  -2.0704572   -3.66234638 786.26047228
  10.52045122  -2.0704572   10.52045122  17.04498722]"
regular,250,0.34628960297874817,0.14868912496266215,0.7335552853548146,"[42.28289766 -0.29658564  0.4752827  -0.29658564  5.21271258  0.28529165
  0.4752827   0.28529165  0.86647459]"
regular,250,0.35091051890504915,0.15193955287093894,0.7582033204945021,"[38.56200171 -0.220094    0.13419976 -0.220094    3.44578617  0.11277247
  0.13419976  0.11277247  0.73014497]"
regular,250,0.1528776536796485,0.3571171841454398,0.2743699225005101,"[118.54273164  -2.74175857  -2.25920974  -2.74175857 574.06265746
   1.33402633  -2.25920974   1.33402633  12.99391919]"
regular,250,0.34773205437127847,0.151467114208562,0.751091283390824,"[ 3.76068747e+01 -2.45264105e-01  1.93827892e-01 -2.45264105e-01
  3.67846985e+00 -4.97844984e-03  1.93827892e-01 -4.97844984e-03
  7.97528874e-01]"
regular,250,0.14951948262410217,0.3480555926341203,0.2609882536305647,"[108.35351376  -4.37351535  -1.11080627  -4.37351535 626.97819037
   9.37978199  -1.11080627   9.37978199  14.52589674]"
regular,250,0.3464917494673832,0.15351416922924405,0.7433289949730948,"[ 4.16110078e+01 -3.19764985e-01 -8.95196128e-02 -3.19764985e-01
  3.58079413e+00 -1.49907845e-02 -8.95196128e-02 -1.49907845e-02
  8.25903438e-01]"
regular,250,0.3565620293920891,0.1521969899651653,0.6962199133169831,"[42.17203283 -0.297856    0.09984641 -0.297856   10.03008056  0.31844145
  0.09984641  0.31844145  0.9444874 ]"
regular,250,0.3515392570611662,0.1446585585593136,0.7589951241356645,"[ 4.09204661e+01 -1.06815130e-01  7.66945869e-02 -1.06815130e-01
  3.37051114e+00  1.38097849e-02  7.66945869e-02  1.38097849e-02
  7.20897192e-01]"
regular,250,0.15568117271681886,0.34917617334316,0.2440175363204311,"[ 91.92174884  -5.7506812   -2.01942767  -5.7506812  856.63596197
  10.15156793  -2.01942767  10.15156793  17.29804824]"
regular,250,0.3518869128545544,0.14315635148073164,0.7849528475412618,"[ 4.11178489e+01 -8.64020541e-02 -2.26173407e-02 -8.64020541e-02
  2.11605738e+00  8.06246437e-02 -2.26173407e-02  8.06246437e-02
  5.90123769e-01]"
regular,250,0.14941271157903574,0.34398159788680266,0.2838151512028175,"[119.0644328   -4.23825358  -0.83733242  -4.23825358 517.46846714
   4.60701884  -0.83733242   4.60701884  12.33457176]"
regular,250,0.14289196048433095,0.34733474015388516,0.2935527498251026,"[123.77146607  -2.00348936  -1.50178846  -2.00348936 485.29078255
   5.78627152  -1.50178846   5.78627152  11.95990674]"
regular,250,0.1463460586115044,0.3492424937059859,0.24210624342961637,"[126.44546664  -3.53809973  -9.29312445  -3.53809973 877.35302455
   1.61289041  -9.29312445   1.61289041  17.21005054]"
regular,250,0.34426838453642994,0.14993907052203936,0.7503805085585914,"[41.92823852 -0.27144294  0.23044669 -0.27144294  3.75619311  0.17289398
  0.23044669  0.17289398  0.80536105]"
regular,250,0.14915392716241058,0.35219628274057585,0.23756758831536653,"[115.69026885  -4.39283573  -8.16588763  -4.39283573 883.47100734
  -2.62386283  -8.16588763  -2.62386283  17.5871249 ]"
regular,250,0.15009005120082547,0.3481968777806391,0.28003516455445526,"[135.30460037  -4.11577587  -4.01967298  -4.11577587 559.11831244
   2.71730472  -4.01967298   2.71730472  11.67155523]"
regular,250,0.1578539741573693,0.35113857667509285,0.22546326043274323,"[ 103.23576669   -9.21182315   -8.72446982   -9.21182315 1003.80020719
    1.59226605   -8.72446982    1.59226605   19.38610497]"
regular,250,0.15304195677968516,0.3536374474626689,0.2350872759009094,"[104.18488756  -3.52998585  -4.95668419  -3.52998585 939.72107764
   2.38581757  -4.95668419   2.38581757  19.17918593]"
regular,250,0.16032419190772587,0.3507365371585007,0.23914697914428149,"[ 93.95634743 -10.50563365  -1.13666602 -10.50563365 858.5744961
  -1.43885659  -1.13666602  -1.43885659  16.51502162]"
regular,250,0.35039668287610026,0.1442262483805544,0.7216056559392839,"[43.39500411 -0.14529749  0.24409491 -0.14529749  6.69690681  0.10353534
  0.24409491  0.10353534  0.92503722]"
regular,250,0.35139513106010545,0.14396159912588216,0.7462554362869555,"[ 4.36104480e+01 -1.22745423e-01 -2.10088192e-02 -1.22745423e-01
  4.89491980e+00  2.47369816e-01 -2.10088192e-02  2.47369816e-01
  7.79982171e-01]"
regular,250,0.35486513147329546,0.1539156528380076,0.805000083904599,"[ 4.03166655e+01 -1.00181843e-01  6.25080426e-02 -1.00181843e-01
  1.25718217e+00  1.34565163e-02  6.25080426e-02  1.34565163e-02
  5.62373988e-01]"
regular,5000,0.3489639128454781,0.15090148912961354,0.7557744071895744,"[812.50626439  -4.30553554  -3.42942366  -4.30553554  71.46892176
   1.93005416  -3.42942366   1.93005416  14.79238656]"
regular,5000,0.15035922371978808,0.35032666718900135,0.25065413809082426,"[ 2233.83887382   -85.76453365   -76.74490846   -85.76453365
 15231.16578371    51.78787575   -76.74490846    51.78787575
   319.18481402]"
regular,5000,0.3489877102487668,0.1480703968106985,0.7424626610652197,"[827.18524011  -3.74740163  -2.03730501  -3.74740163  96.96710428
   3.55393584  -2.03730501   3.55393584  16.32137679]"
regular,5000,0.15040605588843906,0.35004933574390296,0.24322048695582343,"[ 2183.65671057   -96.15279908   -64.15093336   -96.15279908
 16415.01130393    54.65454581   -64.15093336    54.65454581
   334.06904223]"
regular,5000,0.3509698790674237,0.1506123392520107,0.7420018277572932,"[818.64746294  -4.19736281  -1.76766743  -4.19736281  90.03772483
   2.54440473  -1.76766743   2.54440473  16.17187769]"
regular,5000,0.34959073094306775,0.15093963622710815,0.7529702465861865,"[827.04996118  -4.09094266  -3.83758443  -4.09094266  75.72704383
   2.01383075  -3.83758443   2.01383075  15.14229167]"
regular,5000,0.15042844729916352,0.3491919393966971,0.25098139940215314,"[ 2185.95291494   -95.22798185   -61.46469889   -95.22798185
 15148.41576204    71.51534429   -61.46469889    71.51534429
   314.88699838]"
regular,5000,0.35162929368491075,0.1485956502606756,0.7486461217746305,"[824.86207683  -3.15628069  -1.60875692  -3.15628069  84.9622238
   2.16622498  -1.60875692   2.16622498  15.49107334]"
regular,5000,0.3503884504811155,0.1499590971993523,0.7471106419733783,"[828.38971654  -3.73190317  -3.2873113   -3.73190317  79.85356574
   2.11177169  -3.2873113    2.11177169  15.9026606 ]"
regular,5000,0.34914623915618775,0.14886860380449873,0.753500988417939,"[817.61372344  -3.77243452  -2.54699542  -3.77243452  75.49556788
   2.66910494  -2.54699542   2.66910494  15.06049436]"
regular,5000,0.14871303780346856,0.3500473260700912,0.2518067166132887,"[ 2265.72614873   -82.03672655   -66.36315068   -82.03672655
 14561.07486593    73.69397781   -66.36315068    73.69397781
   312.3349129 ]"
regular,5000,0.3501767150485337,0.14875769275748746,0.7519463927476663,"[828.69303827  -3.42726576  -2.82448054  -3.42726576  78.78516084
   1.86379576  -2.82448054   1.86379576  15.26001559]"
regular,5000,0.1496836794883144,0.3507566842529986,0.2473464019260201,"[ 2233.63865611   -81.77741353   -64.14383807   -81.77741353
 15544.51935259    27.23935414   -64.14383807    27.23935414
   328.29022727]"
regular,5000,0.15135556436026323,0.3486952244773029,0.2503664212657512,"[ 2090.67869451  -102.66321473   -54.60299829  -102.66321473
 15363.04213769    53.35674937   -54.60299829    53.35674937
   319.53969427]"
regular,5000,0.14727214417105727,0.3499438873595721,0.2437137342506995,"[ 2225.13786283   -76.80491653   -72.85015834   -76.80491653
 16495.62232734    62.41353342   -72.85015834    62.41353342
   337.87972071]"
regular,5000,0.14938891279830896,0.3516536462087157,0.25223203940945016,"[ 2200.24873824   -74.61415812   -68.65686958   -74.61415812
 14650.39543154    75.96312836   -68.65686958    75.96312836
   314.389782  ]"
regular,5000,0.35036115781761507,0.15026409336365024,0.7490460044746469,"[826.4692505   -3.8549594   -2.73699607  -3.8549594   79.68480977
   2.19256676  -2.73699607   2.19256676  15.54421407]"
regular,5000,0.14920866327517518,0.35111540088828236,0.23274805706747093,"[ 2137.91521359   -86.14745222   -80.70239988   -86.14745222
 19016.6280857     59.94478562   -80.70239988    59.94478562
   371.57029863]"
regular,5000,0.1500110635572725,0.3517513092019689,0.2479887393915423,"[ 2226.1247679    -78.96023838   -83.97079889   -78.96023838
 15556.86242385    59.83822931   -83.97079889    59.83822931
   325.31682894]"
regular,5000,0.1514281865323781,0.34984189509425406,0.24793596899537046,"[ 2155.19844427   -99.84394      -69.67291519   -99.84394
 15387.11823506    42.45395646   -69.67291519    42.45395646
   326.40368151]"
regular,5000,0.15080574487545642,0.3509605080891128,0.2396371054028432,"[ 2040.55983251   -88.96036733   -63.237861     -88.96036733
 17698.65440681   101.58556275   -63.237861     101.58556275
   351.92057834]"
regular,5000,0.14987419556685147,0.34986502438288974,0.2516366609449936,"[ 2235.49826258   -85.35810075   -61.47136618   -85.35810075
 14899.18950785    66.9520085    -61.47136618    66.9520085
   315.14034553]"
regular,5000,0.350293789841654,0.15075063762759908,0.750871982876525,"[815.50835607  -3.92586168  -3.62492854  -3.92586168  76.14526513
   2.50291337  -3.62492854   2.50291337  15.52301573]"
regular,5000,0.15014656333781606,0.3502134795316746,0.251243336419347,"[ 2160.0887433    -86.87466889   -41.48497893   -86.87466889
 14953.72086312    45.91019489   -41.48497893    45.91019489
   315.0820277 ]"
regular,5000,0.14968668906674346,0.34898274886672204,0.24494588059451416,"[ 2177.2214823    -89.42829856   -66.49816516   -89.42829856
 16330.26307304    69.09174277   -66.49816516    69.09174277
   336.41844479]"
regular,5000,0.34959797571397033,0.1487292791394838,0.7484427560108429,"[815.22101885  -3.64007502  -2.2251422   -3.64007502  81.77091684
   2.98427927  -2.2251422    2.98427927  15.83855643]"
regular,5000,0.35192050910372524,0.15019430805924341,0.7466144266878957,"[840.87241788  -3.51832715  -3.31391435  -3.51832715  83.09616276
   2.08393502  -3.31391435   2.08393502  15.65527632]"
regular,5000,0.34802101070137836,0.14885237306934399,0.7547454695571905,"[833.13236944  -3.83783381  -3.71910277  -3.83783381  73.48484371
   2.39115083  -3.71910277   2.39115083  14.949646  ]"
regular,5000,0.14776138963835567,0.34970963544112904,0.24794290855108453,"[ 2199.8404613    -77.7672652    -66.63081171   -77.7672652
 15932.67970538    34.26948388   -66.63081171    34.26948388
   325.17532741]"
regular,5000,0.15202529421863584,0.34890353861178575,0.24240128084688262,"[ 2090.1989597   -112.46581887   -75.72500787  -112.46581887
 16833.81703524    51.51990951   -75.72500787    51.51990951
   341.88106476]"
regular,5000,0.34900323567914776,0.15003929602172814,0.7533460798793618,"[821.80926093  -4.17217392  -3.59630278  -4.17217392  73.58486238
   2.06966368  -3.59630278   2.06966368  14.9958083 ]"
regular,5000,0.34896776457888823,0.1512683119828696,0.741214434804554,"[820.84023834  -5.04691327  -3.30383511  -5.04691327  87.46408242
   2.27553061  -3.30383511   2.27553061  16.17238915]"
regular,5000,0.35005679174608906,0.15089509223761088,0.7519362815841844,"[816.74172912  -3.96135702  -3.8576964   -3.96135702  76.09578602
   2.1396621   -3.8576964    2.1396621   15.34977899]"
regular,5000,0.3500859672077797,0.15102241639077252,0.7482212740500526,"[815.8501081   -4.26222391  -2.42669733  -4.26222391  79.38977208
   2.81409973  -2.42669733   2.81409973  15.63543718]"
regular,5000,0.3504643165176479,0.1496298488054584,0.7491351106631333,"[833.76910244  -3.7728883   -2.6568963   -3.7728883   82.16702617
   2.11004328  -2.6568963    2.11004328  15.26119417]"
regular,5000,0.1520435874485553,0.34979561100784695,0.250372209177424,"[ 2244.15454871  -101.54947977   -60.45509909  -101.54947977
 14967.26788404    57.80729307   -60.45509909    57.80729307
   316.59952014]"
regular,5000,0.1500269274399707,0.3498474388064176,0.24370590623258198,"[ 2188.85519726   -89.36803673   -84.9202361    -89.36803673
 16371.82314772    65.30869646   -84.9202361     65.30869646
   342.54879932]"
regular,5000,0.14998705743450685,0.35056731036341765,0.24718938997943787,"[ 2189.29827809   -83.93797613   -58.76468109   -83.93797613
 15652.75909824    21.22122332   -58.76468109    21.22122332
   330.02020757]"
regular,5000,0.34920360493575003,0.15136310187370897,0.7566039097633656,"[804.27272686  -4.19010978  -2.02266106  -4.19010978  69.95444041
   2.10811654  -2.02266106   2.10811654  14.9653281 ]"
regular,5000,0.34969256505409024,0.1496351262277527,0.7460101191328469,"[823.48486885  -4.09768077  -3.85221405  -4.09768077  85.68579741
   2.46515636  -3.85221405   2.46515636  15.69207408]"
regular,5000,0.35013547045832216,0.1497803598050161,0.7404035749888137,"[818.10273139  -4.0035109   -2.56307404  -4.0035109   94.62569844
   2.85760807  -2.56307404   2.85760807  16.54906148]"
regular,5000,0.15064311219130416,0.3509447302025343,0.24168916199079468,"[ 2064.94642577   -93.14499892   -63.93842144   -93.14499892
 16968.47176919    25.89508661   -63.93842144    25.89508661
   344.72177265]"
regular,5000,0.3509182112355059,0.14877790977444913,0.7521315102760081,"[831.69207286  -3.24055633  -3.15747146  -3.24055633  78.78370072
   2.82334259  -3.15747146   2.82334259  15.30243674]"
regular,5000,0.3509201931085658,0.15005942591873125,0.7608881327074861,"[811.20795485  -3.45284363  -1.93307771  -3.45284363  65.59393765
   1.1954438   -1.93307771   1.1954438   14.26242669]"
regular,5000,0.14835983045881146,0.350333514902294,0.2427519953274551,"[ 2202.54459736   -81.03005556   -68.25712044   -81.03005556
 16808.75273061    47.42809459   -68.25712044    47.42809459
   339.12425632]"
regular,5000,0.1499261222728691,0.349185123475343,0.24960038530357648,"[ 2276.44751621   -93.310583     -74.71742707   -93.310583
 15176.8749352     90.48714692   -74.71742707    90.48714692
   317.56709944]"
regular,5000,0.15028709394464068,0.3504299411515628,0.24719315150150556,"[ 2228.26584639   -89.65882789   -61.83427576   -89.65882789
 16002.10527513    54.35382488   -61.83427576    54.35382488
   323.12444386]"
regular,5000,0.3498147720658498,0.14892856393535062,0.7513578829990913,"[833.44253205  -3.81362266  -1.62908547  -3.81362266  78.86062609
   2.16769     -1.62908547   2.16769     15.01362347]"
regular,5000,0.3511767743198936,0.15111033832221096,0.7493193994794975,"[828.36188557  -3.77810122  -5.26192245  -3.77810122  77.5523135
   2.27158494  -5.26192245   2.27158494  15.56061819]"
regular,5000,0.35054412797313517,0.1496335097305406,0.7464438245288552,"[841.7976498   -3.83046826  -2.68894459  -3.83046826  86.30376511
   2.99969703  -2.68894459   2.99969703  15.61942951]"
regular,5000,0.15107243386152225,0.3505602883541197,0.2554856709635519,"[ 2228.47934252   -91.04633129   -71.9428483    -91.04633129
 13985.42342863    44.73323929   -71.9428483     44.73323929
   303.54960419]"
regular,5000,0.15106177723606276,0.35115729944330976,0.2597824222646572,"[ 2187.19568064   -82.89689077   -67.89928918   -82.89689077
 13570.71379778    75.55897298   -67.89928918    75.55897298
   294.01964661]"
regular,5000,0.14926828342814216,0.3505936056829249,0.24485546642037034,"[ 2165.14006031   -84.32878901   -85.86495007   -84.32878901
 16097.35043246    69.1800178    -85.86495007    69.1800178
   335.99447354]"
regular,5000,0.3487129070198354,0.1504173602791921,0.7465353718428618,"[847.77490928  -4.26884298  -3.57676713  -4.26884298  85.3207676
   2.93134173  -3.57676713   2.93134173  15.84450152]"
regular,5000,0.14965584308039445,0.349735269250531,0.26440134432186263,"[ 2326.9513044    -78.41039897   -76.17262912   -78.41039897
 12342.31282545    46.73949532   -76.17262912    46.73949532
   286.93868424]"
regular,5000,0.14838670534356754,0.34947018241943034,0.24753989309948046,"[ 2267.63318139   -79.7760473    -60.61973784   -79.7760473
 15525.85148955    65.22967498   -60.61973784    65.22967498
   328.89393057]"
regular,5000,0.14810827709233718,0.35030876174136105,0.2565511246494048,"[ 2309.04678609   -74.37631303   -71.74152574   -74.37631303
 13822.81294011    30.56061158   -71.74152574    30.56061158
   304.77146137]"
regular,5000,0.1505337764191189,0.3504659619528479,0.2491843012662054,"[ 2183.19500671   -88.8944625    -83.06006892   -88.8944625
 15214.44718556    71.54705209   -83.06006892    71.54705209
   322.52718668]"
regular,5000,0.3510879296337805,0.15028241045856014,0.7482443219617435,"[831.27292961  -3.92863619  -2.71885648  -3.92863619  82.91822811
   2.64276335  -2.71885648   2.64276335  15.35790804]"
regular,5000,0.3493775702727569,0.1492316608279035,0.7503942478198679,"[816.69703712  -3.87526256  -2.50337655  -3.87526256  78.85285238
   2.18088904  -2.50337655   2.18088904  15.30593106]"
regular,5000,0.15006502711824476,0.3508754473628947,0.24798238708044024,"[ 2204.65777124   -84.19563585   -50.75333063   -84.19563585
 15947.54463674    49.17483184   -50.75333063    49.17483184
   320.12149756]"
regular,5000,0.14932698916167841,0.35096960543035555,0.2521272852491413,"[ 2274.26427733   -78.94630331   -76.34156375   -78.94630331
 14844.68378058    91.71413357   -76.34156375    91.71413357
   309.39406569]"
regular,5000,0.15193133183501192,0.3498169019447425,0.25411100929117286,"[ 2180.56743162   -96.2391781    -70.62197886   -96.2391781
 14284.49297093    57.84388969   -70.62197886    57.84388969
   310.92510499]"
regular,5000,0.14990273215972813,0.34982983642752347,0.2547420301716767,"[ 2226.07224129   -81.31699922   -59.50126949   -81.31699922
 14220.23786926    41.93326118   -59.50126949    41.93326118
   311.7600918 ]"
regular,5000,0.15048752754547873,0.3497687981859183,0.24928985060293216,"[ 2206.09967268   -91.87625783   -78.11359422   -91.87625783
 15246.11078523    91.91676923   -78.11359422    91.91676923
   322.1108429 ]"
regular,5000,0.35105188178730795,0.1507269726845047,0.7508054190021392,"[829.53287414  -3.65697512  -4.96066885  -3.65697512  79.06775865
   2.03328556  -4.96066885   2.03328556  15.23530873]"
regular,5000,0.14999403541935652,0.34964083486364417,0.2544134692117508,"[ 2199.28676907   -89.45737389   -62.28064973   -89.45737389
 14530.55124299    73.69789935   -62.28064973    73.69789935
   304.24151276]"
regular,5000,0.35054759354808246,0.15044801494358656,0.7419605083220425,"[836.91577774  -4.11826459  -5.29347813  -4.11826459  89.16028048
   2.00812696  -5.29347813   2.00812696  16.01584865]"
regular,5000,0.3507675820099307,0.1499140009737361,0.7496704726371303,"[820.86260285  -3.74920353  -4.37489211  -3.74920353  80.16674894
   2.80400338  -4.37489211   2.80400338  15.34936445]"
regular,5000,0.14963264535230494,0.3502353939074786,0.25589576552266996,"[ 2274.57975665   -82.53802935   -65.67095392   -82.53802935
 13847.51252225    57.37589175   -65.67095392    57.37589175
   304.02403888]"
regular,5000,0.3499843625131959,0.15036398807054982,0.7564559096287818,"[827.04914342  -3.7251367   -2.26946038  -3.7251367   71.07736539
   1.7872852   -2.26946038   1.7872852   14.85033654]"
regular,5000,0.15093942124713008,0.3496431795448277,0.24807371519856378,"[ 2103.25272328   -96.38558252   -58.38565699   -96.38558252
 15426.7857391     55.11108483   -58.38565699    55.11108483
   326.8417555 ]"
regular,5000,0.34962923427609016,0.15110065425966457,0.7576206192976811,"[819.89374424  -4.14257954  -3.32107514  -4.14257954  68.35087915
   1.57990583  -3.32107514   1.57990583  14.51100861]"
regular,5000,0.14986098133665635,0.3493805841082357,0.25166742220172894,"[ 2215.99840482   -91.56667889   -69.29060217   -91.56667889
 14776.78359062    55.18286263   -69.29060217    55.18286263
   313.83528383]"
regular,5000,0.3500157397059811,0.14806512601532063,0.7559812332065278,"[811.50234357  -3.20124757  -4.67939882  -3.20124757  72.98636826
   2.21138923  -4.67939882   2.21138923  14.85062863]"
regular,5000,0.15164450603315685,0.3512299301714331,0.2523226853306785,"[ 2158.76178781   -92.56062326   -62.6875965    -92.56062326
 14915.65341436    33.76682025   -62.6875965     33.76682025
   310.25203134]"
regular,5000,0.1494157993626042,0.35138294103484563,0.24820344844111056,"[ 2212.89810666   -79.73939412   -61.96129568   -79.73939412
 15430.75064876    40.6754231    -61.96129568    40.6754231
   323.86395976]"
regular,5000,0.15054591181469296,0.3498383647532991,0.2578038656041192,"[ 2219.30358622   -86.83910086   -57.14991174   -86.83910086
 13725.36963565    49.96349902   -57.14991174    49.96349902
   302.06313508]"
regular,5000,0.15009869477765686,0.35135753480805376,0.24399193993484933,"[ 2146.31511962   -85.35932211   -74.45870624   -85.35932211
 16359.55109596    74.00405373   -74.45870624    74.00405373
   335.72914242]"
regular,5000,0.14917438036507383,0.3504375570506766,0.2549177544326497,"[ 2210.1696768    -77.65323718   -62.68885967   -77.65323718
 14219.77978538    44.49739017   -62.68885967    44.49739017
   307.28694473]"
regular,5000,0.15258521244455647,0.34952115303460135,0.25105195570940153,"[ 2140.27771129  -107.37285236   -67.6569863   -107.37285236
 15133.83493065    62.8963618    -67.6569863     62.8963618
   315.2875523 ]"
regular,5000,0.351040471658473,0.15014996554894416,0.7523104868313493,"[816.68765994  -3.56152795  -3.85291435  -3.56152795  76.20998893
   2.21395581  -3.85291435   2.21395581  15.19096596]"
regular,5000,0.15036393727846817,0.35032617617392753,0.24828775896975275,"[ 2135.87806823   -88.58998518   -56.39571122   -88.58998518
 15644.44395457    62.59646489   -56.39571122    62.59646489
   322.74416501]"
regular,5000,0.15023980969788056,0.3499964655721561,0.24983630885154184,"[ 2156.80098219   -89.92991618   -64.8175093    -89.92991618
 15401.31225914    30.72948218   -64.8175093     30.72948218
   320.3028039 ]"
regular,5000,0.34887398388168184,0.14974487335331357,0.7497503818027477,"[838.07583195  -4.27828679  -3.65653784  -4.27828679  80.3045536
   2.18506842  -3.65653784   2.18506842  15.15852034]"
regular,5000,0.34982796887195294,0.14858235158477176,0.7431995311569535,"[840.02296153  -3.82517088  -5.16038744  -3.82517088  92.13540544
   2.89964868  -5.16038744   2.89964868  15.75996759]"
regular,5000,0.3507689974958558,0.1497411593270627,0.7655498963467908,"[803.36832253  -3.16624343  -4.1237001   -3.16624343  61.46096739
   1.30310651  -4.1237001    1.30310651  14.02276337]"
regular,5000,0.34891429390324147,0.15104477754998508,0.7590114193329557,"[801.88950625  -4.08901831  -4.00873801  -4.08901831  65.45731145
   1.61420075  -4.00873801   1.61420075  14.75594415]"
regular,5000,0.350323860239401,0.14954924934247532,0.7466917753584328,"[848.59751206  -3.64284643  -4.13779111  -3.64284643  84.33407703
   1.69005051  -4.13779111   1.69005051  15.57101581]"
regular,5000,0.15284882571813885,0.3504887925821673,0.2414025530321519,"[ 2098.38685537  -110.10436151   -79.87261675  -110.10436151
 16959.33825082    86.83176142   -79.87261675    86.83176142
   341.89728107]"
regular,5000,0.14954186987392615,0.35045840200281586,0.2579300043341907,"[ 2250.61385869   -77.05603384   -70.19421081   -77.05603384
 13748.11298161    30.88260389   -70.19421081    30.88260389
   302.14573217]"
regular,5000,0.15108380140214064,0.3493871888444252,0.24457065242287535,"[ 2178.31978284  -102.53109735   -58.86455223  -102.53109735
 16109.83859526    77.08781193   -58.86455223    77.08781193
   330.66970038]"
regular,5000,0.34972882836730396,0.14845059336760202,0.759016028894661,"[813.90913992  -3.48042537  -3.64057907  -3.48042537  68.16486714
   2.15956429  -3.64057907   2.15956429  14.46929742]"
regular,5000,0.14924499736548505,0.35014552103730884,0.2495141382468137,"[ 2256.85759963   -82.32850366   -69.44340521   -82.32850366
 15509.9086463     49.69982592   -69.44340521    49.69982592
   320.453268  ]"
regular,5000,0.35080194624670713,0.1505902596016934,0.7476273883237553,"[814.51343339  -3.88914121  -3.9714536   -3.88914121  78.31823417
   1.32218038  -3.9714536    1.32218038  15.65742315]"
regular,5000,0.14954509344430403,0.350048195887638,0.24861558389963442,"[ 2128.25641001   -80.9607991    -48.26361159   -80.9607991
 15529.11756224    79.78222217   -48.26361159    79.78222217
   327.53977399]"
regular,5000,0.35097642904035226,0.14966545782014987,0.7524107665953735,"[823.14071235  -3.34819244  -3.58251325  -3.34819244  77.98860645
   1.69033654  -3.58251325   1.69033654  15.27259185]"
regular,5000,0.15005777184423857,0.34885884510963316,0.2561497494616249,"[ 2264.58319445   -90.53590682   -86.35362347   -90.53590682
 14157.44788117    32.28792408   -86.35362347    32.28792408
   306.51216205]"
regular,5000,0.3507899908411089,0.15125565680379208,0.7451867565228257,"[827.37031212  -4.23684047  -4.78603615  -4.23684047  84.83633486
   2.32859175  -4.78603615   2.32859175  15.68759164]"
regular,5000,0.34980062380495575,0.15022596454398748,0.7438621516667048,"[843.9743659   -4.11441145  -4.4416155   -4.11441145  86.72854619
   2.33511812  -4.4416155    2.33511812  15.92831512]"
e-singular,50,0.21941635495715775,0.35327860286449275,0.26802629886605084,"[ 18.01144071 -22.2615744   -0.75430765 -22.2615744  146.91517485
  -1.04510836  -0.75430765  -1.04510836   2.12076982]"
e-singular,50,0.24632237169924465,0.34377165662420117,0.25214814704000443,"[ 21.87982995 -36.69083612  -3.01206994 -36.69083612 205.4407086
  -6.22960012  -3.01206994  -6.22960012   2.26123796]"
e-singular,50,0.17889184436373937,0.33369959997196247,0.05619615075344646,"[ 9.08675362e+00 -6.89862002e+01  3.83032437e-01 -6.89862002e+01
  8.36330600e+03 -8.99530245e+01  3.83032437e-01 -8.99530245e+01
  6.49688710e+01]"
e-singular,50,0.37237444521637175,0.281360456386784,0.44432228642273863,"[ 16.60827529 -10.92743723   1.46083287 -10.92743723  27.20280664
   1.2895141    1.46083287   1.2895141    0.50243101]"
e-singular,50,0.25002584747929335,0.33932713744378395,0.14251907725907112,"[ 30.28492798 -96.92093351  -8.23702918 -96.92093351 875.18850688
 -12.88444914  -8.23702918 -12.88444914   6.86038273]"
e-singular,50,0.18219855982579364,0.3359919009982197,0.16380358737362782,"[ 14.65134587 -24.79394309  -1.05823015 -24.79394309 651.74636432
  -4.27691226  -1.05823015  -4.27691226   6.72358694]"
e-singular,50,0.37807550940719564,0.2900266292848114,0.6107218018042455,"[12.61338921 -4.14886816  0.64636408 -4.14886816  5.07880252  0.39810178
  0.64636408  0.39810178  0.18362459]"
e-singular,50,0.3602341702957772,0.2615265160949749,0.6936998397888036,"[ 8.3061225  -1.66230497  0.51490457 -1.66230497  1.60261507  0.20401124
  0.51490457  0.20401124  0.17836033]"
e-singular,50,0.33093123035913,0.25639562032044033,0.7996765525715895,"[ 9.36941894 -0.44089708  0.48622781 -0.44089708  0.59946906  0.14155631
  0.48622781  0.14155631  0.0781364 ]"
e-singular,50,0.26862211314635176,0.3583232275450266,0.3692621632080403,"[ 25.60474756 -22.21013932  -1.5657036  -22.21013932  62.58966358
  -3.07916924  -1.5657036   -3.07916924   0.70507957]"
e-singular,50,0.2534552850335253,0.35264837563269236,0.27671660865583436,"[ 17.51475475 -21.12178422  -2.5696759  -21.12178422 123.99234729
  -6.24281005  -2.5696759   -6.24281005   2.14545311]"
e-singular,50,0.21966499924243404,0.3465813334920018,0.17004378214678323,"[ 19.50686826 -46.13847843  -2.72210762 -46.13847843 499.82271539
  -5.39344879  -2.72210762  -5.39344879   6.37073086]"
e-singular,50,0.2687155110199786,0.36722202228027745,0.3941061538327355,"[ 19.20832195 -15.54406487  -1.02961979 -15.54406487  37.10751202
  -2.31132484  -1.02961979  -2.31132484   0.75623627]"
e-singular,50,0.2159616693715837,0.34348176681791154,0.11042782353454854,"[  17.88239514 -100.21591163   -1.76310033 -100.21591163 1726.22741314
  -14.60803374   -1.76310033  -14.60803374   13.56284918]"
e-singular,50,0.35165123871271264,0.2435826095837182,0.8385170714816573,"[ 7.79569041 -0.72888507  0.2139318  -0.72888507  0.18288195  0.02430082
  0.2139318   0.02430082  0.07654786]"
e-singular,50,0.22457719284969627,0.34219133154401604,0.1053557988994946,"[  17.24854486 -112.84491638   -3.09546678 -112.84491638 2180.78439262
  -41.51996258   -3.09546678  -41.51996258   15.56508852]"
e-singular,50,0.23525912925043216,0.3398968128139381,0.13854294476176782,"[  19.36027433  -94.23359087   -3.23106202  -94.23359087 1025.41168851
  -21.81654653   -3.23106202  -21.81654653    8.54482102]"
e-singular,50,0.3362142842236675,0.22158051756241756,0.9004282546398612,"[ 6.74000699 -0.34584776  0.0725673  -0.34584776  0.04871479  0.01809306
  0.0725673   0.01809306  0.05546361]"
e-singular,50,0.23964803326738882,0.34751857893958116,0.22729632808283576,"[ 22.99888891 -43.05387685  -2.95028938 -43.05387685 234.95794475
  -4.61521403  -2.95028938  -4.61521403   3.01466824]"
e-singular,50,0.3386758881181475,0.23859292983557534,0.8293826600335312,"[ 7.35625078 -0.8675578   0.22522742 -0.8675578   0.25956059  0.04954397
  0.22522742  0.04954397  0.08132442]"
e-singular,50,0.32860004117116026,0.14230635441489747,0.9796018789615129,"[ 3.84620888e+00 -1.76715906e-03  3.15783980e-02 -1.76715906e-03
  1.28757466e-05  8.30441346e-05  3.15783980e-02  8.30441346e-05
  3.69679919e-02]"
e-singular,50,0.24900285540522485,0.35542807844593616,0.33101249346181943,"[ 18.63227548 -19.44688746  -2.57132176 -19.44688746  60.72871684
  -0.41553399  -2.57132176  -0.41553399   1.3763163 ]"
e-singular,50,0.3431385055572133,0.2222991594175657,0.9194094815279875,"[ 5.26775822 -0.19712251  0.04446416 -0.19712251  0.02305847  0.00868622
  0.04446416  0.00868622  0.05247843]"
e-singular,50,0.35905527773600404,0.28875918262785366,0.5326158916017133,"[15.92343819 -4.63889329  1.09652684 -4.63889329 12.62568381  0.87648427
  1.09652684  0.87648427  0.21617979]"
e-singular,50,0.355304190481917,0.25066508191606607,0.7964031730210134,"[ 9.14227339 -1.33843628  0.26948777 -1.33843628  0.54323144  0.07014042
  0.26948777  0.07014042  0.08447119]"
e-singular,50,0.3419726078955816,0.261569639269208,0.6172702523139469,"[13.96895546 -4.11544304  0.75061147 -4.11544304  6.06815386  0.52142637
  0.75061147  0.52142637  0.17989144]"
e-singular,50,0.39759815110140795,0.30706312563043464,0.2511389846226439,"[ 19.07442659 -34.72650056   2.44466644 -34.72650056 229.50627881
   8.73472393   2.44466644   8.73472393   1.78965507]"
e-singular,50,0.2605475151310619,0.36125528042575855,0.29248271312112684,"[ 20.75869538 -26.03721308  -2.27825963 -26.03721308 106.6994296
  -4.26356614  -2.27825963  -4.26356614   1.65163515]"
e-singular,50,0.27117762314722377,0.3619262175324404,0.4487806980189979,"[ 17.5266135  -11.82588863  -0.78940927 -11.82588863  24.09186925
  -1.80458175  -0.78940927  -1.80458175   0.50076227]"
e-singular,50,0.3031532260882435,0.39521421694615944,0.8604536645539276,"[ 8.44045861 -0.41872726 -0.3215591  -0.41872726  0.12231576 -0.04567326
 -0.3215591  -0.04567326  0.06271845]"
e-singular,50,0.34815028655740465,0.25456831193103535,0.9278676627165059,"[ 5.58733949 -0.22152445  0.17379676 -0.22152445  0.02779047  0.01493971
  0.17379676  0.01493971  0.04029986]"
e-singular,50,0.3401015180441581,0.21232448371629076,0.839552403512883,"[ 5.9884302  -0.41540968  0.11627172 -0.41540968  0.12539559  0.01593416
  0.11627172  0.01593416  0.10075972]"
e-singular,50,0.3586660613336867,0.24741757654064173,0.7027729285913487,"[ 7.87552388 -1.95116818  0.211212   -1.95116818  1.63564537  0.18692818
  0.211212    0.18692818  0.17346987]"
e-singular,50,0.2525189693790808,0.3572514051708668,0.29648317578136707,"[ 18.40409792 -27.53791879  -1.1561951  -27.53791879 107.40238165
  -5.48072002  -1.1561951   -5.48072002   1.61105628]"
e-singular,50,0.23897793546899906,0.3429725628919623,0.16897568006558505,"[ 20.4813144  -60.40539846  -3.29971978 -60.40539846 613.29100097
 -18.97930645  -3.29971978 -18.97930645   5.90667641]"
e-singular,50,0.2557881234722468,0.37264227835459873,0.45905323955836663,"[ 19.49514179 -11.6018517   -0.68676614 -11.6018517   20.0887982
  -0.80609647  -0.68676614  -0.80609647   0.49916336]"
e-singular,50,0.36188460793942434,0.26863100268139223,0.583023006651262,"[14.36101991 -6.5147927   0.67928046 -6.5147927   8.56174583  0.48008164
  0.67928046  0.48008164  0.2127357 ]"
e-singular,50,0.34930003561566203,0.2785504855741489,0.8431080394271198,"[ 7.164996   -0.20944504  0.37142343 -0.20944504  0.26688704  0.07945442
  0.37142343  0.07945442  0.05317542]"
e-singular,50,0.3533967670748958,0.24785583969987868,0.7271507102398991,"[ 8.78066199 -2.00423333  0.34792356 -2.00423333  1.34336655  0.1173519
  0.34792356  0.1173519   0.137356  ]"
e-singular,50,0.25566152594880776,0.35877316380371804,0.42258240398654495,"[ 16.72698859 -11.26509439  -0.5523469  -11.26509439  23.88101542
  -1.88580404  -0.5523469   -1.88580404   0.732316  ]"
e-singular,50,0.2358488026597439,0.34888864546626003,0.18479011424329359,"[ 21.96541267 -57.02181764  -3.79323399 -57.02181764 509.33970087
  -8.88310004  -3.79323399  -8.88310004   4.67361237]"
e-singular,50,0.3486874004137601,0.23576533365082353,0.7990879810817758,"[ 8.46307208 -1.13257222  0.22989407 -1.13257222  0.45775839  0.04595208
  0.22989407  0.04595208  0.09366401]"
e-singular,50,0.3385066521348601,0.26317904163026007,0.7596279503150537,"[11.45381043 -1.16253915  0.59486075 -1.16253915  1.07507641  0.14925743
  0.59486075  0.14925743  0.08395455]"
e-singular,50,0.33027544000552805,0.1332441748973314,0.9793157699957413,"[ 4.46293306e+00 -8.60207171e-04 -9.25409887e-02 -8.60207171e-04
  1.23355971e-05  7.37807455e-05 -9.25409887e-02  7.37807455e-05
  2.74906295e-02]"
e-singular,50,0.23124043093519803,0.3376029711266784,0.3478947668987922,"[ 26.33495596 -25.11495813  -1.36641548 -25.11495813  67.79436283
  -2.2129587   -1.36641548  -2.2129587    1.03278369]"
e-singular,50,0.36878296707422464,0.26454792387616455,0.6202527877403778,"[10.91331827 -4.15164207  0.14642314 -4.15164207  4.83511833  0.53682486
  0.14642314  0.53682486  0.22136306]"
e-singular,50,0.34740299661040863,0.2377855642904939,0.6971011279163437,"[10.19781409 -2.67224807  0.07775632 -2.67224807  1.95964252  0.23969964
  0.07775632  0.23969964  0.16157259]"
e-singular,50,0.22932368440621673,0.35562817842698785,0.20132441544642202,"[ 15.04646233 -31.13317201  -3.02053969 -31.13317201 304.59340483
  -0.79623709  -3.02053969  -0.79623709   4.75551247]"
e-singular,50,0.34052498318318425,0.1968884897328238,0.9559653467496401,"[ 5.26155215e+00 -4.96594400e-02 -9.41416682e-03 -4.96594400e-02
  2.22207833e-03  2.10669941e-03 -9.41416682e-03  2.10669941e-03
  3.96598244e-02]"
e-singular,50,0.32995961573977356,0.21131389558973285,0.8401997500137637,"[ 6.87637559 -0.5821744   0.20910424 -0.5821744   0.18716686  0.02248676
  0.20910424  0.02248676  0.09209461]"
e-singular,50,0.2776208277620533,0.37911023835421176,0.47404195249044967,"[ 17.8645569  -11.69260846  -0.27183294 -11.69260846  17.41033509
  -1.32736158  -0.27183294  -1.32736158   0.43024375]"
e-singular,50,0.3608691830803424,0.25112183116004794,0.7460605418472173,"[ 7.85227047 -1.70721355  0.31306386 -1.70721355  0.91623419  0.045057
  0.31306386  0.045057    0.12250688]"
e-singular,50,0.34350404708183047,0.24430423748644226,0.7469345235215288,"[ 9.48697858 -1.69450809  0.29651297 -1.69450809  1.07955673  0.17793851
  0.29651297  0.17793851  0.12741067]"
e-singular,50,0.3637876619075477,0.2696959617959973,0.6217768212780007,"[13.29118279 -4.91934477  0.56396935 -4.91934477  5.15082773  0.38073954
  0.56396935  0.38073954  0.18381051]"
e-singular,50,0.23618107770924393,0.3337648418399472,0.1205614678297234,"[  29.89115575 -142.87033538   -4.99878146 -142.87033538 1725.40586008
  -43.23599332   -4.99878146  -43.23599332    9.47871073]"
e-singular,50,0.2608028599936454,0.341155101187903,0.38773157692743354,"[ 25.45002406 -16.98174156  -1.78656782 -16.98174156  54.16050098
  -3.0341472   -1.78656782  -3.0341472    0.62626854]"
e-singular,50,0.2883657257258267,0.3597610735512166,0.40844500992607086,"[19.07213026 -7.08849657 -1.63964393 -7.08849657 43.68366863 -3.04596875
 -1.63964393 -3.04596875  0.49666438]"
e-singular,50,0.2574945546104037,0.36371508612598535,0.3155236153291985,"[ 17.80209126 -20.17568554  -2.03382021 -20.17568554  74.39597273
  -2.30359375  -2.03382021  -2.30359375   1.50951235]"
e-singular,50,0.35368105193966776,0.2286859690844139,0.7641423065113108,"[ 7.73755705 -0.8997773   0.14135428 -0.8997773   0.47467728  0.03464841
  0.14135428  0.03464841  0.13924446]"
e-singular,50,0.18779325432270647,0.34765233985621524,0.10166666349913818,"[ 6.70811260e+00 -2.53305386e+01 -2.68694312e-01 -2.53305386e+01
  1.82370297e+03  7.53338294e+00 -2.68694312e-01  7.53338294e+00
  2.07512229e+01]"
e-singular,50,0.3167603436309224,0.12786825544798205,0.9779750244123874,"[ 3.73935908e+00 -1.58622949e-03 -2.86722262e-03 -1.58622949e-03
  5.58891208e-05  1.74598938e-04 -2.86722262e-03  1.74598938e-04
  3.55101248e-02]"
e-singular,50,0.33946088889414855,0.22661727829677977,0.891346184075092,"[ 5.43252127 -0.321586    0.1072749  -0.321586    0.05738682  0.01803633
  0.1072749   0.01803633  0.06625573]"
e-singular,50,0.35727418243134096,0.2617746596848436,0.6913682751108624,"[10.60489326 -2.71087345  0.34793835 -2.71087345  1.92968646  0.22077871
  0.34793835  0.22077871  0.1456822 ]"
e-singular,50,0.34841558688054197,0.2546709224987458,0.7224846123019057,"[ 9.51561133 -2.46478487  0.28083377 -2.46478487  1.72842712  0.20898775
  0.28083377  0.20898775  0.1216075 ]"
e-singular,50,0.22908594531214305,0.35845136434717895,0.30650667421747557,"[ 19.10181296 -18.6372407   -1.15899868 -18.6372407   93.80919628
  -1.22802011  -1.15899868  -1.22802011   1.61067878]"
e-singular,50,0.34940168530103216,0.261126497333317,0.6216186442644763,"[11.84335269 -3.25766076  0.63775736 -3.25766076  5.2131664   0.60147679
  0.63775736  0.60147679  0.22002367]"
e-singular,50,0.352605261701611,0.22944864309682894,0.8018355653306043,"[ 7.30491111 -0.82974227  0.21233882 -0.82974227  0.33699991  0.01777875
  0.21233882  0.01777875  0.10468649]"
e-singular,50,0.24068729370998887,0.34615709390809846,0.24421297717183102,"[ 19.90791035 -31.64271268  -3.21178063 -31.64271268 196.03829783
  -6.15300676  -3.21178063  -6.15300676   2.8482997 ]"
e-singular,50,0.2223635201075934,0.3390136631637271,0.07384185683837581,"[  16.41001573 -148.80352921   -4.57094306 -148.80352921 3761.97037253
  -90.863184     -4.57094306  -90.863184     37.404145  ]"
e-singular,50,0.2445669074133434,0.3588228173272793,0.2592672654709311,"[ 21.84120247 -37.08640222  -1.71780759 -37.08640222 174.14645169
  -4.00616319  -1.71780759  -4.00616319   2.04302155]"
e-singular,50,0.3342214805181356,0.24745853949363766,0.7023904421261516,"[ 9.83665711 -1.79342688  0.52686991 -1.79342688  1.93211474  0.29242056
  0.52686991  0.29242056  0.15414621]"
e-singular,50,0.24589511639516398,0.3375349673435169,0.23499566095599267,"[ 26.52379094 -44.71429678  -3.79348572 -44.71429678 264.94598536
  -8.10307996  -3.79348572  -8.10307996   2.44759777]"
e-singular,50,0.33369410599295884,0.20962948406734147,0.8847849953427587,"[ 7.2858768  -0.36340037  0.09270909 -0.36340037  0.06380596  0.01977259
  0.09270909  0.01977259  0.06473605]"
e-singular,50,0.2082279768564343,0.3500118330622361,0.17217639381173203,"[  8.81120253 -27.9495209   -0.8184669  -27.9495209  508.13348725
  -0.67764919  -0.8184669   -0.67764919   6.64751917]"
e-singular,50,0.2643299073843338,0.361618229368639,0.28799170133861496,"[ 21.05838818 -26.28011397  -2.79465807 -26.28011397 127.31563158
  -5.2774641   -2.79465807  -5.2774641    1.66648332]"
e-singular,50,0.25803959936790044,0.36877505319232745,0.41517916443654806,"[ 16.12812641 -15.96913447  -0.31060304 -15.96913447  31.85366935
  -1.01381434  -0.31060304  -1.01381434   0.61817054]"
e-singular,50,0.3564816232658511,0.23248869649449602,0.8428811725545006,"[ 6.67070366 -0.54952748  0.15612209 -0.54952748  0.13568255  0.01549752
  0.15612209  0.01549752  0.08174515]"
e-singular,50,0.2623954297374867,0.3726168756410412,0.3721315330678172,"[ 18.41272104 -16.41246988  -1.34903425 -16.41246988  42.40173776
  -1.16323397  -1.34903425  -1.16323397   0.93503504]"
e-singular,50,0.37048387520112164,0.2793912782302462,0.6148548140268874,"[10.87152295 -3.67279129  0.45302956 -3.67279129  5.35614011  0.60925656
  0.45302956  0.60925656  0.21193819]"
e-singular,50,0.37042811369876044,0.3027740115302351,0.4231227309536687,"[17.60055431 -6.44773648  1.48495699 -6.44773648 44.07493192  2.55867291
  1.48495699  2.55867291  0.37458242]"
e-singular,50,0.34106800166617196,0.2358487346638079,0.767457022242683,"[ 7.85270203 -1.50462309  0.15287099 -1.50462309  0.71564365  0.09288516
  0.15287099  0.09288516  0.11714537]"
e-singular,50,0.34289854462576197,0.23615382543753669,0.8079666630663347,"[ 9.63016958 -1.24123232  0.2799668  -1.24123232  0.40726631  0.05683006
  0.2799668   0.05683006  0.08460575]"
e-singular,50,0.2376077502272217,0.3454364760634297,0.16170529632257527,"[ 22.00128875 -75.13099623  -3.62604746 -75.13099623 597.8346337
  -9.34038786  -3.62604746  -9.34038786   6.16432439]"
e-singular,50,0.22794264578392393,0.3598709729353494,0.2734134034303921,"[ 18.68565942 -23.80634081  -1.69818925 -23.80634081 138.8515704
  -1.4022366   -1.69818925  -1.4022366    1.98690186]"
e-singular,50,0.38168855207158753,0.29868419070713714,0.43028834516350445,"[17.62224999 -9.84369819  1.74195286 -9.84369819 27.74952291  1.37547528
  1.74195286  1.37547528  0.48522759]"
e-singular,50,0.3615144217048204,0.2644374809592146,0.6527041185489095,"[ 8.94012662 -2.49999491  0.38625832 -2.49999491  2.99053812  0.39627
  0.38625832  0.39627     0.20749255]"
e-singular,50,0.366097243091836,0.2747057969176853,0.6400402393332449,"[11.6142422  -3.76069116  0.44476394 -3.76069116  4.07424253  0.42666143
  0.44476394  0.42666143  0.17608401]"
e-singular,50,0.23460861745602907,0.3682143856974024,0.2515938206850048,"[ 1.61013328e+01 -2.06227619e+01 -1.70585845e+00 -2.06227619e+01
  1.36207144e+02  4.45917791e-02 -1.70585845e+00  4.45917791e-02
  2.75979975e+00]"
e-singular,50,0.24608784319180413,0.35461884634539836,0.2968630659370379,"[ 18.01923597 -24.80696076  -1.54388272 -24.80696076 109.24672997
  -3.3594648   -1.54388272  -3.3594648    1.69436479]"
e-singular,50,0.26284631245990636,0.3590202697787177,0.43483985628339916,"[ 19.96008493 -12.07183969  -1.42225401 -12.07183969  26.19810024
  -1.52143118  -1.42225401  -1.52143118   0.60870942]"
e-singular,50,0.26139828561078127,0.35317718463861075,0.23945792411332825,"[ 24.91519292 -36.7941918   -3.5524605  -36.7941918  197.93450733
  -7.27463535  -3.5524605   -7.27463535   2.38292622]"
e-singular,50,0.25372910331931275,0.35651704963518194,0.3202423125959465,"[ 18.93156374 -23.70529662  -1.75029974 -23.70529662  82.25464856
  -2.63668505  -1.75029974  -2.63668505   1.32316995]"
e-singular,50,0.3511686926933995,0.24800139745055794,0.8200137684167126,"[ 5.88811403 -0.83101207  0.1106549  -0.83101207  0.30183563  0.076402
  0.1106549   0.076402    0.09209718]"
e-singular,50,0.35800319205426484,0.2905274423793365,0.43382337746060257,"[17.68292766 -3.48536847  1.6510949  -3.48536847 38.47633101  2.58993444
  1.6510949   2.58993444  0.39954736]"
e-singular,50,0.22841381905076955,0.3333662197767237,0.21120259873428668,"[ 24.36070196 -58.77815363  -2.57463397 -58.77815363 379.00306273
 -12.23169974  -2.57463397 -12.23169974   3.34758586]"
e-singular,50,0.34497886117156906,0.2313188381872865,0.7520776396863326,"[ 9.88409672e+00 -1.81287479e+00  2.55773459e-03 -1.81287479e+00
  7.08776419e-01  1.17459464e-01  2.55773459e-03  1.17459464e-01
  1.22465123e-01]"
e-singular,50,0.37068938522542394,0.25875251671377314,0.47926553600740585,"[11.51719727 -8.41825914  0.59986683 -8.41825914 18.5832884   0.73854386
  0.59986683  0.73854386  0.5152867 ]"
e-singular,50,0.21480062267885094,0.35125376657417134,0.07367925932057726,"[ 1.00685171e+01 -1.05633773e+02 -3.82681609e+00 -1.05633773e+02
  4.57275040e+03 -2.61466423e+01 -3.82681609e+00 -2.61466423e+01
  3.51580605e+01]"
e-singular,50,0.3490873470234677,0.2787782300616232,0.884974419066356,"[ 6.44176744 -0.24196117  0.23061915 -0.24196117  0.14300609  0.0515134
  0.23061915  0.0515134   0.03707071]"
e-singular,50,0.34461421479988347,0.20684839406567412,0.8416572798417862,"[ 6.47070777e+00 -3.07820345e-01  9.57927563e-02 -3.07820345e-01
  1.01475298e-01  1.44682903e-03  9.57927563e-02  1.44682903e-03
  9.91733301e-02]"
e-singular,250,0.26118806239163056,0.3458226887566531,0.29801855150715284,"[ 117.562431   -146.30684121  -10.05532714 -146.30684121  636.1900224
  -30.05422889  -10.05532714  -30.05422889    6.2228989 ]"
e-singular,250,0.34159686344339046,0.24257457592491855,0.8735954929231912,"[33.93900947 -2.90343771  0.78086043 -2.90343771  0.61623696  0.15970199
  0.78086043  0.15970199  0.28961421]"
e-singular,250,0.2347151347936908,0.34757904431660136,0.15788079991136791,"[ 103.97363169 -365.79369036  -16.35748837 -365.79369036 3423.44421157
  -55.30774267  -16.35748837  -55.30774267   32.68478814]"
e-singular,250,0.3503300078237164,0.25160309380127305,0.7681482496402856,"[47.28440952 -8.30744003  1.34722154 -8.30744003  3.96590384  0.55739237
  1.34722154  0.55739237  0.5035795 ]"
e-singular,250,0.34683505515276597,0.2437553415208307,0.7450996493200812,"[45.45022702 -9.33716432  1.24280797 -9.33716432  5.17557542  0.65435085
  1.24280797  0.65435085  0.62328539]"
e-singular,250,0.2683250902435857,0.3529031515737736,0.28025177216155206,"[ 115.65049905 -131.29855058  -15.03470097 -131.29855058  682.74575048
  -30.9306981   -15.03470097  -30.9306981     7.6871114 ]"
e-singular,250,0.3571679765135501,0.2528609494330302,0.7280338889186115,"[ 51.65285618 -11.69700422   1.44323466 -11.69700422   6.33960345
   0.5644843    1.44323466   0.5644843    0.60747468]"
e-singular,250,0.34731482839292926,0.23492388859480542,0.8099951078682441,"[40.8687608  -4.92206505  0.91716729 -4.92206505  1.70992875  0.25769665
  0.91716729  0.25769665  0.46526289]"
e-singular,250,0.2583748210711663,0.349999550728199,0.256257789966607,"[ 126.44225922 -182.70956971  -16.37681212 -182.70956971  868.12370562
  -30.0879817   -16.37681212  -30.0879817     9.95098394]"
e-singular,250,0.35820173555424106,0.25878741759336416,0.6768902486774375,"[ 55.41032471 -16.67824146   1.87823641 -16.67824146  13.49085596
   1.17209557   1.87823641   1.17209557   0.76948507]"
e-singular,250,0.35518453791330884,0.2506605111286109,0.7529320414864707,"[45.52379687 -8.34235204  1.43661969 -8.34235204  4.30614877  0.53029343
  1.43661969  0.53029343  0.59209974]"
e-singular,250,0.35664087459684407,0.2425802477336344,0.8148276475617316,"[37.75377427 -4.39486138  0.80595876 -4.39486138  1.42376132  0.20873507
  0.80595876  0.20873507  0.44940947]"
e-singular,250,0.35274913133338687,0.23873323323324883,0.7429382057961328,"[45.23171854 -8.50040151  0.84688137 -8.50040151  4.74411606  0.50153841
  0.84688137  0.50153841  0.65746089]"
e-singular,250,0.24943905309045242,0.35339974082461345,0.2893376475300998,"[ 110.90950057 -160.94905406   -9.39716791 -160.94905406  596.8400198
  -17.8245365    -9.39716791  -17.8245365     7.94041495]"
e-singular,250,0.24826548140273033,0.34824708484019723,0.17450295094646512,"[ 109.29429534 -336.43146766  -18.63919407 -336.43146766 2685.09259159
  -65.37365337  -18.63919407  -65.37365337   24.77665985]"
e-singular,250,0.34857132578766564,0.2367044894531804,0.8075271770153016,"[39.73347846 -5.26924361  0.70462815 -5.26924361  1.80110312  0.21323827
  0.70462815  0.21323827  0.44893107]"
e-singular,250,0.3514538593178365,0.24160727254807243,0.7387824222706327,"[47.57812228 -9.9625596   0.76388292 -9.9625596   5.46005211  0.60661607
  0.76388292  0.60661607  0.62854931]"
e-singular,250,0.34834372040031697,0.25726315426426355,0.7388716231211238,"[ 52.19301757 -11.31661866   1.47483809 -11.31661866   7.01708235
   0.90800014   1.47483809   0.90800014   0.52087937]"
e-singular,250,0.3497389370974944,0.2567994062391601,0.7351080119500445,"[49.22820991 -9.14927226  2.0162795  -9.14927226  6.2213223   0.86134771
  2.0162795   0.86134771  0.61065793]"
e-singular,250,0.23423483676303128,0.3539782433788773,0.2065937831403202,"[  88.67192525 -209.41422154   -8.44891631 -209.41422154 1522.60246927
  -30.12581191   -8.44891631  -30.12581191   19.5573332 ]"
e-singular,250,0.2380904777682562,0.35124557475973217,0.2411342969533894,"[  93.20891963 -180.67612409   -7.47597918 -180.67612409  972.19324731
  -25.83582157   -7.47597918  -25.83582157   13.74854393]"
e-singular,250,0.23344113592819218,0.34678008402398336,0.18793260729737024,"[  96.894924   -266.1913518   -11.39109215 -266.1913518  2083.40964551
  -40.68519225  -11.39109215  -40.68519225   23.52803479]"
e-singular,250,0.34483030497893796,0.238519261117255,0.8089539502089446,"[44.42643187 -5.98583751  0.99083389 -5.98583751  2.06610151  0.28692973
  0.99083389  0.28692973  0.41607937]"
e-singular,250,0.25475472666930793,0.3465145599772198,0.22226021170704682,"[ 107.93098371 -208.26205109  -16.73074672 -208.26205109 1323.21075199
  -48.57291757  -16.73074672  -48.57291757   14.44607768]"
e-singular,250,0.26066957405442187,0.3590806917561535,0.29956667950367927,"[ 107.94466294 -143.08760335   -9.6687491  -143.08760335  546.55476154
  -21.29806528   -9.6687491   -21.29806528    7.15986286]"
e-singular,250,0.35216411519725055,0.24529054599323422,0.7417124233536562,"[49.03681179 -9.95656603  0.95871713 -9.95656603  5.30133683  0.60294685
  0.95871713  0.60294685  0.60219896]"
e-singular,250,0.24777809401175535,0.34876750178577387,0.17870687811298236,"[ 112.79535741 -350.49679812  -15.38898941 -350.49679812 2509.19153346
  -59.17320185  -15.38898941  -59.17320185   22.86939483]"
e-singular,250,0.24302369910657112,0.3529561941960664,0.24811766688149042,"[  93.38102147 -166.72943571  -12.84852852 -166.72943571  875.78785771
  -19.98223799  -12.84852852  -19.98223799   13.22965025]"
e-singular,250,0.2454739822702592,0.3507484633793977,0.22292642178941552,"[ 105.34217513 -225.16273657   -8.73806328 -225.16273657 1288.56107164
  -45.5333252    -8.73806328  -45.5333252    15.23913643]"
e-singular,250,0.347697194384624,0.24020659729109195,0.8148936286277155,"[41.54193607 -5.46657313  0.82308013 -5.46657313  1.76857597  0.28570482
  0.82308013  0.28570482  0.41270825]"
e-singular,250,0.25632856163737355,0.3539273936565081,0.24680001961279335,"[ 110.51129968 -207.02542117  -12.18422672 -207.02542117 1060.34687888
  -36.53534108  -12.18422672  -36.53534108   11.02441735]"
e-singular,250,0.2423188700740538,0.3492241994697704,0.267004457412149,"[ 108.0423966  -162.72614911  -10.71076655 -162.72614911  731.95080952
  -21.89040075  -10.71076655  -21.89040075   10.60805754]"
e-singular,250,0.3489723278346255,0.2541656465949738,0.7661311677119212,"[46.07020455 -8.29366772  1.25936834 -8.29366772  4.52258325  0.73794439
  1.25936834  0.73794439  0.5061191 ]"
e-singular,250,0.34752232608563227,0.24912893554099916,0.8015890500614807,"[43.79682888 -5.9557076   1.31282761 -5.9557076   2.38925256  0.39165989
  1.31282761  0.39165989  0.43160073]"
e-singular,250,0.22340046689638,0.34940247760184817,0.15716001269326366,"[  92.73631166 -290.16355733  -13.16844697 -290.16355733 3430.44955466
  -38.70767358  -13.16844697  -38.70767358   34.69391567]"
e-singular,250,0.23921982007096615,0.3519413685342042,0.19926419429493164,"[ 108.02045002 -268.37587104  -11.13562773 -268.37587104 1859.371243
  -41.5276071   -11.13562773  -41.5276071    19.15813723]"
e-singular,250,0.3484699259173134,0.2488862830270567,0.77195124361598,"[45.63268967 -8.23401761  1.38849194 -8.23401761  3.84024988  0.47501641
  1.38849194  0.47501641  0.49533516]"
e-singular,250,0.261387785893233,0.3534234820108995,0.3331694473380921,"[ 113.98695962 -110.4081336   -10.2062298  -110.4081336   394.8532921
  -18.17121155  -10.2062298   -18.17121155    5.41256423]"
e-singular,250,0.34191914942089685,0.23488935197061914,0.8213661066696949,"[40.8028462  -4.77402875  0.95303527 -4.77402875  1.60877832  0.28374581
  0.95303527  0.28374581  0.42529151]"
e-singular,250,0.351195334111407,0.24998827291720066,0.7391947379960265,"[ 46.99081062 -10.0631613    1.13797001 -10.0631613    5.7862641
   0.76771504   1.13797001   0.76771504   0.60875682]"
e-singular,250,0.35000834213876125,0.2482587103491712,0.7939221816338154,"[43.98378243 -6.55461575  1.02808113 -6.55461575  2.67532615  0.44165865
  1.02808113  0.44165865  0.45530801]"
e-singular,250,0.23956977379079403,0.3387389593414697,0.2159840198599244,"[ 119.88231348 -270.69576255  -14.83362774 -270.69576255 1596.20376297
  -46.52628902  -14.83362774  -46.52628902   15.50005137]"
e-singular,250,0.34597572099837953,0.24780667302774378,0.7631053628498479,"[45.05353971 -8.21435232  1.4137454  -8.21435232  4.19064245  0.55753843
  1.4137454   0.55753843  0.53941211]"
e-singular,250,0.25434460767430944,0.3504520198331238,0.28605514617014227,"[ 113.85049579 -155.42086274  -11.03734555 -155.42086274  634.4160247
  -24.64449693  -11.03734555  -24.64449693    8.04657043]"
e-singular,250,0.352515861361583,0.23545056997951846,0.8787355227669301,"[35.29279666 -2.36011714  0.50524912 -2.36011714  0.43383184  0.09987229
  0.50524912  0.09987229  0.2891366 ]"
e-singular,250,0.2620401624415119,0.34964436855830905,0.2794885045321404,"[ 125.92349435 -168.41703567  -12.89686181 -168.41703567  721.10151816
  -28.14622446  -12.89686181  -28.14622446    7.37841523]"
e-singular,250,0.26130203615711556,0.36499642273837235,0.34598230358650156,"[ 94.4959608  -94.75330183  -7.76132569 -94.75330183 296.74458152
 -11.66061426  -7.76132569 -11.66061426   5.58984964]"
e-singular,250,0.3490439930273948,0.24122840189357742,0.7662305352839703,"[45.94347616 -8.77331996  0.76198441 -8.77331996  4.13084321  0.51863027
  0.76198441  0.51863027  0.52485694]"
e-singular,250,0.24702808680811236,0.3517826692883841,0.2552887773995041,"[ 111.68454273 -196.87194106  -12.95310768 -196.87194106  930.25061468
  -22.03580735  -12.95310768  -22.03580735   10.76835863]"
e-singular,250,0.2576898856057278,0.3572445176370913,0.21540451910198855,"[ 108.83656025 -239.61711367  -14.84103771 -239.61711367 1452.43272637
  -42.78239144  -14.84103771  -42.78239144   15.4166562 ]"
e-singular,250,0.2589435809286172,0.3529661188462388,0.292760857724942,"[ 122.91816605 -155.6600222   -12.58883806 -155.6600222   622.37337741
  -22.17557372  -12.58883806  -22.17557372    7.16452771]"
e-singular,250,0.36555416063661583,0.269936579068794,0.6344379342848909,"[ 57.9815467  -20.98297035   2.15249048 -20.98297035  21.67829956
   1.88800274   2.15249048   1.88800274   0.91375776]"
e-singular,250,0.3505048357225045,0.23704142927047683,0.7667544404839121,"[43.96966544 -7.35989766  0.52658984 -7.35989766  3.33863969  0.44098356
  0.52658984  0.44098356  0.57218054]"
e-singular,250,0.35053186127210134,0.26755780457125844,0.5905724918984683,"[ 62.26970683 -19.71848669   3.81765982 -19.71848669  37.28285752
   3.49511176   3.81765982   3.49511176   1.13945693]"
e-singular,250,0.23613558040279434,0.35018300224172516,0.18363415765156785,"[  98.18845231 -281.98944844  -13.51485636 -281.98944844 2381.61977311
  -35.8567137   -13.51485636  -35.8567137    23.73593418]"
e-singular,250,0.358038286571873,0.24921240105188416,0.6908981129706094,"[ 54.82777185 -14.88706178   1.3638263  -14.88706178  10.72965078
   0.82274446   1.3638263    0.82274446   0.74400355]"
e-singular,250,0.3561067881570183,0.27248452746937174,0.7141097602429446,"[ 56.50100744 -11.48203448   2.24827842 -11.48203448   9.43338293
   1.11200495   2.24827842   1.11200495   0.53058259]"
e-singular,250,0.3497312440236696,0.2485645458857751,0.8065446003091531,"[45.06030568 -6.39837945  0.85876761 -6.39837945  2.2615375   0.35787919
  0.85876761  0.35787919  0.39012635]"
e-singular,250,0.35126523181011426,0.23693384826788283,0.7359847237485362,"[45.75526067 -8.88428913  0.97361366 -8.88428913  5.20396736  0.51938502
  0.97361366  0.51938502  0.69146001]"
e-singular,250,0.24492101661735158,0.34467191424955795,0.20964136409742098,"[ 116.03774434 -278.30571348  -12.48627188 -278.30571348 1735.16138217
  -56.41011855  -12.48627188  -56.41011855   16.21661672]"
e-singular,250,0.3580069226944964,0.2628600893131893,0.6816822839166948,"[ 52.38579101 -13.23504797   2.38233191 -13.23504797  11.82915072
   1.25477533   2.38233191   1.25477533   0.79615991]"
e-singular,250,0.2389987943468435,0.355480465577508,0.21909426013446132,"[  86.76316094 -183.6831238    -8.75321845 -183.6831238  1248.16336231
  -28.26047021   -8.75321845  -28.26047021   17.64455549]"
e-singular,250,0.3530296147746098,0.23805672220847204,0.7896059302787838,"[44.93227573 -6.12297203  0.55622722 -6.12297203  2.36217912  0.32850899
  0.55622722  0.32850899  0.48699912]"
e-singular,250,0.34370044347292067,0.23727810455248663,0.8276635933867905,"[38.97629791 -4.75162462  0.77665366 -4.75162462  1.4195169   0.24951279
  0.77665366  0.24951279  0.39748622]"
e-singular,250,0.3459490648643313,0.23458595899942516,0.8312810628043702,"[39.39894438 -4.30982897  0.61731038 -4.30982897  1.15814018  0.18989485
  0.61731038  0.18989485  0.39435848]"
e-singular,250,0.2521513544873002,0.35273392756576183,0.2025592201729492,"[ 116.22711594 -276.57869964  -15.10029781 -276.57869964 1794.36738913
  -54.19380406  -15.10029781  -54.19380406   17.5651695 ]"
e-singular,250,0.3600337312407292,0.25542410793162695,0.7304862559592445,"[ 47.64492354 -10.55604361   1.46268955 -10.55604361   6.30279414
   0.60234956   1.46268955   0.60234956   0.62615975]"
e-singular,250,0.34862255193261066,0.2618119670726962,0.7278839674824195,"[ 51.98149034 -10.51848232   2.2060554  -10.51848232   7.91885312
   0.94882578   2.2060554    0.94882578   0.55422448]"
e-singular,250,0.34696090021084697,0.2361388565801243,0.8534506341990565,"[36.8734145  -3.61903919  0.45434211 -3.61903919  0.8417612   0.19160204
  0.45434211  0.19160204  0.33809679]"
e-singular,250,0.2435632715991852,0.34903453105654175,0.2980388327424036,"[ 112.61921833 -147.10867671   -9.44250078 -147.10867671  536.3338095
  -17.15595357   -9.44250078  -17.15595357    7.81599142]"
e-singular,250,0.34749876474618185,0.25382056299210964,0.8170463947293184,"[43.2231365  -4.72427561  1.44359376 -4.72427561  1.81066697  0.38690744
  1.44359376  0.38690744  0.39344708]"
e-singular,250,0.2648266505688367,0.346338336674764,0.2465700028416231,"[ 139.08104593 -184.95100688  -18.27630339 -184.95100688 1106.45759014
  -43.72751985  -18.27630339  -43.72751985    9.2859411 ]"
e-singular,250,0.3493433131880747,0.2624518198454715,0.7470027002367535,"[52.62837419 -9.17696335  1.94474756 -9.17696335  5.85220522  0.79653575
  1.94474756  0.79653575  0.49027256]"
e-singular,250,0.33661576241348157,0.23828095110903358,0.8477064000548499,"[40.16130139 -3.97744111  0.99415398 -3.97744111  1.07409776  0.24498776
  0.99415398  0.24498776  0.3429369 ]"
e-singular,250,0.24721123647535365,0.3400350693681871,0.2029119977186517,"[ 118.34681902 -261.75986106  -19.79481542 -261.75986106 1895.42784509
  -65.72055682  -19.79481542  -65.72055682   17.90655583]"
e-singular,250,0.33896092713562587,0.24814124721604652,0.8383508161598255,"[38.70534115 -4.35672243  0.97367933 -4.35672243  1.48130454  0.35584401
  0.97367933  0.35584401  0.33479241]"
e-singular,250,0.25038255774657237,0.35320147716214667,0.24121511199610876,"[ 105.79006769 -188.41594997  -11.13684172 -188.41594997  958.14024623
  -30.92761082  -11.13684172  -30.92761082   12.84829733]"
e-singular,250,0.34985652944822954,0.23516492167305877,0.7609543542019741,"[46.77607656 -7.74490962  0.81278556 -7.74490962  3.79673058  0.44973261
  0.81278556  0.44973261  0.58193433]"
e-singular,250,0.2619646704446933,0.35601301873820207,0.25107318912725507,"[ 114.83767637 -192.08901238  -13.37473964 -192.08901238  935.12092631
  -33.195001    -13.37473964  -33.195001     10.37259352]"
e-singular,250,0.2527333862598453,0.3468504212823627,0.29973767528496215,"[ 114.75750365 -145.850998    -10.15140353 -145.850998    566.65210117
  -24.2765692   -10.15140353  -24.2765692     7.18870319]"
e-singular,250,0.26436772088206817,0.3597222469847215,0.3427445798381671,"[ 100.38000669 -102.63233196   -8.55548365 -102.63233196  327.92628591
  -15.72379865   -8.55548365  -15.72379865    5.32043874]"
e-singular,250,0.25525093753798483,0.3463592096450924,0.1979974949353153,"[ 128.61942867 -296.39780407  -15.92380768 -296.39780407 2063.66325539
  -77.95708894  -15.92380768  -77.95708894   16.89562837]"
e-singular,250,0.34902400295159614,0.2584018926445718,0.7834523728799658,"[47.15173522 -6.83635414  1.74817878 -6.83635414  3.45344337  0.55450252
  1.74817878  0.55450252  0.43972731]"
e-singular,250,0.3532955453891216,0.23867191807286667,0.8002545729428779,"[40.11007209 -5.0615592   0.3853484  -5.0615592   1.75024955  0.35218304
  0.3853484   0.35218304  0.50187608]"
e-singular,250,0.236447678535063,0.34997285642210474,0.2326607798702215,"[ 108.25895638 -202.73919886  -11.03739756 -202.73919886 1119.27606153
  -22.50522051  -11.03739756  -22.50522051   14.34369412]"
e-singular,250,0.35049135105483165,0.24258474285742151,0.7852647632808485,"[46.0408707  -6.86197865  1.29589133 -6.86197865  2.90864653  0.3638866
  1.29589133  0.3638866   0.48707438]"
e-singular,250,0.34813306674558686,0.23020926913040532,0.8272353235089172,"[39.4093141  -3.97890135  0.51039251 -3.97890135  1.19080147  0.15548943
  0.51039251  0.15548943  0.41237044]"
e-singular,250,0.24332150193272548,0.3475892083872863,0.22968960574310893,"[ 100.55081028 -222.50683553  -10.75331552 -222.50683553 1241.5332678
  -36.16872489  -10.75331552  -36.16872489   14.26621177]"
e-singular,250,0.340295121855322,0.2406508958191287,0.7927113022301998,"[46.15465835 -7.05447341  1.18497695 -7.05447341  2.84229107  0.43684961
  1.18497695  0.43684961  0.45744995]"
e-singular,250,0.2574093948285864,0.3449695025781037,0.25045084047677635,"[ 129.06235784 -177.34802399  -17.39709909 -177.34802399  995.94676052
  -41.40388761  -17.39709909  -41.40388761   10.37448608]"
e-singular,250,0.3458471155388053,0.2461049289134051,0.7986096333114674,"[41.23842667 -5.88488315  1.08316261 -5.88488315  2.32743776  0.39649029
  1.08316261  0.39649029  0.45846437]"
e-singular,250,0.24640897933362224,0.35267591481975724,0.232206892076762,"[ 112.07885637 -217.4633141   -12.56043226 -217.4633141  1177.52584637
  -33.8920611   -12.56043226  -33.8920611    13.76171185]"
e-singular,250,0.25154775978542987,0.34677939526193374,0.1640147749619125,"[ 129.01562671 -414.95159988  -18.35845133 -414.95159988 3459.30549893
 -108.22566051  -18.35845133 -108.22566051   25.54372278]"
e-singular,250,0.3617143816090097,0.28933780610175963,0.510969103457179,"[ 78.43644089 -24.9034922    5.70022372 -24.9034922   86.520574
   6.12101778   5.70022372   6.12101778   1.31468416]"
e-singular,250,0.2631653185492843,0.3587191797891478,0.39641705000347205,"[105.09808561 -85.4364852   -6.24530854 -85.4364852  191.53887369
  -9.35908884  -6.24530854  -9.35908884   3.48440241]"
e-singular,250,0.3427210705274574,0.24641770158768908,0.8263708662371365,"[42.20152213 -4.84365435  1.39685708 -4.84365435  1.63882466  0.27433905
  1.39685708  0.27433905  0.36843279]"
e-singular,250,0.2514825950726654,0.3530643400081569,0.24319664939645594,"[ 118.50133847 -224.27142483  -11.90941025 -224.27142483 1058.05948904
  -29.38093537  -11.90941025  -29.38093537   11.38608017]"
e-singular,250,0.25183802925393745,0.35394849050839833,0.25999775323939717,"[ 114.47933358 -186.33656352  -12.99057174 -186.33656352  855.53820399
  -25.00767826  -12.99057174  -25.00767826   10.32655013]"
e-singular,250,0.2348514090750598,0.3505610884794499,0.27725501137489783,"[ 106.21356581 -156.47246346   -7.1647587  -156.47246346  690.75026232
  -18.52884808   -7.1647587   -18.52884808    9.45207251]"
e-singular,250,0.34846328314180075,0.2415441560423035,0.8037462172481624,"[46.80893247 -6.63060131  0.74002502 -6.63060131  2.22750542  0.33461675
  0.74002502  0.33461675  0.40697127]"
e-singular,5000,0.2515967359796668,0.35127884782617547,0.2781928202812988,"[ 2208.7264983  -3337.9030301   -192.36993644 -3337.9030301
 13852.55521444  -508.2150142   -192.36993644  -508.2150142
   174.6439716 ]"
e-singular,5000,0.3508005069749192,0.24863802032442278,0.7440498187522097,"[ 977.16132146 -203.33078176   24.57980264 -203.33078176  110.61110774
   13.00957339   24.57980264   13.00957339   11.5444924 ]"
e-singular,5000,0.3509971693369816,0.25148560964605704,0.7469523197586997,"[ 972.88136508 -194.19824656   30.17213542 -194.19824656  106.43862715
   12.8306538    30.17213542   12.8306538    11.35293563]"
e-singular,5000,0.3485489670590526,0.24875956509311112,0.7576399238537741,"[ 955.96842498 -180.8541093    27.03371098 -180.8541093    93.06535216
   12.05421342   27.03371098   12.05421342   10.80483952]"
e-singular,5000,0.3498676744451431,0.24984357348494146,0.7451846684901927,"[ 966.90449568 -196.29844494   28.61165061 -196.29844494  108.24121538
   13.19139052   28.61165061   13.19139052   11.61368772]"
e-singular,5000,0.2513545006301349,0.35146200539019434,0.2434183675699404,"[ 2244.60655448 -4133.38836538  -249.10812132 -4133.38836538
 21003.63323697  -678.07898075  -249.10812132  -678.07898075
   237.54611364]"
e-singular,5000,0.349498119733505,0.24881604543860514,0.7756093138552836,"[ 922.75740645 -154.38630146   25.04099554 -154.38630146   70.43073308
   10.00564512   25.04099554   10.00564512    9.89020892]"
e-singular,5000,0.3499016493525822,0.24932259181113778,0.7579451433758996,"[ 947.76207196 -180.12943824   26.6185089  -180.12943824   92.99679385
   11.88660371   26.6185089    11.88660371   10.77567957]"
e-singular,5000,0.35004676304793136,0.25127446894559347,0.7421669378100333,"[1005.28354877 -206.73293527   29.80451844 -206.73293527  116.4812387
   13.98402121   29.80451844   13.98402121   11.41817685]"
e-singular,5000,0.24976961173071927,0.35057275095067025,0.25533679952673866,"[ 2178.73575645 -3768.93976982  -227.95085766 -3768.93976982
 17968.24316564  -583.77677428  -227.95085766  -583.77677428
   216.99089261]"
e-singular,5000,0.349195074047758,0.25137827320982536,0.7532624882329985,"[ 965.77829149 -186.85528552   29.03027603 -186.85528552  100.60412771
   13.02227232   29.03027603   13.02227232   10.86035228]"
e-singular,5000,0.35031465049970284,0.25295164131303516,0.7471046683397671,"[ 982.94168243 -196.39753212   30.30189304 -196.39753212  109.50995114
   13.48051973   30.30189304   13.48051973   11.04920849]"
e-singular,5000,0.3492001697162656,0.24946214020878563,0.7480783424302678,"[ 989.05811059 -198.02537055   28.65417793 -198.02537055  107.22677577
   12.92639423   28.65417793   12.92639423   11.19810988]"
e-singular,5000,0.35368126927429505,0.2572228736744802,0.7127541972681317,"[1029.00124476 -242.98531677   34.91949466 -242.98531677  168.67850017
   19.59233685   34.91949466   19.59233685   13.29154552]"
e-singular,5000,0.24947952944421042,0.34924174817102177,0.24854848345867575,"[ 2281.45704736 -4008.66299738  -245.7348663  -4008.66299738
 19848.09171864  -646.66863803  -245.7348663   -646.66863803
   227.37124223]"
e-singular,5000,0.24815160328187588,0.3498707450587305,0.2393723013525376,"[ 2257.49515386 -4264.0216781   -241.73318803 -4264.0216781
 21927.06144665  -676.16835713  -241.73318803  -676.16835713
   249.73856364]"
e-singular,5000,0.25252593221289954,0.3498682788135764,0.27205301431877055,"[ 2246.61635748 -3398.48210938  -227.3199943  -3398.48210938
 14659.80287944  -526.67004238  -227.3199943   -526.67004238
   183.27707699]"
e-singular,5000,0.24946352226924667,0.348016657572295,0.24336777818932956,"[ 2255.70789683 -4121.34223338  -251.7748969  -4121.34223338
 21011.39498018  -706.33211696  -251.7748969   -706.33211696
   238.91829567]"
e-singular,5000,0.24985218914541896,0.35113568770773657,0.24193168734845844,"[ 2225.95630509 -4175.81120912  -237.8816202  -4175.81120912
 21155.8533188   -654.8396964   -237.8816202   -654.8396964
   242.33668152]"
e-singular,5000,0.35194010114661656,0.2478505947107861,0.7473126538184475,"[ 960.67529742 -194.32881563   25.03038024 -194.32881563  102.26588697
   11.61271126   25.03038024   11.61271126   11.57104319]"
e-singular,5000,0.3508056440426739,0.24952062525363625,0.7483374703640286,"[ 957.47424244 -189.18406149   27.45302564 -189.18406149  101.52493849
   12.36082822   27.45302564   12.36082822   11.49358757]"
e-singular,5000,0.24871793572771977,0.34927697885872283,0.2286714167393815,"[ 2221.27453645 -4509.66570416  -253.96434971 -4509.66570416
 25222.91438879  -829.34401067  -253.96434971  -829.34401067
   278.34704187]"
e-singular,5000,0.3491182576650979,0.24914924133064026,0.7543813216792263,"[ 965.38269595 -183.65772797   28.90754625 -183.65772797   96.76502412
   12.38871024   28.90754625   12.38871024   11.06796938]"
e-singular,5000,0.34711247405180884,0.24531352476402885,0.7738436966896082,"[ 924.92421964 -158.01893039   24.43321155 -158.01893039   72.19167457
    9.84361146   24.43321155    9.84361146   10.11245244]"
e-singular,5000,0.24960010318363038,0.3498753283732143,0.2510622970491168,"[ 2232.25595708 -3915.31936705  -236.75865186 -3915.31936705
 18935.46848512  -628.21542224  -236.75865186  -628.21542224
   224.23144034]"
e-singular,5000,0.24972371984803998,0.34884339942869547,0.25273890648839725,"[ 2259.1658145  -3893.68949874  -244.87576503 -3893.68949874
 18708.74181267  -614.76367668  -244.87576503  -614.76367668
   219.49871337]"
e-singular,5000,0.35239312212978524,0.2476838910451576,0.7504601852279182,"[ 937.71980748 -180.77322604   25.48852019 -180.77322604   94.43044549
   11.45542045   25.48852019   11.45542045   11.73961667]"
e-singular,5000,0.347540681426979,0.2498520986777362,0.7778380971838971,"[ 942.65927139 -158.56221836   26.803134   -158.56221836   72.50478463
   10.14673675   26.803134     10.14673675    9.36855955]"
e-singular,5000,0.3494071979174788,0.2513770277375354,0.7470452425823381,"[ 986.64973932 -201.02853575   29.01262877 -201.02853575  110.97916019
   13.4446223    29.01262877   13.4446223    11.0471818 ]"
e-singular,5000,0.35060782338921703,0.25007355085220817,0.7532998174320541,"[ 971.62685136 -184.81302254   30.04870185 -184.81302254   97.37899186
   11.8811183    30.04870185   11.8811183    11.07162104]"
e-singular,5000,0.2465145610470741,0.34980898319457315,0.24389490420498044,"[ 2229.04911683 -4062.95022646  -232.14485972 -4062.95022646
 20402.15876085  -623.94325125  -232.14485972  -623.94325125
   244.30110039]"
e-singular,5000,0.25375567608615257,0.35169822740693035,0.2617067562696114,"[ 2292.28121857 -3705.51003625  -235.30557861 -3705.51003625
 17015.6884487   -592.41824655  -235.30557861  -592.41824655
   196.27108547]"
e-singular,5000,0.34956914464552297,0.24888406719865996,0.7468826037406211,"[ 974.00425986 -195.28817592   28.05022205 -195.28817592  106.72002168
   12.95984834   28.05022205   12.95984834   11.49289658]"
e-singular,5000,0.25067840728853436,0.3506606427196761,0.2491306841887035,"[ 2250.0494754  -4025.15712261  -241.28129759 -4025.15712261
 19340.53988913  -605.70222488  -241.28129759  -605.70222488
   224.71404599]"
e-singular,5000,0.2504713547475472,0.34981425980657205,0.255561882265145,"[ 2244.54709666 -3811.83583129  -235.0497353  -3811.83583129
 18058.58170672  -611.90209892  -235.0497353   -611.90209892
   213.49687903]"
e-singular,5000,0.24832143395287345,0.349839084389753,0.23744722504921129,"[ 2250.10064889 -4257.44249574  -250.68989026 -4257.44249574
 22043.74789221  -675.98701246  -250.68989026  -675.98701246
   256.53188984]"
e-singular,5000,0.3482296794599904,0.2453042788624438,0.7643955785529487,"[ 914.30834275 -167.37156882   22.1655388  -167.37156882   80.64006784
   10.96050789   22.1655388    10.96050789   10.83934022]"
e-singular,5000,0.24441857423991484,0.34833089566364667,0.22211894939318663,"[ 2159.03522279 -4588.93386608  -259.93414932 -4588.93386608
 26723.56786757  -770.93143039  -259.93414932  -770.93143039
   308.73224956]"
e-singular,5000,0.2460765382579384,0.35048256051666593,0.24893736926649054,"[ 2104.46177556 -3819.91506571  -216.50936438 -3819.91506571
 18774.48048367  -560.82532365  -216.50936438  -560.82532365
   238.54501009]"
e-singular,5000,0.35251077905908834,0.25262242212941577,0.7481710598483414,"[ 964.32135732 -191.50985315   29.15721345 -191.50985315  104.06665879
   12.49560104   29.15721345   12.49560104   11.23270675]"
e-singular,5000,0.24903707381429852,0.34975647829400675,0.2394223677014038,"[ 2261.01220396 -4275.38825708  -253.16433515 -4275.38825708
 21949.76869139  -671.85472991  -253.16433515  -671.85472991
   248.20319552]"
e-singular,5000,0.35108141120460923,0.24997697894920762,0.7544577359190652,"[ 957.86872121 -185.86725186   26.71967083 -185.86725186   95.64554778
   11.51780339   26.71967083   11.51780339   10.89902194]"
e-singular,5000,0.3509789542540821,0.24809360121244567,0.7335193645786879,"[ 998.69322767 -211.28056482   28.51726504 -211.28056482  122.3975812
   14.16318894   28.51726504   14.16318894   12.60308216]"
e-singular,5000,0.24952611785717302,0.3503538296475587,0.25066352492558297,"[ 2236.56020343 -3965.21503841  -224.11901668 -3965.21503841
 19146.31196705  -625.39478332  -224.11901668  -625.39478332
   223.16841503]"
e-singular,5000,0.3484308212215261,0.247289049499656,0.7720741803404486,"[ 923.21946678 -161.08997572   24.68747334 -161.08997572   73.43418371
    9.61730209   24.68747334    9.61730209   10.05753813]"
e-singular,5000,0.24999010869090532,0.3490491993099693,0.2401314120825493,"[ 2285.57781347 -4246.55522113  -261.58958304 -4246.55522113
 22065.02431333  -724.12536164  -261.58958304  -724.12536164
   245.13579546]"
e-singular,5000,0.24672699313554378,0.34850404875247776,0.2492315050648526,"[ 2261.35782882 -4071.16113264  -232.02780452 -4071.16113264
 19753.14852949  -609.15065745  -232.02780452  -609.15065745
   227.84302924]"
e-singular,5000,0.24590512131277464,0.34840506879412153,0.2254739574215646,"[ 2201.05921252 -4533.59255645  -255.46321012 -4533.59255645
 25729.18153607  -779.1188656   -255.46321012  -779.1188656
   293.43289176]"
e-singular,5000,0.25151025393398546,0.35100627982275595,0.24805292073018595,"[ 2263.49299611 -4032.0128374   -243.60677105 -4032.0128374
 19699.76046335  -646.03299331  -243.60677105  -646.03299331
   226.49001666]"
e-singular,5000,0.3506985304067476,0.25023033843427367,0.7426794500907087,"[ 975.03993045 -201.76434158   28.28961826 -201.76434158  113.90541923
   13.59336465   28.28961826   13.59336465   11.69271427]"
e-singular,5000,0.3480125155336263,0.2472124148331242,0.7690030528559714,"[ 917.89737539 -163.61622471   23.5773396  -163.61622471   77.11137735
   10.73166657   23.5773396    10.73166657   10.3259117 ]"
e-singular,5000,0.35162398841257525,0.2532492218797068,0.7420274598151521,"[ 986.13508843 -203.66613625   30.73895144 -203.66613625  115.54796967
   13.6598726    30.73895144   13.6598726    11.40640477]"
e-singular,5000,0.35054428876533855,0.24978122613760192,0.7579838471620154,"[ 957.14557999 -181.27816966   28.05070085 -181.27816966   91.20416544
   11.01463428   28.05070085   11.01463428   10.69461033]"
e-singular,5000,0.24789571349318237,0.34842930669750666,0.23111982728283698,"[ 2276.72979173 -4589.96971378  -262.80825677 -4589.96971378
 24633.76790679  -717.1591125   -262.80825677  -717.1591125
   266.70177153]"
e-singular,5000,0.24475428260405158,0.34811778897035534,0.22961478189649812,"[ 2199.70093813 -4528.74527026  -232.51605188 -4528.74527026
 24587.96816459  -721.56286103  -232.51605188  -721.56286103
   279.00269859]"
e-singular,5000,0.24817742483432884,0.3502296799569272,0.2464392376896929,"[ 2221.38786076 -4075.42994382  -235.15267905 -4075.42994382
 20229.73309676  -617.39247838  -235.15267905  -617.39247838
   234.50663356]"
e-singular,5000,0.35100531588744216,0.24792125732635698,0.7318565423861129,"[ 976.42548893 -212.02758722   27.96999859 -212.02758722  126.07573769
   14.30224006   27.96999859   14.30224006   12.80207945]"
e-singular,5000,0.350826588598127,0.24995846276173234,0.733190357459619,"[ 985.50999972 -217.4172255    27.13099269 -217.4172255   127.91821293
   15.14468313   27.13099269   15.14468313   12.34047078]"
e-singular,5000,0.3479293854540269,0.24692511859245803,0.7694811696822984,"[ 943.19766941 -162.34297126   27.84888525 -162.34297126   77.33046355
   10.14044034   27.84888525   10.14044034   10.29861382]"
e-singular,5000,0.35094462749859684,0.24858667615212174,0.7342402115247785,"[ 988.4995114  -209.98937791   31.21285173 -209.98937791  122.71520505
   13.06430641   31.21285173   13.06430641   12.4767752 ]"
e-singular,5000,0.34941163905413875,0.24807781447641974,0.7614849813982774,"[ 949.70941912 -174.1054677    26.86035098 -174.1054677    86.30754354
   10.78419093   26.86035098   10.78419093   10.64750966]"
e-singular,5000,0.35015224004130935,0.24984139181384624,0.7608808970798464,"[ 944.35876684 -170.44594315   29.16427729 -170.44594315   86.1504483
   11.09905465   29.16427729   11.09905465   10.76789491]"
e-singular,5000,0.350526279807236,0.24974321098921617,0.7500544476104178,"[ 979.22242227 -193.43578545   28.21583337 -193.43578545  102.0242675
   12.02283499   28.21583337   12.02283499   11.13168096]"
e-singular,5000,0.34821096748118546,0.2486499438901104,0.7679315996580824,"[ 937.17207157 -171.69668927   25.22757979 -171.69668927   81.61368555
   10.5769547    25.22757979   10.5769547    10.02181204]"
e-singular,5000,0.34947856739532535,0.24457041622304312,0.7530547711895003,"[ 943.11906463 -180.74146029   24.99158858 -180.74146029   93.33484266
   11.10615111   24.99158858   11.10615111   11.58780894]"
e-singular,5000,0.2519332483227188,0.35082871926898235,0.2575317051962982,"[ 2252.28488527 -3813.05785203  -230.42047882 -3813.05785203
 17490.18630551  -586.52363475  -230.42047882  -586.52363475
   206.89120215]"
e-singular,5000,0.3499264803136344,0.24805274596017912,0.7607972214988507,"[ 938.84340905 -172.44240033   26.37116501 -172.44240033   85.49285573
   10.85216997   26.37116501   10.85216997   10.83007546]"
e-singular,5000,0.24897922750648854,0.34883243561588034,0.25257511594670295,"[ 2254.42670052 -3997.27036089  -233.1315976  -3997.27036089
 18744.01221496  -594.58897843  -233.1315976   -594.58897843
   218.21293063]"
e-singular,5000,0.34978695023445283,0.24825891888042587,0.7513105504192136,"[ 961.82426418 -190.43837685   24.3700834  -190.43837685  100.48461128
   12.98183484   24.3700834    12.98183484   11.26114744]"
e-singular,5000,0.25009875741537735,0.3478005129437038,0.23940729434408436,"[ 2294.16079912 -4276.57028969  -270.37690202 -4276.57028969
 22322.93323223  -727.99241973  -270.37690202  -727.99241973
   244.87781146]"
e-singular,5000,0.24952415593188276,0.3489989123611146,0.24037166030283338,"[ 2202.86644088 -4181.88316498  -239.961827   -4181.88316498
 21652.98598004  -728.73457002  -239.961827    -728.73457002
   247.40119384]"
e-singular,5000,0.34923206259166595,0.2503885650591938,0.7462244536275588,"[ 986.70165715 -199.66026595   30.53584853 -199.66026595  109.90708161
   13.01648555   30.53584853   13.01648555   11.27086261]"
e-singular,5000,0.3501153099216898,0.24671182612902035,0.7634769252965645,"[ 938.17110037 -170.51904978   23.83137967 -170.51904978   82.24845303
   10.54995803   23.83137967   10.54995803   10.69120604]"
e-singular,5000,0.3489327315647476,0.24853028669628371,0.7618710222039845,"[ 959.09952279 -177.83492417   26.80463641 -177.83492417   87.29879441
   10.96088415   26.80463641   10.96088415   10.43474919]"
e-singular,5000,0.24797821383849555,0.3507065299579103,0.25245746195004987,"[ 2225.7852296  -3929.41851937  -217.74476344 -3929.41851937
 18555.97039977  -568.43292517  -217.74476344  -568.43292517
   221.97087129]"
e-singular,5000,0.3496982308539281,0.253937185742551,0.7473896527988734,"[ 986.73324693 -194.00387783   32.89880949 -194.00387783  111.36837404
   14.06993241   32.89880949   14.06993241   10.98164125]"
e-singular,5000,0.34980700566269235,0.24649707415497726,0.7686281917541892,"[ 928.368133   -163.88844382   23.40209665 -163.88844382   75.36167163
   10.03327622   23.40209665   10.03327622   10.41642764]"
e-singular,5000,0.24844070892905326,0.34923809736931427,0.23468958606337584,"[ 2236.92370961 -4331.49726296  -265.92462513 -4331.49726296
 23172.03088591  -706.25668287  -265.92462513  -706.25668287
   263.12460807]"
e-singular,5000,0.24860033578632487,0.3488323844734985,0.23150663662397863,"[ 2253.75876647 -4509.49558647  -261.02630842 -4509.49558647
 24503.55220061  -762.06677254  -261.02630842  -762.06677254
   267.67826066]"
e-singular,5000,0.25054523982262905,0.35033029585993863,0.24284493913475372,"[ 2292.6998022  -4203.32576256  -254.78759983 -4203.32576256
 21202.34753944  -659.93780167  -254.78759983  -659.93780167
   237.01320819]"
e-singular,5000,0.34842167364639653,0.2460082474526688,0.764975408586909,"[ 950.55780367 -173.44980976   22.8479489  -173.44980976   82.70762252
   10.69238124   22.8479489    10.69238124   10.43185012]"
e-singular,5000,0.34855142049731414,0.24781283167410653,0.7657161890689914,"[ 937.81689567 -168.99911535   26.02584842 -168.99911535   81.89644082
   10.71062712   26.02584842   10.71062712   10.40687632]"
e-singular,5000,0.347606384743988,0.24400616235765518,0.7692438858399314,"[ 914.58190813 -159.65751842   22.30516518 -159.65751842   74.33053425
   10.12000664   22.30516518   10.12000664   10.63519941]"
e-singular,5000,0.3491108419798278,0.2494945854026347,0.7492694180846509,"[ 979.82283046 -193.54836295   29.37537015 -193.54836295  104.17074278
   12.52930792   29.37537015   12.52930792   11.20446376]"
e-singular,5000,0.25139098546076144,0.35127092202153276,0.25839946349815573,"[ 2208.9830007  -3745.20618106  -228.65760908 -3745.20618106
 17296.63771158  -566.1862143   -228.65760908  -566.1862143
   207.85217981]"
e-singular,5000,0.25466535447486455,0.35141156190220296,0.2773810221176626,"[ 2255.52826321 -3311.18082179  -225.53819346 -3311.18082179
 14040.13323206  -528.4037542   -225.53819346  -528.4037542
   173.00558195]"
e-singular,5000,0.35001776333972257,0.2478826767638877,0.7292824212843448,"[1003.96939481 -223.3007449    28.59577752 -223.3007449   132.10318133
   14.37163636   28.59577752   14.37163636   12.69845774]"
e-singular,5000,0.35050422568010353,0.2488900004848281,0.7436557171985962,"[ 970.27225773 -196.88941248   28.0735701  -196.88941248  110.11111034
   13.36547961   28.0735701    13.36547961   11.88159592]"
e-singular,5000,0.24977190027814775,0.35071657764363345,0.25143056876331116,"[ 2224.47205641 -3864.44396573  -240.2794721  -3864.44396573
 18890.35363689  -619.89433054  -240.2794721   -619.89433054
   225.03284555]"
e-singular,5000,0.3497085032196424,0.24835645305412007,0.746068252417073,"[ 980.97950389 -197.64993501   28.78745779 -197.64993501  108.30151696
   12.29617733   28.78745779   12.29617733   11.4931484 ]"
e-singular,5000,0.2509984456801012,0.3502748529877358,0.25900265415586254,"[ 2217.5622076  -3677.92532443  -229.84006767 -3677.92532443
 17237.90319977  -607.42867604  -229.84006767  -607.42867604
   208.46752601]"
e-singular,5000,0.25077413810257926,0.3507342401674419,0.24846153269557958,"[ 2252.84329425 -4015.1803837   -254.79418088 -4015.1803837
 19803.22453385  -617.15469612  -254.79418088  -617.15469612
   226.76132519]"
e-singular,5000,0.349996312414434,0.2474872938794085,0.7567598171285166,"[ 946.41463781 -180.8346395    25.59664527 -180.8346395    92.33624442
   11.22240109   25.59664527   11.22240109   10.97570903]"
e-singular,5000,0.25089903192960045,0.35207765800171825,0.2409368356548187,"[ 2228.70251528 -4194.24028269  -241.07052678 -4194.24028269
 21290.27581925  -669.62542681  -241.07052678  -669.62542681
   244.36445302]"
e-singular,5000,0.25394793466884796,0.3500613241167165,0.258500134678871,"[ 2318.90831665 -3893.8739787   -243.86851719 -3893.8739787
 17957.69498041  -601.99078135  -243.86851719  -601.99078135
   197.03140217]"
e-singular,5000,0.25238383908256207,0.35178249914752524,0.28202089574653016,"[ 2197.95667714 -3202.27917067  -207.44588105 -3202.27917067
 13046.87178198  -462.07822198  -207.44588105  -462.07822198
   170.40535164]"
e-singular,5000,0.25039730996250914,0.35094253852017043,0.25678531831436596,"[ 2214.34451088 -3753.83292591  -231.91241266 -3753.83292591
 17816.85148968  -588.0679578   -231.91241266  -588.0679578
   212.78755601]"
e-singular,5000,0.24599496512267607,0.3465217056401842,0.21408936099381498,"[ 2255.26389924 -5080.41178196  -267.5521344  -5080.41178196
 30673.83405465  -945.54337176  -267.5521344   -945.54337176
   321.27399846]"
e-singular,5000,0.24781416504415085,0.35159443992921985,0.25477326937610867,"[ 2162.3392112  -3827.1144411   -209.94289343 -3827.1144411
 18113.34699225  -542.17711252  -209.94289343  -542.17711252
   219.16753947]"
e-singular,5000,0.24852370341469393,0.3508284262932293,0.2586041538340391,"[ 2176.96109979 -3714.7293986   -219.49584935 -3714.7293986
 17370.6287415   -536.93915235  -219.49584935  -536.93915235
   211.2999437 ]"
singular1,50,0.3382825991582484,0.4422495622239305,0.9738628429491115,"[ 4.28740491e+00 -3.06464342e-02 -1.35502512e-01 -3.06464342e-02
  1.27842445e-03 -3.88058700e-03 -1.35502512e-01 -3.88058700e-03
  3.44347299e-02]"
singular1,50,0.26124915438226504,0.35107333736569685,0.0008164545811712379,"[ 2.70567951e+01 -1.87239544e+04 -1.57351919e+03 -1.87239544e+04
  4.17902461e+07 -7.12334840e+05 -1.57351919e+03 -7.12334840e+05
  2.42717704e+05]"
singular1,50,0.4158353176634008,0.3521999410191784,1e-06,"[ 2.95574274e+01 -2.58724027e+06  1.22218111e+06 -2.58724027e+06
  3.11114492e+13  1.01806924e+12  1.22218111e+06  1.01806924e+12
  9.33028068e+10]"
singular1,50,0.35856520442865764,0.23767992000372498,0.9622352344176971,"[ 4.30585671e+00 -7.34162080e-02  5.84272717e-02 -7.34162080e-02
  3.26729986e-03  2.94508657e-03  5.84272717e-02  2.94508657e-03
  3.60767660e-02]"
singular1,50,0.3443999368704574,0.41401392763324196,0.999999,"[ 3.86562526e+00 -2.15713635e-07 -1.51749562e-01 -2.15713635e-07
  3.12392782e-12 -1.58164281e-07 -1.51749562e-01 -1.58164281e-07
  1.52966716e-02]"
singular1,50,0.35034136948555433,0.26743459729840774,0.964521963550641,"[ 4.6954459  -0.07597756  0.12308191 -0.07597756  0.00634552  0.00834833
  0.12308191  0.00834833  0.02664471]"
singular1,50,0.34639992848983037,0.4242776619014336,0.999999,"[ 3.28784205e+00 -1.18036441e-06 -8.30809167e-02 -1.18036441e-06
  3.35427836e-12 -1.66559918e-07 -8.30809167e-02 -1.66559918e-07
  1.60914102e-02]"
singular1,50,0.33497001746738486,0.36237660205933087,0.5683525434215675,"[17.62147963  9.49869042 -0.76844139  9.49869042  9.48238506 -0.56362762
 -0.76844139 -0.56362762  0.03864635]"
singular1,50,0.34659995071875044,0.40003397069811514,0.999999,"[ 3.57077082e+00  1.57639472e-07 -1.12745201e-01  1.57639472e-07
  3.73087868e-12 -1.34049769e-07 -1.12745201e-01 -1.34049769e-07
  8.11127646e-03]"
singular1,50,0.33861080780339786,0.28042866258517196,0.9757518771763019,"[ 4.86226220e+00 -1.20963467e-02  1.65555391e-01 -1.20963467e-02
  3.15399658e-03  4.48034138e-03  1.65555391e-01  4.48034138e-03
  1.35852660e-02]"
singular1,50,0.3465999493500316,0.40737444828210073,0.999999,"[ 2.97583774e+00 -4.25087291e-07 -9.12077911e-02 -4.25087291e-07
  4.07725574e-12 -1.62402631e-07 -9.12077911e-02 -1.62402631e-07
  1.06208090e-02]"
singular1,50,0.42994677030574524,0.35399992711998984,1e-06,"[ 2.32442019e+01 -7.13729753e+06  1.05998640e+06 -7.13729753e+06
  3.07371383e+13  1.01847466e+12  1.05998640e+06  1.01847466e+12
  1.20351557e+11]"
singular1,50,0.3612842806479332,0.2462325843872212,0.9923140581436588,"[ 3.42340682e+00 -1.00731337e-02  3.88500151e-02 -1.00731337e-02
  8.04510729e-05  7.91122630e-04  3.88500151e-02  7.91122630e-04
  3.22721666e-02]"
singular1,50,0.39924927034502217,0.35299996318267224,1e-06,"[3.60853102e+01 6.59869583e+06 1.18975945e+06 6.59869583e+06
 2.67540343e+13 8.67203458e+11 1.18975945e+06 8.67203458e+11
 5.60030795e+10]"
singular1,50,0.38861581214808943,0.3535999688816105,1e-06,"[3.26451590e+01 1.77847525e+07 9.77331496e+05 1.77847525e+07
 3.22303195e+13 9.53690444e+11 9.77331496e+05 9.53690444e+11
 3.71780132e+10]"
singular1,50,0.3441999837027402,0.36168362610245186,0.999999,"[ 4.10718067e+00  3.18048466e-06 -6.51930585e-02  3.18048466e-06
  3.46019693e-12 -5.94952248e-08 -6.51930585e-02 -5.94952248e-08
  1.11629771e-03]"
singular1,50,0.22788197949896802,0.3476471984270861,0.037132637228803854,"[ 1.28583785e+01 -2.87127664e+02 -1.47425384e+01 -2.87127664e+02
  1.68868233e+04 -5.77244871e+01 -1.47425384e+01 -5.77244871e+01
  1.50806921e+02]"
singular1,50,0.49326925823004564,0.3393511184689847,0.02240724541219967,"[ 4.15594280e+00 -2.62037990e+02  1.03256299e+01 -2.62037990e+02
  6.62768696e+04  8.43034839e+02  1.03256299e+01  8.43034839e+02
  3.80209581e+02]"
singular1,50,0.4099368994063473,0.3605999542366641,1e-06,"[2.96723323e+01 8.53917574e+06 1.13608372e+06 8.53917574e+06
 3.33514716e+13 1.16775301e+12 1.13608372e+06 1.16775301e+12
 6.67858914e+10]"
singular1,50,0.3414987048688485,0.3799564593211882,0.5085179725047211,"[18.40658271  9.1667032  -1.15873414  9.1667032  16.89069215 -1.12152346
 -1.15873414 -1.12152346  0.09721907]"
singular1,50,0.35419999101228267,0.36354516342050436,0.999999,"[ 4.14517509e+00  4.02115398e-06 -3.84352393e-02  4.02115398e-06
  4.22207641e-12 -3.88061684e-08 -3.84352393e-02 -3.88061684e-08
  3.63583919e-04]"
singular1,50,0.3721387314786366,0.3170820904321443,0.6705441680810238,"[11.59185127  1.62072644  0.75999908  1.62072644  3.44390908  0.44226082
  0.75999908  0.44226082  0.08607524]"
singular1,50,0.3446535510890911,0.4428612268857398,0.969997773727892,"[ 4.49919494e+00 -5.30567415e-02 -1.06693782e-01 -5.30567415e-02
  2.36221190e-03 -4.30651604e-03 -1.06693782e-01 -4.30651604e-03
  2.70204362e-02]"
singular1,50,0.3778330745955423,0.32862431909636475,0.670118164321112,"[10.67843495  0.97010383  0.5501395   0.97010383  3.70751279  0.37058794
  0.5501395   0.37058794  0.0572402 ]"
singular1,50,0.35919995526408305,0.41420501215040917,0.999999,"[ 3.14953609e+00  4.23415989e-07 -1.13935588e-01  4.23415989e-07
  4.25322881e-12 -1.69600986e-07 -1.13935588e-01 -1.69600986e-07
  9.86592299e-03]"
singular1,50,0.33773738027555356,0.39230429677586837,0.7239605847187724,"[11.69476479  0.60996385 -0.5840348   0.60996385  1.63288661 -0.23475293
 -0.5840348  -0.23475293  0.05587478]"
singular1,50,0.349999972904171,0.37917855455271393,0.999999,"[ 3.93697669e+00  2.35096721e-06 -9.73684554e-02  2.35096721e-06
  3.55011415e-12 -9.20076989e-08 -9.73684554e-02 -9.20076989e-08
  2.94379238e-03]"
singular1,50,0.3603482103371829,0.34070559077918505,0.7480880631744431,"[1.07627533e+01 2.78140184e+00 2.57202787e-01 2.78140184e+00
 1.11674186e+00 8.22886173e-02 2.57202787e-01 8.22886173e-02
 6.77647721e-03]"
singular1,50,0.37100935669487917,0.2993248056693727,0.4865092105859492,"[17.01738656 -5.95502616  1.23535425 -5.95502616 21.91022646  1.39458419
  1.23535425  1.39458419  0.27623466]"
singular1,50,0.45621868760064127,0.35780212940513856,0.020300146961984657,"[ 1.75987897e+01 -5.91689984e+02  5.20818258e+01 -5.91689984e+02
  6.51938996e+04  8.49273411e+02  5.20818258e+01  8.49273411e+02
  3.67551740e+02]"
singular1,50,0.3430337511354539,0.4415937039985348,0.9130859074532418,"[ 6.33462669 -0.22696042 -0.19939292 -0.22696042  0.03360925 -0.01965738
 -0.19939292 -0.01965738  0.04273593]"
singular1,50,0.36823582434441654,0.33156680930110066,0.22998138043624816,"[ 26.7073521   47.49054965   3.61372944  47.49054965 302.75465963
  11.99405796   3.61372944  11.99405796   0.63213974]"
singular1,50,0.4313829123187013,0.3553774649158218,0.00029649301396575606,"[ 2.49987390e+01 -1.59364019e+04  4.52799879e+03 -1.59364019e+04
  3.16787692e+08  1.08788719e+07  4.52799879e+03  1.08788719e+07
  1.50192187e+06]"
singular1,50,0.3801273838779762,0.34599996788157544,1e-06,"[3.23229935e+01 1.80429872e+07 9.43322650e+05 1.80429872e+07
 3.26145083e+13 9.33077590e+11 9.43322650e+05 9.33077590e+11
 3.49085662e+10]"
singular1,50,0.3621017599439189,0.28130385467368413,0.959135574952396,"[ 4.52731514 -0.10092843  0.09331148 -0.10092843  0.00886192  0.00895912
  0.09331148  0.00895912  0.02307125]"
singular1,50,0.34844783257141176,0.2233975553411563,0.9612329322350445,"[ 4.35738195e+00 -7.43575923e-02  4.04526179e-02 -7.43575923e-02
  3.25286424e-03  2.89256502e-03  4.04526179e-02  2.89256502e-03
  3.67726135e-02]"
singular1,50,0.4371286268902056,0.3508877194452174,0.10102259835728238,"[  18.7104375   -78.88932827    7.52798898  -78.88932827 2402.33651544
   96.35452568    7.52798898   96.35452568   12.66452438]"
singular1,50,0.3351412927781322,0.3972553230279697,0.7962021274267427,"[ 9.77731662 -0.08018528 -0.4414298  -0.08018528  0.58116329 -0.1180865
 -0.4414298  -0.1180865   0.04655682]"
singular1,50,0.4581748011808497,0.3607429050844805,0.000585998197787824,"[ 1.56072912e+01 -1.65167075e+04  1.52739022e+03 -1.65167075e+04
  7.66526173e+07  2.12819250e+06  1.52739022e+03  2.12819250e+06
  4.93145115e+05]"
singular1,50,0.3640161644675924,0.2682822690193491,0.8661272017859002,"[ 6.04461259 -0.53346714  0.12043765 -0.53346714  0.14726572  0.05422771
  0.12043765  0.05422771  0.06149759]"
singular1,50,0.34052391112115765,0.42218649434545547,0.8937568646951543,"[ 6.08697896 -0.15386027 -0.23960281 -0.15386027  0.0708403  -0.03970274
 -0.23960281 -0.03970274  0.04387208]"
singular1,50,0.3644322023475702,0.3073109606614074,0.6948210187140756,"[13.65148325  0.26971231  0.75446648  0.26971231  2.08537214  0.25914029
  0.75446648  0.25914029  0.07178426]"
singular1,50,0.3804516231130561,0.3463999710442105,1e-06,"[3.40467384e+01 2.22242110e+07 1.05227069e+06 2.22242110e+07
 3.68198725e+13 1.09391324e+12 1.05227069e+06 1.09391324e+12
 3.99793923e+10]"
singular1,50,0.3364561041388234,0.3740142113719058,0.47963576173078165,"[20.88331727 12.2175753  -1.38686069 12.2175753  21.35564655 -1.39175833
 -1.38686069 -1.39175833  0.11603523]"
singular1,50,0.3649527688831118,0.3527999882724247,1e-06,"[3.55221260e+01 3.32257222e+07 4.22881478e+05 3.32257222e+07
 3.52008529e+13 4.20726191e+11 4.22881478e+05 4.20726191e+11
 5.18815333e+09]"
singular1,50,0.22672162161069367,0.3563309629519537,0.01952762760586671,"[ 1.09927399e+01 -5.59038337e+02 -2.30432654e+01 -5.59038337e+02
  7.31800338e+04  2.25823087e+02 -2.30432654e+01  2.25823087e+02
  4.97691406e+02]"
singular1,50,0.362924473741773,0.41182602265778206,0.8962092945778777,"[ 5.7866548   0.15387096 -0.22130427  0.15387096  0.09535556 -0.03254213
 -0.22130427 -0.03254213  0.01635685]"
singular1,50,0.3561999783971197,0.37997690833528214,0.999999,"[ 4.10322012e+00  3.45161623e-06 -9.37680569e-02  3.45161623e-06
  4.39231600e-12 -9.76683431e-08 -9.37680569e-02 -9.76683431e-08
  2.38031529e-03]"
singular1,50,0.3981056041656748,0.35279996481169007,1e-06,"[2.45962596e+01 4.71451191e+06 7.76627343e+05 4.71451191e+06
 3.80449760e+13 1.09085871e+12 7.76627343e+05 1.09085871e+12
 4.87067123e+10]"
singular1,50,0.33799994889866064,0.39402533643370447,0.999999,"[ 3.10121311e+00  3.83511165e-07 -1.14078654e-01  3.83511165e-07
  4.18244154e-12 -1.73370635e-07 -1.14078654e-01 -1.73370635e-07
  1.04188369e-02]"
singular1,50,0.3816364417289632,0.347799927679958,2.1373372545844045e-06,"[2.89807072e+01 8.06215814e+06 3.99000065e+05 8.06215814e+06
 7.58711102e+12 2.06122421e+11 3.99000065e+05 2.06122421e+11
 7.19912839e+09]"
singular1,50,0.3774070265911706,0.3523999774764066,1e-06,"[2.97358256e+01 2.11562061e+07 6.68575968e+05 2.11562061e+07
 3.20054761e+13 6.94136109e+11 6.68575968e+05 6.94136109e+11
 1.78535669e+10]"
singular1,50,0.4088398434997955,0.34959994343192224,1e-06,"[3.12168821e+01 5.22452876e+06 1.49003491e+06 5.22452876e+06
 2.46330119e+13 1.04856955e+12 1.49003491e+06 1.04856955e+12
 9.91437275e+10]"
singular1,50,0.3876918656096409,0.3295999498466914,1e-06,"[ 3.18782345e+01 -1.03407760e+06  1.23166735e+06 -1.03407760e+06
  2.97624794e+13  9.83979147e+11  1.23166735e+06  9.83979147e+11
  8.42758285e+10]"
singular1,50,0.35439993404632253,0.4304483039268682,0.999999,"[ 3.52300448e+00 -8.69462280e-07 -1.17744813e-01 -8.69462280e-07
  3.01059481e-12 -1.45508455e-07 -1.17744813e-01 -1.45508455e-07
  1.54724314e-02]"
singular1,50,0.39369704755162604,0.3438484436251167,0.12340478750322526,"[  29.59629429   43.08082258    8.89146582   43.08082258 1233.53362156
   50.02683579    8.89146582   50.02683579    3.8789455 ]"
singular1,50,0.3603999526479628,0.4182656387818667,0.999999,"[ 3.47822338e+00  2.78132066e-08 -1.20303047e-01  2.78132066e-08
  3.93060202e-12 -1.55968015e-07 -1.20303047e-01 -1.55968015e-07
  1.03843223e-02]"
singular1,50,0.28465371304430054,0.3565868888735044,0.03040167277886888,"[   32.04949751  -390.72979119   -33.63757574  -390.72979119
 30787.61567868  -970.63731029   -33.63757574  -970.63731029
   117.7050464 ]"
singular1,50,0.354599975490017,0.3819446979555429,0.999999,"[ 2.72593031e+00  1.63291609e-06 -6.27030005e-02  1.63291609e-06
  3.67479461e-12 -7.75341645e-08 -6.27030005e-02 -7.75341645e-08
  2.03578392e-03]"
singular1,50,0.33687474649190763,0.47977514869672927,0.9725315433159787,"[ 4.03248814e+00 -2.83964775e-02 -4.45154069e-02 -2.83964775e-02
  6.89421680e-04 -1.13347482e-03 -4.45154069e-02 -1.13347482e-03
  3.32418495e-02]"
singular1,50,0.32465631648260435,0.37875862504795343,0.5019864358495744,"[18.28836584  2.47586113 -1.35514379  2.47586113 16.48538882 -1.30096183
 -1.35514379 -1.30096183  0.17973712]"
singular1,50,0.3419700220949288,0.23231340583981486,0.987506252320048,"[ 3.98122153e+00 -2.26763057e-02  4.56037949e-02 -2.26763057e-02
  3.27862710e-04  1.39648047e-03  4.56037949e-02  1.39648047e-03
  3.06314384e-02]"
singular1,50,0.36279790659111105,0.4592833894133471,0.970958393667869,"[ 4.69025481e+00 -6.10309587e-02 -1.19122718e-01 -6.10309587e-02
  2.50343066e-03 -3.35554756e-03 -1.19122718e-01 -3.35554756e-03
  2.22140125e-02]"
singular1,50,0.35819997330023584,0.3878895199227851,0.999999,"[ 2.92477668e+00  1.32055072e-06 -6.72612800e-02  1.32055072e-06
  3.28506035e-12 -7.40584206e-08 -6.72612800e-02 -7.40584206e-08
  2.25851117e-03]"
singular1,50,0.355243215380458,0.3528943921377982,0.7261541997814901,"[1.20415645e+01 4.56759691e+00 3.90789648e-02 4.56759691e+00
 1.74036614e+00 1.48567891e-02 3.90789648e-02 1.48567891e-02
 1.26967621e-04]"
singular1,50,0.3992986728393433,0.3383999502861037,1e-06,"[2.89009765e+01 2.37777713e+06 1.31173262e+06 2.37777713e+06
 3.14794086e+13 1.27033577e+12 1.31173262e+06 1.27033577e+12
 1.04458156e+11]"
singular1,50,0.3765605158617151,0.32951372287068625,0.4099381892617294,"[18.94097371  6.26170348  1.57659307  6.26170348 46.71663807  2.54373029
  1.57659307  2.54373029  0.22413081]"
singular1,50,0.36825535474037213,0.34019997397260615,1e-06,"[3.85699864e+01 2.99588610e+07 1.02663589e+06 2.99588610e+07
 3.72707944e+13 1.00000895e+12 1.02663589e+06 1.00000895e+12
 3.02691476e+10]"
singular1,50,0.3949036894987559,0.3413101251030532,0.061385633406585344,"[  27.58501045   82.04426283   18.23608109   82.04426283 7360.73686081
  285.94374456   18.23608109  285.94374456   19.80820583]"
singular1,50,0.3558897931898843,0.25304469213427677,0.999126908438392,"[ 2.94299813e+00 -1.24480790e-03  1.20408904e-02 -1.24480790e-03
  1.41629664e-06  1.38550272e-04  1.20408904e-02  1.38550272e-04
  2.84890690e-02]"
singular1,50,0.351799977205302,0.3773826731316925,0.999999,"[ 3.72772997e+00  2.75533380e-06 -8.73222056e-02  2.75533380e-06
  4.04544308e-12 -9.20890642e-08 -8.73222056e-02 -9.20890642e-08
  2.42377910e-03]"
singular1,50,0.3991064816601841,0.35059995493086094,1e-06,"[3.13788573e+01 9.72885563e+06 1.21632198e+06 9.72885563e+06
 3.07370471e+13 1.11541719e+12 1.21632198e+06 1.11541719e+12
 6.72403715e+10]"
singular1,50,0.3236776121482668,0.39360330550866796,0.6178459366286957,"[14.64026343 -1.12611377 -0.93610205 -1.12611377  4.57810286 -0.52706334
 -0.93610205 -0.52706334  0.1456675 ]"
singular1,50,0.34582528971621185,0.3974804067411701,0.764307759134381,"[ 9.9258623   0.49853278 -0.44934967  0.49853278  0.9887723  -0.15593128
 -0.44934967 -0.15593128  0.03919077]"
singular1,50,0.3343999641726486,0.38122713642125367,0.999999,"[ 3.73256925e+00  1.28999429e-06 -1.36971807e-01  1.28999429e-06
  4.41488570e-12 -1.63403152e-07 -1.36971807e-01 -1.63403152e-07
  8.44997826e-03]"
singular1,50,0.35519995576442115,0.4038553043181576,0.999999,"[ 2.96476915e+00  6.58105924e-07 -1.00562291e-01  6.58105924e-07
  4.34969997e-12 -1.51516812e-07 -1.00562291e-01 -1.51516812e-07
  7.41656641e-03]"
singular1,50,0.35645198663184224,0.2693632242461905,0.9557694181623052,"[ 4.83124571 -0.12682382  0.08296534 -0.12682382  0.00996952  0.00910833
  0.08296534  0.00910833  0.02599326]"
singular1,50,0.3609770590465059,0.3140316788634807,0.7363519264674885,"[10.37176888  1.58024366  0.5503867   1.58024366  1.83933114  0.2500844
  0.5503867   0.2500844   0.04667483]"
singular1,50,0.3499999595909465,0.3941376142852514,0.999999,"[ 3.72297922e+00  1.28454631e-06 -1.25447633e-01  1.28454631e-06
  3.75907966e-12 -1.30879102e-07 -1.25447633e-01 -1.30879102e-07
  6.55830377e-03]"
singular1,50,0.2556087341875554,0.3588331619209667,0.09719755431222615,"[  13.95893298  -75.79678018   -6.32581426  -75.79678018 1771.02545967
  -77.19002725   -6.32581426  -77.19002725   21.66580348]"
singular1,50,0.35059998285714317,0.3685131413961605,0.999999,"[ 3.36875087e+00  2.77551230e-06 -5.63428667e-02  2.77551230e-06
  3.49963971e-12 -5.76935089e-08 -5.63428667e-02 -5.76935089e-08
  1.04717320e-03]"
singular1,50,0.3709260515207155,0.29402254588718113,0.7721033472227937,"[ 9.56407217 -0.49372378  0.56479679 -0.49372378  0.74932876  0.1542275
  0.56479679  0.1542275   0.08480789]"
singular1,50,0.39827213420554014,0.3515999620656143,1e-06,"[2.61398348e+01 2.65769337e+06 8.05792920e+05 2.65769337e+06
 3.47679668e+13 9.87193286e+11 8.05792920e+05 9.87193286e+11
 4.89842952e+10]"
singular1,50,0.35179999251073946,0.3595753463422089,0.999999,"[ 3.33798740e+00  3.15032416e-06 -2.53529909e-02  3.15032416e-06
  3.27147316e-12 -2.50976660e-08 -2.53529909e-02 -2.50976660e-08
  1.97153541e-04]"
singular1,50,0.35953654862759177,0.32224318572474686,0.8140004524219902,"[7.73106086 0.68507818 0.26827823 0.68507818 0.54387417 0.07707955
 0.26827823 0.07707955 0.01523411]"
singular1,50,0.3333230253810193,0.4484270974334157,0.9002904552867935,"[ 6.10223897 -0.24486277 -0.11504167 -0.24486277  0.0299926  -0.0197895
 -0.11504167 -0.0197895   0.05649099]"
singular1,50,0.35218878501536527,0.41970598363733985,0.9731740205221533,"[ 3.71009076e+00 -1.11973507e-02 -1.35355515e-01 -1.11973507e-02
  3.13364245e-03 -5.57494451e-03 -1.35355515e-01 -5.57494451e-03
  1.70386939e-02]"
singular1,50,0.3506220482629204,0.22867228572329215,0.9456985554951899,"[ 5.34139034 -0.11306465  0.05084156 -0.11306465  0.00713913  0.00586367
  0.05084156  0.00586367  0.04238322]"
singular1,50,0.3445999647054029,0.38192691599370404,0.999999,"[ 3.05532605e+00  1.49880411e-06 -9.31357801e-02  1.49880411e-06
  4.03241536e-12 -1.16965183e-07 -9.31357801e-02 -1.16965183e-07
  4.38739266e-03]"
singular1,50,0.3475999859219346,0.36231987660538695,0.999999,"[ 3.69337173e+00  3.32178467e-06 -5.25712200e-02  3.32178467e-06
  3.80903508e-12 -5.34909067e-08 -5.25712200e-02 -5.34909067e-08
  7.95236380e-04]"
singular1,50,0.410151645208112,0.3383611250913629,0.22062627325835213,"[ 19.12024397 -15.92056553   3.43789864 -15.92056553 338.24867892
  17.14570144   3.43789864  17.14570144   1.94296505]"
singular1,50,0.3303014283071803,0.3610245378949768,0.3067572918699709,"[ 25.97285329  37.35042352  -2.28250743  37.35042352 121.01075372
  -4.89661467  -2.28250743  -4.89661467   0.23952866]"
singular1,50,0.34099994184618465,0.35794754055970285,0.9999965686103213,"[ 3.34396066e+00  9.15678115e-06 -5.21038092e-02  9.15678115e-06
  3.97939480e-11 -1.80301587e-07 -5.21038092e-02 -1.80301587e-07
  9.08080955e-04]"
singular1,50,0.42398254773865285,0.3625999528589638,1e-06,"[ 3.02201381e+01 -8.85012501e+06  9.34277015e+05 -8.85012501e+06
  3.07442164e+13  7.62434839e+11  9.34277015e+05  7.62434839e+11
  6.88016045e+10]"
singular1,50,0.3465469160742943,0.48537236590731436,0.9837703826753967,"[ 4.17043646e+00 -1.79785253e-02 -3.54287198e-02 -1.79785253e-02
  1.94763063e-04 -9.81071223e-04 -3.54287198e-02 -9.81071223e-04
  3.11702730e-02]"
singular1,50,0.22706332409257843,0.3475579340777533,0.04280634692612398,"[ 1.23836579e+01 -1.96775640e+02 -7.40922341e+00 -1.96775640e+02
  1.19051233e+04 -1.72563624e+02 -7.40922341e+00 -1.72563624e+02
  1.19860006e+02]"
singular1,50,0.38465160206947613,0.34479996792683243,1e-06,"[3.18902476e+01 1.71266372e+07 1.10495870e+06 1.71266372e+07
 3.76352490e+13 1.21353233e+12 1.10495870e+06 1.21353233e+12
 5.19070742e+10]"
singular1,50,0.35479832999020705,0.4421599537768837,0.983955540785097,"[ 3.80696984e+00 -2.76017619e-02 -7.69348074e-02 -2.76017619e-02
  8.16353812e-04 -2.58688535e-03 -7.69348074e-02 -2.58688535e-03
  1.98337713e-02]"
singular1,50,0.34556407951708296,0.27391442580238884,0.9586309303198348,"[ 4.75665106 -0.06560443  0.1461821  -0.06560443  0.01077846  0.01112926
  0.1461821   0.01112926  0.0231164 ]"
singular1,50,0.34159997650753116,0.36751222944697454,0.999999,"[ 3.39382214e+00  2.35356805e-06 -7.83664705e-02  2.35356805e-06
  3.94696324e-12 -8.66013884e-08 -7.83664705e-02 -8.66013884e-08
  2.25957730e-03]"
singular1,250,0.43024828313004054,0.34599992516828443,1e-06,"[ 1.03435558e+02 -4.55371945e+07  5.10746982e+06 -4.55371945e+07
  1.43357964e+14  4.72218680e+12  5.10746982e+06  4.72218680e+12
  7.22302274e+11]"
singular1,250,0.23800053717204067,0.3526075873517406,0.005301483205334981,"[ 8.39585583e+01 -1.36071298e+04 -4.36367013e+02 -1.36071298e+04
  5.13598436e+06 -6.82497598e+04 -4.36367013e+02 -6.82497598e+04
  3.32267311e+04]"
singular1,250,0.360448176070694,0.31214480861471394,0.960081953448665,"[22.86722223  0.16163458  0.79982248  0.16163458  0.04961544  0.04103162
  0.79982248  0.04103162  0.05413157]"
singular1,250,0.3552094853543571,0.3198682487952761,0.7971354131208266,"[50.00610045  6.2697955   1.82242172  6.2697955   3.21304299  0.45757974
  1.82242172  0.45757974  0.08820261]"
singular1,250,0.34555993753846576,0.4182509116944072,0.999999,"[ 1.68957262e+01 -3.54277141e-06 -5.75024347e-01 -3.54277141e-06
  1.55886311e-11 -7.49811398e-07 -5.75024347e-01 -7.49811398e-07
  7.36138357e-02]"
singular1,250,0.30769594600765465,0.3545630337395387,0.08541247031262507,"[  159.59668959   432.16410542   -64.7392083    432.16410542
 17289.81774894  -663.3441618    -64.7392083   -663.3441618
    41.32754829]"
singular1,250,0.22640638880994285,0.3550188706378395,0.01569731498176901,"[ 5.70874815e+01 -3.41802645e+03 -1.14216214e+02 -3.41802645e+03
  5.47335808e+05 -3.10687070e+03 -1.14216214e+02 -3.10687070e+03
  3.94685056e+03]"
singular1,250,0.44563015653966914,0.3569599294725506,1e-06,"[ 9.81943607e+01 -5.18492436e+07  4.84043091e+06 -5.18492436e+07
  1.43522116e+14  4.39106775e+12  4.84043091e+06  4.39106775e+12
  7.54692138e+11]"
singular1,250,0.388419142472179,0.35523997018184467,1e-06,"[1.60435400e+02 1.00491354e+08 4.71954751e+06 1.00491354e+08
 1.71570191e+14 4.86194821e+12 4.71954751e+06 4.86194821e+12
 1.72438461e+11]"
singular1,250,0.2278897504146666,0.3507761859232112,0.007292797773020526,"[ 6.89611390e+01 -8.93130135e+03 -2.69190738e+02 -8.93130135e+03
  2.96353763e+06 -2.15833315e+04 -2.69190738e+02 -2.15833315e+04
  1.72580872e+04]"
singular1,250,0.3449974450294837,0.39128863649172635,0.865145943033069,"[36.89152091  2.01324334 -1.52764349  2.01324334  0.9567902  -0.2605533
 -1.52764349 -0.2605533   0.10081154]"
singular1,250,0.2602163773565445,0.3512906774715567,0.011097285076912588,"[ 1.31320767e+02 -7.54129972e+03 -4.29566281e+02 -7.54129972e+03
  1.20507745e+06 -2.62539625e+04 -4.29566281e+02 -2.62539625e+04
  6.33371839e+03]"
singular1,250,0.4306534663935849,0.34987992447308597,1e-06,"[ 1.11057889e+02 -4.22618363e+07  5.46465554e+06 -4.22618363e+07
  1.43338705e+14  4.57454028e+12  5.46465554e+06  4.57454028e+12
  6.71427544e+11]"
singular1,250,0.40060882359593847,0.35227575969253905,0.04891558938175813,"[  137.19393358   589.5431134     99.29084288   589.5431134
 59537.39507974  2052.43436317    99.29084288  2052.43436317
   119.10961827]"
singular1,250,0.4385709120964109,0.34498672210811226,0.03048888805090457,"[ 8.59393842e+01 -1.78267927e+03  1.33951974e+02 -1.78267927e+03
  1.54435723e+05  4.42443342e+03  1.33951974e+02  4.42443342e+03
  8.05594821e+02]"
singular1,250,0.3556799616832852,0.39988072906884303,0.999999,"[ 1.75051168e+01  3.62378575e-06 -5.22566051e-01  3.62378575e-06
  1.80846375e-11 -5.67835567e-07 -5.22566051e-01 -5.67835567e-07
  2.78991985e-02]"
singular1,250,0.3503599438369041,0.4139496939155788,0.999999,"[ 1.77176209e+01 -2.55840560e-06 -5.76668759e-01 -2.55840560e-06
  1.74374743e-11 -6.95641493e-07 -5.76668759e-01 -6.95641493e-07
  5.54615884e-02]"
singular1,250,0.4135953489055639,0.3486450974668917,0.0171654844810125,"[ 1.32443538e+02 -1.42343871e+03  2.91979893e+02 -1.42343871e+03
  5.50079803e+05  1.79122589e+04  2.91979893e+02  1.79122589e+04
  1.51916032e+03]"
singular1,250,0.2752910546528314,0.35117880775367105,0.019223230285031916,"[ 1.50222967e+02 -3.24771301e+03 -2.68971099e+02 -3.24771301e+03
  4.23185939e+05 -1.36695242e+04 -2.68971099e+02 -1.36695242e+04
  1.71430086e+03]"
singular1,250,0.3494799699147878,0.385901312913164,0.999999,"[ 1.76251328e+01  6.88254136e-06 -4.87440356e-01  6.88254136e-06
  1.93935384e-11 -5.37126241e-07 -4.87440356e-01 -5.37126241e-07
  2.07094365e-02]"
singular1,250,0.37051155259113766,0.34484067292532466,0.06697577555026576,"[1.48699272e+02 1.54992794e+03 5.23377262e+01 1.54992794e+03
 3.05261441e+04 7.49170208e+02 5.23377262e+01 7.49170208e+02
 2.13168267e+01]"
singular1,250,0.41485350253688713,0.35235994451427777,1e-06,"[ 1.27683855e+02 -4.39098702e+06  5.39555304e+06 -4.39098702e+06
  1.65095439e+14  5.98067506e+12  5.39555304e+06  5.98067506e+12
  4.69393945e+11]"
singular1,250,0.3600098776426426,0.3317488067246831,0.6401453549950293,"[69.90895122 27.63303547  2.79650124 27.63303547 23.59617262  1.62774976
  2.79650124  1.62774976  0.13347952]"
singular1,250,0.2878215689617105,0.3499598013164541,0.027677023489111042,"[ 1.71090095e+02 -1.26172746e+03 -2.03649775e+02 -1.26172746e+03
  2.00964935e+05 -6.40266807e+03 -2.03649775e+02 -6.40266807e+03
  5.86952342e+02]"
singular1,250,0.35265958472182896,0.3087249240576063,0.8657191239755454,"[38.04567981  2.11327069  1.51952878  2.11327069  1.0698084   0.26448882
  1.51952878  0.26448882  0.09516677]"
singular1,250,0.34993581801547696,0.4354232850491534,0.9824046490472036,"[ 2.03528355e+01 -1.20561840e-01 -6.34634441e-01 -1.20561840e-01
  4.69794820e-03 -1.36207898e-02 -6.34634441e-01 -1.36207898e-02
  1.05694561e-01]"
singular1,250,0.30506719386221437,0.3521446591333379,0.031111682094667352,"[   163.24656725   1402.44271117   -186.00173681   1402.44271117
 161919.41989895  -5898.14843649   -186.00173681  -5898.14843649
    337.65681401]"
singular1,250,0.3794922561402274,0.3472536742811959,0.02563157779139483,"[1.46446508e+02 3.57259990e+03 1.63365811e+02 3.57259990e+03
 2.44810091e+05 6.72395254e+03 1.63365811e+02 6.72395254e+03
 2.30074339e+02]"
singular1,250,0.3648460378020044,0.34251450817218404,0.25817720162424806,"[1.27686728e+02 3.01866333e+02 1.04432917e+01 3.01866333e+02
 1.09889616e+03 3.06301023e+01 1.04432917e+01 3.06301023e+01
 9.45959581e-01]"
singular1,250,0.39226714864935636,0.34602892027979126,0.04349387489795246,"[  135.08417653   878.04468649   110.22754299   878.04468649
 79875.14062491  2711.50244706   110.22754299  2711.50244706
   144.52332202]"
singular1,250,0.5481113607802103,0.34520869699798706,0.004491330892486901,"[ 3.09938146e+00 -1.21237345e+03  3.42692157e+01 -1.21237345e+03
  7.02334820e+06  4.75479483e+04  3.42692157e+01  4.75479483e+04
  4.93012292e+04]"
singular1,250,0.35040874181271986,0.3749149092085921,0.8697773447912671,"[ 4.05522594e+01  4.62998295e+00 -1.04806088e+00  4.62998295e+00
  8.68066292e-01 -1.53461647e-01 -1.04806088e+00 -1.53461647e-01
  3.04618080e-02]"
singular1,250,0.48950311842688693,0.35324509141751376,0.002898240868107584,"[ 3.84429223e+01 -1.57844575e+04  5.34091518e+02 -1.57844575e+04
  1.74266195e+07  1.58111795e+05  5.34091518e+02  1.58111795e+05
  1.08239317e+05]"
singular1,250,0.3446204973725899,0.3667622387464527,0.7859471598288604,"[ 4.76005500e+01  1.03089750e+01 -1.24495187e+00  1.03089750e+01
  3.71324583e+00 -3.50146039e-01 -1.24495187e+00 -3.50146039e-01
  3.69483415e-02]"
singular1,250,0.44088932600870523,0.3502762389529958,0.029617808356471115,"[ 9.87346653e+01 -2.13642975e+03  1.33306084e+02 -2.13642975e+03
  1.64517027e+05  4.14982517e+03  1.33306084e+02  4.14982517e+03
  7.45941982e+02]"
singular1,250,0.3535999382065263,0.4357156304607245,0.999999,"[ 1.84337148e+01 -6.07889695e-06 -5.22887646e-01 -6.07889695e-06
  1.39710818e-11 -6.81968428e-07 -5.22887646e-01 -6.81968428e-07
  8.17338062e-02]"
singular1,250,0.2634172226302696,0.35465653556446886,0.011579828151827154,"[ 1.16902645e+02 -6.15335917e+03 -3.77469947e+02 -6.15335917e+03
  1.02481235e+06 -2.81411180e+04 -3.77469947e+02 -2.81411180e+04
  6.14516355e+03]"
singular1,250,0.345919962791262,0.38829613468659796,0.999999,"[ 1.89714515e+01  7.04030966e-06 -6.23370769e-01  7.04030966e-06
  1.92719080e-11 -6.51441480e-07 -6.23370769e-01 -6.51441480e-07
  3.11481548e-02]"
singular1,250,0.34655993971966725,0.4113182769127219,0.999999,"[ 1.85482937e+01 -4.77275847e-07 -7.15241861e-01 -4.77275847e-07
  1.52423537e-11 -6.96051504e-07 -7.15241861e-01 -6.96051504e-07
  6.24714885e-02]"
singular1,250,0.47430761598813426,0.3531591457357622,0.01222346647178393,"[ 4.53669883e+01 -3.65452775e+03  2.04479384e+02 -3.65452775e+03
  8.85400249e+05  1.66806916e+04  2.04479384e+02  1.66806916e+04
  6.59917604e+03]"
singular1,250,0.34851993723069363,0.41811420478850336,0.999999,"[ 1.84944973e+01 -2.39560494e-06 -6.75948760e-01 -2.39560494e-06
  1.51736655e-11 -6.97360622e-07 -6.75948760e-01 -6.97360622e-07
  6.81350558e-02]"
singular1,250,0.355958845581119,0.31294544879818464,0.8986630699473521,"[33.29045397  1.42997816  1.26515532  1.42997816  0.47865579  0.15663928
  1.26515532  0.15663928  0.07347154]"
singular1,250,0.4147610007360515,0.3516399472036252,1e-06,"[ 1.28789858e+02 -9.24228401e+06  5.34104392e+06 -9.24228401e+06
  1.66175303e+14  5.95717782e+12  5.34104392e+06  5.95717782e+12
  4.76222623e+11]"
singular1,250,0.3284971017735031,0.3654845210963737,0.38944379900186343,"[108.70938263  83.19960983  -8.44515576  83.19960983 261.60125017
 -13.19237788  -8.44515576 -13.19237788   0.88700565]"
singular1,250,0.342818879978533,0.37469392586686734,0.6479653688726539,"[69.15287748 21.01581254 -2.83782249 21.01581254 19.53181416 -1.51206807
 -2.83782249 -1.51206807  0.14872056]"
singular1,250,0.3481199682873013,0.3828008002074487,0.999999,"[ 1.78101070e+01  7.72247851e-06 -4.80386965e-01  7.72247851e-06
  1.79506047e-11 -4.92972819e-07 -4.80386965e-01 -4.92972819e-07
  1.85285861e-02]"
singular1,250,0.17217593542994006,0.3520024030924109,0.004684533391336239,"[ 9.38975349e+00 -1.64235648e+03 -3.92830013e+01 -1.64235648e+03
  6.16825662e+06 -1.65272787e+04 -3.92830013e+01 -1.65272787e+04
  4.57780372e+04]"
singular1,250,0.3518399398115883,0.4255155175324506,0.999999,"[ 1.76257222e+01 -4.91152055e-06 -5.38900031e-01 -4.91152055e-06
  1.58298952e-11 -7.02326641e-07 -5.38900031e-01 -7.02326641e-07
  6.97199394e-02]"
singular1,250,0.34783995851425215,0.39567825679351276,0.999999,"[ 1.79715050e+01  5.31274941e-06 -6.38598524e-01  5.31274941e-06
  2.00509875e-11 -7.40600827e-07 -6.38598524e-01 -7.40600827e-07
  3.93291985e-02]"
singular1,250,0.3992961089186076,0.35039995608563185,1e-06,"[1.52297443e+02 2.53828223e+07 5.28723312e+06 2.53828223e+07
 1.61159558e+14 5.15111706e+12 5.28723312e+06 5.15111706e+12
 3.01857389e+11]"
singular1,250,0.35113570323983395,0.5063319276380087,0.9897916539767,"[ 1.87402255e+01 -3.24861749e-02 -1.20652045e-01 -3.24861749e-02
  1.91889892e-04 -1.50814737e-03 -1.20652045e-01 -1.50814737e-03
  1.50631009e-01]"
singular1,250,0.45716501892375433,0.3486319696068985,0.011499081624970226,"[ 6.73054689e+01 -4.92602482e+03  2.94403360e+02 -4.92602482e+03
  1.07839119e+06  2.37461896e+04  2.94403360e+02  2.37461896e+04
  6.63331708e+03]"
singular1,250,0.4137660129137537,0.35095994272375125,1e-06,"[ 1.31601004e+02 -6.38449881e+06  5.51872721e+06 -6.38449881e+06
  1.61544312e+14  5.89783641e+12  5.51872721e+06  5.89783641e+12
  4.77276712e+11]"
singular1,250,0.34895881890264385,0.269795766674666,0.9939514850783543,"[ 1.72028528e+01 -4.76305372e-02  4.50691079e-01 -4.76305372e-02
  7.35405759e-04  5.64142457e-03  4.50691079e-01  5.64142457e-03
  9.84851377e-02]"
singular1,250,0.3864103454259987,0.3476657617506348,0.09225130096411166,"[  139.30296799   721.72312439    49.95783463   721.72312439
 15482.83551726   528.64783934    49.95783463   528.64783934
    24.17144688]"
singular1,250,0.3504399386958655,0.41505778865520354,0.999999,"[ 1.71912169e+01 -4.51369251e-07 -6.50725483e-01 -4.51369251e-07
  1.66372433e-11 -7.69247088e-07 -6.50725483e-01 -7.69247088e-07
  6.31194649e-02]"
singular1,250,0.3474799608463283,0.3916410149129468,0.999999,"[ 1.79438524e+01  4.23394449e-06 -5.49214713e-01  4.23394449e-06
  1.84302559e-11 -5.93403448e-07 -5.49214713e-01 -5.93403448e-07
  2.92587865e-02]"
singular1,250,0.35131572644004416,0.3830165644521853,0.8030249686912264,"[47.64339476  7.5645934  -1.65685917  7.5645934   2.9189856  -0.41484845
 -1.65685917 -0.41484845  0.07109221]"
singular1,250,0.346519948904617,0.4080437848760181,0.999999,"[ 1.88187763e+01  3.94864736e-07 -7.11606668e-01  3.94864736e-07
  1.71345003e-11 -7.59317223e-07 -7.11606668e-01 -7.59317223e-07
  6.01810379e-02]"
singular1,250,0.34806500170386423,0.49152923632981804,0.9901369264623694,"[ 1.98857869e+01 -3.99836214e-02 -1.93226495e-01 -3.99836214e-02
  2.41950518e-04 -2.33038492e-03 -1.93226495e-01 -2.33038492e-03
  1.58886156e-01]"
singular1,250,0.39033019983843514,0.3461199599876361,1e-06,"[1.42881550e+02 5.41910206e+07 5.08900983e+06 5.41910206e+07
 1.77857022e+14 5.78381119e+12 5.08900983e+06 5.78381119e+12
 2.76864059e+11]"
singular1,250,0.3485195181536321,0.4851201914531828,0.9994108239408781,"[ 1.73581890e+01 -2.82444705e-03 -3.87249137e-02 -2.82444705e-03
  1.09224326e-06 -1.65944141e-04 -3.87249137e-02 -1.65944141e-04
  1.35751920e-01]"
singular1,250,0.35475995995424103,0.4020533244919928,0.999999,"[ 1.76834495e+01  3.02574523e-06 -5.55317008e-01  3.02574523e-06
  1.87469822e-11 -6.25757745e-07 -5.55317008e-01 -6.25757745e-07
  3.30485064e-02]"
singular1,250,0.35032373427168884,0.47817960531181514,0.9903307863905345,"[ 1.87023994e+01 -5.52917169e-02 -3.22290091e-01 -5.52917169e-02
  4.62632784e-04 -3.06013964e-03 -3.22290091e-01 -3.06013964e-03
  1.42900420e-01]"
singular1,250,0.42294038542750495,0.35075985264775433,2.0414402604777376e-06,"[ 1.23179343e+02 -1.61977701e+07  2.59734537e+06 -1.61977701e+07
  3.75803430e+13  1.24944733e+12  2.59734537e+06  1.24944733e+12
  1.33164532e+11]"
singular1,250,0.3265417944500718,0.3666983051312565,0.4626473968008714,"[ 99.02264537  42.45461543  -6.52508417  42.45461543 126.12225329
  -7.4136929   -6.52508417  -7.4136929    0.62965674]"
singular1,250,0.35636959588341605,0.2441158529935255,0.9935004761121272,"[ 1.76103358e+01 -5.15166882e-02  2.75506135e-01 -5.15166882e-02
  3.79065338e-04  2.82461166e-03  2.75506135e-01  2.82461166e-03
  1.39532963e-01]"
singular1,250,0.3423952658097074,0.3852212337767499,0.8840718744731421,"[36.92550702  1.82191721 -1.38014488  1.82191721  0.6079832  -0.18164333
 -1.38014488 -0.18164333  0.076735  ]"
singular1,250,0.34842077642104885,0.446912895912355,0.992900715483001,"[ 1.84727291e+01 -4.56010719e-02 -5.32128704e-01 -4.56010719e-02
  5.07651726e-04 -4.41991615e-03 -5.32128704e-01 -4.41991615e-03
  1.19503592e-01]"
singular1,250,0.41526800730745167,0.3512799438782586,1e-06,"[ 1.29170075e+02 -1.01639791e+07  5.40059158e+06 -1.01639791e+07
  1.67110498e+14  6.02220553e+12  5.40059158e+06  6.02220553e+12
  4.88311671e+11]"
singular1,250,0.2496648138766704,0.34649370677709185,0.01997034892344059,"[ 1.17879985e+02 -3.99639837e+03 -1.85084390e+02 -3.99639837e+03
  3.64946983e+05 -8.87150134e+03 -1.85084390e+02 -8.87150134e+03
  2.11597298e+03]"
singular1,250,0.35260024972929693,0.25680056193847295,0.9928992489956535,"[ 1.86555870e+01 -7.67697279e-02  2.47130972e-01 -7.67697279e-02
  7.78358169e-04  5.15967346e-03  2.47130972e-01  5.15967346e-03
  1.15052345e-01]"
singular1,250,0.422326163054168,0.34822362232675896,0.03206877456446028,"[ 1.16457339e+02 -1.08180357e+03  1.50846953e+02 -1.08180357e+03
  1.42453285e+05  5.11528420e+03  1.50846953e+02  5.11528420e+03
  5.50036095e+02]"
singular1,250,0.3536218387303015,0.3087873865466834,0.9513356665680698,"[25.62710446  0.40370657  0.9224511   0.40370657  0.07672391  0.05256048
  0.9224511   0.05256048  0.05401819]"
singular1,250,0.4221696465002214,0.3526799408895138,1e-06,"[ 1.20499118e+02 -2.04528849e+07  5.40381526e+06 -2.04528849e+07
  1.58046732e+14  5.84818535e+12  5.40381526e+06  5.84818535e+12
  5.60439102e+11]"
singular1,250,0.3923297825825732,0.3423492052340761,0.057038051922575245,"[  145.60146706   489.15490552    94.26722833   489.15490552
 41142.6058918   1498.37794042    94.26722833  1498.37794042
    97.14794678]"
singular1,250,0.42771393677313535,0.3417215673140904,0.04045048075534424,"[  101.61054752 -1073.12616056   127.97764221 -1073.12616056
 75771.76241711  2494.38424533   127.97764221  2494.38424533
   443.41752079]"
singular1,250,0.3458798914490287,0.47120883878578607,0.999999,"[ 1.74560840e+01 -5.49355695e-06 -1.65523010e-01 -5.49355695e-06
  4.47557995e-12 -3.70162137e-07 -1.65523010e-01 -3.70162137e-07
  1.34469476e-01]"
singular1,250,0.4028088189140537,0.3383360048484615,0.19828504985888348,"[ 111.82722356  -47.45608897   22.76855347  -47.45608897 2152.31358595
   96.72217385   22.76855347   96.72217385   10.28680542]"
singular1,250,0.3271113051880583,0.3498998702600664,0.17639856864020506,"[ 1.43670696e+02  5.17764126e+02 -1.70620289e+01  5.17764126e+02
  3.10492775e+03 -7.94463922e+01 -1.70620289e+01 -7.94463922e+01
  2.28714189e+00]"
singular1,250,0.2812080569082013,0.3529900341238086,0.03608195572586328,"[   149.93438739  -1447.76249638   -140.68533562  -1447.76249638
 115871.167832    -3908.43104129   -140.68533562  -3908.43104129
    435.91451478]"
singular1,250,0.33826305903060183,0.3659198027374294,0.598761839534324,"[81.75407423 36.34052682 -3.31032978 36.34052682 33.39928315 -2.10848785
 -3.31032978 -2.10848785  0.15766029]"
singular1,250,0.3535199475433723,0.409281481496428,0.999999,"[ 1.71105696e+01 -9.62072620e-08 -5.48824837e-01 -9.62072620e-08
  1.80987480e-11 -6.66437179e-07 -5.48824837e-01 -6.66437179e-07
  4.28683093e-02]"
singular1,250,0.36390831668281587,0.34174184048150563,0.5096957863707079,"[93.91699785 72.3861212   3.82107164 72.3861212  84.21698902  3.60421869
  3.82107164  3.60421869  0.17078222]"
singular1,250,0.2893222591966074,0.36217875824118917,0.07437577034649126,"[  140.13993642  -620.11002963   -65.02755718  -620.11002963
 22957.28123952  -840.57836077   -65.02755718  -840.57836077
   100.69082383]"
singular1,250,0.4801167562593758,0.35403098332823424,0.00736813242421211,"[ 4.52664995e+01 -6.87609668e+03  3.01569930e+02 -6.87609668e+03
  2.68063238e+06  3.91242554e+04  3.01569930e+02  3.91242554e+04
  1.70165897e+04]"
singular1,250,0.3517065352544539,0.4687469732575933,0.9793792232264089,"[ 1.90916482e+01 -1.60015544e-01 -1.08984181e-01 -1.60015544e-01
  3.21172314e-03 -1.18251479e-02 -1.08984181e-01 -1.18251479e-02
  1.51183837e-01]"
singular1,250,0.3199023101046306,0.35856699473566606,0.1408777748388472,"[ 153.94560275  414.35688243  -33.95786976  414.35688243 5232.62204024
 -195.5796108   -33.95786976 -195.5796108    10.1536488 ]"
singular1,250,0.47927416084651137,0.34607985389756885,1.096911980994078e-06,"[ 3.53452085e+01 -4.18138203e+07  1.92403291e+06 -4.18138203e+07
  1.30445566e+14  1.36650479e+12  1.92403291e+06  1.36650479e+12
  8.06636783e+11]"
singular1,250,0.2685633800374398,0.35900264368365115,0.026566378216545488,"[ 1.26992158e+02 -2.86010554e+03 -1.71021831e+02 -2.86010554e+03
  1.92802624e+05 -4.78159424e+03 -1.71021831e+02 -4.78159424e+03
  1.07423952e+03]"
singular1,250,0.2098363393397726,0.3483805700382325,0.0050566525556533185,"[ 3.59653910e+01 -8.00847756e+03 -2.68520165e+02 -8.00847756e+03
  5.51962096e+06  1.37283694e+04 -2.68520165e+02  1.37283694e+04
  3.98397763e+04]"
singular1,250,0.40473476767221295,0.35183995562260617,1e-06,"[1.42382898e+02 1.34733484e+07 5.23315116e+06 1.34733484e+07
 1.61245896e+14 5.38235690e+12 5.23315116e+06 5.38235690e+12
 3.45402246e+11]"
singular1,250,0.21986348255037605,0.3506831590413135,0.000941441261873147,"[ 5.28411821e+01 -5.69184203e+04 -1.76522481e+03 -5.69184203e+04
  1.63815047e+08 -6.05964120e+05 -1.76522481e+03 -6.05964120e+05
  1.11240480e+06]"
singular1,250,0.22697913702533826,0.3453715812742359,0.006855009028529374,"[ 7.28954657e+01 -9.35766832e+03 -3.50221381e+02 -9.35766832e+03
  3.05658601e+06 -2.40532088e+04 -3.50221381e+02 -2.40532088e+04
  2.10776216e+04]"
singular1,250,0.3300608967508714,0.3553916932605795,0.18758562364031417,"[ 1.40077952e+02  4.35462434e+02 -1.69990315e+01  4.35462434e+02
  2.56444362e+03 -7.28101850e+01 -1.69990315e+01 -7.28101850e+01
  2.39326083e+00]"
singular1,250,0.3493906892509429,0.3082779763792317,0.9272563389267169,"[27.95989866  0.68920413  0.9265594   0.68920413  0.21494353  0.08651496
  0.9265594   0.08651496  0.05136169]"
singular1,250,0.3528985266173299,0.2344443040847093,0.9961290817032401,"[ 1.82416967e+01 -2.84658077e-02  2.03057143e-01 -2.84658077e-02
  1.10975300e-04  1.35622446e-03  2.03057143e-01  1.35622446e-03
  1.34993793e-01]"
singular1,250,0.33280306694535783,0.3742035606657363,0.5730260326354261,"[86.25018115 24.53070579 -4.79834902 24.53070579 42.13897414 -3.34264651
 -4.79834902 -3.34264651  0.37961012]"
singular1,250,0.3688127245416344,0.33518159222391375,0.5143569836621756,"[83.95239867 44.18408027  4.65368173 44.18408027 81.11990173  4.5902567
  4.65368173  4.5902567   0.33766371]"
singular1,250,0.35034429601194833,0.4755518650688307,0.9944435947978854,"[ 1.89865775e+01 -3.23547442e-02 -3.96052730e-01 -3.23547442e-02
  1.59714172e-04 -1.75730173e-03 -3.96052730e-01 -1.75730173e-03
  1.33218870e-01]"
singular1,5000,0.3809878910310212,0.3501694787165509,0.0035213132442322107,"[3.10094950e+03 5.75353032e+05 2.41495676e+04 5.75353032e+05
 2.65084877e+08 7.03862863e+06 2.41495676e+04 7.03862863e+06
 2.29608036e+05]"
singular1,5000,0.3481225767029172,0.40040716142893484,0.9656223090132069,"[464.91131777   2.13018703 -16.48780892   2.13018703   0.59026312
  -0.64261408 -16.48780892  -0.64261408   1.14861796]"
singular1,5000,0.35019973872061627,0.47712363047454814,0.9972088684447886,"[ 3.56518317e+02 -2.96316353e-01 -5.28586542e+00 -2.96316353e-01
  6.87429508e-04 -1.80348247e-02 -5.28586542e+00 -1.80348247e-02
  2.68538395e+00]"
singular1,5000,0.25165697942762855,0.3497549181184157,0.0008248707311861924,"[ 2.28015710e+03 -2.04895157e+06 -9.13525719e+04 -2.04895157e+06
  4.46621906e+09 -8.92715673e+07 -9.13525719e+04 -8.92715673e+07
  2.48622251e+07]"
singular1,5000,0.3492334214984701,0.4623756325781902,0.9949746562657606,"[ 3.66314938e+02 -6.76468341e-01 -6.95181121e+00 -6.76468341e-01
  3.60591745e-03 -4.45362977e-02 -6.95181121e+00 -4.45362977e-02
  2.46859201e+00]"
singular1,5000,0.2783719996566343,0.34949728402336067,0.007019782455790166,"[ 3.11648861e+03 -1.48566865e+05 -1.58846098e+04 -1.48566865e+05
  6.46865870e+07 -2.13313539e+06 -1.58846098e+04 -2.13313539e+06
  2.41596967e+05]"
singular1,5000,0.19630235115903033,0.35046541390182256,0.00015187750817858994,"[ 4.56523227e+02 -3.10691744e+06 -5.67806148e+04 -3.10691744e+06
  1.29270961e+11  2.93834221e+07 -5.67806148e+04  2.93834221e+07
  8.75716843e+08]"
singular1,5000,0.44547738431226946,0.3489819124454822,1e-06,"[ 1.72110240e+03 -1.23773620e+09  7.24639020e+07 -1.23773620e+09
  3.09769329e+15  8.66370128e+13  7.24639020e+07  8.66370128e+13
  1.54515934e+13]"
singular1,5000,0.35078392729450136,0.4252402911482613,0.999999,"[ 3.52724207e+02 -8.40702328e-05 -1.16523350e+01 -8.40702328e-05
  3.00057091e-10 -1.40639576e-05 -1.16523350e+01 -1.40639576e-05
  1.46325946e+00]"
singular1,5000,0.4544573612070488,0.3507537629496668,0.0023165739122856742,"[ 1.51782513e+03 -5.35088303e+05  2.85340285e+04 -5.35088303e+05
  5.64355404e+08  1.36662260e+07  2.85340285e+04  1.36662260e+07
  3.04492127e+06]"
singular1,5000,0.34985593351056743,0.42392451108292156,0.999999,"[ 3.46856977e+02 -8.77428951e-05 -1.10501935e+01 -8.77428951e-05
  3.11894486e-10 -1.45670251e-05 -1.10501935e+01 -1.45670251e-05
  1.45523622e+00]"
singular1,5000,0.3504680481985277,0.48820602053188744,0.9990855695104296,"[ 3.50923795e+02 -7.77536084e-02 -3.58233634e+00 -7.77536084e-02
  4.97470455e-05 -4.27706029e-03 -3.58233634e+00 -4.27706029e-03
  2.69754649e+00]"
singular1,5000,0.34920714607929954,0.41407484787474574,0.989534793095615,"[ 3.90801409e+02 -4.26357008e-01 -1.36416653e+01 -4.26357008e-01
  4.02149047e-02 -1.64141533e-01 -1.36416653e+01 -1.64141533e-01
  1.31391345e+00]"
singular1,5000,0.18389934800579721,0.3496005450427791,0.0002446876878631894,"[ 2.88807049e+02 -1.16347338e+06 -1.67588521e+04 -1.16347338e+06
  4.97865475e+10  7.84271243e+07 -1.67588521e+04  7.84271243e+07
  3.35511171e+08]"
singular1,5000,0.448794929989616,0.3503099165545558,1e-06,"[ 1.72993753e+03 -1.33719737e+09  7.11896727e+07 -1.33719737e+09
  3.15244786e+15  7.70142459e+13  7.11896727e+07  7.70142459e+13
  1.51694758e+13]"
singular1,5000,0.35055393589643746,0.41492369564725745,0.999999,"[ 3.55456359e+02 -3.47259490e-05 -1.23225711e+01 -3.47259490e-05
  3.30528489e-10 -1.40276369e-05 -1.23225711e+01 -1.40276369e-05
  1.16172742e+00]"
singular1,5000,0.34800437534020745,0.39348895421652436,0.958411736317573,"[492.07413013   6.32131871 -17.15166979   6.32131871   0.93126687
  -0.78410993 -17.15166979  -0.78410993   0.97607276]"
singular1,5000,0.34861191267789265,0.44755811046105365,0.999999,"[ 3.47760762e+02 -1.32798178e-04 -8.54316187e+00 -1.32798178e-04
  1.91726368e-10 -1.12421306e-05 -8.54316187e+00 -1.12421306e-05
  2.11290611e+00]"
singular1,5000,0.3494959198612523,0.44317873953551157,0.999999,"[ 3.52810442e+02 -1.30119341e-04 -9.60236037e+00 -1.30119341e-04
  2.15231366e-10 -1.19151717e-05 -9.60236037e+00 -1.19151717e-05
  1.98569013e+00]"
singular1,5000,0.44432651594915124,0.350663925890723,1e-06,"[ 1.84279913e+03 -1.26758951e+09  7.77105719e+07 -1.26758951e+09
  3.11566525e+15  8.42021789e+13  7.77105719e+07  8.42021789e+13
  1.47965548e+13]"
singular1,5000,0.4276740725931948,0.34912400456308773,0.012145061880107968,"[ 2.21743469e+03 -7.07609670e+04  7.94932897e+03 -7.07609670e+04
  2.05303415e+07  6.94466345e+05  7.94932897e+03  6.94466345e+05
  8.43944668e+04]"
singular1,5000,0.44358415247794153,0.35094791013721655,1e-06,"[ 1.82617054e+03 -1.18495238e+09  8.00816929e+07 -1.18495238e+09
  3.09806046e+15  8.96158221e+13  8.00816929e+07  8.96158221e+13
  1.48934940e+13]"
singular1,5000,0.48046665759181884,0.3484008825453692,0.0007050839219933552,"[ 8.12780057e+02 -1.34896931e+06  4.61155199e+04 -1.34896931e+06
  6.04498726e+09  7.58642682e+07  4.61155199e+04  7.58642682e+07
  3.75113999e+07]"
singular1,5000,0.349599911315169,0.4315379180744165,0.9999989176593964,"[ 3.51485525e+02 -1.25165365e-04 -1.04371408e+01 -1.25165365e-04
  3.20402570e-10 -1.45615132e-05 -1.04371408e+01 -1.45615132e-05
  1.64463835e+00]"
singular1,5000,0.34937992521350236,0.4331866581696391,0.999999,"[ 3.58507104e+02 -1.19534153e-04 -1.06690192e+01 -1.19534153e-04
  2.61914911e-10 -1.29578541e-05 -1.06690192e+01 -1.29578541e-05
  1.69026604e+00]"
singular1,5000,0.4580954291395837,0.35023191036306184,1e-06,"[ 1.44435505e+03 -1.29993668e+09  5.99502883e+07 -1.29993668e+09
  3.11776098e+15  6.50493082e+13  5.99502883e+07  6.50493082e+13
  1.63716428e+13]"
singular1,5000,0.3649246952563847,0.34364455953956136,0.35767819161141057,"[2209.61568752 3268.13711929  124.05774165 3268.13711929 7329.15129433
  225.76234134  124.05774165  225.76234134    7.68275471]"
singular1,5000,0.34875140330569754,0.402352826916548,0.97275078541001,"[ 4.45514271e+02  1.55944825e+00 -1.61422376e+01  1.55944825e+00
  3.45146447e-01 -4.91103641e-01 -1.61422376e+01 -4.91103641e-01
  1.15138961e+00]"
singular1,5000,0.15587768350454162,0.3491856531879048,0.00031893764134923895,"[ 6.85886989e+01 -1.65582904e+05 -1.37422082e+03 -1.65582904e+05
  2.95348213e+10  1.05213358e+08 -1.37422082e+03  1.05213358e+08
  1.97883378e+08]"
singular1,5000,0.34883242685507193,0.39239479401807414,0.9667241878866476,"[461.01544246   4.83519027 -15.21862318   4.83519027   0.55402309
  -0.5532486  -15.21862318  -0.5532486    0.81327735]"
singular1,5000,0.5329103704563617,0.3505203688648672,0.00019535684424518872,"[ 1.47177711e+02 -1.18562631e+06  2.74972101e+04 -1.18562631e+06
  7.76656984e+10  4.02378155e+08  2.74972101e+04  4.02378155e+08
  5.22676607e+08]"
singular1,5000,0.4926283560465168,0.34923185858592254,1e-06,"[ 5.85195334e+02 -7.62176813e+08  2.38881671e+07 -7.62176813e+08
  3.05526101e+15  2.98823805e+13  2.38881671e+07  2.98823805e+13
  1.90614411e+13]"
singular1,5000,0.2625773210817399,0.3507862510571208,0.004288126578865567,"[ 2.64886289e+03 -3.75592974e+05 -2.12116256e+04 -3.75592974e+05
  1.65876699e+08 -4.28423127e+06 -2.12116256e+04 -4.28423127e+06
  8.33079798e+05]"
singular1,5000,0.4591816771289852,0.349819918774501,1e-06,"[ 1.41107905e+03 -1.29695106e+09  5.60321037e+07 -1.29695106e+09
  3.09346714e+15  6.42937862e+13  5.60321037e+07  6.42937862e+13
  1.65601051e+13]"
singular1,5000,0.3493498886746764,0.40380409577225895,0.9999979556157333,"[ 3.60367799e+02  5.89948498e-05 -1.24277498e+01  5.89948498e-05
  1.46642769e-09 -2.75192533e-05 -1.24277498e+01 -2.75192533e-05
  8.83149926e-01]"
singular1,5000,0.3494822159227694,0.45805216284413963,0.995875616688361,"[ 3.64715353e+02 -5.70559627e-01 -7.25450462e+00 -5.70559627e-01
  2.72471186e-03 -4.09047629e-02 -7.25450462e+00 -4.09047629e-02
  2.38318564e+00]"
singular1,5000,0.30631031190312846,0.351081048646549,0.04049628794226742,"[   3383.52368134   21521.8979966    -2758.63522591   21521.8979966
 1781547.07792312  -62383.22423755   -2758.63522591  -62383.22423755
    3490.22108303]"
singular1,5000,0.42617343720420886,0.3500219255046594,1e-06,"[ 2.32406162e+03 -8.34139851e+08  9.94093156e+07 -8.34139851e+08
  3.15717846e+15  1.04754329e+14  9.94093156e+07  1.04754329e+14
  1.19593862e+13]"
singular1,5000,0.3502277195368955,0.21096466368889982,0.999298309689535,"[ 3.55369965e+02 -5.64065633e-02  4.42100526e-01 -5.64065633e-02
  2.96292522e-05  2.31059971e-03  4.42100526e-01  2.31059971e-03
  2.83284267e+00]"
singular1,5000,0.3507899227992185,0.4308605745736891,0.999999,"[ 3.44103435e+02 -1.03788666e-04 -1.07515638e+01 -1.03788666e-04
  2.79278737e-10 -1.39061015e-05 -1.07515638e+01 -1.39061015e-05
  1.62500099e+00]"
singular1,5000,0.3499757742209392,0.5403125195741739,0.9998306907108312,"[ 3.51413864e+02 -2.36791620e-03 -1.71049500e+00 -2.36791620e-03
  1.33797142e-07 -9.87833675e-05 -1.71049500e+00 -9.87833675e-05
  2.93131038e+00]"
singular1,5000,0.19630982058675814,0.35090321525913315,0.00035716441346178904,"[ 4.85900626e+02 -1.36436890e+06 -2.26011662e+04 -1.36436890e+06
  2.36735296e+10 -1.59787092e+07 -2.26011662e+04 -1.59787092e+07
  1.54536262e+08]"
singular1,5000,0.3504209941900879,0.3504274238270506,0.532507056072876,"[ 1.69769984e+03  1.49042110e+03 -2.04984578e-02  1.49042110e+03
  1.30844987e+03 -1.79957221e-02 -2.04984578e-02 -1.79957221e-02
  2.47503573e-07]"
singular1,5000,0.4468215562173664,0.3500139041245668,1e-06,"[ 1.76052667e+03 -1.29324469e+09  7.38118916e+07 -1.29324469e+09
  3.13131367e+15  8.09542302e+13  7.38118916e+07  8.09542302e+13
  1.51306066e+13]"
singular1,5000,0.49169456640151443,0.3497177601458952,0.0004383804351305036,"[ 6.03871654e+02 -1.76266912e+06  5.71992619e+04 -1.76266912e+06
  1.56135964e+10  1.50474756e+08  5.71992619e+04  1.50474756e+08
  9.98783777e+07]"
singular1,5000,0.30373198844297017,0.3512356750049928,0.0378428525256813,"[   3416.142924     15332.26239542   -2992.82470128   15332.26239542
 2015086.44138729  -70497.15221143   -2992.82470128  -70497.15221143
    4326.71310688]"
singular1,5000,0.3501499146430308,0.44362596917162217,0.999999,"[ 3.47438183e+02 -1.32696669e-04 -8.98813786e+00 -1.32696669e-04
  2.19354586e-10 -1.21754180e-05 -8.98813786e+00 -1.21754180e-05
  1.96060693e+00]"
singular1,5000,0.2818334992432639,0.3493354326536698,0.0013248902535286866,"[ 3.24942012e+03 -6.32896131e+05 -8.93778408e+04 -6.32896131e+05
  1.81832441e+09 -6.09020216e+07 -8.93778408e+04 -6.09020216e+07
  6.37758188e+06]"
singular1,5000,0.35054982833907067,0.30204805701533666,0.9771177771702009,"[4.31559932e+02 1.71303604e+00 1.50569333e+01 1.71303604e+00
 2.79715265e-01 4.10248393e-01 1.50569333e+01 4.10248393e-01
 9.81967281e-01]"
singular1,5000,0.3297513163233751,0.3540961317571376,0.20201967727046527,"[ 2.78871621e+03  7.99519317e+03 -3.02697280e+02  7.99519317e+03
  4.16324558e+04 -1.16857487e+03 -3.02697280e+02 -1.16857487e+03
  3.77033516e+01]"
singular1,5000,0.4550414906983273,0.3516319121886905,1e-06,"[ 1.54731088e+03 -1.27641952e+09  6.65360995e+07 -1.27641952e+09
  3.07689883e+15  7.19432110e+13  6.65360995e+07  7.19432110e+13
  1.61673793e+13]"
singular1,5000,0.34929793345726695,0.41993198263971343,0.999999,"[ 3.50204655e+02 -7.28703725e-05 -1.15347048e+01 -7.28703725e-05
  3.21329012e-10 -1.44196090e-05 -1.15347048e+01 -1.44196090e-05
  1.35015704e+00]"
singular1,5000,0.49312641359256426,0.35083056682171365,0.0011766554125501986,"[ 6.11743308e+02 -6.48640083e+05  1.93917509e+04 -6.48640083e+05
  2.15541282e+09  2.28173115e+07  1.93917509e+04  2.28173115e+07
  1.37798632e+07]"
singular1,5000,0.3462773450504698,0.3613083441790978,0.65027907296472,"[ 1.38504962e+03  6.62590499e+02 -3.07361984e+01  6.62590499e+02
  3.92993400e+02 -1.63777242e+01 -3.07361984e+01 -1.63777242e+01
  7.18971563e-01]"
singular1,5000,0.3503958174943185,0.43983753976863443,0.9948773067643116,"[ 3.59796678e+02 -6.86314670e-01 -9.74984893e+00 -6.86314670e-01
  6.62498927e-03 -7.01991635e-02 -9.74984893e+00 -7.01991635e-02
  1.97875763e+00]"
singular1,5000,0.3487559300334316,0.4212304224478217,0.999999,"[ 3.58096561e+02 -7.99029625e-05 -1.17788165e+01 -7.99029625e-05
  3.05563631e-10 -1.37981123e-05 -1.17788165e+01 -1.37981123e-05
  1.38161478e+00]"
singular1,5000,0.35064790117929173,0.4588161721466304,0.999999,"[ 3.49002600e+02 -1.31780667e-04 -7.19320798e+00 -1.31780667e-04
  1.53345764e-10 -9.55402723e-06 -7.19320798e+00 -9.55402723e-06
  2.27012515e+00]"
singular1,5000,0.26064473527583,0.3494786417958532,0.0027539236473635895,"[ 2.65254611e+03 -6.09675516e+05 -3.14694486e+04 -6.09675516e+05
  4.13221163e+08 -1.04831815e+07 -3.14694486e+04 -1.04831815e+07
  2.01456160e+06]"
singular1,5000,0.34974988272988966,0.4833664980536327,0.999999,"[ 3.52224558e+02 -9.42325528e-05 -4.15386252e+00 -9.42325528e-05
  6.92222793e-11 -5.25023157e-06 -4.15386252e+00 -5.25023157e-06
  2.61345485e+00]"
singular1,5000,0.4708687010667392,0.3499478901820971,1e-06,"[ 1.07799250e+03 -1.13885053e+09  4.58212077e+07 -1.13885053e+09
  3.04870641e+15  5.14600155e+13  4.58212077e+07  5.14600155e+13
  1.79049383e+13]"
singular1,5000,0.2760105186255024,0.3502719309186316,0.00923670715989239,"[ 3.03324618e+03 -1.26068975e+05 -1.18295384e+04 -1.26068975e+05
  3.64576037e+07 -1.18374575e+06 -1.18295384e+04 -1.18374575e+06
  1.48240466e+05]"
singular1,5000,0.4264808563263475,0.3503754517577654,0.007076346880849074,"[ 2.35411025e+03 -1.23555651e+05  1.38899674e+04 -1.23555651e+05
  6.18174705e+07  1.99939116e+06  1.38899674e+04  1.99939116e+06
  2.32330145e+05]"
singular1,5000,0.3506126405051047,0.20302271755436183,0.99988725175287,"[ 3.50659001e+02 -6.48027925e-03 -4.22125291e-01 -6.48027925e-03
  5.09229841e-07  2.47915059e-04 -4.22125291e-01  2.47915059e-04
  2.84553926e+00]"
singular1,5000,0.35037014118473014,0.41766562365953497,0.9999129389514374,"[ 3.46675142e+02 -3.91103293e-03 -1.21458683e+01 -3.91103293e-03
  2.46517122e-06 -1.26750930e-03 -1.21458683e+01 -1.26750930e-03
  1.27423744e+00]"
singular1,5000,0.35367926833882607,0.3279415058025858,0.8677713987750861,"[7.57243072e+02 8.43743242e+01 2.04651922e+01 8.43743242e+01
 1.88306055e+01 3.23947759e+00 2.04651922e+01 3.23947759e+00
 6.50934621e-01]"
singular1,5000,0.3498573587195145,0.5581544259315678,0.9998144895604828,"[ 3.58468217e+02 -1.13613961e-03 -1.88939234e+00 -1.13613961e-03
  5.77308382e-08 -4.28513876e-05 -1.88939234e+00 -4.28513876e-05
  2.88353120e+00]"
singular1,5000,0.3507038979916839,0.4637381879215736,0.999999,"[ 3.49071201e+02 -1.24759418e-04 -6.54861682e+00 -1.24759418e-04
  1.31968168e-10 -8.68749501e-06 -6.54861682e+00 -8.68749501e-06
  2.36502882e+00]"
singular1,5000,0.522380793233778,0.3504530933528451,0.0002611949510522818,"[ 2.21849531e+02 -1.27767737e+06  3.23984804e+04 -1.27767737e+06
  4.35598098e+10  1.86147786e+08  3.23984804e+04  1.86147786e+08
  2.90558959e+08]"
singular1,5000,0.46199404048710757,0.3506859002783919,1e-06,"[ 1.34760733e+03 -1.26491551e+09  5.57543935e+07 -1.26491551e+09
  3.08133341e+15  6.18030477e+13  5.57543935e+07  6.18030477e+13
  1.68075770e+13]"
singular1,5000,0.3505458736679726,0.4852612513125787,0.999999,"[ 3.52679132e+02 -8.96071868e-05 -4.29446288e+00 -8.96071868e-05
  6.51957141e-11 -5.05479413e-06 -4.29446288e+00 -5.05479413e-06
  2.65873114e+00]"
singular1,5000,0.2847333791878095,0.35120361655073157,0.014888115192492762,"[ 3.27091060e+03 -5.26928641e+04 -7.93217286e+03 -5.26928641e+04
  1.37271482e+07 -4.61531853e+05 -7.93217286e+03 -4.61531853e+05
  4.82693486e+04]"
singular1,5000,0.33561526775209855,0.3512717597452502,0.1359027134674158,"[ 2.96960011e+03  1.66382818e+04 -3.27556151e+02  1.66382818e+04
  1.17682703e+05 -2.06229213e+03 -3.27556151e+02 -2.06229213e+03
  3.82398708e+01]"
singular1,5000,0.4473008915282525,0.35012390814342376,1e-06,"[ 1.74538107e+03 -1.29536371e+09  7.27208889e+07 -1.29536371e+09
  3.14702056e+15  8.10903811e+13  7.27208889e+07  8.10903811e+13
  1.51538398e+13]"
singular1,5000,0.49315415226485476,0.3502118822898796,1e-06,"[ 5.93999879e+02 -7.65049871e+08  2.34154415e+07 -7.65049871e+08
  3.03479546e+15  3.50878237e+13  2.34154415e+07  3.50878237e+13
  1.92076630e+13]"
singular1,5000,0.31065810463508836,0.3526492152574529,0.06308990684428213,"[  3310.67194656  16374.9144066   -1673.64727541  16374.9144066
 681603.15208549 -23711.9458359   -1673.64727541 -23711.9458359
   1247.64929408]"
singular1,5000,0.4735580813685964,0.3501138919105156,1e-06,"[ 1.00188562e+03 -1.08927547e+09  4.24137284e+07 -1.08927547e+09
  3.03761597e+15  4.66788832e+13  4.24137284e+07  4.66788832e+13
  1.80629674e+13]"
singular1,5000,0.36757922231358164,0.34416772029497295,0.23177836692041565,"[2.52557033e+03 6.62529758e+03 2.38174209e+02 6.62529758e+03
 2.91514843e+04 8.09073577e+02 2.38174209e+02 8.09073577e+02
 2.53529225e+01]"
singular1,5000,0.4663011456973467,0.3484818285499188,0.002564702099766637,"[ 1.15026350e+03 -4.55213307e+05  1.89897402e+04 -4.55213307e+05
  4.62015295e+08  8.16061060e+06  1.89897402e+04  8.16061060e+06
  2.68072870e+06]"
singular1,5000,0.351395919329715,0.44246493548523125,0.999999,"[ 3.53090213e+02 -1.34276171e-04 -9.50860291e+00 -1.34276171e-04
  2.32693702e-10 -1.22327955e-05 -9.50860291e+00 -1.22327955e-05
  1.88452664e+00]"
singular1,5000,0.3503523530983929,0.2344051145138892,0.9963746174249439,"[ 3.63617806e+02 -5.83658669e-01  2.83867110e+00 -5.83658669e-01
  2.14041253e-03  2.89825907e-02  2.83867110e+00  2.89825907e-02
  2.64487596e+00]"
singular1,5000,0.3516744572452315,0.5288183614621146,0.9993025853454077,"[ 3.52073312e+02 -1.73489755e-02 -2.26931796e+00 -1.73489755e-02
  5.15268792e-06 -7.32390861e-04 -2.26931796e+00 -7.32390861e-04
  2.85625584e+00]"
singular1,5000,0.32431815941158215,0.34997099778004886,0.005808237587931663,"[ 3.45485482e+03  4.24944173e+05 -1.37618815e+04  4.24944173e+05
  9.88422157e+07 -2.32786191e+06 -1.37618815e+04 -2.32786191e+06
  6.35081579e+04]"
singular1,5000,0.2595882407414676,0.350242854563197,7.561185148794067e-05,"[ 2.54911940e+03 -2.18327540e+07 -1.12715483e+06 -2.18327540e+07
  5.47287751e+11 -1.38781117e+10 -1.12715483e+06 -1.38781117e+10
  2.76730525e+09]"
singular1,5000,0.3507242781796536,0.338353076184288,0.9443644861742782,"[5.35705175e+02 2.96241278e+01 6.88382755e+00 2.96241278e+01
 1.91462663e+00 4.11626045e-01 6.88382755e+00 4.11626045e-01
 9.19254927e-02]"
singular1,5000,0.5061398162470179,0.34995912397634166,0.0007099214508931171,"[ 3.85672506e+02 -7.69618833e+05  2.17337443e+04 -7.69618833e+05
  5.89338863e+09  4.16560628e+07  2.17337443e+04  4.16560628e+07
  3.87839459e+07]"
singular1,5000,0.3487875406322537,0.37754334379695265,0.9697988137290852,"[ 4.56737584e+02  9.43663844e+00 -1.19315426e+01  9.43663844e+00
  4.54472905e-01 -3.80841148e-01 -1.19315426e+01 -3.80841148e-01
  3.81434509e-01]"
singular1,5000,0.4773849355898647,0.3502858957502659,1e-06,"[ 9.11706476e+02 -1.03117756e+09  3.90393487e+07 -1.03117756e+09
  2.99773107e+15  3.97284832e+13  3.90393487e+07  3.97284832e+13
  1.84240718e+13]"
singular1,5000,0.443400388631072,0.3494199110946052,1e-06,"[ 1.83282361e+03 -1.25963748e+09  7.80620489e+07 -1.25963748e+09
  3.10286982e+15  8.34356852e+13  7.80620489e+07  8.34356852e+13
  1.48765544e+13]"
singular1,5000,0.44363508693312786,0.3498399186300217,1e-06,"[ 1.86975332e+03 -1.30976744e+09  7.82296774e+07 -1.30976744e+09
  3.17798692e+15  8.26419510e+13  7.82296774e+07  8.26419510e+13
  1.46425367e+13]"
singular1,5000,0.577834527008767,0.34973111715628263,0.00022306919370608923,"[ 1.69763687e+01 -1.32627832e+05  2.54833516e+03 -1.32627832e+05
  5.89132983e+10  9.03170658e+07  2.54833516e+03  9.03170658e+07
  4.00011538e+08]"
singular1,5000,0.5189498174024714,0.35053878231064967,0.0004347558894252025,"[ 2.48850410e+02 -8.77064385e+05  2.31074748e+04 -8.77064385e+05
  1.59101452e+10  1.03610713e+08  2.31074748e+04  1.03610713e+08
  1.04482245e+08]"
singular1,5000,0.4457446011005786,0.3497691477667323,0.0036556454914285098,"[ 1.77198838e+03 -3.46215086e+05  2.07088194e+04 -3.46215086e+05
  2.29438126e+08  5.98095887e+06  2.07088194e+04  5.98095887e+06
  1.12715780e+06]"
singular1,5000,0.3620574780890036,0.34921253295808097,0.022535482944346426,"[3.19413928e+03 1.30336147e+05 1.78833102e+03 1.30336147e+05
 6.17242299e+06 7.86110218e+04 1.78833102e+03 7.86110218e+04
 1.03849868e+03]"
singular1,5000,0.31662493310429873,0.35250322851452637,0.06436282683229255,"[  3272.02308722  22465.9702282   -1475.88558631  22465.9702282
 654499.87213688 -20772.24538927  -1475.88558631 -20772.24538927
    893.70000919]"
singular1,5000,0.43582461482975066,0.34921349823598746,0.010789628407582687,"[ 2.02274259e+03 -1.02530420e+05  8.12764242e+03 -1.02530420e+05
  2.59854488e+07  7.81829985e+05  8.12764242e+03  7.81829985e+05
  1.17102340e+05]"
singular1,5000,0.356757956400016,0.3372854657255673,0.6288119213480837,"[1.41852470e+03 7.14569331e+02 4.19022806e+01 7.14569331e+02
 5.20666521e+02 2.54113782e+01 4.19022806e+01 2.54113782e+01
 1.35318436e+00]"
singular1,5000,0.3508019126580715,0.4587153979152001,0.999999,"[ 3.51233414e+02 -1.31806734e-04 -7.46667597e+00 -1.31806734e-04
  1.54438930e-10 -9.55983951e-06 -7.46667597e+00 -9.55983951e-06
  2.27736527e+00]"
singular1,5000,0.34990832750268724,0.464886347071042,0.9934798624978577,"[ 3.73403873e+02 -8.79456366e-01 -6.61215118e+00 -8.79456366e-01
  5.86456659e-03 -5.86307893e-02 -6.61215118e+00 -5.86307893e-02
  2.56315730e+00]"
singular1,5000,0.3396815631160032,0.3587784748729281,0.41684618823467506,"[2101.04008951 2449.5507974   -90.56114169 2449.5507974  4018.10119806
 -125.30298508  -90.56114169 -125.30298508    4.23858402]"
singular1,5000,0.45781394514571166,0.35042190009499985,1e-06,"[ 1.47862090e+03 -1.31131387e+09  6.13018401e+07 -1.31131387e+09
  3.08194074e+15  6.47348673e+13  6.13018401e+07  6.47348673e+13
  1.63570267e+13]"
