r0,r1,r2,r3,r4,r5,r6,r7,r8,r9,r10,r11,r12,r13,r14,r15,r16,r17,r18,r19,r20,r21,r22,r23,r24,r25,r26,r27,r28,r29,r30,r31,r32,r33,r34,r35,r36,r37,r38,r39,r40,r41,r42,r43,r44,r45,r46,r47,r48,r49,r50,r51,r52,r53,r54,r55,r56,r57,r58,r59,r60,r61,r62,r63,r64,r65,r66,r67,r68,r69,r70,r71,r72,r73,r74,r75,r76,r77,r78,r79,r80,r81,r82,r83,r84,r85,r86,r87,r88,r89,r90,r91,r92,r93,r94,r95,r96,r97,r98,r99,r100,r101,r102,r103,r104,r105,r106,r107,r108,r109,r110,r111,r112,r113,r114,r115,r116,r117,r118,r119,r120,r121,r122,r123,r124,r125,r126,r127,r128,r129,r130,r131,r132,r133,r134,r135,r136,r137,r138,r139,r140,r141,r142,r143,r144,r145,r146,r147,r148,r149,r150,r151,r152,r153,r154,r155,r156,r157,r158,r159,r160,r161,r162,r163,r164,r165,r166,r167,r168,r169,r170,r171,r172,r173,r174,r175,r176,r177,r178,r179,r180,r181,r182,r183,r184,r185,r186,r187,r188,r189,r190,r191,r192,r193,r194,r195,r196,r197,r198,r199,r200,r201,r202,r203,r204,r205,r206,r207,r208,r209,r210,r211,r212,r213,r214,r215,r216,r217,r218,r219,r220,r221,r222,r223,r224,r225,r226,r227,r228,r229,r230,r231,r232,r233,r234,r235,r236,r237,r238,r239,r240,r241,r242,r243,r244,r245,r246,r247,r248,r249,r250,r251,r252,r253,r254,r255,r256,r257,r258,r259,r260,r261,r262,r263,r264,r265,r266,r267,r268,r269,r270,r271,r272,r273,r274,r275,r276,r277,r278,r279,r280,r281,r282,r283,r284,r285,r286,r287,r288,r289,r290,r291,r292,r293,r294,r295,r296,r297,r298,r299,r300,r301,r302,r303,r304,r305,r306,r307,r308,r309,r310,r311,r312,r313,r314,r315,r316,r317,r318,r319,r320,r321,r322,r323,r324,r325,r326,r327,r328,r329,r330,r331,r332,r333,r334,r335,r336,r337,r338,r339,r340,r341,r342,r343,r344,r345,r346,r347,r348,r349,r350,r351,r352,r353,r354,r355,r356,r357,r358,r359,r360,r361,r362,r363,r364,r365,r366,r367,r368,r369,r370,r371,r372,r373,r374,r375,r376,r377,r378,r379,r380,r381,r382,r383,r384,r385,r386,r387,r388,r389,r390,r391,r392,r393,r394,r395,r396,r397,r398,r399,r400,r401,r402,r403,r404,r405,r406,r407,r408,r409,r410,r411,r412,r413,r414,r415,r416,r417,r418,r419,r420,r421,r422,r423,r424,r425,r426,r427,r428,r429,r430,r431,r432,r433,r434,r435,r436,r437,r438,r439,r440,r441,r442,r443,r444,r445,r446,r447,r448,r449,r450,r451,r452,r453,r454,r455,r456,r457,r458,r459,r460,r461,r462,r463,r464,r465,r466,r467,r468,r469,r470,r471,r472,r473,r474,r475,r476,r477,r478,r479,r480,r481,r482,r483,r484,r485,r486,r487,r488,r489,r490,r491,r492,r493,r494,r495,r496,r497,r498,r499,r500,r501,r502,r503,r504,r505,r506,r507,r508,r509,r510,r511,r512,r513,r514,r515,r516,r517,r518,r519,r520,r521,r522,r523,r524,r525,r526,r527,r528,r529,r530,r531,r532,r533,r534,r535,r536,r537,r538,r539,r540,r541,r542,r543,r544,r545,r546,r547,r548,r549,r550,r551,r552,r553,r554,r555,r556,r557,r558,r559,r560,r561,r562,r563,r564,r565,r566,r567,r568,r569,r570,r571,r572,r573,r574,r575,r576,r577,r578,r579,r580,r581,r582,r583,r584,r585,r586,r587,r588,r589,r590,r591,r592,r593,r594,r595,r596,r597,r598,r599,r600,r601,r602,r603,r604,r605,r606,r607,r608,r609,r610,r611,r612,r613,r614,r615,r616,r617,r618,r619,r620,r621,r622,r623,r624,r625,r626,r627,r628,r629,r630,r631,r632,r633,r634,r635,r636,r637,r638,r639,r640,r641,r642,r643,r644,r645,r646,r647,r648,r649,r650,r651,r652,r653,r654,r655,r656,r657,r658,r659,r660,r661,r662,r663,r664,r665,r666,r667,r668,r669,r670,r671,r672,r673,r674,r675,r676,r677,r678,r679,r680,r681,r682,r683,r684,r685,r686,r687,r688,r689,r690,r691,r692,r693,r694,r695,r696,r697,r698,r699,r700,r701,r702,r703,r704,r705,r706,r707,r708,r709,r710,r711,r712,r713,r714,r715,r716,r717,r718,r719,r720,r721,r722,r723,r724,r725,r726,r727,r728,r729,r730,r731,r732,r733,r734,r735,r736,r737,r738,r739,r740,r741,r742,r743,r744,r745,r746,r747,r748,r749,r750,r751,r752,r753,r754,r755,r756,r757,r758,r759,r760,r761,r762,r763,r764,r765,r766,r767,r768,r769,r770,r771,r772,r773,r774,r775,r776,r777,r778,r779,r780,r781,r782,r783,r784,r785,r786,r787,r788,r789,r790,r791,r792,r793,r794,r795,r796,r797,r798,r799,r800,r801,r802,r803,r804,r805,r806,r807,r808,r809,r810,r811,r812,r813,r814,r815,r816,r817,r818,r819,r820,r821,r822,r823,r824,r825,r826,r827,r828,r829,r830,r831,r832,r833,r834,r835,r836,r837,r838,r839,r840,r841,r842,r843,r844,r845,r846,r847,r848,r849,r850,r851,r852,r853,r854,r855,r856,r857,r858,r859,r860,r861,r862,r863,r864,r865,r866,r867,r868,r869,r870,r871,r872,r873,r874,r875,r876,r877,r878,r879,r880,r881,r882,r883,r884,r885,r886,r887,r888,r889,r890,r891,r892,r893,r894,r895,r896,r897,r898,r899,r900,r901,r902,r903,r904,r905,r906,r907,r908,r909,r910,r911,r912,r913,r914,r915,r916,r917,r918,r919,r920,r921,r922,r923,r924,r925,r926,r927,r928,r929,r930,r931,r932,r933,r934,r935,r936,r937,r938,r939,r940,r941,r942,r943,r944,r945,r946,r947,r948,r949,r950,r951,r952,r953,r954,r955,r956,r957,r958,r959,r960,r961,r962,r963,r964,r965,r966,r967,r968,r969,r970,r971,r972,r973,r974,r975,r976,r977,r978,r979,r980,r981,r982,r983,r984,r985,r986,r987,r988,r989,r990,r991,r992,r993,r994,r995,r996,r997,r998,r999
24,25,26,27,32,46,31,36,36,34,26,19,37,38,33,20,43,41,44,35,33,45,34,27,31,29,37,41,29,28,36,36,38,30,37,37,35,38,38,33,40,35,26,40,25,45,36,32,39,41,32,35,32,34,36,35,40,38,42,29,33,22,42,24,33,35,42,40,34,31,35,36,19,34,37,18,36,24,45,32,35,21,30,34,41,34,36,33,16,37,23,44,20,30,22,40,30,34,38,33,37,36,41,37,31,33,26,33,28,39,35,28,43,31,39,29,34,24,24,31,30,43,28,28,37,31,35,26,33,34,34,39,22,37,28,33,39,35,33,35,29,35,20,27,40,28,25,39,17,41,42,39,29,32,35,30,42,31,39,29,38,26,30,35,35,34,36,32,25,34,41,37,34,45,37,27,44,25,33,35,45,24,31,39,31,34,39,31,36,35,40,37,48,37,31,38,33,30,38,36,35,39,31,25,38,22,20,35,35,23,29,25,36,41,33,33,43,38,30,30,29,30,32,31,34,25,30,39,29,24,32,28,29,21,37,34,28,44,41,35,32,40,31,32,24,24,28,43,39,42,43,22,20,39,34,21,36,41,32,34,39,20,36,35,27,31,33,37,35,39,34,33,27,38,27,40,32,39,16,29,33,24,33,30,29,28,27,23,32,34,33,34,36,31,31,31,24,29,32,28,34,36,28,25,32,32,18,32,35,26,24,27,30,33,38,36,46,31,33,44,24,34,25,35,33,20,29,26,34,30,26,21,25,44,38,27,31,35,26,39,34,37,30,28,29,37,34,37,33,27,32,36,33,37,23,35,40,19,25,35,32,42,34,28,36,47,33,38,31,36,34,33,37,21,31,39,37,30,23,24,37,21,35,27,31,35,38,28,32,22,14,26,30,28,33,33,35,34,25,30,32,30,12,35,24,25,33,26,39,39,20,35,19,38,28,31,43,24,23,44,19,31,37,37,37,34,40,21,30,33,31,42,34,31,32,21,40,39,29,25,31,37,23,36,37,25,27,21,35,37,29,36,30,32,36,28,30,32,27,30,43,39,26,25,27,32,30,24,29,32,25,36,19,30,29,33,35,34,35,41,24,36,28,32,17,35,32,35,38,43,35,33,30,35,36,32,17,43,32,33,33,21,30,32,44,34,20,38,41,37,30,44,38,25,38,24,32,41,44,34,31,25,38,25,27,34,34,35,31,35,33,32,37,33,32,32,28,35,30,39,36,26,28,39,35,38,43,33,33,42,36,34,20,35,30,26,36,34,31,26,39,41,24,39,23,25,37,35,37,24,34,24,36,40,25,35,22,37,39,38,35,34,26,24,31,23,36,41,25,42,39,38,35,35,45,26,37,34,37,36,23,34,30,18,37,23,31,30,46,37,40,41,23,36,27,35,38,38,33,40,39,38,30,25,29,26,34,48,44,24,31,40,31,21,25,39,35,36,38,38,37,34,27,33,44,33,30,32,32,38,38,37,30,35,41,31,40,34,34,27,27,41,27,34,29,40,37,25,39,33,35,44,38,43,32,35,30,35,33,31,22,36,39,31,38,38,38,23,43,29,38,32,36,24,30,31,27,24,39,44,35,36,26,27,31,25,34,22,34,40,42,40,43,24,17,26,23,30,36,33,35,36,39,33,35,25,43,20,23,41,31,26,50,27,34,42,26,46,41,39,36,37,35,33,28,19,26,35,27,40,31,23,33,33,27,26,27,44,41,36,27,17,29,27,24,23,31,37,38,38,31,43,32,38,23,35,36,40,38,29,35,37,30,19,26,42,44,35,42,27,24,27,38,35,36,25,27,35,34,40,24,27,32,25,38,42,26,21,34,33,34,42,39,23,27,38,40,38,24,40,37,41,39,40,27,41,29,30,35,41,26,36,33,33,46,35,25,39,37,39,19,36,37,37,32,36,16,35,45,37,39,33,32,37,25,27,43,27,31,35,38,19,28,25,36,37,33,31,36,32,42,32,21,19,28,37,31,35,38,37,28,37,25,40,32,29,42,29,18,33,45,30,31,34,39,37,42,32,13,29,36,23,27,29,33,34,33,35,23,27,34,39,36,27,30,26,29,40,34,27,33,33,35,34,35,23,30,40,29,26,22,36,36,45,33,30,34,29,21,38,28,27,21,33,21,39,19,39,36,44,26,40,36,22,32,35,35,27,26,39,26,29,27,26,36,35,34,37,24,37,26,21,36,22,36,37,38,36,40,31,42,27,23,36,41,28,25,35,35,36,42,31,29,23,34,35,32,39,34,35
32,31,38,42,34,26,37,44,35,31,38,29,40,39,35,30,37,38,45,35,33,35,31,30,38,22,30,29,36,36,36,40,34,18,32,24,31,33,34,41,40,27,34,27,17,44,35,35,17,33,32,43,29,35,25,38,31,34,36,33,45,35,35,39,30,26,35,33,39,37,23,28,33,30,30,26,37,35,38,24,31,38,31,34,28,35,33,46,33,19,24,33,29,28,29,31,34,40,38,37,17,20,29,43,21,36,30,38,38,30,37,34,46,27,34,42,23,23,34,38,37,24,44,38,34,36,45,36,38,21,41,27,38,32,34,46,39,27,37,26,22,25,24,23,33,35,30,34,29,27,26,34,26,25,34,31,35,36,43,33,35,39,44,36,34,36,31,31,45,36,28,42,41,33,28,40,31,35,34,38,38,35,30,23,29,34,38,31,31,32,20,38,23,29,45,31,36,34,42,23,38,26,47,32,39,32,29,36,40,29,35,38,30,34,30,36,36,23,18,35,21,27,34,21,28,20,27,33,38,34,18,33,40,27,32,22,32,36,33,24,21,42,31,30,40,30,35,25,27,37,46,21,35,30,26,37,26,21,39,42,43,35,29,21,27,26,19,29,32,31,30,27,23,41,41,31,30,36,42,31,34,36,27,33,19,31,32,41,38,25,37,26,26,22,27,28,38,30,29,31,37,30,25,42,37,27,33,33,28,28,20,28,34,32,34,28,45,39,28,17,18,32,38,39,28,30,31,29,28,31,33,40,41,41,37,34,38,33,38,38,37,35,32,26,29,35,37,43,43,36,31,45,23,26,24,36,33,38,28,27,33,30,42,39,22,34,22,35,22,39,26,42,38,34,38,41,28,29,43,24,43,33,29,25,36,24,33,35,23,28,26,28,39,29,33,32,40,36,32,25,18,39,26,31,25,31,39,31,29,37,28,39,29,24,30,28,35,41,38,42,36,30,29,32,30,47,36,23,28,24,38,27,30,28,32,37,28,31,36,43,36,19,29,37,38,24,20,38,21,38,34,41,32,34,34,37,23,33,40,28,38,46,23,39,32,37,38,28,28,29,33,26,27,32,33,28,29,25,27,42,34,38,38,30,41,34,33,17,34,39,33,37,39,21,33,38,31,38,23,31,20,34,32,32,25,37,35,34,46,24,17,45,34,21,29,27,41,38,34,34,42,42,36,19,40,33,26,34,42,31,39,33,44,35,45,42,31,35,21,39,42,41,27,26,39,32,40,24,37,41,27,44,39,34,39,48,45,34,42,32,34,35,21,29,33,34,21,29,36,25,30,36,30,34,40,32,40,38,40,23,22,23,23,40,40,33,20,31,31,36,24,19,31,24,36,29,25,25,17,34,41,39,27,36,37,35,29,39,32,35,27,35,30,23,38,32,24,23,36,34,31,34,38,25,31,27,33,35,42,22,25,38,38,34,36,17,27,31,31,35,21,27,36,23,35,26,44,27,29,35,32,28,40,37,40,35,25,41,32,29,44,31,28,23,38,25,36,25,48,39,28,39,27,30,34,42,43,36,30,44,34,40,29,31,27,31,25,32,28,26,25,33,31,36,33,27,30,37,27,35,32,31,37,37,45,23,30,38,39,36,31,37,38,33,29,40,28,27,32,37,24,23,30,24,34,36,20,25,36,38,31,29,41,33,13,35,37,24,29,35,18,34,31,39,41,20,31,39,24,36,24,36,36,21,32,26,24,30,24,31,22,33,35,37,29,39,26,30,33,38,26,30,28,37,43,30,21,31,28,36,36,36,44,35,35,35,41,28,44,33,42,41,31,31,30,35,33,28,38,37,24,34,38,34,19,36,39,23,36,33,36,25,37,39,21,43,34,34,31,41,39,29,39,34,25,39,31,41,35,34,40,39,35,34,36,29,44,36,43,41,27,39,40,29,30,24,34,27,37,33,35,42,36,29,35,22,31,36,36,33,39,33,38,39,29,35,35,37,42,33,39,20,37,38,42,38,35,34,33,30,34,36,39,19,37,33,30,32,21,28,22,35,36,24,32,37,35,35,37,17,39,37,29,42,34,33,46,38,33,17,41,30,29,35,22,38,30,26,28,22,24,22,28,25,40,32,20,34,35,44,30,25,35,26,43,44,51,35,33,31,42,27,36,28,24,37,35,38,27,33,17,41,37,42,44,42,34,28,22,39,40,33,33,31,31,47,33,30,34,17,33,23,35,41,35,36,36,32,41,34,37,31,32,28,30,32,25,44,30,29,24,30,27,38,29,37,20,32,20,30
44,36,37,29,35,36,30,38,27,25,42,39,30,38,34,41,31,24,37,34,37,25,29,35,29,44,26,40,38,41,44,36,41,27,36,45,30,35,30,18,37,35,27,33,39,38,33,33,20,41,36,40,20,32,39,36,32,38,37,27,23,28,34,24,30,34,33,20,29,27,22,39,36,34,34,42,32,34,34,33,38,25,35,30,30,32,32,18,41,32,35,29,40,35,38,29,28,17,37,37,32,43,17,33,37,36,39,42,22,32,35,39,27,35,35,20,36,35,25,36,37,38,46,27,23,32,40,20,29,32,25,28,38,17,28,26,36,36,29,36,33,34,34,25,31,20,31,42,38,32,41,41,25,23,41,23,43,19,39,34,21,35,30,28,32,18,27,26,36,31,43,28,33,35,33,23,24,31,35,40,38,23,36,36,18,34,20,35,37,31,43,33,38,22,37,28,20,24,27,38,27,36,42,36,19,12,38,40,20,38,27,30,30,38,33,28,38,43,32,28,33,28,28,43,22,37,25,17,31,28,23,30,24,34,30,40,19,36,31,37,41,34,36,28,25,21,35,22,26,38,33,23,31,26,40,36,32,37,29,28,23,34,39,36,39,29,23,27,33,38,36,29,31,48,33,39,37,24,36,32,30,36,23,23,21,34,38,34,36,26,38,22,27,34,35,41,33,33,26,26,29,20,23,30,42,37,35,26,30,38,29,33,26,35,30,33,32,36,32,40,29,31,31,21,27,37,43,29,43,33,38,37,41,29,25,36,28,30,37,39,38,31,29,36,33,28,27,32,36,33,21,41,26,31,39,25,45,20,32,27,23,41,36,41,30,39,35,46,45,31,39,42,36,29,36,12,35,35,38,36,35,30,16,30,32,34,38,41,35,38,39,37,29,29,28,40,41,32,39,22,27,27,20,33,44,36,32,43,41,32,28,32,25,20,25,24,36,37,22,36,33,34,33,25,28,27,40,40,30,33,34,26,30,31,28,25,26,24,39,40,44,31,39,29,29,28,29,39,29,29,35,36,35,37,34,34,29,21,37,27,28,36,37,40,44,27,36,39,33,25,36,40,42,33,38,39,30,33,27,28,36,36,21,30,29,25,34,36,28,35,22,37,41,32,22,40,23,39,36,36,38,39,24,38,36,34,38,36,31,34,39,37,37,33,36,29,33,24,25,32,39,26,36,27,20,37,39,30,33,37,26,32,40,23,40,32,26,38,30,36,23,37,34,42,30,32,20,26,24,29,34,34,37,33,25,24,35,42,29,30,32,34,29,23,36,36,25,33,38,37,39,32,28,38,51,29,43,39,43,25,26,37,32,35,32,32,28,40,35,39,23,37,31,36,18,23,25,30,31,24,41,44,43,31,28,36,36,24,31,18,23,25,40,35,37,25,30,39,33,26,21,18,33,32,28,33,36,39,27,38,27,40,39,25,36,24,36,37,24,36,27,22,32,38,37,24,32,38,22,38,24,31,34,37,39,30,33,29,39,25,37,21,27,35,27,37,33,36,28,42,39,32,33,34,45,27,22,38,38,32,33,33,45,39,39,36,29,24,44,27,44,49,23,36,34,38,16,26,40,39,33,33,39,23,35,37,34,28,32,24,23,40,40,24,33,25,29,24,33,30,38,36,36,32,34,24,33,37,30,28,27,37,29,34,33,30,35,43,34,38,43,30,42,31,34,33,34,24,30,35,32,31,33,30,38,35,34,19,22,33,42,43,36,29,28,23,28,38,32,41,39,35,23,40,36,39,28,33,16,24,44,22,36,35,22,25,40,34,31,36,39,29,38,35,35,37,35,41,27,29,40,39,42,37,34,33,35,38,31,19,31,34,40,40,29,32,34,36,38,30,36,33,36,27,38,31,37,20,32,40,28,28,36,34,33,39,38,32,40,38,29,33,27,39,32,31,30,29,31,32,41,44,24,42,31,43,43,42,26,25,40,40,41,32,36,42,39,26,43,41,29,31,35,27,21,37,36,35,25,38,26,33,28,35,30,23,24,31,27,32,37,35,38,29,30,41,39,32,29,33,29,43,41,35,30,39,31,31,31,34,30,40,27,22,30,38,23,36,34,44,27,34,30,33,21,33,33,29,25,41,32,33,28,23,42,22,34,28,24,24,22,28,36,36,32,33,31,35,42,36,30,30,25,30,32,29,37,35,33,34,24,38,30,37,34,26,21,37,36,23,35,38,39,41,30,30,33,28,33,18,37,43,19,31,26,39,35,30,24,33,27,37,36,26,36,28,33,44,45,45
30,40,21,24,32,31,27,40,32,29,26,35,39,31,38,34,39,28,32,21,32,25,37,43,19,32,38,42,31,31,25,35,36,24,36,42,26,37,36,30,31,27,38,27,20,36,30,37,35,37,30,42,20,25,27,29,29,37,14,34,29,31,29,35,32,23,34,38,33,46,25,30,36,43,37,27,35,30,28,33,31,46,35,41,37,29,35,22,32,34,23,24,37,33,28,21,33,31,28,27,38,39,34,35,40,35,39,34,37,37,36,32,37,25,41,38,34,34,41,35,41,34,17,40,26,25,34,36,40,39,38,24,33,33,31,42,34,32,30,39,24,30,31,48,35,23,31,30,38,29,29,41,41,38,30,31,30,33,28,35,45,31,22,26,35,41,46,22,34,31,44,37,39,35,35,19,31,33,40,37,20,35,29,24,39,33,31,24,39,19,22,43,31,36,34,34,33,37,30,37,38,30,31,41,24,44,22,21,36,35,38,36,39,33,29,34,41,38,42,23,38,26,35,24,39,38,29,32,34,27,41,36,42,29,36,41,28,32,30,36,38,32,21,34,32,30,37,44,31,40,33,38,25,41,41,22,36,36,37,28,30,38,33,34,38,33,30,30,27,24,34,45,25,45,28,39,32,31,31,37,43,28,40,23,33,23,36,33,28,32,24,35,26,23,35,34,32,41,36,40,38,27,31,32,37,27,25,36,38,34,30,23,35,31,37,33,37,39,24,38,39,36,32,27,32,36,26,31,34,33,24,23,36,31,34,27,19,30,26,40,36,32,29,21,31,37,22,33,29,32,41,29,23,35,42,27,36,25,31,28,31,30,27,36,40,33,45,32,37,28,35,39,36,24,24,29,38,43,34,33,26,32,35,24,31,37,28,22,25,31,31,36,38,35,17,34,26,36,31,28,38,29,21,35,30,36,35,33,19,40,37,31,31,36,39,26,33,37,34,33,37,21,21,22,30,23,29,24,19,33,23,42,28,25,28,32,38,35,36,41,42,23,36,32,34,21,40,22,32,30,28,25,27,37,39,30,30,44,30,31,29,36,27,31,42,38,40,40,30,38,27,27,25,36,18,25,35,42,26,38,38,25,32,34,31,31,28,37,41,38,34,34,29,35,42,33,26,24,40,34,38,37,39,39,34,51,31,35,38,25,32,29,34,27,31,44,31,37,27,30,35,27,34,30,44,31,29,37,24,26,29,25,40,28,32,31,34,30,22,30,28,22,22,33,35,31,28,37,31,37,21,27,37,38,38,38,31,34,39,17,27,27,51,33,35,38,30,33,35,37,38,32,39,30,31,31,38,42,39,22,31,40,39,37,42,33,39,25,37,30,21,33,43,22,24,29,38,42,34,36,34,29,32,24,33,31,28,34,27,43,38,31,22,29,35,41,47,35,37,36,33,35,32,43,22,35,42,25,37,37,25,40,21,31,23,41,23,30,39,36,27,20,41,19,34,32,33,30,30,34,31,29,26,26,29,27,21,36,40,21,27,41,42,25,26,40,40,37,30,33,26,36,37,38,25,28,41,32,32,34,39,37,44,37,41,37,29,32,35,43,37,37,41,42,21,35,36,22,27,32,35,34,39,33,25,31,35,25,41,41,23,28,38,41,27,25,34,29,34,31,35,23,33,34,17,40,37,26,39,34,41,40,26,20,23,30,23,44,38,46,35,28,22,32,36,45,31,36,29,25,36,19,36,29,29,34,45,29,32,36,29,38,41,38,30,36,21,37,34,27,32,36,21,34,23,37,35,26,31,27,31,32,30,29,33,27,36,39,35,24,30,48,32,34,28,24,24,30,40,29,40,39,35,33,18,19,30,41,43,33,25,40,40,34,36,36,25,26,40,33,35,36,25,38,39,19,18,29,31,30,30,38,29,30,25,33,26,33,33,30,33,27,34,44,32,33,29,25,35,34,26,40,30,34,30,21,34,30,33,38,27,31,31,44,35,37,38,39,36,43,40,35,30,18,30,31,27,38,35,29,28,32,24,39,43,29,28,37,37,38,37,41,29,36,34,33,35,29,37,40,18,41,34,42,31,28,23,37,32,38,36,29,39,34,44,34,31,20,25,33,22,32,23,30,39,36,41,22,33,32,39,42,31,32,35,21,35,23,39,24,24,33,34,22,41,39,21,33,37,24,26,32,36,27,32,43,43,37,35,33,33,28,40,36,29,30,21,35,22,32,33,29,39,33,34,25,37,33,44,33,27,22,38,33,31,16,29,41,34,29,35,21,36,37,32,39,34,31,20,21
39,31,33,35,31,36,35,31,26,31,35,27,38,37,35,32,36,32,38,34,37,25,28,39,29,32,35,29,36,39,30,29,35,38,39,24,32,35,45,36,38,40,31,29,37,41,30,32,41,38,26,32,37,39,33,31,38,35,26,34,32,33,40,18,33,32,38,38,27,26,31,38,37,31,26,40,35,24,40,34,44,17,37,35,20,39,24,37,29,24,46,41,28,26,37,24,37,33,40,34,34,20,28,36,40,42,37,33,31,41,25,39,37,19,36,37,24,33,37,36,36,28,29,39,26,29,23,24,40,43,34,37,34,37,32,31,27,34,38,30,28,28,33,41,35,37,35,39,41,35,27,30,32,39,17,21,33,20,37,23,27,39,38,44,25,33,38,18,43,35,35,28,34,37,30,45,36,29,30,39,32,37,27,31,34,34,24,34,43,26,26,21,36,32,31,36,37,21,36,41,29,27,29,31,36,36,34,30,19,35,25,42,35,25,33,33,30,24,30,25,34,33,36,23,33,43,45,33,32,30,30,39,37,32,38,37,39,34,38,39,34,36,16,34,45,28,34,39,39,39,22,41,43,32,29,30,40,32,26,28,36,41,26,39,32,28,19,36,32,31,26,18,19,41,27,22,17,45,31,38,33,32,37,41,34,25,31,22,23,28,34,34,37,40,31,23,27,35,31,39,36,20,35,38,26,23,27,43,29,35,33,31,22,32,36,25,29,42,42,32,33,32,19,29,35,19,40,28,38,21,25,33,33,31,23,35,30,36,39,44,26,34,38,28,26,29,34,33,34,36,34,31,37,40,35,34,40,33,41,24,40,29,26,38,47,35,27,32,34,18,31,25,29,27,28,14,29,36,34,20,30,39,24,40,33,33,41,23,30,37,25,30,32,37,33,35,35,32,30,38,38,35,32,26,32,30,26,29,30,35,30,39,39,37,31,26,27,29,43,32,18,32,40,35,37,29,36,21,32,35,32,25,33,36,39,14,32,30,25,28,44,20,43,16,34,23,31,34,36,29,34,23,29,25,46,29,39,34,47,32,36,28,36,25,38,35,22,27,40,36,33,32,33,37,42,26,23,36,28,32,30,30,38,27,29,45,33,18,33,33,31,26,36,28,22,30,39,34,31,32,29,32,19,42,27,18,39,38,34,36,25,32,32,36,33,31,29,23,27,35,32,26,38,30,33,34,37,36,19,42,41,42,34,35,29,37,46,24,32,44,40,26,36,28,35,33,46,38,40,27,34,27,37,37,37,37,29,33,32,39,39,26,39,34,32,23,35,41,43,44,40,28,34,31,29,33,47,34,38,25,26,37,34,36,44,22,42,28,26,31,38,34,24,33,31,27,30,30,32,37,34,36,34,27,34,22,36,32,28,39,27,38,35,33,42,32,34,38,34,33,38,37,33,28,30,26,41,37,33,36,37,38,26,34,27,38,36,25,31,30,41,22,27,30,34,32,42,40,40,29,35,29,27,25,36,38,33,31,30,32,35,26,26,25,35,34,32,34,35,28,41,36,42,28,31,31,37,29,31,35,31,40,24,36,36,33,38,21,31,28,34,32,31,36,23,39,37,33,32,21,25,35,33,35,41,35,37,31,34,28,31,33,44,29,36,36,24,41,33,26,42,30,39,35,41,44,35,27,41,32,35,35,34,33,30,37,22,20,34,41,32,17,22,27,34,31,36,38,33,35,32,31,36,43,35,38,35,33,35,37,30,33,33,23,35,38,42,30,34,25,17,34,22,38,40,36,38,45,38,21,26,39,34,38,32,34,25,46,39,40,13,35,44,23,38,31,34,21,38,32,40,35,31,36,45,30,24,15,34,24,21,41,28,17,35,39,30,38,41,31,32,35,40,22,29,21,36,29,41,33,33,20,35,24,24,21,29,37,20,20,31,33,42,23,47,40,24,29,20,25,33,34,33,34,29,35,35,31,32,20,35,33,32,24,27,31,36,26,26,27,40,34,34,23,24,33,43,27,38,23,33,27,18,22,36,37,38,42,22,32,32,41,27,35,30,25,43,35,36,38,28,29,24,34,30,31,47,20,38,27,37,21,35,29,44,43,32,21,27,30,31,33,28,45,30,38,30,36,38,19,36,28,30,27,34,33,29,34,29,31,38,25,38,37,24,37,25,38,32,33,30,36,30,32,29,36,40,27,46,33,24,34,44,38,40,36,39,31,35,29,46,20,34,33,31,45,39,36,25,32,40,41,28,44,32,40,29,38,34,26,28,42,36,31,39,38,37,27,23,33
31,21,33,31,36,36,27,36,28,38,33,29,37,44,34,39,39,37,33,24,38,21,31,39,39,37,44,36,32,36,37,36,36,38,37,33,35,27,27,21,31,20,38,40,38,22,38,28,37,31,33,38,37,30,39,33,34,27,33,34,32,26,19,41,34,28,22,38,30,24,25,39,35,26,40,32,43,36,38,38,35,35,28,38,44,37,41,34,32,30,37,35,36,36,36,26,37,34,33,30,40,35,39,23,32,32,28,30,26,27,42,33,42,23,31,32,23,21,26,32,21,34,40,26,34,26,35,41,38,22,33,37,36,39,27,31,35,40,41,31,28,26,20,28,37,48,41,33,37,32,41,32,44,39,45,42,49,29,28,32,28,36,39,29,20,42,22,39,44,28,34,17,42,32,36,27,25,27,32,38,32,35,42,40,30,34,32,34,26,37,37,30,31,27,36,37,37,39,40,35,29,30,31,19,36,25,28,42,36,43,30,32,31,30,34,30,26,34,32,41,22,15,34,37,31,29,36,33,25,38,28,39,31,35,33,33,26,27,34,28,26,37,25,39,35,34,26,33,35,43,33,33,46,32,28,22,36,35,33,41,34,30,36,27,26,34,45,33,40,32,38,25,35,30,23,28,43,35,36,34,40,32,35,32,19,32,35,42,30,34,28,43,29,31,31,33,39,40,29,36,22,39,19,32,33,31,30,27,35,27,38,37,46,42,31,22,27,31,29,23,22,27,21,32,37,27,33,22,44,39,37,45,40,35,33,38,36,26,31,40,33,34,39,34,35,33,33,31,49,25,25,38,37,33,17,37,35,36,32,39,33,19,36,27,38,34,35,33,43,42,40,37,34,27,39,38,35,27,56,28,34,40,40,22,25,34,30,25,30,26,37,35,35,20,26,37,35,27,38,31,25,26,26,23,32,29,37,42,27,24,41,38,40,35,31,37,37,30,27,30,29,22,32,37,23,36,42,38,43,38,36,29,37,16,42,32,41,35,38,44,44,25,36,35,26,35,43,29,31,28,24,32,34,36,34,38,35,43,34,28,37,37,36,43,23,28,38,41,46,25,40,17,34,31,30,39,33,35,20,35,30,18,41,38,38,26,34,42,42,38,36,30,38,42,21,37,31,38,34,29,35,29,31,27,26,32,37,34,35,37,35,26,23,43,38,39,21,36,24,32,29,37,38,32,24,40,21,34,33,22,23,26,21,36,37,34,31,29,23,27,32,39,37,32,36,32,37,39,20,34,27,21,39,44,26,35,29,29,30,26,38,43,35,32,40,29,35,32,28,38,29,30,26,22,36,28,32,26,22,33,35,33,35,36,35,37,30,27,23,31,38,35,36,31,43,24,34,21,22,40,38,34,42,33,30,25,27,40,33,25,38,30,38,38,34,35,27,34,42,34,37,22,41,42,38,29,34,22,35,36,39,32,35,36,36,36,39,35,33,22,23,38,28,23,26,37,40,33,33,33,34,23,36,27,22,39,21,32,33,34,41,31,36,40,34,44,34,45,42,25,33,34,43,29,40,22,26,36,27,46,41,27,32,39,36,35,25,25,27,36,32,26,36,22,28,34,43,21,22,32,36,38,32,34,39,26,35,39,49,26,28,36,39,38,38,39,38,23,33,44,44,24,32,34,27,36,40,38,37,34,35,23,30,46,33,27,41,34,40,35,36,27,29,36,28,33,37,38,28,30,27,43,22,42,34,36,34,26,32,44,26,25,28,33,37,20,35,34,38,44,38,33,42,24,39,25,32,30,32,33,35,39,40,27,39,38,22,30,18,36,31,32,39,33,24,30,32,32,37,32,31,38,40,37,35,33,38,35,44,26,35,44,37,35,32,35,41,29,23,29,16,32,32,46,34,39,36,35,27,35,36,22,37,35,28,24,19,32,26,32,39,30,25,28,37,32,25,27,34,33,26,25,23,26,30,32,23,33,37,29,16,33,41,28,35,39,37,34,39,38,40,38,40,36,40,31,21,31,26,22,25,25,34,20,35,35,34,44,30,33,32,32,27,44,39,26,38,24,33,31,32,27,33,32,41,30,22,36,34,21,31,35,33,28,39,27,33,40,32,29,42,24,40,36,37,33,38,23,39,32,30,42,37,37,21,34,32,20,37,37,39,20,16,28,29,30,36,38,35,36,35,43,25,28,36,26,41,28,31,21,37,30,37,21,36,42,26,41,35,35,38,41,37,24,29,26,20,40,33,17,38,35,33,33,40,34,25,37,29,34,33,40,18,38,26,36,27,37,33,41
15,37,28,20,43,19,28,40,34,39,34,34,40,35,34,33,30,29,39,37,14,23,29,30,20,29,40,37,40,32,37,44,23,38,41,19,30,34,35,33,20,39,43,32,37,41,42,37,41,35,32,26,27,33,33,21,33,37,41,35,30,29,25,21,36,24,37,34,32,22,27,31,34,34,32,34,37,26,36,35,36,30,34,41,28,27,37,37,23,32,40,35,36,31,22,42,39,37,33,23,32,39,37,33,34,40,28,38,34,26,29,28,29,34,41,26,39,40,31,33,24,35,39,32,30,19,41,33,35,31,24,27,27,39,22,32,31,31,19,37,27,29,38,40,32,35,28,38,34,28,42,32,34,37,43,43,34,27,27,37,39,30,45,36,32,35,27,37,33,21,33,32,22,42,35,31,33,36,40,41,26,34,22,24,29,26,30,37,39,23,36,20,29,36,34,34,35,35,38,36,26,33,35,32,34,40,27,33,43,36,37,23,36,39,37,33,42,29,35,34,29,29,28,27,36,19,28,38,35,33,43,21,32,34,35,39,32,32,39,32,30,32,32,32,31,18,40,31,26,37,42,42,31,39,38,32,23,46,36,26,38,35,28,36,28,35,22,30,36,39,23,28,32,35,41,41,24,19,31,35,23,29,41,30,32,38,32,24,40,34,25,38,33,20,38,33,28,19,33,33,31,40,22,32,23,39,25,36,30,35,26,34,34,38,39,40,37,17,21,30,41,35,43,37,26,29,31,28,17,32,35,33,18,34,27,18,37,32,42,24,33,36,20,34,32,35,30,40,26,32,37,32,30,29,36,34,36,28,33,34,32,27,43,40,37,32,38,21,31,39,41,40,30,37,29,24,36,27,33,18,29,33,31,31,40,33,47,22,40,40,23,28,35,23,42,32,26,30,38,32,28,32,25,31,35,32,48,29,37,34,30,33,41,36,36,41,39,36,34,29,27,33,18,26,39,21,34,27,23,30,38,39,24,23,36,25,39,21,33,29,32,36,41,35,32,32,40,28,39,37,25,37,38,41,23,28,31,41,46,21,40,41,37,31,38,37,36,22,32,36,20,39,20,45,33,47,27,36,19,16,39,42,32,21,29,31,28,42,31,19,32,20,36,26,19,25,39,38,37,32,31,36,32,34,28,38,39,35,41,26,33,35,19,38,24,35,25,35,34,27,42,37,39,35,32,27,37,25,30,20,33,40,32,19,24,32,23,39,37,21,42,29,36,25,35,19,37,16,25,27,25,31,28,21,23,26,37,31,34,42,30,29,19,40,22,29,31,36,36,31,27,20,47,35,31,39,23,29,41,26,39,30,33,42,33,24,24,34,31,34,32,36,37,26,30,35,37,32,33,43,41,29,31,41,33,37,32,39,19,34,37,30,27,34,22,27,41,24,28,34,35,39,34,26,31,32,35,30,35,42,42,25,38,38,38,37,40,34,35,34,25,20,27,22,34,35,36,29,40,30,31,31,34,47,35,38,28,23,38,21,23,34,25,33,22,42,36,34,23,32,38,30,29,32,28,29,32,43,24,34,35,34,30,36,31,27,41,36,33,34,27,32,36,43,36,21,32,35,27,37,30,23,40,41,39,29,28,42,43,41,21,47,20,40,25,30,27,32,24,34,33,33,31,25,37,30,38,20,38,33,27,41,39,30,25,27,26,23,33,27,26,40,30,36,41,26,30,35,27,47,41,25,33,33,34,32,19,40,35,37,36,36,32,41,32,35,34,36,36,25,35,27,33,36,25,33,30,33,31,42,22,39,30,35,37,23,45,36,33,32,25,43,34,35,42,39,23,35,40,43,33,38,32,28,36,32,20,42,38,44,25,34,20,36,32,24,35,27,30,25,29,25,37,41,26,30,30,37,37,37,31,36,28,36,44,27,41,34,24,27,26,31,28,46,33,36,38,26,38,26,36,40,42,25,29,24,33,45,21,37,32,34,35,38,28,34,32,24,38,27,27,29,36,34,26,31,40,44,36,24,32,31,36,33,39,32,31,21,28,39,37,39,42,36,36,35,25,38,34,20,23,42,39,43,36,21,40,41,31,35,32,37,21,36,35,21,44,28,41,20,36,38,31,40,29,30,22,35,40,25,36,16,38,19,40,36,41,36,35,33,36,40,36,36,31,30,37,27,36,24,26,30,36,27,42,28,32,32,34,33,30,31,37,37,29,26,28,39,43,27,36,32,25,28,37,24,30,22,33,21,31,36,29,19,39,37,28,35,31,43,33,40,35,42,41,37,21,36,29,39
33,20,32,20,47,15,44,25,24,37,20,37,24,34,31,27,22,44,41,23,30,37,42,31,32,26,26,42,28,23,31,37,36,41,25,35,44,27,35,38,21,36,30,35,36,25,26,19,34,38,38,30,33,31,34,42,38,42,39,30,31,44,26,27,35,33,25,30,37,21,34,30,37,22,33,45,22,25,34,33,42,40,30,28,35,44,25,41,38,39,21,37,26,23,29,30,30,36,36,36,26,30,23,37,28,34,34,32,41,34,40,27,41,15,25,21,29,26,26,32,38,35,31,40,38,34,40,39,38,34,29,28,34,46,42,34,25,26,29,38,40,36,30,33,33,35,24,38,36,16,34,33,38,40,40,30,37,37,37,31,36,37,24,33,38,27,41,35,38,35,32,27,28,26,35,41,11,28,32,30,34,35,37,35,38,26,39,22,28,31,38,25,22,36,34,23,25,26,34,40,32,29,39,27,41,36,39,35,37,26,34,24,25,46,22,25,33,32,29,31,40,31,39,31,31,36,35,38,31,32,34,34,40,40,42,35,23,22,31,44,32,32,25,45,32,38,35,33,34,22,36,35,23,25,27,32,37,31,22,37,37,33,33,32,29,25,28,25,25,31,28,25,29,33,40,36,34,36,13,40,41,38,34,26,33,29,33,34,34,30,38,36,29,40,32,35,20,22,23,33,35,35,36,35,29,30,34,40,24,38,47,16,42,37,34,37,23,31,25,35,33,38,17,41,26,41,39,31,34,33,31,36,38,29,31,29,34,29,33,36,39,30,37,32,33,33,22,32,33,31,39,36,32,24,35,34,35,26,27,28,26,25,36,20,37,31,33,42,29,38,35,35,23,26,35,31,43,34,39,24,36,34,23,25,21,18,22,34,39,25,36,25,32,25,27,47,33,26,26,37,35,28,31,47,40,24,25,21,32,34,34,21,39,31,36,31,30,24,32,31,36,43,26,36,36,32,34,36,28,29,29,33,21,44,24,23,20,27,34,17,25,44,27,23,35,39,32,46,26,40,31,41,34,35,36,36,41,35,33,22,32,30,32,35,30,38,35,26,20,32,34,38,36,32,38,36,39,43,44,35,35,29,33,32,32,31,33,34,36,44,27,40,36,36,34,40,23,36,29,31,39,23,31,36,38,27,31,42,21,48,43,39,36,29,33,31,44,38,36,35,28,29,21,22,36,32,35,40,41,26,38,42,31,25,39,24,19,27,36,37,31,24,25,34,31,38,43,32,22,26,40,36,29,29,34,37,24,29,35,29,24,32,22,21,38,36,35,41,33,23,36,30,45,34,29,38,33,28,38,39,20,25,33,40,36,35,17,23,26,38,30,30,34,13,25,39,24,40,25,14,41,33,36,27,30,20,36,34,38,21,39,40,32,35,31,44,30,35,37,29,36,30,33,29,28,29,35,26,30,42,29,34,26,36,42,32,23,35,23,32,32,22,35,32,31,32,26,29,27,41,47,22,28,25,33,43,33,37,27,33,35,31,32,40,27,23,28,35,40,34,41,23,29,38,33,30,40,45,29,32,31,36,38,38,31,39,21,40,21,43,29,31,26,39,25,24,26,31,29,27,25,40,33,32,30,45,25,38,31,36,33,33,30,33,33,36,31,33,33,27,32,43,36,30,34,39,40,31,47,27,34,40,28,31,32,38,21,36,25,36,34,32,30,20,24,27,25,25,27,28,33,33,35,32,18,35,31,41,34,42,36,31,29,24,34,35,28,39,34,26,34,25,29,20,37,32,33,39,45,52,28,21,31,32,36,30,30,33,43,36,35,30,36,38,35,27,29,32,19,27,29,36,22,37,30,30,32,21,42,30,35,33,30,30,42,35,30,32,23,25,26,32,33,35,43,31,43,31,36,28,25,33,33,34,28,33,28,42,21,31,42,34,37,18,28,26,30,27,32,30,37,27,35,21,44,19,37,32,32,21,40,23,42,28,24,31,28,41,28,21,38,22,29,34,38,37,31,32,31,34,25,32,34,31,25,40,39,29,23,33,39,38,39,32,35,28,43,33,46,27,27,28,35,30,40,21,40,28,36,20,39,35,30,41,30,40,35,31,38,29,41,32,23,35,21,29,40,37,33,37,36,30,26,26,42,30,26,30,40,28,38,33,29,42,30,32,38,38,35,26,24,25,24,34,21,32,34,31,32,35,36,34,42,33,33,46,32,37,37,28,40,21,23,30,27,31,41,37,35,38,39,37,40,31,23,23,36,31,38,30,30,22,33,34,33,35,17,33,20,40
29,39,30,39,34,42,34,22,33,27,34,39,30,35,18,23,31,32,21,14,27,30,34,28,23,28,18,25,32,28,20,22,23,35,37,39,33,36,34,21,30,20,21,32,16,25,38,36,36,40,40,36,31,37,30,36,41,28,37,28,40,33,24,36,33,24,38,34,27,30,32,35,28,37,25,29,39,34,38,35,45,37,34,18,42,39,31,41,28,30,27,25,36,41,34,30,35,37,32,44,34,22,26,38,29,25,24,23,49,39,15,36,43,27,20,28,24,33,30,39,24,39,31,36,34,33,39,33,46,32,30,39,36,45,25,30,24,28,26,21,28,22,22,39,28,28,33,23,40,25,31,28,38,29,20,24,33,28,17,25,33,40,14,30,39,39,36,20,32,29,38,39,31,35,27,39,29,36,31,41,31,31,26,25,21,33,30,33,36,33,20,37,37,26,31,37,44,30,31,37,29,22,40,28,24,37,26,34,34,24,31,33,23,38,28,37,40,31,20,34,24,31,34,30,38,20,39,35,43,22,31,44,38,23,32,20,29,42,30,36,37,39,40,33,30,16,28,36,31,28,38,32,31,32,38,45,34,30,46,43,38,26,35,33,30,33,33,32,35,28,31,23,28,27,33,46,31,41,33,36,27,23,39,31,31,29,30,28,36,27,43,35,32,39,32,35,25,27,39,34,33,23,34,37,36,32,32,40,42,26,29,44,31,20,32,47,36,30,32,36,22,26,34,23,41,33,36,31,32,39,27,24,29,33,36,32,27,35,39,28,25,47,35,38,38,25,37,23,41,25,43,43,31,19,37,32,34,34,38,28,30,35,35,35,42,32,35,32,32,38,32,34,38,36,37,27,34,37,25,33,29,30,33,32,34,38,45,37,38,38,33,31,28,34,35,42,32,34,21,42,34,21,33,22,43,37,40,36,36,28,42,30,29,36,36,37,43,38,40,25,34,38,37,37,21,21,31,29,36,43,32,31,44,43,31,36,24,24,33,26,31,40,33,34,20,35,33,34,30,21,36,29,25,41,35,25,27,33,30,19,31,40,26,35,36,28,39,32,34,31,27,26,26,19,32,27,30,35,37,33,35,40,30,22,35,40,30,42,34,32,29,30,27,42,39,27,25,23,42,33,25,45,39,38,38,25,28,36,33,27,41,38,30,31,29,34,37,35,23,28,23,24,37,38,43,36,41,36,22,29,20,33,26,37,36,29,40,29,35,37,32,26,25,25,33,25,35,36,38,34,36,31,31,33,32,36,40,24,38,31,31,25,39,40,35,32,40,21,24,28,38,44,27,40,20,37,42,41,32,37,39,35,25,29,31,28,26,25,25,29,34,34,37,27,17,30,30,32,34,25,36,24,39,30,41,35,36,23,31,23,25,25,35,33,29,44,37,33,40,32,45,43,34,23,31,18,29,35,37,49,29,43,39,33,23,31,30,40,39,28,22,36,33,28,31,39,31,38,30,29,34,28,45,22,22,35,19,27,35,41,31,33,44,39,37,43,21,32,34,41,38,24,40,30,35,41,23,39,40,34,35,36,35,36,27,21,33,17,33,21,22,24,33,30,39,38,37,30,20,30,37,42,22,15,29,29,31,42,27,36,25,36,32,24,35,23,36,39,36,27,37,29,39,19,41,34,35,30,18,43,35,35,23,32,35,21,33,46,33,34,38,29,30,31,38,42,34,32,34,26,32,35,23,43,42,35,33,26,21,33,38,39,34,29,38,48,25,41,34,31,28,30,20,30,30,41,34,29,31,32,33,38,22,37,39,27,23,29,20,26,33,30,34,39,21,33,40,42,36,41,25,28,20,28,19,42,41,38,15,22,25,33,34,30,41,41,21,26,42,33,39,27,21,26,28,31,30,17,33,42,31,31,37,38,36,43,24,32,29,26,34,36,31,27,42,32,38,27,28,34,40,40,30,31,39,38,35,39,16,29,42,21,29,32,37,36,37,31,23,38,39,37,27,28,29,32,29,27,36,35,27,33,33,37,37,35,36,25,31,30,41,31,37,35,30,41,21,25,28,40,22,36,32,34,23,31,24,28,29,37,31,27,41,36,20,30,18,33,32,41,32,43,40,38,22,30,34,37,36,28,40,38,26,36,22,18,29,28,30,29,35,32,41,29,34,36,30,24,27,20,41,36,32,40,38,39,34,30,37,30,31,33,33,23,23,34,39,23,34,33,34,31,31,40,27,37,33,25,26,32,31,26,29,24,33,18,34,37,30,30,35,39,26,27,29,29,29,31,23,38
36,35,45,26,34,36,36,36,37,43,38,31,40,42,34,35,29,31,37,22,32,37,40,28,36,27,34,32,33,32,34,36,35,30,40,27,40,30,35,28,25,31,37,29,30,35,41,28,25,29,30,41,23,32,39,35,36,33,33,40,42,29,45,28,40,34,28,35,37,39,40,30,40,30,33,31,30,33,41,25,24,29,38,27,32,35,43,37,39,29,35,22,20,29,19,23,24,38,36,23,31,31,30,21,33,27,29,40,31,35,43,27,25,35,42,28,24,24,25,34,36,41,28,40,25,41,29,30,25,36,34,21,24,31,27,36,22,26,31,38,45,33,29,33,30,39,30,40,38,25,31,30,26,20,35,33,40,35,29,34,31,26,32,41,35,19,30,32,30,40,37,19,42,35,40,33,37,23,40,33,35,35,34,28,30,17,29,22,38,42,35,34,19,39,32,43,37,33,22,30,26,28,31,36,39,32,32,25,34,32,41,48,33,30,23,34,24,41,44,18,31,37,33,30,33,32,43,45,41,27,35,24,23,29,27,16,36,34,32,42,37,41,39,32,30,33,27,24,45,42,39,30,42,23,48,40,31,35,42,35,38,42,38,33,36,37,21,30,38,23,47,32,34,32,34,29,25,30,26,31,29,34,37,40,31,35,36,25,33,37,18,30,44,38,24,37,30,33,37,34,29,31,31,33,25,26,28,46,30,19,38,43,32,36,32,40,36,24,29,35,25,31,36,25,23,44,26,29,35,25,29,26,28,31,30,33,30,34,25,48,32,28,26,33,35,39,26,36,33,34,29,26,22,39,38,37,45,30,17,41,25,37,21,34,40,23,25,23,32,26,24,16,35,40,30,30,24,36,29,37,22,24,32,39,33,42,22,25,25,44,28,36,25,34,40,28,32,25,22,23,37,34,31,42,39,35,26,33,34,45,29,33,25,23,25,26,33,25,33,43,21,40,37,32,31,35,37,34,36,37,46,29,46,21,35,22,15,34,49,39,32,25,33,32,46,28,42,27,33,36,41,26,32,40,41,32,27,25,37,39,40,32,29,36,44,19,34,29,30,33,42,35,28,43,27,19,29,38,32,37,26,44,35,35,35,41,36,37,34,37,26,16,37,34,22,35,39,30,28,27,32,37,29,33,28,24,41,32,34,26,21,41,36,30,34,29,21,32,37,28,34,35,39,41,38,32,36,29,39,40,22,43,34,26,43,32,28,36,29,30,31,17,35,39,42,38,37,29,37,39,41,31,34,38,27,23,30,36,37,28,38,21,38,31,39,26,22,25,35,34,36,33,35,22,22,31,25,40,32,43,38,39,30,35,36,24,28,34,40,24,37,32,31,35,39,43,23,15,40,40,15,49,35,37,40,34,33,30,31,27,25,33,20,32,37,21,27,40,33,21,23,35,32,26,37,31,40,27,46,30,36,24,27,41,32,36,24,30,37,30,32,33,33,23,34,26,22,37,31,25,26,26,35,25,38,40,45,38,26,23,33,34,31,22,21,24,37,20,33,31,24,38,33,24,45,30,43,27,35,35,26,36,32,41,28,32,21,43,33,41,40,32,17,20,28,19,33,33,42,42,36,24,39,36,26,29,35,37,36,32,30,41,23,29,32,26,33,33,39,29,45,24,38,28,32,26,34,38,33,48,39,31,34,29,33,33,34,43,27,42,35,27,39,32,33,40,27,21,22,40,29,37,32,42,26,28,35,34,38,32,45,24,37,31,31,37,44,32,27,26,25,38,32,34,26,37,29,36,42,32,20,26,33,32,36,28,23,31,34,36,40,25,30,42,33,41,26,33,39,37,40,25,33,33,38,51,43,24,39,30,31,29,35,44,23,29,28,21,35,27,34,37,33,29,38,38,31,30,36,28,30,20,39,21,19,18,33,32,33,37,33,40,33,45,28,34,33,25,26,24,40,35,32,31,30,43,41,32,35,26,43,28,38,34,44,32,33,20,36,34,33,39,34,34,43,31,32,28,33,24,29,39,40,26,37,25,38,35,31,26,44,40,23,32,38,34,38,36,34,21,26,28,22,23,43,20,35,30,28,41,34,32,26,27,28,28,35,43,29,49,33,20,36,41,21,25,27,26,42,43,35,22,22,31,40,19,46,31,38,44,31,35,25,34,35,25,40,29,35,30,36,45,42,36,44,27,32,35,33,30,30,30,30,34,29,35,36,31,35,27,43,33,32,35,23,30,28,22,28,26,29,28,38,39,39,36,28,27,38,29,38,20,35,29,33,25,30,39,40,29
36,32,35,41,35,31,31,29,38,30,40,43,29,38,35,29,34,30,19,26,38,35,37,37,35,38,34,38,26,35,30,35,36,31,32,35,38,42,21,43,36,32,41,41,28,33,24,39,27,23,29,25,31,26,29,23,29,33,29,32,35,36,36,31,29,22,38,28,24,34,30,32,30,35,41,32,30,21,33,40,34,36,28,41,28,26,36,38,33,28,24,37,32,28,35,40,17,43,36,33,24,29,25,45,28,31,35,43,37,44,24,26,34,31,37,25,31,37,29,43,25,22,26,32,25,33,35,37,43,35,27,39,33,25,33,24,22,24,39,35,36,42,42,30,33,30,31,20,33,33,41,32,35,27,24,19,32,32,48,37,27,35,33,34,32,30,32,38,26,37,28,34,33,26,36,45,36,29,38,30,37,38,23,35,25,35,33,28,33,26,24,23,33,36,38,30,32,35,34,33,40,27,39,29,37,30,37,17,37,41,27,27,34,46,40,32,38,31,27,26,29,29,39,28,28,37,18,35,36,32,36,36,33,36,36,38,26,32,35,30,32,43,33,32,36,33,19,36,35,48,24,34,27,32,31,42,29,38,25,43,22,34,36,29,30,32,30,42,36,21,28,37,34,28,35,33,32,30,38,18,32,35,28,42,37,36,24,33,28,22,31,31,35,32,35,31,32,43,25,35,25,37,35,38,34,25,32,31,38,44,30,30,27,42,36,32,40,39,30,39,35,28,23,30,39,35,25,25,39,33,24,33,38,35,37,32,28,29,43,40,31,31,28,29,32,21,28,31,42,44,36,36,36,40,42,34,19,38,35,35,43,35,30,35,36,29,26,40,33,30,36,30,32,33,33,29,31,41,25,45,33,27,34,31,39,29,27,33,25,28,33,26,35,29,35,37,33,27,26,43,21,33,29,44,39,31,30,39,33,24,33,20,36,22,42,26,18,23,30,40,38,35,33,43,35,28,28,33,35,25,35,35,33,34,35,39,29,37,19,46,29,35,32,24,35,28,32,17,32,28,40,21,29,22,25,15,36,22,35,35,30,21,35,28,23,20,42,35,24,35,43,30,30,46,35,34,34,33,28,33,38,35,33,44,33,39,34,34,30,31,37,34,43,27,25,32,34,26,31,34,35,31,34,41,33,27,30,34,29,34,27,34,31,40,32,46,41,17,26,29,46,26,22,31,36,32,38,43,27,25,24,31,37,37,26,33,37,20,29,33,39,29,31,30,30,36,29,27,37,41,27,44,33,26,35,31,35,35,30,32,24,26,29,29,36,38,44,28,42,31,32,35,32,32,34,32,37,49,39,23,27,41,36,41,26,35,39,25,44,37,34,31,26,32,35,31,22,42,23,44,37,36,30,26,32,25,25,34,33,36,34,35,43,37,34,22,36,45,42,35,40,22,37,34,34,30,34,31,30,32,26,37,33,32,34,34,25,39,38,27,32,36,36,35,26,24,38,29,39,35,27,33,28,33,30,31,33,23,36,32,35,39,23,27,42,20,28,24,34,31,31,40,38,25,36,35,31,24,23,33,34,32,26,34,28,32,47,34,31,26,33,38,37,41,29,40,34,37,42,38,28,33,27,43,37,32,40,32,36,34,24,38,33,33,22,40,21,37,29,23,36,40,29,38,30,25,33,29,25,44,33,43,39,33,37,40,21,36,30,29,27,39,24,21,41,41,44,22,28,35,48,39,30,36,32,36,26,28,37,30,18,34,31,18,33,31,26,42,26,27,31,23,38,34,31,31,23,40,27,19,26,30,33,33,30,32,37,25,40,35,24,39,32,40,34,33,36,42,39,32,30,35,37,32,42,40,30,40,31,34,28,35,22,37,26,26,36,16,33,36,33,34,37,20,26,29,38,41,39,18,31,30,30,36,40,28,36,28,29,33,34,33,34,29,35,34,27,25,34,28,31,23,29,32,32,35,32,35,41,26,42,39,26,32,35,30,36,26,34,31,33,35,43,37,37,31,30,21,28,35,31,41,29,26,30,14,39,31,15,19,33,28,37,34,38,33,39,28,45,32,37,36,32,27,27,27,36,31,21,29,37,44,37,23,36,29,29,37,47,27,25,38,44,34,40,37,33,29,39,36,39,27,30,45,20,36,23,41,32,32,30,32,23,26,33,37,34,34,28,17,38,34,32,33,30,32,24,25,39,38,29,37,42,25,33,32,29,25,40,34,39,31,36,29,33,38,33,18,37,24,32,37,33,32,36,32,34,31,32,37,35,39,24,23,35,22,39,40,33,25
33,28,41,36,33,27,45,29,33,32,23,43,27,25,16,25,36,30,30,35,32,25,34,28,24,25,24,39,37,33,33,35,42,35,28,31,33,39,36,32,39,26,30,34,35,35,35,36,32,32,42,29,36,15,27,21,28,42,36,32,30,36,43,34,20,23,27,34,24,34,27,38,37,37,42,37,41,37,42,34,27,32,34,21,32,40,29,28,35,30,41,23,36,23,37,32,49,34,24,35,33,40,29,35,40,48,34,40,30,36,38,37,24,31,38,39,33,28,37,32,34,33,38,21,29,27,46,31,27,30,18,36,36,43,40,40,23,38,28,31,27,31,17,29,27,35,30,31,29,28,32,25,30,34,35,39,37,34,37,27,33,33,27,35,25,30,32,34,29,38,24,42,29,46,28,22,40,39,23,41,44,36,25,24,26,22,27,35,22,34,40,34,37,35,37,39,31,42,36,36,28,33,30,45,35,38,35,26,36,32,33,30,32,35,35,39,32,35,40,34,28,29,20,34,34,31,31,31,36,30,40,34,34,33,35,30,26,31,21,37,22,39,37,18,37,38,28,27,16,42,36,34,43,40,18,36,36,33,41,33,42,39,37,31,29,38,19,27,40,34,36,36,38,29,35,32,30,27,34,21,33,33,30,40,39,33,32,25,25,36,33,31,34,32,20,26,36,38,32,25,41,35,28,26,33,29,41,40,33,30,37,27,26,22,25,35,38,36,27,29,34,37,20,36,19,43,28,27,29,35,39,19,40,43,37,29,26,29,33,22,33,27,31,29,38,43,41,40,38,25,39,42,25,41,32,39,28,29,25,33,25,34,36,37,28,35,36,40,36,52,34,27,27,36,35,36,41,38,30,33,36,33,37,33,41,35,27,32,26,38,30,43,30,34,26,36,27,22,40,25,36,35,20,41,36,34,34,34,29,36,30,34,35,45,34,32,30,29,37,22,28,38,27,38,37,25,38,22,46,27,26,37,36,32,28,36,29,39,40,38,43,31,25,44,39,34,23,40,28,28,34,23,37,31,29,42,15,23,22,37,32,28,37,32,34,41,44,33,28,35,22,36,30,28,29,25,39,25,31,31,24,31,34,38,28,30,34,35,28,29,30,37,17,38,32,39,21,18,24,34,25,38,32,29,35,26,37,33,36,33,29,31,35,34,39,29,16,42,30,30,39,32,37,39,39,35,26,31,41,35,34,36,36,34,28,20,39,34,28,39,29,29,27,44,30,35,30,39,35,22,35,36,44,42,35,28,44,26,30,30,31,34,39,28,38,26,13,32,23,38,35,25,18,29,30,23,28,40,32,31,37,39,29,43,32,40,33,33,35,29,41,36,27,29,43,35,38,29,39,30,33,27,24,40,35,37,27,36,33,38,33,43,29,34,40,25,38,38,31,32,34,25,41,33,32,30,37,48,34,32,40,30,27,40,37,35,26,30,22,32,20,42,35,35,39,32,28,34,37,27,29,33,25,30,39,30,27,33,41,34,34,31,30,40,42,32,20,40,31,25,21,36,45,30,34,32,31,33,37,32,27,21,20,31,22,38,32,31,25,29,35,43,25,31,35,33,32,34,39,34,28,34,35,30,38,46,29,34,33,32,24,37,37,26,40,26,37,34,27,35,36,34,38,29,43,39,35,18,35,24,39,33,25,22,38,32,37,36,32,34,25,33,27,43,29,32,27,44,27,31,28,41,24,35,29,38,30,23,35,41,29,37,17,20,31,36,29,30,37,24,36,40,25,29,32,37,28,32,34,36,43,33,23,26,30,26,39,33,26,34,40,26,32,33,37,39,20,40,28,36,26,38,30,36,23,41,27,33,39,43,33,17,33,40,30,38,36,40,35,38,34,36,22,38,33,39,35,29,30,33,40,28,33,33,35,27,29,42,42,25,24,37,28,17,29,30,29,36,42,27,27,24,36,43,35,40,41,22,35,33,39,22,51,31,38,22,34,28,38,34,31,40,40,35,30,37,34,33,36,33,42,33,34,35,38,37,41,34,35,28,35,32,26,35,39,21,38,42,39,37,29,40,27,39,29,29,29,35,40,35,31,40,35,32,30,31,36,32,21,28,36,31,35,40,24,39,22,36,35,44,28,28,42,41,26,30,35,30,24,21,28,38,33,49,34,31,28,37,41,24,29,36,34,33,28,29,28,49,24,33,34,35,30,38,33,24,31,35,27,35,36,30,36,33,38,40,37,24,29,28,37,29,25,42,38,29,15,30,43,35,34,27,29,38,36,41,33,37,36,28
22,37,37,30,34,26,46,37,32,23,33,18,31,21,39,39,39,34,36,29,30,32,33,43,41,22,38,34,43,30,39,35,23,25,35,31,40,32,41,38,29,36,19,26,25,22,31,22,28,30,21,28,24,33,35,25,41,26,35,21,33,36,38,29,38,21,39,36,21,43,32,29,31,23,40,18,30,38,31,35,21,24,37,21,36,29,35,34,22,23,33,26,30,30,36,22,24,40,36,37,32,40,32,33,42,21,34,40,29,22,31,33,39,38,31,31,36,23,36,36,29,22,38,33,42,28,45,42,19,34,41,26,31,47,42,35,27,33,33,42,41,33,43,24,27,38,28,36,35,26,30,33,32,32,22,40,40,24,33,36,28,34,40,26,34,42,29,43,40,34,33,39,35,41,18,37,39,34,33,39,35,26,31,34,40,35,26,41,21,38,40,32,30,24,25,40,34,39,34,33,43,30,33,27,36,39,39,41,34,37,34,33,28,37,44,34,23,41,40,32,39,41,38,28,41,35,29,31,26,36,36,34,41,48,42,34,25,22,16,40,25,30,33,30,35,34,23,35,34,31,40,38,36,36,28,40,25,29,29,39,34,31,34,25,23,35,38,35,22,27,24,39,34,30,43,38,34,38,34,29,32,27,32,39,43,38,36,38,31,38,38,27,41,32,18,37,30,32,42,22,23,34,35,37,23,24,34,21,26,29,23,30,34,26,28,27,39,22,26,34,25,44,42,19,32,32,41,31,34,35,36,27,31,37,41,29,44,38,34,24,28,28,20,30,38,32,26,26,37,38,38,38,22,30,29,16,30,35,31,39,30,33,34,34,23,28,32,37,26,21,29,31,34,36,43,27,37,34,29,37,31,27,34,31,19,39,34,28,35,36,26,33,34,36,39,34,21,30,32,22,31,21,37,27,36,35,30,30,30,33,35,37,34,32,40,30,35,36,29,37,37,36,33,21,30,22,30,30,30,38,41,31,28,27,16,33,20,32,36,39,29,41,31,36,20,37,25,34,46,20,27,32,31,26,32,21,34,31,40,27,30,41,25,32,27,31,39,26,26,27,39,39,38,35,36,38,22,28,28,34,22,27,34,30,42,37,41,33,38,37,28,36,31,28,23,23,39,30,24,23,46,38,24,32,44,29,34,40,36,25,41,44,38,32,35,32,41,35,40,37,30,28,18,22,29,25,28,38,25,29,30,32,34,21,39,39,29,32,31,32,26,34,24,38,30,40,43,42,26,42,37,32,33,31,21,28,26,33,36,33,38,28,31,31,36,35,24,36,46,31,38,41,25,36,38,34,40,29,27,34,24,33,20,31,36,37,33,34,39,32,34,34,24,16,33,39,26,32,25,24,34,37,30,33,35,35,23,35,43,31,30,41,39,39,38,32,39,37,38,42,32,34,26,26,34,33,33,32,31,34,32,38,30,24,35,33,30,26,35,31,32,34,31,24,33,37,21,30,33,29,20,27,28,33,24,19,25,40,30,31,22,33,35,38,28,38,33,39,25,28,27,49,29,18,36,30,32,34,35,29,43,38,40,33,38,32,29,33,44,25,18,25,31,29,25,30,33,36,36,35,40,37,33,36,36,26,28,28,36,26,36,31,34,32,45,34,34,38,33,29,40,31,29,26,18,30,38,27,36,35,37,20,39,38,38,20,40,34,40,21,46,36,24,29,38,26,29,31,37,33,31,34,45,30,20,33,39,37,38,29,37,44,29,31,25,28,34,28,36,29,29,39,29,37,27,38,24,30,39,38,25,34,36,41,16,26,36,34,43,29,37,28,25,37,31,26,32,22,37,41,21,48,35,25,34,30,36,37,31,38,24,35,42,29,38,38,34,29,36,35,28,27,24,39,37,37,42,32,18,35,25,38,27,45,27,36,29,37,20,40,43,38,44,42,28,26,37,41,36,36,31,28,34,38,26,24,38,36,24,34,39,28,38,38,32,36,35,25,31,21,40,42,41,29,35,30,34,21,40,33,31,33,30,37,25,22,30,23,27,33,40,28,28,45,33,32,29,43,31,26,36,35,39,23,33,40,29,43,30,33,43,26,36,23,42,21,34,34,43,41,37,33,31,29,38,28,26,34,39,42,34,28,39,38,24,26,37,36,30,41,29,25,37,33,37,35,44,19,26,36,29,35,24,30,23,38,39,25,36,34,38,34,21,24,33,24,32,42,37,40,39,34,39,25,31,35,34,37,34,25,35,41,26,30,36,48,34,39,19,29,37,33,29,27,26,34,35,36,32,31
21,18,35,31,22,38,31,35,35,30,21,34,24,35,32,36,27,33,35,32,37,22,32,34,37,23,37,23,39,31,35,36,40,30,22,15,30,37,35,26,32,41,37,28,25,36,32,42,38,33,25,21,21,31,23,23,34,24,32,36,33,30,34,30,41,25,35,20,35,36,27,39,31,38,35,27,30,47,27,31,34,33,22,35,38,33,39,47,33,25,37,29,32,34,37,28,20,37,28,39,36,33,29,32,41,34,31,21,45,40,28,20,49,40,36,31,36,32,23,24,24,36,24,39,25,38,35,27,27,39,36,29,42,43,20,37,24,39,33,36,35,23,27,44,25,25,34,42,30,33,45,26,29,30,23,35,36,32,29,20,42,27,36,36,32,33,35,32,27,28,34,37,41,36,28,26,36,38,29,40,31,28,28,21,27,32,35,25,33,26,35,32,34,35,34,41,42,32,32,33,35,39,26,34,28,38,46,28,38,30,20,20,38,30,18,36,27,36,39,31,42,39,36,42,32,30,35,37,33,39,30,26,40,29,38,37,26,30,38,28,38,26,31,41,30,36,39,36,42,22,34,33,27,38,33,27,30,26,37,21,38,22,29,33,33,24,36,24,38,26,37,26,29,30,32,35,43,40,39,42,37,25,30,33,34,34,34,31,42,33,32,43,29,43,25,35,31,39,32,25,22,32,32,32,40,31,33,23,40,37,32,29,20,31,35,38,29,51,30,34,33,40,26,29,37,39,29,29,38,35,29,36,25,35,37,37,23,35,31,33,26,35,32,32,33,28,21,33,42,22,27,39,36,38,43,16,30,26,40,31,33,37,31,36,41,35,30,34,20,28,31,37,34,41,25,34,27,43,33,38,23,44,27,33,30,31,30,25,39,38,38,37,37,35,22,34,22,22,25,27,41,36,39,38,33,37,25,33,40,42,26,31,40,22,36,26,33,35,38,24,41,24,36,25,41,28,20,27,25,47,35,33,39,32,41,36,27,36,32,31,38,37,27,32,18,30,26,18,45,31,34,28,36,22,36,31,38,36,31,33,21,37,36,24,27,43,42,28,30,36,35,38,41,40,28,26,39,34,37,43,38,41,30,28,32,34,37,31,38,34,37,25,41,29,38,31,38,42,28,38,28,43,39,18,29,25,25,23,23,26,40,38,29,40,36,20,24,27,21,27,35,29,38,28,38,37,37,27,34,39,33,32,36,34,44,30,31,33,41,37,30,34,47,28,26,36,28,33,31,37,22,32,35,31,37,32,27,32,29,22,32,38,39,32,23,29,39,29,34,32,36,26,35,35,29,32,41,40,38,40,41,35,33,35,25,34,30,26,36,33,30,36,30,38,26,23,20,34,34,35,33,29,33,40,38,23,35,19,26,25,36,26,27,30,33,41,28,25,38,41,39,31,33,42,35,28,38,37,36,29,37,33,16,26,30,38,31,35,34,37,38,33,37,35,33,37,27,36,26,19,36,32,38,39,35,34,33,36,23,35,29,29,41,38,33,34,15,42,39,29,28,22,35,27,32,27,26,21,35,34,27,37,32,46,20,27,31,27,43,34,30,36,23,28,32,37,36,31,35,39,21,35,38,29,24,26,34,29,32,35,20,28,39,43,31,30,36,22,31,25,35,34,36,32,21,26,37,33,44,24,31,33,43,39,36,28,26,32,41,17,36,40,39,26,44,32,37,38,29,29,34,28,30,35,36,38,37,35,37,40,36,35,18,31,40,24,40,38,32,33,39,32,30,40,36,29,33,38,41,35,27,33,24,31,34,37,29,31,32,34,31,32,37,37,35,42,29,40,36,38,36,39,28,33,39,26,40,37,29,31,37,35,29,36,35,37,42,43,28,29,39,32,26,34,29,40,30,30,23,42,22,24,35,27,34,35,21,28,35,33,22,38,39,28,38,18,35,30,35,17,42,30,37,29,25,31,36,31,47,37,36,34,40,35,40,30,33,25,34,28,36,24,41,38,21,31,31,26,24,35,23,38,26,31,24,26,40,30,38,34,25,30,24,32,36,33,35,31,32,40,30,31,35,38,33,39,18,36,26,33,33,34,22,28,34,23,37,25,24,35,33,36,34,21,36,37,28,25,35,23,36,38,33,28,47,32,37,31,25,31,38,34,18,42,26,38,28,44,35,37,42,40,38,39,33,24,45,31,40,35,34,43,35,40,37,30,34,38,46,30,37,35,41,25,37,36,35,27,39,31,39,32,35,33,37,41,26,24,43,49,23,36,39,27,37,29,29,34,46,24
38,33,13,33,40,39,20,30,31,40,37,19,39,32,26,41,36,34,28,33,35,33,29,35,35,24,33,26,29,29,36,27,42,29,39,32,39,40,36,37,29,33,28,32,20,35,40,39,34,27,31,37,34,35,27,29,40,37,36,39,24,35,29,35,25,40,40,32,36,25,18,23,20,43,26,27,38,37,47,38,32,41,42,21,31,21,26,22,34,32,24,18,23,34,34,34,27,37,38,32,38,37,32,28,25,38,24,28,31,24,35,38,31,22,34,37,32,32,27,28,35,28,33,44,40,41,30,38,32,36,26,32,40,40,40,38,48,32,25,29,46,13,22,28,37,16,18,26,42,40,40,40,37,37,24,41,23,23,33,37,34,39,27,31,32,26,28,28,35,28,29,17,36,29,34,29,28,30,31,27,35,27,34,30,38,36,29,20,35,38,27,28,18,27,26,29,30,32,48,27,32,39,36,31,34,24,36,28,40,28,39,31,43,34,31,35,30,28,36,31,33,30,35,32,33,35,43,44,31,40,41,25,37,33,25,32,32,27,38,28,34,33,34,41,36,37,34,32,30,41,28,28,49,31,34,39,27,29,34,28,38,34,32,33,34,33,33,39,32,32,31,29,34,28,34,35,35,32,41,26,40,36,38,34,32,35,25,41,38,24,22,27,36,33,36,46,35,37,34,32,36,20,32,26,34,32,32,35,41,37,24,29,37,27,38,26,47,30,36,22,36,30,34,37,34,36,31,28,45,33,34,36,35,27,35,35,35,45,20,36,35,33,31,34,29,36,35,28,37,28,30,31,37,24,46,21,28,33,46,39,28,30,29,27,32,31,33,29,33,20,36,35,34,36,19,31,31,18,28,37,25,31,31,40,38,21,43,34,19,34,29,33,30,36,39,31,35,40,43,37,37,21,25,22,33,35,36,24,26,34,34,41,22,25,26,35,36,27,26,17,31,34,34,37,41,22,39,30,15,34,36,38,33,26,41,24,33,39,40,24,31,36,25,30,37,38,21,20,35,18,28,29,30,37,34,32,41,33,27,30,24,30,26,38,42,39,24,27,34,35,38,23,40,38,28,29,40,34,33,35,30,25,38,15,38,33,16,33,27,47,36,43,20,44,21,36,23,39,37,36,28,33,41,32,35,37,29,29,39,36,33,41,39,26,30,33,35,35,29,28,35,21,39,37,25,32,34,39,32,37,30,35,31,39,41,40,31,21,40,35,36,34,35,19,20,34,43,31,26,33,42,32,28,40,30,39,36,29,32,24,35,22,46,22,29,26,37,22,45,24,26,36,31,35,42,27,27,26,45,20,27,29,41,36,42,31,31,37,27,41,37,39,33,44,35,34,35,23,24,26,34,31,37,37,36,31,36,44,25,37,46,26,34,35,24,37,34,37,38,35,41,38,35,35,26,27,31,39,21,31,28,26,34,33,25,18,28,39,39,28,33,37,31,39,22,36,39,39,36,32,39,24,38,34,35,41,38,34,30,25,20,34,38,32,21,37,28,25,21,31,40,27,26,30,37,31,36,39,38,31,24,28,44,17,29,29,30,38,40,44,43,20,31,34,31,17,36,43,31,42,25,28,29,43,18,37,43,42,34,41,34,34,37,30,36,24,36,39,37,23,23,29,28,31,37,43,22,35,26,33,42,41,39,33,33,36,33,35,36,33,28,34,20,44,24,33,35,42,34,31,35,29,31,33,34,35,35,37,39,32,24,33,23,43,36,31,24,29,38,28,34,29,38,23,35,20,16,24,19,29,27,30,34,15,45,24,48,25,39,39,20,32,31,26,28,23,32,26,31,31,24,28,40,34,46,34,26,26,43,18,40,40,25,31,24,37,40,39,42,22,23,26,36,35,39,25,36,31,25,29,35,28,45,22,37,42,28,36,24,28,23,35,42,44,30,24,42,19,47,35,37,37,33,37,36,36,34,27,33,45,44,22,40,33,32,24,32,28,29,25,36,31,24,43,38,30,27,35,22,32,35,33,41,43,36,23,33,32,37,33,37,39,39,33,36,37,38,36,35,37,28,29,37,25,40,35,38,23,34,28,18,39,44,31,25,36,37,26,35,30,34,36,34,33,35,32,44,28,29,18,35,29,32,35,25,18,29,41,30,23,23,30,40,36,39,37,42,34,25,35,40,33,38,25,30,32,25,25,40,30,40,22,38,23,35,42,35,42,34,30,27,35,21,26,41,34,32,32,33,23,36,43,39,41,26,41,37,33,38,40,39,48,37,30,36,30,30,30,31,27
36,23,37,34,37,12,41,32,22,34,31,24,37,38,34,37,31,29,23,29,33,39,39,45,30,28,38,24,33,30,32,20,41,19,34,41,43,28,38,28,32,31,33,31,26,27,28,48,33,35,30,47,34,37,28,29,29,35,39,40,40,41,43,35,21,24,38,22,44,33,32,21,30,36,40,34,26,39,30,49,30,36,44,33,32,40,47,37,37,33,34,32,24,24,33,41,38,21,32,38,29,23,32,36,36,39,20,28,28,31,28,34,20,36,42,40,37,21,35,32,30,34,22,39,34,40,30,24,24,22,30,36,37,31,30,22,22,28,26,33,32,35,21,40,37,41,39,40,38,40,43,25,28,30,35,33,31,31,24,33,28,23,33,34,38,33,44,30,32,35,32,45,22,35,38,38,32,19,40,34,28,21,30,34,29,25,21,34,28,42,47,45,30,35,41,28,34,31,31,21,24,37,33,31,37,36,24,28,29,39,37,41,34,35,25,37,27,19,26,25,31,34,24,19,30,31,41,38,29,42,37,32,40,37,25,36,30,36,15,34,42,32,39,29,33,39,33,20,32,30,22,40,36,33,31,37,32,20,33,34,31,31,30,47,30,33,40,43,30,34,39,25,28,39,26,30,37,29,40,30,43,36,34,30,31,33,33,35,35,34,34,35,37,45,33,34,29,38,29,28,38,36,30,24,25,28,37,38,22,31,20,30,39,36,29,35,30,35,34,35,22,35,27,38,32,41,34,36,35,20,35,42,38,24,32,22,41,43,34,26,24,42,42,28,36,37,22,28,29,29,30,34,28,19,29,30,17,29,32,37,29,43,37,47,25,31,29,39,38,34,32,36,36,39,46,43,35,24,25,37,26,31,35,26,32,42,41,30,36,25,35,39,37,29,32,21,39,27,28,37,22,29,29,34,26,26,36,35,34,34,30,40,43,31,35,36,29,36,34,38,36,32,40,37,35,34,30,16,38,28,33,32,24,33,28,36,33,26,30,30,43,35,40,34,37,30,38,28,21,38,29,30,41,39,35,39,39,29,32,26,32,35,36,27,35,36,40,21,29,18,26,34,36,41,18,34,30,45,35,42,29,38,41,37,40,22,43,34,39,36,36,39,27,38,30,31,33,23,39,37,24,42,32,29,34,39,36,24,24,27,31,35,24,36,40,22,37,24,35,31,36,16,41,46,41,34,23,22,33,22,41,38,40,29,34,37,27,40,26,28,41,24,42,35,36,37,23,24,37,30,32,27,32,43,41,21,35,23,35,26,31,32,22,25,33,24,34,34,25,34,29,20,20,33,38,36,37,33,38,35,34,28,34,22,22,34,32,21,36,32,34,31,43,24,30,21,28,40,32,41,30,36,37,37,33,29,34,32,26,41,41,34,31,35,36,33,38,25,33,28,32,38,32,43,24,17,33,36,32,27,31,25,24,37,33,25,40,27,27,35,31,37,35,36,38,42,23,25,33,25,32,41,31,17,35,36,47,51,43,26,39,42,32,33,37,36,31,32,35,20,36,29,35,29,25,27,45,26,37,34,23,21,26,33,40,38,37,35,32,31,41,34,35,38,33,23,26,27,36,33,37,41,27,34,37,34,30,38,40,30,36,37,33,16,34,31,33,36,38,21,39,38,32,43,24,26,16,45,34,42,38,28,30,29,28,42,33,37,32,32,23,30,25,22,24,31,37,24,37,37,36,36,22,36,27,29,34,33,36,26,33,32,29,22,37,32,38,36,28,39,37,34,26,26,36,34,40,27,38,30,22,32,34,36,37,37,26,37,20,32,31,22,32,47,24,42,23,47,42,29,36,31,21,36,30,28,33,32,31,27,31,29,40,48,34,34,37,24,35,38,26,35,37,33,35,42,34,35,27,40,36,36,31,30,30,27,21,29,22,32,41,25,39,44,29,23,44,38,27,30,38,34,33,37,38,29,30,35,27,46,26,33,39,33,28,25,28,29,37,30,41,40,36,32,32,40,39,27,42,36,34,34,31,37,30,39,29,36,41,34,46,36,20,33,28,20,25,23,37,32,34,27,48,27,30,41,42,27,27,44,32,35,33,22,37,33,37,29,38,20,27,41,31,23,37,27,35,18,26,36,44,31,30,43,31,25,39,44,28,39,29,31,39,42,28,38,30,37,30,32,24,28,33,34,42,37,34,22,27,27,36,33,24,29,34,20,31,35,23,27,27,33,28,41,33,38,34,34,27,36,21,29,35,35,22,37,27,33,27,41,39,37,36,36,36,22,20,32,25,30
37,25,35,39,29,35,44,37,33,34,44,31,34,31,39,30,30,40,36,26,34,39,39,26,41,25,29,37,30,22,38,37,45,45,31,39,33,43,34,27,29,43,24,31,34,37,30,34,38,27,46,35,35,41,29,23,36,24,24,38,39,43,39,41,40,20,35,21,34,37,28,36,32,39,25,20,38,26,35,38,33,29,31,45,40,36,33,33,24,26,31,43,23,31,28,34,30,31,38,37,18,44,32,42,40,36,35,25,37,39,39,35,39,38,29,43,26,27,25,32,28,29,37,26,35,31,36,40,23,24,38,24,29,36,21,47,31,29,26,22,38,35,43,27,44,37,25,32,25,27,34,35,36,38,39,32,37,36,30,37,26,42,33,29,39,31,33,34,37,25,37,28,37,40,18,20,18,37,26,29,28,34,36,26,32,27,36,43,22,39,34,39,29,36,22,27,40,30,37,22,37,22,38,41,39,36,36,47,38,25,37,42,33,22,33,39,39,37,36,22,39,36,30,32,34,35,24,18,37,39,19,21,22,27,37,37,33,37,23,28,40,24,45,30,25,33,37,32,27,32,20,20,26,32,29,21,31,34,36,28,31,29,38,29,39,43,28,29,48,31,38,39,32,32,34,24,29,26,44,29,36,26,34,23,31,38,23,31,38,28,35,24,36,33,39,34,41,28,30,36,16,33,35,34,35,17,41,39,36,27,32,34,40,27,38,31,36,37,33,39,39,41,34,17,27,33,24,36,42,36,29,35,33,37,22,23,39,30,32,34,39,36,25,40,40,26,36,35,37,26,37,37,31,29,34,28,42,42,31,38,31,38,36,19,23,28,32,42,27,26,39,29,40,30,32,22,31,31,33,33,37,31,33,37,35,33,29,25,34,38,38,47,36,42,25,43,36,38,39,30,30,34,24,45,39,18,35,50,20,34,36,31,35,44,30,28,32,37,24,37,27,32,31,36,28,31,39,28,37,30,36,32,31,38,42,23,36,34,39,47,26,39,23,27,29,30,37,36,32,28,35,28,33,38,21,23,27,23,44,32,27,32,38,30,31,35,31,28,28,26,38,31,44,27,19,22,35,38,34,34,37,37,27,27,35,38,37,43,25,34,39,30,37,40,23,24,46,38,36,37,47,40,29,33,33,39,39,17,43,20,32,21,23,25,22,32,39,28,36,27,37,21,30,36,31,37,34,24,25,34,33,36,36,46,35,27,40,34,22,40,23,34,38,28,35,37,40,32,23,29,35,32,24,37,37,27,24,35,35,36,19,36,43,36,36,30,38,29,27,34,38,30,30,28,34,26,38,29,31,29,34,43,33,46,36,43,30,23,26,38,34,30,25,22,34,37,31,31,30,24,30,26,37,37,36,37,46,33,29,32,42,32,33,42,29,23,38,26,28,34,34,40,29,28,35,32,29,31,27,30,22,31,41,22,42,38,29,37,28,30,37,41,41,41,30,40,35,36,29,41,41,33,27,33,34,32,33,41,32,30,33,39,30,44,38,22,40,37,33,42,31,27,25,33,40,38,46,30,29,40,35,22,36,39,36,26,28,34,21,38,39,27,29,34,32,40,46,39,39,25,31,35,41,33,33,22,35,26,38,25,30,50,29,40,35,32,35,27,35,35,31,37,39,32,39,39,31,33,40,39,35,41,21,35,27,28,24,24,34,28,20,35,29,33,31,27,32,24,19,30,22,22,32,36,47,32,18,29,26,38,23,31,23,32,34,33,27,24,30,32,26,25,22,31,34,34,43,34,30,34,22,32,29,34,20,19,22,24,46,26,26,21,32,41,30,46,44,30,36,37,34,32,39,38,34,40,30,35,33,27,34,34,16,34,44,29,14,30,16,41,31,25,41,28,37,40,33,21,34,35,40,32,31,23,27,31,29,32,23,47,35,21,25,33,22,38,28,39,40,30,37,22,31,29,24,31,25,38,35,32,34,37,34,31,37,39,38,30,41,29,20,32,38,40,27,35,35,35,29,34,30,25,35,48,24,34,25,16,32,41,39,27,34,30,27,32,38,38,37,32,32,34,26,37,45,36,40,42,36,23,29,33,29,36,29,35,36,25,33,29,19,35,41,41,31,44,36,28,24,39,24,28,26,41,30,33,34,25,47,27,21,28,28,29,37,28,32,30,27,32,21,38,36,27,41,24,44,28,25,34,34,23,34,41,33,21,39,22,43,38,25,16,36,35,15,32,24,38,35,29,29,33,24,35,29,35,33,27,25,41,22,37,36,37,40,31,31,26,17,36
25,28,27,41,34,25,42,21,30,45,23,30,27,14,25,41,34,33,25,37,25,24,36,42,38,35,38,27,34,27,27,18,35,30,30,21,23,20,28,38,20,36,37,29,35,24,24,34,31,32,32,36,37,40,31,25,34,40,18,18,33,42,39,38,28,37,36,29,41,23,38,22,26,30,32,37,39,36,35,29,37,36,43,35,28,37,36,21,20,37,33,39,45,43,29,32,26,32,32,22,33,45,31,25,27,33,38,37,36,21,29,29,33,17,26,28,35,27,30,33,27,38,29,32,25,39,27,29,20,26,27,27,25,40,35,36,35,25,30,35,35,36,19,32,25,34,45,34,33,43,27,36,22,30,26,43,33,27,30,36,35,36,14,32,35,25,26,33,36,39,38,37,42,39,32,29,33,33,29,34,37,39,30,39,43,33,28,38,35,29,28,20,29,34,26,40,18,23,40,23,30,36,23,33,35,34,35,30,35,37,29,29,41,33,32,41,32,33,32,37,27,39,22,24,39,38,23,33,20,26,39,36,25,25,30,22,38,39,39,25,42,42,27,38,42,36,34,41,45,38,21,32,32,38,39,35,21,22,43,41,23,42,34,33,36,39,36,37,24,27,36,46,36,34,33,21,23,28,38,38,39,35,30,33,36,38,27,39,31,41,32,28,29,38,27,39,37,35,31,40,23,45,36,41,39,36,39,39,33,22,29,28,19,36,24,33,28,37,39,42,32,36,33,27,28,18,36,34,28,27,37,28,35,33,30,34,43,42,38,38,39,35,39,26,26,34,34,36,41,36,34,32,43,24,22,40,28,31,25,28,33,26,33,37,28,28,27,35,23,43,20,34,36,35,38,37,36,39,24,41,32,25,37,26,28,20,32,32,24,34,37,23,33,20,39,54,24,29,35,30,31,32,22,21,33,21,21,42,27,37,22,31,36,37,30,32,36,32,38,31,32,39,31,23,27,33,23,40,44,41,30,30,24,21,38,39,34,19,27,33,29,37,38,37,35,42,28,39,33,23,40,33,31,34,32,33,26,27,37,42,37,33,40,33,37,27,41,33,30,37,29,28,46,21,31,35,35,26,43,44,24,21,30,27,33,39,37,46,33,36,33,38,35,27,33,28,26,34,24,34,35,51,26,38,36,36,24,35,31,44,22,32,39,27,32,37,39,38,36,22,48,31,37,30,35,39,35,35,29,34,33,37,25,37,23,35,11,23,30,32,37,33,42,29,46,19,32,36,35,33,34,31,43,34,30,44,32,19,21,27,31,23,21,21,34,33,31,32,37,34,35,32,34,27,19,30,35,50,39,32,40,26,29,30,40,26,22,35,39,27,32,28,22,35,21,25,31,41,26,24,40,34,41,36,24,36,39,35,37,28,34,31,24,33,33,39,31,37,32,39,37,41,38,39,27,26,37,36,32,37,21,33,38,28,36,34,37,31,41,22,44,43,36,30,45,35,39,36,31,39,44,27,44,35,29,30,22,26,36,33,37,24,40,35,31,36,38,40,31,35,31,32,29,30,42,31,34,41,34,19,26,37,34,35,39,27,31,31,39,40,36,26,23,39,37,35,11,30,40,29,36,31,25,33,34,34,23,37,32,40,33,36,31,34,28,33,21,27,25,26,21,32,28,28,29,37,30,44,30,24,39,27,34,23,36,38,28,34,21,38,30,39,31,39,21,34,34,26,27,35,26,32,28,34,31,26,34,37,36,35,35,34,35,19,33,37,26,38,36,31,38,28,37,34,31,24,41,31,38,23,37,19,36,20,35,41,34,25,29,36,28,35,34,35,19,19,26,37,37,33,33,44,34,35,42,24,25,35,25,24,30,37,26,28,44,29,40,21,19,34,24,29,40,36,40,36,29,31,31,45,36,31,38,37,38,45,35,26,33,27,35,28,28,25,34,37,31,30,41,32,30,40,26,31,33,29,27,30,25,33,37,38,34,24,30,24,40,32,44,43,32,18,32,37,30,42,31,35,35,30,21,26,30,31,28,40,34,32,33,31,39,34,24,31,36,34,35,26,31,36,29,35,34,36,25,43,33,15,30,32,29,45,41,31,42,46,41,45,38,43,27,36,26,26,26,36,30,34,24,24,31,25,25,31,41,29,34,39,38,28,33,26,34,42,35,41,46,34,32,28,41,33,33,34,35,32,28,33,30,19,33,35,43,25,36,25,36,19,41,28,39,38,30,25,40,34,25,32,38,32,44,31,39,41,34,35,40,35,33,38,27,33,34,33,25,16,24,37,36,30
28,36,35,34,28,17,37,38,37,28,27,38,29,32,51,32,33,24,23,36,26,35,42,33,44,36,29,35,26,24,35,31,29,41,27,37,32,32,22,26,27,24,29,34,26,45,33,38,30,31,42,31,41,29,31,27,26,29,34,31,36,18,37,44,25,32,49,38,30,33,29,32,39,38,30,33,40,36,28,40,24,25,17,32,30,27,34,35,35,23,33,43,33,37,17,39,39,38,31,35,37,35,37,39,33,36,35,35,35,40,36,28,30,33,42,31,27,18,26,41,19,28,29,39,34,26,36,29,38,37,35,31,38,32,38,34,30,35,26,38,31,33,27,29,28,32,30,36,26,30,34,38,34,32,27,36,24,38,26,31,36,33,26,38,31,27,32,43,41,22,33,42,20,39,32,21,38,35,34,34,28,39,35,37,32,32,31,22,35,33,18,36,30,32,24,28,31,38,32,35,34,32,21,45,39,26,23,35,34,37,27,35,20,31,42,39,32,19,35,38,31,31,30,33,20,34,41,25,38,43,30,41,41,28,31,28,18,28,35,36,32,26,38,29,33,36,28,36,29,34,33,24,35,39,31,25,26,29,41,32,38,39,33,28,47,27,39,26,35,18,33,34,26,36,29,26,25,40,47,43,38,33,31,30,34,37,33,33,31,30,43,35,36,38,40,35,25,24,21,24,26,33,39,14,21,37,39,27,34,33,38,25,43,38,22,45,35,40,17,32,43,26,28,37,46,24,24,28,23,28,33,30,40,34,43,23,28,39,38,36,22,27,28,40,16,28,32,36,34,29,30,39,33,34,30,32,24,21,35,45,37,29,26,33,25,39,32,22,32,39,33,35,28,30,33,37,42,26,40,38,25,37,35,39,34,34,36,32,34,36,38,43,40,40,31,38,41,37,32,39,39,38,39,38,28,32,44,34,30,31,34,32,37,31,32,36,36,29,29,43,34,25,35,25,41,37,32,32,23,31,27,36,26,31,31,37,33,20,22,28,34,33,35,28,24,24,36,40,29,37,36,37,26,31,38,40,34,37,25,35,36,43,29,34,42,35,33,37,36,43,29,36,30,35,23,34,44,36,35,34,23,25,28,37,26,18,26,25,28,36,32,30,23,31,33,31,28,35,41,23,36,33,35,30,32,33,26,35,38,36,20,27,31,24,25,25,34,41,28,33,37,31,41,29,29,33,33,34,41,29,29,29,40,32,37,33,37,34,27,38,37,30,27,36,39,31,30,35,26,33,41,26,29,37,35,28,37,26,36,31,24,35,32,34,17,42,34,22,23,37,30,31,35,28,37,31,36,30,37,41,44,21,14,41,26,30,39,24,29,29,31,30,18,34,23,37,31,31,26,38,35,35,35,33,35,35,33,38,32,26,40,41,41,37,40,31,30,19,32,35,29,35,38,33,29,20,34,30,27,38,31,39,40,32,36,35,31,40,30,36,30,32,34,29,28,29,39,33,39,37,26,27,20,44,31,27,39,45,37,25,23,17,31,23,15,19,34,32,19,28,44,39,36,40,36,38,35,29,28,36,33,38,33,32,29,33,37,25,35,29,38,43,30,29,24,40,33,39,35,32,38,29,23,35,27,35,38,36,27,27,23,35,31,42,27,35,38,38,37,32,30,33,23,40,27,38,37,31,33,28,31,31,26,38,32,38,34,26,34,38,30,32,35,36,30,27,47,22,36,25,38,28,34,32,23,35,25,36,34,36,35,34,34,31,36,31,41,33,42,31,33,35,26,30,27,31,24,32,25,43,38,40,40,38,31,33,29,28,34,29,32,37,21,33,36,34,34,29,31,34,35,31,42,36,42,33,24,35,21,21,24,19,20,32,34,28,33,39,30,34,40,39,35,37,31,40,34,36,37,38,32,41,40,28,35,37,42,30,35,36,33,30,36,41,33,31,22,28,34,32,39,29,33,30,42,38,21,37,39,39,44,30,39,26,38,38,38,42,26,31,22,38,29,25,26,36,20,40,41,26,21,29,39,34,33,37,32,20,19,31,32,27,33,34,34,32,33,24,46,45,28,27,20,30,30,27,37,33,37,23,33,44,32,40,28,36,28,35,28,31,35,24,34,35,30,29,32,40,36,41,28,33,37,38,35,29,39,29,41,29,38,38,21,29,31,20,26,35,32,35,33,24,22,29,37,28,43,28,34,40,31,25,38,37,29,42,37,29,37,40,38,32,36,38,25,39,33,18,34,41,35,40,25,35,35,43,29,37,22,32,29,33,35,39,32,30,25,22,26,28
16,33,30,30,44,32,44,26,40,32,26,34,36,31,37,29,24,20,27,29,25,22,31,30,34,19,30,39,30,25,29,21,35,34,25,45,26,39,24,22,30,36,36,41,32,32,19,24,36,34,42,32,32,27,21,31,38,38,25,37,42,35,28,27,45,38,36,36,41,34,34,39,18,34,30,47,38,31,23,33,32,36,42,40,21,37,40,39,37,37,32,33,33,38,45,24,24,40,42,41,41,44,20,31,39,39,26,35,38,38,42,33,25,32,36,13,33,38,35,30,24,18,34,25,30,31,38,45,32,30,40,33,30,28,29,38,24,22,25,24,33,41,32,24,33,45,25,35,18,30,29,41,36,24,38,30,35,33,31,40,37,43,37,41,35,33,38,33,23,29,37,39,31,28,33,37,38,36,37,30,35,33,34,31,31,22,35,30,34,33,38,40,25,29,31,23,34,41,32,34,36,37,31,34,31,35,32,38,43,37,30,21,37,31,25,40,35,40,24,28,40,39,31,33,23,27,24,34,31,28,33,35,33,33,36,38,39,35,40,19,27,36,33,36,23,42,28,27,21,36,27,23,35,40,34,31,26,41,27,35,25,38,37,31,45,26,32,34,24,33,33,31,28,37,30,35,42,32,35,34,34,27,27,32,36,28,33,25,28,33,33,37,26,31,37,34,39,41,31,38,29,25,22,28,42,36,24,19,35,21,40,25,32,26,32,18,45,36,32,32,33,37,34,29,25,37,38,34,33,43,36,28,31,33,28,36,36,38,32,28,35,34,21,24,33,38,35,37,34,28,21,33,36,38,33,41,36,24,28,23,23,23,37,36,25,35,33,38,29,33,32,24,47,43,25,29,33,39,31,30,31,44,25,36,33,21,31,30,20,22,22,35,34,30,31,30,39,41,41,39,38,36,35,27,33,31,31,25,47,34,30,32,31,30,31,27,30,43,35,29,18,15,35,37,38,24,27,39,32,31,23,37,32,28,31,31,23,30,32,21,31,30,33,43,22,34,25,39,40,24,36,24,41,37,27,25,38,18,38,24,14,29,27,22,35,19,29,25,33,37,44,34,38,43,35,33,36,22,37,31,20,38,20,30,38,38,27,33,34,32,28,33,33,41,27,21,36,35,39,28,25,23,30,25,33,45,27,27,43,23,38,26,29,34,42,33,27,23,29,30,32,32,31,27,34,37,39,37,37,25,35,37,26,34,36,32,37,38,35,46,33,41,32,34,31,37,37,43,39,31,40,32,21,39,41,37,40,23,24,35,28,35,38,43,34,32,38,27,44,35,31,30,39,20,35,40,34,37,32,35,31,37,31,38,34,37,27,35,28,29,23,23,35,26,34,27,28,24,32,38,32,26,35,35,28,36,31,35,43,32,38,33,38,36,32,27,36,34,41,31,36,44,36,37,32,44,48,27,37,41,33,35,40,31,27,33,30,35,33,35,29,36,28,19,36,37,29,47,38,32,32,38,29,29,28,35,42,23,40,39,19,19,31,38,36,31,31,35,38,34,18,28,41,27,30,36,38,26,28,22,33,37,33,20,35,38,36,36,36,31,39,31,26,38,37,46,37,43,24,36,42,34,34,35,37,31,44,39,27,33,38,23,41,31,35,35,41,21,20,44,30,29,36,38,33,32,41,32,29,46,32,32,28,29,22,36,38,34,22,25,36,41,28,38,37,33,36,41,28,32,38,25,35,30,33,27,33,42,37,29,32,37,29,26,42,34,37,40,21,31,32,36,41,31,35,33,29,31,22,24,38,33,31,37,37,25,41,45,35,28,30,33,33,14,20,31,31,41,29,22,18,34,33,34,40,36,26,37,31,31,35,41,25,25,36,37,32,32,36,38,40,27,37,37,45,42,30,27,32,31,25,30,38,27,35,24,41,37,38,35,36,43,33,24,38,26,35,29,45,29,37,36,31,39,32,40,47,35,25,36,32,27,23,29,40,30,32,39,36,35,37,42,37,37,20,35,31,26,45,30,20,27,28,30,25,26,27,38,35,32,25,37,40,31,32,38,31,40,34,26,30,27,34,21,32,37,31,41,37,38,34,25,25,35,44,21,31,36,40,30,32,26,32,22,22,29,38,28,20,30,28,35,28,24,35,37,33,35,35,36,41,42,39,40,25,31,34,22,30,29,38,34,30,27,35,37,36,44,30,38,27,40,35,31,42,37,31,35,23,43,33,35,29,37,24,35,34,26,38,22,34,41,42,31,33,38,31,26,23,41,29,40,38,37,31,31,26,32,36,30
31,28,25,20,23,31,23,26,23,39,33,28,20,33,38,40,32,28,29,33,28,36,41,33,34,42,30,27,29,32,39,32,35,18,18,32,23,37,39,37,39,31,34,30,33,41,32,22,33,22,31,37,36,37,29,27,29,41,22,33,37,37,34,35,33,37,32,37,24,40,23,26,36,29,30,39,31,27,32,39,19,36,34,42,28,27,31,41,41,37,35,26,37,39,40,39,34,38,34,25,27,35,29,29,28,25,36,37,32,37,33,36,31,35,42,27,34,36,35,35,31,31,31,32,36,27,33,30,37,33,40,35,27,31,28,28,29,35,40,44,35,32,38,43,28,30,32,38,38,21,40,23,33,40,37,41,27,26,33,42,31,22,24,34,40,19,34,36,32,24,30,36,26,20,23,29,31,41,33,23,34,19,37,35,31,22,37,41,30,30,31,38,36,34,40,19,38,24,35,23,20,35,36,32,25,29,29,34,22,32,31,37,38,35,26,27,39,35,32,34,42,28,36,24,28,17,30,35,33,36,35,26,32,29,30,35,34,33,22,35,39,42,43,35,33,45,40,36,39,42,28,39,36,30,26,45,32,24,28,37,40,39,33,18,37,40,40,30,33,19,37,34,29,30,41,44,35,17,41,34,24,32,33,41,44,38,37,34,39,18,28,34,46,38,17,34,28,27,41,25,37,32,29,28,32,40,33,44,25,35,29,23,40,41,29,32,37,29,21,40,32,31,34,34,29,21,34,43,23,35,34,28,38,24,25,21,26,33,36,34,21,35,32,37,38,23,36,37,34,45,32,42,43,29,31,31,36,36,35,36,28,24,44,40,33,31,36,36,38,39,33,37,42,28,39,24,36,36,43,27,34,35,36,35,29,37,39,31,36,35,31,48,35,43,29,46,42,24,36,41,45,20,39,37,36,38,34,23,32,33,20,31,32,22,33,22,37,30,35,30,42,33,36,36,41,29,37,38,40,35,14,44,43,23,40,29,38,33,41,42,27,41,29,28,13,39,32,29,29,39,23,35,21,39,36,39,39,35,26,23,21,39,26,36,28,27,27,47,27,35,32,34,30,29,36,35,49,35,29,39,46,40,31,33,40,31,31,32,30,30,43,23,35,31,20,30,26,35,28,23,40,35,34,30,32,26,27,23,38,32,42,34,33,37,35,36,21,26,29,26,30,21,25,36,33,35,35,35,31,32,24,25,34,39,35,39,40,42,41,21,39,22,22,45,37,31,41,34,27,30,38,43,41,38,39,37,47,31,33,34,34,39,34,27,37,23,38,39,43,42,33,27,35,28,33,34,32,37,38,35,46,18,28,36,16,25,42,36,20,33,32,31,33,37,27,24,30,32,25,27,30,28,39,33,40,28,38,35,22,41,22,34,44,34,22,20,37,34,31,43,44,45,32,31,24,35,28,33,43,36,32,27,47,23,42,28,38,27,25,31,28,37,42,32,20,35,24,29,43,39,37,35,36,41,36,37,36,29,27,44,28,33,35,36,33,31,30,40,32,25,33,42,28,31,32,34,28,32,28,35,40,31,35,38,48,38,30,25,28,26,41,33,40,24,24,41,30,37,26,31,43,23,35,35,32,35,35,32,33,25,36,23,23,28,34,27,35,32,40,33,20,32,32,24,40,40,29,31,35,44,35,34,28,33,30,35,37,38,40,26,33,28,26,39,18,26,33,39,32,31,15,32,38,35,32,30,35,19,35,36,38,19,24,22,30,40,36,23,19,27,28,42,33,26,36,24,30,39,26,34,34,37,26,18,29,36,34,37,37,38,33,34,28,30,42,27,29,24,28,34,42,30,32,32,29,27,37,25,34,23,23,34,35,35,36,35,31,42,32,38,29,41,28,40,27,29,36,29,19,30,39,27,34,32,39,33,20,31,35,36,29,42,28,26,42,32,30,26,24,35,39,43,25,26,24,44,30,25,35,20,35,27,35,31,40,41,46,34,36,26,36,44,34,46,42,36,36,39,17,17,30,37,25,30,28,40,29,22,38,19,44,38,28,34,22,31,40,36,30,35,36,32,21,29,30,39,32,38,36,37,21,36,36,18,34,38,31,25,30,32,37,27,41,34,30,35,27,38,39,29,31,32,31,39,29,20,31,37,23,42,25,32,45,37,34,26,42,29,25,36,33,31,22,23,33,31,34,38,37,37,30,35,21,28,23,22,25,28,40,26,28,26,37,30,35,31,21,32,30,35,33,25,34,26,39,23,33,37,43,27,24,27,36,35,36,37,32,33,35,38
38,39,33,22,22,26,35,42,38,30,38,35,40,31,42,36,46,35,26,25,37,33,34,33,31,18,27,18,33,29,31,32,37,42,39,29,32,33,41,35,36,41,32,29,30,35,37,35,31,16,30,36,27,22,35,25,27,39,39,29,29,33,27,30,31,37,36,30,35,34,34,40,36,37,37,41,46,30,26,24,36,28,36,44,45,28,27,30,32,24,37,34,36,34,29,35,22,36,29,32,24,35,33,38,31,30,34,25,35,40,31,38,35,21,38,29,32,27,27,27,28,22,31,36,32,33,21,32,31,34,25,34,31,33,23,33,22,43,30,38,39,35,35,40,37,34,41,43,38,29,42,31,38,38,41,27,40,39,36,35,36,33,30,31,29,31,42,26,37,34,38,28,35,40,28,39,41,27,42,30,36,34,35,27,43,22,41,24,24,31,30,32,31,46,31,36,35,22,31,35,33,25,44,35,37,35,37,40,34,30,36,36,38,36,28,38,35,36,26,41,48,24,19,16,31,40,25,33,27,43,29,30,28,34,39,37,35,40,33,37,36,38,27,28,21,35,20,32,25,41,39,42,46,44,41,35,33,32,34,35,26,35,38,36,37,22,29,30,49,44,33,30,38,33,35,41,28,42,26,35,39,39,22,33,36,31,40,25,38,28,35,34,35,25,39,33,37,48,31,35,29,43,33,29,36,33,35,40,33,37,37,39,28,28,32,38,34,33,28,25,43,35,33,35,29,26,38,28,35,27,35,35,25,25,36,42,24,30,24,39,28,32,29,29,27,37,27,23,33,42,39,36,33,25,38,33,31,42,37,24,26,43,38,37,34,20,38,33,41,33,29,43,34,37,36,34,34,43,36,39,37,25,30,38,26,33,38,37,36,24,34,39,38,25,33,38,32,30,41,42,33,35,36,16,35,32,35,28,30,33,40,42,34,39,32,32,24,35,38,21,23,22,31,25,38,44,40,23,32,29,20,31,32,26,34,23,33,25,30,30,39,36,39,30,36,30,32,34,27,27,42,25,34,40,29,32,25,33,31,26,39,43,34,28,19,27,39,26,40,36,34,31,36,32,40,16,20,26,29,34,28,39,33,37,36,41,38,26,36,46,26,33,33,44,34,34,39,28,32,25,43,31,45,21,41,27,26,24,44,23,22,43,37,28,30,37,33,27,37,35,35,38,34,27,34,27,17,25,46,31,25,27,30,23,36,37,26,43,37,35,32,36,29,34,33,22,34,39,32,27,32,37,22,24,34,40,25,41,38,25,44,40,37,39,34,36,34,38,38,30,46,34,28,33,35,33,35,41,40,33,36,28,29,24,35,36,28,37,30,37,28,26,33,34,40,19,19,17,35,29,34,19,31,30,27,34,32,28,36,41,28,34,38,31,36,19,33,37,35,44,29,31,38,36,23,31,42,16,34,31,36,30,30,24,28,40,21,33,17,41,29,15,39,24,28,33,33,40,36,37,23,32,32,19,28,29,34,40,35,27,30,37,30,40,36,29,35,31,44,44,31,39,21,26,21,36,27,32,33,35,26,35,35,39,21,37,45,36,21,24,37,27,39,40,29,40,34,29,38,36,28,30,32,42,37,24,25,35,34,27,37,32,39,29,39,35,38,21,29,32,19,38,37,29,37,41,24,42,38,38,35,30,36,24,32,27,34,35,36,27,31,34,36,36,37,42,33,31,28,31,30,40,20,35,29,36,19,38,41,42,42,25,30,41,23,38,45,33,33,25,30,38,35,48,31,41,28,43,40,37,46,31,24,26,34,28,44,25,26,35,20,33,21,25,26,37,28,37,18,34,44,26,38,31,36,47,32,33,39,30,31,28,35,33,31,24,38,27,22,40,27,40,39,40,34,40,31,36,31,38,28,46,39,25,40,34,40,30,37,28,43,32,37,30,44,32,39,36,30,27,40,35,24,46,29,41,24,28,21,33,34,33,44,29,28,33,27,31,25,20,39,34,31,25,40,31,35,18,33,38,32,36,29,14,31,41,36,22,40,24,42,32,32,29,29,28,22,24,38,32,27,21,37,29,35,37,20,34,37,48,29,38,41,32,33,26,24,35,38,35,48,39,27,27,34,33,39,35,41,22,38,29,31,28,39,41,39,24,40,25,38,18,31,34,37,37,34,39,38,25,31,27,25,35,40,37,33,42,33,36,34,29,40,30,28,27,26,36,22,21,26,34,34,31,38,24,20,28,32,41,37,31,37,28,32,42,34,30,40,30,25,39,32,32,52,20,31,27,28,35
30,34,31,43,29,31,35,23,24,24,38,33,27,38,31,36,27,32,32,33,26,38,40,34,40,36,29,38,26,29,31,33,26,39,36,18,38,37,29,29,37,45,29,41,19,22,23,33,33,35,32,37,34,21,38,24,32,25,39,35,32,35,33,31,42,38,31,23,33,31,26,27,33,41,41,34,34,22,45,43,16,37,20,38,44,35,39,35,31,33,40,34,35,27,34,45,34,27,38,31,36,28,34,27,36,26,32,24,36,37,42,27,36,39,21,44,31,35,25,22,37,37,24,29,30,30,39,25,35,27,31,36,28,38,42,20,25,38,38,38,37,37,37,38,29,27,24,42,27,26,45,42,26,35,35,41,36,43,25,20,33,37,39,36,20,34,23,34,35,32,31,35,41,44,29,26,33,21,37,31,31,29,42,32,36,34,38,27,18,35,42,34,36,35,35,37,42,35,26,24,24,35,34,39,27,36,33,37,35,29,36,30,15,32,33,35,38,42,41,37,40,24,34,30,35,36,28,31,26,29,29,37,43,33,41,28,26,22,23,29,23,39,35,32,29,41,31,27,36,31,20,32,34,41,23,29,34,38,18,25,41,37,24,22,41,32,41,31,28,39,35,35,42,32,28,31,31,24,24,40,38,26,36,24,36,32,20,30,33,32,40,40,30,28,25,40,32,34,40,41,36,38,24,37,32,18,32,28,37,38,34,35,33,29,41,25,32,35,35,36,27,38,40,40,35,19,42,24,28,30,28,38,28,25,40,34,28,37,23,41,34,23,42,27,32,28,30,25,42,37,31,43,33,37,37,42,27,33,33,32,27,33,42,40,39,15,26,33,39,41,37,31,32,36,31,27,35,25,39,25,39,28,31,32,33,34,38,32,29,36,39,22,36,36,20,31,44,26,29,41,33,32,21,36,22,36,41,37,38,21,37,38,40,36,35,32,26,37,30,29,31,23,35,28,31,33,27,29,35,35,28,36,29,27,26,34,28,20,36,38,32,28,29,36,42,31,27,36,45,18,22,34,29,25,35,30,39,19,40,20,29,30,43,34,29,35,37,33,47,27,34,38,25,31,38,34,27,24,24,38,26,34,34,33,39,40,31,38,29,33,32,39,37,35,34,31,33,40,38,39,39,34,33,34,32,29,34,29,39,37,28,29,30,30,37,27,24,30,39,24,36,22,32,30,38,34,36,29,35,39,23,17,27,32,33,37,22,38,37,19,42,20,23,35,37,34,34,29,34,35,22,34,34,37,21,22,28,38,42,32,23,24,29,38,37,40,35,16,31,45,33,38,32,24,38,29,35,31,33,27,31,32,34,32,31,40,24,43,28,18,23,39,27,40,22,40,42,34,27,38,32,37,41,35,47,39,33,44,29,37,27,32,22,35,34,37,33,20,29,37,39,34,28,33,35,27,34,37,33,40,28,10,30,39,45,33,34,34,26,41,28,39,37,30,37,31,38,34,38,28,28,28,35,29,32,40,38,25,47,26,38,33,42,35,41,41,23,21,42,37,27,40,22,32,38,38,38,38,35,31,30,29,37,23,31,34,43,15,23,39,31,34,35,42,24,39,29,24,36,35,38,29,28,32,34,30,27,24,27,33,37,44,36,28,38,38,29,33,35,18,22,32,39,31,17,21,39,34,35,40,32,35,29,22,44,36,38,30,34,38,36,41,35,35,32,36,36,35,36,26,36,26,39,33,35,26,38,27,33,33,25,45,33,28,34,38,24,35,38,33,38,32,30,29,45,42,42,35,37,46,37,19,28,32,35,30,36,37,35,39,15,28,22,38,23,32,39,35,27,30,34,29,34,32,43,42,31,35,35,39,36,31,29,35,23,23,40,41,32,24,38,35,36,16,27,34,18,31,37,27,38,34,44,27,35,21,31,23,37,27,37,32,35,31,35,38,16,30,37,38,35,33,22,36,35,21,40,22,28,32,36,39,25,41,35,30,16,26,40,31,32,22,40,35,18,36,31,20,35,31,32,41,31,35,37,30,34,33,43,25,31,33,36,38,36,31,35,22,23,22,24,32,37,35,27,32,32,38,40,31,41,30,25,26,39,35,21,33,34,26,24,34,27,16,18,35,36,31,30,35,29,20,27,37,20,32,32,33,37,41,30,40,24,37,30,27,35,34,28,36,28,22,34,36,13,34,42,37,40,35,32,43,38,30,30,27,37,21,40,40,26,42,41,26,37,34,24,34,37,29,31,35,37,29,41,35,21,34,36,26,32,32,32,21,22,36,37,23,44,27
44,41,32,30,25,23,30,38,24,33,37,36,30,25,28,38,33,27,39,29,30,33,35,30,25,32,32,34,36,31,24,33,23,30,37,37,28,36,32,32,40,18,30,29,33,31,34,22,39,26,38,34,23,39,26,39,33,23,34,38,28,36,28,35,19,27,28,26,29,30,23,33,42,37,34,38,35,38,22,26,37,35,37,23,23,34,26,37,42,25,35,28,34,24,28,20,24,30,27,10,21,33,21,31,48,35,28,32,36,22,35,36,34,33,23,28,44,24,37,37,20,16,32,38,32,19,41,27,33,37,40,40,31,29,40,35,43,29,32,32,34,38,32,24,39,29,35,29,34,49,38,43,30,36,36,39,33,34,27,20,38,35,29,33,30,43,40,41,27,31,25,40,36,30,26,22,42,39,32,38,38,35,40,40,39,23,33,37,40,20,34,27,31,37,29,33,34,25,34,38,36,37,40,37,27,30,23,31,29,34,35,26,19,25,17,21,26,29,38,15,26,33,43,27,44,30,35,38,30,36,37,37,28,24,37,33,34,20,29,33,37,20,36,26,35,29,23,21,34,33,37,31,23,35,33,32,26,31,36,34,42,32,34,36,36,30,21,23,23,25,34,42,38,39,28,27,31,31,36,43,23,34,36,35,22,40,28,26,19,37,33,38,34,37,25,36,23,37,23,36,40,32,43,23,34,34,37,35,33,36,26,30,42,25,33,28,40,25,42,23,32,41,26,39,36,39,39,36,38,41,34,29,30,39,41,38,37,32,28,40,33,25,42,30,18,32,38,31,31,28,29,39,45,39,39,34,34,36,37,37,28,35,21,38,42,43,40,38,35,35,42,30,24,40,27,36,37,27,40,35,28,36,26,20,34,41,29,36,31,19,31,18,25,37,35,32,36,37,29,31,36,41,35,28,26,31,36,36,38,37,21,36,34,25,36,31,34,35,40,25,42,36,27,37,22,42,29,31,43,36,34,39,30,34,34,31,33,35,29,33,37,24,26,25,39,39,33,33,40,31,27,32,32,35,37,32,38,39,25,39,22,38,23,34,38,34,35,39,40,28,41,31,35,27,38,19,24,22,37,25,35,34,40,26,25,37,32,37,41,31,35,40,32,28,40,35,35,31,26,26,28,39,31,38,39,38,13,42,41,31,28,39,30,33,33,45,30,38,27,32,20,23,14,40,28,38,41,40,32,40,26,20,27,39,31,22,35,17,32,35,22,36,24,34,38,28,34,45,36,38,30,40,21,26,34,33,34,38,28,37,32,45,23,33,43,33,48,24,39,29,23,37,43,18,38,38,17,31,33,36,43,32,32,27,31,21,32,18,34,36,40,31,45,41,36,26,36,33,30,46,28,26,31,32,36,23,42,31,44,35,31,35,34,34,33,40,33,22,28,38,35,25,38,39,33,29,33,20,36,22,30,35,30,26,26,25,34,23,30,36,24,27,34,43,23,39,39,27,20,27,17,37,33,30,19,29,37,41,29,32,25,29,28,44,43,42,35,44,31,31,31,32,27,31,38,36,34,28,31,38,30,41,32,25,27,41,39,32,37,20,33,49,22,30,39,30,43,42,38,37,38,18,29,28,41,30,25,36,35,32,33,31,38,29,22,32,26,30,40,42,31,39,29,32,18,32,33,35,30,34,35,33,37,36,42,31,32,41,23,39,40,23,37,29,37,32,30,32,32,36,37,43,37,19,34,23,35,29,33,21,30,29,39,17,35,27,27,34,35,40,21,22,23,36,41,39,35,36,43,24,38,25,34,18,29,35,41,36,37,27,25,36,19,32,46,40,25,30,33,31,31,33,34,34,23,39,33,20,25,38,36,31,37,24,34,30,30,25,33,41,44,31,35,46,36,35,25,35,32,32,32,38,34,33,34,24,23,35,35,36,33,32,27,28,24,26,34,28,33,40,44,31,45,38,31,33,26,41,24,39,30,38,34,40,39,22,37,20,23,40,29,23,43,30,44,39,36,51,27,38,45,41,38,32,36,32,38,36,33,27,35,34,34,27,17,36,34,26,31,18,38,33,19,31,36,38,28,32,39,42,24,32,32,39,27,33,25,37,27,38,38,20,26,35,35,33,37,28,37,38,37,27,41,35,27,34,24,40,33,36,30,31,21,28,23,33,32,33,39,38,40,26,32,36,37,34,38,31,26,30,45,24,30,26,30,34,24,33,32,38,31,38,26,32,42,22,38,35,29,38,38,28,41,23,21,43,32,35,34,30,34,35,25,27,33,33,29,40,45,35
39,36,35,27,31,32,28,39,32,23,24,46,32,38,34,36,31,39,37,26,32,34,33,35,32,39,30,32,24,38,43,38,34,37,30,33,22,35,28,26,40,31,34,40,29,31,35,44,35,32,38,38,30,24,20,29,19,37,35,29,26,32,26,30,32,32,36,38,38,29,41,32,35,27,24,29,18,30,27,36,32,29,31,40,40,24,37,37,32,33,35,30,30,25,34,29,32,29,33,37,38,28,32,40,37,34,28,40,26,40,30,29,33,24,27,49,30,26,29,26,23,36,25,30,38,30,39,18,37,23,34,38,36,35,41,29,37,22,46,41,28,36,20,39,35,17,37,36,38,44,37,33,22,23,34,35,45,31,25,24,38,39,30,33,35,37,36,37,33,40,30,41,29,34,32,25,39,31,37,25,30,25,27,39,44,39,38,35,36,36,30,37,37,26,23,41,32,21,33,34,22,35,20,26,34,29,44,28,42,39,38,36,41,25,27,40,28,31,30,33,37,39,31,38,34,38,33,33,27,35,22,39,37,25,36,30,35,28,28,38,26,41,27,37,25,33,26,28,36,36,19,22,37,45,39,25,31,29,37,34,39,40,49,28,36,33,25,39,26,35,33,34,21,40,42,46,34,29,21,25,39,38,33,30,43,42,34,32,32,35,36,33,22,38,31,33,33,40,27,37,40,27,32,25,32,37,40,36,26,24,43,45,35,32,35,36,27,37,35,34,39,24,21,37,38,21,31,34,35,22,23,34,26,32,34,28,31,31,34,28,31,34,23,23,35,19,45,34,38,15,33,25,39,26,32,29,37,37,29,29,26,32,32,25,22,31,28,31,35,28,33,39,34,37,33,35,27,32,30,27,25,25,33,30,33,39,38,25,28,27,30,37,26,28,34,40,25,21,32,37,26,38,30,31,36,26,38,25,43,20,22,42,29,27,37,32,21,31,29,29,25,34,32,38,43,37,41,24,23,31,39,32,41,29,36,27,30,34,36,35,26,30,23,33,27,34,27,22,26,39,26,35,28,42,33,35,37,35,27,25,33,34,38,25,30,32,24,30,29,21,32,29,34,31,28,32,28,23,37,33,17,23,36,32,40,26,37,36,32,30,29,36,31,21,31,44,36,26,35,26,35,44,30,31,31,34,39,40,30,43,32,35,26,32,40,33,34,38,23,25,23,35,38,33,29,29,42,39,38,28,19,39,35,42,30,25,33,37,37,29,30,32,25,36,36,40,37,27,33,36,34,28,45,33,37,33,40,34,36,33,30,37,34,31,37,34,33,39,41,22,27,40,30,36,31,30,24,16,35,20,30,41,46,32,16,29,33,45,28,38,34,24,35,24,32,24,40,24,35,28,34,37,42,34,36,32,33,25,29,32,28,27,40,28,38,36,41,36,35,31,42,38,22,33,37,25,28,35,38,31,45,36,32,38,18,35,35,24,34,31,38,18,33,22,33,27,35,39,29,42,34,36,41,28,25,32,38,37,41,26,34,23,36,39,32,35,33,35,32,36,43,29,30,32,34,37,32,24,28,28,37,33,23,39,35,38,31,21,39,29,32,33,38,16,39,35,30,30,27,24,29,38,26,28,31,28,18,37,37,34,34,34,27,36,33,18,24,35,31,29,35,26,35,37,54,37,34,28,43,23,33,33,33,22,37,21,26,40,28,30,33,21,38,37,34,33,30,30,44,24,25,19,40,36,33,36,31,32,35,33,25,28,34,22,34,28,31,35,30,35,34,33,28,42,28,30,36,37,22,27,36,21,44,30,26,39,36,32,32,31,33,32,35,36,35,34,31,35,33,40,20,32,43,42,36,29,25,32,29,27,41,26,36,24,30,31,25,34,37,40,34,19,31,43,32,32,22,29,33,33,40,39,38,43,30,21,30,35,31,35,47,22,29,34,26,33,34,24,20,44,29,38,24,39,32,35,40,39,30,28,31,36,36,33,27,28,34,36,32,34,35,31,25,32,32,33,27,35,41,27,34,22,23,24,26,34,31,39,19,27,37,20,27,33,28,34,17,33,26,36,21,40,36,39,28,29,34,45,36,28,32,39,34,27,23,27,34,21,27,20,36,36,38,33,39,25,34,24,35,24,37,25,38,36,20,27,27,40,36,38,35,25,38,27,47,21,42,34,27,41,31,27,21,31,29,35,39,40,39,33,44,37,34,25,31,18,38,20,41,38,28,21,30,26,28,33,35,26,27,29,36,32,33,34,26,42,20,34,34,35,32,43,46,37,29,29,36,33,32,40
32,31,37,38,31,20,32,35,28,34,34,38,22,26,40,37,33,29,35,41,33,35,37,29,41,37,33,22,37,24,38,32,36,36,25,42,36,36,44,31,22,26,28,24,29,23,38,21,29,33,26,38,26,30,38,34,36,18,39,35,33,33,29,37,24,31,23,24,30,32,40,33,31,37,42,41,36,43,25,37,33,37,36,36,40,35,32,24,36,27,29,33,36,34,33,37,40,38,25,34,27,24,31,24,33,30,37,27,48,22,22,34,29,37,28,40,37,29,33,39,22,42,29,23,39,39,32,37,25,31,30,20,20,34,18,33,31,36,26,34,32,46,35,42,25,37,42,39,32,34,28,31,24,36,33,39,32,37,28,31,31,30,33,31,30,35,38,21,43,31,38,22,25,27,39,36,26,26,35,40,41,24,30,36,34,32,25,27,30,26,33,31,30,31,31,23,34,28,24,35,38,31,23,31,33,39,26,28,35,41,36,37,20,37,41,34,43,37,32,36,40,28,32,45,33,39,18,27,35,32,34,32,34,27,21,38,32,41,28,41,29,38,36,39,35,26,34,25,29,36,33,35,23,46,25,34,33,35,26,32,32,21,33,36,32,19,35,37,35,20,28,30,17,34,36,36,27,30,27,37,28,34,32,28,34,36,27,28,36,38,33,35,33,29,38,34,21,39,24,39,38,44,34,28,30,40,32,34,35,34,26,40,46,43,38,39,28,36,29,31,29,29,20,43,37,37,33,35,43,40,38,23,24,30,35,33,25,34,46,37,27,22,32,40,31,39,33,38,34,35,32,44,42,40,32,38,24,29,32,35,23,30,33,38,23,34,37,25,38,33,24,28,27,23,35,35,26,35,35,39,40,36,26,36,36,30,31,24,29,24,29,32,39,37,41,36,28,38,21,41,35,22,25,44,23,28,48,32,28,35,36,25,36,34,21,39,38,22,34,29,40,31,27,35,34,26,42,30,25,41,33,31,34,33,38,35,38,26,26,42,41,40,37,36,22,36,13,22,29,37,24,35,24,36,27,37,34,27,22,45,34,21,33,36,32,42,21,35,25,34,41,28,32,38,38,32,34,27,28,41,40,33,38,23,32,39,18,25,35,27,28,34,35,33,27,37,32,42,31,37,23,29,22,34,22,31,34,32,30,32,31,28,27,29,35,41,35,28,36,36,26,34,35,36,34,23,38,37,31,36,33,41,35,42,25,36,40,40,35,29,35,45,36,41,31,27,36,41,38,37,38,39,38,30,36,35,24,20,26,32,25,34,38,37,28,37,41,31,37,36,40,32,37,35,36,34,20,21,33,38,37,35,35,34,41,38,21,42,23,28,35,37,38,30,42,34,31,39,30,39,34,29,29,33,29,39,22,37,47,35,37,18,39,35,34,30,32,31,32,30,31,26,33,36,36,33,45,34,37,33,24,42,35,37,42,39,43,22,22,43,28,38,44,38,29,34,35,30,41,35,39,37,39,35,22,37,28,29,27,42,32,36,34,42,25,30,36,41,32,36,38,37,36,36,28,31,33,36,32,32,25,32,30,39,41,30,29,24,31,38,30,33,34,41,40,28,31,27,43,28,34,33,26,36,35,36,26,33,42,22,39,45,28,24,41,43,41,34,33,36,36,23,24,33,29,36,26,39,30,39,34,35,26,23,33,32,40,23,40,34,30,32,23,33,40,35,33,29,34,34,39,29,35,20,31,23,25,22,37,38,40,26,15,37,35,27,33,28,30,37,30,35,23,27,19,23,40,37,23,35,42,29,32,30,33,27,39,29,33,40,34,30,40,28,30,31,37,39,26,23,27,39,13,26,34,34,33,20,44,20,42,35,34,29,38,29,43,40,26,31,42,31,35,32,42,26,31,38,47,24,38,31,36,23,37,35,25,39,21,43,31,42,36,34,39,32,27,34,21,33,35,28,32,38,25,32,35,20,24,45,18,36,40,34,33,36,26,38,35,32,41,29,39,44,47,40,35,33,32,41,34,40,36,31,39,23,33,33,25,33,29,29,32,31,35,33,39,38,40,38,29,18,36,27,42,20,14,34,36,40,37,42,23,46,39,34,22,25,33,34,31,42,37,38,36,45,30,39,30,24,30,37,26,33,28,27,32,33,38,30,40,34,35,37,24,37,36,40,33,31,33,43,38,35,22,39,37,36,26,35,35,30,31,27,40,21,40,39,35,30,32,32,37,39,39,16,24,33,26,31,34,39,49,35,24,29,26,36,35,31,34,35,33,30,27,32,43,35,42,39
21,33,31,37,26,35,32,36,35,20,36,30,30,23,27,31,14,37,32,25,37,21,42,44,38,30,42,35,32,37,36,28,41,30,41,44,34,35,21,41,36,37,41,39,31,37,31,20,27,32,39,36,32,38,38,31,25,24,41,14,36,25,38,45,41,29,32,26,35,30,22,20,38,41,43,31,37,34,38,25,29,30,23,44,29,40,39,44,27,39,32,26,34,34,17,30,30,36,32,34,35,32,34,25,37,29,34,39,34,32,31,39,23,33,43,35,20,33,22,35,32,38,20,39,44,41,33,32,37,26,37,34,22,32,40,30,33,30,34,33,39,30,39,37,35,27,33,24,32,28,36,36,40,26,34,25,30,41,39,29,47,39,28,36,30,35,32,39,28,33,47,40,42,29,31,41,26,33,47,37,32,32,40,29,24,24,26,23,38,36,31,36,21,40,39,37,37,30,30,31,42,40,40,42,41,36,32,34,24,29,38,26,23,29,34,38,37,36,33,27,36,36,39,25,37,35,30,31,29,41,20,35,48,34,35,33,25,46,35,20,35,35,36,30,25,33,26,35,28,26,32,22,36,32,42,32,23,33,37,28,30,34,41,34,24,33,36,32,31,33,27,26,34,26,36,37,30,32,27,22,34,32,39,36,24,35,32,36,31,31,28,41,31,42,24,34,29,30,30,29,39,30,32,30,33,30,24,29,30,27,38,33,40,36,35,27,39,36,31,18,24,17,36,41,38,29,19,34,36,37,20,37,34,38,37,36,31,37,34,31,38,27,44,36,22,45,41,29,34,32,32,35,26,22,30,37,36,36,30,36,37,41,32,24,40,18,42,34,22,46,30,37,33,21,39,27,32,22,22,19,30,38,20,30,31,32,40,29,48,22,43,39,39,40,36,45,34,25,35,33,35,34,22,31,37,22,23,22,45,37,35,20,34,27,39,22,38,35,27,48,34,29,24,23,37,39,35,21,34,34,30,37,38,36,30,20,33,43,36,28,27,32,39,34,43,45,35,24,37,38,35,37,29,31,38,39,34,39,46,40,34,30,32,42,29,26,45,27,27,32,32,38,37,31,31,41,40,41,47,36,38,24,24,31,33,36,29,27,34,34,32,33,34,18,35,27,37,26,36,40,27,30,29,36,31,30,35,34,37,24,32,28,40,40,35,28,41,38,37,34,39,35,33,30,40,19,22,29,32,41,25,35,28,31,35,21,42,31,32,23,39,27,36,31,35,30,39,39,32,36,36,29,43,35,33,19,25,32,29,36,27,44,24,32,37,29,33,30,37,39,22,35,28,22,24,32,38,37,29,39,38,34,27,29,42,26,28,25,49,35,17,28,39,29,32,27,35,21,38,28,24,35,32,41,27,34,38,38,34,41,33,33,40,27,22,44,32,37,42,22,31,27,32,35,28,23,23,37,36,35,23,40,26,38,26,33,41,38,35,43,30,34,36,33,31,34,43,30,38,28,35,19,34,38,38,24,36,34,37,41,37,26,36,34,35,33,33,34,41,29,31,37,25,20,22,36,30,26,43,41,31,32,31,39,32,33,26,27,40,39,38,27,29,34,30,40,26,34,44,21,30,30,36,45,29,29,21,21,37,19,34,40,34,37,37,32,38,37,23,36,39,39,37,44,33,27,30,30,38,22,33,31,35,34,35,33,29,33,39,34,35,35,33,29,38,38,25,28,15,20,33,43,31,51,31,34,40,41,35,32,26,31,28,43,37,32,29,30,36,37,32,38,28,33,33,33,40,39,28,22,38,34,39,33,25,38,36,30,17,24,32,38,27,31,33,30,37,28,28,32,23,33,32,34,32,37,31,28,23,43,38,31,19,36,23,36,37,37,27,17,29,44,27,28,37,22,29,23,42,33,38,25,27,29,29,37,27,38,31,32,38,30,41,43,34,20,37,34,43,31,18,18,36,36,39,37,33,36,29,20,31,24,34,44,44,37,37,35,32,34,41,29,39,35,38,23,34,44,24,30,36,34,27,37,25,30,16,29,37,24,25,39,20,34,32,41,29,38,27,42,34,37,22,47,28,35,29,31,38,32,44,34,36,27,26,35,32,27,34,41,36,40,39,30,43,45,28,36,32,35,41,35,17,43,32,36,42,35,30,37,34,28,31,44,33,35,35,37,25,21,36,40,37,24,34,33,37,37,30,29,24,40,26,33,33,33,29,41,35,42,33,41,27,27,32,27,27,33,26,38,31,33,33,31,33,40,43,38,18,39,29,42,30,26,32,41,39,27,27,43
21,40,33,41,28,28,30,35,33,38,26,33,43,35,37,35,34,30,35,33,34,30,24,21,31,39,43,24,31,32,36,27,30,24,33,37,37,42,40,34,39,28,36,23,25,34,36,41,38,23,38,29,34,45,37,29,31,34,35,19,33,32,34,27,34,39,33,30,29,28,37,32,26,22,27,34,32,33,34,29,33,33,34,25,31,27,27,32,40,32,30,18,37,28,37,25,20,32,35,35,26,22,27,31,38,27,21,40,26,35,33,34,37,28,33,37,28,39,37,33,36,24,28,38,31,35,33,42,44,28,39,35,39,39,34,28,35,28,38,39,33,22,37,25,19,32,30,33,39,31,24,38,47,34,38,32,43,24,33,25,34,43,27,39,38,29,34,36,41,37,37,33,32,27,36,39,35,29,37,26,34,17,37,35,34,38,27,32,30,36,32,38,32,43,42,33,29,27,33,37,18,32,34,33,33,33,32,41,31,27,41,25,37,27,43,44,36,34,40,24,35,43,48,40,29,35,35,33,33,40,29,32,29,39,30,26,33,36,51,26,42,38,39,33,32,39,22,41,39,26,32,17,35,37,38,42,34,32,37,18,21,26,30,27,36,39,33,35,25,37,17,35,38,45,39,38,33,36,34,28,25,34,39,37,36,36,23,34,35,32,36,32,40,41,36,42,36,31,37,25,35,24,43,36,21,28,41,39,26,27,46,27,37,34,26,33,31,26,25,40,39,29,27,31,42,25,35,45,48,32,16,37,25,17,35,26,34,35,20,23,36,39,32,37,24,27,29,34,34,35,19,30,30,33,20,48,31,33,24,32,19,21,35,31,24,31,23,28,33,41,32,31,37,35,32,32,32,19,29,37,37,31,26,37,30,36,38,27,25,34,37,24,28,35,35,23,36,32,40,33,30,35,45,29,27,39,32,35,33,26,42,40,40,29,24,38,28,31,37,29,36,36,37,19,46,36,37,37,31,33,36,22,29,36,28,31,33,34,36,31,30,26,44,30,25,37,39,26,33,25,29,38,40,30,44,43,34,33,32,37,25,34,28,35,24,44,43,31,25,26,30,37,36,28,18,32,33,30,40,28,27,34,26,32,24,40,28,33,36,36,43,18,36,38,42,29,26,27,20,26,45,44,36,30,28,31,39,35,41,35,36,29,30,42,33,32,29,22,23,26,30,36,25,33,24,36,20,29,36,26,25,30,39,33,29,34,34,34,28,35,26,31,45,31,31,31,31,32,36,42,36,32,41,32,29,32,35,40,35,21,24,35,40,21,35,39,37,35,44,45,34,28,29,31,33,36,31,34,24,34,44,30,25,37,43,22,40,31,36,28,24,32,25,33,31,31,38,33,33,38,16,42,29,26,27,41,37,26,23,17,33,41,35,37,28,27,17,32,35,29,33,33,31,39,28,29,41,50,22,38,32,23,26,27,33,28,31,35,36,28,30,41,33,21,38,34,22,24,36,37,33,33,28,33,42,32,34,42,39,29,40,30,34,36,36,32,38,20,42,37,31,29,27,37,29,33,35,34,31,43,35,34,43,25,31,37,25,38,41,32,41,37,35,40,34,36,37,34,34,38,36,32,37,35,27,26,31,27,20,45,37,39,35,20,38,34,32,26,38,46,35,31,35,35,37,22,29,42,20,39,39,23,32,36,24,29,27,28,35,32,37,24,37,36,25,37,32,36,32,31,30,28,37,34,30,37,37,44,31,39,30,32,32,25,26,39,44,32,34,35,34,38,41,36,31,35,25,40,34,19,30,43,42,28,31,23,22,28,36,22,20,32,34,32,44,32,34,25,39,33,23,30,33,28,39,34,38,36,22,34,34,32,31,41,37,40,42,23,29,35,40,31,23,27,38,30,36,37,24,48,29,24,30,37,22,35,40,50,39,37,38,39,27,38,40,36,33,39,26,35,39,36,45,28,34,38,31,32,40,22,44,38,17,32,19,35,34,30,33,38,37,40,31,29,29,24,36,38,25,30,26,38,37,24,35,39,38,30,38,36,25,38,35,36,31,31,40,19,37,37,28,29,24,36,31,30,34,27,34,21,21,29,28,23,31,37,38,37,40,38,27,31,29,28,38,41,33,35,44,22,27,41,36,34,33,22,43,23,33,37,36,31,34,38,37,39,25,25,35,34,21,35,40,35,37,37,32,33,36,36,40,35,32,40,31,25,32,37,35,26,31,33,38,28,29,39,24,34,36,32,40,34,35,30,35,30,27,34,23,38,42,34,39,33,27,31,41,38,33,37
42,32,19,31,40,39,35,36,38,30,26,30,32,33,38,28,30,34,34,42,29,32,34,21,32,32,31,39,20,28,38,24,35,32,33,29,41,36,24,27,39,35,35,40,39,34,30,26,30,38,43,19,22,26,44,31,24,34,34,35,12,35,31,34,40,33,18,43,30,38,28,39,27,38,31,45,24,22,34,35,28,30,29,41,33,24,27,34,31,34,39,34,30,34,30,22,21,42,42,35,35,41,34,33,33,36,26,38,39,19,35,29,35,32,21,32,37,42,26,33,29,36,25,26,30,32,33,24,35,25,32,27,36,46,24,17,39,22,29,28,35,28,35,34,28,17,33,35,36,30,27,41,39,34,38,35,32,26,37,46,37,42,34,43,35,43,31,34,40,37,20,28,37,33,35,25,43,24,37,25,34,38,38,32,30,31,31,28,29,34,40,38,35,32,34,34,23,31,16,40,25,30,34,22,39,40,38,28,28,21,27,27,33,34,36,35,45,36,23,37,31,33,20,28,42,27,25,22,28,29,23,29,37,21,27,27,31,22,39,41,30,32,33,21,19,34,34,29,26,35,36,33,30,31,27,29,36,26,25,25,19,33,44,29,37,39,34,38,38,36,38,39,34,29,19,28,23,34,27,33,35,29,39,42,33,23,41,24,19,38,25,26,25,33,38,18,33,30,16,32,44,36,38,27,29,49,41,22,36,38,31,28,21,33,23,30,36,25,39,26,28,45,40,35,34,27,31,35,24,34,32,31,28,26,31,34,37,34,32,41,22,26,33,38,25,35,39,29,30,33,17,35,34,37,37,42,30,30,38,29,34,26,34,39,27,42,23,27,24,26,28,35,34,38,38,42,33,32,35,37,48,29,36,45,34,33,35,16,34,38,40,41,29,19,23,38,25,36,38,30,42,28,39,30,29,33,34,35,36,39,35,40,32,29,36,26,29,30,33,22,37,36,32,34,33,31,28,35,42,28,34,33,39,38,42,31,30,33,18,31,30,35,37,40,35,41,28,31,42,23,30,27,33,38,22,30,27,34,40,17,29,44,29,33,39,18,43,32,32,20,37,34,22,27,38,38,35,36,33,37,20,35,22,36,31,28,23,33,36,36,21,30,34,37,36,37,25,34,36,37,28,28,32,23,34,37,39,36,34,32,42,36,23,41,40,19,26,42,39,31,37,22,33,40,35,33,24,38,18,29,40,18,38,42,36,20,43,27,29,32,40,30,21,40,32,20,34,34,28,36,14,30,32,28,41,36,30,39,26,35,31,28,45,35,36,32,23,27,33,40,32,20,46,33,37,32,38,31,24,39,31,39,39,33,32,34,36,36,37,29,26,29,24,31,25,40,34,24,37,28,42,20,42,32,23,39,44,22,43,28,36,39,23,34,36,36,25,24,25,30,31,37,42,38,37,25,38,28,40,24,25,24,39,37,39,29,31,37,29,29,27,39,15,36,42,26,34,40,23,25,33,33,29,25,25,28,40,40,34,39,25,35,36,30,31,39,23,42,31,43,38,31,35,30,40,40,22,29,41,31,28,35,46,37,25,27,28,32,38,28,41,40,29,34,28,44,37,44,23,29,36,36,33,40,27,37,23,31,36,29,22,37,29,35,38,31,33,19,34,39,29,35,36,40,27,29,33,38,28,40,34,28,38,34,40,37,33,46,42,35,34,39,41,31,41,40,35,37,33,32,37,23,37,29,31,33,39,37,41,25,21,34,35,29,39,32,35,26,23,41,42,31,37,45,37,27,33,39,32,36,23,29,34,33,30,19,38,32,30,43,32,31,38,37,35,34,36,35,37,34,42,28,30,34,37,36,38,32,19,41,25,37,28,32,33,34,32,25,35,25,40,35,30,30,26,25,24,42,36,30,25,26,26,35,35,33,31,36,26,27,32,29,37,25,21,21,28,33,28,35,33,25,32,27,26,40,30,35,35,28,34,37,40,35,36,30,28,36,36,21,27,36,30,30,25,31,30,27,33,44,23,37,39,33,32,40,28,35,32,30,42,32,37,34,32,28,34,24,36,46,25,38,35,28,41,26,21,21,39,28,32,38,30,32,27,41,33,18,30,17,21,33,24,26,39,37,36,33,38,35,30,42,23,39,26,37,50,40,25,38,36,37,35,30,33,35,37,34,35,36,39,18,29,35,44,21,31,27,28,35,34,29,32,16,31,36,38,34,32,35,37,35,39,35,31,31,35,31,35,29,31,21,43,24,25,40,28,23,29,23,33,38,22,32,29,35,31,25,38,30
26,28,28,30,32,37,42,27,30,32,38,25,34,30,25,16,35,38,22,43,46,36,34,19,37,33,29,29,17,26,43,43,38,36,31,32,19,33,28,45,35,42,29,25,22,28,25,35,32,35,41,28,35,34,27,30,42,35,28,42,26,19,26,33,17,38,35,35,33,41,36,25,34,31,37,24,34,24,37,35,37,35,35,30,31,32,41,27,28,25,35,43,35,43,23,37,32,37,36,27,24,29,37,20,39,39,24,36,35,44,35,29,32,47,22,36,36,41,37,33,31,33,23,35,30,38,27,40,36,34,27,34,36,30,33,39,44,33,37,31,33,36,33,37,23,38,24,32,33,26,37,30,40,19,40,17,35,34,27,41,36,29,33,25,28,36,29,27,46,15,36,40,35,39,30,36,37,38,28,27,24,35,31,31,31,28,33,26,25,38,24,35,47,31,31,17,35,29,34,26,35,41,29,34,39,32,21,26,32,32,27,33,18,26,39,34,32,31,35,35,32,33,39,41,29,34,40,36,39,34,42,40,44,34,18,42,35,28,41,35,38,30,37,44,39,32,38,30,38,24,32,30,37,39,20,44,39,35,35,40,23,39,21,36,27,27,32,42,35,36,32,25,39,30,20,37,30,41,38,24,36,31,29,25,31,36,36,40,33,35,38,33,30,26,45,21,32,35,34,35,34,28,35,34,38,26,25,30,42,29,33,44,26,36,32,28,33,36,37,38,21,32,35,29,34,31,29,49,39,31,37,33,40,34,25,33,37,32,38,26,37,39,34,19,21,33,33,40,38,24,41,31,40,30,28,32,38,19,32,29,25,32,31,41,37,36,36,30,35,31,22,28,45,31,33,35,31,33,33,43,41,28,36,31,30,39,35,27,34,33,40,25,33,32,23,32,41,39,36,34,15,34,25,35,42,33,44,33,37,34,27,40,35,27,32,29,36,41,31,27,38,35,23,36,31,23,30,36,33,33,39,36,32,36,23,29,34,24,37,36,34,24,42,33,31,34,33,36,38,26,33,41,25,28,21,21,22,38,33,31,41,35,40,34,43,29,23,35,37,33,23,29,30,31,29,35,39,35,35,39,14,38,22,34,30,36,42,36,36,29,30,25,37,32,32,36,28,37,33,34,37,45,35,37,24,34,36,22,26,37,29,24,37,36,41,28,30,38,31,32,28,22,45,26,42,34,32,41,31,32,34,28,36,23,38,35,29,30,29,37,41,34,33,29,32,34,39,34,38,28,32,41,32,37,30,36,27,30,26,34,31,32,37,36,32,25,27,34,27,24,30,36,37,36,37,33,34,28,36,36,19,24,36,20,42,28,24,35,27,32,27,33,31,31,36,24,17,34,37,25,20,30,37,39,38,36,23,37,34,38,31,39,29,34,20,25,30,42,30,27,33,24,35,30,32,35,32,30,34,22,30,22,38,35,30,34,38,40,30,27,43,22,26,31,17,33,28,21,36,28,33,32,43,30,36,39,38,33,34,34,29,27,24,29,20,40,34,34,24,33,32,36,42,36,33,32,35,35,32,29,34,35,22,37,29,28,29,29,32,30,26,25,30,38,26,41,44,30,38,39,36,38,42,20,35,26,27,33,40,28,23,26,33,37,41,30,40,39,42,38,19,31,23,26,20,33,26,41,34,17,39,32,24,22,41,37,17,42,34,33,36,41,27,41,30,27,38,32,33,22,32,30,33,37,34,26,25,23,29,23,27,22,34,32,41,39,24,27,23,30,20,33,34,31,20,41,29,43,31,30,29,28,35,33,26,21,32,31,36,39,39,19,35,34,23,38,24,36,42,29,33,28,35,25,38,26,39,27,34,33,32,47,33,38,34,25,37,33,25,34,32,30,35,22,46,37,35,38,30,24,35,33,27,25,36,33,36,38,41,37,37,41,36,39,33,32,34,33,25,27,40,37,30,38,35,15,27,35,33,32,22,26,31,37,31,29,33,32,23,34,37,28,28,29,36,36,40,16,17,37,45,28,26,38,38,36,33,27,36,36,27,31,38,18,22,38,30,34,39,28,37,30,27,41,34,24,29,33,36,41,27,37,34,30,30,41,37,18,33,38,30,40,33,37,32,33,39,40,39,20,28,34,34,35,30,28,31,25,37,38,36,35,31,32,35,20,43,34,32,31,43,27,34,40,20,36,27,39,40,30,29,23,25,42,28,45,29,25,40,28,40,35,34,18,35,25,38,35,34,29,30,36,31,35,32,29,34,25,33,32,35,42,35,37,39,25,39,31,38,32
34,31,29,34,23,28,36,37,35,43,36,31,27,31,35,39,26,34,39,32,32,19,24,27,29,33,36,33,40,46,31,34,38,42,37,42,28,35,33,35,26,26,36,40,19,40,21,32,37,33,40,35,38,27,29,35,27,36,27,38,33,36,35,24,23,41,25,39,32,31,32,33,18,33,40,43,36,34,38,25,33,39,37,42,38,36,29,47,38,33,43,24,43,38,22,31,26,35,36,30,31,45,32,33,42,29,43,34,39,32,26,25,32,41,41,31,36,28,39,23,21,33,29,32,36,35,29,32,47,31,37,37,36,36,33,35,37,35,32,37,40,33,26,18,16,31,32,39,32,38,37,32,39,29,28,26,30,33,36,35,29,31,34,29,37,37,22,31,40,40,35,33,27,43,34,35,32,26,33,29,28,41,27,36,34,31,33,32,32,38,17,22,36,34,34,33,29,40,37,37,31,35,30,36,35,32,35,31,31,41,30,39,34,38,30,35,35,41,25,39,39,22,37,25,46,35,27,28,24,39,13,22,35,35,31,34,24,28,33,30,41,31,33,23,48,24,32,36,34,40,41,39,24,37,41,39,33,38,32,40,45,39,38,19,28,48,25,19,33,35,26,48,29,30,34,36,43,23,25,30,29,42,28,39,25,25,40,38,34,29,36,19,26,36,30,26,31,29,49,34,31,38,31,41,36,27,38,35,22,34,45,27,37,36,24,31,21,41,15,39,35,37,36,16,23,31,27,34,35,34,26,29,24,34,31,34,40,31,33,37,33,33,29,31,24,34,22,35,30,36,39,45,42,27,32,33,30,35,36,33,27,37,34,30,42,24,21,45,28,18,36,32,31,34,34,26,31,43,34,33,35,30,35,32,33,27,38,28,37,27,24,29,38,21,24,35,34,31,25,37,25,29,29,28,24,34,18,17,37,31,31,35,40,40,33,33,34,26,25,42,39,38,31,26,28,26,31,23,40,36,33,19,35,21,34,36,24,38,30,38,24,46,27,35,19,39,31,38,30,31,33,30,38,33,32,21,26,45,23,33,38,39,37,34,32,23,46,30,36,41,37,26,27,36,34,38,40,31,27,36,25,32,36,31,23,27,42,33,24,29,37,25,30,37,27,45,37,31,34,40,24,26,36,37,37,30,26,38,33,39,25,39,40,39,32,21,22,25,36,24,23,30,19,33,34,36,40,30,36,34,40,47,36,32,28,25,30,39,31,40,38,40,44,35,35,32,54,38,33,33,32,21,38,29,28,40,24,34,21,35,33,34,21,35,33,39,35,19,30,30,40,32,27,20,41,28,29,39,38,40,26,26,30,35,27,45,44,38,35,30,33,44,32,25,37,42,35,37,37,30,40,36,36,22,37,36,26,21,24,42,21,33,38,36,39,36,37,38,31,37,17,32,26,33,34,31,36,35,22,25,27,38,25,32,30,28,43,38,38,32,31,25,22,43,23,41,34,21,37,28,28,31,36,32,30,31,33,33,28,36,28,31,35,36,38,42,27,37,34,21,41,37,35,32,34,23,38,36,32,41,34,24,26,39,30,40,38,23,39,39,30,29,37,38,28,38,18,25,27,20,31,33,24,22,25,30,25,32,18,23,30,27,36,47,23,26,22,40,12,42,23,24,42,34,33,30,30,34,22,32,38,23,31,35,37,44,27,25,32,18,47,36,38,36,33,20,31,28,22,35,22,28,32,21,35,25,28,31,34,38,25,31,39,23,28,40,33,27,34,38,34,32,22,46,23,27,37,41,26,35,35,35,35,29,33,39,41,40,42,39,36,29,35,21,33,29,30,30,31,27,34,38,26,33,44,26,36,23,38,34,25,33,36,37,22,25,33,37,37,33,28,26,51,35,33,36,23,27,23,20,34,36,35,40,32,35,29,17,29,25,25,32,46,40,33,38,29,37,37,36,37,33,24,29,35,38,25,21,33,31,44,35,24,25,39,41,38,35,38,38,37,24,29,41,32,34,18,37,25,29,47,35,31,23,40,39,29,33,28,33,23,18,35,31,28,23,28,25,22,19,36,30,31,31,40,41,42,36,30,34,34,29,34,36,38,28,30,28,33,32,34,43,40,32,40,36,34,30,19,34,41,26,24,36,37,26,34,46,33,26,29,29,25,40,43,34,31,37,20,25,37,26,46,27,28,32,37,41,28,32,28,33,30,26,25,39,42,33,29,28,36,42,33,22,39,29,33,23,45,36,25,25,33,20,29,30,43,36,32,28,38,37,31,37,38,33,43,31,36,34
32,25,29,33,31,38,40,19,31,31,39,37,39,39,26,32,25,18,32,37,33,25,31,23,28,30,32,31,29,41,35,33,22,31,25,28,39,29,36,36,31,23,23,32,32,32,42,40,44,30,52,18,24,38,38,17,40,23,33,40,35,34,32,30,36,34,35,36,35,39,24,31,36,43,22,25,24,45,35,30,41,37,40,35,21,45,18,30,33,28,31,29,41,26,25,42,28,40,24,37,30,43,33,34,27,24,24,38,32,33,35,28,32,43,32,29,31,35,31,32,36,26,26,21,32,28,33,34,41,39,35,42,29,26,33,38,41,26,37,37,34,29,22,45,39,37,35,29,27,32,32,26,38,30,42,23,35,29,21,42,42,40,36,25,29,39,40,32,38,19,45,30,39,29,31,25,25,28,32,39,27,35,44,27,34,37,26,45,29,26,32,40,35,28,34,34,36,28,37,19,35,31,34,33,26,31,28,35,36,27,25,34,46,35,40,19,34,50,42,38,39,39,35,26,30,28,33,36,33,31,41,38,31,35,32,31,31,32,34,31,24,46,32,37,34,30,29,26,35,17,36,36,32,41,29,30,20,31,32,40,38,39,36,31,44,21,32,33,31,29,37,35,32,22,38,41,44,28,18,31,23,25,35,36,26,38,37,28,35,42,24,35,34,39,41,24,28,38,32,36,28,32,35,36,34,23,28,43,30,31,33,36,39,31,27,30,29,37,37,35,35,28,17,36,35,24,38,26,29,39,37,28,43,29,35,39,33,33,27,37,28,31,31,32,35,37,37,27,41,26,38,38,38,37,36,36,42,22,35,29,36,37,23,31,27,34,17,31,31,28,24,31,43,34,38,22,33,21,27,36,39,34,38,30,37,26,41,34,42,23,40,25,40,41,30,32,37,33,32,20,30,36,20,27,30,44,28,40,29,36,40,34,24,35,26,33,34,38,37,35,34,46,29,35,28,34,31,22,26,35,29,27,41,34,35,35,36,30,33,19,33,33,39,40,31,39,45,46,32,32,19,33,35,40,39,36,33,16,35,35,33,34,36,31,39,29,31,34,31,22,26,34,23,47,33,28,42,17,30,33,29,35,36,30,37,38,34,46,14,28,25,39,20,43,22,35,37,30,28,40,27,30,31,34,37,35,42,33,34,35,26,30,38,41,28,31,25,33,30,40,24,30,32,37,31,38,38,39,20,45,39,33,25,26,32,30,39,38,43,26,31,30,35,40,26,42,30,28,38,41,36,38,29,33,36,29,44,23,30,29,34,33,30,30,22,28,39,26,35,27,32,23,21,27,35,21,40,34,29,33,35,28,25,40,39,38,22,39,20,30,35,27,32,26,38,22,40,34,26,30,34,23,35,41,33,23,37,31,35,36,23,28,34,42,38,34,37,30,33,37,26,35,27,33,22,37,32,20,35,30,36,31,21,29,27,37,23,28,32,37,31,28,35,27,28,26,26,36,23,33,36,25,28,36,39,43,44,22,24,33,23,27,32,26,35,35,33,29,30,31,32,22,43,42,32,25,35,40,42,22,22,37,34,37,42,32,32,38,29,35,29,34,34,36,35,34,16,46,30,33,33,25,30,30,42,27,22,41,32,21,35,37,31,39,31,48,37,34,23,24,33,40,39,38,33,41,30,38,28,38,36,38,31,20,41,35,31,45,42,12,34,32,26,34,44,26,38,42,36,33,21,38,43,30,36,39,39,38,35,30,35,34,22,34,35,28,21,30,30,23,39,24,23,18,33,39,25,16,38,36,38,24,33,33,27,42,39,33,34,33,21,32,37,35,33,24,26,28,37,30,31,35,36,35,28,23,37,38,34,38,28,20,29,37,31,45,20,41,23,21,39,34,39,39,26,45,21,29,30,35,37,26,36,43,33,33,19,35,26,35,37,32,21,33,22,33,32,44,36,35,38,36,31,25,35,36,24,37,19,34,34,12,38,22,35,27,28,28,28,32,21,27,35,34,36,36,40,26,35,38,34,33,36,19,21,24,24,31,30,33,39,36,31,33,27,23,23,25,22,28,21,24,33,37,17,30,38,31,22,35,46,40,25,37,38,38,30,39,41,37,15,38,22,22,42,19,37,38,41,39,31,34,33,35,22,33,32,25,37,24,38,25,31,35,40,24,35,35,27,31,30,36,39,24,38,38,34,18,33,22,44,32,33,30,30,38,27,22,39,26,21,42,34,36,30,33,33,26,39,30,26,25,30,36,35,21,31,46,32,25,30,23,33,39,33,27,26,35,36,29
33,41,37,39,33,30,29,41,39,22,33,38,36,33,38,23,22,34,34,41,38,27,32,30,35,32,38,30,27,32,33,31,23,35,33,29,23,37,25,20,33,38,30,31,44,36,35,26,35,37,23,40,43,25,33,35,29,33,32,32,25,35,28,45,46,33,31,33,35,43,24,26,23,33,38,26,36,45,36,38,37,43,32,29,31,21,22,36,24,38,36,40,37,27,32,12,43,29,35,38,37,38,32,38,25,38,28,18,37,43,41,31,30,34,51,33,36,25,41,38,32,35,27,38,24,31,41,36,28,41,30,32,30,26,24,23,44,45,27,23,43,28,40,22,34,47,29,36,36,33,29,32,28,31,29,38,29,37,34,36,25,18,25,29,35,28,37,29,31,36,35,28,34,39,36,29,31,31,39,37,32,27,30,33,36,32,32,46,37,39,28,36,20,38,35,38,34,31,32,33,43,25,36,37,37,37,36,30,33,34,25,38,36,31,30,28,36,38,22,29,31,20,32,37,34,25,31,17,40,41,35,23,26,32,36,36,30,32,33,35,27,29,40,37,27,38,41,37,27,38,36,29,33,35,36,23,34,41,30,29,40,46,38,39,43,15,35,30,29,30,32,24,38,37,26,35,31,31,42,45,35,37,37,37,33,25,24,35,19,37,39,41,33,26,36,31,20,34,28,29,32,31,39,35,40,25,38,32,34,38,43,26,26,24,26,37,32,37,25,33,29,29,24,37,39,26,33,36,28,35,33,37,31,36,26,48,38,28,34,27,26,28,40,34,30,31,23,50,21,37,24,36,23,29,29,43,29,37,27,32,35,34,30,31,40,27,35,41,40,33,39,39,33,31,18,25,35,30,30,37,24,35,28,33,30,36,25,25,27,25,42,35,34,31,38,38,30,41,38,36,32,30,34,40,36,35,39,22,29,21,32,34,40,37,29,35,34,39,21,34,23,25,36,33,36,26,35,29,34,30,30,30,24,23,31,42,38,32,32,24,30,18,34,29,26,35,33,24,30,41,22,42,37,37,23,27,36,40,22,22,36,27,20,37,32,32,37,45,40,38,33,31,22,37,34,31,32,23,23,31,25,27,30,20,32,28,29,38,44,20,35,28,30,25,29,42,32,19,27,25,37,30,28,23,34,23,36,23,45,19,33,30,35,35,36,41,34,28,22,34,27,39,27,35,32,22,36,39,35,22,34,28,34,36,34,34,42,38,31,34,38,37,36,17,35,35,41,27,28,29,45,38,30,21,38,32,38,44,33,21,28,26,25,40,34,31,26,41,36,43,43,35,25,37,27,28,37,32,24,21,22,28,35,38,33,21,39,37,26,42,34,40,38,32,32,27,26,34,36,35,40,32,48,30,43,37,39,27,31,25,36,28,26,36,38,30,29,34,40,29,38,28,34,27,35,36,39,21,22,21,47,28,30,20,37,26,36,30,39,43,29,34,33,34,23,30,31,43,44,24,21,38,38,35,25,37,35,32,26,33,37,31,24,33,41,37,29,29,36,43,34,34,31,32,26,39,40,32,26,36,40,20,24,41,36,41,31,38,44,36,28,19,48,37,28,20,36,35,41,23,37,27,33,40,20,30,34,33,37,40,37,34,17,22,33,38,29,28,36,23,28,27,41,41,31,41,38,28,28,31,37,39,38,36,24,31,26,32,32,44,28,29,37,40,45,33,33,42,36,24,33,46,40,31,33,32,31,32,41,30,31,35,37,36,26,41,32,31,29,19,26,30,41,29,36,33,19,32,22,19,38,28,34,39,25,36,37,31,39,36,26,37,32,19,34,33,38,35,41,29,37,26,34,32,37,30,21,27,25,38,31,28,34,42,31,32,21,23,44,40,37,27,35,19,33,19,34,32,36,38,25,24,26,23,30,22,33,23,31,43,25,40,40,23,34,31,34,41,29,23,33,27,49,24,45,36,39,31,34,27,38,27,35,36,29,35,26,32,27,30,39,33,21,31,34,38,35,35,31,31,34,37,39,40,38,28,31,40,39,26,30,43,41,25,37,31,34,28,39,34,32,25,32,27,34,31,29,29,31,31,35,31,29,32,33,47,40,28,32,40,28,28,42,34,32,40,38,43,34,36,30,30,28,36,34,22,28,34,40,33,32,34,30,35,39,22,27,31,38,32,34,41,31,29,35,32,35,41,38,32,31,41,34,37,16,21,34,25,36,41,35,42,31,41,36,39,32,36,35,34,29,38,28,43,33,37,34,29,19,46,40,40,43,22,23,36,21,29,32,35
35,32,35,42,39,37,37,40,32,43,30,35,47,30,35,30,43,33,33,36,36,23,18,32,28,38,27,23,29,33,34,31,28,24,30,41,25,30,17,25,41,36,30,27,28,40,29,30,28,35,13,39,33,44,27,34,32,45,23,30,34,30,23,34,31,25,25,37,36,40,35,33,33,39,32,34,43,32,28,28,27,25,33,36,40,37,47,21,41,21,28,35,34,29,38,35,39,30,35,34,33,30,28,29,32,35,30,36,32,43,29,36,29,39,41,34,26,35,31,20,38,29,32,38,38,36,37,25,38,33,38,36,26,37,39,28,40,20,32,36,37,34,37,35,39,37,25,38,32,30,26,32,32,26,27,38,33,33,35,29,29,41,43,39,30,38,44,33,45,27,38,40,29,29,42,30,26,36,31,31,22,25,23,47,40,38,33,26,27,37,35,30,26,34,32,27,22,28,22,30,33,37,32,17,39,34,34,37,37,30,39,33,30,33,32,23,26,24,38,24,34,27,37,29,41,36,37,33,43,41,32,35,17,29,41,23,35,35,35,39,39,38,42,26,24,39,38,32,38,43,23,33,34,25,25,35,28,34,26,25,41,25,32,32,23,29,25,36,30,30,27,37,32,22,33,42,30,38,33,36,32,32,42,23,32,32,39,31,41,32,35,33,40,24,21,35,36,40,36,21,36,35,25,32,37,22,34,32,35,39,34,34,38,29,34,40,36,37,24,27,35,33,26,24,25,28,33,32,36,27,39,35,31,37,35,39,33,31,45,32,37,37,22,47,36,38,37,33,31,40,28,46,43,34,22,39,26,37,38,37,37,39,22,29,35,31,32,28,38,27,39,30,15,43,40,32,41,37,22,34,42,26,38,40,33,36,27,30,39,29,34,44,20,19,25,25,35,48,38,28,20,26,35,35,49,20,32,39,39,36,38,35,37,30,38,35,35,39,28,37,28,36,31,30,36,23,25,36,30,18,30,43,33,32,34,54,23,35,49,46,32,25,34,33,23,38,23,39,19,23,42,38,29,16,30,34,32,33,28,28,27,39,37,31,39,36,37,30,37,35,35,25,31,46,37,38,40,33,35,42,31,37,26,26,30,34,29,35,34,27,33,32,30,39,37,32,32,35,35,39,45,42,32,39,33,27,37,42,28,18,36,34,32,36,37,36,33,22,26,34,29,41,40,36,19,35,39,26,25,29,32,38,26,23,36,28,33,26,42,36,31,21,33,22,30,32,39,25,33,32,24,29,45,31,21,21,30,38,34,34,28,34,28,31,43,30,30,31,26,34,36,36,36,42,28,36,34,24,32,23,35,39,39,29,31,37,26,16,19,26,42,37,26,40,35,32,24,38,33,38,41,25,36,36,27,28,29,32,36,37,37,30,43,30,32,36,38,28,28,22,27,27,34,28,22,32,37,42,37,32,21,35,26,39,34,42,42,32,27,26,39,35,51,32,36,37,27,39,24,24,20,35,35,31,36,31,30,28,31,30,31,46,30,25,39,42,39,32,35,36,39,40,28,40,27,36,23,35,35,29,36,17,35,31,24,34,23,19,23,39,34,33,35,43,38,28,27,31,32,35,37,19,37,29,36,41,38,27,22,19,35,34,28,29,35,26,36,36,38,24,26,38,34,37,33,37,35,22,36,20,36,31,32,37,31,24,25,41,32,37,21,25,37,30,27,33,28,28,36,34,39,32,33,41,28,38,31,30,25,42,39,36,34,28,40,39,45,34,26,25,31,21,27,38,29,39,32,39,37,35,39,20,40,35,32,29,29,28,44,44,22,23,26,32,32,40,33,37,29,31,34,41,29,34,29,37,31,31,25,31,39,38,26,37,45,32,37,40,36,41,26,38,26,23,32,39,41,35,35,40,30,35,32,23,38,32,35,39,47,31,36,36,35,37,31,40,29,30,32,36,37,29,23,34,37,27,29,44,28,31,31,32,26,33,37,34,40,32,27,23,31,29,23,25,25,29,22,23,32,37,38,36,34,32,29,37,41,29,27,31,36,46,34,42,39,24,35,30,38,43,48,32,34,35,23,43,33,36,34,42,36,24,21,35,36,24,33,29,39,33,28,39,34,23,31,24,40,28,32,35,24,27,34,26,41,36,28,23,32,39,35,39,32,24,40,26,33,41,15,19,34,35,43,36,20,20,33,37,30,40,25,22,38,40,36,37,31,32,34,39,38,26,20,41,26,37,26,43,35,41,27,34,36,33,31,31,36,33,40,39,39,34,38,36,39,29,29,31,32,25
17,38,38,27,33,34,39,37,37,30,26,36,35,28,30,27,35,33,33,35,24,42,29,37,37,28,27,24,36,27,32,33,26,42,26,41,21,27,30,26,26,18,40,32,30,22,19,31,37,35,28,38,37,25,18,38,29,31,37,35,36,34,44,34,38,37,41,30,33,27,25,34,28,13,24,31,31,38,24,31,29,40,31,22,40,30,35,39,27,28,27,38,36,36,27,36,43,30,35,37,30,34,30,37,35,36,37,33,37,38,33,34,28,42,38,35,36,35,30,48,28,37,36,39,27,44,27,42,31,28,38,27,25,33,33,41,17,36,41,44,26,40,32,31,33,22,40,24,34,30,21,34,33,31,28,40,29,35,44,38,26,38,31,31,33,33,29,29,33,39,32,27,29,38,36,22,29,19,39,26,33,34,38,32,31,40,28,33,23,30,41,31,25,37,34,38,33,43,31,45,40,35,44,25,24,28,33,29,36,41,35,31,29,41,32,41,35,27,35,32,31,39,34,32,32,30,41,36,33,40,36,36,25,32,22,39,31,41,33,35,33,32,13,26,37,36,43,34,32,33,40,34,33,36,32,44,25,18,33,38,25,18,35,31,16,21,33,38,35,36,37,31,28,41,30,21,17,29,35,23,24,22,36,40,41,39,25,32,34,35,32,34,32,38,35,39,30,22,41,35,42,28,44,21,36,42,36,19,35,31,39,27,31,23,40,38,30,28,25,33,33,36,38,30,38,15,28,36,37,25,24,32,35,29,30,27,36,28,36,31,29,31,30,30,33,40,28,29,27,26,40,22,32,32,33,25,28,32,38,21,25,29,38,36,38,43,39,32,31,33,39,28,37,34,34,41,29,39,36,33,36,41,21,19,39,34,39,19,37,24,39,29,25,39,36,39,32,31,41,27,25,28,34,36,37,34,42,20,36,35,37,31,33,40,34,36,22,37,38,39,22,28,30,40,34,35,32,32,37,43,31,34,31,34,34,32,39,33,40,22,29,34,32,39,35,34,31,39,30,25,35,30,19,34,27,39,39,37,36,35,34,27,30,37,26,33,40,29,40,27,37,24,46,38,16,39,31,22,29,42,20,38,27,34,29,38,47,36,23,25,35,31,27,30,41,25,17,37,31,37,40,25,32,33,33,37,30,37,27,33,39,32,34,26,31,41,26,32,41,24,36,35,30,34,41,42,37,23,39,22,33,42,37,40,29,38,42,33,33,24,27,40,34,40,27,29,39,36,31,42,33,27,28,18,42,48,27,29,36,40,35,26,33,29,38,35,37,30,34,34,40,36,32,37,39,37,29,29,23,39,40,34,31,30,37,35,34,38,19,40,29,42,35,26,24,33,28,37,29,37,33,38,25,37,37,35,34,39,32,37,18,32,38,42,33,32,40,36,31,35,28,37,25,34,43,32,28,21,32,32,38,42,32,42,41,30,28,32,38,31,33,30,29,35,40,35,29,29,38,32,35,36,23,33,26,36,19,30,26,29,36,30,27,32,25,30,33,33,30,22,33,25,39,44,31,40,22,30,35,37,33,23,33,37,39,34,44,34,32,28,25,31,31,27,26,27,29,31,34,34,40,23,33,35,34,37,35,38,33,35,40,26,18,40,33,48,43,26,38,32,35,39,33,21,38,33,42,19,26,30,33,33,24,35,35,34,31,24,39,23,40,33,31,25,35,35,38,29,44,27,36,26,41,25,40,30,32,28,43,19,35,47,32,31,26,34,34,24,37,41,33,26,38,38,37,39,38,22,25,21,38,41,26,37,30,32,33,37,40,21,28,47,29,37,20,36,41,29,35,33,34,37,25,38,28,45,35,31,37,29,20,36,32,26,35,36,36,34,28,36,33,35,39,32,37,40,37,40,37,44,37,32,36,31,33,30,36,42,23,27,30,25,34,32,33,42,31,43,29,38,34,13,36,41,35,24,30,28,31,26,36,28,30,22,37,42,28,23,40,37,34,33,44,28,20,22,37,39,38,21,37,31,38,42,36,24,46,42,31,32,34,26,22,30,40,24,25,29,36,32,33,47,37,23,30,28,27,40,41,40,27,36,34,37,34,27,37,30,28,35,29,46,39,38,42,37,27,38,33,34,31,40,23,21,33,37,28,42,33,39,33,32,32,42,33,44,37,30,37,27,34,27,38,23,26,38,27,27,38,28,35,37,37,36,25,20,39,34,28,33,37,32,42,26,36,38,35,31,33,35,35,42,41,20,39,31,39,28,38,37,30,49,39,23,38,34,38,36,37,35
34,38,29,45,32,26,31,32,35,39,39,34,36,35,40,33,37,33,28,43,30,33,37,29,40,34,28,39,19,32,29,33,27,36,20,27,32,24,25,28,20,37,35,42,35,26,31,32,40,25,38,37,30,39,30,37,27,47,32,40,29,26,33,31,32,40,33,40,35,32,33,30,42,20,26,40,30,17,29,25,32,23,28,31,32,39,30,43,33,37,38,37,34,40,37,31,35,28,30,24,35,34,37,33,31,32,38,41,30,38,43,28,34,34,20,25,27,27,35,26,36,40,23,46,27,43,25,41,25,44,34,33,33,32,27,24,31,32,34,38,43,19,16,27,37,29,34,31,41,25,38,40,31,33,27,32,39,23,34,28,31,25,22,44,38,32,29,39,31,36,27,35,36,42,19,33,32,43,34,20,35,35,33,39,39,24,39,29,33,38,36,23,36,38,25,39,23,30,36,27,34,31,34,40,26,14,26,22,44,36,26,21,40,24,30,19,38,39,28,25,28,36,33,34,35,20,18,40,36,31,42,19,38,29,24,29,40,31,29,41,30,30,34,33,35,26,25,23,35,36,24,25,30,37,35,30,36,34,31,25,25,30,43,36,25,33,40,30,36,27,39,24,27,35,38,40,37,31,24,34,35,35,31,44,33,43,32,24,31,20,30,34,26,34,29,22,25,31,40,24,38,30,29,35,24,35,35,20,33,34,24,37,35,37,31,33,36,37,36,36,26,40,38,40,31,28,19,30,27,25,35,19,38,37,36,35,34,34,21,33,44,27,37,39,39,32,30,37,28,38,40,21,35,37,38,26,37,37,29,37,30,40,30,35,24,38,24,31,34,34,43,36,46,31,27,26,33,37,35,34,26,29,41,37,24,21,43,41,18,25,30,31,24,36,28,20,30,30,41,35,24,37,22,30,27,34,41,40,27,31,34,32,40,44,27,26,24,33,36,33,25,28,31,31,20,26,37,24,39,38,25,19,38,30,32,36,29,34,35,37,38,28,33,37,38,21,29,38,32,33,24,35,29,29,37,34,36,31,23,38,26,33,39,41,34,40,34,26,26,32,38,27,26,34,34,40,34,33,25,36,39,41,35,38,38,44,26,44,25,39,38,34,35,38,32,35,31,40,32,33,39,30,31,31,34,44,36,39,27,36,36,22,29,43,28,31,39,31,23,43,39,36,40,34,34,32,32,36,36,33,31,23,32,19,30,28,36,39,33,33,39,37,23,27,32,20,28,40,35,33,31,24,31,37,32,24,37,46,31,33,40,41,36,35,32,29,35,35,32,32,19,31,31,32,33,19,20,34,33,46,23,32,29,32,29,27,27,24,27,37,36,20,21,34,36,31,37,46,40,32,32,36,32,33,37,37,31,31,35,36,22,33,35,36,35,35,23,35,35,39,40,33,28,36,37,25,22,40,31,38,43,28,32,36,36,41,31,32,32,18,30,22,31,32,37,32,32,32,38,22,31,46,16,38,41,31,22,26,34,30,33,33,27,28,35,35,31,35,36,34,40,22,41,29,30,20,33,19,32,39,43,30,38,32,33,39,35,28,29,18,32,25,34,39,36,28,37,33,39,39,35,36,28,28,24,26,26,40,30,40,26,34,39,39,29,37,32,28,28,33,25,41,22,23,38,31,23,28,33,37,33,29,45,31,30,44,44,20,37,35,36,40,37,25,34,31,25,29,28,26,33,35,18,39,24,32,35,36,33,40,32,31,28,24,25,41,33,32,30,22,38,40,32,46,30,36,35,19,33,38,38,28,39,47,24,28,35,43,31,39,28,39,29,31,30,45,33,31,23,22,37,35,33,35,37,17,26,41,39,26,33,34,39,24,29,19,32,32,26,32,33,35,37,36,28,34,24,38,27,40,33,33,30,22,38,33,33,22,32,34,31,38,38,32,24,35,27,37,39,39,20,25,36,29,37,37,41,34,39,40,29,27,32,31,34,36,30,29,32,37,32,39,42,39,22,36,39,39,25,28,20,23,35,38,33,30,33,37,21,42,21,26,31,45,28,36,28,36,37,36,22,36,29,27,35,26,35,37,30,37,31,24,40,32,30,40,50,27,32,35,38,40,27,33,34,30,26,28,22,22,26,36,21,37,36,24,23,34,25,35,25,29,35,31,25,35,30,34,36,25,29,29,28,41,43,35,33,34,36,24,31,40,30,25,25,24,37,20,35,35,34,30,26,24,31,27,24,30,26,36,20,40,38,26,29,38,30,29,30,44,36,35,38,26,30,29,32,29,28,30
40,24,34,27,39,38,41,36,33,24,39,35,44,40,40,28,24,28,33,35,27,26,26,25,39,30,35,32,27,27,39,40,44,36,40,34,40,28,32,35,44,37,24,40,28,26,20,36,34,16,28,27,35,43,38,29,39,24,22,33,30,33,16,36,20,35,37,34,37,37,37,37,24,33,40,28,34,25,34,33,34,31,26,19,37,35,23,31,36,38,35,31,35,31,29,32,25,32,25,32,39,28,32,39,41,27,24,26,36,28,33,29,29,24,25,35,29,40,34,42,19,33,25,24,18,34,37,37,26,35,20,40,33,27,36,27,34,35,29,35,25,31,40,36,31,30,35,38,25,33,35,36,26,30,31,23,43,35,23,37,36,33,35,43,40,26,41,37,43,34,14,33,40,35,28,37,35,44,38,49,22,28,33,37,36,29,46,37,28,35,35,44,19,36,24,30,36,34,27,35,35,33,36,37,32,33,39,30,29,30,39,36,34,35,36,30,41,43,33,37,42,38,40,35,33,27,37,27,32,18,46,41,46,21,26,23,27,38,30,29,29,28,28,33,36,29,20,36,35,38,37,43,36,39,37,41,29,29,28,33,26,37,36,37,33,32,28,20,26,30,38,38,35,31,37,35,28,34,42,28,34,26,37,28,26,27,34,21,34,32,31,42,39,32,48,38,22,40,38,43,35,25,34,32,38,37,38,34,29,39,33,29,30,41,23,35,20,27,23,37,40,34,32,25,24,41,38,31,34,35,21,43,29,32,38,26,32,37,35,37,51,19,29,40,34,37,35,28,19,31,24,37,34,36,20,33,41,32,38,40,23,33,32,24,40,37,31,41,38,34,38,41,32,27,39,33,30,31,40,28,34,30,25,44,39,20,44,31,41,45,35,29,35,33,30,34,41,24,32,34,25,21,37,39,23,30,34,40,31,49,37,33,27,45,30,24,36,24,32,30,42,34,36,27,25,22,38,38,48,38,31,34,31,23,42,27,43,42,31,33,45,32,38,36,43,28,24,33,26,28,43,26,36,32,39,40,34,37,42,17,32,33,29,44,30,35,39,22,28,31,26,34,36,16,35,40,19,23,40,30,29,41,23,45,35,27,30,31,28,27,28,29,38,30,46,32,30,38,19,41,29,30,37,32,34,38,34,29,23,39,30,37,36,26,33,28,26,30,32,33,39,35,18,41,29,25,37,24,34,29,30,43,33,30,20,26,26,15,36,25,39,36,33,32,35,30,23,36,27,34,38,33,26,23,37,34,30,35,22,30,37,20,29,40,33,46,42,25,36,35,43,29,32,35,29,24,28,36,39,33,40,31,26,34,29,29,29,37,38,32,25,22,35,39,25,35,37,37,30,35,36,32,26,23,34,44,39,35,26,26,33,39,24,32,36,32,28,35,31,31,39,34,39,31,23,36,37,32,36,17,39,31,33,37,32,39,32,25,42,33,26,36,40,35,41,35,36,40,38,19,36,36,25,47,35,30,38,40,34,31,32,40,37,34,40,22,30,39,27,34,41,43,41,34,42,36,41,31,37,21,33,36,28,41,40,28,35,37,36,33,37,40,33,43,39,30,40,25,26,36,37,19,20,19,35,35,41,40,21,36,36,38,41,43,31,44,42,31,37,24,34,38,37,26,34,37,36,32,24,36,40,40,36,29,27,42,36,44,26,26,29,44,39,27,30,25,30,33,27,28,17,32,18,25,36,33,41,31,23,34,37,40,44,39,33,36,27,24,24,40,38,36,39,31,24,31,25,33,28,29,32,37,21,42,39,32,33,34,28,38,30,33,33,39,25,43,33,37,37,32,37,32,42,37,35,33,35,33,42,30,23,39,28,33,26,45,29,31,33,37,38,32,39,38,30,35,36,32,28,37,38,41,40,32,27,33,35,31,32,34,30,33,33,33,43,24,32,34,33,31,36,33,39,33,42,21,22,20,23,32,26,23,37,37,28,40,34,27,38,33,33,36,30,29,31,33,44,31,29,39,34,25,38,30,38,39,35,39,21,44,38,50,29,33,33,36,31,33,40,22,27,43,28,35,32,33,36,34,39,33,34,22,27,36,28,28,37,37,33,33,39,25,26,33,31,43,34,29,33,26,26,32,34,29,42,37,42,33,23,29,42,32,38,28,29,26,31,31,26,37,25,23,36,32,33,39,40,20,23,34,25,29,27,25,35,20,30,37,18,43,21,26,31,40,39,34,30,40,34,31,44,36,40,15,35,28,35,29,33,32,29,31,35,38,26,25,32,30,39,30
27,30,37,26,33,32,37,43,27,30,30,25,35,42,32,36,38,37,29,26,33,30,35,36,41,36,45,35,36,30,46,38,31,36,32,36,21,48,30,24,35,34,27,37,31,29,39,34,33,35,42,44,37,30,29,41,37,28,20,32,30,33,24,33,35,34,36,31,36,32,34,36,32,37,38,36,35,41,24,40,23,38,41,37,35,42,40,24,27,39,41,35,27,31,26,30,25,40,43,32,33,38,36,37,31,38,39,39,39,34,34,34,31,32,29,26,40,32,28,31,28,28,31,36,26,41,22,37,37,35,27,33,31,34,38,27,23,33,28,34,31,27,32,43,39,38,32,29,36,38,23,30,36,36,33,34,35,43,39,26,27,39,26,30,20,30,40,45,38,37,21,30,32,43,24,35,38,37,33,28,37,28,27,32,25,31,20,33,31,23,32,41,27,25,36,42,28,23,31,28,40,27,31,31,32,41,27,37,28,37,35,32,37,31,45,27,30,38,31,33,32,31,28,37,30,34,46,37,38,27,33,35,30,40,37,38,35,33,30,42,38,28,44,40,32,38,30,40,35,35,31,39,43,30,38,30,22,32,34,37,41,19,41,25,36,28,28,34,38,31,41,34,35,43,32,34,35,29,30,38,35,28,42,35,29,23,40,40,31,39,34,27,31,22,41,32,23,35,36,41,36,39,32,32,28,14,41,42,39,17,39,36,35,39,35,39,41,25,35,21,29,45,34,34,32,45,46,34,34,23,34,39,19,23,26,33,41,40,37,34,51,38,30,31,39,28,36,41,40,31,40,34,35,25,26,34,17,21,34,35,42,31,25,31,30,41,23,40,21,24,40,32,33,28,28,31,33,31,33,28,27,38,23,35,28,36,35,26,20,48,29,40,24,35,21,24,36,32,29,40,37,36,32,33,34,36,31,45,29,24,34,34,38,28,45,34,36,38,34,45,31,28,34,37,33,23,30,26,37,22,33,26,36,41,36,28,33,40,38,35,35,26,33,33,47,21,30,27,31,22,26,31,23,39,41,30,41,28,34,25,41,32,34,42,36,34,19,40,29,21,36,21,34,32,22,27,35,36,43,39,24,34,34,28,34,23,40,32,30,33,35,24,51,35,30,37,28,26,21,40,36,37,36,20,27,38,31,29,33,20,34,29,35,41,34,35,24,26,37,31,31,23,44,29,36,29,23,38,38,31,32,23,35,20,39,33,29,31,30,32,36,26,29,33,24,44,35,37,23,37,39,27,30,32,44,27,22,27,23,40,23,22,35,38,23,38,33,32,35,20,40,45,33,47,27,34,37,38,39,44,24,25,34,37,33,39,29,38,34,28,34,28,34,40,20,49,34,37,34,40,39,24,20,37,29,36,40,36,38,37,29,35,28,36,36,21,40,34,33,34,33,32,24,38,42,22,35,34,34,48,28,42,28,32,45,44,28,37,35,38,37,29,27,24,27,33,29,31,29,37,37,35,28,30,29,31,36,25,29,41,16,42,34,27,34,39,34,36,35,26,41,31,32,36,36,36,36,21,34,31,35,35,28,21,41,37,35,37,24,31,35,25,27,26,18,24,32,26,37,39,21,22,34,30,36,30,32,33,38,28,33,36,21,41,26,24,38,21,37,22,21,31,29,21,37,20,31,21,35,30,45,22,32,27,41,19,39,35,38,27,33,35,24,32,31,30,32,36,27,22,33,29,19,38,27,37,40,25,39,31,23,32,32,20,34,37,36,27,22,43,29,36,36,30,42,31,33,30,38,29,30,37,35,25,31,19,45,32,38,27,28,37,35,24,40,31,27,36,27,21,39,24,29,44,33,34,27,36,24,23,25,25,35,38,36,28,35,45,40,43,35,16,34,31,32,38,41,40,36,32,32,27,21,38,29,39,31,42,30,42,35,18,39,23,28,24,38,24,46,37,29,43,27,30,35,31,36,38,38,19,31,39,32,31,29,34,29,28,15,36,27,28,37,44,31,40,27,24,29,27,30,43,28,31,33,23,37,37,40,37,34,40,22,39,25,28,35,19,33,33,33,42,39,31,32,36,29,29,36,33,18,33,32,38,25,35,29,39,33,28,41,36,17,36,20,36,37,38,35,29,31,38,35,33,38,32,40,28,26,23,35,29,36,35,34,32,38,28,29,33,34,32,37,25,32,44,30,41,22,40,27,35,32,33,41,35,32,42,40,39,38,38,41,36,32,41,35,32,31,38,29,30,33,36,34,26,23,18,21,26,37,38,25,42,28,36,24,39,33,32
29,40,37,40,20,39,36,35,36,40,36,34,24,47,26,39,31,31,21,30,34,30,38,37,37,36,46,36,46,28,31,25,35,27,37,22,32,34,37,30,32,35,36,13,22,24,31,35,39,27,37,30,32,42,35,37,40,28,30,38,30,31,34,36,21,28,42,36,17,41,33,24,29,32,37,29,42,28,39,29,25,18,25,25,35,33,41,38,39,27,29,26,36,28,34,46,28,33,39,32,37,25,24,34,38,38,35,34,40,41,26,24,34,33,28,36,28,29,30,47,30,36,34,24,36,24,38,26,32,31,30,27,32,32,35,35,38,38,43,43,29,28,41,24,42,39,37,44,38,38,32,30,32,41,38,28,36,31,29,38,30,23,27,30,38,38,30,36,34,27,30,27,42,36,21,21,34,41,35,17,32,33,26,26,29,36,27,30,35,33,36,43,36,25,32,39,33,34,41,39,44,28,37,27,28,45,30,36,25,35,33,37,20,23,39,29,37,26,35,34,34,31,42,40,24,30,33,35,36,20,18,32,37,34,22,27,38,37,26,37,26,35,40,45,22,37,26,32,31,32,34,35,34,26,17,37,40,38,38,38,27,22,37,20,34,38,37,25,36,35,40,44,31,36,43,19,30,21,38,17,30,24,37,24,35,32,31,28,35,39,39,26,25,19,23,39,34,37,32,31,40,39,44,23,24,27,35,31,34,34,33,37,32,32,32,23,37,32,17,30,31,31,32,32,30,37,22,40,28,30,27,42,39,21,31,34,35,35,37,28,34,22,28,28,38,35,41,34,42,38,32,42,26,39,38,37,35,26,29,31,31,22,26,38,35,45,32,31,37,21,21,21,42,39,19,26,31,17,26,34,42,28,37,33,25,38,40,36,23,23,33,35,38,28,36,34,34,41,28,38,29,34,35,22,28,30,24,39,36,36,41,37,32,39,39,29,38,41,28,33,34,34,22,40,28,35,25,30,28,27,43,28,26,38,33,29,25,28,22,38,35,31,25,40,39,34,31,22,36,36,39,44,38,27,32,23,38,38,26,41,39,16,25,29,39,35,40,29,37,33,31,25,28,22,23,30,33,27,37,41,21,17,30,40,30,40,29,32,36,44,34,36,31,28,28,29,30,26,33,40,42,35,29,35,33,37,19,22,40,22,34,42,33,40,31,35,25,27,27,41,28,32,30,28,30,19,33,37,26,38,20,49,34,39,32,37,23,34,33,31,34,37,31,31,34,27,39,32,36,36,30,18,30,34,36,37,33,22,29,36,31,36,32,30,22,24,38,21,43,25,27,38,29,35,36,25,41,30,25,42,35,32,41,28,32,20,38,28,37,29,25,36,26,29,25,35,36,40,31,37,26,25,34,40,29,37,26,31,43,40,46,25,42,29,29,36,26,38,33,27,32,37,38,27,39,30,26,32,35,35,39,35,40,29,24,35,29,33,23,35,36,30,25,36,34,19,28,22,37,33,24,39,33,31,43,24,32,20,38,18,34,45,34,35,32,39,37,33,34,44,41,26,40,44,33,44,31,37,17,36,37,24,39,25,23,39,27,35,29,29,21,26,34,37,30,28,39,41,21,29,28,27,27,30,33,21,20,43,46,39,32,35,34,41,38,39,34,26,27,26,36,35,29,43,37,27,45,43,37,20,40,37,43,32,35,30,27,27,30,33,12,37,27,20,42,36,36,37,32,24,32,24,26,34,38,40,27,34,38,20,35,29,27,25,28,37,22,41,35,33,36,33,43,43,33,34,35,39,35,25,24,33,30,36,35,24,31,36,35,28,27,36,25,39,33,28,40,30,25,34,36,42,40,35,27,28,21,31,23,29,32,29,33,33,20,31,31,35,39,28,26,31,21,29,28,39,25,37,20,27,36,37,35,31,33,37,31,24,32,39,30,34,32,28,38,37,31,37,41,24,31,34,27,41,20,26,38,27,36,39,28,35,38,30,35,32,23,36,39,32,21,37,26,36,27,33,38,30,34,18,32,29,32,27,29,28,36,36,42,34,36,29,17,41,36,33,26,29,28,24,29,30,20,27,22,34,36,24,29,30,33,42,31,35,39,35,25,38,42,35,34,34,43,35,34,18,30,36,35,22,29,33,40,37,37,29,23,39,29,45,34,31,39,33,27,22,32,28,30,29,29,42,26,34,21,23,38,36,25,39,33,33,43,23,28,23,33,28,41,34,36,28,20,37,40,33,39,32,31,33,34,31,27,41,33,41,28,33,36,31,37,28,27,31,37,43,34,29,38,31
42,32,39,38,40,30,33,24,34,36,36,40,30,30,31,35,29,20,33,36,26,34,34,31,43,38,33,30,30,45,34,34,29,38,27,30,30,34,33,36,41,27,30,32,25,33,20,40,39,26,33,27,22,25,31,37,30,41,42,35,23,32,26,30,40,28,14,25,36,33,36,34,30,19,26,18,38,40,29,32,33,38,47,33,42,35,43,31,41,20,34,31,24,35,29,23,35,42,33,19,33,33,34,36,41,31,24,31,28,35,35,43,35,34,27,35,35,39,27,30,34,36,25,22,35,32,31,26,24,39,33,39,34,39,35,30,32,20,30,26,27,36,38,25,47,33,20,27,31,23,39,28,37,41,33,37,35,33,32,25,24,36,33,37,29,33,33,24,35,32,34,32,24,27,31,28,33,42,39,26,20,38,35,25,29,43,31,34,30,37,32,33,32,36,37,39,38,33,25,38,34,27,33,23,34,20,32,23,15,36,32,34,32,35,40,33,24,26,37,39,39,41,35,41,32,39,31,28,31,21,33,33,26,33,24,37,33,37,24,20,23,27,28,40,37,34,22,28,49,38,27,23,32,45,51,30,38,48,29,32,43,27,33,25,40,42,22,22,44,36,36,37,40,39,31,37,33,37,32,41,30,32,37,27,28,35,29,41,35,41,38,40,36,35,38,35,34,33,26,30,37,37,23,34,33,46,37,41,28,31,35,29,28,36,29,32,21,37,26,37,25,17,29,34,39,18,31,35,44,39,39,39,22,30,44,40,43,38,30,15,22,42,30,34,21,34,38,23,39,35,32,24,33,45,44,30,38,38,20,26,28,40,32,35,30,33,19,39,36,32,40,21,33,32,33,29,31,36,27,39,31,37,37,28,26,42,31,23,31,35,21,25,36,30,29,33,35,19,32,32,39,32,31,27,34,34,39,33,31,25,24,21,34,29,44,20,34,32,23,37,51,32,39,36,30,32,38,36,13,24,39,25,32,23,42,34,33,28,31,23,25,17,38,24,43,37,41,41,29,34,33,30,40,33,27,41,32,30,34,22,29,30,36,24,37,29,35,31,39,31,26,45,33,35,27,38,39,39,32,41,30,39,27,43,35,41,26,36,34,44,30,33,32,37,39,30,27,36,27,35,28,37,41,41,34,36,35,32,25,29,30,42,19,34,30,34,20,29,24,31,36,25,39,40,42,37,40,37,38,38,26,28,35,37,32,30,33,29,35,43,24,26,26,43,38,41,35,35,38,27,30,38,36,37,34,25,43,38,31,29,22,35,31,29,39,41,37,34,39,38,28,28,18,33,32,41,37,35,39,25,41,43,30,33,30,19,40,39,32,31,33,32,36,28,32,34,31,32,40,31,23,37,32,38,26,23,23,30,46,26,36,20,32,37,38,28,33,41,47,33,38,38,37,33,34,32,39,36,34,23,25,33,30,31,32,27,35,33,42,27,38,18,23,23,33,33,21,31,45,34,30,35,25,39,30,34,25,33,35,42,22,28,39,32,31,29,45,31,32,31,28,42,24,37,32,37,39,41,26,38,32,33,35,24,41,36,30,36,35,26,21,38,24,32,26,20,30,29,41,33,35,25,35,39,32,44,42,24,22,39,31,38,32,21,32,33,41,32,44,33,30,32,42,30,39,35,40,33,37,25,32,26,30,23,36,42,44,23,32,36,35,35,43,34,38,33,22,33,25,34,18,22,32,34,36,28,30,42,25,23,28,25,25,29,36,37,26,38,39,37,36,34,31,34,29,24,22,26,22,30,33,37,26,27,40,38,23,28,35,32,32,37,20,29,39,23,25,28,23,33,33,29,27,32,34,31,19,33,44,37,34,43,35,41,24,38,22,34,33,25,42,22,26,21,20,51,28,20,33,27,41,37,45,37,35,30,43,28,36,28,32,33,33,30,26,23,34,42,23,31,29,34,42,44,26,36,33,27,37,43,34,33,36,28,21,42,32,33,37,29,36,24,35,29,38,24,40,31,28,40,40,26,38,40,25,26,43,40,20,26,35,35,41,44,38,32,39,37,33,34,26,34,28,20,34,43,28,39,33,32,23,43,23,31,38,38,38,20,29,24,35,28,32,40,28,35,18,30,34,26,30,28,33,26,37,30,40,32,35,29,34,30,26,32,37,36,27,33,40,38,23,37,22,28,40,23,27,34,43,29,32,32,29,39,36,34,23,40,42,20,19,47,25,27,32,30,31,48,29,29,22,40,33,37,35,35,36,40,39,41,37,41,39,23,32,37,38,26,28,24
42,25,32,32,30,36,40,34,23,39,25,37,26,27,28,36,25,37,19,31,41,45,33,38,44,30,46,46,39,27,37,34,37,38,31,32,26,25,43,26,31,31,23,37,27,25,34,41,30,33,35,34,26,42,33,22,21,27,37,45,26,37,33,31,38,36,19,32,32,38,35,30,28,43,33,35,41,40,26,28,27,36,34,16,30,30,35,26,20,27,29,26,33,39,35,32,36,38,35,36,30,26,16,36,22,38,34,17,28,39,34,25,37,35,27,48,32,34,35,37,30,22,34,36,32,41,26,39,34,33,32,31,28,29,32,23,30,30,43,36,33,37,33,44,36,36,35,36,29,30,30,33,37,39,37,40,34,35,35,21,37,26,39,25,30,36,34,23,28,20,32,33,40,23,35,18,35,35,32,32,37,39,35,34,40,39,32,33,45,27,39,30,37,32,21,37,22,29,33,38,33,34,20,31,32,33,32,36,19,30,31,38,42,27,19,28,28,39,21,23,35,24,42,23,45,34,39,34,23,32,18,41,35,33,35,23,40,39,34,26,30,30,24,23,29,31,39,31,34,29,35,33,24,31,21,32,36,22,30,39,30,31,35,34,35,27,26,30,29,34,35,42,39,42,25,33,23,37,32,39,38,39,37,35,39,31,36,24,37,50,25,32,39,29,34,25,28,29,22,38,19,17,43,33,33,37,40,39,34,18,25,36,37,36,26,40,28,22,34,32,27,24,30,24,20,27,28,41,34,25,40,36,34,40,37,26,27,34,37,41,32,27,34,40,33,37,35,38,52,39,25,26,32,31,24,45,32,32,42,17,31,31,34,28,30,39,32,33,35,39,35,37,37,36,31,34,22,20,37,32,33,32,26,24,28,46,33,42,30,39,40,28,42,39,37,33,32,33,30,32,40,25,35,41,43,23,20,31,31,44,32,35,40,32,33,19,34,40,37,26,39,32,43,33,28,37,46,41,34,37,23,33,25,34,28,41,20,30,33,37,26,35,35,28,23,43,28,36,32,43,24,35,33,32,26,39,43,36,34,36,22,37,36,41,27,34,36,32,39,32,26,39,30,33,37,32,32,35,41,35,27,37,32,32,33,42,32,41,34,36,37,37,34,27,38,35,28,29,23,31,32,35,30,36,33,39,25,32,33,35,25,35,30,17,39,31,27,38,24,25,21,39,35,28,38,37,22,30,26,47,27,41,35,37,31,32,37,30,38,29,36,29,29,37,31,37,24,39,38,37,39,35,35,31,36,29,32,32,38,29,21,21,35,32,30,42,30,34,32,33,38,30,41,38,33,29,31,41,22,15,35,37,38,30,37,34,33,31,16,35,25,43,33,30,32,43,36,32,32,23,30,21,31,38,36,45,38,28,33,28,32,33,33,40,39,29,25,39,35,41,30,38,28,27,36,43,23,38,21,35,38,33,39,38,41,29,37,29,37,30,24,37,31,42,19,35,24,24,36,34,34,41,22,33,29,41,35,37,37,16,31,40,24,14,39,29,21,21,37,33,38,37,22,39,33,24,30,28,34,33,23,42,32,36,28,38,39,28,44,25,32,31,23,31,37,37,36,27,41,31,36,39,21,36,41,45,28,37,37,45,36,31,22,32,37,38,29,23,35,36,37,32,44,32,37,40,30,33,34,37,17,29,23,22,25,25,32,36,36,32,33,34,26,35,29,37,37,33,22,36,46,32,36,25,23,33,40,38,36,36,28,30,25,37,29,35,27,44,18,44,36,23,30,29,39,25,31,35,39,35,35,33,33,35,35,26,29,23,38,22,38,40,20,35,38,41,28,38,40,37,39,30,32,44,42,25,32,36,31,41,41,38,41,25,31,25,31,18,19,37,28,26,43,25,25,37,39,32,33,45,39,38,36,35,36,31,26,25,32,23,41,34,37,33,31,23,20,33,33,28,34,26,26,35,34,39,40,32,32,26,36,24,24,26,42,34,30,26,38,23,30,40,26,31,31,34,36,31,36,23,31,37,32,23,29,31,30,47,36,39,32,21,41,32,30,21,29,28,29,25,35,26,42,33,31,19,39,34,29,33,48,30,34,36,27,40,31,27,42,34,41,34,31,21,38,33,24,16,38,34,29,39,31,42,41,38,39,38,35,30,35,26,39,35,26,39,44,35,46,31,28,36,33,40,42,29,20,30,35,33,32,32,18,33,36,37,39,32,28,29,26,32,39,35,35,26,40,39,28,33,32,35,39,50,22,32,44,36,21,22,24,27,32,30,41,24,33,29,32,34
40,22,28,36,37,16,22,27,36,37,38,19,23,27,29,37,31,35,30,29,39,34,33,30,23,32,30,43,37,36,37,14,34,31,36,24,44,28,39,38,35,38,27,39,32,34,45,40,39,24,18,28,31,30,30,41,42,34,39,20,33,33,39,39,36,36,29,41,36,18,31,39,28,31,32,25,25,42,36,35,38,32,31,32,34,44,27,34,24,40,37,38,42,24,31,32,26,46,34,22,46,31,26,40,27,38,32,39,30,37,30,43,38,32,35,28,43,32,24,33,44,35,29,38,32,37,37,39,42,28,28,18,36,22,35,40,43,28,42,33,17,24,31,34,29,32,28,42,37,26,27,27,31,36,26,35,34,24,46,32,39,20,22,33,42,38,26,24,43,21,40,35,25,36,36,38,34,27,32,37,35,30,31,20,22,34,38,45,36,39,36,31,34,36,36,33,28,27,28,31,25,26,34,35,47,29,34,31,35,36,32,37,31,31,28,42,31,32,34,24,39,26,28,25,38,38,35,29,39,38,24,30,34,29,37,23,27,29,33,28,42,41,28,20,29,34,24,23,32,24,39,25,23,39,41,38,43,27,34,39,43,28,33,37,33,33,31,34,22,31,24,34,34,34,36,34,25,34,24,35,35,34,28,31,33,42,24,24,35,41,37,42,33,21,30,33,23,42,35,29,28,28,35,36,31,25,27,27,32,24,28,28,37,34,37,39,27,35,31,32,42,40,34,23,38,38,30,33,25,31,31,40,40,35,40,31,39,20,32,34,24,32,30,33,20,31,21,33,36,26,31,31,36,40,36,41,25,35,25,39,41,40,30,24,34,37,19,37,35,34,44,32,27,30,30,30,22,38,40,26,35,32,34,31,36,36,29,39,32,24,28,28,35,36,44,42,33,20,24,31,35,34,41,38,34,38,39,36,39,39,35,29,39,25,38,37,29,36,40,35,26,20,36,37,35,26,40,24,32,32,34,40,32,33,28,40,39,20,21,23,27,28,34,32,35,35,30,43,23,36,34,47,38,38,20,39,43,26,31,39,20,41,33,24,27,38,32,36,28,30,35,44,33,33,30,29,31,26,35,26,28,41,37,36,33,38,24,24,27,31,32,37,44,29,31,24,24,24,33,37,40,31,26,25,38,29,29,39,26,32,48,24,38,36,18,35,36,34,28,34,35,43,38,32,33,38,46,31,27,43,33,38,23,32,32,42,38,36,33,28,31,30,37,31,37,24,38,26,41,27,34,32,28,25,37,37,39,30,22,30,31,36,25,36,31,37,41,47,34,30,38,35,31,33,40,36,35,37,21,25,26,29,28,26,39,31,31,30,35,30,35,36,30,38,42,43,28,44,34,27,37,37,37,25,31,31,25,32,28,32,38,42,26,27,26,35,31,34,24,28,31,33,39,33,28,29,20,34,36,28,27,32,37,33,24,35,34,20,44,35,38,34,33,34,32,36,25,35,25,41,26,34,36,19,31,35,34,36,33,30,24,38,34,38,38,34,26,26,29,37,20,38,20,37,29,42,33,32,34,50,37,31,36,30,34,21,27,31,36,36,42,31,44,34,28,29,32,26,39,32,37,35,35,28,24,29,42,37,33,40,32,28,24,36,31,34,32,36,38,40,30,39,24,36,25,32,35,26,39,25,33,30,35,39,38,35,28,36,32,35,35,35,24,23,32,32,39,26,24,27,27,23,28,38,33,40,31,32,37,42,29,23,33,34,40,29,39,21,29,27,22,39,34,28,23,28,36,40,20,35,32,28,30,37,30,34,29,24,34,16,38,22,25,39,28,36,30,36,32,33,36,32,34,39,34,36,36,27,34,41,42,28,21,29,38,31,30,40,36,43,34,39,28,25,34,26,18,19,29,34,32,32,29,42,30,34,37,39,37,26,34,13,21,37,32,31,31,28,27,27,27,33,27,40,35,25,42,33,34,11,39,33,37,35,35,23,31,24,31,38,31,22,31,33,34,20,34,23,36,31,34,22,32,31,33,33,37,27,38,45,36,24,24,42,37,42,28,31,32,21,37,32,25,48,33,19,34,24,36,35,25,27,29,17,22,43,34,28,42,31,32,40,28,45,30,41,36,40,34,37,32,34,22,29,29,40,31,38,30,38,32,24,41,28,26,45,38,37,36,27,31,37,35,37,38,38,38,42,35,33,29,42,41,35,21,22,44,31,40,31,30,25,24,35,39,30,39,35,18,32,38,28,45,48,28,38,36,41,42,45,30,31,28,33,28,38,26,41,31,27
32,39,37,32,32,32,43,29,27,30,33,35,33,37,41,40,39,24,26,29,36,34,34,39,29,42,34,35,24,38,28,34,21,28,32,31,30,38,28,42,33,33,34,28,29,44,45,37,34,19,36,27,30,31,42,41,30,30,34,37,41,39,38,35,40,31,31,32,36,37,42,34,29,33,33,38,29,42,41,39,25,27,22,33,29,24,33,41,38,34,29,38,30,32,37,23,38,32,32,38,33,22,42,36,34,31,34,29,33,23,30,30,38,33,40,30,35,37,31,36,25,27,21,35,39,36,39,39,38,36,36,23,28,31,22,35,26,24,24,36,36,35,21,36,30,33,19,18,34,40,44,23,32,43,42,31,39,40,25,35,36,35,40,41,37,25,20,24,44,39,27,36,33,38,40,41,27,42,37,37,31,30,38,33,29,27,26,29,33,38,37,20,32,45,34,32,30,25,40,25,21,40,33,29,28,36,31,32,33,34,32,36,35,30,39,25,40,40,34,36,37,27,31,44,41,30,40,25,22,38,31,41,35,29,42,33,35,44,25,38,28,33,41,33,32,33,40,33,33,32,39,35,35,39,36,41,35,41,31,35,36,31,36,43,33,29,33,31,37,36,30,35,43,30,25,35,32,23,33,30,34,47,38,23,29,38,27,27,32,38,27,39,34,33,39,31,24,38,23,35,33,38,46,22,36,20,41,37,36,45,37,35,22,32,38,37,30,41,27,41,41,30,35,36,36,36,30,34,35,40,33,43,36,34,32,40,35,36,32,27,38,28,37,24,22,40,26,27,24,23,39,40,21,33,36,37,31,46,35,24,42,32,32,33,35,37,42,31,39,41,25,34,31,29,33,35,34,39,32,30,32,34,37,35,36,29,35,27,41,27,27,36,22,29,28,27,34,36,46,33,36,34,34,36,30,37,23,24,32,40,38,24,38,25,24,35,31,37,38,30,32,26,34,30,38,33,30,24,39,39,27,39,27,36,36,32,33,23,31,39,39,28,37,33,37,33,41,34,45,40,33,35,34,22,26,31,31,37,45,41,35,41,26,30,41,34,35,42,35,34,32,33,30,37,35,40,24,28,35,35,34,33,36,32,32,28,32,39,18,30,30,47,31,34,37,33,35,37,26,22,35,19,39,34,40,31,27,37,41,40,32,43,28,37,26,30,32,29,35,31,30,34,33,30,30,25,20,35,26,18,19,36,23,20,27,26,40,29,33,28,31,37,18,28,27,40,36,40,46,35,41,40,24,43,38,33,36,32,31,34,44,20,36,30,32,26,36,35,23,28,36,37,36,34,31,25,31,26,34,39,24,35,38,35,35,31,27,38,28,32,30,35,27,28,22,35,43,28,36,37,31,24,31,33,27,39,38,29,30,35,39,39,36,21,21,32,32,37,22,36,25,32,25,25,36,24,42,32,33,26,36,38,32,20,34,37,25,31,34,40,36,35,28,37,40,25,33,24,36,31,30,31,31,25,36,33,37,39,29,30,25,41,26,43,40,25,30,35,35,30,38,37,24,31,28,35,42,28,34,41,40,27,18,34,40,40,32,39,39,34,35,26,28,26,34,30,32,32,31,44,34,39,32,35,33,39,25,29,29,26,21,32,24,43,40,31,33,40,34,26,42,27,46,38,34,38,26,35,29,24,32,46,32,37,32,30,40,33,29,27,34,34,22,40,38,38,33,35,34,46,27,38,33,34,28,36,30,29,29,37,33,38,43,30,29,31,33,26,21,26,37,32,33,40,34,34,37,39,40,33,36,26,31,20,32,32,27,38,27,32,25,29,27,37,36,30,36,24,39,27,38,36,31,34,37,35,19,23,34,28,28,34,33,40,39,29,32,27,37,45,31,28,29,22,36,33,42,35,39,37,35,29,33,16,28,20,28,33,31,35,36,32,27,19,33,40,37,26,36,39,19,42,33,27,37,27,32,33,34,47,32,35,29,28,35,34,35,34,25,35,39,33,41,32,28,32,26,24,34,43,32,22,40,18,30,28,26,30,36,32,33,19,50,27,22,22,40,37,34,40,19,32,27,20,35,26,37,33,32,32,42,36,28,26,38,27,22,35,36,38,27,33,31,29,41,27,29,23,36,37,29,33,36,24,31,32,47,25,21,29,28,37,37,37,31,33,37,41,33,34,19,23,30,36,38,30,35,42,33,31,41,40,28,27,42,29,35,40,30,37,41,35,24,38,24,35,40,26,30,34,30,35,32,27,27,33,35,28,21,40,30,34,41,42,36,40,31,29,31,29
25,34,36,29,40,34,25,36,32,20,29,31,39,28,24,24,33,28,32,37,33,34,19,28,37,23,23,44,28,26,38,36,32,25,35,27,38,27,36,37,33,31,37,39,40,36,32,38,44,35,30,36,38,44,34,29,37,38,27,44,26,27,38,41,17,25,29,24,35,37,19,25,35,35,36,27,16,37,42,43,24,36,32,29,34,36,35,27,40,43,28,22,34,32,28,32,37,34,32,44,33,31,30,38,26,39,39,28,28,41,29,39,34,37,31,27,39,41,26,17,41,37,33,25,39,27,31,27,32,34,36,26,34,30,42,29,35,31,34,28,43,36,22,27,31,38,34,40,31,24,41,41,26,42,37,25,21,25,41,24,22,27,42,39,25,31,40,33,29,31,36,31,31,36,28,38,44,31,33,42,36,44,21,43,41,33,26,30,34,34,41,34,40,30,29,31,36,22,41,40,25,34,21,27,41,37,35,31,24,34,31,29,29,42,36,39,32,35,34,35,35,31,37,32,34,27,35,28,26,35,38,31,39,39,36,31,26,37,31,44,40,33,32,40,28,30,30,38,30,38,23,38,31,23,29,32,22,33,31,40,22,22,41,34,26,34,24,34,19,34,38,40,38,23,31,26,28,35,34,40,28,34,40,35,30,44,35,37,23,37,36,29,38,40,22,18,32,45,17,25,31,34,33,35,24,28,41,28,39,36,34,29,38,29,17,33,36,38,24,14,33,37,44,31,30,26,43,34,15,34,28,39,16,29,37,29,43,34,32,28,27,27,34,32,41,39,30,41,34,34,36,39,40,40,39,21,32,36,27,24,23,40,39,39,37,23,35,39,38,22,15,31,34,36,20,43,25,29,27,19,20,30,23,29,33,39,28,36,30,35,39,23,35,31,35,33,37,35,22,43,35,42,43,36,37,14,34,32,33,41,32,38,34,34,34,40,33,32,24,35,33,44,19,33,37,35,35,37,39,38,39,34,30,32,28,28,34,28,18,34,31,37,36,38,35,31,33,32,30,31,35,41,32,30,35,30,29,40,20,42,34,27,28,34,33,30,34,22,29,32,26,28,35,28,28,22,26,29,42,32,20,35,30,44,24,32,38,36,21,38,20,32,38,30,32,32,32,18,42,22,40,26,37,40,34,37,31,33,27,32,37,20,31,25,36,42,34,35,30,35,25,35,44,34,35,33,42,26,30,37,41,29,21,21,45,40,42,29,32,33,38,39,40,37,31,33,29,36,33,18,30,33,30,28,21,41,30,30,31,37,32,33,21,33,35,32,26,31,39,32,44,28,35,32,37,29,42,26,37,47,24,16,35,35,38,38,29,44,31,38,37,32,40,35,25,28,32,45,32,35,38,24,31,38,35,24,38,32,40,40,46,23,36,29,41,29,29,23,30,37,29,26,34,32,23,27,27,36,29,34,30,39,37,26,39,33,37,33,27,32,29,41,30,31,38,28,29,33,34,33,22,36,35,39,41,39,29,35,36,32,21,38,37,31,42,23,24,36,36,34,31,36,46,38,43,23,26,25,36,35,34,38,38,31,22,30,33,33,35,33,39,28,44,36,27,38,34,33,29,42,33,34,34,34,21,28,37,37,23,32,23,31,44,36,31,32,36,32,41,42,36,31,25,26,36,42,33,34,26,36,23,33,24,27,39,25,38,30,17,37,33,31,22,38,46,41,36,35,36,25,31,30,23,43,37,37,37,39,42,28,25,33,42,34,35,29,34,39,21,33,36,22,20,28,28,36,33,29,40,33,39,35,41,39,34,27,18,31,19,28,42,21,33,28,37,38,26,37,35,24,42,42,44,25,35,31,30,26,16,36,39,31,37,17,30,37,26,31,39,40,33,34,24,29,41,35,34,27,34,37,25,36,27,28,42,27,34,43,32,33,28,38,34,25,24,29,31,36,36,30,24,26,25,27,33,31,35,34,34,34,39,39,19,36,27,37,33,31,30,26,32,36,38,39,31,30,34,34,34,33,30,35,29,36,33,32,35,29,28,34,41,22,38,19,33,30,27,29,19,31,33,30,33,31,37,33,37,19,34,18,27,36,26,31,33,26,37,19,32,39,31,39,34,38,28,34,40,34,36,21,33,43,15,34,32,36,29,34,31,35,38,25,37,27,38,19,30,41,22,21,26,39,40,33,20,30,34,40,37,31,39,23,35,32,27,26,29,33,39,30,34,30,38,31,34,36,20,30,28,37,33,24,27,39,37,36,31,30,34,29,52,30,32,24,23,16,32,39,29,39
41,41,31,27,31,30,38,28,29,26,39,32,38,30,37,31,38,40,34,33,34,31,43,37,30,34,35,38,39,31,25,34,34,25,34,22,28,37,39,38,35,39,34,34,36,45,34,31,25,35,23,25,41,34,32,31,37,32,34,34,28,39,33,26,28,25,41,21,37,48,36,37,40,20,37,33,37,29,23,27,34,29,27,29,45,22,32,19,26,41,41,40,35,38,40,35,27,39,24,35,45,29,35,33,38,40,25,30,34,38,33,38,16,36,21,38,29,44,26,33,35,33,29,30,41,47,26,35,30,27,37,23,35,34,29,35,49,31,25,41,41,37,29,33,38,27,28,38,40,32,39,17,37,28,36,24,32,26,29,25,24,33,24,30,26,24,27,46,36,37,34,32,21,24,26,30,38,31,41,38,36,38,32,45,31,38,33,41,22,38,29,35,25,42,30,45,23,37,28,33,32,40,32,35,26,36,36,32,34,22,36,42,28,40,23,35,26,35,33,24,34,33,24,30,44,31,31,36,30,37,24,42,25,41,31,25,27,34,29,34,36,28,31,45,43,30,26,27,25,34,37,26,43,34,23,30,29,36,33,38,35,40,40,43,35,43,30,33,30,33,33,37,31,40,34,36,34,23,44,38,25,33,35,26,25,37,31,28,32,40,34,34,25,32,34,25,23,35,28,31,37,37,22,38,35,35,41,34,34,30,29,29,33,27,25,34,35,19,31,23,35,26,24,41,36,25,24,39,42,35,40,33,31,39,29,47,27,31,32,34,26,36,43,15,38,31,25,34,37,42,38,38,21,45,27,36,38,29,34,34,36,35,30,31,33,41,32,31,36,40,16,36,28,43,34,27,32,32,23,34,33,31,31,33,42,28,41,40,36,30,20,40,34,35,37,31,43,34,27,33,29,34,35,22,43,36,32,40,37,29,39,31,36,35,31,24,27,38,33,31,36,28,37,34,34,30,43,31,34,31,32,36,22,36,37,38,25,41,36,39,37,29,26,26,20,45,30,32,29,28,39,33,36,35,24,26,31,37,42,27,37,37,39,41,47,26,16,18,35,33,36,29,19,35,20,34,28,28,32,38,34,24,29,24,31,36,32,34,37,33,30,29,31,35,30,32,28,37,35,27,28,38,31,37,35,23,16,43,35,48,40,26,34,23,41,21,36,37,42,41,29,29,29,35,38,31,35,38,32,41,25,33,32,32,20,30,31,23,25,41,22,33,33,41,36,24,40,25,29,38,39,31,18,33,38,22,41,33,39,24,40,24,47,36,44,28,31,35,41,26,33,40,24,31,22,41,24,35,30,32,40,36,34,25,28,39,37,25,37,21,39,37,42,34,20,40,29,40,39,45,35,34,34,32,32,35,42,42,37,29,34,22,30,39,26,40,43,27,39,33,26,36,43,35,18,37,28,27,40,30,40,35,30,38,21,23,35,39,33,42,37,38,32,28,41,34,24,27,35,22,30,21,30,33,31,38,36,34,25,36,38,28,39,33,28,34,15,19,32,40,38,31,33,26,41,30,33,34,32,38,25,28,23,26,36,40,28,33,29,32,37,38,31,39,38,39,37,39,31,27,41,33,27,33,26,25,28,34,31,27,24,29,34,41,35,32,34,39,37,45,36,40,40,28,38,44,24,35,27,43,34,38,23,35,21,24,28,26,37,34,31,33,29,43,28,34,33,31,28,41,30,39,33,32,32,36,28,33,28,31,39,22,21,27,28,32,35,36,33,32,37,30,26,17,35,33,39,32,44,21,33,41,29,39,26,46,32,28,38,41,27,36,33,30,43,23,38,37,36,34,31,34,38,27,43,35,48,26,32,33,31,35,35,30,32,33,32,27,28,40,25,35,37,31,38,40,26,25,32,39,38,39,26,18,34,18,18,28,20,39,37,19,33,30,34,34,44,40,29,33,38,39,39,34,32,41,34,43,38,32,38,40,37,35,39,42,28,33,31,31,43,30,30,21,28,34,29,32,30,37,28,27,26,38,29,39,41,23,31,41,30,31,21,28,43,23,29,32,35,35,30,35,40,24,37,31,39,16,39,40,33,37,24,34,42,34,24,28,16,45,29,27,43,37,36,34,38,34,39,31,28,36,21,35,32,37,32,25,36,21,35,20,29,37,37,24,34,34,39,29,39,26,30,40,34,39,42,26,22,37,32,26,46,32,32,39,35,39,40,34,26,38,35,18,36,40,36,28,36,35,35,39,31,42,33,33,31,38,31,37,41,27,42,42,30,32,38,35,32,25
34,33,33,28,28,43,24,34,24,39,21,24,27,35,40,39,36,37,36,32,35,41,25,32,34,25,24,37,41,33,38,22,22,38,39,25,45,29,29,27,23,36,38,38,34,32,21,34,33,34,37,37,38,28,37,31,32,32,42,26,32,39,34,23,26,30,38,34,34,38,35,28,35,37,37,27,27,28,27,30,32,30,32,28,33,26,38,36,24,39,21,36,34,41,27,30,43,30,32,35,24,33,46,30,30,36,29,31,22,30,37,38,39,25,32,36,35,21,39,35,35,45,40,32,29,40,23,26,26,39,37,28,38,45,39,35,31,39,24,42,38,35,30,31,44,20,35,38,40,31,24,32,33,23,32,31,28,32,32,21,42,37,24,37,39,44,33,30,21,33,35,33,32,33,39,30,34,39,25,33,24,43,33,24,27,36,33,32,30,31,21,40,35,36,32,37,24,36,31,39,16,31,32,34,26,18,35,39,21,30,28,38,37,43,37,36,19,27,37,21,32,30,25,38,24,31,25,33,33,36,30,26,26,29,33,38,35,38,39,29,23,27,30,31,32,31,28,38,39,20,34,40,39,28,27,31,37,25,40,31,26,22,36,38,21,37,39,29,37,29,31,29,36,41,34,33,39,33,37,22,35,37,30,38,21,38,36,32,42,32,39,34,42,38,36,36,39,32,30,29,38,34,34,23,36,40,28,30,28,31,16,41,34,34,47,35,40,30,34,26,39,27,36,28,30,36,27,34,30,35,39,19,32,38,41,33,36,38,31,43,21,22,33,28,29,44,22,36,42,14,34,30,37,46,37,28,34,34,25,17,46,44,42,21,28,33,20,30,33,53,36,25,35,25,38,32,22,36,34,39,44,36,30,29,37,32,25,28,23,33,36,30,24,38,26,29,31,38,38,36,19,33,32,27,40,36,41,27,34,40,27,29,33,29,30,43,45,44,17,25,31,37,31,34,29,27,30,32,34,50,32,22,32,41,33,36,38,38,18,32,38,31,27,29,32,30,28,32,28,27,23,35,25,32,19,28,36,40,38,38,33,30,33,37,34,40,44,24,40,37,26,40,32,28,19,35,34,23,27,30,19,35,31,28,32,26,35,36,33,38,32,35,39,36,38,28,28,27,32,20,43,34,31,36,36,29,37,39,30,32,32,24,24,38,29,31,37,38,27,35,33,26,36,33,42,38,41,35,33,21,26,26,47,31,39,32,25,24,32,23,35,30,31,33,37,42,21,22,29,25,20,18,31,38,32,34,28,22,22,23,34,46,40,35,39,27,25,19,34,36,17,40,23,34,23,34,35,33,41,34,33,21,34,31,20,31,33,29,37,40,37,35,32,31,17,36,37,40,23,39,36,24,36,34,33,39,31,31,35,28,22,38,27,41,23,33,32,40,26,32,45,27,27,15,31,38,39,43,35,46,37,35,23,33,41,41,25,22,36,35,26,40,48,25,42,43,33,30,30,23,30,41,39,32,32,35,33,37,34,27,33,15,30,41,35,34,30,42,28,33,38,28,39,20,35,34,28,29,41,36,46,41,29,39,43,36,25,41,33,37,27,37,41,40,39,30,29,42,27,26,16,24,23,38,25,34,41,36,40,46,18,39,36,27,30,30,27,31,28,32,27,32,26,22,33,25,26,31,32,32,36,38,29,41,35,33,33,40,32,17,35,36,34,36,39,23,26,33,36,36,28,32,35,27,36,40,32,43,31,20,35,31,36,35,36,34,35,27,40,33,35,25,37,38,29,33,19,40,37,36,35,33,35,34,21,39,29,29,28,33,34,32,42,27,37,30,27,22,31,43,32,35,31,22,32,40,32,40,34,36,39,41,27,38,22,34,41,37,40,31,36,29,35,28,27,26,37,22,28,27,28,34,38,21,36,34,36,43,21,33,26,38,18,33,35,37,30,21,26,26,36,36,29,38,19,36,26,18,30,25,38,26,21,27,46,27,42,31,21,25,26,16,28,22,34,34,20,30,30,33,35,33,25,26,39,44,37,25,23,20,21,40,35,24,31,38,21,24,29,34,28,36,54,32,33,29,37,28,32,31,40,28,33,42,28,34,21,35,31,36,33,34,39,43,37,23,27,26,34,25,39,23,20,21,24,26,38,35,24,30,40,28,43,41,35,35,31,31,28,37,32,34,34,39,37,28,36,27,34,34,29,39,25,27,37,40,31,26,38,40,34,34,35,24,38,29,34,36,42,32,39,31,35,39,37,35,36,35,32,35,28,39,34,29,45,25,33,32,29,24
25,36,36,25,29,30,36,26,38,32,37,42,30,27,39,31,33,39,41,38,43,42,27,38,29,34,34,28,38,27,40,37,30,39,21,23,37,35,28,19,40,29,36,30,41,34,23,34,30,20,32,18,28,33,37,28,33,35,24,34,22,23,35,21,26,39,26,40,32,40,31,22,36,28,20,45,36,29,32,28,19,32,26,21,34,24,32,22,34,34,35,32,42,37,37,38,20,34,41,19,24,35,30,24,29,35,27,23,35,34,37,23,35,26,27,36,30,30,43,32,23,39,42,25,38,31,26,31,38,27,37,32,37,39,37,34,41,25,26,34,28,22,29,39,23,29,25,37,28,28,45,27,33,42,30,35,32,35,31,29,40,34,36,38,34,32,33,23,33,33,33,30,30,32,39,36,17,35,38,22,31,23,34,29,40,33,41,26,28,37,25,41,25,39,35,35,32,33,23,47,27,46,23,40,36,33,46,36,39,37,43,41,36,33,37,43,32,38,35,30,36,38,29,21,33,23,33,42,33,39,38,22,29,40,44,36,40,38,39,30,26,37,27,27,33,40,31,34,31,37,21,18,21,23,36,37,32,34,39,33,28,37,24,41,26,45,48,34,27,21,23,38,41,26,34,38,23,36,38,38,27,34,30,24,36,32,36,40,34,27,35,39,30,36,40,35,34,36,36,36,45,39,33,36,36,31,38,37,16,34,38,23,37,32,41,38,25,42,18,31,33,36,36,26,28,26,28,35,32,29,32,34,36,27,47,31,34,49,31,31,19,34,38,19,31,33,43,19,30,30,39,20,18,41,20,36,35,28,44,27,31,38,37,36,26,41,22,31,28,21,36,33,43,31,30,25,28,31,32,38,32,41,18,33,27,24,41,40,36,45,35,37,26,29,33,21,37,39,34,32,26,36,36,27,30,36,39,37,26,30,40,28,20,34,33,34,41,28,33,26,30,30,28,31,31,35,28,38,42,36,28,20,37,26,32,33,31,38,47,37,20,39,36,40,38,24,44,26,37,38,34,29,35,34,25,30,30,37,16,36,26,45,34,27,34,35,38,36,27,26,35,37,44,41,35,28,33,25,35,43,27,35,31,24,21,26,14,27,38,26,39,34,28,42,28,21,25,40,35,39,29,32,32,36,34,38,37,41,37,30,42,35,28,37,38,42,22,30,16,26,39,41,40,47,51,37,40,37,27,31,39,17,26,34,29,25,35,35,35,42,21,25,34,34,36,31,35,35,42,44,35,24,38,40,42,26,41,27,41,38,35,25,35,39,30,33,27,38,43,29,33,35,37,26,24,36,31,38,29,19,32,36,29,25,41,27,27,29,31,29,24,26,37,46,30,36,43,36,34,25,33,25,23,27,34,29,28,34,29,39,28,39,44,31,33,38,27,39,28,38,32,39,22,29,27,34,24,44,38,36,30,37,37,45,37,44,40,32,40,29,39,37,39,40,40,35,26,36,27,38,24,38,38,41,42,43,32,29,27,41,34,25,38,35,26,32,40,37,24,36,24,22,36,40,32,36,31,26,31,29,38,29,24,34,37,33,38,36,37,27,21,37,22,30,29,34,45,35,40,32,20,32,41,33,25,22,27,28,31,35,30,22,34,37,19,34,41,39,37,44,39,21,35,29,32,27,38,34,34,33,33,27,44,31,33,38,37,47,37,27,25,41,23,23,27,38,24,34,29,28,32,27,41,29,29,19,29,27,25,32,35,36,30,24,34,31,20,30,24,31,33,23,23,33,32,30,37,33,32,33,35,41,27,24,22,32,35,45,40,32,23,33,37,26,32,37,19,41,35,37,40,42,18,27,19,35,42,38,37,28,35,25,31,27,25,47,34,39,33,31,33,36,33,34,36,42,31,22,31,26,37,40,21,29,45,32,33,36,37,33,33,25,28,37,29,35,38,35,19,33,40,39,37,35,17,41,30,25,37,31,42,19,37,28,32,21,38,30,34,41,30,36,33,24,29,21,34,34,26,19,28,41,24,36,31,31,28,29,19,35,30,33,33,27,40,27,41,21,34,37,41,36,28,29,31,32,32,31,39,28,29,28,37,34,41,38,37,37,38,38,36,36,36,36,35,39,23,27,28,46,40,43,22,39,38,36,37,42,36,34,22,25,22,35,42,34,37,30,37,43,29,35,36,37,36,34,43,33,32,42,41,41,37,38,36,39,32,36,38,36,36,20,38,29,41,39,38,29,38,23,28,35,25,33,45,43,31,24,18,38,29,31,49,33,31,31,26,35,41,39
37,32,38,29,36,37,30,26,26,37,34,38,45,35,39,39,39,38,29,32,32,34,37,32,22,29,27,32,22,28,35,24,29,38,35,29,30,30,20,37,37,32,26,39,42,27,33,32,32,33,30,46,35,38,36,37,45,36,35,39,20,37,41,31,23,46,37,34,35,28,33,19,32,21,43,18,25,45,37,32,43,30,34,31,31,37,35,34,26,50,34,31,48,27,23,35,29,24,42,31,37,32,29,29,28,35,22,37,38,29,30,32,26,34,31,41,39,34,42,29,36,30,30,31,29,40,19,32,35,25,31,32,34,29,34,28,36,30,39,33,30,36,18,31,37,29,25,34,37,17,31,41,38,32,38,29,35,34,40,30,23,41,29,42,43,36,37,26,32,23,34,33,26,45,46,34,39,43,26,31,24,36,29,45,18,30,31,30,34,28,30,39,32,28,31,34,31,40,36,31,32,23,32,25,21,25,25,20,26,40,30,22,37,36,39,15,42,43,35,40,23,29,35,37,30,36,24,37,22,32,28,46,22,30,24,32,35,20,34,35,34,29,44,27,33,37,36,34,33,40,32,39,32,26,45,31,35,32,23,34,27,45,38,34,28,30,46,30,37,32,23,37,39,21,31,31,40,36,37,39,37,28,38,28,39,40,39,32,27,37,41,32,23,24,32,37,36,32,17,40,38,25,17,36,34,32,40,29,34,32,33,37,24,41,40,31,35,37,33,28,38,37,20,25,37,32,29,25,26,15,28,24,20,26,40,31,33,32,44,34,34,26,25,30,36,30,33,25,18,37,18,34,27,32,39,20,33,25,20,23,40,35,22,35,22,32,37,20,45,32,38,32,37,37,33,40,31,26,25,35,22,30,30,24,31,34,42,36,38,25,37,22,38,35,33,34,40,45,33,31,35,41,31,37,34,35,37,41,28,37,43,29,25,40,36,41,30,37,28,31,21,38,37,34,36,29,36,23,40,36,38,39,24,27,42,34,25,36,43,33,37,35,29,33,20,34,21,37,36,35,36,34,38,32,34,26,39,44,36,28,37,25,21,44,20,27,40,36,40,36,27,27,23,28,34,30,33,32,29,36,40,35,23,34,31,39,33,33,27,31,32,39,33,33,21,36,28,40,38,29,18,21,35,39,25,43,30,40,38,44,23,41,32,23,43,23,24,30,32,44,34,37,19,34,33,37,36,21,44,23,28,35,33,41,36,37,34,46,16,26,38,21,35,25,21,31,20,38,37,39,38,33,36,27,28,25,30,34,14,28,25,30,35,37,38,44,31,22,23,31,44,33,31,26,33,26,21,44,45,19,34,45,38,29,32,28,30,38,33,25,19,38,35,26,33,26,42,31,31,35,30,38,44,34,39,35,34,26,32,34,47,29,37,32,41,39,33,39,36,34,33,36,26,26,41,31,35,24,27,23,20,41,33,35,34,34,48,34,33,34,31,18,27,35,40,39,26,34,21,32,42,34,18,38,33,35,42,37,34,40,33,27,50,41,16,36,25,35,23,30,35,38,40,46,39,39,32,39,25,34,34,20,28,19,40,44,41,30,22,37,30,26,35,35,31,31,33,29,36,34,36,28,35,43,24,39,25,38,41,36,37,30,22,32,27,29,37,25,34,35,36,22,37,38,34,43,32,31,30,29,33,33,26,22,35,22,41,32,23,34,34,35,32,25,34,21,31,34,19,32,22,37,26,33,28,30,34,24,26,29,34,23,34,42,36,29,23,32,38,35,31,33,37,39,29,38,45,32,38,35,28,34,35,21,30,35,34,31,28,22,41,35,31,27,38,27,34,24,27,33,37,25,38,34,21,35,34,28,31,34,29,24,31,36,20,24,38,40,27,22,28,24,21,30,32,30,32,22,35,33,29,41,28,46,38,44,29,23,27,44,25,40,39,34,31,36,33,39,39,44,21,40,31,38,25,40,32,36,41,31,32,32,27,41,22,39,33,31,32,31,21,37,37,37,36,43,23,35,21,30,37,26,22,24,35,21,42,42,34,35,33,17,34,31,46,34,24,35,41,44,23,32,35,32,32,36,32,28,38,42,41,32,39,38,33,31,20,27,33,41,37,21,28,45,42,30,35,27,36,36,42,39,26,37,29,19,31,31,45,29,31,38,26,33,39,31,24,31,33,23,30,34,28,31,33,35,30,31,36,34,37,30,43,33,38,36,32,39,29,25,38,38,31,35,19,46,32,35,33,26,36,28,38,22,32,20,24,40,40,39,36,37,43,34,38,28,22,37,35,26
19,24,24,33,32,37,39,28,20,38,33,21,33,45,33,31,27,34,44,40,23,48,36,35,34,27,34,35,26,36,28,29,28,35,39,24,28,31,37,37,33,39,37,22,20,38,25,35,30,29,29,31,42,34,40,32,26,21,24,33,24,34,32,22,37,28,26,24,45,21,36,30,33,32,37,32,41,34,40,24,27,22,36,38,27,25,28,36,36,22,36,42,25,23,37,33,41,33,38,30,41,30,31,21,35,35,30,45,23,35,37,28,37,39,34,32,34,29,29,36,32,28,34,38,29,39,26,38,29,34,33,45,27,29,27,31,22,24,38,29,38,29,43,36,40,33,38,19,29,38,34,36,36,30,23,19,35,34,31,29,24,40,32,31,22,33,33,27,46,33,35,24,30,37,36,31,31,27,35,31,34,40,42,29,27,30,40,36,36,26,32,34,34,38,33,40,41,35,18,40,22,32,26,35,36,33,28,35,35,32,30,24,35,39,32,32,35,37,34,26,34,36,23,34,35,34,20,41,42,42,30,34,30,34,32,34,22,34,37,40,39,36,40,32,39,46,46,28,27,24,31,31,40,28,36,26,31,27,33,40,36,24,33,37,19,41,38,36,35,29,17,31,26,24,34,29,31,28,28,38,41,36,35,31,22,33,25,32,27,29,37,43,42,29,30,29,34,15,33,31,36,40,34,34,40,36,33,31,24,38,27,26,30,46,37,35,44,33,38,37,18,27,20,37,35,23,38,34,26,38,20,33,38,30,24,32,39,38,33,26,22,34,35,38,40,38,27,18,33,30,27,35,32,36,28,31,24,40,34,32,37,34,21,31,35,22,36,36,27,32,28,34,20,33,26,31,32,26,31,27,39,42,21,31,38,39,25,37,29,31,32,41,38,24,28,37,26,39,36,32,30,34,33,26,24,32,24,35,36,38,22,37,46,21,32,29,16,22,39,26,40,40,28,36,36,35,38,33,25,39,33,33,41,39,39,39,43,31,28,36,26,28,36,36,30,32,36,25,30,45,40,36,29,28,21,27,37,36,34,36,32,33,33,41,35,42,44,34,30,32,38,27,31,38,32,35,22,23,39,42,24,23,32,20,36,22,21,23,37,41,34,28,29,35,27,37,36,23,33,31,21,22,33,34,39,19,33,31,42,36,33,36,18,33,33,31,35,27,32,20,43,28,21,28,28,22,31,34,38,20,31,27,26,37,31,21,29,35,37,32,29,26,36,37,36,23,35,34,23,28,32,45,36,28,22,51,32,38,36,43,34,42,31,31,25,33,35,31,37,38,22,46,24,25,31,27,27,30,34,29,37,25,27,24,29,32,31,36,26,35,19,36,36,36,40,24,25,24,29,41,33,37,29,38,35,35,42,33,31,22,23,26,44,30,24,34,37,37,25,31,22,37,24,30,24,32,34,29,32,28,37,26,33,33,36,30,27,38,35,27,46,28,28,25,31,27,40,29,36,40,33,31,38,39,31,35,29,24,34,39,32,35,41,28,34,36,37,33,20,28,32,29,32,36,39,20,30,33,37,41,31,29,26,29,48,33,33,28,35,36,43,42,28,19,41,34,20,39,31,30,37,37,42,26,42,41,32,22,32,24,28,17,38,32,29,38,36,33,34,38,36,23,32,32,41,14,34,40,40,31,30,33,40,40,42,25,20,40,38,22,35,33,22,32,33,41,24,30,27,33,40,26,29,30,26,22,33,45,37,37,31,27,30,21,25,33,27,30,39,43,36,34,22,27,30,38,40,31,32,36,27,38,44,31,44,38,29,26,33,28,40,30,28,43,31,37,28,33,28,36,28,21,30,32,17,30,45,27,25,30,28,37,35,23,38,34,38,30,34,35,37,26,40,25,28,39,35,29,38,23,25,39,25,38,36,27,35,44,24,36,36,38,27,30,22,36,43,27,28,29,34,25,37,33,29,18,36,33,37,33,21,20,33,48,37,43,30,35,37,37,26,31,31,25,28,40,19,30,39,33,36,42,35,34,34,30,36,33,25,23,35,35,30,27,36,30,36,39,32,34,32,36,27,33,37,35,43,25,26,23,21,34,31,28,33,27,23,39,26,32,29,22,35,30,36,42,34,28,33,32,39,31,33,29,37,31,38,32,25,20,36,20,36,27,36,39,32,31,27,33,40,29,37,35,41,29,30,31,37,37,25,44,27,32,36,27,23,31,36,34,39,43,23,32,32,32,32,28,37,38,31,30,31,25,26,23,34,20,41,39,34,40,29,33,41,30,32,35,32,42
40,29,34,26,34,20,31,39,38,25,32,34,17,19,28,33,40,39,39,35,35,32,35,33,35,26,31,35,46,39,34,34,18,25,32,43,35,41,36,27,32,29,32,28,37,29,26,21,29,35,26,32,39,31,33,27,35,43,35,35,32,25,30,36,40,33,37,31,27,18,32,44,39,32,23,32,36,35,34,42,35,30,39,40,27,35,25,37,44,38,44,33,30,29,32,35,28,22,41,36,18,33,15,30,36,34,30,34,27,29,26,27,27,26,36,29,20,26,30,30,38,45,41,32,25,32,28,32,45,40,35,36,31,40,30,31,38,26,29,34,28,35,42,37,37,36,33,29,33,24,33,27,36,36,14,37,35,32,36,41,33,22,43,33,37,37,34,26,36,32,30,28,20,39,44,32,29,33,37,27,37,30,24,30,22,33,27,43,37,28,34,39,28,40,19,31,36,17,34,37,33,24,40,43,36,41,21,47,41,25,33,26,40,35,36,23,46,36,30,36,31,20,25,28,23,30,39,26,35,40,26,34,24,34,19,33,26,25,34,39,30,23,30,35,37,43,44,32,33,41,30,24,35,34,37,30,32,34,36,40,27,26,33,27,31,33,44,33,34,39,39,25,39,26,29,21,44,42,34,34,41,36,39,33,29,25,31,38,30,35,35,29,35,41,31,37,31,22,29,34,21,26,43,35,32,29,30,34,33,36,29,37,37,49,37,39,34,40,36,22,36,22,34,33,42,32,37,25,37,29,38,36,35,26,30,22,34,31,40,38,25,30,26,23,39,37,40,29,39,41,32,40,31,27,27,18,32,30,36,25,27,25,26,35,37,24,35,36,37,39,33,26,32,34,20,23,22,35,33,33,34,34,35,23,41,37,26,28,15,30,22,33,18,39,29,40,25,22,30,37,35,39,31,33,36,31,37,22,36,39,34,26,35,31,19,44,41,29,25,44,40,24,28,34,30,32,24,31,33,28,28,40,33,32,39,31,34,34,23,36,35,31,36,42,40,30,35,33,29,41,23,46,38,38,21,32,38,33,28,34,33,31,27,39,21,32,28,41,36,25,37,40,24,30,30,37,29,16,25,38,25,24,35,31,26,40,23,31,32,35,28,30,35,42,28,35,22,38,22,29,31,38,45,24,37,24,24,35,40,39,34,36,34,31,42,40,36,30,38,32,35,44,39,34,27,32,37,26,28,24,27,28,29,32,40,22,33,34,34,41,29,43,27,34,31,32,33,35,37,24,46,35,26,27,35,36,30,30,45,43,35,34,34,32,26,37,35,34,34,35,26,39,46,35,26,35,27,31,35,33,39,38,40,34,25,35,39,24,31,30,26,29,40,35,31,26,31,29,29,31,36,40,35,31,44,32,31,21,22,29,42,28,25,34,37,35,31,25,36,40,33,30,38,40,37,40,35,29,35,22,37,20,35,23,26,32,19,31,38,37,35,34,38,30,22,30,30,30,43,37,35,28,37,26,22,35,37,32,26,20,29,43,38,28,40,36,45,30,28,25,39,36,29,37,27,41,18,26,28,32,39,33,35,29,34,27,23,36,34,31,39,37,18,32,34,44,35,33,40,32,30,24,34,40,31,32,37,33,41,36,23,27,36,30,32,37,34,34,28,33,29,40,40,26,41,38,33,31,25,35,34,29,25,29,40,36,36,38,33,37,24,37,26,35,30,31,34,41,30,31,36,31,35,35,21,29,41,24,29,44,25,30,32,36,25,35,30,35,37,34,34,30,27,33,36,33,42,32,30,39,31,27,38,28,28,20,33,29,22,17,32,31,43,37,26,40,39,28,37,37,33,24,25,25,41,25,45,28,26,35,35,35,32,35,34,37,28,37,22,28,33,37,27,31,30,32,37,25,38,21,34,34,34,24,38,21,28,32,38,37,26,30,35,31,38,32,35,38,38,43,34,32,26,31,23,40,19,26,21,23,27,28,31,34,40,29,32,30,30,37,34,28,32,35,37,23,27,28,33,39,28,40,33,41,29,40,39,30,34,35,25,38,36,26,28,30,36,39,27,38,29,34,41,41,31,27,26,34,32,27,42,21,38,20,24,29,35,30,21,33,28,33,33,27,23,24,39,38,36,30,30,35,38,28,28,38,34,37,33,18,30,28,38,35,37,30,35,28,33,51,33,44,41,31,37,25,27,28,18,25,28,43,33,34,26,29,34,37,37,43,34,32,32,30,37,42,40,31,41,35,34,33,26,32,42,34,28,41,44,21,28,30,32,32,38,19,22,34,30,36
