r0,r1,r2,r3,r4,r5,r6,r7,r8,r9,r10,r11,r12,r13,r14,r15,r16,r17,r18,r19,r20,r21,r22,r23,r24,r25,r26,r27,r28,r29,r30,r31,r32,r33,r34,r35,r36,r37,r38,r39,r40,r41,r42,r43,r44,r45,r46,r47,r48,r49,r50,r51,r52,r53,r54,r55,r56,r57,r58,r59,r60,r61,r62,r63,r64,r65,r66,r67,r68,r69,r70,r71,r72,r73,r74,r75,r76,r77,r78,r79,r80,r81,r82,r83,r84,r85,r86,r87,r88,r89,r90,r91,r92,r93,r94,r95,r96,r97,r98,r99,r100,r101,r102,r103,r104,r105,r106,r107,r108,r109,r110,r111,r112,r113,r114,r115,r116,r117,r118,r119,r120,r121,r122,r123,r124,r125,r126,r127,r128,r129,r130,r131,r132,r133,r134,r135,r136,r137,r138,r139,r140,r141,r142,r143,r144,r145,r146,r147,r148,r149,r150,r151,r152,r153,r154,r155,r156,r157,r158,r159,r160,r161,r162,r163,r164,r165,r166,r167,r168,r169,r170,r171,r172,r173,r174,r175,r176,r177,r178,r179,r180,r181,r182,r183,r184,r185,r186,r187,r188,r189,r190,r191,r192,r193,r194,r195,r196,r197,r198,r199,r200,r201,r202,r203,r204,r205,r206,r207,r208,r209,r210,r211,r212,r213,r214,r215,r216,r217,r218,r219,r220,r221,r222,r223,r224,r225,r226,r227,r228,r229,r230,r231,r232,r233,r234,r235,r236,r237,r238,r239,r240,r241,r242,r243,r244,r245,r246,r247,r248,r249,r250,r251,r252,r253,r254,r255,r256,r257,r258,r259,r260,r261,r262,r263,r264,r265,r266,r267,r268,r269,r270,r271,r272,r273,r274,r275,r276,r277,r278,r279,r280,r281,r282,r283,r284,r285,r286,r287,r288,r289,r290,r291,r292,r293,r294,r295,r296,r297,r298,r299,r300,r301,r302,r303,r304,r305,r306,r307,r308,r309,r310,r311,r312,r313,r314,r315,r316,r317,r318,r319,r320,r321,r322,r323,r324,r325,r326,r327,r328,r329,r330,r331,r332,r333,r334,r335,r336,r337,r338,r339,r340,r341,r342,r343,r344,r345,r346,r347,r348,r349,r350,r351,r352,r353,r354,r355,r356,r357,r358,r359,r360,r361,r362,r363,r364,r365,r366,r367,r368,r369,r370,r371,r372,r373,r374,r375,r376,r377,r378,r379,r380,r381,r382,r383,r384,r385,r386,r387,r388,r389,r390,r391,r392,r393,r394,r395,r396,r397,r398,r399,r400,r401,r402,r403,r404,r405,r406,r407,r408,r409,r410,r411,r412,r413,r414,r415,r416,r417,r418,r419,r420,r421,r422,r423,r424,r425,r426,r427,r428,r429,r430,r431,r432,r433,r434,r435,r436,r437,r438,r439,r440,r441,r442,r443,r444,r445,r446,r447,r448,r449,r450,r451,r452,r453,r454,r455,r456,r457,r458,r459,r460,r461,r462,r463,r464,r465,r466,r467,r468,r469,r470,r471,r472,r473,r474,r475,r476,r477,r478,r479,r480,r481,r482,r483,r484,r485,r486,r487,r488,r489,r490,r491,r492,r493,r494,r495,r496,r497,r498,r499,r500,r501,r502,r503,r504,r505,r506,r507,r508,r509,r510,r511,r512,r513,r514,r515,r516,r517,r518,r519,r520,r521,r522,r523,r524,r525,r526,r527,r528,r529,r530,r531,r532,r533,r534,r535,r536,r537,r538,r539,r540,r541,r542,r543,r544,r545,r546,r547,r548,r549,r550,r551,r552,r553,r554,r555,r556,r557,r558,r559,r560,r561,r562,r563,r564,r565,r566,r567,r568,r569,r570,r571,r572,r573,r574,r575,r576,r577,r578,r579,r580,r581,r582,r583,r584,r585,r586,r587,r588,r589,r590,r591,r592,r593,r594,r595,r596,r597,r598,r599,r600,r601,r602,r603,r604,r605,r606,r607,r608,r609,r610,r611,r612,r613,r614,r615,r616,r617,r618,r619,r620,r621,r622,r623,r624,r625,r626,r627,r628,r629,r630,r631,r632,r633,r634,r635,r636,r637,r638,r639,r640,r641,r642,r643,r644,r645,r646,r647,r648,r649,r650,r651,r652,r653,r654,r655,r656,r657,r658,r659,r660,r661,r662,r663,r664,r665,r666,r667,r668,r669,r670,r671,r672,r673,r674,r675,r676,r677,r678,r679,r680,r681,r682,r683,r684,r685,r686,r687,r688,r689,r690,r691,r692,r693,r694,r695,r696,r697,r698,r699,r700,r701,r702,r703,r704,r705,r706,r707,r708,r709,r710,r711,r712,r713,r714,r715,r716,r717,r718,r719,r720,r721,r722,r723,r724,r725,r726,r727,r728,r729,r730,r731,r732,r733,r734,r735,r736,r737,r738,r739,r740,r741,r742,r743,r744,r745,r746,r747,r748,r749,r750,r751,r752,r753,r754,r755,r756,r757,r758,r759,r760,r761,r762,r763,r764,r765,r766,r767,r768,r769,r770,r771,r772,r773,r774,r775,r776,r777,r778,r779,r780,r781,r782,r783,r784,r785,r786,r787,r788,r789,r790,r791,r792,r793,r794,r795,r796,r797,r798,r799,r800,r801,r802,r803,r804,r805,r806,r807,r808,r809,r810,r811,r812,r813,r814,r815,r816,r817,r818,r819,r820,r821,r822,r823,r824,r825,r826,r827,r828,r829,r830,r831,r832,r833,r834,r835,r836,r837,r838,r839,r840,r841,r842,r843,r844,r845,r846,r847,r848,r849,r850,r851,r852,r853,r854,r855,r856,r857,r858,r859,r860,r861,r862,r863,r864,r865,r866,r867,r868,r869,r870,r871,r872,r873,r874,r875,r876,r877,r878,r879,r880,r881,r882,r883,r884,r885,r886,r887,r888,r889,r890,r891,r892,r893,r894,r895,r896,r897,r898,r899,r900,r901,r902,r903,r904,r905,r906,r907,r908,r909,r910,r911,r912,r913,r914,r915,r916,r917,r918,r919,r920,r921,r922,r923,r924,r925,r926,r927,r928,r929,r930,r931,r932,r933,r934,r935,r936,r937,r938,r939,r940,r941,r942,r943,r944,r945,r946,r947,r948,r949,r950,r951,r952,r953,r954,r955,r956,r957,r958,r959,r960,r961,r962,r963,r964,r965,r966,r967,r968,r969,r970,r971,r972,r973,r974,r975,r976,r977,r978,r979,r980,r981,r982,r983,r984,r985,r986,r987,r988,r989,r990,r991,r992,r993,r994,r995,r996,r997,r998,r999
33,16,16,29,32,36,16,38,33,28,31,33,14,17,13,33,17,35,18,21,40,49,31,37,31,37,37,41,13,15,32,13,32,36,18,37,10,14,39,30,33,10,43,18,33,37,31,18,17,36,36,36,39,38,35,17,24,33,18,31,35,16,12,43,40,33,35,36,29,30,36,15,31,10,12,20,27,35,32,37,26,32,7,25,29,17,40,26,34,37,38,47,38,16,9,39,36,16,37,15,37,8,30,40,17,32,35,40,21,38,15,36,34,36,40,19,21,16,34,32,31,33,36,34,27,33,31,36,30,43,38,34,37,20,31,30,35,16,34,30,44,41,34,34,31,37,37,36,37,12,32,34,29,32,42,31,32,38,34,30,36,28,34,14,16,13,38,14,22,32,32,16,35,14,41,43,31,40,15,31,30,34,35,14,34,39,43,30,21,20,16,35,39,31,40,42,31,32,37,27,19,43,34,32,13,43,36,33,39,35,14,33,32,31,11,31,15,28,25,33,10,28,33,32,14,39,36,29,28,9,18,36,37,38,18,42,34,13,42,37,31,32,15,41,37,44,42,20,40,13,31,39,15,36,38,30,35,27,33,37,10,15,17,33,41,26,41,32,30,19,38,43,16,36,40,37,15,35,30,29,28,20,38,22,15,11,36,27,19,12,37,32,10,40,32,39,37,34,46,42,30,35,17,36,33,12,38,37,15,28,22,39,20,44,14,36,16,34,10,36,34,45,39,31,33,36,37,43,36,35,34,21,29,46,35,33,14,21,36,30,37,39,34,32,32,24,32,45,14,36,42,11,31,36,15,12,40,38,33,39,29,31,13,9,40,36,31,24,36,31,11,47,15,28,36,43,29,14,29,15,36,38,11,19,34,38,13,31,33,31,14,39,34,35,22,14,40,36,34,36,16,42,34,43,31,34,39,13,16,34,42,29,40,38,43,33,15,37,17,18,42,12,38,39,37,33,23,33,36,37,38,17,39,31,39,9,34,12,18,39,38,39,12,37,44,37,41,14,13,30,36,26,20,34,45,33,33,34,38,30,16,41,27,20,40,26,17,35,16,14,45,36,29,39,24,26,10,41,32,24,37,37,32,37,48,30,37,18,40,35,34,11,34,15,35,43,41,35,15,27,41,43,32,36,25,38,16,34,18,38,29,28,33,35,25,14,15,36,35,37,32,34,9,43,33,34,18,17,14,39,41,28,31,31,19,35,21,30,40,44,33,36,29,30,35,38,33,40,34,17,31,29,11,30,39,29,34,30,35,30,33,35,14,35,27,32,17,19,37,31,36,38,33,32,38,32,39,40,37,9,38,14,37,51,12,40,33,36,37,14,31,39,36,38,39,30,39,38,17,36,44,34,26,43,39,18,23,16,27,31,16,36,43,42,36,14,39,20,38,28,11,37,37,12,28,28,26,31,38,33,9,42,36,16,8,39,36,33,38,37,34,36,41,11,46,31,17,44,26,37,44,40,38,40,37,34,26,38,37,39,29,42,35,39,11,15,46,31,17,30,35,16,35,38,39,28,15,39,37,16,15,26,18,15,31,40,39,35,31,31,36,28,8,16,43,14,39,30,34,13,18,27,42,35,34,16,37,33,29,36,30,28,16,8,35,27,32,32,33,35,18,9,33,11,9,16,33,8,36,39,46,35,18,51,8,39,19,22,20,30,33,10,34,29,33,36,34,32,36,22,32,33,37,15,21,11,15,32,29,16,37,18,37,10,36,40,39,38,32,28,16,20,30,35,18,34,13,13,26,16,35,30,18,37,33,36,26,40,15,14,36,38,36,16,35,42,17,42,35,14,18,33,34,42,39,32,33,36,42,32,38,41,34,15,38,30,7,14,35,43,13,34,37,32,33,44,39,30,33,40,34,30,33,39,16,39,35,10,26,13,23,11,34,12,38,27,35,33,29,36,39,14,35,33,40,30,37,41,39,32,35,36,33,33,43,33,34,13,39,17,35,43,12,36,10,35,14,13,37,33,16,34,32,37,37,39,42,13,39,11,35,35,34,17,33,32,37,39,36,14,22,34,38,9,14,36,29,34,37,34,36,16,40,34,34,42,32,42,30,48,33,32,17,25,35,28,30,35,35,42,37,31,32,31,18,37,38,36,39,40,22,30,27,28,28,32,20,13,35,35,19,37,33,35,13,34,16,28,16,40,39,43,37,38,17,14,42,32,41,51,35,39,37,15,15,34,37,9,29,31,36,42,40,40,27,38,9,37,32,42,17,14,39,9,40,31,33,37,29,44
12,20,39,35,30,37,33,36,33,33,43,35,35,40,33,40,42,17,13,11,30,35,40,42,34,40,26,36,34,18,33,38,38,26,29,38,35,33,17,12,19,37,38,26,12,41,42,25,13,11,14,42,26,28,35,34,13,28,17,40,38,35,15,10,36,29,41,43,17,18,36,38,36,14,45,34,40,14,42,28,40,35,33,42,13,32,37,40,27,8,31,13,40,31,30,38,30,46,42,31,39,33,26,28,38,29,36,10,33,40,34,32,31,35,43,40,13,33,40,36,32,44,12,32,34,8,41,21,32,33,36,33,17,15,33,43,46,14,16,28,12,27,19,36,20,36,36,31,34,38,35,40,19,16,34,24,39,9,37,36,30,12,41,41,11,12,41,34,33,29,38,29,14,29,39,14,43,18,17,34,34,40,17,33,15,16,38,35,39,30,41,15,29,38,14,34,17,9,34,35,12,36,29,36,42,40,35,34,31,38,13,33,39,10,12,39,16,39,30,35,33,41,34,16,19,32,15,35,34,32,19,34,26,15,32,13,31,39,16,9,30,26,35,36,33,33,38,39,8,16,20,29,36,21,43,36,15,13,34,27,35,32,30,39,17,13,16,32,21,38,15,14,35,33,37,27,13,39,18,27,34,45,38,16,39,37,36,42,31,27,10,19,35,37,41,38,33,34,35,37,40,16,35,37,30,30,8,35,43,38,35,39,37,36,33,38,34,37,36,32,38,40,15,13,31,15,29,15,10,25,40,37,34,34,31,33,11,32,29,37,11,29,34,19,30,38,25,34,29,30,42,28,15,38,45,34,30,32,14,33,29,42,15,26,43,34,15,34,30,34,40,20,21,33,35,30,33,45,40,35,19,24,17,14,27,35,13,38,50,12,40,30,14,41,36,36,41,40,38,33,22,26,7,36,35,37,15,32,32,38,36,37,33,31,33,10,43,33,36,27,35,13,26,14,44,35,31,36,31,35,12,8,24,11,37,37,40,32,37,29,41,34,20,38,33,15,37,38,13,39,35,17,16,35,29,10,40,42,28,14,18,37,31,32,41,16,14,38,36,26,40,18,29,43,37,30,16,35,35,42,42,16,33,30,26,37,38,30,34,33,34,41,9,30,21,36,38,31,37,28,16,42,35,42,39,26,34,26,37,36,40,39,37,35,38,38,32,38,34,17,40,37,32,30,38,31,35,38,38,38,37,25,12,34,41,37,34,16,21,36,18,32,35,32,16,31,10,32,18,45,41,27,26,44,14,35,35,32,34,16,38,41,35,36,10,11,39,32,33,38,42,12,35,38,38,27,36,41,35,39,37,37,34,16,42,33,36,17,35,36,32,13,16,14,30,33,48,38,17,29,30,38,25,33,22,15,18,41,42,36,35,32,16,16,36,13,34,14,38,13,45,41,32,30,34,31,27,34,15,39,28,18,13,29,37,40,40,36,33,37,40,33,29,36,31,24,14,12,31,35,31,33,38,35,19,41,14,31,29,40,27,38,18,38,37,29,32,12,28,33,33,32,18,37,20,41,36,24,41,33,30,34,11,32,40,15,37,35,28,11,31,14,37,31,34,33,16,31,14,24,34,31,33,38,34,29,14,42,32,32,35,39,9,30,37,32,41,32,38,31,38,42,32,38,34,31,39,36,35,32,38,36,36,35,32,38,29,38,30,33,9,33,37,9,28,15,32,36,32,30,30,37,23,29,12,27,33,12,33,14,13,11,38,30,33,15,26,17,19,34,15,32,43,19,12,36,13,37,39,36,36,42,18,33,43,19,23,35,43,29,15,41,36,44,11,33,34,16,11,34,40,39,43,31,38,24,40,22,30,16,19,35,19,34,31,18,24,31,34,31,31,45,34,35,16,36,35,16,36,36,40,30,13,37,43,32,40,17,36,35,33,31,37,39,42,13,31,38,5,29,12,28,36,35,17,36,26,31,36,30,14,33,34,29,11,32,30,43,17,37,41,29,12,42,36,38,42,25,37,40,17,38,35,30,32,40,39,31,33,38,37,35,31,39,12,32,33,24,36,40,39,18,36,32,31,32,33,31,42,28,20,18,33,17,43,17,38,30,34,31,31,39,36,37,31,43,30,39,9,36,33,31,37,33,37,40,29,34,15,26,11,11,14,16,35,16,27,34,15,30,33,30,41,23,36,42,24,30,31,26,11,12,10,37,35,36,35,12,42,32,37,34,17,33,16,40,21,34,30,43,41,13,23,36,35,37,31,15,29,7,32,30,34,29,39,42,9,41,38,33
30,29,31,35,33,35,18,14,19,30,31,32,13,30,44,18,34,9,42,26,14,38,31,31,39,38,37,38,39,38,34,36,34,17,31,15,32,31,9,40,34,34,33,31,21,29,15,27,36,36,30,38,28,33,26,38,40,26,37,39,41,15,18,44,24,39,10,30,31,33,14,36,15,33,11,28,32,30,21,31,30,45,13,30,25,16,36,35,12,32,40,31,12,11,13,19,37,36,12,37,31,37,33,27,10,20,12,31,31,33,36,40,33,34,41,35,40,16,35,28,34,12,36,43,27,18,37,12,25,39,35,17,35,35,34,39,30,36,31,14,31,32,36,16,38,29,33,33,40,34,37,41,15,16,31,39,35,41,39,28,39,15,41,35,36,14,41,30,34,30,35,39,36,18,24,34,8,45,31,13,15,30,13,43,14,31,32,17,40,17,36,26,12,39,33,26,32,37,42,32,17,37,17,16,45,38,37,10,40,16,36,32,14,8,19,40,39,33,37,16,36,35,40,36,33,38,19,39,33,32,38,35,34,32,28,36,27,44,33,11,36,11,41,17,34,37,37,33,33,35,17,38,19,32,39,36,33,34,33,30,32,30,32,37,14,26,19,28,17,39,41,26,36,40,36,34,36,30,38,37,42,30,38,37,37,32,40,15,16,31,42,37,15,46,30,29,24,11,40,14,12,16,42,32,36,38,43,34,30,40,29,41,20,31,34,19,36,33,35,35,20,34,31,24,23,33,44,18,29,21,44,41,32,48,16,36,31,13,35,42,37,15,28,37,30,31,34,27,14,39,18,36,33,29,30,15,35,17,35,34,40,15,20,42,34,39,13,34,39,31,9,28,11,12,34,14,19,34,34,22,18,19,16,37,30,32,45,42,41,40,33,33,35,39,24,29,9,17,35,12,38,28,36,28,20,34,22,36,36,38,38,44,36,40,36,13,17,17,37,38,37,22,15,18,43,32,36,10,26,30,41,36,43,38,11,33,10,29,33,27,29,10,32,35,35,14,8,35,37,35,32,9,15,33,41,32,35,31,14,14,40,46,32,35,39,19,37,17,26,38,35,23,13,35,15,29,38,35,15,10,37,37,42,11,34,39,38,38,28,39,35,36,6,11,41,36,37,35,38,31,38,16,35,33,35,33,33,38,36,28,39,35,25,38,32,32,36,33,34,8,14,22,39,27,40,33,12,20,20,17,41,11,17,19,32,28,38,13,38,40,35,43,12,20,28,32,27,45,36,32,39,9,18,30,28,37,15,35,38,28,44,39,36,40,18,41,29,48,33,30,30,36,40,33,42,32,33,14,32,46,32,37,13,44,29,13,33,41,12,35,31,36,27,31,38,47,28,31,11,34,34,35,38,32,42,38,34,38,37,31,34,30,33,39,36,18,15,37,31,13,46,38,41,33,35,9,42,29,32,38,38,37,23,38,39,41,32,24,20,39,18,35,37,37,39,37,42,23,36,13,31,17,26,35,38,9,33,12,41,33,36,35,33,29,28,32,38,29,32,39,15,35,42,19,38,36,36,41,39,32,31,38,36,16,30,26,43,34,9,34,13,41,31,37,34,35,30,39,37,26,14,17,30,31,14,36,35,41,30,36,14,34,20,12,11,10,13,30,40,27,17,20,31,34,13,10,46,37,32,18,38,35,40,41,33,22,32,38,32,33,15,21,29,36,28,10,47,33,12,37,33,13,17,43,41,26,30,40,16,35,32,20,41,20,18,13,33,26,9,26,16,21,31,20,37,30,28,37,30,31,33,35,34,33,36,37,38,11,30,44,28,35,32,45,41,38,41,18,21,33,39,30,33,13,32,19,18,29,34,35,35,13,40,29,14,35,38,15,17,42,25,31,38,24,38,38,33,14,17,19,15,29,18,10,41,37,33,16,16,44,31,15,32,18,12,41,14,35,27,40,38,29,39,34,27,31,44,13,37,21,38,39,37,40,13,25,41,15,12,46,34,31,36,34,34,9,30,34,12,32,33,13,37,34,16,18,26,13,40,32,36,48,34,8,37,40,16,35,31,34,32,36,6,36,33,38,33,24,38,31,38,38,44,19,38,43,15,38,42,14,19,47,40,37,19,35,36,34,16,12,37,8,37,37,40,15,32,16,39,39,37,37,29,19,36,42,15,29,32,30,29,34,33,14,33,32,22,37,36,40,46,12,8,36,40,25,33,34,14,11,19,36,31,32,15,31,35,37,37,19,32,30,16,34,27,28,35,39,32,14,29,31,39,36,38,36,36,26,42,15
37,43,29,15,33,12,17,16,19,30,12,31,37,31,40,29,29,16,37,29,37,27,29,32,36,41,38,35,37,12,38,28,31,33,38,14,46,34,39,47,33,15,15,12,25,29,36,36,18,32,36,37,33,39,34,31,33,32,32,30,38,41,30,17,31,36,39,43,39,30,41,35,11,34,11,32,34,40,36,16,11,12,39,38,20,17,37,19,33,38,42,14,17,19,36,38,43,42,33,33,28,32,30,11,13,37,18,33,44,33,35,26,14,39,39,34,32,37,34,36,43,31,34,42,33,14,44,35,13,27,33,32,33,36,30,36,18,35,33,11,35,40,20,40,37,39,13,27,29,36,24,32,33,16,39,38,35,34,37,30,32,36,29,28,13,30,35,32,38,40,19,23,28,15,33,38,40,40,31,39,37,36,30,29,39,19,29,34,36,34,39,13,32,36,31,38,7,35,33,31,12,12,36,31,30,13,30,34,27,37,14,29,18,20,37,31,36,31,12,30,39,29,36,36,16,19,32,7,36,13,16,38,42,6,37,40,20,31,48,41,22,40,32,13,20,15,34,35,35,39,10,29,31,37,33,23,30,31,21,10,34,42,31,34,40,17,36,40,11,14,15,11,15,38,23,30,40,36,20,39,37,36,11,28,30,32,31,39,31,44,39,42,12,19,14,41,27,36,15,41,26,20,37,32,33,41,38,38,15,33,34,36,45,27,32,33,35,37,43,37,44,35,32,38,15,19,32,40,18,38,35,34,37,42,43,13,46,29,16,32,15,39,39,32,39,20,40,28,32,22,34,18,27,30,39,37,29,40,39,20,44,16,43,32,9,33,33,36,35,15,19,35,31,36,26,19,39,13,37,12,40,34,42,34,49,27,43,38,31,13,25,15,38,28,37,30,11,38,41,27,37,39,30,35,32,15,39,31,15,10,33,35,14,44,38,38,32,33,32,9,35,39,32,31,18,38,35,37,32,36,31,39,32,33,36,40,11,36,32,41,19,31,30,33,14,27,15,29,36,32,33,30,31,15,37,12,42,31,16,30,29,27,40,33,39,19,35,27,30,37,33,38,13,32,41,37,33,37,35,30,41,41,13,36,36,15,30,33,21,25,25,37,20,28,40,10,14,32,28,37,27,33,40,22,11,20,40,36,28,28,33,18,31,41,44,33,37,42,31,10,13,50,32,39,40,35,36,37,27,32,14,37,42,20,32,13,30,34,36,33,14,22,19,31,38,36,13,46,17,12,32,26,41,41,13,17,34,30,30,29,36,35,20,44,33,45,31,41,13,12,11,37,29,38,42,31,39,31,37,33,36,30,37,34,37,40,33,13,33,14,41,11,37,43,39,35,45,14,31,13,31,14,39,37,15,44,38,33,14,37,33,28,34,15,34,31,19,13,29,38,34,18,25,20,42,40,30,34,30,16,15,32,20,31,33,9,33,12,39,11,31,34,35,19,19,29,34,34,35,40,45,24,15,26,38,46,36,16,19,40,23,30,29,23,31,36,31,37,37,42,13,31,33,13,28,43,12,13,20,36,20,35,36,37,38,29,41,40,33,30,38,40,36,35,34,28,43,16,20,16,16,15,19,15,27,36,41,28,19,32,35,34,42,38,38,37,39,33,27,35,39,31,12,18,44,13,38,30,36,40,11,31,28,35,18,28,13,31,13,34,36,43,38,39,37,34,28,35,14,17,39,36,30,32,31,7,30,22,33,35,38,18,13,33,36,27,12,29,29,17,21,23,36,43,44,34,15,35,16,36,34,34,31,32,15,32,42,34,11,45,31,39,12,33,39,36,28,42,38,10,37,34,23,13,40,11,39,33,28,16,41,34,34,16,29,31,35,37,27,31,37,16,25,28,32,10,36,39,37,31,39,38,13,35,35,38,37,42,41,33,35,31,36,37,37,35,28,18,24,43,16,35,45,36,32,35,36,34,27,17,38,15,46,18,32,13,13,18,38,28,27,34,34,39,15,26,33,35,12,19,33,35,34,32,31,18,15,39,39,32,39,24,33,27,34,35,32,30,28,18,33,33,34,33,16,38,42,33,38,15,33,13,34,35,15,33,32,29,34,21,34,31,32,24,30,27,34,28,16,36,39,39,36,12,16,29,35,32,35,36,19,31,8,35,13,22,32,36,24,28,40,45,38,38,36,37,15,13,29,32,30,33,16,38,34,35,47,36,31,37,14,14,8,14,36,19,11,30,36,38,16,41,39,13,38,17,37,36,33,28,37,18,37,15,32,31,30,13,31,34
14,37,18,22,41,35,17,25,39,27,36,37,39,37,42,28,37,37,13,22,35,13,37,34,30,16,34,36,15,31,18,37,16,39,34,30,27,35,42,43,15,21,16,37,14,11,33,18,35,37,14,30,44,24,33,43,34,29,14,32,38,19,12,30,35,21,39,32,6,16,32,43,32,30,41,35,31,11,35,37,31,23,42,29,41,30,36,31,12,12,26,39,10,33,33,18,13,35,39,17,20,42,35,30,39,36,31,31,17,17,17,30,35,9,14,44,30,33,32,35,15,34,33,36,37,34,33,38,33,37,20,31,29,29,16,31,37,38,39,43,33,34,30,32,36,11,31,13,35,33,35,13,33,14,40,33,45,18,25,15,36,34,37,31,9,44,41,37,39,11,13,34,8,14,44,36,17,35,41,29,30,38,29,31,19,34,38,39,35,19,33,28,35,25,43,38,32,35,9,35,34,41,12,29,41,33,33,14,43,13,19,30,13,31,37,21,32,12,12,31,39,26,29,26,33,27,37,36,33,40,37,29,40,33,40,30,40,13,35,35,35,46,33,50,34,41,29,16,32,39,42,29,36,33,15,41,32,44,14,28,38,37,44,43,33,15,42,38,12,10,38,40,26,14,37,34,12,39,31,35,40,35,13,23,36,34,11,17,34,36,42,15,40,30,38,12,32,38,29,35,33,33,38,27,22,14,36,36,39,37,28,30,30,12,38,33,16,30,43,37,33,16,12,31,36,37,43,10,32,40,28,42,34,36,21,33,40,34,12,14,38,36,16,9,36,13,19,31,35,30,10,30,13,37,34,35,35,26,38,32,37,35,33,14,7,29,27,14,18,22,39,37,39,37,32,38,33,13,39,34,17,15,31,32,32,36,30,40,39,36,34,46,42,13,29,32,20,20,41,35,29,29,36,32,15,30,37,16,36,16,40,31,34,35,39,15,34,12,19,34,12,30,31,30,31,37,18,41,31,35,34,41,32,30,36,31,35,19,23,35,12,14,40,19,21,36,49,42,38,34,33,29,15,30,32,30,34,36,39,33,32,36,38,25,12,17,38,42,32,40,16,35,39,33,40,15,30,38,40,16,35,42,29,41,36,42,16,34,31,36,19,16,11,43,36,12,13,33,29,17,33,17,37,14,20,35,16,12,39,38,31,39,48,30,41,8,31,24,29,34,22,24,38,38,36,13,12,39,12,19,41,31,14,30,32,35,42,33,17,34,13,33,34,39,33,22,18,29,21,38,29,30,19,13,34,14,45,38,39,31,32,41,32,26,35,16,35,19,29,36,31,30,13,32,40,42,15,16,32,37,32,35,9,17,32,43,37,13,39,17,40,29,35,17,40,40,36,26,25,29,23,34,30,38,28,16,15,27,27,29,40,42,31,11,37,31,6,30,44,33,16,34,50,34,21,37,16,34,18,33,38,8,31,33,31,31,37,37,36,13,31,38,35,39,22,37,35,14,32,34,27,29,18,30,40,13,38,35,39,37,34,26,20,35,16,36,36,14,41,35,38,39,17,39,35,34,41,34,32,33,36,10,29,38,28,46,15,40,35,35,37,17,30,36,36,38,34,38,37,40,14,16,16,34,35,27,42,33,38,35,41,22,16,36,28,17,32,32,45,24,31,38,37,32,31,14,43,35,41,36,30,11,47,12,16,30,16,41,12,16,32,20,16,28,30,32,29,18,35,41,38,30,23,9,3,29,42,37,17,28,39,40,14,40,37,19,31,33,42,27,34,40,36,36,32,15,32,27,38,43,30,31,36,32,7,35,34,40,10,35,35,38,33,41,41,19,37,36,19,38,16,30,34,15,15,33,33,10,15,34,27,33,41,37,29,36,32,37,16,18,15,36,29,34,37,34,29,37,27,33,23,36,36,36,40,20,31,33,13,6,26,17,17,32,18,43,48,34,40,35,29,28,35,24,31,35,38,31,14,34,39,44,16,50,24,41,18,33,28,23,30,29,38,29,29,14,15,38,34,46,30,33,36,31,33,36,34,34,16,28,38,30,27,36,16,32,27,41,33,41,35,43,40,11,15,36,12,33,28,43,34,36,38,48,15,31,36,34,34,17,9,34,43,15,36,39,39,38,13,35,43,37,28,30,35,47,11,14,17,30,39,39,18,29,35,29,32,18,33,43,9,26,25,34,43,35,38,33,18,18,30,15,29,42,38,39,35,32,34,18,11,36,32,33,36,33,34,37,13,34,36,35,28,31,38,14,16,38,35,34,39,38,34,29,29,36,31,31,32,34
16,13,42,35,37,35,40,31,33,32,14,39,26,32,13,35,39,26,28,32,33,24,34,37,10,31,12,41,27,35,33,20,29,32,33,20,32,35,38,18,18,40,30,36,16,40,13,37,39,32,32,36,15,18,33,13,14,25,11,14,38,12,38,30,15,11,37,18,21,13,33,6,17,10,18,16,35,22,36,37,12,43,42,38,31,36,35,35,35,14,32,33,32,32,21,14,30,20,19,34,37,30,39,28,27,16,38,30,32,35,32,12,36,37,37,26,33,37,35,44,11,26,36,33,29,30,31,17,30,27,17,35,40,31,41,33,29,29,39,46,29,20,35,36,29,34,40,33,36,34,37,31,42,16,15,39,41,11,41,33,35,38,38,11,35,11,36,35,20,26,18,37,37,36,10,41,38,46,28,42,33,38,11,16,13,36,38,8,36,37,18,34,16,36,35,31,29,28,28,20,33,40,14,11,35,40,33,32,33,39,19,10,40,31,11,37,34,32,30,11,35,34,31,38,36,12,37,35,29,31,31,36,20,32,35,15,35,29,35,31,36,37,30,26,25,33,8,39,31,15,39,30,33,14,37,36,31,39,31,17,22,34,37,36,36,39,34,19,19,20,36,16,39,34,36,39,40,17,33,28,19,39,17,16,36,15,32,13,35,35,36,17,35,18,35,23,37,9,40,32,38,30,16,36,13,33,12,30,16,17,33,14,12,16,33,28,11,27,29,14,43,33,39,17,31,42,37,35,30,46,35,13,34,27,18,19,38,29,41,25,42,37,14,35,40,36,13,39,17,36,34,30,39,17,17,34,34,18,16,38,35,12,33,36,41,30,17,26,34,34,30,34,32,35,35,34,32,19,38,41,11,14,24,41,14,40,38,39,16,36,47,11,37,12,18,32,18,37,31,21,29,16,38,27,35,14,16,36,28,35,38,37,8,37,21,32,39,13,37,18,35,38,18,34,40,35,37,40,37,38,37,35,18,12,29,33,27,15,29,24,37,14,16,41,32,13,31,32,42,40,36,39,35,32,37,38,33,21,13,12,11,39,22,35,16,18,35,30,14,34,42,37,38,14,38,16,26,39,40,30,22,37,34,46,35,33,38,14,16,31,32,33,32,33,40,35,12,28,34,13,20,39,10,20,42,36,34,28,36,40,36,32,10,33,42,18,38,32,37,12,31,30,32,30,18,33,32,35,32,10,36,34,42,35,37,22,16,25,42,38,36,30,33,26,23,13,21,34,16,12,37,35,37,14,38,37,29,14,39,31,35,32,41,14,44,34,38,38,35,38,32,27,42,30,36,31,10,43,35,33,33,35,32,37,38,37,14,25,35,46,8,14,37,14,38,18,39,16,15,15,17,43,16,11,32,14,39,33,35,20,42,32,36,17,11,27,33,40,31,36,42,33,40,35,33,36,35,16,36,34,37,36,40,25,38,9,14,32,13,35,8,36,35,30,14,41,33,44,21,29,35,21,30,36,37,20,40,27,36,15,40,35,25,13,34,27,21,29,17,30,37,29,38,33,45,39,15,30,21,6,13,39,35,20,15,12,33,37,15,16,35,40,35,40,35,12,15,38,35,32,33,37,42,18,16,34,36,36,22,15,29,34,34,38,37,17,14,33,30,37,18,33,38,29,33,10,18,45,35,31,11,34,29,42,38,34,39,15,13,27,11,14,14,12,44,19,36,39,35,16,43,16,13,32,30,32,44,19,15,41,10,12,34,11,14,23,15,34,28,38,40,38,38,30,18,42,31,40,31,35,14,37,29,33,8,32,35,36,42,33,15,14,37,37,15,29,35,35,31,36,29,31,14,35,35,30,38,39,15,31,34,39,13,23,33,32,35,35,41,38,37,33,43,34,35,15,38,42,40,24,35,31,31,28,14,38,32,27,31,36,37,35,12,41,36,39,39,39,36,34,42,30,39,33,32,17,33,23,37,40,32,43,29,45,37,38,34,10,14,11,42,33,13,12,44,32,10,13,45,41,37,33,37,39,35,32,9,32,17,35,15,24,19,36,26,35,32,39,35,33,41,16,28,31,35,33,40,27,35,28,37,27,10,33,11,42,40,33,14,32,21,29,17,34,34,34,33,36,37,34,38,41,33,34,35,28,13,40,33,31,18,36,37,33,41,32,32,10,33,39,45,45,9,10,37,13,40,16,12,17,41,21,40,14,13,37,33,14,30,32,12,38,33,13,26,38,38,29,32,29,42,29,20,28,40,19,36,18,36,10,20,41,38,29,30,14,9,38,34,14
13,42,37,9,34,41,16,24,39,49,25,34,38,39,14,44,47,45,34,15,29,33,11,15,36,13,33,32,27,30,10,14,16,30,37,40,12,13,38,29,33,19,13,29,33,24,38,39,19,40,15,39,41,28,27,26,38,43,36,39,41,11,38,34,20,46,33,23,40,37,36,28,5,14,31,38,36,30,40,15,26,32,34,12,35,32,20,30,33,37,18,25,34,19,35,34,8,14,25,42,12,39,36,17,34,16,11,17,34,30,34,27,40,39,39,20,14,18,16,34,22,28,33,28,28,33,34,33,37,27,32,29,38,36,40,31,41,11,33,33,13,46,37,31,33,30,42,34,33,33,33,37,35,39,32,12,38,15,18,37,31,19,39,15,16,40,14,32,12,33,36,34,42,16,38,28,35,15,10,35,13,35,22,12,35,35,34,35,34,34,26,36,15,37,36,35,36,41,34,40,13,35,35,29,30,40,16,15,39,44,41,36,42,16,39,17,16,34,35,29,22,16,32,35,8,38,35,35,33,34,33,14,15,34,39,15,9,39,32,25,40,35,33,19,42,38,35,39,42,13,35,48,12,33,33,15,39,36,15,39,39,28,16,35,35,37,36,6,12,14,13,37,26,27,36,42,31,10,40,35,35,33,22,33,21,34,43,14,32,34,34,41,18,20,38,41,38,33,38,36,34,17,37,32,12,34,29,33,41,38,26,13,25,39,31,32,16,15,33,13,38,14,36,15,19,18,32,34,14,31,22,11,10,12,26,35,28,29,15,32,25,30,12,16,30,15,39,34,18,35,38,32,37,12,38,32,37,33,34,39,30,12,18,12,36,16,38,36,37,36,32,38,15,23,42,40,42,37,34,39,36,40,31,12,24,38,32,14,46,24,34,37,37,15,29,32,39,37,31,36,36,30,37,17,36,34,46,37,36,23,30,7,17,28,37,36,10,40,30,18,39,35,37,32,36,10,39,39,26,35,16,19,18,26,38,16,35,44,16,42,33,35,30,28,40,38,34,33,33,31,42,37,38,40,16,35,8,35,42,31,17,14,35,12,17,38,39,15,30,18,37,15,49,15,32,34,33,13,31,33,32,37,36,33,29,18,15,23,33,13,12,38,34,37,43,34,15,15,37,10,17,35,13,29,36,29,17,34,33,13,37,11,36,39,7,13,16,40,14,37,13,36,37,37,38,15,13,28,30,32,30,36,12,31,35,18,40,38,40,9,25,19,36,33,25,34,34,36,26,33,30,33,14,37,18,34,9,12,39,12,21,36,18,36,38,20,33,45,26,40,31,18,14,19,37,33,32,36,31,20,21,38,17,35,34,16,35,28,33,37,44,15,11,37,31,42,18,36,14,27,36,38,39,36,37,27,30,38,38,30,34,28,32,35,42,30,13,32,20,36,29,13,40,38,15,35,29,22,39,33,31,16,33,45,40,44,39,13,38,29,17,30,33,31,15,37,21,32,34,20,40,32,40,30,37,34,29,37,36,34,12,39,12,38,32,23,34,42,37,39,36,8,35,45,11,39,35,27,39,12,31,39,16,31,12,43,43,31,19,32,18,36,14,34,12,33,25,37,40,39,16,33,15,32,44,38,20,38,35,24,34,8,36,34,22,36,38,34,35,35,36,18,41,10,36,49,34,35,38,41,26,18,36,36,26,35,34,40,36,12,11,29,12,28,31,39,16,35,20,36,33,32,11,28,38,35,13,41,41,37,13,35,38,30,13,36,36,12,14,42,29,31,12,31,37,11,37,39,19,36,36,13,14,40,37,12,33,24,32,29,38,34,30,17,32,17,16,36,28,34,15,14,41,29,37,37,30,39,29,37,29,33,31,34,23,33,33,39,14,32,32,29,40,36,38,15,30,15,37,39,9,33,32,14,37,12,21,11,33,41,34,33,32,10,28,33,32,37,36,33,38,37,36,35,29,38,35,19,39,11,36,39,36,13,45,34,34,44,40,36,31,33,15,37,35,36,18,41,33,46,33,29,37,10,32,12,29,11,29,30,10,31,17,33,31,37,31,13,6,42,37,33,16,34,30,15,44,25,38,38,31,32,39,16,17,19,38,28,38,23,38,32,33,16,38,33,30,33,20,28,39,15,41,17,18,40,39,11,38,34,31,18,18,25,28,15,17,45,32,22,37,42,38,31,17,40,29,29,34,40,38,41,40,16,30,35,33,19,10,28,8,33,36,33,39,34,29,32,31,46,34,37,39,31,15,13,31,39,34,14,30,28,38,21,36,42,29,33,18,9
36,13,37,34,13,37,17,17,18,43,41,26,37,36,36,45,16,32,39,18,28,40,13,35,34,14,20,31,36,35,28,34,37,40,8,33,41,38,35,33,38,14,16,17,38,36,31,33,17,18,41,35,31,19,32,36,27,15,38,22,36,11,33,33,35,14,35,27,41,17,16,28,31,17,19,12,18,36,38,16,38,43,38,33,33,31,32,31,39,39,34,31,33,36,38,21,35,28,34,17,47,12,34,42,45,43,36,37,35,16,14,14,33,33,35,16,15,7,40,18,25,35,36,27,35,30,13,40,43,33,35,17,34,15,19,42,37,37,37,11,37,16,39,34,31,31,32,12,47,31,31,26,8,30,33,33,14,33,15,20,35,30,44,14,30,42,24,42,37,37,30,9,12,39,41,12,33,26,39,41,16,10,16,31,42,14,27,34,32,29,38,43,8,34,28,16,42,19,36,30,36,17,33,12,31,14,16,32,11,16,17,36,35,19,44,15,32,13,43,33,16,38,36,31,29,20,16,36,32,31,13,15,38,35,15,28,16,34,36,35,33,11,39,38,12,28,15,11,38,29,33,32,19,33,36,32,37,40,18,8,26,33,15,34,19,14,34,40,38,35,38,16,17,37,16,28,35,38,33,36,39,41,36,32,14,40,35,11,33,34,32,30,27,36,39,12,32,43,25,29,17,24,36,11,9,31,39,11,33,47,33,37,31,35,46,33,14,13,41,34,41,35,14,34,15,11,30,36,41,14,38,37,19,13,40,13,14,32,30,38,36,37,43,42,38,10,19,42,36,22,32,39,49,39,36,26,30,13,37,33,32,39,14,20,32,37,8,33,24,10,37,30,34,18,16,15,15,10,13,36,35,30,36,38,18,41,30,41,27,34,37,33,34,45,14,34,34,30,33,6,39,32,40,35,16,16,33,48,10,35,40,33,35,30,31,36,9,39,16,33,37,29,39,35,33,27,13,30,37,15,20,13,26,41,37,9,43,37,39,39,36,39,36,12,35,37,35,39,21,38,15,35,12,38,43,27,33,23,38,37,29,28,32,43,35,29,30,34,43,32,17,39,40,33,31,38,27,34,37,38,12,23,40,38,13,19,34,36,11,37,35,17,36,29,12,36,15,33,17,15,11,28,18,42,39,17,31,12,40,12,29,21,36,32,33,32,36,34,33,17,36,9,37,20,19,35,40,11,25,21,39,11,23,12,11,15,38,36,29,35,37,33,36,32,39,41,46,34,39,31,21,16,43,31,28,32,37,34,34,36,33,33,17,19,40,10,14,38,34,40,45,13,39,35,17,45,33,16,36,32,33,26,12,40,33,33,43,37,41,17,40,32,18,14,37,29,16,28,25,48,30,36,37,14,33,18,40,38,29,29,31,14,13,38,36,33,33,41,10,38,28,28,22,36,13,36,14,42,15,34,12,33,28,41,30,27,30,32,42,29,36,35,31,12,18,25,32,30,35,31,37,39,30,33,22,17,41,40,36,38,28,31,8,26,13,33,16,38,31,15,33,39,34,38,35,37,33,34,40,33,30,17,33,27,9,22,36,40,34,36,36,6,35,34,35,29,12,39,37,30,41,15,38,16,9,31,36,43,12,31,37,37,16,35,33,38,19,32,40,39,30,30,39,39,10,32,6,33,42,35,35,39,41,33,37,34,40,41,39,12,38,36,34,13,41,39,25,31,38,33,39,33,35,38,39,18,37,7,28,36,33,39,39,20,42,43,30,33,33,37,39,28,40,41,39,13,34,45,32,14,40,43,42,40,15,18,32,40,37,26,10,34,41,39,16,32,35,39,38,43,34,38,33,34,35,39,44,34,32,35,42,35,39,27,16,36,41,16,35,28,32,33,36,27,31,35,16,34,22,13,15,15,16,17,35,14,37,45,34,48,10,17,42,31,32,33,17,33,21,34,29,38,34,36,35,14,35,31,7,27,23,29,38,37,37,40,31,16,43,34,32,36,15,38,11,50,26,27,33,34,15,34,36,45,18,31,39,39,29,16,38,12,28,43,17,41,27,39,18,38,37,16,10,15,19,37,41,29,33,22,13,34,30,38,29,19,34,33,16,34,31,31,37,41,35,17,34,37,34,43,39,32,34,27,27,15,33,26,36,36,31,40,45,29,35,15,17,44,13,35,32,15,41,37,17,21,39,41,37,36,18,28,42,31,37,31,37,32,35,27,16,12,38,35,28,46,27,22,35,42,32,13,33,42,38,34,17,21,37,38,32,29,31,17,10,31,34,32,35,28
13,28,30,33,10,41,20,32,31,40,25,19,15,24,35,37,20,41,41,34,33,45,14,9,30,16,13,13,36,18,33,37,40,13,32,38,14,29,6,33,13,39,20,39,12,45,15,39,37,36,17,36,18,12,34,38,12,36,32,49,43,33,11,35,41,38,39,20,16,37,36,18,36,29,35,31,17,36,33,34,42,35,21,34,40,50,40,33,32,48,39,16,33,11,16,38,28,16,33,43,33,36,38,15,15,36,36,31,16,14,43,28,42,32,38,38,35,36,15,15,34,41,37,30,29,36,38,43,15,33,37,28,30,34,20,17,37,27,34,33,34,29,38,27,12,32,38,37,24,16,35,42,31,42,34,25,21,42,34,33,39,40,30,36,29,32,31,36,37,40,36,12,36,11,37,37,30,41,16,45,31,44,42,32,6,43,15,36,31,29,33,37,45,34,27,44,34,35,41,41,37,13,35,33,33,37,27,39,32,20,35,33,42,39,32,35,15,34,12,31,15,31,15,44,37,15,39,35,30,29,41,18,20,38,30,18,20,13,41,32,38,13,17,39,33,28,30,35,17,36,24,36,32,31,33,20,35,31,37,38,43,43,41,31,15,40,38,14,15,14,41,34,35,29,37,14,15,32,36,36,29,29,40,40,35,36,36,31,38,34,34,31,29,19,35,35,38,36,41,48,38,14,43,33,37,11,17,33,30,47,16,36,16,10,34,26,38,44,36,39,37,32,38,34,37,13,12,15,34,45,40,16,10,37,35,32,32,13,41,33,23,33,37,37,29,38,43,16,9,33,15,35,37,32,39,15,37,36,33,31,32,34,45,32,36,15,16,34,43,30,33,16,44,37,18,36,34,32,29,10,35,24,43,16,14,21,36,29,7,15,34,36,33,27,36,36,31,36,35,39,43,37,30,32,38,32,30,28,36,25,35,38,35,19,32,39,31,25,42,34,39,34,15,42,34,14,34,17,32,16,36,25,31,33,28,43,32,41,36,24,32,14,20,40,17,34,37,44,20,40,29,15,30,35,39,34,32,33,30,8,40,31,19,31,18,31,32,15,35,38,33,40,18,42,36,28,34,37,13,37,9,38,31,30,31,35,40,17,15,41,41,41,39,39,34,12,48,16,41,28,32,36,39,37,29,14,24,10,31,36,13,43,34,34,17,35,39,37,35,30,33,35,32,39,43,30,17,41,38,42,12,12,37,36,28,35,43,32,37,40,17,35,10,31,28,15,45,21,39,28,38,28,39,32,16,34,39,29,13,46,34,16,34,37,14,16,15,37,9,14,38,39,37,35,33,23,37,36,26,33,14,30,37,32,15,28,13,22,35,49,38,30,39,18,37,11,37,33,31,31,12,10,15,43,37,42,11,39,15,13,31,12,31,32,24,40,18,31,35,39,37,39,38,35,35,36,43,27,37,8,38,15,33,46,22,34,29,34,42,21,21,42,30,37,43,32,17,17,35,35,38,30,36,36,36,29,40,13,20,34,33,32,43,12,36,33,11,27,38,35,40,18,42,25,37,34,15,37,31,12,36,33,36,38,34,35,18,42,29,19,33,36,34,41,39,34,20,12,43,11,34,37,25,35,31,33,12,31,32,44,48,37,36,38,17,35,33,33,25,34,35,30,33,28,11,24,17,30,41,40,19,32,40,38,44,12,39,18,37,35,30,34,39,32,35,37,35,26,12,20,38,30,33,38,35,27,17,17,36,28,18,32,8,24,34,38,35,38,39,32,7,36,16,31,29,36,36,35,39,40,10,36,40,36,35,39,33,11,44,38,20,13,29,36,33,30,8,40,39,37,35,40,31,30,12,40,34,13,38,36,34,33,11,33,27,33,40,34,31,34,34,35,14,42,31,38,21,17,40,33,12,35,32,30,35,20,41,30,13,30,36,43,35,35,41,35,48,38,42,35,47,34,14,33,35,18,34,26,13,29,37,16,36,47,18,20,37,34,38,40,36,36,35,36,40,32,15,36,37,29,36,42,13,42,13,18,29,44,35,38,37,16,31,29,27,14,34,17,31,32,44,33,37,35,40,41,33,28,11,15,37,19,33,34,35,9,34,18,18,30,15,11,36,35,41,44,35,31,35,37,34,26,12,13,35,36,35,37,35,15,17,15,35,38,13,34,33,33,37,43,36,30,38,33,32,25,34,40,38,40,38,13,39,32,43,18,24,36,22,16,48,44,41,34,34,19,31,34,42,14,34,31,33,37,31,40,27,32,38,37,16,33,18,37,10,31,14,36,36,36
29,34,37,30,32,36,35,32,31,36,41,35,35,33,33,10,13,32,33,12,36,36,42,33,14,9,29,39,38,40,14,39,30,33,38,38,34,31,35,40,30,36,31,13,19,36,42,31,32,27,15,8,36,17,34,30,39,19,39,35,38,32,31,34,34,34,40,20,10,18,37,40,37,38,29,39,35,27,41,19,36,32,27,20,41,13,35,14,38,35,33,21,38,33,39,30,16,34,23,36,32,32,39,34,22,19,20,34,11,25,32,29,28,30,32,17,31,31,31,29,16,32,30,36,40,6,12,36,8,42,34,15,32,10,42,15,32,40,12,34,13,18,13,19,41,36,33,36,31,37,40,31,42,22,34,32,33,39,32,32,40,39,36,35,36,36,14,23,41,21,15,40,33,36,33,39,33,40,33,48,15,37,15,37,12,32,36,21,33,38,39,30,35,31,12,26,17,37,19,38,31,34,36,41,39,39,41,39,34,33,13,37,39,39,14,29,29,30,50,29,13,36,41,36,16,29,32,40,38,14,39,17,39,24,30,32,36,19,32,41,34,34,10,13,31,13,43,39,34,29,42,24,34,15,33,37,14,38,45,39,27,30,37,14,37,38,22,17,38,41,35,42,32,17,38,33,38,37,34,8,36,38,28,15,13,43,41,39,40,36,33,33,32,33,27,33,17,31,41,36,16,35,32,41,29,37,40,35,37,40,28,36,37,14,31,34,27,39,14,28,19,16,30,34,17,34,39,27,30,36,15,40,44,36,34,34,19,10,24,45,43,38,32,13,40,32,37,37,40,29,41,34,12,14,16,17,34,32,32,26,18,39,33,35,13,31,40,36,30,35,37,37,29,35,31,30,33,14,28,36,33,31,36,35,32,32,17,36,45,18,30,13,24,32,30,28,15,38,41,33,42,30,10,33,12,16,42,44,34,22,37,43,35,40,40,30,51,36,34,24,38,34,41,12,38,15,20,33,14,35,11,39,31,32,37,38,39,28,37,16,39,9,31,31,35,10,12,37,35,13,16,38,34,34,43,37,35,29,14,20,37,33,37,17,32,29,38,10,40,14,20,39,45,41,16,37,16,19,34,13,10,48,37,40,11,47,40,17,32,33,13,33,41,40,42,12,37,36,32,28,32,14,36,36,39,33,35,15,18,35,36,37,44,35,20,25,29,36,11,32,26,42,10,35,37,39,36,10,34,33,38,30,34,15,15,15,30,16,18,18,33,39,14,16,34,30,14,40,37,37,19,39,32,15,26,26,39,35,39,9,24,45,34,12,35,35,21,23,11,33,43,7,14,37,15,13,32,31,44,42,15,9,19,40,35,32,44,27,39,14,30,29,37,43,34,21,27,19,31,41,40,38,37,32,40,11,19,34,33,35,39,15,31,10,37,31,20,13,39,29,37,30,31,38,42,33,36,44,34,40,17,12,21,38,46,33,37,10,33,38,12,21,43,31,26,29,37,35,35,29,31,15,7,34,13,41,14,29,35,14,38,17,32,34,14,10,36,31,32,14,33,34,18,37,29,19,8,37,31,36,31,13,18,38,35,10,36,33,34,39,13,30,38,36,36,14,37,29,11,39,11,11,35,34,37,15,14,39,33,38,30,15,11,33,38,30,18,37,40,31,17,14,19,44,43,33,19,37,24,12,29,33,43,13,30,41,41,40,36,31,19,19,37,39,37,33,14,31,29,38,36,30,14,39,21,27,33,46,29,34,9,30,40,27,37,33,34,39,38,38,42,31,42,28,40,35,16,11,32,34,35,30,44,11,34,36,35,27,37,29,30,36,35,32,35,32,16,36,37,18,43,41,20,17,15,39,41,38,35,12,41,33,31,31,17,35,35,11,45,37,38,40,36,10,35,30,36,31,23,35,29,38,32,31,40,15,13,26,28,40,35,37,34,38,34,34,30,38,29,31,35,14,42,34,10,40,42,35,34,44,17,34,18,26,30,32,14,18,45,29,16,36,33,39,31,22,37,30,34,28,35,39,35,33,31,26,14,27,19,13,15,11,30,30,40,28,31,36,37,19,32,36,36,33,21,18,39,33,33,29,38,38,30,18,35,34,37,22,46,24,13,14,36,29,29,16,39,25,32,12,34,40,38,14,34,33,33,38,16,35,35,40,41,36,35,21,31,33,29,33,25,17,37,35,30,28,30,39,27,34,13,10,33,14,33,34,35,38,29,36,34,41,31,12,43,34,30,40,39,19,29,32,11,12,36,33,31,27,34,37,39,17,38,44,31,36,42,39,38,38
36,44,41,38,39,41,13,34,14,35,15,12,20,9,36,34,25,40,28,32,40,37,41,37,44,33,16,42,13,36,34,28,39,44,9,38,35,33,42,34,41,29,22,29,33,34,17,35,38,11,18,36,40,16,40,37,35,29,38,37,14,27,29,30,24,19,32,34,28,16,27,37,33,26,34,36,23,37,33,33,41,43,47,14,37,35,33,22,34,34,33,32,28,35,31,41,32,12,33,28,36,29,31,26,39,41,12,31,15,18,33,19,15,34,44,38,36,43,33,36,40,43,26,16,14,32,30,25,15,33,40,36,31,28,38,40,24,32,33,40,36,39,29,11,37,32,16,31,36,31,36,37,41,34,25,20,23,38,9,42,40,33,11,33,12,14,34,31,33,25,39,43,38,48,13,41,32,39,12,13,43,36,12,45,33,14,34,36,30,16,36,13,16,33,30,27,15,12,32,34,16,14,20,32,33,41,31,35,16,40,41,37,39,33,29,13,17,42,10,29,39,32,31,33,16,33,37,25,19,37,25,13,44,20,37,32,35,40,15,40,39,31,35,39,38,26,35,39,29,41,35,40,25,34,14,15,32,11,38,29,34,36,18,14,26,38,10,34,30,31,11,33,36,20,34,38,37,30,12,26,10,32,27,33,37,32,42,28,30,38,33,35,37,32,17,31,30,37,11,34,39,37,42,38,32,15,38,29,36,36,40,22,40,25,13,17,27,30,40,35,42,41,33,11,17,35,39,32,24,38,31,16,36,36,17,41,14,40,33,32,39,37,11,32,38,16,42,15,29,34,41,35,42,30,42,16,35,36,38,24,35,45,34,19,14,16,36,38,48,41,42,30,16,38,24,37,42,42,37,42,15,11,36,40,42,19,9,35,36,29,32,15,43,41,38,39,39,40,15,12,44,35,16,33,36,11,43,21,43,17,16,33,30,7,36,36,39,11,31,37,13,36,16,36,43,30,34,37,35,33,21,34,37,40,33,35,27,39,32,32,15,19,33,37,39,34,8,35,6,37,41,37,14,33,36,34,32,37,8,36,42,29,30,38,42,28,36,44,29,24,28,38,27,34,35,35,37,32,37,14,36,33,32,32,29,33,33,26,13,35,15,42,17,38,43,35,37,37,33,39,35,34,12,41,9,29,29,35,29,32,30,41,34,13,11,30,38,28,41,49,33,39,12,36,38,32,44,40,36,17,40,37,18,32,36,32,39,26,36,37,11,33,39,37,41,44,35,34,10,29,12,31,36,40,12,33,43,40,35,12,38,25,36,29,43,40,36,12,45,19,12,36,47,34,15,12,32,39,30,33,31,33,42,33,14,31,35,12,37,12,24,31,28,37,15,42,41,13,28,38,29,28,38,31,11,36,36,31,37,30,36,26,34,40,14,40,38,30,36,36,30,42,10,41,33,28,38,26,17,18,39,42,12,9,15,37,32,34,34,34,39,37,35,33,14,16,12,36,38,12,39,30,15,32,14,13,37,15,12,17,35,34,44,38,46,33,36,32,28,38,42,33,38,33,33,13,17,14,33,35,32,39,31,38,18,34,29,36,11,43,37,40,24,17,31,38,8,33,36,19,38,39,35,19,37,15,34,23,28,29,7,34,39,47,36,32,41,43,32,37,39,17,30,34,38,34,38,36,32,20,32,30,13,10,32,17,12,16,37,44,34,31,33,44,25,37,18,36,41,24,17,33,31,17,42,30,35,40,29,43,16,18,40,35,43,33,27,33,36,33,31,33,16,9,11,31,43,27,31,14,15,20,35,31,29,34,31,40,23,15,35,40,33,45,33,17,34,41,36,10,44,14,34,29,35,36,17,34,35,31,27,45,15,34,33,25,30,46,18,39,38,27,28,48,19,31,31,40,15,33,39,37,36,30,32,38,38,32,30,15,33,38,28,14,33,33,38,35,11,30,16,35,38,38,13,42,39,38,34,38,20,37,41,39,44,32,28,41,39,13,13,33,16,42,12,15,10,31,36,33,35,41,8,34,33,30,39,42,27,23,33,11,39,27,31,13,37,16,38,32,34,35,17,32,32,33,21,11,35,38,43,35,42,19,24,33,36,13,39,14,38,33,14,11,31,33,33,39,35,30,29,32,29,38,24,14,30,31,41,40,29,36,35,40,37,9,20,17,27,17,33,46,34,37,39,23,36,31,30,31,14,28,35,16,42,42,31,14,17,40,34,33,50,12,12,30,17,38,39,18,32,32,13,45,36,10,14,36,32,34,39,14,34,36,34,33,32,33,17,18
38,35,31,14,36,38,31,17,32,36,14,31,34,39,32,16,15,32,34,32,35,39,40,37,37,31,38,41,13,40,31,33,8,36,37,15,34,29,47,35,36,40,35,13,19,17,36,13,37,31,37,16,12,28,42,17,40,31,35,38,30,14,36,15,38,34,43,30,37,26,14,35,36,33,33,10,40,42,40,39,14,40,35,42,28,34,31,31,15,42,39,20,18,33,26,39,13,39,37,28,8,28,29,36,26,14,30,17,17,29,33,32,14,30,29,15,14,42,33,46,41,37,37,14,17,32,33,30,37,32,37,37,31,30,35,31,35,30,32,31,27,25,17,34,36,34,19,33,36,41,14,12,18,37,31,35,32,35,37,34,16,37,34,41,36,27,40,37,43,32,34,35,32,32,31,34,40,9,38,34,36,39,45,13,26,39,12,18,45,32,38,9,18,15,36,42,22,14,30,29,40,36,35,41,38,28,33,33,36,34,37,19,17,34,18,40,35,39,11,37,14,29,35,39,16,9,35,14,32,37,29,41,17,35,34,33,17,34,13,42,38,36,30,41,29,12,35,15,11,15,34,36,18,34,40,37,29,33,30,38,13,43,26,14,34,31,32,16,37,31,37,29,37,15,36,31,11,34,36,12,33,35,17,14,34,34,42,32,19,36,34,36,29,29,38,35,37,31,31,28,26,31,26,21,32,16,33,34,31,11,39,39,34,34,39,34,36,34,30,35,28,36,31,11,34,29,32,35,34,35,42,36,36,33,42,34,21,14,32,36,41,36,37,38,19,28,34,32,19,29,27,38,30,31,38,39,27,23,39,34,44,26,17,34,35,44,18,15,35,11,33,32,30,39,38,39,13,33,28,32,41,36,29,17,34,32,10,32,28,19,39,34,31,33,32,34,36,11,12,32,27,15,31,33,31,42,22,27,11,18,38,39,18,35,37,16,24,36,21,36,33,38,13,32,33,36,43,33,27,17,36,30,39,32,32,41,40,38,35,18,34,20,43,21,36,34,37,41,35,38,12,38,16,13,18,36,52,29,37,31,29,19,33,39,14,34,36,34,33,28,35,32,31,25,13,36,13,35,26,40,32,16,35,11,14,34,12,35,16,30,13,33,15,35,39,38,16,14,12,50,21,15,18,28,33,37,44,33,15,33,37,15,37,37,40,18,42,11,22,33,30,35,33,27,29,17,43,11,28,31,36,41,31,32,37,40,33,15,32,32,21,13,24,39,30,16,41,33,39,31,16,34,16,39,45,41,17,38,37,15,35,34,18,30,15,35,32,27,19,34,14,41,36,29,16,27,32,47,17,18,38,39,18,30,40,41,14,15,41,38,41,13,15,20,34,15,42,8,35,18,15,14,31,14,30,13,38,14,39,13,34,35,35,36,39,36,39,11,15,30,40,26,30,38,36,13,14,11,36,39,46,30,18,42,39,30,30,35,18,34,21,37,32,50,41,25,40,32,11,47,35,42,14,41,38,14,28,31,41,28,33,35,31,36,7,33,36,39,18,35,24,35,44,15,31,16,39,12,16,36,33,32,17,39,26,38,40,38,33,20,29,30,33,13,11,9,28,30,39,11,45,16,39,42,40,15,37,13,26,15,30,39,35,11,41,28,28,43,34,38,32,19,44,41,38,28,15,19,28,40,29,36,18,41,37,14,44,28,35,18,31,30,16,33,37,18,39,11,30,30,17,14,9,34,34,34,24,22,32,39,43,29,36,38,30,38,34,40,34,34,42,15,29,28,40,26,28,31,31,37,30,16,49,35,14,34,31,28,41,36,37,9,40,29,39,34,31,36,28,37,28,29,24,31,27,35,9,35,29,40,41,35,30,33,17,31,37,34,10,44,9,15,31,32,38,42,30,32,35,23,39,29,14,30,35,32,34,41,36,35,38,34,31,18,15,31,34,34,13,15,35,36,38,31,35,17,27,38,29,20,31,31,37,32,33,37,26,43,35,13,18,8,16,37,33,13,43,21,38,37,19,38,32,33,37,30,35,34,31,35,36,33,33,26,34,29,41,49,35,32,18,39,36,29,16,27,29,38,32,32,33,20,30,18,34,36,39,21,40,29,34,12,38,26,35,29,35,24,18,18,37,27,30,13,28,16,30,35,40,37,36,38,12,34,35,52,25,29,8,16,30,34,18,35,28,38,31,31,16,11,32,26,38,26,11,36,37,14,33,14,39,9,30,34,14,34,36,15,16,34,10,38,39,15,14,28,29,31,25,39,32,46,33,36,36,14,32,29,31,32
32,32,23,33,16,42,35,38,39,8,31,35,26,34,27,29,36,32,32,36,40,37,42,14,11,20,35,38,28,37,33,37,30,40,29,28,34,31,13,26,32,35,34,20,31,33,34,41,31,13,33,34,35,39,37,28,31,32,34,32,18,35,38,36,35,10,18,34,16,28,17,30,44,44,35,29,32,44,29,14,45,31,39,23,39,13,36,38,33,41,13,37,15,12,32,37,29,14,34,37,13,38,33,13,36,16,14,28,37,41,45,16,16,38,33,34,46,36,25,40,35,37,35,11,14,34,33,37,34,11,32,47,30,32,20,19,41,39,15,35,37,14,30,31,16,18,37,33,32,31,42,37,32,33,39,35,33,42,20,37,17,41,36,12,35,37,35,13,38,29,31,39,42,36,36,13,10,10,42,39,42,38,28,8,42,17,40,39,41,28,27,34,14,29,30,40,39,25,10,11,35,14,32,40,38,33,32,35,33,28,35,40,13,29,39,41,42,47,40,31,31,42,14,36,34,35,43,34,15,22,10,29,40,9,44,38,23,38,34,31,31,38,34,35,26,7,36,33,35,39,38,35,33,38,35,35,36,30,26,39,35,28,29,30,18,35,18,28,33,37,35,16,40,17,27,34,14,36,23,37,35,40,34,38,36,42,13,13,34,34,26,31,15,31,13,38,41,30,27,15,12,36,37,12,32,38,32,35,30,29,45,32,29,35,40,41,37,31,18,32,32,33,11,42,16,37,35,40,30,31,29,18,35,36,40,32,38,34,11,26,38,35,46,27,39,19,30,43,33,15,34,23,37,38,34,17,36,30,34,32,39,26,17,31,15,37,39,33,39,15,35,40,33,15,32,32,35,39,27,34,32,33,14,36,28,40,36,35,31,34,28,41,28,15,38,35,32,41,30,45,18,33,29,36,36,9,41,31,29,24,15,38,37,18,40,33,33,36,37,33,33,35,33,33,36,13,13,16,35,37,28,31,34,39,37,20,45,31,41,36,34,33,14,37,31,34,37,38,37,13,30,15,33,34,31,34,36,37,12,32,35,35,29,21,14,39,16,47,36,17,17,28,8,33,29,32,32,35,30,36,9,44,45,34,30,11,40,36,38,36,22,16,22,34,16,28,16,39,11,42,35,39,42,35,10,18,35,29,34,37,15,34,33,44,38,38,39,29,33,36,16,32,13,34,44,30,37,40,29,11,27,8,39,34,32,36,15,11,34,30,30,29,15,45,27,45,32,21,39,41,16,11,20,36,31,31,42,30,33,36,12,33,35,27,15,37,26,32,35,28,34,12,34,40,31,29,39,13,36,46,18,12,37,20,30,13,38,29,35,37,15,27,27,35,36,26,15,13,14,35,13,39,34,35,19,15,36,36,11,35,35,35,36,40,30,19,32,31,10,41,34,21,34,28,38,34,37,30,35,29,30,17,35,35,13,35,34,45,40,36,20,36,15,31,36,41,36,30,34,26,32,32,44,19,36,40,37,8,34,30,26,36,37,34,36,45,39,32,29,17,37,35,12,15,18,15,12,40,31,45,12,32,16,14,35,39,36,36,35,37,44,40,39,37,18,10,36,33,38,7,31,34,14,32,32,17,40,42,12,34,34,38,34,36,13,41,34,31,14,27,34,36,35,44,39,34,35,34,32,34,34,21,36,34,30,12,34,36,11,30,14,29,33,14,37,31,15,33,33,43,15,17,17,28,44,36,9,41,16,19,26,34,41,14,26,19,14,8,40,33,39,16,36,27,12,34,39,50,16,39,43,42,36,18,35,19,38,16,36,23,44,35,37,37,14,31,34,45,41,16,16,34,42,32,27,9,13,38,24,29,34,14,29,31,13,35,42,34,33,33,13,26,15,42,22,27,17,38,39,27,34,35,36,36,33,34,16,38,34,44,30,31,39,32,37,28,33,14,26,38,37,16,19,17,15,12,37,16,32,43,16,30,34,44,15,40,16,35,34,37,35,21,36,39,14,10,30,13,23,39,17,31,9,39,26,11,34,33,31,35,35,31,33,37,38,15,44,15,34,34,15,41,34,32,31,34,34,36,16,41,35,15,16,23,16,18,29,38,17,36,30,37,41,35,9,35,32,41,36,38,20,16,35,34,39,34,40,33,32,38,14,21,23,18,13,35,41,14,37,40,38,35,31,22,31,39,16,18,31,29,25,39,37,25,41,14,15,11,10,32,13,32,39,33,37,36,13,34,39,33,39,42,34,29,35,11,16,33,19,51,31,36,37,20,36,40,12,32,23,36
39,13,38,15,31,30,37,33,35,38,41,29,38,31,34,33,17,34,33,36,14,30,37,32,30,18,36,9,35,31,30,32,38,34,30,40,35,37,42,27,37,11,30,30,37,28,34,40,29,36,39,44,34,41,34,34,35,42,37,40,29,16,15,39,38,11,43,39,34,32,10,33,30,36,36,39,40,34,14,38,44,36,32,36,30,14,32,35,20,31,29,26,43,41,33,38,40,39,36,14,33,38,40,33,35,36,12,21,30,29,26,13,37,9,30,18,33,37,38,17,36,32,29,46,33,40,40,41,13,34,41,33,17,16,34,33,40,25,38,16,16,25,39,14,25,42,16,33,33,31,35,25,45,46,15,41,14,19,38,33,33,32,41,37,29,19,36,34,32,32,36,35,17,33,14,37,24,13,16,34,19,38,36,15,26,26,39,39,28,28,20,30,34,38,8,24,15,40,36,44,36,39,33,35,12,39,17,41,22,41,15,36,31,40,36,15,36,30,10,36,39,29,12,39,13,22,23,33,16,39,35,43,32,37,37,34,39,34,36,32,33,33,37,32,11,37,32,35,34,10,42,39,22,43,22,32,45,35,25,29,33,32,32,29,48,40,35,30,34,28,32,12,34,14,35,37,32,46,39,29,16,39,37,40,11,34,15,16,33,17,36,29,13,35,42,13,32,30,37,29,38,31,19,37,18,38,38,45,36,35,40,10,33,14,41,41,40,13,31,34,36,38,32,27,28,36,41,15,34,38,17,15,19,34,37,32,29,14,26,37,14,13,33,35,39,39,29,40,40,37,31,32,27,24,41,37,27,30,27,34,19,32,34,34,37,14,30,36,44,13,33,37,38,8,13,36,32,33,12,38,34,42,35,10,38,30,34,7,29,34,34,19,34,33,9,16,40,42,10,35,43,35,22,15,38,43,34,33,15,17,27,37,29,35,32,12,41,44,37,33,31,35,33,13,12,36,36,38,32,36,40,32,45,12,34,33,36,38,13,39,36,14,16,20,38,44,31,32,30,31,34,38,31,34,37,11,37,39,16,38,17,37,17,48,14,16,15,30,13,34,39,34,41,34,15,36,13,32,34,37,38,35,39,34,30,37,31,43,37,13,31,35,39,17,33,32,35,14,29,32,38,38,32,11,31,35,41,13,33,34,35,36,15,36,32,15,33,38,41,27,35,36,35,14,34,33,28,34,15,18,34,17,21,39,47,10,13,30,38,38,36,28,38,22,38,32,24,33,41,42,9,39,37,37,32,40,31,35,33,15,36,38,41,38,28,40,35,40,15,37,30,41,35,10,40,35,37,13,29,10,37,14,37,30,25,17,14,34,33,39,37,29,37,20,25,14,10,45,31,34,11,42,40,37,37,15,23,17,19,8,35,34,22,21,36,8,41,34,32,33,39,32,39,32,29,36,36,12,41,28,10,36,14,35,32,28,28,17,34,12,38,35,30,35,26,31,26,41,32,32,13,17,41,35,18,17,41,20,28,35,34,35,30,32,35,17,29,30,30,26,36,34,31,20,32,37,24,35,31,29,37,16,32,11,33,13,40,32,35,34,38,38,17,35,14,10,37,35,17,44,32,18,19,16,16,26,16,37,32,32,31,33,16,23,38,13,27,40,34,35,33,37,30,35,17,38,10,18,32,32,19,31,14,39,38,32,36,35,34,40,29,41,30,41,38,14,35,31,32,15,32,12,18,26,38,28,42,17,32,36,30,28,34,39,39,32,32,15,39,37,39,32,37,16,29,14,37,36,27,37,29,41,31,38,34,37,17,35,16,34,34,37,37,34,13,34,33,45,41,33,39,16,33,30,34,13,38,34,35,18,27,40,36,43,15,29,18,37,19,38,39,38,28,30,28,15,35,12,37,14,32,11,22,38,17,26,16,41,17,30,29,48,32,35,18,30,14,19,41,26,30,11,27,16,36,37,35,28,33,43,18,33,27,35,40,14,30,27,38,18,43,34,26,29,38,28,15,34,36,43,38,38,14,42,44,39,14,38,34,32,34,38,38,37,43,28,36,35,35,42,39,25,32,45,23,32,38,37,32,29,36,34,41,17,25,35,20,34,38,32,18,32,13,31,15,34,11,36,36,29,37,15,41,36,37,36,44,11,29,40,41,27,40,42,19,34,46,14,34,36,37,36,31,34,28,31,35,29,36,33,31,30,29,29,32,37,35,33,34,39,30,32,33,36,42,31,35,39,35,18,34,39,44,32,39,9,40,11,14,36,14,13,34,17,38,30,34,20,41,43
36,39,28,22,36,29,41,45,42,28,16,36,39,19,15,35,14,39,32,31,44,33,11,29,37,29,37,36,16,34,42,38,28,37,31,34,41,30,34,40,38,39,42,37,17,44,19,14,30,28,39,17,36,20,45,34,39,13,31,33,14,42,30,37,38,14,39,32,42,47,15,22,36,14,24,13,28,40,31,17,13,39,36,36,27,32,35,35,36,39,36,38,30,15,36,36,30,32,14,37,42,17,42,35,13,37,12,38,37,38,27,40,37,31,33,11,39,36,34,24,34,36,30,16,19,25,9,34,35,36,29,22,34,18,39,38,31,13,41,19,13,30,17,10,35,35,44,33,20,30,32,18,35,38,35,32,10,31,29,39,35,32,19,35,33,30,30,41,14,34,14,44,49,34,29,32,40,34,19,38,34,15,29,18,12,8,11,35,44,31,18,17,33,17,17,33,30,30,31,42,15,16,44,35,35,40,29,33,31,33,41,10,16,32,16,42,36,45,10,41,39,24,37,41,37,31,48,12,17,34,32,13,15,28,27,11,28,25,33,41,21,39,31,40,25,34,38,29,40,33,17,36,12,16,38,19,14,29,10,26,13,34,33,38,42,15,47,42,47,32,12,21,36,38,37,44,18,22,44,28,35,32,22,37,44,12,35,20,14,34,41,31,12,30,31,15,14,42,36,33,31,37,8,38,18,30,37,11,39,20,33,30,27,34,34,28,35,35,40,33,17,39,39,32,42,41,8,32,39,17,43,20,20,15,16,14,35,33,15,34,38,35,11,29,28,37,24,17,41,32,18,17,36,30,28,17,33,35,42,16,36,39,17,35,31,35,15,31,15,15,31,27,18,34,36,32,27,41,34,35,14,16,34,14,33,34,27,31,29,29,24,33,37,16,35,36,32,12,35,37,13,34,33,15,39,35,33,31,32,34,22,35,34,46,36,10,28,27,33,33,42,31,37,37,14,28,19,34,33,6,44,31,39,22,25,15,39,15,42,27,31,41,12,44,32,34,22,41,37,34,32,31,27,15,31,40,41,40,34,17,36,38,32,17,17,30,30,20,33,15,38,41,34,37,35,17,35,40,15,40,34,30,10,37,34,10,13,32,29,16,35,31,16,17,35,40,45,46,40,34,32,19,25,10,32,31,36,29,10,37,17,30,35,10,19,34,34,28,37,17,11,36,13,16,34,41,33,12,30,36,38,36,42,34,31,44,46,40,17,37,16,39,30,30,13,14,16,12,22,35,37,31,39,40,14,37,16,34,17,12,34,17,29,37,41,32,18,21,11,29,16,34,33,37,29,25,19,35,31,9,43,25,35,36,45,34,7,18,37,38,32,43,35,43,10,31,39,37,37,36,25,31,39,38,17,17,39,27,31,35,34,38,30,45,42,16,42,15,13,33,28,34,31,11,32,31,20,46,36,19,15,19,26,33,9,34,32,32,30,8,29,15,40,35,35,37,35,43,43,16,45,28,35,33,29,34,38,34,27,35,46,34,33,17,34,18,38,19,11,34,30,34,37,30,30,21,38,37,34,26,37,7,40,17,34,32,43,33,30,32,36,35,34,30,15,33,45,33,29,29,10,18,41,14,36,38,44,33,19,11,43,34,13,25,32,39,32,37,45,34,38,42,47,32,9,30,14,37,19,35,30,32,16,34,12,42,36,36,33,31,10,33,36,36,37,49,33,30,12,8,36,24,14,13,42,16,32,35,34,28,18,32,44,29,11,43,14,42,32,33,39,33,29,32,40,19,16,11,36,27,14,14,35,36,38,37,37,30,11,16,46,35,35,38,38,33,32,35,20,36,40,30,32,34,27,31,33,34,16,31,28,41,36,32,39,38,35,38,34,30,37,10,17,41,28,35,35,38,11,34,38,36,41,35,14,27,11,35,28,15,23,43,29,31,15,35,33,15,14,12,37,37,36,15,35,18,36,38,11,25,20,9,38,14,30,32,34,38,35,33,30,11,30,27,30,44,29,47,14,28,24,20,37,30,30,18,34,33,39,17,35,28,13,33,29,39,30,42,14,27,39,31,10,38,13,36,19,33,39,11,37,30,27,36,13,24,12,25,33,36,37,18,30,40,40,25,16,42,18,30,10,39,36,31,32,39,35,15,34,30,11,15,12,29,17,28,33,11,15,38,19,27,18,36,25,39,30,34,18,39,12,15,23,28,35,40,11,30,12,12,31,33,39,38,46,32,18,30,31,36,33,31,42,17,18,34,30,35,16,36,42,35,35,33,9,42,32,37,13,16
38,30,14,36,39,33,14,33,35,47,27,35,12,34,21,27,15,19,39,37,32,40,38,40,38,33,30,15,28,36,29,15,18,16,29,35,27,38,36,35,30,12,34,15,24,35,42,34,13,41,38,41,32,14,32,35,35,33,33,33,33,34,16,31,28,37,34,15,31,34,15,16,36,34,27,35,14,38,30,35,42,35,29,32,36,41,40,32,28,36,5,34,15,43,29,37,36,37,44,35,13,32,28,30,39,31,31,16,31,31,38,33,11,31,34,33,33,35,17,37,24,37,37,34,40,36,41,34,40,36,40,31,38,48,39,36,37,21,28,10,37,46,39,10,17,43,33,28,41,16,13,33,43,45,30,36,42,8,16,26,18,35,13,22,31,34,28,36,19,31,32,36,38,40,30,42,31,44,37,12,13,45,37,33,40,36,31,15,14,30,33,40,32,31,30,36,31,9,36,15,30,39,30,34,16,41,11,37,17,33,44,29,38,30,30,9,26,19,35,42,42,24,42,38,11,25,43,37,38,38,38,38,29,26,37,25,38,32,30,39,13,37,27,34,31,23,38,37,38,18,25,34,15,18,33,13,37,33,18,14,36,32,14,13,37,37,37,36,12,32,33,36,33,33,33,34,24,37,35,36,34,14,37,13,17,18,45,32,26,13,35,35,29,34,37,32,33,18,41,33,40,13,12,12,34,37,15,26,36,34,13,27,38,42,9,31,37,40,29,19,34,13,10,30,36,29,26,43,27,29,11,31,16,32,16,16,42,20,13,41,40,11,14,40,41,35,31,16,34,31,35,40,21,41,27,42,40,33,17,36,15,42,33,12,13,29,33,20,14,36,37,31,32,35,36,35,14,41,9,29,31,40,8,33,30,35,38,32,12,35,38,32,33,36,31,36,21,38,34,35,34,40,28,38,44,38,21,37,13,34,15,28,13,13,15,36,31,40,46,36,33,43,36,35,41,34,37,32,40,36,34,30,15,22,42,38,46,39,37,18,38,37,18,33,35,32,30,36,30,21,27,35,39,29,40,10,29,29,32,39,16,44,33,26,29,15,34,37,30,44,37,35,35,40,19,40,15,27,25,31,39,29,37,34,25,40,44,16,40,25,40,31,13,19,36,35,40,14,43,28,25,42,40,27,37,13,43,39,35,33,34,34,18,30,30,14,33,17,33,48,30,35,17,37,37,44,24,38,30,34,19,39,36,28,35,8,28,31,21,41,33,33,29,39,35,32,35,35,40,15,20,33,43,27,32,37,26,37,34,37,19,14,14,40,37,15,35,34,29,29,12,11,18,37,35,31,38,39,32,45,15,41,30,37,35,25,39,14,31,36,35,30,37,36,39,36,8,32,36,35,27,37,21,33,31,42,9,30,41,22,37,38,42,35,43,17,24,34,18,27,36,17,37,36,22,37,36,31,16,36,37,15,23,41,33,30,35,38,40,30,37,36,18,34,28,35,38,35,36,37,41,13,32,42,31,37,35,16,17,38,14,21,29,27,36,43,39,36,30,31,33,29,39,34,37,17,30,35,40,34,45,9,21,35,14,36,41,10,32,40,17,13,35,41,30,20,39,12,33,27,39,33,30,40,14,38,39,32,10,31,40,32,17,37,39,33,32,14,42,31,29,38,36,27,32,35,35,39,14,24,18,32,41,9,31,32,31,38,39,34,10,34,29,38,16,33,27,41,39,36,30,11,43,41,40,31,41,16,17,35,38,30,44,16,41,35,35,35,39,39,24,38,33,8,33,14,30,33,11,47,27,12,30,12,34,37,23,29,38,35,31,38,32,34,40,40,36,38,26,16,13,11,30,9,15,12,28,37,37,38,34,17,36,35,16,43,36,16,33,23,31,43,25,42,28,38,42,38,17,11,15,17,35,26,32,32,31,32,12,33,13,17,30,31,35,37,34,36,39,36,35,38,29,35,31,43,17,33,49,29,12,35,35,16,33,35,31,12,18,36,23,39,37,15,14,34,39,44,32,38,33,35,36,14,16,36,34,13,37,33,9,34,28,18,31,38,32,38,32,19,17,32,16,36,41,39,13,35,38,12,34,34,23,35,44,34,14,16,28,17,38,37,17,46,40,37,16,37,35,41,12,18,22,37,21,44,32,12,30,25,38,36,18,34,31,42,29,13,28,43,34,35,34,14,33,36,33,40,39,34,27,39,29,33,38,37,41,36,36,15,36,33,35,35,20,23,34,35,34,16,35,41,25,29,27,39,9,39,38,34,17,38,40,41,16,30,33,10,39,30
23,37,38,38,35,32,29,39,38,14,39,39,36,33,41,35,33,38,25,45,34,35,31,17,38,14,31,29,27,36,39,14,36,27,35,34,41,15,36,9,30,16,39,28,26,17,39,33,36,34,35,32,33,36,29,21,33,44,15,39,43,46,34,31,17,36,35,22,40,15,42,32,38,14,32,33,33,36,32,33,36,31,37,40,29,39,34,38,21,32,36,17,28,44,36,26,15,31,32,43,10,34,29,35,11,12,13,14,36,34,16,39,37,22,39,18,39,37,29,38,40,37,41,40,16,34,28,37,35,25,33,44,33,45,36,39,18,34,12,18,38,42,36,32,41,32,36,18,35,11,39,35,18,32,33,35,10,37,29,37,35,43,35,37,36,34,10,28,9,36,15,16,32,37,28,37,42,13,39,42,41,33,37,41,14,29,44,36,36,39,34,29,35,37,14,40,34,35,37,43,31,35,16,34,15,39,34,37,13,43,30,33,19,34,14,32,28,27,14,10,41,14,32,43,43,32,36,43,33,11,34,31,22,34,39,17,29,41,40,15,39,15,15,34,35,35,32,40,39,32,37,31,31,31,31,33,30,34,33,35,30,12,47,38,28,40,13,33,21,33,50,52,37,19,8,44,41,35,13,39,38,20,30,29,37,12,40,27,34,37,18,38,38,31,40,39,17,42,14,37,43,35,14,36,15,16,29,31,9,37,32,28,23,40,36,34,37,21,38,41,29,37,33,35,40,38,36,16,16,27,43,38,41,47,41,34,15,29,14,34,33,45,19,38,33,28,34,33,34,30,8,21,41,35,42,41,36,12,30,17,30,30,12,42,13,33,34,36,20,34,15,28,31,37,33,26,32,17,17,44,15,39,30,33,43,29,36,14,33,39,32,27,34,32,36,19,32,11,10,22,33,16,41,31,20,10,38,29,33,9,36,41,18,30,36,49,37,40,39,26,14,41,33,37,32,38,16,10,35,31,36,15,19,36,28,16,30,11,31,36,34,50,39,37,18,42,35,35,29,30,35,13,28,33,27,43,36,33,40,44,33,30,30,11,35,37,34,19,18,44,13,31,32,19,29,14,19,35,17,32,27,36,37,38,24,35,55,39,35,34,10,37,9,11,33,19,36,28,16,13,18,22,39,37,35,42,30,27,33,31,27,16,35,16,29,14,11,42,20,30,32,37,29,41,36,16,37,32,14,34,35,34,33,25,33,11,17,13,30,18,36,32,30,33,36,35,9,42,35,32,32,5,34,29,20,35,41,29,34,11,31,31,37,34,32,16,17,32,12,37,38,32,34,43,39,38,41,36,15,20,40,33,38,43,25,45,35,14,37,35,34,32,33,42,33,33,15,39,31,33,13,30,37,33,18,36,36,22,37,18,15,37,30,26,32,40,35,12,15,30,17,43,52,10,33,31,15,41,40,35,12,17,35,17,43,40,30,44,36,45,30,30,14,36,36,41,35,41,36,14,40,39,35,42,36,15,30,12,18,18,43,39,21,37,38,12,22,33,30,28,15,40,42,13,19,32,23,39,32,15,16,33,35,44,35,45,40,33,33,45,10,38,21,27,41,28,22,39,13,13,14,34,40,20,42,30,39,35,31,38,30,30,31,16,31,42,31,36,27,39,35,36,42,38,30,29,19,40,13,37,34,16,32,8,41,30,19,17,18,16,16,33,11,37,12,31,38,36,36,15,28,15,16,36,40,31,37,13,13,32,14,37,38,36,42,37,31,36,41,33,31,37,38,14,33,12,16,40,27,41,38,21,35,15,16,39,39,37,18,37,41,35,31,36,40,43,31,36,44,28,37,32,45,39,21,31,14,35,11,36,16,39,31,26,13,46,36,36,15,33,38,17,16,29,34,18,39,41,37,33,39,38,40,28,36,43,27,30,11,34,39,40,13,32,12,21,14,43,35,48,27,43,20,15,30,17,27,35,35,40,15,16,14,20,35,18,13,26,15,38,11,17,33,39,39,29,35,36,33,45,36,39,40,9,28,33,45,17,31,41,20,18,26,30,27,31,30,26,36,42,39,17,21,32,36,30,17,37,25,35,16,14,49,31,47,15,30,37,17,32,13,39,35,12,39,36,28,29,35,34,40,31,43,12,32,37,15,38,33,36,40,33,44,34,12,30,29,36,31,19,38,38,34,33,41,32,35,34,16,13,33,43,36,24,42,31,37,31,35,40,29,13,33,39,20,28,40,14,13,15,48,21,40,32,36,29,36,15,21,34,36,34,14,31,27,45,33,33,17,31
17,38,36,33,38,50,34,34,13,35,27,13,30,29,13,34,12,31,19,35,40,45,16,31,16,35,43,17,10,40,28,32,39,35,33,33,12,30,20,14,37,32,9,35,16,38,39,37,33,15,23,14,35,44,31,31,31,41,30,34,32,31,31,29,14,17,41,31,34,33,16,34,36,14,36,46,20,40,29,29,30,40,37,34,31,14,17,35,34,16,15,36,33,27,18,41,35,34,11,38,9,35,15,14,17,42,28,34,37,36,19,35,40,41,36,33,37,31,42,42,26,31,37,34,16,17,39,31,32,18,34,35,31,39,34,14,27,32,15,46,37,38,32,37,9,49,31,28,32,29,34,36,28,31,37,14,22,14,39,13,34,33,11,37,34,36,17,29,35,8,9,15,39,30,40,29,29,25,41,43,36,35,38,19,38,38,31,18,33,38,30,31,31,36,36,33,18,18,37,16,33,39,41,36,21,41,29,31,35,38,14,14,35,34,35,7,35,36,27,19,14,35,33,35,29,13,28,35,33,37,12,31,42,19,40,40,30,11,41,12,46,28,36,31,14,20,42,35,34,34,39,43,38,34,35,35,12,40,39,38,33,34,38,37,13,41,42,12,13,32,33,10,22,33,17,29,28,9,37,34,34,32,37,39,16,17,31,44,35,30,34,11,37,30,17,34,40,17,39,17,35,35,33,39,16,35,33,29,33,34,34,9,14,17,32,12,42,38,48,44,34,14,33,14,33,36,12,39,37,19,35,36,32,29,34,32,42,38,28,33,7,39,34,25,45,31,33,39,17,30,35,25,33,14,38,29,38,37,43,34,44,17,37,30,35,27,34,40,42,12,37,31,31,17,30,35,40,37,47,33,33,34,38,45,35,37,36,14,41,40,33,18,14,46,30,20,14,36,15,36,32,19,36,9,37,38,43,37,39,43,16,31,30,17,35,31,33,37,32,40,16,34,36,11,39,36,16,42,31,31,19,30,35,40,30,41,32,18,16,33,38,36,28,34,34,31,19,40,21,40,12,15,33,10,31,35,44,26,38,30,13,35,34,42,12,37,35,32,38,42,15,10,35,16,42,40,32,20,39,34,30,33,30,31,43,34,42,26,10,27,41,41,40,22,33,33,36,14,48,30,38,42,12,38,38,27,33,44,34,38,31,29,41,33,40,18,26,43,21,10,20,40,33,18,41,22,40,16,27,24,37,35,19,38,34,32,16,18,33,20,36,37,36,42,41,32,40,31,38,38,26,17,29,32,38,32,10,18,29,31,29,37,37,15,35,29,28,7,30,17,10,31,14,32,38,19,40,34,12,30,19,9,23,14,13,35,10,29,36,11,42,25,37,34,10,42,26,42,41,32,42,25,42,45,35,33,37,38,34,15,35,35,18,36,33,28,40,38,10,39,43,38,32,33,32,32,13,22,31,18,33,38,34,33,35,18,28,15,40,12,33,37,17,27,26,38,32,35,35,15,28,31,40,39,34,34,47,40,32,35,8,13,31,43,30,31,31,33,31,11,36,11,22,20,36,40,31,12,35,33,31,36,38,32,33,37,37,32,40,29,22,27,17,34,34,17,39,34,10,28,36,37,31,34,38,19,39,37,39,30,46,35,16,34,26,40,32,29,40,33,16,38,28,34,38,33,24,32,34,33,32,34,33,22,9,18,31,35,9,37,41,18,38,40,11,40,34,41,36,34,37,38,30,46,33,35,33,33,31,16,36,31,38,36,39,39,30,15,41,18,36,15,38,39,41,16,16,25,17,32,19,32,31,41,30,14,35,34,30,33,41,45,16,28,30,41,46,31,39,13,16,37,39,36,11,13,15,8,16,39,40,42,22,38,40,13,32,34,34,32,34,13,34,44,29,35,37,14,36,16,42,22,36,34,32,41,14,46,38,20,16,13,16,14,36,37,30,13,32,20,15,40,35,39,36,14,34,36,33,17,40,41,38,33,30,39,17,32,26,31,34,37,41,28,17,29,8,33,31,33,39,20,28,32,30,37,30,42,27,45,44,12,16,16,15,14,19,34,32,36,30,34,11,45,11,34,22,38,35,30,14,32,40,29,13,35,33,10,34,32,35,45,31,39,25,38,37,17,17,40,33,22,31,30,39,33,42,44,40,30,13,39,27,30,12,38,33,12,34,12,39,37,36,34,32,34,30,33,13,32,35,34,27,31,18,37,38,26,40,10,29,13,33,42,30,33,29,41,32,40,41,30,29,18,37,36,35,39,14,35,32,41,29,41,35,17,34,33,31,34
35,31,45,37,40,39,30,41,33,33,40,34,29,37,39,38,40,41,26,31,25,30,37,26,40,53,19,43,25,34,36,34,29,19,31,39,33,42,30,15,29,14,33,44,29,38,30,33,24,34,37,38,38,41,12,13,15,46,26,15,37,34,26,31,39,38,18,33,34,37,20,31,17,37,28,40,37,30,35,33,30,31,36,20,39,32,39,35,37,35,35,41,37,21,11,33,38,38,12,34,35,14,38,39,41,38,35,38,37,33,31,32,35,40,14,37,13,36,17,35,31,33,32,33,43,32,44,35,30,27,28,15,31,35,11,32,34,15,39,33,33,30,40,34,13,31,14,22,42,39,31,35,29,41,30,15,46,16,34,38,27,38,42,40,40,40,39,36,36,15,27,32,13,11,36,21,32,23,21,19,29,28,26,15,37,37,46,34,32,36,19,29,36,40,40,39,40,9,24,31,28,34,38,32,37,16,13,28,33,16,35,10,39,34,40,33,28,15,42,28,44,12,33,16,32,36,37,28,17,33,26,32,46,31,27,38,34,27,22,30,43,41,41,28,35,31,34,35,17,14,35,32,25,34,37,12,41,37,19,40,10,42,34,34,37,11,32,18,36,39,39,34,36,18,12,38,34,41,9,26,31,11,37,32,9,42,37,13,39,35,33,9,11,15,44,35,37,37,9,34,16,39,32,9,41,32,39,31,35,29,17,35,37,13,34,15,35,31,36,36,32,38,16,32,40,34,33,35,32,15,32,9,15,36,39,12,28,14,32,19,36,30,15,16,42,32,12,39,36,35,34,30,36,34,33,17,13,38,38,30,35,17,37,17,32,41,36,32,27,39,18,33,28,39,32,17,36,32,23,13,45,35,20,16,28,42,18,32,34,30,34,45,37,41,16,37,38,34,30,25,35,34,29,14,33,32,30,37,15,14,41,16,31,34,33,18,21,40,35,34,41,17,35,37,33,14,12,40,35,11,40,11,38,34,28,13,38,35,18,35,37,33,31,33,17,30,39,30,29,18,38,28,33,42,29,40,18,27,37,16,33,39,13,38,13,18,25,34,34,35,23,34,11,36,15,35,35,16,31,12,34,37,27,36,14,35,14,35,11,36,39,9,42,41,13,37,33,31,39,39,36,12,45,17,21,33,13,35,33,23,39,40,41,35,39,37,41,33,11,33,28,42,15,28,33,19,26,32,41,41,19,40,19,36,36,14,36,30,39,36,30,12,32,37,39,30,36,38,28,15,37,35,30,17,40,34,35,35,27,44,38,34,12,11,33,30,43,40,28,36,35,12,45,35,15,16,24,34,27,18,38,32,44,17,32,12,25,38,9,34,39,42,12,33,41,30,35,30,32,37,14,26,12,34,36,9,41,41,10,33,43,26,38,43,37,16,35,36,47,38,40,36,34,30,18,37,18,41,39,31,41,27,33,18,16,24,38,32,12,32,16,27,41,30,16,14,42,34,13,36,31,46,15,31,27,12,10,33,37,29,35,36,12,32,35,41,36,17,38,10,10,17,21,20,32,34,37,9,37,18,31,38,48,26,33,40,47,39,38,33,40,36,36,45,19,33,28,34,33,42,31,36,40,21,46,46,39,38,35,29,40,34,44,33,35,33,10,42,36,34,29,9,34,18,41,39,41,34,33,35,39,10,38,39,34,29,35,42,35,39,32,38,32,42,33,38,38,36,18,36,16,36,31,20,35,31,9,40,14,12,18,40,31,35,40,25,37,20,43,45,13,37,23,34,39,16,37,18,38,11,14,14,10,32,39,37,39,37,36,36,38,32,31,36,43,41,31,37,30,34,33,32,38,14,20,30,14,30,23,30,13,17,13,31,36,37,41,26,32,38,18,36,32,35,33,17,39,14,33,29,32,34,30,29,34,32,41,39,45,13,34,37,41,31,36,36,30,40,33,29,19,36,13,34,37,14,36,15,33,16,19,25,16,35,34,35,19,34,33,31,14,39,38,27,27,38,38,38,33,34,15,35,37,20,41,34,28,40,39,43,42,37,32,30,35,42,36,26,35,13,39,31,15,14,43,37,34,32,36,33,35,13,37,28,34,36,16,33,34,19,13,28,30,39,35,40,29,11,11,36,33,32,15,34,40,28,35,39,40,34,31,16,33,45,45,34,46,15,39,43,36,12,39,25,41,14,36,31,34,37,29,29,32,34,16,41,36,30,36,36,44,41,32,11,42,14,22,37,24,32,32,37,15,36,30,46,39,36,34,35,27,16,33,39,30,38,29,36,15,37
27,29,15,14,34,39,34,45,31,35,17,16,35,38,37,37,44,28,9,16,31,44,47,34,28,38,29,12,31,26,20,38,32,35,39,29,38,33,15,31,38,36,35,32,18,32,13,32,34,35,38,13,36,38,36,21,13,31,39,38,37,31,39,37,33,7,27,38,38,42,44,39,19,11,36,28,34,41,29,12,29,37,39,32,32,20,37,31,36,43,33,43,19,34,35,35,13,15,39,16,32,36,42,39,34,11,37,10,36,12,35,38,29,16,16,29,15,36,39,14,32,31,41,48,28,27,15,34,37,36,29,40,12,13,33,36,35,38,25,41,42,40,40,34,33,30,36,9,24,31,14,12,25,28,37,34,34,41,30,15,31,11,30,14,34,16,33,35,28,35,47,35,22,31,35,29,32,45,34,32,36,47,34,38,15,18,28,31,39,14,32,32,30,39,18,20,34,30,36,37,39,36,37,45,33,18,31,39,27,40,32,18,27,34,17,14,40,29,26,29,34,34,39,40,39,35,32,37,28,41,39,40,21,32,13,36,21,21,13,30,11,33,31,29,15,9,32,34,38,43,35,41,32,17,37,33,32,41,35,33,28,40,30,41,38,37,31,11,35,33,32,43,31,36,31,13,16,39,43,29,29,37,17,41,36,33,36,33,15,35,35,36,38,40,38,38,18,15,14,18,9,42,29,36,37,35,32,46,33,35,38,34,28,31,36,29,35,38,38,36,40,36,29,28,34,31,19,15,37,30,35,38,15,27,37,17,16,39,36,12,33,44,28,39,19,21,40,41,32,33,29,32,44,36,41,41,40,33,19,31,9,26,15,41,29,10,33,9,39,38,39,30,32,35,30,35,34,40,26,30,33,37,42,32,31,40,38,11,29,30,29,37,36,37,20,28,42,16,37,29,36,15,11,28,36,40,34,37,37,36,10,12,33,34,38,44,37,13,34,13,30,26,42,34,34,42,25,36,34,35,32,35,44,47,33,46,36,18,33,13,36,43,32,11,12,42,11,27,35,39,33,36,36,34,44,33,36,25,29,35,15,34,37,32,13,31,37,35,42,29,40,18,25,31,17,32,40,15,36,33,30,15,35,33,36,32,37,14,30,14,41,34,29,35,37,35,30,35,36,36,13,42,31,35,15,39,34,10,32,28,40,14,28,28,13,14,14,34,34,32,34,19,35,31,14,32,32,17,35,10,15,42,18,35,12,39,34,17,34,25,37,30,36,30,42,32,36,35,34,38,41,40,37,34,18,14,31,37,29,14,41,29,36,37,18,43,44,31,41,32,20,39,37,21,14,32,32,33,32,38,18,27,38,38,39,44,10,12,40,13,36,32,34,37,36,32,38,37,13,15,39,17,34,37,31,39,39,35,37,33,39,29,15,37,34,40,45,35,24,11,36,14,31,33,34,30,12,38,38,43,28,10,35,18,19,35,38,35,31,11,32,10,17,34,41,35,18,35,29,33,31,12,30,38,36,30,36,17,29,27,21,30,39,34,11,34,33,27,12,35,28,36,19,46,28,42,13,20,45,40,9,31,36,32,44,9,19,37,31,32,28,36,37,36,42,31,30,13,9,40,34,38,15,30,27,32,43,17,12,39,32,37,35,33,35,38,10,32,34,18,28,29,40,36,38,18,37,40,35,38,41,14,32,37,36,35,29,35,14,38,13,12,32,21,14,10,20,29,38,48,39,31,41,39,32,35,36,38,39,48,41,34,45,38,32,25,26,34,40,29,40,45,17,14,36,43,16,15,31,28,27,22,33,32,20,34,37,36,10,12,30,33,38,32,14,24,39,35,28,34,11,30,15,34,10,39,37,30,32,18,17,29,36,30,35,26,11,42,26,28,34,34,28,31,17,19,36,17,30,30,39,35,32,37,32,38,36,39,38,36,14,34,14,17,32,15,45,31,32,13,36,38,38,43,39,35,17,32,40,34,18,32,43,34,15,41,36,30,34,28,33,16,35,35,37,38,11,33,12,13,35,33,40,34,33,37,13,32,37,34,22,41,35,41,36,38,13,16,12,34,15,32,41,36,15,26,38,21,37,29,39,11,33,40,33,41,40,13,32,43,39,19,39,27,43,37,34,6,33,12,36,41,35,31,42,15,35,36,36,33,34,18,13,30,34,15,38,43,16,9,39,34,36,14,29,34,32,32,37,11,40,16,28,38,18,33,32,19,16,31,38,39,18,37,34,10,33,10,14,37,13,32,39,21,19,34,12,40,30,36,37,30,35,36,35,38,35,39,44,8
32,36,31,12,38,14,15,11,13,34,30,18,36,33,38,36,12,31,35,33,17,33,37,34,13,37,12,34,34,21,42,16,39,31,22,35,12,16,38,36,42,45,45,42,33,39,38,19,18,27,36,38,13,34,14,33,12,30,33,41,25,32,34,35,28,30,40,44,31,19,32,34,39,46,35,32,30,37,19,34,40,32,37,29,28,36,12,34,39,36,39,13,30,12,36,20,29,33,9,15,28,40,33,10,37,18,32,33,37,30,14,35,19,40,33,41,31,37,40,17,7,28,15,40,42,37,34,31,15,39,10,33,38,16,37,39,33,15,43,42,38,12,33,18,40,43,15,27,30,31,42,37,42,31,37,11,21,38,34,14,23,33,44,36,14,35,37,12,39,12,32,8,35,29,33,46,15,35,41,34,40,37,25,42,8,32,34,39,33,38,39,31,39,33,39,17,41,36,44,14,36,30,37,39,12,36,36,16,46,33,19,38,38,9,40,35,22,14,36,44,38,31,36,31,35,29,30,29,36,30,39,37,10,14,41,35,27,37,40,41,30,23,41,32,30,12,36,12,35,31,40,30,14,20,38,37,29,35,31,31,26,34,35,21,37,33,35,13,37,40,37,41,28,15,36,39,37,38,37,13,34,31,41,18,37,29,34,31,34,35,31,34,33,33,16,15,31,18,33,20,12,17,28,35,30,28,25,30,37,16,30,40,33,41,37,26,35,37,38,36,35,11,33,37,33,33,36,37,12,29,38,37,18,31,33,31,39,43,32,16,36,32,32,29,38,31,34,20,9,46,33,37,43,35,18,36,37,18,18,16,38,35,33,14,38,32,38,25,35,39,31,35,11,35,32,36,41,35,14,34,44,40,42,34,34,41,31,34,15,15,17,39,45,29,26,36,32,42,41,35,36,21,33,9,14,34,41,29,23,35,17,36,36,37,38,10,32,13,34,39,14,16,15,30,18,9,36,18,35,27,41,39,36,20,31,20,16,31,12,17,31,30,36,39,34,16,27,21,39,32,18,35,13,33,42,12,13,12,27,32,32,30,16,18,35,16,36,36,35,27,32,34,47,14,13,33,28,34,29,29,31,13,31,14,40,43,43,38,14,14,39,22,34,39,16,44,36,29,38,33,32,12,34,39,27,40,38,30,19,34,33,32,38,38,36,11,36,10,34,28,14,36,44,18,12,32,34,33,13,35,34,12,25,36,36,12,38,28,36,36,35,36,37,30,26,39,9,37,37,33,33,39,37,38,39,32,34,35,48,14,38,37,42,10,37,31,37,40,35,33,36,36,26,38,18,28,34,15,29,41,13,9,33,15,10,13,37,38,10,38,31,40,39,33,20,26,29,31,32,31,34,31,38,29,13,15,17,32,35,39,31,34,20,15,36,29,16,38,19,16,37,37,33,35,11,30,13,33,27,15,10,10,35,36,12,42,14,28,37,32,43,36,28,37,33,34,40,17,40,12,28,32,13,29,33,37,41,36,32,11,39,39,36,34,38,35,29,26,30,29,41,36,20,37,32,40,42,39,7,37,17,45,30,36,34,26,34,38,37,34,32,15,16,15,45,44,42,34,31,29,43,19,22,43,8,30,14,38,16,19,18,18,37,36,29,30,29,11,32,26,16,20,14,31,35,32,35,31,35,30,16,17,15,27,16,39,35,37,17,44,31,31,37,36,26,35,10,38,9,37,32,35,35,18,34,29,24,34,38,46,33,12,36,36,36,20,30,17,34,40,17,34,32,46,41,17,23,23,35,46,19,34,33,38,35,28,37,11,36,8,42,32,13,35,31,29,34,12,40,42,30,41,35,32,31,33,38,30,37,35,39,26,35,34,39,33,34,37,24,34,12,31,37,32,35,31,32,39,38,27,40,17,40,15,10,21,38,33,29,37,39,32,33,16,13,40,39,44,14,23,35,37,42,34,33,31,40,39,38,42,34,33,12,33,30,13,13,44,40,34,13,14,38,43,30,33,50,40,11,34,34,34,40,40,19,39,24,26,36,11,7,33,24,44,31,40,30,36,43,11,32,22,35,36,43,8,39,42,28,39,19,34,41,18,33,39,17,33,17,33,33,37,41,47,11,22,35,13,33,43,28,39,33,36,31,30,26,25,40,29,36,35,30,25,37,14,20,35,43,34,33,37,12,27,39,29,41,43,32,31,27,28,38,34,32,36,37,13,39,34,33,31,19,18,17,18,13,34,39,15,37,16,40,37,36,36,18,45,15,35,34,19,33,37,29,12,25,22,33,15
35,39,40,41,39,36,39,15,31,34,11,16,29,38,9,34,14,42,32,38,29,40,17,11,13,36,13,42,39,35,29,26,31,27,33,38,29,35,17,45,30,38,44,9,47,16,22,39,34,31,12,28,42,33,14,42,37,29,38,20,13,37,10,31,13,28,13,36,41,33,34,12,36,34,38,17,44,44,21,32,37,30,34,15,15,32,32,43,30,39,13,17,31,36,10,42,28,37,32,35,36,36,16,41,37,18,10,38,31,14,17,28,33,26,10,14,34,14,45,39,49,34,28,28,15,17,38,32,31,32,38,35,21,34,32,37,14,46,37,15,37,33,33,36,35,29,34,37,26,40,32,30,33,33,37,12,39,12,26,14,36,32,17,17,37,37,39,32,36,33,35,34,33,36,31,39,29,36,20,31,12,14,44,26,34,31,31,27,39,15,33,17,38,14,35,34,41,15,33,40,14,35,11,36,31,16,14,17,34,35,16,37,13,39,33,20,42,35,30,12,32,18,32,37,24,17,36,32,34,46,13,41,34,37,32,30,39,32,38,29,40,44,17,14,19,14,16,36,36,35,37,35,30,30,37,27,38,37,42,35,31,31,31,14,31,45,36,37,35,13,34,40,37,35,28,16,24,30,37,33,30,41,35,10,47,14,39,12,33,39,43,33,33,26,12,16,14,38,38,33,41,30,41,20,14,30,28,13,31,34,32,27,44,16,29,35,35,39,30,14,21,39,46,32,29,38,42,16,41,33,31,39,14,31,38,30,23,30,38,40,26,30,13,45,36,30,28,14,16,31,19,38,31,30,34,11,20,21,39,11,39,36,35,34,30,15,37,41,37,11,37,40,43,30,33,32,13,8,36,14,43,26,38,39,13,16,33,15,16,33,34,46,37,31,32,32,36,40,36,37,33,30,29,34,15,40,41,37,37,21,17,27,11,41,17,41,36,12,33,29,29,36,42,40,43,37,28,40,31,36,35,35,22,38,29,35,34,30,30,14,33,33,38,36,35,41,40,36,40,15,43,36,30,43,41,36,34,11,32,36,34,35,34,10,36,39,13,38,14,37,12,36,17,7,42,33,34,13,34,35,31,43,38,37,37,14,36,39,36,10,33,40,27,9,34,40,37,34,36,21,15,37,34,40,38,17,38,40,30,31,16,38,20,37,34,46,36,29,42,37,31,35,29,11,35,38,40,41,32,16,34,32,26,22,35,37,34,35,34,15,10,18,37,31,36,15,33,14,40,30,21,38,36,12,35,39,17,16,33,38,33,34,18,28,28,18,30,32,39,15,35,37,43,39,35,33,39,32,28,21,14,39,27,30,35,35,16,11,39,32,13,34,34,35,39,34,11,39,41,15,40,35,36,34,28,31,37,17,38,26,34,28,33,38,34,29,32,36,39,35,35,35,17,37,19,40,15,35,34,34,35,13,28,32,38,29,9,36,32,39,39,35,32,28,39,20,30,16,35,39,16,11,13,13,47,40,29,23,36,33,10,14,32,37,34,15,31,18,34,37,8,8,29,41,37,31,17,38,35,33,40,38,27,14,32,30,35,33,16,37,33,38,16,38,37,15,43,36,32,13,16,38,12,36,30,35,35,35,39,38,29,28,22,37,36,14,30,39,26,28,46,43,37,40,39,34,35,16,40,37,35,34,39,44,12,22,34,43,14,28,26,36,38,39,30,25,33,15,35,15,34,14,39,11,36,37,37,10,39,12,28,37,36,32,33,18,15,33,32,34,45,38,37,34,25,32,28,34,36,32,24,31,42,31,31,16,14,37,26,34,34,46,13,29,15,36,27,17,34,45,36,36,37,40,35,34,39,39,12,37,17,34,38,46,14,29,37,34,42,35,28,13,36,36,36,29,37,14,35,30,29,33,34,13,31,34,27,29,9,27,34,37,25,40,34,43,34,14,38,31,22,41,29,30,44,30,31,39,48,17,32,16,19,44,37,36,32,34,39,36,13,17,29,36,35,15,39,40,33,15,35,12,30,29,34,14,15,38,31,43,34,33,39,19,37,33,35,16,41,36,14,31,30,11,35,35,30,38,22,15,42,34,48,31,34,12,38,18,29,43,34,46,32,42,36,37,27,41,31,32,12,13,33,35,44,33,36,27,13,28,36,30,12,34,37,39,38,37,15,10,15,9,33,41,34,39,27,43,34,11,38,27,30,36,31,40,17,18,43,28,30,43,14,36,36,44,33,38,13,30,34,46,31,12,36,35,36,31,9,27,17,33,32,19,30,37,14,32,29,34
37,28,39,36,32,15,34,37,16,29,30,35,8,18,18,14,26,32,29,32,38,32,36,12,33,18,36,38,35,40,46,40,40,31,31,38,21,32,28,36,39,40,33,31,43,38,42,32,15,31,41,12,32,19,8,14,41,16,32,13,31,35,33,33,43,33,35,16,40,30,41,34,38,31,36,41,42,39,12,18,32,42,39,36,19,33,30,32,28,28,15,16,18,31,37,29,9,12,30,38,29,29,36,29,33,33,39,15,40,33,24,38,41,29,31,40,35,37,25,40,30,31,35,44,31,29,17,19,31,29,15,35,35,25,45,25,35,16,18,34,31,41,36,15,37,38,37,29,42,36,15,16,35,37,32,18,29,29,45,31,30,26,28,35,31,31,17,35,38,34,36,17,36,36,34,21,18,35,33,32,12,19,27,12,33,36,13,40,38,29,42,8,38,13,34,41,15,26,37,33,33,31,24,34,33,33,24,30,28,37,38,37,38,34,34,25,20,32,33,30,38,13,37,38,31,28,36,37,17,40,11,30,37,29,36,28,33,31,38,33,37,34,32,15,36,34,38,14,35,38,30,27,37,27,8,13,43,36,36,35,12,33,35,26,26,50,30,34,37,22,32,36,42,42,39,29,34,34,43,36,37,32,36,40,23,17,37,40,34,32,37,26,31,28,40,37,37,30,41,34,32,21,32,12,13,38,41,31,12,34,32,17,13,14,23,38,33,14,11,30,35,34,33,9,44,34,30,23,43,40,19,36,10,17,32,40,19,17,32,39,10,14,34,31,33,26,35,18,32,35,33,17,34,41,47,9,15,31,36,32,35,17,17,17,15,37,18,33,41,33,33,31,36,40,44,43,39,11,28,11,36,38,28,15,44,47,39,14,15,14,35,36,15,13,31,14,37,31,23,33,12,35,46,18,36,9,16,32,11,33,19,41,8,34,40,34,32,14,34,25,17,13,35,24,11,40,9,33,34,37,27,36,40,37,17,35,18,31,39,31,14,35,30,32,30,31,37,37,37,30,15,40,30,36,14,31,35,31,13,33,29,32,37,35,29,19,34,31,35,33,34,13,29,33,39,33,34,15,42,32,13,20,36,13,41,28,38,17,29,42,29,40,12,32,34,36,36,30,35,43,38,33,27,30,27,23,39,14,33,33,33,39,34,19,37,17,40,30,39,19,42,44,28,38,37,40,10,31,31,35,39,18,38,30,39,34,25,15,12,40,13,34,10,32,34,39,38,37,27,28,25,36,39,33,29,37,16,30,39,35,34,33,48,24,14,30,14,8,42,33,33,34,35,35,13,32,38,33,22,29,33,30,20,37,33,39,15,43,33,36,31,31,39,42,35,37,17,25,30,37,39,39,30,31,38,35,31,45,34,18,27,31,19,43,34,40,14,10,42,43,36,13,52,28,34,37,36,33,31,32,30,32,29,34,32,35,38,30,35,41,16,35,31,41,17,42,30,18,39,35,36,36,44,36,29,9,33,37,32,32,41,36,35,31,39,31,44,37,30,39,42,25,34,20,15,44,18,34,18,47,20,31,35,18,16,17,28,41,31,37,11,36,36,32,27,13,34,45,32,34,40,28,23,33,31,35,36,34,38,34,48,36,42,35,19,17,36,35,34,17,18,13,36,37,36,37,43,29,39,39,10,33,40,13,37,38,33,38,14,12,33,35,14,35,28,36,37,41,33,17,42,38,32,42,40,11,23,14,36,40,38,31,40,18,32,9,32,29,14,36,16,36,14,37,28,14,30,12,35,24,39,32,34,43,25,15,13,39,34,40,35,31,13,33,34,39,36,37,12,38,33,20,32,23,15,27,14,24,28,34,31,38,31,32,33,35,14,33,22,29,14,35,21,32,37,32,36,32,32,20,14,22,40,37,19,9,36,39,34,13,34,33,42,45,21,34,35,38,26,20,33,29,40,13,36,18,37,38,43,31,36,19,37,42,31,33,41,34,40,29,12,29,13,42,34,41,40,37,34,32,35,19,43,40,23,32,39,40,32,12,37,14,15,13,31,39,33,29,15,31,41,21,35,42,15,19,11,33,32,33,27,16,31,38,40,30,37,32,34,30,47,29,42,12,13,28,21,35,16,30,22,38,14,33,18,15,31,34,14,28,16,26,36,16,40,33,34,12,38,32,23,32,33,33,26,30,35,39,37,39,33,43,38,41,37,40,38,30,39,37,43,38,43,14,37,13,31,32,41,35,17,40,28,7,43,38,12,35,33,38,33,33,35,37,34,32,35,35,33,35
31,43,36,37,34,30,38,29,11,15,36,43,34,39,18,14,27,31,36,36,32,34,23,39,42,36,37,38,18,13,35,31,36,18,32,34,44,32,15,42,39,33,23,20,15,37,13,12,22,31,31,12,39,9,36,36,37,15,32,29,21,38,31,33,30,27,35,34,31,31,41,37,35,9,29,32,17,32,40,40,42,34,37,35,30,17,40,12,33,38,38,18,35,37,17,45,43,37,39,12,32,37,36,18,29,35,36,39,35,31,36,35,13,38,32,35,34,34,33,33,23,34,31,20,41,39,16,17,44,13,9,14,13,43,20,36,42,38,36,19,41,18,41,31,14,35,35,29,29,38,32,13,34,37,31,34,36,29,35,36,32,34,42,11,17,42,13,31,35,10,32,17,32,35,41,36,31,35,31,17,34,29,39,40,42,34,32,40,34,25,33,26,20,16,17,38,37,34,30,20,16,33,41,45,14,31,35,32,43,15,34,42,20,38,33,41,37,27,15,39,34,36,37,37,34,7,10,14,34,35,18,40,34,18,13,37,23,17,41,37,34,29,30,12,10,30,18,15,39,28,18,11,12,17,33,29,37,36,31,31,43,29,16,29,36,18,30,40,29,36,34,18,40,40,37,37,34,13,33,39,36,36,11,33,18,33,41,39,35,34,14,34,34,16,37,34,39,32,31,30,12,46,14,33,32,15,35,44,37,17,36,37,41,29,37,25,36,42,37,35,34,40,30,16,10,39,23,40,26,14,33,35,38,10,35,38,32,24,32,41,29,15,29,10,40,34,35,36,37,37,36,28,27,20,42,38,34,12,37,42,35,33,14,44,40,35,35,32,32,28,37,28,17,41,35,42,36,13,38,27,38,44,42,30,12,32,17,33,18,9,15,41,14,36,27,28,34,28,42,27,34,41,14,39,38,38,32,29,38,35,30,14,47,39,11,34,38,16,36,39,15,32,32,14,43,17,18,42,41,40,31,12,39,35,35,43,20,28,12,18,42,39,41,28,33,28,40,40,14,31,12,14,32,30,35,18,34,37,40,28,39,36,32,38,43,33,12,29,32,35,33,25,29,18,32,34,47,38,37,33,35,34,32,11,11,39,34,34,39,34,41,38,36,9,39,40,22,32,32,41,13,31,38,35,36,23,39,28,30,13,17,29,38,17,34,35,25,18,37,37,14,38,16,15,30,35,34,27,32,32,29,44,37,34,13,37,13,43,35,40,39,43,36,34,31,12,37,36,17,44,36,41,29,18,17,34,33,21,33,14,19,33,20,31,35,33,35,36,32,32,27,14,45,38,17,33,32,47,16,13,32,36,36,20,9,33,13,15,37,37,42,13,10,41,28,14,39,29,38,40,35,34,45,28,35,23,43,36,13,18,35,14,32,35,13,36,35,38,36,40,37,13,41,18,31,37,14,41,34,31,38,36,28,27,14,34,16,32,43,34,31,34,35,14,39,16,34,8,35,39,42,16,44,39,19,10,43,26,33,30,11,27,36,32,31,41,41,11,9,36,14,16,32,29,40,20,31,33,33,35,14,30,49,24,29,40,30,34,33,36,37,38,32,35,32,11,41,36,39,42,31,16,33,14,13,12,11,42,39,36,17,35,35,36,36,33,17,40,28,40,42,36,38,15,49,32,37,32,15,28,33,39,33,14,42,17,41,34,40,39,31,13,37,37,32,37,14,40,37,45,36,40,32,38,36,17,37,10,34,16,33,15,34,37,40,33,27,13,30,40,38,36,41,40,33,32,37,30,37,38,19,35,40,26,29,41,40,10,12,37,29,38,33,15,34,36,31,15,33,16,19,40,33,39,35,15,31,43,8,29,8,36,40,35,33,14,36,42,40,41,36,28,31,19,20,35,11,19,37,33,39,16,39,28,16,29,13,39,33,34,31,44,36,33,35,11,34,30,41,30,38,11,31,45,16,26,43,36,27,16,13,40,5,41,38,34,23,36,11,16,31,34,12,41,35,28,42,35,16,10,17,32,12,26,14,38,46,10,12,12,12,17,36,14,32,13,35,25,12,40,15,35,27,32,17,36,27,30,29,33,39,31,30,38,23,12,36,31,36,34,38,19,30,48,33,14,40,21,35,20,31,7,9,41,32,35,13,46,38,31,32,36,18,32,37,17,45,32,14,35,40,43,14,31,41,35,34,19,40,31,38,29,40,35,36,14,25,44,38,37,38,36,43,36,33,17,32,32,38,34,33,31,38,11,31,46,10,36,13,38,18,36,30,32,16,33,18,15,27,16
33,13,37,40,29,34,36,38,25,34,14,40,17,15,46,33,42,40,35,44,31,30,21,35,37,33,33,37,32,36,27,32,36,19,45,16,36,30,38,32,38,37,47,7,30,17,41,13,31,35,27,11,29,36,14,10,11,38,40,35,35,36,32,32,35,16,41,14,16,39,34,30,36,35,17,28,36,35,9,37,35,12,42,14,37,37,37,29,35,38,12,17,16,30,19,38,19,31,30,29,38,41,38,34,19,37,31,31,35,14,21,9,35,30,17,35,21,46,31,36,39,14,35,8,10,37,33,33,28,32,37,30,30,19,22,40,20,34,35,40,37,17,31,25,34,37,36,33,39,15,18,39,37,33,30,39,31,19,18,15,38,32,16,38,13,32,29,18,37,13,41,15,42,34,16,39,29,41,36,13,17,32,32,40,36,17,39,36,39,35,37,18,37,16,18,32,37,34,49,40,17,31,45,37,38,40,37,34,28,19,32,20,13,32,31,33,36,41,40,37,33,11,33,17,29,12,32,14,33,19,16,13,33,22,36,35,34,36,29,39,40,34,34,36,13,32,31,33,34,16,14,32,17,41,34,38,31,27,40,37,39,10,32,36,37,30,34,11,43,40,12,37,35,21,28,38,42,32,31,39,30,27,44,13,32,13,35,32,21,17,29,20,38,42,29,31,41,33,13,37,42,35,30,31,33,25,9,15,35,11,39,17,36,36,34,38,17,32,14,30,33,41,31,37,40,39,36,34,34,40,15,20,34,38,29,35,9,35,39,39,20,26,30,40,42,39,43,26,28,26,26,33,32,11,42,10,40,37,26,39,34,39,17,38,16,14,36,11,38,37,41,39,33,42,16,18,35,37,36,41,39,39,10,36,47,40,30,29,16,29,32,26,15,38,36,41,41,43,45,37,24,31,23,35,27,33,39,32,32,11,41,32,32,34,36,33,10,31,33,39,19,40,39,14,36,38,38,33,43,39,31,43,28,28,27,21,13,36,32,31,26,38,24,28,17,28,37,28,29,37,11,32,33,38,19,36,39,22,38,34,38,8,36,13,32,12,16,32,33,25,36,31,38,19,41,14,39,15,33,34,41,38,32,36,37,35,32,35,30,43,17,16,32,11,12,31,35,35,38,35,35,33,31,11,13,32,35,14,31,35,32,40,34,13,17,38,27,35,35,18,20,34,18,29,38,19,16,14,32,40,24,13,34,15,14,37,30,37,36,15,17,30,31,32,36,34,12,21,10,39,33,35,38,37,38,37,29,33,13,32,16,23,37,31,17,38,39,32,16,34,13,23,38,30,39,41,13,35,33,27,34,30,30,23,36,34,38,13,16,32,40,18,43,37,16,16,31,45,16,14,32,13,20,34,35,15,37,34,32,37,15,31,35,19,28,15,13,36,41,38,17,44,33,41,32,30,41,15,10,29,33,44,30,35,35,47,32,37,42,39,31,33,32,12,40,33,38,30,38,31,35,13,43,38,31,21,10,16,14,42,31,22,36,37,11,29,29,31,15,32,40,37,11,36,27,39,11,40,40,21,42,25,30,17,31,32,30,36,36,24,16,45,34,15,14,32,37,33,36,32,37,40,14,38,18,28,33,37,16,28,37,45,28,32,39,31,14,37,41,12,34,21,28,10,44,6,34,18,33,22,12,40,40,34,37,30,36,20,37,30,30,39,18,34,34,30,17,14,13,14,39,13,34,18,37,41,16,16,18,17,36,27,15,41,9,32,6,38,13,43,37,43,32,39,34,33,33,33,33,13,16,38,15,35,40,11,33,39,39,10,42,10,34,42,32,9,30,13,29,40,18,38,33,40,33,14,33,25,11,32,38,31,33,36,35,31,17,36,22,25,41,39,53,38,16,27,34,39,41,32,39,7,46,30,40,31,28,28,17,44,29,19,33,26,34,36,17,39,14,17,36,37,37,34,30,37,36,17,26,39,19,38,43,29,38,41,37,33,30,14,40,36,35,40,16,17,28,42,15,29,30,41,39,33,18,24,12,37,29,39,30,31,40,35,36,19,36,49,45,44,42,34,36,34,40,33,15,31,33,27,30,29,40,31,29,32,12,41,35,42,8,31,42,35,16,18,36,18,22,41,32,28,32,37,36,24,37,16,36,37,33,15,14,32,36,14,39,31,13,15,35,38,23,40,41,43,15,28,39,48,32,17,38,30,33,34,27,36,32,30,28,24,12,25,35,30,33,32,32,33,30,11,33,9,36,13,30,36,38,33,33,33,27,33,22,33,33,32,35,35
20,32,37,25,28,14,35,32,31,30,34,34,32,13,30,35,35,31,34,37,36,11,39,13,36,28,11,36,16,35,16,42,32,30,29,38,31,13,34,31,17,16,25,26,43,37,42,28,31,32,38,29,31,39,28,23,34,32,19,19,15,39,33,17,33,35,33,34,37,45,17,12,33,14,34,36,31,38,21,33,41,30,37,16,28,33,37,29,39,38,35,35,27,36,12,35,16,33,18,34,21,14,21,39,17,44,39,9,20,31,17,33,37,38,30,39,33,23,44,35,36,34,18,20,20,36,30,18,11,33,9,10,18,38,38,16,36,13,32,10,31,37,41,47,38,35,29,16,11,36,39,39,31,30,37,12,37,32,32,35,34,45,40,28,36,38,46,33,32,38,18,42,37,38,44,40,40,21,20,41,13,43,35,34,36,20,37,32,34,38,33,35,40,37,36,33,34,38,26,33,39,35,30,36,40,33,13,35,34,41,32,8,12,41,9,34,33,15,13,33,42,37,38,43,13,21,29,38,41,41,17,42,39,36,38,36,36,16,36,28,37,36,40,34,42,10,21,29,37,40,8,41,37,18,17,11,15,31,38,12,40,38,9,34,33,36,40,38,34,29,15,44,12,20,30,13,37,16,44,15,16,9,16,34,29,31,33,36,17,39,39,17,36,37,39,42,16,34,28,37,39,27,42,13,15,28,30,37,21,13,14,36,41,34,39,36,15,15,10,12,25,43,30,15,39,49,35,32,32,38,43,30,40,29,16,33,38,42,16,16,10,14,37,35,42,18,10,12,22,37,38,29,37,39,38,45,17,44,29,37,39,32,20,38,34,37,18,32,33,28,32,32,35,16,34,37,34,17,30,20,12,41,33,34,16,14,17,41,36,28,37,38,39,31,11,29,35,14,36,41,19,21,36,32,19,35,33,29,19,30,28,36,34,10,32,37,39,20,15,34,14,40,8,40,38,29,28,7,13,12,28,28,37,15,15,35,27,14,9,34,26,22,18,20,32,13,31,40,34,33,37,34,36,36,37,33,14,35,37,12,34,39,43,34,40,35,37,31,33,37,11,28,32,35,39,20,32,36,33,35,12,26,41,38,34,37,18,19,32,35,35,31,42,26,20,38,39,16,7,38,39,32,39,30,13,34,37,25,26,33,11,37,12,39,36,16,11,32,31,22,24,32,15,34,34,21,32,14,35,45,15,12,40,33,39,13,34,12,39,35,16,44,34,32,35,37,34,16,36,32,16,18,16,13,29,31,35,43,35,16,37,39,30,40,33,38,37,19,34,38,34,36,11,30,41,37,33,19,13,35,38,33,18,17,29,31,32,44,36,19,34,31,36,41,17,13,31,16,39,42,30,39,39,36,37,38,11,34,19,37,39,29,30,41,32,30,28,37,31,33,11,30,15,36,28,23,15,11,10,21,36,35,35,28,30,16,40,39,37,31,35,27,32,43,12,14,32,35,27,14,37,14,15,37,35,25,36,29,35,12,29,30,30,37,42,37,34,16,34,28,35,33,33,36,9,17,27,39,35,15,33,41,34,34,42,42,20,15,19,36,37,46,28,31,29,30,32,32,17,42,37,38,16,14,36,36,34,30,41,29,34,37,28,16,39,39,41,32,37,35,40,34,11,37,35,30,37,38,39,30,18,24,41,27,33,35,31,34,30,36,34,29,11,27,35,13,33,17,32,27,38,40,12,35,14,13,36,13,37,38,35,39,32,21,33,34,11,19,38,27,32,33,30,30,33,37,18,35,36,31,36,39,26,11,35,36,38,41,34,39,32,20,10,33,17,11,31,37,13,13,33,37,16,12,14,11,29,31,14,35,42,35,12,12,30,37,12,40,37,41,42,44,10,18,36,34,40,29,32,37,30,17,18,36,38,28,39,35,18,39,17,37,19,12,14,13,35,19,42,37,16,40,33,29,28,31,36,39,29,32,37,31,40,22,44,37,42,44,16,15,31,36,40,21,22,24,40,38,15,12,10,40,47,36,30,13,32,34,16,32,32,31,38,31,36,32,27,15,38,31,32,32,32,37,39,38,45,31,33,31,38,38,14,11,40,34,11,40,11,37,37,36,14,35,38,33,40,13,34,27,42,38,35,28,17,12,30,12,12,14,30,43,44,20,32,31,33,39,41,30,36,16,51,12,37,33,31,34,38,35,43,43,17,17,40,37,30,37,14,36,16,37,31,36,41,16,37,30,29,17,13,36,14,32,29,34,27,38,11,42,27,32,40,35,37,37,35,36,38,35
35,40,11,36,36,33,13,43,37,28,31,36,29,31,32,44,37,26,31,36,37,34,34,33,19,39,29,36,41,31,17,35,14,32,14,36,42,13,36,35,18,34,44,38,35,26,10,7,29,15,42,38,17,18,41,23,49,36,30,43,26,29,44,35,37,34,32,32,42,34,7,35,16,36,27,30,32,41,38,17,19,29,36,39,47,38,28,36,34,13,27,11,34,33,11,29,18,29,30,17,38,18,34,37,31,42,21,22,18,10,42,33,47,15,13,15,43,28,26,41,18,37,16,14,34,39,18,16,31,15,32,31,33,39,16,16,36,13,38,35,34,33,11,48,34,37,36,35,36,37,28,30,30,42,20,35,39,42,38,19,18,36,21,37,23,44,45,39,30,40,30,29,9,31,39,16,34,32,48,34,40,38,8,38,24,33,37,38,30,36,42,40,33,35,16,34,38,33,29,34,36,37,38,21,40,39,22,36,33,37,32,40,44,20,40,31,36,17,35,37,42,36,36,22,18,35,14,30,13,43,12,38,40,39,14,23,32,35,27,33,35,30,37,44,30,14,46,29,12,16,13,36,15,32,43,12,37,37,22,39,41,27,34,13,29,14,16,37,12,20,34,18,34,36,36,14,32,10,35,35,34,20,35,32,38,38,39,16,35,37,34,31,38,17,39,34,34,15,31,31,30,33,15,41,41,36,39,36,40,33,13,18,30,40,21,32,31,16,19,35,34,37,41,12,44,35,27,33,39,16,36,35,16,32,34,16,29,38,34,33,33,29,34,38,13,11,40,42,35,34,38,33,10,34,36,30,27,43,35,37,36,13,25,18,11,33,33,41,29,37,28,44,31,38,38,34,34,33,14,29,11,34,36,37,37,39,28,16,18,13,39,34,14,34,29,35,38,33,38,32,33,17,29,47,29,35,35,33,35,32,16,13,36,37,45,31,27,33,37,41,28,12,35,35,35,32,29,33,34,30,32,40,17,14,18,33,37,26,39,27,42,32,33,19,34,33,34,37,18,22,39,11,36,34,33,36,34,12,29,34,38,32,35,16,35,27,40,46,43,35,20,31,14,17,39,34,11,31,10,8,36,8,34,35,32,30,32,37,16,33,25,34,40,19,31,31,41,33,32,19,42,28,34,10,37,16,19,22,11,37,17,22,40,39,15,12,8,39,34,32,35,38,39,39,14,34,32,28,14,33,43,29,42,37,5,15,40,19,33,11,42,12,33,26,34,36,40,32,14,32,37,33,38,39,39,17,31,12,33,35,36,14,33,31,40,22,39,48,37,32,31,37,34,38,30,26,32,39,40,31,40,31,22,28,41,37,36,34,35,27,11,11,15,32,30,28,39,21,33,38,36,37,19,36,12,40,42,34,32,12,23,30,18,39,39,35,33,34,36,38,13,39,31,33,35,34,13,40,32,36,12,37,13,34,37,13,37,36,39,42,30,34,9,42,17,32,19,37,16,34,52,38,12,35,29,33,35,38,14,18,34,33,15,35,12,29,40,26,29,18,30,33,35,33,18,39,28,32,30,32,31,21,34,13,32,46,13,41,41,39,33,42,15,26,13,41,40,41,32,37,21,31,32,32,34,17,38,31,33,14,15,43,39,40,35,16,34,32,30,25,42,24,31,32,15,32,26,37,33,18,45,14,14,42,14,19,42,17,29,13,37,40,34,40,20,12,37,37,23,38,13,39,39,33,30,43,15,32,40,13,32,26,35,44,30,37,17,15,15,39,41,36,30,36,34,38,35,16,38,40,36,43,36,37,34,33,43,45,20,36,34,7,37,41,12,34,17,36,39,36,41,28,38,48,33,33,12,16,14,10,12,36,41,27,14,38,39,35,11,31,18,14,33,39,27,15,12,30,13,41,31,30,39,43,37,18,16,16,12,38,37,42,16,36,30,13,35,29,32,40,11,12,20,15,38,35,32,38,35,33,7,19,37,33,37,35,39,42,8,38,21,37,12,34,36,27,29,34,32,34,38,39,12,39,40,41,32,32,14,24,39,36,36,38,40,15,31,31,39,32,35,33,14,35,14,38,31,36,39,14,13,18,41,37,35,38,40,14,40,37,41,32,17,12,35,35,35,33,21,35,15,38,29,39,16,30,39,36,40,43,23,40,42,13,35,39,41,36,37,13,43,12,30,29,31,16,10,39,36,34,35,38,29,38,44,30,30,14,39,41,33,32,27,13,30,34,40,37,28,36,36,42,33,39,27,29,37,32,34,34,36,32,18,14,26,34,38,32,32,28
30,39,30,33,33,40,38,39,34,36,40,14,38,33,30,12,37,33,39,45,13,7,30,37,12,41,30,34,31,33,36,32,27,14,32,39,34,42,16,33,36,9,14,36,32,17,34,43,17,32,41,39,33,37,41,35,21,34,42,38,16,42,18,41,11,30,37,33,37,27,13,31,36,27,15,35,43,14,39,46,38,33,30,33,41,40,29,19,34,34,35,37,38,23,38,30,21,28,41,30,38,16,38,35,33,35,40,42,13,37,45,39,13,35,13,37,47,26,33,41,34,39,32,39,31,20,30,35,34,33,31,37,19,44,31,34,38,16,33,33,30,16,30,38,43,22,45,32,38,27,32,37,18,34,43,37,29,13,36,36,17,33,28,32,41,15,25,38,36,38,20,30,15,10,18,31,42,41,36,30,32,31,45,42,41,21,39,39,30,31,35,35,14,34,14,30,16,33,35,16,27,45,43,34,40,31,34,41,34,12,43,35,41,19,32,34,34,31,19,33,35,17,28,12,29,34,14,13,18,38,14,40,44,15,16,39,17,20,35,31,31,16,29,14,17,40,39,39,39,33,40,36,36,18,39,16,21,17,34,40,37,9,35,18,30,35,15,17,26,33,44,32,12,13,44,31,17,39,16,30,28,35,12,37,34,33,16,39,34,35,38,37,38,10,36,34,12,35,32,34,41,7,38,17,34,41,38,32,16,14,41,14,26,34,36,14,18,33,13,30,33,32,32,14,33,8,35,33,35,8,36,37,28,32,25,34,24,33,16,32,34,29,17,18,41,29,36,37,31,47,22,20,19,37,20,16,32,43,34,32,19,36,34,48,39,26,43,35,33,14,36,42,39,36,32,35,14,35,41,15,28,37,36,33,34,37,11,41,41,36,34,33,30,21,37,15,48,37,43,34,33,10,18,13,36,36,37,39,16,33,17,14,15,39,40,18,30,18,11,30,32,40,15,35,33,38,11,40,32,35,30,12,35,18,31,36,35,29,30,31,40,26,32,11,32,13,12,11,29,32,16,36,35,29,19,16,38,28,35,36,31,33,36,43,36,35,36,13,41,35,32,37,8,16,13,16,39,35,14,29,31,39,43,19,37,45,27,27,14,33,32,34,39,38,15,30,40,17,37,39,13,29,9,25,34,40,40,31,31,36,8,27,38,18,12,35,11,32,30,34,9,15,17,42,10,39,30,20,27,34,34,17,40,13,34,40,16,27,33,36,18,27,40,37,30,18,31,31,32,37,29,16,35,32,29,31,13,40,33,29,9,31,31,16,32,14,11,23,32,35,17,16,41,39,31,18,40,14,21,34,34,34,35,37,34,21,39,10,13,37,32,8,37,36,36,19,31,34,38,24,38,12,38,35,37,41,37,35,37,33,33,40,22,34,28,15,13,14,30,28,29,29,28,32,43,35,38,12,28,14,28,43,41,15,28,42,37,15,30,35,34,11,30,38,35,42,35,30,13,46,15,26,35,34,12,35,20,15,33,12,34,9,41,33,37,38,33,35,35,14,12,32,38,26,25,42,36,31,28,44,29,43,24,33,43,12,37,35,31,31,34,15,17,31,40,18,39,28,31,33,29,33,31,32,15,16,33,38,15,16,16,39,46,40,27,29,19,41,39,18,11,38,39,35,31,42,36,31,17,43,33,41,31,41,37,14,36,31,34,36,8,36,31,29,15,17,12,36,35,30,34,12,37,35,14,42,33,10,14,12,33,19,14,38,35,40,13,18,15,34,31,38,15,38,36,41,38,16,38,35,35,40,34,33,28,27,13,36,28,32,39,33,39,35,35,47,40,37,17,29,35,38,33,12,31,21,35,33,37,35,30,46,41,46,36,34,27,34,42,42,13,35,16,35,37,31,38,36,40,17,18,38,8,46,13,36,12,38,33,26,31,33,34,30,16,36,33,24,33,31,25,35,24,35,29,11,41,37,34,39,34,29,34,36,30,33,40,30,35,33,16,31,29,36,32,29,15,11,29,44,41,41,38,26,42,36,17,36,43,28,34,34,47,16,23,16,37,23,41,14,39,32,16,41,39,42,45,18,33,19,16,32,11,34,27,31,40,32,34,33,27,33,29,33,30,38,39,12,20,27,28,35,38,21,34,12,10,16,40,15,37,14,38,38,34,29,28,33,14,35,14,25,30,12,14,38,16,34,39,40,18,31,34,39,15,35,33,13,39,42,17,38,25,33,33,14,29,19,36,38,38,13,40,40,38,33,28,32,16,40,32,41,32,33,37,45,32,37,21,32
18,39,39,41,28,29,40,16,16,20,35,44,30,16,35,36,38,44,31,32,33,32,30,16,46,36,31,32,14,45,38,17,31,40,36,34,42,32,33,34,38,31,15,21,32,32,31,35,34,38,11,20,27,35,39,19,37,32,32,15,36,35,32,20,39,31,15,41,41,17,32,10,38,28,36,42,10,18,46,35,34,13,36,36,15,37,10,35,11,31,32,14,30,42,36,28,17,32,36,25,16,40,41,34,38,33,17,31,32,32,40,40,35,37,37,39,14,41,40,30,34,18,30,11,30,34,20,38,29,35,36,37,33,37,36,46,15,40,25,27,38,30,31,40,38,33,38,35,14,16,32,34,13,37,39,42,41,38,35,30,18,38,12,13,9,14,9,36,33,34,34,36,37,35,34,17,28,33,33,43,34,40,41,32,39,21,14,40,31,38,13,16,37,32,14,40,17,11,31,40,15,33,34,37,42,40,37,31,39,15,11,36,34,33,32,31,45,15,39,38,39,27,30,10,36,42,11,46,38,10,43,18,31,28,30,14,37,19,43,32,13,30,19,41,11,45,18,37,37,34,41,16,39,38,33,39,40,9,40,34,30,36,42,37,36,14,36,33,29,31,15,34,41,35,36,29,21,30,36,38,41,29,37,37,30,34,32,39,36,32,36,35,35,15,15,33,30,32,39,46,38,26,21,41,35,38,31,34,15,39,37,22,33,39,37,36,30,14,33,14,12,45,29,35,47,39,37,37,32,33,40,15,29,14,38,30,12,43,20,30,38,35,19,35,18,15,10,38,31,40,37,38,32,18,13,34,33,39,38,19,30,28,38,38,31,43,19,14,41,34,33,39,15,13,40,17,21,41,39,36,45,14,32,16,37,34,30,28,15,17,37,36,30,37,15,42,36,15,37,9,13,38,42,33,31,31,44,19,24,9,9,34,42,19,23,35,40,23,15,37,38,30,37,17,8,15,40,36,13,14,18,38,31,31,32,32,37,39,31,23,12,15,37,14,41,32,29,37,15,33,38,21,38,28,17,31,38,38,28,35,11,37,16,32,18,40,33,33,44,31,30,35,33,32,37,33,45,12,37,15,37,40,30,42,35,28,29,15,23,17,32,42,13,18,15,34,15,16,34,31,36,22,33,16,39,34,35,28,33,28,32,25,40,31,30,37,37,42,39,31,37,41,39,34,16,39,37,37,32,40,31,36,29,4,41,35,8,38,10,11,34,41,36,38,17,21,34,31,36,30,34,14,12,41,33,42,37,31,15,34,30,34,30,18,34,31,15,11,44,36,33,34,37,20,23,36,14,14,9,9,32,27,36,34,23,28,45,30,31,14,30,18,19,33,28,35,16,28,37,29,15,43,15,38,26,31,46,36,38,38,10,34,12,36,30,30,29,31,50,32,31,37,33,37,24,35,41,33,32,14,28,33,26,41,15,17,14,36,33,34,33,40,12,34,30,33,40,39,30,12,36,44,32,40,34,45,40,15,9,15,45,37,10,36,34,17,32,16,36,11,41,34,43,7,18,37,30,16,20,20,34,14,30,15,38,8,39,33,44,35,28,35,31,16,12,23,15,35,41,28,33,37,37,40,39,30,40,39,31,42,35,44,26,34,31,37,41,14,12,34,31,43,40,39,10,19,41,38,28,39,36,14,32,43,33,33,37,15,45,18,32,31,37,20,29,40,27,7,37,39,15,38,8,34,18,33,38,17,36,33,37,31,17,32,44,40,31,33,36,42,39,28,14,16,33,34,33,17,40,16,42,39,38,43,30,39,32,31,32,42,43,13,33,36,30,38,39,34,32,17,18,33,30,41,12,39,21,38,18,43,29,40,33,38,29,38,39,38,12,43,15,10,40,13,34,32,34,35,33,33,46,22,30,42,12,36,25,39,32,33,31,33,24,17,30,41,11,35,34,30,36,31,35,15,14,28,14,31,30,12,11,20,38,25,32,29,48,14,41,40,36,41,29,21,16,37,35,33,34,30,29,35,33,38,34,13,42,29,35,37,14,39,12,38,38,32,34,31,34,19,28,34,34,35,17,33,37,14,14,15,14,17,37,27,20,35,16,17,9,29,10,15,40,15,35,26,31,40,32,32,34,28,33,39,33,13,40,9,45,26,35,33,27,32,30,37,32,32,32,40,39,32,36,35,36,17,41,34,38,34,11,9,36,36,34,37,17,16,38,34,13,39,30,30,35,32,39,32,41,36,41,15,26,12,40,41,18,25,11,38,22,33,37,35,36,42,29,28,43,38
33,9,30,33,13,31,11,37,34,10,21,13,15,28,35,31,28,32,37,16,33,16,39,18,29,31,35,36,42,34,33,15,9,33,36,31,36,33,31,29,38,21,30,38,38,41,30,32,20,30,39,9,32,42,40,44,38,13,30,38,29,18,12,14,12,28,25,31,34,40,39,35,35,28,31,40,42,34,35,16,35,39,26,24,34,31,27,17,13,29,40,33,18,32,30,41,38,37,11,34,34,13,33,13,29,37,38,46,42,36,37,31,39,36,46,10,34,39,38,36,28,30,34,37,25,36,39,32,38,20,33,36,39,15,32,38,12,37,37,31,37,36,19,33,35,40,35,31,13,8,24,29,18,27,39,25,12,10,16,16,39,32,40,41,33,37,17,37,33,34,38,30,13,13,36,25,25,17,30,37,45,34,29,14,15,27,35,13,11,35,36,42,43,32,37,26,18,32,26,29,18,28,14,31,35,37,18,10,23,37,38,47,35,19,39,32,37,32,34,39,20,19,26,33,35,25,35,14,35,36,22,35,27,35,40,19,29,19,15,35,35,13,36,42,28,18,26,31,39,29,8,44,33,29,11,37,13,38,40,39,30,16,37,48,28,17,31,35,33,35,36,34,30,37,41,37,12,10,33,31,40,32,13,29,30,39,36,40,38,14,34,20,33,29,33,35,42,31,18,34,45,34,30,35,15,33,34,12,28,34,29,10,40,13,33,27,35,13,32,19,13,14,42,31,37,31,8,33,19,16,13,13,33,32,10,35,38,36,36,35,14,41,35,12,35,35,31,37,31,40,15,28,31,36,35,38,14,39,13,29,36,32,37,45,27,36,15,38,30,42,45,36,28,35,31,36,30,35,37,36,36,37,39,16,47,36,31,37,23,17,27,40,35,37,31,16,39,35,29,13,44,34,35,38,42,32,39,20,36,44,38,37,14,42,31,34,14,41,12,31,38,16,31,40,43,42,32,33,40,42,33,9,33,31,36,16,34,42,27,39,42,29,18,33,39,41,34,41,33,38,30,33,40,34,27,27,9,28,38,35,35,30,30,34,44,35,16,36,32,41,34,16,10,38,31,39,15,37,35,40,31,15,12,12,34,32,39,31,37,32,29,41,31,28,30,31,40,34,35,39,14,22,10,16,20,37,32,32,19,35,36,34,36,37,15,16,40,15,35,32,6,12,36,13,18,17,31,28,45,30,37,27,34,42,31,39,33,15,10,35,29,22,32,33,36,36,32,13,31,41,37,18,40,36,36,33,27,33,37,16,16,31,35,37,16,31,34,47,14,19,30,15,36,15,19,42,16,42,15,16,35,30,41,14,14,40,33,35,39,33,38,33,34,32,32,12,31,32,45,37,17,32,28,34,29,13,12,34,38,33,39,40,36,34,36,12,27,32,38,34,30,24,11,29,34,11,27,31,17,45,34,14,32,34,37,46,17,40,18,14,14,17,13,38,34,36,32,34,43,17,14,37,30,17,45,39,31,29,9,44,41,18,47,21,43,33,14,28,44,37,13,40,32,28,31,12,11,13,29,30,37,38,31,36,15,43,12,31,31,19,38,38,34,14,32,28,33,35,42,33,44,29,13,31,34,33,14,15,19,28,36,39,39,29,40,31,28,13,39,41,30,32,8,33,5,27,33,38,15,40,28,30,32,28,13,38,27,32,33,41,32,39,12,10,35,31,34,20,26,38,11,39,20,41,28,29,42,44,35,32,33,11,35,39,41,34,38,37,11,36,36,34,29,34,36,37,33,21,35,14,36,22,31,32,29,39,23,18,30,31,39,14,25,33,39,31,37,13,42,29,31,17,10,34,38,34,34,30,32,25,16,35,43,36,27,16,30,32,37,31,36,22,30,41,19,46,29,20,18,37,33,16,33,15,16,41,37,19,30,31,33,43,15,38,13,17,31,36,43,39,37,37,35,28,37,45,12,30,36,16,34,31,33,11,13,34,13,36,33,19,14,39,16,15,38,39,36,22,34,34,40,32,39,42,41,49,36,37,42,13,34,38,32,16,37,42,36,18,11,10,28,37,34,18,18,15,35,29,39,37,29,36,18,21,35,30,31,33,33,28,43,16,39,29,10,36,40,40,33,30,36,33,16,34,19,10,14,25,34,33,35,18,37,32,32,38,20,32,14,35,32,33,20,41,32,39,22,37,38,30,22,32,41,15,31,15,36,28,33,30,9,31,32,37,31,34,30,31,38,36,31,48,37,14,30,21,15,37,16,34,32,32,37,44,32,18,40,14,34,35
30,9,28,30,39,39,37,36,39,36,29,13,28,37,34,31,11,32,19,38,12,36,27,35,33,36,17,34,34,41,14,41,35,25,37,14,37,23,34,41,17,37,29,39,26,34,36,45,36,36,24,35,11,19,31,27,33,42,18,14,11,14,39,37,34,16,30,32,39,44,39,13,34,39,37,31,19,13,11,18,34,44,18,36,31,37,17,38,28,16,31,41,14,15,34,15,31,29,10,11,34,22,28,17,17,36,28,26,39,36,39,48,41,39,36,38,19,17,34,34,37,32,40,37,34,37,43,14,33,33,20,37,31,31,30,35,39,35,42,34,49,16,32,34,36,14,28,39,34,34,11,40,14,16,34,41,36,13,39,38,40,33,9,30,17,19,39,39,47,33,14,38,31,38,12,37,12,37,27,30,39,37,19,29,43,40,31,31,31,33,24,35,33,40,20,8,35,33,42,38,38,33,33,36,15,36,8,34,15,30,24,43,40,34,25,38,41,17,44,15,9,42,11,31,15,34,43,29,28,13,16,17,17,29,42,36,11,37,42,29,13,36,35,19,32,35,38,15,43,16,32,35,33,27,34,38,29,15,15,43,31,37,36,14,10,38,31,37,36,30,14,33,35,37,36,32,37,14,34,13,34,33,32,33,32,18,35,41,14,44,33,39,35,31,37,36,32,22,27,35,37,32,46,38,29,39,39,44,39,31,17,29,11,14,38,36,29,20,40,15,43,39,39,35,36,40,31,40,21,38,36,10,36,35,13,39,37,33,29,16,35,40,29,36,36,39,44,30,14,29,34,36,37,31,37,39,14,17,42,43,39,39,42,42,35,45,35,37,16,37,36,32,33,30,15,30,31,25,30,17,38,16,52,41,34,9,34,17,29,36,12,38,32,33,39,45,35,32,41,41,35,36,41,37,14,30,35,34,15,27,31,15,15,29,16,37,39,32,31,28,37,34,40,36,15,39,14,37,34,39,40,34,30,12,15,39,34,33,34,24,9,17,35,11,36,15,36,33,43,27,44,37,16,40,42,25,36,35,16,18,18,43,10,16,17,44,38,32,38,25,38,38,14,10,34,7,14,36,20,36,32,13,12,35,33,31,36,41,18,40,36,17,38,19,28,15,20,42,31,36,38,41,38,16,30,42,31,15,35,30,37,15,32,39,27,28,44,18,31,17,18,36,33,43,30,17,42,41,30,17,25,17,29,33,37,37,35,37,32,13,34,31,28,28,34,31,12,30,29,33,10,19,38,13,16,37,24,30,33,26,28,31,41,36,30,12,37,11,10,18,35,35,37,30,19,30,43,28,39,34,13,32,32,34,28,35,32,27,32,34,40,26,12,33,29,42,32,39,40,32,29,33,13,31,39,31,41,30,26,35,38,23,15,38,32,38,30,34,32,17,30,36,26,40,16,44,37,13,36,27,35,41,32,32,35,38,40,32,26,32,14,42,17,31,32,32,33,8,43,31,15,37,30,32,16,37,28,34,12,37,29,9,9,28,34,42,36,46,7,38,18,38,32,23,34,11,36,34,35,20,30,29,15,37,12,44,23,29,39,41,38,31,9,45,16,16,40,45,38,34,17,13,38,42,42,34,44,32,32,33,27,31,35,41,36,38,29,38,23,35,34,36,35,38,32,39,31,45,18,37,33,26,31,37,43,39,41,33,34,12,24,12,38,32,41,35,15,29,39,36,39,15,38,18,37,9,39,30,41,35,35,15,24,37,32,33,31,36,40,13,39,28,42,36,24,34,33,16,26,35,34,32,36,43,35,37,38,42,37,32,33,38,11,43,32,32,35,42,17,12,36,34,28,28,36,36,35,36,35,33,34,15,12,36,10,36,34,34,33,36,37,33,32,36,38,28,37,14,47,43,36,21,39,45,41,34,32,34,37,13,35,27,34,14,11,27,28,33,14,39,36,33,18,37,25,43,9,21,38,15,20,32,36,36,33,14,32,43,21,36,37,30,41,39,33,32,31,39,37,30,30,37,41,37,29,33,37,28,40,29,33,39,17,36,20,38,27,35,9,20,34,34,28,16,14,30,26,42,15,35,39,17,30,30,27,37,37,35,39,40,13,13,25,26,35,36,31,33,25,13,31,40,32,33,34,27,28,17,35,12,33,18,33,35,34,23,40,10,29,21,43,40,29,29,10,40,16,44,29,36,30,39,33,33,32,16,35,39,19,15,29,44,14,31,37,34,25,30,30,36,38,33,33,41,36,40,38,39,16,14,15,35,25,35,16,27,18,33,15,38
10,38,32,13,36,15,38,37,32,34,23,22,34,37,39,31,31,31,40,32,33,15,29,14,29,37,33,17,34,10,35,39,28,34,35,26,40,32,38,37,35,36,36,14,12,13,38,35,32,36,14,28,30,46,35,33,44,39,39,31,45,34,36,32,8,14,34,36,45,30,41,29,16,12,32,40,13,19,36,42,30,30,29,34,31,16,37,15,14,30,34,29,41,40,35,17,38,35,29,33,27,41,34,43,39,18,30,39,12,9,40,18,31,11,34,41,31,33,32,30,32,17,28,40,29,35,33,39,36,40,19,30,30,17,21,27,9,31,37,37,38,37,30,37,24,13,17,34,41,37,39,19,9,20,26,17,39,35,36,33,18,38,16,16,32,19,35,29,33,38,28,37,28,40,30,26,42,37,28,35,42,36,35,37,16,38,34,14,37,14,33,40,37,33,35,14,39,32,38,34,11,37,13,33,12,34,22,12,33,35,34,39,38,31,21,15,12,42,32,31,33,39,43,33,32,16,13,33,39,36,35,30,37,16,19,40,34,28,16,35,29,36,27,38,15,10,16,39,32,33,37,39,51,31,48,19,21,42,39,15,35,32,30,33,32,32,34,34,36,42,33,33,27,35,35,40,41,11,31,19,12,40,14,15,38,37,16,37,43,33,44,17,17,26,29,12,33,51,14,31,36,37,40,37,45,14,36,33,34,19,36,42,36,35,24,37,39,11,40,17,29,24,12,38,21,20,42,39,37,30,37,11,34,32,12,40,33,34,17,17,35,27,42,14,15,33,35,33,38,41,34,43,43,32,38,33,17,36,36,15,32,20,12,30,41,34,13,39,35,33,32,36,34,37,18,27,34,41,36,41,15,32,38,41,32,40,10,33,41,39,20,29,36,38,37,35,13,37,30,36,18,36,31,29,38,30,15,33,37,29,18,44,30,35,30,38,37,10,40,13,36,16,17,32,21,28,36,32,17,34,18,30,30,29,34,13,34,13,30,29,16,38,11,33,37,36,31,9,35,49,32,19,34,24,43,37,11,35,11,16,35,38,27,17,16,36,9,32,35,34,31,37,29,12,39,32,35,34,29,38,24,33,13,26,35,14,37,16,32,37,15,33,6,36,29,14,36,40,30,38,33,37,35,16,28,33,46,38,36,34,16,29,26,10,28,14,34,36,30,35,13,35,39,25,40,15,32,39,38,13,45,33,15,24,14,39,44,36,32,34,18,32,27,39,34,36,19,37,40,45,36,38,32,34,36,36,31,35,43,15,13,36,8,36,35,16,18,32,37,34,42,34,42,37,36,38,14,17,37,32,16,36,36,34,37,37,38,31,34,37,41,39,33,37,29,31,20,29,33,18,40,34,37,39,40,34,28,33,41,45,41,15,18,24,29,33,14,34,37,31,14,36,35,37,36,38,45,31,35,13,11,33,33,19,37,11,19,40,19,32,45,11,32,33,32,41,30,29,40,40,39,17,34,37,45,31,17,38,29,39,22,35,32,27,38,37,33,12,30,20,33,37,45,20,45,45,29,15,36,36,11,43,36,36,36,46,42,29,30,45,38,36,36,31,39,14,34,38,39,35,37,41,37,24,31,42,31,41,36,14,39,32,35,19,34,33,23,32,41,10,36,35,40,34,13,32,27,32,33,41,34,34,37,39,28,30,18,32,35,33,35,40,17,14,36,34,18,34,32,12,32,32,33,39,10,15,44,37,29,43,34,38,35,13,20,14,13,41,31,29,32,46,30,38,30,27,16,35,32,40,17,34,32,38,8,16,15,33,16,41,36,12,24,31,25,43,39,31,29,39,15,35,11,12,29,33,13,14,36,17,7,14,38,14,11,28,30,34,36,34,44,24,30,39,47,32,14,36,31,41,30,39,44,31,34,38,39,38,27,38,40,13,12,10,30,38,35,33,32,11,27,37,20,35,29,36,27,34,28,35,12,40,36,19,41,30,36,32,42,10,15,31,15,16,36,31,32,41,13,30,37,31,12,18,35,37,44,14,35,35,18,29,14,19,36,39,43,40,38,35,15,36,33,25,28,28,14,34,31,36,36,35,32,25,39,43,43,13,13,40,38,31,31,12,39,37,39,13,17,27,32,39,41,44,43,43,35,38,14,42,42,39,29,34,35,38,16,16,36,14,39,42,20,35,34,35,37,30,22,35,16,38,26,40,34,33,30,44,9,45,23,15,34,39,30,16,32,15,30,34,34,20,26,39,34,38,33,15,41,39,22,33,35,35,15,17,31,41,35,36
43,37,34,12,44,19,33,32,29,16,34,32,42,32,29,20,18,31,33,42,27,33,36,33,33,32,35,22,37,30,33,15,36,26,17,34,16,40,42,17,33,28,38,39,37,33,35,8,33,40,33,19,36,30,34,18,31,15,35,33,16,36,10,9,36,32,34,28,16,27,43,29,43,14,33,32,39,29,43,14,32,30,44,37,30,27,37,38,28,39,17,38,37,35,15,34,41,14,18,33,26,41,35,22,38,26,35,36,15,33,27,17,40,23,36,39,23,11,29,19,31,38,27,37,32,43,35,41,33,41,33,26,33,19,9,44,21,41,18,18,41,21,17,27,35,36,43,15,14,31,31,42,35,28,17,31,25,29,38,11,25,41,14,25,36,33,28,44,36,41,36,16,18,28,21,34,10,34,38,19,40,33,15,31,12,36,29,32,12,20,21,20,14,42,40,12,35,36,41,33,30,33,31,24,38,36,40,36,38,38,35,35,15,18,29,40,41,14,41,36,37,27,23,25,22,34,36,32,19,36,17,23,31,11,40,35,9,37,38,24,9,37,14,10,17,39,47,40,37,39,10,20,11,14,11,35,30,32,39,28,14,44,37,35,13,36,35,35,43,17,35,40,18,27,34,33,30,12,37,15,14,37,18,40,31,18,16,42,33,22,36,14,12,34,36,36,35,13,12,38,40,33,36,29,36,40,26,16,27,33,17,36,36,30,26,31,37,21,39,20,27,6,14,33,15,42,33,33,39,34,21,23,13,40,9,12,35,18,36,41,36,11,34,39,32,37,29,43,38,14,13,32,32,31,16,42,41,13,42,26,35,9,38,34,37,17,38,39,42,12,17,23,41,37,35,38,31,30,39,13,38,45,31,33,34,13,17,34,30,29,35,31,41,39,37,9,36,43,15,36,15,28,12,44,36,25,38,38,28,36,28,21,11,25,28,25,39,30,19,43,37,35,39,36,40,27,44,35,34,32,42,13,35,34,39,35,18,13,36,34,29,38,41,36,37,32,32,19,33,34,32,31,40,10,34,28,41,18,41,35,32,28,21,32,10,30,15,37,31,9,17,12,39,41,16,40,29,32,32,39,29,30,12,43,39,29,44,31,19,14,14,35,42,21,14,36,33,42,34,44,13,12,26,15,37,35,29,5,15,38,35,37,32,14,15,15,17,33,28,49,15,27,34,9,39,17,12,34,34,38,33,33,10,30,20,35,31,35,30,13,14,33,31,18,34,36,44,12,18,30,32,14,35,16,32,34,33,15,33,35,15,25,33,36,39,39,45,39,14,32,20,30,40,33,25,32,36,10,35,35,21,38,35,23,37,34,18,32,37,46,15,30,46,35,19,17,36,33,35,35,32,32,25,40,13,33,42,16,35,42,33,17,28,20,10,29,17,27,31,16,34,42,31,39,10,28,35,11,8,15,31,36,39,39,40,22,18,31,42,12,31,40,32,36,36,12,38,36,33,30,14,30,16,32,31,35,33,38,29,37,29,32,15,14,12,32,32,17,15,26,8,29,16,12,18,36,29,18,12,13,39,34,15,37,36,16,14,40,19,37,37,35,35,37,33,31,20,33,13,40,40,34,13,35,36,30,10,37,25,37,19,28,33,34,33,12,35,14,15,30,30,35,31,37,31,34,32,33,34,32,37,16,32,15,44,46,40,28,34,17,10,33,42,47,30,35,37,13,30,28,20,32,37,35,31,40,35,10,37,36,33,30,26,42,20,39,15,36,18,36,31,24,36,36,37,15,35,14,31,32,14,37,31,20,30,33,13,35,41,35,37,31,10,11,41,45,11,12,45,30,36,35,34,35,12,17,36,38,25,12,13,36,18,36,11,15,32,20,16,41,31,17,18,33,15,29,27,33,35,15,39,35,15,31,20,7,34,39,34,41,32,10,31,40,41,29,12,32,39,8,19,33,41,28,33,29,9,17,20,31,33,32,33,33,31,45,32,28,35,36,35,36,40,31,30,38,27,27,39,39,34,34,36,33,15,38,28,38,32,35,40,33,12,35,37,31,44,38,34,30,41,29,16,17,24,37,15,35,33,37,35,12,31,35,9,30,15,45,42,36,43,42,32,41,15,12,37,31,42,25,37,42,40,20,45,40,32,39,29,26,25,13,35,37,31,15,28,34,13,38,41,38,38,34,35,39,37,42,45,35,46,39,37,16,34,16,17,34,36,41,48,26,37,14,37,41,16,36,35,35,12,21,37,30,13,29,39,10,45,10,25,37,34,41,18,16,31,34,36,15
11,38,28,15,38,30,39,15,37,37,39,16,29,16,38,35,42,32,32,38,37,33,27,33,30,38,31,29,31,15,9,19,35,41,30,38,43,32,39,13,37,34,31,28,13,19,36,32,37,33,36,38,19,10,36,35,13,27,37,37,21,39,31,30,33,48,38,30,26,37,16,11,36,43,34,15,15,21,10,30,38,36,45,32,27,43,20,32,18,35,32,41,37,36,17,12,35,15,42,33,33,37,33,40,39,34,35,18,11,36,39,35,36,36,39,29,32,39,18,15,30,35,35,35,37,13,35,34,33,37,34,39,33,12,27,39,40,42,38,34,46,32,27,30,41,40,17,36,32,42,36,31,36,36,36,42,34,33,31,39,20,30,29,14,13,36,33,37,16,33,38,30,29,26,32,33,38,29,38,36,31,16,34,16,32,33,14,32,28,40,41,18,33,42,20,14,39,14,44,29,40,33,11,17,33,23,35,39,11,30,38,40,14,37,15,13,35,36,33,35,33,26,17,36,37,40,25,32,26,38,36,17,37,41,38,25,35,30,33,40,30,31,30,33,17,39,13,37,33,15,44,33,32,17,42,31,37,13,39,41,39,15,31,35,21,31,32,13,52,44,34,18,40,43,38,37,34,32,28,40,34,29,38,33,34,38,37,37,39,31,40,8,33,39,17,45,36,14,14,40,27,34,26,12,29,41,27,13,10,34,34,36,26,42,36,14,34,22,37,41,31,35,35,31,17,34,35,30,39,40,38,40,35,34,37,9,16,36,47,21,36,39,29,32,12,10,29,31,36,31,34,33,39,34,44,31,32,32,19,13,10,15,32,37,34,30,31,12,45,36,37,17,29,30,39,39,33,41,34,21,10,37,35,51,37,37,30,32,29,37,12,34,36,38,14,39,17,37,19,30,32,33,33,12,35,15,33,42,35,36,34,7,24,15,34,32,37,36,12,29,39,33,24,31,43,26,16,26,32,17,35,27,39,40,31,16,33,35,32,9,29,32,34,33,30,36,15,35,33,37,17,31,33,38,38,34,15,41,30,40,25,32,26,13,37,29,11,39,30,16,38,33,38,34,11,27,31,36,30,12,39,13,28,41,31,13,30,34,35,13,35,34,5,39,20,9,40,23,35,40,43,33,27,21,43,29,37,29,34,39,42,33,13,29,27,34,18,12,32,37,32,33,11,39,14,40,33,34,36,40,14,17,25,40,32,35,28,37,43,39,35,36,35,16,35,38,31,16,10,22,32,20,34,18,36,36,43,32,20,34,37,33,16,32,44,37,28,38,40,34,38,33,38,36,43,21,13,29,31,44,15,34,37,38,16,39,29,14,47,30,30,18,40,18,32,36,32,39,41,12,15,20,31,30,33,14,13,16,42,27,41,24,37,35,17,37,33,14,35,38,40,17,37,34,11,32,13,37,37,40,44,26,32,23,34,14,43,30,36,30,21,27,34,41,13,37,40,25,13,39,31,34,16,28,15,39,43,32,40,35,30,14,37,35,11,43,39,15,42,30,28,17,38,12,35,10,32,36,35,30,39,16,29,34,38,15,37,40,35,38,36,34,13,38,10,32,34,31,30,42,32,41,13,36,38,42,37,11,19,35,33,31,35,33,38,36,30,37,15,39,37,42,30,32,15,12,46,33,33,36,36,37,34,18,29,18,31,36,32,35,31,35,36,41,12,17,38,37,36,35,35,24,37,36,39,13,32,14,26,13,35,14,16,32,33,12,37,30,39,23,42,24,33,28,18,32,32,30,12,15,39,15,15,44,12,19,35,27,14,32,35,44,34,40,40,36,34,41,16,14,10,29,33,41,11,15,38,35,30,12,13,33,14,17,20,35,22,28,32,13,38,35,37,35,44,15,28,31,30,17,38,29,34,12,34,28,34,38,28,16,13,33,36,39,33,31,34,37,39,32,31,32,30,33,36,34,15,14,33,40,39,32,35,40,30,14,36,10,16,32,14,30,41,34,35,34,29,34,43,14,19,33,34,36,36,34,31,31,33,34,13,32,39,45,42,30,41,40,28,21,44,32,17,38,16,15,30,41,34,30,32,30,10,34,38,41,11,35,13,12,16,30,42,38,37,18,32,13,35,35,32,30,36,35,32,30,40,14,17,13,28,39,30,33,31,36,32,39,27,32,40,20,31,42,44,13,15,38,40,36,39,29,43,18,35,33,33,32,12,38,34,39,38,29,23,33,41,30,16,25,27,28,22,14,37,38,18,14,30,34,34,17,33,40,35,34,35,41,35,20
21,39,35,36,40,40,38,43,33,35,45,13,38,42,42,34,18,43,20,34,13,33,35,40,40,43,34,32,37,16,16,34,18,31,37,37,34,37,17,33,36,30,17,37,49,32,12,38,13,17,38,38,18,44,37,28,43,24,16,32,38,42,20,33,25,27,16,33,31,14,29,35,43,33,34,28,43,31,36,37,19,38,37,36,36,13,39,35,16,30,36,37,36,11,43,34,36,37,30,40,33,12,31,38,38,29,37,35,15,32,37,33,32,17,30,35,35,40,22,32,43,13,26,36,30,22,43,27,34,17,38,28,35,30,36,16,13,31,41,37,36,33,16,14,48,31,39,17,32,17,34,11,34,33,35,32,35,22,37,43,31,9,11,15,26,34,41,31,15,25,36,11,39,37,37,31,30,33,36,44,29,32,33,36,43,32,37,27,36,33,34,14,10,34,42,31,36,25,19,12,16,32,14,33,37,47,17,17,32,31,22,31,18,32,36,37,15,9,43,41,32,12,35,42,17,8,43,18,30,20,38,34,18,10,28,32,38,34,40,35,28,43,44,33,13,33,16,34,37,42,29,29,38,35,33,27,40,24,35,32,17,37,40,33,32,12,41,34,32,31,37,34,35,22,38,41,42,31,37,35,42,36,15,15,36,35,28,16,27,39,35,31,40,43,8,35,38,22,17,24,15,33,17,44,34,35,25,38,37,36,38,37,46,39,41,28,46,24,39,28,41,43,15,29,27,43,9,13,28,28,36,45,38,35,30,35,14,30,36,32,35,20,43,14,31,9,34,38,19,32,32,14,16,44,29,28,15,38,34,31,9,33,37,36,30,42,26,18,35,15,32,33,40,17,33,46,32,37,33,14,41,23,30,14,35,12,28,37,31,13,22,37,36,33,17,38,35,21,27,42,35,39,34,17,45,29,36,11,29,38,43,33,34,20,31,34,10,42,35,14,33,45,45,38,26,37,28,36,39,42,36,38,37,12,16,33,34,40,38,38,13,35,20,30,36,36,24,25,35,14,26,13,26,35,34,42,38,27,18,41,35,28,39,32,12,32,13,34,17,35,28,14,41,35,35,39,35,31,37,32,28,38,36,37,22,16,33,41,29,43,45,31,30,41,34,9,39,9,28,26,42,31,26,29,15,29,30,36,33,11,35,13,33,40,32,13,29,36,35,35,35,44,35,41,45,15,37,41,46,36,40,31,14,35,17,14,37,31,33,34,35,36,13,34,35,33,17,19,36,36,38,33,37,33,30,43,16,14,36,38,15,36,38,13,45,29,32,33,37,33,33,40,38,32,37,39,22,39,37,37,31,36,10,17,43,40,36,39,34,38,33,28,30,32,10,42,34,36,25,11,18,39,20,28,37,36,40,19,42,12,13,19,36,19,18,10,20,18,32,41,25,37,12,12,28,33,36,19,8,40,18,38,28,28,18,10,16,31,14,18,28,35,35,29,37,25,15,30,12,25,31,11,22,33,40,37,36,42,38,36,31,34,39,39,33,17,32,35,41,14,18,30,36,33,39,36,34,41,38,40,36,34,41,32,32,15,15,14,12,11,40,36,30,41,36,36,35,43,32,35,36,28,29,37,39,16,29,35,12,36,42,40,35,37,38,28,36,35,28,37,34,32,35,32,19,33,14,42,36,20,35,32,12,13,39,37,38,30,43,34,15,33,17,14,30,35,12,14,34,32,37,34,14,16,36,36,41,37,16,16,33,41,29,41,36,36,29,14,36,32,15,34,31,35,11,16,34,37,13,8,15,36,36,31,31,39,32,38,41,32,34,19,13,17,32,30,49,37,10,38,15,38,35,34,41,20,25,31,13,18,35,45,34,34,12,31,22,37,16,9,8,37,39,9,31,33,37,15,30,43,29,32,25,38,15,37,10,33,34,31,36,10,36,42,34,31,20,30,26,35,13,31,33,38,21,33,26,34,36,20,36,36,41,40,39,34,29,30,34,34,33,45,35,15,38,9,33,35,31,37,30,39,35,37,40,37,41,14,39,35,37,40,38,35,31,16,36,26,36,35,39,16,37,30,31,23,13,19,29,19,30,32,29,40,33,30,29,38,37,33,8,40,39,43,34,36,35,33,34,38,32,30,39,31,34,33,18,31,33,34,39,39,21,37,35,34,15,28,30,34,20,40,29,47,14,27,29,27,13,18,15,29,35,34,33,36,27,13,17,32,33,35,14,28,15,29,32,34,40,31,24,35,39,32,34,33,27,31,14,38,38,14,43,28,29,15,26,16,38,48
33,13,31,34,13,10,16,38,34,17,42,30,15,25,42,35,48,26,37,42,17,32,37,36,30,14,14,46,40,37,39,15,35,11,38,33,41,36,13,35,31,15,41,27,41,41,20,37,18,21,12,32,28,41,32,17,20,38,34,35,43,16,39,34,17,44,14,16,18,16,30,18,24,41,37,31,35,30,35,37,34,29,37,39,14,36,26,18,30,27,37,38,17,37,36,34,19,14,36,34,39,35,16,15,26,29,34,41,35,32,30,19,41,34,15,40,34,18,45,29,29,40,36,35,30,10,31,38,39,32,37,10,37,36,26,28,40,35,36,36,40,44,8,30,34,32,10,36,27,35,37,36,34,33,28,37,39,39,28,40,36,42,26,34,35,39,14,13,33,26,27,35,38,31,31,31,29,41,15,41,37,29,20,34,34,36,10,19,19,25,37,29,14,35,36,30,31,30,13,29,16,36,33,32,37,12,37,19,17,38,42,14,11,15,32,14,17,42,33,34,36,13,14,33,29,17,38,30,23,37,15,32,38,39,34,15,39,37,37,46,14,25,27,14,13,19,32,12,33,32,40,32,35,38,29,35,15,30,37,36,34,39,46,12,24,34,36,36,14,39,35,42,40,34,36,37,36,20,27,36,29,17,34,33,7,30,34,39,40,35,35,36,31,34,33,27,41,30,26,35,33,38,33,35,16,43,33,17,18,30,8,32,37,32,40,13,16,33,40,40,36,44,33,40,19,36,19,32,38,43,19,8,18,48,28,39,34,40,39,44,39,21,12,41,37,36,39,38,39,32,32,9,10,38,35,26,25,37,37,12,35,37,35,30,36,35,37,31,32,31,13,40,43,41,46,34,47,35,38,47,40,29,36,30,36,13,12,40,38,13,30,33,34,32,13,34,34,9,40,39,13,37,26,40,14,32,14,12,38,33,36,33,8,39,40,30,19,30,29,36,48,30,21,33,27,38,30,31,11,15,31,33,15,40,32,35,33,35,32,26,17,35,35,10,16,41,29,31,29,9,36,32,37,37,35,17,37,35,45,13,44,37,29,36,22,10,37,37,22,13,18,37,19,34,42,34,33,28,42,35,16,19,11,29,9,32,16,37,33,19,35,30,16,27,38,14,40,16,28,27,39,44,29,15,32,34,32,36,37,34,40,32,31,13,35,36,42,40,11,35,38,15,16,27,37,39,12,17,35,13,19,34,37,36,39,39,34,36,8,33,16,13,36,28,9,37,28,28,6,19,11,35,12,31,35,38,11,50,20,31,27,37,22,37,14,38,35,33,32,45,16,18,36,15,37,36,40,26,11,12,11,30,11,38,9,27,33,38,38,32,33,38,40,38,36,30,38,42,44,38,30,26,14,26,40,12,21,12,35,18,43,37,11,16,14,36,29,9,16,45,41,29,15,19,38,34,19,13,27,42,38,34,34,39,27,48,11,39,42,37,33,47,39,19,33,15,39,34,44,18,36,37,42,39,35,39,38,15,35,28,30,40,13,38,31,35,34,7,28,11,35,33,41,43,34,36,40,35,13,15,30,31,14,40,32,36,32,35,30,40,15,41,31,25,32,38,32,18,16,45,38,12,32,38,39,14,32,34,34,16,35,11,16,35,36,31,33,14,25,30,34,28,29,14,34,36,17,12,17,8,17,19,37,13,37,13,13,33,39,16,41,28,20,35,33,6,33,35,29,31,36,35,28,21,32,30,28,26,31,36,34,31,30,17,34,28,37,31,45,37,14,46,37,30,17,38,34,15,26,41,38,35,16,39,38,36,34,45,38,38,37,37,27,43,39,34,16,16,42,19,15,32,35,13,15,39,22,32,35,38,38,39,33,46,47,14,11,33,27,16,39,37,29,25,13,35,34,18,15,40,37,40,32,16,15,36,36,29,12,14,30,32,30,13,47,14,17,17,33,13,17,32,33,31,30,13,35,17,17,41,35,39,37,28,49,33,34,27,16,31,13,32,30,28,22,33,14,42,31,35,35,34,30,38,36,32,37,36,31,35,7,18,38,37,13,35,38,29,29,32,35,14,34,38,38,30,44,12,35,27,41,34,41,31,33,33,14,33,31,16,31,33,32,34,16,31,31,32,37,41,42,37,39,41,37,26,40,9,37,42,39,38,18,41,40,29,23,34,37,37,12,11,17,40,13,37,33,16,42,13,25,37,29,12,41,33,18,38,37,17,8,11,38,22,40,44,39,37,42,13,33,39,36,26,11,41,30,42,28,39,31,36,36,33,32,17,43,39,34,34
38,44,33,34,15,35,34,10,29,7,35,36,13,36,38,11,12,17,27,33,27,34,11,33,41,38,38,36,33,37,38,30,37,33,19,33,37,11,38,34,32,39,39,44,40,46,11,15,33,28,27,19,44,29,38,28,30,29,35,30,42,40,40,17,38,35,31,13,28,11,36,33,25,14,18,23,34,12,37,36,29,37,35,38,34,19,37,23,11,40,13,36,17,10,31,41,37,31,42,21,9,11,15,35,14,36,27,32,11,38,34,12,32,12,36,12,30,36,15,38,33,44,16,12,33,14,37,38,13,15,35,12,27,40,35,13,26,36,16,36,32,30,29,33,28,39,32,36,15,33,33,34,17,36,38,34,50,12,21,35,34,38,19,42,44,33,35,12,10,38,17,25,35,47,40,38,40,16,31,16,18,32,37,32,36,21,30,16,16,16,19,32,36,35,37,35,31,12,43,35,32,44,35,15,37,35,20,32,44,39,14,11,32,30,15,40,39,32,15,44,30,34,13,31,37,31,27,18,14,16,36,28,16,34,25,40,19,34,31,38,15,37,16,36,33,36,16,43,38,33,25,40,21,40,38,34,13,16,28,22,34,34,26,18,28,38,17,13,36,39,33,33,35,15,33,31,36,26,15,40,14,34,33,42,15,35,33,40,36,37,41,36,35,38,37,30,10,28,18,13,36,35,30,16,27,32,38,32,36,28,11,12,17,34,33,35,33,8,36,17,18,37,13,35,39,29,33,35,37,32,9,31,37,38,40,39,33,18,37,15,38,28,16,39,35,30,45,36,39,29,23,36,37,32,36,39,35,19,48,29,39,19,35,19,13,37,34,40,36,39,35,14,30,40,15,33,33,46,42,30,15,34,33,35,33,28,36,34,37,20,40,33,31,34,30,45,11,34,13,8,15,46,42,38,42,40,34,37,17,41,37,38,28,28,35,43,36,41,17,31,42,37,43,28,26,42,35,27,33,36,36,41,41,39,43,32,35,13,36,43,34,27,43,14,40,24,36,30,33,38,15,43,34,19,40,34,32,33,40,17,34,45,29,35,42,20,14,17,29,32,32,33,34,18,33,30,13,28,35,19,38,23,26,37,36,25,39,27,18,31,27,38,16,10,33,36,13,37,39,28,34,38,39,38,26,32,33,38,34,30,33,35,34,32,32,29,13,14,37,44,40,38,38,37,13,35,41,38,12,18,37,32,36,20,35,38,30,34,28,27,19,41,41,35,41,30,28,30,13,38,15,35,43,36,35,36,36,31,44,35,19,11,30,44,30,38,30,13,34,37,39,25,36,37,41,34,15,33,35,37,18,43,25,43,37,32,33,45,33,33,10,15,38,33,16,36,33,35,37,31,40,9,18,33,29,37,36,37,33,37,35,37,37,22,38,40,10,35,11,32,41,31,15,14,31,34,12,35,37,31,41,38,15,12,11,12,39,36,17,39,13,16,32,32,35,34,30,44,40,44,19,39,29,20,13,33,37,38,10,38,38,31,36,11,32,33,15,34,37,24,34,13,33,31,14,10,14,35,33,15,29,35,18,14,42,37,33,40,15,40,37,34,34,29,38,16,34,11,14,37,10,14,31,34,36,30,36,41,35,11,35,36,15,28,36,26,38,48,30,28,37,34,31,29,41,15,38,41,14,36,34,10,31,18,39,45,35,40,28,31,37,32,26,38,33,31,39,19,40,32,26,35,38,41,14,36,13,34,35,26,19,40,29,37,35,22,35,13,32,33,39,17,37,15,41,28,35,27,29,33,32,33,36,33,41,18,34,39,42,16,28,39,24,13,16,32,11,42,35,38,30,23,35,35,40,31,16,31,38,39,41,32,15,36,34,13,37,13,34,32,12,38,38,28,40,28,40,12,35,29,23,36,37,32,27,34,36,13,13,37,10,15,32,31,41,34,15,34,33,37,14,32,34,15,33,23,28,14,34,32,29,16,38,14,36,34,40,36,40,24,42,22,23,37,40,32,35,37,30,39,17,39,34,28,32,27,12,13,35,14,30,11,34,40,30,32,30,14,14,15,40,35,34,29,31,30,35,31,34,31,41,15,32,32,37,15,34,21,9,40,31,35,34,29,38,45,38,33,45,14,17,18,32,35,32,30,38,28,36,35,13,35,39,36,37,41,23,14,43,26,10,41,41,36,35,28,10,29,21,13,30,36,42,35,37,34,31,18,44,40,34,31,31,41,28,36,44,42,41,40,41,36,26,16,41,31,16,33,17,36,33,32,26,17,32,17,34,34,10,38
40,37,43,32,31,36,29,17,31,33,28,30,26,11,11,17,38,13,35,34,44,33,34,39,33,28,8,29,15,12,36,36,33,37,39,37,37,32,14,40,38,17,42,32,29,29,38,34,36,25,15,46,40,12,36,38,14,33,36,31,21,10,40,34,38,31,10,28,30,31,18,22,38,34,33,41,36,35,32,30,32,29,32,14,42,15,39,40,8,27,31,40,36,39,36,46,34,35,17,28,39,51,41,34,20,27,26,14,38,18,30,27,34,41,39,10,32,37,25,31,35,15,9,39,34,33,33,27,31,18,41,32,17,15,40,35,33,19,39,44,32,26,18,32,34,42,38,35,31,11,8,36,30,15,30,35,30,12,43,29,34,39,30,41,35,36,36,9,32,17,39,43,39,44,30,37,19,15,29,13,31,28,42,46,11,14,35,36,39,10,43,11,15,29,17,34,40,48,30,30,28,37,31,25,19,24,36,32,15,18,30,29,39,35,34,31,42,22,15,44,15,9,29,45,12,12,29,34,14,10,23,42,36,43,17,33,40,15,40,38,30,25,41,32,42,31,37,41,41,41,36,20,28,10,18,36,32,36,32,11,9,13,42,45,37,40,29,34,40,11,36,34,45,13,41,27,11,35,33,33,40,14,35,41,14,15,12,29,41,33,31,35,29,32,36,30,37,34,34,15,34,31,35,37,28,39,48,47,11,32,16,28,40,38,14,43,33,36,36,27,22,23,12,31,13,35,16,15,32,48,40,32,32,15,36,41,14,32,35,33,42,41,32,46,38,29,37,14,40,28,30,16,35,42,16,33,42,17,44,37,35,48,33,35,34,9,40,11,13,13,33,42,34,29,22,44,37,34,36,36,30,37,31,13,22,34,43,15,35,39,13,29,34,17,11,37,43,40,36,35,28,12,28,34,41,38,33,39,7,38,37,31,32,16,38,15,36,31,15,11,16,43,20,42,29,11,34,26,38,40,14,30,16,37,41,29,40,37,41,41,42,40,40,17,13,35,32,34,36,28,39,39,32,16,15,31,19,11,30,34,26,26,39,45,16,27,16,15,39,32,39,31,29,15,39,36,25,34,33,17,28,30,34,13,35,30,16,13,17,32,15,15,32,39,34,31,31,32,32,34,24,16,34,38,38,31,31,38,37,40,14,18,41,34,29,44,35,28,33,31,40,16,36,38,17,41,44,33,35,21,12,27,34,33,34,33,35,16,33,34,36,13,15,41,16,30,33,36,40,38,32,26,13,28,28,15,36,36,34,32,42,31,28,37,16,11,13,13,27,13,32,17,23,12,39,38,21,29,23,37,30,17,33,29,13,33,36,38,30,40,31,44,36,31,36,17,21,40,27,41,33,16,31,32,38,32,14,39,15,28,36,15,10,33,31,34,14,36,34,38,42,32,35,46,34,14,21,33,13,24,31,32,13,33,35,18,40,17,38,39,20,37,34,36,35,34,39,33,30,38,20,16,33,36,39,38,36,36,31,44,27,30,37,29,45,20,11,36,40,21,30,17,12,42,28,40,12,13,11,29,18,31,23,37,37,30,43,33,33,40,34,28,23,23,30,32,42,29,44,38,17,37,26,15,37,15,35,33,10,30,18,17,21,32,30,35,25,17,20,18,36,34,19,30,28,32,9,21,39,15,37,11,11,36,40,36,30,36,36,27,28,25,36,29,13,33,32,39,38,35,12,34,27,34,38,34,35,37,38,17,39,16,46,33,10,12,14,38,11,34,16,28,36,16,41,37,23,38,20,18,32,34,32,20,33,34,15,33,41,33,48,33,13,12,14,25,38,34,42,33,36,39,18,37,38,18,39,38,41,37,32,9,38,37,38,29,44,41,37,32,35,16,34,38,18,42,37,32,33,32,31,27,30,29,15,21,39,13,18,33,19,32,22,29,32,14,18,18,41,31,32,18,27,38,32,32,40,36,39,36,15,30,32,39,45,39,35,35,34,31,31,13,26,18,38,13,35,38,16,38,35,32,35,18,34,28,45,36,39,35,41,13,9,35,32,33,18,25,40,13,39,39,34,44,19,27,13,16,38,15,24,32,34,37,16,18,34,32,32,48,43,41,36,20,13,32,36,15,32,29,20,37,32,36,35,30,19,32,17,18,35,36,30,13,34,35,11,31,33,32,43,33,35,44,37,35,32,34,38,13,38,8,19,35,32,16,40,37,19,14,36,35,25,39,36,38,18,35,28,40,32,17,41,35,38,28,39,30,12,41,36,10,32,35,42,15,12,26,11,34
35,19,35,41,17,33,19,27,32,11,42,19,14,37,43,32,37,30,40,43,14,41,13,41,30,34,31,43,11,12,38,36,32,31,34,21,34,27,14,21,17,13,33,11,22,29,39,34,36,37,35,39,16,38,37,39,40,33,37,38,39,30,29,34,18,36,34,16,31,34,18,31,37,14,33,13,37,15,36,33,18,41,35,40,15,28,37,43,38,33,29,32,36,24,16,35,38,34,34,41,34,33,38,17,14,40,43,33,19,14,36,29,15,34,20,33,25,33,14,14,44,40,18,32,30,33,40,21,35,41,39,31,17,34,35,26,41,29,31,31,32,33,16,41,30,25,45,33,29,30,15,15,27,37,40,12,35,30,14,30,42,29,35,9,19,40,44,12,28,27,38,10,36,14,33,27,42,36,32,42,13,37,34,12,30,17,32,28,28,24,26,35,39,26,9,14,46,39,34,37,11,15,33,33,32,30,35,42,40,38,16,35,16,30,11,10,39,31,29,39,10,42,40,16,31,15,38,14,36,19,27,38,34,15,34,28,30,39,16,35,36,17,32,36,35,30,12,16,34,31,37,37,13,41,39,35,32,41,40,36,17,30,33,18,39,22,28,45,20,37,38,33,34,13,44,32,36,39,31,17,34,42,42,41,16,32,20,41,38,39,30,40,42,27,19,37,42,42,39,36,15,26,33,39,29,30,33,30,28,40,27,38,41,35,33,42,10,29,32,17,41,36,29,34,40,41,34,36,38,39,20,41,31,41,32,36,39,37,39,41,34,32,15,36,33,31,40,12,18,30,33,32,37,6,43,15,14,28,31,19,37,15,37,8,24,35,12,19,21,40,33,46,9,12,8,33,39,18,37,36,34,31,36,36,33,31,34,32,10,35,17,35,29,18,41,15,41,30,32,28,35,16,29,41,29,35,32,37,27,34,17,13,34,19,34,39,13,22,36,38,17,31,38,31,30,37,38,32,34,33,36,13,30,19,14,42,35,36,18,32,19,18,35,30,18,38,22,32,14,36,19,36,35,50,34,39,43,32,34,30,38,8,19,31,42,13,41,42,41,34,40,37,31,15,33,27,36,28,29,12,44,29,35,36,46,35,32,37,40,39,35,37,9,33,31,37,29,38,11,13,31,40,38,42,29,29,24,34,15,28,29,32,15,13,36,41,41,38,12,22,42,31,30,34,16,21,36,12,32,29,41,19,33,39,37,22,26,43,29,14,48,37,39,10,39,36,42,35,31,31,43,28,43,39,14,35,36,42,32,14,44,27,32,34,39,36,32,17,36,32,29,16,14,33,39,10,38,21,34,33,33,16,34,30,25,31,32,30,14,16,41,21,37,34,30,17,13,19,36,36,36,31,42,40,29,17,26,32,32,42,41,17,34,32,32,41,20,39,37,35,38,40,14,30,39,14,18,37,44,41,34,39,31,45,35,22,33,36,39,15,32,43,39,13,34,36,31,26,34,18,45,14,40,39,28,38,27,33,26,41,17,32,37,15,18,35,17,39,41,33,33,38,37,38,38,15,38,38,9,38,31,44,19,30,38,31,38,39,41,41,19,29,45,36,33,10,35,35,34,38,45,43,37,37,12,29,36,15,35,38,32,38,43,35,33,37,37,38,35,38,43,38,38,41,39,35,37,9,32,36,30,37,15,31,35,38,38,17,15,33,17,35,10,33,34,43,42,37,35,41,33,30,35,39,10,32,26,34,34,27,33,36,35,40,18,48,38,26,39,18,41,38,14,29,18,38,29,31,37,37,33,29,35,30,36,30,27,36,40,13,36,13,40,23,37,38,41,12,14,39,33,30,31,14,25,33,39,36,36,10,32,20,32,35,15,18,35,30,34,35,40,18,18,15,36,37,33,30,45,31,32,34,32,18,41,40,37,27,37,33,25,39,26,40,36,35,40,18,39,34,29,15,17,31,29,33,12,35,35,34,39,34,39,37,34,28,18,14,38,22,13,39,17,31,30,34,36,39,23,19,28,15,31,13,36,31,25,24,30,33,17,31,32,44,15,39,35,39,32,18,28,39,13,37,32,32,37,36,15,14,36,17,19,42,31,11,37,33,31,36,34,37,40,37,13,34,42,40,30,40,31,16,40,29,20,35,29,12,34,32,40,8,35,41,9,45,33,34,31,15,39,8,35,34,36,28,12,42,34,28,34,17,40,20,25,23,14,42,22,34,39,16,39,34,38,43,17,39,14,35,33,10,39,31,35,28,11,17,32,39,40,11,36,33,19,38,34,28,43,15
33,29,43,14,39,20,14,19,33,33,44,30,32,38,20,46,36,36,14,45,41,10,33,37,36,32,32,32,25,14,40,32,33,33,16,40,44,35,44,35,28,38,39,29,39,40,34,13,28,31,33,31,29,36,35,32,12,38,29,31,11,26,20,28,36,34,16,42,37,16,37,16,36,33,27,32,35,36,32,30,36,42,28,21,25,39,43,37,37,32,26,37,40,40,42,33,40,31,17,34,33,19,23,29,33,38,33,34,14,42,28,29,35,37,39,39,36,15,33,46,34,15,11,35,43,35,40,30,18,17,16,38,34,11,14,37,17,33,35,21,31,29,33,9,20,33,33,35,42,12,13,16,15,32,34,36,36,35,36,19,38,29,41,35,30,20,29,19,36,36,36,42,34,9,9,13,34,40,32,33,40,11,17,17,33,40,36,12,39,33,31,33,16,33,38,19,36,36,40,13,39,33,38,19,36,42,25,36,20,35,35,32,34,40,7,28,42,34,33,14,16,27,37,35,20,27,40,44,30,32,12,14,37,36,41,40,15,30,36,33,36,15,17,21,42,36,41,42,14,35,32,13,42,36,41,38,39,43,34,20,34,36,17,18,8,31,16,34,33,30,13,16,36,31,27,33,33,34,27,35,32,39,35,34,12,36,31,41,12,16,41,42,32,30,40,47,35,41,14,38,13,16,36,43,35,10,34,39,18,21,30,33,31,28,25,13,37,19,14,30,37,38,40,32,31,37,17,41,38,37,40,38,19,38,13,34,39,31,35,43,38,16,33,28,32,39,15,42,36,37,12,36,17,43,31,37,43,45,12,37,19,32,40,20,39,16,40,23,43,31,27,38,32,32,32,25,21,14,41,31,42,33,34,32,13,33,37,35,30,37,32,27,35,16,7,14,36,34,34,39,37,29,39,16,19,37,32,41,40,27,17,32,15,18,36,39,10,37,43,32,35,36,17,28,33,28,39,25,29,38,33,14,38,33,35,13,36,26,37,26,32,40,41,43,36,32,42,35,13,16,33,35,33,34,35,32,38,20,38,31,38,32,16,37,12,33,28,14,34,37,37,37,36,16,12,39,30,24,32,26,32,18,28,38,39,28,27,31,10,36,15,22,12,35,33,33,14,33,41,35,35,8,16,38,31,22,17,43,33,35,7,30,40,42,40,31,36,33,10,34,33,32,22,16,43,15,35,14,30,16,33,37,35,40,35,39,40,35,14,38,33,39,35,40,21,42,37,33,18,14,13,35,34,31,33,42,36,14,26,21,35,14,34,31,14,34,33,32,13,30,35,37,36,15,16,13,16,32,33,36,26,14,34,10,27,45,35,32,30,30,36,15,30,36,44,30,33,40,40,33,34,13,30,37,10,38,24,40,27,37,15,40,38,17,30,40,35,17,32,29,14,11,37,38,28,29,34,38,31,33,31,34,37,29,11,31,35,22,13,11,36,32,35,18,38,37,29,32,26,30,35,34,14,31,27,29,21,43,30,30,31,24,29,36,39,24,29,14,36,38,17,13,16,33,34,37,28,24,34,12,36,18,47,45,31,34,13,31,12,17,40,12,36,33,10,28,43,39,38,41,21,9,34,28,39,19,28,37,30,36,37,29,17,35,37,31,38,29,31,10,33,13,32,27,11,44,34,13,27,24,37,31,10,35,35,24,41,36,14,19,38,13,16,22,36,29,10,11,32,19,38,39,27,9,19,28,35,10,28,38,38,38,39,31,20,37,16,38,48,30,35,36,15,31,34,28,43,33,40,18,37,30,42,40,15,40,40,28,42,34,36,38,8,33,40,37,16,40,34,13,35,37,36,34,28,37,36,33,35,39,18,15,38,34,37,41,34,25,18,34,16,31,32,12,20,15,16,38,33,32,19,43,29,40,38,33,38,28,43,26,36,46,38,31,39,26,29,19,19,16,25,28,34,29,15,15,15,12,34,28,36,37,36,16,34,22,16,28,30,44,13,19,31,10,43,25,17,11,37,17,40,25,41,35,18,33,40,39,33,39,10,12,14,41,11,12,45,36,7,39,33,33,30,38,30,21,41,36,18,31,34,32,31,38,16,26,36,31,29,12,36,21,32,35,14,17,12,26,11,13,36,13,21,34,30,39,33,13,40,30,18,35,35,30,18,37,32,34,14,35,33,35,14,44,39,33,15,20,26,14,15,31,35,13,37,29,38,13,34,15,15,16,33,20,37,35,46,30,12,15,12,35,38,13,13,38,35,31,14,23,34,14,30,33,33,20,36,25,33,38
17,38,36,41,15,13,10,16,33,16,41,15,33,31,35,34,35,26,41,30,15,42,43,38,24,31,35,31,34,26,34,36,31,35,34,36,29,28,27,46,25,33,41,35,27,28,17,34,40,42,32,25,34,32,28,32,15,29,35,12,38,32,29,34,31,44,30,34,36,30,6,30,38,40,35,14,36,22,17,29,40,14,38,34,19,36,38,28,37,29,36,32,42,35,17,43,26,15,38,35,36,38,12,37,37,36,34,28,34,42,39,36,10,29,40,35,23,34,15,37,29,32,39,34,36,29,11,35,34,35,9,10,38,8,40,16,41,30,21,37,36,31,15,29,32,12,32,22,39,12,31,37,37,37,19,39,30,32,12,42,10,33,32,37,15,18,39,39,38,30,36,39,19,20,36,33,33,34,12,34,24,34,39,42,33,33,28,34,33,36,37,34,32,42,30,33,32,36,44,36,40,30,13,40,24,38,16,33,19,27,40,27,34,30,35,37,41,34,41,34,32,19,38,28,13,20,30,31,16,19,29,36,16,33,31,38,35,35,16,38,33,13,9,31,32,38,30,31,16,40,37,15,11,9,31,30,41,38,14,36,18,22,36,29,33,41,16,31,41,39,15,37,38,12,14,24,36,37,39,11,16,24,30,15,14,29,34,29,39,40,13,39,27,41,24,46,16,39,32,34,38,28,34,17,33,34,38,34,27,14,32,34,40,12,13,20,32,19,27,38,37,35,13,36,34,34,30,16,43,41,38,16,31,35,36,12,32,13,13,26,36,29,29,15,34,38,38,19,31,36,50,40,40,38,37,37,34,33,39,37,27,28,39,36,33,22,43,40,13,39,32,12,25,35,37,31,36,32,35,35,26,32,35,33,40,38,38,12,25,15,14,17,32,38,40,17,39,36,34,37,18,38,32,17,31,32,37,14,33,35,33,17,29,28,29,29,13,13,14,32,14,8,35,38,14,32,19,32,34,15,38,43,32,37,15,13,19,16,38,40,32,41,32,30,32,20,39,30,34,15,31,30,32,36,39,35,39,29,38,32,34,27,38,36,32,41,38,14,38,18,36,15,26,25,39,36,33,39,40,11,27,33,12,17,17,29,32,18,32,27,34,21,30,33,24,44,18,41,34,21,15,10,33,36,32,37,14,42,38,37,35,20,38,34,42,39,20,18,31,17,18,15,10,34,18,9,13,32,38,36,11,35,29,32,44,38,32,44,34,38,35,16,36,14,38,40,27,19,15,40,33,37,33,17,12,12,33,31,39,32,40,32,33,15,30,39,36,30,42,35,30,41,29,18,38,36,35,42,11,34,31,35,36,42,15,31,41,26,32,14,42,35,30,12,36,12,17,33,40,45,28,41,16,37,14,17,39,12,10,37,32,43,14,35,28,39,13,15,27,37,39,20,14,31,35,14,28,33,12,14,31,33,34,39,42,28,17,30,29,41,33,31,22,41,27,46,28,33,37,41,37,19,17,37,38,35,36,34,15,38,35,17,36,27,18,36,31,31,39,29,40,29,47,37,33,33,30,15,13,38,32,35,34,8,41,29,26,32,29,13,41,36,40,19,35,29,33,17,16,35,36,29,38,34,23,36,41,18,14,30,13,40,36,18,40,34,32,29,32,26,16,43,42,11,9,33,17,17,11,37,29,16,34,32,17,12,37,31,21,35,13,16,37,15,29,17,15,35,28,41,45,13,11,28,38,46,32,39,38,37,29,18,30,39,22,38,29,34,13,34,16,37,39,13,15,40,11,11,30,38,36,35,15,36,39,30,38,31,36,48,20,32,10,32,14,27,34,35,34,38,28,43,36,46,43,33,38,31,42,41,32,43,43,44,33,37,16,45,35,24,45,10,41,41,50,16,40,30,45,38,15,34,26,35,30,41,11,33,15,35,16,38,18,32,37,21,19,16,41,32,34,28,36,43,14,35,19,36,34,15,36,41,34,11,15,29,15,19,14,30,30,29,38,18,43,36,36,39,34,18,29,26,34,34,30,14,41,13,32,20,39,11,31,32,35,31,32,32,38,44,39,30,39,14,16,19,39,36,37,40,37,30,17,37,15,45,31,35,34,12,14,39,33,19,39,14,40,36,16,38,28,29,33,42,40,35,29,19,37,33,40,33,16,31,20,35,32,30,45,32,10,16,21,15,10,34,33,30,39,14,42,39,30,42,37,36,19,34,34,15,31,32,36,33,32,17,10,39,39,39,48,32,37,13,17,8,32,34,18,33,38,35,34,13,36,36,32,19,36,10
31,42,36,10,37,27,37,50,8,36,30,10,33,36,34,36,18,36,30,46,32,22,35,43,35,9,19,50,17,35,31,22,35,29,15,16,34,17,41,41,29,39,20,36,40,36,33,31,16,36,23,35,37,31,43,35,30,39,35,35,30,45,45,40,34,44,37,10,20,38,37,14,30,34,29,33,35,34,40,41,40,41,32,16,37,18,16,34,32,27,33,35,36,45,32,18,35,31,11,38,32,36,18,35,35,19,19,15,13,37,32,27,44,33,29,31,33,49,41,31,26,31,14,29,15,34,37,41,35,31,39,27,37,41,38,15,38,34,42,38,37,39,35,34,16,39,36,29,16,13,35,19,34,34,11,33,9,17,48,38,39,34,34,34,32,10,14,49,32,31,39,35,14,36,32,13,36,9,37,30,33,33,11,40,12,41,34,16,38,33,32,17,31,30,37,28,18,19,33,19,32,20,32,40,27,41,38,16,39,37,13,33,25,34,36,36,17,29,38,13,37,14,28,10,15,12,36,44,37,38,31,16,12,47,31,29,10,33,42,37,36,35,21,14,35,38,28,28,36,33,35,14,33,13,38,28,33,34,34,37,36,38,30,14,47,30,34,37,36,35,38,34,33,29,19,36,32,33,26,38,31,20,37,28,39,29,35,39,35,16,38,14,31,34,17,30,40,38,32,39,16,20,34,34,46,40,35,32,35,46,39,33,33,14,26,45,34,37,15,34,34,36,25,35,41,37,30,37,40,33,20,12,37,21,21,37,15,12,33,34,30,29,34,40,31,34,34,14,32,14,22,42,34,35,35,29,40,10,36,13,42,32,34,33,42,32,38,33,19,42,36,34,43,36,40,35,36,17,42,35,15,11,33,44,15,13,17,16,34,38,30,30,46,29,31,30,26,29,30,33,43,35,37,21,15,40,37,34,36,15,32,40,31,12,34,39,43,30,42,34,40,19,31,39,39,26,36,39,33,29,36,39,32,15,13,33,40,14,33,17,36,13,41,37,35,40,17,39,34,18,35,35,36,32,32,29,38,32,13,37,20,16,15,18,17,39,34,31,15,38,8,14,11,17,36,7,31,14,34,43,34,17,38,14,33,23,31,36,37,18,12,46,37,32,32,46,33,46,33,32,32,47,21,33,31,35,14,40,12,38,24,30,37,13,32,17,16,9,38,38,26,33,35,16,40,32,13,18,9,34,11,26,35,43,33,33,13,40,33,27,35,26,38,28,33,33,32,15,34,38,35,14,27,43,40,36,39,32,18,39,17,13,29,34,17,18,25,37,31,40,31,34,38,33,35,29,34,31,27,38,41,33,24,36,34,36,29,31,39,44,34,30,36,34,31,21,30,32,31,21,35,14,37,35,37,29,11,19,26,38,36,40,34,33,14,14,39,26,36,35,37,34,32,41,35,36,38,11,41,43,33,35,36,27,33,29,41,10,29,36,38,37,36,31,39,33,34,38,11,40,29,32,38,12,36,37,16,35,28,40,16,38,19,36,15,37,37,36,26,17,35,32,12,31,36,26,38,18,47,36,25,33,36,27,34,38,36,40,43,33,19,33,15,35,40,31,34,33,29,15,32,38,20,30,41,23,32,41,44,36,36,18,34,33,35,13,21,32,39,10,31,29,36,33,36,47,36,11,35,29,34,41,42,34,16,47,30,26,36,37,37,18,32,34,34,45,41,16,14,36,37,39,11,37,34,12,35,37,27,17,37,33,42,18,35,34,36,20,12,42,35,14,39,42,27,25,15,34,30,16,26,32,14,20,42,32,17,36,34,31,14,17,18,34,43,37,33,34,34,34,36,25,16,39,39,42,31,41,32,10,39,30,34,40,34,35,34,35,33,33,12,34,15,39,41,37,13,37,40,33,40,25,30,23,39,40,34,36,36,42,16,21,29,32,37,25,17,30,29,30,34,16,14,29,11,35,36,34,16,39,34,11,18,36,17,14,39,32,14,35,14,41,39,40,37,13,42,14,37,18,8,36,21,14,31,36,28,31,9,15,42,36,41,31,15,32,30,37,17,38,20,35,41,32,38,37,39,37,38,37,41,33,30,35,33,36,35,41,17,38,13,5,16,18,34,38,16,40,30,34,12,34,39,12,39,35,36,36,34,30,9,12,29,16,20,34,38,38,13,27,16,44,15,33,19,18,33,10,14,18,42,42,33,31,23,9,33,33,32,37,40,32,29,28,8,34,43,31,42,16,39,34,37,13,31,38,36,10,19,31,32,37,35,30,32,14,35,13,35,36
38,15,35,13,31,23,31,35,40,34,15,38,19,14,41,29,31,18,27,36,41,12,35,43,27,40,42,22,34,33,13,38,15,37,14,35,29,22,34,27,39,36,42,9,30,37,34,25,30,31,37,29,31,14,33,36,43,19,40,29,33,37,42,35,14,11,29,34,37,17,45,36,39,34,18,35,25,34,38,42,37,35,38,28,15,14,12,14,34,44,30,33,24,41,41,44,27,38,25,37,44,39,36,16,38,36,35,32,9,36,37,18,42,35,30,31,40,32,36,30,38,43,11,36,40,34,41,31,16,41,36,37,13,12,35,31,34,31,43,21,19,21,38,35,35,39,31,19,35,36,26,38,32,36,34,32,30,30,36,44,36,35,38,41,38,34,39,38,35,38,36,13,36,44,48,16,31,36,26,31,35,39,39,33,30,35,33,32,31,31,14,35,13,42,31,32,35,18,39,34,37,37,23,30,42,6,32,40,30,10,15,40,35,25,30,34,35,30,31,45,33,37,37,42,30,38,32,30,14,18,37,36,13,18,16,39,30,38,17,38,40,18,10,31,39,35,33,28,36,33,8,33,35,36,35,35,15,14,33,15,11,40,33,36,35,14,46,32,31,33,31,37,35,39,35,23,16,38,34,34,36,13,40,14,32,25,16,26,26,38,33,36,39,13,29,38,38,20,17,33,31,30,40,27,10,31,37,36,14,38,30,30,15,39,31,32,18,20,30,38,12,13,30,32,15,34,32,14,32,34,37,14,40,28,41,33,29,35,31,8,33,33,44,37,34,40,35,8,16,18,36,36,34,29,44,28,33,35,28,41,10,12,40,26,28,11,39,31,38,31,38,28,40,17,13,35,33,41,31,15,36,40,12,36,41,34,15,18,41,34,43,14,41,33,33,33,36,28,15,13,19,14,18,33,39,16,31,45,19,37,32,29,38,40,31,15,41,33,33,37,36,35,38,33,24,42,39,17,34,34,11,15,18,13,30,19,31,26,12,39,37,41,37,19,43,28,37,14,33,34,11,15,27,30,33,39,10,37,29,13,38,30,35,35,43,9,35,42,37,32,22,31,34,34,34,41,33,29,35,29,31,37,33,14,39,34,30,44,11,42,35,31,43,46,40,28,38,13,33,30,27,47,37,36,34,32,28,32,26,19,39,38,33,34,32,39,34,36,37,13,31,34,28,32,30,22,36,15,18,17,22,17,28,42,27,34,9,11,34,33,41,35,33,34,35,15,33,38,41,40,44,29,11,31,18,33,37,37,30,38,38,25,37,34,13,36,36,36,36,35,48,42,28,37,37,35,17,14,30,43,32,30,33,38,32,16,13,30,34,32,37,35,33,30,11,38,41,35,32,40,19,35,9,31,8,29,11,31,19,39,30,23,42,30,38,32,45,15,34,7,16,36,27,15,14,36,29,12,33,12,10,32,36,35,37,13,35,40,34,14,46,34,43,34,26,33,36,35,37,40,34,37,42,15,36,35,39,38,14,37,15,26,39,20,28,47,32,41,12,30,31,28,28,29,35,31,31,31,9,18,35,40,36,34,19,10,43,33,17,30,40,23,42,30,32,41,39,14,40,41,26,13,40,37,40,35,38,35,35,15,35,39,13,36,37,41,31,12,15,38,35,19,31,16,39,29,31,29,33,33,31,32,18,41,34,32,9,13,17,35,9,37,32,40,15,34,19,33,40,42,23,18,33,29,16,37,32,14,14,24,26,15,32,27,33,37,39,42,29,35,35,22,37,35,43,35,26,18,33,37,32,31,40,33,35,41,32,41,45,43,43,35,33,20,27,20,16,39,16,13,37,12,45,11,36,14,39,45,29,31,39,37,38,39,17,16,32,12,15,29,43,37,14,33,33,31,14,20,42,42,33,34,35,40,30,38,31,36,33,19,37,43,36,40,14,40,21,32,15,12,31,33,15,33,32,35,13,17,20,15,36,42,42,36,34,40,31,36,36,27,13,19,14,30,14,21,34,40,36,40,15,16,39,34,34,18,31,29,33,29,37,41,37,10,34,32,30,41,34,31,16,33,40,14,33,42,41,33,32,11,30,15,15,36,31,34,13,39,22,37,16,29,39,27,15,18,41,40,18,32,14,18,13,31,15,32,14,18,37,41,28,43,22,26,35,20,34,15,34,31,35,45,39,41,30,17,32,41,32,37,34,33,31,29,35,14,43,13,35,41,20,21,30,36,35,33,36,39,39,16,24,15,30,43,34,11,29,19,34,19,33,41,35,29,34,37,30,15,37,15
15,30,31,30,18,28,17,27,18,46,10,37,41,22,12,38,16,28,19,40,37,36,40,32,40,12,10,44,13,29,38,9,29,32,31,30,38,7,30,9,32,31,45,26,29,34,28,42,31,26,14,32,42,23,15,39,40,18,46,14,34,42,23,37,29,36,44,10,44,42,14,30,36,27,36,13,40,38,29,34,11,39,45,34,27,36,39,12,37,34,41,17,35,23,41,32,19,28,33,43,34,32,19,15,8,30,39,13,39,40,12,7,33,28,16,35,38,27,16,33,35,38,37,9,34,39,40,32,31,35,31,38,32,26,39,34,32,15,33,40,18,37,13,33,33,39,39,36,41,36,17,43,42,30,29,19,28,33,35,32,29,22,39,33,40,16,19,34,38,40,32,18,33,27,36,31,12,15,32,36,38,32,39,35,38,36,16,32,13,40,35,23,36,43,30,35,29,32,26,39,17,37,32,31,36,33,30,39,34,41,34,10,37,39,36,43,23,39,35,35,32,13,32,37,40,39,30,41,36,13,18,36,11,36,33,14,47,35,30,42,37,35,36,15,34,40,37,38,32,30,12,33,41,26,29,29,35,30,14,15,39,33,32,16,46,38,39,37,13,37,32,30,33,41,37,26,37,15,35,29,38,42,14,36,21,29,32,18,22,13,43,39,34,18,40,35,34,31,42,13,36,38,17,40,10,37,36,14,11,45,38,34,32,37,37,31,36,27,38,31,18,40,29,29,34,36,30,40,27,17,30,14,12,14,30,14,31,40,33,35,39,13,38,29,26,16,29,18,39,32,35,32,34,19,37,34,38,33,33,44,38,20,32,18,39,31,38,31,31,29,42,12,18,37,26,42,33,15,14,38,15,32,42,24,32,39,39,34,32,39,38,12,17,15,29,33,16,37,35,16,39,37,39,40,41,13,25,15,32,40,30,33,14,33,18,30,33,31,37,45,30,37,36,36,43,33,35,42,34,16,15,34,34,28,37,37,30,16,32,35,18,33,18,39,35,28,11,29,38,13,27,8,37,14,29,26,27,12,31,16,37,28,15,12,25,24,29,35,34,26,39,32,36,32,34,44,42,25,16,38,15,34,37,30,36,34,36,28,37,31,30,40,34,32,44,39,40,41,37,34,32,25,41,20,41,32,34,42,12,46,36,36,33,33,34,41,47,14,29,17,37,36,16,28,41,38,31,21,17,39,47,43,46,13,30,18,41,13,46,14,36,45,27,16,36,25,33,16,39,33,17,17,11,41,32,27,37,20,40,34,34,33,27,32,37,38,30,8,23,15,30,41,12,39,13,34,41,39,41,20,16,31,38,31,45,17,33,29,41,35,37,13,32,35,36,30,17,15,44,42,42,42,16,45,14,38,38,26,36,33,31,43,20,26,16,13,33,32,41,33,20,39,17,33,40,9,32,30,11,18,36,14,38,28,36,31,33,36,41,32,33,38,8,35,13,13,17,18,31,34,28,10,45,35,32,32,35,32,32,38,32,31,36,34,31,33,37,37,17,33,14,16,11,36,37,19,39,34,30,30,31,38,35,35,29,38,32,12,34,12,33,31,16,36,36,26,14,34,26,33,21,33,38,34,40,38,35,35,19,36,38,16,40,15,37,40,35,38,15,37,41,35,15,37,33,31,38,29,37,14,38,15,26,39,33,16,31,40,40,16,38,39,33,40,37,14,27,20,32,41,39,31,30,15,38,35,46,16,14,36,24,35,13,37,38,35,24,39,37,12,13,36,32,39,35,43,31,36,38,41,32,15,36,39,44,29,37,39,27,34,33,35,34,32,33,43,38,28,17,14,35,38,36,36,14,32,43,40,31,29,17,15,26,15,36,43,32,34,36,40,42,39,35,37,37,15,41,12,36,41,39,34,38,36,40,14,35,33,43,42,27,33,36,33,37,14,39,34,41,22,34,38,40,27,33,40,25,27,16,39,37,35,30,45,39,13,28,33,13,28,33,33,43,17,16,45,12,34,34,34,34,32,42,36,28,10,30,37,35,27,12,40,48,16,11,33,31,31,12,37,32,10,38,36,38,34,37,34,34,16,18,42,42,32,27,34,20,21,39,40,16,34,15,15,36,30,16,25,39,30,35,30,41,38,10,30,32,21,35,35,34,34,36,40,39,38,35,14,15,36,11,34,14,13,37,24,33,32,27,11,9,16,14,32,11,32,15,13,16,38,37,16,30,14,30,32,37,33,34,40,38,34,36,15,38,33,29,40,12,28,30,13,31,35,38,34,31,30,29,17
20,13,37,14,37,13,33,16,24,38,38,28,38,42,45,34,27,27,36,35,29,33,38,28,30,32,16,32,45,35,37,34,32,31,19,39,41,39,38,33,32,35,15,33,21,36,12,34,13,33,38,36,31,31,39,28,19,36,31,37,34,40,30,13,34,19,21,44,40,14,36,27,31,14,20,13,37,39,38,17,28,40,37,33,36,23,34,34,35,43,35,42,27,35,25,27,25,16,36,29,30,12,29,38,46,36,35,34,38,43,16,10,37,35,35,14,37,28,28,31,41,36,13,20,33,35,31,47,17,36,33,9,37,33,17,30,15,32,36,39,32,11,11,31,32,32,34,24,40,13,28,33,34,30,45,42,38,36,34,42,16,26,36,37,30,38,44,38,37,27,20,41,46,30,41,28,40,14,35,43,44,30,42,36,30,29,33,18,35,40,35,22,11,25,15,12,35,46,26,39,13,34,14,35,36,47,44,29,38,36,42,25,15,22,37,32,22,39,35,41,28,42,16,31,15,34,14,41,33,30,40,40,35,31,37,35,34,38,29,29,35,16,19,39,38,33,32,27,32,34,27,38,39,34,44,11,30,13,15,18,37,18,12,20,18,12,36,21,35,41,43,40,41,40,37,39,34,10,38,15,13,19,33,39,38,35,40,28,38,42,28,7,12,37,15,37,48,35,35,31,25,15,27,15,40,31,18,12,11,39,8,36,15,44,30,37,40,35,21,20,30,33,31,30,36,17,11,25,29,31,47,45,30,36,37,35,34,29,7,44,34,27,39,33,32,37,34,28,34,37,36,26,19,46,37,37,38,23,6,36,34,32,30,30,18,21,10,31,35,16,33,40,10,33,34,34,33,35,33,42,10,12,46,42,41,39,36,23,27,34,13,40,29,32,15,12,34,34,8,32,30,7,12,37,35,11,14,35,33,27,35,29,28,38,13,33,15,9,20,37,34,44,13,42,32,41,16,12,34,11,35,16,11,33,32,32,14,30,28,45,11,40,38,34,18,36,32,30,37,30,35,34,26,38,16,19,14,25,12,14,35,22,35,34,39,38,39,32,35,38,12,21,13,17,38,31,34,45,29,35,32,38,34,42,39,17,13,32,35,11,29,32,42,34,35,37,30,38,24,42,11,33,29,43,34,37,35,35,36,12,40,19,34,15,41,46,27,12,34,39,29,8,39,35,35,31,8,29,36,20,21,32,39,35,32,39,35,16,27,16,35,15,38,30,18,19,43,37,47,18,32,27,43,10,29,26,18,12,15,32,45,33,35,34,32,18,29,38,15,15,12,32,33,35,41,35,40,33,36,39,37,38,38,40,30,35,31,16,22,14,39,30,39,30,39,30,39,32,30,28,11,36,47,16,14,14,19,35,34,12,35,15,16,40,15,14,36,41,15,39,34,31,16,40,18,31,33,14,22,40,40,36,13,12,37,29,37,34,34,30,37,29,33,37,42,35,38,37,35,46,44,33,39,29,29,47,42,11,38,37,42,36,43,36,12,29,34,38,39,36,41,24,39,39,40,16,30,38,40,45,21,13,38,32,33,36,30,41,29,38,11,40,37,26,35,16,29,8,14,32,32,41,33,13,14,39,17,40,14,15,33,46,44,25,36,32,35,36,35,16,14,35,37,36,36,18,13,43,38,34,38,31,38,36,34,33,27,34,17,37,33,34,39,32,15,37,11,33,36,26,40,36,34,38,35,33,18,42,39,19,10,27,40,39,34,18,39,21,15,39,35,40,25,39,38,43,32,31,14,39,37,32,25,38,33,13,36,26,28,25,30,31,32,17,31,26,38,34,36,34,31,14,22,44,35,39,35,30,42,31,16,36,34,37,46,35,40,30,47,34,45,15,35,37,31,38,14,15,34,37,38,32,32,39,30,9,36,15,30,34,23,38,17,18,35,38,26,13,25,35,31,16,35,37,11,34,36,11,34,38,31,40,40,33,35,37,38,35,16,15,35,31,47,35,39,35,28,37,38,32,42,35,44,36,33,19,39,39,41,32,13,14,36,45,34,40,39,17,30,17,12,17,13,27,29,43,30,34,17,38,36,38,35,38,42,19,35,32,36,32,27,16,41,30,29,17,34,15,27,33,43,17,31,23,35,32,12,36,40,31,14,38,30,39,27,14,39,30,31,30,43,23,30,23,36,20,38,36,36,41,12,34,34,33,38,45,8,27,44,34,15,13,30,47,41,38,42,35,18,34,46,42,37,20,40,42,32,31,24,44,36,32,42,17,11,33,34,39,31,37
30,44,35,36,38,34,36,33,27,32,15,36,14,28,14,35,14,11,37,46,29,38,39,31,34,21,16,30,14,32,33,32,41,29,36,12,37,39,37,32,33,17,31,17,35,46,13,32,36,46,38,18,35,11,31,36,8,35,22,34,40,19,29,35,35,32,33,39,32,38,32,38,34,26,15,44,44,32,44,36,34,35,31,36,34,12,9,16,45,29,39,15,11,34,19,32,38,10,47,36,36,32,22,32,33,29,29,31,31,31,37,31,11,36,15,17,14,34,42,31,33,40,12,31,30,38,46,36,41,27,34,21,33,36,27,13,26,18,34,21,36,6,36,20,17,34,39,15,30,36,35,13,13,29,34,11,39,40,22,37,35,23,36,29,36,38,34,40,37,41,37,33,35,27,34,30,13,34,38,43,31,9,40,48,17,14,39,35,18,19,29,36,39,37,35,20,15,37,31,16,29,38,31,15,37,44,34,38,12,35,35,45,35,35,16,9,37,16,18,45,12,35,31,37,30,36,11,24,33,33,16,34,32,32,35,37,13,11,42,39,30,24,17,40,34,27,16,36,34,44,39,20,28,29,33,33,30,33,39,38,35,37,12,31,50,15,38,36,26,23,34,17,42,30,15,37,36,36,16,35,19,32,36,37,34,39,39,43,20,41,11,30,31,30,39,23,25,31,45,16,30,37,35,31,30,14,30,33,19,36,35,16,9,19,30,42,34,28,27,12,32,42,42,32,39,33,44,14,16,41,34,16,15,34,17,11,33,16,34,36,26,35,32,36,35,27,45,34,12,39,10,12,14,33,16,30,35,35,38,43,13,39,8,34,28,28,16,31,36,34,40,35,33,28,35,36,40,37,31,12,39,39,28,32,40,35,34,16,40,14,35,14,30,34,20,32,34,30,37,48,38,15,41,13,37,27,24,33,24,42,33,33,35,16,21,37,37,18,40,45,36,28,45,15,28,45,33,37,28,35,34,37,16,28,10,46,17,36,26,39,37,31,38,14,16,18,15,33,35,30,33,35,37,31,34,29,31,31,23,29,15,34,16,39,38,30,31,15,8,28,35,32,36,40,37,29,36,32,41,13,38,22,27,36,35,9,11,13,30,29,29,43,38,37,41,34,5,29,36,39,39,38,31,33,9,29,14,27,39,15,18,30,30,18,40,39,32,35,41,39,13,38,18,37,34,16,39,38,30,30,25,29,37,30,37,46,38,33,33,18,37,37,13,13,19,29,44,15,34,33,31,39,15,32,32,31,35,25,13,36,34,11,37,42,22,13,7,15,37,29,32,32,17,36,10,14,14,22,34,41,43,32,27,34,28,20,32,26,33,36,20,38,41,35,36,38,36,30,33,37,30,25,32,31,33,35,36,31,35,33,32,30,33,14,42,33,33,33,36,34,34,38,42,15,19,37,33,31,35,38,36,26,13,39,37,32,33,21,34,15,39,32,31,45,38,34,25,39,15,28,37,13,23,35,33,9,40,34,9,40,36,13,13,28,15,40,30,11,34,34,38,31,33,38,39,34,20,16,13,20,17,18,41,34,33,32,50,32,36,41,33,10,33,16,30,35,31,37,37,22,38,7,32,38,34,33,11,31,27,38,37,10,38,13,36,33,17,34,30,16,17,35,29,30,11,46,15,35,11,35,29,17,38,29,14,17,35,17,37,18,33,33,29,33,38,35,41,34,16,36,32,29,25,34,34,32,37,38,38,14,16,36,29,36,15,33,15,13,36,30,14,22,35,31,27,36,10,36,15,13,33,31,11,36,30,37,16,43,37,11,10,34,18,42,34,37,37,20,36,33,44,30,32,32,44,11,32,37,32,34,19,36,45,34,32,28,31,34,37,34,30,44,39,12,16,27,38,35,36,20,16,11,15,31,41,36,38,31,43,26,31,33,12,31,17,29,30,38,18,35,42,13,35,30,40,38,35,35,36,26,27,30,14,34,18,15,11,32,16,28,36,38,16,32,38,43,36,33,18,32,36,26,18,31,33,26,45,29,34,15,43,36,11,17,30,38,31,37,37,28,36,33,30,35,16,43,37,41,36,45,37,35,34,38,12,36,12,37,33,38,29,29,30,38,48,33,32,35,38,14,37,29,35,34,38,33,43,20,12,40,29,20,8,5,34,38,47,35,27,22,32,39,37,28,38,29,32,13,33,19,44,29,41,39,14,32,40,31,32,15,11,36,37,34,20,12,37,43,34,38,16,31,35,42,40,16,34,38,40,24,35,32,29,35,34,37,28,19,15,36
16,34,38,22,12,14,12,30,16,26,41,40,33,29,40,9,38,12,27,36,34,14,35,37,33,31,21,31,30,39,27,44,18,29,17,30,39,39,37,35,35,15,40,31,30,11,36,13,33,36,8,39,39,36,10,35,30,32,12,33,35,28,31,16,34,38,16,36,35,35,26,21,31,43,29,16,33,16,18,33,13,34,42,43,35,13,33,37,34,14,12,38,33,37,41,33,31,33,32,35,9,33,36,40,34,34,15,35,33,10,17,8,45,35,16,37,9,35,39,32,30,10,10,16,27,40,12,37,35,40,36,39,23,36,30,40,14,34,17,42,15,37,14,32,34,43,18,33,36,35,14,15,10,36,40,14,15,37,34,35,34,37,31,36,43,37,40,33,38,38,27,29,36,18,12,29,11,36,35,35,36,25,35,39,18,34,41,19,10,35,29,37,16,44,40,31,36,33,28,30,16,40,36,13,43,33,32,29,44,12,32,34,13,37,36,35,30,34,33,20,38,40,33,40,32,20,37,15,13,35,32,37,14,34,34,37,13,35,36,28,36,25,38,40,11,46,46,43,29,21,40,36,35,36,28,33,32,40,40,16,36,26,45,40,11,35,32,34,35,34,39,28,24,34,15,36,36,12,25,34,33,34,33,16,28,38,13,38,35,37,33,36,36,38,28,32,13,41,36,20,41,29,11,17,13,26,41,29,42,35,40,16,37,16,28,35,33,38,41,33,29,35,37,41,16,36,43,44,33,32,33,36,38,9,20,38,31,17,41,27,40,16,33,13,15,43,37,43,37,40,33,30,38,20,18,15,32,33,31,11,41,27,41,12,16,34,21,42,34,32,14,40,28,36,35,23,35,19,29,40,41,37,36,25,35,34,33,9,12,35,42,34,26,32,15,31,40,40,43,37,12,30,10,41,39,13,38,31,13,33,44,30,34,33,14,15,33,32,11,39,32,28,35,14,10,16,39,33,39,35,34,10,12,33,40,12,37,27,17,40,39,34,15,37,37,28,11,33,35,30,35,40,37,17,18,35,40,26,38,38,18,13,30,39,29,18,41,31,45,40,35,12,45,32,30,35,32,43,35,35,16,21,36,33,14,37,36,37,29,40,41,35,31,41,17,35,37,18,37,37,18,30,32,47,41,29,14,41,29,15,33,28,31,38,17,34,36,17,40,41,35,37,40,17,17,39,31,34,19,36,36,21,18,31,35,30,38,17,35,27,39,36,37,38,41,40,27,31,36,32,31,39,35,37,33,45,17,37,14,11,13,36,37,34,30,36,33,43,36,14,13,19,37,41,35,18,45,42,35,35,35,36,36,13,22,35,39,36,35,37,35,32,12,33,42,30,11,26,38,48,44,38,20,24,16,37,38,27,37,42,40,40,24,35,31,41,9,32,41,15,37,36,20,13,35,41,29,35,32,39,27,32,15,17,22,35,12,17,38,23,16,39,31,28,10,44,37,14,36,35,13,27,38,39,17,43,27,35,12,33,31,35,38,35,35,30,29,37,41,35,12,34,25,32,20,13,11,45,35,10,14,14,37,33,37,34,7,37,34,14,37,23,16,37,43,29,40,14,34,33,18,37,32,34,13,42,43,16,25,30,37,31,37,40,36,13,15,42,44,41,16,32,32,41,40,41,13,35,36,32,31,15,37,36,31,37,44,36,28,21,33,30,34,35,38,42,34,29,34,38,34,33,17,18,36,17,15,33,36,39,38,8,44,31,35,19,9,9,35,39,38,35,33,19,28,35,34,21,40,10,27,36,25,39,38,28,37,37,19,44,36,39,36,41,35,19,42,38,36,26,18,36,38,35,37,33,20,29,36,36,26,17,27,13,40,41,38,21,34,35,16,24,13,34,29,18,33,35,33,43,7,34,42,34,36,12,36,23,29,37,30,36,31,41,32,45,21,11,18,40,23,31,30,40,32,39,31,39,39,33,40,15,33,40,31,35,31,16,38,45,39,35,32,13,13,37,10,32,40,34,10,29,17,33,28,29,15,29,28,36,39,19,38,39,42,31,25,34,40,43,41,26,29,28,26,31,32,26,32,33,31,34,43,37,14,33,35,33,37,35,25,30,18,32,40,28,32,30,51,39,34,30,15,30,37,37,37,35,36,40,39,34,36,39,39,18,32,40,39,35,33,34,11,33,18,33,36,43,32,35,34,37,40,33,38,30,38,35,40,36,33,36,32,34,19,35,34,41,26,23,39,42,12,38,14,11,11,39,39,35,36,30,6,37,15,31,13,36,38,40
16,33,35,15,39,20,9,31,39,14,32,39,36,37,39,15,39,27,35,8,31,16,26,34,33,34,27,10,36,39,31,32,35,35,29,32,39,32,32,13,35,39,33,34,44,34,17,21,25,39,29,34,40,18,40,38,37,34,33,36,36,30,11,33,37,33,40,28,35,31,39,22,37,16,31,16,35,36,23,48,25,31,46,30,30,14,11,34,32,34,20,44,32,38,38,32,38,39,31,34,34,27,38,34,31,39,32,33,24,35,32,27,23,39,23,10,34,40,38,43,37,31,32,33,35,39,46,13,42,34,37,42,37,32,44,30,18,26,32,41,37,38,33,38,36,30,15,30,31,18,41,30,43,28,14,35,13,36,36,33,10,32,43,35,38,16,41,17,36,33,20,36,33,43,11,26,11,23,20,24,29,44,31,40,31,36,34,46,15,26,36,53,35,29,31,35,39,37,18,34,39,20,38,43,33,29,32,31,34,31,17,35,35,12,41,40,16,41,12,30,12,17,13,29,29,38,29,38,37,35,32,13,12,40,46,35,46,30,31,41,27,21,33,33,14,39,32,36,41,19,40,33,14,37,33,36,42,18,18,15,34,11,42,32,20,32,15,40,28,39,32,35,38,40,40,29,39,17,13,33,34,15,35,34,34,42,38,37,27,37,39,32,23,33,32,40,38,44,32,11,32,19,14,32,40,42,19,31,35,38,34,35,20,21,41,38,41,39,37,39,36,36,39,36,34,39,41,11,46,15,39,30,32,21,36,35,10,19,38,33,14,38,41,32,35,37,29,12,45,32,37,37,25,30,36,33,31,46,16,37,30,39,39,25,35,10,8,33,37,37,19,32,25,41,39,23,33,30,28,20,15,37,37,36,19,38,17,33,13,43,43,31,34,36,41,38,43,33,39,35,41,16,15,30,33,15,16,34,39,30,38,43,36,37,35,32,40,35,15,15,29,41,21,11,26,37,9,35,39,41,17,10,29,34,37,41,19,13,33,9,37,39,36,37,29,37,34,32,34,14,33,28,32,37,31,31,34,19,28,49,19,42,40,31,41,34,39,37,15,37,29,13,15,30,32,42,43,27,6,28,35,33,32,34,17,39,30,29,45,18,14,38,39,35,42,33,34,35,37,42,39,38,17,37,34,36,16,11,40,13,39,39,41,13,29,35,39,17,28,39,28,33,16,35,25,21,40,41,25,37,28,19,33,40,31,32,20,42,37,40,37,45,20,37,30,15,27,15,45,49,18,41,33,34,39,29,30,32,35,42,28,37,34,37,39,30,15,33,16,32,31,33,42,25,39,47,41,34,21,37,43,28,35,42,16,33,40,38,37,18,39,32,33,31,34,40,32,32,39,32,25,29,18,30,33,17,38,16,29,28,16,33,36,38,15,29,35,16,34,40,42,43,36,16,39,34,21,48,35,31,38,16,25,38,30,38,33,43,15,38,35,20,13,42,14,39,13,12,26,31,33,29,18,32,35,41,38,38,14,40,40,37,36,16,39,33,14,33,33,18,30,13,32,35,31,39,39,36,28,20,27,36,32,43,40,18,31,37,40,33,40,33,30,36,45,39,35,33,44,45,10,32,49,41,20,36,46,30,44,39,43,34,14,11,28,41,34,27,10,32,16,37,34,14,17,12,29,30,32,38,38,36,44,22,32,39,30,45,29,38,11,32,19,11,36,32,34,11,32,10,43,39,37,32,30,41,29,33,19,26,31,19,30,17,33,11,35,37,41,13,38,14,26,24,10,32,34,47,12,13,33,38,34,34,29,25,14,31,34,18,17,32,29,34,40,34,37,46,38,40,34,15,36,40,29,29,12,14,33,15,9,39,31,28,35,11,40,21,15,31,13,35,29,18,5,29,47,41,37,39,18,39,39,11,38,29,36,27,33,31,15,35,20,18,44,30,34,32,28,37,35,30,39,31,28,35,19,35,13,38,30,36,22,42,17,32,29,38,33,39,36,39,41,39,14,32,41,33,10,28,12,26,36,36,43,29,33,28,29,35,36,39,37,33,32,14,39,42,45,38,37,42,7,14,37,34,37,31,36,27,46,35,35,34,37,34,36,35,26,41,20,37,19,15,37,35,32,13,40,11,32,15,41,15,36,37,41,39,28,36,36,18,15,36,39,14,16,11,28,44,34,40,41,16,39,15,16,36,11,32,36,33,30,38,33,14,27,37,39,37,43,31,34,13,13,30,28,35,16,36,34,13,40,8,31,16,33,27,32,33,45,32,32,42,41,35,30,36,32,35
31,35,38,31,39,18,30,27,16,11,38,38,11,17,19,9,19,21,29,37,17,33,32,13,15,35,29,41,33,32,39,14,38,34,38,33,34,41,37,33,26,12,37,25,14,18,41,34,16,16,38,41,31,36,37,36,40,18,15,36,13,44,35,34,31,33,12,17,40,37,42,35,39,37,31,30,35,21,31,40,34,28,38,20,19,33,27,34,30,9,40,35,16,29,33,37,45,12,31,15,14,34,29,35,21,9,14,36,40,13,32,28,15,33,39,32,31,33,33,17,36,38,32,39,26,41,17,44,30,36,34,34,38,16,15,31,16,43,32,39,29,14,34,15,34,16,26,40,12,14,14,36,12,42,32,42,37,34,15,37,35,31,32,38,33,12,26,34,32,35,34,13,33,40,40,43,32,12,36,33,33,32,14,35,32,28,25,17,36,14,40,36,37,30,33,31,27,34,29,13,15,26,35,36,35,18,32,40,36,34,38,38,42,14,17,12,38,14,35,36,36,31,31,35,37,10,29,35,30,16,45,44,35,36,37,41,14,31,14,36,43,11,38,40,11,32,37,16,15,13,36,31,32,31,31,44,30,37,30,13,10,18,16,20,34,38,36,37,48,15,41,14,18,36,39,40,17,37,29,28,36,38,47,13,12,38,15,32,28,37,46,15,43,38,44,27,33,40,36,46,34,31,31,19,36,25,12,37,31,12,31,18,17,34,12,29,31,42,15,38,27,10,39,35,36,34,14,39,15,43,32,16,36,33,33,37,25,37,38,40,39,15,38,13,31,36,38,44,33,12,15,39,14,18,37,36,42,13,30,11,37,29,31,42,16,10,16,18,36,38,14,39,16,36,9,21,26,22,38,31,41,32,29,16,40,38,11,34,35,30,30,18,32,29,40,40,37,18,32,35,35,30,40,36,16,17,37,16,38,38,43,30,28,15,33,34,38,29,30,10,15,32,34,13,32,26,40,31,41,39,43,32,40,17,34,36,43,24,34,35,37,38,34,38,16,43,35,32,32,35,15,33,35,38,24,41,29,35,30,38,32,37,39,32,13,33,31,38,35,31,46,17,37,34,34,39,37,19,35,14,32,37,14,37,32,30,36,45,21,31,36,33,38,7,38,35,35,21,17,37,24,35,33,33,39,37,35,29,42,27,42,35,35,31,31,39,33,11,32,15,12,33,37,37,35,33,34,41,43,18,20,32,17,44,28,37,39,18,20,27,31,29,35,30,15,48,35,33,37,15,31,20,43,40,32,20,12,27,40,8,34,37,34,33,35,31,39,38,28,15,37,15,35,34,35,26,43,34,32,35,20,38,32,13,38,31,41,32,39,32,40,24,39,12,28,32,18,26,32,18,34,34,33,42,41,38,36,4,10,36,37,35,32,13,18,15,27,26,36,15,37,33,20,39,24,20,14,35,44,17,29,33,34,7,43,30,35,34,14,10,37,14,34,20,39,19,38,10,33,17,29,31,36,30,32,17,36,25,32,29,14,24,32,34,30,27,35,27,35,33,11,34,32,32,29,34,37,14,26,17,11,39,17,30,29,34,35,43,37,38,34,39,37,32,39,23,13,34,33,32,18,33,19,21,20,37,34,37,12,12,14,36,44,16,37,33,32,16,16,18,12,42,40,34,28,11,39,6,31,33,30,32,39,31,12,46,36,28,41,20,12,29,34,33,35,29,39,33,41,40,36,8,34,22,12,42,37,10,36,48,34,21,42,15,34,11,41,36,47,38,16,30,48,27,43,40,13,35,13,34,31,15,46,30,34,36,39,33,39,40,34,32,16,45,27,17,41,13,38,34,30,29,36,33,19,42,33,15,13,8,39,31,39,35,35,35,11,31,28,32,30,34,18,31,28,41,35,33,45,44,36,10,43,38,35,40,31,24,41,35,37,35,29,13,11,49,35,26,30,41,38,15,42,36,39,36,14,34,19,27,38,41,33,31,39,36,36,44,32,36,15,33,39,40,37,8,28,13,44,11,16,31,36,33,32,17,35,38,34,16,36,21,32,26,30,43,41,29,34,32,37,38,32,20,38,16,39,39,39,18,37,34,12,17,38,33,17,31,34,33,31,33,34,45,14,34,23,47,29,11,11,14,30,30,30,31,39,42,32,21,39,36,42,30,33,36,7,12,11,20,38,9,26,46,38,12,34,32,38,29,39,37,51,30,36,38,42,29,26,37,8,33,30,7,41,38,30,17,28,29,36,15,20,31,41,31,34,21,40,32,34,26,29,30,36,11,44,37,41,33
33,26,38,33,42,41,41,32,39,26,27,23,42,34,33,38,37,11,19,21,17,10,16,28,12,29,29,21,14,29,16,25,34,33,31,32,40,37,22,14,34,36,36,13,36,29,33,32,11,38,33,34,43,42,14,36,36,46,41,32,49,19,38,18,37,37,28,35,15,37,28,29,43,17,32,17,37,18,16,37,48,16,37,41,35,36,36,19,12,15,14,34,36,32,15,29,12,14,36,35,38,27,33,40,40,33,34,24,38,32,30,39,38,28,28,33,33,45,43,42,35,38,36,29,33,23,32,35,10,14,33,33,14,22,39,17,38,33,32,15,13,30,15,30,34,23,40,17,30,33,40,31,36,35,31,30,32,38,21,24,33,10,44,36,35,36,33,29,34,33,34,28,12,36,40,31,38,22,32,42,35,15,15,32,14,35,13,32,29,36,12,32,17,36,30,14,31,20,37,36,35,36,35,38,36,34,39,42,33,38,41,38,35,36,14,35,27,30,33,39,29,38,35,35,40,13,40,31,34,13,30,36,31,14,42,40,11,41,38,30,19,31,34,34,14,36,36,34,39,13,30,19,32,38,35,42,31,15,35,38,30,43,34,17,33,14,17,37,26,38,43,19,45,27,38,39,19,21,7,37,9,19,36,35,19,38,39,35,16,41,25,21,7,23,29,9,23,35,29,40,34,34,18,32,36,40,39,46,21,19,34,38,43,31,18,14,28,33,35,35,9,44,16,36,39,24,32,32,32,23,16,29,18,35,37,42,19,37,14,32,19,25,34,36,32,16,11,41,31,28,40,39,28,29,23,33,29,28,35,27,39,37,20,33,30,33,12,13,30,37,35,36,28,33,32,13,33,34,34,37,12,34,45,21,37,13,20,31,41,36,21,11,39,36,34,40,37,14,31,22,10,23,44,39,35,33,30,41,34,33,18,40,34,32,31,31,31,36,36,34,33,41,28,41,37,36,41,13,33,14,38,42,43,34,11,36,38,17,39,28,28,21,38,39,40,45,35,33,38,40,31,14,36,37,37,31,44,38,39,34,9,30,38,30,42,20,44,28,15,42,22,33,38,39,37,36,21,33,30,41,15,30,25,29,35,18,38,38,42,36,36,33,36,13,44,25,42,37,31,32,31,40,41,24,33,28,19,39,18,31,36,29,20,16,34,29,17,38,34,35,12,30,31,11,35,13,35,36,25,16,41,10,34,14,16,13,43,39,40,25,14,37,32,29,14,15,29,17,46,16,13,43,30,36,26,42,40,38,38,43,36,18,19,31,33,12,39,34,16,38,29,30,9,31,26,23,19,36,36,12,36,12,41,33,37,31,16,28,36,36,36,35,37,37,22,15,15,35,22,17,38,31,32,35,36,39,16,35,15,39,44,40,47,34,30,37,10,17,39,45,44,41,34,32,17,38,39,11,36,35,20,34,29,37,28,37,39,28,36,37,36,16,38,36,35,29,38,38,39,33,33,20,20,38,43,14,41,34,27,35,26,35,37,28,47,39,34,17,36,15,39,12,48,32,29,38,29,37,37,16,38,14,40,30,15,39,33,35,34,31,35,46,39,39,32,39,35,28,33,32,14,14,34,34,30,36,21,36,34,43,17,46,29,36,34,19,37,12,32,15,15,36,38,45,34,36,10,39,17,31,38,32,12,27,34,33,34,14,33,36,13,35,21,36,38,36,15,22,34,35,23,30,15,33,33,44,42,34,30,43,33,35,17,29,30,38,33,32,32,42,13,34,37,18,35,9,33,13,21,17,18,29,38,35,40,33,43,15,33,12,12,36,34,42,16,28,30,42,15,15,25,35,28,39,33,36,34,34,13,27,37,23,26,30,39,17,32,14,33,17,11,37,30,39,13,25,23,36,35,35,18,42,31,10,32,44,40,39,17,33,15,20,49,35,32,36,31,14,30,31,37,34,36,38,45,40,36,33,13,38,16,33,29,35,40,20,41,30,31,40,32,36,38,40,36,28,25,36,37,36,31,15,36,11,18,36,33,33,40,37,36,13,30,25,15,11,29,13,36,35,33,21,28,12,41,20,35,23,17,17,38,33,31,33,37,44,38,26,28,34,14,45,41,16,36,28,16,36,37,11,15,28,35,34,36,37,36,34,33,30,33,31,43,35,31,37,14,36,15,34,37,38,28,18,30,37,22,35,28,35,30,41,35,40,37,32,14,23,14,27,14,23,35,22,32,19,16,25,37,32,18,33,16,14,35,14,18,39,32,9,41,30,33,37,39,38,32,41,16,17
