ctrial,ge,cn,cchain_size,cname
1,0.0389284845087416,250,10000,Gn
1,0.0389930276405923,10,10000,Gn
1,1.46607384606838,10,10000,Tn
2,0.0384766778319883,10,10000,Gn
2,1.46525112062405,10,10000,Tn
