Initializing NUTS using jitter+adapt_diag...
Initializing NUTS using jitter+adapt_diag...
Initializing NUTS using jitter+adapt_diag...
Initializing NUTS using jitter+adapt_diag...
Initializing NUTS using jitter+adapt_diag...
Initializing NUTS using jitter+adapt_diag...
Multiprocess sampling (10 chains in 10 jobs)
NUTS: [weights, mus, like]
Multiprocess sampling (10 chains in 10 jobs)
NUTS: [weights, mus, like]
Multiprocess sampling (10 chains in 10 jobs)
NUTS: [weights, mus, like]
Multiprocess sampling (10 chains in 10 jobs)
NUTS: [weights, mus, like]
Multiprocess sampling (10 chains in 10 jobs)
NUTS: [weights, mus, like]
Multiprocess sampling (10 chains in 10 jobs)
NUTS: [weights, mus, like]
╭───────────────────── Traceback (most recent call last) ──────────────────────╮
│ /mnt/hpc/work/kdruscit/singular-learning-theory/code/python/estimation/mixno │
│ rm/ksigma/main.py:92 in rlctx                                                │
│                                                                              │
│    89 │   idata = None                                                       │
│    90 │   with model:                                                        │
│    91 │   │   print(pymc_progressbar)                                        │
│ ❱  92 │   │   idata = pm.sample(draws=pymc_draws,                            │
│    93 │   │   │   │   │   │     tune=pymc_tune,                              │
│    94 │   │   │   │   │   │     chains=pymc_chains,                          │
│    95 │   │   │   │   │   │     cores=pymc_cores,                            │
│                                                                              │
│ ╭───────────────────────────────── locals ─────────────────────────────────╮ │
│ │                     az = <module 'arviz' from                            │ │
│ │                          '/mnt/hpc/work/kdruscit/singular-learning-theo… │ │
│ │                  idata = None                                            │ │
│ │ invtemp_scaling_factor = 1                                               │ │
│ │ mean_prior_cov_scaling = 4.0                                             │ │
│ │     mixture_components = 3                                               │ │
│ │                  model = <pymc.model.core.Model object at                │ │
│ │                          0x7f7cba5459c0>                                 │ │
│ │                      n = 100                                             │ │
│ │                     np = <module 'numpy' from                            │ │
│ │                          '/mnt/hpc/work/kdruscit/singular-learning-theo… │ │
│ │                pathstr = 'estimation/mixnorm/ksigma/data/observations/n… │ │
│ │                     pm = <module 'pymc' from                             │ │
│ │                          '/mnt/hpc/work/kdruscit/singular-learning-theo… │ │
│ │                     pt = <module 'pytensor' from                         │ │
│ │                          '/mnt/hpc/work/kdruscit/singular-learning-theo… │ │
│ │            pymc_chains = 10                                              │ │
│ │             pymc_cores = 10                                              │ │
│ │             pymc_draws = 1000                                            │ │
│ │       pymc_progressbar = False                                           │ │
│ │              pymc_tune = 1000                                            │ │
│ │              targetdir = '.'                                             │ │
│ │                 x_data = array([ 0.5418459 ,  0.0564247 , -1.50166618,   │ │
│ │                          0.23482283,  0.51874431,                        │ │
│ │                          │   │   0.46099198, -0.33490282,  1.24580097,   │ │
│ │                          -0.55013189, -1.54668546,                       │ │
│ │                          │      -0.76314938,  1.61260858, -1.06255542,   │ │
│ │                          -0.11514613, -0.88456432,                       │ │
│ │                          │   │   1.05967827, -1.00333253,  1.51539862,   │ │
│ │                          0.13981142,  0.34138647,                        │ │
│ │                          │      -1.74609383, -0.01991043, -0.2600681 ,   │ │
│ │                          0.26009384,  0.65216452,                        │ │
│ │                          │   │   0.25723645, -2.71286086,  0.21354227,   │ │
│ │                          -0.62661571, -0.83970704,                       │ │
│ │                          │   │   1.110821  , -0.70688454,  1.15953556,   │ │
│ │                          -0.54798849,  0.39061678,                       │ │
│ │                          │   │   0.23423252,  0.26927806,  0.82810118,   │ │
│ │                          0.77147089,  0.21112086,                        │ │
│ │                          │      -0.46874449,  0.82390541,  0.88348432,   │ │
│ │                          0.29695891,  0.20271367,                        │ │
│ │                          │   │   0.50031774,  0.2039249 ,  1.34086154,   │ │
│ │                          -0.9212274 ,  1.09580553,                       │ │
│ │                          │      -0.17727303, -0.17224081,  1.57957521,   │ │
│ │                          0.30258116,  0.70626166,                        │ │
│ │                          │   │   0.49427457,  0.01955391,  0.74710658,   │ │
│ │                          1.96995004,  0.33375395,                        │ │
│ │                          │      -1.01397341, -1.07910027,  1.25701143,   │ │
│ │                          0.24255672, -1.10963898,                        │ │
│ │                          │   │   1.48861878, -0.5056098 , -1.45928526,   │ │
│ │                          0.66896881,  0.11573986,                        │ │
│ │                          │   │   0.26927449, -0.08296203,  0.76957661,   │ │
│ │                          0.88559302,  0.77064137,                        │ │
│ │                          │      -0.88364126, -0.65935407,  0.73094601,   │ │
│ │                          1.28460333, -0.21424996,                        │ │
│ │                          │      -0.43243754,  1.27567983, -0.86244216,   │ │
│ │                          -0.29486898,  0.22619302,                       │ │
│ │                          │      -1.00865678,  0.81319033, -0.59567051,   │ │
│ │                          -0.19275418, -1.1536697 ,                       │ │
│ │                          │      -0.95220855,  0.21240703,  1.93505729,   │ │
│ │                          0.60235799,  0.81021319,                        │ │
│ │                          │      -0.43218366, -0.42909328, -0.25235026,   │ │
│ │                          0.66392117, -0.05602128])                       │ │
│ ╰──────────────────────────────────────────────────────────────────────────╯ │
│                                                                              │
│ /mnt/hpc/work/kdruscit/singular-learning-theory/code/python/.venv/lib/python │
│ 3.10/site-packages/pymc/sampling/mcmc.py:935 in sample                       │
│                                                                              │
│    932 │   │   _log.info(f"Multiprocess sampling ({chains} chains in {cores} │
│    933 │   │   _print_step_hierarchy(step)                                   │
│    934 │   │   try:                                                          │
│ ❱  935 │   │   │   _mp_sample(**sample_args, **parallel_args)                │
│    936 │   │   except pickle.PickleError:                                    │
│    937 │   │   │   _log.warning("Could not pickle model, sampling singlethre │
│    938 │   │   │   _log.debug("Pickling error:", exc_info=True)              │
│                                                                              │
│ ╭───────────────────────────────── locals ─────────────────────────────────╮ │
│ │                 blas_cores = 10                                          │ │
│ │                   callback = <estimation.mixnorm.ksigma.pymc_tools.Clus… │ │
│ │                              object at 0x7f7cb39a6320>                   │ │
│ │                     chains = 10                                          │ │
│ │             compile_kwargs = None                                        │ │
│ │ compute_convergence_checks = True                                        │ │
│ │                      cores = 10                                          │ │
│ │      discard_tuned_samples = True                                        │ │
│ │                      draws = 1000                                        │ │
│ │             exclusive_nuts = True                                        │ │
│ │    has_population_samplers = np.False_                                   │ │
│ │               idata_kwargs = None                                        │ │
│ │                       init = 'auto'                                      │ │
│ │             initial_points = [                                           │ │
│ │                              │   {                                       │ │
│ │                              │   │   'weights_simplex__': array([        │ │
│ │                              0.52100678, -0.76104583]),                  │ │
│ │                              │   │   'mus': array([ 0.69602347,          │ │
│ │                              -0.56220384,  0.30529469]),                 │ │
│ │                              │   │   'like': array(-0.17678112)          │ │
│ │                              │   },                                      │ │
│ │                              │   {                                       │ │
│ │                              │   │   'weights_simplex__':                │ │
│ │                              array([0.39244187, 0.4412952 ]),            │ │
│ │                              │   │   'mus': array([ 0.31635933,          │ │
│ │                              0.80715296, -0.52210342]),                  │ │
│ │                              │   │   'like': array(0.4976754)            │ │
│ │                              │   },                                      │ │
│ │                              │   {                                       │ │
│ │                              │   │   'weights_simplex__':                │ │
│ │                              array([-0.22802617, -0.76331585]),          │ │
│ │                              │   │   'mus': array([-0.06177138,          │ │
│ │                              0.93223506, -0.88937751]),                  │ │
│ │                              │   │   'like': array(-0.14938069)          │ │
│ │                              │   },                                      │ │
│ │                              │   {                                       │ │
│ │                              │   │   'weights_simplex__':                │ │
│ │                              array([-0.2114821 ,  0.36440691]),          │ │
│ │                              │   │   'mus': array([0.69206398,           │ │
│ │                              0.88430715, 0.5521449 ]),                   │ │
│ │                              │   │   'like': array(-0.15843777)          │ │
│ │                              │   },                                      │ │
│ │                              │   {                                       │ │
│ │                              │   │   'weights_simplex__':                │ │
│ │                              array([-0.07045542,  0.00266132]),          │ │
│ │                              │   │   'mus': array([ 0.70329003,          │ │
│ │                              -0.34262152, -0.25270552]),                 │ │
│ │                              │   │   'like': array(0.36589865)           │ │
│ │                              │   },                                      │ │
│ │                              │   {                                       │ │
│ │                              │   │   'weights_simplex__': array([        │ │
│ │                              0.66626651, -0.83028104]),                  │ │
│ │                              │   │   'mus': array([ 0.66553991,          │ │
│ │                              -0.04954422, -0.86912075]),                 │ │
│ │                              │   │   'like': array(0.38539382)           │ │
│ │                              │   },                                      │ │
│ │                              │   {                                       │ │
│ │                              │   │   'weights_simplex__':                │ │
│ │                              array([-0.13995509,  0.60067489]),          │ │
│ │                              │   │   'mus': array([ 0.30680475,          │ │
│ │                              -0.41872454,  0.28685427]),                 │ │
│ │                              │   │   'like': array(-0.2259156)           │ │
│ │                              │   },                                      │ │
│ │                              │   {                                       │ │
│ │                              │   │   'weights_simplex__':                │ │
│ │                              array([-0.13860328, -0.57925356]),          │ │
│ │                              │   │   'mus': array([ 0.5788059 ,          │ │
│ │                              -0.83547486,  0.90260918]),                 │ │
│ │                              │   │   'like': array(0.92415797)           │ │
│ │                              │   },                                      │ │
│ │                              │   {                                       │ │
│ │                              │   │   'weights_simplex__': array([        │ │
│ │                              0.067908  , -0.95205034]),                  │ │
│ │                              │   │   'mus': array([-0.24074997,          │ │
│ │                              0.78196759,  0.08249863]),                  │ │
│ │                              │   │   'like': array(0.60187142)           │ │
│ │                              │   },                                      │ │
│ │                              │   {                                       │ │
│ │                              │   │   'weights_simplex__':                │ │
│ │                              array([0.25367166, 0.53592738]),            │ │
│ │                              │   │   'mus': array([0.64952317,           │ │
│ │                              0.40924128, 0.52695582]),                   │ │
│ │                              │   │   'like': array(1.20464359)           │ │
│ │                              │   }                                       │ │
│ │                              ]                                           │ │
│ │                   initvals = None                                        │ │
│ │         jitter_max_retries = 10                                          │ │
│ │          keep_warning_stat = False                                       │ │
│ │                     kwargs = {                                           │ │
│ │                              │   'max_treedepth': 50,                    │ │
│ │                              │   'target_accept': 0.995                  │ │
│ │                              }                                           │ │
│ │                      model = <pymc.model.core.Model object at            │ │
│ │                              0x7f7cba5459c0>                             │ │
│ │                     mp_ctx = None                                        │ │
│ │                     n_init = 200000                                      │ │
│ │   num_blas_cores_per_chain = 1                                           │ │
│ │                nuts_kwargs = {'target_accept': 0.995}                    │ │
│ │               nuts_sampler = 'pymc'                                      │ │
│ │        nuts_sampler_kwargs = {}                                          │ │
│ │                   parallel = True                                        │ │
│ │              parallel_args = {'mp_ctx': None, 'blas_cores': 1}           │ │
│ │              progress_bool = False                                       │ │
│ │                progressbar = False                                       │ │
│ │          progressbar_theme = None                                        │ │
│ │             provided_steps = []                                          │ │
│ │                random_seed = None                                        │ │
│ │           random_seed_list = [                                           │ │
│ │                              │   np.int64(525953304),                    │ │
│ │                              │   np.int64(193472526),                    │ │
│ │                              │   np.int64(83104182),                     │ │
│ │                              │   np.int64(1046014091),                   │ │
│ │                              │   np.int64(583352885),                    │ │
│ │                              │   np.int64(467722753),                    │ │
│ │                              │   np.int64(199337165),                    │ │
│ │                              │   np.int64(895415755),                    │ │
│ │                              │   np.int64(473452326),                    │ │
│ │                              │   np.int64(445126708)                     │ │
│ │                              ]                                           │ │
│ │       return_inferencedata = True                                        │ │
│ │                       rngs = [                                           │ │
│ │                              │   Generator(PCG64) at 0x7F7CBA48E420,     │ │
│ │                              │   Generator(PCG64) at 0x7F7CBA48E340,     │ │
│ │                              │   Generator(PCG64) at 0x7F7CBA48E0A0,     │ │
│ │                              │   Generator(PCG64) at 0x7F7CBA48E180,     │ │
│ │                              │   Generator(PCG64) at 0x7F7CBA48DEE0,     │ │
│ │                              │   Generator(PCG64) at 0x7F7CBA48DFC0,     │ │
│ │                              │   Generator(PCG64) at 0x7F7CBA48DA80,     │ │
│ │                              │   Generator(PCG64) at 0x7F7CBA48DD20,     │ │
│ │                              │   Generator(PCG64) at 0x7F7CBA48DB60,     │ │
│ │                              │   Generator(PCG64) at 0x7F7CBA48DE00      │ │
│ │                              ]                                           │ │
│ │                        run = None                                        │ │
│ │                sample_args = {                                           │ │
│ │                              │   'draws': 2000,                          │ │
│ │                              │   'step':                                 │ │
│ │                              <pymc.step_methods.hmc.nuts.NUTS object at  │ │
│ │                              0x7f7ca7d03a60>,                            │ │
│ │                              │   'start': [                              │ │
│ │                              │   │   {                                   │ │
│ │                              │   │   │   'weights_simplex__': array([    │ │
│ │                              0.52100678, -0.76104583]),                  │ │
│ │                              │   │   │   'mus': array([ 0.69602347,      │ │
│ │                              -0.56220384,  0.30529469]),                 │ │
│ │                              │   │   │   'like': array(-0.17678112)      │ │
│ │                              │   │   },                                  │ │
│ │                              │   │   {                                   │ │
│ │                              │   │   │   'weights_simplex__':            │ │
│ │                              array([0.39244187, 0.4412952 ]),            │ │
│ │                              │   │   │   'mus': array([ 0.31635933,      │ │
│ │                              0.80715296, -0.52210342]),                  │ │
│ │                              │   │   │   'like': array(0.4976754)        │ │
│ │                              │   │   },                                  │ │
│ │                              │   │   {                                   │ │
│ │                              │   │   │   'weights_simplex__':            │ │
│ │                              array([-0.22802617, -0.76331585]),          │ │
│ │                              │   │   │   'mus': array([-0.06177138,      │ │
│ │                              0.93223506, -0.88937751]),                  │ │
│ │                              │   │   │   'like': array(-0.14938069)      │ │
│ │                              │   │   },                                  │ │
│ │                              │   │   {                                   │ │
│ │                              │   │   │   'weights_simplex__':            │ │
│ │                              array([-0.2114821 ,  0.36440691]),          │ │
│ │                              │   │   │   'mus': array([0.69206398,       │ │
│ │                              0.88430715, 0.5521449 ]),                   │ │
│ │                              │   │   │   'like': array(-0.15843777)      │ │
│ │                              │   │   },                                  │ │
│ │                              │   │   {                                   │ │
│ │                              │   │   │   'weights_simplex__':            │ │
│ │                              array([-0.07045542,  0.00266132]),          │ │
│ │                              │   │   │   'mus': array([ 0.70329003,      │ │
│ │                              -0.34262152, -0.25270552]),                 │ │
│ │                              │   │   │   'like': array(0.36589865)       │ │
│ │                              │   │   },                                  │ │
│ │                              │   │   {                                   │ │
│ │                              │   │   │   'weights_simplex__': array([    │ │
│ │                              0.66626651, -0.83028104]),                  │ │
│ │                              │   │   │   'mus': array([ 0.66553991,      │ │
│ │                              -0.04954422, -0.86912075]),                 │ │
│ │                              │   │   │   'like': array(0.38539382)       │ │
│ │                              │   │   },                                  │ │
│ │                              │   │   {                                   │ │
│ │                              │   │   │   'weights_simplex__':            │ │
│ │                              array([-0.13995509,  0.60067489]),          │ │
│ │                              │   │   │   'mus': array([ 0.30680475,      │ │
│ │                              -0.41872454,  0.28685427]),                 │ │
│ │                              │   │   │   'like': array(-0.2259156)       │ │
│ │                              │   │   },                                  │ │
│ │                              │   │   {                                   │ │
│ │                              │   │   │   'weights_simplex__':            │ │
│ │                              array([-0.13860328, -0.57925356]),          │ │
│ │                              │   │   │   'mus': array([ 0.5788059 ,      │ │
│ │                              -0.83547486,  0.90260918]),                 │ │
│ │                              │   │   │   'like': array(0.92415797)       │ │
│ │                              │   │   },                                  │ │
│ │                              │   │   {                                   │ │
│ │                              │   │   │   'weights_simplex__': array([    │ │
│ │                              0.067908  , -0.95205034]),                  │ │
│ │                              │   │   │   'mus': array([-0.24074997,      │ │
│ │                              0.78196759,  0.08249863]),                  │ │
│ │                              │   │   │   'like': array(0.60187142)       │ │
│ │                              │   │   },                                  │ │
│ │                              │   │   {                                   │ │
│ │                              │   │   │   'weights_simplex__':            │ │
│ │                              array([0.25367166, 0.53592738]),            │ │
│ │                              │   │   │   'mus': array([0.64952317,       │ │
│ │                              0.40924128, 0.52695582]),                   │ │
│ │                              │   │   │   'like': array(1.20464359)       │ │
│ │                              │   │   }                                   │ │
│ │                              │   ],                                      │ │
│ │                              │   'traces': [                             │ │
│ │                              │   │   <pymc.backends.ndarray.NDArray      │ │
│ │                              object at 0x7f7cb08bb190>,                  │ │
│ │                              │   │   <pymc.backends.ndarray.NDArray      │ │
│ │                              object at 0x7f7ca83f4100>,                  │ │
│ │                              │   │   <pymc.backends.ndarray.NDArray      │ │
│ │                              object at 0x7f7cb0649d20>,                  │ │
│ │                              │   │   <pymc.backends.ndarray.NDArray      │ │
│ │                              object at 0x7f7cb3b6f310>,                  │ │
│ │                              │   │   <pymc.backends.ndarray.NDArray      │ │
│ │                              object at 0x7f7cb30244f0>,                  │ │
│ │                              │   │   <pymc.backends.ndarray.NDArray      │ │
│ │                              object at 0x7f7cb3024970>,                  │ │
│ │                              │   │   <pymc.backends.ndarray.NDArray      │ │
│ │                              object at 0x7f7ca7ffbf40>,                  │ │
│ │                              │   │   <pymc.backends.ndarray.NDArray      │ │
│ │                              object at 0x7f7ca8381c00>,                  │ │
│ │                              │   │   <pymc.backends.ndarray.NDArray      │ │
│ │                              object at 0x7f7ca8383310>,                  │ │
│ │                              │   │   <pymc.backends.ndarray.NDArray      │ │
│ │                              object at 0x7f7cb06adb70>                   │ │
│ │                              │   ],                                      │ │
│ │                              │   'chains': 10,                           │ │
│ │                              │   'tune': 1000,                           │ │
│ │                              │   'var_names': None,                      │ │
│ │                              │   'progressbar': False,                   │ │
│ │                              │   'progressbar_theme': None,              │ │
│ │                              │   'model': <pymc.model.core.Model object  │ │
│ │                              at 0x7f7cba5459c0>,                         │ │
│ │                              │   ... +6                                  │ │
│ │                              }                                           │ │
│ │             selected_steps = {                                           │ │
│ │                              │   <class                                  │ │
│ │                              'pymc.step_methods.hmc.nuts.NUTS'>: [       │ │
│ │                              │   │   weights_simplex__,                  │ │
│ │                              │   │   mus,                                │ │
│ │                              │   │   like                                │ │
│ │                              │   ]                                       │ │
│ │                              }                                           │ │
│ │                       step = <pymc.step_methods.hmc.nuts.NUTS object at  │ │
│ │                              0x7f7ca7d03a60>                             │ │
│ │                    t_start = 1752861173.654753                           │ │
│ │                      trace = None                                        │ │
│ │                 trace_vars = None                                        │ │
│ │                     traces = [                                           │ │
│ │                              │   <pymc.backends.ndarray.NDArray object   │ │
│ │                              at 0x7f7cb08bb190>,                         │ │
│ │                              │   <pymc.backends.ndarray.NDArray object   │ │
│ │                              at 0x7f7ca83f4100>,                         │ │
│ │                              │   <pymc.backends.ndarray.NDArray object   │ │
│ │                              at 0x7f7cb0649d20>,                         │ │
│ │                              │   <pymc.backends.ndarray.NDArray object   │ │
│ │                              at 0x7f7cb3b6f310>,                         │ │
│ │                              │   <pymc.backends.ndarray.NDArray object   │ │
│ │                              at 0x7f7cb30244f0>,                         │ │
│ │                              │   <pymc.backends.ndarray.NDArray object   │ │
│ │                              at 0x7f7cb3024970>,                         │ │
│ │                              │   <pymc.backends.ndarray.NDArray object   │ │
│ │                              at 0x7f7ca7ffbf40>,                         │ │
│ │                              │   <pymc.backends.ndarray.NDArray object   │ │
│ │                              at 0x7f7ca8381c00>,                         │ │
│ │                              │   <pymc.backends.ndarray.NDArray object   │ │
│ │                              at 0x7f7ca8383310>,                         │ │
│ │                              │   <pymc.backends.ndarray.NDArray object   │ │
│ │                              at 0x7f7cb06adb70>                          │ │
│ │                              ]                                           │ │
│ │                       tune = 1000                                        │ │
│ │                  var_names = None                                        │ │
│ ╰──────────────────────────────────────────────────────────────────────────╯ │
│                                                                              │
│ /mnt/hpc/work/kdruscit/singular-learning-theory/code/python/.venv/lib/python │
│ 3.10/site-packages/pymc/sampling/mcmc.py:1419 in _mp_sample                  │
│                                                                              │
│   1416 │   │   │   │   │   log_warning_stats(draw.stats)                     │
│   1417 │   │   │   │   │                                                     │
│   1418 │   │   │   │   │   if callback is not None:                          │
│ ❱ 1419 │   │   │   │   │   │   callback(trace=strace, draw=draw)             │
│   1420 │   │                                                                 │
│   1421 │   │   except ps.ParallelSamplingError as error:                     │
│   1422 │   │   │   for strace in traces:                                     │
│                                                                              │
│ ╭───────────────────────────────── locals ─────────────────────────────────╮ │
│ │        blas_cores = 1                                                    │ │
│ │          callback = <estimation.mixnorm.ksigma.pymc_tools.ClusterFriend… │ │
│ │                     object at 0x7f7cb39a6320>                            │ │
│ │            chains = 10                                                   │ │
│ │             cores = 10                                                   │ │
│ │              draw = Draw(                                                │ │
│ │                     │   chain=4,                                         │ │
│ │                     │   is_last=False,                                   │ │
│ │                     │   draw_idx=1249,                                   │ │
│ │                     │   tuning=False,                                    │ │
│ │                     │   stats=[                                          │ │
│ │                     │   │   {                                            │ │
│ │                     │   │   │   'tune': False,                           │ │
│ │                     │   │   │   'diverging': False,                      │ │
│ │                     │   │   │   'perf_counter_diff':                     │ │
│ │                     0.02623312594369054,                                 │ │
│ │                     │   │   │   'process_time_diff':                     │ │
│ │                     0.010233554999999228,                                │ │
│ │                     │   │   │   'perf_counter_start': 1293999.906701307, │ │
│ │                     │   │   │   'warning': None,                         │ │
│ │                     │   │   │   'depth': 6,                              │ │
│ │                     │   │   │   'mean_tree_accept':                      │ │
│ │                     np.float64(0.9796837297206289),                      │ │
│ │                     │   │   │   'energy_error':                          │ │
│ │                     np.float64(0.03747518921219495),                     │ │
│ │                     │   │   │   'energy': np.float64(50.24931534043016), │ │
│ │                     │   │   │   ... +9                                   │ │
│ │                     │   │   }                                            │ │
│ │                     │   ],                                               │ │
│ │                     │   point={                                          │ │
│ │                     │   │   'weights_simplex__': array([3.81468483,      │ │
│ │                     1.96801499]),                                        │ │
│ │                     │   │   'mus': array([-0.59604554,  0.700826  ,      │ │
│ │                     -4.0224086 ]),                                       │ │
│ │                     │   │   'like': array(-0.2652105)                    │ │
│ │                     │   }                                                │ │
│ │                     )                                                    │ │
│ │             draws = 1000                                                 │ │
│ │            kwargs = {                                                    │ │
│ │                     │   'var_names': None,                               │ │
│ │                     │   'discard_tuned_samples': True,                   │ │
│ │                     │   'max_treedepth': 50,                             │ │
│ │                     │   'target_accept': 0.995                           │ │
│ │                     }                                                    │ │
│ │             model = <pymc.model.core.Model object at 0x7f7cba5459c0>     │ │
│ │            mp_ctx = None                                                 │ │
│ │       progressbar = False                                                │ │
│ │ progressbar_theme = None                                                 │ │
│ │                ps = <module 'pymc.sampling.parallel' from                │ │
│ │                     '/mnt/hpc/work/kdruscit/singular-learning-theory/co… │ │
│ │              rngs = [                                                    │ │
│ │                     │   Generator(PCG64) at 0x7F7CBA48E420,              │ │
│ │                     │   Generator(PCG64) at 0x7F7CBA48E340,              │ │
│ │                     │   Generator(PCG64) at 0x7F7CBA48E0A0,              │ │
│ │                     │   Generator(PCG64) at 0x7F7CBA48E180,              │ │
│ │                     │   Generator(PCG64) at 0x7F7CBA48DEE0,              │ │
│ │                     │   Generator(PCG64) at 0x7F7CBA48DFC0,              │ │
│ │                     │   Generator(PCG64) at 0x7F7CBA48DA80,              │ │
│ │                     │   Generator(PCG64) at 0x7F7CBA48DD20,              │ │
│ │                     │   Generator(PCG64) at 0x7F7CBA48DB60,              │ │
│ │                     │   Generator(PCG64) at 0x7F7CBA48DE00               │ │
│ │                     ]                                                    │ │
│ │           sampler = <pymc.sampling.parallel.ParallelSampler object at    │ │
│ │                     0x7f7cb08bb280>                                      │ │
│ │             start = [                                                    │ │
│ │                     │   {                                                │ │
│ │                     │   │   'weights_simplex__': array([ 0.52100678,     │ │
│ │                     -0.76104583]),                                       │ │
│ │                     │   │   'mus': array([ 0.69602347, -0.56220384,      │ │
│ │                     0.30529469]),                                        │ │
│ │                     │   │   'like': array(-0.17678112)                   │ │
│ │                     │   },                                               │ │
│ │                     │   {                                                │ │
│ │                     │   │   'weights_simplex__': array([0.39244187,      │ │
│ │                     0.4412952 ]),                                        │ │
│ │                     │   │   'mus': array([ 0.31635933,  0.80715296,      │ │
│ │                     -0.52210342]),                                       │ │
│ │                     │   │   'like': array(0.4976754)                     │ │
│ │                     │   },                                               │ │
│ │                     │   {                                                │ │
│ │                     │   │   'weights_simplex__': array([-0.22802617,     │ │
│ │                     -0.76331585]),                                       │ │
│ │                     │   │   'mus': array([-0.06177138,  0.93223506,      │ │
│ │                     -0.88937751]),                                       │ │
│ │                     │   │   'like': array(-0.14938069)                   │ │
│ │                     │   },                                               │ │
│ │                     │   {                                                │ │
│ │                     │   │   'weights_simplex__': array([-0.2114821 ,     │ │
│ │                     0.36440691]),                                        │ │
│ │                     │   │   'mus': array([0.69206398, 0.88430715,        │ │
│ │                     0.5521449 ]),                                        │ │
│ │                     │   │   'like': array(-0.15843777)                   │ │
│ │                     │   },                                               │ │
│ │                     │   {                                                │ │
│ │                     │   │   'weights_simplex__': array([-0.07045542,     │ │
│ │                     0.00266132]),                                        │ │
│ │                     │   │   'mus': array([ 0.70329003, -0.34262152,      │ │
│ │                     -0.25270552]),                                       │ │
│ │                     │   │   'like': array(0.36589865)                    │ │
│ │                     │   },                                               │ │
│ │                     │   {                                                │ │
│ │                     │   │   'weights_simplex__': array([ 0.66626651,     │ │
│ │                     -0.83028104]),                                       │ │
│ │                     │   │   'mus': array([ 0.66553991, -0.04954422,      │ │
│ │                     -0.86912075]),                                       │ │
│ │                     │   │   'like': array(0.38539382)                    │ │
│ │                     │   },                                               │ │
│ │                     │   {                                                │ │
│ │                     │   │   'weights_simplex__': array([-0.13995509,     │ │
│ │                     0.60067489]),                                        │ │
│ │                     │   │   'mus': array([ 0.30680475, -0.41872454,      │ │
│ │                     0.28685427]),                                        │ │
│ │                     │   │   'like': array(-0.2259156)                    │ │
│ │                     │   },                                               │ │
│ │                     │   {                                                │ │
│ │                     │   │   'weights_simplex__': array([-0.13860328,     │ │
│ │                     -0.57925356]),                                       │ │
│ │                     │   │   'mus': array([ 0.5788059 , -0.83547486,      │ │
│ │                     0.90260918]),                                        │ │
│ │                     │   │   'like': array(0.92415797)                    │ │
│ │                     │   },                                               │ │
│ │                     │   {                                                │ │
│ │                     │   │   'weights_simplex__': array([ 0.067908  ,     │ │
│ │                     -0.95205034]),                                       │ │
│ │                     │   │   'mus': array([-0.24074997,  0.78196759,      │ │
│ │                     0.08249863]),                                        │ │
│ │                     │   │   'like': array(0.60187142)                    │ │
│ │                     │   },                                               │ │
│ │                     │   {                                                │ │
│ │                     │   │   'weights_simplex__': array([0.25367166,      │ │
│ │                     0.53592738]),                                        │ │
│ │                     │   │   'mus': array([0.64952317, 0.40924128,        │ │
│ │                     0.52695582]),                                        │ │
│ │                     │   │   'like': array(1.20464359)                    │ │
│ │                     │   }                                                │ │
│ │                     ]                                                    │ │
│ │              step = <pymc.step_methods.hmc.nuts.NUTS object at           │ │
│ │                     0x7f7ca7d03a60>                                      │ │
│ │            strace = <pymc.backends.ndarray.NDArray object at             │ │
│ │                     0x7f7cb06adb70>                                      │ │
│ │            traces = [                                                    │ │
│ │                     │   <pymc.backends.ndarray.NDArray object at         │ │
│ │                     0x7f7cb08bb190>,                                     │ │
│ │                     │   <pymc.backends.ndarray.NDArray object at         │ │
│ │                     0x7f7ca83f4100>,                                     │ │
│ │                     │   <pymc.backends.ndarray.NDArray object at         │ │
│ │                     0x7f7cb0649d20>,                                     │ │
│ │                     │   <pymc.backends.ndarray.NDArray object at         │ │
│ │                     0x7f7cb3b6f310>,                                     │ │
│ │                     │   <pymc.backends.ndarray.NDArray object at         │ │
│ │                     0x7f7cb30244f0>,                                     │ │
│ │                     │   <pymc.backends.ndarray.NDArray object at         │ │
│ │                     0x7f7cb3024970>,                                     │ │
│ │                     │   <pymc.backends.ndarray.NDArray object at         │ │
│ │                     0x7f7ca7ffbf40>,                                     │ │
│ │                     │   <pymc.backends.ndarray.NDArray object at         │ │
│ │                     0x7f7ca8381c00>,                                     │ │
│ │                     │   <pymc.backends.ndarray.NDArray object at         │ │
│ │                     0x7f7ca8383310>,                                     │ │
│ │                     │   <pymc.backends.ndarray.NDArray object at         │ │
│ │                     0x7f7cb06adb70>                                      │ │
│ │                     ]                                                    │ │
│ │              tune = 1000                                                 │ │
│ │       zarr_chains = None                                                 │ │
│ │    zarr_recording = False                                                │ │
│ ╰──────────────────────────────────────────────────────────────────────────╯ │
│                                                                              │
│ /mnt/hpc/work/kdruscit/singular-learning-theory/code/python/estimation/mixno │
│ rm/ksigma/pymc_tools.py:45 in __call__                                       │
│                                                                              │
│   42 │   │   │   # print(trace.report)                                       │
│   43 │   │   │                                                               │
│   44 │   │   │   multitrace = MultiTrace(list(self.traces.values()))         │
│ ❱ 45 │   │   │   if rhat(multitrace).to_array().max() < self.max_rhat:       │
│   46 │   │   │   │   raise KeyboardInterrupt                                 │
│   47                                                                         │
│   48                                                                         │
│                                                                              │
│ ╭───────────────────────────────── locals ─────────────────────────────────╮ │
│ │   chain_id = 4                                                           │ │
│ │       draw = Draw(                                                       │ │
│ │              │   chain=4,                                                │ │
│ │              │   is_last=False,                                          │ │
│ │              │   draw_idx=1249,                                          │ │
│ │              │   tuning=False,                                           │ │
│ │              │   stats=[                                                 │ │
│ │              │   │   {                                                   │ │
│ │              │   │   │   'tune': False,                                  │ │
│ │              │   │   │   'diverging': False,                             │ │
│ │              │   │   │   'perf_counter_diff': 0.02623312594369054,       │ │
│ │              │   │   │   'process_time_diff': 0.010233554999999228,      │ │
│ │              │   │   │   'perf_counter_start': 1293999.906701307,        │ │
│ │              │   │   │   'warning': None,                                │ │
│ │              │   │   │   'depth': 6,                                     │ │
│ │              │   │   │   'mean_tree_accept':                             │ │
│ │              np.float64(0.9796837297206289),                             │ │
│ │              │   │   │   'energy_error':                                 │ │
│ │              np.float64(0.03747518921219495),                            │ │
│ │              │   │   │   'energy': np.float64(50.24931534043016),        │ │
│ │              │   │   │   ... +9                                          │ │
│ │              │   │   }                                                   │ │
│ │              │   ],                                                      │ │
│ │              │   point={                                                 │ │
│ │              │   │   'weights_simplex__': array([3.81468483,             │ │
│ │              1.96801499]),                                               │ │
│ │              │   │   'mus': array([-0.59604554,  0.700826  , -4.0224086  │ │
│ │              ]),                                                         │ │
│ │              │   │   'like': array(-0.2652105)                           │ │
│ │              │   }                                                       │ │
│ │              )                                                           │ │
│ │ multitrace = <MultiTrace: 10 chains, 1113 iterations, 4 variables>       │ │
│ │ perf_diffs = array([0.00900636, 0.00064232, 0.13552259, ..., 0.        , │ │
│ │              0.        ,                                                 │ │
│ │              │      0.        ], shape=(2000,))                          │ │
│ │       self = <estimation.mixnorm.ksigma.pymc_tools.ClusterFriendlyCallb… │ │
│ │              object at 0x7f7cb39a6320>                                   │ │
│ │ total_time = np.float64(89.22104606102221)                               │ │
│ │      trace = <pymc.backends.ndarray.NDArray object at 0x7f7cb30244f0>    │ │
│ ╰──────────────────────────────────────────────────────────────────────────╯ │
│                                                                              │
│ /mnt/hpc/work/kdruscit/singular-learning-theory/code/python/.venv/lib/python │
│ 3.10/site-packages/arviz/stats/diagnostics.py:334 in rhat                    │
│                                                                              │
│    331 │   │   )                                                             │
│    332 │   │   raise TypeError(msg)                                          │
│    333 │                                                                     │
│ ❱  334 │   dataset = convert_to_dataset(data, group="posterior")             │
│    335 │   var_names = _var_names(var_names, dataset)                        │
│    336 │                                                                     │
│    337 │   dataset = dataset if var_names is None else dataset[var_names]    │
│                                                                              │
│ ╭───────────────────────────────── locals ─────────────────────────────────╮ │
│ │ dask_kwargs = None                                                       │ │
│ │        data = <MultiTrace: 10 chains, 1113 iterations, 4 variables>      │ │
│ │      method = 'rank'                                                     │ │
│ │     methods = {                                                          │ │
│ │               │   'rank': <function _rhat_rank at 0x7f7cb48fdea0>,       │ │
│ │               │   'split': <function _rhat_split at 0x7f7cb48fe050>,     │ │
│ │               │   'folded': <function _rhat_folded at 0x7f7cb48fdf30>,   │ │
│ │               │   'z_scale': <function _rhat_z_scale at 0x7f7cb48fdfc0>, │ │
│ │               │   'identity': <function _rhat_identity at                │ │
│ │               0x7f7cb48fe0e0>                                            │ │
│ │               }                                                          │ │
│ │   var_names = None                                                       │ │
│ ╰──────────────────────────────────────────────────────────────────────────╯ │
│                                                                              │
│ /mnt/hpc/work/kdruscit/singular-learning-theory/code/python/.venv/lib/python │
│ 3.10/site-packages/arviz/data/converters.py:185 in convert_to_dataset        │
│                                                                              │
│   182 │   -------                                                            │
│   183 │   xarray.Dataset                                                     │
│   184 │   """                                                                │
│ ❱ 185 │   inference_data = convert_to_inference_data(obj, group=group, coord │
│   186 │   dataset = getattr(inference_data, group, None)                     │
│   187 │   if dataset is None:                                                │
│   188 │   │   raise ValueError(                                              │
│                                                                              │
│ ╭──────────────────────────── locals ────────────────────────────╮           │
│ │ coords = None                                                  │           │
│ │   dims = None                                                  │           │
│ │  group = 'posterior'                                           │           │
│ │    obj = <MultiTrace: 10 chains, 1113 iterations, 4 variables> │           │
│ ╰────────────────────────────────────────────────────────────────╯           │
│                                                                              │
│ /mnt/hpc/work/kdruscit/singular-learning-theory/code/python/.venv/lib/python │
│ 3.10/site-packages/arviz/data/converters.py:139 in convert_to_inference_data │
│                                                                              │
│   136 │   │   │   "cmdstan fit csv filename",                                │
│   137 │   │   │   "cmdstanpy fit",                                           │
│   138 │   │   )                                                              │
│ ❱ 139 │   │   raise ValueError(                                              │
│   140 │   │   │   f'Can only convert {", ".join(allowable_types)} to Inferen │
│   141 │   │   │   f"not {obj.__class__.__name__}"                            │
│   142 │   │   )                                                              │
│                                                                              │
│ ╭───────────────────────────────── locals ─────────────────────────────────╮ │
│ │ allowable_types = (                                                      │ │
│ │                   │   'xarray dataarray',                                │ │
│ │                   │   'xarray dataset',                                  │ │
│ │                   │   'dict',                                            │ │
│ │                   │   "pytree (if 'dm-tree' is installed)",              │ │
│ │                   │   'netcdf filename',                                 │ │
│ │                   │   'numpy array',                                     │ │
│ │                   │   'pystan fit',                                      │ │
│ │                   │   'emcee fit',                                       │ │
│ │                   │   'pyro mcmc fit',                                   │ │
│ │                   │   'numpyro mcmc fit',                                │ │
│ │                   │   ... +2                                             │ │
│ │                   )                                                      │ │
│ │          coords = None                                                   │ │
│ │            dims = None                                                   │ │
│ │           group = 'posterior'                                            │ │
│ │          kwargs = {                                                      │ │
│ │                   │   'posterior': <MultiTrace: 10 chains, 1113          │ │
│ │                   iterations, 4 variables>,                              │ │
│ │                   │   'coords': None,                                    │ │
│ │                   │   'dims': None                                       │ │
│ │                   }                                                      │ │
│ │             obj = <MultiTrace: 10 chains, 1113 iterations, 4 variables>  │ │
│ ╰──────────────────────────────────────────────────────────────────────────╯ │
╰──────────────────────────────────────────────────────────────────────────────╯
ValueError: Can only convert xarray dataarray, xarray dataset, dict, pytree (if 
'dm-tree' is installed), netcdf filename, numpy array, pystan fit, emcee fit, 
pyro mcmc fit, numpyro mcmc fit, cmdstan fit csv filename, cmdstanpy fit to 
InferenceData, not MultiTrace
srun: error: hpc-pr3-01: task 0: Exited with exit code 1
╭───────────────────── Traceback (most recent call last) ──────────────────────╮
│ /mnt/hpc/work/kdruscit/singular-learning-theory/code/python/estimation/mixno │
│ rm/ksigma/main.py:92 in rlctx                                                │
│                                                                              │
│    89 │   idata = None                                                       │
│    90 │   with model:                                                        │
│    91 │   │   print(pymc_progressbar)                                        │
│ ❱  92 │   │   idata = pm.sample(draws=pymc_draws,                            │
│    93 │   │   │   │   │   │     tune=pymc_tune,                              │
│    94 │   │   │   │   │   │     chains=pymc_chains,                          │
│    95 │   │   │   │   │   │     cores=pymc_cores,                            │
│                                                                              │
│ ╭───────────────────────────────── locals ─────────────────────────────────╮ │
│ │                     az = <module 'arviz' from                            │ │
│ │                          '/mnt/hpc/work/kdruscit/singular-learning-theo… │ │
│ │                  idata = None                                            │ │
│ │ invtemp_scaling_factor = 1                                               │ │
│ │ mean_prior_cov_scaling = 4.0                                             │ │
│ │     mixture_components = 3                                               │ │
│ │                  model = <pymc.model.core.Model object at                │ │
│ │                          0x7ff414c8d9c0>                                 │ │
│ │                      n = 100                                             │ │
│ │                     np = <module 'numpy' from                            │ │
│ │                          '/mnt/hpc/work/kdruscit/singular-learning-theo… │ │
│ │                pathstr = 'estimation/mixnorm/ksigma/data/observations/n… │ │
│ │                     pm = <module 'pymc' from                             │ │
│ │                          '/mnt/hpc/work/kdruscit/singular-learning-theo… │ │
│ │                     pt = <module 'pytensor' from                         │ │
│ │                          '/mnt/hpc/work/kdruscit/singular-learning-theo… │ │
│ │            pymc_chains = 10                                              │ │
│ │             pymc_cores = 10                                              │ │
│ │             pymc_draws = 1000                                            │ │
│ │       pymc_progressbar = False                                           │ │
│ │              pymc_tune = 1000                                            │ │
│ │              targetdir = '.'                                             │ │
│ │                 x_data = array([ 0.5418459 ,  0.0564247 , -1.50166618,   │ │
│ │                          0.23482283,  0.51874431,                        │ │
│ │                          │   │   0.46099198, -0.33490282,  1.24580097,   │ │
│ │                          -0.55013189, -1.54668546,                       │ │
│ │                          │      -0.76314938,  1.61260858, -1.06255542,   │ │
│ │                          -0.11514613, -0.88456432,                       │ │
│ │                          │   │   1.05967827, -1.00333253,  1.51539862,   │ │
│ │                          0.13981142,  0.34138647,                        │ │
│ │                          │      -1.74609383, -0.01991043, -0.2600681 ,   │ │
│ │                          0.26009384,  0.65216452,                        │ │
│ │                          │   │   0.25723645, -2.71286086,  0.21354227,   │ │
│ │                          -0.62661571, -0.83970704,                       │ │
│ │                          │   │   1.110821  , -0.70688454,  1.15953556,   │ │
│ │                          -0.54798849,  0.39061678,                       │ │
│ │                          │   │   0.23423252,  0.26927806,  0.82810118,   │ │
│ │                          0.77147089,  0.21112086,                        │ │
│ │                          │      -0.46874449,  0.82390541,  0.88348432,   │ │
│ │                          0.29695891,  0.20271367,                        │ │
│ │                          │   │   0.50031774,  0.2039249 ,  1.34086154,   │ │
│ │                          -0.9212274 ,  1.09580553,                       │ │
│ │                          │      -0.17727303, -0.17224081,  1.57957521,   │ │
│ │                          0.30258116,  0.70626166,                        │ │
│ │                          │   │   0.49427457,  0.01955391,  0.74710658,   │ │
│ │                          1.96995004,  0.33375395,                        │ │
│ │                          │      -1.01397341, -1.07910027,  1.25701143,   │ │
│ │                          0.24255672, -1.10963898,                        │ │
│ │                          │   │   1.48861878, -0.5056098 , -1.45928526,   │ │
│ │                          0.66896881,  0.11573986,                        │ │
│ │                          │   │   0.26927449, -0.08296203,  0.76957661,   │ │
│ │                          0.88559302,  0.77064137,                        │ │
│ │                          │      -0.88364126, -0.65935407,  0.73094601,   │ │
│ │                          1.28460333, -0.21424996,                        │ │
│ │                          │      -0.43243754,  1.27567983, -0.86244216,   │ │
│ │                          -0.29486898,  0.22619302,                       │ │
│ │                          │      -1.00865678,  0.81319033, -0.59567051,   │ │
│ │                          -0.19275418, -1.1536697 ,                       │ │
│ │                          │      -0.95220855,  0.21240703,  1.93505729,   │ │
│ │                          0.60235799,  0.81021319,                        │ │
│ │                          │      -0.43218366, -0.42909328, -0.25235026,   │ │
│ │                          0.66392117, -0.05602128])                       │ │
│ ╰──────────────────────────────────────────────────────────────────────────╯ │
│                                                                              │
│ /mnt/hpc/work/kdruscit/singular-learning-theory/code/python/.venv/lib/python │
│ 3.10/site-packages/pymc/sampling/mcmc.py:935 in sample                       │
│                                                                              │
│    932 │   │   _log.info(f"Multiprocess sampling ({chains} chains in {cores} │
│    933 │   │   _print_step_hierarchy(step)                                   │
│    934 │   │   try:                                                          │
│ ❱  935 │   │   │   _mp_sample(**sample_args, **parallel_args)                │
│    936 │   │   except pickle.PickleError:                                    │
│    937 │   │   │   _log.warning("Could not pickle model, sampling singlethre │
│    938 │   │   │   _log.debug("Pickling error:", exc_info=True)              │
│                                                                              │
│ ╭───────────────────────────────── locals ─────────────────────────────────╮ │
│ │                 blas_cores = 10                                          │ │
│ │                   callback = <estimation.mixnorm.ksigma.pymc_tools.Clus… │ │
│ │                              object at 0x7ff40e10e320>                   │ │
│ │                     chains = 10                                          │ │
│ │             compile_kwargs = None                                        │ │
│ │ compute_convergence_checks = True                                        │ │
│ │                      cores = 10                                          │ │
│ │      discard_tuned_samples = True                                        │ │
│ │                      draws = 1000                                        │ │
│ │             exclusive_nuts = True                                        │ │
│ │    has_population_samplers = np.False_                                   │ │
│ │               idata_kwargs = None                                        │ │
│ │                       init = 'auto'                                      │ │
│ │             initial_points = [                                           │ │
│ │                              │   {                                       │ │
│ │                              │   │   'weights_simplex__':                │ │
│ │                              array([-0.75159862,  0.87434713]),          │ │
│ │                              │   │   'mus': array([-0.95988971,          │ │
│ │                              0.43269663,  0.91048802]),                  │ │
│ │                              │   │   'like': array(0.60398857)           │ │
│ │                              │   },                                      │ │
│ │                              │   {                                       │ │
│ │                              │   │   'weights_simplex__':                │ │
│ │                              array([-0.75090482, -0.7436209 ]),          │ │
│ │                              │   │   'mus': array([ 0.6290109 ,          │ │
│ │                              0.44413586, -0.65231078]),                  │ │
│ │                              │   │   'like': array(0.11405286)           │ │
│ │                              │   },                                      │ │
│ │                              │   {                                       │ │
│ │                              │   │   'weights_simplex__':                │ │
│ │                              array([-0.21280589, -0.88182259]),          │ │
│ │                              │   │   'mus': array([ 0.24266294,          │ │
│ │                              -0.12598723,  0.00314371]),                 │ │
│ │                              │   │   'like': array(0.4682833)            │ │
│ │                              │   },                                      │ │
│ │                              │   {                                       │ │
│ │                              │   │   'weights_simplex__':                │ │
│ │                              array([-0.93991376, -0.22607655]),          │ │
│ │                              │   │   'mus': array([ 0.51155776,          │ │
│ │                              -0.69606216,  0.59004187]),                 │ │
│ │                              │   │   'like': array(0.55950871)           │ │
│ │                              │   },                                      │ │
│ │                              │   {                                       │ │
│ │                              │   │   'weights_simplex__':                │ │
│ │                              array([-0.59019243, -0.13215725]),          │ │
│ │                              │   │   'mus': array([ 0.26153057,          │ │
│ │                              -0.62305128,  0.53707857]),                 │ │
│ │                              │   │   'like': array(1.1479596)            │ │
│ │                              │   },                                      │ │
│ │                              │   {                                       │ │
│ │                              │   │   'weights_simplex__':                │ │
│ │                              array([-0.76026001,  0.20148703]),          │ │
│ │                              │   │   'mus': array([ 0.23175673,          │ │
│ │                              -0.92246662, -0.52530783]),                 │ │
│ │                              │   │   'like': array(-0.56567882)          │ │
│ │                              │   },                                      │ │
│ │                              │   {                                       │ │
│ │                              │   │   'weights_simplex__': array([        │ │
│ │                              0.21943426, -0.82247833]),                  │ │
│ │                              │   │   'mus': array([ 0.0643999 ,          │ │
│ │                              0.55334922, -0.62095409]),                  │ │
│ │                              │   │   'like': array(-1.1269489)           │ │
│ │                              │   },                                      │ │
│ │                              │   {                                       │ │
│ │                              │   │   'weights_simplex__':                │ │
│ │                              array([-0.78798766, -0.49083675]),          │ │
│ │                              │   │   'mus': array([-0.11510113,          │ │
│ │                              -0.67167743, -0.25495728]),                 │ │
│ │                              │   │   'like': array(0.59336178)           │ │
│ │                              │   },                                      │ │
│ │                              │   {                                       │ │
│ │                              │   │   'weights_simplex__':                │ │
│ │                              array([0.637802  , 0.24826589]),            │ │
│ │                              │   │   'mus': array([-0.57909188,          │ │
│ │                              0.95373919, -0.49418216]),                  │ │
│ │                              │   │   'like': array(0.07317927)           │ │
│ │                              │   },                                      │ │
│ │                              │   {                                       │ │
│ │                              │   │   'weights_simplex__':                │ │
│ │                              array([-0.27539269,  0.60693039]),          │ │
│ │                              │   │   'mus': array([ 0.30769931,          │ │
│ │                              -0.163081  , -0.56666307]),                 │ │
│ │                              │   │   'like': array(-0.5835359)           │ │
│ │                              │   }                                       │ │
│ │                              ]                                           │ │
│ │                   initvals = None                                        │ │
│ │         jitter_max_retries = 10                                          │ │
│ │          keep_warning_stat = False                                       │ │
│ │                     kwargs = {                                           │ │
│ │                              │   'max_treedepth': 50,                    │ │
│ │                              │   'target_accept': 0.995                  │ │
│ │                              }                                           │ │
│ │                      model = <pymc.model.core.Model object at            │ │
│ │                              0x7ff414c8d9c0>                             │ │
│ │                     mp_ctx = None                                        │ │
│ │                     n_init = 200000                                      │ │
│ │   num_blas_cores_per_chain = 1                                           │ │
│ │                nuts_kwargs = {'target_accept': 0.995}                    │ │
│ │               nuts_sampler = 'pymc'                                      │ │
│ │        nuts_sampler_kwargs = {}                                          │ │
│ │                   parallel = True                                        │ │
│ │              parallel_args = {'mp_ctx': None, 'blas_cores': 1}           │ │
│ │              progress_bool = False                                       │ │
│ │                progressbar = False                                       │ │
│ │          progressbar_theme = None                                        │ │
│ │             provided_steps = []                                          │ │
│ │                random_seed = None                                        │ │
│ │           random_seed_list = [                                           │ │
│ │                              │   np.int64(704844866),                    │ │
│ │                              │   np.int64(165549617),                    │ │
│ │                              │   np.int64(753529996),                    │ │
│ │                              │   np.int64(835970971),                    │ │
│ │                              │   np.int64(539576626),                    │ │
│ │                              │   np.int64(23641452),                     │ │
│ │                              │   np.int64(436486060),                    │ │
│ │                              │   np.int64(306505955),                    │ │
│ │                              │   np.int64(318642447),                    │ │
│ │                              │   np.int64(161006085)                     │ │
│ │                              ]                                           │ │
│ │       return_inferencedata = True                                        │ │
│ │                       rngs = [                                           │ │
│ │                              │   Generator(PCG64) at 0x7FF40E26E420,     │ │
│ │                              │   Generator(PCG64) at 0x7FF40E26E340,     │ │
│ │                              │   Generator(PCG64) at 0x7FF40E26E0A0,     │ │
│ │                              │   Generator(PCG64) at 0x7FF40E26E180,     │ │
│ │                              │   Generator(PCG64) at 0x7FF40E26DEE0,     │ │
│ │                              │   Generator(PCG64) at 0x7FF40E26DFC0,     │ │
│ │                              │   Generator(PCG64) at 0x7FF40E26DA80,     │ │
│ │                              │   Generator(PCG64) at 0x7FF40E26DD20,     │ │
│ │                              │   Generator(PCG64) at 0x7FF40E26DB60,     │ │
│ │                              │   Generator(PCG64) at 0x7FF40E26DE00      │ │
│ │                              ]                                           │ │
│ │                        run = None                                        │ │
│ │                sample_args = {                                           │ │
│ │                              │   'draws': 2000,                          │ │
│ │                              │   'step':                                 │ │
│ │                              <pymc.step_methods.hmc.nuts.NUTS object at  │ │
│ │                              0x7ff40201f310>,                            │ │
│ │                              │   'start': [                              │ │
│ │                              │   │   {                                   │ │
│ │                              │   │   │   'weights_simplex__':            │ │
│ │                              array([-0.75159862,  0.87434713]),          │ │
│ │                              │   │   │   'mus': array([-0.95988971,      │ │
│ │                              0.43269663,  0.91048802]),                  │ │
│ │                              │   │   │   'like': array(0.60398857)       │ │
│ │                              │   │   },                                  │ │
│ │                              │   │   {                                   │ │
│ │                              │   │   │   'weights_simplex__':            │ │
│ │                              array([-0.75090482, -0.7436209 ]),          │ │
│ │                              │   │   │   'mus': array([ 0.6290109 ,      │ │
│ │                              0.44413586, -0.65231078]),                  │ │
│ │                              │   │   │   'like': array(0.11405286)       │ │
│ │                              │   │   },                                  │ │
│ │                              │   │   {                                   │ │
│ │                              │   │   │   'weights_simplex__':            │ │
│ │                              array([-0.21280589, -0.88182259]),          │ │
│ │                              │   │   │   'mus': array([ 0.24266294,      │ │
│ │                              -0.12598723,  0.00314371]),                 │ │
│ │                              │   │   │   'like': array(0.4682833)        │ │
│ │                              │   │   },                                  │ │
│ │                              │   │   {                                   │ │
│ │                              │   │   │   'weights_simplex__':            │ │
│ │                              array([-0.93991376, -0.22607655]),          │ │
│ │                              │   │   │   'mus': array([ 0.51155776,      │ │
│ │                              -0.69606216,  0.59004187]),                 │ │
│ │                              │   │   │   'like': array(0.55950871)       │ │
│ │                              │   │   },                                  │ │
│ │                              │   │   {                                   │ │
│ │                              │   │   │   'weights_simplex__':            │ │
│ │                              array([-0.59019243, -0.13215725]),          │ │
│ │                              │   │   │   'mus': array([ 0.26153057,      │ │
│ │                              -0.62305128,  0.53707857]),                 │ │
│ │                              │   │   │   'like': array(1.1479596)        │ │
│ │                              │   │   },                                  │ │
│ │                              │   │   {                                   │ │
│ │                              │   │   │   'weights_simplex__':            │ │
│ │                              array([-0.76026001,  0.20148703]),          │ │
│ │                              │   │   │   'mus': array([ 0.23175673,      │ │
│ │                              -0.92246662, -0.52530783]),                 │ │
│ │                              │   │   │   'like': array(-0.56567882)      │ │
│ │                              │   │   },                                  │ │
│ │                              │   │   {                                   │ │
│ │                              │   │   │   'weights_simplex__': array([    │ │
│ │                              0.21943426, -0.82247833]),                  │ │
│ │                              │   │   │   'mus': array([ 0.0643999 ,      │ │
│ │                              0.55334922, -0.62095409]),                  │ │
│ │                              │   │   │   'like': array(-1.1269489)       │ │
│ │                              │   │   },                                  │ │
│ │                              │   │   {                                   │ │
│ │                              │   │   │   'weights_simplex__':            │ │
│ │                              array([-0.78798766, -0.49083675]),          │ │
│ │                              │   │   │   'mus': array([-0.11510113,      │ │
│ │                              -0.67167743, -0.25495728]),                 │ │
│ │                              │   │   │   'like': array(0.59336178)       │ │
│ │                              │   │   },                                  │ │
│ │                              │   │   {                                   │ │
│ │                              │   │   │   'weights_simplex__':            │ │
│ │                              array([0.637802  , 0.24826589]),            │ │
│ │                              │   │   │   'mus': array([-0.57909188,      │ │
│ │                              0.95373919, -0.49418216]),                  │ │
│ │                              │   │   │   'like': array(0.07317927)       │ │
│ │                              │   │   },                                  │ │
│ │                              │   │   {                                   │ │
│ │                              │   │   │   'weights_simplex__':            │ │
│ │                              array([-0.27539269,  0.60693039]),          │ │
│ │                              │   │   │   'mus': array([ 0.30769931,      │ │
│ │                              -0.163081  , -0.56666307]),                 │ │
│ │                              │   │   │   'like': array(-0.5835359)       │ │
│ │                              │   │   }                                   │ │
│ │                              │   ],                                      │ │
│ │                              │   'traces': [                             │ │
│ │                              │   │   <pymc.backends.ndarray.NDArray      │ │
│ │                              object at 0x7ff402431de0>,                  │ │
│ │                              │   │   <pymc.backends.ndarray.NDArray      │ │
│ │                              object at 0x7ff40244bf10>,                  │ │
│ │                              │   │   <pymc.backends.ndarray.NDArray      │ │
│ │                              object at 0x7ff40abbc520>,                  │ │
│ │                              │   │   <pymc.backends.ndarray.NDArray      │ │
│ │                              object at 0x7ff40abeda80>,                  │ │
│ │                              │   │   <pymc.backends.ndarray.NDArray      │ │
│ │                              object at 0x7ff402405570>,                  │ │
│ │                              │   │   <pymc.backends.ndarray.NDArray      │ │
│ │                              object at 0x7ff4024a6770>,                  │ │
│ │                              │   │   <pymc.backends.ndarray.NDArray      │ │
│ │                              object at 0x7ff40250b2b0>,                  │ │
│ │                              │   │   <pymc.backends.ndarray.NDArray      │ │
│ │                              object at 0x7ff40268fdc0>,                  │ │
│ │                              │   │   <pymc.backends.ndarray.NDArray      │ │
│ │                              object at 0x7ff40268d300>,                  │ │
│ │                              │   │   <pymc.backends.ndarray.NDArray      │ │
│ │                              object at 0x7ff40288e320>                   │ │
│ │                              │   ],                                      │ │
│ │                              │   'chains': 10,                           │ │
│ │                              │   'tune': 1000,                           │ │
│ │                              │   'var_names': None,                      │ │
│ │                              │   'progressbar': False,                   │ │
│ │                              │   'progressbar_theme': None,              │ │
│ │                              │   'model': <pymc.model.core.Model object  │ │
│ │                              at 0x7ff414c8d9c0>,                         │ │
│ │                              │   ... +6                                  │ │
│ │                              }                                           │ │
│ │             selected_steps = {                                           │ │
│ │                              │   <class                                  │ │
│ │                              'pymc.step_methods.hmc.nuts.NUTS'>: [       │ │
│ │                              │   │   weights_simplex__,                  │ │
│ │                              │   │   mus,                                │ │
│ │                              │   │   like                                │ │
│ │                              │   ]                                       │ │
│ │                              }                                           │ │
│ │                       step = <pymc.step_methods.hmc.nuts.NUTS object at  │ │
│ │                              0x7ff40201f310>                             │ │
│ │                    t_start = 1752861173.6357138                          │ │
│ │                      trace = None                                        │ │
│ │                 trace_vars = None                                        │ │
│ │                     traces = [                                           │ │
│ │                              │   <pymc.backends.ndarray.NDArray object   │ │
│ │                              at 0x7ff402431de0>,                         │ │
│ │                              │   <pymc.backends.ndarray.NDArray object   │ │
│ │                              at 0x7ff40244bf10>,                         │ │
│ │                              │   <pymc.backends.ndarray.NDArray object   │ │
│ │                              at 0x7ff40abbc520>,                         │ │
│ │                              │   <pymc.backends.ndarray.NDArray object   │ │
│ │                              at 0x7ff40abeda80>,                         │ │
│ │                              │   <pymc.backends.ndarray.NDArray object   │ │
│ │                              at 0x7ff402405570>,                         │ │
│ │                              │   <pymc.backends.ndarray.NDArray object   │ │
│ │                              at 0x7ff4024a6770>,                         │ │
│ │                              │   <pymc.backends.ndarray.NDArray object   │ │
│ │                              at 0x7ff40250b2b0>,                         │ │
│ │                              │   <pymc.backends.ndarray.NDArray object   │ │
│ │                              at 0x7ff40268fdc0>,                         │ │
│ │                              │   <pymc.backends.ndarray.NDArray object   │ │
│ │                              at 0x7ff40268d300>,                         │ │
│ │                              │   <pymc.backends.ndarray.NDArray object   │ │
│ │                              at 0x7ff40288e320>                          │ │
│ │                              ]                                           │ │
│ │                       tune = 1000                                        │ │
│ │                  var_names = None                                        │ │
│ ╰──────────────────────────────────────────────────────────────────────────╯ │
│                                                                              │
│ /mnt/hpc/work/kdruscit/singular-learning-theory/code/python/.venv/lib/python │
│ 3.10/site-packages/pymc/sampling/mcmc.py:1419 in _mp_sample                  │
│                                                                              │
│   1416 │   │   │   │   │   log_warning_stats(draw.stats)                     │
│   1417 │   │   │   │   │                                                     │
│   1418 │   │   │   │   │   if callback is not None:                          │
│ ❱ 1419 │   │   │   │   │   │   callback(trace=strace, draw=draw)             │
│   1420 │   │                                                                 │
│   1421 │   │   except ps.ParallelSamplingError as error:                     │
│   1422 │   │   │   for strace in traces:                                     │
│                                                                              │
│ ╭───────────────────────────────── locals ─────────────────────────────────╮ │
│ │        blas_cores = 1                                                    │ │
│ │          callback = <estimation.mixnorm.ksigma.pymc_tools.ClusterFriend… │ │
│ │                     object at 0x7ff40e10e320>                            │ │
│ │            chains = 10                                                   │ │
│ │             cores = 10                                                   │ │
│ │              draw = Draw(                                                │ │
│ │                     │   chain=2,                                         │ │
│ │                     │   is_last=False,                                   │ │
│ │                     │   draw_idx=1249,                                   │ │
│ │                     │   tuning=False,                                    │ │
│ │                     │   stats=[                                          │ │
│ │                     │   │   {                                            │ │
│ │                     │   │   │   'tune': False,                           │ │
│ │                     │   │   │   'diverging': False,                      │ │
│ │                     │   │   │   'perf_counter_diff':                     │ │
│ │                     0.11512897093780339,                                 │ │
│ │                     │   │   │   'process_time_diff':                     │ │
│ │                     0.027130021000001392,                                │ │
│ │                     │   │   │   'perf_counter_start': 1994497.820032139, │ │
│ │                     │   │   │   'warning': None,                         │ │
│ │                     │   │   │   'depth': 7,                              │ │
│ │                     │   │   │   'mean_tree_accept':                      │ │
│ │                     np.float64(0.9967877861106238),                      │ │
│ │                     │   │   │   'energy_error':                          │ │
│ │                     np.float64(0.0011409218421576384),                   │ │
│ │                     │   │   │   'energy':                                │ │
│ │                     np.float64(45.734688498323145),                      │ │
│ │                     │   │   │   ... +9                                   │ │
│ │                     │   │   }                                            │ │
│ │                     │   ],                                               │ │
│ │                     │   point={                                          │ │
│ │                     │   │   'weights_simplex__': array([-5.18763097,     │ │
│ │                     7.11137511]),                                        │ │
│ │                     │   │   'mus': array([1.9780889 , 0.22191506,        │ │
│ │                     4.79518463]),                                        │ │
│ │                     │   │   'like': array(0.10094506)                    │ │
│ │                     │   }                                                │ │
│ │                     )                                                    │ │
│ │             draws = 1000                                                 │ │
│ │            kwargs = {                                                    │ │
│ │                     │   'var_names': None,                               │ │
│ │                     │   'discard_tuned_samples': True,                   │ │
│ │                     │   'max_treedepth': 50,                             │ │
│ │                     │   'target_accept': 0.995                           │ │
│ │                     }                                                    │ │
│ │             model = <pymc.model.core.Model object at 0x7ff414c8d9c0>     │ │
│ │            mp_ctx = None                                                 │ │
│ │       progressbar = False                                                │ │
│ │ progressbar_theme = None                                                 │ │
│ │                ps = <module 'pymc.sampling.parallel' from                │ │
│ │                     '/mnt/hpc/work/kdruscit/singular-learning-theory/co… │ │
│ │              rngs = [                                                    │ │
│ │                     │   Generator(PCG64) at 0x7FF40E26E420,              │ │
│ │                     │   Generator(PCG64) at 0x7FF40E26E340,              │ │
│ │                     │   Generator(PCG64) at 0x7FF40E26E0A0,              │ │
│ │                     │   Generator(PCG64) at 0x7FF40E26E180,              │ │
│ │                     │   Generator(PCG64) at 0x7FF40E26DEE0,              │ │
│ │                     │   Generator(PCG64) at 0x7FF40E26DFC0,              │ │
│ │                     │   Generator(PCG64) at 0x7FF40E26DA80,              │ │
│ │                     │   Generator(PCG64) at 0x7FF40E26DD20,              │ │
│ │                     │   Generator(PCG64) at 0x7FF40E26DB60,              │ │
│ │                     │   Generator(PCG64) at 0x7FF40E26DE00               │ │
│ │                     ]                                                    │ │
│ │           sampler = <pymc.sampling.parallel.ParallelSampler object at    │ │
│ │                     0x7ff402432e30>                                      │ │
│ │             start = [                                                    │ │
│ │                     │   {                                                │ │
│ │                     │   │   'weights_simplex__': array([-0.75159862,     │ │
│ │                     0.87434713]),                                        │ │
│ │                     │   │   'mus': array([-0.95988971,  0.43269663,      │ │
│ │                     0.91048802]),                                        │ │
│ │                     │   │   'like': array(0.60398857)                    │ │
│ │                     │   },                                               │ │
│ │                     │   {                                                │ │
│ │                     │   │   'weights_simplex__': array([-0.75090482,     │ │
│ │                     -0.7436209 ]),                                       │ │
│ │                     │   │   'mus': array([ 0.6290109 ,  0.44413586,      │ │
│ │                     -0.65231078]),                                       │ │
│ │                     │   │   'like': array(0.11405286)                    │ │
│ │                     │   },                                               │ │
│ │                     │   {                                                │ │
│ │                     │   │   'weights_simplex__': array([-0.21280589,     │ │
│ │                     -0.88182259]),                                       │ │
│ │                     │   │   'mus': array([ 0.24266294, -0.12598723,      │ │
│ │                     0.00314371]),                                        │ │
│ │                     │   │   'like': array(0.4682833)                     │ │
│ │                     │   },                                               │ │
│ │                     │   {                                                │ │
│ │                     │   │   'weights_simplex__': array([-0.93991376,     │ │
│ │                     -0.22607655]),                                       │ │
│ │                     │   │   'mus': array([ 0.51155776, -0.69606216,      │ │
│ │                     0.59004187]),                                        │ │
│ │                     │   │   'like': array(0.55950871)                    │ │
│ │                     │   },                                               │ │
│ │                     │   {                                                │ │
│ │                     │   │   'weights_simplex__': array([-0.59019243,     │ │
│ │                     -0.13215725]),                                       │ │
│ │                     │   │   'mus': array([ 0.26153057, -0.62305128,      │ │
│ │                     0.53707857]),                                        │ │
│ │                     │   │   'like': array(1.1479596)                     │ │
│ │                     │   },                                               │ │
│ │                     │   {                                                │ │
│ │                     │   │   'weights_simplex__': array([-0.76026001,     │ │
│ │                     0.20148703]),                                        │ │
│ │                     │   │   'mus': array([ 0.23175673, -0.92246662,      │ │
│ │                     -0.52530783]),                                       │ │
│ │                     │   │   'like': array(-0.56567882)                   │ │
│ │                     │   },                                               │ │
│ │                     │   {                                                │ │
│ │                     │   │   'weights_simplex__': array([ 0.21943426,     │ │
│ │                     -0.82247833]),                                       │ │
│ │                     │   │   'mus': array([ 0.0643999 ,  0.55334922,      │ │
│ │                     -0.62095409]),                                       │ │
│ │                     │   │   'like': array(-1.1269489)                    │ │
│ │                     │   },                                               │ │
│ │                     │   {                                                │ │
│ │                     │   │   'weights_simplex__': array([-0.78798766,     │ │
│ │                     -0.49083675]),                                       │ │
│ │                     │   │   'mus': array([-0.11510113, -0.67167743,      │ │
│ │                     -0.25495728]),                                       │ │
│ │                     │   │   'like': array(0.59336178)                    │ │
│ │                     │   },                                               │ │
│ │                     │   {                                                │ │
│ │                     │   │   'weights_simplex__': array([0.637802  ,      │ │
│ │                     0.24826589]),                                        │ │
│ │                     │   │   'mus': array([-0.57909188,  0.95373919,      │ │
│ │                     -0.49418216]),                                       │ │
│ │                     │   │   'like': array(0.07317927)                    │ │
│ │                     │   },                                               │ │
│ │                     │   {                                                │ │
│ │                     │   │   'weights_simplex__': array([-0.27539269,     │ │
│ │                     0.60693039]),                                        │ │
│ │                     │   │   'mus': array([ 0.30769931, -0.163081  ,      │ │
│ │                     -0.56666307]),                                       │ │
│ │                     │   │   'like': array(-0.5835359)                    │ │
│ │                     │   }                                                │ │
│ │                     ]                                                    │ │
│ │              step = <pymc.step_methods.hmc.nuts.NUTS object at           │ │
│ │                     0x7ff40201f310>                                      │ │
│ │            strace = <pymc.backends.ndarray.NDArray object at             │ │
│ │                     0x7ff40288e320>                                      │ │
│ │            traces = [                                                    │ │
│ │                     │   <pymc.backends.ndarray.NDArray object at         │ │
│ │                     0x7ff402431de0>,                                     │ │
│ │                     │   <pymc.backends.ndarray.NDArray object at         │ │
│ │                     0x7ff40244bf10>,                                     │ │
│ │                     │   <pymc.backends.ndarray.NDArray object at         │ │
│ │                     0x7ff40abbc520>,                                     │ │
│ │                     │   <pymc.backends.ndarray.NDArray object at         │ │
│ │                     0x7ff40abeda80>,                                     │ │
│ │                     │   <pymc.backends.ndarray.NDArray object at         │ │
│ │                     0x7ff402405570>,                                     │ │
│ │                     │   <pymc.backends.ndarray.NDArray object at         │ │
│ │                     0x7ff4024a6770>,                                     │ │
│ │                     │   <pymc.backends.ndarray.NDArray object at         │ │
│ │                     0x7ff40250b2b0>,                                     │ │
│ │                     │   <pymc.backends.ndarray.NDArray object at         │ │
│ │                     0x7ff40268fdc0>,                                     │ │
│ │                     │   <pymc.backends.ndarray.NDArray object at         │ │
│ │                     0x7ff40268d300>,                                     │ │
│ │                     │   <pymc.backends.ndarray.NDArray object at         │ │
│ │                     0x7ff40288e320>                                      │ │
│ │                     ]                                                    │ │
│ │              tune = 1000                                                 │ │
│ │       zarr_chains = None                                                 │ │
│ │    zarr_recording = False                                                │ │
│ ╰──────────────────────────────────────────────────────────────────────────╯ │
│                                                                              │
│ /mnt/hpc/work/kdruscit/singular-learning-theory/code/python/estimation/mixno │
│ rm/ksigma/pymc_tools.py:45 in __call__                                       │
│                                                                              │
│   42 │   │   │   # print(trace.report)                                       │
│   43 │   │   │                                                               │
│   44 │   │   │   multitrace = MultiTrace(list(self.traces.values()))         │
│ ❱ 45 │   │   │   if rhat(multitrace).to_array().max() < self.max_rhat:       │
│   46 │   │   │   │   raise KeyboardInterrupt                                 │
│   47                                                                         │
│   48                                                                         │
│                                                                              │
│ ╭───────────────────────────────── locals ─────────────────────────────────╮ │
│ │   chain_id = 2                                                           │ │
│ │       draw = Draw(                                                       │ │
│ │              │   chain=2,                                                │ │
│ │              │   is_last=False,                                          │ │
│ │              │   draw_idx=1249,                                          │ │
│ │              │   tuning=False,                                           │ │
│ │              │   stats=[                                                 │ │
│ │              │   │   {                                                   │ │
│ │              │   │   │   'tune': False,                                  │ │
│ │              │   │   │   'diverging': False,                             │ │
│ │              │   │   │   'perf_counter_diff': 0.11512897093780339,       │ │
│ │              │   │   │   'process_time_diff': 0.027130021000001392,      │ │
│ │              │   │   │   'perf_counter_start': 1994497.820032139,        │ │
│ │              │   │   │   'warning': None,                                │ │
│ │              │   │   │   'depth': 7,                                     │ │
│ │              │   │   │   'mean_tree_accept':                             │ │
│ │              np.float64(0.9967877861106238),                             │ │
│ │              │   │   │   'energy_error':                                 │ │
│ │              np.float64(0.0011409218421576384),                          │ │
│ │              │   │   │   'energy': np.float64(45.734688498323145),       │ │
│ │              │   │   │   ... +9                                          │ │
│ │              │   │   }                                                   │ │
│ │              │   ],                                                      │ │
│ │              │   point={                                                 │ │
│ │              │   │   'weights_simplex__': array([-5.18763097,            │ │
│ │              7.11137511]),                                               │ │
│ │              │   │   'mus': array([1.9780889 , 0.22191506, 4.79518463]), │ │
│ │              │   │   'like': array(0.10094506)                           │ │
│ │              │   }                                                       │ │
│ │              )                                                           │ │
│ │ multitrace = <MultiTrace: 10 chains, 1089 iterations, 4 variables>       │ │
│ │ perf_diffs = array([0.33234538, 0.00106926, 0.06051373, ..., 0.        , │ │
│ │              0.        ,                                                 │ │
│ │              │      0.        ], shape=(2000,))                          │ │
│ │       self = <estimation.mixnorm.ksigma.pymc_tools.ClusterFriendlyCallb… │ │
│ │              object at 0x7ff40e10e320>                                   │ │
│ │ total_time = np.float64(91.10878834081814)                               │ │
│ │      trace = <pymc.backends.ndarray.NDArray object at 0x7ff40abbc520>    │ │
│ ╰──────────────────────────────────────────────────────────────────────────╯ │
│                                                                              │
│ /mnt/hpc/work/kdruscit/singular-learning-theory/code/python/.venv/lib/python │
│ 3.10/site-packages/arviz/stats/diagnostics.py:334 in rhat                    │
│                                                                              │
│    331 │   │   )                                                             │
│    332 │   │   raise TypeError(msg)                                          │
│    333 │                                                                     │
│ ❱  334 │   dataset = convert_to_dataset(data, group="posterior")             │
│    335 │   var_names = _var_names(var_names, dataset)                        │
│    336 │                                                                     │
│    337 │   dataset = dataset if var_names is None else dataset[var_names]    │
│                                                                              │
│ ╭───────────────────────────────── locals ─────────────────────────────────╮ │
│ │ dask_kwargs = None                                                       │ │
│ │        data = <MultiTrace: 10 chains, 1089 iterations, 4 variables>      │ │
│ │      method = 'rank'                                                     │ │
│ │     methods = {                                                          │ │
│ │               │   'rank': <function _rhat_rank at 0x7ff40edf5ea0>,       │ │
│ │               │   'split': <function _rhat_split at 0x7ff40edf6050>,     │ │
│ │               │   'folded': <function _rhat_folded at 0x7ff40edf5f30>,   │ │
│ │               │   'z_scale': <function _rhat_z_scale at 0x7ff40edf5fc0>, │ │
│ │               │   'identity': <function _rhat_identity at                │ │
│ │               0x7ff40edf60e0>                                            │ │
│ │               }                                                          │ │
│ │   var_names = None                                                       │ │
│ ╰──────────────────────────────────────────────────────────────────────────╯ │
│                                                                              │
│ /mnt/hpc/work/kdruscit/singular-learning-theory/code/python/.venv/lib/python │
│ 3.10/site-packages/arviz/data/converters.py:185 in convert_to_dataset        │
│                                                                              │
│   182 │   -------                                                            │
│   183 │   xarray.Dataset                                                     │
│   184 │   """                                                                │
│ ❱ 185 │   inference_data = convert_to_inference_data(obj, group=group, coord │
│   186 │   dataset = getattr(inference_data, group, None)                     │
│   187 │   if dataset is None:                                                │
│   188 │   │   raise ValueError(                                              │
│                                                                              │
│ ╭──────────────────────────── locals ────────────────────────────╮           │
│ │ coords = None                                                  │           │
│ │   dims = None                                                  │           │
│ │  group = 'posterior'                                           │           │
│ │    obj = <MultiTrace: 10 chains, 1089 iterations, 4 variables> │           │
│ ╰────────────────────────────────────────────────────────────────╯           │
│                                                                              │
│ /mnt/hpc/work/kdruscit/singular-learning-theory/code/python/.venv/lib/python │
│ 3.10/site-packages/arviz/data/converters.py:139 in convert_to_inference_data │
│                                                                              │
│   136 │   │   │   "cmdstan fit csv filename",                                │
│   137 │   │   │   "cmdstanpy fit",                                           │
│   138 │   │   )                                                              │
│ ❱ 139 │   │   raise ValueError(                                              │
│   140 │   │   │   f'Can only convert {", ".join(allowable_types)} to Inferen │
│   141 │   │   │   f"not {obj.__class__.__name__}"                            │
│   142 │   │   )                                                              │
│                                                                              │
│ ╭───────────────────────────────── locals ─────────────────────────────────╮ │
│ │ allowable_types = (                                                      │ │
│ │                   │   'xarray dataarray',                                │ │
│ │                   │   'xarray dataset',                                  │ │
│ │                   │   'dict',                                            │ │
│ │                   │   "pytree (if 'dm-tree' is installed)",              │ │
│ │                   │   'netcdf filename',                                 │ │
│ │                   │   'numpy array',                                     │ │
│ │                   │   'pystan fit',                                      │ │
│ │                   │   'emcee fit',                                       │ │
│ │                   │   'pyro mcmc fit',                                   │ │
│ │                   │   'numpyro mcmc fit',                                │ │
│ │                   │   ... +2                                             │ │
│ │                   )                                                      │ │
│ │          coords = None                                                   │ │
│ │            dims = None                                                   │ │
│ │           group = 'posterior'                                            │ │
│ │          kwargs = {                                                      │ │
│ │                   │   'posterior': <MultiTrace: 10 chains, 1089          │ │
│ │                   iterations, 4 variables>,                              │ │
│ │                   │   'coords': None,                                    │ │
│ │                   │   'dims': None                                       │ │
│ │                   }                                                      │ │
│ │             obj = <MultiTrace: 10 chains, 1089 iterations, 4 variables>  │ │
│ ╰──────────────────────────────────────────────────────────────────────────╯ │
╰──────────────────────────────────────────────────────────────────────────────╯
ValueError: Can only convert xarray dataarray, xarray dataset, dict, pytree (if 
'dm-tree' is installed), netcdf filename, numpy array, pystan fit, emcee fit, 
pyro mcmc fit, numpyro mcmc fit, cmdstan fit csv filename, cmdstanpy fit to 
InferenceData, not MultiTrace
srun: error: hpc-pr3-02: task 1: Exited with exit code 1
╭───────────────────── Traceback (most recent call last) ──────────────────────╮
│ /mnt/hpc/work/kdruscit/singular-learning-theory/code/python/estimation/mixno │
│ rm/ksigma/main.py:92 in rlctx                                                │
│                                                                              │
│    89 │   idata = None                                                       │
│    90 │   with model:                                                        │
│    91 │   │   print(pymc_progressbar)                                        │
│ ❱  92 │   │   idata = pm.sample(draws=pymc_draws,                            │
│    93 │   │   │   │   │   │     tune=pymc_tune,                              │
│    94 │   │   │   │   │   │     chains=pymc_chains,                          │
│    95 │   │   │   │   │   │     cores=pymc_cores,                            │
│                                                                              │
│ ╭───────────────────────────────── locals ─────────────────────────────────╮ │
│ │                     az = <module 'arviz' from                            │ │
│ │                          '/mnt/hpc/work/kdruscit/singular-learning-theo… │ │
│ │                  idata = None                                            │ │
│ │ invtemp_scaling_factor = 1                                               │ │
│ │ mean_prior_cov_scaling = 4.0                                             │ │
│ │     mixture_components = 3                                               │ │
│ │                  model = <pymc.model.core.Model object at                │ │
│ │                          0x7fdbe4da19c0>                                 │ │
│ │                      n = 100                                             │ │
│ │                     np = <module 'numpy' from                            │ │
│ │                          '/mnt/hpc/work/kdruscit/singular-learning-theo… │ │
│ │                pathstr = 'estimation/mixnorm/ksigma/data/observations/n… │ │
│ │                     pm = <module 'pymc' from                             │ │
│ │                          '/mnt/hpc/work/kdruscit/singular-learning-theo… │ │
│ │                     pt = <module 'pytensor' from                         │ │
│ │                          '/mnt/hpc/work/kdruscit/singular-learning-theo… │ │
│ │            pymc_chains = 10                                              │ │
│ │             pymc_cores = 10                                              │ │
│ │             pymc_draws = 1000                                            │ │
│ │       pymc_progressbar = False                                           │ │
│ │              pymc_tune = 1000                                            │ │
│ │              targetdir = '.'                                             │ │
│ │                 x_data = array([ 0.5418459 ,  0.0564247 , -1.50166618,   │ │
│ │                          0.23482283,  0.51874431,                        │ │
│ │                          │   │   0.46099198, -0.33490282,  1.24580097,   │ │
│ │                          -0.55013189, -1.54668546,                       │ │
│ │                          │      -0.76314938,  1.61260858, -1.06255542,   │ │
│ │                          -0.11514613, -0.88456432,                       │ │
│ │                          │   │   1.05967827, -1.00333253,  1.51539862,   │ │
│ │                          0.13981142,  0.34138647,                        │ │
│ │                          │      -1.74609383, -0.01991043, -0.2600681 ,   │ │
│ │                          0.26009384,  0.65216452,                        │ │
│ │                          │   │   0.25723645, -2.71286086,  0.21354227,   │ │
│ │                          -0.62661571, -0.83970704,                       │ │
│ │                          │   │   1.110821  , -0.70688454,  1.15953556,   │ │
│ │                          -0.54798849,  0.39061678,                       │ │
│ │                          │   │   0.23423252,  0.26927806,  0.82810118,   │ │
│ │                          0.77147089,  0.21112086,                        │ │
│ │                          │      -0.46874449,  0.82390541,  0.88348432,   │ │
│ │                          0.29695891,  0.20271367,                        │ │
│ │                          │   │   0.50031774,  0.2039249 ,  1.34086154,   │ │
│ │                          -0.9212274 ,  1.09580553,                       │ │
│ │                          │      -0.17727303, -0.17224081,  1.57957521,   │ │
│ │                          0.30258116,  0.70626166,                        │ │
│ │                          │   │   0.49427457,  0.01955391,  0.74710658,   │ │
│ │                          1.96995004,  0.33375395,                        │ │
│ │                          │      -1.01397341, -1.07910027,  1.25701143,   │ │
│ │                          0.24255672, -1.10963898,                        │ │
│ │                          │   │   1.48861878, -0.5056098 , -1.45928526,   │ │
│ │                          0.66896881,  0.11573986,                        │ │
│ │                          │   │   0.26927449, -0.08296203,  0.76957661,   │ │
│ │                          0.88559302,  0.77064137,                        │ │
│ │                          │      -0.88364126, -0.65935407,  0.73094601,   │ │
│ │                          1.28460333, -0.21424996,                        │ │
│ │                          │      -0.43243754,  1.27567983, -0.86244216,   │ │
│ │                          -0.29486898,  0.22619302,                       │ │
│ │                          │      -1.00865678,  0.81319033, -0.59567051,   │ │
│ │                          -0.19275418, -1.1536697 ,                       │ │
│ │                          │      -0.95220855,  0.21240703,  1.93505729,   │ │
│ │                          0.60235799,  0.81021319,                        │ │
│ │                          │      -0.43218366, -0.42909328, -0.25235026,   │ │
│ │                          0.66392117, -0.05602128])                       │ │
│ ╰──────────────────────────────────────────────────────────────────────────╯ │
│                                                                              │
│ /mnt/hpc/work/kdruscit/singular-learning-theory/code/python/.venv/lib/python │
│ 3.10/site-packages/pymc/sampling/mcmc.py:935 in sample                       │
│                                                                              │
│    932 │   │   _log.info(f"Multiprocess sampling ({chains} chains in {cores} │
│    933 │   │   _print_step_hierarchy(step)                                   │
│    934 │   │   try:                                                          │
│ ❱  935 │   │   │   _mp_sample(**sample_args, **parallel_args)                │
│    936 │   │   except pickle.PickleError:                                    │
│    937 │   │   │   _log.warning("Could not pickle model, sampling singlethre │
│    938 │   │   │   _log.debug("Pickling error:", exc_info=True)              │
│                                                                              │
│ ╭───────────────────────────────── locals ─────────────────────────────────╮ │
│ │                 blas_cores = 10                                          │ │
│ │                   callback = <estimation.mixnorm.ksigma.pymc_tools.Clus… │ │
│ │                              object at 0x7fdbde10a320>                   │ │
│ │                     chains = 10                                          │ │
│ │             compile_kwargs = None                                        │ │
│ │ compute_convergence_checks = True                                        │ │
│ │                      cores = 10                                          │ │
│ │      discard_tuned_samples = True                                        │ │
│ │                      draws = 1000                                        │ │
│ │             exclusive_nuts = True                                        │ │
│ │    has_population_samplers = np.False_                                   │ │
│ │               idata_kwargs = None                                        │ │
│ │                       init = 'auto'                                      │ │
│ │             initial_points = [                                           │ │
│ │                              │   {                                       │ │
│ │                              │   │   'weights_simplex__':                │ │
│ │                              array([-0.96407566,  0.04201648]),          │ │
│ │                              │   │   'mus': array([-0.31933768,          │ │
│ │                              0.95678443, -0.41310792]),                  │ │
│ │                              │   │   'like': array(-0.64829539)          │ │
│ │                              │   },                                      │ │
│ │                              │   {                                       │ │
│ │                              │   │   'weights_simplex__':                │ │
│ │                              array([-0.53454946, -0.2765719 ]),          │ │
│ │                              │   │   'mus': array([-0.55018442,          │ │
│ │                              0.14242224, -0.76920281]),                  │ │
│ │                              │   │   'like': array(-0.96594248)          │ │
│ │                              │   },                                      │ │
│ │                              │   {                                       │ │
│ │                              │   │   'weights_simplex__':                │ │
│ │                              array([-0.98935813,  0.56619873]),          │ │
│ │                              │   │   'mus': array([ 0.98747079,          │ │
│ │                              0.88965094, -0.24000214]),                  │ │
│ │                              │   │   'like': array(0.35045768)           │ │
│ │                              │   },                                      │ │
│ │                              │   {                                       │ │
│ │                              │   │   'weights_simplex__':                │ │
│ │                              array([-0.26722885, -0.43584315]),          │ │
│ │                              │   │   'mus': array([ 0.07699002,          │ │
│ │                              -0.23694101,  0.72979292]),                 │ │
│ │                              │   │   'like': array(0.44561406)           │ │
│ │                              │   },                                      │ │
│ │                              │   {                                       │ │
│ │                              │   │   'weights_simplex__':                │ │
│ │                              array([-0.113254  ,  0.05236122]),          │ │
│ │                              │   │   'mus': array([-0.69241435,          │ │
│ │                              0.51335272, -0.51182632]),                  │ │
│ │                              │   │   'like': array(0.33241004)           │ │
│ │                              │   },                                      │ │
│ │                              │   {                                       │ │
│ │                              │   │   'weights_simplex__':                │ │
│ │                              array([0.01014617, 0.14924533]),            │ │
│ │                              │   │   'mus': array([ 0.39888616,          │ │
│ │                              0.34014412, -0.08736611]),                  │ │
│ │                              │   │   'like': array(-0.53519704)          │ │
│ │                              │   },                                      │ │
│ │                              │   {                                       │ │
│ │                              │   │   'weights_simplex__':                │ │
│ │                              array([-0.04694583,  0.03031557]),          │ │
│ │                              │   │   'mus': array([-0.41400051,          │ │
│ │                              0.4252021 ,  0.39858713]),                  │ │
│ │                              │   │   'like': array(-0.70241602)          │ │
│ │                              │   },                                      │ │
│ │                              │   {                                       │ │
│ │                              │   │   'weights_simplex__':                │ │
│ │                              array([-0.00516174, -0.92792033]),          │ │
│ │                              │   │   'mus': array([-0.54223644,          │ │
│ │                              0.76365872,  0.47696531]),                  │ │
│ │                              │   │   'like': array(-0.38040538)          │ │
│ │                              │   },                                      │ │
│ │                              │   {                                       │ │
│ │                              │   │   'weights_simplex__':                │ │
│ │                              array([-0.13563097,  0.77579271]),          │ │
│ │                              │   │   'mus': array([-0.87935817,  0.43132 │ │
│ │                              , -0.78884159]),                            │ │
│ │                              │   │   'like': array(0.34855034)           │ │
│ │                              │   },                                      │ │
│ │                              │   {                                       │ │
│ │                              │   │   'weights_simplex__': array([        │ │
│ │                              0.41850364, -0.17461607]),                  │ │
│ │                              │   │   'mus': array([-0.13398199,          │ │
│ │                              0.15403062,  0.44602985]),                  │ │
│ │                              │   │   'like': array(0.57642326)           │ │
│ │                              │   }                                       │ │
│ │                              ]                                           │ │
│ │                   initvals = None                                        │ │
│ │         jitter_max_retries = 10                                          │ │
│ │          keep_warning_stat = False                                       │ │
│ │                     kwargs = {                                           │ │
│ │                              │   'max_treedepth': 50,                    │ │
│ │                              │   'target_accept': 0.995                  │ │
│ │                              }                                           │ │
│ │                      model = <pymc.model.core.Model object at            │ │
│ │                              0x7fdbe4da19c0>                             │ │
│ │                     mp_ctx = None                                        │ │
│ │                     n_init = 200000                                      │ │
│ │   num_blas_cores_per_chain = 1                                           │ │
│ │                nuts_kwargs = {'target_accept': 0.995}                    │ │
│ │               nuts_sampler = 'pymc'                                      │ │
│ │        nuts_sampler_kwargs = {}                                          │ │
│ │                   parallel = True                                        │ │
│ │              parallel_args = {'mp_ctx': None, 'blas_cores': 1}           │ │
│ │              progress_bool = False                                       │ │
│ │                progressbar = False                                       │ │
│ │          progressbar_theme = None                                        │ │
│ │             provided_steps = []                                          │ │
│ │                random_seed = None                                        │ │
│ │           random_seed_list = [                                           │ │
│ │                              │   np.int64(1070613151),                   │ │
│ │                              │   np.int64(510332025),                    │ │
│ │                              │   np.int64(703905258),                    │ │
│ │                              │   np.int64(891342336),                    │ │
│ │                              │   np.int64(884215283),                    │ │
│ │                              │   np.int64(943875809),                    │ │
│ │                              │   np.int64(512788578),                    │ │
│ │                              │   np.int64(533939576),                    │ │
│ │                              │   np.int64(835812053),                    │ │
│ │                              │   np.int64(796055684)                     │ │
│ │                              ]                                           │ │
│ │       return_inferencedata = True                                        │ │
│ │                       rngs = [                                           │ │
│ │                              │   Generator(PCG64) at 0x7FDBE4CEE420,     │ │
│ │                              │   Generator(PCG64) at 0x7FDBE4CEE340,     │ │
│ │                              │   Generator(PCG64) at 0x7FDBE4CEE0A0,     │ │
│ │                              │   Generator(PCG64) at 0x7FDBE4CEE180,     │ │
│ │                              │   Generator(PCG64) at 0x7FDBE4CEDEE0,     │ │
│ │                              │   Generator(PCG64) at 0x7FDBE4CEDFC0,     │ │
│ │                              │   Generator(PCG64) at 0x7FDBE4CEDA80,     │ │
│ │                              │   Generator(PCG64) at 0x7FDBE4CEDD20,     │ │
│ │                              │   Generator(PCG64) at 0x7FDBE4CEDB60,     │ │
│ │                              │   Generator(PCG64) at 0x7FDBE4CEDE00      │ │
│ │                              ]                                           │ │
│ │                        run = None                                        │ │
│ │                sample_args = {                                           │ │
│ │                              │   'draws': 2000,                          │ │
│ │                              │   'step':                                 │ │
│ │                              <pymc.step_methods.hmc.nuts.NUTS object at  │ │
│ │                              0x7fdbdd78c7f0>,                            │ │
│ │                              │   'start': [                              │ │
│ │                              │   │   {                                   │ │
│ │                              │   │   │   'weights_simplex__':            │ │
│ │                              array([-0.96407566,  0.04201648]),          │ │
│ │                              │   │   │   'mus': array([-0.31933768,      │ │
│ │                              0.95678443, -0.41310792]),                  │ │
│ │                              │   │   │   'like': array(-0.64829539)      │ │
│ │                              │   │   },                                  │ │
│ │                              │   │   {                                   │ │
│ │                              │   │   │   'weights_simplex__':            │ │
│ │                              array([-0.53454946, -0.2765719 ]),          │ │
│ │                              │   │   │   'mus': array([-0.55018442,      │ │
│ │                              0.14242224, -0.76920281]),                  │ │
│ │                              │   │   │   'like': array(-0.96594248)      │ │
│ │                              │   │   },                                  │ │
│ │                              │   │   {                                   │ │
│ │                              │   │   │   'weights_simplex__':            │ │
│ │                              array([-0.98935813,  0.56619873]),          │ │
│ │                              │   │   │   'mus': array([ 0.98747079,      │ │
│ │                              0.88965094, -0.24000214]),                  │ │
│ │                              │   │   │   'like': array(0.35045768)       │ │
│ │                              │   │   },                                  │ │
│ │                              │   │   {                                   │ │
│ │                              │   │   │   'weights_simplex__':            │ │
│ │                              array([-0.26722885, -0.43584315]),          │ │
│ │                              │   │   │   'mus': array([ 0.07699002,      │ │
│ │                              -0.23694101,  0.72979292]),                 │ │
│ │                              │   │   │   'like': array(0.44561406)       │ │
│ │                              │   │   },                                  │ │
│ │                              │   │   {                                   │ │
│ │                              │   │   │   'weights_simplex__':            │ │
│ │                              array([-0.113254  ,  0.05236122]),          │ │
│ │                              │   │   │   'mus': array([-0.69241435,      │ │
│ │                              0.51335272, -0.51182632]),                  │ │
│ │                              │   │   │   'like': array(0.33241004)       │ │
│ │                              │   │   },                                  │ │
│ │                              │   │   {                                   │ │
│ │                              │   │   │   'weights_simplex__':            │ │
│ │                              array([0.01014617, 0.14924533]),            │ │
│ │                              │   │   │   'mus': array([ 0.39888616,      │ │
│ │                              0.34014412, -0.08736611]),                  │ │
│ │                              │   │   │   'like': array(-0.53519704)      │ │
│ │                              │   │   },                                  │ │
│ │                              │   │   {                                   │ │
│ │                              │   │   │   'weights_simplex__':            │ │
│ │                              array([-0.04694583,  0.03031557]),          │ │
│ │                              │   │   │   'mus': array([-0.41400051,      │ │
│ │                              0.4252021 ,  0.39858713]),                  │ │
│ │                              │   │   │   'like': array(-0.70241602)      │ │
│ │                              │   │   },                                  │ │
│ │                              │   │   {                                   │ │
│ │                              │   │   │   'weights_simplex__':            │ │
│ │                              array([-0.00516174, -0.92792033]),          │ │
│ │                              │   │   │   'mus': array([-0.54223644,      │ │
│ │                              0.76365872,  0.47696531]),                  │ │
│ │                              │   │   │   'like': array(-0.38040538)      │ │
│ │                              │   │   },                                  │ │
│ │                              │   │   {                                   │ │
│ │                              │   │   │   'weights_simplex__':            │ │
│ │                              array([-0.13563097,  0.77579271]),          │ │
│ │                              │   │   │   'mus': array([-0.87935817,      │ │
│ │                              0.43132   , -0.78884159]),                  │ │
│ │                              │   │   │   'like': array(0.34855034)       │ │
│ │                              │   │   },                                  │ │
│ │                              │   │   {                                   │ │
│ │                              │   │   │   'weights_simplex__': array([    │ │
│ │                              0.41850364, -0.17461607]),                  │ │
│ │                              │   │   │   'mus': array([-0.13398199,      │ │
│ │                              0.15403062,  0.44602985]),                  │ │
│ │                              │   │   │   'like': array(0.57642326)       │ │
│ │                              │   │   }                                   │ │
│ │                              │   ],                                      │ │
│ │                              │   'traces': [                             │ │
│ │                              │   │   <pymc.backends.ndarray.NDArray      │ │
│ │                              object at 0x7fdbd22a9900>,                  │ │
│ │                              │   │   <pymc.backends.ndarray.NDArray      │ │
│ │                              object at 0x7fdbd22a9270>,                  │ │
│ │                              │   │   <pymc.backends.ndarray.NDArray      │ │
│ │                              object at 0x7fdbdafc7280>,                  │ │
│ │                              │   │   <pymc.backends.ndarray.NDArray      │ │
│ │                              object at 0x7fdbdd89a2c0>,                  │ │
│ │                              │   │   <pymc.backends.ndarray.NDArray      │ │
│ │                              object at 0x7fdbdadb6d10>,                  │ │
│ │                              │   │   <pymc.backends.ndarray.NDArray      │ │
│ │                              object at 0x7fdbdd78e6e0>,                  │ │
│ │                              │   │   <pymc.backends.ndarray.NDArray      │ │
│ │                              object at 0x7fdbd26ac250>,                  │ │
│ │                              │   │   <pymc.backends.ndarray.NDArray      │ │
│ │                              object at 0x7fdbdacc62f0>,                  │ │
│ │                              │   │   <pymc.backends.ndarray.NDArray      │ │
│ │                              object at 0x7fdbd2726380>,                  │ │
│ │                              │   │   <pymc.backends.ndarray.NDArray      │ │
│ │                              object at 0x7fdbd2afcd90>                   │ │
│ │                              │   ],                                      │ │
│ │                              │   'chains': 10,                           │ │
│ │                              │   'tune': 1000,                           │ │
│ │                              │   'var_names': None,                      │ │
│ │                              │   'progressbar': False,                   │ │
│ │                              │   'progressbar_theme': None,              │ │
│ │                              │   'model': <pymc.model.core.Model object  │ │
│ │                              at 0x7fdbe4da19c0>,                         │ │
│ │                              │   ... +6                                  │ │
│ │                              }                                           │ │
│ │             selected_steps = {                                           │ │
│ │                              │   <class                                  │ │
│ │                              'pymc.step_methods.hmc.nuts.NUTS'>: [       │ │
│ │                              │   │   weights_simplex__,                  │ │
│ │                              │   │   mus,                                │ │
│ │                              │   │   like                                │ │
│ │                              │   ]                                       │ │
│ │                              }                                           │ │
│ │                       step = <pymc.step_methods.hmc.nuts.NUTS object at  │ │
│ │                              0x7fdbdd78c7f0>                             │ │
│ │                    t_start = 1752861173.670034                           │ │
│ │                      trace = None                                        │ │
│ │                 trace_vars = None                                        │ │
│ │                     traces = [                                           │ │
│ │                              │   <pymc.backends.ndarray.NDArray object   │ │
│ │                              at 0x7fdbd22a9900>,                         │ │
│ │                              │   <pymc.backends.ndarray.NDArray object   │ │
│ │                              at 0x7fdbd22a9270>,                         │ │
│ │                              │   <pymc.backends.ndarray.NDArray object   │ │
│ │                              at 0x7fdbdafc7280>,                         │ │
│ │                              │   <pymc.backends.ndarray.NDArray object   │ │
│ │                              at 0x7fdbdd89a2c0>,                         │ │
│ │                              │   <pymc.backends.ndarray.NDArray object   │ │
│ │                              at 0x7fdbdadb6d10>,                         │ │
│ │                              │   <pymc.backends.ndarray.NDArray object   │ │
│ │                              at 0x7fdbdd78e6e0>,                         │ │
│ │                              │   <pymc.backends.ndarray.NDArray object   │ │
│ │                              at 0x7fdbd26ac250>,                         │ │
│ │                              │   <pymc.backends.ndarray.NDArray object   │ │
│ │                              at 0x7fdbdacc62f0>,                         │ │
│ │                              │   <pymc.backends.ndarray.NDArray object   │ │
│ │                              at 0x7fdbd2726380>,                         │ │
│ │                              │   <pymc.backends.ndarray.NDArray object   │ │
│ │                              at 0x7fdbd2afcd90>                          │ │
│ │                              ]                                           │ │
│ │                       tune = 1000                                        │ │
│ │                  var_names = None                                        │ │
│ ╰──────────────────────────────────────────────────────────────────────────╯ │
│                                                                              │
│ /mnt/hpc/work/kdruscit/singular-learning-theory/code/python/.venv/lib/python │
│ 3.10/site-packages/pymc/sampling/mcmc.py:1419 in _mp_sample                  │
│                                                                              │
│   1416 │   │   │   │   │   log_warning_stats(draw.stats)                     │
│   1417 │   │   │   │   │                                                     │
│   1418 │   │   │   │   │   if callback is not None:                          │
│ ❱ 1419 │   │   │   │   │   │   callback(trace=strace, draw=draw)             │
│   1420 │   │                                                                 │
│   1421 │   │   except ps.ParallelSamplingError as error:                     │
│   1422 │   │   │   for strace in traces:                                     │
│                                                                              │
│ ╭───────────────────────────────── locals ─────────────────────────────────╮ │
│ │        blas_cores = 1                                                    │ │
│ │          callback = <estimation.mixnorm.ksigma.pymc_tools.ClusterFriend… │ │
│ │                     object at 0x7fdbde10a320>                            │ │
│ │            chains = 10                                                   │ │
│ │             cores = 10                                                   │ │
│ │              draw = Draw(                                                │ │
│ │                     │   chain=9,                                         │ │
│ │                     │   is_last=False,                                   │ │
│ │                     │   draw_idx=1249,                                   │ │
│ │                     │   tuning=False,                                    │ │
│ │                     │   stats=[                                          │ │
│ │                     │   │   {                                            │ │
│ │                     │   │   │   'tune': False,                           │ │
│ │                     │   │   │   'diverging': False,                      │ │
│ │                     │   │   │   'perf_counter_diff':                     │ │
│ │                     0.006735546048730612,                                │ │
│ │                     │   │   │   'process_time_diff':                     │ │
│ │                     0.006735877000000556,                                │ │
│ │                     │   │   │   'perf_counter_start': 1994494.191294676, │ │
│ │                     │   │   │   'warning': None,                         │ │
│ │                     │   │   │   'depth': 5,                              │ │
│ │                     │   │   │   'mean_tree_accept':                      │ │
│ │                     np.float64(0.9877902381109884),                      │ │
│ │                     │   │   │   'energy_error':                          │ │
│ │                     np.float64(0.05679544765006028),                     │ │
│ │                     │   │   │   'energy': np.float64(46.49848187087491), │ │
│ │                     │   │   │   ... +9                                   │ │
│ │                     │   │   }                                            │ │
│ │                     │   ],                                               │ │
│ │                     │   point={                                          │ │
│ │                     │   │   'weights_simplex__': array([  9.22340612,    │ │
│ │                     -16.1730691 ]),                                      │ │
│ │                     │   │   'mus': array([0.51980807, 0.25776174,        │ │
│ │                     1.72570935]),                                        │ │
│ │                     │   │   'like': array(-0.20549675)                   │ │
│ │                     │   }                                                │ │
│ │                     )                                                    │ │
│ │             draws = 1000                                                 │ │
│ │            kwargs = {                                                    │ │
│ │                     │   'var_names': None,                               │ │
│ │                     │   'discard_tuned_samples': True,                   │ │
│ │                     │   'max_treedepth': 50,                             │ │
│ │                     │   'target_accept': 0.995                           │ │
│ │                     }                                                    │ │
│ │             model = <pymc.model.core.Model object at 0x7fdbe4da19c0>     │ │
│ │            mp_ctx = None                                                 │ │
│ │       progressbar = False                                                │ │
│ │ progressbar_theme = None                                                 │ │
│ │                ps = <module 'pymc.sampling.parallel' from                │ │
│ │                     '/mnt/hpc/work/kdruscit/singular-learning-theory/co… │ │
│ │              rngs = [                                                    │ │
│ │                     │   Generator(PCG64) at 0x7FDBE4CEE420,              │ │
│ │                     │   Generator(PCG64) at 0x7FDBE4CEE340,              │ │
│ │                     │   Generator(PCG64) at 0x7FDBE4CEE0A0,              │ │
│ │                     │   Generator(PCG64) at 0x7FDBE4CEE180,              │ │
│ │                     │   Generator(PCG64) at 0x7FDBE4CEDEE0,              │ │
│ │                     │   Generator(PCG64) at 0x7FDBE4CEDFC0,              │ │
│ │                     │   Generator(PCG64) at 0x7FDBE4CEDA80,              │ │
│ │                     │   Generator(PCG64) at 0x7FDBE4CEDD20,              │ │
│ │                     │   Generator(PCG64) at 0x7FDBE4CEDB60,              │ │
│ │                     │   Generator(PCG64) at 0x7FDBE4CEDE00               │ │
│ │                     ]                                                    │ │
│ │           sampler = <pymc.sampling.parallel.ParallelSampler object at    │ │
│ │                     0x7fdbdd78cca0>                                      │ │
│ │             start = [                                                    │ │
│ │                     │   {                                                │ │
│ │                     │   │   'weights_simplex__': array([-0.96407566,     │ │
│ │                     0.04201648]),                                        │ │
│ │                     │   │   'mus': array([-0.31933768,  0.95678443,      │ │
│ │                     -0.41310792]),                                       │ │
│ │                     │   │   'like': array(-0.64829539)                   │ │
│ │                     │   },                                               │ │
│ │                     │   {                                                │ │
│ │                     │   │   'weights_simplex__': array([-0.53454946,     │ │
│ │                     -0.2765719 ]),                                       │ │
│ │                     │   │   'mus': array([-0.55018442,  0.14242224,      │ │
│ │                     -0.76920281]),                                       │ │
│ │                     │   │   'like': array(-0.96594248)                   │ │
│ │                     │   },                                               │ │
│ │                     │   {                                                │ │
│ │                     │   │   'weights_simplex__': array([-0.98935813,     │ │
│ │                     0.56619873]),                                        │ │
│ │                     │   │   'mus': array([ 0.98747079,  0.88965094,      │ │
│ │                     -0.24000214]),                                       │ │
│ │                     │   │   'like': array(0.35045768)                    │ │
│ │                     │   },                                               │ │
│ │                     │   {                                                │ │
│ │                     │   │   'weights_simplex__': array([-0.26722885,     │ │
│ │                     -0.43584315]),                                       │ │
│ │                     │   │   'mus': array([ 0.07699002, -0.23694101,      │ │
│ │                     0.72979292]),                                        │ │
│ │                     │   │   'like': array(0.44561406)                    │ │
│ │                     │   },                                               │ │
│ │                     │   {                                                │ │
│ │                     │   │   'weights_simplex__': array([-0.113254  ,     │ │
│ │                     0.05236122]),                                        │ │
│ │                     │   │   'mus': array([-0.69241435,  0.51335272,      │ │
│ │                     -0.51182632]),                                       │ │
│ │                     │   │   'like': array(0.33241004)                    │ │
│ │                     │   },                                               │ │
│ │                     │   {                                                │ │
│ │                     │   │   'weights_simplex__': array([0.01014617,      │ │
│ │                     0.14924533]),                                        │ │
│ │                     │   │   'mus': array([ 0.39888616,  0.34014412,      │ │
│ │                     -0.08736611]),                                       │ │
│ │                     │   │   'like': array(-0.53519704)                   │ │
│ │                     │   },                                               │ │
│ │                     │   {                                                │ │
│ │                     │   │   'weights_simplex__': array([-0.04694583,     │ │
│ │                     0.03031557]),                                        │ │
│ │                     │   │   'mus': array([-0.41400051,  0.4252021 ,      │ │
│ │                     0.39858713]),                                        │ │
│ │                     │   │   'like': array(-0.70241602)                   │ │
│ │                     │   },                                               │ │
│ │                     │   {                                                │ │
│ │                     │   │   'weights_simplex__': array([-0.00516174,     │ │
│ │                     -0.92792033]),                                       │ │
│ │                     │   │   'mus': array([-0.54223644,  0.76365872,      │ │
│ │                     0.47696531]),                                        │ │
│ │                     │   │   'like': array(-0.38040538)                   │ │
│ │                     │   },                                               │ │
│ │                     │   {                                                │ │
│ │                     │   │   'weights_simplex__': array([-0.13563097,     │ │
│ │                     0.77579271]),                                        │ │
│ │                     │   │   'mus': array([-0.87935817,  0.43132   ,      │ │
│ │                     -0.78884159]),                                       │ │
│ │                     │   │   'like': array(0.34855034)                    │ │
│ │                     │   },                                               │ │
│ │                     │   {                                                │ │
│ │                     │   │   'weights_simplex__': array([ 0.41850364,     │ │
│ │                     -0.17461607]),                                       │ │
│ │                     │   │   'mus': array([-0.13398199,  0.15403062,      │ │
│ │                     0.44602985]),                                        │ │
│ │                     │   │   'like': array(0.57642326)                    │ │
│ │                     │   }                                                │ │
│ │                     ]                                                    │ │
│ │              step = <pymc.step_methods.hmc.nuts.NUTS object at           │ │
│ │                     0x7fdbdd78c7f0>                                      │ │
│ │            strace = <pymc.backends.ndarray.NDArray object at             │ │
│ │                     0x7fdbd2afcd90>                                      │ │
│ │            traces = [                                                    │ │
│ │                     │   <pymc.backends.ndarray.NDArray object at         │ │
│ │                     0x7fdbd22a9900>,                                     │ │
│ │                     │   <pymc.backends.ndarray.NDArray object at         │ │
│ │                     0x7fdbd22a9270>,                                     │ │
│ │                     │   <pymc.backends.ndarray.NDArray object at         │ │
│ │                     0x7fdbdafc7280>,                                     │ │
│ │                     │   <pymc.backends.ndarray.NDArray object at         │ │
│ │                     0x7fdbdd89a2c0>,                                     │ │
│ │                     │   <pymc.backends.ndarray.NDArray object at         │ │
│ │                     0x7fdbdadb6d10>,                                     │ │
│ │                     │   <pymc.backends.ndarray.NDArray object at         │ │
│ │                     0x7fdbdd78e6e0>,                                     │ │
│ │                     │   <pymc.backends.ndarray.NDArray object at         │ │
│ │                     0x7fdbd26ac250>,                                     │ │
│ │                     │   <pymc.backends.ndarray.NDArray object at         │ │
│ │                     0x7fdbdacc62f0>,                                     │ │
│ │                     │   <pymc.backends.ndarray.NDArray object at         │ │
│ │                     0x7fdbd2726380>,                                     │ │
│ │                     │   <pymc.backends.ndarray.NDArray object at         │ │
│ │                     0x7fdbd2afcd90>                                      │ │
│ │                     ]                                                    │ │
│ │              tune = 1000                                                 │ │
│ │       zarr_chains = None                                                 │ │
│ │    zarr_recording = False                                                │ │
│ ╰──────────────────────────────────────────────────────────────────────────╯ │
│                                                                              │
│ /mnt/hpc/work/kdruscit/singular-learning-theory/code/python/estimation/mixno │
│ rm/ksigma/pymc_tools.py:45 in __call__                                       │
│                                                                              │
│   42 │   │   │   # print(trace.report)                                       │
│   43 │   │   │                                                               │
│   44 │   │   │   multitrace = MultiTrace(list(self.traces.values()))         │
│ ❱ 45 │   │   │   if rhat(multitrace).to_array().max() < self.max_rhat:       │
│   46 │   │   │   │   raise KeyboardInterrupt                                 │
│   47                                                                         │
│   48                                                                         │
│                                                                              │
│ ╭───────────────────────────────── locals ─────────────────────────────────╮ │
│ │   chain_id = 9                                                           │ │
│ │       draw = Draw(                                                       │ │
│ │              │   chain=9,                                                │ │
│ │              │   is_last=False,                                          │ │
│ │              │   draw_idx=1249,                                          │ │
│ │              │   tuning=False,                                           │ │
│ │              │   stats=[                                                 │ │
│ │              │   │   {                                                   │ │
│ │              │   │   │   'tune': False,                                  │ │
│ │              │   │   │   'diverging': False,                             │ │
│ │              │   │   │   'perf_counter_diff': 0.006735546048730612,      │ │
│ │              │   │   │   'process_time_diff': 0.006735877000000556,      │ │
│ │              │   │   │   'perf_counter_start': 1994494.191294676,        │ │
│ │              │   │   │   'warning': None,                                │ │
│ │              │   │   │   'depth': 5,                                     │ │
│ │              │   │   │   'mean_tree_accept':                             │ │
│ │              np.float64(0.9877902381109884),                             │ │
│ │              │   │   │   'energy_error':                                 │ │
│ │              np.float64(0.05679544765006028),                            │ │
│ │              │   │   │   'energy': np.float64(46.49848187087491),        │ │
│ │              │   │   │   ... +9                                          │ │
│ │              │   │   }                                                   │ │
│ │              │   ],                                                      │ │
│ │              │   point={                                                 │ │
│ │              │   │   'weights_simplex__': array([  9.22340612,           │ │
│ │              -16.1730691 ]),                                             │ │
│ │              │   │   'mus': array([0.51980807, 0.25776174, 1.72570935]), │ │
│ │              │   │   'like': array(-0.20549675)                          │ │
│ │              │   }                                                       │ │
│ │              )                                                           │ │
│ │ multitrace = <MultiTrace: 10 chains, 1250 iterations, 4 variables>       │ │
│ │ perf_diffs = array([0.20164626, 0.00103151, 0.18570401, ..., 0.        , │ │
│ │              0.        ,                                                 │ │
│ │              │      0.        ], shape=(2000,))                          │ │
│ │       self = <estimation.mixnorm.ksigma.pymc_tools.ClusterFriendlyCallb… │ │
│ │              object at 0x7fdbde10a320>                                   │ │
│ │ total_time = np.float64(92.06665836437605)                               │ │
│ │      trace = <pymc.backends.ndarray.NDArray object at 0x7fdbd2afcd90>    │ │
│ ╰──────────────────────────────────────────────────────────────────────────╯ │
│                                                                              │
│ /mnt/hpc/work/kdruscit/singular-learning-theory/code/python/.venv/lib/python │
│ 3.10/site-packages/arviz/stats/diagnostics.py:334 in rhat                    │
│                                                                              │
│    331 │   │   )                                                             │
│    332 │   │   raise TypeError(msg)                                          │
│    333 │                                                                     │
│ ❱  334 │   dataset = convert_to_dataset(data, group="posterior")             │
│    335 │   var_names = _var_names(var_names, dataset)                        │
│    336 │                                                                     │
│    337 │   dataset = dataset if var_names is None else dataset[var_names]    │
│                                                                              │
│ ╭───────────────────────────────── locals ─────────────────────────────────╮ │
│ │ dask_kwargs = None                                                       │ │
│ │        data = <MultiTrace: 10 chains, 1250 iterations, 4 variables>      │ │
│ │      method = 'rank'                                                     │ │
│ │     methods = {                                                          │ │
│ │               │   'rank': <function _rhat_rank at 0x7fdbdf061ea0>,       │ │
│ │               │   'split': <function _rhat_split at 0x7fdbdf062050>,     │ │
│ │               │   'folded': <function _rhat_folded at 0x7fdbdf061f30>,   │ │
│ │               │   'z_scale': <function _rhat_z_scale at 0x7fdbdf061fc0>, │ │
│ │               │   'identity': <function _rhat_identity at                │ │
│ │               0x7fdbdf0620e0>                                            │ │
│ │               }                                                          │ │
│ │   var_names = None                                                       │ │
│ ╰──────────────────────────────────────────────────────────────────────────╯ │
│                                                                              │
│ /mnt/hpc/work/kdruscit/singular-learning-theory/code/python/.venv/lib/python │
│ 3.10/site-packages/arviz/data/converters.py:185 in convert_to_dataset        │
│                                                                              │
│   182 │   -------                                                            │
│   183 │   xarray.Dataset                                                     │
│   184 │   """                                                                │
│ ❱ 185 │   inference_data = convert_to_inference_data(obj, group=group, coord │
│   186 │   dataset = getattr(inference_data, group, None)                     │
│   187 │   if dataset is None:                                                │
│   188 │   │   raise ValueError(                                              │
│                                                                              │
│ ╭──────────────────────────── locals ────────────────────────────╮           │
│ │ coords = None                                                  │           │
│ │   dims = None                                                  │           │
│ │  group = 'posterior'                                           │           │
│ │    obj = <MultiTrace: 10 chains, 1250 iterations, 4 variables> │           │
│ ╰────────────────────────────────────────────────────────────────╯           │
│                                                                              │
│ /mnt/hpc/work/kdruscit/singular-learning-theory/code/python/.venv/lib/python │
│ 3.10/site-packages/arviz/data/converters.py:139 in convert_to_inference_data │
│                                                                              │
│   136 │   │   │   "cmdstan fit csv filename",                                │
│   137 │   │   │   "cmdstanpy fit",                                           │
│   138 │   │   )                                                              │
│ ❱ 139 │   │   raise ValueError(                                              │
│   140 │   │   │   f'Can only convert {", ".join(allowable_types)} to Inferen │
│   141 │   │   │   f"not {obj.__class__.__name__}"                            │
│   142 │   │   )                                                              │
│                                                                              │
│ ╭───────────────────────────────── locals ─────────────────────────────────╮ │
│ │ allowable_types = (                                                      │ │
│ │                   │   'xarray dataarray',                                │ │
│ │                   │   'xarray dataset',                                  │ │
│ │                   │   'dict',                                            │ │
│ │                   │   "pytree (if 'dm-tree' is installed)",              │ │
│ │                   │   'netcdf filename',                                 │ │
│ │                   │   'numpy array',                                     │ │
│ │                   │   'pystan fit',                                      │ │
│ │                   │   'emcee fit',                                       │ │
│ │                   │   'pyro mcmc fit',                                   │ │
│ │                   │   'numpyro mcmc fit',                                │ │
│ │                   │   ... +2                                             │ │
│ │                   )                                                      │ │
│ │          coords = None                                                   │ │
│ │            dims = None                                                   │ │
│ │           group = 'posterior'                                            │ │
│ │          kwargs = {                                                      │ │
│ │                   │   'posterior': <MultiTrace: 10 chains, 1250          │ │
│ │                   iterations, 4 variables>,                              │ │
│ │                   │   'coords': None,                                    │ │
│ │                   │   'dims': None                                       │ │
│ │                   }                                                      │ │
│ │             obj = <MultiTrace: 10 chains, 1250 iterations, 4 variables>  │ │
│ ╰──────────────────────────────────────────────────────────────────────────╯ │
╰──────────────────────────────────────────────────────────────────────────────╯
ValueError: Can only convert xarray dataarray, xarray dataset, dict, pytree (if 
'dm-tree' is installed), netcdf filename, numpy array, pystan fit, emcee fit, 
pyro mcmc fit, numpyro mcmc fit, cmdstan fit csv filename, cmdstanpy fit to 
InferenceData, not MultiTrace
srun: error: hpc-pr3-03: task 2: Exited with exit code 1
╭───────────────────── Traceback (most recent call last) ──────────────────────╮
│ /mnt/hpc/work/kdruscit/singular-learning-theory/code/python/estimation/mixno │
│ rm/ksigma/main.py:92 in rlctx                                                │
│                                                                              │
│    89 │   idata = None                                                       │
│    90 │   with model:                                                        │
│    91 │   │   print(pymc_progressbar)                                        │
│ ❱  92 │   │   idata = pm.sample(draws=pymc_draws,                            │
│    93 │   │   │   │   │   │     tune=pymc_tune,                              │
│    94 │   │   │   │   │   │     chains=pymc_chains,                          │
│    95 │   │   │   │   │   │     cores=pymc_cores,                            │
│                                                                              │
│ ╭───────────────────────────────── locals ─────────────────────────────────╮ │
│ │                     az = <module 'arviz' from                            │ │
│ │                          '/mnt/hpc/work/kdruscit/singular-learning-theo… │ │
│ │                  idata = None                                            │ │
│ │ invtemp_scaling_factor = 1                                               │ │
│ │ mean_prior_cov_scaling = 4.0                                             │ │
│ │     mixture_components = 3                                               │ │
│ │                  model = <pymc.model.core.Model object at                │ │
│ │                          0x7f2ddf1e19c0>                                 │ │
│ │                      n = 100                                             │ │
│ │                     np = <module 'numpy' from                            │ │
│ │                          '/mnt/hpc/work/kdruscit/singular-learning-theo… │ │
│ │                pathstr = 'estimation/mixnorm/ksigma/data/observations/n… │ │
│ │                     pm = <module 'pymc' from                             │ │
│ │                          '/mnt/hpc/work/kdruscit/singular-learning-theo… │ │
│ │                     pt = <module 'pytensor' from                         │ │
│ │                          '/mnt/hpc/work/kdruscit/singular-learning-theo… │ │
│ │            pymc_chains = 10                                              │ │
│ │             pymc_cores = 10                                              │ │
│ │             pymc_draws = 1000                                            │ │
│ │       pymc_progressbar = False                                           │ │
│ │              pymc_tune = 1000                                            │ │
│ │              targetdir = '.'                                             │ │
│ │                 x_data = array([ 0.5418459 ,  0.0564247 , -1.50166618,   │ │
│ │                          0.23482283,  0.51874431,                        │ │
│ │                          │   │   0.46099198, -0.33490282,  1.24580097,   │ │
│ │                          -0.55013189, -1.54668546,                       │ │
│ │                          │      -0.76314938,  1.61260858, -1.06255542,   │ │
│ │                          -0.11514613, -0.88456432,                       │ │
│ │                          │   │   1.05967827, -1.00333253,  1.51539862,   │ │
│ │                          0.13981142,  0.34138647,                        │ │
│ │                          │      -1.74609383, -0.01991043, -0.2600681 ,   │ │
│ │                          0.26009384,  0.65216452,                        │ │
│ │                          │   │   0.25723645, -2.71286086,  0.21354227,   │ │
│ │                          -0.62661571, -0.83970704,                       │ │
│ │                          │   │   1.110821  , -0.70688454,  1.15953556,   │ │
│ │                          -0.54798849,  0.39061678,                       │ │
│ │                          │   │   0.23423252,  0.26927806,  0.82810118,   │ │
│ │                          0.77147089,  0.21112086,                        │ │
│ │                          │      -0.46874449,  0.82390541,  0.88348432,   │ │
│ │                          0.29695891,  0.20271367,                        │ │
│ │                          │   │   0.50031774,  0.2039249 ,  1.34086154,   │ │
│ │                          -0.9212274 ,  1.09580553,                       │ │
│ │                          │      -0.17727303, -0.17224081,  1.57957521,   │ │
│ │                          0.30258116,  0.70626166,                        │ │
│ │                          │   │   0.49427457,  0.01955391,  0.74710658,   │ │
│ │                          1.96995004,  0.33375395,                        │ │
│ │                          │      -1.01397341, -1.07910027,  1.25701143,   │ │
│ │                          0.24255672, -1.10963898,                        │ │
│ │                          │   │   1.48861878, -0.5056098 , -1.45928526,   │ │
│ │                          0.66896881,  0.11573986,                        │ │
│ │                          │   │   0.26927449, -0.08296203,  0.76957661,   │ │
│ │                          0.88559302,  0.77064137,                        │ │
│ │                          │      -0.88364126, -0.65935407,  0.73094601,   │ │
│ │                          1.28460333, -0.21424996,                        │ │
│ │                          │      -0.43243754,  1.27567983, -0.86244216,   │ │
│ │                          -0.29486898,  0.22619302,                       │ │
│ │                          │      -1.00865678,  0.81319033, -0.59567051,   │ │
│ │                          -0.19275418, -1.1536697 ,                       │ │
│ │                          │      -0.95220855,  0.21240703,  1.93505729,   │ │
│ │                          0.60235799,  0.81021319,                        │ │
│ │                          │      -0.43218366, -0.42909328, -0.25235026,   │ │
│ │                          0.66392117, -0.05602128])                       │ │
│ ╰──────────────────────────────────────────────────────────────────────────╯ │
│                                                                              │
│ /mnt/hpc/work/kdruscit/singular-learning-theory/code/python/.venv/lib/python │
│ 3.10/site-packages/pymc/sampling/mcmc.py:935 in sample                       │
│                                                                              │
│    932 │   │   _log.info(f"Multiprocess sampling ({chains} chains in {cores} │
│    933 │   │   _print_step_hierarchy(step)                                   │
│    934 │   │   try:                                                          │
│ ❱  935 │   │   │   _mp_sample(**sample_args, **parallel_args)                │
│    936 │   │   except pickle.PickleError:                                    │
│    937 │   │   │   _log.warning("Could not pickle model, sampling singlethre │
│    938 │   │   │   _log.debug("Pickling error:", exc_info=True)              │
│                                                                              │
│ ╭───────────────────────────────── locals ─────────────────────────────────╮ │
│ │                 blas_cores = 10                                          │ │
│ │                   callback = <estimation.mixnorm.ksigma.pymc_tools.Clus… │ │
│ │                              object at 0x7f2dd864e320>                   │ │
│ │                     chains = 10                                          │ │
│ │             compile_kwargs = None                                        │ │
│ │ compute_convergence_checks = True                                        │ │
│ │                      cores = 10                                          │ │
│ │      discard_tuned_samples = True                                        │ │
│ │                      draws = 1000                                        │ │
│ │             exclusive_nuts = True                                        │ │
│ │    has_population_samplers = np.False_                                   │ │
│ │               idata_kwargs = None                                        │ │
│ │                       init = 'auto'                                      │ │
│ │             initial_points = [                                           │ │
│ │                              │   {                                       │ │
│ │                              │   │   'weights_simplex__':                │ │
│ │                              array([-0.8027911 ,  0.30371595]),          │ │
│ │                              │   │   'mus': array([-0.88586938,          │ │
│ │                              0.43325915,  0.6554785 ]),                  │ │
│ │                              │   │   'like': array(-0.55322248)          │ │
│ │                              │   },                                      │ │
│ │                              │   {                                       │ │
│ │                              │   │   'weights_simplex__': array([        │ │
│ │                              0.68573251, -0.66887461]),                  │ │
│ │                              │   │   'mus': array([ 0.22838626,          │ │
│ │                              -0.2622703 , -0.47357167]),                 │ │
│ │                              │   │   'like': array(-0.34380347)          │ │
│ │                              │   },                                      │ │
│ │                              │   {                                       │ │
│ │                              │   │   'weights_simplex__': array([        │ │
│ │                              0.48410559, -0.80633914]),                  │ │
│ │                              │   │   'mus': array([-0.3235244 ,          │ │
│ │                              -0.51263285, -0.37528748]),                 │ │
│ │                              │   │   'like': array(-0.35945834)          │ │
│ │                              │   },                                      │ │
│ │                              │   {                                       │ │
│ │                              │   │   'weights_simplex__':                │ │
│ │                              array([0.34372528, 0.28543776]),            │ │
│ │                              │   │   'mus': array([-0.91148866,          │ │
│ │                              0.07003733,  0.52328389]),                  │ │
│ │                              │   │   'like': array(-0.0108356)           │ │
│ │                              │   },                                      │ │
│ │                              │   {                                       │ │
│ │                              │   │   'weights_simplex__':                │ │
│ │                              array([0.78035462, 0.37081265]),            │ │
│ │                              │   │   'mus': array([-0.51029317,          │ │
│ │                              0.35179473, -0.75951376]),                  │ │
│ │                              │   │   'like': array(-1.11268721)          │ │
│ │                              │   },                                      │ │
│ │                              │   {                                       │ │
│ │                              │   │   'weights_simplex__':                │ │
│ │                              array([-0.57896692,  0.8010974 ]),          │ │
│ │                              │   │   'mus': array([-0.61713801,          │ │
│ │                              -0.87680863, -0.26510728]),                 │ │
│ │                              │   │   'like': array(-0.4108735)           │ │
│ │                              │   },                                      │ │
│ │                              │   {                                       │ │
│ │                              │   │   'weights_simplex__': array([        │ │
│ │                              0.10040163, -0.49713582]),                  │ │
│ │                              │   │   'mus': array([ 0.09697515,          │ │
│ │                              0.68591016, -0.51106959]),                  │ │
│ │                              │   │   'like': array(-0.83507008)          │ │
│ │                              │   },                                      │ │
│ │                              │   {                                       │ │
│ │                              │   │   'weights_simplex__': array([        │ │
│ │                              0.06605335, -0.81525518]),                  │ │
│ │                              │   │   'mus': array([-0.01109214,          │ │
│ │                              0.82407927, -0.9723856 ]),                  │ │
│ │                              │   │   'like': array(0.14323799)           │ │
│ │                              │   },                                      │ │
│ │                              │   {                                       │ │
│ │                              │   │   'weights_simplex__':                │ │
│ │                              array([-0.2372633 , -0.00975721]),          │ │
│ │                              │   │   'mus': array([ 0.81892403,          │ │
│ │                              -0.2000869 , -0.95710083]),                 │ │
│ │                              │   │   'like': array(-0.91366749)          │ │
│ │                              │   },                                      │ │
│ │                              │   {                                       │ │
│ │                              │   │   'weights_simplex__':                │ │
│ │                              array([-0.7299821 , -0.44967059]),          │ │
│ │                              │   │   'mus': array([ 0.2922506 ,          │ │
│ │                              0.48716968, -0.08939259]),                  │ │
│ │                              │   │   'like': array(-0.1933645)           │ │
│ │                              │   }                                       │ │
│ │                              ]                                           │ │
│ │                   initvals = None                                        │ │
│ │         jitter_max_retries = 10                                          │ │
│ │          keep_warning_stat = False                                       │ │
│ │                     kwargs = {                                           │ │
│ │                              │   'max_treedepth': 50,                    │ │
│ │                              │   'target_accept': 0.995                  │ │
│ │                              }                                           │ │
│ │                      model = <pymc.model.core.Model object at            │ │
│ │                              0x7f2ddf1e19c0>                             │ │
│ │                     mp_ctx = None                                        │ │
│ │                     n_init = 200000                                      │ │
│ │   num_blas_cores_per_chain = 1                                           │ │
│ │                nuts_kwargs = {'target_accept': 0.995}                    │ │
│ │               nuts_sampler = 'pymc'                                      │ │
│ │        nuts_sampler_kwargs = {}                                          │ │
│ │                   parallel = True                                        │ │
│ │              parallel_args = {'mp_ctx': None, 'blas_cores': 1}           │ │
│ │              progress_bool = False                                       │ │
│ │                progressbar = False                                       │ │
│ │          progressbar_theme = None                                        │ │
│ │             provided_steps = []                                          │ │
│ │                random_seed = None                                        │ │
│ │           random_seed_list = [                                           │ │
│ │                              │   np.int64(715121153),                    │ │
│ │                              │   np.int64(607351017),                    │ │
│ │                              │   np.int64(269558464),                    │ │
│ │                              │   np.int64(309654196),                    │ │
│ │                              │   np.int64(314639721),                    │ │
│ │                              │   np.int64(355089633),                    │ │
│ │                              │   np.int64(464325103),                    │ │
│ │                              │   np.int64(508367257),                    │ │
│ │                              │   np.int64(127122107),                    │ │
│ │                              │   np.int64(348862365)                     │ │
│ │                              ]                                           │ │
│ │       return_inferencedata = True                                        │ │
│ │                       rngs = [                                           │ │
│ │                              │   Generator(PCG64) at 0x7F2DDF12E420,     │ │
│ │                              │   Generator(PCG64) at 0x7F2DDF12E340,     │ │
│ │                              │   Generator(PCG64) at 0x7F2DDF12E0A0,     │ │
│ │                              │   Generator(PCG64) at 0x7F2DDF12E180,     │ │
│ │                              │   Generator(PCG64) at 0x7F2DDF12DEE0,     │ │
│ │                              │   Generator(PCG64) at 0x7F2DDF12DFC0,     │ │
│ │                              │   Generator(PCG64) at 0x7F2DDF12DA80,     │ │
│ │                              │   Generator(PCG64) at 0x7F2DDF12DD20,     │ │
│ │                              │   Generator(PCG64) at 0x7F2DDF12DB60,     │ │
│ │                              │   Generator(PCG64) at 0x7F2DDF12DE00      │ │
│ │                              ]                                           │ │
│ │                        run = None                                        │ │
│ │                sample_args = {                                           │ │
│ │                              │   'draws': 2000,                          │ │
│ │                              │   'step':                                 │ │
│ │                              <pymc.step_methods.hmc.nuts.NUTS object at  │ │
│ │                              0x7f2dcc8dcd60>,                            │ │
│ │                              │   'start': [                              │ │
│ │                              │   │   {                                   │ │
│ │                              │   │   │   'weights_simplex__':            │ │
│ │                              array([-0.8027911 ,  0.30371595]),          │ │
│ │                              │   │   │   'mus': array([-0.88586938,      │ │
│ │                              0.43325915,  0.6554785 ]),                  │ │
│ │                              │   │   │   'like': array(-0.55322248)      │ │
│ │                              │   │   },                                  │ │
│ │                              │   │   {                                   │ │
│ │                              │   │   │   'weights_simplex__': array([    │ │
│ │                              0.68573251, -0.66887461]),                  │ │
│ │                              │   │   │   'mus': array([ 0.22838626,      │ │
│ │                              -0.2622703 , -0.47357167]),                 │ │
│ │                              │   │   │   'like': array(-0.34380347)      │ │
│ │                              │   │   },                                  │ │
│ │                              │   │   {                                   │ │
│ │                              │   │   │   'weights_simplex__': array([    │ │
│ │                              0.48410559, -0.80633914]),                  │ │
│ │                              │   │   │   'mus': array([-0.3235244 ,      │ │
│ │                              -0.51263285, -0.37528748]),                 │ │
│ │                              │   │   │   'like': array(-0.35945834)      │ │
│ │                              │   │   },                                  │ │
│ │                              │   │   {                                   │ │
│ │                              │   │   │   'weights_simplex__':            │ │
│ │                              array([0.34372528, 0.28543776]),            │ │
│ │                              │   │   │   'mus': array([-0.91148866,      │ │
│ │                              0.07003733,  0.52328389]),                  │ │
│ │                              │   │   │   'like': array(-0.0108356)       │ │
│ │                              │   │   },                                  │ │
│ │                              │   │   {                                   │ │
│ │                              │   │   │   'weights_simplex__':            │ │
│ │                              array([0.78035462, 0.37081265]),            │ │
│ │                              │   │   │   'mus': array([-0.51029317,      │ │
│ │                              0.35179473, -0.75951376]),                  │ │
│ │                              │   │   │   'like': array(-1.11268721)      │ │
│ │                              │   │   },                                  │ │
│ │                              │   │   {                                   │ │
│ │                              │   │   │   'weights_simplex__':            │ │
│ │                              array([-0.57896692,  0.8010974 ]),          │ │
│ │                              │   │   │   'mus': array([-0.61713801,      │ │
│ │                              -0.87680863, -0.26510728]),                 │ │
│ │                              │   │   │   'like': array(-0.4108735)       │ │
│ │                              │   │   },                                  │ │
│ │                              │   │   {                                   │ │
│ │                              │   │   │   'weights_simplex__': array([    │ │
│ │                              0.10040163, -0.49713582]),                  │ │
│ │                              │   │   │   'mus': array([ 0.09697515,      │ │
│ │                              0.68591016, -0.51106959]),                  │ │
│ │                              │   │   │   'like': array(-0.83507008)      │ │
│ │                              │   │   },                                  │ │
│ │                              │   │   {                                   │ │
│ │                              │   │   │   'weights_simplex__': array([    │ │
│ │                              0.06605335, -0.81525518]),                  │ │
│ │                              │   │   │   'mus': array([-0.01109214,      │ │
│ │                              0.82407927, -0.9723856 ]),                  │ │
│ │                              │   │   │   'like': array(0.14323799)       │ │
│ │                              │   │   },                                  │ │
│ │                              │   │   {                                   │ │
│ │                              │   │   │   'weights_simplex__':            │ │
│ │                              array([-0.2372633 , -0.00975721]),          │ │
│ │                              │   │   │   'mus': array([ 0.81892403,      │ │
│ │                              -0.2000869 , -0.95710083]),                 │ │
│ │                              │   │   │   'like': array(-0.91366749)      │ │
│ │                              │   │   },                                  │ │
│ │                              │   │   {                                   │ │
│ │                              │   │   │   'weights_simplex__':            │ │
│ │                              array([-0.7299821 , -0.44967059]),          │ │
│ │                              │   │   │   'mus': array([ 0.2922506 ,      │ │
│ │                              0.48716968, -0.08939259]),                  │ │
│ │                              │   │   │   'like': array(-0.1933645)       │ │
│ │                              │   │   }                                   │ │
│ │                              │   ],                                      │ │
│ │                              │   'traces': [                             │ │
│ │                              │   │   <pymc.backends.ndarray.NDArray      │ │
│ │                              object at 0x7f2dcc7fc940>,                  │ │
│ │                              │   │   <pymc.backends.ndarray.NDArray      │ │
│ │                              object at 0x7f2dcc9a44f0>,                  │ │
│ │                              │   │   <pymc.backends.ndarray.NDArray      │ │
│ │                              object at 0x7f2dd52fdb40>,                  │ │
│ │                              │   │   <pymc.backends.ndarray.NDArray      │ │
│ │                              object at 0x7f2dd86877f0>,                  │ │
│ │                              │   │   <pymc.backends.ndarray.NDArray      │ │
│ │                              object at 0x7f2dcc957550>,                  │ │
│ │                              │   │   <pymc.backends.ndarray.NDArray      │ │
│ │                              object at 0x7f2ddf1e3100>,                  │ │
│ │                              │   │   <pymc.backends.ndarray.NDArray      │ │
│ │                              object at 0x7f2dd51d0430>,                  │ │
│ │                              │   │   <pymc.backends.ndarray.NDArray      │ │
│ │                              object at 0x7f2dcd017340>,                  │ │
│ │                              │   │   <pymc.backends.ndarray.NDArray      │ │
│ │                              object at 0x7f2dccc42680>,                  │ │
│ │                              │   │   <pymc.backends.ndarray.NDArray      │ │
│ │                              object at 0x7f2dccfcc160>                   │ │
│ │                              │   ],                                      │ │
│ │                              │   'chains': 10,                           │ │
│ │                              │   'tune': 1000,                           │ │
│ │                              │   'var_names': None,                      │ │
│ │                              │   'progressbar': False,                   │ │
│ │                              │   'progressbar_theme': None,              │ │
│ │                              │   'model': <pymc.model.core.Model object  │ │
│ │                              at 0x7f2ddf1e19c0>,                         │ │
│ │                              │   ... +6                                  │ │
│ │                              }                                           │ │
│ │             selected_steps = {                                           │ │
│ │                              │   <class                                  │ │
│ │                              'pymc.step_methods.hmc.nuts.NUTS'>: [       │ │
│ │                              │   │   weights_simplex__,                  │ │
│ │                              │   │   mus,                                │ │
│ │                              │   │   like                                │ │
│ │                              │   ]                                       │ │
│ │                              }                                           │ │
│ │                       step = <pymc.step_methods.hmc.nuts.NUTS object at  │ │
│ │                              0x7f2dcc8dcd60>                             │ │
│ │                    t_start = 1752861174.538856                           │ │
│ │                      trace = None                                        │ │
│ │                 trace_vars = None                                        │ │
│ │                     traces = [                                           │ │
│ │                              │   <pymc.backends.ndarray.NDArray object   │ │
│ │                              at 0x7f2dcc7fc940>,                         │ │
│ │                              │   <pymc.backends.ndarray.NDArray object   │ │
│ │                              at 0x7f2dcc9a44f0>,                         │ │
│ │                              │   <pymc.backends.ndarray.NDArray object   │ │
│ │                              at 0x7f2dd52fdb40>,                         │ │
│ │                              │   <pymc.backends.ndarray.NDArray object   │ │
│ │                              at 0x7f2dd86877f0>,                         │ │
│ │                              │   <pymc.backends.ndarray.NDArray object   │ │
│ │                              at 0x7f2dcc957550>,                         │ │
│ │                              │   <pymc.backends.ndarray.NDArray object   │ │
│ │                              at 0x7f2ddf1e3100>,                         │ │
│ │                              │   <pymc.backends.ndarray.NDArray object   │ │
│ │                              at 0x7f2dd51d0430>,                         │ │
│ │                              │   <pymc.backends.ndarray.NDArray object   │ │
│ │                              at 0x7f2dcd017340>,                         │ │
│ │                              │   <pymc.backends.ndarray.NDArray object   │ │
│ │                              at 0x7f2dccc42680>,                         │ │
│ │                              │   <pymc.backends.ndarray.NDArray object   │ │
│ │                              at 0x7f2dccfcc160>                          │ │
│ │                              ]                                           │ │
│ │                       tune = 1000                                        │ │
│ │                  var_names = None                                        │ │
│ ╰──────────────────────────────────────────────────────────────────────────╯ │
│                                                                              │
│ /mnt/hpc/work/kdruscit/singular-learning-theory/code/python/.venv/lib/python │
│ 3.10/site-packages/pymc/sampling/mcmc.py:1419 in _mp_sample                  │
│                                                                              │
│   1416 │   │   │   │   │   log_warning_stats(draw.stats)                     │
│   1417 │   │   │   │   │                                                     │
│   1418 │   │   │   │   │   if callback is not None:                          │
│ ❱ 1419 │   │   │   │   │   │   callback(trace=strace, draw=draw)             │
│   1420 │   │                                                                 │
│   1421 │   │   except ps.ParallelSamplingError as error:                     │
│   1422 │   │   │   for strace in traces:                                     │
│                                                                              │
│ ╭───────────────────────────────── locals ─────────────────────────────────╮ │
│ │        blas_cores = 1                                                    │ │
│ │          callback = <estimation.mixnorm.ksigma.pymc_tools.ClusterFriend… │ │
│ │                     object at 0x7f2dd864e320>                            │ │
│ │            chains = 10                                                   │ │
│ │             cores = 10                                                   │ │
│ │              draw = Draw(                                                │ │
│ │                     │   chain=8,                                         │ │
│ │                     │   is_last=False,                                   │ │
│ │                     │   draw_idx=1249,                                   │ │
│ │                     │   tuning=False,                                    │ │
│ │                     │   stats=[                                          │ │
│ │                     │   │   {                                            │ │
│ │                     │   │   │   'tune': False,                           │ │
│ │                     │   │   │   'diverging': False,                      │ │
│ │                     │   │   │   'perf_counter_diff': 0.1365337180905044, │ │
│ │                     │   │   │   'process_time_diff':                     │ │
│ │                     0.027325862000001422,                                │ │
│ │                     │   │   │   'perf_counter_start': 1994497.952035134, │ │
│ │                     │   │   │   'warning': None,                         │ │
│ │                     │   │   │   'depth': 7,                              │ │
│ │                     │   │   │   'mean_tree_accept':                      │ │
│ │                     np.float64(0.999235646133355),                       │ │
│ │                     │   │   │   'energy_error':                          │ │
│ │                     np.float64(-0.012273952288786916),                   │ │
│ │                     │   │   │   'energy': np.float64(44.75712494062347), │ │
│ │                     │   │   │   ... +9                                   │ │
│ │                     │   │   }                                            │ │
│ │                     │   ],                                               │ │
│ │                     │   point={                                          │ │
│ │                     │   │   'weights_simplex__': array([ 4.36534295,     │ │
│ │                     -3.12302507]),                                       │ │
│ │                     │   │   'mus': array([-0.06202884,  0.12321114,      │ │
│ │                     -1.92805043]),                                       │ │
│ │                     │   │   'like': array(-1.04697334)                   │ │
│ │                     │   }                                                │ │
│ │                     )                                                    │ │
│ │             draws = 1000                                                 │ │
│ │            kwargs = {                                                    │ │
│ │                     │   'var_names': None,                               │ │
│ │                     │   'discard_tuned_samples': True,                   │ │
│ │                     │   'max_treedepth': 50,                             │ │
│ │                     │   'target_accept': 0.995                           │ │
│ │                     }                                                    │ │
│ │             model = <pymc.model.core.Model object at 0x7f2ddf1e19c0>     │ │
│ │            mp_ctx = None                                                 │ │
│ │       progressbar = False                                                │ │
│ │ progressbar_theme = None                                                 │ │
│ │                ps = <module 'pymc.sampling.parallel' from                │ │
│ │                     '/mnt/hpc/work/kdruscit/singular-learning-theory/co… │ │
│ │              rngs = [                                                    │ │
│ │                     │   Generator(PCG64) at 0x7F2DDF12E420,              │ │
│ │                     │   Generator(PCG64) at 0x7F2DDF12E340,              │ │
│ │                     │   Generator(PCG64) at 0x7F2DDF12E0A0,              │ │
│ │                     │   Generator(PCG64) at 0x7F2DDF12E180,              │ │
│ │                     │   Generator(PCG64) at 0x7F2DDF12DEE0,              │ │
│ │                     │   Generator(PCG64) at 0x7F2DDF12DFC0,              │ │
│ │                     │   Generator(PCG64) at 0x7F2DDF12DA80,              │ │
│ │                     │   Generator(PCG64) at 0x7F2DDF12DD20,              │ │
│ │                     │   Generator(PCG64) at 0x7F2DDF12DB60,              │ │
│ │                     │   Generator(PCG64) at 0x7F2DDF12DE00               │ │
│ │                     ]                                                    │ │
│ │           sampler = <pymc.sampling.parallel.ParallelSampler object at    │ │
│ │                     0x7f2dcc8dcd30>                                      │ │
│ │             start = [                                                    │ │
│ │                     │   {                                                │ │
│ │                     │   │   'weights_simplex__': array([-0.8027911 ,     │ │
│ │                     0.30371595]),                                        │ │
│ │                     │   │   'mus': array([-0.88586938,  0.43325915,      │ │
│ │                     0.6554785 ]),                                        │ │
│ │                     │   │   'like': array(-0.55322248)                   │ │
│ │                     │   },                                               │ │
│ │                     │   {                                                │ │
│ │                     │   │   'weights_simplex__': array([ 0.68573251,     │ │
│ │                     -0.66887461]),                                       │ │
│ │                     │   │   'mus': array([ 0.22838626, -0.2622703 ,      │ │
│ │                     -0.47357167]),                                       │ │
│ │                     │   │   'like': array(-0.34380347)                   │ │
│ │                     │   },                                               │ │
│ │                     │   {                                                │ │
│ │                     │   │   'weights_simplex__': array([ 0.48410559,     │ │
│ │                     -0.80633914]),                                       │ │
│ │                     │   │   'mus': array([-0.3235244 , -0.51263285,      │ │
│ │                     -0.37528748]),                                       │ │
│ │                     │   │   'like': array(-0.35945834)                   │ │
│ │                     │   },                                               │ │
│ │                     │   {                                                │ │
│ │                     │   │   'weights_simplex__': array([0.34372528,      │ │
│ │                     0.28543776]),                                        │ │
│ │                     │   │   'mus': array([-0.91148866,  0.07003733,      │ │
│ │                     0.52328389]),                                        │ │
│ │                     │   │   'like': array(-0.0108356)                    │ │
│ │                     │   },                                               │ │
│ │                     │   {                                                │ │
│ │                     │   │   'weights_simplex__': array([0.78035462,      │ │
│ │                     0.37081265]),                                        │ │
│ │                     │   │   'mus': array([-0.51029317,  0.35179473,      │ │
│ │                     -0.75951376]),                                       │ │
│ │                     │   │   'like': array(-1.11268721)                   │ │
│ │                     │   },                                               │ │
│ │                     │   {                                                │ │
│ │                     │   │   'weights_simplex__': array([-0.57896692,     │ │
│ │                     0.8010974 ]),                                        │ │
│ │                     │   │   'mus': array([-0.61713801, -0.87680863,      │ │
│ │                     -0.26510728]),                                       │ │
│ │                     │   │   'like': array(-0.4108735)                    │ │
│ │                     │   },                                               │ │
│ │                     │   {                                                │ │
│ │                     │   │   'weights_simplex__': array([ 0.10040163,     │ │
│ │                     -0.49713582]),                                       │ │
│ │                     │   │   'mus': array([ 0.09697515,  0.68591016,      │ │
│ │                     -0.51106959]),                                       │ │
│ │                     │   │   'like': array(-0.83507008)                   │ │
│ │                     │   },                                               │ │
│ │                     │   {                                                │ │
│ │                     │   │   'weights_simplex__': array([ 0.06605335,     │ │
│ │                     -0.81525518]),                                       │ │
│ │                     │   │   'mus': array([-0.01109214,  0.82407927,      │ │
│ │                     -0.9723856 ]),                                       │ │
│ │                     │   │   'like': array(0.14323799)                    │ │
│ │                     │   },                                               │ │
│ │                     │   {                                                │ │
│ │                     │   │   'weights_simplex__': array([-0.2372633 ,     │ │
│ │                     -0.00975721]),                                       │ │
│ │                     │   │   'mus': array([ 0.81892403, -0.2000869 ,      │ │
│ │                     -0.95710083]),                                       │ │
│ │                     │   │   'like': array(-0.91366749)                   │ │
│ │                     │   },                                               │ │
│ │                     │   {                                                │ │
│ │                     │   │   'weights_simplex__': array([-0.7299821 ,     │ │
│ │                     -0.44967059]),                                       │ │
│ │                     │   │   'mus': array([ 0.2922506 ,  0.48716968,      │ │
│ │                     -0.08939259]),                                       │ │
│ │                     │   │   'like': array(-0.1933645)                    │ │
│ │                     │   }                                                │ │
│ │                     ]                                                    │ │
│ │              step = <pymc.step_methods.hmc.nuts.NUTS object at           │ │
│ │                     0x7f2dcc8dcd60>                                      │ │
│ │            strace = <pymc.backends.ndarray.NDArray object at             │ │
│ │                     0x7f2dccfcc160>                                      │ │
│ │            traces = [                                                    │ │
│ │                     │   <pymc.backends.ndarray.NDArray object at         │ │
│ │                     0x7f2dcc7fc940>,                                     │ │
│ │                     │   <pymc.backends.ndarray.NDArray object at         │ │
│ │                     0x7f2dcc9a44f0>,                                     │ │
│ │                     │   <pymc.backends.ndarray.NDArray object at         │ │
│ │                     0x7f2dd52fdb40>,                                     │ │
│ │                     │   <pymc.backends.ndarray.NDArray object at         │ │
│ │                     0x7f2dd86877f0>,                                     │ │
│ │                     │   <pymc.backends.ndarray.NDArray object at         │ │
│ │                     0x7f2dcc957550>,                                     │ │
│ │                     │   <pymc.backends.ndarray.NDArray object at         │ │
│ │                     0x7f2ddf1e3100>,                                     │ │
│ │                     │   <pymc.backends.ndarray.NDArray object at         │ │
│ │                     0x7f2dd51d0430>,                                     │ │
│ │                     │   <pymc.backends.ndarray.NDArray object at         │ │
│ │                     0x7f2dcd017340>,                                     │ │
│ │                     │   <pymc.backends.ndarray.NDArray object at         │ │
│ │                     0x7f2dccc42680>,                                     │ │
│ │                     │   <pymc.backends.ndarray.NDArray object at         │ │
│ │                     0x7f2dccfcc160>                                      │ │
│ │                     ]                                                    │ │
│ │              tune = 1000                                                 │ │
│ │       zarr_chains = None                                                 │ │
│ │    zarr_recording = False                                                │ │
│ ╰──────────────────────────────────────────────────────────────────────────╯ │
│                                                                              │
│ /mnt/hpc/work/kdruscit/singular-learning-theory/code/python/estimation/mixno │
│ rm/ksigma/pymc_tools.py:45 in __call__                                       │
│                                                                              │
│   42 │   │   │   # print(trace.report)                                       │
│   43 │   │   │                                                               │
│   44 │   │   │   multitrace = MultiTrace(list(self.traces.values()))         │
│ ❱ 45 │   │   │   if rhat(multitrace).to_array().max() < self.max_rhat:       │
│   46 │   │   │   │   raise KeyboardInterrupt                                 │
│   47                                                                         │
│   48                                                                         │
│                                                                              │
│ ╭───────────────────────────────── locals ─────────────────────────────────╮ │
│ │   chain_id = 8                                                           │ │
│ │       draw = Draw(                                                       │ │
│ │              │   chain=8,                                                │ │
│ │              │   is_last=False,                                          │ │
│ │              │   draw_idx=1249,                                          │ │
│ │              │   tuning=False,                                           │ │
│ │              │   stats=[                                                 │ │
│ │              │   │   {                                                   │ │
│ │              │   │   │   'tune': False,                                  │ │
│ │              │   │   │   'diverging': False,                             │ │
│ │              │   │   │   'perf_counter_diff': 0.1365337180905044,        │ │
│ │              │   │   │   'process_time_diff': 0.027325862000001422,      │ │
│ │              │   │   │   'perf_counter_start': 1994497.952035134,        │ │
│ │              │   │   │   'warning': None,                                │ │
│ │              │   │   │   'depth': 7,                                     │ │
│ │              │   │   │   'mean_tree_accept':                             │ │
│ │              np.float64(0.999235646133355),                              │ │
│ │              │   │   │   'energy_error':                                 │ │
│ │              np.float64(-0.012273952288786916),                          │ │
│ │              │   │   │   'energy': np.float64(44.75712494062347),        │ │
│ │              │   │   │   ... +9                                          │ │
│ │              │   │   }                                                   │ │
│ │              │   ],                                                      │ │
│ │              │   point={                                                 │ │
│ │              │   │   'weights_simplex__': array([ 4.36534295,            │ │
│ │              -3.12302507]),                                              │ │
│ │              │   │   'mus': array([-0.06202884,  0.12321114,             │ │
│ │              -1.92805043]),                                              │ │
│ │              │   │   'like': array(-1.04697334)                          │ │
│ │              │   }                                                       │ │
│ │              )                                                           │ │
│ │ multitrace = <MultiTrace: 10 chains, 1148 iterations, 4 variables>       │ │
│ │ perf_diffs = array([0.00294862, 0.00106401, 0.00394599, ..., 0.        , │ │
│ │              0.        ,                                                 │ │
│ │              │      0.        ], shape=(2000,))                          │ │
│ │       self = <estimation.mixnorm.ksigma.pymc_tools.ClusterFriendlyCallb… │ │
│ │              object at 0x7f2dd864e320>                                   │ │
│ │ total_time = np.float64(93.52944310125895)                               │ │
│ │      trace = <pymc.backends.ndarray.NDArray object at 0x7f2dccc42680>    │ │
│ ╰──────────────────────────────────────────────────────────────────────────╯ │
│                                                                              │
│ /mnt/hpc/work/kdruscit/singular-learning-theory/code/python/.venv/lib/python │
│ 3.10/site-packages/arviz/stats/diagnostics.py:334 in rhat                    │
│                                                                              │
│    331 │   │   )                                                             │
│    332 │   │   raise TypeError(msg)                                          │
│    333 │                                                                     │
│ ❱  334 │   dataset = convert_to_dataset(data, group="posterior")             │
│    335 │   var_names = _var_names(var_names, dataset)                        │
│    336 │                                                                     │
│    337 │   dataset = dataset if var_names is None else dataset[var_names]    │
│                                                                              │
│ ╭───────────────────────────────── locals ─────────────────────────────────╮ │
│ │ dask_kwargs = None                                                       │ │
│ │        data = <MultiTrace: 10 chains, 1148 iterations, 4 variables>      │ │
│ │      method = 'rank'                                                     │ │
│ │     methods = {                                                          │ │
│ │               │   'rank': <function _rhat_rank at 0x7f2dd95f9ea0>,       │ │
│ │               │   'split': <function _rhat_split at 0x7f2dd95fa050>,     │ │
│ │               │   'folded': <function _rhat_folded at 0x7f2dd95f9f30>,   │ │
│ │               │   'z_scale': <function _rhat_z_scale at 0x7f2dd95f9fc0>, │ │
│ │               │   'identity': <function _rhat_identity at                │ │
│ │               0x7f2dd95fa0e0>                                            │ │
│ │               }                                                          │ │
│ │   var_names = None                                                       │ │
│ ╰──────────────────────────────────────────────────────────────────────────╯ │
│                                                                              │
│ /mnt/hpc/work/kdruscit/singular-learning-theory/code/python/.venv/lib/python │
│ 3.10/site-packages/arviz/data/converters.py:185 in convert_to_dataset        │
│                                                                              │
│   182 │   -------                                                            │
│   183 │   xarray.Dataset                                                     │
│   184 │   """                                                                │
│ ❱ 185 │   inference_data = convert_to_inference_data(obj, group=group, coord │
│   186 │   dataset = getattr(inference_data, group, None)                     │
│   187 │   if dataset is None:                                                │
│   188 │   │   raise ValueError(                                              │
│                                                                              │
│ ╭──────────────────────────── locals ────────────────────────────╮           │
│ │ coords = None                                                  │           │
│ │   dims = None                                                  │           │
│ │  group = 'posterior'                                           │           │
│ │    obj = <MultiTrace: 10 chains, 1148 iterations, 4 variables> │           │
│ ╰────────────────────────────────────────────────────────────────╯           │
│                                                                              │
│ /mnt/hpc/work/kdruscit/singular-learning-theory/code/python/.venv/lib/python │
│ 3.10/site-packages/arviz/data/converters.py:139 in convert_to_inference_data │
│                                                                              │
│   136 │   │   │   "cmdstan fit csv filename",                                │
│   137 │   │   │   "cmdstanpy fit",                                           │
│   138 │   │   )                                                              │
│ ❱ 139 │   │   raise ValueError(                                              │
│   140 │   │   │   f'Can only convert {", ".join(allowable_types)} to Inferen │
│   141 │   │   │   f"not {obj.__class__.__name__}"                            │
│   142 │   │   )                                                              │
│                                                                              │
│ ╭───────────────────────────────── locals ─────────────────────────────────╮ │
│ │ allowable_types = (                                                      │ │
│ │                   │   'xarray dataarray',                                │ │
│ │                   │   'xarray dataset',                                  │ │
│ │                   │   'dict',                                            │ │
│ │                   │   "pytree (if 'dm-tree' is installed)",              │ │
│ │                   │   'netcdf filename',                                 │ │
│ │                   │   'numpy array',                                     │ │
│ │                   │   'pystan fit',                                      │ │
│ │                   │   'emcee fit',                                       │ │
│ │                   │   'pyro mcmc fit',                                   │ │
│ │                   │   'numpyro mcmc fit',                                │ │
│ │                   │   ... +2                                             │ │
│ │                   )                                                      │ │
│ │          coords = None                                                   │ │
│ │            dims = None                                                   │ │
│ │           group = 'posterior'                                            │ │
│ │          kwargs = {                                                      │ │
│ │                   │   'posterior': <MultiTrace: 10 chains, 1148          │ │
│ │                   iterations, 4 variables>,                              │ │
│ │                   │   'coords': None,                                    │ │
│ │                   │   'dims': None                                       │ │
│ │                   }                                                      │ │
│ │             obj = <MultiTrace: 10 chains, 1148 iterations, 4 variables>  │ │
│ ╰──────────────────────────────────────────────────────────────────────────╯ │
╰──────────────────────────────────────────────────────────────────────────────╯
ValueError: Can only convert xarray dataarray, xarray dataset, dict, pytree (if 
'dm-tree' is installed), netcdf filename, numpy array, pystan fit, emcee fit, 
pyro mcmc fit, numpyro mcmc fit, cmdstan fit csv filename, cmdstanpy fit to 
InferenceData, not MultiTrace
srun: error: hpc-pr3-06: task 5: Exited with exit code 1
╭───────────────────── Traceback (most recent call last) ──────────────────────╮
│ /mnt/hpc/work/kdruscit/singular-learning-theory/code/python/estimation/mixno │
│ rm/ksigma/main.py:92 in rlctx                                                │
│                                                                              │
│    89 │   idata = None                                                       │
│    90 │   with model:                                                        │
│    91 │   │   print(pymc_progressbar)                                        │
│ ❱  92 │   │   idata = pm.sample(draws=pymc_draws,                            │
│    93 │   │   │   │   │   │     tune=pymc_tune,                              │
│    94 │   │   │   │   │   │     chains=pymc_chains,                          │
│    95 │   │   │   │   │   │     cores=pymc_cores,                            │
│                                                                              │
│ ╭───────────────────────────────── locals ─────────────────────────────────╮ │
│ │                     az = <module 'arviz' from                            │ │
│ │                          '/mnt/hpc/work/kdruscit/singular-learning-theo… │ │
│ │                  idata = None                                            │ │
│ │ invtemp_scaling_factor = 1                                               │ │
│ │ mean_prior_cov_scaling = 4.0                                             │ │
│ │     mixture_components = 3                                               │ │
│ │                  model = <pymc.model.core.Model object at                │ │
│ │                          0x7f2058e659c0>                                 │ │
│ │                      n = 100                                             │ │
│ │                     np = <module 'numpy' from                            │ │
│ │                          '/mnt/hpc/work/kdruscit/singular-learning-theo… │ │
│ │                pathstr = 'estimation/mixnorm/ksigma/data/observations/n… │ │
│ │                     pm = <module 'pymc' from                             │ │
│ │                          '/mnt/hpc/work/kdruscit/singular-learning-theo… │ │
│ │                     pt = <module 'pytensor' from                         │ │
│ │                          '/mnt/hpc/work/kdruscit/singular-learning-theo… │ │
│ │            pymc_chains = 10                                              │ │
│ │             pymc_cores = 10                                              │ │
│ │             pymc_draws = 1000                                            │ │
│ │       pymc_progressbar = False                                           │ │
│ │              pymc_tune = 1000                                            │ │
│ │              targetdir = '.'                                             │ │
│ │                 x_data = array([ 0.5418459 ,  0.0564247 , -1.50166618,   │ │
│ │                          0.23482283,  0.51874431,                        │ │
│ │                          │   │   0.46099198, -0.33490282,  1.24580097,   │ │
│ │                          -0.55013189, -1.54668546,                       │ │
│ │                          │      -0.76314938,  1.61260858, -1.06255542,   │ │
│ │                          -0.11514613, -0.88456432,                       │ │
│ │                          │   │   1.05967827, -1.00333253,  1.51539862,   │ │
│ │                          0.13981142,  0.34138647,                        │ │
│ │                          │      -1.74609383, -0.01991043, -0.2600681 ,   │ │
│ │                          0.26009384,  0.65216452,                        │ │
│ │                          │   │   0.25723645, -2.71286086,  0.21354227,   │ │
│ │                          -0.62661571, -0.83970704,                       │ │
│ │                          │   │   1.110821  , -0.70688454,  1.15953556,   │ │
│ │                          -0.54798849,  0.39061678,                       │ │
│ │                          │   │   0.23423252,  0.26927806,  0.82810118,   │ │
│ │                          0.77147089,  0.21112086,                        │ │
│ │                          │      -0.46874449,  0.82390541,  0.88348432,   │ │
│ │                          0.29695891,  0.20271367,                        │ │
│ │                          │   │   0.50031774,  0.2039249 ,  1.34086154,   │ │
│ │                          -0.9212274 ,  1.09580553,                       │ │
│ │                          │      -0.17727303, -0.17224081,  1.57957521,   │ │
│ │                          0.30258116,  0.70626166,                        │ │
│ │                          │   │   0.49427457,  0.01955391,  0.74710658,   │ │
│ │                          1.96995004,  0.33375395,                        │ │
│ │                          │      -1.01397341, -1.07910027,  1.25701143,   │ │
│ │                          0.24255672, -1.10963898,                        │ │
│ │                          │   │   1.48861878, -0.5056098 , -1.45928526,   │ │
│ │                          0.66896881,  0.11573986,                        │ │
│ │                          │   │   0.26927449, -0.08296203,  0.76957661,   │ │
│ │                          0.88559302,  0.77064137,                        │ │
│ │                          │      -0.88364126, -0.65935407,  0.73094601,   │ │
│ │                          1.28460333, -0.21424996,                        │ │
│ │                          │      -0.43243754,  1.27567983, -0.86244216,   │ │
│ │                          -0.29486898,  0.22619302,                       │ │
│ │                          │      -1.00865678,  0.81319033, -0.59567051,   │ │
│ │                          -0.19275418, -1.1536697 ,                       │ │
│ │                          │      -0.95220855,  0.21240703,  1.93505729,   │ │
│ │                          0.60235799,  0.81021319,                        │ │
│ │                          │      -0.43218366, -0.42909328, -0.25235026,   │ │
│ │                          0.66392117, -0.05602128])                       │ │
│ ╰──────────────────────────────────────────────────────────────────────────╯ │
│                                                                              │
│ /mnt/hpc/work/kdruscit/singular-learning-theory/code/python/.venv/lib/python │
│ 3.10/site-packages/pymc/sampling/mcmc.py:935 in sample                       │
│                                                                              │
│    932 │   │   _log.info(f"Multiprocess sampling ({chains} chains in {cores} │
│    933 │   │   _print_step_hierarchy(step)                                   │
│    934 │   │   try:                                                          │
│ ❱  935 │   │   │   _mp_sample(**sample_args, **parallel_args)                │
│    936 │   │   except pickle.PickleError:                                    │
│    937 │   │   │   _log.warning("Could not pickle model, sampling singlethre │
│    938 │   │   │   _log.debug("Pickling error:", exc_info=True)              │
│                                                                              │
│ ╭───────────────────────────────── locals ─────────────────────────────────╮ │
│ │                 blas_cores = 10                                          │ │
│ │                   callback = <estimation.mixnorm.ksigma.pymc_tools.Clus… │ │
│ │                              object at 0x7f20523ea320>                   │ │
│ │                     chains = 10                                          │ │
│ │             compile_kwargs = None                                        │ │
│ │ compute_convergence_checks = True                                        │ │
│ │                      cores = 10                                          │ │
│ │      discard_tuned_samples = True                                        │ │
│ │                      draws = 1000                                        │ │
│ │             exclusive_nuts = True                                        │ │
│ │    has_population_samplers = np.False_                                   │ │
│ │               idata_kwargs = None                                        │ │
│ │                       init = 'auto'                                      │ │
│ │             initial_points = [                                           │ │
│ │                              │   {                                       │ │
│ │                              │   │   'weights_simplex__':                │ │
│ │                              array([0.48526519, 0.18378093]),            │ │
│ │                              │   │   'mus': array([-0.82757581,          │ │
│ │                              0.03340056, -0.98316169]),                  │ │
│ │                              │   │   'like': array(-1.3565793)           │ │
│ │                              │   },                                      │ │
│ │                              │   {                                       │ │
│ │                              │   │   'weights_simplex__': array([        │ │
│ │                              0.40616315, -0.53225439]),                  │ │
│ │                              │   │   'mus': array([ 0.33663644,          │ │
│ │                              -0.7754992 , -0.4190466 ]),                 │ │
│ │                              │   │   'like': array(0.84387449)           │ │
│ │                              │   },                                      │ │
│ │                              │   {                                       │ │
│ │                              │   │   'weights_simplex__':                │ │
│ │                              array([-0.59994352, -0.85205611]),          │ │
│ │                              │   │   'mus': array([ 0.96100991,          │ │
│ │                              0.4726121 , -0.20336418]),                  │ │
│ │                              │   │   'like': array(0.56968315)           │ │
│ │                              │   },                                      │ │
│ │                              │   {                                       │ │
│ │                              │   │   'weights_simplex__': array([        │ │
│ │                              0.23110024, -0.86456062]),                  │ │
│ │                              │   │   'mus': array([-0.68195258,          │ │
│ │                              -0.28122243, -0.4102699 ]),                 │ │
│ │                              │   │   'like': array(-0.90947618)          │ │
│ │                              │   },                                      │ │
│ │                              │   {                                       │ │
│ │                              │   │   'weights_simplex__': array([        │ │
│ │                              0.54640135, -0.59798364]),                  │ │
│ │                              │   │   'mus': array([ 0.37721654,          │ │
│ │                              0.67463829, -0.60608942]),                  │ │
│ │                              │   │   'like': array(0.55939839)           │ │
│ │                              │   },                                      │ │
│ │                              │   {                                       │ │
│ │                              │   │   'weights_simplex__':                │ │
│ │                              array([-0.59973208,  0.01140656]),          │ │
│ │                              │   │   'mus': array([ 0.63340218,          │ │
│ │                              0.26768933, -0.6681187 ]),                  │ │
│ │                              │   │   'like': array(-0.23262266)          │ │
│ │                              │   },                                      │ │
│ │                              │   {                                       │ │
│ │                              │   │   'weights_simplex__': array([        │ │
│ │                              0.62188293, -0.38816698]),                  │ │
│ │                              │   │   'mus': array([-0.43940037,          │ │
│ │                              -0.86509362,  0.40705234]),                 │ │
│ │                              │   │   'like': array(-0.53277332)          │ │
│ │                              │   },                                      │ │
│ │                              │   {                                       │ │
│ │                              │   │   'weights_simplex__':                │ │
│ │                              array([-0.44414857, -0.30969378]),          │ │
│ │                              │   │   'mus': array([ 0.6571169 ,          │ │
│ │                              -0.01479968,  0.88441992]),                 │ │
│ │                              │   │   'like': array(0.39302452)           │ │
│ │                              │   },                                      │ │
│ │                              │   {                                       │ │
│ │                              │   │   'weights_simplex__':                │ │
│ │                              array([-0.2197298 ,  0.03088205]),          │ │
│ │                              │   │   'mus': array([0.14540184,           │ │
│ │                              0.89131305, 0.9455981 ]),                   │ │
│ │                              │   │   'like': array(0.50506832)           │ │
│ │                              │   },                                      │ │
│ │                              │   {                                       │ │
│ │                              │   │   'weights_simplex__':                │ │
│ │                              array([0.09668524, 0.6461541 ]),            │ │
│ │                              │   │   'mus': array([ 0.8293747 ,          │ │
│ │                              0.54960104, -0.60936694]),                  │ │
│ │                              │   │   'like': array(1.03201658)           │ │
│ │                              │   }                                       │ │
│ │                              ]                                           │ │
│ │                   initvals = None                                        │ │
│ │         jitter_max_retries = 10                                          │ │
│ │          keep_warning_stat = False                                       │ │
│ │                     kwargs = {                                           │ │
│ │                              │   'max_treedepth': 50,                    │ │
│ │                              │   'target_accept': 0.995                  │ │
│ │                              }                                           │ │
│ │                      model = <pymc.model.core.Model object at            │ │
│ │                              0x7f2058e659c0>                             │ │
│ │                     mp_ctx = None                                        │ │
│ │                     n_init = 200000                                      │ │
│ │   num_blas_cores_per_chain = 1                                           │ │
│ │                nuts_kwargs = {'target_accept': 0.995}                    │ │
│ │               nuts_sampler = 'pymc'                                      │ │
│ │        nuts_sampler_kwargs = {}                                          │ │
│ │                   parallel = True                                        │ │
│ │              parallel_args = {'mp_ctx': None, 'blas_cores': 1}           │ │
│ │              progress_bool = False                                       │ │
│ │                progressbar = False                                       │ │
│ │          progressbar_theme = None                                        │ │
│ │             provided_steps = []                                          │ │
│ │                random_seed = None                                        │ │
│ │           random_seed_list = [                                           │ │
│ │                              │   np.int64(320616940),                    │ │
│ │                              │   np.int64(721371331),                    │ │
│ │                              │   np.int64(670335955),                    │ │
│ │                              │   np.int64(484826482),                    │ │
│ │                              │   np.int64(702408448),                    │ │
│ │                              │   np.int64(22366972),                     │ │
│ │                              │   np.int64(331844274),                    │ │
│ │                              │   np.int64(834871138),                    │ │
│ │                              │   np.int64(324796652),                    │ │
│ │                              │   np.int64(123219749)                     │ │
│ │                              ]                                           │ │
│ │       return_inferencedata = True                                        │ │
│ │                       rngs = [                                           │ │
│ │                              │   Generator(PCG64) at 0x7F2058DB2420,     │ │
│ │                              │   Generator(PCG64) at 0x7F2058DB2340,     │ │
│ │                              │   Generator(PCG64) at 0x7F2058DB20A0,     │ │
│ │                              │   Generator(PCG64) at 0x7F2058DB2180,     │ │
│ │                              │   Generator(PCG64) at 0x7F2058DB1EE0,     │ │
│ │                              │   Generator(PCG64) at 0x7F2058DB1FC0,     │ │
│ │                              │   Generator(PCG64) at 0x7F2058DB1A80,     │ │
│ │                              │   Generator(PCG64) at 0x7F2058DB1D20,     │ │
│ │                              │   Generator(PCG64) at 0x7F2058DB1B60,     │ │
│ │                              │   Generator(PCG64) at 0x7F2058DB1E00      │ │
│ │                              ]                                           │ │
│ │                        run = None                                        │ │
│ │                sample_args = {                                           │ │
│ │                              │   'draws': 2000,                          │ │
│ │                              │   'step':                                 │ │
│ │                              <pymc.step_methods.hmc.nuts.NUTS object at  │ │
│ │                              0x7f205182a380>,                            │ │
│ │                              │   'start': [                              │ │
│ │                              │   │   {                                   │ │
│ │                              │   │   │   'weights_simplex__':            │ │
│ │                              array([0.48526519, 0.18378093]),            │ │
│ │                              │   │   │   'mus': array([-0.82757581,      │ │
│ │                              0.03340056, -0.98316169]),                  │ │
│ │                              │   │   │   'like': array(-1.3565793)       │ │
│ │                              │   │   },                                  │ │
│ │                              │   │   {                                   │ │
│ │                              │   │   │   'weights_simplex__': array([    │ │
│ │                              0.40616315, -0.53225439]),                  │ │
│ │                              │   │   │   'mus': array([ 0.33663644,      │ │
│ │                              -0.7754992 , -0.4190466 ]),                 │ │
│ │                              │   │   │   'like': array(0.84387449)       │ │
│ │                              │   │   },                                  │ │
│ │                              │   │   {                                   │ │
│ │                              │   │   │   'weights_simplex__':            │ │
│ │                              array([-0.59994352, -0.85205611]),          │ │
│ │                              │   │   │   'mus': array([ 0.96100991,      │ │
│ │                              0.4726121 , -0.20336418]),                  │ │
│ │                              │   │   │   'like': array(0.56968315)       │ │
│ │                              │   │   },                                  │ │
│ │                              │   │   {                                   │ │
│ │                              │   │   │   'weights_simplex__': array([    │ │
│ │                              0.23110024, -0.86456062]),                  │ │
│ │                              │   │   │   'mus': array([-0.68195258,      │ │
│ │                              -0.28122243, -0.4102699 ]),                 │ │
│ │                              │   │   │   'like': array(-0.90947618)      │ │
│ │                              │   │   },                                  │ │
│ │                              │   │   {                                   │ │
│ │                              │   │   │   'weights_simplex__': array([    │ │
│ │                              0.54640135, -0.59798364]),                  │ │
│ │                              │   │   │   'mus': array([ 0.37721654,      │ │
│ │                              0.67463829, -0.60608942]),                  │ │
│ │                              │   │   │   'like': array(0.55939839)       │ │
│ │                              │   │   },                                  │ │
│ │                              │   │   {                                   │ │
│ │                              │   │   │   'weights_simplex__':            │ │
│ │                              array([-0.59973208,  0.01140656]),          │ │
│ │                              │   │   │   'mus': array([ 0.63340218,      │ │
│ │                              0.26768933, -0.6681187 ]),                  │ │
│ │                              │   │   │   'like': array(-0.23262266)      │ │
│ │                              │   │   },                                  │ │
│ │                              │   │   {                                   │ │
│ │                              │   │   │   'weights_simplex__': array([    │ │
│ │                              0.62188293, -0.38816698]),                  │ │
│ │                              │   │   │   'mus': array([-0.43940037,      │ │
│ │                              -0.86509362,  0.40705234]),                 │ │
│ │                              │   │   │   'like': array(-0.53277332)      │ │
│ │                              │   │   },                                  │ │
│ │                              │   │   {                                   │ │
│ │                              │   │   │   'weights_simplex__':            │ │
│ │                              array([-0.44414857, -0.30969378]),          │ │
│ │                              │   │   │   'mus': array([ 0.6571169 ,      │ │
│ │                              -0.01479968,  0.88441992]),                 │ │
│ │                              │   │   │   'like': array(0.39302452)       │ │
│ │                              │   │   },                                  │ │
│ │                              │   │   {                                   │ │
│ │                              │   │   │   'weights_simplex__':            │ │
│ │                              array([-0.2197298 ,  0.03088205]),          │ │
│ │                              │   │   │   'mus': array([0.14540184,       │ │
│ │                              0.89131305, 0.9455981 ]),                   │ │
│ │                              │   │   │   'like': array(0.50506832)       │ │
│ │                              │   │   },                                  │ │
│ │                              │   │   {                                   │ │
│ │                              │   │   │   'weights_simplex__':            │ │
│ │                              array([0.09668524, 0.6461541 ]),            │ │
│ │                              │   │   │   'mus': array([ 0.8293747 ,      │ │
│ │                              0.54960104, -0.60936694]),                  │ │
│ │                              │   │   │   'like': array(1.03201658)       │ │
│ │                              │   │   }                                   │ │
│ │                              │   ],                                      │ │
│ │                              │   'traces': [                             │ │
│ │                              │   │   <pymc.backends.ndarray.NDArray      │ │
│ │                              object at 0x7f204f19d1e0>,                  │ │
│ │                              │   │   <pymc.backends.ndarray.NDArray      │ │
│ │                              object at 0x7f2051971270>,                  │ │
│ │                              │   │   <pymc.backends.ndarray.NDArray      │ │
│ │                              object at 0x7f204ef60a00>,                  │ │
│ │                              │   │   <pymc.backends.ndarray.NDArray      │ │
│ │                              object at 0x7f2046d35780>,                  │ │
│ │                              │   │   <pymc.backends.ndarray.NDArray      │ │
│ │                              object at 0x7f2046d36c20>,                  │ │
│ │                              │   │   <pymc.backends.ndarray.NDArray      │ │
│ │                              object at 0x7f2046800760>,                  │ │
│ │                              │   │   <pymc.backends.ndarray.NDArray      │ │
│ │                              object at 0x7f2046c26d70>,                  │ │
│ │                              │   │   <pymc.backends.ndarray.NDArray      │ │
│ │                              object at 0x7f20469408e0>,                  │ │
│ │                              │   │   <pymc.backends.ndarray.NDArray      │ │
│ │                              object at 0x7f20469420b0>,                  │ │
│ │                              │   │   <pymc.backends.ndarray.NDArray      │ │
│ │                              object at 0x7f2046b3d240>                   │ │
│ │                              │   ],                                      │ │
│ │                              │   'chains': 10,                           │ │
│ │                              │   'tune': 1000,                           │ │
│ │                              │   'var_names': None,                      │ │
│ │                              │   'progressbar': False,                   │ │
│ │                              │   'progressbar_theme': None,              │ │
│ │                              │   'model': <pymc.model.core.Model object  │ │
│ │                              at 0x7f2058e659c0>,                         │ │
│ │                              │   ... +6                                  │ │
│ │                              }                                           │ │
│ │             selected_steps = {                                           │ │
│ │                              │   <class                                  │ │
│ │                              'pymc.step_methods.hmc.nuts.NUTS'>: [       │ │
│ │                              │   │   weights_simplex__,                  │ │
│ │                              │   │   mus,                                │ │
│ │                              │   │   like                                │ │
│ │                              │   ]                                       │ │
│ │                              }                                           │ │
│ │                       step = <pymc.step_methods.hmc.nuts.NUTS object at  │ │
│ │                              0x7f205182a380>                             │ │
│ │                    t_start = 1752861175.4439027                          │ │
│ │                      trace = None                                        │ │
│ │                 trace_vars = None                                        │ │
│ │                     traces = [                                           │ │
│ │                              │   <pymc.backends.ndarray.NDArray object   │ │
│ │                              at 0x7f204f19d1e0>,                         │ │
│ │                              │   <pymc.backends.ndarray.NDArray object   │ │
│ │                              at 0x7f2051971270>,                         │ │
│ │                              │   <pymc.backends.ndarray.NDArray object   │ │
│ │                              at 0x7f204ef60a00>,                         │ │
│ │                              │   <pymc.backends.ndarray.NDArray object   │ │
│ │                              at 0x7f2046d35780>,                         │ │
│ │                              │   <pymc.backends.ndarray.NDArray object   │ │
│ │                              at 0x7f2046d36c20>,                         │ │
│ │                              │   <pymc.backends.ndarray.NDArray object   │ │
│ │                              at 0x7f2046800760>,                         │ │
│ │                              │   <pymc.backends.ndarray.NDArray object   │ │
│ │                              at 0x7f2046c26d70>,                         │ │
│ │                              │   <pymc.backends.ndarray.NDArray object   │ │
│ │                              at 0x7f20469408e0>,                         │ │
│ │                              │   <pymc.backends.ndarray.NDArray object   │ │
│ │                              at 0x7f20469420b0>,                         │ │
│ │                              │   <pymc.backends.ndarray.NDArray object   │ │
│ │                              at 0x7f2046b3d240>                          │ │
│ │                              ]                                           │ │
│ │                       tune = 1000                                        │ │
│ │                  var_names = None                                        │ │
│ ╰──────────────────────────────────────────────────────────────────────────╯ │
│                                                                              │
│ /mnt/hpc/work/kdruscit/singular-learning-theory/code/python/.venv/lib/python │
│ 3.10/site-packages/pymc/sampling/mcmc.py:1419 in _mp_sample                  │
│                                                                              │
│   1416 │   │   │   │   │   log_warning_stats(draw.stats)                     │
│   1417 │   │   │   │   │                                                     │
│   1418 │   │   │   │   │   if callback is not None:                          │
│ ❱ 1419 │   │   │   │   │   │   callback(trace=strace, draw=draw)             │
│   1420 │   │                                                                 │
│   1421 │   │   except ps.ParallelSamplingError as error:                     │
│   1422 │   │   │   for strace in traces:                                     │
│                                                                              │
│ ╭───────────────────────────────── locals ─────────────────────────────────╮ │
│ │        blas_cores = 1                                                    │ │
│ │          callback = <estimation.mixnorm.ksigma.pymc_tools.ClusterFriend… │ │
│ │                     object at 0x7f20523ea320>                            │ │
│ │            chains = 10                                                   │ │
│ │             cores = 10                                                   │ │
│ │              draw = Draw(                                                │ │
│ │                     │   chain=9,                                         │ │
│ │                     │   is_last=False,                                   │ │
│ │                     │   draw_idx=1249,                                   │ │
│ │                     │   tuning=False,                                    │ │
│ │                     │   stats=[                                          │ │
│ │                     │   │   {                                            │ │
│ │                     │   │   │   'tune': False,                           │ │
│ │                     │   │   │   'diverging': False,                      │ │
│ │                     │   │   │   'perf_counter_diff':                     │ │
│ │                     0.12805697601288557,                                 │ │
│ │                     │   │   │   'process_time_diff':                     │ │
│ │                     0.027225354000002255,                                │ │
│ │                     │   │   │   'perf_counter_start': 1994502.864032961, │ │
│ │                     │   │   │   'warning': None,                         │ │
│ │                     │   │   │   'depth': 7,                              │ │
│ │                     │   │   │   'mean_tree_accept':                      │ │
│ │                     np.float64(0.9986446243982462),                      │ │
│ │                     │   │   │   'energy_error':                          │ │
│ │                     np.float64(-0.0015437385488681343),                  │ │
│ │                     │   │   │   'energy': np.float64(46.5694953904507),  │ │
│ │                     │   │   │   ... +9                                   │ │
│ │                     │   │   }                                            │ │
│ │                     │   ],                                               │ │
│ │                     │   point={                                          │ │
│ │                     │   │   'weights_simplex__': array([-13.97192386,    │ │
│ │                     5.0515158 ]),                                        │ │
│ │                     │   │   'mus': array([3.74452908, 0.04862401,        │ │
│ │                     0.09939557]),                                        │ │
│ │                     │   │   'like': array(0.49803356)                    │ │
│ │                     │   }                                                │ │
│ │                     )                                                    │ │
│ │             draws = 1000                                                 │ │
│ │            kwargs = {                                                    │ │
│ │                     │   'var_names': None,                               │ │
│ │                     │   'discard_tuned_samples': True,                   │ │
│ │                     │   'max_treedepth': 50,                             │ │
│ │                     │   'target_accept': 0.995                           │ │
│ │                     }                                                    │ │
│ │             model = <pymc.model.core.Model object at 0x7f2058e659c0>     │ │
│ │            mp_ctx = None                                                 │ │
│ │       progressbar = False                                                │ │
│ │ progressbar_theme = None                                                 │ │
│ │                ps = <module 'pymc.sampling.parallel' from                │ │
│ │                     '/mnt/hpc/work/kdruscit/singular-learning-theory/co… │ │
│ │              rngs = [                                                    │ │
│ │                     │   Generator(PCG64) at 0x7F2058DB2420,              │ │
│ │                     │   Generator(PCG64) at 0x7F2058DB2340,              │ │
│ │                     │   Generator(PCG64) at 0x7F2058DB20A0,              │ │
│ │                     │   Generator(PCG64) at 0x7F2058DB2180,              │ │
│ │                     │   Generator(PCG64) at 0x7F2058DB1EE0,              │ │
│ │                     │   Generator(PCG64) at 0x7F2058DB1FC0,              │ │
│ │                     │   Generator(PCG64) at 0x7F2058DB1A80,              │ │
│ │                     │   Generator(PCG64) at 0x7F2058DB1D20,              │ │
│ │                     │   Generator(PCG64) at 0x7F2058DB1B60,              │ │
│ │                     │   Generator(PCG64) at 0x7F2058DB1E00               │ │
│ │                     ]                                                    │ │
│ │           sampler = <pymc.sampling.parallel.ParallelSampler object at    │ │
│ │                     0x7f2046329030>                                      │ │
│ │             start = [                                                    │ │
│ │                     │   {                                                │ │
│ │                     │   │   'weights_simplex__': array([0.48526519,      │ │
│ │                     0.18378093]),                                        │ │
│ │                     │   │   'mus': array([-0.82757581,  0.03340056,      │ │
│ │                     -0.98316169]),                                       │ │
│ │                     │   │   'like': array(-1.3565793)                    │ │
│ │                     │   },                                               │ │
│ │                     │   {                                                │ │
│ │                     │   │   'weights_simplex__': array([ 0.40616315,     │ │
│ │                     -0.53225439]),                                       │ │
│ │                     │   │   'mus': array([ 0.33663644, -0.7754992 ,      │ │
│ │                     -0.4190466 ]),                                       │ │
│ │                     │   │   'like': array(0.84387449)                    │ │
│ │                     │   },                                               │ │
│ │                     │   {                                                │ │
│ │                     │   │   'weights_simplex__': array([-0.59994352,     │ │
│ │                     -0.85205611]),                                       │ │
│ │                     │   │   'mus': array([ 0.96100991,  0.4726121 ,      │ │
│ │                     -0.20336418]),                                       │ │
│ │                     │   │   'like': array(0.56968315)                    │ │
│ │                     │   },                                               │ │
│ │                     │   {                                                │ │
│ │                     │   │   'weights_simplex__': array([ 0.23110024,     │ │
│ │                     -0.86456062]),                                       │ │
│ │                     │   │   'mus': array([-0.68195258, -0.28122243,      │ │
│ │                     -0.4102699 ]),                                       │ │
│ │                     │   │   'like': array(-0.90947618)                   │ │
│ │                     │   },                                               │ │
│ │                     │   {                                                │ │
│ │                     │   │   'weights_simplex__': array([ 0.54640135,     │ │
│ │                     -0.59798364]),                                       │ │
│ │                     │   │   'mus': array([ 0.37721654,  0.67463829,      │ │
│ │                     -0.60608942]),                                       │ │
│ │                     │   │   'like': array(0.55939839)                    │ │
│ │                     │   },                                               │ │
│ │                     │   {                                                │ │
│ │                     │   │   'weights_simplex__': array([-0.59973208,     │ │
│ │                     0.01140656]),                                        │ │
│ │                     │   │   'mus': array([ 0.63340218,  0.26768933,      │ │
│ │                     -0.6681187 ]),                                       │ │
│ │                     │   │   'like': array(-0.23262266)                   │ │
│ │                     │   },                                               │ │
│ │                     │   {                                                │ │
│ │                     │   │   'weights_simplex__': array([ 0.62188293,     │ │
│ │                     -0.38816698]),                                       │ │
│ │                     │   │   'mus': array([-0.43940037, -0.86509362,      │ │
│ │                     0.40705234]),                                        │ │
│ │                     │   │   'like': array(-0.53277332)                   │ │
│ │                     │   },                                               │ │
│ │                     │   {                                                │ │
│ │                     │   │   'weights_simplex__': array([-0.44414857,     │ │
│ │                     -0.30969378]),                                       │ │
│ │                     │   │   'mus': array([ 0.6571169 , -0.01479968,      │ │
│ │                     0.88441992]),                                        │ │
│ │                     │   │   'like': array(0.39302452)                    │ │
│ │                     │   },                                               │ │
│ │                     │   {                                                │ │
│ │                     │   │   'weights_simplex__': array([-0.2197298 ,     │ │
│ │                     0.03088205]),                                        │ │
│ │                     │   │   'mus': array([0.14540184, 0.89131305,        │ │
│ │                     0.9455981 ]),                                        │ │
│ │                     │   │   'like': array(0.50506832)                    │ │
│ │                     │   },                                               │ │
│ │                     │   {                                                │ │
│ │                     │   │   'weights_simplex__': array([0.09668524,      │ │
│ │                     0.6461541 ]),                                        │ │
│ │                     │   │   'mus': array([ 0.8293747 ,  0.54960104,      │ │
│ │                     -0.60936694]),                                       │ │
│ │                     │   │   'like': array(1.03201658)                    │ │
│ │                     │   }                                                │ │
│ │                     ]                                                    │ │
│ │              step = <pymc.step_methods.hmc.nuts.NUTS object at           │ │
│ │                     0x7f205182a380>                                      │ │
│ │            strace = <pymc.backends.ndarray.NDArray object at             │ │
│ │                     0x7f2046b3d240>                                      │ │
│ │            traces = [                                                    │ │
│ │                     │   <pymc.backends.ndarray.NDArray object at         │ │
│ │                     0x7f204f19d1e0>,                                     │ │
│ │                     │   <pymc.backends.ndarray.NDArray object at         │ │
│ │                     0x7f2051971270>,                                     │ │
│ │                     │   <pymc.backends.ndarray.NDArray object at         │ │
│ │                     0x7f204ef60a00>,                                     │ │
│ │                     │   <pymc.backends.ndarray.NDArray object at         │ │
│ │                     0x7f2046d35780>,                                     │ │
│ │                     │   <pymc.backends.ndarray.NDArray object at         │ │
│ │                     0x7f2046d36c20>,                                     │ │
│ │                     │   <pymc.backends.ndarray.NDArray object at         │ │
│ │                     0x7f2046800760>,                                     │ │
│ │                     │   <pymc.backends.ndarray.NDArray object at         │ │
│ │                     0x7f2046c26d70>,                                     │ │
│ │                     │   <pymc.backends.ndarray.NDArray object at         │ │
│ │                     0x7f20469408e0>,                                     │ │
│ │                     │   <pymc.backends.ndarray.NDArray object at         │ │
│ │                     0x7f20469420b0>,                                     │ │
│ │                     │   <pymc.backends.ndarray.NDArray object at         │ │
│ │                     0x7f2046b3d240>                                      │ │
│ │                     ]                                                    │ │
│ │              tune = 1000                                                 │ │
│ │       zarr_chains = None                                                 │ │
│ │    zarr_recording = False                                                │ │
│ ╰──────────────────────────────────────────────────────────────────────────╯ │
│                                                                              │
│ /mnt/hpc/work/kdruscit/singular-learning-theory/code/python/estimation/mixno │
│ rm/ksigma/pymc_tools.py:45 in __call__                                       │
│                                                                              │
│   42 │   │   │   # print(trace.report)                                       │
│   43 │   │   │                                                               │
│   44 │   │   │   multitrace = MultiTrace(list(self.traces.values()))         │
│ ❱ 45 │   │   │   if rhat(multitrace).to_array().max() < self.max_rhat:       │
│   46 │   │   │   │   raise KeyboardInterrupt                                 │
│   47                                                                         │
│   48                                                                         │
│                                                                              │
│ ╭───────────────────────────────── locals ─────────────────────────────────╮ │
│ │   chain_id = 9                                                           │ │
│ │       draw = Draw(                                                       │ │
│ │              │   chain=9,                                                │ │
│ │              │   is_last=False,                                          │ │
│ │              │   draw_idx=1249,                                          │ │
│ │              │   tuning=False,                                           │ │
│ │              │   stats=[                                                 │ │
│ │              │   │   {                                                   │ │
│ │              │   │   │   'tune': False,                                  │ │
│ │              │   │   │   'diverging': False,                             │ │
│ │              │   │   │   'perf_counter_diff': 0.12805697601288557,       │ │
│ │              │   │   │   'process_time_diff': 0.027225354000002255,      │ │
│ │              │   │   │   'perf_counter_start': 1994502.864032961,        │ │
│ │              │   │   │   'warning': None,                                │ │
│ │              │   │   │   'depth': 7,                                     │ │
│ │              │   │   │   'mean_tree_accept':                             │ │
│ │              np.float64(0.9986446243982462),                             │ │
│ │              │   │   │   'energy_error':                                 │ │
│ │              np.float64(-0.0015437385488681343),                         │ │
│ │              │   │   │   'energy': np.float64(46.5694953904507),         │ │
│ │              │   │   │   ... +9                                          │ │
│ │              │   │   }                                                   │ │
│ │              │   ],                                                      │ │
│ │              │   point={                                                 │ │
│ │              │   │   'weights_simplex__': array([-13.97192386,           │ │
│ │              5.0515158 ]),                                               │ │
│ │              │   │   'mus': array([3.74452908, 0.04862401, 0.09939557]), │ │
│ │              │   │   'like': array(0.49803356)                           │ │
│ │              │   }                                                       │ │
│ │              )                                                           │ │
│ │ multitrace = <MultiTrace: 10 chains, 1250 iterations, 4 variables>       │ │
│ │ perf_diffs = array([0.31845716, 0.00061304, 0.05134462, ..., 0.        , │ │
│ │              0.        ,                                                 │ │
│ │              │      0.        ], shape=(2000,))                          │ │
│ │       self = <estimation.mixnorm.ksigma.pymc_tools.ClusterFriendlyCallb… │ │
│ │              object at 0x7f20523ea320>                                   │ │
│ │ total_time = np.float64(92.9705340990331)                                │ │
│ │      trace = <pymc.backends.ndarray.NDArray object at 0x7f2046b3d240>    │ │
│ ╰──────────────────────────────────────────────────────────────────────────╯ │
│                                                                              │
│ /mnt/hpc/work/kdruscit/singular-learning-theory/code/python/.venv/lib/python │
│ 3.10/site-packages/arviz/stats/diagnostics.py:334 in rhat                    │
│                                                                              │
│    331 │   │   )                                                             │
│    332 │   │   raise TypeError(msg)                                          │
│    333 │                                                                     │
│ ❱  334 │   dataset = convert_to_dataset(data, group="posterior")             │
│    335 │   var_names = _var_names(var_names, dataset)                        │
│    336 │                                                                     │
│    337 │   dataset = dataset if var_names is None else dataset[var_names]    │
│                                                                              │
│ ╭───────────────────────────────── locals ─────────────────────────────────╮ │
│ │ dask_kwargs = None                                                       │ │
│ │        data = <MultiTrace: 10 chains, 1250 iterations, 4 variables>      │ │
│ │      method = 'rank'                                                     │ │
│ │     methods = {                                                          │ │
│ │               │   'rank': <function _rhat_rank at 0x7f20530ddea0>,       │ │
│ │               │   'split': <function _rhat_split at 0x7f20530de050>,     │ │
│ │               │   'folded': <function _rhat_folded at 0x7f20530ddf30>,   │ │
│ │               │   'z_scale': <function _rhat_z_scale at 0x7f20530ddfc0>, │ │
│ │               │   'identity': <function _rhat_identity at                │ │
│ │               0x7f20530de0e0>                                            │ │
│ │               }                                                          │ │
│ │   var_names = None                                                       │ │
│ ╰──────────────────────────────────────────────────────────────────────────╯ │
│                                                                              │
│ /mnt/hpc/work/kdruscit/singular-learning-theory/code/python/.venv/lib/python │
│ 3.10/site-packages/arviz/data/converters.py:185 in convert_to_dataset        │
│                                                                              │
│   182 │   -------                                                            │
│   183 │   xarray.Dataset                                                     │
│   184 │   """                                                                │
│ ❱ 185 │   inference_data = convert_to_inference_data(obj, group=group, coord │
│   186 │   dataset = getattr(inference_data, group, None)                     │
│   187 │   if dataset is None:                                                │
│   188 │   │   raise ValueError(                                              │
│                                                                              │
│ ╭──────────────────────────── locals ────────────────────────────╮           │
│ │ coords = None                                                  │           │
│ │   dims = None                                                  │           │
│ │  group = 'posterior'                                           │           │
│ │    obj = <MultiTrace: 10 chains, 1250 iterations, 4 variables> │           │
│ ╰────────────────────────────────────────────────────────────────╯           │
│                                                                              │
│ /mnt/hpc/work/kdruscit/singular-learning-theory/code/python/.venv/lib/python │
│ 3.10/site-packages/arviz/data/converters.py:139 in convert_to_inference_data │
│                                                                              │
│   136 │   │   │   "cmdstan fit csv filename",                                │
│   137 │   │   │   "cmdstanpy fit",                                           │
│   138 │   │   )                                                              │
│ ❱ 139 │   │   raise ValueError(                                              │
│   140 │   │   │   f'Can only convert {", ".join(allowable_types)} to Inferen │
│   141 │   │   │   f"not {obj.__class__.__name__}"                            │
│   142 │   │   )                                                              │
│                                                                              │
│ ╭───────────────────────────────── locals ─────────────────────────────────╮ │
│ │ allowable_types = (                                                      │ │
│ │                   │   'xarray dataarray',                                │ │
│ │                   │   'xarray dataset',                                  │ │
│ │                   │   'dict',                                            │ │
│ │                   │   "pytree (if 'dm-tree' is installed)",              │ │
│ │                   │   'netcdf filename',                                 │ │
│ │                   │   'numpy array',                                     │ │
│ │                   │   'pystan fit',                                      │ │
│ │                   │   'emcee fit',                                       │ │
│ │                   │   'pyro mcmc fit',                                   │ │
│ │                   │   'numpyro mcmc fit',                                │ │
│ │                   │   ... +2                                             │ │
│ │                   )                                                      │ │
│ │          coords = None                                                   │ │
│ │            dims = None                                                   │ │
│ │           group = 'posterior'                                            │ │
│ │          kwargs = {                                                      │ │
│ │                   │   'posterior': <MultiTrace: 10 chains, 1250          │ │
│ │                   iterations, 4 variables>,                              │ │
│ │                   │   'coords': None,                                    │ │
│ │                   │   'dims': None                                       │ │
│ │                   }                                                      │ │
│ │             obj = <MultiTrace: 10 chains, 1250 iterations, 4 variables>  │ │
│ ╰──────────────────────────────────────────────────────────────────────────╯ │
╰──────────────────────────────────────────────────────────────────────────────╯
ValueError: Can only convert xarray dataarray, xarray dataset, dict, pytree (if 
'dm-tree' is installed), netcdf filename, numpy array, pystan fit, emcee fit, 
pyro mcmc fit, numpyro mcmc fit, cmdstan fit csv filename, cmdstanpy fit to 
InferenceData, not MultiTrace
srun: error: hpc-pr3-04: task 3: Exited with exit code 1
╭───────────────────── Traceback (most recent call last) ──────────────────────╮
│ /mnt/hpc/work/kdruscit/singular-learning-theory/code/python/estimation/mixno │
│ rm/ksigma/main.py:92 in rlctx                                                │
│                                                                              │
│    89 │   idata = None                                                       │
│    90 │   with model:                                                        │
│    91 │   │   print(pymc_progressbar)                                        │
│ ❱  92 │   │   idata = pm.sample(draws=pymc_draws,                            │
│    93 │   │   │   │   │   │     tune=pymc_tune,                              │
│    94 │   │   │   │   │   │     chains=pymc_chains,                          │
│    95 │   │   │   │   │   │     cores=pymc_cores,                            │
│                                                                              │
│ ╭───────────────────────────────── locals ─────────────────────────────────╮ │
│ │                     az = <module 'arviz' from                            │ │
│ │                          '/mnt/hpc/work/kdruscit/singular-learning-theo… │ │
│ │                  idata = None                                            │ │
│ │ invtemp_scaling_factor = 1                                               │ │
│ │ mean_prior_cov_scaling = 4.0                                             │ │
│ │     mixture_components = 3                                               │ │
│ │                  model = <pymc.model.core.Model object at                │ │
│ │                          0x7f8f9531d9c0>                                 │ │
│ │                      n = 100                                             │ │
│ │                     np = <module 'numpy' from                            │ │
│ │                          '/mnt/hpc/work/kdruscit/singular-learning-theo… │ │
│ │                pathstr = 'estimation/mixnorm/ksigma/data/observations/n… │ │
│ │                     pm = <module 'pymc' from                             │ │
│ │                          '/mnt/hpc/work/kdruscit/singular-learning-theo… │ │
│ │                     pt = <module 'pytensor' from                         │ │
│ │                          '/mnt/hpc/work/kdruscit/singular-learning-theo… │ │
│ │            pymc_chains = 10                                              │ │
│ │             pymc_cores = 10                                              │ │
│ │             pymc_draws = 1000                                            │ │
│ │       pymc_progressbar = False                                           │ │
│ │              pymc_tune = 1000                                            │ │
│ │              targetdir = '.'                                             │ │
│ │                 x_data = array([ 0.5418459 ,  0.0564247 , -1.50166618,   │ │
│ │                          0.23482283,  0.51874431,                        │ │
│ │                          │   │   0.46099198, -0.33490282,  1.24580097,   │ │
│ │                          -0.55013189, -1.54668546,                       │ │
│ │                          │      -0.76314938,  1.61260858, -1.06255542,   │ │
│ │                          -0.11514613, -0.88456432,                       │ │
│ │                          │   │   1.05967827, -1.00333253,  1.51539862,   │ │
│ │                          0.13981142,  0.34138647,                        │ │
│ │                          │      -1.74609383, -0.01991043, -0.2600681 ,   │ │
│ │                          0.26009384,  0.65216452,                        │ │
│ │                          │   │   0.25723645, -2.71286086,  0.21354227,   │ │
│ │                          -0.62661571, -0.83970704,                       │ │
│ │                          │   │   1.110821  , -0.70688454,  1.15953556,   │ │
│ │                          -0.54798849,  0.39061678,                       │ │
│ │                          │   │   0.23423252,  0.26927806,  0.82810118,   │ │
│ │                          0.77147089,  0.21112086,                        │ │
│ │                          │      -0.46874449,  0.82390541,  0.88348432,   │ │
│ │                          0.29695891,  0.20271367,                        │ │
│ │                          │   │   0.50031774,  0.2039249 ,  1.34086154,   │ │
│ │                          -0.9212274 ,  1.09580553,                       │ │
│ │                          │      -0.17727303, -0.17224081,  1.57957521,   │ │
│ │                          0.30258116,  0.70626166,                        │ │
│ │                          │   │   0.49427457,  0.01955391,  0.74710658,   │ │
│ │                          1.96995004,  0.33375395,                        │ │
│ │                          │      -1.01397341, -1.07910027,  1.25701143,   │ │
│ │                          0.24255672, -1.10963898,                        │ │
│ │                          │   │   1.48861878, -0.5056098 , -1.45928526,   │ │
│ │                          0.66896881,  0.11573986,                        │ │
│ │                          │   │   0.26927449, -0.08296203,  0.76957661,   │ │
│ │                          0.88559302,  0.77064137,                        │ │
│ │                          │      -0.88364126, -0.65935407,  0.73094601,   │ │
│ │                          1.28460333, -0.21424996,                        │ │
│ │                          │      -0.43243754,  1.27567983, -0.86244216,   │ │
│ │                          -0.29486898,  0.22619302,                       │ │
│ │                          │      -1.00865678,  0.81319033, -0.59567051,   │ │
│ │                          -0.19275418, -1.1536697 ,                       │ │
│ │                          │      -0.95220855,  0.21240703,  1.93505729,   │ │
│ │                          0.60235799,  0.81021319,                        │ │
│ │                          │      -0.43218366, -0.42909328, -0.25235026,   │ │
│ │                          0.66392117, -0.05602128])                       │ │
│ ╰──────────────────────────────────────────────────────────────────────────╯ │
│                                                                              │
│ /mnt/hpc/work/kdruscit/singular-learning-theory/code/python/.venv/lib/python │
│ 3.10/site-packages/pymc/sampling/mcmc.py:935 in sample                       │
│                                                                              │
│    932 │   │   _log.info(f"Multiprocess sampling ({chains} chains in {cores} │
│    933 │   │   _print_step_hierarchy(step)                                   │
│    934 │   │   try:                                                          │
│ ❱  935 │   │   │   _mp_sample(**sample_args, **parallel_args)                │
│    936 │   │   except pickle.PickleError:                                    │
│    937 │   │   │   _log.warning("Could not pickle model, sampling singlethre │
│    938 │   │   │   _log.debug("Pickling error:", exc_info=True)              │
│                                                                              │
│ ╭───────────────────────────────── locals ─────────────────────────────────╮ │
│ │                 blas_cores = 10                                          │ │
│ │                   callback = <estimation.mixnorm.ksigma.pymc_tools.Clus… │ │
│ │                              object at 0x7f8f8e976320>                   │ │
│ │                     chains = 10                                          │ │
│ │             compile_kwargs = None                                        │ │
│ │ compute_convergence_checks = True                                        │ │
│ │                      cores = 10                                          │ │
│ │      discard_tuned_samples = True                                        │ │
│ │                      draws = 1000                                        │ │
│ │             exclusive_nuts = True                                        │ │
│ │    has_population_samplers = np.False_                                   │ │
│ │               idata_kwargs = None                                        │ │
│ │                       init = 'auto'                                      │ │
│ │             initial_points = [                                           │ │
│ │                              │   {                                       │ │
│ │                              │   │   'weights_simplex__':                │ │
│ │                              array([-0.62521992, -0.74340341]),          │ │
│ │                              │   │   'mus': array([-0.9032318 ,          │ │
│ │                              0.93996842, -0.10345245]),                  │ │
│ │                              │   │   'like': array(0.373274)             │ │
│ │                              │   },                                      │ │
│ │                              │   {                                       │ │
│ │                              │   │   'weights_simplex__':                │ │
│ │                              array([0.60948101, 0.73038566]),            │ │
│ │                              │   │   'mus': array([ 0.71520826,          │ │
│ │                              0.88840118, -0.48323937]),                  │ │
│ │                              │   │   'like': array(1.33046122)           │ │
│ │                              │   },                                      │ │
│ │                              │   {                                       │ │
│ │                              │   │   'weights_simplex__':                │ │
│ │                              array([-0.57466665, -0.8480372 ]),          │ │
│ │                              │   │   'mus': array([ 0.28873493,          │ │
│ │                              0.81594955, -0.91116043]),                  │ │
│ │                              │   │   'like': array(-0.39868484)          │ │
│ │                              │   },                                      │ │
│ │                              │   {                                       │ │
│ │                              │   │   'weights_simplex__': array([        │ │
│ │                              0.1959708 , -0.86530405]),                  │ │
│ │                              │   │   'mus': array([-0.48562484,          │ │
│ │                              0.15495697, -0.87425166]),                  │ │
│ │                              │   │   'like': array(-0.92686608)          │ │
│ │                              │   },                                      │ │
│ │                              │   {                                       │ │
│ │                              │   │   'weights_simplex__':                │ │
│ │                              array([-0.36059751,  0.00462287]),          │ │
│ │                              │   │   'mus': array([ 0.22366909,          │ │
│ │                              -0.79613213,  0.40711704]),                 │ │
│ │                              │   │   'like': array(0.62557423)           │ │
│ │                              │   },                                      │ │
│ │                              │   {                                       │ │
│ │                              │   │   'weights_simplex__': array([        │ │
│ │                              0.42315059, -0.83394624]),                  │ │
│ │                              │   │   'mus': array([ 0.68437947,          │ │
│ │                              -0.76178771,  0.68088381]),                 │ │
│ │                              │   │   'like': array(1.22503494)           │ │
│ │                              │   },                                      │ │
│ │                              │   {                                       │ │
│ │                              │   │   'weights_simplex__':                │ │
│ │                              array([-0.07204598,  0.7206085 ]),          │ │
│ │                              │   │   'mus': array([0.3955197 , 0.0993963 │ │
│ │                              , 0.57939069]),                             │ │
│ │                              │   │   'like': array(-0.73061764)          │ │
│ │                              │   },                                      │ │
│ │                              │   {                                       │ │
│ │                              │   │   'weights_simplex__': array([        │ │
│ │                              0.03075922, -0.88730029]),                  │ │
│ │                              │   │   'mus': array([ 0.86276587,          │ │
│ │                              -0.2178981 ,  0.50204431]),                 │ │
│ │                              │   │   'like': array(-0.15682938)          │ │
│ │                              │   },                                      │ │
│ │                              │   {                                       │ │
│ │                              │   │   'weights_simplex__':                │ │
│ │                              array([-0.71669735,  0.25537322]),          │ │
│ │                              │   │   'mus': array([-0.96383075,          │ │
│ │                              0.66172224,  0.38465518]),                  │ │
│ │                              │   │   'like': array(1.2384576)            │ │
│ │                              │   },                                      │ │
│ │                              │   {                                       │ │
│ │                              │   │   'weights_simplex__': array([        │ │
│ │                              0.97620607, -0.17378961]),                  │ │
│ │                              │   │   'mus': array([-0.36725227,          │ │
│ │                              -0.97749424,  0.56737564]),                 │ │
│ │                              │   │   'like': array(-0.6362532)           │ │
│ │                              │   }                                       │ │
│ │                              ]                                           │ │
│ │                   initvals = None                                        │ │
│ │         jitter_max_retries = 10                                          │ │
│ │          keep_warning_stat = False                                       │ │
│ │                     kwargs = {                                           │ │
│ │                              │   'max_treedepth': 50,                    │ │
│ │                              │   'target_accept': 0.995                  │ │
│ │                              }                                           │ │
│ │                      model = <pymc.model.core.Model object at            │ │
│ │                              0x7f8f9531d9c0>                             │ │
│ │                     mp_ctx = None                                        │ │
│ │                     n_init = 200000                                      │ │
│ │   num_blas_cores_per_chain = 1                                           │ │
│ │                nuts_kwargs = {'target_accept': 0.995}                    │ │
│ │               nuts_sampler = 'pymc'                                      │ │
│ │        nuts_sampler_kwargs = {}                                          │ │
│ │                   parallel = True                                        │ │
│ │              parallel_args = {'mp_ctx': None, 'blas_cores': 1}           │ │
│ │              progress_bool = False                                       │ │
│ │                progressbar = False                                       │ │
│ │          progressbar_theme = None                                        │ │
│ │             provided_steps = []                                          │ │
│ │                random_seed = None                                        │ │
│ │           random_seed_list = [                                           │ │
│ │                              │   np.int64(586892820),                    │ │
│ │                              │   np.int64(404469622),                    │ │
│ │                              │   np.int64(1029160124),                   │ │
│ │                              │   np.int64(588263349),                    │ │
│ │                              │   np.int64(534773233),                    │ │
│ │                              │   np.int64(918871724),                    │ │
│ │                              │   np.int64(1035368955),                   │ │
│ │                              │   np.int64(267287745),                    │ │
│ │                              │   np.int64(577740855),                    │ │
│ │                              │   np.int64(579748746)                     │ │
│ │                              ]                                           │ │
│ │       return_inferencedata = True                                        │ │
│ │                       rngs = [                                           │ │
│ │                              │   Generator(PCG64) at 0x7F8F8EADE420,     │ │
│ │                              │   Generator(PCG64) at 0x7F8F8EADE340,     │ │
│ │                              │   Generator(PCG64) at 0x7F8F8EADE0A0,     │ │
│ │                              │   Generator(PCG64) at 0x7F8F8EADE180,     │ │
│ │                              │   Generator(PCG64) at 0x7F8F8EADDEE0,     │ │
│ │                              │   Generator(PCG64) at 0x7F8F8EADDFC0,     │ │
│ │                              │   Generator(PCG64) at 0x7F8F8EADDA80,     │ │
│ │                              │   Generator(PCG64) at 0x7F8F8EADDD20,     │ │
│ │                              │   Generator(PCG64) at 0x7F8F8EADDB60,     │ │
│ │                              │   Generator(PCG64) at 0x7F8F8EADDE00      │ │
│ │                              ]                                           │ │
│ │                        run = None                                        │ │
│ │                sample_args = {                                           │ │
│ │                              │   'draws': 2000,                          │ │
│ │                              │   'step':                                 │ │
│ │                              <pymc.step_methods.hmc.nuts.NUTS object at  │ │
│ │                              0x7f8f82bf0d60>,                            │ │
│ │                              │   'start': [                              │ │
│ │                              │   │   {                                   │ │
│ │                              │   │   │   'weights_simplex__':            │ │
│ │                              array([-0.62521992, -0.74340341]),          │ │
│ │                              │   │   │   'mus': array([-0.9032318 ,      │ │
│ │                              0.93996842, -0.10345245]),                  │ │
│ │                              │   │   │   'like': array(0.373274)         │ │
│ │                              │   │   },                                  │ │
│ │                              │   │   {                                   │ │
│ │                              │   │   │   'weights_simplex__':            │ │
│ │                              array([0.60948101, 0.73038566]),            │ │
│ │                              │   │   │   'mus': array([ 0.71520826,      │ │
│ │                              0.88840118, -0.48323937]),                  │ │
│ │                              │   │   │   'like': array(1.33046122)       │ │
│ │                              │   │   },                                  │ │
│ │                              │   │   {                                   │ │
│ │                              │   │   │   'weights_simplex__':            │ │
│ │                              array([-0.57466665, -0.8480372 ]),          │ │
│ │                              │   │   │   'mus': array([ 0.28873493,      │ │
│ │                              0.81594955, -0.91116043]),                  │ │
│ │                              │   │   │   'like': array(-0.39868484)      │ │
│ │                              │   │   },                                  │ │
│ │                              │   │   {                                   │ │
│ │                              │   │   │   'weights_simplex__': array([    │ │
│ │                              0.1959708 , -0.86530405]),                  │ │
│ │                              │   │   │   'mus': array([-0.48562484,      │ │
│ │                              0.15495697, -0.87425166]),                  │ │
│ │                              │   │   │   'like': array(-0.92686608)      │ │
│ │                              │   │   },                                  │ │
│ │                              │   │   {                                   │ │
│ │                              │   │   │   'weights_simplex__':            │ │
│ │                              array([-0.36059751,  0.00462287]),          │ │
│ │                              │   │   │   'mus': array([ 0.22366909,      │ │
│ │                              -0.79613213,  0.40711704]),                 │ │
│ │                              │   │   │   'like': array(0.62557423)       │ │
│ │                              │   │   },                                  │ │
│ │                              │   │   {                                   │ │
│ │                              │   │   │   'weights_simplex__': array([    │ │
│ │                              0.42315059, -0.83394624]),                  │ │
│ │                              │   │   │   'mus': array([ 0.68437947,      │ │
│ │                              -0.76178771,  0.68088381]),                 │ │
│ │                              │   │   │   'like': array(1.22503494)       │ │
│ │                              │   │   },                                  │ │
│ │                              │   │   {                                   │ │
│ │                              │   │   │   'weights_simplex__':            │ │
│ │                              array([-0.07204598,  0.7206085 ]),          │ │
│ │                              │   │   │   'mus': array([0.3955197 ,       │ │
│ │                              0.0993963 , 0.57939069]),                   │ │
│ │                              │   │   │   'like': array(-0.73061764)      │ │
│ │                              │   │   },                                  │ │
│ │                              │   │   {                                   │ │
│ │                              │   │   │   'weights_simplex__': array([    │ │
│ │                              0.03075922, -0.88730029]),                  │ │
│ │                              │   │   │   'mus': array([ 0.86276587,      │ │
│ │                              -0.2178981 ,  0.50204431]),                 │ │
│ │                              │   │   │   'like': array(-0.15682938)      │ │
│ │                              │   │   },                                  │ │
│ │                              │   │   {                                   │ │
│ │                              │   │   │   'weights_simplex__':            │ │
│ │                              array([-0.71669735,  0.25537322]),          │ │
│ │                              │   │   │   'mus': array([-0.96383075,      │ │
│ │                              0.66172224,  0.38465518]),                  │ │
│ │                              │   │   │   'like': array(1.2384576)        │ │
│ │                              │   │   },                                  │ │
│ │                              │   │   {                                   │ │
│ │                              │   │   │   'weights_simplex__': array([    │ │
│ │                              0.97620607, -0.17378961]),                  │ │
│ │                              │   │   │   'mus': array([-0.36725227,      │ │
│ │                              -0.97749424,  0.56737564]),                 │ │
│ │                              │   │   │   'like': array(-0.6362532)       │ │
│ │                              │   │   }                                   │ │
│ │                              │   ],                                      │ │
│ │                              │   'traces': [                             │ │
│ │                              │   │   <pymc.backends.ndarray.NDArray      │ │
│ │                              object at 0x7f8f8b4bdb10>,                  │ │
│ │                              │   │   <pymc.backends.ndarray.NDArray      │ │
│ │                              object at 0x7f8f8df4d780>,                  │ │
│ │                              │   │   <pymc.backends.ndarray.NDArray      │ │
│ │                              object at 0x7f8f8d89d720>,                  │ │
│ │                              │   │   <pymc.backends.ndarray.NDArray      │ │
│ │                              object at 0x7f8f8d89ceb0>,                  │ │
│ │                              │   │   <pymc.backends.ndarray.NDArray      │ │
│ │                              object at 0x7f8f8b4d8d60>,                  │ │
│ │                              │   │   <pymc.backends.ndarray.NDArray      │ │
│ │                              object at 0x7f8f8b402710>,                  │ │
│ │                              │   │   <pymc.backends.ndarray.NDArray      │ │
│ │                              object at 0x7f8f831488e0>,                  │ │
│ │                              │   │   <pymc.backends.ndarray.NDArray      │ │
│ │                              object at 0x7f8f82d6eaa0>,                  │ │
│ │                              │   │   <pymc.backends.ndarray.NDArray      │ │
│ │                              object at 0x7f8f8314acb0>,                  │ │
│ │                              │   │   <pymc.backends.ndarray.NDArray      │ │
│ │                              object at 0x7f8f830d3940>                   │ │
│ │                              │   ],                                      │ │
│ │                              │   'chains': 10,                           │ │
│ │                              │   'tune': 1000,                           │ │
│ │                              │   'var_names': None,                      │ │
│ │                              │   'progressbar': False,                   │ │
│ │                              │   'progressbar_theme': None,              │ │
│ │                              │   'model': <pymc.model.core.Model object  │ │
│ │                              at 0x7f8f9531d9c0>,                         │ │
│ │                              │   ... +6                                  │ │
│ │                              }                                           │ │
│ │             selected_steps = {                                           │ │
│ │                              │   <class                                  │ │
│ │                              'pymc.step_methods.hmc.nuts.NUTS'>: [       │ │
│ │                              │   │   weights_simplex__,                  │ │
│ │                              │   │   mus,                                │ │
│ │                              │   │   like                                │ │
│ │                              │   ]                                       │ │
│ │                              }                                           │ │
│ │                       step = <pymc.step_methods.hmc.nuts.NUTS object at  │ │
│ │                              0x7f8f82bf0d60>                             │ │
│ │                    t_start = 1752861176.2253065                          │ │
│ │                      trace = None                                        │ │
│ │                 trace_vars = None                                        │ │
│ │                     traces = [                                           │ │
│ │                              │   <pymc.backends.ndarray.NDArray object   │ │
│ │                              at 0x7f8f8b4bdb10>,                         │ │
│ │                              │   <pymc.backends.ndarray.NDArray object   │ │
│ │                              at 0x7f8f8df4d780>,                         │ │
│ │                              │   <pymc.backends.ndarray.NDArray object   │ │
│ │                              at 0x7f8f8d89d720>,                         │ │
│ │                              │   <pymc.backends.ndarray.NDArray object   │ │
│ │                              at 0x7f8f8d89ceb0>,                         │ │
│ │                              │   <pymc.backends.ndarray.NDArray object   │ │
│ │                              at 0x7f8f8b4d8d60>,                         │ │
│ │                              │   <pymc.backends.ndarray.NDArray object   │ │
│ │                              at 0x7f8f8b402710>,                         │ │
│ │                              │   <pymc.backends.ndarray.NDArray object   │ │
│ │                              at 0x7f8f831488e0>,                         │ │
│ │                              │   <pymc.backends.ndarray.NDArray object   │ │
│ │                              at 0x7f8f82d6eaa0>,                         │ │
│ │                              │   <pymc.backends.ndarray.NDArray object   │ │
│ │                              at 0x7f8f8314acb0>,                         │ │
│ │                              │   <pymc.backends.ndarray.NDArray object   │ │
│ │                              at 0x7f8f830d3940>                          │ │
│ │                              ]                                           │ │
│ │                       tune = 1000                                        │ │
│ │                  var_names = None                                        │ │
│ ╰──────────────────────────────────────────────────────────────────────────╯ │
│                                                                              │
│ /mnt/hpc/work/kdruscit/singular-learning-theory/code/python/.venv/lib/python │
│ 3.10/site-packages/pymc/sampling/mcmc.py:1419 in _mp_sample                  │
│                                                                              │
│   1416 │   │   │   │   │   log_warning_stats(draw.stats)                     │
│   1417 │   │   │   │   │                                                     │
│   1418 │   │   │   │   │   if callback is not None:                          │
│ ❱ 1419 │   │   │   │   │   │   callback(trace=strace, draw=draw)             │
│   1420 │   │                                                                 │
│   1421 │   │   except ps.ParallelSamplingError as error:                     │
│   1422 │   │   │   for strace in traces:                                     │
│                                                                              │
│ ╭───────────────────────────────── locals ─────────────────────────────────╮ │
│ │        blas_cores = 1                                                    │ │
│ │          callback = <estimation.mixnorm.ksigma.pymc_tools.ClusterFriend… │ │
│ │                     object at 0x7f8f8e976320>                            │ │
│ │            chains = 10                                                   │ │
│ │             cores = 10                                                   │ │
│ │              draw = Draw(                                                │ │
│ │                     │   chain=2,                                         │ │
│ │                     │   is_last=False,                                   │ │
│ │                     │   draw_idx=1249,                                   │ │
│ │                     │   tuning=False,                                    │ │
│ │                     │   stats=[                                          │ │
│ │                     │   │   {                                            │ │
│ │                     │   │   │   'tune': False,                           │ │
│ │                     │   │   │   'diverging': False,                      │ │
│ │                     │   │   │   'perf_counter_diff':                     │ │
│ │                     0.12522834609262645,                                 │ │
│ │                     │   │   │   'process_time_diff':                     │ │
│ │                     0.027188732999999132,                                │ │
│ │                     │   │   │   'perf_counter_start': 1994499.404032928, │ │
│ │                     │   │   │   'warning': None,                         │ │
│ │                     │   │   │   'depth': 7,                              │ │
│ │                     │   │   │   'mean_tree_accept':                      │ │
│ │                     np.float64(0.9852895961750645),                      │ │
│ │                     │   │   │   'energy_error':                          │ │
│ │                     np.float64(-0.003481872785656037),                   │ │
│ │                     │   │   │   'energy': np.float64(47.2825526460107),  │ │
│ │                     │   │   │   ... +9                                   │ │
│ │                     │   │   }                                            │ │
│ │                     │   ],                                               │ │
│ │                     │   point={                                          │ │
│ │                     │   │   'weights_simplex__': array([-3.79019955,     │ │
│ │                     -1.58534355]),                                       │ │
│ │                     │   │   'mus': array([-1.7564202 ,  2.81277459,      │ │
│ │                     0.01714959]),                                        │ │
│ │                     │   │   'like': array(-1.63594804)                   │ │
│ │                     │   }                                                │ │
│ │                     )                                                    │ │
│ │             draws = 1000                                                 │ │
│ │            kwargs = {                                                    │ │
│ │                     │   'var_names': None,                               │ │
│ │                     │   'discard_tuned_samples': True,                   │ │
│ │                     │   'max_treedepth': 50,                             │ │
│ │                     │   'target_accept': 0.995                           │ │
│ │                     }                                                    │ │
│ │             model = <pymc.model.core.Model object at 0x7f8f9531d9c0>     │ │
│ │            mp_ctx = None                                                 │ │
│ │       progressbar = False                                                │ │
│ │ progressbar_theme = None                                                 │ │
│ │                ps = <module 'pymc.sampling.parallel' from                │ │
│ │                     '/mnt/hpc/work/kdruscit/singular-learning-theory/co… │ │
│ │              rngs = [                                                    │ │
│ │                     │   Generator(PCG64) at 0x7F8F8EADE420,              │ │
│ │                     │   Generator(PCG64) at 0x7F8F8EADE340,              │ │
│ │                     │   Generator(PCG64) at 0x7F8F8EADE0A0,              │ │
│ │                     │   Generator(PCG64) at 0x7F8F8EADE180,              │ │
│ │                     │   Generator(PCG64) at 0x7F8F8EADDEE0,              │ │
│ │                     │   Generator(PCG64) at 0x7F8F8EADDFC0,              │ │
│ │                     │   Generator(PCG64) at 0x7F8F8EADDA80,              │ │
│ │                     │   Generator(PCG64) at 0x7F8F8EADDD20,              │ │
│ │                     │   Generator(PCG64) at 0x7F8F8EADDB60,              │ │
│ │                     │   Generator(PCG64) at 0x7F8F8EADDE00               │ │
│ │                     ]                                                    │ │
│ │           sampler = <pymc.sampling.parallel.ParallelSampler object at    │ │
│ │                     0x7f8f82bf0760>                                      │ │
│ │             start = [                                                    │ │
│ │                     │   {                                                │ │
│ │                     │   │   'weights_simplex__': array([-0.62521992,     │ │
│ │                     -0.74340341]),                                       │ │
│ │                     │   │   'mus': array([-0.9032318 ,  0.93996842,      │ │
│ │                     -0.10345245]),                                       │ │
│ │                     │   │   'like': array(0.373274)                      │ │
│ │                     │   },                                               │ │
│ │                     │   {                                                │ │
│ │                     │   │   'weights_simplex__': array([0.60948101,      │ │
│ │                     0.73038566]),                                        │ │
│ │                     │   │   'mus': array([ 0.71520826,  0.88840118,      │ │
│ │                     -0.48323937]),                                       │ │
│ │                     │   │   'like': array(1.33046122)                    │ │
│ │                     │   },                                               │ │
│ │                     │   {                                                │ │
│ │                     │   │   'weights_simplex__': array([-0.57466665,     │ │
│ │                     -0.8480372 ]),                                       │ │
│ │                     │   │   'mus': array([ 0.28873493,  0.81594955,      │ │
│ │                     -0.91116043]),                                       │ │
│ │                     │   │   'like': array(-0.39868484)                   │ │
│ │                     │   },                                               │ │
│ │                     │   {                                                │ │
│ │                     │   │   'weights_simplex__': array([ 0.1959708 ,     │ │
│ │                     -0.86530405]),                                       │ │
│ │                     │   │   'mus': array([-0.48562484,  0.15495697,      │ │
│ │                     -0.87425166]),                                       │ │
│ │                     │   │   'like': array(-0.92686608)                   │ │
│ │                     │   },                                               │ │
│ │                     │   {                                                │ │
│ │                     │   │   'weights_simplex__': array([-0.36059751,     │ │
│ │                     0.00462287]),                                        │ │
│ │                     │   │   'mus': array([ 0.22366909, -0.79613213,      │ │
│ │                     0.40711704]),                                        │ │
│ │                     │   │   'like': array(0.62557423)                    │ │
│ │                     │   },                                               │ │
│ │                     │   {                                                │ │
│ │                     │   │   'weights_simplex__': array([ 0.42315059,     │ │
│ │                     -0.83394624]),                                       │ │
│ │                     │   │   'mus': array([ 0.68437947, -0.76178771,      │ │
│ │                     0.68088381]),                                        │ │
│ │                     │   │   'like': array(1.22503494)                    │ │
│ │                     │   },                                               │ │
│ │                     │   {                                                │ │
│ │                     │   │   'weights_simplex__': array([-0.07204598,     │ │
│ │                     0.7206085 ]),                                        │ │
│ │                     │   │   'mus': array([0.3955197 , 0.0993963 ,        │ │
│ │                     0.57939069]),                                        │ │
│ │                     │   │   'like': array(-0.73061764)                   │ │
│ │                     │   },                                               │ │
│ │                     │   {                                                │ │
│ │                     │   │   'weights_simplex__': array([ 0.03075922,     │ │
│ │                     -0.88730029]),                                       │ │
│ │                     │   │   'mus': array([ 0.86276587, -0.2178981 ,      │ │
│ │                     0.50204431]),                                        │ │
│ │                     │   │   'like': array(-0.15682938)                   │ │
│ │                     │   },                                               │ │
│ │                     │   {                                                │ │
│ │                     │   │   'weights_simplex__': array([-0.71669735,     │ │
│ │                     0.25537322]),                                        │ │
│ │                     │   │   'mus': array([-0.96383075,  0.66172224,      │ │
│ │                     0.38465518]),                                        │ │
│ │                     │   │   'like': array(1.2384576)                     │ │
│ │                     │   },                                               │ │
│ │                     │   {                                                │ │
│ │                     │   │   'weights_simplex__': array([ 0.97620607,     │ │
│ │                     -0.17378961]),                                       │ │
│ │                     │   │   'mus': array([-0.36725227, -0.97749424,      │ │
│ │                     0.56737564]),                                        │ │
│ │                     │   │   'like': array(-0.6362532)                    │ │
│ │                     │   }                                                │ │
│ │                     ]                                                    │ │
│ │              step = <pymc.step_methods.hmc.nuts.NUTS object at           │ │
│ │                     0x7f8f82bf0d60>                                      │ │
│ │            strace = <pymc.backends.ndarray.NDArray object at             │ │
│ │                     0x7f8f830d3940>                                      │ │
│ │            traces = [                                                    │ │
│ │                     │   <pymc.backends.ndarray.NDArray object at         │ │
│ │                     0x7f8f8b4bdb10>,                                     │ │
│ │                     │   <pymc.backends.ndarray.NDArray object at         │ │
│ │                     0x7f8f8df4d780>,                                     │ │
│ │                     │   <pymc.backends.ndarray.NDArray object at         │ │
│ │                     0x7f8f8d89d720>,                                     │ │
│ │                     │   <pymc.backends.ndarray.NDArray object at         │ │
│ │                     0x7f8f8d89ceb0>,                                     │ │
│ │                     │   <pymc.backends.ndarray.NDArray object at         │ │
│ │                     0x7f8f8b4d8d60>,                                     │ │
│ │                     │   <pymc.backends.ndarray.NDArray object at         │ │
│ │                     0x7f8f8b402710>,                                     │ │
│ │                     │   <pymc.backends.ndarray.NDArray object at         │ │
│ │                     0x7f8f831488e0>,                                     │ │
│ │                     │   <pymc.backends.ndarray.NDArray object at         │ │
│ │                     0x7f8f82d6eaa0>,                                     │ │
│ │                     │   <pymc.backends.ndarray.NDArray object at         │ │
│ │                     0x7f8f8314acb0>,                                     │ │
│ │                     │   <pymc.backends.ndarray.NDArray object at         │ │
│ │                     0x7f8f830d3940>                                      │ │
│ │                     ]                                                    │ │
│ │              tune = 1000                                                 │ │
│ │       zarr_chains = None                                                 │ │
│ │    zarr_recording = False                                                │ │
│ ╰──────────────────────────────────────────────────────────────────────────╯ │
│                                                                              │
│ /mnt/hpc/work/kdruscit/singular-learning-theory/code/python/estimation/mixno │
│ rm/ksigma/pymc_tools.py:45 in __call__                                       │
│                                                                              │
│   42 │   │   │   # print(trace.report)                                       │
│   43 │   │   │                                                               │
│   44 │   │   │   multitrace = MultiTrace(list(self.traces.values()))         │
│ ❱ 45 │   │   │   if rhat(multitrace).to_array().max() < self.max_rhat:       │
│   46 │   │   │   │   raise KeyboardInterrupt                                 │
│   47                                                                         │
│   48                                                                         │
│                                                                              │
│ ╭───────────────────────────────── locals ─────────────────────────────────╮ │
│ │   chain_id = 2                                                           │ │
│ │       draw = Draw(                                                       │ │
│ │              │   chain=2,                                                │ │
│ │              │   is_last=False,                                          │ │
│ │              │   draw_idx=1249,                                          │ │
│ │              │   tuning=False,                                           │ │
│ │              │   stats=[                                                 │ │
│ │              │   │   {                                                   │ │
│ │              │   │   │   'tune': False,                                  │ │
│ │              │   │   │   'diverging': False,                             │ │
│ │              │   │   │   'perf_counter_diff': 0.12522834609262645,       │ │
│ │              │   │   │   'process_time_diff': 0.027188732999999132,      │ │
│ │              │   │   │   'perf_counter_start': 1994499.404032928,        │ │
│ │              │   │   │   'warning': None,                                │ │
│ │              │   │   │   'depth': 7,                                     │ │
│ │              │   │   │   'mean_tree_accept':                             │ │
│ │              np.float64(0.9852895961750645),                             │ │
│ │              │   │   │   'energy_error':                                 │ │
│ │              np.float64(-0.003481872785656037),                          │ │
│ │              │   │   │   'energy': np.float64(47.2825526460107),         │ │
│ │              │   │   │   ... +9                                          │ │
│ │              │   │   }                                                   │ │
│ │              │   ],                                                      │ │
│ │              │   point={                                                 │ │
│ │              │   │   'weights_simplex__': array([-3.79019955,            │ │
│ │              -1.58534355]),                                              │ │
│ │              │   │   'mus': array([-1.7564202 ,  2.81277459,             │ │
│ │              0.01714959]),                                               │ │
│ │              │   │   'like': array(-1.63594804)                          │ │
│ │              │   }                                                       │ │
│ │              )                                                           │ │
│ │ multitrace = <MultiTrace: 10 chains, 1194 iterations, 4 variables>       │ │
│ │ perf_diffs = array([0.02811145, 0.00124204, 0.24643806, ..., 0.        , │ │
│ │              0.        ,                                                 │ │
│ │              │      0.        ], shape=(2000,))                          │ │
│ │       self = <estimation.mixnorm.ksigma.pymc_tools.ClusterFriendlyCallb… │ │
│ │              object at 0x7f8f8e976320>                                   │ │
│ │ total_time = np.float64(93.45000554877333)                               │ │
│ │      trace = <pymc.backends.ndarray.NDArray object at 0x7f8f8d89d720>    │ │
│ ╰──────────────────────────────────────────────────────────────────────────╯ │
│                                                                              │
│ /mnt/hpc/work/kdruscit/singular-learning-theory/code/python/.venv/lib/python │
│ 3.10/site-packages/arviz/stats/diagnostics.py:334 in rhat                    │
│                                                                              │
│    331 │   │   )                                                             │
│    332 │   │   raise TypeError(msg)                                          │
│    333 │                                                                     │
│ ❱  334 │   dataset = convert_to_dataset(data, group="posterior")             │
│    335 │   var_names = _var_names(var_names, dataset)                        │
│    336 │                                                                     │
│    337 │   dataset = dataset if var_names is None else dataset[var_names]    │
│                                                                              │
│ ╭───────────────────────────────── locals ─────────────────────────────────╮ │
│ │ dask_kwargs = None                                                       │ │
│ │        data = <MultiTrace: 10 chains, 1194 iterations, 4 variables>      │ │
│ │      method = 'rank'                                                     │ │
│ │     methods = {                                                          │ │
│ │               │   'rank': <function _rhat_rank at 0x7f8f8f66dea0>,       │ │
│ │               │   'split': <function _rhat_split at 0x7f8f8f66e050>,     │ │
│ │               │   'folded': <function _rhat_folded at 0x7f8f8f66df30>,   │ │
│ │               │   'z_scale': <function _rhat_z_scale at 0x7f8f8f66dfc0>, │ │
│ │               │   'identity': <function _rhat_identity at                │ │
│ │               0x7f8f8f66e0e0>                                            │ │
│ │               }                                                          │ │
│ │   var_names = None                                                       │ │
│ ╰──────────────────────────────────────────────────────────────────────────╯ │
│                                                                              │
│ /mnt/hpc/work/kdruscit/singular-learning-theory/code/python/.venv/lib/python │
│ 3.10/site-packages/arviz/data/converters.py:185 in convert_to_dataset        │
│                                                                              │
│   182 │   -------                                                            │
│   183 │   xarray.Dataset                                                     │
│   184 │   """                                                                │
│ ❱ 185 │   inference_data = convert_to_inference_data(obj, group=group, coord │
│   186 │   dataset = getattr(inference_data, group, None)                     │
│   187 │   if dataset is None:                                                │
│   188 │   │   raise ValueError(                                              │
│                                                                              │
│ ╭──────────────────────────── locals ────────────────────────────╮           │
│ │ coords = None                                                  │           │
│ │   dims = None                                                  │           │
│ │  group = 'posterior'                                           │           │
│ │    obj = <MultiTrace: 10 chains, 1194 iterations, 4 variables> │           │
│ ╰────────────────────────────────────────────────────────────────╯           │
│                                                                              │
│ /mnt/hpc/work/kdruscit/singular-learning-theory/code/python/.venv/lib/python │
│ 3.10/site-packages/arviz/data/converters.py:139 in convert_to_inference_data │
│                                                                              │
│   136 │   │   │   "cmdstan fit csv filename",                                │
│   137 │   │   │   "cmdstanpy fit",                                           │
│   138 │   │   )                                                              │
│ ❱ 139 │   │   raise ValueError(                                              │
│   140 │   │   │   f'Can only convert {", ".join(allowable_types)} to Inferen │
│   141 │   │   │   f"not {obj.__class__.__name__}"                            │
│   142 │   │   )                                                              │
│                                                                              │
│ ╭───────────────────────────────── locals ─────────────────────────────────╮ │
│ │ allowable_types = (                                                      │ │
│ │                   │   'xarray dataarray',                                │ │
│ │                   │   'xarray dataset',                                  │ │
│ │                   │   'dict',                                            │ │
│ │                   │   "pytree (if 'dm-tree' is installed)",              │ │
│ │                   │   'netcdf filename',                                 │ │
│ │                   │   'numpy array',                                     │ │
│ │                   │   'pystan fit',                                      │ │
│ │                   │   'emcee fit',                                       │ │
│ │                   │   'pyro mcmc fit',                                   │ │
│ │                   │   'numpyro mcmc fit',                                │ │
│ │                   │   ... +2                                             │ │
│ │                   )                                                      │ │
│ │          coords = None                                                   │ │
│ │            dims = None                                                   │ │
│ │           group = 'posterior'                                            │ │
│ │          kwargs = {                                                      │ │
│ │                   │   'posterior': <MultiTrace: 10 chains, 1194          │ │
│ │                   iterations, 4 variables>,                              │ │
│ │                   │   'coords': None,                                    │ │
│ │                   │   'dims': None                                       │ │
│ │                   }                                                      │ │
│ │             obj = <MultiTrace: 10 chains, 1194 iterations, 4 variables>  │ │
│ ╰──────────────────────────────────────────────────────────────────────────╯ │
╰──────────────────────────────────────────────────────────────────────────────╯
ValueError: Can only convert xarray dataarray, xarray dataset, dict, pytree (if 
'dm-tree' is installed), netcdf filename, numpy array, pystan fit, emcee fit, 
pyro mcmc fit, numpyro mcmc fit, cmdstan fit csv filename, cmdstanpy fit to 
InferenceData, not MultiTrace
srun: error: hpc-pr3-05: task 4: Exited with exit code 1
