Initializing NUTS using jitter+adapt_diag...
Initializing NUTS using jitter+adapt_diag...
Initializing NUTS using jitter+adapt_diag...
Multiprocess sampling (2 chains in 2 jobs)
NUTS: [weights, mus, like]
Initializing NUTS using jitter+adapt_diag...
Multiprocess sampling (2 chains in 2 jobs)
NUTS: [weights, mus, like]
Multiprocess sampling (2 chains in 2 jobs)
NUTS: [weights, mus, like]
Initializing NUTS using jitter+adapt_diag...
Initializing NUTS using jitter+adapt_diag...
Multiprocess sampling (2 chains in 2 jobs)
NUTS: [weights, mus, like]
Multiprocess sampling (2 chains in 2 jobs)
NUTS: [weights, mus, like]
Multiprocess sampling (2 chains in 2 jobs)
NUTS: [weights, mus, like]
╭───────────────────── Traceback (most recent call last) ──────────────────────╮
│ /mnt/hpc/work/kdruscit/singular-learning-theory/code/python/estimation/mixno │
│ rm/ksigma/main.py:92 in rlctx                                                │
│                                                                              │
│    89 │   idata = None                                                       │
│    90 │   with model:                                                        │
│    91 │   │   print(pymc_progressbar)                                        │
│ ❱  92 │   │   idata = pm.sample(draws=pymc_draws,                            │
│    93 │   │   │   │   │   │     tune=pymc_tune,                              │
│    94 │   │   │   │   │   │     chains=pymc_chains,                          │
│    95 │   │   │   │   │   │     cores=pymc_cores,                            │
│                                                                              │
│ ╭───────────────────────────────── locals ─────────────────────────────────╮ │
│ │                     az = <module 'arviz' from                            │ │
│ │                          '/mnt/hpc/work/kdruscit/singular-learning-theo… │ │
│ │                  idata = None                                            │ │
│ │ invtemp_scaling_factor = 1                                               │ │
│ │ mean_prior_cov_scaling = 4.0                                             │ │
│ │     mixture_components = 3                                               │ │
│ │                  model = <pymc.model.core.Model object at                │ │
│ │                          0x7f91cf9059c0>                                 │ │
│ │                      n = 100                                             │ │
│ │                     np = <module 'numpy' from                            │ │
│ │                          '/mnt/hpc/work/kdruscit/singular-learning-theo… │ │
│ │                pathstr = 'estimation/mixnorm/ksigma/data/observations/n… │ │
│ │                     pm = <module 'pymc' from                             │ │
│ │                          '/mnt/hpc/work/kdruscit/singular-learning-theo… │ │
│ │                     pt = <module 'pytensor' from                         │ │
│ │                          '/mnt/hpc/work/kdruscit/singular-learning-theo… │ │
│ │            pymc_chains = 2                                               │ │
│ │             pymc_cores = 10                                              │ │
│ │             pymc_draws = 1000                                            │ │
│ │       pymc_progressbar = False                                           │ │
│ │              pymc_tune = 1000                                            │ │
│ │              targetdir = '.'                                             │ │
│ │                 x_data = array([ 0.5418459 ,  0.0564247 , -1.50166618,   │ │
│ │                          0.23482283,  0.51874431,                        │ │
│ │                          │   │   0.46099198, -0.33490282,  1.24580097,   │ │
│ │                          -0.55013189, -1.54668546,                       │ │
│ │                          │      -0.76314938,  1.61260858, -1.06255542,   │ │
│ │                          -0.11514613, -0.88456432,                       │ │
│ │                          │   │   1.05967827, -1.00333253,  1.51539862,   │ │
│ │                          0.13981142,  0.34138647,                        │ │
│ │                          │      -1.74609383, -0.01991043, -0.2600681 ,   │ │
│ │                          0.26009384,  0.65216452,                        │ │
│ │                          │   │   0.25723645, -2.71286086,  0.21354227,   │ │
│ │                          -0.62661571, -0.83970704,                       │ │
│ │                          │   │   1.110821  , -0.70688454,  1.15953556,   │ │
│ │                          -0.54798849,  0.39061678,                       │ │
│ │                          │   │   0.23423252,  0.26927806,  0.82810118,   │ │
│ │                          0.77147089,  0.21112086,                        │ │
│ │                          │      -0.46874449,  0.82390541,  0.88348432,   │ │
│ │                          0.29695891,  0.20271367,                        │ │
│ │                          │   │   0.50031774,  0.2039249 ,  1.34086154,   │ │
│ │                          -0.9212274 ,  1.09580553,                       │ │
│ │                          │      -0.17727303, -0.17224081,  1.57957521,   │ │
│ │                          0.30258116,  0.70626166,                        │ │
│ │                          │   │   0.49427457,  0.01955391,  0.74710658,   │ │
│ │                          1.96995004,  0.33375395,                        │ │
│ │                          │      -1.01397341, -1.07910027,  1.25701143,   │ │
│ │                          0.24255672, -1.10963898,                        │ │
│ │                          │   │   1.48861878, -0.5056098 , -1.45928526,   │ │
│ │                          0.66896881,  0.11573986,                        │ │
│ │                          │   │   0.26927449, -0.08296203,  0.76957661,   │ │
│ │                          0.88559302,  0.77064137,                        │ │
│ │                          │      -0.88364126, -0.65935407,  0.73094601,   │ │
│ │                          1.28460333, -0.21424996,                        │ │
│ │                          │      -0.43243754,  1.27567983, -0.86244216,   │ │
│ │                          -0.29486898,  0.22619302,                       │ │
│ │                          │      -1.00865678,  0.81319033, -0.59567051,   │ │
│ │                          -0.19275418, -1.1536697 ,                       │ │
│ │                          │      -0.95220855,  0.21240703,  1.93505729,   │ │
│ │                          0.60235799,  0.81021319,                        │ │
│ │                          │      -0.43218366, -0.42909328, -0.25235026,   │ │
│ │                          0.66392117, -0.05602128])                       │ │
│ ╰──────────────────────────────────────────────────────────────────────────╯ │
│                                                                              │
│ /mnt/hpc/work/kdruscit/singular-learning-theory/code/python/.venv/lib/python │
│ 3.10/site-packages/pymc/sampling/mcmc.py:935 in sample                       │
│                                                                              │
│    932 │   │   _log.info(f"Multiprocess sampling ({chains} chains in {cores} │
│    933 │   │   _print_step_hierarchy(step)                                   │
│    934 │   │   try:                                                          │
│ ❱  935 │   │   │   _mp_sample(**sample_args, **parallel_args)                │
│    936 │   │   except pickle.PickleError:                                    │
│    937 │   │   │   _log.warning("Could not pickle model, sampling singlethre │
│    938 │   │   │   _log.debug("Pickling error:", exc_info=True)              │
│                                                                              │
│ ╭───────────────────────────────── locals ─────────────────────────────────╮ │
│ │                 blas_cores = 10                                          │ │
│ │                   callback = <estimation.mixnorm.ksigma.pymc_tools.Clus… │ │
│ │                              object at 0x7f91c8c6e320>                   │ │
│ │                     chains = 2                                           │ │
│ │             compile_kwargs = None                                        │ │
│ │ compute_convergence_checks = True                                        │ │
│ │                      cores = 2                                           │ │
│ │      discard_tuned_samples = True                                        │ │
│ │                      draws = 1000                                        │ │
│ │             exclusive_nuts = True                                        │ │
│ │    has_population_samplers = np.False_                                   │ │
│ │               idata_kwargs = None                                        │ │
│ │                       init = 'auto'                                      │ │
│ │             initial_points = [                                           │ │
│ │                              │   {                                       │ │
│ │                              │   │   'weights_simplex__':                │ │
│ │                              array([-0.45110313,  0.0327225 ]),          │ │
│ │                              │   │   'mus': array([-0.40450761,          │ │
│ │                              0.29845733, -0.01339452]),                  │ │
│ │                              │   │   'like': array(0.87727468)           │ │
│ │                              │   },                                      │ │
│ │                              │   {                                       │ │
│ │                              │   │   'weights_simplex__': array([        │ │
│ │                              0.28220702, -0.08750684]),                  │ │
│ │                              │   │   'mus': array([ 0.90698922,          │ │
│ │                              -0.51669164, -0.05672882]),                 │ │
│ │                              │   │   'like': array(-0.54168717)          │ │
│ │                              │   }                                       │ │
│ │                              ]                                           │ │
│ │                   initvals = None                                        │ │
│ │         jitter_max_retries = 10                                          │ │
│ │          keep_warning_stat = False                                       │ │
│ │                     kwargs = {                                           │ │
│ │                              │   'max_treedepth': 50,                    │ │
│ │                              │   'target_accept': 0.995                  │ │
│ │                              }                                           │ │
│ │                      model = <pymc.model.core.Model object at            │ │
│ │                              0x7f91cf9059c0>                             │ │
│ │                     mp_ctx = None                                        │ │
│ │                     n_init = 200000                                      │ │
│ │   num_blas_cores_per_chain = 5                                           │ │
│ │                nuts_kwargs = {'target_accept': 0.995}                    │ │
│ │               nuts_sampler = 'pymc'                                      │ │
│ │        nuts_sampler_kwargs = {}                                          │ │
│ │                   parallel = True                                        │ │
│ │              parallel_args = {'mp_ctx': None, 'blas_cores': 5}           │ │
│ │              progress_bool = False                                       │ │
│ │                progressbar = False                                       │ │
│ │          progressbar_theme = None                                        │ │
│ │             provided_steps = []                                          │ │
│ │                random_seed = None                                        │ │
│ │           random_seed_list = [np.int64(175257699), np.int64(1047423172)] │ │
│ │       return_inferencedata = True                                        │ │
│ │                       rngs = [                                           │ │
│ │                              │   Generator(PCG64) at 0x7F91CF852420,     │ │
│ │                              │   Generator(PCG64) at 0x7F91CF852340      │ │
│ │                              ]                                           │ │
│ │                        run = None                                        │ │
│ │                sample_args = {                                           │ │
│ │                              │   'draws': 2000,                          │ │
│ │                              │   'step':                                 │ │
│ │                              <pymc.step_methods.hmc.nuts.NUTS object at  │ │
│ │                              0x7f91bcdd9e70>,                            │ │
│ │                              │   'start': [                              │ │
│ │                              │   │   {                                   │ │
│ │                              │   │   │   'weights_simplex__':            │ │
│ │                              array([-0.45110313,  0.0327225 ]),          │ │
│ │                              │   │   │   'mus': array([-0.40450761,      │ │
│ │                              0.29845733, -0.01339452]),                  │ │
│ │                              │   │   │   'like': array(0.87727468)       │ │
│ │                              │   │   },                                  │ │
│ │                              │   │   {                                   │ │
│ │                              │   │   │   'weights_simplex__': array([    │ │
│ │                              0.28220702, -0.08750684]),                  │ │
│ │                              │   │   │   'mus': array([ 0.90698922,      │ │
│ │                              -0.51669164, -0.05672882]),                 │ │
│ │                              │   │   │   'like': array(-0.54168717)      │ │
│ │                              │   │   }                                   │ │
│ │                              │   ],                                      │ │
│ │                              │   'traces': [                             │ │
│ │                              │   │   <pymc.backends.ndarray.NDArray      │ │
│ │                              object at 0x7f91bd1fbca0>,                  │ │
│ │                              │   │   <pymc.backends.ndarray.NDArray      │ │
│ │                              object at 0x7f91c8e003a0>                   │ │
│ │                              │   ],                                      │ │
│ │                              │   'chains': 2,                            │ │
│ │                              │   'tune': 1000,                           │ │
│ │                              │   'var_names': None,                      │ │
│ │                              │   'progressbar': False,                   │ │
│ │                              │   'progressbar_theme': None,              │ │
│ │                              │   'model': <pymc.model.core.Model object  │ │
│ │                              at 0x7f91cf9059c0>,                         │ │
│ │                              │   ... +6                                  │ │
│ │                              }                                           │ │
│ │             selected_steps = {                                           │ │
│ │                              │   <class                                  │ │
│ │                              'pymc.step_methods.hmc.nuts.NUTS'>: [       │ │
│ │                              │   │   weights_simplex__,                  │ │
│ │                              │   │   mus,                                │ │
│ │                              │   │   like                                │ │
│ │                              │   ]                                       │ │
│ │                              }                                           │ │
│ │                       step = <pymc.step_methods.hmc.nuts.NUTS object at  │ │
│ │                              0x7f91bcdd9e70>                             │ │
│ │                    t_start = 1752861503.6768515                          │ │
│ │                      trace = None                                        │ │
│ │                 trace_vars = None                                        │ │
│ │                     traces = [                                           │ │
│ │                              │   <pymc.backends.ndarray.NDArray object   │ │
│ │                              at 0x7f91bd1fbca0>,                         │ │
│ │                              │   <pymc.backends.ndarray.NDArray object   │ │
│ │                              at 0x7f91c8e003a0>                          │ │
│ │                              ]                                           │ │
│ │                       tune = 1000                                        │ │
│ │                  var_names = None                                        │ │
│ ╰──────────────────────────────────────────────────────────────────────────╯ │
│                                                                              │
│ /mnt/hpc/work/kdruscit/singular-learning-theory/code/python/.venv/lib/python │
│ 3.10/site-packages/pymc/sampling/mcmc.py:1419 in _mp_sample                  │
│                                                                              │
│   1416 │   │   │   │   │   log_warning_stats(draw.stats)                     │
│   1417 │   │   │   │   │                                                     │
│   1418 │   │   │   │   │   if callback is not None:                          │
│ ❱ 1419 │   │   │   │   │   │   callback(trace=strace, draw=draw)             │
│   1420 │   │                                                                 │
│   1421 │   │   except ps.ParallelSamplingError as error:                     │
│   1422 │   │   │   for strace in traces:                                     │
│                                                                              │
│ ╭───────────────────────────────── locals ─────────────────────────────────╮ │
│ │        blas_cores = 5                                                    │ │
│ │          callback = <estimation.mixnorm.ksigma.pymc_tools.ClusterFriend… │ │
│ │                     object at 0x7f91c8c6e320>                            │ │
│ │            chains = 2                                                    │ │
│ │             cores = 2                                                    │ │
│ │              draw = Draw(                                                │ │
│ │                     │   chain=0,                                         │ │
│ │                     │   is_last=False,                                   │ │
│ │                     │   draw_idx=1249,                                   │ │
│ │                     │   tuning=False,                                    │ │
│ │                     │   stats=[                                          │ │
│ │                     │   │   {                                            │ │
│ │                     │   │   │   'tune': False,                           │ │
│ │                     │   │   │   'diverging': False,                      │ │
│ │                     │   │   │   'perf_counter_diff':                     │ │
│ │                     0.027011536993086338,                                │ │
│ │                     │   │   │   'process_time_diff':                     │ │
│ │                     0.027011770000001434,                                │ │
│ │                     │   │   │   'perf_counter_start': 1294241.570939494, │ │
│ │                     │   │   │   'warning': None,                         │ │
│ │                     │   │   │   'depth': 7,                              │ │
│ │                     │   │   │   'mean_tree_accept':                      │ │
│ │                     np.float64(0.9980211982032882),                      │ │
│ │                     │   │   │   'energy_error':                          │ │
│ │                     np.float64(-0.03593537880046682),                    │ │
│ │                     │   │   │   'energy':                                │ │
│ │                     np.float64(44.623765644830556),                      │ │
│ │                     │   │   │   ... +9                                   │ │
│ │                     │   │   }                                            │ │
│ │                     │   ],                                               │ │
│ │                     │   point={                                          │ │
│ │                     │   │   'weights_simplex__': array([ 1.49423051,     │ │
│ │                     -6.54951586]),                                       │ │
│ │                     │   │   'mus': array([-1.69533433,  0.7069738 ,      │ │
│ │                     0.04612555]),                                        │ │
│ │                     │   │   'like': array(0.6277001)                     │ │
│ │                     │   }                                                │ │
│ │                     )                                                    │ │
│ │             draws = 1000                                                 │ │
│ │            kwargs = {                                                    │ │
│ │                     │   'var_names': None,                               │ │
│ │                     │   'discard_tuned_samples': True,                   │ │
│ │                     │   'max_treedepth': 50,                             │ │
│ │                     │   'target_accept': 0.995                           │ │
│ │                     }                                                    │ │
│ │             model = <pymc.model.core.Model object at 0x7f91cf9059c0>     │ │
│ │            mp_ctx = None                                                 │ │
│ │       progressbar = False                                                │ │
│ │ progressbar_theme = None                                                 │ │
│ │                ps = <module 'pymc.sampling.parallel' from                │ │
│ │                     '/mnt/hpc/work/kdruscit/singular-learning-theory/co… │ │
│ │              rngs = [                                                    │ │
│ │                     │   Generator(PCG64) at 0x7F91CF852420,              │ │
│ │                     │   Generator(PCG64) at 0x7F91CF852340               │ │
│ │                     ]                                                    │ │
│ │           sampler = <pymc.sampling.parallel.ParallelSampler object at    │ │
│ │                     0x7f91bcddbfa0>                                      │ │
│ │             start = [                                                    │ │
│ │                     │   {                                                │ │
│ │                     │   │   'weights_simplex__': array([-0.45110313,     │ │
│ │                     0.0327225 ]),                                        │ │
│ │                     │   │   'mus': array([-0.40450761,  0.29845733,      │ │
│ │                     -0.01339452]),                                       │ │
│ │                     │   │   'like': array(0.87727468)                    │ │
│ │                     │   },                                               │ │
│ │                     │   {                                                │ │
│ │                     │   │   'weights_simplex__': array([ 0.28220702,     │ │
│ │                     -0.08750684]),                                       │ │
│ │                     │   │   'mus': array([ 0.90698922, -0.51669164,      │ │
│ │                     -0.05672882]),                                       │ │
│ │                     │   │   'like': array(-0.54168717)                   │ │
│ │                     │   }                                                │ │
│ │                     ]                                                    │ │
│ │              step = <pymc.step_methods.hmc.nuts.NUTS object at           │ │
│ │                     0x7f91bcdd9e70>                                      │ │
│ │            strace = <pymc.backends.ndarray.NDArray object at             │ │
│ │                     0x7f91c8e003a0>                                      │ │
│ │            traces = [                                                    │ │
│ │                     │   <pymc.backends.ndarray.NDArray object at         │ │
│ │                     0x7f91bd1fbca0>,                                     │ │
│ │                     │   <pymc.backends.ndarray.NDArray object at         │ │
│ │                     0x7f91c8e003a0>                                      │ │
│ │                     ]                                                    │ │
│ │              tune = 1000                                                 │ │
│ │       zarr_chains = None                                                 │ │
│ │    zarr_recording = False                                                │ │
│ ╰──────────────────────────────────────────────────────────────────────────╯ │
│                                                                              │
│ /mnt/hpc/work/kdruscit/singular-learning-theory/code/python/estimation/mixno │
│ rm/ksigma/pymc_tools.py:45 in __call__                                       │
│                                                                              │
│   42 │   │   │   # print(trace.report)                                       │
│   43 │   │   │                                                               │
│   44 │   │   │   multitrace = MultiTrace(list(self.traces.values()))         │
│ ❱ 45 │   │   │   if rhat(multitrace).to_array().max() < self.max_rhat:       │
│   46 │   │   │   │   raise KeyboardInterrupt                                 │
│   47                                                                         │
│   48                                                                         │
│                                                                              │
│ ╭───────────────────────────────── locals ─────────────────────────────────╮ │
│ │   chain_id = 0                                                           │ │
│ │       draw = Draw(                                                       │ │
│ │              │   chain=0,                                                │ │
│ │              │   is_last=False,                                          │ │
│ │              │   draw_idx=1249,                                          │ │
│ │              │   tuning=False,                                           │ │
│ │              │   stats=[                                                 │ │
│ │              │   │   {                                                   │ │
│ │              │   │   │   'tune': False,                                  │ │
│ │              │   │   │   'diverging': False,                             │ │
│ │              │   │   │   'perf_counter_diff': 0.027011536993086338,      │ │
│ │              │   │   │   'process_time_diff': 0.027011770000001434,      │ │
│ │              │   │   │   'perf_counter_start': 1294241.570939494,        │ │
│ │              │   │   │   'warning': None,                                │ │
│ │              │   │   │   'depth': 7,                                     │ │
│ │              │   │   │   'mean_tree_accept':                             │ │
│ │              np.float64(0.9980211982032882),                             │ │
│ │              │   │   │   'energy_error':                                 │ │
│ │              np.float64(-0.03593537880046682),                           │ │
│ │              │   │   │   'energy': np.float64(44.623765644830556),       │ │
│ │              │   │   │   ... +9                                          │ │
│ │              │   │   }                                                   │ │
│ │              │   ],                                                      │ │
│ │              │   point={                                                 │ │
│ │              │   │   'weights_simplex__': array([ 1.49423051,            │ │
│ │              -6.54951586]),                                              │ │
│ │              │   │   'mus': array([-1.69533433,  0.7069738 ,             │ │
│ │              0.04612555]),                                               │ │
│ │              │   │   'like': array(0.6277001)                            │ │
│ │              │   }                                                       │ │
│ │              )                                                           │ │
│ │ multitrace = <MultiTrace: 2 chains, 1220 iterations, 4 variables>        │ │
│ │ perf_diffs = array([0.12599771, 0.00098238, 0.0739978 , ..., 0.        , │ │
│ │              0.        ,                                                 │ │
│ │              │      0.        ], shape=(2000,))                          │ │
│ │       self = <estimation.mixnorm.ksigma.pymc_tools.ClusterFriendlyCallb… │ │
│ │              object at 0x7f91c8c6e320>                                   │ │
│ │ total_time = np.float64(23.139377054059878)                              │ │
│ │      trace = <pymc.backends.ndarray.NDArray object at 0x7f91bd1fbca0>    │ │
│ ╰──────────────────────────────────────────────────────────────────────────╯ │
│                                                                              │
│ /mnt/hpc/work/kdruscit/singular-learning-theory/code/python/.venv/lib/python │
│ 3.10/site-packages/arviz/stats/diagnostics.py:334 in rhat                    │
│                                                                              │
│    331 │   │   )                                                             │
│    332 │   │   raise TypeError(msg)                                          │
│    333 │                                                                     │
│ ❱  334 │   dataset = convert_to_dataset(data, group="posterior")             │
│    335 │   var_names = _var_names(var_names, dataset)                        │
│    336 │                                                                     │
│    337 │   dataset = dataset if var_names is None else dataset[var_names]    │
│                                                                              │
│ ╭───────────────────────────────── locals ─────────────────────────────────╮ │
│ │ dask_kwargs = None                                                       │ │
│ │        data = <MultiTrace: 2 chains, 1220 iterations, 4 variables>       │ │
│ │      method = 'rank'                                                     │ │
│ │     methods = {                                                          │ │
│ │               │   'rank': <function _rhat_rank at 0x7f91c9b4dea0>,       │ │
│ │               │   'split': <function _rhat_split at 0x7f91c9b4e050>,     │ │
│ │               │   'folded': <function _rhat_folded at 0x7f91c9b4df30>,   │ │
│ │               │   'z_scale': <function _rhat_z_scale at 0x7f91c9b4dfc0>, │ │
│ │               │   'identity': <function _rhat_identity at                │ │
│ │               0x7f91c9b4e0e0>                                            │ │
│ │               }                                                          │ │
│ │   var_names = None                                                       │ │
│ ╰──────────────────────────────────────────────────────────────────────────╯ │
│                                                                              │
│ /mnt/hpc/work/kdruscit/singular-learning-theory/code/python/.venv/lib/python │
│ 3.10/site-packages/arviz/data/converters.py:185 in convert_to_dataset        │
│                                                                              │
│   182 │   -------                                                            │
│   183 │   xarray.Dataset                                                     │
│   184 │   """                                                                │
│ ❱ 185 │   inference_data = convert_to_inference_data(obj, group=group, coord │
│   186 │   dataset = getattr(inference_data, group, None)                     │
│   187 │   if dataset is None:                                                │
│   188 │   │   raise ValueError(                                              │
│                                                                              │
│ ╭─────────────────────────── locals ────────────────────────────╮            │
│ │ coords = None                                                 │            │
│ │   dims = None                                                 │            │
│ │  group = 'posterior'                                          │            │
│ │    obj = <MultiTrace: 2 chains, 1220 iterations, 4 variables> │            │
│ ╰───────────────────────────────────────────────────────────────╯            │
│                                                                              │
│ /mnt/hpc/work/kdruscit/singular-learning-theory/code/python/.venv/lib/python │
│ 3.10/site-packages/arviz/data/converters.py:139 in convert_to_inference_data │
│                                                                              │
│   136 │   │   │   "cmdstan fit csv filename",                                │
│   137 │   │   │   "cmdstanpy fit",                                           │
│   138 │   │   )                                                              │
│ ❱ 139 │   │   raise ValueError(                                              │
│   140 │   │   │   f'Can only convert {", ".join(allowable_types)} to Inferen │
│   141 │   │   │   f"not {obj.__class__.__name__}"                            │
│   142 │   │   )                                                              │
│                                                                              │
│ ╭───────────────────────────────── locals ─────────────────────────────────╮ │
│ │ allowable_types = (                                                      │ │
│ │                   │   'xarray dataarray',                                │ │
│ │                   │   'xarray dataset',                                  │ │
│ │                   │   'dict',                                            │ │
│ │                   │   "pytree (if 'dm-tree' is installed)",              │ │
│ │                   │   'netcdf filename',                                 │ │
│ │                   │   'numpy array',                                     │ │
│ │                   │   'pystan fit',                                      │ │
│ │                   │   'emcee fit',                                       │ │
│ │                   │   'pyro mcmc fit',                                   │ │
│ │                   │   'numpyro mcmc fit',                                │ │
│ │                   │   ... +2                                             │ │
│ │                   )                                                      │ │
│ │          coords = None                                                   │ │
│ │            dims = None                                                   │ │
│ │           group = 'posterior'                                            │ │
│ │          kwargs = {                                                      │ │
│ │                   │   'posterior': <MultiTrace: 2 chains, 1220           │ │
│ │                   iterations, 4 variables>,                              │ │
│ │                   │   'coords': None,                                    │ │
│ │                   │   'dims': None                                       │ │
│ │                   }                                                      │ │
│ │             obj = <MultiTrace: 2 chains, 1220 iterations, 4 variables>   │ │
│ ╰──────────────────────────────────────────────────────────────────────────╯ │
╰──────────────────────────────────────────────────────────────────────────────╯
ValueError: Can only convert xarray dataarray, xarray dataset, dict, pytree (if 
'dm-tree' is installed), netcdf filename, numpy array, pystan fit, emcee fit, 
pyro mcmc fit, numpyro mcmc fit, cmdstan fit csv filename, cmdstanpy fit to 
InferenceData, not MultiTrace
╭───────────────────── Traceback (most recent call last) ──────────────────────╮
│ /mnt/hpc/work/kdruscit/singular-learning-theory/code/python/estimation/mixno │
│ rm/ksigma/main.py:92 in rlctx                                                │
│                                                                              │
│    89 │   idata = None                                                       │
│    90 │   with model:                                                        │
│    91 │   │   print(pymc_progressbar)                                        │
│ ❱  92 │   │   idata = pm.sample(draws=pymc_draws,                            │
│    93 │   │   │   │   │   │     tune=pymc_tune,                              │
│    94 │   │   │   │   │   │     chains=pymc_chains,                          │
│    95 │   │   │   │   │   │     cores=pymc_cores,                            │
│                                                                              │
│ ╭───────────────────────────────── locals ─────────────────────────────────╮ │
│ │                     az = <module 'arviz' from                            │ │
│ │                          '/mnt/hpc/work/kdruscit/singular-learning-theo… │ │
│ │                  idata = None                                            │ │
│ │ invtemp_scaling_factor = 1                                               │ │
│ │ mean_prior_cov_scaling = 4.0                                             │ │
│ │     mixture_components = 3                                               │ │
│ │                  model = <pymc.model.core.Model object at                │ │
│ │                          0x7fd6451b59c0>                                 │ │
│ │                      n = 100                                             │ │
│ │                     np = <module 'numpy' from                            │ │
│ │                          '/mnt/hpc/work/kdruscit/singular-learning-theo… │ │
│ │                pathstr = 'estimation/mixnorm/ksigma/data/observations/n… │ │
│ │                     pm = <module 'pymc' from                             │ │
│ │                          '/mnt/hpc/work/kdruscit/singular-learning-theo… │ │
│ │                     pt = <module 'pytensor' from                         │ │
│ │                          '/mnt/hpc/work/kdruscit/singular-learning-theo… │ │
│ │            pymc_chains = 2                                               │ │
│ │             pymc_cores = 10                                              │ │
│ │             pymc_draws = 1000                                            │ │
│ │       pymc_progressbar = False                                           │ │
│ │              pymc_tune = 1000                                            │ │
│ │              targetdir = '.'                                             │ │
│ │                 x_data = array([ 0.5418459 ,  0.0564247 , -1.50166618,   │ │
│ │                          0.23482283,  0.51874431,                        │ │
│ │                          │   │   0.46099198, -0.33490282,  1.24580097,   │ │
│ │                          -0.55013189, -1.54668546,                       │ │
│ │                          │      -0.76314938,  1.61260858, -1.06255542,   │ │
│ │                          -0.11514613, -0.88456432,                       │ │
│ │                          │   │   1.05967827, -1.00333253,  1.51539862,   │ │
│ │                          0.13981142,  0.34138647,                        │ │
│ │                          │      -1.74609383, -0.01991043, -0.2600681 ,   │ │
│ │                          0.26009384,  0.65216452,                        │ │
│ │                          │   │   0.25723645, -2.71286086,  0.21354227,   │ │
│ │                          -0.62661571, -0.83970704,                       │ │
│ │                          │   │   1.110821  , -0.70688454,  1.15953556,   │ │
│ │                          -0.54798849,  0.39061678,                       │ │
│ │                          │   │   0.23423252,  0.26927806,  0.82810118,   │ │
│ │                          0.77147089,  0.21112086,                        │ │
│ │                          │      -0.46874449,  0.82390541,  0.88348432,   │ │
│ │                          0.29695891,  0.20271367,                        │ │
│ │                          │   │   0.50031774,  0.2039249 ,  1.34086154,   │ │
│ │                          -0.9212274 ,  1.09580553,                       │ │
│ │                          │      -0.17727303, -0.17224081,  1.57957521,   │ │
│ │                          0.30258116,  0.70626166,                        │ │
│ │                          │   │   0.49427457,  0.01955391,  0.74710658,   │ │
│ │                          1.96995004,  0.33375395,                        │ │
│ │                          │      -1.01397341, -1.07910027,  1.25701143,   │ │
│ │                          0.24255672, -1.10963898,                        │ │
│ │                          │   │   1.48861878, -0.5056098 , -1.45928526,   │ │
│ │                          0.66896881,  0.11573986,                        │ │
│ │                          │   │   0.26927449, -0.08296203,  0.76957661,   │ │
│ │                          0.88559302,  0.77064137,                        │ │
│ │                          │      -0.88364126, -0.65935407,  0.73094601,   │ │
│ │                          1.28460333, -0.21424996,                        │ │
│ │                          │      -0.43243754,  1.27567983, -0.86244216,   │ │
│ │                          -0.29486898,  0.22619302,                       │ │
│ │                          │      -1.00865678,  0.81319033, -0.59567051,   │ │
│ │                          -0.19275418, -1.1536697 ,                       │ │
│ │                          │      -0.95220855,  0.21240703,  1.93505729,   │ │
│ │                          0.60235799,  0.81021319,                        │ │
│ │                          │      -0.43218366, -0.42909328, -0.25235026,   │ │
│ │                          0.66392117, -0.05602128])                       │ │
│ ╰──────────────────────────────────────────────────────────────────────────╯ │
│                                                                              │
│ /mnt/hpc/work/kdruscit/singular-learning-theory/code/python/.venv/lib/python │
│ 3.10/site-packages/pymc/sampling/mcmc.py:935 in sample                       │
│                                                                              │
│    932 │   │   _log.info(f"Multiprocess sampling ({chains} chains in {cores} │
│    933 │   │   _print_step_hierarchy(step)                                   │
│    934 │   │   try:                                                          │
│ ❱  935 │   │   │   _mp_sample(**sample_args, **parallel_args)                │
│    936 │   │   except pickle.PickleError:                                    │
│    937 │   │   │   _log.warning("Could not pickle model, sampling singlethre │
│    938 │   │   │   _log.debug("Pickling error:", exc_info=True)              │
│                                                                              │
│ ╭───────────────────────────────── locals ─────────────────────────────────╮ │
│ │                 blas_cores = 10                                          │ │
│ │                   callback = <estimation.mixnorm.ksigma.pymc_tools.Clus… │ │
│ │                              object at 0x7fd63e61e320>                   │ │
│ │                     chains = 2                                           │ │
│ │             compile_kwargs = None                                        │ │
│ │ compute_convergence_checks = True                                        │ │
│ │                      cores = 2                                           │ │
│ │      discard_tuned_samples = True                                        │ │
│ │                      draws = 1000                                        │ │
│ │             exclusive_nuts = True                                        │ │
│ │    has_population_samplers = np.False_                                   │ │
│ │               idata_kwargs = None                                        │ │
│ │                       init = 'auto'                                      │ │
│ │             initial_points = [                                           │ │
│ │                              │   {                                       │ │
│ │                              │   │   'weights_simplex__':                │ │
│ │                              array([0.51904536, 0.70951566]),            │ │
│ │                              │   │   'mus': array([-0.89663124,          │ │
│ │                              0.14999348, -0.14153489]),                  │ │
│ │                              │   │   'like': array(0.57008202)           │ │
│ │                              │   },                                      │ │
│ │                              │   {                                       │ │
│ │                              │   │   'weights_simplex__':                │ │
│ │                              array([-0.80896693, -0.80924687]),          │ │
│ │                              │   │   'mus': array([ 0.59461435,          │ │
│ │                              0.29574697, -0.26964051]),                  │ │
│ │                              │   │   'like': array(-0.06355195)          │ │
│ │                              │   }                                       │ │
│ │                              ]                                           │ │
│ │                   initvals = None                                        │ │
│ │         jitter_max_retries = 10                                          │ │
│ │          keep_warning_stat = False                                       │ │
│ │                     kwargs = {                                           │ │
│ │                              │   'max_treedepth': 50,                    │ │
│ │                              │   'target_accept': 0.995                  │ │
│ │                              }                                           │ │
│ │                      model = <pymc.model.core.Model object at            │ │
│ │                              0x7fd6451b59c0>                             │ │
│ │                     mp_ctx = None                                        │ │
│ │                     n_init = 200000                                      │ │
│ │   num_blas_cores_per_chain = 5                                           │ │
│ │                nuts_kwargs = {'target_accept': 0.995}                    │ │
│ │               nuts_sampler = 'pymc'                                      │ │
│ │        nuts_sampler_kwargs = {}                                          │ │
│ │                   parallel = True                                        │ │
│ │              parallel_args = {'mp_ctx': None, 'blas_cores': 5}           │ │
│ │              progress_bool = False                                       │ │
│ │                progressbar = False                                       │ │
│ │          progressbar_theme = None                                        │ │
│ │             provided_steps = []                                          │ │
│ │                random_seed = None                                        │ │
│ │           random_seed_list = [np.int64(621101088), np.int64(513501128)]  │ │
│ │       return_inferencedata = True                                        │ │
│ │                       rngs = [                                           │ │
│ │                              │   Generator(PCG64) at 0x7FD6450FE420,     │ │
│ │                              │   Generator(PCG64) at 0x7FD6450FE340      │ │
│ │                              ]                                           │ │
│ │                        run = None                                        │ │
│ │                sample_args = {                                           │ │
│ │                              │   'draws': 2000,                          │ │
│ │                              │   'step':                                 │ │
│ │                              <pymc.step_methods.hmc.nuts.NUTS object at  │ │
│ │                              0x7fd63275b670>,                            │ │
│ │                              │   'start': [                              │ │
│ │                              │   │   {                                   │ │
│ │                              │   │   │   'weights_simplex__':            │ │
│ │                              array([0.51904536, 0.70951566]),            │ │
│ │                              │   │   │   'mus': array([-0.89663124,      │ │
│ │                              0.14999348, -0.14153489]),                  │ │
│ │                              │   │   │   'like': array(0.57008202)       │ │
│ │                              │   │   },                                  │ │
│ │                              │   │   {                                   │ │
│ │                              │   │   │   'weights_simplex__':            │ │
│ │                              array([-0.80896693, -0.80924687]),          │ │
│ │                              │   │   │   'mus': array([ 0.59461435,      │ │
│ │                              0.29574697, -0.26964051]),                  │ │
│ │                              │   │   │   'like': array(-0.06355195)      │ │
│ │                              │   │   }                                   │ │
│ │                              │   ],                                      │ │
│ │                              │   'traces': [                             │ │
│ │                              │   │   <pymc.backends.ndarray.NDArray      │ │
│ │                              object at 0x7fd632b9a7a0>,                  │ │
│ │                              │   │   <pymc.backends.ndarray.NDArray      │ │
│ │                              object at 0x7fd63e148670>                   │ │
│ │                              │   ],                                      │ │
│ │                              │   'chains': 2,                            │ │
│ │                              │   'tune': 1000,                           │ │
│ │                              │   'var_names': None,                      │ │
│ │                              │   'progressbar': False,                   │ │
│ │                              │   'progressbar_theme': None,              │ │
│ │                              │   'model': <pymc.model.core.Model object  │ │
│ │                              at 0x7fd6451b59c0>,                         │ │
│ │                              │   ... +6                                  │ │
│ │                              }                                           │ │
│ │             selected_steps = {                                           │ │
│ │                              │   <class                                  │ │
│ │                              'pymc.step_methods.hmc.nuts.NUTS'>: [       │ │
│ │                              │   │   weights_simplex__,                  │ │
│ │                              │   │   mus,                                │ │
│ │                              │   │   like                                │ │
│ │                              │   ]                                       │ │
│ │                              }                                           │ │
│ │                       step = <pymc.step_methods.hmc.nuts.NUTS object at  │ │
│ │                              0x7fd63275b670>                             │ │
│ │                    t_start = 1752861504.1795232                          │ │
│ │                      trace = None                                        │ │
│ │                 trace_vars = None                                        │ │
│ │                     traces = [                                           │ │
│ │                              │   <pymc.backends.ndarray.NDArray object   │ │
│ │                              at 0x7fd632b9a7a0>,                         │ │
│ │                              │   <pymc.backends.ndarray.NDArray object   │ │
│ │                              at 0x7fd63e148670>                          │ │
│ │                              ]                                           │ │
│ │                       tune = 1000                                        │ │
│ │                  var_names = None                                        │ │
│ ╰──────────────────────────────────────────────────────────────────────────╯ │
│                                                                              │
│ /mnt/hpc/work/kdruscit/singular-learning-theory/code/python/.venv/lib/python │
│ 3.10/site-packages/pymc/sampling/mcmc.py:1419 in _mp_sample                  │
│                                                                              │
│   1416 │   │   │   │   │   log_warning_stats(draw.stats)                     │
│   1417 │   │   │   │   │                                                     │
│   1418 │   │   │   │   │   if callback is not None:                          │
│ ❱ 1419 │   │   │   │   │   │   callback(trace=strace, draw=draw)             │
│   1420 │   │                                                                 │
│   1421 │   │   except ps.ParallelSamplingError as error:                     │
│   1422 │   │   │   for strace in traces:                                     │
│                                                                              │
│ ╭───────────────────────────────── locals ─────────────────────────────────╮ │
│ │        blas_cores = 5                                                    │ │
│ │          callback = <estimation.mixnorm.ksigma.pymc_tools.ClusterFriend… │ │
│ │                     object at 0x7fd63e61e320>                            │ │
│ │            chains = 2                                                    │ │
│ │             cores = 2                                                    │ │
│ │              draw = Draw(                                                │ │
│ │                     │   chain=0,                                         │ │
│ │                     │   is_last=False,                                   │ │
│ │                     │   draw_idx=1249,                                   │ │
│ │                     │   tuning=False,                                    │ │
│ │                     │   stats=[                                          │ │
│ │                     │   │   {                                            │ │
│ │                     │   │   │   'tune': False,                           │ │
│ │                     │   │   │   'diverging': False,                      │ │
│ │                     │   │   │   'perf_counter_diff':                     │ │
│ │                     0.006761705968528986,                                │ │
│ │                     │   │   │   'process_time_diff':                     │ │
│ │                     0.006762013999999539,                                │ │
│ │                     │   │   │   'perf_counter_start': 1994734.343219903, │ │
│ │                     │   │   │   'warning': None,                         │ │
│ │                     │   │   │   'depth': 5,                              │ │
│ │                     │   │   │   'mean_tree_accept':                      │ │
│ │                     np.float64(0.9965590851981854),                      │ │
│ │                     │   │   │   'energy_error':                          │ │
│ │                     np.float64(0.002332050528139007),                    │ │
│ │                     │   │   │   'energy':                                │ │
│ │                     np.float64(47.022945551088135),                      │ │
│ │                     │   │   │   ... +9                                   │ │
│ │                     │   │   }                                            │ │
│ │                     │   ],                                               │ │
│ │                     │   point={                                          │ │
│ │                     │   │   'weights_simplex__': array([-11.79811487,    │ │
│ │                     3.42792384]),                                        │ │
│ │                     │   │   'mus': array([2.80604755, 0.9538313 ,        │ │
│ │                     0.38130741]),                                        │ │
│ │                     │   │   'like': array(-1.34021697)                   │ │
│ │                     │   }                                                │ │
│ │                     )                                                    │ │
│ │             draws = 1000                                                 │ │
│ │            kwargs = {                                                    │ │
│ │                     │   'var_names': None,                               │ │
│ │                     │   'discard_tuned_samples': True,                   │ │
│ │                     │   'max_treedepth': 50,                             │ │
│ │                     │   'target_accept': 0.995                           │ │
│ │                     }                                                    │ │
│ │             model = <pymc.model.core.Model object at 0x7fd6451b59c0>     │ │
│ │            mp_ctx = None                                                 │ │
│ │       progressbar = False                                                │ │
│ │ progressbar_theme = None                                                 │ │
│ │                ps = <module 'pymc.sampling.parallel' from                │ │
│ │                     '/mnt/hpc/work/kdruscit/singular-learning-theory/co… │ │
│ │              rngs = [                                                    │ │
│ │                     │   Generator(PCG64) at 0x7FD6450FE420,              │ │
│ │                     │   Generator(PCG64) at 0x7FD6450FE340               │ │
│ │                     ]                                                    │ │
│ │           sampler = <pymc.sampling.parallel.ParallelSampler object at    │ │
│ │                     0x7fd632922320>                                      │ │
│ │             start = [                                                    │ │
│ │                     │   {                                                │ │
│ │                     │   │   'weights_simplex__': array([0.51904536,      │ │
│ │                     0.70951566]),                                        │ │
│ │                     │   │   'mus': array([-0.89663124,  0.14999348,      │ │
│ │                     -0.14153489]),                                       │ │
│ │                     │   │   'like': array(0.57008202)                    │ │
│ │                     │   },                                               │ │
│ │                     │   {                                                │ │
│ │                     │   │   'weights_simplex__': array([-0.80896693,     │ │
│ │                     -0.80924687]),                                       │ │
│ │                     │   │   'mus': array([ 0.59461435,  0.29574697,      │ │
│ │                     -0.26964051]),                                       │ │
│ │                     │   │   'like': array(-0.06355195)                   │ │
│ │                     │   }                                                │ │
│ │                     ]                                                    │ │
│ │              step = <pymc.step_methods.hmc.nuts.NUTS object at           │ │
│ │                     0x7fd63275b670>                                      │ │
│ │            strace = <pymc.backends.ndarray.NDArray object at             │ │
│ │                     0x7fd63e148670>                                      │ │
│ │            traces = [                                                    │ │
│ │                     │   <pymc.backends.ndarray.NDArray object at         │ │
│ │                     0x7fd632b9a7a0>,                                     │ │
│ │                     │   <pymc.backends.ndarray.NDArray object at         │ │
│ │                     0x7fd63e148670>                                      │ │
│ │                     ]                                                    │ │
│ │              tune = 1000                                                 │ │
│ │       zarr_chains = None                                                 │ │
│ │    zarr_recording = False                                                │ │
│ ╰──────────────────────────────────────────────────────────────────────────╯ │
│                                                                              │
│ /mnt/hpc/work/kdruscit/singular-learning-theory/code/python/estimation/mixno │
│ rm/ksigma/pymc_tools.py:45 in __call__                                       │
│                                                                              │
│   42 │   │   │   # print(trace.report)                                       │
│   43 │   │   │                                                               │
│   44 │   │   │   multitrace = MultiTrace(list(self.traces.values()))         │
│ ❱ 45 │   │   │   if rhat(multitrace).to_array().max() < self.max_rhat:       │
│   46 │   │   │   │   raise KeyboardInterrupt                                 │
│   47                                                                         │
│   48                                                                         │
│                                                                              │
│ ╭───────────────────────────────── locals ─────────────────────────────────╮ │
│ │   chain_id = 0                                                           │ │
│ │       draw = Draw(                                                       │ │
│ │              │   chain=0,                                                │ │
│ │              │   is_last=False,                                          │ │
│ │              │   draw_idx=1249,                                          │ │
│ │              │   tuning=False,                                           │ │
│ │              │   stats=[                                                 │ │
│ │              │   │   {                                                   │ │
│ │              │   │   │   'tune': False,                                  │ │
│ │              │   │   │   'diverging': False,                             │ │
│ │              │   │   │   'perf_counter_diff': 0.006761705968528986,      │ │
│ │              │   │   │   'process_time_diff': 0.006762013999999539,      │ │
│ │              │   │   │   'perf_counter_start': 1994734.343219903,        │ │
│ │              │   │   │   'warning': None,                                │ │
│ │              │   │   │   'depth': 5,                                     │ │
│ │              │   │   │   'mean_tree_accept':                             │ │
│ │              np.float64(0.9965590851981854),                             │ │
│ │              │   │   │   'energy_error':                                 │ │
│ │              np.float64(0.002332050528139007),                           │ │
│ │              │   │   │   'energy': np.float64(47.022945551088135),       │ │
│ │              │   │   │   ... +9                                          │ │
│ │              │   │   }                                                   │ │
│ │              │   ],                                                      │ │
│ │              │   point={                                                 │ │
│ │              │   │   'weights_simplex__': array([-11.79811487,           │ │
│ │              3.42792384]),                                               │ │
│ │              │   │   'mus': array([2.80604755, 0.9538313 , 0.38130741]), │ │
│ │              │   │   'like': array(-1.34021697)                          │ │
│ │              │   }                                                       │ │
│ │              )                                                           │ │
│ │ multitrace = <MultiTrace: 2 chains, 1204 iterations, 4 variables>        │ │
│ │ perf_diffs = array([0.15962582, 0.00051294, 0.04437859, ..., 0.        , │ │
│ │              0.        ,                                                 │ │
│ │              │      0.        ], shape=(2000,))                          │ │
│ │       self = <estimation.mixnorm.ksigma.pymc_tools.ClusterFriendlyCallb… │ │
│ │              object at 0x7fd63e61e320>                                   │ │
│ │ total_time = np.float64(22.70353694143705)                               │ │
│ │      trace = <pymc.backends.ndarray.NDArray object at 0x7fd632b9a7a0>    │ │
│ ╰──────────────────────────────────────────────────────────────────────────╯ │
│                                                                              │
│ /mnt/hpc/work/kdruscit/singular-learning-theory/code/python/.venv/lib/python │
│ 3.10/site-packages/arviz/stats/diagnostics.py:334 in rhat                    │
│                                                                              │
│    331 │   │   )                                                             │
│    332 │   │   raise TypeError(msg)                                          │
│    333 │                                                                     │
│ ❱  334 │   dataset = convert_to_dataset(data, group="posterior")             │
│    335 │   var_names = _var_names(var_names, dataset)                        │
│    336 │                                                                     │
│    337 │   dataset = dataset if var_names is None else dataset[var_names]    │
│                                                                              │
│ ╭───────────────────────────────── locals ─────────────────────────────────╮ │
│ │ dask_kwargs = None                                                       │ │
│ │        data = <MultiTrace: 2 chains, 1204 iterations, 4 variables>       │ │
│ │      method = 'rank'                                                     │ │
│ │     methods = {                                                          │ │
│ │               │   'rank': <function _rhat_rank at 0x7fd63f5c9ea0>,       │ │
│ │               │   'split': <function _rhat_split at 0x7fd63f5ca050>,     │ │
│ │               │   'folded': <function _rhat_folded at 0x7fd63f5c9f30>,   │ │
│ │               │   'z_scale': <function _rhat_z_scale at 0x7fd63f5c9fc0>, │ │
│ │               │   'identity': <function _rhat_identity at                │ │
│ │               0x7fd63f5ca0e0>                                            │ │
│ │               }                                                          │ │
│ │   var_names = None                                                       │ │
│ ╰──────────────────────────────────────────────────────────────────────────╯ │
│                                                                              │
│ /mnt/hpc/work/kdruscit/singular-learning-theory/code/python/.venv/lib/python │
│ 3.10/site-packages/arviz/data/converters.py:185 in convert_to_dataset        │
│                                                                              │
│   182 │   -------                                                            │
│   183 │   xarray.Dataset                                                     │
│   184 │   """                                                                │
│ ❱ 185 │   inference_data = convert_to_inference_data(obj, group=group, coord │
│   186 │   dataset = getattr(inference_data, group, None)                     │
│   187 │   if dataset is None:                                                │
│   188 │   │   raise ValueError(                                              │
│                                                                              │
│ ╭─────────────────────────── locals ────────────────────────────╮            │
│ │ coords = None                                                 │            │
│ │   dims = None                                                 │            │
│ │  group = 'posterior'                                          │            │
│ │    obj = <MultiTrace: 2 chains, 1204 iterations, 4 variables> │            │
│ ╰───────────────────────────────────────────────────────────────╯            │
│                                                                              │
│ /mnt/hpc/work/kdruscit/singular-learning-theory/code/python/.venv/lib/python │
│ 3.10/site-packages/arviz/data/converters.py:139 in convert_to_inference_data │
│                                                                              │
│   136 │   │   │   "cmdstan fit csv filename",                                │
│   137 │   │   │   "cmdstanpy fit",                                           │
│   138 │   │   )                                                              │
│ ❱ 139 │   │   raise ValueError(                                              │
│   140 │   │   │   f'Can only convert {", ".join(allowable_types)} to Inferen │
│   141 │   │   │   f"not {obj.__class__.__name__}"                            │
│   142 │   │   )                                                              │
│                                                                              │
│ ╭───────────────────────────────── locals ─────────────────────────────────╮ │
│ │ allowable_types = (                                                      │ │
│ │                   │   'xarray dataarray',                                │ │
│ │                   │   'xarray dataset',                                  │ │
│ │                   │   'dict',                                            │ │
│ │                   │   "pytree (if 'dm-tree' is installed)",              │ │
│ │                   │   'netcdf filename',                                 │ │
│ │                   │   'numpy array',                                     │ │
│ │                   │   'pystan fit',                                      │ │
│ │                   │   'emcee fit',                                       │ │
│ │                   │   'pyro mcmc fit',                                   │ │
│ │                   │   'numpyro mcmc fit',                                │ │
│ │                   │   ... +2                                             │ │
│ │                   )                                                      │ │
│ │          coords = None                                                   │ │
│ │            dims = None                                                   │ │
│ │           group = 'posterior'                                            │ │
│ │          kwargs = {                                                      │ │
│ │                   │   'posterior': <MultiTrace: 2 chains, 1204           │ │
│ │                   iterations, 4 variables>,                              │ │
│ │                   │   'coords': None,                                    │ │
│ │                   │   'dims': None                                       │ │
│ │                   }                                                      │ │
│ │             obj = <MultiTrace: 2 chains, 1204 iterations, 4 variables>   │ │
│ ╰──────────────────────────────────────────────────────────────────────────╯ │
╰──────────────────────────────────────────────────────────────────────────────╯
ValueError: Can only convert xarray dataarray, xarray dataset, dict, pytree (if 
'dm-tree' is installed), netcdf filename, numpy array, pystan fit, emcee fit, 
pyro mcmc fit, numpyro mcmc fit, cmdstan fit csv filename, cmdstanpy fit to 
InferenceData, not MultiTrace
srun: error: hpc-pr3-01: task 0: Exited with exit code 1
srun: error: hpc-pr3-05: task 4: Exited with exit code 1
╭───────────────────── Traceback (most recent call last) ──────────────────────╮
│ /mnt/hpc/work/kdruscit/singular-learning-theory/code/python/estimation/mixno │
│ rm/ksigma/main.py:92 in rlctx                                                │
│                                                                              │
│    89 │   idata = None                                                       │
│    90 │   with model:                                                        │
│    91 │   │   print(pymc_progressbar)                                        │
│ ❱  92 │   │   idata = pm.sample(draws=pymc_draws,                            │
│    93 │   │   │   │   │   │     tune=pymc_tune,                              │
│    94 │   │   │   │   │   │     chains=pymc_chains,                          │
│    95 │   │   │   │   │   │     cores=pymc_cores,                            │
│                                                                              │
│ ╭───────────────────────────────── locals ─────────────────────────────────╮ │
│ │                     az = <module 'arviz' from                            │ │
│ │                          '/mnt/hpc/work/kdruscit/singular-learning-theo… │ │
│ │                  idata = None                                            │ │
│ │ invtemp_scaling_factor = 1                                               │ │
│ │ mean_prior_cov_scaling = 4.0                                             │ │
│ │     mixture_components = 3                                               │ │
│ │                  model = <pymc.model.core.Model object at                │ │
│ │                          0x7f41aa2419c0>                                 │ │
│ │                      n = 100                                             │ │
│ │                     np = <module 'numpy' from                            │ │
│ │                          '/mnt/hpc/work/kdruscit/singular-learning-theo… │ │
│ │                pathstr = 'estimation/mixnorm/ksigma/data/observations/n… │ │
│ │                     pm = <module 'pymc' from                             │ │
│ │                          '/mnt/hpc/work/kdruscit/singular-learning-theo… │ │
│ │                     pt = <module 'pytensor' from                         │ │
│ │                          '/mnt/hpc/work/kdruscit/singular-learning-theo… │ │
│ │            pymc_chains = 2                                               │ │
│ │             pymc_cores = 10                                              │ │
│ │             pymc_draws = 1000                                            │ │
│ │       pymc_progressbar = False                                           │ │
│ │              pymc_tune = 1000                                            │ │
│ │              targetdir = '.'                                             │ │
│ │                 x_data = array([ 0.5418459 ,  0.0564247 , -1.50166618,   │ │
│ │                          0.23482283,  0.51874431,                        │ │
│ │                          │   │   0.46099198, -0.33490282,  1.24580097,   │ │
│ │                          -0.55013189, -1.54668546,                       │ │
│ │                          │      -0.76314938,  1.61260858, -1.06255542,   │ │
│ │                          -0.11514613, -0.88456432,                       │ │
│ │                          │   │   1.05967827, -1.00333253,  1.51539862,   │ │
│ │                          0.13981142,  0.34138647,                        │ │
│ │                          │      -1.74609383, -0.01991043, -0.2600681 ,   │ │
│ │                          0.26009384,  0.65216452,                        │ │
│ │                          │   │   0.25723645, -2.71286086,  0.21354227,   │ │
│ │                          -0.62661571, -0.83970704,                       │ │
│ │                          │   │   1.110821  , -0.70688454,  1.15953556,   │ │
│ │                          -0.54798849,  0.39061678,                       │ │
│ │                          │   │   0.23423252,  0.26927806,  0.82810118,   │ │
│ │                          0.77147089,  0.21112086,                        │ │
│ │                          │      -0.46874449,  0.82390541,  0.88348432,   │ │
│ │                          0.29695891,  0.20271367,                        │ │
│ │                          │   │   0.50031774,  0.2039249 ,  1.34086154,   │ │
│ │                          -0.9212274 ,  1.09580553,                       │ │
│ │                          │      -0.17727303, -0.17224081,  1.57957521,   │ │
│ │                          0.30258116,  0.70626166,                        │ │
│ │                          │   │   0.49427457,  0.01955391,  0.74710658,   │ │
│ │                          1.96995004,  0.33375395,                        │ │
│ │                          │      -1.01397341, -1.07910027,  1.25701143,   │ │
│ │                          0.24255672, -1.10963898,                        │ │
│ │                          │   │   1.48861878, -0.5056098 , -1.45928526,   │ │
│ │                          0.66896881,  0.11573986,                        │ │
│ │                          │   │   0.26927449, -0.08296203,  0.76957661,   │ │
│ │                          0.88559302,  0.77064137,                        │ │
│ │                          │      -0.88364126, -0.65935407,  0.73094601,   │ │
│ │                          1.28460333, -0.21424996,                        │ │
│ │                          │      -0.43243754,  1.27567983, -0.86244216,   │ │
│ │                          -0.29486898,  0.22619302,                       │ │
│ │                          │      -1.00865678,  0.81319033, -0.59567051,   │ │
│ │                          -0.19275418, -1.1536697 ,                       │ │
│ │                          │      -0.95220855,  0.21240703,  1.93505729,   │ │
│ │                          0.60235799,  0.81021319,                        │ │
│ │                          │      -0.43218366, -0.42909328, -0.25235026,   │ │
│ │                          0.66392117, -0.05602128])                       │ │
│ ╰──────────────────────────────────────────────────────────────────────────╯ │
│                                                                              │
│ /mnt/hpc/work/kdruscit/singular-learning-theory/code/python/.venv/lib/python │
│ 3.10/site-packages/pymc/sampling/mcmc.py:935 in sample                       │
│                                                                              │
│    932 │   │   _log.info(f"Multiprocess sampling ({chains} chains in {cores} │
│    933 │   │   _print_step_hierarchy(step)                                   │
│    934 │   │   try:                                                          │
│ ❱  935 │   │   │   _mp_sample(**sample_args, **parallel_args)                │
│    936 │   │   except pickle.PickleError:                                    │
│    937 │   │   │   _log.warning("Could not pickle model, sampling singlethre │
│    938 │   │   │   _log.debug("Pickling error:", exc_info=True)              │
│                                                                              │
│ ╭───────────────────────────────── locals ─────────────────────────────────╮ │
│ │                 blas_cores = 10                                          │ │
│ │                   callback = <estimation.mixnorm.ksigma.pymc_tools.Clus… │ │
│ │                              object at 0x7f41a36ce320>                   │ │
│ │                     chains = 2                                           │ │
│ │             compile_kwargs = None                                        │ │
│ │ compute_convergence_checks = True                                        │ │
│ │                      cores = 2                                           │ │
│ │      discard_tuned_samples = True                                        │ │
│ │                      draws = 1000                                        │ │
│ │             exclusive_nuts = True                                        │ │
│ │    has_population_samplers = np.False_                                   │ │
│ │               idata_kwargs = None                                        │ │
│ │                       init = 'auto'                                      │ │
│ │             initial_points = [                                           │ │
│ │                              │   {                                       │ │
│ │                              │   │   'weights_simplex__':                │ │
│ │                              array([-0.74947875,  0.40135239]),          │ │
│ │                              │   │   'mus': array([ 0.70237283,          │ │
│ │                              -0.18612423, -0.26570154]),                 │ │
│ │                              │   │   'like': array(-0.28253933)          │ │
│ │                              │   },                                      │ │
│ │                              │   {                                       │ │
│ │                              │   │   'weights_simplex__': array([        │ │
│ │                              0.44532811, -0.74618947]),                  │ │
│ │                              │   │   'mus': array([-0.67447669,          │ │
│ │                              0.72146503,  0.86158415]),                  │ │
│ │                              │   │   'like': array(-0.67674411)          │ │
│ │                              │   }                                       │ │
│ │                              ]                                           │ │
│ │                   initvals = None                                        │ │
│ │         jitter_max_retries = 10                                          │ │
│ │          keep_warning_stat = False                                       │ │
│ │                     kwargs = {                                           │ │
│ │                              │   'max_treedepth': 50,                    │ │
│ │                              │   'target_accept': 0.995                  │ │
│ │                              }                                           │ │
│ │                      model = <pymc.model.core.Model object at            │ │
│ │                              0x7f41aa2419c0>                             │ │
│ │                     mp_ctx = None                                        │ │
│ │                     n_init = 200000                                      │ │
│ │   num_blas_cores_per_chain = 5                                           │ │
│ │                nuts_kwargs = {'target_accept': 0.995}                    │ │
│ │               nuts_sampler = 'pymc'                                      │ │
│ │        nuts_sampler_kwargs = {}                                          │ │
│ │                   parallel = True                                        │ │
│ │              parallel_args = {'mp_ctx': None, 'blas_cores': 5}           │ │
│ │              progress_bool = False                                       │ │
│ │                progressbar = False                                       │ │
│ │          progressbar_theme = None                                        │ │
│ │             provided_steps = []                                          │ │
│ │                random_seed = None                                        │ │
│ │           random_seed_list = [np.int64(585661993), np.int64(799000506)]  │ │
│ │       return_inferencedata = True                                        │ │
│ │                       rngs = [                                           │ │
│ │                              │   Generator(PCG64) at 0x7F41AA18A420,     │ │
│ │                              │   Generator(PCG64) at 0x7F41AA18A340      │ │
│ │                              ]                                           │ │
│ │                        run = None                                        │ │
│ │                sample_args = {                                           │ │
│ │                              │   'draws': 2000,                          │ │
│ │                              │   'step':                                 │ │
│ │                              <pymc.step_methods.hmc.nuts.NUTS object at  │ │
│ │                              0x7f4197815d80>,                            │ │
│ │                              │   'start': [                              │ │
│ │                              │   │   {                                   │ │
│ │                              │   │   │   'weights_simplex__':            │ │
│ │                              array([-0.74947875,  0.40135239]),          │ │
│ │                              │   │   │   'mus': array([ 0.70237283,      │ │
│ │                              -0.18612423, -0.26570154]),                 │ │
│ │                              │   │   │   'like': array(-0.28253933)      │ │
│ │                              │   │   },                                  │ │
│ │                              │   │   {                                   │ │
│ │                              │   │   │   'weights_simplex__': array([    │ │
│ │                              0.44532811, -0.74618947]),                  │ │
│ │                              │   │   │   'mus': array([-0.67447669,      │ │
│ │                              0.72146503,  0.86158415]),                  │ │
│ │                              │   │   │   'like': array(-0.67674411)      │ │
│ │                              │   │   }                                   │ │
│ │                              │   ],                                      │ │
│ │                              │   'traces': [                             │ │
│ │                              │   │   <pymc.backends.ndarray.NDArray      │ │
│ │                              object at 0x7f41979e43d0>,                  │ │
│ │                              │   │   <pymc.backends.ndarray.NDArray      │ │
│ │                              object at 0x7f41979e4370>                   │ │
│ │                              │   ],                                      │ │
│ │                              │   'chains': 2,                            │ │
│ │                              │   'tune': 1000,                           │ │
│ │                              │   'var_names': None,                      │ │
│ │                              │   'progressbar': False,                   │ │
│ │                              │   'progressbar_theme': None,              │ │
│ │                              │   'model': <pymc.model.core.Model object  │ │
│ │                              at 0x7f41aa2419c0>,                         │ │
│ │                              │   ... +6                                  │ │
│ │                              }                                           │ │
│ │             selected_steps = {                                           │ │
│ │                              │   <class                                  │ │
│ │                              'pymc.step_methods.hmc.nuts.NUTS'>: [       │ │
│ │                              │   │   weights_simplex__,                  │ │
│ │                              │   │   mus,                                │ │
│ │                              │   │   like                                │ │
│ │                              │   ]                                       │ │
│ │                              }                                           │ │
│ │                       step = <pymc.step_methods.hmc.nuts.NUTS object at  │ │
│ │                              0x7f4197815d80>                             │ │
│ │                    t_start = 1752861504.0671887                          │ │
│ │                      trace = None                                        │ │
│ │                 trace_vars = None                                        │ │
│ │                     traces = [                                           │ │
│ │                              │   <pymc.backends.ndarray.NDArray object   │ │
│ │                              at 0x7f41979e43d0>,                         │ │
│ │                              │   <pymc.backends.ndarray.NDArray object   │ │
│ │                              at 0x7f41979e4370>                          │ │
│ │                              ]                                           │ │
│ │                       tune = 1000                                        │ │
│ │                  var_names = None                                        │ │
│ ╰──────────────────────────────────────────────────────────────────────────╯ │
│                                                                              │
│ /mnt/hpc/work/kdruscit/singular-learning-theory/code/python/.venv/lib/python │
│ 3.10/site-packages/pymc/sampling/mcmc.py:1419 in _mp_sample                  │
│                                                                              │
│   1416 │   │   │   │   │   log_warning_stats(draw.stats)                     │
│   1417 │   │   │   │   │                                                     │
│   1418 │   │   │   │   │   if callback is not None:                          │
│ ❱ 1419 │   │   │   │   │   │   callback(trace=strace, draw=draw)             │
│   1420 │   │                                                                 │
│   1421 │   │   except ps.ParallelSamplingError as error:                     │
│   1422 │   │   │   for strace in traces:                                     │
│                                                                              │
│ ╭───────────────────────────────── locals ─────────────────────────────────╮ │
│ │        blas_cores = 5                                                    │ │
│ │          callback = <estimation.mixnorm.ksigma.pymc_tools.ClusterFriend… │ │
│ │                     object at 0x7f41a36ce320>                            │ │
│ │            chains = 2                                                    │ │
│ │             cores = 2                                                    │ │
│ │              draw = Draw(                                                │ │
│ │                     │   chain=1,                                         │ │
│ │                     │   is_last=False,                                   │ │
│ │                     │   draw_idx=1249,                                   │ │
│ │                     │   tuning=False,                                    │ │
│ │                     │   stats=[                                          │ │
│ │                     │   │   {                                            │ │
│ │                     │   │   │   'tune': False,                           │ │
│ │                     │   │   │   'diverging': False,                      │ │
│ │                     │   │   │   'perf_counter_diff':                     │ │
│ │                     0.028260345105081797,                                │ │
│ │                     │   │   │   'process_time_diff':                     │ │
│ │                     0.028260513000002874,                                │ │
│ │                     │   │   │   'perf_counter_start': 1994733.700226818, │ │
│ │                     │   │   │   'warning': None,                         │ │
│ │                     │   │   │   'depth': 7,                              │ │
│ │                     │   │   │   'mean_tree_accept':                      │ │
│ │                     np.float64(0.9890669444623156),                      │ │
│ │                     │   │   │   'energy_error':                          │ │
│ │                     np.float64(-0.0074973716997916995),                  │ │
│ │                     │   │   │   'energy': np.float64(46.72322059120858), │ │
│ │                     │   │   │   ... +9                                   │ │
│ │                     │   │   }                                            │ │
│ │                     │   ],                                               │ │
│ │                     │   point={                                          │ │
│ │                     │   │   'weights_simplex__': array([ 2.52407825,     │ │
│ │                     -1.10862818]),                                       │ │
│ │                     │   │   'mus': array([ 0.14200286, -4.14617837,      │ │
│ │                     -1.05869004]),                                       │ │
│ │                     │   │   'like': array(-0.64466842)                   │ │
│ │                     │   }                                                │ │
│ │                     )                                                    │ │
│ │             draws = 1000                                                 │ │
│ │            kwargs = {                                                    │ │
│ │                     │   'var_names': None,                               │ │
│ │                     │   'discard_tuned_samples': True,                   │ │
│ │                     │   'max_treedepth': 50,                             │ │
│ │                     │   'target_accept': 0.995                           │ │
│ │                     }                                                    │ │
│ │             model = <pymc.model.core.Model object at 0x7f41aa2419c0>     │ │
│ │            mp_ctx = None                                                 │ │
│ │       progressbar = False                                                │ │
│ │ progressbar_theme = None                                                 │ │
│ │                ps = <module 'pymc.sampling.parallel' from                │ │
│ │                     '/mnt/hpc/work/kdruscit/singular-learning-theory/co… │ │
│ │              rngs = [                                                    │ │
│ │                     │   Generator(PCG64) at 0x7F41AA18A420,              │ │
│ │                     │   Generator(PCG64) at 0x7F41AA18A340               │ │
│ │                     ]                                                    │ │
│ │           sampler = <pymc.sampling.parallel.ParallelSampler object at    │ │
│ │                     0x7f41979e6350>                                      │ │
│ │             start = [                                                    │ │
│ │                     │   {                                                │ │
│ │                     │   │   'weights_simplex__': array([-0.74947875,     │ │
│ │                     0.40135239]),                                        │ │
│ │                     │   │   'mus': array([ 0.70237283, -0.18612423,      │ │
│ │                     -0.26570154]),                                       │ │
│ │                     │   │   'like': array(-0.28253933)                   │ │
│ │                     │   },                                               │ │
│ │                     │   {                                                │ │
│ │                     │   │   'weights_simplex__': array([ 0.44532811,     │ │
│ │                     -0.74618947]),                                       │ │
│ │                     │   │   'mus': array([-0.67447669,  0.72146503,      │ │
│ │                     0.86158415]),                                        │ │
│ │                     │   │   'like': array(-0.67674411)                   │ │
│ │                     │   }                                                │ │
│ │                     ]                                                    │ │
│ │              step = <pymc.step_methods.hmc.nuts.NUTS object at           │ │
│ │                     0x7f4197815d80>                                      │ │
│ │            strace = <pymc.backends.ndarray.NDArray object at             │ │
│ │                     0x7f41979e4370>                                      │ │
│ │            traces = [                                                    │ │
│ │                     │   <pymc.backends.ndarray.NDArray object at         │ │
│ │                     0x7f41979e43d0>,                                     │ │
│ │                     │   <pymc.backends.ndarray.NDArray object at         │ │
│ │                     0x7f41979e4370>                                      │ │
│ │                     ]                                                    │ │
│ │              tune = 1000                                                 │ │
│ │       zarr_chains = None                                                 │ │
│ │    zarr_recording = False                                                │ │
│ ╰──────────────────────────────────────────────────────────────────────────╯ │
│                                                                              │
│ /mnt/hpc/work/kdruscit/singular-learning-theory/code/python/estimation/mixno │
│ rm/ksigma/pymc_tools.py:45 in __call__                                       │
│                                                                              │
│   42 │   │   │   # print(trace.report)                                       │
│   43 │   │   │                                                               │
│   44 │   │   │   multitrace = MultiTrace(list(self.traces.values()))         │
│ ❱ 45 │   │   │   if rhat(multitrace).to_array().max() < self.max_rhat:       │
│   46 │   │   │   │   raise KeyboardInterrupt                                 │
│   47                                                                         │
│   48                                                                         │
│                                                                              │
│ ╭───────────────────────────────── locals ─────────────────────────────────╮ │
│ │   chain_id = 1                                                           │ │
│ │       draw = Draw(                                                       │ │
│ │              │   chain=1,                                                │ │
│ │              │   is_last=False,                                          │ │
│ │              │   draw_idx=1249,                                          │ │
│ │              │   tuning=False,                                           │ │
│ │              │   stats=[                                                 │ │
│ │              │   │   {                                                   │ │
│ │              │   │   │   'tune': False,                                  │ │
│ │              │   │   │   'diverging': False,                             │ │
│ │              │   │   │   'perf_counter_diff': 0.028260345105081797,      │ │
│ │              │   │   │   'process_time_diff': 0.028260513000002874,      │ │
│ │              │   │   │   'perf_counter_start': 1994733.700226818,        │ │
│ │              │   │   │   'warning': None,                                │ │
│ │              │   │   │   'depth': 7,                                     │ │
│ │              │   │   │   'mean_tree_accept':                             │ │
│ │              np.float64(0.9890669444623156),                             │ │
│ │              │   │   │   'energy_error':                                 │ │
│ │              np.float64(-0.0074973716997916995),                         │ │
│ │              │   │   │   'energy': np.float64(46.72322059120858),        │ │
│ │              │   │   │   ... +9                                          │ │
│ │              │   │   }                                                   │ │
│ │              │   ],                                                      │ │
│ │              │   point={                                                 │ │
│ │              │   │   'weights_simplex__': array([ 2.52407825,            │ │
│ │              -1.10862818]),                                              │ │
│ │              │   │   'mus': array([ 0.14200286, -4.14617837,             │ │
│ │              -1.05869004]),                                              │ │
│ │              │   │   'like': array(-0.64466842)                          │ │
│ │              │   }                                                       │ │
│ │              )                                                           │ │
│ │ multitrace = <MultiTrace: 2 chains, 1250 iterations, 4 variables>        │ │
│ │ perf_diffs = array([0.01507861, 0.00047291, 0.01398813, ..., 0.        , │ │
│ │              0.        ,                                                 │ │
│ │              │      0.        ], shape=(2000,))                          │ │
│ │       self = <estimation.mixnorm.ksigma.pymc_tools.ClusterFriendlyCallb… │ │
│ │              object at 0x7f41a36ce320>                                   │ │
│ │ total_time = np.float64(23.791802506661043)                              │ │
│ │      trace = <pymc.backends.ndarray.NDArray object at 0x7f41979e4370>    │ │
│ ╰──────────────────────────────────────────────────────────────────────────╯ │
│                                                                              │
│ /mnt/hpc/work/kdruscit/singular-learning-theory/code/python/.venv/lib/python │
│ 3.10/site-packages/arviz/stats/diagnostics.py:334 in rhat                    │
│                                                                              │
│    331 │   │   )                                                             │
│    332 │   │   raise TypeError(msg)                                          │
│    333 │                                                                     │
│ ❱  334 │   dataset = convert_to_dataset(data, group="posterior")             │
│    335 │   var_names = _var_names(var_names, dataset)                        │
│    336 │                                                                     │
│    337 │   dataset = dataset if var_names is None else dataset[var_names]    │
│                                                                              │
│ ╭───────────────────────────────── locals ─────────────────────────────────╮ │
│ │ dask_kwargs = None                                                       │ │
│ │        data = <MultiTrace: 2 chains, 1250 iterations, 4 variables>       │ │
│ │      method = 'rank'                                                     │ │
│ │     methods = {                                                          │ │
│ │               │   'rank': <function _rhat_rank at 0x7f41a462dea0>,       │ │
│ │               │   'split': <function _rhat_split at 0x7f41a462e050>,     │ │
│ │               │   'folded': <function _rhat_folded at 0x7f41a462df30>,   │ │
│ │               │   'z_scale': <function _rhat_z_scale at 0x7f41a462dfc0>, │ │
│ │               │   'identity': <function _rhat_identity at                │ │
│ │               0x7f41a462e0e0>                                            │ │
│ │               }                                                          │ │
│ │   var_names = None                                                       │ │
│ ╰──────────────────────────────────────────────────────────────────────────╯ │
│                                                                              │
│ /mnt/hpc/work/kdruscit/singular-learning-theory/code/python/.venv/lib/python │
│ 3.10/site-packages/arviz/data/converters.py:185 in convert_to_dataset        │
│                                                                              │
│   182 │   -------                                                            │
│   183 │   xarray.Dataset                                                     │
│   184 │   """                                                                │
│ ❱ 185 │   inference_data = convert_to_inference_data(obj, group=group, coord │
│   186 │   dataset = getattr(inference_data, group, None)                     │
│   187 │   if dataset is None:                                                │
│   188 │   │   raise ValueError(                                              │
│                                                                              │
│ ╭─────────────────────────── locals ────────────────────────────╮            │
│ │ coords = None                                                 │            │
│ │   dims = None                                                 │            │
│ │  group = 'posterior'                                          │            │
│ │    obj = <MultiTrace: 2 chains, 1250 iterations, 4 variables> │            │
│ ╰───────────────────────────────────────────────────────────────╯            │
│                                                                              │
│ /mnt/hpc/work/kdruscit/singular-learning-theory/code/python/.venv/lib/python │
│ 3.10/site-packages/arviz/data/converters.py:139 in convert_to_inference_data │
│                                                                              │
│   136 │   │   │   "cmdstan fit csv filename",                                │
│   137 │   │   │   "cmdstanpy fit",                                           │
│   138 │   │   )                                                              │
│ ❱ 139 │   │   raise ValueError(                                              │
│   140 │   │   │   f'Can only convert {", ".join(allowable_types)} to Inferen │
│   141 │   │   │   f"not {obj.__class__.__name__}"                            │
│   142 │   │   )                                                              │
│                                                                              │
│ ╭───────────────────────────────── locals ─────────────────────────────────╮ │
│ │ allowable_types = (                                                      │ │
│ │                   │   'xarray dataarray',                                │ │
│ │                   │   'xarray dataset',                                  │ │
│ │                   │   'dict',                                            │ │
│ │                   │   "pytree (if 'dm-tree' is installed)",              │ │
│ │                   │   'netcdf filename',                                 │ │
│ │                   │   'numpy array',                                     │ │
│ │                   │   'pystan fit',                                      │ │
│ │                   │   'emcee fit',                                       │ │
│ │                   │   'pyro mcmc fit',                                   │ │
│ │                   │   'numpyro mcmc fit',                                │ │
│ │                   │   ... +2                                             │ │
│ │                   )                                                      │ │
│ │          coords = None                                                   │ │
│ │            dims = None                                                   │ │
│ │           group = 'posterior'                                            │ │
│ │          kwargs = {                                                      │ │
│ │                   │   'posterior': <MultiTrace: 2 chains, 1250           │ │
│ │                   iterations, 4 variables>,                              │ │
│ │                   │   'coords': None,                                    │ │
│ │                   │   'dims': None                                       │ │
│ │                   }                                                      │ │
│ │             obj = <MultiTrace: 2 chains, 1250 iterations, 4 variables>   │ │
│ ╰──────────────────────────────────────────────────────────────────────────╯ │
╰──────────────────────────────────────────────────────────────────────────────╯
ValueError: Can only convert xarray dataarray, xarray dataset, dict, pytree (if 
'dm-tree' is installed), netcdf filename, numpy array, pystan fit, emcee fit, 
pyro mcmc fit, numpyro mcmc fit, cmdstan fit csv filename, cmdstanpy fit to 
InferenceData, not MultiTrace
srun: error: hpc-pr3-03: task 2: Exited with exit code 1
╭───────────────────── Traceback (most recent call last) ──────────────────────╮
│ /mnt/hpc/work/kdruscit/singular-learning-theory/code/python/estimation/mixno │
│ rm/ksigma/main.py:92 in rlctx                                                │
│                                                                              │
│    89 │   idata = None                                                       │
│    90 │   with model:                                                        │
│    91 │   │   print(pymc_progressbar)                                        │
│ ❱  92 │   │   idata = pm.sample(draws=pymc_draws,                            │
│    93 │   │   │   │   │   │     tune=pymc_tune,                              │
│    94 │   │   │   │   │   │     chains=pymc_chains,                          │
│    95 │   │   │   │   │   │     cores=pymc_cores,                            │
│                                                                              │
│ ╭───────────────────────────────── locals ─────────────────────────────────╮ │
│ │                     az = <module 'arviz' from                            │ │
│ │                          '/mnt/hpc/work/kdruscit/singular-learning-theo… │ │
│ │                  idata = None                                            │ │
│ │ invtemp_scaling_factor = 1                                               │ │
│ │ mean_prior_cov_scaling = 4.0                                             │ │
│ │     mixture_components = 3                                               │ │
│ │                  model = <pymc.model.core.Model object at                │ │
│ │                          0x7fd4372199c0>                                 │ │
│ │                      n = 100                                             │ │
│ │                     np = <module 'numpy' from                            │ │
│ │                          '/mnt/hpc/work/kdruscit/singular-learning-theo… │ │
│ │                pathstr = 'estimation/mixnorm/ksigma/data/observations/n… │ │
│ │                     pm = <module 'pymc' from                             │ │
│ │                          '/mnt/hpc/work/kdruscit/singular-learning-theo… │ │
│ │                     pt = <module 'pytensor' from                         │ │
│ │                          '/mnt/hpc/work/kdruscit/singular-learning-theo… │ │
│ │            pymc_chains = 2                                               │ │
│ │             pymc_cores = 10                                              │ │
│ │             pymc_draws = 1000                                            │ │
│ │       pymc_progressbar = False                                           │ │
│ │              pymc_tune = 1000                                            │ │
│ │              targetdir = '.'                                             │ │
│ │                 x_data = array([ 0.5418459 ,  0.0564247 , -1.50166618,   │ │
│ │                          0.23482283,  0.51874431,                        │ │
│ │                          │   │   0.46099198, -0.33490282,  1.24580097,   │ │
│ │                          -0.55013189, -1.54668546,                       │ │
│ │                          │      -0.76314938,  1.61260858, -1.06255542,   │ │
│ │                          -0.11514613, -0.88456432,                       │ │
│ │                          │   │   1.05967827, -1.00333253,  1.51539862,   │ │
│ │                          0.13981142,  0.34138647,                        │ │
│ │                          │      -1.74609383, -0.01991043, -0.2600681 ,   │ │
│ │                          0.26009384,  0.65216452,                        │ │
│ │                          │   │   0.25723645, -2.71286086,  0.21354227,   │ │
│ │                          -0.62661571, -0.83970704,                       │ │
│ │                          │   │   1.110821  , -0.70688454,  1.15953556,   │ │
│ │                          -0.54798849,  0.39061678,                       │ │
│ │                          │   │   0.23423252,  0.26927806,  0.82810118,   │ │
│ │                          0.77147089,  0.21112086,                        │ │
│ │                          │      -0.46874449,  0.82390541,  0.88348432,   │ │
│ │                          0.29695891,  0.20271367,                        │ │
│ │                          │   │   0.50031774,  0.2039249 ,  1.34086154,   │ │
│ │                          -0.9212274 ,  1.09580553,                       │ │
│ │                          │      -0.17727303, -0.17224081,  1.57957521,   │ │
│ │                          0.30258116,  0.70626166,                        │ │
│ │                          │   │   0.49427457,  0.01955391,  0.74710658,   │ │
│ │                          1.96995004,  0.33375395,                        │ │
│ │                          │      -1.01397341, -1.07910027,  1.25701143,   │ │
│ │                          0.24255672, -1.10963898,                        │ │
│ │                          │   │   1.48861878, -0.5056098 , -1.45928526,   │ │
│ │                          0.66896881,  0.11573986,                        │ │
│ │                          │   │   0.26927449, -0.08296203,  0.76957661,   │ │
│ │                          0.88559302,  0.77064137,                        │ │
│ │                          │      -0.88364126, -0.65935407,  0.73094601,   │ │
│ │                          1.28460333, -0.21424996,                        │ │
│ │                          │      -0.43243754,  1.27567983, -0.86244216,   │ │
│ │                          -0.29486898,  0.22619302,                       │ │
│ │                          │      -1.00865678,  0.81319033, -0.59567051,   │ │
│ │                          -0.19275418, -1.1536697 ,                       │ │
│ │                          │      -0.95220855,  0.21240703,  1.93505729,   │ │
│ │                          0.60235799,  0.81021319,                        │ │
│ │                          │      -0.43218366, -0.42909328, -0.25235026,   │ │
│ │                          0.66392117, -0.05602128])                       │ │
│ ╰──────────────────────────────────────────────────────────────────────────╯ │
│                                                                              │
│ /mnt/hpc/work/kdruscit/singular-learning-theory/code/python/.venv/lib/python │
│ 3.10/site-packages/pymc/sampling/mcmc.py:935 in sample                       │
│                                                                              │
│    932 │   │   _log.info(f"Multiprocess sampling ({chains} chains in {cores} │
│    933 │   │   _print_step_hierarchy(step)                                   │
│    934 │   │   try:                                                          │
│ ❱  935 │   │   │   _mp_sample(**sample_args, **parallel_args)                │
│    936 │   │   except pickle.PickleError:                                    │
│    937 │   │   │   _log.warning("Could not pickle model, sampling singlethre │
│    938 │   │   │   _log.debug("Pickling error:", exc_info=True)              │
│                                                                              │
│ ╭───────────────────────────────── locals ─────────────────────────────────╮ │
│ │                 blas_cores = 10                                          │ │
│ │                   callback = <estimation.mixnorm.ksigma.pymc_tools.Clus… │ │
│ │                              object at 0x7fd43087a320>                   │ │
│ │                     chains = 2                                           │ │
│ │             compile_kwargs = None                                        │ │
│ │ compute_convergence_checks = True                                        │ │
│ │                      cores = 2                                           │ │
│ │      discard_tuned_samples = True                                        │ │
│ │                      draws = 1000                                        │ │
│ │             exclusive_nuts = True                                        │ │
│ │    has_population_samplers = np.False_                                   │ │
│ │               idata_kwargs = None                                        │ │
│ │                       init = 'auto'                                      │ │
│ │             initial_points = [                                           │ │
│ │                              │   {                                       │ │
│ │                              │   │   'weights_simplex__':                │ │
│ │                              array([-0.51312687,  0.6605446 ]),          │ │
│ │                              │   │   'mus': array([-0.52843505,          │ │
│ │                              -0.49977411,  0.5773658 ]),                 │ │
│ │                              │   │   'like': array(-1.10571252)          │ │
│ │                              │   },                                      │ │
│ │                              │   {                                       │ │
│ │                              │   │   'weights_simplex__':                │ │
│ │                              array([-0.78830707, -0.27718321]),          │ │
│ │                              │   │   'mus': array([0.64102808,           │ │
│ │                              0.45330839, 0.2027348 ]),                   │ │
│ │                              │   │   'like': array(1.25996333)           │ │
│ │                              │   }                                       │ │
│ │                              ]                                           │ │
│ │                   initvals = None                                        │ │
│ │         jitter_max_retries = 10                                          │ │
│ │          keep_warning_stat = False                                       │ │
│ │                     kwargs = {                                           │ │
│ │                              │   'max_treedepth': 50,                    │ │
│ │                              │   'target_accept': 0.995                  │ │
│ │                              }                                           │ │
│ │                      model = <pymc.model.core.Model object at            │ │
│ │                              0x7fd4372199c0>                             │ │
│ │                     mp_ctx = None                                        │ │
│ │                     n_init = 200000                                      │ │
│ │   num_blas_cores_per_chain = 5                                           │ │
│ │                nuts_kwargs = {'target_accept': 0.995}                    │ │
│ │               nuts_sampler = 'pymc'                                      │ │
│ │        nuts_sampler_kwargs = {}                                          │ │
│ │                   parallel = True                                        │ │
│ │              parallel_args = {'mp_ctx': None, 'blas_cores': 5}           │ │
│ │              progress_bool = False                                       │ │
│ │                progressbar = False                                       │ │
│ │          progressbar_theme = None                                        │ │
│ │             provided_steps = []                                          │ │
│ │                random_seed = None                                        │ │
│ │           random_seed_list = [np.int64(906545329), np.int64(749890345)]  │ │
│ │       return_inferencedata = True                                        │ │
│ │                       rngs = [                                           │ │
│ │                              │   Generator(PCG64) at 0x7FD4309E2420,     │ │
│ │                              │   Generator(PCG64) at 0x7FD4309E2340      │ │
│ │                              ]                                           │ │
│ │                        run = None                                        │ │
│ │                sample_args = {                                           │ │
│ │                              │   'draws': 2000,                          │ │
│ │                              │   'step':                                 │ │
│ │                              <pymc.step_methods.hmc.nuts.NUTS object at  │ │
│ │                              0x7fd42478ae90>,                            │ │
│ │                              │   'start': [                              │ │
│ │                              │   │   {                                   │ │
│ │                              │   │   │   'weights_simplex__':            │ │
│ │                              array([-0.51312687,  0.6605446 ]),          │ │
│ │                              │   │   │   'mus': array([-0.52843505,      │ │
│ │                              -0.49977411,  0.5773658 ]),                 │ │
│ │                              │   │   │   'like': array(-1.10571252)      │ │
│ │                              │   │   },                                  │ │
│ │                              │   │   {                                   │ │
│ │                              │   │   │   'weights_simplex__':            │ │
│ │                              array([-0.78830707, -0.27718321]),          │ │
│ │                              │   │   │   'mus': array([0.64102808,       │ │
│ │                              0.45330839, 0.2027348 ]),                   │ │
│ │                              │   │   │   'like': array(1.25996333)       │ │
│ │                              │   │   }                                   │ │
│ │                              │   ],                                      │ │
│ │                              │   'traces': [                             │ │
│ │                              │   │   <pymc.backends.ndarray.NDArray      │ │
│ │                              object at 0x7fd42f7a0e80>,                  │ │
│ │                              │   │   <pymc.backends.ndarray.NDArray      │ │
│ │                              object at 0x7fd42f7a25f0>                   │ │
│ │                              │   ],                                      │ │
│ │                              │   'chains': 2,                            │ │
│ │                              │   'tune': 1000,                           │ │
│ │                              │   'var_names': None,                      │ │
│ │                              │   'progressbar': False,                   │ │
│ │                              │   'progressbar_theme': None,              │ │
│ │                              │   'model': <pymc.model.core.Model object  │ │
│ │                              at 0x7fd4372199c0>,                         │ │
│ │                              │   ... +6                                  │ │
│ │                              }                                           │ │
│ │             selected_steps = {                                           │ │
│ │                              │   <class                                  │ │
│ │                              'pymc.step_methods.hmc.nuts.NUTS'>: [       │ │
│ │                              │   │   weights_simplex__,                  │ │
│ │                              │   │   mus,                                │ │
│ │                              │   │   like                                │ │
│ │                              │   ]                                       │ │
│ │                              }                                           │ │
│ │                       step = <pymc.step_methods.hmc.nuts.NUTS object at  │ │
│ │                              0x7fd42478ae90>                             │ │
│ │                    t_start = 1752861506.250976                           │ │
│ │                      trace = None                                        │ │
│ │                 trace_vars = None                                        │ │
│ │                     traces = [                                           │ │
│ │                              │   <pymc.backends.ndarray.NDArray object   │ │
│ │                              at 0x7fd42f7a0e80>,                         │ │
│ │                              │   <pymc.backends.ndarray.NDArray object   │ │
│ │                              at 0x7fd42f7a25f0>                          │ │
│ │                              ]                                           │ │
│ │                       tune = 1000                                        │ │
│ │                  var_names = None                                        │ │
│ ╰──────────────────────────────────────────────────────────────────────────╯ │
│                                                                              │
│ /mnt/hpc/work/kdruscit/singular-learning-theory/code/python/.venv/lib/python │
│ 3.10/site-packages/pymc/sampling/mcmc.py:1419 in _mp_sample                  │
│                                                                              │
│   1416 │   │   │   │   │   log_warning_stats(draw.stats)                     │
│   1417 │   │   │   │   │                                                     │
│   1418 │   │   │   │   │   if callback is not None:                          │
│ ❱ 1419 │   │   │   │   │   │   callback(trace=strace, draw=draw)             │
│   1420 │   │                                                                 │
│   1421 │   │   except ps.ParallelSamplingError as error:                     │
│   1422 │   │   │   for strace in traces:                                     │
│                                                                              │
│ ╭───────────────────────────────── locals ─────────────────────────────────╮ │
│ │        blas_cores = 5                                                    │ │
│ │          callback = <estimation.mixnorm.ksigma.pymc_tools.ClusterFriend… │ │
│ │                     object at 0x7fd43087a320>                            │ │
│ │            chains = 2                                                    │ │
│ │             cores = 2                                                    │ │
│ │              draw = Draw(                                                │ │
│ │                     │   chain=1,                                         │ │
│ │                     │   is_last=False,                                   │ │
│ │                     │   draw_idx=1249,                                   │ │
│ │                     │   tuning=False,                                    │ │
│ │                     │   stats=[                                          │ │
│ │                     │   │   {                                            │ │
│ │                     │   │   │   'tune': False,                           │ │
│ │                     │   │   │   'diverging': False,                      │ │
│ │                     │   │   │   'perf_counter_diff':                     │ │
│ │                     0.013777815969660878,                                │ │
│ │                     │   │   │   'process_time_diff':                     │ │
│ │                     0.013778056999999677,                                │ │
│ │                     │   │   │   'perf_counter_start': 1994742.240555777, │ │
│ │                     │   │   │   'warning': None,                         │ │
│ │                     │   │   │   'depth': 6,                              │ │
│ │                     │   │   │   'mean_tree_accept':                      │ │
│ │                     np.float64(0.9942822139999891),                      │ │
│ │                     │   │   │   'energy_error':                          │ │
│ │                     np.float64(-0.0007094182458402543),                  │ │
│ │                     │   │   │   'energy': np.float64(50.71848035469223), │ │
│ │                     │   │   │   ... +9                                   │ │
│ │                     │   │   }                                            │ │
│ │                     │   ],                                               │ │
│ │                     │   point={                                          │ │
│ │                     │   │   'weights_simplex__': array([-4.73444987,     │ │
│ │                     16.24508059]),                                       │ │
│ │                     │   │   'mus': array([0.69804326, 0.30154491,        │ │
│ │                     4.85705469]),                                        │ │
│ │                     │   │   'like': array(1.24720108)                    │ │
│ │                     │   }                                                │ │
│ │                     )                                                    │ │
│ │             draws = 1000                                                 │ │
│ │            kwargs = {                                                    │ │
│ │                     │   'var_names': None,                               │ │
│ │                     │   'discard_tuned_samples': True,                   │ │
│ │                     │   'max_treedepth': 50,                             │ │
│ │                     │   'target_accept': 0.995                           │ │
│ │                     }                                                    │ │
│ │             model = <pymc.model.core.Model object at 0x7fd4372199c0>     │ │
│ │            mp_ctx = None                                                 │ │
│ │       progressbar = False                                                │ │
│ │ progressbar_theme = None                                                 │ │
│ │                ps = <module 'pymc.sampling.parallel' from                │ │
│ │                     '/mnt/hpc/work/kdruscit/singular-learning-theory/co… │ │
│ │              rngs = [                                                    │ │
│ │                     │   Generator(PCG64) at 0x7FD4309E2420,              │ │
│ │                     │   Generator(PCG64) at 0x7FD4309E2340               │ │
│ │                     ]                                                    │ │
│ │           sampler = <pymc.sampling.parallel.ParallelSampler object at    │ │
│ │                     0x7fd42ff74a00>                                      │ │
│ │             start = [                                                    │ │
│ │                     │   {                                                │ │
│ │                     │   │   'weights_simplex__': array([-0.51312687,     │ │
│ │                     0.6605446 ]),                                        │ │
│ │                     │   │   'mus': array([-0.52843505, -0.49977411,      │ │
│ │                     0.5773658 ]),                                        │ │
│ │                     │   │   'like': array(-1.10571252)                   │ │
│ │                     │   },                                               │ │
│ │                     │   {                                                │ │
│ │                     │   │   'weights_simplex__': array([-0.78830707,     │ │
│ │                     -0.27718321]),                                       │ │
│ │                     │   │   'mus': array([0.64102808, 0.45330839,        │ │
│ │                     0.2027348 ]),                                        │ │
│ │                     │   │   'like': array(1.25996333)                    │ │
│ │                     │   }                                                │ │
│ │                     ]                                                    │ │
│ │              step = <pymc.step_methods.hmc.nuts.NUTS object at           │ │
│ │                     0x7fd42478ae90>                                      │ │
│ │            strace = <pymc.backends.ndarray.NDArray object at             │ │
│ │                     0x7fd42f7a25f0>                                      │ │
│ │            traces = [                                                    │ │
│ │                     │   <pymc.backends.ndarray.NDArray object at         │ │
│ │                     0x7fd42f7a0e80>,                                     │ │
│ │                     │   <pymc.backends.ndarray.NDArray object at         │ │
│ │                     0x7fd42f7a25f0>                                      │ │
│ │                     ]                                                    │ │
│ │              tune = 1000                                                 │ │
│ │       zarr_chains = None                                                 │ │
│ │    zarr_recording = False                                                │ │
│ ╰──────────────────────────────────────────────────────────────────────────╯ │
│                                                                              │
│ /mnt/hpc/work/kdruscit/singular-learning-theory/code/python/estimation/mixno │
│ rm/ksigma/pymc_tools.py:45 in __call__                                       │
│                                                                              │
│   42 │   │   │   # print(trace.report)                                       │
│   43 │   │   │                                                               │
│   44 │   │   │   multitrace = MultiTrace(list(self.traces.values()))         │
│ ❱ 45 │   │   │   if rhat(multitrace).to_array().max() < self.max_rhat:       │
│   46 │   │   │   │   raise KeyboardInterrupt                                 │
│   47                                                                         │
│   48                                                                         │
│                                                                              │
│ ╭───────────────────────────────── locals ─────────────────────────────────╮ │
│ │   chain_id = 1                                                           │ │
│ │       draw = Draw(                                                       │ │
│ │              │   chain=1,                                                │ │
│ │              │   is_last=False,                                          │ │
│ │              │   draw_idx=1249,                                          │ │
│ │              │   tuning=False,                                           │ │
│ │              │   stats=[                                                 │ │
│ │              │   │   {                                                   │ │
│ │              │   │   │   'tune': False,                                  │ │
│ │              │   │   │   'diverging': False,                             │ │
│ │              │   │   │   'perf_counter_diff': 0.013777815969660878,      │ │
│ │              │   │   │   'process_time_diff': 0.013778056999999677,      │ │
│ │              │   │   │   'perf_counter_start': 1994742.240555777,        │ │
│ │              │   │   │   'warning': None,                                │ │
│ │              │   │   │   'depth': 6,                                     │ │
│ │              │   │   │   'mean_tree_accept':                             │ │
│ │              np.float64(0.9942822139999891),                             │ │
│ │              │   │   │   'energy_error':                                 │ │
│ │              np.float64(-0.0007094182458402543),                         │ │
│ │              │   │   │   'energy': np.float64(50.71848035469223),        │ │
│ │              │   │   │   ... +9                                          │ │
│ │              │   │   }                                                   │ │
│ │              │   ],                                                      │ │
│ │              │   point={                                                 │ │
│ │              │   │   'weights_simplex__': array([-4.73444987,            │ │
│ │              16.24508059]),                                              │ │
│ │              │   │   'mus': array([0.69804326, 0.30154491, 4.85705469]), │ │
│ │              │   │   'like': array(1.24720108)                           │ │
│ │              │   }                                                       │ │
│ │              )                                                           │ │
│ │ multitrace = <MultiTrace: 2 chains, 1250 iterations, 4 variables>        │ │
│ │ perf_diffs = array([0.16100647, 0.0006196 , 0.02182392, ..., 0.        , │ │
│ │              0.        ,                                                 │ │
│ │              │      0.        ], shape=(2000,))                          │ │
│ │       self = <estimation.mixnorm.ksigma.pymc_tools.ClusterFriendlyCallb… │ │
│ │              object at 0x7fd43087a320>                                   │ │
│ │ total_time = np.float64(23.89871320920065)                               │ │
│ │      trace = <pymc.backends.ndarray.NDArray object at 0x7fd42f7a25f0>    │ │
│ ╰──────────────────────────────────────────────────────────────────────────╯ │
│                                                                              │
│ /mnt/hpc/work/kdruscit/singular-learning-theory/code/python/.venv/lib/python │
│ 3.10/site-packages/arviz/stats/diagnostics.py:334 in rhat                    │
│                                                                              │
│    331 │   │   )                                                             │
│    332 │   │   raise TypeError(msg)                                          │
│    333 │                                                                     │
│ ❱  334 │   dataset = convert_to_dataset(data, group="posterior")             │
│    335 │   var_names = _var_names(var_names, dataset)                        │
│    336 │                                                                     │
│    337 │   dataset = dataset if var_names is None else dataset[var_names]    │
│                                                                              │
│ ╭───────────────────────────────── locals ─────────────────────────────────╮ │
│ │ dask_kwargs = None                                                       │ │
│ │        data = <MultiTrace: 2 chains, 1250 iterations, 4 variables>       │ │
│ │      method = 'rank'                                                     │ │
│ │     methods = {                                                          │ │
│ │               │   'rank': <function _rhat_rank at 0x7fd431571ea0>,       │ │
│ │               │   'split': <function _rhat_split at 0x7fd431572050>,     │ │
│ │               │   'folded': <function _rhat_folded at 0x7fd431571f30>,   │ │
│ │               │   'z_scale': <function _rhat_z_scale at 0x7fd431571fc0>, │ │
│ │               │   'identity': <function _rhat_identity at                │ │
│ │               0x7fd4315720e0>                                            │ │
│ │               }                                                          │ │
│ │   var_names = None                                                       │ │
│ ╰──────────────────────────────────────────────────────────────────────────╯ │
│                                                                              │
│ /mnt/hpc/work/kdruscit/singular-learning-theory/code/python/.venv/lib/python │
│ 3.10/site-packages/arviz/data/converters.py:185 in convert_to_dataset        │
│                                                                              │
│   182 │   -------                                                            │
│   183 │   xarray.Dataset                                                     │
│   184 │   """                                                                │
│ ❱ 185 │   inference_data = convert_to_inference_data(obj, group=group, coord │
│   186 │   dataset = getattr(inference_data, group, None)                     │
│   187 │   if dataset is None:                                                │
│   188 │   │   raise ValueError(                                              │
│                                                                              │
│ ╭─────────────────────────── locals ────────────────────────────╮            │
│ │ coords = None                                                 │            │
│ │   dims = None                                                 │            │
│ │  group = 'posterior'                                          │            │
│ │    obj = <MultiTrace: 2 chains, 1250 iterations, 4 variables> │            │
│ ╰───────────────────────────────────────────────────────────────╯            │
│                                                                              │
│ /mnt/hpc/work/kdruscit/singular-learning-theory/code/python/.venv/lib/python │
│ 3.10/site-packages/arviz/data/converters.py:139 in convert_to_inference_data │
│                                                                              │
│   136 │   │   │   "cmdstan fit csv filename",                                │
│   137 │   │   │   "cmdstanpy fit",                                           │
│   138 │   │   )                                                              │
│ ❱ 139 │   │   raise ValueError(                                              │
│   140 │   │   │   f'Can only convert {", ".join(allowable_types)} to Inferen │
│   141 │   │   │   f"not {obj.__class__.__name__}"                            │
│   142 │   │   )                                                              │
│                                                                              │
│ ╭───────────────────────────────── locals ─────────────────────────────────╮ │
│ │ allowable_types = (                                                      │ │
│ │                   │   'xarray dataarray',                                │ │
│ │                   │   'xarray dataset',                                  │ │
│ │                   │   'dict',                                            │ │
│ │                   │   "pytree (if 'dm-tree' is installed)",              │ │
│ │                   │   'netcdf filename',                                 │ │
│ │                   │   'numpy array',                                     │ │
│ │                   │   'pystan fit',                                      │ │
│ │                   │   'emcee fit',                                       │ │
│ │                   │   'pyro mcmc fit',                                   │ │
│ │                   │   'numpyro mcmc fit',                                │ │
│ │                   │   ... +2                                             │ │
│ │                   )                                                      │ │
│ │          coords = None                                                   │ │
│ │            dims = None                                                   │ │
│ │           group = 'posterior'                                            │ │
│ │          kwargs = {                                                      │ │
│ │                   │   'posterior': <MultiTrace: 2 chains, 1250           │ │
│ │                   iterations, 4 variables>,                              │ │
│ │                   │   'coords': None,                                    │ │
│ │                   │   'dims': None                                       │ │
│ │                   }                                                      │ │
│ │             obj = <MultiTrace: 2 chains, 1250 iterations, 4 variables>   │ │
│ ╰──────────────────────────────────────────────────────────────────────────╯ │
╰──────────────────────────────────────────────────────────────────────────────╯
ValueError: Can only convert xarray dataarray, xarray dataset, dict, pytree (if 
'dm-tree' is installed), netcdf filename, numpy array, pystan fit, emcee fit, 
pyro mcmc fit, numpyro mcmc fit, cmdstan fit csv filename, cmdstanpy fit to 
InferenceData, not MultiTrace
srun: error: hpc-pr3-04: task 3: Exited with exit code 1
╭───────────────────── Traceback (most recent call last) ──────────────────────╮
│ /mnt/hpc/work/kdruscit/singular-learning-theory/code/python/estimation/mixno │
│ rm/ksigma/main.py:92 in rlctx                                                │
│                                                                              │
│    89 │   idata = None                                                       │
│    90 │   with model:                                                        │
│    91 │   │   print(pymc_progressbar)                                        │
│ ❱  92 │   │   idata = pm.sample(draws=pymc_draws,                            │
│    93 │   │   │   │   │   │     tune=pymc_tune,                              │
│    94 │   │   │   │   │   │     chains=pymc_chains,                          │
│    95 │   │   │   │   │   │     cores=pymc_cores,                            │
│                                                                              │
│ ╭───────────────────────────────── locals ─────────────────────────────────╮ │
│ │                     az = <module 'arviz' from                            │ │
│ │                          '/mnt/hpc/work/kdruscit/singular-learning-theo… │ │
│ │                  idata = None                                            │ │
│ │ invtemp_scaling_factor = 1                                               │ │
│ │ mean_prior_cov_scaling = 4.0                                             │ │
│ │     mixture_components = 3                                               │ │
│ │                  model = <pymc.model.core.Model object at                │ │
│ │                          0x7fc7161dd9c0>                                 │ │
│ │                      n = 100                                             │ │
│ │                     np = <module 'numpy' from                            │ │
│ │                          '/mnt/hpc/work/kdruscit/singular-learning-theo… │ │
│ │                pathstr = 'estimation/mixnorm/ksigma/data/observations/n… │ │
│ │                     pm = <module 'pymc' from                             │ │
│ │                          '/mnt/hpc/work/kdruscit/singular-learning-theo… │ │
│ │                     pt = <module 'pytensor' from                         │ │
│ │                          '/mnt/hpc/work/kdruscit/singular-learning-theo… │ │
│ │            pymc_chains = 2                                               │ │
│ │             pymc_cores = 10                                              │ │
│ │             pymc_draws = 1000                                            │ │
│ │       pymc_progressbar = False                                           │ │
│ │              pymc_tune = 1000                                            │ │
│ │              targetdir = '.'                                             │ │
│ │                 x_data = array([ 0.5418459 ,  0.0564247 , -1.50166618,   │ │
│ │                          0.23482283,  0.51874431,                        │ │
│ │                          │   │   0.46099198, -0.33490282,  1.24580097,   │ │
│ │                          -0.55013189, -1.54668546,                       │ │
│ │                          │      -0.76314938,  1.61260858, -1.06255542,   │ │
│ │                          -0.11514613, -0.88456432,                       │ │
│ │                          │   │   1.05967827, -1.00333253,  1.51539862,   │ │
│ │                          0.13981142,  0.34138647,                        │ │
│ │                          │      -1.74609383, -0.01991043, -0.2600681 ,   │ │
│ │                          0.26009384,  0.65216452,                        │ │
│ │                          │   │   0.25723645, -2.71286086,  0.21354227,   │ │
│ │                          -0.62661571, -0.83970704,                       │ │
│ │                          │   │   1.110821  , -0.70688454,  1.15953556,   │ │
│ │                          -0.54798849,  0.39061678,                       │ │
│ │                          │   │   0.23423252,  0.26927806,  0.82810118,   │ │
│ │                          0.77147089,  0.21112086,                        │ │
│ │                          │      -0.46874449,  0.82390541,  0.88348432,   │ │
│ │                          0.29695891,  0.20271367,                        │ │
│ │                          │   │   0.50031774,  0.2039249 ,  1.34086154,   │ │
│ │                          -0.9212274 ,  1.09580553,                       │ │
│ │                          │      -0.17727303, -0.17224081,  1.57957521,   │ │
│ │                          0.30258116,  0.70626166,                        │ │
│ │                          │   │   0.49427457,  0.01955391,  0.74710658,   │ │
│ │                          1.96995004,  0.33375395,                        │ │
│ │                          │      -1.01397341, -1.07910027,  1.25701143,   │ │
│ │                          0.24255672, -1.10963898,                        │ │
│ │                          │   │   1.48861878, -0.5056098 , -1.45928526,   │ │
│ │                          0.66896881,  0.11573986,                        │ │
│ │                          │   │   0.26927449, -0.08296203,  0.76957661,   │ │
│ │                          0.88559302,  0.77064137,                        │ │
│ │                          │      -0.88364126, -0.65935407,  0.73094601,   │ │
│ │                          1.28460333, -0.21424996,                        │ │
│ │                          │      -0.43243754,  1.27567983, -0.86244216,   │ │
│ │                          -0.29486898,  0.22619302,                       │ │
│ │                          │      -1.00865678,  0.81319033, -0.59567051,   │ │
│ │                          -0.19275418, -1.1536697 ,                       │ │
│ │                          │      -0.95220855,  0.21240703,  1.93505729,   │ │
│ │                          0.60235799,  0.81021319,                        │ │
│ │                          │      -0.43218366, -0.42909328, -0.25235026,   │ │
│ │                          0.66392117, -0.05602128])                       │ │
│ ╰──────────────────────────────────────────────────────────────────────────╯ │
│                                                                              │
│ /mnt/hpc/work/kdruscit/singular-learning-theory/code/python/.venv/lib/python │
│ 3.10/site-packages/pymc/sampling/mcmc.py:935 in sample                       │
│                                                                              │
│    932 │   │   _log.info(f"Multiprocess sampling ({chains} chains in {cores} │
│    933 │   │   _print_step_hierarchy(step)                                   │
│    934 │   │   try:                                                          │
│ ❱  935 │   │   │   _mp_sample(**sample_args, **parallel_args)                │
│    936 │   │   except pickle.PickleError:                                    │
│    937 │   │   │   _log.warning("Could not pickle model, sampling singlethre │
│    938 │   │   │   _log.debug("Pickling error:", exc_info=True)              │
│                                                                              │
│ ╭───────────────────────────────── locals ─────────────────────────────────╮ │
│ │                 blas_cores = 10                                          │ │
│ │                   callback = <estimation.mixnorm.ksigma.pymc_tools.Clus… │ │
│ │                              object at 0x7fc70f63e320>                   │ │
│ │                     chains = 2                                           │ │
│ │             compile_kwargs = None                                        │ │
│ │ compute_convergence_checks = True                                        │ │
│ │                      cores = 2                                           │ │
│ │      discard_tuned_samples = True                                        │ │
│ │                      draws = 1000                                        │ │
│ │             exclusive_nuts = True                                        │ │
│ │    has_population_samplers = np.False_                                   │ │
│ │               idata_kwargs = None                                        │ │
│ │                       init = 'auto'                                      │ │
│ │             initial_points = [                                           │ │
│ │                              │   {                                       │ │
│ │                              │   │   'weights_simplex__':                │ │
│ │                              array([-0.00931842,  0.75777806]),          │ │
│ │                              │   │   'mus': array([ 0.47402406,          │ │
│ │                              -0.11488977,  0.1951031 ]),                 │ │
│ │                              │   │   'like': array(0.96387721)           │ │
│ │                              │   },                                      │ │
│ │                              │   {                                       │ │
│ │                              │   │   'weights_simplex__':                │ │
│ │                              array([-0.58718883,  0.0596753 ]),          │ │
│ │                              │   │   'mus': array([ 0.1684744 ,          │ │
│ │                              -0.38013883,  0.16773162]),                 │ │
│ │                              │   │   'like': array(-0.16775588)          │ │
│ │                              │   }                                       │ │
│ │                              ]                                           │ │
│ │                   initvals = None                                        │ │
│ │         jitter_max_retries = 10                                          │ │
│ │          keep_warning_stat = False                                       │ │
│ │                     kwargs = {                                           │ │
│ │                              │   'max_treedepth': 50,                    │ │
│ │                              │   'target_accept': 0.995                  │ │
│ │                              }                                           │ │
│ │                      model = <pymc.model.core.Model object at            │ │
│ │                              0x7fc7161dd9c0>                             │ │
│ │                     mp_ctx = None                                        │ │
│ │                     n_init = 200000                                      │ │
│ │   num_blas_cores_per_chain = 5                                           │ │
│ │                nuts_kwargs = {'target_accept': 0.995}                    │ │
│ │               nuts_sampler = 'pymc'                                      │ │
│ │        nuts_sampler_kwargs = {}                                          │ │
│ │                   parallel = True                                        │ │
│ │              parallel_args = {'mp_ctx': None, 'blas_cores': 5}           │ │
│ │              progress_bool = False                                       │ │
│ │                progressbar = False                                       │ │
│ │          progressbar_theme = None                                        │ │
│ │             provided_steps = []                                          │ │
│ │                random_seed = None                                        │ │
│ │           random_seed_list = [np.int64(538066001), np.int64(923538328)]  │ │
│ │       return_inferencedata = True                                        │ │
│ │                       rngs = [                                           │ │
│ │                              │   Generator(PCG64) at 0x7FC70F79E420,     │ │
│ │                              │   Generator(PCG64) at 0x7FC70F79E340      │ │
│ │                              ]                                           │ │
│ │                        run = None                                        │ │
│ │                sample_args = {                                           │ │
│ │                              │   'draws': 2000,                          │ │
│ │                              │   'step':                                 │ │
│ │                              <pymc.step_methods.hmc.nuts.NUTS object at  │ │
│ │                              0x7fc703557610>,                            │ │
│ │                              │   'start': [                              │ │
│ │                              │   │   {                                   │ │
│ │                              │   │   │   'weights_simplex__':            │ │
│ │                              array([-0.00931842,  0.75777806]),          │ │
│ │                              │   │   │   'mus': array([ 0.47402406,      │ │
│ │                              -0.11488977,  0.1951031 ]),                 │ │
│ │                              │   │   │   'like': array(0.96387721)       │ │
│ │                              │   │   },                                  │ │
│ │                              │   │   {                                   │ │
│ │                              │   │   │   'weights_simplex__':            │ │
│ │                              array([-0.58718883,  0.0596753 ]),          │ │
│ │                              │   │   │   'mus': array([ 0.1684744 ,      │ │
│ │                              -0.38013883,  0.16773162]),                 │ │
│ │                              │   │   │   'like': array(-0.16775588)      │ │
│ │                              │   │   }                                   │ │
│ │                              │   ],                                      │ │
│ │                              │   'traces': [                             │ │
│ │                              │   │   <pymc.backends.ndarray.NDArray      │ │
│ │                              object at 0x7fc70eaa8e50>,                  │ │
│ │                              │   │   <pymc.backends.ndarray.NDArray      │ │
│ │                              object at 0x7fc703556b90>                   │ │
│ │                              │   ],                                      │ │
│ │                              │   'chains': 2,                            │ │
│ │                              │   'tune': 1000,                           │ │
│ │                              │   'var_names': None,                      │ │
│ │                              │   'progressbar': False,                   │ │
│ │                              │   'progressbar_theme': None,              │ │
│ │                              │   'model': <pymc.model.core.Model object  │ │
│ │                              at 0x7fc7161dd9c0>,                         │ │
│ │                              │   ... +6                                  │ │
│ │                              }                                           │ │
│ │             selected_steps = {                                           │ │
│ │                              │   <class                                  │ │
│ │                              'pymc.step_methods.hmc.nuts.NUTS'>: [       │ │
│ │                              │   │   weights_simplex__,                  │ │
│ │                              │   │   mus,                                │ │
│ │                              │   │   like                                │ │
│ │                              │   ]                                       │ │
│ │                              }                                           │ │
│ │                       step = <pymc.step_methods.hmc.nuts.NUTS object at  │ │
│ │                              0x7fc703557610>                             │ │
│ │                    t_start = 1752861506.9512079                          │ │
│ │                      trace = None                                        │ │
│ │                 trace_vars = None                                        │ │
│ │                     traces = [                                           │ │
│ │                              │   <pymc.backends.ndarray.NDArray object   │ │
│ │                              at 0x7fc70eaa8e50>,                         │ │
│ │                              │   <pymc.backends.ndarray.NDArray object   │ │
│ │                              at 0x7fc703556b90>                          │ │
│ │                              ]                                           │ │
│ │                       tune = 1000                                        │ │
│ │                  var_names = None                                        │ │
│ ╰──────────────────────────────────────────────────────────────────────────╯ │
│                                                                              │
│ /mnt/hpc/work/kdruscit/singular-learning-theory/code/python/.venv/lib/python │
│ 3.10/site-packages/pymc/sampling/mcmc.py:1419 in _mp_sample                  │
│                                                                              │
│   1416 │   │   │   │   │   log_warning_stats(draw.stats)                     │
│   1417 │   │   │   │   │                                                     │
│   1418 │   │   │   │   │   if callback is not None:                          │
│ ❱ 1419 │   │   │   │   │   │   callback(trace=strace, draw=draw)             │
│   1420 │   │                                                                 │
│   1421 │   │   except ps.ParallelSamplingError as error:                     │
│   1422 │   │   │   for strace in traces:                                     │
│                                                                              │
│ ╭───────────────────────────────── locals ─────────────────────────────────╮ │
│ │        blas_cores = 5                                                    │ │
│ │          callback = <estimation.mixnorm.ksigma.pymc_tools.ClusterFriend… │ │
│ │                     object at 0x7fc70f63e320>                            │ │
│ │            chains = 2                                                    │ │
│ │             cores = 2                                                    │ │
│ │              draw = Draw(                                                │ │
│ │                     │   chain=1,                                         │ │
│ │                     │   is_last=False,                                   │ │
│ │                     │   draw_idx=1249,                                   │ │
│ │                     │   tuning=False,                                    │ │
│ │                     │   stats=[                                          │ │
│ │                     │   │   {                                            │ │
│ │                     │   │   │   'tune': False,                           │ │
│ │                     │   │   │   'diverging': False,                      │ │
│ │                     │   │   │   'perf_counter_diff':                     │ │
│ │                     0.003511984134092927,                                │ │
│ │                     │   │   │   'process_time_diff':                     │ │
│ │                     0.003512391000001003,                                │ │
│ │                     │   │   │   'perf_counter_start': 1994738.770139189, │ │
│ │                     │   │   │   'warning': None,                         │ │
│ │                     │   │   │   'depth': 4,                              │ │
│ │                     │   │   │   'mean_tree_accept':                      │ │
│ │                     np.float64(0.9999652996912133),                      │ │
│ │                     │   │   │   'energy_error':                          │ │
│ │                     np.float64(-0.0002687918716972604),                  │ │
│ │                     │   │   │   'energy': np.float64(43.15390946909726), │ │
│ │                     │   │   │   ... +9                                   │ │
│ │                     │   │   }                                            │ │
│ │                     │   ],                                               │ │
│ │                     │   point={                                          │ │
│ │                     │   │   'weights_simplex__': array([  4.44143076,    │ │
│ │                     -14.43560554]),                                      │ │
│ │                     │   │   'mus': array([ 1.91242912, -0.90934691,      │ │
│ │                     0.24321488]),                                        │ │
│ │                     │   │   'like': array(1.30006378)                    │ │
│ │                     │   }                                                │ │
│ │                     )                                                    │ │
│ │             draws = 1000                                                 │ │
│ │            kwargs = {                                                    │ │
│ │                     │   'var_names': None,                               │ │
│ │                     │   'discard_tuned_samples': True,                   │ │
│ │                     │   'max_treedepth': 50,                             │ │
│ │                     │   'target_accept': 0.995                           │ │
│ │                     }                                                    │ │
│ │             model = <pymc.model.core.Model object at 0x7fc7161dd9c0>     │ │
│ │            mp_ctx = None                                                 │ │
│ │       progressbar = False                                                │ │
│ │ progressbar_theme = None                                                 │ │
│ │                ps = <module 'pymc.sampling.parallel' from                │ │
│ │                     '/mnt/hpc/work/kdruscit/singular-learning-theory/co… │ │
│ │              rngs = [                                                    │ │
│ │                     │   Generator(PCG64) at 0x7FC70F79E420,              │ │
│ │                     │   Generator(PCG64) at 0x7FC70F79E340               │ │
│ │                     ]                                                    │ │
│ │           sampler = <pymc.sampling.parallel.ParallelSampler object at    │ │
│ │                     0x7fc70eb64a00>                                      │ │
│ │             start = [                                                    │ │
│ │                     │   {                                                │ │
│ │                     │   │   'weights_simplex__': array([-0.00931842,     │ │
│ │                     0.75777806]),                                        │ │
│ │                     │   │   'mus': array([ 0.47402406, -0.11488977,      │ │
│ │                     0.1951031 ]),                                        │ │
│ │                     │   │   'like': array(0.96387721)                    │ │
│ │                     │   },                                               │ │
│ │                     │   {                                                │ │
│ │                     │   │   'weights_simplex__': array([-0.58718883,     │ │
│ │                     0.0596753 ]),                                        │ │
│ │                     │   │   'mus': array([ 0.1684744 , -0.38013883,      │ │
│ │                     0.16773162]),                                        │ │
│ │                     │   │   'like': array(-0.16775588)                   │ │
│ │                     │   }                                                │ │
│ │                     ]                                                    │ │
│ │              step = <pymc.step_methods.hmc.nuts.NUTS object at           │ │
│ │                     0x7fc703557610>                                      │ │
│ │            strace = <pymc.backends.ndarray.NDArray object at             │ │
│ │                     0x7fc703556b90>                                      │ │
│ │            traces = [                                                    │ │
│ │                     │   <pymc.backends.ndarray.NDArray object at         │ │
│ │                     0x7fc70eaa8e50>,                                     │ │
│ │                     │   <pymc.backends.ndarray.NDArray object at         │ │
│ │                     0x7fc703556b90>                                      │ │
│ │                     ]                                                    │ │
│ │              tune = 1000                                                 │ │
│ │       zarr_chains = None                                                 │ │
│ │    zarr_recording = False                                                │ │
│ ╰──────────────────────────────────────────────────────────────────────────╯ │
│                                                                              │
│ /mnt/hpc/work/kdruscit/singular-learning-theory/code/python/estimation/mixno │
│ rm/ksigma/pymc_tools.py:45 in __call__                                       │
│                                                                              │
│   42 │   │   │   # print(trace.report)                                       │
│   43 │   │   │                                                               │
│   44 │   │   │   multitrace = MultiTrace(list(self.traces.values()))         │
│ ❱ 45 │   │   │   if rhat(multitrace).to_array().max() < self.max_rhat:       │
│   46 │   │   │   │   raise KeyboardInterrupt                                 │
│   47                                                                         │
│   48                                                                         │
│                                                                              │
│ ╭───────────────────────────────── locals ─────────────────────────────────╮ │
│ │   chain_id = 1                                                           │ │
│ │       draw = Draw(                                                       │ │
│ │              │   chain=1,                                                │ │
│ │              │   is_last=False,                                          │ │
│ │              │   draw_idx=1249,                                          │ │
│ │              │   tuning=False,                                           │ │
│ │              │   stats=[                                                 │ │
│ │              │   │   {                                                   │ │
│ │              │   │   │   'tune': False,                                  │ │
│ │              │   │   │   'diverging': False,                             │ │
│ │              │   │   │   'perf_counter_diff': 0.003511984134092927,      │ │
│ │              │   │   │   'process_time_diff': 0.003512391000001003,      │ │
│ │              │   │   │   'perf_counter_start': 1994738.770139189,        │ │
│ │              │   │   │   'warning': None,                                │ │
│ │              │   │   │   'depth': 4,                                     │ │
│ │              │   │   │   'mean_tree_accept':                             │ │
│ │              np.float64(0.9999652996912133),                             │ │
│ │              │   │   │   'energy_error':                                 │ │
│ │              np.float64(-0.0002687918716972604),                         │ │
│ │              │   │   │   'energy': np.float64(43.15390946909726),        │ │
│ │              │   │   │   ... +9                                          │ │
│ │              │   │   }                                                   │ │
│ │              │   ],                                                      │ │
│ │              │   point={                                                 │ │
│ │              │   │   'weights_simplex__': array([  4.44143076,           │ │
│ │              -14.43560554]),                                             │ │
│ │              │   │   'mus': array([ 1.91242912, -0.90934691,             │ │
│ │              0.24321488]),                                               │ │
│ │              │   │   'like': array(1.30006378)                           │ │
│ │              │   }                                                       │ │
│ │              )                                                           │ │
│ │ multitrace = <MultiTrace: 2 chains, 1250 iterations, 4 variables>        │ │
│ │ perf_diffs = array([0.07604298, 0.00108806, 0.11876367, ..., 0.        , │ │
│ │              0.        ,                                                 │ │
│ │              │      0.        ], shape=(2000,))                          │ │
│ │       self = <estimation.mixnorm.ksigma.pymc_tools.ClusterFriendlyCallb… │ │
│ │              object at 0x7fc70f63e320>                                   │ │
│ │ total_time = np.float64(24.01423377287574)                               │ │
│ │      trace = <pymc.backends.ndarray.NDArray object at 0x7fc703556b90>    │ │
│ ╰──────────────────────────────────────────────────────────────────────────╯ │
│                                                                              │
│ /mnt/hpc/work/kdruscit/singular-learning-theory/code/python/.venv/lib/python │
│ 3.10/site-packages/arviz/stats/diagnostics.py:334 in rhat                    │
│                                                                              │
│    331 │   │   )                                                             │
│    332 │   │   raise TypeError(msg)                                          │
│    333 │                                                                     │
│ ❱  334 │   dataset = convert_to_dataset(data, group="posterior")             │
│    335 │   var_names = _var_names(var_names, dataset)                        │
│    336 │                                                                     │
│    337 │   dataset = dataset if var_names is None else dataset[var_names]    │
│                                                                              │
│ ╭───────────────────────────────── locals ─────────────────────────────────╮ │
│ │ dask_kwargs = None                                                       │ │
│ │        data = <MultiTrace: 2 chains, 1250 iterations, 4 variables>       │ │
│ │      method = 'rank'                                                     │ │
│ │     methods = {                                                          │ │
│ │               │   'rank': <function _rhat_rank at 0x7fc71032dea0>,       │ │
│ │               │   'split': <function _rhat_split at 0x7fc71032e050>,     │ │
│ │               │   'folded': <function _rhat_folded at 0x7fc71032df30>,   │ │
│ │               │   'z_scale': <function _rhat_z_scale at 0x7fc71032dfc0>, │ │
│ │               │   'identity': <function _rhat_identity at                │ │
│ │               0x7fc71032e0e0>                                            │ │
│ │               }                                                          │ │
│ │   var_names = None                                                       │ │
│ ╰──────────────────────────────────────────────────────────────────────────╯ │
│                                                                              │
│ /mnt/hpc/work/kdruscit/singular-learning-theory/code/python/.venv/lib/python │
│ 3.10/site-packages/arviz/data/converters.py:185 in convert_to_dataset        │
│                                                                              │
│   182 │   -------                                                            │
│   183 │   xarray.Dataset                                                     │
│   184 │   """                                                                │
│ ❱ 185 │   inference_data = convert_to_inference_data(obj, group=group, coord │
│   186 │   dataset = getattr(inference_data, group, None)                     │
│   187 │   if dataset is None:                                                │
│   188 │   │   raise ValueError(                                              │
│                                                                              │
│ ╭─────────────────────────── locals ────────────────────────────╮            │
│ │ coords = None                                                 │            │
│ │   dims = None                                                 │            │
│ │  group = 'posterior'                                          │            │
│ │    obj = <MultiTrace: 2 chains, 1250 iterations, 4 variables> │            │
│ ╰───────────────────────────────────────────────────────────────╯            │
│                                                                              │
│ /mnt/hpc/work/kdruscit/singular-learning-theory/code/python/.venv/lib/python │
│ 3.10/site-packages/arviz/data/converters.py:139 in convert_to_inference_data │
│                                                                              │
│   136 │   │   │   "cmdstan fit csv filename",                                │
│   137 │   │   │   "cmdstanpy fit",                                           │
│   138 │   │   )                                                              │
│ ❱ 139 │   │   raise ValueError(                                              │
│   140 │   │   │   f'Can only convert {", ".join(allowable_types)} to Inferen │
│   141 │   │   │   f"not {obj.__class__.__name__}"                            │
│   142 │   │   )                                                              │
│                                                                              │
│ ╭───────────────────────────────── locals ─────────────────────────────────╮ │
│ │ allowable_types = (                                                      │ │
│ │                   │   'xarray dataarray',                                │ │
│ │                   │   'xarray dataset',                                  │ │
│ │                   │   'dict',                                            │ │
│ │                   │   "pytree (if 'dm-tree' is installed)",              │ │
│ │                   │   'netcdf filename',                                 │ │
│ │                   │   'numpy array',                                     │ │
│ │                   │   'pystan fit',                                      │ │
│ │                   │   'emcee fit',                                       │ │
│ │                   │   'pyro mcmc fit',                                   │ │
│ │                   │   'numpyro mcmc fit',                                │ │
│ │                   │   ... +2                                             │ │
│ │                   )                                                      │ │
│ │          coords = None                                                   │ │
│ │            dims = None                                                   │ │
│ │           group = 'posterior'                                            │ │
│ │          kwargs = {                                                      │ │
│ │                   │   'posterior': <MultiTrace: 2 chains, 1250           │ │
│ │                   iterations, 4 variables>,                              │ │
│ │                   │   'coords': None,                                    │ │
│ │                   │   'dims': None                                       │ │
│ │                   }                                                      │ │
│ │             obj = <MultiTrace: 2 chains, 1250 iterations, 4 variables>   │ │
│ ╰──────────────────────────────────────────────────────────────────────────╯ │
╰──────────────────────────────────────────────────────────────────────────────╯
ValueError: Can only convert xarray dataarray, xarray dataset, dict, pytree (if 
'dm-tree' is installed), netcdf filename, numpy array, pystan fit, emcee fit, 
pyro mcmc fit, numpyro mcmc fit, cmdstan fit csv filename, cmdstanpy fit to 
InferenceData, not MultiTrace
╭───────────────────── Traceback (most recent call last) ──────────────────────╮
│ /mnt/hpc/work/kdruscit/singular-learning-theory/code/python/estimation/mixno │
│ rm/ksigma/main.py:92 in rlctx                                                │
│                                                                              │
│    89 │   idata = None                                                       │
│    90 │   with model:                                                        │
│    91 │   │   print(pymc_progressbar)                                        │
│ ❱  92 │   │   idata = pm.sample(draws=pymc_draws,                            │
│    93 │   │   │   │   │   │     tune=pymc_tune,                              │
│    94 │   │   │   │   │   │     chains=pymc_chains,                          │
│    95 │   │   │   │   │   │     cores=pymc_cores,                            │
│                                                                              │
│ ╭───────────────────────────────── locals ─────────────────────────────────╮ │
│ │                     az = <module 'arviz' from                            │ │
│ │                          '/mnt/hpc/work/kdruscit/singular-learning-theo… │ │
│ │                  idata = None                                            │ │
│ │ invtemp_scaling_factor = 1                                               │ │
│ │ mean_prior_cov_scaling = 4.0                                             │ │
│ │     mixture_components = 3                                               │ │
│ │                  model = <pymc.model.core.Model object at                │ │
│ │                          0x7fa1496419c0>                                 │ │
│ │                      n = 100                                             │ │
│ │                     np = <module 'numpy' from                            │ │
│ │                          '/mnt/hpc/work/kdruscit/singular-learning-theo… │ │
│ │                pathstr = 'estimation/mixnorm/ksigma/data/observations/n… │ │
│ │                     pm = <module 'pymc' from                             │ │
│ │                          '/mnt/hpc/work/kdruscit/singular-learning-theo… │ │
│ │                     pt = <module 'pytensor' from                         │ │
│ │                          '/mnt/hpc/work/kdruscit/singular-learning-theo… │ │
│ │            pymc_chains = 2                                               │ │
│ │             pymc_cores = 10                                              │ │
│ │             pymc_draws = 1000                                            │ │
│ │       pymc_progressbar = False                                           │ │
│ │              pymc_tune = 1000                                            │ │
│ │              targetdir = '.'                                             │ │
│ │                 x_data = array([ 0.5418459 ,  0.0564247 , -1.50166618,   │ │
│ │                          0.23482283,  0.51874431,                        │ │
│ │                          │   │   0.46099198, -0.33490282,  1.24580097,   │ │
│ │                          -0.55013189, -1.54668546,                       │ │
│ │                          │      -0.76314938,  1.61260858, -1.06255542,   │ │
│ │                          -0.11514613, -0.88456432,                       │ │
│ │                          │   │   1.05967827, -1.00333253,  1.51539862,   │ │
│ │                          0.13981142,  0.34138647,                        │ │
│ │                          │      -1.74609383, -0.01991043, -0.2600681 ,   │ │
│ │                          0.26009384,  0.65216452,                        │ │
│ │                          │   │   0.25723645, -2.71286086,  0.21354227,   │ │
│ │                          -0.62661571, -0.83970704,                       │ │
│ │                          │   │   1.110821  , -0.70688454,  1.15953556,   │ │
│ │                          -0.54798849,  0.39061678,                       │ │
│ │                          │   │   0.23423252,  0.26927806,  0.82810118,   │ │
│ │                          0.77147089,  0.21112086,                        │ │
│ │                          │      -0.46874449,  0.82390541,  0.88348432,   │ │
│ │                          0.29695891,  0.20271367,                        │ │
│ │                          │   │   0.50031774,  0.2039249 ,  1.34086154,   │ │
│ │                          -0.9212274 ,  1.09580553,                       │ │
│ │                          │      -0.17727303, -0.17224081,  1.57957521,   │ │
│ │                          0.30258116,  0.70626166,                        │ │
│ │                          │   │   0.49427457,  0.01955391,  0.74710658,   │ │
│ │                          1.96995004,  0.33375395,                        │ │
│ │                          │      -1.01397341, -1.07910027,  1.25701143,   │ │
│ │                          0.24255672, -1.10963898,                        │ │
│ │                          │   │   1.48861878, -0.5056098 , -1.45928526,   │ │
│ │                          0.66896881,  0.11573986,                        │ │
│ │                          │   │   0.26927449, -0.08296203,  0.76957661,   │ │
│ │                          0.88559302,  0.77064137,                        │ │
│ │                          │      -0.88364126, -0.65935407,  0.73094601,   │ │
│ │                          1.28460333, -0.21424996,                        │ │
│ │                          │      -0.43243754,  1.27567983, -0.86244216,   │ │
│ │                          -0.29486898,  0.22619302,                       │ │
│ │                          │      -1.00865678,  0.81319033, -0.59567051,   │ │
│ │                          -0.19275418, -1.1536697 ,                       │ │
│ │                          │      -0.95220855,  0.21240703,  1.93505729,   │ │
│ │                          0.60235799,  0.81021319,                        │ │
│ │                          │      -0.43218366, -0.42909328, -0.25235026,   │ │
│ │                          0.66392117, -0.05602128])                       │ │
│ ╰──────────────────────────────────────────────────────────────────────────╯ │
│                                                                              │
│ /mnt/hpc/work/kdruscit/singular-learning-theory/code/python/.venv/lib/python │
│ 3.10/site-packages/pymc/sampling/mcmc.py:935 in sample                       │
│                                                                              │
│    932 │   │   _log.info(f"Multiprocess sampling ({chains} chains in {cores} │
│    933 │   │   _print_step_hierarchy(step)                                   │
│    934 │   │   try:                                                          │
│ ❱  935 │   │   │   _mp_sample(**sample_args, **parallel_args)                │
│    936 │   │   except pickle.PickleError:                                    │
│    937 │   │   │   _log.warning("Could not pickle model, sampling singlethre │
│    938 │   │   │   _log.debug("Pickling error:", exc_info=True)              │
│                                                                              │
│ ╭───────────────────────────────── locals ─────────────────────────────────╮ │
│ │                 blas_cores = 10                                          │ │
│ │                   callback = <estimation.mixnorm.ksigma.pymc_tools.Clus… │ │
│ │                              object at 0x7fa142ab2320>                   │ │
│ │                     chains = 2                                           │ │
│ │             compile_kwargs = None                                        │ │
│ │ compute_convergence_checks = True                                        │ │
│ │                      cores = 2                                           │ │
│ │      discard_tuned_samples = True                                        │ │
│ │                      draws = 1000                                        │ │
│ │             exclusive_nuts = True                                        │ │
│ │    has_population_samplers = np.False_                                   │ │
│ │               idata_kwargs = None                                        │ │
│ │                       init = 'auto'                                      │ │
│ │             initial_points = [                                           │ │
│ │                              │   {                                       │ │
│ │                              │   │   'weights_simplex__':                │ │
│ │                              array([-0.43976842, -0.89927276]),          │ │
│ │                              │   │   'mus': array([-0.80627457,          │ │
│ │                              0.83839856, -0.32785568]),                  │ │
│ │                              │   │   'like': array(0.51159885)           │ │
│ │                              │   },                                      │ │
│ │                              │   {                                       │ │
│ │                              │   │   'weights_simplex__':                │ │
│ │                              array([0.68376599, 0.07575136]),            │ │
│ │                              │   │   'mus': array([ 0.4331218 ,          │ │
│ │                              -0.21624596, -0.13532823]),                 │ │
│ │                              │   │   'like': array(-0.62887663)          │ │
│ │                              │   }                                       │ │
│ │                              ]                                           │ │
│ │                   initvals = None                                        │ │
│ │         jitter_max_retries = 10                                          │ │
│ │          keep_warning_stat = False                                       │ │
│ │                     kwargs = {                                           │ │
│ │                              │   'max_treedepth': 50,                    │ │
│ │                              │   'target_accept': 0.995                  │ │
│ │                              }                                           │ │
│ │                      model = <pymc.model.core.Model object at            │ │
│ │                              0x7fa1496419c0>                             │ │
│ │                     mp_ctx = None                                        │ │
│ │                     n_init = 200000                                      │ │
│ │   num_blas_cores_per_chain = 5                                           │ │
│ │                nuts_kwargs = {'target_accept': 0.995}                    │ │
│ │               nuts_sampler = 'pymc'                                      │ │
│ │        nuts_sampler_kwargs = {}                                          │ │
│ │                   parallel = True                                        │ │
│ │              parallel_args = {'mp_ctx': None, 'blas_cores': 5}           │ │
│ │              progress_bool = False                                       │ │
│ │                progressbar = False                                       │ │
│ │          progressbar_theme = None                                        │ │
│ │             provided_steps = []                                          │ │
│ │                random_seed = None                                        │ │
│ │           random_seed_list = [np.int64(94003402), np.int64(30296297)]    │ │
│ │       return_inferencedata = True                                        │ │
│ │                       rngs = [                                           │ │
│ │                              │   Generator(PCG64) at 0x7FA14958A420,     │ │
│ │                              │   Generator(PCG64) at 0x7FA14958A340      │ │
│ │                              ]                                           │ │
│ │                        run = None                                        │ │
│ │                sample_args = {                                           │ │
│ │                              │   'draws': 2000,                          │ │
│ │                              │   'step':                                 │ │
│ │                              <pymc.step_methods.hmc.nuts.NUTS object at  │ │
│ │                              0x7fa136dac340>,                            │ │
│ │                              │   'start': [                              │ │
│ │                              │   │   {                                   │ │
│ │                              │   │   │   'weights_simplex__':            │ │
│ │                              array([-0.43976842, -0.89927276]),          │ │
│ │                              │   │   │   'mus': array([-0.80627457,      │ │
│ │                              0.83839856, -0.32785568]),                  │ │
│ │                              │   │   │   'like': array(0.51159885)       │ │
│ │                              │   │   },                                  │ │
│ │                              │   │   {                                   │ │
│ │                              │   │   │   'weights_simplex__':            │ │
│ │                              array([0.68376599, 0.07575136]),            │ │
│ │                              │   │   │   'mus': array([ 0.4331218 ,      │ │
│ │                              -0.21624596, -0.13532823]),                 │ │
│ │                              │   │   │   'like': array(-0.62887663)      │ │
│ │                              │   │   }                                   │ │
│ │                              │   ],                                      │ │
│ │                              │   'traces': [                             │ │
│ │                              │   │   <pymc.backends.ndarray.NDArray      │ │
│ │                              object at 0x7fa141a99b10>,                  │ │
│ │                              │   │   <pymc.backends.ndarray.NDArray      │ │
│ │                              object at 0x7fa141a9a260>                   │ │
│ │                              │   ],                                      │ │
│ │                              │   'chains': 2,                            │ │
│ │                              │   'tune': 1000,                           │ │
│ │                              │   'var_names': None,                      │ │
│ │                              │   'progressbar': False,                   │ │
│ │                              │   'progressbar_theme': None,              │ │
│ │                              │   'model': <pymc.model.core.Model object  │ │
│ │                              at 0x7fa1496419c0>,                         │ │
│ │                              │   ... +6                                  │ │
│ │                              }                                           │ │
│ │             selected_steps = {                                           │ │
│ │                              │   <class                                  │ │
│ │                              'pymc.step_methods.hmc.nuts.NUTS'>: [       │ │
│ │                              │   │   weights_simplex__,                  │ │
│ │                              │   │   mus,                                │ │
│ │                              │   │   like                                │ │
│ │                              │   ]                                       │ │
│ │                              }                                           │ │
│ │                       step = <pymc.step_methods.hmc.nuts.NUTS object at  │ │
│ │                              0x7fa136dac340>                             │ │
│ │                    t_start = 1752861507.589843                           │ │
│ │                      trace = None                                        │ │
│ │                 trace_vars = None                                        │ │
│ │                     traces = [                                           │ │
│ │                              │   <pymc.backends.ndarray.NDArray object   │ │
│ │                              at 0x7fa141a99b10>,                         │ │
│ │                              │   <pymc.backends.ndarray.NDArray object   │ │
│ │                              at 0x7fa141a9a260>                          │ │
│ │                              ]                                           │ │
│ │                       tune = 1000                                        │ │
│ │                  var_names = None                                        │ │
│ ╰──────────────────────────────────────────────────────────────────────────╯ │
│                                                                              │
│ /mnt/hpc/work/kdruscit/singular-learning-theory/code/python/.venv/lib/python │
│ 3.10/site-packages/pymc/sampling/mcmc.py:1419 in _mp_sample                  │
│                                                                              │
│   1416 │   │   │   │   │   log_warning_stats(draw.stats)                     │
│   1417 │   │   │   │   │                                                     │
│   1418 │   │   │   │   │   if callback is not None:                          │
│ ❱ 1419 │   │   │   │   │   │   callback(trace=strace, draw=draw)             │
│   1420 │   │                                                                 │
│   1421 │   │   except ps.ParallelSamplingError as error:                     │
│   1422 │   │   │   for strace in traces:                                     │
│                                                                              │
│ ╭───────────────────────────────── locals ─────────────────────────────────╮ │
│ │        blas_cores = 5                                                    │ │
│ │          callback = <estimation.mixnorm.ksigma.pymc_tools.ClusterFriend… │ │
│ │                     object at 0x7fa142ab2320>                            │ │
│ │            chains = 2                                                    │ │
│ │             cores = 2                                                    │ │
│ │              draw = Draw(                                                │ │
│ │                     │   chain=0,                                         │ │
│ │                     │   is_last=False,                                   │ │
│ │                     │   draw_idx=1249,                                   │ │
│ │                     │   tuning=False,                                    │ │
│ │                     │   stats=[                                          │ │
│ │                     │   │   {                                            │ │
│ │                     │   │   │   'tune': False,                           │ │
│ │                     │   │   │   'diverging': False,                      │ │
│ │                     │   │   │   'perf_counter_diff':                     │ │
│ │                     0.013589661102741957,                                │ │
│ │                     │   │   │   'process_time_diff':                     │ │
│ │                     0.013589873000000807,                                │ │
│ │                     │   │   │   'perf_counter_start': 1994741.730338434, │ │
│ │                     │   │   │   'warning': None,                         │ │
│ │                     │   │   │   'depth': 6,                              │ │
│ │                     │   │   │   'mean_tree_accept':                      │ │
│ │                     np.float64(0.9983126082868571),                      │ │
│ │                     │   │   │   'energy_error':                          │ │
│ │                     np.float64(-0.02198551638856827),                    │ │
│ │                     │   │   │   'energy': np.float64(44.06764959164218), │ │
│ │                     │   │   │   ... +9                                   │ │
│ │                     │   │   }                                            │ │
│ │                     │   ],                                               │ │
│ │                     │   point={                                          │ │
│ │                     │   │   'weights_simplex__': array([1.34656635,      │ │
│ │                     0.69926481]),                                        │ │
│ │                     │   │   'mus': array([ 0.27775368, -0.2588207 ,      │ │
│ │                     -1.30437285]),                                       │ │
│ │                     │   │   'like': array(1.05042823)                    │ │
│ │                     │   }                                                │ │
│ │                     )                                                    │ │
│ │             draws = 1000                                                 │ │
│ │            kwargs = {                                                    │ │
│ │                     │   'var_names': None,                               │ │
│ │                     │   'discard_tuned_samples': True,                   │ │
│ │                     │   'max_treedepth': 50,                             │ │
│ │                     │   'target_accept': 0.995                           │ │
│ │                     }                                                    │ │
│ │             model = <pymc.model.core.Model object at 0x7fa1496419c0>     │ │
│ │            mp_ctx = None                                                 │ │
│ │       progressbar = False                                                │ │
│ │ progressbar_theme = None                                                 │ │
│ │                ps = <module 'pymc.sampling.parallel' from                │ │
│ │                     '/mnt/hpc/work/kdruscit/singular-learning-theory/co… │ │
│ │              rngs = [                                                    │ │
│ │                     │   Generator(PCG64) at 0x7FA14958A420,              │ │
│ │                     │   Generator(PCG64) at 0x7FA14958A340               │ │
│ │                     ]                                                    │ │
│ │           sampler = <pymc.sampling.parallel.ParallelSampler object at    │ │
│ │                     0x7fa136daf6a0>                                      │ │
│ │             start = [                                                    │ │
│ │                     │   {                                                │ │
│ │                     │   │   'weights_simplex__': array([-0.43976842,     │ │
│ │                     -0.89927276]),                                       │ │
│ │                     │   │   'mus': array([-0.80627457,  0.83839856,      │ │
│ │                     -0.32785568]),                                       │ │
│ │                     │   │   'like': array(0.51159885)                    │ │
│ │                     │   },                                               │ │
│ │                     │   {                                                │ │
│ │                     │   │   'weights_simplex__': array([0.68376599,      │ │
│ │                     0.07575136]),                                        │ │
│ │                     │   │   'mus': array([ 0.4331218 , -0.21624596,      │ │
│ │                     -0.13532823]),                                       │ │
│ │                     │   │   'like': array(-0.62887663)                   │ │
│ │                     │   }                                                │ │
│ │                     ]                                                    │ │
│ │              step = <pymc.step_methods.hmc.nuts.NUTS object at           │ │
│ │                     0x7fa136dac340>                                      │ │
│ │            strace = <pymc.backends.ndarray.NDArray object at             │ │
│ │                     0x7fa141a9a260>                                      │ │
│ │            traces = [                                                    │ │
│ │                     │   <pymc.backends.ndarray.NDArray object at         │ │
│ │                     0x7fa141a99b10>,                                     │ │
│ │                     │   <pymc.backends.ndarray.NDArray object at         │ │
│ │                     0x7fa141a9a260>                                      │ │
│ │                     ]                                                    │ │
│ │              tune = 1000                                                 │ │
│ │       zarr_chains = None                                                 │ │
│ │    zarr_recording = False                                                │ │
│ ╰──────────────────────────────────────────────────────────────────────────╯ │
│                                                                              │
│ /mnt/hpc/work/kdruscit/singular-learning-theory/code/python/estimation/mixno │
│ rm/ksigma/pymc_tools.py:45 in __call__                                       │
│                                                                              │
│   42 │   │   │   # print(trace.report)                                       │
│   43 │   │   │                                                               │
│   44 │   │   │   multitrace = MultiTrace(list(self.traces.values()))         │
│ ❱ 45 │   │   │   if rhat(multitrace).to_array().max() < self.max_rhat:       │
│   46 │   │   │   │   raise KeyboardInterrupt                                 │
│   47                                                                         │
│   48                                                                         │
│                                                                              │
│ ╭───────────────────────────────── locals ─────────────────────────────────╮ │
│ │   chain_id = 0                                                           │ │
│ │       draw = Draw(                                                       │ │
│ │              │   chain=0,                                                │ │
│ │              │   is_last=False,                                          │ │
│ │              │   draw_idx=1249,                                          │ │
│ │              │   tuning=False,                                           │ │
│ │              │   stats=[                                                 │ │
│ │              │   │   {                                                   │ │
│ │              │   │   │   'tune': False,                                  │ │
│ │              │   │   │   'diverging': False,                             │ │
│ │              │   │   │   'perf_counter_diff': 0.013589661102741957,      │ │
│ │              │   │   │   'process_time_diff': 0.013589873000000807,      │ │
│ │              │   │   │   'perf_counter_start': 1994741.730338434,        │ │
│ │              │   │   │   'warning': None,                                │ │
│ │              │   │   │   'depth': 6,                                     │ │
│ │              │   │   │   'mean_tree_accept':                             │ │
│ │              np.float64(0.9983126082868571),                             │ │
│ │              │   │   │   'energy_error':                                 │ │
│ │              np.float64(-0.02198551638856827),                           │ │
│ │              │   │   │   'energy': np.float64(44.06764959164218),        │ │
│ │              │   │   │   ... +9                                          │ │
│ │              │   │   }                                                   │ │
│ │              │   ],                                                      │ │
│ │              │   point={                                                 │ │
│ │              │   │   'weights_simplex__': array([1.34656635,             │ │
│ │              0.69926481]),                                               │ │
│ │              │   │   'mus': array([ 0.27775368, -0.2588207 ,             │ │
│ │              -1.30437285]),                                              │ │
│ │              │   │   'like': array(1.05042823)                           │ │
│ │              │   }                                                       │ │
│ │              )                                                           │ │
│ │ multitrace = <MultiTrace: 2 chains, 1133 iterations, 4 variables>        │ │
│ │ perf_diffs = array([0.05359586, 0.00063131, 0.15892221, ..., 0.        , │ │
│ │              0.        ,                                                 │ │
│ │              │      0.        ], shape=(2000,))                          │ │
│ │       self = <estimation.mixnorm.ksigma.pymc_tools.ClusterFriendlyCallb… │ │
│ │              object at 0x7fa142ab2320>                                   │ │
│ │ total_time = np.float64(23.3742092626635)                                │ │
│ │      trace = <pymc.backends.ndarray.NDArray object at 0x7fa141a99b10>    │ │
│ ╰──────────────────────────────────────────────────────────────────────────╯ │
│                                                                              │
│ /mnt/hpc/work/kdruscit/singular-learning-theory/code/python/.venv/lib/python │
│ 3.10/site-packages/arviz/stats/diagnostics.py:334 in rhat                    │
│                                                                              │
│    331 │   │   )                                                             │
│    332 │   │   raise TypeError(msg)                                          │
│    333 │                                                                     │
│ ❱  334 │   dataset = convert_to_dataset(data, group="posterior")             │
│    335 │   var_names = _var_names(var_names, dataset)                        │
│    336 │                                                                     │
│    337 │   dataset = dataset if var_names is None else dataset[var_names]    │
│                                                                              │
│ ╭───────────────────────────────── locals ─────────────────────────────────╮ │
│ │ dask_kwargs = None                                                       │ │
│ │        data = <MultiTrace: 2 chains, 1133 iterations, 4 variables>       │ │
│ │      method = 'rank'                                                     │ │
│ │     methods = {                                                          │ │
│ │               │   'rank': <function _rhat_rank at 0x7fa143a71ea0>,       │ │
│ │               │   'split': <function _rhat_split at 0x7fa143a72050>,     │ │
│ │               │   'folded': <function _rhat_folded at 0x7fa143a71f30>,   │ │
│ │               │   'z_scale': <function _rhat_z_scale at 0x7fa143a71fc0>, │ │
│ │               │   'identity': <function _rhat_identity at                │ │
│ │               0x7fa143a720e0>                                            │ │
│ │               }                                                          │ │
│ │   var_names = None                                                       │ │
│ ╰──────────────────────────────────────────────────────────────────────────╯ │
│                                                                              │
│ /mnt/hpc/work/kdruscit/singular-learning-theory/code/python/.venv/lib/python │
│ 3.10/site-packages/arviz/data/converters.py:185 in convert_to_dataset        │
│                                                                              │
│   182 │   -------                                                            │
│   183 │   xarray.Dataset                                                     │
│   184 │   """                                                                │
│ ❱ 185 │   inference_data = convert_to_inference_data(obj, group=group, coord │
│   186 │   dataset = getattr(inference_data, group, None)                     │
│   187 │   if dataset is None:                                                │
│   188 │   │   raise ValueError(                                              │
│                                                                              │
│ ╭─────────────────────────── locals ────────────────────────────╮            │
│ │ coords = None                                                 │            │
│ │   dims = None                                                 │            │
│ │  group = 'posterior'                                          │            │
│ │    obj = <MultiTrace: 2 chains, 1133 iterations, 4 variables> │            │
│ ╰───────────────────────────────────────────────────────────────╯            │
│                                                                              │
│ /mnt/hpc/work/kdruscit/singular-learning-theory/code/python/.venv/lib/python │
│ 3.10/site-packages/arviz/data/converters.py:139 in convert_to_inference_data │
│                                                                              │
│   136 │   │   │   "cmdstan fit csv filename",                                │
│   137 │   │   │   "cmdstanpy fit",                                           │
│   138 │   │   )                                                              │
│ ❱ 139 │   │   raise ValueError(                                              │
│   140 │   │   │   f'Can only convert {", ".join(allowable_types)} to Inferen │
│   141 │   │   │   f"not {obj.__class__.__name__}"                            │
│   142 │   │   )                                                              │
│                                                                              │
│ ╭───────────────────────────────── locals ─────────────────────────────────╮ │
│ │ allowable_types = (                                                      │ │
│ │                   │   'xarray dataarray',                                │ │
│ │                   │   'xarray dataset',                                  │ │
│ │                   │   'dict',                                            │ │
│ │                   │   "pytree (if 'dm-tree' is installed)",              │ │
│ │                   │   'netcdf filename',                                 │ │
│ │                   │   'numpy array',                                     │ │
│ │                   │   'pystan fit',                                      │ │
│ │                   │   'emcee fit',                                       │ │
│ │                   │   'pyro mcmc fit',                                   │ │
│ │                   │   'numpyro mcmc fit',                                │ │
│ │                   │   ... +2                                             │ │
│ │                   )                                                      │ │
│ │          coords = None                                                   │ │
│ │            dims = None                                                   │ │
│ │           group = 'posterior'                                            │ │
│ │          kwargs = {                                                      │ │
│ │                   │   'posterior': <MultiTrace: 2 chains, 1133           │ │
│ │                   iterations, 4 variables>,                              │ │
│ │                   │   'coords': None,                                    │ │
│ │                   │   'dims': None                                       │ │
│ │                   }                                                      │ │
│ │             obj = <MultiTrace: 2 chains, 1133 iterations, 4 variables>   │ │
│ ╰──────────────────────────────────────────────────────────────────────────╯ │
╰──────────────────────────────────────────────────────────────────────────────╯
ValueError: Can only convert xarray dataarray, xarray dataset, dict, pytree (if 
'dm-tree' is installed), netcdf filename, numpy array, pystan fit, emcee fit, 
pyro mcmc fit, numpyro mcmc fit, cmdstan fit csv filename, cmdstanpy fit to 
InferenceData, not MultiTrace
srun: error: hpc-pr3-06: task 5: Exited with exit code 1
srun: error: hpc-pr3-02: task 1: Exited with exit code 1
