r0,r1,r2,r3,r4,r5,r6,r7,r8,r9,r10,r11,r12,r13,r14,r15,r16,r17,r18,r19,r20,r21,r22,r23,r24,r25,r26,r27,r28,r29,r30,r31,r32,r33,r34,r35,r36,r37,r38,r39,r40,r41,r42,r43,r44,r45,r46,r47,r48,r49,r50,r51,r52,r53,r54,r55,r56,r57,r58,r59,r60,r61,r62,r63,r64,r65,r66,r67,r68,r69,r70,r71,r72,r73,r74,r75,r76,r77,r78,r79,r80,r81,r82,r83,r84,r85,r86,r87,r88,r89,r90,r91,r92,r93,r94,r95,r96,r97,r98,r99,r100,r101,r102,r103,r104,r105,r106,r107,r108,r109,r110,r111,r112,r113,r114,r115,r116,r117,r118,r119,r120,r121,r122,r123,r124,r125,r126,r127,r128,r129,r130,r131,r132,r133,r134,r135,r136,r137,r138,r139,r140,r141,r142,r143,r144,r145,r146,r147,r148,r149,r150,r151,r152,r153,r154,r155,r156,r157,r158,r159,r160,r161,r162,r163,r164,r165,r166,r167,r168,r169,r170,r171,r172,r173,r174,r175,r176,r177,r178,r179,r180,r181,r182,r183,r184,r185,r186,r187,r188,r189,r190,r191,r192,r193,r194,r195,r196,r197,r198,r199,r200,r201,r202,r203,r204,r205,r206,r207,r208,r209,r210,r211,r212,r213,r214,r215,r216,r217,r218,r219,r220,r221,r222,r223,r224,r225,r226,r227,r228,r229,r230,r231,r232,r233,r234,r235,r236,r237,r238,r239,r240,r241,r242,r243,r244,r245,r246,r247,r248,r249,r250,r251,r252,r253,r254,r255,r256,r257,r258,r259,r260,r261,r262,r263,r264,r265,r266,r267,r268,r269,r270,r271,r272,r273,r274,r275,r276,r277,r278,r279,r280,r281,r282,r283,r284,r285,r286,r287,r288,r289,r290,r291,r292,r293,r294,r295,r296,r297,r298,r299,r300,r301,r302,r303,r304,r305,r306,r307,r308,r309,r310,r311,r312,r313,r314,r315,r316,r317,r318,r319,r320,r321,r322,r323,r324,r325,r326,r327,r328,r329,r330,r331,r332,r333,r334,r335,r336,r337,r338,r339,r340,r341,r342,r343,r344,r345,r346,r347,r348,r349,r350,r351,r352,r353,r354,r355,r356,r357,r358,r359,r360,r361,r362,r363,r364,r365,r366,r367,r368,r369,r370,r371,r372,r373,r374,r375,r376,r377,r378,r379,r380,r381,r382,r383,r384,r385,r386,r387,r388,r389,r390,r391,r392,r393,r394,r395,r396,r397,r398,r399,r400,r401,r402,r403,r404,r405,r406,r407,r408,r409,r410,r411,r412,r413,r414,r415,r416,r417,r418,r419,r420,r421,r422,r423,r424,r425,r426,r427,r428,r429,r430,r431,r432,r433,r434,r435,r436,r437,r438,r439,r440,r441,r442,r443,r444,r445,r446,r447,r448,r449,r450,r451,r452,r453,r454,r455,r456,r457,r458,r459,r460,r461,r462,r463,r464,r465,r466,r467,r468,r469,r470,r471,r472,r473,r474,r475,r476,r477,r478,r479,r480,r481,r482,r483,r484,r485,r486,r487,r488,r489,r490,r491,r492,r493,r494,r495,r496,r497,r498,r499,r500,r501,r502,r503,r504,r505,r506,r507,r508,r509,r510,r511,r512,r513,r514,r515,r516,r517,r518,r519,r520,r521,r522,r523,r524,r525,r526,r527,r528,r529,r530,r531,r532,r533,r534,r535,r536,r537,r538,r539,r540,r541,r542,r543,r544,r545,r546,r547,r548,r549,r550,r551,r552,r553,r554,r555,r556,r557,r558,r559,r560,r561,r562,r563,r564,r565,r566,r567,r568,r569,r570,r571,r572,r573,r574,r575,r576,r577,r578,r579,r580,r581,r582,r583,r584,r585,r586,r587,r588,r589,r590,r591,r592,r593,r594,r595,r596,r597,r598,r599,r600,r601,r602,r603,r604,r605,r606,r607,r608,r609,r610,r611,r612,r613,r614,r615,r616,r617,r618,r619,r620,r621,r622,r623,r624,r625,r626,r627,r628,r629,r630,r631,r632,r633,r634,r635,r636,r637,r638,r639,r640,r641,r642,r643,r644,r645,r646,r647,r648,r649,r650,r651,r652,r653,r654,r655,r656,r657,r658,r659,r660,r661,r662,r663,r664,r665,r666,r667,r668,r669,r670,r671,r672,r673,r674,r675,r676,r677,r678,r679,r680,r681,r682,r683,r684,r685,r686,r687,r688,r689,r690,r691,r692,r693,r694,r695,r696,r697,r698,r699,r700,r701,r702,r703,r704,r705,r706,r707,r708,r709,r710,r711,r712,r713,r714,r715,r716,r717,r718,r719,r720,r721,r722,r723,r724,r725,r726,r727,r728,r729,r730,r731,r732,r733,r734,r735,r736,r737,r738,r739,r740,r741,r742,r743,r744,r745,r746,r747,r748,r749,r750,r751,r752,r753,r754,r755,r756,r757,r758,r759,r760,r761,r762,r763,r764,r765,r766,r767,r768,r769,r770,r771,r772,r773,r774,r775,r776,r777,r778,r779,r780,r781,r782,r783,r784,r785,r786,r787,r788,r789,r790,r791,r792,r793,r794,r795,r796,r797,r798,r799,r800,r801,r802,r803,r804,r805,r806,r807,r808,r809,r810,r811,r812,r813,r814,r815,r816,r817,r818,r819,r820,r821,r822,r823,r824,r825,r826,r827,r828,r829,r830,r831,r832,r833,r834,r835,r836,r837,r838,r839,r840,r841,r842,r843,r844,r845,r846,r847,r848,r849,r850,r851,r852,r853,r854,r855,r856,r857,r858,r859,r860,r861,r862,r863,r864,r865,r866,r867,r868,r869,r870,r871,r872,r873,r874,r875,r876,r877,r878,r879,r880,r881,r882,r883,r884,r885,r886,r887,r888,r889,r890,r891,r892,r893,r894,r895,r896,r897,r898,r899,r900,r901,r902,r903,r904,r905,r906,r907,r908,r909,r910,r911,r912,r913,r914,r915,r916,r917,r918,r919,r920,r921,r922,r923,r924,r925,r926,r927,r928,r929,r930,r931,r932,r933,r934,r935,r936,r937,r938,r939,r940,r941,r942,r943,r944,r945,r946,r947,r948,r949,r950,r951,r952,r953,r954,r955,r956,r957,r958,r959,r960,r961,r962,r963,r964,r965,r966,r967,r968,r969,r970,r971,r972,r973,r974,r975,r976,r977,r978,r979,r980,r981,r982,r983,r984,r985,r986,r987,r988,r989,r990,r991,r992,r993,r994,r995,r996,r997,r998,r999
34,19,14,22,33,38,11,11,36,36,35,16,36,15,11,12,30,35,19,17,15,7,36,16,30,23,9,18,13,15,38,14,14,33,29,19,21,40,14,17,17,14,20,35,12,18,18,33,36,16,13,30,17,10,38,17,43,9,11,40,14,13,15,17,33,16,23,15,14,16,19,14,12,13,8,18,16,21,16,10,10,14,14,16,17,11,14,13,12,34,16,39,24,22,38,12,15,24,17,15,34,20,17,17,30,14,15,17,33,15,18,22,17,32,15,27,17,15,15,25,18,16,37,19,14,16,34,13,17,5,22,18,9,12,19,17,30,30,30,39,39,18,42,30,10,11,31,14,16,10,13,49,20,10,32,19,14,13,17,31,23,17,13,14,19,11,14,10,12,20,33,34,17,38,12,18,17,36,16,15,23,23,21,12,31,34,13,16,14,15,15,15,19,19,21,29,17,19,32,13,10,11,32,14,11,31,30,17,14,39,26,16,13,39,17,15,21,21,36,37,17,34,16,15,18,18,17,16,34,16,8,9,11,7,13,12,14,21,10,13,20,11,28,14,12,17,12,17,13,13,10,25,10,13,14,40,39,15,10,13,16,22,36,17,37,16,11,37,13,19,17,12,13,17,13,16,31,7,15,17,31,9,31,16,32,11,18,10,13,20,17,13,31,12,15,31,13,22,10,15,36,16,21,19,36,37,10,18,12,18,12,36,14,17,16,12,17,16,15,32,15,43,19,32,19,31,18,10,8,14,21,14,12,16,23,13,9,26,8,15,12,13,18,17,18,13,36,39,15,35,12,13,15,12,34,16,31,36,14,33,17,31,10,37,17,37,33,16,35,21,10,13,20,36,14,15,45,20,15,8,13,14,35,13,16,16,41,16,17,12,16,24,16,37,9,36,12,14,34,19,39,36,11,36,43,34,11,15,17,38,38,34,19,20,8,17,18,21,31,18,28,41,17,14,32,12,42,36,12,21,13,16,22,36,38,17,33,8,45,13,35,12,35,15,42,13,26,12,16,33,19,35,14,35,14,11,10,44,12,17,11,40,13,13,16,11,17,37,18,18,18,33,30,15,13,11,16,33,17,35,39,31,39,16,20,8,18,15,20,15,11,37,15,16,16,21,14,27,12,12,16,20,17,22,9,12,29,13,17,13,13,13,18,34,9,18,15,38,13,15,43,13,47,34,15,36,32,18,35,13,41,21,16,17,37,17,11,14,9,13,33,15,15,37,24,20,15,14,21,35,14,9,35,10,31,10,14,12,12,23,14,15,43,10,39,14,17,33,15,7,12,14,34,36,16,33,12,32,17,19,15,30,13,46,17,17,14,13,15,37,15,15,15,18,15,17,19,9,13,15,17,19,10,18,15,22,14,31,34,34,15,15,17,22,11,36,29,21,36,11,11,10,20,15,19,16,11,7,17,31,12,20,17,11,14,16,17,13,15,15,14,23,13,15,36,36,12,8,38,9,19,17,16,31,15,35,36,32,15,15,15,18,11,12,11,18,13,13,10,10,13,15,36,8,38,26,17,31,30,7,12,38,12,18,15,23,42,6,18,19,22,22,19,11,12,18,39,39,12,29,12,16,19,15,28,12,14,14,13,19,12,22,14,11,19,11,19,12,16,38,10,16,13,40,31,18,14,17,13,29,35,35,15,11,11,17,17,33,20,16,12,13,17,15,18,19,25,19,19,11,21,20,16,23,35,15,15,20,27,16,20,8,10,21,14,20,34,33,16,18,10,18,18,9,19,40,13,18,13,14,14,22,17,35,18,43,34,14,21,15,30,16,9,33,13,35,22,15,18,29,32,18,11,9,17,37,18,35,16,21,16,11,19,31,17,17,13,37,7,13,15,13,14,19,12,32,15,42,17,17,12,38,30,11,15,31,17,21,15,33,25,32,32,13,16,16,16,17,45,13,12,13,14,25,18,17,34,11,14,38,28,12,11,15,40,11,34,36,39,29,13,13,19,18,37,8,11,33,30,16,18,40,12,12,38,6,15,34,14,31,11,16,18,11,32,10,35,15,16,18,12,17,11,18,11,16,17,19,14,16,30,41,11,33,22,15,39,31,37,36,35,16,15,16,17,12,14,16,17,12,20,13,36,39,19,44,14,36,19,13,18,18,12,22,13,9,15,17,25,12,34,40,21,33,12,15,9,32,20,10,20,11,27,13,15,36,12,44,16,16,37,13,39,19,37,14,13,10,9,34,14,15,14,14,36,14,37,41,30,14,14,16,13,11,21,18,12,19,18,9
14,13,11,20,19,38,31,15,17,21,21,14,17,40,39,14,11,36,11,37,13,16,36,15,11,12,14,30,21,12,14,11,33,38,13,18,37,15,38,21,23,13,37,21,14,32,18,31,16,36,18,36,12,12,19,9,15,20,18,13,19,16,13,37,20,17,39,11,33,32,23,40,15,17,21,9,14,19,20,36,36,16,16,19,15,12,23,17,12,35,15,18,17,35,16,10,19,23,12,34,18,41,17,17,20,43,11,14,11,19,16,14,13,20,26,10,14,16,34,13,20,36,15,34,14,19,13,20,15,14,17,19,14,8,35,40,8,15,12,18,14,19,17,12,22,17,13,12,10,11,10,15,18,12,8,15,17,22,18,22,15,28,20,24,14,13,31,37,22,33,11,34,14,42,31,14,8,21,15,11,15,21,18,16,20,17,14,43,20,15,17,12,15,19,41,18,35,41,11,15,14,11,13,39,14,17,18,14,16,44,10,22,19,21,15,14,27,38,18,10,45,39,14,30,16,34,15,18,41,13,14,16,21,34,14,15,38,15,14,24,20,13,13,11,13,19,16,15,11,12,29,15,38,12,3,38,17,14,12,13,12,17,34,16,11,16,9,10,12,12,32,10,16,16,32,34,12,39,19,16,16,34,23,32,14,20,31,34,13,16,12,15,13,16,14,39,17,12,16,35,12,13,34,32,26,12,13,12,19,14,17,14,32,12,38,17,16,19,12,21,13,17,44,14,26,17,15,29,13,30,14,12,37,21,13,10,19,18,11,30,17,13,13,15,13,14,10,14,13,16,14,34,8,21,33,35,18,33,10,26,16,15,16,15,38,35,15,14,12,16,13,14,11,10,15,11,23,11,17,40,29,15,30,18,19,13,8,25,36,15,37,21,18,13,14,34,12,16,14,37,10,13,15,34,16,34,15,18,22,28,12,17,17,26,30,14,17,32,15,36,18,39,23,18,40,16,21,14,14,23,13,21,25,11,11,29,17,19,27,11,36,12,36,15,12,20,12,15,14,33,19,19,40,39,11,16,18,41,16,14,23,11,40,13,18,15,9,14,14,16,19,15,32,21,10,20,37,19,19,37,16,15,41,21,15,9,22,36,14,15,5,19,21,15,21,8,17,13,13,13,35,42,13,14,12,16,14,16,14,39,24,39,11,33,33,14,43,34,33,15,11,14,10,18,35,20,10,15,10,14,36,43,14,14,16,35,19,39,42,17,22,12,11,30,21,42,16,11,17,23,14,25,18,14,17,17,15,40,44,7,13,16,16,13,13,15,17,25,11,13,14,19,15,16,12,15,10,12,17,15,17,34,15,14,38,16,27,31,33,30,14,34,15,30,28,21,32,41,17,25,16,16,17,13,16,14,31,16,8,24,12,15,15,25,44,14,15,14,12,20,15,14,16,38,18,16,22,41,44,10,32,13,17,15,30,12,34,16,38,15,12,19,12,38,33,34,37,22,8,24,15,21,36,20,16,12,15,12,15,14,18,12,13,33,12,11,8,15,36,14,33,35,13,12,20,17,12,16,36,14,14,40,18,36,14,7,44,18,19,8,16,15,15,16,32,37,17,18,13,20,31,18,11,11,12,12,22,18,17,12,14,15,19,15,32,10,33,14,8,16,34,8,39,13,18,18,30,14,18,16,20,32,15,19,34,35,33,14,13,18,12,30,17,15,17,14,10,15,14,15,45,13,33,18,9,19,26,15,14,12,38,16,17,39,16,9,19,20,28,12,15,15,44,13,18,16,16,14,15,17,18,35,20,21,33,10,11,11,39,20,40,33,34,14,13,14,10,43,15,14,30,8,20,32,16,27,17,20,14,24,13,15,9,30,13,36,41,16,18,17,13,14,12,17,14,17,37,37,17,15,16,12,11,27,24,16,34,17,31,37,9,31,43,18,20,17,18,14,9,44,35,17,14,32,14,17,17,17,16,13,15,9,14,16,14,15,15,37,13,17,15,11,39,13,15,37,17,28,31,33,37,10,14,15,34,14,17,22,16,43,17,37,30,34,37,29,45,36,34,31,16,12,17,39,12,21,16,13,11,9,39,18,17,15,11,28,27,16,10,36,15,13,18,14,9,34,15,18,17,14,26,9,13,35,35,14,11,20,19,28,17,40,12,18,44,16,36,16,19,20,13,25,12,8,39,16,11,17,20,17,15,6,35,13,10,31,21,18,26,13,17,15,32,13,24,31,13,32,29,42,41,15,14,34,15,23,14,39,35,15,35,17,14,10,22,18,37,13,9,15
14,12,16,16,17,11,35,24,17,18,18,30,9,19,22,19,33,16,13,21,18,10,17,12,12,13,21,16,11,15,41,31,10,14,21,14,17,15,17,11,17,11,11,22,35,16,15,24,9,24,35,18,16,15,17,15,13,14,35,23,9,31,24,13,36,36,37,28,17,33,12,20,12,13,14,22,20,15,11,12,23,12,12,18,15,12,9,18,17,13,14,12,18,29,13,21,12,22,10,21,8,18,14,16,17,12,18,12,9,22,11,39,15,39,17,20,16,13,28,37,10,15,32,13,40,35,18,17,17,14,35,28,22,15,15,36,18,15,17,22,8,16,12,31,33,18,19,18,14,14,15,17,10,16,31,17,16,10,30,12,17,20,18,10,13,39,13,14,19,16,15,16,18,38,35,40,15,8,10,27,21,36,21,14,17,6,31,16,14,12,16,10,18,14,14,14,18,13,14,16,11,13,39,35,17,15,43,18,23,37,43,18,18,40,39,17,12,38,15,13,10,15,20,20,15,13,13,13,13,27,35,13,18,15,36,31,10,20,15,18,13,22,19,16,16,39,11,42,17,21,12,13,14,16,17,16,19,15,14,18,26,12,9,34,31,33,11,10,31,18,15,15,11,17,26,39,21,36,11,17,7,37,16,14,42,13,19,21,11,8,17,13,9,49,18,16,37,20,36,10,14,17,19,35,49,15,15,21,17,11,16,15,10,17,21,15,36,34,36,18,12,12,12,16,17,8,9,14,23,13,36,16,16,14,10,39,15,31,16,15,14,50,14,15,18,10,12,35,15,15,20,18,34,16,18,13,14,10,20,34,29,11,41,13,5,16,16,33,32,17,13,14,19,11,16,23,17,16,12,34,18,21,11,14,19,16,30,13,19,9,34,19,39,20,13,36,14,25,10,11,34,36,7,17,13,13,14,42,35,38,12,16,34,15,12,16,17,39,16,14,32,15,17,14,18,11,17,19,19,30,35,37,40,35,20,42,18,14,14,14,17,26,14,35,8,16,8,17,36,15,15,27,22,35,19,12,18,22,11,12,13,37,10,22,14,13,15,16,28,21,14,7,29,16,5,15,17,9,19,43,9,19,12,14,13,11,21,13,13,15,7,12,16,17,18,20,39,11,40,15,12,8,12,34,15,15,16,17,45,17,12,16,15,10,21,18,16,19,16,17,36,14,15,17,16,21,37,18,14,12,12,35,39,13,32,12,14,16,12,8,32,8,10,16,13,11,19,40,17,35,16,10,13,18,41,13,8,34,18,13,15,14,24,35,14,15,10,11,9,32,36,15,27,25,38,12,20,13,15,11,13,6,16,26,17,13,10,11,42,17,13,24,38,16,14,41,31,11,19,32,16,16,27,37,20,15,11,14,41,17,13,15,29,35,29,36,18,17,15,13,17,29,17,32,13,36,18,37,21,17,17,12,18,11,19,14,33,15,30,10,17,14,12,38,16,34,37,12,15,15,32,16,40,17,23,10,14,43,17,19,13,27,8,16,25,32,11,26,12,18,11,12,16,9,16,11,18,11,12,18,13,30,17,45,17,37,14,17,8,18,12,21,20,14,16,14,13,15,14,18,9,32,35,29,16,31,7,15,13,14,16,33,18,12,38,15,24,13,17,13,17,21,14,12,14,11,21,20,41,15,15,15,17,13,11,39,12,14,16,20,13,12,12,35,25,18,13,19,16,36,20,16,9,16,23,41,9,17,15,13,14,16,10,14,14,9,26,13,15,19,39,17,36,17,20,14,13,10,40,14,8,35,12,11,7,35,15,14,38,15,9,14,16,18,18,12,16,21,34,10,19,10,13,17,10,13,14,16,32,12,16,20,31,18,15,15,15,20,14,18,14,12,16,29,22,32,14,13,12,11,31,17,10,14,16,10,24,16,11,17,39,15,14,38,22,18,11,14,25,11,47,11,35,11,33,11,10,31,38,11,17,42,14,35,8,13,13,31,16,18,9,12,18,17,29,12,14,13,16,33,40,17,17,11,4,12,22,35,19,13,22,12,20,16,17,12,18,15,15,42,34,17,17,13,17,12,9,13,17,13,18,11,15,20,18,37,11,9,32,12,19,15,11,17,21,11,12,14,15,37,39,32,16,31,17,50,15,12,13,12,18,37,11,22,13,19,17,13,12,21,15,19,30,15,13,16,17,13,34,12,21,36,12,35,12,37,15,20,13,31,30,12,16,38,25,18,16,15,37,14,21,32,40,10,14,13,12,14,43,28,16,12,13,15,14,14,31,38,33,13
42,34,16,38,20,27,9,13,14,21,33,14,34,14,12,12,38,27,13,17,14,21,42,16,16,11,17,18,23,37,15,10,16,35,10,41,17,11,20,14,39,22,18,17,18,17,23,18,12,10,22,25,14,48,10,10,48,19,31,16,30,14,17,15,15,13,15,8,34,13,42,15,17,15,15,43,35,19,40,12,43,13,15,9,17,38,18,16,12,15,36,41,15,18,12,13,15,15,39,14,43,19,19,14,16,16,29,13,31,39,34,18,37,35,15,16,9,15,27,34,19,14,11,11,30,19,17,35,16,18,17,20,10,33,19,14,11,19,19,21,11,37,14,8,15,17,14,17,12,10,12,37,17,11,17,13,15,15,11,14,13,9,42,40,35,28,21,23,14,16,17,16,30,18,15,8,14,29,16,22,14,20,12,36,11,31,35,12,15,13,36,11,17,9,19,13,14,36,18,17,21,19,13,33,15,17,14,27,30,39,34,35,11,12,21,18,15,13,12,18,14,14,46,13,13,22,12,14,18,15,40,12,11,30,27,25,11,38,15,13,38,25,16,17,15,20,17,47,12,17,35,11,35,37,30,20,13,18,38,18,35,17,39,35,15,15,32,15,11,13,30,17,15,21,16,18,37,14,23,16,36,31,37,39,12,12,14,16,34,33,10,17,22,12,16,15,29,18,42,15,30,21,11,20,31,9,8,13,14,17,16,16,45,14,11,35,16,30,32,10,15,12,15,12,16,41,21,20,13,15,39,19,17,40,15,21,19,11,20,27,15,35,41,16,37,12,32,13,14,15,15,18,16,12,21,12,13,14,32,10,16,18,37,33,16,10,13,15,12,16,40,12,17,13,11,12,19,38,16,22,37,31,32,20,14,17,34,17,36,13,21,27,16,17,14,20,31,19,14,33,15,32,13,17,36,22,13,11,11,40,17,7,15,12,19,16,7,20,16,17,12,31,12,12,17,16,12,15,14,38,16,17,19,39,8,13,16,14,16,41,16,20,18,17,9,20,36,23,29,14,17,34,41,39,16,20,34,24,10,21,18,33,11,31,11,17,27,36,14,18,10,19,17,17,44,30,44,12,12,32,17,40,16,34,13,19,34,18,14,15,20,17,14,14,18,25,37,33,18,15,15,17,19,13,11,36,16,18,19,9,16,12,14,13,22,15,15,14,19,21,9,13,11,12,28,37,20,15,13,16,15,18,17,15,22,16,13,14,16,9,22,17,33,32,15,8,14,13,42,39,36,10,32,16,13,17,36,17,37,13,12,14,20,19,13,11,14,17,14,12,8,11,13,41,16,12,13,14,12,28,42,17,36,21,14,14,11,40,12,44,16,15,19,17,15,35,12,11,17,11,7,23,13,34,18,9,14,12,33,14,19,8,13,17,33,16,19,18,34,16,15,8,17,14,13,15,16,16,29,13,13,17,17,17,11,16,35,23,31,17,10,18,13,14,15,38,19,17,12,10,37,37,10,18,16,39,14,11,18,15,15,13,18,34,29,32,12,11,15,20,21,33,35,32,17,19,16,13,44,36,9,23,21,17,30,11,14,31,21,15,20,16,28,13,11,13,18,15,30,42,12,37,13,20,15,42,38,15,22,15,10,16,15,16,12,30,16,38,8,13,39,16,15,10,17,27,18,15,14,24,21,14,10,17,13,10,22,22,10,34,20,13,15,17,15,15,16,8,11,32,13,16,16,17,41,15,13,17,36,33,37,32,21,13,30,17,12,16,15,35,18,15,18,15,14,35,29,13,35,27,11,12,12,22,19,15,20,12,35,8,17,17,14,15,35,18,15,39,38,13,10,15,24,14,15,23,14,45,14,16,19,11,34,17,11,9,11,19,11,13,17,32,10,17,14,18,13,17,22,19,9,41,15,40,41,13,14,33,16,38,14,17,18,12,27,14,32,38,37,18,12,12,11,14,19,20,11,12,28,17,33,15,29,40,15,15,15,18,18,24,12,15,16,38,16,11,14,30,8,12,19,11,40,15,18,14,41,18,16,36,14,19,15,12,29,13,37,21,14,12,19,35,18,13,28,11,16,33,13,14,39,11,12,40,12,9,16,9,14,18,21,16,16,15,37,40,12,8,22,14,12,12,17,15,33,39,21,18,34,17,13,34,13,20,38,45,15,32,17,32,13,14,17,16,15,19,23,16,14,22,36,17,35,12,16,15,12,17,14,8,14,14,39,31,31,20,17,14,9,14,15,16,12,5,33,17,16,13,12,11,12,13,19,19,18,32,14,46,16,11
14,17,33,13,11,19,21,11,16,22,14,12,15,13,12,17,17,39,32,33,15,27,16,11,14,16,9,8,13,15,11,12,15,36,17,12,40,29,29,18,15,11,19,18,35,20,9,15,32,18,17,36,15,42,38,13,7,9,13,14,20,18,21,13,18,10,20,15,15,13,12,15,28,32,35,12,19,16,28,17,37,22,15,15,40,39,19,17,33,13,36,21,12,11,15,16,16,17,10,10,34,13,14,37,18,17,9,16,17,16,16,42,38,18,18,15,33,19,39,20,15,18,19,17,21,38,14,13,17,15,28,10,11,34,21,34,19,13,21,39,17,29,36,16,12,13,17,17,12,10,12,18,16,36,13,21,13,12,17,16,15,39,38,44,41,15,35,40,18,13,9,12,7,13,14,12,34,13,21,18,15,14,13,15,20,17,31,21,13,17,16,12,12,19,17,16,10,19,18,16,7,13,14,11,19,16,20,10,17,10,26,18,9,16,31,22,16,24,16,21,15,6,17,13,10,15,11,19,14,16,13,29,15,19,16,12,11,19,34,12,13,9,31,36,14,30,17,17,39,37,36,10,14,20,41,10,36,13,27,15,10,20,19,10,40,12,14,20,34,8,11,30,39,12,43,14,20,16,34,30,11,36,16,16,16,32,18,15,15,34,13,16,12,38,14,16,16,10,16,14,26,19,18,32,27,9,33,13,18,13,11,18,16,34,15,39,14,18,11,37,13,13,10,15,29,20,10,21,17,13,13,29,11,32,10,12,19,20,14,12,19,15,35,13,16,14,32,31,13,19,14,19,36,16,20,14,12,38,21,37,19,12,24,13,18,42,12,8,16,32,14,15,14,30,12,15,15,12,20,13,17,16,37,19,23,10,19,38,11,17,14,12,19,29,14,26,16,12,9,36,22,41,15,14,16,48,17,16,15,17,16,35,38,16,12,28,19,12,41,16,14,12,14,30,8,16,31,38,37,37,32,13,38,17,21,19,12,16,35,10,16,39,15,12,13,32,13,18,13,17,15,13,11,8,14,15,47,20,12,21,15,13,29,19,16,40,16,12,17,19,37,14,17,20,14,34,13,18,16,38,16,17,15,15,22,21,12,13,17,12,14,19,12,43,11,14,13,11,19,14,18,13,11,15,11,12,19,18,32,15,17,17,20,15,13,36,14,15,11,22,14,32,19,15,38,11,43,17,30,14,17,16,12,16,12,40,17,29,38,10,18,19,24,14,35,15,13,32,33,20,14,32,31,16,27,18,18,16,14,15,16,36,16,11,12,35,40,13,12,14,10,26,32,15,21,25,12,14,16,13,14,33,14,19,16,38,16,20,36,13,24,12,12,12,30,38,13,16,16,15,29,18,19,14,16,7,22,32,48,23,17,17,15,37,33,13,16,12,14,19,14,19,12,16,19,14,33,21,32,35,33,15,14,34,19,10,14,13,12,11,18,13,15,17,23,37,15,16,20,11,8,15,13,38,13,12,14,34,9,19,15,17,16,6,19,8,36,16,38,14,28,30,14,15,29,13,14,16,16,10,32,15,14,14,11,17,17,16,32,43,22,40,13,14,23,7,23,16,10,10,19,21,13,45,12,12,42,20,15,20,16,20,32,41,38,22,18,15,18,16,17,14,20,17,18,15,43,13,9,37,36,20,13,12,38,10,19,22,37,11,18,22,18,11,40,14,12,19,13,15,36,22,33,31,39,11,34,16,32,31,15,17,19,17,19,19,11,39,11,37,14,34,17,15,15,12,10,17,21,14,35,18,14,15,14,13,43,14,18,13,11,27,15,16,40,16,14,33,17,16,15,17,20,38,18,32,17,36,19,19,17,13,49,38,9,14,40,39,14,15,34,32,21,40,15,9,32,19,14,38,19,14,10,21,16,31,16,16,13,42,25,32,17,11,8,37,18,21,8,11,36,32,19,23,46,33,18,15,14,20,33,15,18,14,28,20,14,14,10,12,14,16,19,15,25,15,15,16,18,13,19,37,12,19,16,17,19,17,13,43,14,14,18,10,10,12,38,14,14,15,18,33,19,39,12,14,17,39,17,18,15,34,19,17,14,16,33,7,13,12,30,13,20,35,21,35,17,16,6,16,14,44,13,17,13,15,14,12,15,11,36,17,10,15,14,11,12,10,14,17,29,14,34,29,29,12,14,16,13,35,18,17,18,35,10,18,21,11,13,13,14,18,36,16,19,11,13,16,15,29,9,10,17,23,17,21,22,27,15,14,18,35,22,9,35,17,15,20,14,24
21,16,16,33,16,35,35,18,17,24,18,37,24,12,36,17,17,12,27,18,16,15,11,17,17,13,12,23,12,16,43,9,12,15,28,15,20,11,17,8,15,37,12,15,15,15,38,14,18,16,16,13,13,16,16,10,11,11,14,13,19,17,15,18,14,14,19,14,18,19,29,19,41,15,10,34,12,18,11,20,18,17,15,14,18,9,17,15,43,9,14,49,15,12,37,37,15,14,16,18,35,20,12,12,38,19,14,33,13,13,17,12,14,11,14,13,16,13,14,19,17,12,41,10,30,18,14,18,37,12,35,20,7,13,33,41,11,15,16,38,21,21,19,35,31,17,14,34,15,40,19,15,12,15,11,11,34,14,7,16,17,33,34,16,28,17,29,38,16,27,18,41,31,15,18,29,11,27,44,15,14,18,11,21,13,14,34,10,42,39,12,14,19,13,35,14,32,17,18,16,11,15,11,13,17,17,38,16,10,14,18,36,34,12,16,12,25,15,31,16,14,38,15,12,7,17,12,12,13,16,11,23,28,11,16,17,22,15,42,16,25,12,26,12,13,18,14,23,34,8,14,13,16,17,14,10,34,38,17,13,47,14,16,18,35,30,39,13,23,14,13,19,36,8,37,17,17,18,13,19,15,18,20,9,31,16,15,32,17,11,16,13,37,17,16,18,34,12,22,11,15,17,37,37,37,12,30,24,34,18,14,11,18,11,11,36,13,20,12,11,12,14,14,21,15,15,16,11,13,41,14,35,11,17,13,11,30,17,11,14,35,19,17,36,14,13,14,30,31,13,12,47,6,16,41,32,16,13,31,14,24,39,10,12,12,18,12,15,15,17,12,13,13,15,37,16,17,35,15,13,19,15,15,15,21,16,16,14,11,15,18,15,12,33,14,20,12,41,43,18,34,39,20,14,32,24,18,12,10,18,14,39,14,45,39,18,16,20,13,7,40,15,15,21,34,41,15,15,19,33,17,15,29,8,12,12,29,14,35,16,39,40,14,34,15,15,33,18,12,17,25,17,31,19,17,12,13,12,13,14,27,11,38,11,43,18,14,11,30,42,16,12,34,13,14,16,10,15,16,34,35,18,15,39,15,14,32,15,17,17,16,18,13,16,12,17,13,15,14,17,35,23,14,15,19,31,32,39,15,38,9,28,15,19,12,13,17,11,17,37,35,20,41,17,19,11,21,33,15,16,24,19,14,37,39,23,33,31,19,17,13,30,14,14,10,18,15,18,14,15,16,17,13,11,33,13,20,34,16,16,17,14,39,12,38,16,12,14,11,16,32,13,17,14,39,41,37,14,13,37,22,14,14,13,16,19,13,16,14,8,19,20,15,16,32,17,20,16,17,14,33,11,13,16,17,17,30,40,18,15,15,16,14,14,14,17,13,15,14,15,24,35,16,15,30,9,19,11,13,32,43,16,29,16,21,22,8,17,18,13,19,28,26,11,15,11,16,15,14,12,21,12,14,14,16,29,35,31,11,10,7,12,18,8,25,18,19,31,38,17,22,19,14,15,38,16,13,36,15,17,30,40,15,13,21,42,14,16,32,14,39,37,12,9,11,20,14,11,12,17,17,9,18,28,11,21,13,14,35,38,18,15,11,17,13,18,7,17,15,13,32,33,15,11,40,11,18,18,12,12,45,13,16,36,15,41,12,37,14,9,17,14,13,15,10,16,39,9,34,16,13,30,13,11,20,19,14,19,15,34,15,31,10,18,16,17,14,34,14,17,21,27,11,22,19,13,17,15,17,12,29,41,33,13,15,38,16,12,20,16,16,18,15,14,34,26,27,35,37,37,33,19,22,16,16,16,19,19,15,12,19,18,20,38,14,13,17,13,11,9,26,10,22,20,12,13,18,19,35,16,18,14,12,11,40,40,18,13,10,17,20,16,16,17,35,21,37,22,12,15,17,13,12,39,31,21,11,16,18,29,15,12,16,14,16,9,16,23,11,17,32,22,20,13,17,15,16,11,11,10,16,14,11,15,22,13,40,13,17,34,12,15,10,36,19,17,19,20,18,12,36,17,16,14,14,12,25,17,16,36,15,19,42,15,16,21,14,12,13,18,17,12,21,10,16,15,15,5,17,16,21,10,17,14,15,41,39,32,36,31,11,4,12,14,32,14,16,22,12,14,15,35,16,38,34,10,20,43,13,13,13,16,16,18,17,28,12,14,16,14,20,22,8,16,35,36,20,16,13,11,18,11,9,12,17,35,16,10,26,34,11,20,15,12,22,34,32,31,15,15
15,12,16,16,13,18,15,11,12,40,16,13,11,34,19,13,12,19,36,12,14,9,33,15,13,37,25,18,22,15,40,20,17,17,13,18,22,14,17,16,13,30,13,14,18,14,8,14,11,5,11,15,15,30,12,38,15,15,10,38,11,39,16,12,13,12,13,15,11,18,20,10,34,11,33,38,10,11,18,9,8,23,14,38,14,12,30,17,13,15,9,9,14,15,22,22,14,19,12,18,21,14,15,41,13,38,15,34,36,33,12,19,20,19,10,18,14,16,16,36,16,18,18,35,16,25,18,13,18,16,15,21,19,16,40,11,13,42,34,12,17,15,22,27,39,24,13,10,15,9,34,16,32,23,12,28,18,31,15,14,8,12,25,10,6,29,21,12,16,14,17,18,18,9,14,17,14,36,11,14,19,12,39,19,11,13,15,45,13,33,38,11,17,16,14,12,14,18,38,38,7,35,14,35,15,15,14,18,33,27,18,19,21,33,29,15,18,13,8,11,20,20,15,19,30,14,13,18,28,37,19,12,15,16,19,28,13,16,23,16,13,15,12,14,23,12,11,19,39,11,37,24,13,12,33,12,10,23,18,20,18,19,17,25,18,16,12,9,9,11,22,11,10,13,38,16,14,40,40,6,9,20,37,16,14,15,14,14,33,14,29,21,12,19,9,12,14,40,14,13,11,19,14,14,46,21,17,32,13,18,15,45,31,9,12,38,21,17,40,37,40,17,18,22,15,26,30,10,38,36,36,15,13,15,17,19,7,23,14,36,15,17,32,10,10,14,20,16,12,18,12,15,16,16,34,14,19,15,15,14,17,32,17,43,14,16,23,40,15,12,36,12,15,15,16,35,13,20,9,16,33,42,40,12,42,37,18,12,9,33,4,15,18,17,9,32,12,39,11,15,37,12,15,30,7,39,17,14,16,28,10,13,17,38,39,18,24,16,18,13,39,16,16,19,17,19,16,11,12,30,34,29,35,36,11,14,18,17,32,38,11,13,10,12,14,16,32,15,16,11,16,15,10,14,22,15,40,15,16,13,11,36,39,17,16,13,9,12,24,17,11,11,15,16,37,19,17,13,35,11,19,20,16,11,37,17,13,16,16,20,40,12,18,17,32,15,10,32,16,36,12,15,35,22,14,16,14,15,19,13,15,34,22,31,17,36,16,13,17,34,17,12,19,11,14,20,11,35,33,17,17,13,28,41,33,10,34,28,9,39,13,15,33,28,14,14,14,12,17,14,13,35,12,35,21,35,20,19,13,17,13,15,33,11,16,15,12,13,39,10,14,24,13,21,9,29,14,30,19,17,16,33,17,34,18,11,9,20,11,14,39,15,12,21,19,29,18,12,18,19,15,12,21,40,16,17,15,17,17,16,15,11,12,16,30,14,16,20,18,15,36,15,14,35,36,34,18,43,8,11,17,17,22,12,11,37,30,18,23,14,18,40,11,15,26,13,13,13,8,34,12,17,19,13,17,42,13,11,40,12,32,15,15,30,36,17,41,12,15,36,17,34,13,20,39,39,19,35,34,29,12,38,13,15,20,13,6,38,19,36,16,17,16,40,18,11,14,29,15,35,15,21,14,12,9,14,12,7,18,30,18,13,15,10,13,17,40,19,22,18,13,11,30,26,14,19,42,21,16,9,21,33,15,14,15,14,31,29,16,9,12,32,18,28,14,13,9,20,9,9,20,12,46,19,15,10,20,8,31,11,21,33,12,18,16,32,26,14,18,13,8,21,29,37,17,14,18,12,14,15,12,32,33,11,13,10,16,11,14,15,16,19,13,4,21,17,32,14,16,14,20,15,13,18,15,16,16,14,18,13,30,37,31,17,22,32,10,13,16,30,16,15,14,11,17,17,11,40,16,15,12,18,16,16,12,14,8,14,11,31,14,14,17,9,18,22,14,17,15,33,11,14,39,15,36,18,15,14,10,13,38,21,14,38,23,16,10,15,12,39,15,20,14,14,17,16,32,38,12,16,19,18,37,19,22,15,12,15,12,18,34,10,30,38,37,10,10,10,13,16,16,41,11,33,14,19,36,17,13,20,25,14,15,11,16,34,15,38,12,36,20,41,20,15,18,10,13,32,12,14,39,14,34,19,32,32,29,8,9,17,12,36,15,12,12,15,24,30,9,13,15,18,11,13,13,36,18,36,15,9,36,13,33,16,35,21,9,14,12,29,20,22,17,39,14,37,19,11,16,13,19,14,47,17,14,39,16,17,32,10,34,16,28,12,17,11,24,15,16,12
38,31,11,12,34,11,42,13,9,16,22,35,35,31,20,14,11,29,15,14,12,14,21,12,11,30,18,34,15,38,16,35,19,19,17,15,15,20,16,13,14,16,11,12,16,15,15,18,16,18,11,21,14,15,31,42,37,16,14,10,16,15,18,19,13,18,19,15,14,43,35,14,20,14,17,39,13,35,39,13,17,23,12,13,32,44,38,13,14,11,15,11,15,17,15,20,14,16,20,14,8,17,32,22,11,19,16,11,20,29,12,20,17,30,12,40,35,10,33,16,30,14,37,17,16,18,16,10,19,11,15,29,15,14,21,13,31,17,16,10,13,24,19,38,15,33,36,13,20,30,18,14,36,18,17,18,16,14,15,9,28,15,33,38,16,10,16,18,15,17,29,14,13,15,16,31,15,13,14,17,18,32,20,11,10,10,15,11,14,14,39,18,8,20,19,13,10,10,20,16,19,14,27,15,16,35,16,17,12,15,16,17,38,12,13,14,13,14,13,12,29,12,14,15,18,29,15,17,28,18,22,15,30,22,14,34,47,9,16,24,16,24,12,19,20,13,15,16,11,11,41,8,40,17,15,5,16,18,14,13,32,45,14,9,31,36,12,15,17,17,36,35,30,14,13,32,10,9,17,20,21,17,13,16,32,34,12,18,15,16,16,13,10,14,16,13,10,35,35,10,30,18,10,14,42,31,34,33,16,13,14,11,11,19,45,21,10,32,14,10,30,7,19,37,16,17,14,32,13,10,14,11,15,28,14,16,17,15,18,29,40,13,16,15,13,12,16,15,17,34,21,13,14,19,12,12,12,21,19,16,17,36,13,39,10,12,47,27,17,13,14,20,19,14,18,37,18,19,41,13,21,40,13,16,37,32,16,37,16,17,10,16,37,19,35,16,37,11,40,14,19,9,17,36,15,18,17,17,13,35,39,18,33,18,23,28,34,21,19,17,10,15,18,29,13,34,27,20,14,31,8,16,22,37,43,32,40,23,17,15,18,14,36,38,14,34,15,16,14,33,39,18,14,15,10,45,19,18,12,20,17,19,21,12,14,15,33,42,29,14,17,10,12,20,21,33,21,14,13,13,12,14,23,9,20,16,12,14,17,13,15,31,12,34,14,18,14,26,12,12,17,10,33,13,11,16,37,27,36,30,16,37,16,16,17,13,39,12,19,14,30,39,31,29,15,34,15,16,15,17,17,17,36,18,12,10,21,15,16,6,34,42,12,17,13,6,11,14,20,31,36,30,14,15,11,16,19,39,16,16,22,7,16,33,23,18,35,16,9,12,9,19,11,8,15,28,10,13,19,47,10,41,17,24,14,34,17,45,13,35,15,6,14,15,24,15,39,31,16,8,39,18,14,11,39,23,39,14,22,31,42,22,19,9,16,22,17,15,10,18,15,14,19,13,24,17,37,20,20,20,44,33,16,38,13,19,39,19,30,17,13,41,10,14,11,11,15,15,22,36,19,31,11,45,36,14,20,39,34,10,22,14,13,21,31,34,12,13,13,35,13,8,15,14,18,40,19,33,14,40,15,13,16,11,42,12,17,8,11,15,37,12,20,7,17,18,13,15,8,12,18,17,11,48,10,16,14,18,16,31,20,18,34,14,13,12,37,18,36,18,20,14,13,11,39,15,12,34,24,10,35,36,36,15,15,28,19,38,12,12,16,42,17,19,17,38,37,9,8,37,13,12,34,15,15,16,19,15,18,13,28,13,16,15,42,8,10,36,18,16,20,35,14,16,18,19,21,19,13,13,40,7,35,21,23,41,12,17,12,12,34,17,14,17,35,25,14,18,42,14,12,14,9,12,12,13,19,40,14,19,32,12,15,22,16,14,9,23,15,14,16,11,18,12,44,18,20,35,12,41,13,13,39,13,18,39,18,17,50,42,16,12,15,12,12,11,26,23,12,18,15,17,17,40,17,13,11,33,21,18,16,15,22,32,36,15,36,37,19,14,17,37,34,17,11,39,40,15,13,38,12,15,28,13,19,17,20,12,16,21,14,15,19,13,15,11,20,18,15,17,33,16,27,38,18,16,13,34,32,15,29,14,14,33,13,17,11,13,14,12,12,35,17,26,12,18,12,27,16,15,17,17,31,17,31,34,17,25,23,18,12,43,31,11,41,18,13,19,25,18,11,16,21,30,35,11,32,14,38,22,49,27,11,15,19,15,11,17,14,19,19,11,12,33,20,10,15,15,17,35,28,7,30,18,33,18,11,24,30,22,14,14,18,13,11,8,18,19,21,29
39,12,16,15,14,35,18,13,33,8,18,12,20,38,28,14,16,16,15,13,14,25,19,18,14,18,14,33,17,10,14,13,13,18,39,14,22,32,37,34,10,36,11,15,24,16,18,14,12,38,13,15,12,14,17,13,15,17,13,33,13,10,14,14,12,9,10,19,13,14,11,13,17,41,17,14,32,17,13,12,34,20,19,8,35,9,14,17,20,12,20,37,34,15,17,19,34,16,13,11,17,17,11,46,35,13,29,16,13,19,12,15,16,15,20,33,41,33,16,15,15,35,37,39,19,14,6,20,39,15,14,20,39,16,9,15,18,13,22,31,17,19,22,10,10,21,16,44,18,29,15,15,12,33,20,15,18,13,14,28,35,19,21,14,14,18,19,8,12,10,12,32,16,37,12,46,16,13,39,20,9,33,33,35,15,18,36,10,15,15,35,15,15,12,19,21,16,13,19,14,15,19,13,12,34,20,14,21,13,17,13,12,20,12,16,19,20,10,13,18,39,12,33,12,35,19,14,16,9,16,15,25,32,10,12,14,13,14,36,10,15,13,18,41,20,34,15,37,15,14,32,17,18,42,21,32,14,10,17,13,18,10,13,17,17,29,18,31,25,16,18,19,19,15,16,14,39,16,32,19,15,19,20,16,12,42,22,14,16,33,33,9,13,15,12,19,16,14,19,35,15,18,15,30,35,16,16,40,11,12,34,19,13,36,11,15,30,44,15,11,10,23,16,17,37,17,11,16,17,19,11,15,19,16,35,29,15,15,17,15,16,17,20,13,18,14,18,10,16,14,14,17,13,36,36,19,36,16,13,19,24,33,11,16,42,38,15,14,15,20,16,13,16,36,19,34,34,17,19,16,14,13,13,17,34,17,37,34,16,21,16,13,15,19,11,11,43,34,12,27,20,14,12,19,15,11,13,30,23,14,15,20,16,37,15,12,16,18,7,31,16,17,47,17,8,10,29,13,16,9,42,37,14,16,21,15,8,22,35,33,33,21,43,12,13,17,38,13,13,18,11,19,13,21,17,41,13,17,31,31,12,14,15,39,16,14,13,13,21,35,15,33,16,23,14,16,18,13,13,13,13,32,25,33,37,33,39,9,19,43,20,16,14,30,35,13,13,39,20,9,10,39,13,35,18,27,13,20,19,40,16,27,17,37,6,25,40,14,27,15,13,11,32,18,20,17,16,12,13,21,13,31,14,33,18,19,32,8,11,16,18,16,18,12,16,13,37,13,16,31,34,15,19,11,15,11,9,17,16,17,20,11,18,36,17,14,37,23,40,13,32,12,30,14,15,12,42,12,17,13,16,13,32,12,41,37,12,11,17,14,17,14,14,18,32,37,13,18,18,36,16,35,42,40,16,15,14,16,16,40,34,15,12,14,11,12,11,16,39,15,31,12,41,13,20,38,10,13,10,38,39,12,17,13,35,11,21,15,8,11,11,13,17,9,15,18,18,22,35,13,17,15,7,30,13,17,34,29,37,33,17,10,35,20,8,19,18,9,36,19,35,16,23,14,30,38,13,15,16,13,15,41,18,16,13,10,37,12,26,10,19,8,13,17,17,16,19,17,7,14,33,16,8,31,17,15,39,13,14,13,13,31,16,20,17,9,18,32,36,16,10,10,11,16,15,11,21,13,17,18,20,11,16,13,13,10,9,19,19,11,17,36,14,13,14,14,15,9,30,38,16,16,33,32,13,15,32,19,20,23,30,17,17,23,28,20,15,19,12,18,14,19,11,10,13,15,31,16,15,17,35,37,17,17,36,32,12,12,10,30,11,31,40,22,29,17,14,13,20,18,35,18,13,10,28,16,30,36,11,9,16,28,34,14,14,16,33,8,11,35,14,32,11,19,34,6,28,12,9,16,17,14,12,11,28,12,32,19,19,11,15,30,19,19,15,35,15,14,22,34,17,38,11,17,19,36,15,39,22,24,17,12,14,12,12,13,19,11,30,14,17,17,32,21,33,17,16,18,15,40,38,32,37,10,18,9,13,15,15,18,15,38,14,11,11,17,9,16,24,12,12,13,13,13,12,13,14,30,16,27,24,20,19,13,15,10,17,37,19,14,24,15,18,39,15,16,40,13,19,14,21,38,15,11,16,14,15,34,12,15,23,17,16,12,13,8,12,11,14,9,13,25,16,14,36,20,36,39,23,18,16,11,18,17,19,30,9,18,33,14,26,29,14,12,24,15,34,14,20,31,24,14,14,32,18,38,20,31,41,20,13,17,15,38,14,15,23,32,18,8
35,14,10,41,17,11,40,42,38,16,24,14,43,39,37,15,10,35,27,35,9,34,36,13,18,35,33,34,13,21,29,12,33,7,11,14,18,38,40,11,11,15,14,32,31,14,15,16,9,17,40,12,42,19,39,14,22,11,18,11,13,10,16,15,13,14,15,12,12,16,16,34,16,33,12,19,31,33,17,19,38,16,16,37,27,10,21,14,13,19,32,15,11,12,16,19,35,16,16,35,22,23,6,18,16,16,16,14,12,14,18,14,39,16,16,31,19,17,11,37,16,24,14,9,6,16,15,16,15,18,19,11,18,9,33,45,19,20,13,13,31,12,16,11,15,15,16,15,18,16,38,19,38,15,14,13,20,11,37,18,18,16,16,6,16,40,16,16,37,16,17,13,26,31,39,11,21,22,15,9,31,16,11,13,19,42,23,17,27,40,13,14,13,27,12,12,14,10,9,28,14,14,40,14,15,11,30,14,17,12,38,14,37,14,17,18,33,17,22,22,29,13,10,13,30,12,15,10,16,9,36,21,40,13,13,28,32,19,17,12,31,16,14,17,17,15,14,16,21,11,18,15,18,48,23,10,15,14,12,37,11,32,36,13,42,37,10,22,13,12,17,12,35,21,12,8,25,13,16,13,19,14,12,17,17,19,13,10,13,13,21,22,11,19,29,14,13,32,14,39,17,15,14,9,21,14,16,15,19,15,18,14,10,14,37,18,12,12,11,35,16,13,17,14,14,28,13,13,16,13,41,16,40,8,16,15,39,12,15,10,16,13,16,42,22,14,10,16,32,10,21,34,15,19,20,17,14,11,12,14,14,31,8,12,39,9,10,11,7,38,18,15,13,12,11,13,41,13,16,15,13,30,36,35,12,12,39,12,29,9,34,22,13,17,11,15,38,17,20,21,15,13,41,21,10,10,14,16,17,16,16,37,14,14,32,29,12,14,12,21,14,43,33,27,17,14,29,8,18,14,10,14,33,14,18,12,18,12,19,16,15,19,33,42,6,37,14,16,20,17,16,13,24,17,14,17,13,16,38,39,14,11,16,12,30,18,38,20,10,13,7,15,39,39,14,5,16,13,14,12,12,12,16,19,16,13,12,19,13,33,17,11,50,18,18,14,31,26,8,15,15,19,14,14,37,30,14,17,20,15,15,12,12,14,36,39,13,15,15,18,22,15,15,31,17,16,18,19,20,24,17,14,38,16,32,12,21,37,21,15,13,18,15,20,13,13,14,18,18,13,12,41,13,11,36,15,15,20,38,14,28,18,16,24,11,30,14,23,29,16,16,8,10,13,14,22,16,16,18,14,16,15,35,16,31,11,35,14,36,14,15,38,8,20,24,22,29,29,37,9,10,33,20,33,15,15,21,18,42,38,13,14,18,33,19,12,7,15,8,18,20,20,18,15,19,14,35,41,29,18,15,33,14,40,11,13,16,18,37,13,16,12,11,35,19,11,11,9,21,16,14,16,20,19,12,20,16,15,19,28,40,24,23,17,32,16,13,41,16,9,14,14,35,15,35,13,11,14,17,35,12,22,17,18,25,20,43,12,19,43,18,18,14,33,16,19,30,11,34,17,18,38,30,9,18,35,10,35,39,12,34,16,31,12,32,16,9,15,10,21,19,33,31,14,33,17,37,10,17,12,25,26,35,12,15,19,15,12,12,12,8,14,12,15,18,21,20,32,37,34,36,18,16,36,18,40,16,40,17,17,43,30,18,11,36,13,31,20,33,19,25,13,23,20,20,38,16,35,36,42,20,14,16,17,17,18,32,18,19,33,16,14,18,19,30,14,15,18,20,37,19,17,32,34,11,13,12,17,45,10,18,29,19,19,14,9,13,34,14,14,10,39,14,40,20,15,32,35,36,19,9,11,34,15,21,6,15,18,14,32,11,22,33,15,33,16,16,18,14,33,15,14,19,17,14,17,14,13,31,15,18,15,15,20,16,15,18,10,20,17,17,36,27,16,20,17,17,41,33,16,12,14,18,15,16,20,19,14,16,18,30,32,9,14,31,23,16,18,36,9,13,18,15,18,12,15,16,15,13,16,36,15,6,14,19,13,15,14,41,10,37,36,15,23,12,14,11,7,34,17,18,15,34,19,14,14,38,35,30,19,14,9,14,28,13,14,16,13,38,33,12,21,39,20,12,12,16,30,13,10,41,23,36,14,39,18,18,33,16,13,33,15,16,33,36,14,14,12,32,8,19,37,13,32,36,36,13,29,12,29,19,14,13,9,18,17,14,12,18,32
19,20,30,15,10,11,27,14,20,9,40,15,42,36,17,17,33,20,36,13,8,11,10,37,35,41,43,30,9,11,20,21,33,9,25,15,13,14,11,16,12,13,12,38,14,30,39,14,18,12,17,21,15,17,13,17,14,39,12,16,18,17,34,35,40,15,23,19,45,17,35,13,17,22,11,11,13,16,18,17,18,35,17,20,21,16,14,13,41,9,15,18,18,18,12,19,40,13,16,13,11,16,11,37,32,19,15,17,14,15,24,11,20,14,33,18,21,33,28,19,15,14,40,15,11,17,31,14,14,16,14,20,14,8,12,11,29,12,48,43,21,11,38,9,14,12,16,12,9,17,43,17,12,37,13,12,33,17,34,17,13,42,40,15,16,35,32,17,15,15,12,19,11,15,39,34,13,17,15,12,14,17,12,38,11,10,15,19,19,21,15,14,13,28,15,11,20,13,14,32,17,18,35,37,15,17,18,18,36,12,11,38,28,12,46,36,37,18,19,44,16,13,12,31,19,39,13,8,7,13,12,18,34,15,17,11,33,11,10,13,17,9,11,13,39,10,8,16,34,35,12,28,32,15,14,35,17,19,18,14,16,34,6,18,14,14,9,14,38,19,8,11,16,37,16,16,20,18,16,16,12,17,12,10,20,7,14,19,27,16,12,41,16,18,11,16,26,43,28,31,11,16,14,37,20,41,14,28,13,17,15,17,33,8,9,20,35,17,18,12,10,8,18,42,40,20,19,18,12,10,18,34,17,14,43,9,18,14,17,16,13,36,12,17,38,5,15,36,36,11,32,8,14,20,18,17,35,31,20,20,10,12,15,18,16,31,15,32,15,31,44,20,31,16,15,32,11,30,22,13,31,13,18,19,16,35,10,14,17,19,15,45,33,38,17,13,42,11,12,36,14,22,10,15,15,38,10,11,41,34,18,12,14,12,11,19,15,18,15,29,20,11,15,15,15,39,13,40,20,14,14,14,17,13,12,14,19,17,31,38,13,39,17,13,9,16,11,9,30,51,11,14,35,16,11,21,15,19,17,39,11,35,36,14,22,11,34,16,9,15,19,15,21,44,45,26,16,34,37,31,36,9,20,11,19,14,35,35,18,19,21,34,9,40,16,20,28,13,17,27,15,15,12,21,24,12,32,18,10,12,13,35,15,11,13,11,12,15,12,20,14,20,9,21,47,10,21,16,34,13,11,34,40,15,15,14,20,20,16,15,10,14,41,12,21,33,28,32,42,16,16,8,21,12,16,31,11,10,43,16,12,10,19,13,27,37,29,30,10,33,33,11,21,17,13,11,19,16,22,14,19,12,14,42,9,14,16,11,17,16,14,42,19,13,17,37,13,14,30,11,35,14,18,8,41,37,32,43,12,11,15,10,17,20,6,15,35,13,15,17,37,16,39,29,32,15,12,18,14,22,35,17,10,32,42,15,38,18,22,16,35,13,13,12,16,39,9,13,14,22,29,16,33,17,13,18,10,21,32,16,12,40,21,14,19,16,16,14,42,24,17,35,16,20,21,38,12,12,21,16,40,15,15,20,34,19,13,40,12,37,34,10,13,20,21,37,31,17,12,13,16,14,15,37,38,42,24,16,14,16,13,41,13,15,13,11,16,49,23,13,15,10,21,13,12,16,17,33,16,12,18,10,9,41,33,20,19,13,10,15,17,17,13,13,38,6,15,27,19,30,9,20,16,18,32,13,11,18,33,12,14,16,19,16,12,12,14,12,13,14,18,18,31,19,19,14,14,17,13,20,15,37,34,12,16,26,11,11,17,16,17,15,16,20,18,40,13,21,17,18,16,12,14,25,13,31,9,12,11,35,15,11,17,32,12,21,15,17,40,14,15,11,14,38,31,20,14,10,9,16,23,30,38,19,39,21,17,18,17,12,15,16,14,20,29,14,9,14,23,16,14,14,49,8,24,17,10,20,14,20,15,32,12,35,11,18,12,12,19,16,29,20,16,11,18,12,42,17,17,18,14,12,42,21,15,15,17,7,15,39,30,36,20,12,16,17,18,25,10,8,9,17,19,40,15,18,20,17,13,13,14,33,21,21,17,12,21,17,18,12,13,12,28,18,8,19,20,16,18,16,38,35,9,15,36,34,16,36,17,25,23,14,19,22,14,38,15,17,20,13,19,16,20,40,19,38,16,32,18,14,40,15,13,35,22,15,18,14,14,9,13,20,12,15,19,18,32,18,30,18,38,16,14,36,34,34,19,17,18,9,17,14,13,14,17,20,14,11,20,37
18,34,17,18,19,16,10,22,17,40,19,17,20,11,11,8,40,22,35,20,15,32,12,16,28,19,16,13,14,7,14,33,31,40,19,11,15,12,40,12,19,20,17,36,14,13,38,13,19,18,17,13,10,20,14,16,38,31,35,19,16,15,18,15,15,17,11,15,15,17,39,22,16,42,14,37,13,15,3,11,13,11,23,14,15,13,34,18,12,13,8,15,14,36,43,38,19,10,38,31,35,16,14,33,14,33,14,16,27,34,8,39,14,11,31,36,24,14,28,16,15,17,13,19,11,39,22,19,9,19,10,34,34,17,15,21,13,40,14,34,17,18,15,17,16,31,19,17,35,17,6,10,15,16,13,32,17,11,13,14,30,35,43,12,15,12,11,40,11,16,16,22,21,41,35,32,14,44,20,31,16,12,13,21,18,17,21,12,43,17,15,15,17,18,18,24,9,15,34,17,15,12,15,17,19,15,16,13,20,46,39,14,11,38,33,32,33,17,17,19,13,11,20,31,32,13,23,12,39,30,12,13,13,19,42,14,36,19,19,36,19,14,17,16,13,32,19,13,32,11,30,30,41,16,45,7,28,14,11,16,12,13,32,11,13,14,15,22,23,11,10,16,15,12,14,40,22,14,15,10,14,38,16,18,11,7,13,13,17,36,19,13,15,10,33,15,19,18,16,16,19,40,14,13,10,18,37,33,16,15,18,18,17,25,34,12,36,17,16,12,19,13,24,18,35,8,31,29,17,25,32,38,8,35,8,37,19,14,14,35,27,37,32,11,17,15,14,17,11,15,14,16,19,14,13,11,14,12,17,20,14,8,41,28,22,35,17,12,35,14,15,11,13,13,22,17,16,30,37,36,17,19,20,13,14,36,21,14,18,20,30,16,8,30,20,15,22,16,36,13,13,15,31,15,34,17,20,29,11,37,13,16,17,15,19,20,16,17,17,19,16,13,16,13,37,17,39,10,12,13,12,12,20,38,13,18,20,19,11,16,12,14,9,42,35,19,31,17,8,20,8,19,11,13,16,19,14,15,38,13,15,14,15,19,15,15,13,19,15,23,12,20,39,19,8,33,18,34,12,16,42,36,38,16,13,40,13,12,14,18,28,19,29,14,42,29,24,16,8,35,14,19,17,36,14,17,14,22,12,35,21,16,18,32,16,13,13,13,15,18,11,21,10,12,12,32,31,12,35,12,32,17,19,18,41,17,19,17,19,13,28,20,33,12,37,39,19,29,17,18,16,14,14,14,32,19,13,35,13,17,16,35,11,26,14,17,13,10,11,14,31,17,11,15,20,12,35,20,13,37,15,44,35,14,40,35,15,12,16,9,14,15,17,13,14,13,41,17,36,34,34,12,16,11,15,18,9,36,19,21,41,35,10,35,15,11,12,7,10,9,9,14,7,14,19,12,15,31,17,12,35,16,33,16,15,39,36,17,36,34,19,12,21,13,18,35,12,17,27,15,18,14,31,40,12,11,18,28,37,16,28,13,16,13,20,40,11,42,9,10,20,44,13,17,10,8,14,18,17,15,34,17,41,16,23,12,14,18,10,6,14,14,16,12,16,10,17,9,25,22,20,20,9,10,14,13,14,16,39,35,12,31,16,9,13,16,18,36,32,31,17,13,16,15,18,20,13,40,16,14,17,15,23,15,16,12,15,21,12,12,40,17,16,18,14,18,17,14,18,27,19,17,10,13,40,24,16,32,26,10,12,13,19,27,22,10,20,19,19,12,21,27,10,15,14,12,13,14,18,10,9,41,17,36,14,18,36,10,16,15,13,8,12,14,20,30,17,17,13,14,42,44,13,19,13,17,31,7,16,11,38,34,9,14,15,16,15,14,20,13,14,13,14,32,10,16,17,10,16,39,12,19,15,17,24,37,33,16,10,20,18,12,36,32,11,18,21,29,11,15,34,36,38,18,10,21,15,27,33,8,20,12,12,37,32,10,13,37,37,37,40,32,36,26,45,15,16,27,19,12,15,37,13,10,15,13,16,15,21,19,18,12,41,13,42,15,15,17,18,16,13,34,12,40,16,20,36,31,33,15,39,15,20,17,14,38,12,15,26,13,11,17,42,18,12,46,35,15,9,17,28,20,8,12,26,8,11,29,19,41,20,19,10,39,20,15,21,18,38,23,40,34,15,15,37,34,16,30,33,13,19,32,42,10,14,30,16,13,14,35,15,38,15,13,32,18,10,14,15,16,12,15,18,32,26,11,11,42,11,11,14,11,12,36,13,11,11,12,18,17
36,13,34,15,26,38,33,13,11,32,17,15,14,17,31,37,34,14,39,15,35,41,11,20,21,31,19,16,23,20,16,38,33,18,19,17,15,17,17,31,12,17,13,27,11,15,20,40,16,9,19,41,15,14,16,31,14,36,16,38,15,10,13,14,15,17,37,11,38,14,12,28,21,12,18,32,11,17,14,30,12,15,16,12,10,23,22,13,19,21,16,11,44,16,10,12,16,15,36,36,24,17,9,17,12,15,17,17,14,12,17,10,44,19,13,16,17,13,18,9,11,22,6,17,12,15,12,17,17,15,16,28,15,14,12,11,17,34,37,11,11,33,11,16,20,36,16,30,18,30,7,10,16,15,16,10,10,14,18,14,11,17,18,15,14,16,15,18,14,15,9,35,16,14,17,14,10,15,14,19,21,14,37,38,39,18,19,8,14,34,17,8,47,40,19,17,16,16,14,35,23,21,14,17,39,22,13,17,31,16,32,12,34,13,14,42,16,13,14,40,34,20,14,19,11,20,33,27,16,13,15,20,33,15,37,18,15,13,11,33,9,14,18,14,22,19,12,35,14,15,19,35,17,17,13,15,15,37,14,17,17,16,15,15,18,40,15,19,11,39,11,14,14,18,35,19,30,16,9,12,16,12,8,33,37,16,24,11,14,22,21,14,14,15,14,15,13,29,32,33,39,15,17,13,14,15,12,10,30,11,37,19,15,16,15,17,14,11,12,15,16,35,8,14,20,17,39,14,15,14,19,16,42,13,13,19,13,18,16,19,11,42,40,14,16,17,20,18,13,14,37,23,19,12,17,14,17,9,37,15,16,41,36,28,14,17,14,14,18,14,17,33,11,10,16,33,14,40,12,11,38,16,14,16,18,23,15,10,15,40,14,16,18,23,32,13,14,22,31,31,20,33,18,14,20,33,13,15,8,11,38,14,34,11,7,12,21,28,31,29,15,33,11,34,38,23,18,25,20,19,39,16,31,16,13,17,33,11,16,17,36,37,9,28,12,17,15,18,18,10,35,10,13,19,35,15,17,26,42,8,34,11,9,15,38,14,14,13,14,19,16,27,14,13,34,46,16,21,14,10,22,12,18,15,32,15,9,5,17,20,38,9,23,19,41,15,10,36,13,17,12,15,36,18,33,25,12,20,17,29,15,16,13,16,30,15,16,16,9,17,18,19,18,17,13,37,14,14,16,10,14,34,19,36,16,16,13,18,11,18,12,14,19,15,16,34,18,24,12,32,17,16,22,15,38,19,13,32,15,24,33,20,16,36,20,15,17,12,22,12,16,15,20,18,15,33,15,19,15,18,11,12,12,14,17,31,17,13,39,40,12,19,17,14,21,39,20,12,12,11,34,17,39,41,21,22,10,19,14,19,15,12,33,17,37,12,39,15,16,38,15,19,35,16,17,28,12,36,18,14,14,12,34,35,19,45,9,15,34,13,11,13,22,12,25,16,13,17,13,11,17,35,14,15,16,20,16,15,13,14,16,14,35,13,35,14,13,12,17,30,14,12,14,26,38,17,14,11,16,10,11,30,16,15,16,31,14,36,13,17,39,9,16,36,29,11,38,32,10,21,16,15,13,10,20,18,19,35,13,39,37,40,37,35,12,36,10,14,17,14,19,22,14,30,14,16,14,12,15,17,10,29,10,27,26,20,31,13,17,33,26,16,20,14,14,17,33,24,12,42,12,12,37,17,10,14,14,8,27,8,31,10,18,35,15,15,10,14,39,21,16,36,12,16,7,33,9,12,11,33,16,36,16,18,20,23,12,14,20,37,13,14,15,14,13,20,14,29,9,23,14,25,17,22,21,23,40,18,35,29,20,16,13,9,11,34,16,20,10,18,16,36,37,14,21,43,28,15,12,14,16,13,37,38,19,38,36,17,37,16,21,34,31,33,18,10,38,19,38,35,16,12,15,25,28,11,16,33,14,11,12,39,44,9,29,19,16,18,39,18,38,19,22,10,18,12,18,34,17,22,8,13,18,14,15,18,13,22,11,10,19,10,13,16,18,13,19,16,20,16,21,13,22,43,13,19,29,34,35,13,29,6,14,16,16,11,18,18,15,34,34,12,19,18,13,16,9,14,18,17,14,17,12,37,22,39,18,19,17,13,38,28,23,12,9,18,18,16,28,36,19,21,16,12,17,13,27,17,16,12,31,26,9,26,16,32,16,23,12,16,13,43,21,11,28,15,13,12,13,13,15,12,22,34,10,13,11,18,36,14,15,37,8,12,19,14,16,21,31,13
21,18,33,35,19,15,34,12,17,16,12,11,14,51,17,37,13,35,19,13,12,28,14,14,14,19,17,10,34,17,39,17,29,33,7,20,14,17,18,14,10,13,11,16,12,12,17,11,12,44,19,14,17,15,32,14,19,23,15,16,16,38,39,13,18,16,17,39,9,16,18,21,18,17,13,16,21,39,14,18,16,7,11,20,16,13,27,42,17,32,16,34,37,19,12,15,11,17,14,15,43,18,23,11,14,15,19,17,37,16,23,23,10,35,17,19,32,41,14,17,14,16,16,13,17,34,18,13,16,31,13,15,9,10,11,30,20,17,16,12,33,39,40,16,33,14,44,45,36,45,38,11,14,19,19,28,14,14,33,12,10,13,13,12,38,14,33,37,15,36,12,33,14,37,30,17,16,16,34,45,8,13,33,16,43,17,30,16,14,33,17,16,18,17,17,30,29,11,13,14,17,19,12,19,10,34,14,26,12,11,15,13,17,40,13,10,17,17,15,16,13,32,9,17,41,22,20,16,35,13,11,10,14,8,13,15,17,15,32,13,22,29,15,13,34,16,15,11,21,12,21,19,12,20,12,31,9,13,12,15,18,10,33,15,17,17,15,17,20,16,13,11,11,15,19,38,32,34,12,15,35,15,10,16,19,13,12,18,40,12,41,12,14,12,15,19,42,12,31,33,37,16,35,12,32,41,33,12,16,13,33,18,11,19,16,16,13,38,18,16,9,21,19,14,35,11,39,37,46,38,19,21,18,14,20,16,25,12,19,14,16,31,12,39,18,44,40,21,11,18,16,13,21,44,13,15,19,11,19,10,14,18,46,17,15,19,10,35,27,15,11,33,12,31,15,16,14,14,18,10,34,20,15,18,32,17,39,11,15,36,16,20,38,34,15,14,12,10,15,9,13,35,12,18,36,15,8,47,17,30,19,24,15,37,17,12,15,27,31,16,34,13,36,32,32,15,21,18,16,44,13,12,16,13,37,30,14,17,11,13,22,18,23,32,15,13,35,17,12,17,9,11,35,19,13,28,13,20,18,15,14,11,17,20,14,14,38,41,8,17,19,14,10,30,38,14,15,39,43,11,32,34,13,22,23,20,13,17,40,10,35,14,16,35,16,37,19,19,33,17,17,28,40,28,15,19,39,16,11,20,14,21,24,11,31,14,8,12,20,17,14,33,17,37,28,36,10,18,10,9,16,6,16,13,11,15,16,40,35,11,15,5,13,14,14,20,10,17,18,15,35,42,16,15,14,16,19,17,12,17,11,15,14,31,27,26,14,12,38,19,12,14,32,15,35,14,27,15,41,13,14,25,12,13,36,16,15,27,16,21,39,24,36,17,11,16,13,16,16,13,14,16,16,19,16,11,17,15,43,35,17,30,16,42,10,9,12,17,35,15,12,14,15,12,40,10,15,20,35,10,35,34,17,7,31,37,18,37,44,18,41,16,32,38,11,35,13,16,22,38,23,18,35,13,20,12,42,20,15,12,33,12,35,20,12,13,12,15,11,11,21,13,22,21,16,16,19,35,22,22,37,17,14,10,17,15,16,27,15,39,18,18,15,21,17,19,17,16,16,12,12,37,19,16,19,23,36,37,19,13,15,15,15,17,38,11,19,12,12,27,19,12,14,40,32,16,20,5,15,15,32,9,13,15,16,17,37,14,19,14,24,27,14,15,14,35,12,16,17,16,21,14,18,16,38,28,15,13,45,34,18,19,20,13,15,40,34,17,13,7,33,12,34,18,17,12,18,11,32,11,13,12,11,14,37,37,18,37,13,16,18,9,17,44,11,34,19,14,15,40,30,13,35,13,12,18,12,37,33,34,10,34,39,7,14,17,33,19,13,14,44,34,17,18,11,26,17,9,28,35,20,10,42,36,26,15,16,18,39,18,13,38,13,19,18,17,20,16,36,33,19,9,13,17,16,18,18,37,19,17,14,16,17,13,37,19,17,15,19,21,21,38,20,20,31,18,29,15,16,38,18,17,23,14,20,15,43,37,30,19,15,45,12,17,10,36,13,11,17,22,17,15,19,35,13,14,13,37,13,40,43,16,11,16,15,17,20,13,34,16,10,16,17,15,14,14,16,15,35,19,36,20,13,15,18,20,19,37,35,14,38,16,41,17,12,18,36,12,12,13,17,22,17,17,32,17,13,13,15,12,20,19,14,8,12,41,28,36,36,41,9,16,29,13,40,33,17,19,17,12,15,16,37,26,15,11,28,15,16,11,13,7,13,11,20,15,15,13,44,14
10,15,12,35,12,10,14,40,16,22,21,14,19,16,10,8,31,15,19,34,31,17,34,15,12,14,14,13,32,25,26,8,16,15,37,13,34,36,42,20,25,16,9,16,29,36,19,30,31,12,31,19,35,25,17,15,9,14,34,17,11,39,15,19,10,12,35,18,30,16,31,17,27,9,37,11,39,13,40,39,34,17,34,16,16,14,17,13,42,16,15,19,11,19,36,19,15,18,8,18,8,17,17,20,18,14,39,37,11,17,8,35,15,16,11,35,13,18,10,9,7,17,11,43,38,40,10,16,12,39,9,33,33,25,13,44,35,14,15,11,12,16,8,12,13,16,40,40,9,16,11,33,14,13,12,10,17,35,14,11,18,13,13,36,12,10,12,12,26,15,14,18,23,6,17,16,17,8,13,35,14,11,15,21,44,24,39,21,36,12,13,11,14,17,9,15,35,18,13,13,16,27,35,15,21,36,10,32,14,11,16,18,11,11,37,13,12,12,13,16,30,20,7,37,13,14,37,9,27,13,14,14,18,10,10,13,33,15,6,15,16,39,15,10,39,13,11,17,36,19,16,16,11,19,17,13,29,13,29,17,10,16,44,40,41,13,20,14,19,35,11,32,32,10,21,16,31,39,33,13,17,17,15,14,16,13,14,8,9,14,15,36,19,15,17,16,19,17,18,18,26,9,40,17,13,46,9,18,36,12,35,17,18,8,40,15,14,16,18,30,18,19,14,34,12,13,20,13,41,34,30,11,13,14,11,29,33,15,23,14,11,15,34,20,20,19,11,14,13,19,12,36,43,11,16,36,42,11,19,27,15,13,17,14,31,15,14,38,15,20,9,10,16,34,19,13,16,12,14,11,13,22,21,31,16,36,16,20,29,33,31,33,19,20,6,37,33,13,14,16,11,12,13,15,17,14,17,19,17,18,10,15,15,17,17,30,35,28,20,11,18,8,7,22,18,47,18,28,16,15,14,17,34,14,31,15,19,13,12,9,34,21,11,43,14,18,16,31,33,16,17,18,25,21,37,27,22,18,22,15,19,32,13,19,12,22,15,17,31,16,12,15,25,13,19,17,13,16,13,18,14,16,12,15,13,18,19,15,19,37,14,18,35,21,19,9,16,43,10,41,28,33,17,19,10,14,14,13,19,39,33,30,14,18,14,37,21,15,17,16,13,14,35,13,15,35,7,14,16,11,16,15,18,17,14,10,41,22,18,17,12,13,18,18,19,15,21,12,36,38,14,31,23,31,16,20,14,12,16,33,20,18,39,13,21,18,31,19,35,12,31,15,12,11,11,14,13,13,23,13,16,13,13,29,15,14,19,36,14,15,12,36,17,11,34,33,14,16,17,15,17,16,4,32,12,16,11,15,34,15,33,13,17,14,12,40,12,13,38,14,41,14,14,16,11,14,15,16,18,14,12,15,36,12,13,16,17,15,14,38,35,21,9,15,16,14,16,15,17,34,17,17,20,18,17,13,14,12,15,11,24,34,16,19,15,12,11,32,14,14,11,14,23,32,40,12,29,18,40,21,16,10,14,15,12,40,17,11,15,19,17,20,19,12,19,20,17,14,14,19,7,15,37,14,20,15,11,31,16,14,22,17,22,16,9,35,16,42,17,38,33,19,19,12,35,12,15,10,22,34,40,32,11,20,11,9,35,15,14,19,14,42,11,17,38,10,14,17,20,16,9,14,19,14,12,14,38,14,31,39,11,22,20,18,16,36,16,32,38,12,33,15,25,17,16,20,13,38,11,14,41,17,35,15,36,11,15,19,36,16,14,20,21,31,15,19,14,31,17,10,8,41,12,11,23,7,12,12,14,38,13,21,19,42,13,17,19,33,10,20,16,15,17,17,13,21,15,34,28,14,19,9,14,34,14,13,14,15,16,30,12,17,19,19,11,13,19,13,38,19,37,19,13,15,14,19,9,11,13,11,31,17,12,36,13,41,11,16,15,21,11,36,17,39,38,32,38,19,32,22,31,15,37,10,15,20,13,15,28,40,22,15,17,14,21,36,7,14,9,30,25,8,13,9,13,12,12,12,30,34,19,15,17,21,40,18,18,12,33,34,14,12,15,13,17,26,11,30,10,21,19,22,33,37,44,13,36,39,17,9,20,18,14,15,30,11,15,31,15,12,12,19,16,32,13,16,13,23,19,37,12,13,36,20,14,11,19,18,12,12,40,14,11,13,9,19,33,16,33,13,38,20,14,16,9,11,34,15,9,20,12,35,22,40,24,11,15,23,45,29
26,41,17,12,17,19,15,14,15,44,20,33,37,12,20,18,19,37,39,16,15,21,20,12,11,14,46,18,12,14,9,19,12,34,18,12,34,16,22,12,16,12,12,11,17,16,34,11,15,8,41,32,14,13,17,16,13,11,14,35,13,17,10,8,13,10,35,14,12,12,19,15,31,35,13,41,38,9,21,16,16,14,14,37,37,16,16,13,15,11,33,10,20,32,16,10,19,12,12,16,11,16,9,39,41,28,15,23,15,11,34,12,15,29,48,12,16,14,17,13,11,10,12,8,10,39,28,15,35,16,18,8,38,19,36,13,18,11,12,10,11,30,17,11,13,10,15,16,16,33,36,19,10,31,39,13,31,14,14,16,13,13,15,36,18,34,44,16,16,17,13,15,11,11,14,18,15,10,16,15,13,30,38,18,13,40,17,20,15,34,8,35,16,38,44,41,16,37,10,15,15,28,16,15,16,39,17,11,9,21,14,32,15,36,15,20,34,11,20,34,16,28,19,16,14,18,17,13,14,13,13,13,12,15,14,34,45,18,20,38,15,19,18,11,19,11,16,37,18,14,19,10,16,16,14,19,14,15,11,8,19,21,20,14,37,16,14,13,15,11,42,19,32,13,15,18,39,8,14,11,22,15,15,13,14,33,14,14,13,10,36,14,17,16,17,11,11,39,12,36,8,15,41,36,18,31,15,17,14,11,17,18,12,12,14,21,19,38,16,21,38,12,19,31,17,23,34,19,14,15,19,21,15,19,16,33,40,17,17,40,16,15,16,15,14,21,23,30,31,21,11,13,23,38,18,38,41,23,13,37,31,35,19,15,13,32,9,14,41,34,32,20,22,31,12,30,10,11,14,13,17,38,41,11,14,14,12,16,10,19,21,11,31,14,14,18,30,30,37,35,15,19,15,13,11,11,29,21,38,30,17,16,37,20,40,15,17,17,21,20,15,13,18,37,16,14,40,17,14,15,34,13,38,11,37,11,16,14,12,13,13,38,19,30,36,37,10,14,17,40,13,10,14,18,33,11,33,30,9,29,14,16,12,17,34,17,11,36,31,32,30,32,16,18,18,14,14,18,16,13,17,32,13,18,38,38,22,31,20,15,13,18,19,14,12,33,14,15,11,13,17,14,17,13,5,15,12,18,15,26,34,19,21,17,13,18,21,38,30,31,12,14,11,14,17,35,31,42,17,17,18,18,31,19,44,30,20,16,14,19,14,17,11,17,13,10,22,16,36,13,19,17,41,12,26,16,11,15,14,41,11,36,42,17,13,17,17,11,34,12,18,36,21,31,34,36,37,31,13,34,16,20,10,13,9,32,14,19,16,34,15,31,33,14,19,14,9,18,12,16,38,11,12,17,14,15,38,9,17,14,12,35,28,40,18,12,16,12,36,12,19,13,16,16,16,29,16,31,35,17,38,13,12,31,17,33,34,18,40,43,18,11,10,17,27,18,16,11,36,14,17,16,16,17,37,10,34,10,15,16,15,16,51,11,16,17,18,36,19,21,12,38,20,11,18,17,13,19,42,14,15,12,18,36,17,18,17,22,12,16,12,17,35,9,13,11,15,32,16,18,35,34,17,25,36,19,18,7,23,17,17,17,16,15,15,15,27,39,15,18,12,18,31,39,19,19,16,28,36,15,9,10,12,10,39,15,31,27,27,15,12,13,9,42,13,36,15,40,33,39,10,37,10,17,38,15,15,29,14,13,27,39,25,14,35,12,9,13,10,36,17,16,17,10,16,17,24,11,17,9,12,11,36,8,11,15,14,14,16,19,20,17,22,11,16,35,11,17,13,24,13,15,36,15,18,21,15,10,31,14,14,35,16,19,32,36,14,43,16,16,14,10,35,11,10,11,32,18,15,38,14,12,17,27,44,19,11,11,20,37,12,37,39,19,35,19,34,36,10,34,10,33,39,17,12,17,10,21,14,13,32,41,17,13,18,17,31,14,9,23,13,47,19,37,11,40,15,18,30,15,14,35,11,20,22,15,23,18,15,15,22,14,15,14,17,14,15,15,15,19,16,10,36,36,17,39,20,11,37,33,17,17,19,23,36,14,36,19,13,15,14,19,37,31,34,15,15,14,30,35,28,12,15,18,14,12,12,17,13,30,15,32,12,15,29,16,17,34,31,21,18,20,30,37,11,37,15,14,13,9,18,19,14,10,30,21,18,39,14,19,21,16,19,28,19,20,16,13,19,13,33,18,37,13,8,15,13,39,16,12,15,40,16,18,14,11,16,16,34,8
42,14,18,14,15,41,14,20,37,18,13,31,20,20,14,20,9,36,20,41,35,16,13,17,15,44,14,10,15,14,22,13,16,20,34,11,15,7,16,38,15,38,14,14,12,47,15,19,35,35,11,12,19,15,13,19,21,16,17,41,14,11,17,34,16,14,18,19,35,12,29,38,22,12,40,29,10,12,14,13,32,15,16,14,21,15,14,17,39,13,14,35,33,38,17,14,13,10,15,33,19,17,14,29,19,14,11,15,40,16,14,16,36,12,16,33,33,38,10,16,14,33,31,15,41,35,13,14,16,17,13,12,16,39,18,11,12,8,14,40,16,28,15,30,41,20,19,8,19,35,17,12,16,28,17,19,21,13,38,17,32,14,16,13,13,25,16,34,16,35,18,14,31,12,11,12,35,10,11,16,13,15,20,14,12,13,15,12,15,19,18,15,19,20,16,11,14,31,26,39,39,14,16,11,19,17,14,31,14,16,24,19,34,41,11,12,41,14,34,13,15,11,16,27,15,14,18,18,11,37,15,12,14,22,37,33,40,13,13,12,12,11,11,8,14,18,14,42,15,12,11,11,10,34,13,12,36,33,37,19,19,13,19,11,10,13,16,18,13,18,41,14,9,15,17,13,12,15,14,40,38,16,18,41,26,18,14,11,13,15,39,9,8,11,13,16,34,42,15,36,14,19,14,12,46,42,33,25,16,18,17,18,34,7,19,20,15,15,34,20,21,14,40,12,13,34,35,15,14,34,29,36,12,36,15,13,16,14,41,15,11,11,7,39,13,14,18,21,13,15,40,14,13,8,30,13,41,26,34,43,13,21,12,33,16,41,14,12,17,35,13,13,16,9,11,24,14,23,16,33,12,14,15,17,17,14,17,38,29,11,35,17,18,8,40,14,36,13,37,33,14,32,17,16,14,13,18,19,19,34,13,16,18,21,15,17,34,20,14,18,41,19,19,32,32,17,19,9,14,8,18,14,11,17,41,38,20,10,19,12,22,20,17,12,13,36,16,11,17,10,18,13,18,13,37,19,15,14,16,10,19,16,21,33,32,14,17,14,7,44,34,12,17,23,19,17,37,35,20,10,11,14,36,14,12,22,13,14,41,36,16,35,32,12,24,8,14,14,13,11,20,14,9,16,20,17,11,14,14,31,20,25,17,18,11,30,15,15,10,19,10,14,11,13,16,14,36,12,18,16,20,11,15,41,21,16,13,18,38,35,40,13,16,16,19,20,8,10,16,14,33,19,14,17,34,28,9,18,37,9,32,8,18,16,13,35,16,17,26,17,10,12,11,15,38,12,14,18,21,12,12,15,15,17,20,11,13,12,17,16,31,15,28,16,16,38,26,37,16,10,16,20,19,11,30,17,31,42,12,11,14,13,19,30,12,18,14,16,11,17,16,13,15,36,14,14,11,16,20,17,20,31,12,12,23,13,16,16,10,13,14,14,29,31,38,24,32,31,33,11,28,13,15,13,14,35,15,36,12,18,15,7,32,29,30,9,35,13,44,18,10,12,18,11,14,13,18,11,13,13,7,34,37,15,18,32,16,19,19,13,25,13,19,12,30,39,12,38,16,15,13,12,29,28,18,22,37,16,21,16,28,13,15,9,27,14,36,13,27,33,18,18,20,16,19,30,14,16,15,40,19,35,9,15,17,17,8,42,34,12,12,16,17,9,14,17,17,9,19,45,33,14,15,15,15,13,15,16,14,12,17,15,17,18,10,10,37,37,35,10,12,39,14,17,20,11,16,21,11,16,17,15,20,11,19,18,31,17,20,15,32,38,11,37,40,10,14,41,12,15,37,17,16,25,9,39,38,36,15,15,41,10,19,10,16,14,14,20,13,17,12,28,15,16,32,15,14,21,17,23,10,22,18,31,19,27,11,28,35,10,19,16,16,14,12,21,15,12,8,22,42,16,15,19,22,12,14,16,27,15,14,38,14,16,19,19,15,14,14,41,15,16,14,18,19,16,12,18,16,14,18,20,38,15,9,26,12,11,45,13,37,38,15,31,12,17,12,31,20,40,13,13,19,33,18,16,17,37,8,15,17,16,15,14,17,26,8,17,11,14,18,26,32,12,15,10,10,35,8,19,14,13,37,9,36,13,13,18,15,33,15,11,9,31,36,17,12,31,7,13,17,39,19,11,10,15,16,18,38,13,32,13,14,14,15,15,11,21,38,5,15,7,9,17,17,10,13,6,34,15,25,13,37,7,14,14,16,30,10,12,15,41,18,35,14,11,11,20,14,12
16,42,19,16,28,36,17,15,39,14,20,19,12,31,41,17,13,36,23,8,11,12,13,14,29,38,15,19,12,39,15,12,32,19,9,13,16,14,15,39,34,13,34,20,25,18,39,17,17,37,12,13,41,14,35,21,17,15,31,33,13,27,16,25,30,36,17,18,19,39,14,20,11,13,37,16,43,18,16,18,17,6,15,11,10,12,42,17,27,19,44,16,21,17,30,9,19,18,34,31,14,13,11,17,41,18,14,37,11,34,16,40,43,15,20,35,11,37,11,13,11,11,14,19,41,19,37,16,18,15,18,42,17,16,16,11,15,41,18,14,38,17,34,37,39,31,17,13,11,21,16,32,15,12,24,12,10,17,14,17,34,15,19,14,10,13,30,14,39,20,11,14,15,18,15,12,15,42,16,15,34,30,33,12,7,17,11,18,14,15,15,11,40,17,31,20,40,19,22,17,16,21,24,37,33,18,10,14,16,12,37,34,11,13,19,11,22,38,30,13,16,15,17,16,15,10,12,12,17,15,41,18,36,19,16,30,43,15,12,15,33,13,17,15,13,19,17,18,13,18,13,26,31,10,16,20,10,14,22,13,13,14,18,35,17,17,15,13,12,38,38,14,22,17,40,13,12,15,36,41,36,18,36,10,30,36,30,36,37,22,12,15,22,16,11,11,38,14,14,12,15,19,9,19,16,36,40,24,9,33,20,20,36,21,37,28,16,13,14,36,15,15,10,40,15,19,21,16,17,19,19,16,16,18,16,29,14,37,39,13,19,17,14,12,18,12,11,16,19,13,18,13,35,15,30,40,29,7,13,12,13,18,18,20,17,12,20,15,10,12,20,13,19,14,12,15,14,11,9,14,37,38,18,16,13,12,18,17,24,11,11,19,20,20,12,19,39,10,17,44,17,33,13,18,13,20,11,17,13,41,38,11,35,15,17,15,14,35,35,17,7,12,9,10,14,38,39,13,15,20,26,17,13,15,15,16,39,8,17,20,16,14,34,18,18,36,12,18,38,20,17,10,8,23,15,31,15,36,31,11,15,39,33,16,13,24,19,20,37,29,35,20,15,16,20,19,15,15,31,20,24,35,22,26,15,37,17,15,8,35,21,14,12,13,12,19,18,36,19,36,25,18,19,37,21,33,14,19,33,16,38,8,20,20,14,33,10,41,14,10,16,15,26,16,8,40,16,37,16,16,17,15,18,15,19,19,35,15,7,13,17,11,11,15,12,7,17,18,6,14,14,14,15,35,18,19,9,10,20,17,17,25,9,16,34,16,17,8,13,36,39,16,18,34,39,13,17,15,12,16,17,17,14,36,15,35,14,10,10,14,12,38,19,19,27,17,20,12,13,27,11,10,13,19,20,12,11,33,13,17,14,26,17,9,18,10,16,11,38,13,11,11,15,13,17,13,12,16,11,16,44,42,32,15,16,10,18,17,15,39,19,19,19,12,12,33,27,41,12,16,14,7,13,15,16,7,16,19,15,15,14,12,36,19,13,32,17,17,33,9,18,17,7,13,12,32,23,18,16,36,16,36,16,17,16,35,20,14,15,16,16,17,40,16,14,15,16,44,38,15,15,15,31,21,15,22,32,34,14,38,13,14,20,14,25,31,38,17,20,35,14,15,15,17,16,30,16,13,32,13,16,15,18,39,32,18,19,21,9,18,19,39,41,12,9,13,12,13,37,12,12,11,34,38,20,19,16,15,15,16,15,11,14,16,22,47,22,17,17,13,15,24,16,11,32,18,45,17,16,16,43,16,15,12,14,30,14,19,36,39,13,39,42,22,18,12,19,10,17,10,32,13,36,39,18,13,38,10,16,16,16,14,16,15,32,16,38,13,16,40,15,15,36,15,15,12,14,12,18,9,16,11,21,34,6,43,20,13,13,28,19,34,21,19,37,32,12,18,14,17,17,17,12,33,13,41,24,12,15,11,13,42,28,19,10,16,18,20,16,11,21,34,42,14,17,13,32,39,39,20,13,17,36,15,9,18,12,13,17,14,22,39,38,20,17,38,37,11,11,34,19,10,16,29,12,36,19,12,10,36,16,41,41,18,12,13,37,15,42,42,31,20,14,22,15,12,12,12,21,14,19,23,33,35,14,17,17,42,20,21,16,10,17,18,16,10,16,16,14,11,30,16,33,20,16,10,14,13,35,18,13,13,18,19,30,16,29,35,13,35,14,11,17,21,16,8,16,18,14,15,12,16,20,18,32,35,34,48,17,14,13,17,28,14,33,14,9,19,20,45
13,12,18,21,19,14,16,15,36,31,14,14,16,11,17,13,36,33,12,40,19,10,11,24,17,36,31,14,10,18,16,37,22,13,9,14,18,18,31,10,16,10,17,16,15,38,14,10,16,34,13,24,18,19,14,33,17,36,32,29,32,16,10,21,19,29,44,14,31,11,17,13,8,17,10,17,18,17,17,13,29,14,8,14,33,10,16,13,20,7,22,15,24,17,34,10,30,33,13,19,41,13,30,17,20,13,27,34,14,20,16,13,12,18,37,11,15,10,10,12,15,38,16,13,18,17,41,16,18,41,17,46,15,12,18,14,13,13,16,26,13,13,15,9,13,15,13,40,35,12,20,13,20,37,11,37,13,29,14,13,17,16,17,16,19,31,14,18,14,36,24,33,15,13,34,13,6,33,11,20,14,33,18,14,12,13,31,23,17,45,12,36,30,15,14,43,16,18,18,12,10,8,16,13,34,14,46,11,35,19,13,18,18,15,18,30,13,11,19,17,17,10,17,13,18,15,18,31,26,19,33,13,14,12,12,12,10,20,11,32,32,17,12,14,18,12,13,15,14,20,10,36,17,25,37,24,18,20,13,19,38,15,15,18,15,32,37,17,16,39,18,16,12,31,10,20,14,16,18,34,16,39,17,23,19,35,35,26,14,20,11,36,14,45,20,10,16,28,16,11,22,33,31,33,15,19,14,13,13,16,28,12,33,15,18,12,11,15,14,32,12,10,21,16,12,17,18,17,41,30,15,35,19,47,13,10,15,20,15,18,17,15,17,17,19,8,16,36,18,31,10,32,15,28,15,16,12,14,17,18,37,9,15,14,13,14,21,16,25,37,32,13,15,30,15,13,13,15,14,8,43,38,35,13,13,33,15,12,14,28,7,20,14,32,37,10,11,24,15,12,10,11,22,35,12,18,16,46,36,34,19,35,18,14,41,13,39,19,12,14,13,33,31,14,17,20,32,20,18,11,28,15,26,17,12,12,8,14,29,36,7,19,34,15,21,40,11,18,21,37,20,20,16,14,37,12,12,8,13,18,17,19,17,18,27,9,34,19,10,14,13,15,38,11,11,14,35,28,18,10,10,12,15,17,19,15,37,9,11,12,39,15,17,9,11,18,17,17,7,20,25,36,17,11,8,8,22,16,37,15,36,13,31,28,15,23,18,17,15,14,16,11,13,20,20,8,10,17,12,12,15,13,16,14,34,12,14,16,15,13,17,10,40,8,10,12,17,12,37,35,18,17,22,15,38,21,12,20,12,14,44,14,14,19,32,17,33,41,17,26,16,20,43,10,16,29,14,17,13,13,15,21,19,44,19,21,17,14,15,37,15,8,22,18,17,15,15,12,10,35,21,37,20,11,37,36,15,20,40,37,41,17,19,14,19,37,34,18,16,10,9,15,33,17,42,11,36,14,38,19,32,11,34,38,10,11,19,34,12,32,15,16,10,24,11,11,13,39,35,17,20,23,10,10,19,33,35,20,14,30,9,37,15,15,14,18,20,21,14,24,40,25,41,8,17,10,17,10,16,12,14,14,16,17,13,14,11,35,9,37,38,15,15,15,19,16,33,17,16,18,7,14,16,17,43,10,19,18,13,48,12,18,14,19,19,15,35,30,13,32,19,28,33,35,27,21,14,45,12,31,31,10,14,40,38,12,13,39,10,39,29,15,15,38,32,15,12,12,15,9,36,12,13,16,14,10,19,18,29,16,43,38,35,15,12,18,9,37,18,10,16,13,15,35,38,12,18,17,26,32,12,20,22,40,16,37,29,21,42,13,14,13,17,11,16,15,14,15,32,12,36,17,21,23,15,14,11,11,15,18,17,16,15,11,11,16,18,13,13,9,17,36,13,37,14,14,24,14,29,12,11,20,31,15,14,25,9,22,21,33,13,13,16,30,14,13,19,18,12,16,15,12,16,15,15,38,16,16,14,20,41,30,9,20,20,16,10,19,17,16,8,13,40,15,16,37,17,48,17,37,15,11,23,12,35,10,17,16,24,35,14,11,13,38,10,11,16,21,35,10,45,15,30,12,13,9,8,15,17,14,29,7,36,17,20,18,17,21,20,13,32,31,21,11,31,15,33,29,12,15,17,35,20,16,14,12,16,17,11,15,35,29,14,15,34,42,10,14,16,34,19,14,15,39,17,16,31,28,16,34,34,13,20,18,19,10,35,14,11,16,10,12,33,19,34,18,13,21,20,14,6,11,20,18,23,15,16,17,14,12,14,34,22,11,11,14,11,14,13,13
18,16,12,18,7,15,12,10,39,35,15,41,21,34,11,38,17,15,17,17,14,9,49,40,14,17,33,11,34,18,22,16,15,39,17,14,35,16,39,12,38,12,14,19,34,13,33,19,11,11,38,32,18,21,30,11,13,20,16,13,17,14,12,34,18,18,38,20,27,16,15,17,30,19,40,20,19,27,14,35,10,17,11,34,15,17,18,17,12,14,34,23,14,14,13,20,18,36,27,15,16,40,13,16,18,18,16,17,15,15,14,20,12,22,13,16,19,20,14,17,13,11,22,33,17,19,23,16,12,34,40,14,17,18,17,22,11,11,19,13,38,34,14,12,43,15,36,21,13,29,36,10,36,16,13,39,18,12,36,15,29,10,14,15,14,17,10,18,9,33,19,9,13,10,18,17,13,14,16,17,23,16,18,8,19,14,12,10,14,13,11,20,14,14,16,14,18,16,11,12,13,11,15,10,15,15,12,12,20,14,26,13,31,12,18,21,31,14,13,17,9,9,12,10,32,12,13,14,37,17,15,33,17,37,27,21,28,9,14,12,40,10,12,16,20,17,11,39,13,17,20,16,16,15,15,36,14,11,31,33,11,16,17,28,14,32,11,18,7,9,34,11,34,39,15,30,15,16,14,16,23,16,37,18,16,13,16,13,8,23,21,12,20,28,17,15,42,11,16,23,26,13,15,12,15,13,17,18,15,11,39,13,13,8,13,13,10,10,13,36,16,20,35,16,31,14,11,30,39,19,33,11,14,41,11,14,37,37,34,36,32,32,14,15,37,16,18,39,31,11,20,33,14,25,13,22,16,38,16,7,17,16,16,14,35,12,16,13,13,13,13,35,18,32,15,40,17,11,10,11,34,37,16,37,18,12,21,13,21,19,14,17,34,16,39,18,20,46,15,36,14,43,11,40,35,37,19,15,14,20,38,14,14,41,19,17,31,17,14,41,14,17,16,18,17,19,32,10,19,9,14,21,20,16,11,14,41,12,21,30,20,32,42,15,23,14,13,16,18,15,13,27,11,38,19,9,17,16,15,39,13,16,20,19,35,16,15,12,15,36,14,13,9,12,10,11,16,18,19,12,14,8,18,29,29,15,12,13,14,27,16,10,14,14,14,18,14,34,14,35,16,13,20,15,21,11,15,36,34,12,12,20,14,13,14,36,19,44,13,15,38,36,20,41,10,13,11,9,14,38,41,17,16,18,19,15,15,29,20,19,15,16,9,20,14,13,32,10,22,12,9,14,8,17,43,10,19,13,28,36,8,42,11,18,40,51,34,17,14,10,15,11,32,14,16,18,32,23,17,20,40,11,16,14,16,35,11,15,15,35,16,13,19,11,15,30,19,17,12,14,11,12,42,18,40,18,14,15,15,36,11,18,43,16,15,14,13,36,30,23,39,34,20,11,20,17,12,30,36,36,19,34,39,16,42,14,43,30,14,12,19,10,15,11,15,15,28,15,39,12,11,14,14,16,28,14,17,14,15,11,19,12,12,37,22,16,32,15,16,11,21,42,17,14,42,17,15,12,12,11,38,17,13,9,17,14,15,14,21,21,15,32,10,20,36,17,11,5,17,16,25,18,12,32,32,35,14,14,10,14,36,20,35,36,17,19,28,18,41,23,11,30,18,20,40,31,18,13,15,11,35,14,16,15,17,15,32,17,17,19,15,11,37,18,19,41,12,28,35,29,31,14,30,11,38,18,16,19,17,11,42,23,23,32,12,9,13,9,15,31,30,12,8,15,13,20,11,33,41,15,29,11,10,12,16,16,17,14,14,47,15,12,25,16,15,18,14,10,32,18,14,12,27,31,17,38,13,41,41,21,15,17,14,9,34,18,33,18,15,12,15,21,14,17,16,6,13,16,22,17,41,11,13,33,31,41,23,37,13,9,38,13,19,30,15,9,14,14,20,23,18,12,34,23,13,14,17,34,20,19,30,12,13,9,12,35,9,12,33,16,22,15,21,14,10,32,32,35,16,16,9,37,11,35,18,20,28,13,23,13,11,35,20,15,18,14,38,16,13,11,16,18,37,32,15,32,17,24,11,41,23,23,19,15,11,16,18,35,14,13,17,15,11,12,14,15,34,19,12,18,36,18,30,15,20,17,13,9,18,38,50,15,24,25,17,41,34,14,40,33,22,33,34,15,18,14,13,22,14,17,26,16,10,41,13,14,11,14,11,29,33,12,12,41,34,19,25,17,8,13,19,18,36,7,13,31,12,15,31,15,34,29,35,15,22,17,16,10,15,28
22,35,12,30,48,18,18,12,22,18,29,12,7,16,15,30,11,37,13,23,38,11,15,19,32,35,31,17,19,33,17,14,16,18,37,34,40,33,18,42,12,14,16,17,41,33,19,12,15,13,16,14,29,18,16,14,16,40,10,23,17,8,17,11,30,12,16,38,19,18,8,13,13,20,38,36,19,39,20,14,10,9,33,23,18,7,14,41,34,34,13,37,19,16,34,13,33,41,37,34,14,19,17,24,12,15,33,39,40,40,10,17,13,20,10,5,35,20,33,30,20,27,39,19,10,17,14,16,13,19,32,18,40,18,15,10,16,14,32,19,18,14,17,34,16,19,13,20,12,18,17,10,15,18,18,11,15,17,19,32,15,33,12,17,33,18,33,21,35,14,41,7,15,32,11,16,30,16,30,11,13,20,12,10,12,12,18,15,35,15,13,8,34,19,8,11,17,40,15,34,35,14,9,19,17,13,14,14,15,15,13,13,12,19,19,34,17,20,12,17,18,17,16,19,19,16,33,33,10,14,23,9,42,43,12,13,17,20,16,17,14,12,23,10,14,13,18,35,36,35,20,32,18,15,42,37,41,14,24,12,13,16,19,14,14,14,21,14,14,13,18,11,17,13,16,14,17,18,34,22,16,16,7,11,15,15,13,17,13,18,17,18,34,26,34,9,16,20,21,34,18,19,16,15,16,38,13,15,18,28,18,36,17,41,15,36,23,18,41,13,15,31,12,13,37,14,12,16,40,15,15,37,13,13,15,11,11,39,10,15,19,17,11,9,20,19,15,33,18,37,18,13,15,15,16,11,15,15,11,19,15,17,33,13,12,18,16,18,12,35,15,12,14,16,21,16,22,36,36,29,28,10,17,18,16,12,34,46,17,10,22,15,18,21,25,17,9,31,16,41,11,11,36,21,13,18,10,16,21,16,14,40,21,20,14,39,17,34,35,15,16,10,14,21,29,17,14,14,14,39,34,14,18,16,16,13,13,13,11,14,18,11,15,16,14,11,15,17,14,14,35,13,9,11,32,16,14,37,17,15,14,30,38,16,19,15,12,11,16,16,27,11,34,13,14,17,16,19,6,27,18,19,11,26,24,11,8,14,19,15,15,32,16,20,26,13,18,12,18,17,26,21,35,13,12,15,14,10,12,10,19,15,15,14,13,12,30,37,11,14,22,22,16,40,14,38,38,19,14,34,22,25,12,14,18,19,30,34,16,15,14,19,18,22,19,16,14,16,17,20,16,12,34,12,14,13,15,15,12,15,15,30,33,16,37,30,13,18,33,16,20,22,37,31,17,12,10,37,14,13,11,40,16,15,13,13,12,29,41,35,15,34,12,18,13,32,19,33,18,35,36,35,30,10,16,17,13,34,28,13,23,10,15,15,18,7,9,37,17,14,18,42,34,13,18,14,18,15,11,36,24,14,10,11,38,36,21,17,12,20,14,35,21,7,44,19,19,12,41,16,18,13,16,30,19,13,11,12,21,12,18,21,8,40,17,18,15,17,41,10,15,45,19,32,12,13,39,7,36,12,11,8,13,17,20,14,10,13,21,38,12,19,12,36,43,40,27,35,15,12,15,18,26,16,19,31,14,15,33,19,29,14,17,18,19,16,14,11,18,38,42,27,24,29,40,11,38,33,11,12,12,21,15,29,14,32,12,39,24,37,34,19,21,33,8,9,13,34,18,17,34,13,33,15,11,14,15,37,41,16,19,12,9,7,46,11,20,12,11,21,28,36,15,31,36,32,17,9,19,19,15,17,13,19,42,20,9,8,41,12,14,39,18,11,18,35,11,37,18,14,19,17,33,39,15,8,18,18,17,12,32,27,21,39,14,26,16,8,17,13,10,14,11,13,7,9,10,11,26,13,20,16,37,17,15,18,13,42,10,15,16,25,14,34,16,15,11,19,17,33,12,16,20,15,17,19,13,14,14,14,12,36,16,20,12,30,31,45,16,10,14,27,10,18,16,11,15,12,12,36,9,37,35,31,17,16,15,20,18,33,15,12,14,11,13,20,12,13,41,15,14,19,9,41,11,15,32,16,14,14,12,12,20,11,43,20,10,16,9,35,34,16,15,16,32,15,12,18,15,19,20,17,39,42,44,27,16,13,42,35,16,17,11,14,41,12,31,16,10,22,16,12,13,17,16,13,13,30,10,38,17,28,14,29,13,37,22,9,17,19,10,15,12,11,28,19,16,19,35,14,16,30,35,32,40,20,17,17,36,35,35,40,13,13,14,14,18,13,16,12
41,15,36,35,19,15,22,34,37,40,35,11,43,13,9,16,36,11,16,9,33,12,19,12,14,14,36,8,12,17,25,18,34,46,17,15,29,17,12,14,38,11,13,17,12,15,11,33,15,17,28,11,12,21,18,18,32,42,19,16,18,10,26,23,19,27,9,13,17,20,15,12,42,11,11,17,12,11,18,13,11,12,32,30,8,17,15,20,10,38,35,15,12,17,18,15,14,16,37,22,16,13,20,13,16,15,11,18,29,20,42,15,10,12,19,40,10,16,16,12,28,11,20,17,20,18,20,36,23,8,41,8,11,37,16,26,33,13,11,34,13,33,13,12,10,18,19,18,16,20,46,10,16,12,36,15,49,23,15,12,33,34,29,34,8,12,24,13,12,13,14,17,36,15,17,20,11,19,15,17,17,15,5,34,13,48,8,16,16,13,20,32,16,13,36,15,11,20,15,36,22,15,16,17,33,9,18,10,13,17,14,18,22,19,12,16,13,12,18,16,37,19,18,14,15,16,14,21,13,8,16,18,16,15,19,35,20,19,29,41,14,12,36,15,38,16,12,35,12,17,13,12,21,11,13,35,23,32,13,27,28,14,23,20,40,14,17,33,17,12,15,37,34,12,16,15,41,30,16,15,38,9,19,20,7,39,20,17,21,10,19,12,15,20,21,17,25,15,20,17,21,30,10,13,36,13,25,14,17,20,14,20,18,8,43,31,15,12,17,14,12,13,13,17,30,12,16,19,10,17,14,17,35,9,13,14,42,8,32,35,17,34,32,42,18,16,44,14,19,13,17,14,33,12,13,14,13,17,16,41,28,34,19,32,13,41,15,18,17,13,9,33,27,16,19,41,15,18,34,14,21,19,26,13,10,12,14,15,13,41,38,18,18,14,16,38,40,13,38,13,16,17,39,10,11,20,12,17,22,16,10,11,28,15,10,20,16,15,27,16,36,38,16,34,19,10,19,16,34,15,31,15,33,14,14,20,29,16,37,14,17,37,13,35,15,11,11,15,25,18,19,34,25,37,11,16,14,10,10,12,36,16,16,20,32,12,12,11,16,13,17,17,14,10,26,19,9,15,19,15,15,33,16,40,16,20,15,21,13,12,10,15,12,14,16,31,13,18,11,9,15,20,32,33,37,18,16,39,35,42,18,29,44,16,15,37,26,9,28,16,17,11,16,36,41,17,33,19,18,19,18,40,18,33,12,39,16,18,14,32,18,21,14,16,17,18,28,30,18,16,15,19,13,37,13,11,41,17,34,15,17,15,28,35,14,14,15,35,36,37,10,42,14,18,17,21,15,11,17,11,10,13,15,17,35,19,14,14,36,12,15,12,16,15,19,11,16,19,17,8,18,18,37,11,38,13,17,36,29,16,21,18,12,34,46,39,10,16,13,11,18,9,31,14,22,34,16,30,18,16,19,14,27,12,20,13,42,18,10,8,12,20,15,14,19,45,10,18,34,36,18,8,15,12,16,38,16,19,13,40,14,12,38,32,20,32,11,14,15,12,14,38,13,12,33,10,10,38,33,14,22,18,17,9,15,15,38,18,19,43,17,20,11,12,36,17,36,35,32,8,18,12,34,38,17,15,10,13,13,31,15,40,12,35,15,32,12,18,18,16,20,11,13,19,34,18,21,43,32,17,14,23,40,12,33,15,10,40,9,14,24,17,14,13,12,11,16,10,21,15,13,33,33,14,36,19,32,16,14,29,14,16,35,8,13,20,13,35,17,14,19,10,17,29,14,43,12,17,31,37,19,29,13,15,40,19,17,16,13,13,14,34,29,17,17,16,14,17,16,5,11,15,14,33,33,38,15,21,15,10,20,17,16,41,36,14,17,20,38,16,37,18,10,10,13,14,17,35,17,33,35,12,13,13,10,16,19,16,11,36,30,14,13,19,10,16,14,20,13,16,14,37,38,14,13,42,15,31,8,14,16,11,40,14,17,15,12,21,14,38,33,13,11,15,8,13,31,10,35,16,39,24,25,17,13,15,12,41,8,14,12,19,12,18,32,14,18,14,14,16,45,28,11,21,17,8,12,16,38,14,16,20,14,35,19,45,35,15,18,14,17,8,21,10,19,9,16,16,21,30,14,34,13,14,12,16,31,7,31,39,17,10,15,11,16,9,33,26,38,34,35,28,16,17,16,28,13,34,32,14,8,14,19,36,13,35,12,14,40,10,34,14,30,31,12,16,33,23,14,19,18,16,16,40,13,26,16,15,27,11,16,17,13,11,15,11,16,15,14,35
21,14,16,16,33,36,18,12,35,35,11,18,19,16,14,15,19,29,12,13,18,15,18,41,10,15,13,17,14,12,11,16,14,39,13,29,17,13,12,34,12,28,11,42,16,13,10,15,37,16,20,10,11,31,11,14,17,20,13,16,16,35,8,18,12,43,14,18,13,23,17,8,31,32,14,16,39,11,34,15,14,12,31,19,10,14,14,15,16,12,36,11,15,35,14,18,16,32,20,20,36,14,42,17,35,15,18,36,12,9,37,11,14,36,35,13,15,10,17,11,17,32,37,13,14,11,17,16,13,14,35,40,13,30,11,19,33,16,10,12,17,13,15,23,35,13,38,23,38,13,8,18,18,34,11,34,11,11,20,32,34,32,13,9,13,14,30,32,41,16,13,27,40,38,10,15,20,38,31,13,12,32,17,7,15,16,15,11,14,19,36,11,41,13,32,13,19,12,38,11,29,32,14,16,16,17,10,22,11,18,19,16,13,20,17,18,16,20,15,41,39,14,10,16,18,15,15,26,41,24,18,9,13,9,35,21,12,40,35,17,14,14,33,24,20,38,14,33,14,16,41,15,27,13,35,35,14,16,20,10,31,18,32,37,29,20,19,14,16,21,17,25,23,16,17,14,43,14,19,11,20,37,11,14,11,29,14,17,18,39,38,12,21,39,34,18,19,12,15,30,9,20,15,13,12,18,9,27,34,18,10,18,14,9,19,41,12,10,14,17,11,14,16,16,17,20,14,17,12,14,15,13,34,11,17,16,34,9,13,13,16,32,35,18,11,17,19,36,15,40,11,10,16,12,15,33,38,13,13,16,16,30,18,21,29,17,15,15,19,15,14,17,14,16,17,32,19,19,14,13,40,20,35,13,8,14,15,15,38,16,14,33,18,12,13,37,14,28,12,32,17,16,9,18,21,37,17,17,17,10,12,12,15,15,16,11,14,18,40,14,23,32,17,15,17,12,12,12,42,16,15,17,13,36,38,18,32,13,18,13,19,15,13,14,29,15,7,31,15,17,16,15,15,12,11,34,38,16,12,15,12,11,38,37,10,25,18,13,33,37,18,20,17,9,41,25,15,38,15,19,34,12,9,16,9,12,12,16,17,16,13,23,17,17,14,10,12,15,40,13,14,17,9,35,38,33,45,11,37,11,11,11,10,16,11,24,42,11,12,18,13,15,14,13,11,30,10,14,36,15,9,29,15,15,18,36,14,35,17,10,35,33,15,10,17,8,15,20,22,35,15,36,30,10,34,11,14,39,13,18,14,17,33,15,15,14,12,38,17,16,11,12,13,15,18,34,34,13,15,38,13,14,6,13,18,33,38,31,32,11,11,36,12,11,32,13,37,37,12,31,19,39,16,13,11,40,20,17,11,38,11,17,9,13,23,17,11,38,26,17,17,6,15,15,13,10,15,17,38,16,14,12,22,17,34,27,18,45,18,14,32,34,28,20,14,32,21,18,40,9,15,34,13,35,30,9,16,15,19,36,18,11,15,13,38,16,17,12,13,15,31,14,11,15,18,18,21,14,17,15,36,19,14,36,12,35,7,38,15,15,14,17,14,9,15,25,10,16,16,10,16,16,19,9,11,16,17,23,13,16,13,12,11,8,19,15,16,12,28,11,37,10,18,13,15,14,12,19,33,14,16,16,14,11,14,37,20,22,20,15,13,17,17,16,15,42,8,14,34,52,19,9,14,22,30,15,15,11,34,15,18,19,10,33,40,16,27,20,16,8,15,17,21,18,10,10,12,34,17,18,37,17,31,19,14,9,18,11,31,30,14,33,16,20,15,18,39,33,18,24,14,21,15,30,26,10,21,27,35,14,12,15,11,16,39,17,20,18,16,32,19,17,16,35,17,16,21,16,37,13,12,19,15,17,15,10,37,16,37,31,38,16,32,15,16,18,33,12,18,14,14,18,20,17,16,41,13,17,15,10,15,14,19,17,16,14,14,22,17,13,13,18,12,15,14,11,11,9,21,12,9,36,15,14,22,23,17,32,31,12,17,8,17,38,20,11,10,11,12,11,15,10,14,14,36,17,16,38,15,18,17,20,17,10,14,17,8,17,14,8,16,16,15,44,34,14,19,11,17,11,31,12,11,16,15,13,12,33,15,15,32,11,15,10,15,12,9,37,14,12,41,12,29,43,31,19,41,17,10,17,36,26,13,10,19,21,17,11,16,36,40,30,10,18,18,32,15,34,17,12,18,18,8,20,15,11,20,27,12,16,15,29,22,7,19,14,38,14,15,37
42,18,24,41,12,7,14,16,13,17,14,35,12,12,36,32,33,19,16,13,17,15,39,33,16,17,14,15,12,37,47,10,17,35,12,14,16,10,14,11,17,15,21,32,40,31,28,19,7,20,10,15,12,16,9,38,15,10,12,13,12,17,40,12,19,37,18,26,21,12,16,17,13,35,33,24,32,35,39,17,12,15,12,30,6,33,12,11,16,35,11,38,13,37,20,14,19,14,16,16,11,17,24,16,40,29,15,38,33,17,19,20,11,20,30,32,34,18,14,19,12,32,11,13,13,14,14,32,10,12,12,40,16,33,16,15,9,29,20,24,26,12,46,12,14,11,20,32,19,36,21,25,11,39,25,21,13,13,16,17,12,9,12,15,21,9,28,14,16,17,31,11,15,13,36,21,17,32,32,15,8,19,8,31,32,12,13,16,16,38,36,21,11,16,17,31,9,14,15,9,13,36,37,12,19,40,39,20,14,10,16,37,18,17,38,13,40,12,13,13,19,42,34,10,18,14,18,32,17,24,23,13,34,44,12,19,16,13,14,12,12,23,16,17,18,16,18,14,35,8,14,14,11,14,32,13,37,18,44,41,36,17,18,34,11,12,13,32,21,36,10,34,9,17,40,14,15,7,15,14,15,36,30,12,32,45,18,11,27,12,17,16,16,13,26,24,33,33,35,14,13,31,12,16,12,23,41,10,12,20,19,13,12,11,18,12,15,13,20,10,12,28,17,17,16,19,37,11,12,15,16,15,12,14,34,16,49,14,15,13,16,9,43,15,36,37,20,17,37,39,21,17,32,10,23,10,32,35,9,19,13,37,41,15,35,26,17,20,30,14,12,20,18,11,33,12,14,39,16,13,9,39,21,32,32,15,18,11,11,17,37,10,14,9,7,17,36,30,20,10,16,14,13,32,17,20,11,11,19,12,16,31,33,15,39,34,19,19,17,14,9,22,33,37,19,12,20,23,18,24,15,18,15,37,19,21,29,19,15,12,12,17,16,12,20,15,39,14,35,30,18,18,19,14,37,9,32,34,13,18,19,8,34,13,36,18,38,15,14,14,16,31,13,12,14,12,12,33,15,21,19,18,36,11,14,12,12,32,11,17,15,37,22,14,18,19,16,16,12,41,18,31,24,41,9,21,37,14,14,8,19,12,14,16,44,37,18,15,13,19,32,17,12,41,26,17,21,10,34,19,18,15,18,36,15,19,12,41,16,29,10,19,27,11,13,16,14,30,36,33,18,11,34,12,14,16,16,10,18,36,17,31,13,34,15,16,13,13,31,33,20,33,13,19,17,22,37,13,37,13,37,15,13,10,16,14,12,18,24,18,19,11,32,13,15,11,17,14,35,11,13,13,36,16,22,13,19,9,14,17,13,15,12,37,12,11,16,43,36,17,14,39,20,17,19,40,14,14,13,14,13,16,16,16,14,18,35,12,12,12,37,32,19,10,21,12,13,13,16,14,33,15,18,36,33,8,15,43,16,19,16,13,11,32,16,36,12,16,21,39,16,40,13,8,17,22,9,10,17,16,29,19,13,18,33,16,13,10,6,35,12,11,10,13,13,17,12,16,19,19,17,19,16,14,19,18,29,28,31,15,16,18,12,33,28,29,13,14,9,30,17,15,13,18,17,12,27,32,15,25,21,19,16,29,18,31,22,18,19,15,16,22,38,17,30,29,11,15,18,14,34,14,12,15,14,10,16,13,17,17,14,16,13,17,20,27,16,19,8,35,33,11,12,20,15,22,28,17,9,34,16,34,7,17,11,15,17,18,16,26,30,31,14,14,15,9,14,17,41,31,40,12,32,35,13,7,13,10,34,14,39,21,12,15,19,15,10,18,43,40,40,30,18,17,9,18,15,16,19,18,17,21,34,23,15,13,21,14,13,15,12,10,14,14,21,17,15,37,16,21,19,41,13,19,17,13,11,16,14,17,29,38,18,13,17,12,13,39,25,19,18,35,38,16,42,10,15,17,33,13,16,21,18,9,12,17,16,15,21,35,32,16,17,17,9,18,12,37,11,35,10,15,16,17,35,14,23,15,12,37,35,41,11,17,12,27,20,9,11,17,18,20,13,16,35,14,23,18,15,33,10,16,12,34,11,15,17,18,17,11,13,13,38,14,19,12,42,12,13,34,12,11,14,23,29,11,15,34,15,13,31,13,15,9,33,11,12,26,15,17,30,37,16,41,33,17,23,15,38,22,15,13,16,14,13,9,16,22,20,50,14,11,10,15,14,7,28,13,27,15
11,25,9,11,31,11,39,9,14,15,39,18,6,35,35,34,15,15,15,17,17,18,20,10,15,16,32,17,16,16,12,18,15,16,11,18,18,11,15,38,8,39,16,11,19,18,13,6,20,32,39,18,15,16,15,22,22,31,18,13,19,46,17,14,12,43,16,18,15,14,36,12,24,9,30,19,17,11,8,18,32,10,14,25,30,32,15,29,19,16,19,7,16,17,15,12,32,12,10,15,11,39,15,35,18,35,36,34,14,9,14,15,24,36,9,15,10,12,37,15,12,20,23,19,14,13,19,12,13,14,14,12,13,11,18,10,11,17,39,22,15,37,36,12,39,13,10,12,31,7,13,34,19,13,7,19,16,37,11,16,38,33,16,33,39,11,13,14,16,34,22,18,15,35,34,28,11,15,16,13,11,14,33,40,16,15,18,12,38,33,31,32,28,14,41,41,45,19,17,39,12,14,17,12,12,12,16,33,11,15,17,19,21,16,15,12,15,39,43,7,14,8,43,22,20,7,15,17,18,19,17,23,10,42,17,15,33,14,15,33,25,30,19,32,19,21,22,12,7,17,18,41,15,14,39,17,13,16,17,11,13,18,27,18,19,24,14,28,29,14,11,17,14,11,15,13,8,17,18,15,31,9,13,18,16,14,17,11,45,14,17,34,18,16,33,12,10,17,37,14,16,36,14,9,12,18,11,14,12,17,19,11,9,31,18,39,17,8,20,16,33,15,8,8,31,10,25,13,29,31,25,14,16,13,36,15,10,23,13,36,12,11,33,20,37,19,17,16,13,9,24,33,32,31,14,36,13,15,18,15,16,9,11,18,14,15,20,16,13,19,32,39,31,13,34,34,11,34,20,11,21,15,33,29,16,14,15,42,17,33,11,17,13,11,16,38,15,11,18,37,18,18,29,36,12,14,18,45,13,18,9,11,22,17,35,9,14,17,38,15,15,20,21,15,13,21,16,13,12,11,17,17,12,36,18,10,35,20,37,19,16,14,16,8,35,8,16,11,11,39,20,12,19,30,14,17,12,34,36,31,15,41,14,16,36,16,18,18,36,13,38,31,18,31,18,14,10,11,17,41,16,27,19,20,33,12,14,21,10,13,36,10,17,19,17,10,12,14,15,9,13,34,10,14,16,40,15,15,39,30,17,5,48,15,18,26,22,17,14,15,13,19,9,38,17,17,19,7,12,11,14,15,14,12,13,14,15,20,33,20,12,33,33,36,20,12,13,9,19,17,17,15,17,14,14,12,32,13,13,12,13,15,44,14,16,18,32,14,15,15,40,16,28,12,16,11,39,37,13,19,13,41,33,12,18,21,38,12,37,14,39,20,8,16,35,12,15,20,38,30,22,46,10,35,14,13,16,15,14,40,16,15,13,30,11,9,11,13,10,14,38,33,9,13,16,14,12,41,37,37,17,12,7,31,42,17,9,12,12,18,13,15,15,32,17,10,10,14,15,13,11,16,11,43,36,27,30,11,17,17,19,17,16,33,25,33,44,12,20,15,22,15,12,11,20,13,34,13,15,18,9,15,11,12,13,19,12,14,10,35,26,20,16,18,15,39,16,20,18,14,18,10,13,33,20,21,13,18,13,41,13,14,21,16,16,14,19,31,15,16,13,14,45,23,12,27,26,14,15,8,14,15,23,19,23,12,32,10,23,23,17,39,12,34,17,18,16,15,9,37,32,32,20,15,11,18,32,21,15,10,13,12,19,18,16,18,27,16,38,14,16,22,43,17,9,10,33,16,20,22,20,13,32,21,48,20,15,12,33,29,37,10,14,15,20,20,34,6,10,15,22,31,17,16,15,16,11,22,18,9,9,40,34,10,14,16,13,14,14,46,15,31,10,30,14,19,37,10,14,16,15,15,13,15,14,10,12,14,13,33,7,12,7,14,14,45,12,16,39,11,12,16,14,33,14,16,17,19,12,39,11,21,18,19,12,34,13,12,14,10,8,21,35,10,18,12,36,15,11,19,19,14,19,14,21,14,19,39,36,14,15,12,16,39,11,21,19,42,12,13,17,12,20,20,12,19,43,34,14,9,19,33,18,19,37,34,12,20,22,19,11,41,16,38,36,18,11,39,17,30,11,12,20,39,41,30,11,16,35,20,17,12,12,23,18,18,14,41,36,41,12,33,37,13,18,19,12,38,19,13,15,41,22,12,27,16,18,14,10,14,14,6,14,16,14,40,11,36,29,14,13,12,9,36,42,20,10,10,33,30,11,39,46,17,15,19,15,13,17,37
15,14,18,21,12,10,33,17,19,20,15,15,20,42,16,32,17,30,13,16,13,17,15,20,40,16,36,45,9,19,22,17,14,15,19,13,18,32,18,12,22,12,14,15,12,13,10,21,21,40,22,12,13,13,15,13,15,14,21,35,16,16,32,16,12,9,15,22,21,31,14,9,16,18,35,12,20,34,15,12,14,11,12,35,17,33,18,19,10,15,7,26,34,16,20,40,15,33,8,18,16,40,14,17,12,19,23,35,40,17,12,17,36,21,13,18,16,12,22,33,8,17,16,22,29,17,19,11,18,14,19,41,17,37,15,15,20,8,19,16,15,15,13,42,18,17,17,13,12,14,41,14,21,21,43,12,42,26,29,48,35,31,16,26,16,16,14,10,10,20,16,10,35,31,32,34,16,11,41,15,23,33,12,22,44,11,16,32,20,14,14,9,14,16,19,20,32,19,13,16,14,21,38,14,15,19,32,22,13,23,36,13,16,13,16,14,13,20,13,30,13,15,17,32,10,11,13,20,7,18,15,15,13,33,16,17,10,36,11,18,47,44,15,31,18,15,35,15,17,15,10,35,19,32,16,29,13,17,20,17,37,11,18,13,20,15,16,12,46,12,10,31,15,10,42,22,16,13,10,15,30,34,34,13,18,12,17,15,12,34,19,23,8,14,16,14,17,15,31,11,16,22,19,40,41,14,17,17,15,17,31,15,33,43,12,13,19,36,9,27,14,14,18,15,21,10,14,16,19,26,11,15,8,19,15,18,21,7,11,16,38,16,17,32,32,19,17,15,36,12,11,18,17,40,12,10,27,29,32,11,16,12,19,18,16,39,33,15,13,15,31,14,14,13,38,14,34,29,9,20,16,8,15,11,17,25,39,16,12,43,18,9,17,19,13,15,18,26,16,14,20,22,15,11,38,10,16,31,13,10,19,15,28,15,14,14,20,18,36,13,17,17,17,17,34,16,14,11,16,17,19,29,14,10,14,36,14,18,17,19,14,18,33,14,21,35,15,14,19,34,33,12,17,15,14,42,11,38,24,37,33,10,22,37,21,16,30,15,15,34,42,30,18,15,46,9,31,27,20,35,11,35,12,13,10,12,15,16,34,40,21,37,10,13,33,12,12,16,15,15,16,36,35,32,12,7,37,18,40,28,36,15,13,12,20,36,18,15,13,41,9,17,16,14,16,18,16,13,18,11,13,15,16,22,18,19,43,19,12,32,18,10,16,19,10,15,28,11,13,19,19,29,38,39,46,43,39,16,40,35,38,7,45,16,21,16,15,42,11,19,11,16,18,13,16,11,15,14,38,8,13,11,11,35,15,16,15,20,16,13,9,31,20,15,14,31,7,12,15,36,14,15,47,14,10,31,20,19,11,17,20,37,11,42,16,32,15,28,16,12,22,18,20,18,16,37,35,15,12,15,20,13,12,33,16,16,11,18,18,13,15,37,14,33,15,25,10,22,12,12,16,17,40,24,15,36,6,14,33,23,37,18,32,19,9,17,21,34,37,44,15,35,15,39,17,30,17,20,16,39,33,7,21,13,36,20,31,36,15,17,14,16,13,32,17,16,20,18,11,18,17,11,34,25,34,39,37,17,18,20,8,13,18,35,16,22,13,41,13,42,12,17,12,11,10,12,16,23,11,23,10,17,16,36,11,16,14,14,14,17,15,20,14,32,37,18,11,21,15,14,17,12,18,19,13,16,18,16,14,21,19,21,14,16,36,14,33,18,18,16,14,14,20,15,20,17,13,19,15,39,16,32,15,15,41,12,37,11,15,8,17,17,38,16,12,12,16,34,20,17,15,40,10,11,14,35,5,34,15,19,13,45,13,45,15,38,15,10,15,15,16,16,15,35,14,32,17,23,29,15,32,17,14,43,20,13,30,15,19,13,20,9,10,33,16,15,40,15,37,14,11,12,32,21,15,32,15,24,29,36,15,17,8,16,40,12,19,16,9,13,10,9,43,27,15,13,15,33,7,14,17,23,15,19,38,34,14,37,19,34,16,13,31,12,20,13,10,14,10,44,15,38,34,15,32,29,12,15,13,14,15,9,14,15,11,22,16,13,30,9,9,39,40,31,15,20,13,14,14,16,14,14,18,18,21,18,15,21,41,21,15,12,16,19,36,38,11,34,21,17,14,19,17,20,32,39,12,17,16,37,12,44,14,14,13,16,14,11,13,18,13,17,37,19,14,46,20,20,13,15,14,17,16,23,29,35,24,19,13,11,9,12,32,13,16,14,21,14,16,30
16,26,22,13,41,36,41,36,10,25,36,37,15,15,33,35,19,14,28,30,20,38,15,17,17,37,18,10,16,12,30,41,12,42,15,32,18,16,14,13,10,39,13,17,42,38,15,36,31,10,13,9,11,13,15,39,23,15,14,17,11,14,14,20,11,37,30,17,9,18,11,11,11,32,39,34,11,17,16,17,30,14,10,17,10,11,35,10,22,14,16,15,16,13,12,20,34,20,15,12,40,20,32,26,14,9,22,13,18,15,16,13,24,17,11,16,14,16,31,16,9,25,15,18,39,14,17,13,33,23,13,39,31,14,16,29,29,22,14,17,23,14,19,15,16,39,13,19,44,41,23,16,12,9,19,12,11,15,17,21,14,17,44,15,22,31,15,11,16,20,17,13,19,14,12,16,30,37,19,13,45,16,14,12,43,15,35,41,13,17,13,17,11,22,16,19,11,16,16,13,14,46,11,26,37,11,15,13,19,33,14,10,17,11,17,16,12,22,41,37,19,40,40,14,12,11,34,20,38,37,33,17,33,15,13,44,18,30,15,4,35,36,14,15,11,11,36,9,34,28,36,33,14,19,10,35,21,10,18,39,16,46,38,12,16,15,11,14,18,13,37,15,13,31,14,15,17,31,14,15,34,17,44,12,18,15,7,15,17,36,14,12,31,35,41,20,14,12,17,33,13,16,14,13,14,14,37,16,16,17,18,10,15,29,17,15,17,11,17,41,14,16,34,16,17,17,13,13,15,38,11,19,21,14,46,19,17,28,9,16,14,17,18,8,13,17,18,16,12,13,32,10,20,17,26,13,21,12,18,20,18,21,15,14,29,33,15,34,16,9,15,16,9,43,17,9,14,10,12,14,24,17,20,12,16,13,12,28,15,16,14,13,10,15,9,11,15,12,35,42,13,13,15,18,19,27,10,31,16,16,10,15,11,23,13,13,37,14,33,17,26,19,18,37,15,29,16,20,20,22,35,12,39,31,31,43,40,18,35,31,14,17,20,42,10,13,15,12,17,13,16,13,12,21,12,14,10,9,10,20,10,22,19,32,21,15,16,16,34,12,30,17,33,25,20,10,14,32,16,16,45,12,12,37,26,13,9,14,11,13,18,14,14,35,44,9,17,14,34,15,14,14,17,32,18,15,33,14,10,32,15,18,14,16,29,13,13,41,11,14,18,40,13,42,37,41,33,8,24,13,18,35,13,14,9,11,34,13,36,11,14,43,21,45,12,14,19,10,13,36,34,40,30,9,13,9,20,12,15,13,46,10,15,16,24,24,16,7,12,6,12,13,14,38,10,13,10,12,10,13,18,17,16,42,10,35,37,10,19,16,16,14,14,16,16,15,23,18,17,12,7,17,16,11,15,18,13,41,14,18,13,18,16,40,30,6,37,14,18,17,41,15,29,12,15,11,18,16,13,28,18,34,37,10,14,40,35,17,24,36,16,13,17,12,32,11,18,18,28,17,32,20,27,10,14,13,15,9,23,20,16,18,15,34,15,12,14,20,18,13,12,16,11,10,17,34,14,17,11,16,18,14,14,12,38,16,17,22,16,10,15,39,14,30,14,33,11,14,33,10,38,17,23,36,7,20,23,14,36,19,12,32,33,35,11,38,15,11,15,17,32,18,9,16,16,18,10,18,13,35,16,15,17,13,13,38,29,11,23,28,13,40,16,9,29,27,12,20,12,23,14,21,18,13,21,29,14,13,32,10,9,16,18,16,38,9,17,34,22,15,32,33,9,21,14,18,33,15,11,16,9,18,20,31,11,39,13,31,18,33,10,18,29,21,17,15,7,33,41,13,9,19,16,40,11,15,36,36,14,40,14,15,19,6,19,8,18,37,38,14,32,15,14,13,26,21,10,15,12,12,11,8,32,11,41,31,33,39,13,15,14,36,18,35,15,10,20,14,14,14,41,37,17,14,18,19,20,12,23,14,13,38,34,31,19,33,6,14,16,13,19,15,42,15,16,12,10,18,11,19,14,37,19,14,13,16,33,14,12,14,15,37,18,39,36,15,37,17,16,14,30,10,10,11,41,31,12,13,14,20,13,17,17,7,30,14,21,16,34,19,14,38,14,17,34,40,18,32,14,36,39,18,35,41,9,9,19,12,32,8,17,21,29,11,35,19,10,12,18,38,9,10,35,19,16,15,10,17,15,18,11,33,19,15,39,10,23,15,35,16,18,36,13,15,15,44,12,19,14,13,26,13,31,14,21,40,16,14,9,13,20,13,19,42,17,7,21,14,16,19
11,19,11,36,7,19,16,18,38,13,14,17,10,8,28,18,15,38,34,8,18,14,8,10,41,15,14,12,31,17,14,7,18,34,26,32,8,16,14,37,18,22,48,12,13,41,16,16,16,42,16,35,19,15,25,15,37,38,13,8,32,15,19,14,22,12,14,18,15,12,17,18,21,17,16,35,32,10,23,35,7,13,13,35,9,17,17,15,14,17,17,17,13,21,14,36,13,18,40,14,15,36,37,36,14,16,19,16,13,8,21,15,14,37,13,13,13,13,12,18,17,28,12,10,16,20,15,35,10,38,16,17,14,34,20,40,37,20,17,13,18,14,14,20,11,38,17,13,15,15,14,20,13,36,39,38,28,14,15,37,30,35,14,12,35,33,28,18,11,24,12,14,17,26,33,23,34,22,17,11,18,40,12,13,11,29,15,36,16,20,11,13,29,7,18,12,18,33,8,21,12,15,34,27,16,38,19,12,20,16,15,15,14,18,23,50,14,18,12,48,13,31,13,32,20,13,38,15,10,18,16,39,24,17,13,13,16,40,8,18,14,28,18,18,21,11,14,32,12,12,20,17,15,13,18,10,8,21,39,13,37,42,13,38,11,15,15,17,9,11,21,12,23,15,27,12,21,40,19,20,15,14,11,15,36,16,17,15,14,34,43,15,34,18,40,37,14,19,22,18,13,14,13,20,33,45,37,15,10,14,19,15,21,15,18,9,15,16,16,18,43,31,19,17,20,19,40,12,15,14,12,11,32,19,39,17,18,18,10,19,19,10,18,13,13,14,8,18,17,16,9,14,10,12,15,16,30,13,18,12,11,38,40,16,14,23,33,35,16,17,13,22,35,18,15,11,19,17,16,36,15,18,14,13,20,21,23,13,11,16,16,16,19,12,9,36,19,19,13,24,35,12,10,29,17,16,15,16,12,41,18,41,17,14,12,36,39,13,14,11,13,34,19,12,16,15,17,16,21,14,17,39,18,15,19,12,9,14,35,22,14,15,40,41,19,19,34,17,36,9,14,31,13,17,41,16,13,14,19,18,12,15,9,33,39,15,18,13,12,29,21,15,18,9,34,17,13,18,12,32,34,16,15,39,11,8,11,13,16,16,17,16,14,8,34,15,17,19,12,17,40,17,18,23,46,14,17,14,20,18,30,12,24,11,14,15,18,15,35,18,20,14,18,13,34,37,20,19,21,38,15,30,15,43,40,16,15,8,19,16,12,36,33,14,33,36,16,12,14,35,15,10,31,18,13,16,17,37,34,15,13,35,10,31,35,20,33,37,38,39,17,36,20,40,18,39,32,31,16,18,32,18,37,35,37,14,32,35,30,18,10,19,14,20,17,18,38,31,35,18,17,11,32,43,19,10,12,14,11,33,13,34,19,17,17,8,18,14,7,14,13,15,16,18,44,22,17,15,38,36,16,11,23,21,13,14,32,17,12,16,10,11,11,14,13,12,14,12,39,11,15,18,15,18,14,38,43,29,17,12,15,11,17,32,46,9,14,14,11,17,16,16,22,19,21,22,14,34,10,12,23,13,31,17,16,11,15,16,35,17,35,12,25,11,18,37,31,17,26,15,10,9,19,17,16,34,34,15,17,23,21,18,34,15,11,33,17,41,36,15,11,37,34,21,16,13,33,12,37,14,13,35,19,13,39,14,19,10,14,19,14,13,18,14,13,28,19,15,8,14,11,29,21,27,21,31,9,14,16,38,15,11,13,16,14,17,16,10,8,26,11,11,35,38,11,15,28,35,52,14,33,13,18,18,15,38,12,18,20,12,13,13,34,19,12,13,12,20,16,12,32,17,30,21,17,16,15,14,13,12,45,31,18,14,20,12,16,16,15,34,40,24,19,19,15,17,13,20,13,10,6,8,21,13,32,16,10,29,15,22,14,10,29,13,41,12,13,16,12,37,10,31,18,8,16,16,6,19,16,18,12,17,44,15,34,30,18,13,18,13,24,38,14,13,9,20,16,24,16,39,13,38,15,11,11,37,15,18,14,13,33,12,17,21,12,12,17,17,35,31,8,11,16,17,19,20,19,12,37,19,32,9,9,15,25,16,31,33,19,12,15,17,19,40,9,22,14,15,40,14,48,35,42,16,15,44,15,12,30,19,14,20,17,31,14,17,21,39,14,26,46,9,37,40,22,29,17,14,15,17,13,38,18,37,17,15,35,19,15,15,16,18,14,17,33,13,31,34,15,17,13,16,9,15,16,10,12,9,17,18,11,18,18,19,37,14,14,28,16,16
16,21,33,17,16,15,12,13,19,16,17,14,17,12,32,14,14,38,13,19,40,13,14,12,13,30,16,40,10,33,11,17,10,17,10,15,30,14,15,20,12,14,16,17,17,41,17,30,10,15,20,32,36,43,15,22,31,34,11,16,11,17,19,36,14,14,12,9,20,18,19,41,40,14,16,16,36,15,18,36,14,14,12,16,14,12,12,18,13,18,40,19,32,16,21,9,14,16,12,15,20,11,16,27,15,9,16,16,21,14,19,11,19,33,12,16,12,16,16,42,12,15,16,17,20,40,19,9,23,32,33,14,20,16,40,23,19,15,10,13,41,18,46,16,8,30,12,16,18,38,20,36,35,10,22,46,12,11,26,15,14,18,12,16,12,16,16,17,17,34,14,13,16,17,16,13,16,33,17,36,11,12,36,16,11,14,9,14,31,33,11,32,24,39,24,14,21,11,14,16,12,33,11,15,34,11,38,14,35,13,15,33,13,15,13,33,15,34,16,40,14,11,12,12,15,28,16,21,18,30,13,14,13,12,35,38,24,13,37,32,11,14,15,32,30,17,17,40,21,43,18,17,12,32,20,19,18,19,13,35,9,16,37,28,29,32,34,14,18,34,33,10,36,14,14,15,34,13,14,14,11,17,32,14,20,12,14,35,16,29,16,13,12,19,12,14,35,20,16,14,15,11,12,34,19,17,38,14,11,19,18,39,10,19,14,15,14,11,18,31,18,11,16,12,9,16,25,11,11,12,11,34,18,16,11,16,21,15,9,42,15,36,36,11,13,11,14,25,12,16,11,7,34,34,10,42,29,33,34,18,20,11,19,10,18,31,18,12,15,45,43,37,32,13,15,18,11,8,18,13,14,17,30,18,18,28,14,16,14,16,10,14,15,16,17,14,18,35,9,12,20,16,17,17,30,16,31,21,36,17,25,35,12,14,33,22,17,18,18,10,15,19,37,9,34,33,15,12,14,17,34,32,19,6,15,17,13,15,12,15,13,40,16,12,18,17,15,12,12,15,38,39,12,18,15,11,32,29,14,11,29,11,31,13,18,13,16,12,15,14,41,35,35,14,43,12,20,38,17,19,39,19,15,11,14,14,17,16,36,23,40,30,16,19,16,17,15,14,17,40,13,14,16,15,15,12,33,31,10,13,14,15,12,16,12,19,18,22,22,47,17,17,18,31,12,29,33,18,17,21,20,11,19,20,15,21,11,16,38,29,34,13,29,17,13,15,14,15,33,13,35,33,17,13,14,15,39,18,14,15,14,17,15,14,13,21,9,13,12,13,14,35,9,45,16,21,35,41,14,23,13,15,36,15,32,18,18,36,12,19,12,21,12,20,15,23,13,33,32,9,18,14,13,10,32,15,15,35,16,37,24,16,30,17,37,11,13,17,17,19,18,20,12,16,13,34,22,30,21,12,34,11,34,22,29,10,15,12,17,11,15,21,13,17,16,13,14,14,16,21,17,13,11,22,18,16,13,17,22,11,38,18,34,11,15,15,43,13,19,15,8,10,22,15,14,30,39,32,19,11,18,39,18,22,35,12,6,13,43,13,17,13,30,14,33,13,14,37,45,17,11,15,14,37,13,18,10,37,18,41,14,19,12,14,13,17,16,12,13,11,13,22,14,26,38,17,11,13,39,14,13,35,18,34,9,16,10,13,18,40,35,9,19,19,11,9,29,18,11,15,11,36,18,30,12,37,15,16,15,16,13,22,12,11,14,15,15,10,31,9,43,17,37,17,30,37,13,8,18,13,10,16,14,16,13,15,19,17,17,36,37,24,17,10,13,10,16,15,15,38,30,10,33,17,17,12,14,32,7,15,14,13,31,12,9,37,18,19,14,29,35,15,9,15,19,9,18,15,21,11,33,17,14,15,13,21,15,16,15,16,23,11,10,44,41,41,12,15,15,14,13,15,16,32,19,32,17,15,18,17,32,11,9,33,37,11,19,13,20,37,27,37,17,18,16,31,17,14,10,12,16,13,10,29,35,28,13,17,22,16,20,19,34,37,14,11,21,22,32,38,12,39,24,10,21,12,19,28,13,19,8,15,14,14,13,13,35,19,36,10,14,17,35,32,36,18,9,38,15,39,13,17,20,17,17,9,18,18,16,22,14,46,33,28,12,20,20,17,16,20,15,14,18,30,12,19,21,37,19,19,17,15,17,40,17,16,11,15,19,16,31,11,16,16,16,27,14,42,22,17,40,24,25,18,20,17,8,16,15,15,35,12,34,19,13,9,15,14,11,16
30,13,17,16,10,38,14,12,12,15,37,14,17,14,35,10,22,31,15,21,13,16,41,14,15,19,45,30,14,33,31,20,15,33,12,21,10,32,15,12,39,32,15,18,14,19,31,13,9,42,15,17,19,9,46,14,14,46,34,38,35,12,38,9,14,18,12,15,31,16,42,12,14,18,35,25,14,11,18,12,15,11,13,20,17,17,36,18,35,13,20,38,13,20,32,16,34,20,31,23,13,14,14,43,12,12,14,10,29,35,14,19,32,19,21,15,21,14,17,15,32,11,19,18,17,12,9,18,25,21,25,20,11,10,11,14,14,33,14,33,14,13,34,13,10,13,39,32,37,32,18,42,16,17,15,16,13,6,20,17,14,17,11,12,13,20,29,29,31,26,12,17,34,13,10,17,16,9,21,29,33,15,16,13,9,11,15,12,18,16,14,45,16,14,25,39,14,14,14,9,12,16,20,37,17,16,14,30,19,15,14,17,14,13,13,30,19,15,31,42,12,23,16,14,22,18,16,13,38,16,12,17,21,31,11,29,14,13,10,13,40,33,45,14,16,12,11,34,20,14,10,15,17,40,13,21,18,27,17,20,32,37,14,14,12,14,12,21,18,36,32,36,38,33,11,11,13,11,13,10,17,14,21,11,15,14,15,15,33,8,24,37,41,15,12,40,14,14,20,10,14,13,12,14,36,12,10,14,11,33,16,20,38,18,10,15,9,18,29,42,19,20,27,13,9,25,13,24,9,14,18,19,35,17,13,9,11,16,12,38,14,14,13,34,16,11,31,18,22,14,17,21,16,15,17,12,15,19,25,38,13,17,14,10,14,11,34,14,48,38,14,42,17,18,16,11,18,16,15,20,43,19,18,21,17,39,29,10,39,19,47,38,33,19,16,29,37,11,32,17,12,14,11,13,15,20,21,35,12,7,18,30,18,18,20,14,39,12,34,12,31,41,18,22,41,19,18,18,14,33,33,43,34,17,35,13,34,32,12,24,22,21,17,10,18,15,35,31,15,23,12,18,15,35,14,42,19,13,28,14,6,13,15,11,35,34,13,12,14,11,22,35,23,32,16,21,12,19,6,34,14,19,34,21,12,17,37,16,15,24,14,17,36,44,21,11,34,20,32,19,14,17,18,31,18,42,36,40,11,16,9,26,19,22,13,15,10,17,17,7,41,16,16,34,34,9,17,15,11,12,10,16,13,9,17,22,41,22,25,16,15,13,16,9,35,17,14,31,12,41,13,14,15,9,12,36,11,14,13,34,15,23,13,14,15,35,17,37,16,37,15,17,22,15,17,12,13,16,15,20,19,14,21,16,33,12,17,17,41,14,14,14,17,21,12,15,25,11,21,18,37,33,13,21,16,40,10,31,11,30,34,17,23,34,18,15,17,14,18,13,39,15,12,18,15,37,35,28,12,40,33,15,28,17,17,12,14,17,14,16,38,26,16,43,34,6,36,13,22,12,35,41,14,9,13,14,19,15,21,11,13,9,10,12,20,17,23,34,47,15,30,18,10,16,26,41,17,15,17,17,14,19,31,15,36,38,12,14,37,28,34,15,15,17,14,14,18,14,13,33,15,16,21,17,15,19,14,15,27,15,12,19,10,15,21,14,14,19,42,15,16,13,16,13,18,11,15,9,35,21,19,14,10,15,39,16,10,13,17,14,19,16,22,8,17,13,9,12,18,15,18,15,13,34,22,14,21,13,44,31,13,18,11,14,12,18,38,12,15,39,17,19,33,15,9,7,33,15,9,17,30,35,9,17,16,16,16,11,8,18,19,38,35,9,12,11,16,9,12,14,14,13,16,21,11,10,16,15,12,13,15,34,20,22,15,12,15,15,16,16,16,16,45,29,39,26,13,11,22,4,10,12,19,40,16,36,13,20,36,13,11,31,12,14,18,16,19,18,30,37,17,22,13,20,13,9,14,27,15,15,15,8,38,21,13,14,15,32,43,22,12,19,17,35,20,43,32,13,19,18,12,12,15,19,18,13,19,20,12,12,16,35,13,19,16,14,12,18,17,19,14,13,11,19,17,16,18,14,14,13,18,17,9,18,32,10,15,20,11,10,10,17,15,15,34,15,12,16,42,33,18,18,39,17,14,39,11,13,13,32,33,15,34,12,18,35,38,10,18,39,12,12,17,15,12,38,20,11,18,18,19,19,19,35,12,22,40,37,13,16,19,43,16,17,19,18,18,14,11,18,17,19,12,17,16,31,14,16,10,35,14,35,21,32,22,34,15,16,31,20
13,27,15,19,38,14,38,18,14,23,8,9,27,20,44,17,37,18,14,15,39,12,33,15,15,17,20,18,31,18,17,17,13,41,16,22,13,17,14,22,12,11,15,19,15,18,10,15,7,11,19,28,11,13,30,18,15,28,10,18,13,17,23,31,36,14,18,19,35,9,11,14,16,20,16,15,12,13,33,16,12,19,14,37,17,14,13,8,14,18,19,20,13,18,17,29,18,34,12,14,15,15,7,32,13,17,13,43,17,13,12,17,17,47,13,40,19,22,15,30,17,27,10,37,34,20,12,13,41,11,17,38,28,16,35,16,12,9,11,17,13,8,36,36,17,15,36,15,17,8,12,16,32,15,35,20,22,15,15,12,13,40,16,42,18,15,14,15,33,20,29,36,39,23,13,17,21,42,18,38,9,36,40,6,10,41,45,18,34,14,20,21,27,35,16,18,20,40,13,46,17,19,16,17,20,16,15,30,23,31,18,26,14,20,14,14,36,12,16,13,14,17,16,14,39,17,31,13,15,36,18,12,19,24,17,26,37,29,15,12,19,32,24,18,19,14,12,13,18,20,14,18,18,17,14,17,8,14,34,20,10,14,19,9,17,18,37,10,16,14,15,15,38,11,19,10,29,10,18,16,16,18,35,21,30,12,11,33,15,12,13,13,25,14,17,18,17,34,10,15,15,36,17,14,20,15,35,12,14,14,10,21,34,11,15,17,38,14,20,38,21,14,28,18,31,22,16,11,22,23,19,14,16,24,15,31,9,15,33,12,18,12,12,13,11,22,17,28,10,30,20,13,15,14,7,28,12,12,21,20,11,30,18,13,9,6,41,12,40,17,15,18,48,18,20,15,11,33,15,13,18,14,17,18,9,33,15,38,13,41,6,12,15,15,29,14,11,11,13,15,13,14,15,11,14,10,16,13,15,40,34,14,40,17,26,19,15,13,12,31,10,14,15,30,17,13,16,13,15,22,16,22,12,18,37,15,16,18,13,41,14,40,7,31,19,13,10,20,17,13,14,12,14,22,9,19,40,29,12,18,15,16,35,15,22,29,13,16,13,19,12,10,15,20,19,21,16,18,14,16,16,18,22,18,13,10,13,36,35,16,38,18,35,11,16,14,16,10,10,41,23,15,35,13,9,18,19,9,13,14,15,16,15,12,10,37,34,15,20,9,30,19,15,13,17,39,11,15,8,34,10,10,17,15,15,13,20,12,33,17,13,10,34,35,18,12,14,32,13,25,19,29,19,15,13,13,10,40,20,40,12,24,18,20,18,8,21,15,12,14,12,16,16,9,42,15,15,35,13,32,11,13,18,19,15,27,13,34,20,16,16,37,12,21,14,15,18,12,13,26,19,14,29,22,14,11,17,27,18,41,12,18,37,18,39,21,14,32,24,29,8,16,14,12,17,20,16,16,19,22,17,14,12,9,21,15,19,33,41,34,15,20,12,17,10,12,13,17,12,33,14,14,13,33,32,35,16,14,16,45,19,40,34,38,22,32,38,11,18,36,23,22,27,17,7,20,36,17,15,15,14,13,21,10,16,18,15,17,14,17,20,16,12,14,30,14,14,20,35,29,33,40,12,11,7,20,16,14,15,18,32,15,17,20,16,34,16,12,29,12,13,10,13,43,15,9,23,18,12,11,13,19,32,16,16,13,33,15,14,27,23,41,11,11,15,29,40,16,19,17,29,12,29,15,20,15,13,39,15,25,34,12,17,20,12,28,11,21,18,24,38,12,8,34,14,13,19,20,12,14,37,13,19,17,34,18,20,13,39,13,9,33,36,17,16,18,10,15,9,15,36,15,5,13,17,11,18,14,18,29,14,20,39,17,9,19,12,10,19,22,32,18,14,13,14,17,23,35,14,34,12,37,28,12,15,15,10,19,18,12,44,14,9,34,18,24,12,14,14,20,29,46,12,29,41,41,16,14,19,16,15,39,22,23,37,37,15,36,36,14,13,14,12,12,40,12,36,32,19,13,9,35,16,21,17,11,14,12,16,18,16,17,11,18,13,13,16,17,11,40,33,18,11,9,13,19,17,18,17,11,38,36,10,27,13,30,11,12,20,8,13,8,38,18,21,14,16,15,18,39,16,13,21,15,33,13,16,35,15,10,15,14,22,37,31,21,11,11,15,10,19,15,15,12,12,19,17,37,12,18,17,17,11,11,16,13,15,30,11,15,11,15,12,11,5,11,19,13,34,8,12,16,31,14,16,40,38,16,34,19,16,13,16,33,12,19,19,12,38,14
14,19,19,35,27,16,31,30,13,12,13,12,12,8,13,13,11,14,33,15,20,16,10,10,33,14,14,12,12,46,16,12,34,17,9,42,35,16,24,26,14,22,10,22,11,8,33,8,21,17,27,14,19,15,13,34,12,17,20,33,17,16,11,15,36,24,18,38,31,18,16,18,17,33,17,28,20,29,14,12,12,28,17,11,17,19,37,11,15,17,13,10,14,27,45,11,35,11,39,15,12,13,14,10,18,18,17,16,16,14,15,22,10,13,30,12,21,17,10,15,39,17,17,27,54,34,19,14,15,37,21,20,16,14,17,17,18,9,9,18,14,13,37,37,35,16,31,19,33,15,37,10,15,15,14,32,8,16,17,12,36,11,11,14,37,32,15,39,16,14,44,21,13,38,19,14,30,36,13,33,19,12,33,13,11,16,38,39,16,18,22,12,31,18,14,18,13,18,40,12,18,34,13,15,16,10,14,19,14,12,18,35,23,44,12,34,16,13,15,15,8,20,17,15,11,20,34,37,13,41,24,40,17,33,13,22,25,45,12,12,14,11,37,14,8,9,19,17,14,12,17,34,14,34,11,20,24,8,13,37,13,14,16,15,11,38,17,11,17,11,15,18,19,18,35,15,30,11,11,15,19,9,17,17,46,15,39,19,37,18,38,16,21,16,14,33,26,15,21,39,16,38,15,35,16,13,13,13,40,31,20,14,8,33,13,15,35,17,38,10,10,20,20,13,21,16,10,17,16,9,10,16,22,32,13,15,18,18,9,18,18,36,15,36,39,14,15,11,35,14,9,23,39,16,32,16,13,12,15,36,35,18,18,10,11,14,10,16,17,9,21,43,11,39,38,36,15,38,14,14,10,15,34,15,35,14,22,12,13,11,13,9,13,33,20,11,12,16,16,31,17,16,36,18,17,15,17,31,18,38,13,12,34,17,10,16,14,12,46,11,24,22,33,10,12,35,9,14,11,24,13,19,20,15,14,29,43,34,21,13,13,13,33,14,17,10,14,20,15,17,10,13,12,15,18,17,10,16,17,11,39,29,10,15,14,13,15,13,13,35,30,14,21,15,12,21,22,17,17,19,33,34,24,15,17,15,17,41,35,11,37,12,15,12,19,10,34,17,16,9,15,13,33,13,20,14,33,21,34,13,13,20,19,15,16,14,11,17,15,15,8,16,41,33,17,31,13,20,12,16,13,17,13,29,17,15,10,11,30,13,13,21,17,35,15,16,18,18,13,11,33,30,10,13,14,11,38,14,10,19,31,18,11,16,7,15,9,14,13,16,38,18,16,11,14,12,33,17,20,17,12,21,16,17,22,14,17,38,11,39,12,33,12,9,16,23,15,37,16,13,34,13,11,12,34,17,42,16,13,14,36,17,13,14,13,35,13,36,17,13,19,38,14,13,22,16,16,16,34,16,20,13,17,17,18,12,18,15,27,36,19,17,14,14,18,14,12,17,20,16,14,19,14,17,18,32,19,17,13,19,4,17,16,17,18,15,20,14,15,12,30,16,37,13,8,30,33,14,14,34,11,18,30,10,17,10,37,44,14,29,38,11,15,17,19,15,15,12,39,16,10,14,41,8,8,24,17,38,17,36,12,24,36,33,13,20,13,14,14,37,11,17,17,24,18,5,37,12,12,42,16,15,16,11,13,11,41,17,22,15,41,10,13,14,17,22,11,21,38,16,12,15,17,27,12,38,16,34,26,31,10,23,10,45,40,40,14,20,13,39,33,13,7,16,12,15,15,12,41,13,16,18,9,15,17,24,18,15,7,43,19,28,21,17,29,35,38,14,8,21,34,17,18,34,15,30,33,17,10,15,38,39,34,19,19,12,15,6,19,10,17,15,16,36,14,37,26,29,12,27,17,22,36,14,11,35,20,13,14,15,37,14,11,14,22,17,11,18,15,12,15,16,17,39,46,36,12,11,15,36,11,30,19,11,42,31,24,18,40,16,42,15,16,13,16,14,31,13,28,13,11,18,18,14,38,16,22,18,22,16,36,13,20,12,20,14,13,13,41,12,14,15,16,19,32,37,16,35,14,12,12,34,16,16,13,14,15,18,37,37,24,12,31,12,10,15,15,14,14,17,15,40,17,20,18,14,19,37,17,20,14,15,12,20,31,9,12,21,9,13,9,29,45,17,35,36,34,33,38,16,32,22,13,16,24,14,17,20,30,18,16,14,10,12,35,14,9,11,15,27,20,17,39,13,15,7,18,14,23,11,17,16,41,35,11,31,22,15,19,10
35,18,37,14,11,33,16,17,34,26,18,11,14,20,30,12,16,37,31,16,11,10,39,17,34,19,12,15,14,13,15,17,14,17,14,12,22,19,11,18,18,40,17,16,41,19,9,15,17,12,15,13,30,12,19,16,20,35,40,17,14,17,17,13,22,13,15,32,36,19,11,13,11,17,15,10,8,21,14,30,13,19,34,38,15,20,18,21,13,36,10,13,23,17,13,14,7,15,20,38,17,16,17,34,27,14,9,13,11,16,33,20,45,7,45,8,13,14,40,21,13,30,18,16,14,18,15,16,16,17,36,37,32,18,19,14,19,12,12,12,14,16,10,16,31,12,33,16,11,17,41,18,37,12,17,38,29,39,7,19,38,38,17,26,32,21,36,28,14,15,15,20,11,18,36,16,27,16,34,18,29,12,20,14,10,13,15,32,20,22,36,15,14,32,16,14,39,18,17,10,39,16,11,14,18,9,11,15,33,41,33,31,13,14,15,33,14,15,31,11,42,41,34,18,16,35,27,41,16,11,40,13,20,13,11,15,12,15,16,16,16,36,13,44,14,14,18,15,18,37,13,17,17,14,33,12,14,12,14,32,13,43,38,15,11,10,40,16,14,13,33,26,19,17,14,13,26,32,14,32,15,38,40,18,25,15,28,10,18,30,10,17,18,25,18,15,38,33,12,10,13,17,18,36,17,16,17,15,18,25,18,4,37,12,16,34,13,13,22,20,15,34,16,16,26,11,13,35,9,17,44,16,13,15,18,19,22,31,11,7,17,33,17,11,12,12,10,17,16,12,18,21,15,15,21,14,37,36,14,7,10,14,9,23,14,13,16,16,9,9,10,10,21,15,15,17,16,16,15,17,17,13,20,15,37,15,21,34,37,13,16,15,21,12,10,37,28,23,15,12,15,9,10,10,21,9,18,10,16,35,15,9,14,40,13,19,35,36,36,38,37,15,14,12,23,14,16,14,10,37,18,16,12,34,26,19,38,16,20,11,14,30,43,18,16,37,18,33,13,20,16,15,9,23,12,27,18,11,31,17,19,21,17,10,43,9,34,8,18,14,34,14,20,21,8,8,16,39,22,18,41,13,18,14,31,19,16,16,16,26,13,36,12,21,12,27,15,11,12,12,37,40,20,14,18,35,15,40,46,32,10,28,11,12,21,17,15,15,9,9,18,19,20,15,33,36,15,28,14,38,16,19,13,20,36,19,18,7,18,29,37,11,12,22,23,13,16,20,14,14,38,10,10,14,32,15,23,43,35,18,12,13,15,31,12,19,41,34,27,11,40,12,16,15,37,33,11,38,14,20,12,12,14,14,15,36,14,14,18,31,15,17,30,12,16,17,16,15,19,35,17,15,17,14,13,43,7,29,28,38,14,15,14,30,12,14,45,18,33,12,33,16,17,17,12,8,11,12,16,13,16,19,16,11,13,13,38,9,17,10,15,37,33,31,14,21,42,18,16,13,32,14,18,15,9,14,13,31,18,19,11,12,37,8,13,19,34,16,32,15,31,35,29,27,15,14,24,17,13,14,19,17,33,14,33,18,14,38,38,19,29,18,18,34,31,14,15,16,18,12,19,10,11,15,35,16,16,9,26,25,16,24,36,10,16,10,13,32,19,13,14,12,10,16,16,12,13,11,42,12,16,19,17,14,37,37,10,32,13,34,36,33,19,11,17,13,19,31,19,19,20,18,13,17,15,14,11,37,13,19,14,21,17,36,12,14,15,17,35,20,38,18,15,10,14,37,16,22,10,16,18,16,20,25,43,39,8,15,15,14,37,16,48,19,16,18,46,14,14,19,14,39,13,36,13,35,20,39,17,15,13,10,15,11,15,15,15,17,14,47,23,14,37,15,17,15,9,12,18,31,19,36,19,16,14,19,11,17,19,19,14,32,13,16,17,16,42,43,16,40,14,11,33,30,11,12,7,12,34,35,36,39,10,15,18,19,15,13,26,27,38,40,19,24,12,33,16,19,10,18,38,35,16,16,37,16,32,9,13,16,33,37,28,31,12,35,15,14,15,40,17,15,15,12,20,10,28,9,25,15,29,13,33,16,43,12,15,16,33,35,30,15,16,12,10,15,14,32,17,16,13,16,12,11,12,17,18,16,39,26,36,14,21,38,15,20,15,7,28,35,35,14,9,14,13,13,13,28,13,14,11,12,18,10,14,26,24,12,18,17,13,25,34,35,12,32,32,33,12,12,30,37,36,15,37,18,37,31,23,18,11,13,41,25,21,18,13,32,40,38
29,36,17,13,33,12,37,14,14,38,12,11,18,36,14,14,40,16,12,15,37,9,16,31,14,29,15,17,19,10,24,12,9,26,12,15,17,16,31,12,19,15,40,15,15,19,20,31,13,14,13,15,14,12,14,20,17,39,8,15,12,19,19,28,32,15,32,19,11,16,10,12,16,12,12,17,13,15,12,15,40,25,33,17,12,16,35,18,37,17,11,17,14,37,18,18,40,41,31,24,20,18,14,42,13,9,15,38,11,17,18,15,17,11,14,14,15,21,40,29,17,16,13,22,13,15,40,11,15,15,14,18,9,19,20,15,16,16,11,21,32,16,21,13,35,16,18,11,40,13,14,12,29,12,9,35,28,17,8,16,6,13,13,31,10,19,20,15,20,32,15,10,40,43,15,13,36,15,15,19,17,10,18,16,15,16,20,16,16,43,19,18,36,37,17,34,13,43,12,14,11,17,10,12,19,16,18,19,18,37,38,34,30,16,20,13,16,16,15,44,20,17,39,12,17,14,28,19,13,12,33,13,14,14,36,34,42,11,13,42,29,9,18,17,13,35,7,9,15,17,17,18,13,16,8,34,14,32,31,13,13,17,17,34,21,11,15,15,36,15,18,33,36,12,38,23,18,19,34,19,13,41,16,16,14,18,11,22,35,16,12,18,19,14,13,12,12,19,15,16,34,14,15,16,23,40,18,12,23,14,19,17,14,16,30,38,33,18,13,9,18,20,17,19,18,16,16,13,36,12,11,13,19,11,13,38,24,33,11,28,18,28,36,19,16,38,21,10,19,14,38,42,14,10,36,35,15,36,38,32,38,21,34,16,28,30,21,15,36,35,8,16,12,20,34,36,13,19,13,32,14,9,36,13,14,33,19,33,15,13,13,8,16,16,8,14,18,8,18,12,15,19,32,11,33,11,21,39,8,41,40,37,20,36,13,12,41,12,12,9,31,16,11,16,15,32,11,17,18,15,16,16,11,11,20,14,13,38,11,17,12,14,19,11,17,12,15,11,35,21,18,14,18,13,11,14,12,37,36,27,38,34,16,12,12,36,34,19,13,13,15,29,14,14,18,17,16,16,18,15,20,36,12,32,42,16,12,12,11,11,14,14,22,14,28,14,17,16,15,8,17,16,42,13,34,35,16,17,32,30,9,13,10,12,11,37,17,13,17,17,14,40,18,14,44,19,16,11,16,17,34,17,14,14,26,15,34,21,13,11,14,18,15,15,32,37,16,39,18,18,16,21,13,16,10,13,7,14,15,37,14,19,15,11,15,18,10,14,12,39,16,14,14,15,17,19,10,14,42,29,33,16,20,40,16,42,18,15,11,25,8,17,9,38,15,12,16,17,41,36,48,16,16,34,12,13,21,13,15,20,13,17,33,16,10,33,11,13,14,19,14,30,14,15,16,12,12,17,17,17,17,39,15,13,18,21,23,22,47,16,44,33,18,14,18,12,19,15,22,18,17,13,39,14,14,12,19,17,34,15,15,16,14,18,21,14,16,26,16,20,12,17,37,11,22,13,15,8,14,19,20,19,14,24,23,14,41,23,26,16,13,18,37,15,19,14,18,12,11,19,7,13,31,15,17,19,22,15,14,32,11,17,37,13,8,15,19,22,31,11,39,27,14,20,13,11,10,38,15,12,38,17,14,33,11,21,22,19,13,23,37,22,13,18,15,9,22,14,26,36,15,16,13,44,15,37,16,17,19,32,42,35,16,37,14,17,19,13,11,17,16,34,11,15,17,14,12,12,12,10,18,16,20,32,30,18,42,13,18,10,14,36,38,14,21,13,13,15,18,35,17,16,39,12,14,13,15,11,15,18,28,35,18,20,16,8,16,13,40,13,40,9,10,18,16,11,24,16,33,18,17,12,14,18,37,38,20,41,10,20,11,32,17,10,20,15,36,35,35,34,16,42,35,10,13,16,16,12,21,38,11,17,11,12,12,21,39,40,20,14,40,8,30,21,19,20,14,14,9,11,20,18,19,17,14,17,16,16,14,41,17,13,32,15,14,28,36,14,13,12,34,17,34,13,15,43,10,31,13,34,18,40,33,12,23,21,12,21,16,20,12,16,33,19,17,29,13,31,12,14,42,12,18,8,19,34,7,14,28,12,43,27,27,13,12,34,20,15,16,18,15,17,16,13,10,35,11,40,15,13,12,24,18,18,47,19,18,19,35,15,17,14,16,14,15,13,17,34,21,17,22,15,14,17,17,13,14,10,15,25,14,15,12,29,9,9,29,14,16,18
17,22,14,20,9,15,14,13,15,18,37,22,15,9,40,27,19,18,16,14,11,16,14,7,13,19,17,16,14,16,18,34,20,31,14,11,38,17,35,11,34,39,13,27,9,36,19,13,17,8,17,38,10,40,18,31,10,38,15,16,14,34,8,36,15,15,32,35,17,19,17,39,16,18,33,17,11,16,10,35,41,13,11,30,28,34,19,28,30,33,35,15,10,18,19,12,17,16,16,16,20,19,16,38,13,37,13,10,20,34,22,14,23,17,12,37,10,17,23,12,45,17,16,14,14,19,36,20,15,14,17,8,34,37,11,32,14,33,12,10,39,14,12,11,15,29,17,19,12,15,30,10,15,34,17,17,34,14,16,18,17,15,15,11,11,34,13,13,32,10,14,15,39,19,10,8,11,18,35,11,18,38,16,37,12,36,13,13,14,41,14,7,36,9,33,32,15,18,16,31,28,9,10,16,13,14,13,19,30,11,15,18,11,11,17,14,11,17,20,18,14,16,19,20,38,20,37,11,25,18,11,14,19,13,13,16,16,14,11,13,15,19,16,16,12,18,15,11,17,16,44,13,14,14,36,14,21,19,13,43,35,16,37,21,15,18,8,13,15,16,19,14,23,18,17,37,9,29,40,14,17,14,10,11,16,9,39,42,10,40,17,37,41,37,8,45,19,11,38,34,38,16,11,15,37,14,19,12,11,10,11,36,43,18,34,43,25,40,20,20,13,15,17,11,12,14,14,15,36,15,44,11,11,18,14,21,13,17,36,37,12,16,14,37,22,14,18,15,14,31,18,9,16,30,15,13,18,11,14,18,11,28,20,34,12,12,40,14,10,13,15,8,17,13,19,39,32,13,29,14,16,15,33,15,17,21,16,11,39,18,16,11,18,13,16,37,21,30,13,17,22,30,14,12,43,10,35,30,19,17,17,17,11,39,33,15,29,8,33,11,12,39,39,16,7,11,13,10,12,17,13,14,7,18,13,14,13,9,36,13,12,24,30,16,38,12,44,41,14,13,18,44,9,18,17,19,9,19,13,17,19,13,11,39,35,36,17,27,12,15,13,13,9,16,41,34,12,18,37,18,22,18,14,14,17,18,18,13,15,33,9,12,30,24,30,30,6,8,43,10,16,14,17,17,33,16,8,37,16,20,15,14,16,13,13,23,19,15,19,13,17,18,37,15,8,42,19,13,16,7,8,13,29,18,26,12,32,10,18,15,22,12,16,13,9,35,15,40,23,13,15,14,16,16,9,12,13,25,18,13,37,29,16,14,17,22,15,21,11,18,17,15,34,10,11,11,12,39,11,14,36,11,34,12,12,20,18,19,19,19,34,33,26,33,12,20,4,10,15,13,18,17,15,12,10,21,28,15,19,12,37,21,20,28,34,20,19,17,32,15,19,17,49,18,11,18,15,39,13,21,17,34,22,15,20,15,41,39,11,12,16,11,30,12,43,28,13,15,15,13,23,18,15,15,13,14,14,16,33,22,17,35,33,16,15,15,12,10,20,39,29,15,18,16,18,12,11,16,16,34,13,13,11,9,17,12,14,10,14,31,12,20,18,15,12,18,14,13,14,11,19,17,21,33,10,14,24,15,10,20,35,31,26,13,15,15,15,20,10,37,23,32,29,35,13,12,13,18,30,12,13,17,19,11,17,12,18,20,18,19,17,16,40,17,18,16,12,11,17,19,37,9,17,15,14,13,17,19,8,31,17,13,14,19,9,18,33,39,40,15,19,24,15,11,19,13,17,9,25,13,13,9,20,37,12,14,10,11,23,15,11,36,19,3,10,13,31,15,15,13,16,19,14,13,37,13,41,18,36,35,10,25,14,15,14,14,37,12,15,14,14,15,32,14,16,14,33,37,14,37,18,16,9,8,15,31,34,35,23,31,29,14,31,17,13,18,15,12,17,16,13,14,15,17,35,14,32,12,19,12,34,17,12,35,36,21,42,10,15,13,16,17,14,11,16,18,37,27,30,10,15,17,15,19,33,6,22,30,12,16,16,13,12,18,40,15,13,13,17,29,14,16,11,8,15,19,21,20,16,17,18,26,17,30,16,33,17,35,14,31,17,8,17,34,12,41,18,14,13,32,12,9,12,21,12,15,13,18,33,15,16,33,13,29,19,30,17,14,8,15,17,10,16,16,33,22,16,37,42,23,10,16,13,17,33,39,17,18,15,16,20,11,18,14,13,20,15,33,12,15,15,18,15,14,15,13,14,15,12,15,31,13,39,17,15,34,13,11,23,19
12,13,21,15,32,15,9,15,17,12,11,22,13,19,13,25,25,37,21,14,15,38,26,20,41,10,39,15,9,16,35,34,20,17,17,13,21,29,9,35,17,15,19,18,16,14,11,14,23,13,12,19,40,10,35,11,18,12,13,40,13,18,13,11,18,14,42,17,11,13,11,13,23,8,18,37,27,7,34,14,14,17,8,22,15,13,17,24,8,13,17,16,13,34,42,12,14,15,38,18,31,15,21,32,18,10,18,39,43,18,10,16,10,16,14,37,12,30,15,12,18,27,19,10,7,12,8,9,17,14,37,26,37,16,34,12,14,34,14,16,20,33,17,10,18,8,8,14,11,11,11,12,22,37,15,13,10,37,19,16,15,15,13,11,11,7,15,10,14,14,34,34,21,36,14,11,17,12,18,17,36,19,11,39,17,21,8,29,29,19,12,16,31,15,13,13,35,13,16,28,39,12,13,13,17,10,17,17,20,10,39,36,34,37,11,14,16,13,17,12,39,15,10,17,18,35,33,9,10,13,12,37,18,40,12,14,17,15,18,20,34,18,44,31,34,18,11,14,41,30,43,17,12,16,36,28,14,22,13,12,16,18,20,13,8,14,8,15,17,16,10,15,16,19,14,14,13,13,11,14,13,17,15,16,10,32,15,17,16,14,24,18,9,29,8,12,15,20,16,10,12,39,19,18,13,21,24,19,20,29,19,23,24,16,15,18,21,16,19,13,13,15,15,13,16,15,35,31,16,20,31,18,10,21,21,13,9,13,33,15,33,28,12,35,14,12,10,38,16,13,17,15,27,43,17,14,17,21,32,14,15,19,12,16,18,11,20,21,25,29,20,14,40,38,13,14,13,14,17,11,15,19,15,17,30,17,14,10,36,37,12,37,16,15,17,15,10,17,19,14,12,35,15,17,30,28,35,15,10,40,16,16,30,31,40,35,41,13,24,16,40,30,37,15,41,22,14,11,40,31,38,11,36,27,12,33,17,15,8,32,39,8,11,15,17,38,18,18,15,39,9,13,15,33,31,13,11,11,12,13,13,22,43,32,17,36,36,14,38,17,35,11,19,7,9,38,11,17,39,23,16,40,14,17,11,20,13,10,15,24,13,40,18,34,25,28,9,17,30,21,10,17,14,15,16,17,19,14,10,36,17,16,14,37,38,14,17,36,15,13,37,10,13,16,23,14,17,26,12,19,17,15,10,18,9,37,5,19,40,20,23,14,17,15,8,17,12,13,14,39,17,12,29,12,11,15,39,45,36,39,14,18,14,16,7,16,15,45,5,14,18,17,20,13,17,12,42,35,16,14,16,16,14,14,13,6,39,13,17,12,40,10,19,19,14,12,16,19,18,17,19,16,17,15,19,32,13,11,13,17,12,10,14,18,36,19,40,31,13,10,14,19,13,15,13,12,18,17,17,39,11,13,22,15,15,41,32,13,35,13,12,13,13,16,9,13,17,36,16,15,14,17,13,19,33,34,37,28,33,37,13,15,19,17,43,6,14,20,15,13,12,34,16,13,15,9,34,9,16,24,31,36,12,17,8,15,17,16,16,14,12,16,14,18,13,15,18,36,40,38,24,15,31,15,15,31,31,13,14,14,9,14,14,20,16,30,36,41,18,16,18,13,36,19,40,11,22,22,15,18,16,13,8,16,11,26,8,16,17,14,34,39,10,7,38,18,14,12,16,17,33,14,19,14,15,34,17,14,15,22,17,8,20,14,22,15,24,15,17,39,12,18,13,16,14,39,14,18,15,9,21,12,38,38,11,14,19,12,12,37,11,15,14,16,30,15,17,16,31,18,14,15,14,14,14,19,18,35,29,40,14,13,44,18,23,31,17,19,15,16,12,10,19,44,13,17,12,14,18,10,13,13,11,38,32,16,41,38,12,13,14,14,16,19,14,19,41,9,12,18,30,20,16,36,32,15,17,30,12,13,16,16,14,23,37,15,13,18,37,18,18,12,40,17,13,36,30,38,15,6,18,18,12,42,21,12,17,35,40,8,37,30,9,42,13,17,15,17,17,20,36,18,15,37,31,19,13,18,18,15,12,10,11,15,16,20,12,19,17,30,33,11,17,16,27,37,14,17,16,10,16,28,13,11,12,30,17,34,17,13,33,11,13,42,17,29,15,39,18,11,15,17,34,10,16,36,11,9,38,36,13,15,15,17,18,31,11,11,14,41,13,24,10,19,17,17,12,14,16,17,13,13,53,12,32,17,16,9,18,10,11,9,10,19,14,10,15,12,14,15
42,13,22,33,15,31,15,20,11,38,10,14,13,10,17,13,17,15,35,30,20,16,16,12,16,20,17,36,14,14,19,19,16,16,16,17,9,17,16,8,15,8,23,43,35,7,17,35,26,15,20,18,16,18,18,9,16,17,30,21,13,29,14,18,15,30,19,10,19,15,16,12,33,21,36,13,40,39,39,20,12,18,20,15,38,36,16,16,8,20,13,21,9,17,17,18,13,38,36,37,29,14,13,21,41,13,29,23,17,18,15,12,35,15,33,35,15,11,19,17,12,15,38,14,10,15,12,19,38,40,13,16,19,18,16,33,36,7,15,11,13,14,12,10,18,37,12,34,14,16,21,19,12,13,18,17,13,30,19,32,14,12,22,18,17,15,34,15,14,18,40,20,16,18,13,15,37,16,17,12,16,7,17,8,14,22,23,32,14,11,17,33,10,18,14,20,18,7,10,41,31,44,19,11,37,42,14,17,16,43,29,18,36,9,20,35,10,17,15,17,22,12,15,23,20,17,12,14,11,15,14,11,14,25,17,12,20,23,34,16,16,16,43,36,34,23,17,14,15,24,17,8,17,3,12,20,38,15,17,38,21,11,18,14,20,10,17,18,11,17,15,17,10,32,29,18,11,13,36,22,10,16,15,20,19,12,12,7,11,23,17,19,16,13,13,36,16,17,12,19,19,31,37,18,13,17,13,37,11,38,7,17,21,17,19,14,15,15,18,17,11,8,29,20,13,17,13,23,10,28,13,14,35,25,16,42,13,26,9,15,24,9,16,13,31,38,16,38,14,40,9,8,14,14,16,40,10,36,11,29,18,34,15,21,10,44,14,17,38,21,36,16,32,8,18,20,30,13,38,24,15,30,11,32,21,16,19,17,11,16,14,38,15,20,18,17,18,11,8,42,18,16,15,11,35,8,14,7,10,11,10,13,28,31,12,20,9,32,14,13,18,42,15,18,18,13,36,19,14,13,33,35,21,39,15,30,15,15,17,48,17,38,31,21,26,11,13,14,19,17,13,13,19,41,15,18,19,11,23,16,39,14,15,45,17,37,12,26,18,38,38,10,12,9,12,37,42,35,18,15,19,7,32,13,13,17,10,19,11,9,43,16,9,33,29,15,16,39,11,13,15,16,18,13,12,17,38,15,11,16,13,33,13,9,21,40,41,22,33,13,11,11,18,12,28,31,13,36,31,30,17,13,12,20,33,15,16,14,14,38,14,41,29,33,10,16,31,24,12,17,14,15,20,18,33,16,15,16,40,33,18,11,14,13,9,16,37,35,12,19,28,18,13,13,30,17,34,12,19,34,20,16,15,35,13,10,14,11,13,34,31,20,35,18,20,14,39,35,15,6,32,18,11,13,39,38,15,23,21,13,18,29,14,14,13,10,10,17,15,18,34,15,42,13,20,12,15,14,9,9,26,12,6,16,34,32,18,12,18,12,22,15,14,29,13,14,33,19,11,20,10,20,38,16,18,13,17,32,34,17,18,37,15,12,15,30,8,9,14,16,14,17,47,12,15,30,15,9,33,20,16,12,15,29,16,31,18,34,14,15,30,38,22,15,41,16,18,18,11,14,14,38,17,36,16,35,12,23,18,8,21,39,51,18,13,18,11,23,11,16,19,29,17,38,18,11,33,11,21,19,34,17,39,42,13,16,16,16,15,20,15,17,16,34,17,12,10,19,17,36,9,17,13,18,13,13,38,34,31,26,43,28,15,27,39,36,14,13,12,17,14,22,14,9,14,18,14,16,20,20,16,40,15,16,15,33,25,13,9,18,30,30,38,15,36,21,11,11,13,17,9,13,11,13,17,16,10,14,16,9,35,13,10,29,7,15,15,22,32,13,10,29,14,21,20,36,12,13,30,17,12,17,12,15,11,9,18,13,18,19,12,42,12,19,41,14,36,18,16,15,28,14,33,22,14,19,15,13,24,38,39,38,19,29,30,11,26,13,15,13,34,16,31,39,13,13,15,16,14,6,15,26,15,43,21,17,10,12,13,17,10,10,20,23,19,12,32,45,14,10,13,15,39,11,14,15,17,16,17,16,12,21,31,18,15,17,17,39,14,12,33,11,17,19,13,37,41,13,13,18,17,19,13,18,12,16,32,13,17,32,17,14,14,20,19,14,21,16,11,15,17,38,34,8,12,18,35,44,41,15,11,8,15,14,38,13,34,11,22,22,39,27,11,33,15,11,16,15,20,16,14,35,10,38,15,15,17,29,40,33,15,18,31,38,13,22,7,8,13,13
34,17,17,13,43,35,8,20,19,34,10,20,10,19,14,16,15,18,16,17,10,15,10,19,29,36,13,33,27,16,13,29,17,14,12,17,11,13,34,15,11,15,14,19,15,14,17,15,13,11,13,10,41,10,35,16,14,22,34,15,19,16,34,36,19,12,16,20,39,14,15,16,32,17,36,12,18,30,13,14,16,22,13,17,36,11,16,10,22,16,26,10,10,14,31,11,47,10,33,18,16,33,12,29,12,16,14,19,8,40,13,18,13,19,15,14,15,15,15,17,20,17,12,13,18,36,16,18,36,33,39,44,23,10,17,32,19,40,33,32,8,25,12,16,16,18,40,16,12,13,43,16,12,42,11,33,35,8,38,9,18,11,16,8,19,11,13,17,12,20,16,19,34,13,11,31,19,15,11,18,16,10,17,9,18,17,12,17,29,14,14,33,13,23,29,41,13,20,13,17,36,10,33,13,15,21,19,6,36,19,13,15,14,15,18,14,12,17,35,11,16,10,42,11,19,10,17,39,21,15,40,19,29,15,38,33,11,42,16,14,36,25,27,16,18,15,27,9,12,12,18,15,17,36,19,19,11,17,16,15,26,16,19,32,21,18,13,10,38,20,28,12,17,16,12,17,19,34,16,13,17,11,15,34,41,14,11,10,19,34,14,30,36,21,12,16,35,17,16,12,12,11,15,11,14,13,37,14,40,13,34,10,19,15,39,20,34,16,25,16,11,42,8,14,34,37,37,37,10,16,36,15,15,17,24,12,14,19,19,11,27,19,16,13,11,8,14,41,22,11,8,17,13,16,16,23,11,11,14,21,17,13,17,14,15,19,12,14,17,27,19,9,26,18,12,12,37,14,13,8,13,16,35,19,39,14,15,11,18,11,17,18,14,16,39,14,16,13,17,18,14,10,15,34,18,17,34,14,14,33,35,38,18,15,34,35,21,17,12,9,12,32,20,35,37,10,38,18,14,17,30,19,42,34,16,13,16,14,16,15,13,19,23,34,11,29,11,11,37,11,16,18,15,13,20,23,37,13,14,20,11,16,15,33,15,15,15,21,43,14,17,20,21,17,15,11,21,35,26,12,14,16,16,13,10,25,36,43,14,21,14,15,22,39,15,18,10,27,16,16,40,12,11,38,17,16,39,39,21,38,22,18,13,22,16,14,13,15,39,14,19,11,14,10,13,40,31,13,14,16,37,35,37,12,35,10,18,34,11,12,17,29,17,30,16,16,16,33,37,15,17,12,15,11,31,15,15,17,29,14,17,20,19,12,13,13,35,20,18,13,31,16,16,41,11,38,17,14,39,36,11,23,16,11,43,3,14,18,40,18,19,15,16,43,14,24,16,15,15,41,38,12,14,17,20,11,14,20,39,15,18,19,16,12,31,16,15,11,11,40,38,11,24,15,36,13,13,15,12,11,10,13,12,27,34,37,19,35,34,42,14,12,12,14,16,19,7,17,37,12,12,13,15,15,21,18,11,16,11,40,14,14,37,18,18,13,20,37,8,19,16,35,24,15,13,34,35,31,42,11,19,36,27,14,36,16,14,20,12,36,14,10,17,15,10,13,39,20,19,19,13,37,40,15,19,12,34,18,13,17,14,21,15,12,9,37,16,37,40,18,10,13,35,32,31,30,10,11,36,9,18,15,15,19,16,16,16,16,15,13,10,18,35,21,33,16,12,34,35,20,11,17,8,7,29,34,13,11,12,14,16,28,33,13,15,13,35,18,18,9,36,27,10,18,12,15,12,12,29,18,16,22,17,11,11,11,14,14,13,26,35,14,15,19,15,16,11,15,16,10,35,26,30,17,15,14,16,15,15,31,16,30,13,14,22,35,18,22,34,18,33,14,38,42,14,17,32,17,11,20,30,21,13,21,12,19,12,23,15,14,26,14,16,18,16,11,12,19,15,11,14,15,16,13,19,33,18,11,36,16,13,13,13,21,17,11,23,18,11,32,18,8,20,14,14,13,15,15,14,13,17,11,36,20,9,15,21,44,20,16,41,21,16,29,15,14,12,20,34,8,13,16,14,10,19,13,20,33,12,7,31,18,15,17,18,12,13,14,16,12,18,39,13,17,35,20,15,18,16,36,13,13,22,17,36,38,12,44,11,9,12,14,20,14,16,19,16,8,14,16,15,22,19,12,17,29,21,10,14,15,20,15,16,18,39,18,27,10,29,28,17,30,13,17,13,13,15,12,20,12,15,16,15,11,13,17,14,10,24,27,17,24,15,15,20,12,15,35,15,32
15,14,14,14,19,14,13,20,11,30,13,17,30,14,21,18,13,40,15,16,14,35,15,38,15,18,17,15,13,15,17,39,18,38,13,37,18,16,14,12,17,31,17,18,23,18,15,14,13,15,13,22,15,16,38,37,17,36,18,21,35,16,11,32,20,19,18,15,38,14,15,33,18,12,14,39,15,34,11,37,22,17,24,13,9,12,17,32,17,30,15,15,14,14,33,11,18,17,17,32,45,26,13,14,14,11,30,40,12,18,16,11,15,14,20,39,16,16,17,14,35,30,18,14,13,14,10,10,36,16,39,20,14,19,29,17,16,15,31,15,19,39,21,17,16,11,31,14,9,14,11,14,16,34,19,20,52,21,19,16,16,13,15,14,15,16,14,14,15,15,38,31,15,14,34,11,16,10,10,9,39,45,9,13,21,14,14,13,33,14,17,29,15,9,12,14,37,9,13,18,19,22,16,31,13,33,45,17,21,19,29,38,12,20,34,16,13,11,21,17,35,19,13,19,15,15,14,14,35,17,15,11,35,16,13,14,18,12,30,12,15,33,24,15,14,15,34,39,20,15,15,38,39,13,13,12,16,25,12,19,32,15,33,12,13,11,33,31,41,15,10,12,17,37,21,30,15,20,16,13,14,36,38,16,14,18,36,22,20,34,31,39,13,15,10,43,10,17,30,17,34,28,15,13,15,11,17,40,34,11,10,12,14,17,36,15,10,14,20,16,14,35,13,23,11,16,13,14,31,18,15,8,18,31,15,11,14,29,16,33,41,16,27,13,33,13,32,13,15,16,33,17,37,14,16,11,45,15,40,9,14,20,13,18,12,20,12,22,16,17,32,43,44,14,24,16,33,15,17,16,12,37,22,18,11,13,13,31,19,18,8,14,31,18,8,12,16,10,12,15,11,32,12,13,16,31,9,35,15,15,39,22,15,13,16,32,16,21,12,7,13,18,22,45,17,20,15,12,15,15,17,40,27,18,34,10,15,20,13,31,12,14,15,15,36,19,17,12,40,20,15,12,17,15,46,16,17,18,21,12,11,38,16,42,23,6,15,23,10,16,43,12,15,13,17,10,29,12,22,16,10,11,9,20,19,18,13,27,13,35,15,15,12,13,14,12,13,34,16,15,19,18,30,36,19,19,17,19,13,16,18,32,37,11,11,16,13,13,19,17,21,12,19,15,17,17,35,37,33,21,41,9,8,17,15,15,19,18,11,13,31,20,19,39,15,11,25,13,14,17,8,36,32,11,14,18,17,36,10,12,35,13,11,14,8,13,37,16,17,40,19,11,10,11,14,17,18,12,41,31,16,14,14,21,10,35,12,18,17,18,12,11,39,11,44,37,13,12,17,19,14,17,14,38,13,17,9,14,16,30,19,17,14,10,12,38,21,13,15,16,8,15,19,20,16,11,35,11,36,20,36,12,11,15,17,15,17,16,34,34,43,16,10,18,37,30,34,37,23,10,15,37,38,20,9,13,14,18,18,39,15,15,16,16,13,21,21,29,19,37,16,28,30,23,19,18,19,39,12,14,33,17,31,38,43,11,15,10,10,15,11,44,13,19,18,8,13,16,37,31,7,12,27,15,33,30,32,16,13,14,13,41,14,13,33,15,13,13,36,14,30,12,13,40,17,14,12,39,15,16,39,21,34,29,37,25,14,14,18,11,19,10,14,37,26,27,14,27,11,10,9,16,38,34,41,21,13,20,38,15,23,16,7,10,31,15,13,30,32,15,36,12,20,22,16,14,17,17,15,12,38,37,10,11,15,17,47,15,32,18,15,13,12,29,17,41,18,29,12,14,36,13,40,15,13,18,39,10,9,13,16,15,35,9,16,12,16,11,11,14,15,37,12,13,13,36,23,21,13,14,13,20,8,22,13,12,17,18,14,15,19,17,36,40,40,20,34,13,38,19,8,13,14,13,19,13,12,16,17,9,15,16,15,13,7,12,13,14,15,18,20,17,18,17,17,14,11,16,12,16,14,15,20,10,13,14,19,14,40,17,33,13,11,39,36,39,31,13,40,11,15,12,16,30,19,37,32,11,14,18,11,11,11,34,17,20,20,10,15,14,15,8,18,11,26,34,17,15,11,16,32,42,16,15,38,31,34,17,19,16,15,33,19,14,12,16,14,18,21,13,34,10,11,19,14,17,17,11,14,16,16,9,16,23,18,17,22,17,13,10,16,13,47,9,15,21,10,14,12,13,15,30,15,17,16,31,10,16,17,15,15,17,6,38,7,18,15,17,16,10
12,17,37,16,17,36,13,33,18,15,34,13,15,16,37,42,20,15,18,12,34,12,14,9,16,18,35,20,20,17,34,17,12,15,41,14,33,13,11,34,24,13,20,24,18,17,12,15,18,13,23,15,12,14,35,20,12,12,29,13,13,17,15,10,14,13,40,13,14,15,30,20,7,31,23,9,13,17,12,18,19,15,17,11,18,17,21,17,10,24,14,18,11,43,33,15,32,13,11,33,17,33,41,39,39,11,9,15,38,32,34,16,13,38,15,14,35,16,19,18,16,36,10,37,18,19,18,20,15,39,42,15,9,14,20,13,10,18,12,33,18,6,31,25,17,19,14,16,16,10,17,16,17,29,35,41,15,18,15,16,37,16,16,18,28,35,13,13,10,43,10,15,10,15,13,17,9,13,40,13,26,13,14,32,18,13,15,18,18,16,19,17,36,16,38,18,14,13,9,20,12,32,35,15,33,37,11,20,16,15,20,33,27,19,21,36,13,17,32,12,10,14,11,21,30,13,15,17,15,37,44,38,34,17,21,10,9,37,19,19,13,15,37,16,20,36,11,14,14,40,19,33,37,37,21,15,7,35,15,36,7,31,12,13,15,18,15,19,11,38,16,17,38,37,30,50,15,14,46,17,21,12,9,10,22,42,17,18,14,34,14,43,17,14,12,20,37,12,15,31,12,16,16,11,32,14,10,20,14,46,10,16,33,13,14,17,16,15,12,17,9,19,19,13,39,12,18,13,9,16,15,37,7,9,15,14,20,11,11,43,11,34,9,42,12,12,15,36,15,17,19,9,11,14,29,10,37,31,38,22,17,18,17,9,14,23,32,21,15,13,17,33,35,7,21,13,20,13,18,31,17,16,14,13,14,41,20,41,16,20,15,12,14,18,21,37,14,39,31,10,10,36,19,33,20,38,15,19,11,30,16,16,12,15,17,11,12,15,16,14,43,36,16,11,17,16,37,14,14,39,36,17,18,28,20,33,13,18,35,13,19,40,16,14,38,8,18,19,14,13,36,30,15,18,12,18,13,11,20,15,10,16,15,14,37,22,33,15,39,20,21,12,11,12,14,28,9,14,14,34,14,13,36,14,37,17,15,31,30,35,14,13,12,15,14,36,16,35,41,17,10,17,14,13,37,11,25,15,12,32,9,34,18,33,35,11,18,19,14,12,21,13,42,22,35,22,12,11,11,11,11,13,12,13,11,15,17,8,20,37,30,31,30,23,12,28,9,16,14,11,7,47,14,15,36,19,17,14,9,10,32,9,12,14,13,39,17,11,36,15,19,29,37,12,16,32,13,11,21,10,13,9,39,29,17,15,21,12,37,45,15,41,26,38,12,16,15,34,35,9,13,9,28,41,18,17,14,17,10,20,13,15,17,17,22,34,5,17,19,44,34,15,29,16,31,36,37,30,28,10,14,19,13,18,13,21,15,12,32,10,19,15,35,38,16,32,18,12,14,33,12,19,34,17,14,21,14,16,20,13,10,15,16,37,13,9,13,38,35,14,30,22,17,12,19,17,29,17,17,41,20,12,36,19,16,11,14,13,27,14,11,14,19,15,12,16,17,14,16,12,16,14,21,11,15,21,39,11,33,24,16,15,45,32,15,36,19,12,14,39,15,15,21,35,19,14,23,15,10,15,16,14,14,16,39,19,20,16,23,31,17,37,27,19,35,15,13,16,9,17,11,33,26,39,30,36,15,16,16,29,17,17,21,15,41,18,19,10,22,16,15,36,15,39,14,16,8,15,34,22,17,18,33,26,14,37,12,19,37,36,17,14,10,18,16,13,12,41,34,14,32,14,38,11,15,12,16,15,16,10,27,37,15,14,16,16,20,36,20,40,11,20,12,23,10,32,19,14,19,36,14,21,10,9,16,11,13,12,13,25,12,14,10,31,31,14,33,41,19,8,16,21,35,15,13,33,14,21,36,17,24,13,12,15,14,20,13,17,7,12,12,8,32,11,14,33,16,33,12,13,30,17,17,10,38,14,8,41,13,16,11,28,48,38,34,30,15,35,32,14,18,14,21,32,14,18,31,42,36,12,19,8,37,14,29,30,12,19,17,17,13,17,17,31,10,18,31,12,16,17,18,19,34,17,13,24,16,15,33,13,13,20,33,19,15,15,15,14,23,16,11,39,12,17,15,15,10,12,12,37,35,18,11,8,14,13,15,21,39,38,12,40,11,20,25,19,15,12,29,7,18,19,12,16,15,15,35,13,14,15,20,25,15,15,43,18,15,13,13,12
32,18,20,35,12,24,19,17,13,15,17,13,12,39,40,42,17,13,27,12,34,16,12,17,20,13,13,14,36,17,29,16,9,39,14,14,11,15,19,36,9,15,32,16,15,29,13,21,7,38,16,13,15,13,41,14,12,44,15,7,17,14,11,14,13,37,22,15,17,16,17,11,13,14,18,41,18,12,14,36,24,12,43,13,16,14,11,37,12,33,14,15,16,19,17,18,11,17,27,16,37,34,17,13,38,12,38,28,19,43,25,36,15,20,11,15,20,14,15,11,15,27,15,36,11,18,20,44,12,9,16,16,34,32,15,14,13,18,17,18,17,12,36,34,33,16,13,38,18,16,11,14,19,13,15,13,13,32,13,14,28,10,34,16,9,39,21,17,16,15,17,15,35,11,21,34,19,19,15,38,37,15,18,18,13,15,44,17,21,15,43,36,16,14,12,24,11,18,12,16,16,19,7,16,13,15,12,11,11,34,29,16,16,12,38,17,8,35,20,33,17,15,34,38,12,32,34,34,17,12,15,17,19,13,13,17,12,13,21,17,38,12,23,17,22,16,19,19,14,33,14,42,13,35,18,33,13,16,11,17,16,28,16,33,13,16,12,38,11,17,19,10,18,9,16,12,14,8,18,16,41,17,11,36,14,17,16,34,13,14,11,31,36,29,33,18,21,10,9,20,16,24,28,12,14,12,16,13,13,15,37,17,13,17,38,15,38,20,12,18,7,13,33,41,32,34,16,37,36,11,11,16,20,18,9,9,16,15,16,15,14,9,39,29,17,19,36,42,14,31,19,20,35,16,10,9,18,17,12,16,6,18,19,19,16,18,14,14,12,10,28,22,17,19,15,11,20,18,16,19,19,18,18,11,38,12,12,12,20,10,10,40,9,29,19,17,37,18,12,29,14,14,17,26,32,19,42,18,22,11,17,21,15,14,43,42,12,14,14,13,12,22,26,30,20,16,13,17,16,16,11,36,17,16,10,14,39,22,10,16,12,14,30,21,37,27,16,12,11,15,10,44,13,21,13,20,11,14,14,14,10,10,33,19,17,11,16,14,38,25,37,34,17,33,9,41,15,22,9,18,12,34,16,16,11,8,13,15,11,18,13,9,15,17,34,17,29,32,13,39,17,34,18,14,12,14,39,39,14,14,11,35,18,13,16,34,14,14,8,18,9,22,17,16,9,9,16,32,12,12,12,34,38,13,19,17,13,21,38,16,24,19,41,13,35,8,14,10,14,11,11,17,18,12,20,33,8,33,17,18,12,27,15,38,40,13,30,15,29,33,36,19,20,32,16,22,11,12,38,16,31,18,11,33,35,22,39,25,15,21,31,35,15,16,34,35,16,16,33,38,19,14,50,15,16,16,34,33,19,21,40,18,12,13,9,9,23,11,9,40,19,15,29,16,36,19,12,17,15,6,10,41,18,20,48,14,14,17,20,13,10,20,10,36,17,13,17,12,12,33,19,13,15,20,12,34,15,10,22,18,11,12,14,15,15,32,14,17,18,16,36,18,14,15,19,42,15,42,34,33,15,17,13,19,14,41,33,23,12,19,14,38,18,7,12,12,18,39,9,32,6,13,13,11,10,9,14,16,38,16,16,10,18,12,23,18,18,17,38,36,12,19,14,15,14,29,33,7,12,19,13,13,8,16,21,31,17,20,14,15,17,16,39,17,12,13,18,35,14,15,33,10,36,15,17,40,16,12,21,10,16,47,14,12,16,9,19,38,46,14,10,33,11,32,32,37,14,18,13,15,17,20,12,16,15,26,21,7,36,38,32,38,36,41,12,14,10,33,30,35,10,15,20,40,40,14,22,17,13,36,12,16,10,19,16,13,15,12,17,34,11,27,15,12,14,13,15,12,18,12,37,15,12,15,29,13,16,17,18,38,12,17,31,16,18,27,12,17,17,19,44,30,18,10,14,15,23,22,16,41,11,16,12,13,17,33,8,29,17,35,31,17,15,15,13,15,18,12,13,13,15,30,11,33,13,8,18,36,21,34,39,16,20,19,12,13,14,11,16,11,10,15,28,22,29,20,23,14,35,14,17,17,17,11,14,34,11,16,37,23,16,18,19,12,14,13,15,11,16,15,15,21,8,20,12,18,15,44,21,15,35,14,40,34,16,11,41,15,11,21,34,15,15,34,22,18,16,10,18,8,17,9,16,14,17,13,41,46,9,17,12,13,18,38,15,16,11,10,28,14,14,19,20,31,13,31,13,14,17,18,7,33,19,16,34,18,34,12,37,19
14,30,14,15,16,17,13,17,19,10,11,20,22,22,11,23,18,13,30,19,12,14,10,36,15,24,13,14,15,29,33,12,16,20,16,13,16,14,14,17,18,17,12,18,17,17,11,20,17,19,38,18,12,21,9,16,17,32,23,13,13,18,16,12,16,14,32,12,15,31,15,22,19,10,8,20,25,16,13,11,17,8,15,13,12,13,31,19,30,20,36,16,14,15,10,10,36,5,16,14,15,13,14,16,16,36,15,32,11,34,14,12,12,35,17,15,10,17,12,41,27,13,17,19,23,16,12,15,12,16,17,31,20,29,15,36,16,9,11,16,40,15,17,16,18,21,15,16,15,12,41,30,15,15,15,43,16,16,36,28,20,35,13,32,18,14,24,10,13,14,13,16,17,38,12,21,34,19,12,11,37,13,32,12,17,20,23,17,19,16,13,35,17,19,35,10,15,9,14,37,33,30,12,14,35,34,14,16,10,30,20,18,12,19,13,35,12,35,37,12,15,18,13,16,18,15,32,20,14,13,14,14,17,12,36,11,13,20,17,21,39,9,21,9,14,13,28,20,15,12,17,32,19,18,8,15,17,18,36,17,15,37,15,32,19,16,31,11,16,20,21,41,13,12,21,39,12,15,16,22,15,9,40,14,13,14,10,12,16,31,13,21,35,17,38,43,11,6,14,20,36,37,18,21,37,31,10,21,20,11,42,10,19,12,14,14,16,11,11,14,14,17,14,10,17,16,33,8,17,15,19,13,11,32,9,16,22,12,14,20,41,37,12,13,16,41,16,16,13,19,13,13,19,11,14,35,13,32,11,17,16,15,13,13,19,11,19,11,9,12,14,22,11,14,38,33,11,32,11,45,15,18,32,41,18,15,19,18,38,17,30,13,29,12,18,20,29,6,24,13,10,35,20,16,30,21,15,15,37,31,5,12,39,20,42,13,22,18,14,34,36,13,13,40,15,12,33,14,15,15,12,17,17,42,11,14,13,39,39,30,10,32,34,13,16,40,19,11,43,16,19,14,36,18,36,8,10,14,21,20,36,14,20,20,9,18,38,28,17,14,40,15,26,35,44,12,16,17,42,18,18,21,9,16,17,31,9,30,16,11,42,17,36,13,23,44,18,13,32,11,14,13,17,38,19,15,28,28,37,9,11,16,37,38,23,17,15,14,10,21,17,18,14,10,12,16,36,37,20,18,12,36,14,18,13,31,22,34,13,17,39,39,16,9,17,12,15,23,14,16,43,39,19,15,18,40,14,10,36,11,17,11,40,31,16,17,17,16,17,42,34,18,39,38,40,8,15,18,15,15,15,19,15,29,31,13,15,16,18,19,7,8,16,13,22,16,14,19,14,31,18,18,11,19,45,12,27,19,18,34,19,12,17,14,15,15,14,14,14,17,15,8,14,15,36,17,29,19,37,8,7,10,12,31,30,17,16,42,37,18,14,18,35,41,15,14,11,17,34,17,9,15,32,41,13,15,35,14,18,16,19,19,15,14,11,8,42,17,30,34,13,12,26,18,10,18,17,18,33,35,16,16,30,37,18,17,13,33,17,42,14,14,27,18,13,33,12,20,14,10,10,30,36,29,11,11,14,15,18,17,14,11,6,42,9,23,34,15,11,14,7,15,39,24,13,25,15,12,13,18,17,17,30,12,9,12,14,13,11,16,16,28,12,19,19,15,21,10,14,43,8,14,34,36,18,16,19,42,15,17,19,15,37,17,16,15,18,19,35,12,39,36,32,40,17,23,16,16,41,14,7,9,18,19,16,13,17,12,17,35,19,12,16,30,18,34,17,12,17,14,13,15,16,11,17,11,28,19,37,40,33,13,39,18,17,15,19,22,17,14,15,43,46,15,19,22,39,20,18,18,15,15,14,14,11,19,16,16,17,14,13,42,37,13,15,21,10,17,15,12,18,13,40,33,13,35,11,1,29,11,19,28,7,21,10,36,15,14,20,17,31,31,8,15,40,18,40,35,19,17,17,17,18,31,12,10,13,13,16,12,34,36,17,20,17,14,33,18,10,13,13,16,11,10,35,11,11,18,36,23,10,20,8,10,12,15,33,12,12,35,14,20,12,19,18,18,13,13,13,16,33,23,16,30,17,11,9,36,36,15,30,31,12,32,13,40,39,30,12,36,13,17,33,38,14,38,32,13,15,35,10,14,13,12,19,14,14,34,12,42,13,13,11,9,12,33,13,31,15,27,11,15,6,10,32,14,16,32,38,17,14,10,16,14,10,11,20,12,33,21
34,17,13,21,22,16,15,28,35,18,18,12,42,15,15,17,18,24,8,13,38,17,27,15,14,11,35,20,18,17,35,15,15,14,11,19,36,18,36,11,41,18,27,8,27,15,19,9,7,14,17,22,17,10,11,33,24,12,10,10,22,26,42,14,31,17,16,33,30,31,8,14,13,40,10,10,13,13,41,14,12,13,17,13,18,21,13,14,13,16,14,11,8,18,13,15,17,28,17,15,16,36,22,13,18,18,22,17,19,18,11,34,14,16,20,39,28,20,18,16,19,27,38,14,11,12,9,11,14,17,37,15,37,17,14,39,40,15,38,32,30,18,40,22,16,12,39,33,16,15,13,12,37,22,17,11,15,41,22,9,33,16,17,14,14,15,11,11,13,10,16,36,18,13,18,10,39,15,20,33,29,33,31,37,12,39,16,15,11,37,15,18,40,12,27,31,18,10,14,15,10,17,16,15,11,14,15,16,32,15,12,15,15,18,22,18,33,16,14,21,12,16,19,12,18,18,17,10,11,14,42,9,18,18,12,12,17,17,10,12,31,16,33,22,39,40,27,13,34,14,11,11,14,12,18,18,19,18,36,11,14,12,19,14,37,20,12,12,9,31,15,20,19,19,25,29,13,21,20,16,39,33,17,25,16,17,33,18,18,10,19,44,9,16,13,12,12,16,16,17,16,15,16,30,39,18,13,10,18,14,38,14,18,9,36,24,40,16,18,15,18,18,17,16,9,36,9,15,30,27,13,13,35,12,41,15,26,9,31,12,32,11,33,16,18,15,15,22,14,15,39,15,11,10,10,14,13,9,6,18,24,35,36,29,13,12,20,16,17,20,13,13,13,41,19,15,12,17,18,36,19,11,13,36,38,11,15,38,14,36,12,12,12,12,14,14,12,17,11,14,35,20,29,19,11,14,19,13,12,36,39,15,41,14,12,20,15,23,16,11,15,12,15,18,15,12,32,37,36,13,15,13,15,14,21,10,17,20,25,16,37,12,14,11,13,17,31,34,31,16,14,39,8,34,13,20,33,19,17,15,16,20,20,13,18,14,14,19,15,11,19,15,34,14,20,30,15,21,13,30,18,22,30,13,36,16,32,13,39,39,10,14,18,10,14,15,14,13,39,31,11,34,12,15,14,17,11,35,15,9,31,45,13,11,11,15,18,22,34,14,16,39,7,21,18,21,34,19,12,11,15,38,34,13,37,14,29,19,34,16,18,12,15,14,18,16,17,12,13,15,37,18,21,20,14,14,15,31,11,18,15,13,37,9,17,40,13,12,11,16,19,13,11,13,18,17,12,14,36,16,37,16,10,12,15,16,13,26,18,15,34,21,13,28,13,18,32,17,20,40,20,14,14,14,14,12,15,16,19,16,17,15,10,35,33,13,18,17,33,38,23,17,28,33,13,15,20,27,16,16,16,16,21,25,9,10,11,16,18,36,16,35,36,13,24,12,36,19,13,14,17,10,20,27,16,17,35,12,36,11,16,11,15,38,31,18,14,13,19,11,16,17,12,21,15,18,18,27,17,34,10,13,19,8,18,15,36,10,33,24,18,13,11,18,21,16,34,10,14,13,33,39,34,34,25,12,15,28,15,12,32,17,15,17,39,13,31,14,19,39,36,15,35,12,18,28,14,19,31,49,42,17,11,37,14,17,14,13,15,19,32,27,8,15,17,7,34,15,19,32,16,18,18,12,10,17,9,12,14,13,20,17,15,11,9,38,40,14,11,14,13,8,15,9,11,12,21,19,14,16,31,20,13,13,12,8,45,17,31,15,12,16,16,33,12,12,15,17,38,13,13,43,32,24,10,15,32,17,14,38,14,16,36,17,18,16,12,36,10,18,34,18,12,36,16,11,39,10,41,16,40,30,14,18,31,14,18,17,9,13,13,15,16,41,20,19,13,33,13,13,19,5,15,16,20,22,13,14,12,18,17,14,18,17,13,41,13,10,16,31,15,15,36,18,23,10,10,20,13,36,12,14,21,12,34,15,12,14,10,22,7,10,17,9,14,41,10,32,42,16,31,18,15,15,14,15,11,43,36,17,16,18,16,35,23,12,11,21,14,8,31,11,12,14,30,12,14,16,16,17,28,14,14,31,16,16,39,12,19,16,13,10,33,13,33,12,14,34,16,14,14,14,39,31,6,16,17,15,15,16,17,19,15,17,17,14,14,12,14,11,17,11,11,16,37,16,11,13,19,18,14,41,13,27,39,14,37,11,24,37,9,14,13,11,31,17,28,29,18,14
12,10,14,31,17,10,11,15,37,14,15,16,16,22,36,10,16,37,37,10,14,11,9,13,36,14,11,13,17,33,20,33,32,31,32,8,16,9,33,19,16,13,12,13,38,13,18,16,19,19,16,13,32,9,12,46,15,18,35,9,36,7,18,18,40,36,19,22,15,13,38,44,40,24,16,19,16,28,12,38,19,33,40,41,16,14,11,15,15,11,21,14,13,19,16,12,12,41,16,44,13,13,19,23,9,17,14,17,14,16,30,11,16,17,42,15,10,16,17,10,43,18,34,15,37,39,11,17,11,13,21,13,9,9,41,43,47,8,16,28,37,12,17,17,21,29,31,17,16,32,12,11,36,36,18,31,11,38,13,12,12,37,11,33,22,33,12,15,14,8,13,13,14,6,31,10,14,12,14,11,16,16,31,17,10,30,11,14,18,20,23,13,11,34,29,15,38,19,13,37,14,10,35,11,32,13,44,13,17,34,18,13,9,18,9,15,40,11,16,16,20,16,32,15,13,12,32,5,13,8,16,15,16,20,15,20,13,19,18,31,12,23,41,12,11,19,27,14,36,29,33,36,18,14,35,39,11,18,28,16,7,8,19,14,22,12,21,18,36,19,13,10,9,24,18,41,29,13,31,14,32,13,38,12,12,20,15,18,20,32,16,14,16,18,14,31,12,13,17,19,11,17,14,20,17,10,20,8,17,19,13,15,20,21,20,11,10,10,13,15,15,9,12,11,11,38,39,17,16,13,17,18,31,12,18,10,11,16,12,16,12,18,15,12,36,40,13,17,15,19,10,10,14,14,37,9,10,16,16,37,10,18,31,12,9,37,10,11,12,26,37,9,38,21,11,15,17,8,13,30,24,15,13,12,37,11,39,24,42,14,27,16,20,32,31,32,30,34,36,22,11,12,12,18,38,20,14,14,16,20,21,21,30,13,11,17,31,17,31,12,24,40,35,41,19,13,17,19,11,18,18,36,11,34,32,12,20,18,24,15,21,17,24,13,11,16,13,15,17,38,39,16,34,19,9,7,8,37,10,11,35,20,44,17,34,13,12,16,13,12,32,11,13,15,10,13,11,15,13,13,19,15,16,14,13,14,30,16,12,36,35,13,41,20,14,19,44,21,16,14,18,12,21,10,14,14,15,21,17,18,8,13,11,11,29,32,21,37,16,31,30,17,12,13,12,18,11,16,15,33,18,33,10,45,13,28,38,44,16,38,32,35,10,40,24,14,6,10,29,37,39,6,17,14,37,15,34,18,10,17,6,16,33,11,32,17,13,33,14,16,18,13,29,16,15,19,13,7,16,34,16,9,16,11,21,13,16,17,18,16,41,35,14,38,15,11,35,11,17,17,15,35,11,20,16,35,14,12,12,12,16,30,34,38,36,36,16,11,35,38,30,18,16,14,37,14,10,17,13,10,17,15,14,14,11,11,10,15,15,28,15,14,19,15,14,15,12,37,10,13,13,16,15,48,14,18,17,19,14,20,15,11,16,17,13,16,23,31,19,13,11,21,18,31,13,15,11,15,13,17,12,9,35,15,15,10,31,20,17,10,16,22,24,15,14,14,14,14,12,16,27,34,11,31,14,12,39,14,24,11,29,20,23,15,17,9,14,16,19,14,14,19,14,10,17,35,38,32,18,10,17,13,19,36,14,24,28,20,9,40,11,15,13,14,11,38,13,34,12,18,10,11,13,16,12,9,18,14,17,16,16,14,15,18,9,11,34,8,42,8,13,46,36,14,14,16,44,17,16,33,38,16,11,14,34,19,16,22,34,16,32,15,38,13,34,16,15,15,10,13,19,14,12,21,35,35,17,16,9,10,37,15,17,45,16,12,37,32,34,17,39,16,12,14,13,21,17,14,21,40,42,13,13,35,15,19,36,17,14,19,19,32,13,14,17,18,18,36,15,12,9,11,12,14,13,15,18,16,8,20,42,27,32,18,41,13,15,15,16,28,14,14,18,17,16,17,44,17,11,13,32,34,19,36,28,13,38,34,15,18,24,15,8,13,10,18,36,37,19,36,17,34,20,38,14,9,34,37,23,16,32,30,10,13,19,22,30,17,14,16,22,35,13,24,31,13,15,36,22,17,12,19,15,34,32,11,12,14,44,12,13,14,38,16,18,16,21,18,13,20,13,16,34,36,34,15,11,19,14,25,17,24,25,17,15,12,21,15,12,18,18,41,16,13,43,10,11,18,16,30,13,17,15,19,15,11,31,14,13,15,34,12,19,22,32,20,15,38,11,25
13,35,24,10,24,17,23,38,10,16,15,13,36,15,14,14,13,13,16,10,18,16,42,23,35,18,10,9,18,12,11,18,8,18,16,18,13,17,16,8,22,9,18,18,11,33,32,17,43,16,13,15,17,36,15,12,13,15,18,19,37,32,28,20,17,14,35,9,18,11,16,15,34,15,11,43,13,27,17,20,17,17,12,19,32,20,35,13,15,12,21,15,21,10,42,14,18,37,11,22,13,14,40,34,34,14,15,13,12,17,8,15,11,15,40,16,17,32,33,11,13,9,37,11,16,43,34,11,22,36,18,17,14,18,8,15,29,37,17,19,13,12,11,13,45,17,15,36,34,15,15,43,18,13,15,16,37,13,41,30,10,16,14,32,19,34,15,21,39,15,19,19,31,13,14,18,18,19,12,34,14,17,18,17,17,19,7,38,19,21,17,15,38,12,38,13,18,13,34,12,35,45,19,16,11,13,14,12,33,19,16,9,18,10,43,10,13,12,20,15,20,13,14,12,19,15,15,15,8,18,14,10,12,18,14,18,14,12,36,16,21,14,15,10,12,15,13,15,11,20,21,20,30,17,15,12,19,34,34,20,13,17,14,15,16,14,28,41,18,8,31,22,15,17,22,23,18,32,18,14,30,18,17,16,18,20,22,16,20,17,19,19,11,16,18,11,13,16,20,17,16,35,41,13,13,25,14,36,19,14,19,11,40,36,17,16,22,15,33,12,36,33,43,33,17,12,13,16,17,16,18,15,14,11,13,29,15,20,17,13,12,18,18,15,9,9,13,21,13,14,16,16,18,18,31,15,14,19,14,15,17,16,23,12,38,13,35,12,13,10,35,17,14,12,34,12,16,9,11,40,10,18,12,15,18,35,20,10,34,20,38,27,12,13,18,32,23,18,17,36,16,38,11,43,32,11,11,31,20,35,13,15,12,16,27,18,16,13,17,20,29,18,16,15,16,14,34,11,16,17,37,15,16,13,41,12,17,15,15,41,14,33,19,34,18,41,13,10,13,23,14,14,21,14,10,36,14,15,43,11,18,14,33,34,43,17,12,43,17,40,19,15,10,37,11,32,18,17,12,14,16,41,15,41,19,16,16,15,10,11,14,36,16,19,39,35,37,10,13,15,30,15,10,13,16,17,13,30,20,23,14,33,21,10,18,13,35,17,12,21,20,19,21,15,21,37,27,14,24,14,12,21,41,18,29,11,36,16,12,15,15,13,18,37,13,35,15,22,17,16,14,16,14,7,33,13,39,14,34,15,9,37,31,16,17,13,15,18,43,16,15,14,11,18,31,11,17,14,38,16,10,16,14,15,17,11,35,32,17,10,13,38,31,11,20,15,11,18,11,21,11,17,11,10,37,12,36,12,19,14,14,44,18,15,37,12,17,20,23,14,11,24,17,39,20,20,37,16,33,21,42,20,32,15,12,8,18,18,14,32,20,37,13,16,18,37,27,10,35,15,11,16,11,16,34,15,25,18,22,38,9,14,41,19,15,8,14,47,14,22,9,19,33,34,9,17,15,27,11,15,19,16,14,23,16,30,38,33,35,29,16,27,13,18,31,19,31,19,11,18,12,37,6,31,28,17,22,15,39,10,14,17,19,13,17,13,13,12,36,8,21,19,17,20,32,13,42,18,17,14,14,30,12,13,37,9,17,15,14,35,13,21,12,14,39,20,20,16,13,17,30,16,9,15,41,20,36,31,13,13,12,11,36,12,10,13,31,31,21,11,17,16,17,19,38,39,16,15,15,10,13,34,10,10,30,24,6,22,16,14,17,33,8,40,9,16,14,13,10,32,13,13,12,12,11,38,13,36,17,28,31,16,8,21,17,8,42,12,18,42,23,18,36,22,14,11,14,12,15,18,11,13,11,15,38,14,15,14,13,12,11,32,13,12,16,11,38,37,30,15,16,15,42,9,29,34,18,17,41,31,12,32,15,39,37,11,17,14,14,40,10,15,36,34,17,18,43,19,38,35,12,12,7,12,16,9,12,14,18,9,22,22,15,10,31,35,13,12,36,13,19,11,15,19,15,38,14,9,22,32,18,13,13,37,25,27,12,11,17,13,11,12,16,16,8,12,39,13,16,42,17,18,18,15,11,14,21,42,12,19,33,12,14,39,19,10,18,32,11,16,31,16,31,22,18,43,45,9,11,19,38,8,19,16,17,15,12,12,32,38,15,12,20,18,12,19,19,14,14,15,14,10,30,19,12,19,11,19,36,13,35,16,20,32,40,10,14,17,42,13
18,5,22,31,36,34,18,13,13,31,29,32,16,33,16,10,36,36,18,11,15,13,31,39,12,10,16,42,28,19,36,11,15,18,11,11,39,14,33,16,16,11,9,12,20,25,14,16,14,19,16,21,32,42,20,15,14,36,10,15,34,15,18,41,17,13,25,11,13,18,31,36,14,20,14,18,19,33,21,40,29,20,13,18,14,15,35,19,7,39,26,15,31,9,39,13,18,11,40,16,20,14,11,14,12,12,13,10,40,11,16,32,34,17,37,12,10,14,14,36,31,23,31,12,17,22,11,13,15,39,31,12,27,12,16,38,15,9,13,12,38,14,12,36,21,25,34,16,16,17,16,31,11,17,41,22,14,14,14,10,41,13,32,8,11,17,9,30,18,30,12,43,39,12,37,19,41,29,38,14,12,13,16,14,37,37,29,16,16,13,23,12,32,18,16,8,35,15,16,6,38,18,28,13,12,34,21,36,38,9,45,17,10,15,14,8,27,13,15,31,11,16,17,15,15,15,33,16,40,13,12,12,27,16,17,30,34,12,31,31,14,13,17,13,39,18,18,15,20,23,14,33,13,14,38,7,15,41,36,14,14,18,11,22,18,17,13,17,13,12,11,11,14,22,18,17,24,13,12,17,13,16,21,16,17,33,39,17,30,14,13,17,36,11,21,17,14,15,29,39,41,9,23,15,12,18,16,12,16,10,22,42,16,12,22,35,9,12,7,12,15,17,11,18,13,29,30,12,19,13,42,13,39,14,33,22,22,36,6,18,34,17,12,29,14,12,13,36,14,19,15,17,16,32,15,39,15,12,38,29,31,37,9,20,16,19,19,22,10,15,34,38,14,11,14,15,8,36,18,13,16,16,19,14,16,22,16,15,16,15,14,12,10,12,38,12,15,16,16,19,35,36,16,13,12,16,18,16,38,16,13,13,44,25,18,19,15,10,27,12,27,10,38,10,15,18,19,13,32,42,16,37,33,37,16,17,44,37,12,41,20,14,10,15,15,12,10,37,16,18,16,15,16,37,17,34,19,14,17,12,12,14,29,18,17,13,18,15,14,35,13,19,13,17,15,10,36,31,34,10,18,16,15,10,14,21,13,37,10,14,17,20,11,13,19,21,20,19,14,31,13,9,29,9,8,15,13,20,14,30,27,15,11,18,16,18,19,24,13,19,24,22,17,17,16,13,18,8,39,19,14,39,9,14,14,22,13,15,10,11,14,14,14,19,13,36,14,36,16,13,15,14,41,21,11,15,36,18,15,13,16,16,15,22,14,15,16,12,27,17,16,11,15,10,33,20,12,31,12,20,12,12,15,28,12,34,36,12,35,14,13,38,17,18,40,39,35,17,33,12,11,14,35,13,12,20,16,15,17,10,15,16,14,43,11,38,32,37,45,7,17,41,15,35,8,8,17,35,16,9,13,14,46,15,19,19,18,14,33,38,13,31,11,16,23,9,17,19,13,22,30,12,12,10,18,14,17,15,10,7,13,10,25,10,23,12,17,39,45,40,31,18,35,12,14,16,9,14,9,21,21,11,34,20,32,34,13,18,14,16,17,18,10,32,15,11,40,20,17,14,32,14,19,16,19,17,11,23,13,14,38,14,14,22,16,35,10,35,35,9,10,37,21,15,16,13,15,9,12,15,32,12,13,18,11,22,37,20,15,10,11,25,19,10,11,11,17,13,24,41,12,42,16,37,15,11,32,24,36,14,13,27,32,13,13,40,33,15,42,14,21,16,22,12,8,11,12,20,18,20,34,19,9,31,33,13,20,13,16,39,13,21,9,15,14,7,14,10,33,21,15,19,31,16,12,9,13,19,18,16,14,26,12,10,10,39,33,12,16,16,20,18,14,17,11,32,12,34,25,39,16,23,10,11,19,33,30,14,28,17,14,32,34,10,17,20,34,8,20,29,13,13,30,20,15,19,13,15,11,16,19,20,35,9,23,11,19,21,14,37,16,15,38,20,39,40,18,12,10,17,18,10,17,21,9,39,14,20,10,30,18,11,18,14,20,13,22,19,11,11,34,15,37,10,35,18,17,36,11,17,32,43,18,15,14,12,17,21,33,14,13,14,16,22,14,11,18,19,15,20,17,12,35,34,34,14,30,50,41,36,20,18,10,14,32,35,17,15,33,20,18,14,17,9,24,42,17,32,20,18,42,18,12,14,17,13,15,36,16,16,15,13,12,11,20,14,12,17,19,14,11,17,35,14,19,17,16,15,14,11,11,14,10,30,16,13,16,12,15,16
15,13,15,15,28,39,27,11,29,14,17,11,13,17,17,15,35,44,16,35,21,35,42,11,19,8,12,15,16,13,19,14,15,16,13,31,19,30,12,14,17,36,42,18,18,22,32,14,38,13,12,7,15,12,40,14,24,10,30,14,13,12,13,17,14,16,19,15,20,17,19,24,15,11,38,37,14,18,12,38,19,21,14,14,17,25,15,16,12,13,15,16,15,15,35,18,31,14,9,14,13,19,17,19,17,17,37,18,39,14,15,16,19,16,16,37,9,9,42,25,13,37,34,15,22,17,20,15,13,28,38,38,39,20,11,14,23,16,20,18,31,14,11,12,20,36,36,12,17,14,12,13,16,20,14,33,14,34,30,20,16,11,42,11,11,13,14,13,15,37,7,16,12,19,37,19,38,10,33,7,16,20,15,10,13,18,40,15,9,18,16,18,18,16,20,11,40,13,10,37,14,35,34,44,10,12,21,6,18,9,15,15,29,13,12,13,15,10,17,11,11,32,33,23,20,14,33,25,7,17,16,14,15,17,9,41,13,31,12,19,13,16,13,39,21,40,16,14,15,33,37,33,12,40,15,10,8,10,22,14,31,19,12,12,9,9,18,38,48,18,15,18,14,14,15,15,22,12,13,41,18,14,14,16,40,11,13,20,21,17,15,20,41,31,15,18,9,41,36,21,17,48,14,13,20,15,26,11,25,19,10,18,17,34,18,13,20,18,14,18,40,11,15,17,11,12,13,17,12,19,18,14,17,14,20,19,32,18,19,14,34,8,40,16,11,37,8,31,12,40,18,10,11,15,19,12,9,16,20,18,18,34,12,15,32,19,36,38,11,11,40,18,17,18,20,13,18,31,15,19,32,11,13,27,18,15,27,34,14,41,19,20,16,14,31,16,13,36,15,12,13,11,10,10,34,10,34,28,12,14,21,16,37,13,17,36,11,11,10,35,37,14,14,18,17,15,14,32,16,11,15,13,11,16,12,11,13,19,11,11,17,18,14,36,17,16,11,10,14,17,34,38,12,42,15,13,13,30,18,14,14,11,11,17,41,35,12,42,13,11,16,22,24,16,16,20,14,22,31,20,16,27,29,15,10,14,20,33,30,15,18,10,17,17,19,17,17,35,34,15,14,7,7,11,24,10,38,30,17,15,26,31,14,35,15,13,8,11,17,14,23,34,12,13,34,34,13,15,18,14,15,19,35,21,14,19,39,11,11,20,13,14,16,12,16,16,31,32,29,44,11,37,20,20,37,15,14,31,15,17,34,40,13,12,8,44,19,30,17,32,22,19,15,14,7,18,35,15,18,13,9,12,15,18,17,13,21,16,12,44,20,35,34,18,36,17,18,12,14,12,12,39,38,16,31,12,15,13,18,15,30,14,15,9,14,19,20,14,37,16,15,23,34,11,12,13,16,17,16,11,15,21,12,11,8,32,15,16,17,13,29,13,10,17,13,30,20,14,36,7,19,24,30,16,22,17,44,13,15,15,16,10,16,23,21,9,12,12,18,15,25,28,15,12,18,13,10,14,20,22,11,18,29,19,12,10,16,39,12,16,36,13,36,39,13,13,16,37,14,16,17,45,15,16,38,38,38,16,15,35,12,35,19,21,18,18,10,15,38,20,21,34,16,16,15,25,8,27,20,15,14,35,8,11,39,21,33,22,14,12,16,37,35,35,13,14,9,19,11,36,17,17,13,6,19,23,15,21,35,31,15,13,35,13,17,14,11,31,17,18,19,16,15,14,20,12,14,28,31,13,15,17,17,17,28,17,19,13,37,15,36,30,14,30,12,9,11,9,19,16,11,13,10,9,12,12,12,22,13,15,25,12,18,38,14,17,21,7,30,15,41,17,15,16,32,14,17,13,42,37,25,19,14,14,10,24,11,37,45,14,30,19,15,13,14,17,36,14,16,17,14,21,30,15,37,12,39,14,16,12,30,32,13,15,18,26,48,15,13,13,15,12,19,14,43,14,44,35,17,16,10,20,15,14,39,13,15,19,14,14,13,17,40,13,27,18,15,8,14,26,18,27,28,21,15,14,16,15,12,13,39,22,15,38,42,17,17,19,12,18,17,13,17,46,20,14,13,14,13,45,36,34,12,12,17,9,44,34,32,20,9,13,20,18,12,17,13,10,22,14,38,16,12,16,33,19,36,10,16,19,35,31,19,10,39,10,14,11,18,18,16,14,11,29,10,14,40,34,16,41,8,33,38,12,12,37,16,17,45,16,17,41,33,37,15,12,15,40,10,12
16,15,15,16,38,43,32,30,16,34,16,6,23,8,20,37,20,13,40,44,20,16,17,19,12,17,31,36,13,13,12,16,9,24,11,40,40,15,9,19,17,39,43,21,12,14,30,14,15,28,16,39,32,42,18,16,15,25,40,14,10,11,22,17,14,15,10,13,34,14,37,14,17,12,16,11,14,16,19,16,15,15,19,7,19,21,14,15,10,23,8,25,12,14,11,37,14,14,12,30,20,23,18,14,11,23,18,7,18,31,13,21,18,39,13,14,18,16,40,13,13,11,11,13,10,19,15,14,31,45,16,11,15,46,16,10,16,14,41,20,16,22,12,15,38,10,13,6,11,14,20,15,11,18,10,10,32,15,10,8,15,13,40,13,8,14,16,39,14,17,33,44,19,13,20,11,16,16,16,11,19,15,17,38,38,9,14,11,22,12,24,17,22,37,10,14,17,16,35,13,39,18,15,18,11,13,14,14,19,17,15,23,16,30,13,16,6,11,33,14,20,19,14,21,45,18,25,12,17,39,36,26,41,15,18,16,18,10,11,19,17,11,10,18,18,24,31,36,42,39,30,15,28,32,16,12,19,11,27,40,32,17,24,37,16,15,19,36,20,9,15,10,16,19,12,32,13,21,28,38,26,41,31,15,19,38,11,40,14,28,16,11,12,21,19,17,17,12,14,16,18,16,39,16,18,15,37,31,16,16,9,12,45,10,41,17,15,13,14,20,15,15,18,43,14,13,19,16,17,15,14,38,17,37,37,12,18,15,17,11,35,13,13,15,15,22,17,23,16,44,9,34,15,14,16,11,11,38,17,12,15,10,30,18,23,19,16,49,19,33,10,12,21,42,16,15,9,13,17,15,14,27,14,16,13,18,12,17,35,13,31,15,17,13,36,33,15,38,15,16,39,15,32,34,13,17,39,12,26,14,14,19,15,17,24,18,21,33,10,11,17,12,17,32,12,15,12,16,35,27,40,34,40,45,9,13,15,19,17,30,14,18,17,16,13,37,12,30,15,34,45,16,23,38,44,21,35,13,15,13,13,15,16,16,13,19,16,14,31,24,14,13,13,19,21,17,18,34,16,37,38,14,16,39,30,6,19,11,28,15,15,15,17,15,13,30,14,13,19,30,14,13,11,18,17,22,13,16,34,37,35,20,41,9,43,40,14,15,34,16,15,16,43,11,14,12,14,20,13,41,17,15,31,12,17,17,19,8,38,18,10,15,13,15,34,15,14,31,29,17,9,11,39,37,16,37,18,15,19,16,12,29,32,12,18,19,18,25,13,32,9,14,16,43,19,14,12,30,19,16,12,38,15,14,37,41,41,36,30,14,36,36,15,9,9,14,38,32,15,9,23,17,18,10,16,14,20,12,34,19,36,14,17,17,9,9,10,18,15,41,14,16,37,12,19,15,10,17,36,36,39,35,15,16,8,9,11,11,18,14,14,20,15,22,11,14,15,18,23,8,21,11,17,15,13,19,16,17,38,35,37,14,14,13,10,33,14,31,22,15,38,13,15,10,27,44,19,17,15,42,19,32,13,17,19,15,13,23,9,13,8,14,22,9,17,16,30,32,10,20,23,13,11,14,11,18,16,11,34,12,21,46,16,13,34,22,10,29,17,12,12,10,14,18,35,12,15,17,11,17,13,15,38,15,15,13,16,19,29,33,18,29,15,14,29,22,33,14,32,14,26,31,13,31,15,14,15,40,23,12,41,32,15,13,14,14,20,38,15,35,20,17,38,32,13,16,16,25,13,16,12,13,12,37,19,29,20,34,11,21,33,12,15,14,21,11,14,10,17,12,13,17,14,34,13,37,11,30,44,32,19,35,25,17,34,31,12,15,16,8,15,11,17,18,14,36,38,20,35,37,14,13,17,38,19,35,34,16,18,36,12,32,16,16,14,32,21,10,11,34,12,13,35,37,14,19,11,39,13,11,38,14,14,41,16,12,39,37,35,32,20,40,13,10,27,13,13,11,15,19,16,16,20,28,17,14,39,19,15,20,20,42,12,13,36,13,14,32,10,30,20,16,19,32,39,11,11,23,19,33,14,43,19,11,19,41,21,14,21,31,30,13,33,14,16,37,16,14,10,18,14,10,18,15,15,46,36,36,36,14,17,11,14,12,8,18,11,19,15,39,16,13,14,17,36,7,36,23,16,15,37,37,6,16,37,16,12,16,17,12,13,33,10,17,19,15,15,17,8,34,15,11,11,13,12,37,12,27,15,17,8,10,16,11,39,10,12,19,18,16
14,17,10,30,12,9,10,30,15,31,19,17,15,37,17,13,36,17,42,15,12,15,11,14,15,5,19,36,35,12,38,30,12,13,15,12,16,16,37,12,14,13,18,44,30,15,17,12,19,30,14,22,18,20,42,37,9,13,15,16,12,32,29,36,37,21,25,29,13,15,23,16,32,14,20,16,15,34,40,14,38,11,31,36,20,14,16,12,14,48,14,14,30,10,11,10,29,11,20,8,12,14,10,16,20,14,38,16,11,22,15,16,27,16,36,19,15,16,14,39,10,31,15,15,9,36,23,22,8,14,13,10,44,10,39,18,14,17,16,34,34,29,16,15,14,31,14,30,13,19,15,34,15,22,29,15,18,13,21,20,17,18,18,17,12,18,18,38,15,35,6,13,13,17,14,37,12,8,15,15,35,35,18,13,16,42,17,14,31,11,19,19,18,14,37,21,14,22,15,23,16,13,17,15,14,35,13,13,28,10,37,37,25,25,12,21,15,19,17,14,24,21,32,23,11,15,21,19,35,17,11,20,17,45,17,37,14,16,17,12,15,16,37,29,15,35,35,25,15,28,13,12,42,17,43,13,12,16,18,33,17,36,10,37,37,29,31,11,12,16,36,16,13,33,14,37,14,17,19,33,12,32,32,12,8,30,33,19,11,34,38,12,37,31,17,18,13,8,14,19,12,41,11,19,17,14,26,17,19,7,16,32,15,15,19,10,9,16,15,14,15,13,16,39,8,16,12,17,12,10,15,36,39,14,18,32,16,11,8,9,20,22,12,14,18,16,37,31,31,18,14,22,19,19,15,5,13,10,36,17,15,14,17,16,15,17,13,13,22,19,39,19,14,11,17,12,15,16,30,15,16,16,10,16,17,14,21,17,18,30,16,18,15,13,26,10,17,16,13,18,21,15,12,17,22,15,16,10,20,15,19,10,15,13,22,12,15,7,15,14,15,13,17,32,14,28,13,34,17,20,15,15,16,34,11,16,20,15,30,11,37,36,11,14,14,16,30,13,13,15,15,33,12,35,16,19,7,13,6,17,16,8,31,12,17,13,18,40,16,17,15,37,12,15,11,15,35,37,37,13,10,15,15,39,14,19,18,34,35,44,15,14,9,17,16,16,12,31,41,20,16,10,44,12,21,31,34,34,15,16,9,17,17,32,17,17,9,10,13,37,13,19,14,13,31,12,22,15,17,23,22,9,14,18,17,30,18,11,20,32,11,12,20,27,9,13,35,14,19,18,17,18,14,19,14,18,43,10,14,12,17,9,19,12,17,14,16,19,15,14,34,11,21,41,15,18,26,18,17,36,13,18,15,15,23,20,34,16,14,14,38,6,9,16,39,17,46,39,12,19,12,18,12,11,22,17,37,17,16,16,40,10,33,17,22,19,37,40,15,20,13,17,16,32,16,16,16,36,21,9,29,11,16,35,43,17,13,34,15,15,13,18,13,20,17,16,18,10,34,20,31,13,38,16,17,36,13,38,18,18,15,45,16,18,19,21,36,11,19,25,35,20,10,12,25,6,15,12,16,18,38,34,32,25,10,16,33,10,14,22,15,43,16,14,20,15,35,18,12,14,20,32,36,10,13,16,14,18,23,11,13,34,29,13,12,14,27,16,39,14,35,39,12,14,13,36,13,40,28,8,21,21,39,32,16,15,21,38,17,30,12,18,36,38,24,34,17,17,12,44,22,16,11,36,15,20,33,12,13,13,14,15,39,15,16,35,16,38,34,17,12,13,15,9,12,17,15,15,28,13,8,18,12,14,17,15,14,26,32,29,30,32,10,15,31,41,43,11,36,27,10,17,31,18,16,14,14,18,13,19,14,10,40,10,18,15,18,10,13,12,16,12,17,34,14,36,17,28,10,15,14,16,17,38,10,39,16,10,17,43,34,23,15,15,13,18,39,20,35,37,34,36,14,21,17,21,14,19,40,11,13,18,14,12,17,20,11,14,34,40,14,15,18,27,10,16,7,41,13,16,41,33,13,18,13,17,8,12,39,18,14,22,40,15,33,34,11,15,21,14,16,18,11,13,11,17,18,18,14,7,19,11,16,13,15,15,40,9,37,12,14,12,33,14,38,10,12,17,34,10,19,17,21,40,12,13,11,35,13,41,12,11,15,14,14,12,19,21,16,16,13,33,13,19,18,18,13,47,33,14,18,20,13,17,29,12,17,10,27,16,11,18,8,21,17,22,15,13,18,9,42,17,12,17,12,8,28,14,16,16,38,12,14,11,13,29,21,11,21,33
20,45,16,20,16,30,45,11,11,16,10,11,12,32,16,13,13,15,35,17,15,44,12,17,17,35,16,16,14,18,11,12,37,15,12,8,17,15,12,13,35,18,14,25,15,12,8,21,8,15,15,15,15,15,35,21,13,15,38,15,14,19,13,36,17,22,19,11,14,11,14,16,38,9,15,13,32,12,17,12,30,16,16,32,21,13,11,12,38,16,13,20,11,9,16,17,32,12,14,38,19,17,17,11,42,30,12,40,9,33,15,7,11,15,11,8,20,11,9,14,19,38,39,18,17,12,18,15,16,18,15,14,17,18,15,12,41,14,10,16,19,16,13,15,38,36,17,22,19,39,9,16,38,14,11,17,10,36,16,15,15,30,12,18,34,14,11,15,41,16,36,42,14,12,18,17,14,19,32,41,19,12,14,39,13,12,16,7,23,27,35,18,12,16,15,27,42,21,16,37,17,14,14,22,40,9,16,14,16,22,20,18,14,15,16,14,26,19,21,39,18,13,9,17,19,21,15,10,17,33,36,16,25,11,13,30,18,12,18,14,19,20,20,16,15,12,12,15,14,41,10,15,22,10,19,15,18,14,39,19,17,15,14,34,36,9,11,33,12,42,43,31,10,15,11,21,12,39,11,38,34,16,16,32,15,10,11,14,32,10,9,42,12,13,19,25,11,18,34,20,38,38,12,39,37,17,41,40,16,13,10,16,19,17,32,13,15,18,16,12,16,37,15,16,20,36,13,18,16,19,13,14,12,34,14,16,29,17,41,30,18,15,19,39,14,18,15,16,14,39,12,16,35,12,7,21,10,12,14,40,16,7,18,19,14,9,18,21,15,15,33,41,11,33,9,11,11,13,13,25,22,30,13,12,16,16,16,36,13,17,17,29,24,12,13,8,17,25,33,32,12,17,16,19,21,14,32,21,16,15,19,17,17,31,13,12,15,15,26,38,28,33,41,35,40,41,38,11,20,25,20,13,11,20,42,15,44,33,33,13,10,41,36,15,16,34,12,11,13,14,10,15,16,14,17,42,9,19,11,9,11,19,34,16,14,31,11,22,17,9,20,25,16,15,18,34,20,18,20,12,13,19,18,18,14,35,12,18,18,17,29,16,15,15,18,14,40,14,16,13,16,21,17,23,13,20,20,14,38,15,13,10,16,33,18,30,12,6,21,11,16,12,33,20,12,23,12,20,13,24,13,19,28,29,17,18,13,20,16,13,14,14,18,16,11,34,11,13,11,18,16,19,19,15,41,15,20,15,18,17,39,13,35,13,33,32,18,44,34,15,12,13,14,33,33,14,14,13,17,19,18,12,15,14,10,38,21,13,16,13,16,16,36,36,17,13,14,33,30,18,29,18,35,37,15,17,40,14,36,15,34,10,15,11,17,13,27,26,12,17,33,39,37,26,9,10,26,21,13,13,14,17,8,22,15,37,33,26,34,14,19,25,11,14,23,34,8,14,35,16,37,13,34,11,15,12,18,12,29,42,14,11,20,33,11,34,13,13,30,14,12,19,16,38,17,14,14,12,10,9,11,10,14,33,14,12,48,14,18,24,38,19,15,13,31,38,17,17,41,13,17,16,13,13,15,13,20,6,34,9,38,14,18,12,9,12,14,16,16,10,12,9,32,29,14,7,18,18,16,14,29,15,14,14,20,35,11,16,24,14,17,11,11,32,17,38,36,16,15,12,16,17,33,13,15,17,14,17,16,14,44,20,40,38,12,13,7,16,12,12,36,16,13,14,20,15,9,38,24,39,10,16,14,15,13,12,27,14,18,12,15,17,36,11,10,35,32,17,17,40,20,15,17,16,16,19,19,9,19,12,19,12,17,17,12,9,29,16,15,14,13,14,33,18,12,37,31,20,14,9,15,14,18,17,20,35,40,15,14,9,18,34,10,19,14,11,15,14,16,11,15,15,18,13,13,39,12,14,13,18,14,13,21,12,17,12,11,19,16,18,29,16,40,29,12,16,20,13,17,25,16,11,36,28,15,13,16,16,16,38,29,24,21,9,23,10,17,14,36,10,15,19,38,36,41,14,9,29,9,14,35,19,15,17,33,12,13,8,41,16,21,36,18,21,35,14,12,17,17,13,14,18,34,37,18,14,16,17,29,17,35,19,38,15,14,15,14,14,10,10,12,14,13,16,14,24,32,9,14,34,36,18,18,31,19,36,21,21,20,16,19,13,37,17,12,41,18,13,13,34,18,38,19,34,10,16,18,12,12,38,17,7,10,15,16,12,17,16,14,20
