r0,r1,r2,r3,r4,r5,r6,r7,r8,r9,r10,r11,r12,r13,r14,r15,r16,r17,r18,r19,r20,r21,r22,r23,r24,r25,r26,r27,r28,r29,r30,r31,r32,r33,r34,r35,r36,r37,r38,r39,r40,r41,r42,r43,r44,r45,r46,r47,r48,r49,r50,r51,r52,r53,r54,r55,r56,r57,r58,r59,r60,r61,r62,r63,r64,r65,r66,r67,r68,r69,r70,r71,r72,r73,r74,r75,r76,r77,r78,r79,r80,r81,r82,r83,r84,r85,r86,r87,r88,r89,r90,r91,r92,r93,r94,r95,r96,r97,r98,r99,r100,r101,r102,r103,r104,r105,r106,r107,r108,r109,r110,r111,r112,r113,r114,r115,r116,r117,r118,r119,r120,r121,r122,r123,r124,r125,r126,r127,r128,r129,r130,r131,r132,r133,r134,r135,r136,r137,r138,r139,r140,r141,r142,r143,r144,r145,r146,r147,r148,r149,r150,r151,r152,r153,r154,r155,r156,r157,r158,r159,r160,r161,r162,r163,r164,r165,r166,r167,r168,r169,r170,r171,r172,r173,r174,r175,r176,r177,r178,r179,r180,r181,r182,r183,r184,r185,r186,r187,r188,r189,r190,r191,r192,r193,r194,r195,r196,r197,r198,r199,r200,r201,r202,r203,r204,r205,r206,r207,r208,r209,r210,r211,r212,r213,r214,r215,r216,r217,r218,r219,r220,r221,r222,r223,r224,r225,r226,r227,r228,r229,r230,r231,r232,r233,r234,r235,r236,r237,r238,r239,r240,r241,r242,r243,r244,r245,r246,r247,r248,r249,r250,r251,r252,r253,r254,r255,r256,r257,r258,r259,r260,r261,r262,r263,r264,r265,r266,r267,r268,r269,r270,r271,r272,r273,r274,r275,r276,r277,r278,r279,r280,r281,r282,r283,r284,r285,r286,r287,r288,r289,r290,r291,r292,r293,r294,r295,r296,r297,r298,r299,r300,r301,r302,r303,r304,r305,r306,r307,r308,r309,r310,r311,r312,r313,r314,r315,r316,r317,r318,r319,r320,r321,r322,r323,r324,r325,r326,r327,r328,r329,r330,r331,r332,r333,r334,r335,r336,r337,r338,r339,r340,r341,r342,r343,r344,r345,r346,r347,r348,r349,r350,r351,r352,r353,r354,r355,r356,r357,r358,r359,r360,r361,r362,r363,r364,r365,r366,r367,r368,r369,r370,r371,r372,r373,r374,r375,r376,r377,r378,r379,r380,r381,r382,r383,r384,r385,r386,r387,r388,r389,r390,r391,r392,r393,r394,r395,r396,r397,r398,r399,r400,r401,r402,r403,r404,r405,r406,r407,r408,r409,r410,r411,r412,r413,r414,r415,r416,r417,r418,r419,r420,r421,r422,r423,r424,r425,r426,r427,r428,r429,r430,r431,r432,r433,r434,r435,r436,r437,r438,r439,r440,r441,r442,r443,r444,r445,r446,r447,r448,r449,r450,r451,r452,r453,r454,r455,r456,r457,r458,r459,r460,r461,r462,r463,r464,r465,r466,r467,r468,r469,r470,r471,r472,r473,r474,r475,r476,r477,r478,r479,r480,r481,r482,r483,r484,r485,r486,r487,r488,r489,r490,r491,r492,r493,r494,r495,r496,r497,r498,r499,r500,r501,r502,r503,r504,r505,r506,r507,r508,r509,r510,r511,r512,r513,r514,r515,r516,r517,r518,r519,r520,r521,r522,r523,r524,r525,r526,r527,r528,r529,r530,r531,r532,r533,r534,r535,r536,r537,r538,r539,r540,r541,r542,r543,r544,r545,r546,r547,r548,r549,r550,r551,r552,r553,r554,r555,r556,r557,r558,r559,r560,r561,r562,r563,r564,r565,r566,r567,r568,r569,r570,r571,r572,r573,r574,r575,r576,r577,r578,r579,r580,r581,r582,r583,r584,r585,r586,r587,r588,r589,r590,r591,r592,r593,r594,r595,r596,r597,r598,r599,r600,r601,r602,r603,r604,r605,r606,r607,r608,r609,r610,r611,r612,r613,r614,r615,r616,r617,r618,r619,r620,r621,r622,r623,r624,r625,r626,r627,r628,r629,r630,r631,r632,r633,r634,r635,r636,r637,r638,r639,r640,r641,r642,r643,r644,r645,r646,r647,r648,r649,r650,r651,r652,r653,r654,r655,r656,r657,r658,r659,r660,r661,r662,r663,r664,r665,r666,r667,r668,r669,r670,r671,r672,r673,r674,r675,r676,r677,r678,r679,r680,r681,r682,r683,r684,r685,r686,r687,r688,r689,r690,r691,r692,r693,r694,r695,r696,r697,r698,r699,r700,r701,r702,r703,r704,r705,r706,r707,r708,r709,r710,r711,r712,r713,r714,r715,r716,r717,r718,r719,r720,r721,r722,r723,r724,r725,r726,r727,r728,r729,r730,r731,r732,r733,r734,r735,r736,r737,r738,r739,r740,r741,r742,r743,r744,r745,r746,r747,r748,r749,r750,r751,r752,r753,r754,r755,r756,r757,r758,r759,r760,r761,r762,r763,r764,r765,r766,r767,r768,r769,r770,r771,r772,r773,r774,r775,r776,r777,r778,r779,r780,r781,r782,r783,r784,r785,r786,r787,r788,r789,r790,r791,r792,r793,r794,r795,r796,r797,r798,r799,r800,r801,r802,r803,r804,r805,r806,r807,r808,r809,r810,r811,r812,r813,r814,r815,r816,r817,r818,r819,r820,r821,r822,r823,r824,r825,r826,r827,r828,r829,r830,r831,r832,r833,r834,r835,r836,r837,r838,r839,r840,r841,r842,r843,r844,r845,r846,r847,r848,r849,r850,r851,r852,r853,r854,r855,r856,r857,r858,r859,r860,r861,r862,r863,r864,r865,r866,r867,r868,r869,r870,r871,r872,r873,r874,r875,r876,r877,r878,r879,r880,r881,r882,r883,r884,r885,r886,r887,r888,r889,r890,r891,r892,r893,r894,r895,r896,r897,r898,r899,r900,r901,r902,r903,r904,r905,r906,r907,r908,r909,r910,r911,r912,r913,r914,r915,r916,r917,r918,r919,r920,r921,r922,r923,r924,r925,r926,r927,r928,r929,r930,r931,r932,r933,r934,r935,r936,r937,r938,r939,r940,r941,r942,r943,r944,r945,r946,r947,r948,r949,r950,r951,r952,r953,r954,r955,r956,r957,r958,r959,r960,r961,r962,r963,r964,r965,r966,r967,r968,r969,r970,r971,r972,r973,r974,r975,r976,r977,r978,r979,r980,r981,r982,r983,r984,r985,r986,r987,r988,r989,r990,r991,r992,r993,r994,r995,r996,r997,r998,r999
13,15,13,14,16,16,16,13,18,13,1,18,15,14,12,12,12,14,17,1,18,16,12,9,8,18,16,16,0,2,2,9,15,12,12,19,0,0,0,1,16,12,0,13,20,15,20,0,27,19,11,0,11,2,12,1,0,13,14,14,17,13,15,21,18,15,8,12,11,14,0,19,22,16,12,15,12,9,14,1,17,13,17,2,24,6,26,16,19,19,16,1,2,18,14,12,9,17,10,18,0,15,10,21,11,11,18,3,0,18,9,16,16,15,0,10,9,0,0,1,17,16,0,3,15,20,15,20,1,1,18,15,14,11,1,21,13,1,17,0,17,10,14,9,11,9,23,14,0,15,2,14,0,1,19,10,18,16,13,0,17,2,17,15,5,1,10,2,19,14,9,16,9,12,12,11,0,15,18,21,17,0,12,1,10,18,17,20,18,15,0,0,7,20,13,0,13,18,1,19,1,18,12,0,0,1,1,23,13,15,21,0,16,13,0,15,21,12,0,11,16,8,2,2,23,12,0,12,21,17,14,9,18,13,18,13,13,13,21,0,17,17,2,16,22,0,15,1,10,12,21,18,1,10,16,9,22,0,12,11,13,2,17,13,2,14,11,2,13,15,18,10,0,16,21,0,18,12,14,15,11,0,1,18,16,18,11,12,14,3,12,1,1,1,1,24,2,1,9,1,2,16,12,19,11,1,0,17,13,22,2,12,0,13,16,19,22,22,9,2,0,20,14,13,15,13,14,3,18,2,13,21,12,0,26,13,0,20,20,13,12,7,10,18,18,9,10,1,14,13,17,8,1,16,13,12,0,15,14,0,12,17,16,0,2,0,13,22,14,12,14,18,0,12,0,19,15,15,24,10,22,18,11,20,23,11,7,0,21,9,21,23,0,2,20,13,1,24,14,16,12,14,20,17,15,22,4,19,14,13,10,18,11,16,12,16,2,1,14,15,21,16,8,3,0,13,9,0,12,12,16,12,13,16,16,1,1,21,1,0,24,7,10,16,19,16,13,1,16,14,0,1,11,20,17,19,2,21,1,17,10,15,18,2,12,16,11,26,19,0,13,11,18,16,13,2,17,12,16,9,16,15,9,14,0,1,12,1,17,17,3,12,1,1,9,20,15,0,1,6,7,19,1,13,10,16,16,14,20,1,14,17,7,13,0,13,1,0,11,16,7,10,17,15,15,18,15,19,1,10,18,18,15,1,11,11,18,2,17,14,1,2,17,17,1,10,12,15,13,12,12,10,12,7,0,14,0,22,13,13,1,16,9,0,1,17,22,11,12,16,20,15,1,14,27,1,0,16,2,17,0,1,0,15,17,2,2,1,18,13,15,16,0,19,0,0,2,14,11,5,1,1,20,14,14,3,16,14,16,10,0,1,13,17,20,0,9,19,25,15,1,16,20,12,2,15,15,20,1,17,7,2,0,25,2,18,14,14,13,1,13,20,12,13,11,17,3,3,9,16,9,0,0,20,1,13,0,15,20,0,16,0,17,0,12,9,2,0,13,15,9,15,20,1,18,0,13,13,18,17,16,21,18,1,15,20,14,16,12,19,13,10,2,12,12,19,21,1,14,18,8,3,13,15,1,0,1,0,2,18,15,22,15,1,13,23,12,13,14,11,21,0,11,15,18,13,14,12,18,0,19,18,19,18,20,1,18,17,0,13,15,17,19,12,17,1,15,15,13,17,12,9,18,9,16,3,0,19,17,10,24,16,16,14,0,10,12,1,18,10,0,13,16,18,16,15,15,4,0,0,19,6,2,12,7,0,13,13,0,0,1,18,14,14,10,19,0,17,15,1,10,13,15,15,18,24,13,18,18,11,15,1,10,14,15,10,15,18,15,11,14,13,13,18,15,18,18,16,19,14,15,16,11,16,17,0,14,21,17,2,16,19,20,7,13,22,16,0,20,0,15,8,8,1,2,19,18,2,9,0,1,19,15,14,1,0,15,14,6,2,11,1,1,13,1,0,15,19,13,13,8,16,14,16,2,1,7,2,15,11,1,19,13,17,12,12,2,13,13,12,15,3,6,16,15,16,19,1,16,1,14,3,0,12,17,13,17,1,15,1,12,15,1,13,13,21,2,16,17,11,12,0,19,16,1,18,2,18,8,13,15,18,17,13,21,0,0,2,7,13,18,3,16,0,16,1,10,16,1,17,16,15,23,11,11,14,16,14,17,15,0,17,17,0,14,25,3,18,14,16,3,13,0,9,14,18,6,11,14,19,11,15,14,0,12,10,14,16,16,0
13,15,1,18,1,1,0,21,13,16,17,16,21,1,15,17,1,16,16,15,22,4,11,0,16,13,12,22,16,5,17,16,19,10,0,3,0,14,11,10,13,1,15,19,1,12,14,13,16,17,18,1,0,11,28,1,14,19,1,0,2,12,2,17,20,14,17,0,16,0,15,21,15,20,2,0,3,13,3,15,16,13,17,18,13,2,15,16,17,20,1,13,13,14,15,0,15,2,18,0,9,13,15,14,14,16,0,14,15,17,15,12,11,13,11,16,1,12,12,3,12,11,4,20,18,12,0,0,17,18,10,9,2,1,13,0,1,14,15,11,2,1,17,15,15,1,15,16,23,0,18,22,11,8,23,11,18,1,11,7,13,8,15,10,2,13,13,12,0,17,19,15,13,16,13,18,21,1,2,11,18,24,20,12,1,11,12,12,16,20,21,8,14,18,3,3,20,2,13,13,15,13,19,15,13,11,16,0,0,13,5,14,0,0,2,3,13,14,14,9,18,19,2,7,1,20,13,25,11,19,2,15,13,2,11,26,0,14,16,13,18,6,19,0,15,0,14,4,17,7,11,12,19,13,15,21,19,13,10,16,1,11,0,8,2,2,2,18,20,14,17,19,0,0,19,21,19,15,8,13,0,10,13,13,3,9,11,2,20,11,11,15,0,15,3,14,19,15,13,1,18,0,12,0,2,18,1,18,6,16,21,19,13,16,0,15,2,13,14,12,16,10,11,22,23,1,13,1,15,7,9,17,15,1,17,16,11,11,19,0,22,15,14,11,13,16,14,16,18,16,0,10,14,14,10,11,2,22,17,17,16,23,18,0,14,1,17,12,14,18,2,16,13,9,2,19,14,9,15,15,1,14,1,14,17,11,0,20,13,2,11,12,10,8,1,15,17,15,12,18,2,0,18,10,12,17,14,15,17,3,22,15,14,11,14,16,18,1,18,13,21,14,12,1,24,1,18,16,1,16,15,10,13,23,14,14,13,0,0,11,19,16,0,17,15,11,17,10,16,14,9,12,22,8,2,11,13,13,1,12,12,17,1,18,0,1,16,14,3,2,10,12,16,15,0,0,12,12,12,0,18,16,0,15,10,12,12,2,20,18,11,14,12,12,12,12,5,14,11,11,2,9,18,10,19,13,17,7,16,16,10,23,9,21,13,17,13,11,14,23,1,11,8,9,10,13,0,18,13,14,13,13,18,19,15,19,8,18,15,0,13,13,0,1,0,1,12,1,18,19,12,14,1,13,14,11,16,18,13,16,13,22,14,18,14,12,19,2,14,16,1,20,16,0,16,15,18,10,11,20,19,1,12,13,19,27,19,0,15,14,11,15,0,10,16,12,17,15,0,2,15,16,12,17,21,14,1,10,20,1,0,16,14,11,10,13,15,0,17,16,13,10,22,1,0,2,13,14,17,11,17,16,10,1,16,15,13,13,14,2,3,12,18,16,18,12,4,1,1,14,17,12,0,17,14,16,18,2,16,16,13,1,15,9,2,2,15,14,23,8,14,0,14,14,15,2,0,15,12,1,13,21,13,10,15,15,22,15,17,13,1,20,0,19,17,24,21,12,19,2,16,15,13,22,3,1,16,13,9,12,21,1,25,9,23,11,2,12,4,1,19,17,0,4,8,14,17,15,14,15,9,15,2,9,6,1,9,15,20,11,20,1,23,16,13,0,2,17,17,16,12,10,14,3,0,11,18,0,10,14,14,13,12,18,16,19,17,9,12,15,23,13,13,25,19,14,10,13,11,17,12,24,15,13,10,12,16,15,12,13,10,2,10,15,15,15,10,15,18,0,19,19,15,12,12,3,12,15,21,24,4,16,20,12,16,20,0,2,11,6,14,10,0,10,11,2,10,13,2,19,15,22,17,14,2,0,13,0,13,1,15,2,0,2,0,1,11,16,5,9,12,24,11,17,13,11,0,13,20,17,15,1,14,12,2,21,16,19,8,13,17,15,18,4,17,20,19,12,17,28,7,0,11,13,16,13,18,0,19,14,19,11,7,14,15,18,16,0,11,12,17,19,1,15,4,0,1,20,16,18,9,9,14,21,19,2,0,1,13,23,12,18,18,15,19,16,19,13,18,14,1,19,17,1,3,19,18,15,2,17,12,2,12,0,15,14,15,2,18,20,14,10,0,13,2,12,2,14,0,14,12,14,0,21,0,12,16,15,1,22,24,12,0,0,10,16,10,20,19,17,2,17,16,3,1,14,17,2,15,13,15,10,2,16,8,12,18,12,19,13
16,0,12,14,17,17,20,17,1,17,11,1,17,16,0,12,14,11,2,24,12,15,15,14,19,15,15,10,16,15,20,0,8,17,23,15,1,0,18,14,8,10,13,22,16,11,1,17,12,0,15,17,0,0,14,18,16,1,15,8,22,13,16,11,15,9,16,12,17,25,22,15,2,16,12,0,1,22,24,19,21,1,16,15,14,15,0,1,16,11,16,17,1,12,12,15,1,13,17,0,19,0,0,18,13,0,1,13,14,1,14,19,14,12,2,0,12,0,16,21,1,17,9,14,19,13,3,17,9,1,0,1,0,14,0,15,1,0,14,6,13,17,1,13,10,0,11,12,14,22,22,1,15,0,10,1,3,0,0,11,16,0,16,19,18,18,11,14,14,16,16,0,10,15,2,0,2,13,1,11,11,11,16,15,12,19,11,15,1,22,12,15,18,16,14,19,15,19,20,6,14,18,16,17,13,14,17,16,2,15,6,13,16,14,0,12,19,13,1,18,24,18,0,16,17,12,16,16,27,18,17,1,15,2,15,14,11,14,1,14,24,17,10,1,21,12,20,12,23,13,1,17,12,1,1,11,1,11,1,14,2,19,21,0,18,2,8,13,0,4,24,11,14,18,0,2,1,19,9,22,2,2,13,14,20,20,12,19,14,11,16,4,0,22,19,18,14,15,10,17,19,11,2,18,16,9,1,14,19,24,3,14,1,1,19,11,19,12,11,17,11,2,21,11,15,0,20,26,19,18,13,16,14,18,19,0,0,1,16,7,12,12,2,16,13,1,19,15,12,15,16,15,12,1,11,20,8,9,23,1,9,22,14,1,18,18,8,21,0,1,12,16,9,1,15,1,14,15,12,14,10,1,1,21,1,13,2,1,2,16,1,15,9,9,22,11,15,1,16,0,2,12,12,9,21,1,10,15,20,2,13,0,18,17,22,16,9,2,0,15,13,9,12,0,2,14,16,11,16,18,0,16,2,9,14,2,16,18,14,15,2,0,12,0,1,1,15,23,17,11,14,16,13,2,16,9,10,1,19,16,21,0,10,15,1,13,12,16,12,15,18,22,0,12,2,15,14,1,14,16,15,0,17,1,2,18,15,16,23,1,0,12,15,8,14,2,24,11,2,14,18,18,13,16,12,21,23,15,11,22,14,0,1,21,1,14,24,18,15,16,15,0,16,1,19,19,20,12,3,10,1,1,20,10,14,0,18,14,15,16,12,17,14,8,15,10,0,15,0,11,11,22,16,19,14,18,13,10,1,3,14,17,20,13,7,12,1,1,18,2,0,12,1,19,2,16,15,22,0,15,4,17,14,1,11,16,18,17,14,11,12,0,20,1,18,11,0,17,18,10,1,0,2,18,17,0,15,15,11,16,0,16,18,15,8,2,8,9,1,23,23,15,17,0,24,1,18,14,0,15,21,2,18,22,12,22,14,0,7,14,17,13,1,27,11,2,3,1,19,12,22,8,0,26,3,17,15,11,10,0,9,18,15,10,11,19,10,14,23,1,13,11,16,13,15,21,15,18,16,10,1,12,18,12,0,13,10,13,16,10,23,12,11,13,16,14,1,17,14,14,14,13,19,0,0,2,14,15,11,7,8,0,2,14,27,0,9,21,13,2,5,11,15,23,1,14,0,16,16,11,21,14,12,5,14,11,14,1,9,14,0,15,0,1,17,11,21,14,11,22,12,23,9,13,16,19,15,19,1,18,16,13,12,10,1,2,15,21,1,11,16,13,12,11,1,15,0,15,16,16,18,16,0,12,1,2,18,19,0,18,14,17,18,16,2,0,18,16,16,2,0,13,13,10,1,21,15,12,10,9,1,13,9,13,12,0,17,19,0,14,23,14,13,1,1,20,9,1,1,13,0,1,14,18,1,24,20,7,9,15,18,0,20,1,17,18,1,14,12,12,17,16,14,0,9,13,4,1,16,14,1,21,1,19,18,1,0,12,1,0,18,21,15,15,13,0,18,1,13,27,20,15,1,11,18,16,15,17,1,19,18,1,0,21,14,18,18,1,17,1,0,12,14,1,16,1,14,14,1,2,14,9,1,11,8,15,22,18,14,1,14,2,16,0,13,0,11,1,18,18,17,16,20,2,18,0,13,13,1,1,10,1,1,17,17,11,16,19,0,2,18,15,19,15,27,1,21,21,1,11,15,3,21,13,16,0,1,23,14,12,16,1,1,16,1,17,15,11,9,1,0,14,18,9,11,17,14,10,14,18,17,14,21,14,17,4,1,0,10,0
12,12,15,22,2,8,12,17,13,17,1,11,2,0,0,10,0,17,19,14,7,13,14,15,10,25,19,15,11,17,16,3,14,7,21,18,15,18,15,3,0,0,18,16,16,14,17,3,16,1,2,12,16,21,11,13,2,18,10,1,22,4,19,1,19,19,13,12,16,17,10,11,1,21,15,0,0,20,0,14,15,2,1,14,1,13,18,10,18,12,0,1,17,0,17,21,20,17,0,18,13,22,0,6,15,14,1,14,16,1,1,18,15,16,7,0,19,0,17,1,1,18,2,1,15,15,12,19,11,18,13,15,5,16,12,15,11,1,16,9,13,1,19,18,0,21,13,8,11,14,22,12,12,13,1,11,18,13,16,21,17,21,7,0,20,1,1,17,16,2,18,12,28,18,16,2,2,18,15,11,24,16,11,19,1,9,18,2,13,20,6,11,22,11,16,22,12,0,18,18,9,22,14,17,17,11,16,15,18,0,16,0,16,23,12,14,1,14,15,16,2,16,12,16,15,14,14,16,15,11,18,1,19,16,10,23,0,13,2,12,1,16,0,11,16,15,17,23,9,13,18,0,16,3,12,18,18,14,18,15,3,13,19,3,22,14,18,15,11,15,8,14,6,10,14,2,2,0,15,13,14,20,3,1,0,19,18,15,6,10,9,10,12,8,19,1,9,18,19,15,2,15,13,9,13,16,18,19,1,13,12,17,19,8,3,16,0,21,20,20,0,3,2,14,9,1,2,17,16,16,10,22,8,16,17,12,4,10,11,13,14,13,15,12,20,15,1,19,10,18,10,14,21,0,0,10,22,13,15,1,11,0,1,12,1,16,16,16,14,17,19,12,17,14,11,9,1,0,0,16,12,14,17,17,16,18,22,10,22,10,10,8,0,16,1,2,2,1,1,11,17,8,2,16,3,13,2,14,17,17,11,9,1,2,0,12,1,18,0,18,10,0,20,13,0,13,2,19,17,1,16,13,16,13,16,12,15,2,15,15,1,1,11,9,19,18,17,17,0,1,18,16,12,19,1,19,0,0,9,13,12,17,14,9,20,0,10,16,15,19,11,21,0,1,15,17,14,15,13,15,17,1,11,18,1,14,0,19,1,2,13,1,0,22,13,0,18,0,22,20,1,15,23,18,7,17,20,1,10,15,13,1,18,2,21,23,1,10,0,16,13,17,0,17,19,26,15,1,20,15,1,1,19,14,15,8,18,12,16,18,13,10,1,11,19,22,17,19,14,13,10,19,10,1,13,13,13,13,14,13,15,0,17,19,14,20,0,13,1,1,13,0,8,13,19,13,19,20,0,22,6,11,3,15,16,12,9,14,17,11,13,13,16,19,9,0,16,13,21,12,17,19,21,2,12,18,11,0,18,14,9,15,17,0,1,16,1,1,13,0,1,21,0,18,1,2,16,16,10,16,22,1,17,11,12,13,17,11,12,12,14,15,12,13,12,2,16,8,2,1,20,21,15,11,15,19,15,10,15,15,7,1,15,14,17,17,14,16,0,21,2,14,21,15,12,11,12,2,16,12,11,11,7,12,1,16,9,16,11,12,14,12,13,12,3,14,14,0,24,18,13,15,15,18,2,15,18,15,1,15,20,21,12,1,9,11,2,11,10,0,15,12,12,15,18,2,17,11,19,20,15,16,15,17,0,13,14,20,13,20,0,12,17,4,21,15,12,9,1,1,0,3,5,0,16,9,11,17,0,20,13,11,17,19,0,18,2,1,0,13,1,14,12,23,19,11,15,21,14,18,22,14,21,14,8,24,0,17,20,15,12,1,15,2,16,22,18,17,17,13,3,12,17,13,12,23,23,16,21,21,0,18,12,18,1,1,16,12,18,12,17,15,14,11,12,0,12,12,20,12,15,24,15,20,15,22,1,15,19,15,11,1,18,0,16,13,0,18,0,1,0,0,1,0,17,17,1,14,20,14,13,6,2,16,18,8,18,7,20,17,11,16,2,3,1,16,10,16,0,18,20,10,17,13,1,16,13,18,0,19,12,16,15,12,12,14,14,14,12,22,16,1,1,17,21,16,10,1,12,13,1,16,14,11,24,13,0,10,16,9,18,17,1,1,19,15,15,11,19,1,12,13,11,19,19,8,15,13,10,15,10,11,19,12,2,19,0,12,2,17,10,8,11,13,19,3,0,11,15,17,16,0,14,11,19,13,0,9,1,16,13,13,2,16,13,13,0,13,17,15,2,2,17,16,13,16,13,13,17,15,17,14,14,0,13,17,11,12,11,13
16,16,13,11,10,0,14,9,0,1,2,7,2,14,13,14,16,18,1,16,11,1,5,8,11,12,12,13,8,16,16,16,21,9,17,7,17,21,17,15,12,16,2,13,11,23,14,0,21,12,0,16,14,13,17,19,12,0,12,1,11,1,20,11,0,16,12,1,21,13,13,18,24,3,14,13,0,13,10,1,0,13,14,16,20,14,17,22,0,12,1,14,16,15,15,0,18,9,10,19,15,17,21,10,0,18,1,14,16,3,14,12,0,12,13,13,22,16,2,11,15,25,18,2,14,0,19,19,16,2,18,2,19,2,1,8,12,10,15,13,9,14,17,10,15,16,19,13,26,17,19,15,14,14,16,1,21,17,11,17,1,1,15,20,3,0,1,16,8,15,16,0,12,2,12,9,2,13,0,17,0,2,0,18,14,21,2,18,21,16,17,0,2,3,17,1,17,14,0,2,4,17,7,17,16,15,0,11,18,24,17,13,23,23,15,16,16,20,14,17,0,0,1,1,19,18,0,0,2,24,18,2,1,15,0,18,2,12,16,2,17,19,13,1,14,14,11,22,19,14,21,17,9,1,1,15,2,17,14,0,19,12,23,16,17,16,14,16,0,15,15,13,1,12,14,19,11,14,15,3,11,21,21,22,1,2,0,20,1,2,17,26,20,16,0,3,14,9,0,11,12,0,1,19,18,17,16,0,10,4,3,12,11,11,0,13,16,2,13,21,10,22,16,18,16,15,14,3,3,3,3,2,2,10,13,15,0,16,19,2,1,0,2,18,15,14,14,15,21,2,4,12,14,18,22,22,11,18,7,10,10,2,0,10,17,20,19,6,18,22,14,15,2,15,7,0,16,11,0,12,1,9,0,22,11,9,19,1,11,18,4,12,17,2,21,20,0,16,1,14,13,1,2,8,18,0,16,0,22,10,10,16,15,17,14,13,13,12,9,17,8,20,15,11,15,15,14,2,14,14,16,15,13,0,12,0,18,18,12,15,9,2,19,2,13,14,11,18,15,23,25,18,2,13,10,16,12,13,4,13,5,10,23,16,13,10,11,1,11,4,17,13,1,16,14,16,0,15,13,14,13,13,10,13,1,16,17,15,0,18,1,0,14,12,15,15,13,2,1,17,15,17,16,9,1,16,18,18,8,12,22,12,17,19,15,1,14,11,1,2,13,10,14,0,2,20,13,2,12,0,11,14,13,14,19,2,20,10,12,1,13,13,13,12,1,0,12,6,12,2,9,16,15,16,8,2,9,17,15,10,9,13,19,14,17,16,12,1,9,1,23,0,1,12,13,25,15,20,14,17,11,3,1,0,12,10,10,11,17,13,20,1,23,20,19,9,19,0,18,23,14,14,1,9,11,18,14,11,15,14,0,1,22,17,14,3,15,2,17,1,1,14,13,15,3,24,2,19,1,1,10,0,23,19,16,1,1,19,17,12,13,16,12,3,1,1,1,11,16,20,19,0,0,13,21,13,17,0,9,12,12,1,10,15,8,14,14,0,12,18,13,16,2,12,15,11,15,2,17,1,1,0,12,26,14,2,1,11,16,1,21,21,11,9,2,12,0,12,18,1,11,17,19,12,5,2,0,19,21,16,15,3,25,16,14,9,10,14,16,10,1,24,13,15,0,9,8,11,18,12,15,16,0,16,1,12,0,0,19,20,12,15,0,16,15,18,0,11,25,16,20,10,17,13,21,11,18,15,22,14,8,14,11,12,14,18,17,12,12,11,12,2,0,15,12,19,10,22,13,18,2,5,13,1,22,1,13,20,1,8,15,22,14,21,13,14,11,1,15,16,13,15,1,8,13,18,13,0,3,12,14,18,23,0,13,0,15,11,18,15,3,9,4,12,0,10,10,1,9,21,17,19,18,13,9,15,12,20,2,10,11,18,14,12,17,13,22,13,20,21,15,12,0,22,14,11,16,0,12,1,13,9,13,1,14,9,14,12,16,12,13,18,16,1,13,21,14,15,13,12,2,2,14,16,7,14,21,1,0,13,14,11,14,12,13,14,10,16,20,12,17,14,2,1,0,9,21,2,10,0,0,15,11,14,16,16,6,19,14,19,1,21,17,0,16,3,17,8,3,13,22,18,14,20,1,13,13,16,13,13,15,15,2,1,17,1,14,19,13,0,0,19,18,1,1,14,2,17,13,7,21,13,14,11,2,2,3,10,3,9,10,20,2,13,11,11,2,2,14,12,0,13,11,12,1,15,24,14,20,19,22,18,11,14,1,12,18,18,19,18
8,0,13,11,14,1,1,16,1,1,13,1,14,14,20,23,15,12,8,21,13,1,15,16,16,0,25,19,20,1,11,1,15,1,17,15,8,2,15,15,32,13,21,16,8,1,11,15,10,8,18,1,25,1,16,21,17,15,14,1,13,21,21,9,8,21,1,0,16,2,15,0,10,16,9,14,15,12,16,11,1,2,20,13,14,16,12,10,16,14,12,14,17,1,1,21,15,17,16,16,15,1,14,17,12,21,11,17,15,7,12,1,0,17,13,14,11,13,15,8,12,1,19,12,1,10,18,13,0,0,20,17,17,22,15,15,15,16,25,14,12,17,17,20,13,21,16,26,15,21,18,0,0,19,18,18,19,20,15,0,17,16,11,0,1,20,14,18,0,14,1,14,21,17,13,17,22,14,8,0,17,4,19,13,7,23,17,14,11,1,11,11,20,0,21,21,2,3,19,7,15,17,10,17,11,20,1,21,17,15,15,12,13,14,14,1,9,14,0,13,16,23,0,2,2,17,13,18,3,20,17,11,4,18,11,18,1,14,10,12,1,18,12,12,0,1,12,19,17,22,15,20,17,16,1,15,18,1,0,14,18,15,1,14,16,17,12,0,18,16,23,3,1,1,10,0,0,17,15,15,14,2,9,15,12,8,9,12,11,0,12,2,0,16,17,12,0,12,17,0,15,11,7,1,13,0,15,14,16,10,1,16,21,1,15,16,1,0,1,16,11,17,17,10,12,2,1,12,14,20,14,14,0,17,9,12,0,12,17,0,12,2,16,14,3,15,19,5,17,19,20,0,13,20,12,18,15,10,12,17,16,16,6,1,11,0,14,14,12,17,0,13,13,1,13,17,11,2,13,15,0,15,22,13,0,11,0,8,17,1,14,14,11,0,17,14,0,10,12,3,24,19,12,16,1,18,19,13,21,13,17,17,18,16,11,20,29,14,2,13,16,18,12,20,11,13,14,16,16,25,15,1,18,12,23,13,14,14,17,15,15,17,18,0,18,9,1,21,13,21,16,16,1,3,12,4,12,0,17,18,21,14,15,16,13,12,16,0,21,9,9,1,15,1,1,1,11,14,18,12,16,20,2,1,0,17,1,0,14,12,0,19,18,13,25,21,22,10,6,18,2,18,15,14,18,2,17,10,20,15,0,19,11,17,21,14,2,22,15,0,17,0,15,20,0,0,1,17,16,20,1,14,16,14,10,1,0,11,3,10,14,19,0,2,20,14,20,17,15,20,9,2,0,22,22,22,15,25,15,18,23,1,14,20,17,9,14,0,13,8,9,2,17,18,13,13,23,20,27,1,1,22,17,14,0,11,7,17,0,0,0,20,0,0,11,17,3,11,14,18,10,15,1,13,10,20,24,0,1,1,12,10,1,9,19,0,19,14,18,16,27,16,20,15,23,0,13,16,6,17,14,16,10,19,17,15,12,15,1,22,17,2,12,16,23,16,21,15,9,17,16,18,0,14,18,17,19,9,0,9,27,11,0,15,14,2,17,0,8,19,14,11,16,1,18,1,14,13,13,0,1,12,10,11,17,10,19,1,2,10,18,2,16,7,27,10,9,22,2,19,18,15,13,14,12,20,7,19,16,7,18,13,16,10,13,14,0,15,18,1,12,14,13,13,0,20,13,15,9,14,9,12,15,18,2,1,15,9,20,15,15,14,0,19,15,11,3,3,9,12,22,11,16,1,20,9,14,18,2,20,18,2,18,15,2,12,15,14,16,13,18,15,13,18,15,13,12,12,15,14,15,12,14,18,1,11,13,15,16,17,17,1,17,8,16,20,0,3,14,19,1,0,1,14,14,11,12,0,2,10,19,16,15,17,15,18,19,12,17,2,17,0,16,0,11,12,0,19,1,16,25,12,13,19,13,10,15,18,1,2,14,17,2,18,13,1,12,11,19,16,16,20,19,15,7,20,11,2,18,15,13,2,0,15,12,24,13,15,19,15,16,18,11,0,10,0,1,15,1,13,23,2,24,17,3,13,18,2,11,20,11,19,12,25,10,15,19,20,15,21,0,14,13,13,2,1,11,14,11,13,20,11,15,16,16,1,10,20,15,1,20,4,15,19,15,18,13,14,24,0,2,16,19,1,18,14,0,11,17,3,18,15,19,11,0,0,11,16,19,6,2,16,0,13,23,9,17,1,10,1,15,14,26,14,22,1,9,3,17,2,14,9,20,14,11,16,21,12,20,14,1,19,16,1,12,15,17,13,17,2,1,23,14,16,18,11,16,16,20,1
14,11,20,8,15,2,2,19,2,2,15,1,12,21,0,17,10,11,19,13,19,10,18,15,13,12,17,9,17,8,0,1,13,20,18,14,9,18,1,15,13,11,22,0,16,19,20,17,12,0,21,0,9,16,3,14,11,2,13,16,19,13,0,8,10,1,17,10,0,15,2,12,22,2,10,20,11,16,12,3,1,11,19,15,0,16,9,13,0,14,19,18,19,13,19,21,18,2,2,21,0,16,18,16,16,0,11,13,1,16,22,1,1,0,0,12,17,11,24,1,0,3,13,0,16,0,17,2,12,11,11,14,16,1,1,11,1,16,2,17,21,19,8,16,11,11,13,12,13,14,12,0,0,12,14,10,0,8,0,17,13,0,0,23,13,2,1,16,1,14,21,16,14,8,0,14,2,17,2,9,14,18,16,0,16,13,2,19,1,22,3,25,2,15,12,1,13,8,5,11,23,3,0,0,10,21,17,11,9,11,17,13,13,2,3,22,22,15,14,17,11,18,0,2,3,2,19,1,11,19,15,17,2,10,12,14,14,16,20,2,1,16,14,15,0,14,1,18,16,19,3,22,10,0,11,18,1,9,18,20,14,2,16,2,16,15,12,15,1,9,13,16,1,9,13,9,0,16,6,1,12,13,18,15,0,15,1,15,1,22,7,14,12,14,13,11,14,16,17,16,17,20,3,16,16,13,1,15,1,14,13,15,1,0,21,1,16,22,20,14,18,1,10,17,0,14,7,15,15,14,18,10,22,0,19,9,7,10,2,1,25,12,15,10,19,1,11,0,14,0,1,17,1,14,3,9,17,13,10,16,12,17,14,18,20,14,22,6,0,7,13,10,14,15,10,1,16,1,18,9,14,16,2,1,14,12,1,21,12,14,17,9,16,14,13,1,14,17,13,18,16,14,14,11,0,16,11,13,12,10,25,15,10,12,18,16,3,15,2,3,1,12,0,17,14,18,19,16,21,12,10,20,0,1,14,13,17,18,2,13,23,2,18,12,1,13,9,0,21,1,12,0,15,0,11,10,17,19,13,15,14,13,16,11,0,16,10,1,13,0,1,2,20,14,2,22,20,2,0,9,12,11,19,12,14,21,12,16,16,14,17,2,16,10,23,14,10,1,20,1,1,12,12,8,2,1,1,12,15,2,15,12,13,3,0,14,20,10,15,8,16,2,16,19,8,22,11,13,16,22,20,1,23,12,7,17,11,0,14,9,0,14,2,14,11,0,17,1,13,11,2,0,18,17,19,15,12,0,15,11,13,19,21,17,0,16,12,1,18,16,0,14,18,19,13,0,24,23,11,15,19,17,19,17,11,0,6,1,17,22,16,12,13,15,14,13,20,3,0,27,13,12,14,18,0,13,1,19,12,17,22,0,11,19,1,2,0,1,15,9,14,18,10,7,15,16,28,1,13,0,17,17,18,23,0,9,18,14,12,16,18,12,16,11,2,22,18,21,2,0,16,0,2,14,12,15,16,11,11,17,17,13,21,15,1,18,13,14,10,13,16,0,19,13,12,16,19,1,20,2,17,19,8,15,12,15,16,20,11,15,1,11,18,0,12,17,24,17,15,0,15,23,21,12,8,0,3,21,13,16,12,1,17,10,19,2,2,0,11,0,9,21,23,10,12,0,12,16,21,0,1,2,19,20,14,12,1,19,15,17,18,17,0,7,9,22,0,0,13,15,19,11,0,15,10,12,0,17,0,15,12,0,11,12,13,8,17,17,16,10,27,19,16,11,0,22,13,1,0,17,11,0,2,14,10,15,15,9,1,18,1,18,15,13,0,12,17,12,2,12,12,0,11,17,19,17,13,15,18,12,12,19,1,17,1,15,0,16,17,1,19,18,9,1,14,10,12,2,17,21,13,0,17,1,1,1,13,23,15,11,19,18,16,20,21,9,21,9,2,11,2,1,9,12,0,2,15,13,19,14,1,10,14,1,12,15,17,15,8,1,12,12,14,15,19,15,1,13,16,14,3,1,2,12,20,1,11,11,7,14,8,19,19,16,11,8,15,15,1,17,10,13,16,19,16,16,8,12,17,2,15,20,14,12,10,16,20,12,24,18,17,0,0,11,0,18,12,15,16,19,19,15,15,12,1,12,16,17,14,0,13,21,19,14,11,1,0,10,9,3,1,11,13,14,10,0,14,0,16,7,16,3,10,22,2,2,25,23,0,11,12,14,18,15,16,15,18,0,15,18,14,16,8,20,1,0,1,12,15,8,19,14,13,12,14,7,16,11,12,18
18,9,18,1,16,9,14,16,20,1,0,1,10,18,16,10,1,0,15,11,2,17,15,18,2,12,11,11,0,15,15,11,15,2,11,11,20,0,18,12,14,7,20,15,1,15,0,12,13,20,19,18,18,11,7,1,17,17,1,2,13,20,23,14,21,16,14,15,0,17,8,10,18,13,0,0,12,16,15,1,0,0,15,0,17,18,2,14,14,1,25,1,17,10,13,3,17,24,0,14,13,14,0,16,13,17,15,24,12,12,14,14,0,0,20,14,19,1,0,0,12,12,16,4,1,17,8,15,1,2,1,13,12,10,16,21,11,11,19,24,13,23,11,17,21,16,18,12,0,19,11,2,0,20,16,9,12,14,15,3,11,12,11,23,0,12,21,14,12,14,10,12,16,19,0,18,23,0,1,16,19,14,19,18,13,16,1,4,0,14,13,0,8,16,14,10,15,9,15,1,16,13,18,17,19,12,20,12,15,13,14,3,17,16,17,16,0,10,13,15,19,10,15,21,22,18,19,15,12,1,16,13,13,2,0,11,1,9,1,15,26,18,19,0,14,0,11,19,12,0,16,12,17,15,15,1,0,10,1,10,16,20,16,20,15,12,17,12,18,13,14,8,14,1,16,0,16,10,17,11,2,1,18,1,1,18,0,16,14,10,1,14,15,1,2,12,14,20,1,11,12,0,13,15,22,3,20,12,20,10,1,13,12,13,11,15,0,19,1,1,14,12,4,16,14,19,13,13,3,16,19,1,11,12,2,11,15,2,16,16,2,26,16,2,14,0,18,11,14,23,17,20,1,1,21,17,16,1,16,13,2,0,12,0,9,15,8,21,11,15,0,3,1,9,9,1,17,13,10,15,21,23,13,25,21,12,2,18,0,1,2,13,23,1,15,13,17,15,19,11,18,9,18,22,20,0,12,1,12,12,11,0,0,19,9,17,12,15,19,12,0,7,14,0,0,0,15,1,13,1,1,14,0,13,20,1,12,1,17,2,2,16,22,19,12,0,11,2,12,1,0,0,14,13,26,11,1,14,18,19,12,18,11,0,17,1,15,16,23,18,1,1,17,20,15,12,18,21,15,0,7,21,8,27,15,11,15,15,13,14,16,10,0,1,0,11,14,1,1,1,1,9,1,17,1,16,3,7,2,1,1,8,0,11,0,13,11,17,19,18,16,0,12,19,13,1,21,18,11,24,1,24,21,13,11,21,13,15,1,1,27,7,18,12,10,17,19,10,2,17,0,14,19,16,18,10,22,12,18,11,0,21,1,14,16,10,1,11,13,14,1,15,18,0,14,11,13,0,11,9,10,2,12,17,8,3,19,0,18,10,27,8,15,14,16,2,16,11,16,15,16,20,14,3,14,0,11,0,15,13,20,19,15,1,18,0,19,19,12,15,19,15,21,11,2,19,8,3,18,14,12,13,20,15,23,18,13,11,2,21,11,15,17,21,14,13,15,20,12,21,1,18,18,14,15,14,11,21,18,12,13,16,13,1,1,10,21,0,17,11,18,14,16,10,2,20,19,12,19,15,0,0,15,17,6,11,11,14,2,3,1,15,6,11,13,12,8,14,1,22,13,16,13,15,17,21,15,16,20,13,12,1,1,3,14,17,14,14,16,14,12,21,14,14,0,18,0,16,20,19,10,12,16,18,16,8,13,21,11,12,12,1,0,1,4,15,0,11,7,14,17,16,0,18,15,13,23,10,18,19,14,10,0,21,1,15,2,17,17,21,2,18,18,0,15,15,10,2,13,28,17,16,8,1,1,15,13,13,0,19,12,21,14,6,14,14,15,14,12,15,12,0,10,15,5,14,9,15,8,15,13,12,11,10,21,0,9,15,11,15,9,0,0,16,12,1,0,13,2,18,18,13,2,21,15,15,1,1,17,19,12,1,1,13,13,11,21,15,12,0,15,28,15,1,16,12,0,9,10,16,0,14,17,16,0,13,13,17,2,23,13,8,21,1,12,19,15,15,19,0,18,16,15,0,16,13,3,18,13,3,30,17,9,12,14,0,8,17,18,12,11,1,1,13,2,18,2,20,14,12,17,1,1,10,3,18,16,16,9,9,0,2,15,15,9,11,2,13,16,0,1,1,11,14,13,1,1,0,15,1,11,3,0,13,13,10,20,1,14,16,19,16,2,18,16,3,11,23,0,8,1,1,2,16,8,15,15,18,11,12,8,1,16,19,17,16,14,18,14,18,13,15,1,0,18,19,10,16,10,0,16,2,13,19,12,1,9,14,14,2
9,13,19,10,0,13,17,12,1,18,18,18,9,19,0,12,25,1,10,15,14,19,15,1,13,16,9,12,2,14,1,20,10,0,16,1,1,12,14,3,13,1,18,0,13,11,24,11,13,15,18,17,16,19,8,14,17,9,0,11,17,11,3,16,1,12,23,22,12,19,18,12,21,18,19,17,9,13,11,21,11,12,20,0,3,11,10,7,0,1,11,16,26,10,0,14,23,14,16,17,13,17,4,12,13,0,1,16,25,13,10,18,9,18,7,13,0,17,11,22,2,14,3,22,0,10,16,0,17,16,11,1,0,3,0,12,12,14,21,19,15,13,6,14,13,1,13,1,17,2,9,10,17,1,16,11,11,21,16,14,1,0,12,1,0,16,22,19,17,1,16,0,16,19,13,17,3,13,16,15,0,0,20,4,2,13,12,0,24,16,14,9,0,17,19,17,1,14,6,16,9,1,1,0,15,13,1,15,2,19,16,16,17,1,14,19,10,11,12,1,16,17,24,2,12,0,18,25,0,11,17,14,11,8,12,21,12,21,16,1,17,11,21,12,4,20,13,3,12,17,0,0,10,29,18,9,14,16,15,10,20,2,8,19,15,0,1,16,26,10,14,3,15,13,12,3,8,0,19,17,3,11,10,19,12,26,14,15,16,12,13,15,17,19,13,12,3,13,1,15,10,0,8,16,12,16,21,19,18,21,0,26,11,19,8,16,2,17,19,16,13,17,0,11,13,12,16,15,1,17,10,2,16,16,9,13,1,14,19,13,0,2,14,16,16,0,17,18,19,20,15,13,17,18,21,0,1,12,13,12,15,3,12,14,22,0,18,1,1,15,17,0,1,16,0,20,1,16,19,2,17,28,0,14,9,19,1,0,16,8,19,3,25,24,17,0,15,10,0,14,16,10,0,0,0,0,16,17,17,13,14,16,17,18,15,14,17,13,17,15,19,18,18,19,1,19,0,8,19,12,22,10,17,14,14,2,1,19,13,1,1,16,17,23,19,11,12,19,2,10,21,13,12,1,13,13,1,19,16,10,22,14,15,12,16,4,16,11,18,21,0,15,2,24,0,1,17,1,21,12,12,20,10,23,14,22,14,1,17,23,11,14,15,15,14,11,19,3,9,16,3,0,10,2,15,0,1,16,0,17,10,13,15,11,14,1,7,11,2,0,6,1,22,10,13,12,1,13,14,1,22,17,15,21,10,0,11,0,17,1,9,16,15,15,0,11,17,13,15,23,12,0,18,0,13,10,18,13,19,17,15,12,13,0,17,1,1,1,1,18,1,15,0,11,10,10,16,16,0,13,13,0,8,11,16,0,11,10,15,17,16,11,12,14,14,12,8,11,16,15,14,18,4,3,1,17,17,16,8,16,1,1,1,1,20,15,14,18,18,10,14,0,14,12,16,15,16,15,25,12,2,11,12,14,18,10,18,20,15,1,0,19,1,9,14,17,12,15,3,13,19,11,16,3,14,21,14,17,1,9,12,1,14,20,15,22,12,19,15,15,21,14,2,15,14,9,15,16,18,18,11,15,13,19,13,13,14,12,16,16,20,15,20,12,3,13,12,3,2,0,16,10,1,15,10,14,0,10,16,13,17,8,11,1,2,16,10,19,19,0,1,11,15,14,19,17,17,10,14,21,11,4,19,9,12,16,11,14,0,12,18,15,3,17,17,14,8,11,2,0,17,10,10,0,12,10,18,19,15,15,21,16,15,19,12,0,17,14,13,14,14,10,12,7,14,1,14,17,1,1,2,19,19,16,15,1,16,0,17,1,18,10,23,19,1,1,0,2,0,2,14,20,21,1,20,14,13,0,14,2,5,0,0,15,21,16,16,21,16,11,13,22,2,18,20,23,0,7,13,11,13,14,15,15,20,11,0,0,13,16,0,10,1,14,11,23,13,17,7,21,20,2,1,14,16,20,2,11,14,12,0,22,1,15,18,1,13,15,19,13,6,13,2,18,17,15,17,16,19,1,12,0,0,17,11,18,13,2,14,12,13,13,18,11,21,6,0,0,14,10,14,12,17,16,14,18,5,15,17,22,23,1,11,0,18,12,16,0,2,1,10,2,17,15,0,16,24,8,16,15,0,18,13,2,13,19,16,0,18,6,0,13,0,0,17,16,15,14,20,1,16,23,2,1,1,14,0,2,12,22,10,19,16,2,18,13,13,0,12,18,14,18,15,10,15,7,18,18,4,12,14,27,11,15,16,16,0,18,16,13,15,9,18,1,26,2,2,10,14,16
10,13,22,2,8,2,16,14,20,14,10,14,15,0,13,19,16,1,18,24,1,12,1,18,14,12,0,19,13,9,21,10,9,0,17,17,21,17,10,2,18,15,8,15,1,18,19,18,17,9,1,11,18,12,15,23,8,1,1,20,2,17,18,19,1,11,12,13,1,24,18,9,21,12,15,17,8,14,17,11,1,21,18,13,15,22,15,15,2,16,18,26,20,14,12,17,16,2,0,29,18,13,0,1,16,15,12,15,10,2,14,19,16,17,0,11,21,12,11,17,23,8,13,13,11,19,0,13,18,18,14,24,22,16,15,15,3,1,12,22,15,0,0,11,13,13,14,16,17,14,16,13,14,18,2,10,13,13,1,0,9,13,24,16,0,13,22,15,15,14,1,21,18,14,1,13,0,11,7,9,17,15,3,16,17,15,11,14,15,15,12,1,21,23,9,10,2,10,20,17,11,1,15,2,15,12,9,11,2,2,1,13,1,3,10,9,18,13,24,13,15,22,2,15,0,0,0,16,20,14,13,15,19,13,12,14,16,15,0,13,21,15,0,19,15,12,16,11,12,14,14,9,3,19,17,19,10,16,2,16,12,11,15,16,0,3,23,11,15,0,17,14,13,17,16,14,24,3,15,10,19,1,5,9,0,12,14,17,12,18,17,18,14,19,17,20,8,15,15,15,3,13,7,0,22,20,10,1,11,15,14,20,4,18,3,14,18,2,11,1,15,8,1,0,12,26,12,0,2,17,21,11,10,17,15,14,9,0,2,1,10,10,9,14,11,13,2,1,1,15,12,18,18,10,11,18,14,13,11,2,21,4,14,18,13,19,13,0,19,0,15,1,12,0,16,1,9,16,13,1,17,2,15,12,1,13,11,17,16,10,12,0,0,0,13,13,14,0,1,0,0,20,13,1,3,1,15,0,20,1,12,20,2,9,11,1,13,16,16,11,1,13,1,13,2,1,0,19,15,14,11,1,14,17,17,19,19,12,17,15,11,1,10,12,14,3,9,2,0,17,15,2,15,8,19,14,15,1,15,1,12,18,12,19,21,14,11,14,22,14,11,10,0,21,18,1,1,2,16,11,19,13,0,13,0,11,2,20,13,14,13,18,13,1,13,19,17,15,14,20,16,17,1,0,15,15,15,10,15,1,0,12,2,11,0,13,14,16,0,14,15,2,13,18,14,13,14,12,0,12,13,11,9,17,9,16,0,14,18,1,16,1,14,15,16,13,13,1,18,9,13,11,0,12,11,13,9,14,16,15,16,15,11,18,17,16,21,13,0,11,20,0,16,1,18,11,16,16,16,14,9,21,16,21,17,2,13,0,13,16,9,16,14,10,14,0,15,14,15,16,21,15,18,20,20,14,1,17,1,17,14,13,0,0,14,13,15,15,0,16,4,19,0,17,11,1,4,0,0,14,12,21,14,16,13,12,0,15,14,0,0,1,20,10,11,17,16,14,1,17,1,0,18,15,0,12,17,16,13,11,15,2,0,0,14,10,13,2,19,11,16,9,2,14,17,0,0,20,13,3,0,0,15,14,20,0,16,18,0,15,23,14,16,11,17,17,1,25,0,2,14,13,16,14,20,25,19,16,9,15,12,12,1,12,0,16,23,7,15,0,22,21,0,19,2,16,10,11,10,10,17,13,19,1,9,15,0,2,10,15,16,0,19,0,17,2,25,14,3,16,18,0,2,1,13,15,0,12,8,18,16,18,16,11,13,13,18,13,17,15,2,11,17,17,1,2,13,14,12,15,20,14,17,1,20,18,13,12,8,1,2,13,1,1,19,11,1,0,15,0,25,0,14,16,17,12,1,13,24,12,20,19,22,12,17,3,16,13,13,1,0,10,19,18,13,9,14,12,14,16,21,1,2,14,16,1,11,17,19,11,13,17,17,1,15,19,18,15,0,0,11,0,15,16,0,15,16,0,3,12,0,14,12,8,16,12,14,0,0,0,16,1,3,26,19,19,14,17,22,0,24,19,16,0,14,14,11,14,13,0,16,0,20,20,13,9,15,16,18,12,3,16,16,14,0,0,13,19,12,0,16,19,16,19,11,22,12,16,18,18,17,8,16,0,2,1,16,0,16,17,1,21,14,13,20,16,16,12,13,19,16,12,17,15,1,1,22,21,17,12,18,14,21,15,0,24,16,17,14,15,1,10,19,16,0,13,9,9,15,3,15,17,17,10,16,1,13,14,16,0,2,20,17,12,9,17,16,2,17,0,1,11,0,1,16,12,15,12,14,15
18,17,16,23,0,20,18,2,13,24,11,18,0,13,21,20,24,29,1,11,12,19,15,1,19,13,14,15,20,16,15,15,10,11,14,12,17,0,6,0,2,0,16,19,19,17,13,10,18,16,8,1,17,15,12,17,12,1,20,0,17,16,15,14,12,13,18,22,1,0,19,23,12,13,14,1,9,1,1,15,1,11,18,14,14,19,1,16,19,13,10,1,12,20,1,14,17,1,16,0,16,14,17,18,20,15,1,18,15,17,11,13,1,11,10,7,2,0,17,1,21,1,11,17,11,23,0,0,9,0,0,18,15,21,12,18,3,0,18,3,13,11,10,3,15,18,0,13,11,0,15,5,2,21,22,17,17,14,11,17,2,11,20,0,21,19,16,15,0,0,1,14,2,1,19,14,11,22,14,14,14,13,23,12,2,0,10,13,20,9,12,1,16,13,2,20,0,20,19,11,10,12,13,15,0,0,22,10,16,13,17,17,14,18,14,12,23,0,17,1,0,15,12,18,14,4,17,16,15,18,1,0,12,14,12,17,16,12,10,1,15,15,13,18,12,16,10,8,12,7,0,10,17,17,7,15,0,27,6,9,17,11,11,2,16,15,21,14,9,0,11,22,12,14,16,4,11,9,1,16,1,13,10,16,1,10,13,8,3,1,14,0,14,0,15,10,2,16,15,14,16,13,1,17,16,0,15,18,15,16,20,21,5,19,11,19,0,11,17,3,18,14,14,2,1,13,12,12,12,0,12,18,15,2,14,18,1,1,19,1,0,10,15,1,13,28,6,23,20,17,11,11,9,19,1,19,0,0,2,10,1,16,16,15,12,16,21,13,17,21,14,16,8,15,20,0,16,7,19,14,12,26,1,17,1,0,19,12,15,19,15,15,20,18,14,4,13,19,11,11,16,9,15,3,0,22,3,7,1,11,0,16,9,9,14,0,17,20,18,20,2,12,15,15,14,3,1,13,0,14,1,17,17,24,19,1,17,15,18,1,1,17,9,17,19,15,0,15,1,20,15,17,1,19,28,0,14,16,10,0,11,16,15,18,0,13,17,11,1,14,2,18,20,17,14,12,10,16,14,8,0,15,14,10,1,0,1,20,1,10,18,17,15,0,0,0,14,17,1,15,14,12,1,13,19,9,15,15,14,21,19,0,1,15,1,2,13,9,14,19,0,0,14,9,15,14,11,13,14,3,11,17,1,13,3,10,13,14,12,0,18,13,14,15,1,19,15,15,13,22,12,15,11,15,9,10,11,16,13,15,11,14,13,1,1,8,10,14,16,13,18,10,13,15,3,9,11,0,17,17,21,15,17,18,15,14,16,0,17,13,3,13,1,14,13,10,0,12,21,16,14,20,9,14,17,19,16,12,13,15,10,11,16,17,17,0,20,21,11,13,1,15,12,0,12,15,13,13,17,16,11,15,10,18,0,15,20,18,14,11,11,1,18,11,9,0,12,12,13,16,6,21,13,8,8,15,16,16,13,12,13,23,17,14,1,16,18,0,15,24,0,14,9,2,2,16,17,1,15,13,8,8,8,14,15,18,19,22,23,22,1,17,4,12,23,13,2,18,15,18,1,16,0,10,18,10,1,16,0,10,7,13,22,18,0,17,1,14,2,12,1,20,17,16,1,13,6,2,20,0,12,17,14,16,17,16,19,1,15,3,15,12,0,11,14,0,13,14,14,12,1,24,1,15,13,17,7,14,13,21,0,0,3,1,18,22,9,18,0,14,14,21,19,1,2,16,12,11,3,13,14,15,10,2,19,13,12,17,1,7,16,10,14,1,18,3,19,0,13,14,12,1,2,11,16,10,12,17,20,14,17,10,14,1,13,14,16,15,18,20,13,14,1,14,12,18,19,16,0,1,1,14,12,12,1,15,6,15,16,11,2,19,1,5,13,10,14,1,10,20,15,15,2,18,6,0,18,1,21,11,13,9,1,22,18,9,12,11,3,17,9,15,20,1,15,9,15,0,11,16,23,16,12,11,0,17,17,14,0,2,15,10,2,13,15,15,15,0,15,17,1,14,0,1,19,15,13,1,9,6,22,0,1,17,22,9,12,15,8,18,2,15,11,2,15,19,14,9,1,16,15,14,1,1,3,1,1,14,13,9,0,16,14,11,14,0,17,22,0,0,0,8,21,3,1,17,15,0,22,20,16,0,15,20,15,19,10,14,2,10,11,2,18,14,8,17,2,18,1,8,11,20,15,10,17,14,2,13,1,14,15,13,12,16,17,15,10,1,14,16
0,11,11,22,11,12,18,6,16,3,19,12,1,18,19,9,16,18,18,13,13,12,13,1,14,12,1,18,16,15,12,14,12,13,14,18,2,13,20,12,15,14,11,17,1,18,10,18,20,16,10,16,11,16,19,27,16,19,6,24,13,10,18,16,1,11,1,11,18,11,2,17,0,21,0,14,13,0,22,14,1,14,11,23,15,14,1,13,14,15,12,18,20,9,10,0,10,21,2,12,12,23,20,14,18,14,16,12,1,0,21,13,0,13,18,13,0,16,22,2,1,1,0,10,23,3,0,17,13,12,11,21,17,12,21,10,9,2,19,17,9,18,7,0,17,20,17,17,17,15,20,10,0,9,15,0,12,14,17,10,15,8,12,19,16,13,9,11,15,14,1,17,16,18,0,17,1,20,1,11,21,20,16,22,10,7,25,14,13,1,2,13,15,11,12,18,0,20,1,8,17,15,16,16,15,19,17,14,11,10,3,0,1,2,1,13,15,13,15,1,17,10,20,10,10,13,2,18,14,1,14,14,15,16,17,18,12,14,23,13,16,0,0,1,20,8,17,9,19,1,18,20,0,9,9,20,14,2,13,23,15,21,15,1,0,12,17,10,10,10,14,0,0,14,0,13,18,2,19,12,16,7,15,16,24,13,19,20,0,11,19,1,12,0,14,1,3,23,12,12,16,3,16,0,11,20,18,10,7,10,0,14,3,14,12,1,16,14,11,13,14,18,22,12,16,1,17,1,16,0,13,1,0,1,24,15,17,20,10,16,12,19,16,10,17,17,1,16,15,0,19,17,19,14,9,17,15,12,15,15,11,20,18,1,0,12,9,18,13,18,15,14,21,13,16,13,19,2,12,14,14,13,15,1,21,14,16,11,0,1,13,10,19,20,10,14,14,16,15,14,14,12,15,1,13,11,17,0,17,0,9,16,1,0,15,17,13,17,16,15,16,19,11,23,12,13,10,0,14,17,2,1,0,15,14,20,1,12,14,12,9,13,1,14,30,19,21,12,2,14,20,0,2,13,21,21,0,12,17,14,11,2,18,12,9,13,16,17,16,0,0,18,21,1,0,12,16,18,17,0,15,0,1,1,3,14,1,11,18,17,10,11,0,14,14,8,10,11,15,16,14,13,14,20,19,0,18,17,16,18,18,12,15,1,23,8,2,16,23,0,14,9,24,12,0,0,12,0,20,15,16,1,0,16,0,15,13,21,22,9,14,1,13,12,13,17,17,21,2,21,14,12,17,16,13,12,19,1,1,15,18,19,20,13,16,12,16,12,18,16,14,9,12,16,12,16,11,13,11,2,2,13,1,1,10,15,26,1,12,13,13,9,2,17,11,17,14,16,13,9,12,13,18,9,11,13,10,12,12,19,18,1,0,2,17,0,14,15,16,1,17,20,18,18,9,25,13,10,16,17,21,18,12,20,0,17,14,12,13,20,0,19,10,13,24,14,18,13,18,16,19,20,2,19,20,20,7,6,2,22,8,1,13,0,12,11,2,18,12,16,16,0,14,14,9,20,16,2,13,17,14,2,11,21,1,21,12,21,19,18,1,17,16,1,8,15,0,16,19,19,16,0,3,12,13,1,11,0,13,10,15,10,21,18,14,1,1,23,0,0,10,0,1,12,17,1,20,12,15,0,0,14,13,15,11,12,17,9,16,13,13,8,22,12,17,0,20,14,14,0,18,25,20,22,18,13,12,9,2,13,14,16,2,12,0,21,15,0,13,24,17,0,0,16,15,11,11,16,18,1,15,17,16,0,20,18,1,1,12,8,13,18,13,8,14,17,14,12,22,8,22,17,1,13,0,14,2,20,14,19,26,13,10,12,23,0,17,1,18,13,19,22,19,17,11,12,19,13,11,0,1,1,11,3,14,22,12,17,1,12,14,16,15,0,2,10,0,22,12,1,15,12,16,22,14,24,16,10,0,16,2,11,18,3,11,2,10,18,17,14,9,26,13,1,11,19,0,1,24,13,13,12,16,18,11,15,16,12,1,11,15,13,0,20,21,16,0,19,0,19,18,10,20,20,20,14,13,14,1,13,0,13,14,4,18,17,20,2,1,12,16,13,21,17,17,10,14,1,0,17,17,0,16,16,18,13,2,1,13,17,16,1,14,14,13,12,11,0,2,16,9,13,19,12,17,12,15,18,12,1,1,10,0,0,10,19,12,17,2,8,0,13,15,2,1,2,0,0,15,21,0,2,0,1,14,9,24,14,0,2,18,9,2,23,14,3,15,20,16,0
14,10,13,14,12,15,0,13,1,10,11,1,14,9,14,16,17,1,16,16,16,15,14,21,14,0,1,13,0,19,0,16,2,10,1,11,1,1,20,1,1,11,1,12,7,1,12,13,16,15,18,2,17,0,15,14,1,2,2,13,20,1,1,0,15,14,16,1,23,23,24,28,1,11,18,13,13,10,12,0,5,11,12,21,12,14,15,1,17,3,19,14,15,14,18,1,12,8,16,13,18,1,13,14,14,2,11,2,7,12,12,20,1,1,14,13,17,14,1,11,1,0,2,17,18,0,18,3,12,14,0,15,1,15,0,19,19,12,20,2,16,1,12,18,0,20,14,17,16,1,7,17,6,19,8,0,1,17,8,17,10,0,21,17,6,13,0,18,16,19,13,21,18,1,15,15,14,13,21,22,18,21,13,18,0,13,16,10,16,20,9,14,18,12,14,11,10,18,21,2,19,19,10,5,16,19,11,1,14,0,1,21,17,13,17,14,15,13,9,2,11,1,9,8,16,0,26,13,21,0,1,11,0,16,13,19,16,10,17,0,2,16,11,0,13,13,10,12,14,1,14,16,18,19,1,12,23,3,12,13,1,2,19,17,12,0,1,14,14,13,0,0,16,13,21,11,13,20,13,20,16,16,19,19,2,14,9,15,14,0,14,16,17,3,18,1,23,0,0,20,18,18,18,6,6,19,18,2,0,11,1,9,1,0,16,15,16,18,14,18,0,11,21,25,0,0,1,1,19,20,13,16,13,0,14,16,14,14,11,1,16,0,18,1,2,17,9,1,12,13,20,14,1,0,19,0,12,7,15,11,9,4,0,17,11,2,23,11,10,19,21,18,14,17,0,1,10,14,0,14,9,14,15,15,18,12,2,14,17,10,2,15,1,12,1,0,17,3,16,15,9,11,14,21,0,20,2,13,21,20,12,16,16,14,16,9,2,12,18,13,12,12,2,16,15,11,16,12,1,18,20,1,0,12,0,0,16,21,1,15,9,2,11,16,1,13,12,14,16,0,0,1,20,14,14,15,1,18,12,20,17,3,14,17,0,18,22,7,1,21,25,14,0,14,12,0,15,11,19,17,15,22,1,18,20,12,14,17,17,16,14,7,13,15,18,10,16,14,10,3,16,14,12,0,10,20,14,20,17,13,9,17,12,18,19,9,21,17,15,2,2,15,16,19,12,21,13,17,16,19,15,18,0,2,11,17,14,18,18,8,7,17,11,0,18,16,19,17,12,19,17,18,15,1,17,28,16,19,10,20,0,17,12,0,10,17,18,20,20,13,14,12,22,21,1,0,14,16,9,13,0,19,10,17,0,14,29,13,17,18,1,1,13,10,11,14,0,1,13,14,16,21,14,15,12,0,8,19,15,19,9,13,22,3,17,10,15,12,17,3,12,18,16,1,16,11,1,1,13,13,17,20,16,17,16,16,17,15,22,16,9,20,2,18,1,18,0,18,17,15,15,16,9,15,12,17,15,21,14,26,11,17,18,3,17,14,11,18,12,1,20,12,15,21,13,0,15,26,16,14,13,17,0,11,16,9,2,13,17,12,17,20,17,20,18,13,11,12,1,13,11,11,13,16,1,13,0,13,21,9,3,17,15,1,16,11,16,15,23,12,18,15,13,28,2,13,0,9,2,19,11,1,17,15,2,14,8,14,8,12,15,12,22,0,16,18,11,12,2,17,15,19,11,1,16,2,15,17,19,1,0,1,13,0,19,18,9,15,15,18,11,18,19,14,23,13,17,18,1,1,16,17,13,13,12,2,11,15,12,17,14,20,0,15,22,10,2,17,11,14,18,10,0,19,12,3,0,2,13,12,21,14,10,21,12,18,12,0,13,2,15,2,0,28,24,21,10,0,10,0,11,19,13,11,11,0,21,13,26,18,16,17,12,22,15,19,16,16,18,14,10,17,12,17,9,18,22,20,9,14,19,10,11,1,11,22,22,17,14,20,1,12,20,1,16,16,17,15,0,1,4,9,15,0,2,22,20,20,1,19,16,15,0,14,14,22,15,20,1,12,12,17,1,8,16,22,12,23,14,20,13,1,11,17,12,11,2,0,14,16,21,10,1,9,16,17,19,0,21,17,17,13,1,16,16,17,15,13,2,17,13,21,20,13,16,14,11,14,17,20,1,0,1,10,15,3,15,14,1,9,15,15,0,2,11,0,0,16,1,5,14,13,0,2,13,13,1,0,19,19,2,15,15,17,13,14,22,14,13,14,15,18,19,2,14,16,20,22,1,15
12,20,1,0,0,2,14,11,1,14,2,13,2,10,17,18,12,24,16,13,10,13,26,14,13,22,2,15,3,1,1,0,12,12,13,10,16,1,17,1,20,14,12,11,14,0,1,15,21,13,1,13,15,12,3,21,1,14,10,15,18,15,17,10,10,16,16,2,18,2,16,15,15,15,21,1,0,1,18,12,11,2,13,17,10,18,0,12,12,11,16,10,12,15,8,12,11,16,16,12,0,16,19,16,19,19,14,18,17,9,9,11,16,13,2,1,0,1,16,20,16,16,0,17,17,22,12,13,20,0,13,7,10,13,6,14,19,19,0,19,10,19,10,19,15,13,0,15,14,1,17,16,15,16,16,10,14,13,1,0,16,10,12,17,0,22,2,13,17,15,21,21,18,13,1,18,4,15,14,1,16,23,13,18,0,20,20,1,15,20,19,16,12,0,1,20,28,11,24,16,14,2,8,17,10,14,1,10,13,20,2,11,14,1,23,7,9,1,13,17,12,17,18,18,9,16,12,13,0,12,10,10,13,18,0,19,1,14,13,1,9,14,19,14,0,15,14,12,11,10,8,13,14,18,1,14,19,15,0,10,11,13,11,11,17,18,8,0,17,14,11,12,2,10,11,11,13,14,1,17,0,18,5,0,15,17,12,0,13,13,13,9,14,13,17,2,0,1,3,0,11,14,16,10,12,18,18,22,1,13,1,9,14,9,11,16,14,24,16,0,16,21,1,14,12,14,8,17,3,16,19,13,15,21,2,8,2,17,1,1,18,17,22,14,0,1,15,10,12,0,7,13,11,23,21,0,14,0,18,2,12,19,24,1,12,0,10,13,14,11,18,0,1,16,18,16,13,2,13,11,17,11,21,1,3,11,18,16,14,3,13,11,11,15,22,9,8,14,3,19,16,1,2,0,15,9,16,15,19,1,1,1,12,13,18,16,13,13,1,16,13,1,11,0,15,0,4,16,1,12,10,18,8,12,18,0,14,18,13,12,3,0,12,2,16,12,14,13,1,1,11,18,13,17,19,17,0,16,3,0,10,1,0,0,10,1,11,19,19,16,16,1,10,18,1,20,15,1,15,14,15,12,13,2,15,15,1,16,19,1,16,0,19,0,15,2,17,17,1,2,23,22,14,1,19,10,12,12,23,0,1,20,21,0,19,16,10,13,13,12,3,2,0,1,2,17,0,14,16,15,15,15,11,20,17,13,19,22,8,7,15,20,13,12,22,15,12,8,18,4,9,15,13,18,18,18,21,13,0,14,13,14,16,16,12,0,1,19,18,24,15,16,17,19,10,22,2,19,13,0,13,2,0,2,13,15,13,13,13,16,18,13,15,17,12,12,13,17,9,15,12,0,0,17,14,17,15,16,15,3,19,1,12,19,16,0,18,16,11,20,17,13,12,17,4,21,15,23,15,1,12,7,9,0,4,25,11,18,14,18,15,19,15,0,2,13,13,21,14,1,0,11,8,8,19,1,17,18,17,15,16,13,18,12,0,2,16,17,0,15,21,0,18,0,10,10,1,0,13,14,24,17,2,9,12,16,12,18,0,0,15,14,16,6,17,20,15,1,15,17,18,16,19,0,20,10,0,12,15,28,0,3,15,9,1,16,18,11,15,20,10,1,20,15,1,0,1,14,1,17,11,13,12,18,15,13,15,9,11,4,0,1,13,18,16,17,14,0,14,12,2,16,1,28,15,0,15,21,15,0,22,11,18,13,17,16,18,15,16,20,0,14,27,2,7,18,17,0,13,0,2,16,17,17,17,14,2,13,14,14,14,22,1,1,14,16,0,16,25,15,12,15,1,20,24,19,17,11,0,7,8,0,12,12,17,15,2,3,2,17,17,18,20,14,2,0,16,24,16,13,13,0,10,12,10,0,9,17,17,17,0,18,22,15,11,15,0,16,17,1,1,17,1,0,14,20,19,15,13,16,16,17,2,1,16,2,1,1,20,13,8,14,16,18,15,10,0,18,1,16,17,15,14,13,17,15,14,1,16,21,11,16,15,1,14,9,18,16,11,14,1,0,14,13,23,11,19,1,15,12,15,16,9,16,16,16,15,0,14,18,14,1,11,13,14,2,3,15,0,19,1,18,19,15,0,12,12,13,18,21,0,15,19,13,1,4,13,13,16,10,12,21,19,25,15,17,1,20,2,9,11,19,16,18,10,13,10,2,10,15,18,2,12,15,0,1,10,19,13,21,2,12,18,16,12,14,1,2,1,19,1,9,12,18,12,18,19,15,12,19
0,1,25,28,10,1,13,0,23,19,24,16,7,12,21,4,16,17,1,20,12,2,21,15,22,1,19,7,14,14,12,19,12,10,15,1,17,0,0,16,13,0,12,0,19,14,20,0,1,11,11,12,10,20,21,10,2,1,20,15,1,10,13,17,14,16,14,26,10,0,1,17,19,15,23,16,0,15,14,18,13,0,12,28,13,26,18,12,11,14,13,11,12,12,16,12,15,11,1,13,1,23,20,14,18,15,0,17,9,15,12,16,0,17,19,0,26,1,12,18,15,18,15,0,0,14,0,27,13,20,2,13,13,14,15,10,9,2,19,18,3,12,17,23,1,1,1,19,13,12,15,0,8,2,14,16,8,16,0,13,1,12,13,13,16,19,13,15,21,18,0,13,15,20,0,12,2,24,10,3,21,2,12,25,12,17,18,15,13,16,16,19,17,21,0,10,2,15,14,0,15,12,15,13,16,13,2,16,16,14,14,21,12,11,13,21,19,11,12,2,9,18,11,16,3,13,14,12,17,1,9,15,14,3,18,15,18,13,14,13,16,13,17,0,18,19,3,2,19,26,16,12,0,2,10,2,17,0,13,16,0,9,9,15,21,16,10,2,14,17,17,16,1,0,10,0,13,15,0,21,2,19,15,19,17,0,21,0,19,17,0,11,23,7,17,14,18,9,0,1,13,15,18,15,23,13,21,2,19,18,2,10,26,0,10,15,15,1,15,16,13,1,1,11,12,9,1,3,9,0,13,0,15,23,0,14,12,11,24,4,12,19,16,9,19,11,14,15,12,16,1,13,16,15,15,1,12,10,10,12,12,13,15,21,13,17,10,15,17,17,9,13,22,12,0,19,20,16,11,11,12,2,12,21,12,15,15,14,16,0,12,0,0,24,11,19,11,0,16,11,14,18,24,0,15,15,19,4,3,17,18,17,1,3,16,9,16,18,1,11,12,6,15,1,18,14,2,18,1,11,1,15,0,15,13,9,17,9,12,19,22,12,17,13,15,17,10,1,14,0,19,1,16,5,21,6,1,15,3,9,15,10,2,9,12,0,10,19,18,17,0,12,10,13,22,13,0,2,0,0,15,16,19,16,14,13,8,14,1,1,15,11,1,1,16,11,1,12,14,20,10,9,18,11,15,21,22,1,17,12,10,12,19,11,19,8,1,1,0,13,10,1,14,12,12,16,17,16,11,1,0,18,0,13,13,15,17,3,14,13,13,16,0,8,13,30,8,19,16,13,18,10,1,20,9,0,12,1,17,0,0,19,15,1,13,20,12,17,18,8,2,17,13,12,3,12,17,2,15,12,17,10,16,9,14,0,11,2,12,13,19,16,2,16,18,0,14,15,21,15,11,19,11,11,13,16,18,18,23,18,22,16,10,13,19,0,8,0,1,0,16,16,15,16,0,17,5,16,9,12,10,16,24,13,14,16,15,15,15,0,18,12,1,0,11,1,11,18,1,16,18,3,11,14,21,15,3,16,0,2,18,18,16,14,7,17,11,20,13,14,1,22,15,12,1,18,13,2,15,0,13,2,16,19,23,10,18,20,8,16,17,12,13,8,12,17,13,0,1,17,0,15,16,10,1,0,7,15,0,16,0,17,0,17,18,20,12,12,17,13,15,18,19,13,12,20,12,13,3,0,22,20,19,15,10,18,13,17,18,16,15,16,19,11,16,17,13,16,13,17,20,16,13,11,15,10,8,10,1,11,12,14,11,16,15,2,1,10,13,16,19,12,13,13,12,0,21,11,2,12,2,11,13,20,9,1,15,0,19,21,14,8,15,15,1,11,20,10,13,22,11,19,11,13,18,12,15,1,13,11,18,16,14,10,13,22,0,14,18,19,20,15,12,15,0,1,23,14,10,21,17,4,21,22,19,12,1,0,15,2,11,2,3,18,19,11,16,11,13,2,10,2,2,0,14,10,2,13,15,18,8,0,1,1,13,17,12,13,0,17,17,11,0,10,0,13,2,17,14,17,2,13,12,1,11,14,18,16,15,11,18,11,15,15,12,7,15,20,15,16,14,14,12,18,12,1,14,9,2,10,16,14,0,19,12,1,21,0,16,12,0,16,1,1,15,19,2,3,10,18,16,20,1,11,10,11,12,0,24,8,17,14,13,0,20,14,17,14,10,27,12,20,0,12,2,16,19,9,12,0,1,19,20,20,16,1,11,0,18,19,21,15,15,17,13,1,12,2,15,1,1,21,11,20,18,11,17,16,16,17,1,13,1,18,1,15,0,18,14,15
0,16,11,17,12,22,20,21,10,1,19,17,16,17,20,19,14,2,1,12,11,12,16,23,1,10,14,13,10,12,12,14,1,17,13,1,16,1,15,20,2,5,17,17,14,23,2,1,1,8,15,0,1,4,14,2,21,1,6,0,15,10,13,16,0,9,0,12,9,12,14,8,17,20,1,15,22,14,10,21,11,9,17,17,16,18,14,16,15,15,15,14,11,0,2,1,1,16,21,18,15,13,14,20,19,15,13,15,10,21,1,15,19,8,16,16,19,0,0,21,14,15,13,22,0,2,0,12,16,15,3,14,12,20,15,11,20,16,13,14,3,0,0,16,0,0,14,2,2,10,17,16,11,18,3,22,0,16,1,15,16,13,14,0,2,18,22,17,0,14,9,0,15,14,15,12,1,7,2,0,16,17,12,21,12,1,4,10,0,0,14,13,20,19,0,17,18,17,16,1,15,19,15,18,21,15,0,16,11,14,15,16,9,18,1,16,13,27,13,17,11,23,18,18,18,16,18,0,14,18,11,16,24,14,14,9,3,10,24,11,5,9,18,3,2,14,0,17,12,18,15,1,10,14,0,15,1,13,1,0,13,16,0,19,1,0,0,22,12,15,15,13,18,17,0,19,12,16,14,18,13,0,19,15,16,16,1,15,20,15,14,18,14,13,13,19,5,17,1,7,16,15,13,10,16,16,2,17,1,19,0,16,8,22,3,17,18,17,14,16,13,0,0,25,20,17,9,2,11,10,0,12,9,10,12,14,17,16,13,16,0,14,13,18,1,14,10,16,9,1,11,0,0,10,19,16,11,20,20,17,19,15,0,7,0,12,0,12,17,11,0,0,12,0,2,14,15,2,18,15,0,18,22,17,15,18,0,21,12,11,16,0,20,13,16,2,15,11,19,1,10,16,17,15,0,1,2,1,15,14,15,17,9,11,11,3,18,11,0,13,19,15,2,0,15,11,15,11,14,13,14,2,19,13,11,10,17,24,15,2,20,15,12,16,9,14,14,1,14,11,9,2,20,16,1,10,17,14,18,22,0,17,1,2,16,2,16,1,10,16,13,12,15,15,11,14,1,15,14,28,2,14,11,11,0,24,15,16,8,4,19,15,1,15,14,16,11,10,18,4,0,2,3,2,18,16,1,19,0,16,11,16,3,0,5,2,16,17,10,18,17,12,16,13,0,8,14,17,16,14,18,19,19,14,12,0,15,24,15,11,19,14,14,23,13,16,20,10,15,9,0,20,1,15,15,24,20,10,17,12,2,10,1,20,14,20,6,14,11,1,11,13,18,11,1,10,16,1,2,9,11,1,16,11,16,14,8,12,18,15,0,0,10,1,0,18,20,10,11,1,20,12,11,1,2,14,19,3,15,10,15,14,9,9,13,19,12,1,22,20,15,12,9,15,18,10,12,15,21,15,9,25,9,7,19,14,18,19,10,8,1,21,14,0,21,20,13,2,1,18,2,21,17,9,16,13,10,1,15,0,13,13,11,14,16,17,0,16,9,9,0,12,2,8,24,15,12,2,13,1,14,20,16,11,1,19,16,16,13,19,3,0,14,1,13,17,13,16,10,12,14,17,13,0,12,1,2,19,14,13,1,2,19,1,0,18,3,22,9,1,12,23,7,16,15,13,15,12,17,14,9,10,3,17,14,16,2,1,15,16,0,17,13,1,12,0,24,10,12,1,0,19,3,13,13,1,2,12,0,0,12,11,1,13,15,11,15,15,15,15,12,15,14,12,13,16,1,12,15,15,19,14,17,21,0,16,1,15,0,0,11,0,14,16,1,15,1,19,19,16,14,11,17,14,14,14,11,15,18,15,0,17,13,18,15,2,17,14,17,13,13,14,15,0,15,18,16,19,0,0,2,10,16,11,16,16,13,16,11,0,15,1,11,7,1,12,16,10,1,11,17,15,16,11,1,19,8,2,0,13,16,14,16,14,12,0,1,11,4,18,16,12,0,16,15,13,14,14,0,10,17,20,10,18,12,12,16,19,11,19,11,15,14,17,0,16,23,4,13,14,12,20,12,12,8,16,1,7,11,12,0,2,11,15,14,18,17,2,2,0,16,17,12,12,1,1,16,20,0,19,10,19,12,13,15,2,1,16,17,1,15,18,16,16,19,15,10,15,15,0,15,0,12,17,19,15,14,16,9,23,19,7,11,0,16,13,17,17,18,15,20,8,0,19,14,17,9,14,17,16,27,11,16,15,3,0,19,4,14,18,12,22,14,14,2,18,0,2,11,13
14,19,20,19,24,20,19,11,9,0,0,18,11,11,1,0,18,1,8,0,15,14,17,12,19,15,21,11,17,0,12,11,17,1,0,3,16,13,16,11,2,1,14,2,1,3,14,22,15,7,18,21,2,11,17,1,2,0,15,20,3,16,13,10,12,9,12,11,7,1,2,17,0,15,12,0,22,2,8,1,16,2,13,18,25,17,2,14,0,13,0,13,14,13,0,1,1,1,16,12,10,19,18,15,16,3,22,0,1,19,23,0,5,17,17,12,14,14,1,12,1,0,13,17,13,15,1,20,11,13,0,8,0,19,0,17,13,3,17,20,14,1,10,12,9,0,16,0,16,0,13,17,1,19,1,14,11,22,1,20,13,21,11,15,19,0,2,13,18,11,0,0,17,15,8,15,1,0,17,19,14,1,23,0,10,0,17,8,13,1,11,16,1,2,14,1,0,1,11,18,9,17,8,13,17,7,0,8,18,0,7,1,12,18,8,12,7,1,15,15,10,12,13,18,19,15,8,12,20,2,13,10,1,11,16,14,15,9,1,10,19,12,13,23,9,2,14,23,18,11,23,21,17,0,19,14,8,15,15,15,13,16,8,22,21,18,19,9,21,22,8,11,12,1,0,15,13,6,12,14,15,17,3,12,14,3,21,14,11,15,14,1,16,22,13,1,13,15,13,1,15,13,16,18,18,14,5,16,13,16,10,14,2,2,20,20,23,1,0,1,15,13,1,2,3,0,2,0,21,11,13,0,0,1,7,25,2,1,16,15,11,2,0,17,10,14,18,17,0,17,12,9,0,0,4,18,1,8,12,1,18,12,10,19,16,12,11,15,18,10,10,12,12,12,0,19,2,15,12,20,19,16,15,4,11,0,20,12,0,10,13,6,1,14,21,16,16,18,18,0,0,21,16,13,1,11,2,25,14,12,0,14,11,10,16,14,11,14,0,12,0,15,20,6,20,0,19,14,8,19,12,14,11,0,16,20,0,13,20,6,2,0,16,15,14,0,1,10,8,18,10,8,0,22,13,8,11,11,22,11,9,17,12,15,0,9,20,13,18,19,17,14,17,19,14,21,9,0,15,0,14,14,15,20,12,15,0,0,1,16,12,0,14,24,15,13,17,14,1,2,14,0,0,1,18,22,20,0,18,0,14,14,15,16,2,17,19,9,14,12,0,11,18,10,18,18,16,1,0,0,1,15,14,17,0,16,14,9,14,12,17,16,16,4,17,11,9,1,15,0,14,0,12,17,0,18,14,20,0,22,16,20,16,15,15,12,1,16,15,2,0,10,11,16,14,1,2,21,16,1,3,10,19,0,1,24,18,13,14,17,15,12,17,11,14,18,15,21,14,14,0,17,0,1,1,0,10,26,1,0,15,15,2,13,1,1,15,3,17,1,6,10,18,0,11,19,21,14,16,17,12,1,0,12,0,12,12,5,0,11,16,13,13,12,2,16,22,9,12,14,14,10,7,21,16,14,10,1,15,17,10,14,16,2,12,21,12,22,20,18,9,2,13,18,13,13,13,14,7,21,11,0,22,20,16,4,8,1,2,15,15,16,19,19,0,14,16,19,12,17,11,12,15,10,13,11,16,0,11,15,14,15,11,3,13,11,20,15,12,15,16,14,3,1,21,8,15,0,26,0,13,15,19,19,13,11,17,25,10,12,11,16,1,2,2,1,23,9,19,10,13,8,15,0,18,18,13,3,3,12,1,12,10,11,1,0,11,14,1,2,1,13,1,3,1,15,0,0,15,14,14,1,16,11,13,11,21,1,20,18,1,17,12,14,13,24,10,0,17,0,17,18,12,14,11,1,23,0,17,17,0,10,23,15,0,12,13,17,15,0,19,13,20,14,0,11,2,16,16,17,15,17,16,18,6,7,0,10,18,22,17,1,14,11,16,16,1,9,20,16,17,14,12,0,16,15,15,12,15,13,21,8,18,16,17,18,1,2,17,12,18,19,15,1,3,17,10,14,11,1,1,16,1,16,19,2,12,0,14,21,2,16,15,11,1,2,15,14,13,13,14,18,1,8,0,20,10,0,0,0,10,13,1,12,9,16,0,19,17,14,10,16,0,0,1,9,19,20,13,20,12,2,9,1,21,15,15,0,18,1,14,22,12,14,0,12,1,9,0,15,2,20,19,16,24,10,1,10,12,2,10,22,8,20,20,13,13,22,1,16,20,23,2,12,9,0,10,17,15,16,9,14,12,3,3,17,20,14,16,21,18,19,21,15,11,13,3,23,19,0
15,12,11,2,24,13,19,19,23,19,11,2,17,15,10,11,1,0,8,13,14,0,0,18,1,17,17,16,19,12,15,11,20,1,14,18,15,2,10,9,0,12,12,18,1,15,20,17,15,10,20,18,1,19,2,1,1,18,0,16,11,10,17,15,13,17,14,12,0,9,15,17,11,0,19,20,2,17,12,19,20,8,0,1,15,12,4,15,0,2,17,9,21,14,0,1,13,13,16,14,23,2,0,12,13,11,1,12,18,1,8,1,22,15,0,8,7,18,15,14,16,1,19,10,1,11,15,18,11,0,1,16,9,0,2,11,19,12,2,13,15,13,12,19,14,14,13,1,10,23,12,15,0,10,16,2,1,0,17,11,16,13,14,14,13,13,13,0,15,19,11,7,13,0,19,13,14,9,12,13,14,16,17,1,18,17,18,1,16,1,0,14,9,3,2,17,17,10,19,1,22,19,16,18,1,15,21,20,12,17,1,9,12,12,11,17,0,21,16,19,12,14,16,11,0,1,15,11,2,17,2,17,9,15,16,0,15,0,16,18,13,15,12,17,0,1,0,14,0,14,1,14,1,17,18,2,23,0,0,1,17,18,16,16,18,17,18,15,16,2,16,16,14,16,12,19,22,23,17,11,8,13,22,14,20,1,0,20,23,16,15,17,1,15,23,12,0,11,18,15,7,9,1,15,0,0,9,17,21,1,17,23,3,18,13,14,16,0,0,6,10,0,16,2,1,4,17,12,14,7,0,14,0,14,16,15,16,2,0,8,0,12,1,21,11,14,14,14,18,14,19,0,0,0,14,9,0,1,13,17,0,13,16,1,3,21,13,14,16,4,17,20,16,12,14,16,8,15,12,7,23,10,22,17,9,2,0,2,0,15,19,16,10,9,23,17,15,10,11,14,17,17,8,18,2,13,21,12,13,19,18,13,12,12,24,17,10,19,11,17,1,1,1,14,10,1,8,11,20,21,18,13,14,17,9,7,7,13,0,21,2,0,15,16,1,3,1,18,11,11,14,17,13,17,18,14,1,19,12,18,2,22,20,0,17,10,1,15,14,13,1,13,1,15,0,16,1,0,17,0,13,13,14,1,15,11,13,17,18,18,11,15,0,1,15,16,2,15,11,0,0,14,20,13,8,15,1,1,15,17,11,14,16,20,13,15,14,9,18,14,16,13,11,11,16,13,19,9,1,0,3,17,4,2,17,13,3,15,18,9,12,23,19,18,17,4,15,16,11,0,0,12,16,16,15,21,0,15,2,14,11,0,17,8,21,0,13,12,13,1,16,12,15,1,0,1,24,0,23,13,16,0,15,16,17,0,18,13,15,14,1,2,20,20,11,13,10,0,14,17,7,16,20,14,4,0,19,16,15,0,20,2,18,13,1,0,16,16,11,15,15,13,15,20,19,5,1,14,15,22,15,15,19,11,12,15,18,17,11,12,13,24,0,18,17,19,0,25,20,19,15,11,15,2,17,14,13,13,17,21,13,1,11,17,10,1,12,0,16,15,7,14,18,16,10,13,0,20,0,14,12,13,12,13,15,8,2,16,2,18,15,15,21,13,14,10,1,12,1,17,22,16,19,14,1,20,16,14,15,6,15,16,20,15,17,15,20,16,15,14,17,14,1,1,16,16,0,10,15,12,12,17,16,0,16,19,21,11,12,9,13,13,13,15,12,1,0,12,18,10,1,12,18,14,23,0,19,16,1,13,28,12,12,11,19,19,10,0,19,1,14,12,22,17,19,12,12,9,10,16,17,18,16,13,0,12,13,20,9,11,1,9,14,2,7,14,17,13,20,9,20,17,3,15,0,14,14,1,16,14,1,14,1,19,11,11,15,13,3,16,28,19,17,19,19,16,17,25,13,14,12,0,12,10,2,17,10,0,18,1,10,1,13,9,11,2,14,2,13,23,15,23,12,1,14,12,4,10,19,2,2,24,17,16,21,1,15,9,1,14,16,14,2,10,15,19,23,1,10,15,0,21,20,18,0,17,1,13,2,2,14,11,14,14,11,15,20,2,16,0,15,0,1,12,1,12,13,14,13,21,21,3,13,14,17,15,0,11,9,13,14,15,20,20,19,11,0,1,0,6,12,10,14,13,23,1,2,12,20,4,19,1,13,9,15,10,0,1,0,18,17,13,20,6,6,22,19,11,0,8,2,7,13,21,2,17,1,2,14,20,12,19,21,15,1,14,15,24,7,2,19,21,14,2,0,17,15,1,11,11,8,17,14,11,10,0,0,19,2,4
16,20,18,19,18,9,10,18,0,0,13,13,16,12,14,14,22,18,24,21,10,20,16,23,12,17,0,14,1,13,11,16,22,16,16,15,12,0,10,15,9,0,1,10,14,8,13,17,0,19,24,20,2,17,1,1,18,15,15,16,17,9,2,10,14,8,2,0,18,12,13,9,15,9,2,11,11,18,0,2,1,14,0,15,11,18,15,13,10,15,17,0,0,15,13,18,18,16,14,1,8,17,21,15,2,1,17,1,15,1,0,21,1,6,16,2,9,1,2,15,18,1,3,20,14,22,0,1,9,10,17,0,8,3,2,14,4,14,19,9,12,0,1,13,17,20,0,17,11,10,11,16,1,18,0,11,2,0,0,17,22,14,13,14,17,14,16,15,1,14,9,16,19,16,0,0,24,16,0,17,0,11,23,13,1,11,26,14,1,10,16,20,14,15,16,17,18,9,1,18,15,23,10,12,19,13,20,20,10,17,23,2,20,13,9,10,2,14,15,10,0,18,9,2,0,13,1,8,16,0,12,2,17,21,11,0,10,11,13,14,1,21,16,22,0,11,14,0,19,17,6,13,8,0,26,16,19,17,17,7,18,10,16,0,14,23,8,0,17,24,16,16,14,12,15,19,19,10,0,5,14,2,19,19,12,19,14,13,9,12,1,20,14,16,14,20,13,0,1,11,20,16,28,12,16,16,13,11,18,18,1,18,1,16,3,15,0,18,15,19,1,1,18,0,1,15,21,11,1,0,14,19,14,11,2,1,17,21,16,19,14,11,19,11,1,22,14,18,10,19,14,14,15,16,2,12,15,22,21,13,12,10,14,16,23,15,20,13,24,26,12,13,15,11,12,19,16,15,11,14,1,16,20,8,12,17,16,17,8,14,19,16,17,11,18,18,11,11,15,8,19,10,14,14,19,11,12,9,16,14,15,15,16,10,13,16,1,2,16,15,16,11,17,2,19,12,0,3,15,12,16,15,16,12,2,15,14,16,13,16,0,0,1,17,19,12,14,18,23,19,16,0,10,16,16,11,16,19,1,16,21,18,16,3,16,24,13,14,15,17,14,13,1,18,9,2,13,15,14,15,24,23,2,0,17,11,16,10,1,16,10,13,13,0,13,12,1,3,11,11,21,10,14,17,9,10,1,12,3,13,9,16,18,21,14,16,0,15,15,13,0,6,0,2,16,16,4,11,25,2,13,0,17,1,0,15,16,2,14,14,1,14,1,18,1,0,3,0,0,18,1,8,13,21,1,11,18,1,11,16,12,2,3,19,15,7,0,17,10,13,13,15,10,8,16,1,11,3,12,13,13,11,17,13,12,13,0,0,10,1,17,9,9,1,15,16,0,2,11,1,12,0,1,3,15,21,14,15,14,10,14,13,14,0,15,13,14,11,16,18,23,24,1,18,18,11,2,1,8,1,2,8,15,17,16,1,15,0,17,11,18,26,21,3,15,11,0,14,0,1,14,9,17,13,13,15,11,25,20,10,2,13,21,12,12,13,1,15,12,8,13,4,3,9,16,15,8,1,1,1,17,12,21,9,0,12,16,10,17,4,22,16,16,17,11,16,14,11,20,1,1,1,12,12,17,19,10,11,4,17,15,14,14,15,14,12,17,0,13,3,0,2,22,2,4,9,0,22,17,1,0,17,22,19,15,17,23,20,11,1,0,14,22,11,17,17,12,18,13,14,13,17,13,13,9,16,18,17,12,20,10,18,15,19,16,10,14,16,16,15,17,8,10,15,16,1,1,23,14,12,4,0,2,0,16,13,14,14,10,16,16,15,14,10,11,15,17,16,15,14,11,12,19,5,14,22,13,16,0,24,15,13,11,3,12,14,14,0,16,19,3,20,15,12,21,15,18,15,1,11,11,15,10,12,7,15,15,13,21,15,15,14,8,18,1,18,14,13,23,14,10,0,5,14,17,0,12,18,13,17,24,14,11,18,2,20,19,12,3,17,11,14,1,9,13,0,16,14,1,7,0,20,2,0,13,12,16,14,16,18,15,11,15,21,13,16,0,18,14,15,0,20,17,0,11,21,12,1,15,23,12,18,19,8,16,0,16,14,1,22,3,0,11,17,18,14,18,2,10,0,18,16,21,20,1,1,20,13,18,17,16,2,18,0,2,13,13,14,20,2,13,1,10,20,15,12,14,2,13,17,21,4,14,12,18,18,18,13,10,14,2,12,23,15,18,20,14,19,0,10,16,26,20,13,12,1,0,21,0,12,17,18,15,20,20,12,17,19,15,9
15,14,17,11,15,13,17,1,15,18,3,2,24,21,19,15,0,9,13,16,20,13,20,19,5,1,12,19,0,9,10,17,0,13,14,19,1,2,15,14,16,0,16,2,14,11,18,19,22,0,20,21,16,23,1,18,16,23,20,15,15,15,15,2,21,1,14,15,18,0,16,2,11,17,12,10,16,15,13,17,17,16,15,1,15,10,15,13,8,0,16,21,15,17,1,20,6,12,12,10,1,1,16,8,10,20,22,19,0,13,7,14,13,16,13,15,0,16,12,20,19,2,14,0,18,11,10,12,11,15,16,2,0,13,17,13,2,11,21,23,16,14,1,20,14,0,12,1,0,12,14,11,16,16,13,0,1,18,11,15,21,15,14,18,2,11,10,2,8,10,17,22,8,17,15,14,17,15,17,2,13,7,20,15,5,14,6,14,11,13,13,14,15,21,11,10,18,17,0,1,29,1,13,14,12,16,2,17,15,0,17,17,17,14,16,0,21,1,0,9,12,17,3,17,0,14,14,1,18,2,0,1,0,18,16,14,0,16,21,16,20,20,17,12,18,20,15,24,11,0,12,17,14,15,23,0,3,2,17,7,14,12,13,17,18,16,18,12,9,11,20,14,6,12,18,13,17,0,2,13,7,9,13,14,17,2,0,15,23,19,12,12,0,14,1,11,1,15,1,11,0,16,1,12,16,0,20,20,14,8,16,10,16,15,19,18,14,15,15,15,0,20,23,0,10,9,14,15,7,13,20,12,0,16,0,18,11,13,1,25,13,11,14,13,15,13,17,8,14,15,21,2,2,15,20,14,14,17,14,0,1,19,13,0,15,29,23,16,2,17,0,13,12,7,16,1,15,0,0,21,10,12,1,18,16,16,17,14,17,17,17,0,20,12,11,1,2,1,11,11,18,11,16,17,2,10,15,1,19,15,19,3,10,16,1,14,12,13,12,16,1,22,12,1,24,11,15,3,12,19,22,0,1,11,1,8,11,13,13,13,3,14,18,9,12,16,17,0,18,15,12,1,12,19,8,12,16,13,15,13,13,18,12,12,0,15,15,12,10,15,1,16,20,9,17,14,3,13,22,14,16,0,4,2,2,1,13,0,0,13,12,0,15,18,9,13,2,20,17,2,13,18,14,13,10,0,23,24,8,17,13,14,0,16,13,13,10,16,1,0,10,19,13,13,17,15,18,13,14,20,17,12,13,15,19,11,0,13,1,17,4,2,1,16,12,16,1,3,6,10,2,9,14,17,18,18,11,12,11,17,23,1,16,18,17,15,21,5,1,10,0,7,1,3,11,21,15,22,11,13,19,14,2,16,20,18,17,13,21,17,17,19,17,17,24,15,0,11,19,18,15,23,17,17,19,4,13,8,17,22,15,9,22,17,13,9,17,0,0,19,21,19,16,12,14,13,17,10,5,18,1,17,18,14,12,16,14,0,17,18,9,13,19,23,1,11,18,1,2,17,13,1,16,15,0,14,2,13,16,13,2,18,15,0,14,14,17,13,18,20,15,0,13,1,0,2,2,20,9,19,15,24,17,15,17,18,13,12,13,11,13,11,1,22,17,18,14,18,2,0,9,14,17,6,15,1,0,20,15,3,6,13,14,2,15,21,1,14,0,7,1,11,1,16,23,12,0,24,9,1,14,13,15,20,23,1,19,14,2,2,15,2,15,0,1,1,23,12,15,1,12,1,15,14,18,13,3,2,15,16,1,22,1,2,2,2,17,20,0,13,0,20,13,22,14,18,11,10,10,16,23,18,18,2,16,0,23,0,12,1,1,13,19,11,9,11,22,20,1,14,22,16,0,13,17,17,15,23,2,0,15,19,14,2,23,18,2,15,2,22,22,13,8,1,1,17,0,19,18,13,1,17,1,16,14,18,3,16,15,0,16,23,14,1,14,10,3,11,19,19,10,16,15,18,14,16,1,6,24,17,1,16,11,0,1,2,17,14,16,16,21,20,12,0,0,13,3,1,11,18,0,13,1,14,2,0,8,1,20,1,21,7,16,11,17,13,2,12,2,13,19,20,15,16,12,8,16,24,15,0,9,18,0,18,15,12,14,16,20,21,15,19,18,25,2,15,8,18,0,12,17,0,14,10,8,1,14,14,15,15,12,2,18,1,18,11,18,5,18,1,9,0,18,21,1,3,18,15,11,3,12,14,12,10,9,11,1,14,1,2,0,12,15,13,11,14,14,3,9,1,18,15,14,10,13,16,13,11,18,18,13,12,10,12,19,22,0,15,14,15
23,21,17,17,21,1,13,2,23,2,2,22,14,1,17,14,2,18,2,12,19,11,14,22,14,18,14,13,15,16,14,1,14,1,17,9,13,14,3,15,16,10,1,16,0,15,17,15,13,14,19,0,1,1,0,0,21,24,15,2,19,12,17,11,1,17,15,15,0,1,11,2,11,0,0,17,2,15,11,11,17,2,10,15,1,1,9,17,18,10,0,16,9,9,19,3,1,17,13,3,13,13,14,21,0,0,18,16,16,16,13,23,3,10,3,11,11,13,10,0,15,14,12,13,17,12,15,13,13,15,1,12,19,18,12,0,20,17,1,1,9,16,18,16,12,1,15,12,11,2,1,2,13,14,0,1,11,10,14,20,0,15,20,15,15,1,18,14,12,16,1,11,16,10,24,12,9,18,18,13,11,15,17,16,19,16,22,0,0,3,16,20,19,10,11,12,13,2,12,14,0,0,1,12,12,19,13,19,11,1,12,8,14,1,0,14,9,22,20,23,14,9,19,16,15,14,14,22,12,15,11,20,1,16,12,17,15,17,15,10,20,11,12,11,1,20,14,13,1,19,19,16,2,1,12,24,15,1,22,20,23,1,14,20,14,11,20,11,11,14,2,23,10,0,10,12,1,16,15,15,17,10,17,3,13,17,0,1,16,21,7,16,0,3,0,13,12,2,2,8,16,17,1,1,1,17,13,1,16,14,1,20,15,18,13,17,18,10,15,12,12,11,16,11,20,14,13,17,22,17,12,13,13,2,12,10,13,3,13,8,0,11,0,19,17,14,11,16,9,17,24,13,11,1,1,11,12,14,1,15,12,3,9,1,20,9,16,14,17,21,15,14,1,17,18,1,12,18,11,14,20,12,17,16,16,16,9,1,10,21,14,8,14,14,9,1,14,22,0,4,14,18,13,16,16,7,9,16,15,6,19,11,13,12,12,14,12,19,0,13,1,14,9,22,2,19,16,10,12,1,9,20,11,20,1,14,14,23,3,0,18,2,15,17,13,14,17,23,14,14,16,20,0,22,1,0,18,9,11,21,2,2,0,10,21,13,15,9,11,10,1,2,8,3,13,12,1,0,0,9,1,12,16,12,17,9,13,9,20,13,20,0,20,22,10,9,18,12,23,15,0,18,0,9,12,8,22,1,8,16,14,16,15,12,15,14,17,1,14,16,12,19,15,21,10,2,13,10,16,17,13,16,14,12,16,16,16,14,11,14,24,24,12,1,1,1,18,17,17,13,21,12,2,10,0,18,14,14,14,10,13,15,2,11,18,1,20,10,15,19,13,12,1,22,11,10,0,26,20,16,0,15,24,18,17,0,22,1,21,16,1,13,3,14,20,14,1,15,12,16,2,0,18,13,1,16,18,14,13,13,11,12,0,12,12,15,15,1,2,10,1,1,11,14,13,0,14,10,17,2,15,15,11,1,12,16,11,16,1,13,22,15,2,8,1,13,20,15,1,19,15,24,9,12,19,1,13,15,8,16,0,10,12,19,13,1,13,15,18,13,13,17,1,13,19,16,10,18,18,9,17,3,15,0,0,14,11,16,20,18,22,14,11,0,20,15,1,2,16,12,14,18,20,16,15,16,1,2,19,13,0,13,12,19,1,2,0,2,0,0,24,0,15,20,2,4,12,15,13,20,1,10,20,19,16,18,12,0,2,11,1,17,22,2,17,18,16,13,18,13,10,8,11,17,10,1,17,1,18,1,18,11,16,9,19,17,16,18,18,20,17,15,1,15,0,0,12,20,2,0,14,13,10,0,0,3,15,15,13,29,15,15,0,12,12,22,1,11,3,0,1,13,15,22,11,0,22,16,18,1,16,1,14,19,1,9,1,16,15,14,0,15,11,2,15,19,18,20,1,15,21,3,15,13,12,25,1,18,21,24,1,17,1,14,17,15,13,1,14,17,10,10,14,15,14,14,19,17,11,2,12,13,23,17,14,12,16,18,9,26,16,12,16,3,14,16,14,10,16,2,21,13,10,16,17,26,15,11,14,12,3,2,15,12,18,11,17,14,14,23,22,15,7,1,1,13,11,10,16,14,10,9,1,2,11,3,1,14,0,2,15,17,13,0,19,12,19,12,12,21,8,22,14,21,16,13,1,17,0,2,15,12,24,14,21,9,1,15,8,19,1,20,15,21,18,16,8,19,19,1,19,10,0,13,2,10,12,14,17,12,15,20,20,14,15,0,20,2,15,0,13,19,15,1,12,12,12,15,20,2,9,15,13,20,15,0,15,1,20,15
2,9,13,13,2,10,12,15,16,17,20,6,15,16,14,16,17,15,14,1,2,17,17,9,15,1,11,15,12,0,14,12,10,0,15,11,14,15,16,2,11,10,16,14,18,14,15,1,18,1,25,13,0,23,1,18,13,16,13,11,10,22,18,1,18,18,17,20,1,19,14,0,10,15,4,13,18,12,12,1,17,17,3,12,1,16,2,17,16,4,12,0,14,23,18,17,19,17,12,16,13,11,11,13,24,18,13,18,20,14,15,7,1,16,18,17,7,3,0,8,15,18,13,17,12,18,11,17,20,13,10,11,16,8,22,15,0,0,22,16,9,0,12,11,13,15,11,16,1,13,14,11,4,10,19,7,1,16,11,15,11,0,15,18,11,11,16,8,17,14,15,2,14,19,18,2,16,18,13,0,19,15,12,11,1,14,1,20,16,19,19,18,14,15,7,1,15,20,12,16,24,16,16,13,17,16,2,15,11,10,1,15,21,1,18,15,10,15,19,2,15,15,14,16,9,0,16,10,0,0,2,13,13,20,18,10,12,15,17,13,18,11,16,17,18,0,16,3,19,8,14,13,13,14,16,19,16,1,2,15,18,17,2,12,18,1,18,14,1,20,19,18,23,16,16,14,11,20,1,11,14,2,8,17,16,15,18,17,12,1,15,13,10,9,13,17,11,22,16,1,2,19,8,0,15,8,10,14,23,17,11,16,0,14,20,16,13,24,1,22,1,15,20,14,15,18,21,16,12,12,16,20,14,17,10,15,13,15,10,15,25,11,13,17,16,0,14,11,1,15,1,11,12,15,1,14,13,18,11,14,17,10,15,15,7,13,15,12,0,12,21,23,3,21,19,15,22,14,20,16,15,21,17,18,19,22,15,16,6,17,17,1,16,22,2,16,1,16,2,14,15,22,15,19,17,18,9,14,1,13,12,12,14,1,9,14,9,15,19,20,4,13,12,16,12,17,16,0,18,15,9,2,16,1,15,0,2,1,13,14,17,0,2,2,19,17,1,2,15,1,0,15,1,14,15,27,16,18,16,8,8,0,16,17,23,1,14,15,1,13,11,12,15,2,17,16,14,0,16,12,13,15,16,22,22,13,1,12,26,20,12,1,0,1,1,14,9,13,17,19,11,1,15,20,11,24,15,2,17,1,22,8,12,16,12,15,22,12,15,12,5,13,20,20,20,0,9,19,19,19,14,12,13,8,12,9,11,21,1,0,21,16,1,11,15,16,12,14,0,11,26,1,13,9,17,11,19,1,20,12,10,22,11,12,1,13,8,20,15,14,16,17,16,17,13,6,2,2,1,15,12,12,2,13,6,1,12,17,18,15,23,12,14,1,14,18,1,14,16,17,16,21,20,16,15,15,20,12,10,2,21,0,12,16,18,17,15,12,20,12,1,16,0,0,15,15,9,14,22,16,17,10,10,0,1,11,17,14,10,1,12,0,14,15,18,14,12,0,6,22,0,2,13,11,17,14,18,18,1,1,13,1,16,8,0,1,13,2,0,12,12,16,11,25,20,13,9,15,8,2,17,11,10,0,20,11,18,19,14,22,2,15,12,13,1,0,14,9,14,15,14,1,14,2,17,9,20,18,19,19,11,11,22,13,0,16,14,2,18,0,1,12,1,20,12,17,0,15,2,23,16,13,20,16,3,2,15,0,17,14,0,16,2,17,0,21,15,16,16,15,12,11,16,17,13,10,15,16,19,0,8,15,10,0,11,12,10,12,2,12,17,14,12,25,22,1,12,10,20,12,10,0,0,13,14,12,13,19,22,16,19,15,16,17,2,19,0,14,9,10,17,20,11,14,0,9,16,0,0,21,17,17,3,0,16,4,15,16,14,17,20,13,18,18,15,9,18,13,2,17,17,12,0,12,2,17,1,17,18,18,21,17,12,1,14,11,2,16,0,17,0,18,1,21,1,10,21,13,12,11,1,1,0,16,23,1,13,3,15,2,1,13,10,9,13,8,14,1,12,11,13,0,20,15,0,18,13,0,25,17,18,17,16,8,8,8,14,1,13,8,1,0,16,2,12,9,17,1,16,13,12,13,15,15,18,7,0,0,13,11,11,13,11,21,12,1,12,0,15,14,1,14,22,14,16,17,11,16,8,17,10,14,14,15,17,17,3,9,16,17,1,11,19,12,17,11,12,19,14,1,18,17,18,13,19,0,19,9,19,14,20,17,15,13,12,0,10,15,13,15,14,0,0,11,18,11,16,14,18,19,13,4,10,8,1,16,9,14,18,16
10,0,19,26,1,18,14,1,18,10,19,8,13,1,11,10,11,14,17,10,14,21,9,16,1,13,25,17,14,17,14,17,19,16,15,1,0,10,1,12,1,13,0,15,22,16,15,17,11,12,1,15,1,0,14,1,13,16,17,14,18,9,3,14,14,15,19,13,16,17,21,14,12,18,0,13,13,14,0,12,10,14,13,14,11,1,14,17,0,14,1,19,15,15,9,0,1,1,12,15,15,14,15,19,8,3,3,14,6,16,12,18,12,17,12,20,11,11,19,19,12,0,15,12,24,9,14,0,8,17,11,14,10,10,2,12,2,0,18,9,23,3,12,19,21,18,22,5,0,15,13,10,17,1,19,17,11,19,17,12,11,2,2,10,14,0,13,18,17,20,12,15,13,16,19,9,21,19,21,16,16,22,4,2,15,17,13,18,13,15,1,17,4,22,0,16,2,15,11,15,13,2,0,7,17,15,1,14,14,11,16,3,24,10,13,11,1,5,17,18,13,17,12,14,1,0,18,12,9,14,11,18,1,26,21,8,13,14,1,11,16,1,16,20,14,1,13,17,13,18,17,19,13,17,0,15,14,0,11,17,20,25,2,15,14,15,12,13,18,2,13,16,15,12,2,10,16,27,2,15,17,2,9,17,2,0,7,18,13,12,15,17,18,9,0,15,14,19,21,25,17,14,11,15,12,14,2,8,21,17,17,1,16,12,1,13,1,19,0,0,17,26,12,2,15,0,15,18,15,14,17,13,20,21,1,0,13,18,14,2,0,11,7,19,12,13,9,11,15,1,11,1,0,18,3,19,17,18,1,18,20,13,12,28,20,1,21,17,0,12,17,0,12,17,18,2,12,18,13,0,0,5,11,16,21,15,0,20,3,20,18,15,1,15,8,0,11,8,10,13,1,10,19,11,15,11,12,10,19,9,12,15,2,16,17,16,8,13,12,11,14,15,0,16,12,11,14,18,12,18,14,3,13,0,2,11,17,1,14,11,23,15,4,19,13,13,0,17,12,17,13,10,12,1,20,1,18,12,9,16,14,3,4,10,2,11,2,2,13,1,8,18,3,0,1,16,11,17,2,0,19,12,11,17,1,17,14,15,19,13,3,1,16,16,19,10,14,15,0,16,16,14,21,12,0,16,17,1,11,17,2,6,15,0,0,0,18,1,20,17,22,11,14,15,14,14,19,21,18,2,9,4,19,10,14,12,18,14,14,16,10,11,25,2,19,20,18,16,12,17,2,13,8,0,0,12,14,1,13,16,7,15,0,8,22,16,8,1,13,16,14,17,11,15,1,16,22,16,9,17,13,19,16,15,0,14,1,12,15,12,10,9,10,13,2,15,12,21,3,15,20,18,12,22,1,9,16,10,1,18,17,8,10,1,12,17,20,17,21,1,0,1,19,14,0,19,12,1,11,11,1,19,18,11,12,20,9,14,13,19,0,1,14,16,13,0,8,1,10,26,1,15,9,1,18,12,1,20,11,15,23,20,13,16,11,1,18,18,13,18,13,1,15,1,13,0,16,15,14,0,1,11,12,1,16,0,1,14,15,12,12,14,18,18,20,19,21,14,12,11,1,16,19,12,11,14,12,18,10,25,18,15,16,13,1,1,22,14,16,21,0,11,16,17,17,11,16,1,21,0,8,17,15,24,2,0,14,10,12,17,17,15,14,9,22,15,12,21,20,2,17,2,14,14,15,16,21,1,14,1,1,26,18,0,11,19,3,1,2,21,19,5,0,14,9,16,14,1,15,12,1,10,16,16,1,15,2,8,15,15,0,19,0,13,12,27,10,2,11,12,1,11,18,11,12,22,10,15,10,16,13,8,12,0,0,13,1,8,15,8,13,7,16,2,15,0,14,0,16,22,17,22,5,0,21,21,2,14,13,17,0,11,22,13,12,0,13,15,10,11,16,8,12,0,19,15,16,17,16,10,0,19,14,16,14,15,14,21,17,12,17,15,11,20,1,11,5,17,18,17,14,18,10,17,2,14,20,16,23,21,20,12,12,18,20,9,11,1,18,1,10,13,27,4,11,15,0,21,12,1,18,15,15,1,14,13,16,26,11,2,16,10,16,15,21,15,0,12,11,20,2,19,10,1,4,20,20,0,0,15,14,0,15,23,2,16,16,13,21,1,14,17,16,1,15,11,17,16,15,2,13,20,1,19,0,18,1,16,20,19,13,13,21,14,13,17,13,17,2,15,0,12,18,12,13,15,22,17,1,16,14,2,0,16,14,17,0,20,18,0
7,4,20,19,2,16,21,0,13,15,18,1,15,0,10,12,14,10,14,13,1,12,13,18,2,9,20,21,0,12,19,3,17,1,0,12,15,15,2,14,17,14,8,1,0,1,21,20,13,20,12,11,14,17,17,19,15,18,11,0,12,21,1,14,16,1,9,23,13,15,11,17,18,18,21,0,14,18,21,15,19,18,7,14,0,8,18,9,16,17,18,1,13,19,13,13,2,17,14,17,19,18,17,19,0,16,1,0,14,11,1,19,16,10,15,15,14,12,13,11,19,17,1,0,0,11,9,17,21,11,8,0,19,0,2,9,7,15,3,19,12,11,13,17,17,12,7,16,16,16,20,14,15,14,13,1,13,8,16,0,11,13,9,19,25,14,21,16,18,3,23,3,3,10,19,0,0,1,12,19,24,12,15,11,0,5,10,15,17,15,17,14,15,9,16,8,2,16,19,13,12,1,12,18,14,1,15,13,1,21,1,14,17,16,13,2,11,22,15,16,19,14,12,11,12,17,8,15,17,15,1,17,17,18,8,13,16,13,14,10,2,15,15,17,17,2,14,19,2,13,15,1,9,12,22,17,12,0,23,0,14,13,15,10,3,10,1,0,1,19,15,1,11,2,13,21,14,23,13,14,16,13,7,22,19,1,20,21,14,2,2,23,15,1,0,8,17,16,6,0,17,17,14,0,13,18,1,19,15,0,15,13,10,8,28,11,17,13,2,1,16,0,1,12,18,26,12,11,13,14,16,0,14,15,12,18,2,0,20,1,1,2,15,12,14,10,13,12,19,28,14,0,2,17,15,17,14,19,14,4,16,21,16,20,17,12,0,2,1,11,13,1,1,9,16,19,11,10,1,16,14,11,11,0,0,17,13,17,13,18,1,0,18,17,18,11,10,14,0,19,1,0,10,14,0,0,0,2,14,11,17,1,21,21,14,14,14,14,20,7,1,3,1,14,13,15,20,2,16,11,1,0,19,2,3,17,21,20,1,0,16,13,12,10,22,14,15,18,19,12,16,16,1,1,1,24,13,12,24,2,21,15,19,11,14,1,10,2,0,17,1,19,15,0,20,10,12,14,0,1,22,18,2,6,11,16,1,12,1,14,1,8,15,14,21,0,9,10,1,24,12,14,12,19,12,16,14,14,17,2,1,13,16,16,2,11,12,19,15,0,13,12,17,11,3,3,11,21,15,21,18,16,17,1,14,17,16,15,16,16,16,13,8,13,9,11,18,15,17,17,9,21,2,0,21,20,2,14,16,2,19,11,12,1,18,18,15,2,25,14,16,12,14,1,1,13,17,11,17,1,6,22,11,1,1,16,20,22,15,2,24,14,12,12,10,1,16,12,10,1,11,11,1,0,17,2,13,13,1,15,17,21,17,1,24,18,10,18,15,3,10,14,12,11,17,0,0,17,17,9,21,16,16,2,12,9,0,0,2,18,1,12,0,22,16,26,16,15,2,10,20,12,13,15,22,1,0,17,1,2,24,10,9,22,22,17,25,0,3,0,19,17,14,19,10,11,18,14,1,6,14,15,17,0,16,16,1,17,1,16,2,18,20,14,1,0,0,16,17,18,9,12,16,10,12,9,1,13,14,17,23,18,21,12,8,12,17,13,17,22,13,1,13,12,13,14,0,17,16,10,22,0,19,18,0,18,13,17,6,13,10,12,16,20,13,2,11,11,21,3,22,9,17,1,1,20,16,1,10,0,1,20,16,22,0,16,23,19,22,21,12,0,14,16,2,0,20,9,15,22,1,1,14,21,17,17,2,18,15,16,15,1,13,0,20,0,20,14,23,9,0,13,2,1,19,2,10,14,1,12,15,19,1,0,13,1,15,14,13,17,0,1,14,14,13,11,18,15,0,19,18,1,7,13,12,13,1,1,0,0,10,13,20,0,9,1,14,0,15,22,17,1,12,17,17,8,12,16,16,11,16,17,12,1,21,17,1,12,12,17,18,15,0,16,10,7,13,15,20,1,15,0,0,0,19,20,17,2,0,16,17,18,12,3,18,15,0,12,13,0,1,13,1,14,2,21,15,17,12,10,12,11,9,11,9,14,19,11,0,2,15,15,19,12,19,1,12,19,9,14,16,15,23,10,15,20,20,2,7,14,1,1,14,7,12,9,0,1,4,3,2,14,10,19,10,0,12,12,16,16,1,11,0,17,21,22,16,14,1,25,13,17,18,16,17,15,1,8,13,12,0,12,1,10,14,19,13,14,22,14,1,15,6,17,11,2,0,2,18,0
12,20,9,12,14,1,20,2,17,3,1,14,1,2,0,20,12,20,15,15,0,1,13,18,7,19,2,0,15,13,15,11,6,22,2,11,14,1,21,22,1,13,12,18,19,3,8,24,15,3,13,14,1,13,0,21,9,14,12,3,14,12,21,1,0,0,16,10,0,15,0,16,0,12,18,17,16,15,17,0,2,1,19,20,14,15,11,0,0,20,15,18,17,27,13,1,12,14,22,10,15,18,12,6,1,9,0,12,6,13,22,15,14,18,18,0,10,2,0,13,19,0,16,0,1,10,15,21,3,19,21,13,13,11,9,20,14,1,1,0,18,1,21,12,1,10,0,8,16,20,2,2,20,19,18,16,22,12,13,14,0,1,16,2,18,0,22,2,14,2,0,13,1,9,19,10,17,18,17,13,16,0,17,13,14,17,21,14,1,1,11,12,14,14,16,16,11,0,14,0,17,12,13,17,20,10,1,17,2,8,21,16,14,9,9,1,18,10,19,1,0,18,8,15,18,1,0,26,6,17,17,18,14,0,13,16,14,11,18,12,16,14,17,13,15,23,3,14,15,18,14,20,14,15,17,14,10,15,7,15,17,12,15,2,19,0,20,11,11,19,15,19,13,12,17,13,16,13,0,3,13,12,1,13,13,14,16,16,11,19,1,1,15,16,17,17,0,18,12,17,16,12,14,4,8,21,15,26,30,5,19,15,0,15,2,16,1,1,3,25,17,12,15,25,9,1,16,11,14,18,0,16,19,1,12,12,0,12,1,11,1,2,11,19,10,15,12,1,11,10,16,23,13,19,7,24,15,13,19,16,8,0,14,15,1,15,1,26,15,3,27,17,19,5,18,11,13,22,5,2,14,15,1,15,12,1,18,1,17,1,1,14,1,11,3,21,12,5,21,17,10,14,17,21,16,11,17,14,25,10,13,0,0,13,0,17,17,0,1,4,11,16,2,11,1,15,9,13,0,1,16,4,1,15,15,2,0,13,9,11,3,11,16,0,17,14,1,24,18,13,14,14,9,6,16,16,24,4,1,16,16,9,16,9,15,18,12,0,18,13,14,16,22,23,2,19,19,2,9,0,16,9,0,8,13,0,15,13,18,4,11,17,13,8,10,11,10,0,21,15,2,20,0,11,11,14,10,22,2,1,1,16,26,15,19,19,21,10,2,1,10,14,0,1,20,22,14,15,1,11,12,16,1,21,0,13,1,18,19,20,14,25,16,0,13,3,9,13,16,17,13,16,15,14,16,0,15,22,1,3,19,16,18,16,13,2,9,19,2,16,0,13,10,14,1,10,12,17,12,13,14,6,17,2,1,0,1,13,11,0,0,19,19,18,3,20,23,0,14,15,0,0,11,1,11,19,16,3,12,20,11,22,13,2,12,8,15,25,9,0,15,20,16,11,1,0,19,17,15,1,12,1,13,1,14,11,1,13,18,10,18,13,13,10,14,13,17,16,14,13,11,1,12,13,9,21,12,11,14,16,15,0,12,14,0,2,13,10,1,12,13,2,20,18,15,12,10,2,12,18,1,0,11,2,14,16,13,13,7,10,16,16,10,24,10,11,16,16,0,8,18,1,10,2,12,2,9,13,9,14,2,14,17,9,21,1,17,16,17,0,1,15,18,11,12,2,20,14,21,17,10,2,24,2,8,16,20,1,12,1,0,14,0,2,0,16,0,11,21,11,15,14,1,17,9,18,13,2,12,15,17,13,15,18,15,0,12,9,1,14,11,19,17,0,16,0,1,1,18,16,11,12,15,11,1,16,17,17,14,3,2,17,26,8,19,0,13,11,25,20,1,17,14,4,1,14,17,1,9,23,18,16,10,11,2,2,16,9,18,19,0,0,14,16,19,16,21,0,2,13,11,24,0,6,17,16,16,12,11,23,2,1,16,14,21,19,17,9,23,15,17,16,11,16,16,18,0,10,13,0,14,16,0,20,1,13,1,16,11,21,14,19,13,13,12,9,15,24,15,9,1,12,12,2,0,1,15,0,28,19,1,18,13,13,20,23,18,9,9,0,18,11,17,7,16,10,3,0,1,8,18,18,18,16,10,1,14,15,19,21,19,14,0,1,17,1,14,22,11,10,16,21,17,10,1,21,18,1,13,19,19,10,14,15,14,2,16,17,13,14,0,0,2,0,17,18,12,14,2,13,10,16,15,0,0,24,0,17,17,15,17,15,2,15,23,12,7,8,12,8,21,8,12,2,12,7,14,16,13,17,2,14,17,16,15,0,2,16,1,20
15,6,20,17,16,20,14,13,16,1,0,19,22,19,13,21,21,12,23,11,15,1,1,11,1,12,16,12,18,13,2,3,12,14,1,15,0,0,15,14,11,14,14,20,20,11,17,1,16,16,10,16,15,15,17,14,15,19,0,13,18,9,15,11,18,1,14,10,14,1,0,17,17,13,23,0,2,14,8,21,14,5,0,20,10,2,0,1,12,23,17,14,12,13,15,15,7,13,0,18,0,13,2,1,18,10,10,13,25,1,10,18,11,0,19,3,18,1,14,1,13,15,21,14,0,14,12,1,18,11,2,11,15,23,2,22,15,18,0,20,16,1,13,1,0,10,3,21,13,3,19,13,8,12,0,18,14,18,15,3,0,17,12,17,16,11,22,13,13,21,14,20,18,11,17,13,19,12,2,11,2,1,15,11,13,5,13,11,13,19,11,12,13,2,16,13,17,10,16,10,13,1,10,12,15,11,0,16,21,12,22,16,17,16,0,23,1,18,13,14,0,2,0,0,13,0,13,14,12,12,13,1,28,12,20,10,20,18,0,12,0,13,1,19,0,2,13,18,16,15,1,14,17,13,1,18,1,2,21,20,10,1,10,20,18,0,22,10,10,18,0,14,13,15,2,11,14,0,0,22,11,0,0,11,12,19,19,16,14,13,16,17,16,9,20,14,1,13,20,12,1,15,0,14,18,19,16,17,9,17,15,2,2,1,18,19,14,12,15,11,21,16,0,18,14,15,2,15,0,8,14,14,9,19,3,0,0,0,14,21,6,13,12,20,15,0,19,0,13,16,15,17,17,0,21,1,17,11,18,0,3,0,18,17,2,20,1,15,11,10,21,14,16,12,17,15,17,12,14,1,17,1,3,16,18,1,19,11,17,1,14,15,14,12,21,14,2,1,8,22,15,11,16,14,12,9,1,16,15,15,0,19,11,15,19,16,22,14,27,20,22,1,1,12,16,9,1,10,0,12,17,0,0,2,17,12,21,8,8,17,13,1,13,0,17,11,13,0,0,19,13,15,16,10,0,12,8,17,14,4,1,16,10,15,15,7,11,14,15,7,20,10,0,1,12,2,2,1,1,0,11,3,1,10,12,13,17,2,13,25,24,14,21,0,17,18,20,13,3,12,1,13,12,16,24,14,13,14,1,17,0,17,20,3,17,1,5,17,12,13,17,1,14,2,14,15,10,15,2,15,1,2,16,4,2,21,2,1,0,20,2,17,22,17,1,9,14,9,11,14,3,11,14,19,2,0,12,0,15,16,15,0,15,0,3,3,19,1,0,16,16,0,12,14,0,12,12,15,20,11,19,14,13,14,10,14,0,14,11,12,2,12,18,17,10,12,12,0,11,13,1,13,13,21,15,9,2,1,2,12,11,0,16,13,0,13,25,18,16,19,14,26,15,10,14,13,13,3,24,15,11,16,15,0,14,15,20,0,15,1,1,14,0,10,0,15,14,0,16,14,11,14,21,1,1,13,10,17,9,23,20,19,21,16,17,17,20,14,14,11,16,1,17,13,2,1,5,12,13,15,11,8,15,18,16,17,14,14,13,12,14,15,23,14,17,0,12,17,12,11,20,3,12,13,11,14,15,11,17,23,13,20,14,2,12,27,1,1,12,12,14,14,1,10,17,15,13,0,15,2,12,17,7,16,1,19,17,15,12,13,19,18,20,20,1,1,19,2,15,14,0,10,12,12,2,12,14,13,18,15,15,9,20,17,14,13,13,15,3,21,21,13,11,13,1,1,12,14,14,1,1,17,13,13,7,17,0,16,14,13,16,1,1,10,11,12,27,18,18,18,10,11,9,15,13,15,22,13,8,18,15,16,15,12,17,0,2,14,16,12,1,14,17,1,0,17,8,20,16,13,11,1,20,0,16,10,1,2,14,14,20,0,22,2,2,1,16,1,16,14,14,15,15,1,19,15,15,11,13,16,13,19,19,14,16,1,20,14,12,16,10,1,16,1,10,13,11,13,1,12,13,2,17,16,1,3,0,12,10,1,12,14,3,21,20,0,16,17,11,13,15,10,12,10,22,14,20,1,17,13,0,10,15,14,10,18,12,11,0,1,0,18,18,10,2,16,12,18,0,16,15,15,13,0,12,17,16,16,2,17,2,1,11,17,0,2,0,13,14,16,18,2,1,0,19,15,17,17,0,12,11,21,15,15,23,18,2,13,0,15,11,9,12,12,15,14,25,2,0,12,16,1,12,13,16,11,10,18,9,9,13,14,0,13,0,15,1,15,2,22
10,12,16,15,1,19,9,22,14,3,9,20,13,15,16,19,14,0,2,17,16,4,15,18,2,14,16,14,12,0,2,1,20,15,0,1,19,20,12,16,15,14,12,10,16,12,19,17,1,1,14,18,0,11,1,13,16,24,14,20,13,0,14,19,1,11,20,13,12,16,16,15,12,20,12,17,0,12,20,14,16,9,16,12,15,18,3,1,17,9,10,1,11,16,18,15,9,16,9,0,18,18,16,13,15,21,15,1,18,0,15,8,12,15,19,14,1,24,17,17,0,14,15,14,10,17,15,1,24,17,12,2,17,13,14,30,15,15,19,8,13,16,14,16,3,0,16,22,11,17,11,16,15,19,0,13,15,0,17,15,10,17,12,1,2,21,17,15,14,10,0,1,19,20,15,1,1,20,12,15,15,14,13,2,0,25,15,23,18,14,14,18,10,8,14,0,0,6,1,15,16,16,16,12,16,18,10,23,21,0,1,18,13,12,12,12,8,10,17,16,1,15,14,11,0,0,17,15,19,0,13,13,17,1,8,12,3,19,12,16,15,3,16,2,12,13,17,11,1,21,11,3,2,14,11,12,11,0,21,2,9,1,19,11,8,13,14,12,15,1,12,18,15,13,12,13,18,19,10,15,0,12,23,1,10,22,0,16,2,16,18,0,14,10,18,2,0,10,23,3,15,19,7,13,16,14,18,16,11,14,1,17,11,10,14,10,11,22,16,13,16,12,18,1,16,18,18,9,0,12,8,14,16,0,2,10,13,2,7,15,11,13,15,0,20,0,12,19,16,1,12,2,9,13,21,0,12,16,14,13,13,16,17,13,23,15,0,16,12,0,17,0,16,14,17,11,19,9,13,14,16,21,15,17,7,17,0,10,2,18,15,13,17,21,18,13,13,20,20,17,4,15,14,1,23,16,0,16,13,12,1,13,21,14,15,10,11,13,12,10,12,15,19,8,7,19,14,8,17,16,16,16,20,1,14,0,11,16,12,13,0,14,17,14,21,12,1,0,18,13,16,20,11,12,17,1,16,0,14,17,21,11,12,0,16,13,13,20,0,18,1,1,13,25,16,12,20,15,0,15,0,19,2,17,17,3,16,15,2,21,11,9,21,7,1,2,10,14,18,3,13,2,1,13,2,17,17,13,1,18,1,0,16,12,20,18,17,16,14,17,15,17,0,9,0,11,9,17,19,7,1,16,11,14,2,1,17,7,19,2,9,1,15,12,0,0,14,13,14,14,1,14,15,1,17,19,15,11,0,20,19,0,0,22,16,12,13,12,10,2,12,13,13,17,14,16,17,13,0,14,10,15,13,20,7,19,24,9,17,15,0,13,2,16,8,1,18,14,12,17,2,16,14,20,0,0,1,1,10,13,1,1,17,20,15,10,2,18,12,16,14,18,18,13,16,12,20,13,17,13,1,0,17,15,13,20,15,18,1,14,19,21,0,17,17,15,7,14,13,16,0,10,17,23,20,1,11,12,19,17,8,10,20,15,26,0,2,17,13,9,1,7,0,14,15,18,17,16,24,14,1,1,19,0,2,16,0,0,13,1,18,0,2,18,18,22,1,17,19,12,18,1,20,17,16,0,4,16,12,12,0,12,14,2,14,0,10,1,1,2,14,11,12,2,8,16,17,14,10,0,1,12,17,9,11,1,0,2,12,0,0,17,10,2,12,16,17,16,14,2,13,11,1,19,12,15,9,13,1,14,22,17,1,13,13,1,18,16,10,18,18,3,18,0,0,10,7,23,9,13,0,11,0,13,12,13,12,18,19,17,15,16,21,13,16,14,0,1,14,0,9,17,12,23,11,28,0,15,19,11,18,3,22,1,17,18,3,1,14,11,19,15,15,12,23,14,0,16,11,19,1,15,13,5,14,9,1,21,0,12,1,0,11,13,15,15,10,1,1,19,10,12,16,1,2,13,19,12,9,14,2,18,16,0,19,13,21,2,19,21,17,16,18,19,11,17,9,3,10,16,14,12,12,20,3,15,18,0,11,11,1,17,15,0,15,17,18,13,14,12,1,16,15,3,19,23,17,18,16,18,0,10,15,12,12,24,0,12,16,14,14,0,25,19,14,22,2,10,2,19,14,0,10,13,0,18,20,2,16,1,0,19,18,1,17,18,2,12,15,0,0,18,21,1,0,19,13,2,14,15,18,9,13,13,1,16,11,12,13,11,15,13,19,22,16,0,18,17,1,20,16,2,8,11,2,0,15,12,1,0,1,0,16,12,11,17,0,16,10,15
14,11,14,1,11,13,2,23,18,2,16,20,18,19,16,0,10,14,20,3,10,13,17,11,11,0,16,22,12,0,9,12,14,16,13,0,19,9,17,1,12,16,15,17,2,12,19,2,0,10,16,2,20,19,10,2,1,8,18,17,14,12,20,11,15,13,17,14,17,1,13,19,13,12,13,0,12,14,13,12,16,11,13,9,14,14,17,19,16,20,14,17,2,18,0,14,20,15,12,0,0,1,0,17,0,13,12,17,1,16,16,10,11,0,10,20,17,14,13,13,14,19,9,26,14,0,17,13,13,15,1,8,10,12,13,0,22,18,24,1,14,15,13,13,18,16,17,15,10,14,4,16,15,14,13,12,1,0,17,16,15,23,12,18,21,17,10,14,15,15,2,13,21,1,14,13,14,19,15,15,1,9,1,22,23,12,9,4,1,17,16,12,6,1,18,14,13,15,2,16,14,0,13,21,18,19,11,0,14,14,25,14,15,12,15,14,0,1,8,16,15,24,13,2,0,15,15,2,19,12,15,14,1,8,17,12,0,1,16,16,1,18,18,17,14,18,14,1,20,1,16,3,10,24,20,16,1,1,12,0,3,1,8,0,7,17,18,1,21,17,16,16,19,14,2,9,1,0,14,1,13,0,22,19,19,16,3,0,20,21,1,16,16,17,20,19,15,17,22,25,15,20,19,20,0,15,13,18,12,13,23,11,18,12,16,14,20,19,0,2,11,14,12,16,17,17,1,15,11,16,17,0,9,14,1,8,17,13,2,22,1,19,2,14,2,13,10,10,21,21,1,3,20,18,16,9,8,8,14,18,21,3,9,18,12,0,11,1,0,20,1,18,17,7,0,13,0,15,1,11,11,0,17,15,1,12,20,23,13,13,14,23,11,15,15,19,14,19,14,15,14,17,0,10,17,15,0,14,16,2,0,2,19,2,1,15,19,16,13,21,17,13,17,17,0,1,1,0,12,12,13,12,14,1,14,20,0,18,16,10,14,21,16,17,15,15,2,20,1,19,18,0,9,0,15,13,12,16,15,19,22,22,1,13,1,3,2,20,16,14,1,9,16,0,16,15,17,16,10,0,11,0,16,13,12,20,25,1,11,17,13,9,0,15,11,17,17,12,1,11,18,0,13,20,14,15,16,0,11,16,1,14,21,13,14,9,14,15,9,17,1,16,15,15,1,11,18,19,11,17,9,16,2,21,15,1,1,18,0,26,19,0,16,0,9,2,13,0,12,12,1,0,15,12,14,14,2,13,19,13,15,2,0,19,19,14,13,12,15,17,12,14,17,18,0,15,12,2,17,12,12,10,21,17,19,18,17,0,18,0,18,17,15,19,2,20,0,11,17,14,0,4,14,8,2,20,19,0,11,10,18,12,12,9,18,20,29,3,12,16,17,20,19,12,13,13,14,19,19,15,12,3,19,18,0,12,15,15,0,14,0,0,12,12,12,12,13,19,1,20,23,0,15,14,18,8,13,9,14,16,10,0,9,1,23,2,10,13,11,1,14,2,15,1,13,15,8,20,15,9,15,0,8,0,10,11,20,2,9,12,20,0,0,17,1,15,24,11,1,1,11,11,7,10,14,1,0,15,12,19,23,13,3,24,1,12,10,10,12,0,5,10,17,16,21,1,9,10,22,8,1,16,18,25,13,14,16,10,5,26,19,0,0,16,19,19,15,14,16,16,0,14,20,18,1,18,12,2,0,3,0,19,12,16,14,13,12,2,20,9,0,17,12,15,16,12,4,19,12,0,1,3,11,13,12,1,2,21,13,1,15,21,13,11,15,1,8,16,12,10,12,2,14,26,12,14,14,0,15,17,12,15,0,12,9,15,21,3,13,25,15,11,21,0,16,15,18,10,15,18,11,11,13,1,13,16,22,19,2,11,17,3,13,16,1,12,18,17,11,15,19,10,13,11,0,20,1,0,19,16,12,16,22,18,18,2,1,9,1,12,18,18,14,1,10,12,0,12,0,1,19,9,24,2,13,2,1,17,15,16,16,14,16,1,1,5,15,1,17,16,18,1,0,13,16,12,20,12,0,20,2,14,15,12,0,14,2,1,0,0,20,11,15,1,8,14,19,2,0,18,16,12,13,25,17,0,10,14,11,12,21,16,20,14,5,13,14,19,14,6,18,1,9,17,13,15,16,16,20,10,2,14,0,0,12,15,11,1,13,10,1,14,0,0,1,1,4,18,1,16,19,14,13,15,16,14,20,20,18,11,15,20,11,17,19,0,13,20,18,1
7,2,1,21,12,3,13,15,9,17,23,1,18,11,1,9,13,17,0,13,20,9,20,1,18,17,14,15,9,0,0,15,14,18,14,17,22,3,8,0,3,13,13,16,15,16,3,1,19,0,12,1,15,11,15,2,14,15,12,16,18,0,0,12,3,15,10,18,1,16,17,16,16,18,24,10,0,1,11,2,17,0,12,2,20,17,13,8,18,15,13,19,0,11,19,12,1,14,16,13,3,0,10,12,12,11,15,1,11,13,15,18,15,1,15,18,1,18,0,0,19,13,14,10,10,17,1,20,15,0,8,14,10,0,1,12,15,1,26,22,18,19,13,12,14,15,17,16,20,22,17,11,0,16,15,0,0,17,14,19,20,14,16,15,20,23,14,14,0,12,15,19,0,15,14,0,3,13,1,21,16,1,0,15,27,17,2,18,0,15,9,22,11,18,14,2,23,8,15,1,0,13,13,0,18,9,14,2,18,17,20,14,3,18,21,9,12,0,14,23,18,20,17,11,18,14,13,2,7,24,1,14,9,10,1,10,9,17,10,15,16,2,12,21,17,3,1,26,17,1,22,7,16,18,14,16,2,12,0,22,20,14,18,17,22,16,1,14,18,18,12,2,0,12,13,0,1,11,18,15,3,19,18,12,11,4,17,13,12,0,14,9,0,9,19,10,1,1,0,2,1,9,17,3,13,15,1,2,1,11,15,15,18,13,1,17,0,20,1,14,2,2,16,16,0,2,0,15,19,1,12,10,15,11,3,1,22,11,18,4,14,15,11,14,12,16,15,14,11,3,10,15,1,13,17,12,0,18,17,0,19,16,10,14,19,16,21,13,15,11,16,1,11,10,11,14,13,2,18,12,17,19,0,19,19,0,17,24,15,0,2,23,2,0,18,9,7,12,12,15,12,18,0,14,0,9,24,24,18,12,0,10,14,16,12,2,10,18,14,20,13,24,14,17,25,16,9,2,27,16,0,14,15,9,11,13,15,18,2,6,14,11,18,0,16,22,12,17,18,10,1,18,17,15,14,15,1,1,10,17,12,17,0,1,15,1,16,1,16,13,18,0,19,10,18,15,11,12,16,14,17,1,6,20,14,15,0,19,18,10,1,17,0,18,19,15,21,0,0,9,24,16,15,17,15,2,13,9,16,19,7,17,17,10,15,18,17,21,12,11,16,3,15,9,17,5,14,15,11,12,12,17,22,2,1,11,9,17,15,15,18,15,24,15,16,1,20,18,14,14,19,21,1,17,0,14,0,1,10,0,15,0,15,1,12,0,12,18,12,1,14,9,0,0,9,19,11,16,12,15,12,15,15,2,14,17,18,11,15,21,17,6,13,14,10,14,24,2,15,18,19,0,17,2,19,15,17,11,12,9,23,1,16,18,1,1,2,15,2,0,1,19,17,18,18,19,12,14,15,20,12,15,13,9,15,11,10,11,18,12,17,1,11,17,15,29,1,16,12,22,17,14,17,18,1,1,2,15,12,14,18,27,2,22,12,16,15,16,14,16,13,18,21,14,19,11,0,13,2,27,13,10,14,11,6,1,16,0,18,18,0,8,17,1,2,20,1,20,15,14,10,7,1,12,16,15,14,12,21,18,19,0,13,17,16,12,16,18,12,6,15,15,15,12,13,1,9,10,20,0,15,10,20,11,0,14,14,14,17,14,15,10,19,2,13,17,17,1,15,18,19,19,9,17,17,16,13,20,17,12,18,15,1,11,20,13,16,19,19,16,16,16,18,21,20,17,8,13,14,14,17,14,0,17,13,17,17,16,20,22,0,3,2,17,15,2,22,15,21,11,6,18,24,19,0,1,15,13,15,24,21,14,18,15,0,10,0,11,0,0,27,14,10,11,13,8,0,18,11,17,15,2,14,1,12,13,13,0,19,3,10,2,1,13,16,14,11,0,20,14,0,1,18,16,14,3,15,14,13,18,0,19,11,20,11,19,19,11,19,12,3,1,11,8,11,20,0,11,15,13,19,17,12,15,1,17,14,14,8,19,3,24,1,16,11,23,18,1,26,0,25,21,16,1,22,2,13,1,19,10,7,15,15,15,14,1,1,0,18,9,16,17,16,11,21,16,16,12,12,12,14,18,21,15,1,1,19,19,17,2,1,24,16,1,14,0,23,19,11,14,15,18,17,11,0,15,13,18,17,18,20,3,0,8,2,14,22,16,18,19,0,8,12,14,22,9,11,13,2,17,18,19,14,15,13,14,17,0,18,22,3,17,19,17,1,1,14,24,0,15
18,21,16,9,17,19,13,14,1,0,12,12,8,17,0,19,13,2,13,21,13,12,1,15,20,16,3,18,10,15,2,0,17,13,12,17,0,2,14,15,18,7,0,20,1,15,24,12,13,1,17,13,17,1,17,10,0,14,14,10,14,18,17,5,0,0,11,11,13,2,14,13,17,12,16,1,1,12,10,20,13,19,0,17,12,0,1,1,16,15,10,12,18,1,19,13,2,12,11,13,18,19,17,14,0,22,13,15,13,0,17,19,12,1,0,22,15,15,11,0,11,0,13,16,20,19,1,11,0,15,12,17,16,16,14,13,11,1,14,13,8,20,17,17,15,6,12,10,14,0,13,17,16,18,10,14,13,16,1,12,10,17,0,12,17,17,8,17,15,20,10,16,1,0,21,13,13,0,1,10,1,18,1,1,18,15,0,2,18,19,13,16,15,1,0,13,2,22,13,19,14,14,11,10,11,12,18,18,28,18,16,17,17,10,16,22,22,3,18,18,12,13,2,2,18,1,13,10,13,9,18,0,5,14,0,0,16,0,15,1,19,17,24,11,11,15,10,15,0,16,1,8,10,13,13,12,13,2,11,15,14,1,1,15,14,22,14,22,12,24,16,15,12,1,14,1,12,19,13,11,13,9,8,14,17,2,16,14,11,2,10,15,13,19,13,16,19,0,15,17,18,20,0,24,18,9,11,19,11,12,15,15,2,17,12,14,1,2,14,14,12,19,0,0,13,18,1,15,16,2,17,16,10,9,13,18,1,0,16,12,15,16,19,9,11,1,8,0,19,3,14,14,18,18,12,19,14,1,14,18,19,15,0,16,1,14,15,0,9,12,1,20,12,15,1,13,2,13,14,14,11,0,10,18,17,11,1,13,21,17,16,16,17,19,0,2,22,0,18,23,2,15,13,9,13,8,9,15,1,19,11,19,11,18,20,1,19,14,15,9,0,17,9,14,11,1,12,23,13,16,16,13,0,24,2,18,11,13,15,20,0,9,16,3,1,23,10,15,2,23,11,20,17,14,15,17,2,13,13,12,17,16,18,0,8,1,1,9,13,20,14,10,13,0,8,19,15,10,14,12,1,2,13,11,1,14,17,10,21,18,18,0,16,14,9,14,0,13,9,5,2,13,13,0,1,14,1,17,22,1,8,22,13,1,1,17,17,20,13,17,1,13,0,1,11,10,20,13,10,14,0,17,19,0,12,1,17,17,21,17,16,25,17,16,24,15,14,1,9,13,11,8,18,0,1,2,10,12,18,20,15,1,2,14,16,1,19,1,20,3,17,14,0,20,15,0,17,11,0,20,0,16,0,0,13,12,14,18,2,10,11,18,15,1,1,12,14,15,24,15,15,1,17,15,16,14,15,17,15,10,1,17,8,16,11,11,16,14,12,17,14,2,2,2,19,19,0,11,3,12,1,18,13,16,17,12,11,18,2,17,4,13,0,14,18,1,17,0,13,13,18,16,15,1,16,0,22,18,0,15,15,15,8,1,14,3,10,0,16,14,14,13,12,15,16,1,10,14,8,14,14,10,16,13,13,18,14,17,9,16,11,13,13,1,17,0,14,19,11,14,14,16,22,15,11,16,10,18,0,11,17,1,12,10,20,15,11,14,13,11,1,10,1,1,1,12,0,11,21,12,22,0,2,18,18,14,0,17,15,2,14,13,17,22,18,11,9,11,1,13,15,17,0,11,10,12,16,16,18,11,16,12,11,19,20,2,17,0,0,17,1,17,21,15,1,12,15,22,12,12,13,2,14,18,12,12,18,18,13,1,2,16,1,10,19,10,10,21,1,12,17,14,12,22,8,11,18,14,16,0,15,23,10,2,9,1,18,3,16,19,12,21,1,1,16,16,16,16,1,16,22,15,12,9,15,2,20,12,18,6,19,13,20,11,3,16,14,12,20,0,1,0,11,22,1,16,10,15,17,0,21,15,9,22,6,14,1,12,13,11,1,15,1,14,12,13,3,11,18,1,9,15,17,8,10,20,20,13,23,2,13,14,16,17,12,17,16,15,0,13,1,0,4,17,19,0,0,14,18,10,14,0,18,15,11,17,1,16,19,0,11,16,1,14,0,2,13,11,13,1,19,15,12,18,0,1,15,16,12,14,12,0,17,18,15,14,1,20,16,18,2,17,9,12,16,13,15,17,21,18,0,14,2,13,17,18,2,8,17,2,7,8,18,15,1,13,2,11,15,6,2,14,16,17,1,2,9,4,18,16,2,0,1,10,12,19,1,12,24,15
1,9,1,18,15,18,14,0,0,18,20,0,16,13,18,15,16,18,1,0,17,10,16,19,21,2,15,17,10,12,16,0,10,16,16,12,20,15,1,1,23,22,13,11,19,14,16,1,0,20,15,15,8,0,18,2,14,7,12,12,16,12,4,14,13,16,17,13,0,0,15,17,10,17,19,21,14,17,2,14,19,12,9,19,8,12,13,18,20,17,18,17,18,13,12,11,22,16,0,14,0,18,12,1,16,13,8,24,22,0,14,19,1,17,0,12,13,20,1,14,10,1,7,11,13,0,3,17,2,10,0,17,17,13,14,13,13,0,17,13,15,17,15,10,15,19,0,1,0,0,17,2,9,10,11,21,16,15,1,9,1,12,5,21,8,20,25,13,1,16,15,21,19,9,12,1,0,11,14,15,17,11,18,17,17,0,19,2,16,14,2,17,13,21,13,13,11,12,8,21,10,18,2,15,2,2,12,9,18,14,12,19,25,14,13,18,12,1,10,10,20,12,21,13,18,2,1,8,2,11,2,19,3,18,2,10,0,12,30,16,2,13,16,16,0,3,0,15,24,25,9,1,10,16,16,12,15,6,11,13,15,12,1,13,1,12,9,19,15,9,16,16,8,14,10,9,16,11,2,15,12,14,0,13,17,12,2,13,0,12,9,20,14,0,20,23,2,1,8,18,15,1,19,1,3,10,21,24,19,1,17,0,2,11,9,17,16,11,17,18,14,11,2,13,24,1,15,15,18,1,1,16,2,13,18,16,1,11,20,16,2,12,18,12,18,2,7,17,2,16,11,1,16,0,11,14,0,0,20,2,0,9,1,2,17,20,16,3,9,15,16,15,1,0,2,20,15,14,11,14,16,6,7,16,2,16,3,18,2,15,19,14,12,12,1,1,15,18,1,1,13,15,0,18,16,10,19,15,0,14,25,0,12,1,0,11,12,22,14,1,16,17,12,17,16,2,23,12,21,19,20,0,23,22,12,20,19,1,16,5,0,13,16,23,11,0,16,16,3,17,15,21,17,21,0,14,7,15,17,12,11,0,1,16,13,1,16,2,20,1,13,0,15,18,0,6,11,17,10,12,13,8,12,13,1,18,1,0,9,12,18,25,0,18,20,15,10,22,16,17,1,16,19,16,17,1,0,3,2,0,11,10,17,14,1,0,12,18,0,0,16,16,18,0,9,16,14,2,1,20,0,17,15,16,16,1,20,11,1,2,13,28,19,1,11,10,12,19,0,2,1,12,19,18,0,2,18,15,14,23,0,0,14,13,3,8,13,13,18,17,22,19,12,0,7,14,16,0,18,16,13,2,10,18,14,20,3,1,19,1,7,2,11,1,17,1,2,16,0,14,12,2,12,10,0,22,0,1,15,10,3,7,9,18,3,26,0,20,16,16,16,0,1,23,12,18,16,21,16,1,24,2,11,16,4,2,13,0,16,1,1,16,9,6,0,15,16,14,12,11,17,0,1,3,20,16,17,0,11,2,1,15,0,18,2,17,13,17,20,9,0,2,0,20,2,15,16,16,2,14,0,0,1,10,12,11,13,16,18,14,1,14,16,16,0,15,18,11,1,5,1,19,1,20,2,14,12,15,10,17,13,12,17,10,15,7,19,15,16,18,1,0,16,19,14,15,0,16,17,1,14,21,14,16,13,16,16,14,1,11,15,15,12,15,15,19,15,1,0,11,14,20,14,17,14,14,9,25,11,24,15,10,22,11,7,14,22,4,15,13,2,18,15,19,10,25,17,1,1,1,13,17,19,21,15,14,14,14,14,12,14,1,1,3,2,13,21,21,15,8,11,1,0,10,2,20,17,14,21,15,0,17,14,23,13,13,13,15,19,15,8,0,22,8,0,15,13,21,10,10,2,14,22,15,16,12,12,22,14,9,1,13,12,0,18,15,14,0,15,1,14,13,20,15,11,13,19,17,0,1,1,15,9,11,13,21,11,12,0,2,14,12,21,21,17,0,18,0,19,16,14,1,17,12,13,12,13,19,13,13,12,15,19,17,15,2,22,12,10,16,2,2,2,1,0,17,2,1,15,21,22,13,15,17,13,0,15,8,17,15,16,13,0,18,19,18,13,18,19,11,16,1,14,15,16,17,13,0,2,11,17,9,0,19,19,12,9,19,1,17,9,18,15,14,13,0,0,14,2,14,19,19,21,18,14,10,22,23,16,0,1,1,18,0,13,15,15,2,18,1,7,21,11,14,7,2,2,12,0,1,18,7,15,1,15,17,1,1,16,18
20,13,16,20,8,0,18,14,0,16,16,22,14,19,16,20,13,18,0,15,0,1,15,0,11,15,0,14,17,1,10,12,9,24,13,17,17,7,15,15,8,0,1,17,15,13,17,1,12,5,12,6,17,11,18,20,13,14,15,16,10,19,0,18,14,13,10,0,1,1,16,13,1,14,16,15,10,11,17,1,22,0,15,14,21,9,15,24,9,11,14,9,21,17,0,16,17,0,2,13,14,22,17,10,0,2,18,16,13,13,1,15,18,14,22,13,10,15,12,9,10,20,16,14,1,2,11,11,0,11,17,14,21,16,15,3,12,12,10,1,15,18,2,19,12,13,1,9,2,14,8,15,17,15,20,0,14,0,14,1,15,0,10,15,2,13,19,18,0,22,20,17,29,1,2,13,20,9,23,16,1,0,0,1,9,20,17,5,1,2,18,16,16,13,19,10,11,15,1,11,21,16,17,12,20,11,9,14,12,19,16,14,11,15,14,0,1,20,17,1,1,1,16,14,10,17,15,12,2,16,11,3,1,14,11,18,17,16,1,3,9,13,1,2,19,6,17,12,1,14,10,16,17,16,17,7,14,2,20,20,16,21,1,1,12,15,16,0,12,1,16,14,16,7,13,13,14,12,21,17,17,15,1,18,21,16,17,0,12,19,11,18,1,11,1,14,12,15,14,0,25,20,11,10,0,17,19,0,2,1,21,11,14,20,1,22,18,16,20,11,20,24,26,21,1,1,27,22,23,15,17,17,13,19,14,20,17,14,12,11,18,3,12,15,12,17,0,19,2,2,11,16,9,17,1,16,16,23,17,16,12,13,0,2,16,14,19,14,1,2,17,8,14,17,0,16,13,15,12,2,11,1,16,13,18,4,18,0,14,11,22,0,1,14,2,10,18,16,20,0,16,1,11,16,8,0,14,0,16,8,20,8,20,13,16,4,13,1,9,21,1,15,14,11,10,11,5,15,0,11,12,0,17,15,18,15,25,0,1,16,19,1,12,2,21,10,2,13,19,15,17,15,15,9,14,15,21,12,13,18,0,16,21,16,9,1,11,22,19,4,16,1,2,0,9,14,2,19,0,5,1,8,10,20,18,18,0,13,13,20,14,12,16,1,21,1,11,11,13,10,2,14,19,16,0,0,0,8,3,14,15,18,2,2,21,9,15,5,16,17,20,12,14,13,14,0,13,17,19,14,22,16,2,15,11,16,7,16,15,1,0,12,17,13,18,13,19,21,16,11,13,14,20,15,14,19,18,12,14,16,19,1,15,0,1,12,1,15,14,8,16,13,17,1,11,18,0,12,13,2,12,13,15,10,16,1,20,20,3,11,13,10,12,16,18,17,13,22,10,0,17,15,0,19,0,13,16,10,14,9,0,11,12,12,2,1,18,16,1,17,4,15,13,18,17,18,0,17,16,14,18,1,0,2,16,16,0,9,0,18,12,18,1,11,9,0,12,3,13,14,2,20,10,16,13,12,18,15,1,23,24,12,1,1,2,22,2,1,12,24,2,12,14,16,17,11,16,1,12,0,14,2,15,16,16,16,2,13,21,16,20,2,11,9,13,0,0,11,13,13,0,19,14,20,21,9,19,20,1,1,15,3,23,15,20,10,20,15,7,13,3,13,10,16,16,14,17,16,21,15,0,11,16,13,27,23,18,15,16,1,18,18,15,16,13,0,16,11,18,8,12,7,10,2,0,13,16,14,0,20,2,11,19,2,17,11,1,6,0,15,13,1,18,0,0,12,14,22,1,7,16,18,15,16,17,15,0,15,1,3,15,18,11,1,11,16,11,17,1,15,13,16,9,0,0,0,1,20,1,14,18,18,0,21,10,12,0,0,12,16,9,10,15,12,0,17,11,8,2,14,16,2,14,16,17,0,17,0,1,23,9,20,0,17,1,12,8,18,18,16,1,12,1,20,2,17,9,14,0,15,18,17,21,16,0,1,14,11,18,16,17,9,11,11,15,1,0,13,9,1,15,17,10,13,16,19,16,12,17,0,14,13,14,22,0,0,11,14,14,16,3,10,14,10,3,12,11,0,13,20,11,18,1,21,17,0,12,1,11,13,1,1,0,16,16,17,13,13,15,1,21,15,11,14,7,18,12,19,0,14,10,23,19,2,17,3,19,0,0,17,13,14,21,13,17,16,11,15,15,14,2,17,17,12,19,18,21,13,19,0,18,16,14,20,19,12,17,2,14,1,19,20,0,20,17,17,1,14,17,0,21,12,13,17,1,19,2,0,17,15
0,2,0,3,21,10,18,2,1,12,15,19,1,0,3,16,0,11,17,12,17,12,14,14,2,0,14,15,19,19,17,11,1,21,13,16,14,21,19,11,11,2,15,14,13,22,0,15,13,2,4,11,1,12,17,2,15,15,23,11,19,15,1,12,2,16,13,14,1,0,10,17,11,2,11,19,13,1,16,12,14,0,17,13,13,12,1,22,10,16,1,0,20,25,13,20,14,3,26,16,21,0,12,3,12,13,0,1,1,7,19,11,11,12,12,13,12,23,13,0,20,20,18,15,14,13,9,21,1,12,1,2,0,14,20,0,18,16,19,11,11,1,9,17,17,14,14,17,26,16,1,1,9,12,13,0,18,1,15,16,8,14,2,14,3,14,10,15,21,0,8,12,17,15,16,11,13,0,17,12,0,13,15,13,1,12,20,15,16,1,8,12,20,20,15,17,17,6,2,1,10,13,15,15,13,16,19,0,11,15,8,1,13,1,1,13,20,11,19,18,24,13,2,9,1,12,16,1,2,16,10,2,0,12,10,13,0,15,15,22,17,12,19,19,22,1,15,18,0,10,16,0,1,11,0,16,12,13,17,15,3,1,15,15,19,11,16,2,10,14,0,17,8,22,4,26,12,0,2,16,0,22,14,15,11,1,1,11,14,16,1,12,11,0,13,12,0,14,18,15,0,17,18,9,19,15,17,1,2,15,22,11,16,16,1,0,8,12,20,19,2,0,2,7,3,1,19,16,11,2,18,0,14,16,16,17,10,10,2,1,13,0,18,18,21,10,5,1,10,8,17,22,14,11,18,0,13,18,13,16,20,18,13,13,2,1,1,17,2,1,18,20,17,7,7,2,18,14,2,12,0,11,9,12,1,1,6,15,19,15,17,1,18,15,15,15,19,18,11,1,15,13,11,2,18,9,17,1,19,2,1,18,10,14,20,18,15,1,10,20,22,16,11,20,16,1,15,18,18,18,15,14,12,9,18,1,17,12,14,11,11,0,0,23,0,15,13,21,16,20,11,14,19,14,1,22,16,13,23,20,17,0,10,18,12,1,3,10,17,20,15,7,3,14,18,12,14,17,0,0,6,12,0,1,13,0,1,15,19,19,0,0,17,1,16,8,12,2,17,10,17,18,12,18,19,10,14,0,11,13,15,10,18,8,16,19,18,18,17,0,11,13,17,15,2,9,6,20,14,1,17,1,2,19,2,12,18,0,19,18,16,23,12,11,14,22,15,2,9,15,20,1,13,11,17,13,12,22,15,15,17,1,1,19,7,13,17,14,16,12,0,5,1,22,17,0,10,10,18,15,18,9,16,0,1,18,2,0,15,14,0,23,5,0,15,19,13,17,7,15,0,14,16,1,21,0,20,2,16,1,15,17,20,0,10,16,1,20,8,3,14,19,1,0,15,0,13,14,14,0,22,14,15,19,15,14,16,18,0,13,10,13,0,2,19,13,15,16,13,15,20,12,9,16,10,18,15,0,17,13,13,19,13,15,10,12,18,16,1,15,14,13,16,15,15,1,0,3,17,1,19,14,14,16,20,17,11,24,1,13,11,12,14,16,12,16,11,1,16,1,18,16,0,0,2,12,21,18,15,13,22,7,1,12,17,9,0,0,2,1,14,22,1,7,7,13,1,18,15,15,17,16,10,8,10,1,12,0,18,0,23,17,2,9,16,18,16,13,19,19,1,2,16,12,22,11,1,14,1,2,27,3,16,14,24,24,9,14,16,17,13,1,0,3,12,20,12,21,1,22,12,0,12,18,0,2,19,1,18,11,2,19,11,23,14,15,11,16,9,17,16,20,17,11,18,21,15,0,9,16,18,3,15,12,1,1,13,12,13,17,0,18,18,16,19,16,17,2,18,2,2,15,19,15,0,16,19,21,13,16,16,17,8,13,14,15,0,14,9,12,13,13,13,18,14,21,15,1,18,1,18,14,0,10,0,12,13,17,12,19,17,2,0,9,13,14,12,19,13,11,16,17,16,14,12,14,12,14,1,13,14,0,9,20,0,1,15,23,8,10,1,4,15,11,10,9,13,13,17,16,10,7,1,18,13,0,1,17,0,17,20,20,15,14,2,12,10,10,13,0,1,15,10,21,2,15,19,4,2,17,17,0,12,13,23,0,9,20,17,18,19,15,21,13,10,10,0,18,16,11,0,16,12,14,8,1,17,16,11,11,23,7,19,5,16,13,12,2,14,2,0,15,14,18,17,16,19,16,14,20,21,1,16,13,20,0,14,15,12,12
15,0,12,2,14,15,17,1,11,14,13,16,13,12,21,15,0,18,3,18,18,0,16,1,16,20,12,17,15,23,1,11,14,17,10,16,16,13,17,16,14,9,10,24,18,19,14,15,15,11,18,15,13,0,20,16,13,10,13,11,2,14,17,17,15,13,14,4,12,19,18,10,13,14,14,18,1,1,12,0,10,19,18,12,17,8,19,16,17,12,16,6,11,9,14,17,13,11,22,10,17,15,17,23,1,14,13,21,19,15,19,21,16,22,0,16,20,6,15,8,22,16,13,14,14,12,19,1,17,0,14,11,1,15,0,15,15,22,16,16,21,13,19,17,0,14,1,14,20,18,14,17,12,1,1,17,16,16,14,11,17,11,0,12,11,12,15,14,12,18,17,15,15,1,13,14,18,14,20,1,1,21,15,12,15,13,1,16,24,14,18,3,11,12,12,21,17,15,1,0,23,13,18,1,15,19,23,1,16,16,13,1,1,17,14,0,20,17,12,3,12,20,1,11,0,17,21,22,25,16,20,14,13,9,8,13,13,13,18,19,13,14,20,17,2,1,2,12,16,24,16,0,1,1,16,15,14,2,9,15,14,15,12,15,0,11,1,0,2,17,2,23,13,12,16,11,11,0,20,13,16,16,14,1,2,18,22,17,12,14,20,13,1,3,13,10,16,16,16,19,23,18,9,12,17,12,12,23,14,15,0,7,16,18,18,16,17,0,17,12,2,2,19,21,9,0,16,19,12,2,15,18,10,0,14,0,21,0,15,11,14,16,16,15,18,0,16,11,1,19,13,2,18,1,17,17,12,18,13,13,12,10,1,13,16,8,17,19,17,13,9,17,26,0,14,1,14,21,0,15,12,12,14,13,12,7,13,18,13,1,18,20,13,8,1,13,19,0,9,2,14,9,19,6,10,15,14,16,2,18,0,15,0,12,14,10,15,0,17,1,17,17,8,1,17,18,18,17,13,11,14,9,22,20,12,23,13,14,10,13,0,9,2,1,17,23,14,18,16,1,0,15,16,16,17,12,8,12,16,2,19,18,0,17,0,19,18,9,1,0,1,8,20,16,12,17,19,11,13,1,19,13,16,1,15,15,9,0,9,19,0,19,18,11,15,0,0,0,17,2,21,21,14,18,17,10,12,17,23,17,0,11,26,0,17,15,15,11,13,8,20,15,17,18,12,16,1,13,13,15,19,13,18,2,13,15,14,14,21,19,16,10,19,11,12,17,12,10,19,14,15,22,1,13,16,3,8,22,18,1,17,21,17,18,19,1,17,17,14,0,14,2,9,13,14,9,1,10,12,0,17,13,15,16,16,11,15,11,17,15,15,15,0,17,9,14,21,1,12,15,17,12,16,20,11,17,7,13,3,17,17,19,9,13,1,8,15,11,12,14,16,16,16,17,13,2,2,14,16,0,20,0,0,1,0,15,1,11,2,1,17,15,17,15,11,16,19,1,14,16,15,17,13,15,1,0,13,11,12,11,1,18,0,14,19,2,7,3,3,12,14,21,17,16,8,12,0,0,19,13,0,11,24,21,0,9,4,13,15,16,11,14,12,13,16,13,13,28,0,0,9,19,11,8,1,13,21,8,21,10,12,11,1,18,5,12,19,20,11,15,2,11,13,23,13,13,10,1,20,2,17,8,12,1,15,14,15,13,22,15,13,0,0,0,14,18,3,16,11,15,1,14,13,1,0,1,19,2,12,15,21,1,13,9,14,1,16,11,12,1,13,18,0,19,16,16,17,18,24,0,11,13,12,0,10,1,2,12,1,19,0,14,1,15,19,13,19,12,1,13,14,15,1,20,0,13,14,16,18,13,10,16,2,2,10,1,10,10,1,1,2,18,15,16,2,12,0,12,15,2,0,3,20,15,10,0,15,14,0,15,17,14,20,15,11,15,22,2,8,18,2,1,12,19,12,17,12,15,13,17,14,19,18,25,15,14,0,10,18,21,14,11,9,22,18,14,14,3,15,17,15,15,12,18,9,16,7,15,13,14,14,14,1,0,17,11,14,13,16,23,15,0,0,1,12,10,18,18,9,12,13,21,15,15,1,0,19,17,19,15,18,0,12,0,21,0,0,15,1,15,21,14,18,22,10,18,0,17,15,11,0,0,16,13,13,3,16,2,4,23,20,2,10,19,1,22,0,0,1,17,17,19,14,1,17,20,16,10,1,0,10,10,0,17,15,19,18,13,17,12,17,18,3,9,14,0,9,11,15,16,10,17,9,12,1,0,15,18,15,15
1,13,12,0,22,13,0,11,0,15,13,1,21,14,11,22,17,13,18,0,20,1,19,0,12,11,18,8,1,17,1,10,15,14,12,12,20,12,14,0,0,11,16,17,14,21,13,4,16,0,16,9,21,14,28,0,0,2,22,19,19,14,12,0,19,1,17,3,8,1,17,16,21,23,10,22,1,14,11,9,19,14,19,8,11,17,13,17,26,2,0,9,0,17,1,17,13,17,15,1,8,21,0,17,18,14,12,18,24,0,22,11,5,21,19,15,0,13,26,0,0,1,15,2,15,3,1,11,3,19,0,15,13,14,1,15,2,21,11,17,17,16,17,1,23,1,3,1,15,14,17,13,11,4,19,19,10,14,13,0,2,15,15,15,9,0,9,10,15,14,17,12,12,2,13,17,1,17,0,23,13,1,24,28,0,12,16,16,13,19,15,18,0,1,15,9,19,0,16,0,11,0,15,14,2,15,11,14,17,17,1,1,21,1,17,22,13,13,18,2,19,21,18,17,20,9,7,16,24,1,20,13,14,16,15,14,3,15,11,17,14,25,11,13,12,0,16,15,15,10,1,0,0,1,10,16,23,19,25,9,9,8,2,14,3,3,14,17,11,2,13,18,20,13,16,19,0,1,11,9,3,0,11,1,16,10,19,0,16,10,18,14,0,17,12,9,17,17,14,15,14,7,3,10,0,25,15,9,14,26,7,14,18,1,22,17,14,15,2,11,0,12,10,17,18,0,16,17,14,17,20,12,17,0,19,17,15,17,12,11,12,19,21,13,14,17,21,21,11,18,14,12,20,17,15,17,16,24,21,14,0,15,20,2,8,16,14,22,13,0,13,0,2,22,19,14,1,14,13,10,18,13,16,10,13,14,14,18,8,0,2,18,22,1,12,0,1,20,14,20,15,16,2,16,8,21,16,13,12,14,22,18,10,18,1,18,15,19,18,12,12,17,11,0,1,11,21,16,21,11,18,1,13,16,11,1,18,14,18,0,14,14,16,10,24,21,23,11,17,8,2,1,0,12,2,1,1,18,15,1,15,19,3,12,0,1,18,9,19,19,16,19,13,25,12,2,15,17,18,15,16,2,2,12,1,1,15,13,1,18,13,1,0,14,17,14,11,15,2,20,16,15,13,18,16,17,17,1,14,14,13,11,1,2,17,15,17,21,2,17,14,19,9,17,18,14,12,0,0,9,23,18,1,23,14,15,3,1,12,0,9,18,2,30,12,16,15,12,12,19,11,16,17,9,17,17,14,12,2,20,14,0,16,0,12,0,22,21,0,1,20,11,1,21,11,0,13,15,16,12,1,13,10,12,12,18,11,2,1,10,0,16,12,19,0,2,0,16,11,22,0,11,12,6,11,15,7,2,20,20,2,27,17,11,1,14,0,18,24,10,8,8,15,18,11,16,13,15,10,12,0,22,19,1,15,11,16,20,15,0,11,18,0,13,0,10,20,21,2,13,4,20,13,0,18,18,14,11,14,0,6,19,19,0,0,2,23,14,22,15,10,11,26,16,0,21,16,10,0,0,11,0,18,0,17,0,17,1,12,20,0,18,19,14,20,11,9,1,16,0,16,18,0,4,0,17,13,18,7,12,5,19,2,15,10,14,22,22,3,22,16,13,21,20,1,1,11,13,1,6,0,1,14,2,19,9,10,14,15,14,15,7,0,1,11,9,14,16,10,15,9,15,20,16,14,14,12,1,2,20,13,1,17,0,16,1,15,19,10,21,0,12,21,17,9,22,14,15,0,23,1,16,15,0,15,14,14,14,16,16,3,2,15,18,16,14,14,9,12,15,17,0,14,14,15,2,25,0,10,18,16,18,15,15,15,0,9,10,0,14,16,17,20,1,15,1,10,0,13,16,24,17,13,2,12,13,14,0,9,0,15,1,13,1,2,1,16,3,15,14,1,0,15,13,14,15,18,14,17,18,21,1,19,0,3,15,1,16,18,9,14,12,4,17,16,16,11,19,16,10,17,1,1,23,18,17,22,19,2,17,8,18,14,1,17,12,17,13,15,0,18,11,18,17,11,13,2,6,14,1,1,15,9,13,14,14,16,9,1,11,15,2,0,11,0,20,21,15,14,13,0,14,20,10,1,19,0,15,21,3,1,14,2,14,13,11,1,21,21,0,0,22,11,0,15,20,18,14,16,15,23,19,9,16,16,24,14,12,20,1,20,17,21,0,15,13,1,10,10,19,12,14,16,17,10,13,16,21,17,19,1,18,0,0,12,14,12,16,14,16
12,10,11,6,22,0,21,1,14,1,16,2,23,14,11,19,9,19,2,15,27,17,17,10,13,11,12,15,19,1,2,16,1,17,14,1,18,13,10,11,14,12,20,18,14,10,15,3,15,23,12,14,0,10,13,16,13,16,13,1,11,0,11,14,12,9,11,14,15,16,16,13,18,0,16,2,16,19,1,14,8,11,17,1,10,10,20,16,1,8,12,17,10,14,17,16,18,1,20,12,4,14,15,17,21,16,18,3,0,2,15,13,8,13,17,15,29,16,0,12,20,2,1,7,17,0,9,2,16,16,14,19,12,1,21,19,17,1,14,13,1,10,11,10,0,0,15,19,12,22,15,22,0,14,19,1,25,17,1,15,1,1,14,0,10,22,12,20,19,10,9,0,18,18,12,11,17,14,22,0,11,13,21,18,14,4,18,12,8,13,0,23,0,1,14,14,21,13,14,14,1,2,16,8,20,1,11,17,20,18,9,20,0,13,14,18,14,1,2,1,6,21,1,17,15,2,7,2,10,0,22,15,9,29,30,0,22,0,20,15,24,14,17,11,1,17,13,16,2,1,23,14,0,15,0,21,10,12,0,22,16,17,13,15,0,18,1,13,13,9,1,11,17,11,1,11,2,11,3,11,13,0,12,3,2,15,1,12,20,0,15,20,16,13,10,14,20,14,1,0,8,14,10,3,16,16,1,15,3,2,1,17,11,15,10,0,20,1,16,0,16,19,11,17,18,13,13,17,18,1,13,11,11,21,16,2,14,24,9,1,19,16,14,18,16,16,10,12,10,0,11,0,1,19,12,17,2,10,11,18,12,8,0,10,18,12,24,14,20,14,17,12,18,2,13,0,15,1,15,15,17,1,14,15,16,15,3,15,12,13,15,10,0,1,24,1,1,3,2,0,14,14,20,0,0,14,16,16,12,15,2,0,18,10,2,17,23,14,24,18,12,12,16,15,15,7,17,19,17,20,13,0,0,13,12,4,23,19,9,18,17,13,15,8,17,14,13,14,17,2,18,16,8,16,1,15,0,14,13,14,2,12,11,17,16,16,17,19,0,20,15,0,11,1,21,19,1,13,0,0,13,13,13,12,1,25,2,13,3,11,14,12,14,2,16,14,15,1,17,0,10,15,20,19,14,20,0,19,19,11,7,2,13,21,16,22,20,2,24,17,17,0,14,0,1,1,16,17,0,18,0,17,14,1,12,18,14,1,2,18,13,12,19,19,19,2,15,19,16,11,19,18,19,3,2,9,6,0,17,17,15,23,12,2,16,0,0,10,0,23,11,14,19,20,13,13,13,13,0,0,17,8,23,13,15,20,0,15,21,15,2,12,0,13,17,14,18,9,22,1,12,23,12,0,16,13,1,3,24,1,15,11,15,18,21,1,2,13,9,25,9,14,12,14,3,12,10,9,16,15,20,3,7,0,15,22,18,14,3,2,1,8,20,14,12,23,12,21,13,23,15,17,13,0,13,14,4,0,14,11,21,14,15,0,0,6,18,14,13,0,16,3,1,11,11,2,1,1,0,15,10,8,17,13,18,13,17,14,15,2,19,25,14,8,6,1,8,13,0,2,9,2,13,14,3,2,10,19,1,17,18,17,14,21,15,13,0,21,1,0,13,17,12,20,16,14,25,27,13,18,15,1,0,13,10,13,19,10,22,12,17,12,1,18,0,18,18,15,1,1,14,14,14,19,15,7,14,11,8,1,14,14,16,13,13,17,20,10,0,14,15,14,18,26,8,0,14,3,9,16,0,11,21,19,14,11,17,20,0,16,1,15,14,15,21,19,12,15,19,14,11,0,1,15,15,0,2,21,2,18,22,14,2,16,1,19,0,24,10,14,12,20,19,15,24,15,14,16,2,13,11,2,3,1,10,0,11,16,14,6,14,15,21,12,9,14,11,16,2,6,18,0,15,25,13,23,15,18,17,15,14,16,11,13,0,1,1,1,18,18,16,1,1,3,20,18,0,1,17,13,1,7,21,20,17,11,11,0,18,22,1,14,0,0,19,16,14,18,16,1,15,11,0,8,1,10,9,12,12,1,13,19,17,19,11,11,12,0,12,10,1,14,1,1,11,16,11,13,0,5,2,14,16,16,8,12,2,13,13,1,14,16,1,15,13,18,12,15,16,3,13,18,11,21,1,8,15,17,0,1,12,0,19,12,13,14,11,11,16,18,16,14,9,17,10,12,0,1,15,14,22,15,18,2,16,17,15,1,16,19,14,19,16,16,14,8,1,13,11,10
1,12,11,19,16,13,17,19,2,10,11,16,14,2,16,20,17,16,20,1,19,9,12,17,9,14,18,12,12,16,12,16,17,0,11,14,18,13,0,24,9,14,10,17,0,12,11,0,0,22,17,0,21,3,15,2,1,3,1,16,0,9,17,9,0,12,14,0,17,0,20,23,23,14,0,1,1,2,0,2,1,0,2,11,0,2,4,15,10,11,22,12,19,17,1,13,27,8,15,21,0,4,14,3,8,0,16,11,4,13,18,14,1,11,1,16,16,19,10,13,13,14,0,16,15,14,14,14,0,10,1,16,14,14,18,14,20,23,11,20,1,14,0,10,12,14,15,14,0,17,16,15,15,0,14,15,0,18,14,15,2,0,16,0,15,16,0,21,12,15,18,19,21,10,13,10,14,11,3,15,21,22,11,15,11,13,0,12,17,10,11,13,13,2,14,15,16,15,12,25,1,0,1,2,0,0,13,19,9,2,2,22,2,2,2,0,13,16,0,9,12,23,18,16,12,18,8,15,14,0,18,11,15,11,14,12,11,18,0,13,11,13,21,1,12,0,20,0,14,12,16,13,15,18,13,12,12,2,17,0,1,20,20,19,17,13,8,14,1,10,21,20,17,18,8,2,11,16,10,14,0,14,17,9,24,14,15,16,1,15,14,16,18,0,0,0,7,11,13,14,23,20,0,16,13,1,18,15,14,8,21,16,8,2,3,11,9,11,3,14,7,15,2,13,16,9,13,16,14,13,15,2,2,12,10,18,16,15,20,15,13,21,8,13,18,10,1,12,13,22,19,11,14,2,2,12,30,0,15,1,11,12,18,20,1,0,26,1,12,0,10,16,1,10,19,12,1,11,1,1,15,17,17,14,13,12,12,0,14,13,18,12,1,19,0,20,22,15,14,1,16,14,14,13,0,16,9,1,13,13,17,18,1,17,16,16,6,14,14,0,14,23,18,0,18,1,17,16,0,15,22,11,11,16,21,18,2,18,20,13,20,12,1,17,0,13,1,1,19,1,15,17,18,17,11,13,15,14,15,4,16,17,11,13,14,0,15,1,14,22,13,8,13,10,10,0,17,13,12,21,21,14,16,17,3,16,19,3,32,26,17,14,17,13,15,12,1,14,9,8,10,17,19,3,13,13,16,13,15,2,10,9,1,17,18,11,1,15,12,2,22,21,1,14,22,0,19,19,0,1,16,11,12,14,23,16,18,18,0,19,8,4,13,9,9,19,19,1,12,23,8,11,10,9,21,17,11,13,2,0,12,12,10,24,17,1,19,18,15,2,16,0,9,15,16,16,15,13,2,14,14,15,13,20,15,11,12,19,14,17,7,0,11,21,15,1,14,14,18,1,18,18,0,1,1,11,12,1,15,17,20,11,16,12,18,2,0,21,12,1,1,13,18,16,16,17,9,14,0,10,21,14,14,16,15,17,16,14,15,14,2,12,14,0,18,12,10,10,0,18,1,0,12,14,17,14,17,8,15,10,12,2,17,0,0,19,22,14,14,0,16,15,12,15,13,19,0,15,1,1,10,0,0,1,1,19,17,18,11,12,12,18,1,15,11,19,21,13,18,9,13,17,12,2,20,10,17,0,1,14,10,0,17,21,1,12,12,6,16,1,21,9,19,9,21,19,18,19,15,13,16,14,11,1,17,2,16,3,2,1,11,19,19,14,1,10,25,16,15,13,1,21,11,16,5,22,13,15,20,20,14,16,11,1,3,11,1,9,1,10,17,17,0,1,12,16,18,10,14,10,1,1,15,2,11,13,0,12,12,15,11,17,0,2,0,16,18,1,21,10,2,12,15,16,15,2,17,14,14,0,1,14,0,16,14,0,20,0,19,14,23,11,11,15,0,15,1,14,17,1,12,15,1,10,10,15,12,0,16,2,14,12,13,12,14,1,16,17,9,20,12,15,11,0,17,15,15,27,23,1,1,1,0,17,17,15,13,15,15,17,11,14,13,10,18,15,11,1,14,11,16,17,1,0,18,15,2,0,15,11,9,15,14,16,16,16,14,1,16,19,1,13,15,1,1,13,1,1,20,17,17,12,23,1,16,22,12,17,1,2,14,18,11,19,15,2,15,15,16,3,16,13,15,9,17,0,19,18,12,12,16,2,19,0,16,17,10,16,12,1,18,0,18,20,18,0,14,1,22,13,9,20,20,20,11,12,13,2,1,9,14,16,12,11,0,11,12,21,1,19,12,8,0,2,16,23,11,0,10,14,17,8,14,14,0,15,17,14,14,14
12,12,3,15,18,15,12,24,1,13,0,14,0,1,1,13,14,13,19,14,8,0,1,0,3,1,13,1,13,10,13,16,13,12,18,15,1,1,13,13,17,12,17,1,13,12,9,21,20,7,14,18,0,16,1,23,14,11,14,14,15,12,13,16,15,15,18,11,12,11,16,21,3,15,2,15,15,16,17,13,12,17,10,3,14,17,14,12,1,10,1,13,18,13,21,0,14,14,16,11,0,14,15,3,12,0,17,18,1,18,2,0,19,16,17,8,21,20,0,15,9,12,25,6,17,1,11,14,11,13,19,22,1,1,14,3,21,16,11,15,12,11,0,15,19,11,13,14,0,23,19,20,13,9,10,1,11,0,17,18,1,0,22,16,12,21,18,0,4,1,17,12,19,15,0,19,1,7,11,14,0,15,1,13,15,11,11,1,0,0,14,16,20,20,13,19,9,12,15,16,0,14,1,2,12,10,13,2,2,10,11,1,19,10,15,23,2,2,1,9,14,15,3,8,2,0,1,2,2,19,12,18,8,13,19,20,20,21,16,15,15,8,14,3,1,16,15,15,15,12,15,12,16,15,16,13,16,0,20,11,2,0,21,16,21,16,9,21,19,16,0,11,19,16,1,1,14,1,17,19,14,13,8,13,12,1,11,13,1,0,19,14,16,20,16,17,25,1,1,1,8,13,1,14,11,15,21,0,0,11,16,20,16,0,15,13,8,13,1,10,11,1,13,11,8,14,18,16,14,1,18,0,2,13,11,19,15,12,15,19,10,1,1,13,18,1,12,17,15,13,19,15,12,0,15,2,16,11,2,11,12,13,12,17,14,1,0,19,17,3,25,18,10,11,16,13,17,16,17,15,18,16,11,23,24,0,1,14,12,14,3,23,19,22,13,13,1,9,17,15,17,1,8,19,20,18,15,0,17,15,15,19,15,13,18,0,1,1,12,11,17,14,21,18,7,17,10,11,21,20,14,11,0,15,9,12,17,17,8,21,16,0,17,17,20,13,18,15,13,1,1,12,11,18,13,13,9,1,0,11,0,20,19,0,0,25,1,11,22,16,13,14,18,1,14,12,1,14,0,13,14,15,19,13,15,15,0,23,14,13,13,9,18,20,22,1,17,15,0,11,18,13,13,17,11,0,14,10,12,16,11,17,1,19,5,22,21,13,1,18,9,14,14,14,1,11,13,15,2,11,1,17,15,14,2,2,12,15,17,10,26,12,13,16,15,1,15,9,18,2,13,1,15,14,14,13,15,14,12,15,15,7,2,15,16,1,20,3,13,18,2,1,16,14,1,18,14,12,17,2,1,11,10,9,12,17,12,15,19,16,1,15,2,1,0,20,2,0,11,27,14,11,23,22,19,18,0,13,12,12,16,12,1,11,12,19,15,12,19,15,16,7,8,15,9,2,12,13,9,14,13,21,18,17,1,13,22,20,1,18,1,1,12,18,2,17,6,11,2,0,1,0,11,17,17,1,2,1,15,2,1,10,13,0,16,17,2,0,15,3,17,0,12,14,14,16,18,13,16,0,20,18,9,17,9,22,1,2,8,11,14,1,15,20,1,17,19,12,10,9,2,12,1,18,10,0,2,21,14,0,17,12,21,1,13,0,10,18,13,24,1,18,4,19,2,16,14,16,17,15,14,0,14,15,10,15,14,17,22,1,18,12,3,9,17,1,12,2,16,16,1,14,21,2,2,14,22,7,15,0,13,2,12,1,10,0,18,0,19,19,17,0,16,19,11,13,2,23,14,16,15,6,14,2,10,14,1,8,9,15,13,18,9,10,0,13,1,14,14,21,13,12,1,15,2,0,16,10,2,1,15,13,1,10,1,15,1,18,16,23,17,1,20,9,5,0,24,18,17,14,20,19,19,12,2,16,15,10,1,1,15,18,15,13,16,13,8,13,14,2,8,21,0,1,19,13,13,14,17,23,8,19,1,22,9,20,17,14,21,13,17,17,16,8,12,12,13,1,18,12,21,10,19,16,14,2,15,0,17,12,8,20,1,0,13,17,11,17,24,16,10,12,20,13,15,14,17,11,12,1,17,17,12,12,14,12,2,15,1,0,18,1,13,2,2,14,15,16,17,1,15,12,1,0,6,16,1,16,8,17,14,15,19,2,10,0,12,1,16,17,13,16,17,10,15,22,13,8,0,8,22,16,12,2,0,10,2,1,11,12,1,1,0,2,19,0,17,11,23,15,17,0,17,14,12,13,15,12,21,15,17,16,0,1,12,15,12,0,13,9
2,1,18,11,16,13,16,25,2,18,20,19,16,9,9,0,0,11,15,1,1,16,0,10,0,12,16,6,20,1,13,10,13,15,1,9,13,24,25,16,2,10,14,1,11,1,1,3,16,13,17,21,3,14,12,16,14,13,1,1,13,12,11,15,1,14,13,0,1,13,18,11,1,12,14,22,13,13,23,11,9,13,0,12,16,13,15,21,13,17,11,10,13,18,25,0,13,16,20,1,13,13,16,20,1,12,16,0,0,15,16,10,17,18,10,18,12,10,2,14,24,9,23,1,15,15,19,1,15,15,21,17,2,0,9,1,16,1,14,15,2,14,20,16,11,13,17,10,11,15,16,16,12,16,14,13,12,3,11,16,17,17,14,16,15,26,14,16,11,19,14,17,11,20,9,8,18,3,16,13,11,21,12,13,16,19,14,19,0,19,19,17,17,13,11,19,3,15,0,12,15,10,12,6,1,0,12,10,0,11,1,17,18,21,13,2,9,15,12,13,7,16,10,0,2,17,16,13,10,1,19,19,19,10,20,0,13,16,22,10,20,10,0,26,15,19,1,21,14,2,1,18,10,9,8,16,12,14,19,3,0,20,0,11,16,16,19,13,1,15,12,15,18,20,18,19,14,22,1,20,9,14,13,14,8,0,12,15,2,12,14,17,19,16,14,11,21,16,1,17,18,0,15,10,0,3,14,17,9,12,15,17,19,12,16,16,11,0,17,19,13,0,15,21,14,1,16,19,16,17,0,4,0,14,10,12,21,21,16,16,0,1,25,2,20,18,18,1,16,19,10,17,12,16,16,0,19,12,9,2,12,14,11,16,10,2,21,1,13,22,10,12,10,24,1,16,15,14,21,15,9,0,15,15,14,16,0,0,16,18,13,10,0,16,20,0,1,15,1,1,14,11,19,18,12,0,11,21,16,16,0,19,7,0,13,11,18,24,12,16,16,16,4,15,16,1,13,20,13,11,1,25,14,15,9,15,14,15,19,2,17,21,13,19,22,15,1,12,2,0,15,21,14,14,19,1,11,20,15,0,1,1,12,16,1,19,19,2,1,13,4,13,0,4,0,0,2,13,16,0,16,15,17,2,12,13,16,11,1,24,18,23,21,10,20,0,10,17,9,14,1,14,14,0,11,13,1,14,17,15,14,23,16,19,17,25,3,11,13,2,10,16,1,17,11,12,8,23,1,8,15,16,14,16,0,15,1,1,15,2,19,10,15,14,14,16,19,16,13,12,11,13,10,18,0,30,16,17,18,16,17,17,0,19,10,21,0,15,15,19,0,10,25,17,11,0,7,10,18,0,15,9,10,20,13,11,14,18,0,24,1,16,10,1,18,0,21,19,23,3,22,19,19,1,1,1,12,13,13,11,14,4,20,17,12,2,17,21,18,11,1,19,0,17,0,14,11,1,14,1,15,15,16,16,0,12,13,1,9,0,0,17,14,15,15,19,19,13,1,18,21,3,0,18,0,1,1,0,24,21,5,9,10,18,13,22,10,11,12,16,15,1,18,2,20,20,14,15,2,10,11,14,15,3,3,13,3,15,14,11,14,13,2,1,2,12,0,16,13,10,17,19,0,3,0,18,11,0,0,18,13,20,18,12,18,0,13,14,24,0,15,21,1,1,19,9,24,11,15,6,2,13,2,17,11,13,0,17,2,10,27,12,11,0,17,1,15,2,20,16,9,1,14,16,21,18,15,12,11,11,17,12,0,11,17,16,15,21,24,12,0,13,18,9,18,6,11,18,13,1,2,1,0,1,16,1,26,17,1,14,16,4,15,15,21,19,18,16,18,13,10,0,9,17,10,19,0,8,13,14,19,14,19,0,17,13,0,13,22,15,3,20,15,10,2,17,2,1,15,17,14,19,15,20,13,15,15,10,0,7,19,18,16,14,16,11,8,16,11,12,9,14,11,22,17,1,11,5,19,16,0,0,17,12,17,13,16,6,14,16,2,11,1,3,1,2,17,14,18,14,13,13,13,12,20,20,13,25,19,1,9,17,22,16,10,20,20,18,14,0,15,12,0,19,11,13,16,19,2,11,15,16,1,7,14,20,12,0,1,0,26,17,16,0,12,14,0,11,17,10,8,14,20,14,14,14,12,16,16,16,7,0,2,0,1,26,1,13,2,17,10,13,13,17,11,20,22,1,18,12,17,1,0,20,1,21,1,0,0,0,9,16,9,12,15,18,10,17,3,15,1,1,13,13,1,14,15,22,5,2,23,1,14,17,17,0,0,14,12,12
1,17,17,0,11,17,11,1,15,15,11,8,20,1,12,17,16,1,19,8,16,14,19,0,2,13,1,16,15,14,13,12,18,11,11,15,0,21,20,2,14,2,16,5,0,15,2,12,1,1,14,8,15,10,1,15,16,16,15,1,3,0,14,17,1,1,0,11,19,1,13,15,24,1,14,13,12,12,17,10,20,12,10,0,23,12,13,13,15,18,24,2,2,16,0,12,2,11,14,10,15,0,19,13,11,0,17,17,15,16,15,18,26,17,12,3,1,16,8,3,0,14,16,12,11,17,12,17,21,17,11,19,14,0,17,0,9,8,9,21,14,11,8,17,10,12,14,15,19,0,10,4,10,18,13,16,18,9,19,17,20,2,10,21,19,22,17,12,15,12,12,16,10,12,0,12,10,1,12,9,0,22,0,0,21,20,0,1,2,0,0,12,12,1,13,15,14,12,16,15,1,18,19,22,1,11,17,18,2,11,18,16,10,13,11,16,3,12,13,13,13,15,11,0,24,0,19,0,18,8,20,19,16,16,12,0,11,13,19,16,9,9,12,13,15,2,12,9,17,14,1,17,19,17,1,3,0,15,1,17,1,11,18,13,2,14,19,26,19,10,0,14,0,24,15,24,14,21,17,14,9,1,11,24,21,12,5,15,9,11,14,1,12,17,15,16,11,15,17,21,14,5,19,19,13,0,12,20,0,11,18,0,10,12,17,2,21,13,1,0,14,11,1,19,0,14,14,23,11,0,2,12,0,19,11,0,0,13,16,17,25,14,8,16,0,13,1,15,12,0,20,11,0,17,14,16,2,20,17,16,14,19,12,17,17,1,20,12,17,16,17,0,0,13,16,1,9,20,20,11,1,11,16,13,13,4,9,1,12,15,25,12,16,2,12,11,13,21,12,13,13,14,15,14,1,1,17,0,13,20,18,19,21,17,12,0,14,12,11,13,16,12,20,13,15,14,17,1,1,10,13,15,19,1,15,0,0,13,1,17,0,18,19,2,18,12,14,2,0,14,17,20,12,17,20,20,0,0,18,12,17,2,20,14,1,23,0,14,1,18,14,12,22,10,0,20,22,14,19,13,1,18,10,14,15,0,13,12,1,15,17,0,13,0,9,10,13,1,18,0,1,18,25,15,18,14,17,16,16,4,2,21,10,17,18,3,20,10,18,13,3,0,1,12,1,22,2,18,11,19,1,0,17,23,12,15,22,19,13,19,13,12,14,17,18,2,3,0,8,2,25,18,10,17,12,16,20,19,0,18,1,19,19,19,21,13,17,18,19,16,14,10,13,15,12,17,12,14,13,17,19,15,17,10,21,9,8,9,1,14,18,12,0,2,13,1,7,7,12,15,14,1,16,14,16,16,16,19,1,11,0,12,14,20,13,1,16,7,1,12,1,17,16,12,0,10,13,14,14,17,1,23,0,20,16,17,13,18,2,2,13,18,18,0,2,22,16,1,16,17,21,6,19,19,0,14,13,21,24,15,12,12,19,17,10,16,3,24,8,0,8,16,1,13,13,19,3,20,19,2,10,1,15,15,2,13,0,20,15,12,14,26,0,13,21,1,10,9,2,13,12,18,9,22,1,0,0,2,16,19,0,17,14,22,15,15,14,7,7,3,15,13,15,14,17,11,9,1,21,2,18,13,1,14,11,9,11,19,0,1,15,10,13,11,22,2,0,17,14,18,0,17,19,26,20,21,0,0,1,10,17,13,17,18,22,18,14,19,14,19,22,16,0,23,3,3,14,17,11,1,12,15,22,19,0,3,1,1,20,15,17,17,13,11,13,21,15,12,20,13,0,1,2,11,20,14,15,16,15,0,28,13,16,11,1,1,12,8,3,1,18,12,13,0,0,23,8,10,1,1,13,13,14,12,10,14,18,11,1,14,3,16,1,7,10,22,13,16,12,19,14,1,14,22,14,23,0,0,17,23,2,16,13,12,11,19,1,16,1,3,19,1,0,14,12,2,20,12,17,1,14,15,1,17,19,2,16,15,14,0,18,16,15,16,17,1,10,10,1,13,2,15,0,14,16,16,18,14,19,0,0,20,16,14,20,12,12,0,17,1,0,14,16,13,0,16,14,19,17,12,16,13,21,0,15,15,11,0,13,9,0,16,21,16,2,1,10,13,14,16,11,14,16,16,13,13,11,19,10,15,15,21,15,2,14,13,2,15,2,13,13,18,17,12,11,13,20,16,14,10,14,11,19,13,0,17,4,13,21,13,20,19,20,12,21,0,16,13,1,10
15,16,12,22,1,15,15,11,11,23,1,2,9,10,8,13,18,1,13,6,12,11,12,13,13,17,11,11,15,8,11,1,16,17,19,19,12,9,6,18,13,12,12,24,20,12,21,16,19,8,2,16,0,21,12,20,15,19,0,15,0,11,9,1,24,10,18,14,9,19,10,2,0,10,2,15,11,15,16,18,14,12,16,10,18,10,12,10,3,8,6,15,2,16,20,0,0,13,20,22,7,1,11,16,18,15,1,3,18,19,0,13,22,5,18,2,0,9,1,0,15,2,11,0,2,2,14,10,16,12,10,15,2,0,0,13,2,18,15,13,17,17,18,15,13,13,12,2,0,1,12,19,16,11,1,12,9,15,13,17,0,15,14,9,1,12,18,18,2,19,15,11,18,2,19,3,11,23,14,10,10,11,1,12,0,0,12,0,17,22,0,17,1,11,0,21,1,12,13,16,17,14,11,0,15,0,22,16,20,0,12,1,0,1,18,1,15,16,1,13,13,1,17,15,1,17,11,22,19,13,18,0,0,2,2,18,21,18,1,17,5,1,11,11,14,22,8,13,14,3,20,19,11,18,4,11,1,9,15,17,1,15,1,0,19,13,11,0,18,27,13,1,19,17,0,15,21,12,11,15,23,13,0,1,15,1,10,14,19,13,10,1,17,13,8,7,10,18,17,8,16,23,19,9,21,19,11,20,1,0,8,1,16,17,0,12,0,2,1,2,11,11,19,17,19,1,15,13,11,20,12,9,15,15,17,14,1,13,20,12,0,10,1,1,18,21,11,19,14,21,13,9,15,1,19,16,2,16,16,2,10,15,26,12,15,0,17,2,18,22,16,15,2,15,21,15,23,14,14,14,21,23,9,12,14,17,11,18,15,1,3,16,12,12,7,4,1,9,15,13,18,13,19,18,15,24,21,15,12,19,24,16,21,20,12,1,10,1,12,15,16,12,2,20,12,9,17,21,0,0,15,13,14,17,18,1,2,15,17,16,20,14,19,19,14,2,15,12,19,22,25,18,0,24,12,9,0,14,2,10,17,9,3,18,1,2,3,16,1,12,0,18,0,17,10,10,17,0,10,14,19,12,15,12,21,16,0,1,0,2,16,10,6,11,14,1,11,11,1,2,13,14,2,2,10,1,14,11,16,0,1,1,15,20,12,1,14,2,21,16,14,1,16,2,11,10,11,13,21,13,19,23,3,19,10,15,1,13,15,15,14,11,14,13,18,15,16,13,11,1,6,14,0,1,12,18,6,15,16,15,16,12,13,12,0,14,2,0,1,2,1,18,7,15,17,2,20,9,16,11,16,18,24,12,9,17,18,14,10,6,22,0,18,10,13,13,12,18,10,1,18,9,22,25,8,15,20,19,0,0,11,1,2,1,16,12,13,0,11,13,2,19,18,16,9,9,0,15,17,0,13,19,2,17,17,0,20,18,15,14,15,20,2,20,2,14,15,13,15,19,19,2,0,17,12,9,13,12,15,12,14,15,15,21,14,17,17,1,14,16,17,1,0,17,2,17,6,16,14,15,2,14,22,13,16,1,12,0,0,0,9,13,19,11,0,0,14,22,11,1,15,3,12,19,9,0,16,22,11,15,15,14,14,15,15,16,2,9,17,16,1,3,11,16,11,20,2,20,18,13,18,13,12,11,21,3,15,12,7,0,8,18,18,12,1,17,12,15,15,12,18,16,10,1,2,7,21,2,16,15,1,1,18,1,1,18,1,16,14,16,15,19,12,17,5,11,16,10,16,15,20,15,14,15,17,12,16,11,11,2,17,16,12,1,13,2,16,19,0,22,1,10,14,16,17,8,17,3,3,20,2,4,17,17,11,14,1,15,18,12,19,10,19,1,0,10,19,10,12,16,16,2,20,12,14,2,18,17,11,16,1,12,17,13,14,8,18,11,17,13,15,0,20,14,17,1,13,13,14,9,17,14,17,14,17,16,17,0,13,16,18,2,18,17,22,0,3,12,0,1,12,11,11,13,14,10,0,7,15,17,11,12,2,13,18,16,20,3,10,9,20,17,14,8,18,34,0,12,0,1,17,16,10,19,14,20,3,16,2,1,1,14,12,14,16,20,1,19,1,16,0,23,1,0,0,15,2,15,17,0,1,8,16,10,2,0,15,18,12,7,16,11,12,16,19,15,2,16,21,18,12,0,17,10,19,12,11,13,23,0,12,1,17,18,19,8,12,0,18,11,11,10,1,19,18,9,11,2,1,11,14,19,12,21,12,10,16,0,1,1
1,0,19,17,14,14,14,3,24,14,3,28,1,16,17,0,16,0,0,2,20,12,16,2,11,10,16,18,16,21,10,18,15,9,13,2,18,20,13,1,19,17,25,11,12,1,17,17,12,16,0,14,0,9,17,17,18,8,14,20,2,18,8,16,10,1,10,14,19,14,13,17,0,16,11,11,21,6,4,17,12,13,1,18,13,21,13,12,16,13,10,1,15,14,19,17,12,17,3,9,13,18,20,13,14,2,18,13,1,16,10,17,16,0,0,24,10,20,15,13,14,19,18,15,16,11,1,21,12,9,2,12,10,9,17,17,16,1,15,16,1,17,14,13,15,19,13,1,2,12,4,17,0,19,0,1,15,1,3,23,15,14,20,16,16,16,1,2,0,13,1,18,13,22,1,16,23,14,18,8,9,11,0,11,16,0,17,1,13,1,14,19,18,10,20,7,11,14,18,16,1,23,19,0,1,10,10,22,20,4,13,16,13,18,1,14,2,0,18,12,15,0,13,1,18,1,17,1,10,16,10,1,0,16,16,10,11,11,1,16,14,1,15,1,17,18,19,12,16,11,17,11,13,22,15,20,15,11,8,15,20,18,1,1,13,14,17,11,14,17,27,1,14,18,2,2,16,12,16,15,20,11,14,0,20,0,0,18,17,17,12,21,11,18,16,8,10,18,12,14,13,12,22,20,0,4,19,18,16,15,18,15,23,10,2,23,15,15,12,25,13,13,20,17,16,17,11,24,24,13,21,0,9,22,2,21,19,12,22,13,19,22,12,0,13,20,19,17,12,16,12,27,0,12,14,21,16,15,10,10,13,17,2,2,18,17,0,0,0,13,18,0,14,14,9,4,11,15,11,13,10,18,19,20,22,21,18,24,1,13,11,14,10,15,0,20,15,16,10,16,12,1,18,2,14,18,0,22,24,9,14,16,16,15,20,10,1,18,0,14,12,14,14,17,10,16,16,16,20,13,22,14,17,12,18,9,12,15,10,16,10,10,15,18,11,19,14,11,21,9,0,14,15,16,12,13,12,14,17,17,11,9,20,20,10,12,0,13,10,16,19,17,25,0,9,17,0,2,19,14,16,15,20,0,16,12,13,0,16,16,15,17,1,1,12,15,2,11,4,12,13,4,17,7,16,1,1,15,13,14,13,0,1,11,13,11,19,24,13,18,14,0,0,13,11,12,14,23,1,2,17,17,13,15,15,8,1,15,19,13,22,0,16,2,27,17,14,0,17,17,11,10,19,3,14,19,1,16,18,9,0,10,23,19,20,22,16,11,15,16,14,11,15,13,19,18,10,12,11,12,10,10,11,16,16,18,13,20,2,1,14,16,11,1,14,2,2,10,12,0,1,15,10,12,12,11,12,14,14,13,0,18,12,13,14,16,13,11,13,1,23,18,25,20,20,23,16,16,15,19,15,19,13,0,2,14,18,12,18,0,0,19,20,12,12,14,2,12,18,14,1,20,18,14,10,21,0,16,15,10,13,12,1,20,14,15,21,22,1,2,14,10,13,11,1,0,14,0,14,0,12,16,2,1,18,9,16,16,13,15,16,1,15,15,12,12,7,19,1,14,16,11,19,11,18,16,17,18,11,17,21,14,0,12,14,11,12,12,11,17,22,21,14,13,1,18,11,12,21,13,15,18,14,0,24,17,10,2,18,14,19,13,2,1,11,18,18,15,22,0,14,14,0,16,0,1,13,15,0,13,24,18,16,15,14,7,17,0,10,9,19,14,13,13,13,1,2,12,12,19,23,17,14,16,17,16,13,13,1,2,19,16,22,20,16,17,13,23,20,1,17,12,15,17,13,11,13,2,16,1,9,23,15,14,20,11,1,13,14,17,16,1,14,2,11,18,10,10,2,22,0,12,18,1,0,17,19,19,10,15,15,16,0,15,13,17,13,0,13,17,28,2,2,0,10,0,0,13,14,21,14,19,14,16,11,15,15,23,0,11,1,21,13,1,12,24,10,20,1,1,8,10,12,19,12,10,10,18,14,0,17,0,25,15,1,17,18,14,13,1,18,7,23,18,14,17,16,16,3,16,21,1,11,18,13,12,13,12,14,13,19,17,14,2,21,16,21,19,16,1,11,17,13,7,16,6,18,2,14,12,16,2,9,19,11,23,13,0,16,0,17,13,12,13,20,13,2,17,17,22,16,0,19,14,8,1,21,18,0,15,2,14,14,15,19,10,15,1,1,20,14,25,15,12,14,10,14,10,15,20,13,18,12,9,1,0,9,20,21,10
9,18,24,1,15,22,14,15,15,12,3,16,1,1,8,13,12,10,13,21,2,16,18,3,9,16,15,18,0,14,2,17,15,14,10,18,15,12,10,12,17,19,9,9,18,9,2,10,22,14,3,18,15,10,0,10,0,2,18,2,21,10,14,8,7,25,14,8,0,0,4,19,17,11,20,1,21,11,1,4,12,12,13,18,15,18,11,0,7,16,7,15,19,23,12,9,1,13,24,21,21,16,13,17,14,13,15,9,15,14,0,12,22,11,15,2,14,1,19,12,1,21,25,10,16,19,21,11,8,1,21,14,2,2,16,9,16,1,19,1,9,1,17,14,20,11,15,15,2,14,19,18,12,18,14,12,4,0,16,12,0,1,14,13,1,1,16,7,8,15,14,10,0,13,19,12,11,8,13,13,20,19,15,14,0,15,3,17,0,13,13,17,17,3,12,18,13,1,9,15,10,18,16,2,18,8,12,15,25,1,18,1,15,8,11,1,1,14,10,18,11,15,2,1,1,14,15,14,13,10,0,17,18,1,13,16,3,1,14,1,11,1,23,20,1,15,23,15,7,18,10,17,2,15,6,18,14,1,14,9,1,12,16,0,17,14,13,14,2,15,14,0,18,12,11,0,16,24,15,2,15,15,10,15,16,16,17,1,1,11,0,0,15,11,17,16,18,9,0,10,10,2,14,18,20,0,16,9,14,12,13,12,13,19,12,11,11,12,3,17,20,18,14,12,16,12,17,3,22,11,0,18,10,16,11,0,15,13,12,14,14,20,14,11,11,0,14,13,15,18,4,17,14,0,17,11,15,18,0,14,6,13,11,0,17,9,11,10,15,14,17,11,19,16,18,16,19,15,12,10,14,1,14,14,2,16,12,2,15,14,11,17,1,14,14,15,4,13,20,11,2,14,2,0,20,24,14,15,22,9,15,0,14,16,11,1,17,10,6,2,15,17,7,19,16,19,12,11,18,18,20,0,15,23,15,9,17,1,25,14,18,1,17,14,8,1,12,22,18,19,11,0,16,15,2,2,17,18,10,12,2,17,0,20,16,14,1,3,25,0,2,16,16,15,12,8,0,11,16,14,17,16,16,12,19,1,0,16,7,17,19,18,19,1,19,2,3,10,10,11,11,16,1,1,14,16,19,11,12,15,17,2,1,20,15,17,0,19,22,27,14,15,18,2,19,17,0,11,19,0,16,0,9,2,14,14,14,7,11,2,17,14,14,13,14,16,16,3,11,10,1,9,1,11,1,1,16,14,13,2,9,15,22,14,0,17,16,2,15,8,2,12,10,16,1,14,8,16,20,16,18,18,1,14,15,17,15,15,17,0,3,0,16,4,10,11,2,24,13,0,14,11,11,17,1,17,14,17,16,17,11,8,14,16,16,1,17,17,13,17,16,17,3,14,2,21,22,6,8,3,19,12,16,1,14,0,14,11,12,3,15,16,1,19,19,10,14,15,10,7,19,1,1,0,20,15,11,0,9,15,0,1,0,15,10,1,19,12,1,23,9,18,13,14,19,14,15,18,1,20,0,14,2,9,17,20,3,19,1,10,1,2,1,1,0,16,12,19,13,15,17,1,1,19,15,0,21,11,16,11,16,0,15,14,17,0,22,13,1,15,13,19,3,18,19,13,0,14,21,13,19,2,2,9,18,9,15,18,0,16,12,14,13,11,13,16,19,15,9,11,16,17,2,0,17,18,9,14,1,16,16,16,2,2,11,4,12,11,2,0,15,11,4,2,16,15,13,2,19,15,1,21,19,12,0,12,21,10,15,6,16,11,8,20,20,0,20,17,13,1,19,2,16,10,8,12,2,17,25,22,20,0,12,14,17,17,20,14,10,11,13,17,0,14,13,21,1,0,0,13,21,20,18,17,20,18,1,9,14,19,15,13,4,2,15,13,2,18,11,17,1,11,2,12,2,3,9,17,15,14,0,6,11,14,0,13,1,19,12,17,19,1,16,22,8,19,21,19,17,2,17,20,20,1,20,20,24,12,14,12,14,0,1,2,0,17,13,22,19,16,14,13,15,15,14,1,17,20,15,14,20,0,0,18,10,1,12,14,10,14,1,10,11,16,17,18,17,20,16,23,12,20,14,15,11,13,1,11,1,1,7,16,0,17,2,18,1,9,0,0,16,15,15,9,14,17,20,1,14,17,17,14,0,10,21,12,15,10,0,0,0,15,15,1,16,2,18,18,16,1,16,0,16,20,1,7,15,10,14,10,13,13,13,0,1,16,10,25,1,2
1,1,19,2,14,13,17,10,18,10,1,9,9,16,3,15,12,19,17,12,13,0,16,9,12,15,9,25,11,7,11,18,20,11,13,13,12,19,13,1,16,13,0,17,13,2,8,1,23,8,0,15,14,19,11,10,17,16,1,13,15,3,17,11,14,22,14,23,7,18,14,10,19,16,0,20,17,3,20,0,14,18,1,17,13,20,11,15,11,14,16,12,18,2,13,2,12,14,3,14,17,15,3,19,14,4,23,14,13,9,9,16,19,12,1,0,16,1,20,19,18,15,17,0,8,13,16,1,13,1,14,17,10,17,14,18,2,9,15,18,19,11,20,18,16,10,0,1,9,0,1,15,1,14,15,13,18,15,11,11,0,13,2,17,19,9,13,12,19,6,2,15,1,17,18,18,20,13,19,11,16,15,2,9,2,9,1,1,13,1,0,15,20,17,12,20,15,18,27,1,12,9,14,23,0,13,15,12,23,17,21,11,1,11,22,16,0,3,2,1,14,2,14,20,15,12,15,12,7,1,19,17,21,0,12,11,16,11,17,3,14,21,18,21,20,0,12,17,2,22,7,18,11,14,0,2,2,12,11,14,12,0,13,14,12,15,0,12,13,4,16,0,22,10,1,14,12,19,17,13,13,17,0,18,17,17,13,6,2,0,2,13,18,11,2,4,1,0,15,0,3,14,12,15,8,0,16,17,6,15,8,2,14,13,25,18,21,13,14,1,24,0,11,13,21,1,15,14,0,11,3,23,15,11,14,14,2,14,3,18,14,10,19,2,18,20,17,1,2,16,14,17,0,17,21,0,1,0,7,15,19,17,0,1,24,14,7,12,16,17,9,21,15,12,2,14,13,1,13,2,15,3,15,2,1,11,16,12,14,0,0,20,15,13,10,13,17,14,18,17,13,21,1,0,15,12,15,19,10,10,0,11,13,2,17,11,1,18,17,17,0,16,0,10,16,0,1,19,13,16,17,22,1,23,1,1,20,0,16,0,26,1,9,22,12,5,13,22,18,1,10,19,14,14,14,15,17,1,14,10,19,3,20,1,13,1,14,0,18,17,19,13,17,9,9,16,12,15,16,0,1,17,12,15,0,15,0,16,22,13,6,20,13,14,12,13,0,9,19,17,2,16,15,18,12,19,25,1,11,10,16,15,0,0,14,1,16,18,9,0,17,0,12,15,18,13,6,0,21,23,3,13,13,20,1,16,15,15,20,14,11,4,2,19,14,15,13,16,2,9,1,12,1,12,1,15,19,21,17,2,21,14,0,17,21,15,11,12,10,14,13,11,1,3,0,11,1,12,17,14,19,15,0,15,14,17,17,14,16,1,2,25,10,15,2,1,0,20,15,13,20,15,12,2,1,9,12,0,13,17,22,16,15,16,10,17,0,10,12,17,12,18,15,14,0,15,11,20,2,18,1,20,1,20,12,8,1,1,1,17,8,20,9,22,10,18,14,17,13,18,11,0,3,14,14,13,4,12,16,23,14,16,17,11,12,25,13,0,0,20,18,18,17,1,15,1,0,17,15,0,13,14,16,1,15,18,0,14,0,2,25,13,14,20,21,17,1,2,1,10,13,15,13,23,14,1,20,1,12,0,1,14,6,16,13,9,1,10,1,8,20,3,20,5,17,16,13,20,18,10,16,21,16,3,13,13,17,17,17,20,10,12,19,13,22,15,15,11,0,1,10,0,17,1,13,23,11,16,18,22,1,16,8,17,1,20,15,18,26,9,1,15,0,5,19,28,3,11,1,2,15,21,12,17,15,16,5,2,22,13,12,12,13,13,0,10,17,2,14,3,16,12,12,11,16,14,9,17,12,1,5,12,0,13,2,19,18,1,11,12,13,16,15,17,7,15,14,16,16,19,17,0,12,1,12,11,17,2,12,16,23,17,19,14,20,13,15,21,12,18,20,12,18,12,20,12,1,22,14,9,2,21,10,13,14,10,16,17,14,10,0,11,17,16,0,21,11,3,15,0,17,16,1,4,18,14,8,0,17,17,12,17,16,12,15,17,2,0,16,18,10,1,20,4,15,16,17,1,20,18,0,1,15,1,1,1,18,9,16,12,1,20,10,17,17,20,15,9,13,7,0,7,3,10,13,16,19,18,13,15,16,18,1,16,1,10,3,15,14,13,1,1,0,4,1,0,0,20,20,11,13,26,4,24,0,9,14,2,0,16,0,1,22,19,13,1,0,11,1,15,7,9,1,13,0,15,11,21,0,15,1,0,12,1,19,0,7,16,1,17
21,15,21,15,14,16,24,13,24,11,12,11,11,18,17,9,10,12,18,22,17,16,18,10,2,1,12,21,1,1,19,13,11,2,15,14,12,19,1,2,14,21,12,27,18,25,22,14,7,12,18,15,15,15,14,10,14,12,14,16,0,12,15,18,15,1,19,19,20,21,1,13,12,17,1,13,14,15,13,20,14,0,13,2,15,16,2,10,29,18,16,0,13,14,0,15,0,11,15,18,13,19,13,18,0,1,0,20,1,4,17,12,15,8,12,21,5,10,15,21,13,2,13,0,0,11,15,19,12,14,15,18,1,16,1,12,15,2,16,13,12,0,15,19,16,9,18,7,19,2,19,19,0,13,17,17,13,0,14,13,1,22,22,2,1,10,1,14,14,11,16,19,10,20,15,18,15,2,15,16,19,12,15,12,0,0,1,2,12,16,14,0,11,13,1,15,15,1,13,14,2,19,17,14,0,19,2,16,17,0,25,1,19,19,18,18,20,16,2,2,14,11,18,18,14,18,15,10,3,15,2,17,11,10,13,15,12,16,1,10,13,7,3,0,12,19,15,11,21,11,1,18,11,11,11,13,13,16,2,12,13,0,21,10,14,17,17,10,17,12,10,16,0,16,0,16,15,18,17,14,21,1,11,14,0,16,12,3,12,12,0,12,12,13,0,9,13,11,10,3,11,0,8,19,1,14,2,10,20,12,18,0,11,1,16,0,13,14,2,18,3,19,17,15,1,19,15,7,2,15,2,15,21,21,8,17,17,19,12,10,1,17,17,16,12,12,0,13,11,14,0,11,16,20,0,15,1,14,1,1,15,11,12,6,2,15,11,21,20,11,1,13,17,18,7,12,9,14,14,8,18,1,3,10,0,15,14,8,13,16,16,17,1,12,22,15,19,13,14,12,1,13,1,15,1,1,0,2,15,13,16,13,18,16,13,19,18,15,17,18,2,19,19,1,19,15,18,16,13,15,22,0,14,23,14,16,9,3,19,12,13,19,15,16,0,3,10,12,16,0,13,14,21,1,0,15,0,18,16,14,16,17,0,17,19,11,21,11,18,1,10,11,10,4,1,12,13,1,19,16,1,13,1,19,12,4,2,16,0,13,2,18,14,20,1,10,12,14,16,16,1,15,22,12,18,11,13,18,3,15,15,16,12,21,2,15,1,13,16,18,1,13,15,15,11,20,14,18,15,1,16,10,1,16,12,20,12,24,17,9,14,18,14,1,10,2,16,13,0,14,18,18,4,1,23,14,15,16,12,8,17,19,13,12,13,17,11,16,11,0,15,17,22,11,17,2,13,12,18,9,19,14,11,0,2,3,12,13,13,13,15,14,11,17,13,8,11,20,11,4,14,13,16,16,10,19,1,0,14,11,14,22,13,16,16,13,1,13,13,13,16,11,16,0,11,2,19,0,12,21,10,11,20,11,1,9,0,14,22,11,19,2,22,1,13,15,3,1,0,17,9,15,11,16,15,11,20,19,0,3,0,19,18,11,15,12,16,16,0,12,1,11,13,12,17,10,20,11,0,1,0,2,0,18,18,10,13,18,20,17,2,1,22,18,17,12,5,12,13,17,0,0,14,2,16,11,0,22,22,12,19,15,12,14,11,10,21,14,15,11,14,2,12,19,2,5,18,18,15,1,19,8,15,0,14,2,13,0,19,18,12,2,19,18,16,2,18,16,2,2,14,13,17,21,20,15,3,13,18,2,15,23,11,10,20,13,1,2,21,16,0,15,0,0,11,8,18,13,18,2,15,0,2,22,18,18,16,18,1,14,1,19,11,19,9,12,3,4,16,13,7,19,1,13,17,12,0,10,10,0,15,1,1,8,14,16,0,1,17,10,14,13,0,13,1,15,14,15,17,13,3,19,16,0,11,17,17,14,14,24,18,21,21,16,15,0,0,20,14,1,19,10,11,16,17,9,0,14,14,21,12,11,2,0,17,9,3,12,2,1,11,14,14,10,18,18,15,0,20,3,9,2,12,27,10,6,14,16,14,2,1,14,0,16,13,1,17,1,21,1,1,13,16,11,15,16,11,27,14,14,9,16,20,0,20,14,22,19,21,20,16,16,13,17,14,2,1,22,2,17,19,16,14,19,16,18,19,12,16,15,13,13,16,19,15,19,0,14,22,20,22,13,16,19,12,16,1,20,18,17,2,12,18,12,18,1,0,15,1,17,15,15,0,1,20,12,9,15,14,12,23,16,13,13,16,14,10,15,12,7,17,21,14,5,1,15,15,16,7,11
1,14,11,9,13,1,18,0,8,9,18,11,21,10,2,9,23,1,7,3,18,11,14,21,7,2,15,14,18,24,3,0,12,13,11,8,1,9,15,17,11,17,10,18,15,1,1,7,17,13,2,1,1,1,19,20,13,19,11,11,10,17,2,21,14,12,13,10,10,12,2,16,9,17,11,13,16,8,0,14,13,17,18,12,0,7,14,16,13,17,15,1,13,14,18,14,17,3,19,2,17,13,0,13,18,1,1,15,0,9,19,16,13,13,15,8,9,12,2,1,1,2,17,20,0,18,12,8,11,18,19,16,16,12,16,0,1,9,18,11,11,15,0,14,9,13,11,0,13,17,16,14,18,1,17,13,1,17,14,19,10,12,11,14,19,19,0,13,15,1,10,1,25,15,2,6,18,18,14,0,14,17,24,0,14,14,10,12,13,17,11,15,15,16,16,11,9,11,17,2,19,14,16,16,13,0,3,16,14,11,15,12,19,0,12,16,10,11,12,4,15,12,12,1,19,0,12,17,1,18,19,17,0,2,2,15,12,3,16,12,17,10,16,16,0,15,13,7,15,0,22,20,10,13,17,16,17,3,11,18,0,17,18,12,18,1,0,2,1,12,13,16,16,10,27,13,15,10,2,1,0,0,0,14,15,1,11,11,9,22,1,11,8,20,19,18,0,0,15,9,17,16,1,2,18,13,20,10,12,2,15,12,15,10,11,1,17,2,18,13,13,16,0,14,18,19,0,15,12,1,15,9,17,15,13,1,17,20,18,13,19,13,14,16,10,14,2,0,11,12,2,16,15,0,3,0,22,18,15,12,19,17,15,16,18,2,13,1,13,10,15,21,12,0,8,0,1,8,22,11,10,17,0,16,14,0,15,18,16,23,0,15,2,16,11,6,14,12,23,15,17,1,18,10,19,16,12,20,16,1,11,1,17,1,12,21,21,1,10,1,6,2,17,16,16,14,16,6,13,14,19,15,1,4,1,12,17,12,2,15,10,1,11,13,22,16,1,17,9,0,17,16,12,13,19,10,18,17,18,1,18,10,10,19,1,1,0,0,17,22,11,18,16,16,19,11,13,23,7,2,15,13,14,11,2,14,2,16,18,14,1,13,3,24,12,1,2,13,17,13,0,11,13,16,11,20,8,1,1,1,20,1,0,14,13,15,12,15,12,12,9,0,15,0,18,11,14,3,9,11,12,9,14,11,0,3,0,14,17,1,16,14,13,1,21,15,25,16,15,18,27,1,8,15,2,9,2,17,12,12,15,19,17,13,2,16,2,20,11,15,14,8,1,1,13,16,13,9,18,1,14,1,11,11,12,11,2,21,16,18,23,16,0,16,18,13,1,12,14,0,15,12,23,15,13,11,21,1,2,11,15,11,16,16,17,8,13,1,12,9,9,14,15,4,0,23,13,11,13,10,14,15,20,13,16,16,16,1,16,19,14,0,15,12,2,15,15,0,13,12,18,0,17,17,2,15,17,0,15,19,13,15,1,22,2,0,17,17,18,9,14,1,0,14,18,19,2,10,15,2,17,12,1,17,18,14,17,14,0,12,20,13,15,14,21,19,15,12,9,15,9,12,0,19,6,2,10,11,19,14,0,17,16,15,18,1,3,0,14,18,14,9,11,0,22,14,14,16,22,20,21,0,13,0,2,15,0,16,6,15,10,25,2,17,16,16,16,11,2,17,18,14,1,2,12,1,3,19,12,0,11,17,17,0,9,11,10,18,13,1,12,16,2,2,12,11,14,11,25,12,11,0,14,0,8,0,14,1,3,13,9,21,12,14,2,2,16,0,18,13,14,0,15,14,15,13,0,18,7,17,16,11,24,7,0,11,0,1,14,2,15,0,13,17,0,19,0,0,14,23,17,17,11,10,12,12,17,7,15,1,20,10,17,20,21,0,13,20,1,13,15,18,20,21,1,14,14,1,10,0,15,15,10,18,18,0,8,15,18,20,19,16,15,0,9,15,10,8,13,0,1,12,1,16,2,17,0,15,14,11,15,10,0,9,19,27,0,19,11,15,10,0,2,20,2,15,13,16,0,17,13,0,18,13,11,16,15,2,0,0,8,0,9,0,19,23,15,15,23,0,2,2,9,8,10,17,19,13,2,23,15,15,14,18,17,18,17,15,17,23,20,12,16,3,16,18,12,7,14,16,14,25,1,1,3,11,16,13,18,15,1,14,12,10,17,16,0,19,13,14,0,16,15,0,14,1,13,4,12,11,11,15,11,18,10,15,8,16,12,23
14,15,1,14,11,17,20,11,13,2,9,0,12,16,17,15,14,0,1,15,11,18,13,16,0,14,0,12,12,1,13,15,15,16,17,20,1,17,1,1,14,11,20,17,12,15,20,10,10,17,16,15,19,0,21,13,10,8,2,14,14,1,17,5,15,14,13,11,0,23,16,15,0,12,17,1,14,15,16,18,0,11,16,17,12,10,15,0,15,13,1,14,15,1,16,11,15,0,0,18,18,26,2,13,1,2,11,1,14,1,17,15,12,18,1,21,0,0,24,14,15,17,20,2,16,0,12,16,9,1,7,13,19,19,12,0,12,13,0,0,15,10,13,16,11,15,0,0,15,17,22,0,0,14,14,13,0,17,9,11,13,16,11,21,11,3,12,15,24,12,0,14,1,26,0,14,15,20,12,14,11,1,10,22,1,15,13,15,17,19,13,13,14,2,12,1,21,11,15,12,1,11,13,1,14,1,20,19,16,1,15,1,13,3,0,18,1,15,10,15,18,11,17,14,8,0,12,13,13,19,8,17,21,16,16,1,10,12,17,0,1,3,16,18,1,13,2,10,15,11,19,1,14,16,1,12,12,2,13,12,11,20,14,21,1,12,20,1,0,2,12,13,0,0,15,16,12,3,0,17,14,28,12,23,21,15,16,14,12,13,17,14,14,18,17,14,14,13,20,22,18,9,11,13,14,16,18,1,2,18,0,1,2,15,17,17,17,10,1,10,18,18,1,12,11,2,21,12,18,0,3,16,13,17,1,13,1,19,15,12,13,17,12,16,15,15,1,14,20,11,16,0,0,14,20,1,17,8,16,18,2,2,11,8,16,2,16,11,1,0,13,11,16,18,12,0,11,1,2,1,18,2,1,0,18,14,18,0,16,12,2,20,1,12,16,12,14,16,22,22,16,12,13,16,16,5,18,23,14,8,2,1,2,0,10,11,18,16,12,15,18,0,17,15,16,20,14,16,0,15,0,17,17,18,21,0,3,15,16,19,10,1,11,21,12,18,1,1,2,14,11,3,0,0,18,19,19,17,18,14,18,22,8,1,12,14,17,14,14,17,18,19,16,10,0,20,13,19,19,18,24,13,12,12,0,10,0,15,13,7,14,16,13,19,12,2,13,11,9,17,18,1,19,15,17,0,1,2,21,14,13,18,13,21,18,16,1,16,13,0,19,4,1,21,11,19,17,17,1,1,1,15,1,15,13,16,12,13,19,3,1,0,19,0,21,0,12,14,0,17,1,18,2,0,12,1,1,0,13,13,14,0,0,20,0,18,20,1,14,13,3,19,1,1,16,1,12,13,17,1,21,0,18,14,19,17,22,13,1,0,16,14,11,17,9,2,0,13,15,14,8,1,0,16,17,11,11,9,16,0,1,17,17,18,6,1,19,0,20,11,14,19,7,17,15,11,13,14,16,11,17,15,1,14,0,12,13,0,18,1,16,15,12,12,15,0,12,9,17,26,20,0,10,11,17,15,0,12,15,15,1,12,15,0,1,22,0,12,17,18,0,16,1,0,3,14,18,17,9,13,17,16,0,19,0,11,17,15,14,19,1,12,17,23,13,15,10,15,1,2,0,9,1,17,17,20,16,22,15,13,12,12,1,20,1,1,18,0,15,9,14,12,4,14,14,13,14,13,15,8,0,18,1,14,14,14,1,10,17,1,0,20,19,12,0,11,0,12,17,15,14,21,3,13,20,13,1,0,6,14,15,15,19,18,12,10,20,13,12,16,13,7,1,2,18,19,15,17,2,0,1,0,16,0,17,2,13,14,20,17,13,15,15,19,0,18,21,20,17,12,13,9,1,15,1,15,12,16,1,13,12,15,19,18,16,0,16,9,18,14,8,15,19,13,13,16,10,0,13,8,8,11,13,8,19,22,14,10,22,1,9,15,0,14,14,1,18,2,23,1,19,1,11,14,19,0,17,10,14,3,9,0,20,13,14,2,16,3,1,3,14,0,17,14,0,20,13,18,12,13,1,20,2,16,14,14,15,1,0,18,17,1,1,14,1,14,0,19,18,13,22,17,20,14,12,12,11,16,17,1,18,9,9,0,23,2,20,1,1,17,0,14,13,0,11,10,9,23,17,19,15,19,13,3,12,13,11,0,6,1,0,15,12,11,16,17,3,0,8,13,19,15,1,14,11,19,14,21,14,13,21,15,11,19,11,13,18,13,13,2,19,22,0,18,13,11,8,1,11,26,19,13,12,14,14,12,0,14,16,13,13,11,19,22,17,16,14,11,19,0
14,15,0,2,11,18,1,8,0,12,1,12,15,15,18,0,19,14,3,12,16,0,1,19,17,1,14,29,4,12,12,2,15,17,24,13,18,13,0,16,4,14,15,15,16,2,0,11,1,12,1,1,16,23,20,0,14,19,16,16,14,16,2,11,15,19,14,20,17,15,0,7,0,16,1,13,12,20,15,11,13,12,9,0,12,19,10,23,2,2,16,12,0,6,14,18,12,16,2,17,0,0,1,2,11,16,19,20,1,13,12,12,2,19,1,14,0,0,18,22,14,15,11,11,19,10,1,2,2,1,9,0,16,3,17,13,10,14,13,1,10,2,17,17,12,11,12,17,15,17,0,14,8,19,0,0,15,18,11,20,20,8,16,15,12,18,10,2,12,28,1,18,13,12,18,27,12,17,11,13,24,0,1,14,10,13,14,10,1,4,1,18,9,16,16,2,21,14,16,17,14,9,18,17,14,0,14,1,1,20,6,0,12,0,16,1,1,19,12,17,12,12,9,15,23,11,17,11,12,22,15,15,14,10,0,17,13,12,9,17,0,0,11,14,9,18,17,11,17,20,1,11,1,8,1,20,15,15,17,15,8,1,19,14,18,15,11,1,18,11,1,1,0,1,22,0,16,22,15,17,20,15,0,16,0,13,0,19,20,20,12,22,17,14,12,0,11,11,21,20,18,14,12,0,13,10,9,20,2,23,17,15,18,14,16,1,14,11,20,10,18,0,1,1,18,0,1,3,19,11,15,16,10,17,19,0,1,17,12,3,12,16,13,13,1,1,18,0,16,0,14,23,27,15,17,18,3,16,15,1,19,5,12,19,8,10,0,20,13,17,20,13,12,0,16,20,12,19,19,20,15,1,16,9,19,18,10,0,1,9,16,20,16,1,4,7,14,15,9,15,20,0,17,10,3,1,15,13,15,23,10,6,13,14,14,3,1,16,16,7,12,12,16,19,8,20,16,17,0,23,0,13,18,12,1,15,16,17,21,19,14,8,19,14,12,0,11,17,20,13,17,16,15,14,0,2,20,2,3,21,13,12,11,10,1,20,2,19,19,14,5,15,2,24,1,11,14,13,13,0,18,10,14,0,1,14,1,1,7,14,1,0,14,12,12,9,13,10,12,0,12,1,11,1,8,19,0,21,0,1,15,14,10,2,16,17,14,18,13,9,2,9,1,24,2,3,20,14,19,13,17,14,9,15,13,17,5,2,20,10,3,17,22,1,1,13,10,14,17,21,14,12,16,8,2,19,11,13,20,11,0,13,12,8,0,0,21,1,22,12,19,15,11,15,17,16,12,13,15,15,22,10,17,11,14,15,14,25,11,11,16,15,5,16,16,23,2,23,14,1,2,16,18,1,1,17,14,16,14,8,15,22,10,19,16,16,12,19,19,13,15,1,1,0,16,22,14,16,16,19,10,13,1,10,23,10,9,17,17,15,1,11,13,16,15,0,16,23,2,13,13,12,15,16,16,17,16,16,22,11,14,17,22,1,14,14,11,14,10,0,17,9,17,17,23,20,14,1,19,14,17,11,14,17,15,16,13,15,17,21,0,0,13,12,16,13,10,18,8,15,20,0,19,1,1,18,21,16,1,1,11,17,20,11,13,20,18,17,0,1,12,0,19,12,13,1,9,12,15,17,1,22,13,12,12,14,17,12,19,15,9,1,21,13,11,16,10,18,1,19,15,19,10,12,11,3,18,24,0,0,0,20,14,18,14,2,1,19,3,23,13,2,19,23,18,1,12,19,0,13,17,19,13,17,20,13,22,18,16,11,13,18,13,13,12,13,7,16,10,11,15,12,9,1,0,16,15,19,2,1,14,1,12,10,19,15,14,16,12,20,15,21,1,17,8,9,1,13,16,12,19,10,0,16,1,18,14,10,18,9,15,1,16,1,2,13,23,19,12,15,13,15,12,13,0,15,17,7,0,1,19,1,1,1,2,9,13,1,23,17,16,15,17,15,13,18,12,19,10,16,14,15,2,17,7,11,13,11,15,18,14,2,0,16,21,1,2,13,13,8,18,1,11,0,16,17,18,19,14,1,15,13,14,25,14,12,12,22,21,3,19,19,15,14,24,0,14,19,8,14,2,8,15,19,15,19,17,8,17,18,12,9,28,12,14,2,16,16,1,3,27,17,12,14,9,15,14,0,18,12,17,10,10,17,15,12,1,0,13,10,14,1,19,3,2,0,2,18,15,9,14,16,22,10,16,12,9,15,12,13,19,13,13,3,11,15,6,1,9,10
15,17,14,19,18,16,1,11,2,12,15,0,0,16,12,8,15,12,1,16,0,12,19,17,1,15,0,0,18,21,13,3,13,0,13,15,22,13,13,1,0,12,14,15,20,14,10,15,14,17,17,16,9,15,23,1,14,0,11,17,2,16,16,0,17,17,17,1,11,7,21,12,15,2,2,18,16,18,18,11,0,22,17,11,12,14,2,17,12,18,16,18,22,9,17,18,1,17,18,19,15,0,16,13,21,21,12,11,23,1,19,1,17,13,12,6,15,12,12,3,18,13,16,11,16,16,1,16,18,19,17,12,1,1,17,13,16,18,14,8,0,17,16,12,4,15,15,13,14,21,18,16,13,0,4,10,14,11,18,11,9,18,17,14,12,24,15,19,16,22,0,16,1,19,14,15,1,18,0,0,6,12,16,2,18,0,16,11,21,0,16,17,1,0,11,0,18,16,11,0,13,0,12,20,0,4,1,14,13,0,14,8,0,11,14,18,18,19,19,12,8,17,20,14,14,22,12,19,12,20,1,0,14,15,12,2,2,14,14,21,18,0,26,17,10,17,10,17,15,14,18,10,19,0,16,11,9,15,14,1,16,19,12,16,17,10,21,8,16,13,12,14,18,12,0,1,14,15,5,14,16,0,10,12,0,7,14,11,3,12,13,15,14,0,14,15,0,15,13,14,17,13,15,17,19,19,18,18,9,0,0,13,12,14,12,13,12,22,16,17,21,1,18,2,1,14,14,11,23,0,12,17,23,0,19,20,5,15,16,19,2,18,12,2,14,14,14,13,15,15,11,16,16,13,17,5,22,15,20,10,0,16,2,15,0,18,9,2,21,1,3,8,10,20,19,16,0,25,13,14,21,18,3,15,19,17,2,14,2,15,15,18,17,17,17,10,13,17,12,0,0,20,22,17,11,13,13,13,17,7,24,20,17,1,10,16,12,17,3,11,17,21,14,13,17,1,14,2,23,16,24,18,0,16,17,0,17,17,23,1,11,1,13,12,16,11,10,13,20,16,11,12,18,15,12,16,17,17,17,18,21,13,17,16,1,0,8,1,21,11,14,18,1,11,18,18,13,20,9,15,15,2,18,17,15,15,14,16,15,8,16,21,8,3,20,1,2,1,19,18,0,19,17,0,17,14,0,14,6,17,13,0,1,15,1,24,1,18,8,0,15,1,11,14,26,1,23,0,0,17,17,14,3,0,1,13,1,0,16,8,23,18,16,10,15,15,19,13,0,1,2,1,22,9,1,15,12,9,0,11,16,14,0,14,9,16,1,13,10,12,13,2,16,4,17,1,11,8,15,9,13,13,22,13,19,15,17,15,6,12,14,1,13,0,0,10,3,20,19,0,15,13,16,13,14,13,17,13,16,4,0,19,19,2,14,13,1,14,0,10,13,9,13,1,16,18,17,25,16,1,0,15,13,15,10,0,0,20,2,16,18,12,3,15,10,12,13,18,9,17,13,18,0,14,18,19,1,12,17,11,1,8,20,17,15,2,7,13,23,15,16,12,1,21,14,12,15,11,16,1,0,13,1,2,17,14,17,19,16,11,10,12,21,17,23,15,0,10,14,21,8,11,26,16,7,13,19,15,20,15,17,15,15,20,15,12,0,12,0,3,10,17,17,20,19,1,16,8,16,2,13,8,1,19,16,2,5,14,12,17,14,15,0,0,2,20,17,19,9,12,16,13,18,16,21,15,13,18,15,17,23,13,0,17,16,13,0,18,23,3,16,16,2,15,11,14,16,1,17,1,14,18,17,15,13,3,17,12,17,19,16,0,16,8,15,20,15,21,17,17,1,0,10,17,18,0,13,14,10,16,2,2,16,11,14,11,14,12,0,14,1,12,16,16,15,1,1,2,19,12,10,11,0,14,13,0,15,1,14,23,0,1,22,12,14,2,2,14,1,10,2,12,19,21,2,17,2,1,11,1,13,14,15,17,15,0,13,1,20,22,0,20,18,16,15,21,0,17,1,13,15,11,23,1,14,13,10,0,12,16,19,10,11,1,3,15,14,15,7,15,13,22,15,10,15,0,11,17,15,10,2,18,21,19,0,11,0,12,18,19,2,1,1,9,0,16,17,10,14,0,8,17,17,14,1,14,1,1,14,16,9,15,1,18,13,16,16,13,18,13,16,17,2,15,2,16,11,10,11,1,15,18,1,11,1,18,14,17,9,14,14,18,0,13,17,15,18,18,18,4,1,18,12,1,17,20,1,2,22,11,23,13,20,21,0,8,9,15,13,2
0,14,0,13,11,18,10,1,13,19,2,1,19,13,16,15,2,0,2,13,1,12,19,1,3,11,15,8,15,16,21,16,2,16,16,16,0,0,20,16,13,25,11,1,16,1,18,1,9,13,0,2,9,17,9,1,1,19,18,20,19,18,2,12,1,22,25,19,0,14,18,18,14,10,8,19,11,9,1,3,2,15,13,0,17,1,10,16,18,11,19,13,17,2,12,16,11,1,20,10,0,1,12,19,3,1,14,9,2,17,0,16,9,14,4,0,19,14,21,17,1,11,13,0,15,14,15,1,13,0,13,0,1,15,1,14,12,14,17,1,11,21,15,26,14,1,2,2,14,19,20,1,18,18,0,1,8,1,16,14,13,2,1,0,17,13,17,7,12,15,16,10,1,27,14,3,14,13,9,12,0,10,12,13,13,10,12,16,17,16,14,1,13,18,17,1,7,1,0,17,14,0,15,15,1,12,7,16,17,11,2,9,21,11,19,0,12,0,0,0,0,13,12,18,19,13,20,11,14,7,15,12,13,17,16,12,7,13,11,14,9,10,17,16,19,1,0,10,2,0,13,2,4,0,18,0,24,19,11,0,1,21,15,9,30,17,12,1,12,9,0,18,16,8,11,23,15,11,10,0,16,16,19,12,14,1,1,23,0,13,9,12,21,14,8,19,11,0,12,1,13,13,12,11,21,0,0,15,17,12,17,11,1,22,1,1,3,19,17,16,16,15,22,9,20,22,8,15,18,18,16,20,12,1,19,10,19,21,12,7,16,13,1,2,0,1,13,16,16,12,15,0,16,24,15,17,17,14,2,12,13,3,9,10,2,1,20,18,11,16,18,11,22,13,18,19,11,16,13,14,12,0,11,11,12,21,20,0,14,15,14,16,13,2,2,15,14,8,0,8,2,16,9,11,16,1,16,16,0,12,23,1,17,15,19,10,17,17,0,25,20,17,17,19,17,6,19,9,18,14,13,0,14,0,0,4,0,1,12,1,1,21,18,13,11,15,18,15,8,14,13,2,13,22,20,22,2,13,19,12,11,1,10,9,13,11,24,2,1,13,9,0,13,13,1,10,17,13,8,11,17,16,1,17,12,15,13,19,0,19,17,9,15,11,3,16,14,0,14,19,11,13,15,10,14,0,16,17,16,18,14,19,15,0,20,1,19,11,18,13,16,16,0,21,11,13,0,18,15,12,13,10,9,21,0,0,13,12,13,0,22,17,19,11,19,1,15,14,19,14,15,8,15,8,18,16,14,18,13,11,1,15,12,16,21,17,18,13,20,1,0,0,14,14,17,12,1,1,21,15,16,17,11,8,16,20,0,1,15,14,18,14,3,18,21,0,15,21,0,15,10,15,14,13,18,12,11,12,21,1,0,19,14,19,23,21,1,20,17,13,11,0,0,13,14,16,15,13,11,15,22,18,27,10,1,21,19,16,1,16,16,13,19,0,16,0,13,11,14,14,15,18,11,17,15,13,1,14,15,1,19,14,3,1,0,18,19,14,24,13,14,11,16,0,21,17,14,1,12,21,17,1,1,18,10,11,9,18,12,1,8,21,21,15,16,14,3,15,21,0,1,18,0,8,0,16,10,2,11,0,0,16,10,16,12,22,0,27,17,11,12,12,14,0,18,17,18,20,16,18,12,13,2,15,0,18,17,17,1,0,10,13,13,14,13,14,11,19,15,0,17,13,16,0,0,0,14,14,15,19,12,0,13,14,16,10,21,17,11,0,16,17,13,14,13,11,20,19,14,14,8,13,20,15,3,1,2,14,12,20,14,1,19,16,2,1,12,16,14,17,14,11,15,1,2,0,12,1,12,9,14,14,1,0,14,0,1,15,16,11,1,15,1,22,1,13,15,29,1,16,11,0,0,22,14,19,17,7,16,13,16,11,1,11,18,0,16,1,14,14,13,19,16,11,13,18,11,23,13,15,12,0,13,18,4,19,0,19,14,16,1,16,0,8,13,14,0,12,1,5,19,14,15,18,24,14,13,13,9,16,12,12,21,18,0,13,13,14,20,18,15,12,13,26,2,16,17,18,19,16,11,19,1,17,9,17,0,16,1,18,1,8,0,9,17,22,0,14,16,0,20,15,21,14,11,11,6,18,18,21,18,4,20,0,23,0,21,17,14,1,21,17,1,11,15,0,10,17,1,1,14,2,14,2,0,12,0,1,19,11,12,0,12,8,1,15,12,14,15,15,1,26,20,0,16,24,15,19,1,15,16,1,25,12,10,9,16,14,14,10
