dsid,regime,n,trial,rlct,hypers,name,chains,draws,tune,mean_divergences,total_divergences,max_divergences,divergences_per_chain,chain_tree_depth,duration
singular2,5000,5000,0,0.9596828466154398,"c=1,d=0.1",watanabe,4,1000,4000,0.0,0,0,"[0, 0, 0, 0, 0, 0, 0, 0]",10,
singular2,5000,5000,0,0.8392887386257775,"c=1,d=1",watanabe,4,1000,4000,0.0,0,0,"[0, 0, 0, 0, 0, 0, 0, 0]",10,
singular2,5000,5000,1,0.8160951173387863,"c=1,d=0.1",watanabe,4,1000,4000,0.0,0,0,"[0, 0, 0, 0, 0, 0, 0, 0]",10,
singular2,5000,5000,1,0.9054766898427437,"c=1,d=1",watanabe,4,1000,4000,0.0,0,0,"[0, 0, 0, 0, 0, 0, 0, 0]",10,
singular2,5000,5000,2,1.453012207514542,"c=1,d=0.1",watanabe,4,1000,4000,0.0,0,0,"[0, 0, 0, 0, 0, 0, 0, 0]",10,
singular2,5000,5000,2,0.803190326012678,"c=1,d=1",watanabe,4,1000,4000,0.0,0,0,"[0, 0, 0, 0, 0, 0, 0, 0]",10,
singular2,5000,5000,3,0.8760812501835824,"c=1,d=0.1",watanabe,4,1000,4000,0.0,0,0,"[0, 0, 0, 0, 0, 0, 0, 0]",10,
singular2,5000,5000,3,0.712657860542128,"c=1,d=1",watanabe,4,1000,4000,0.0,0,0,"[0, 0, 0, 0, 0, 0, 0, 0]",10,
singular1,5000,5000,0,0.812625367136558,"c=1,d=0.1",watanabe,4,1000,4000,0.0,0,0,"[0, 0, 0, 0, 0, 0, 0, 0]",10,
singular1,5000,5000,0,0.7521978744382682,"c=1,d=1",watanabe,4,1000,4000,0.0,0,0,"[0, 0, 0, 0, 0, 0, 0, 0]",10,
e-singular,5000,5000,0,1.2833300833265302,"c=1,d=0.1",watanabe,4,1000,4000,0.0,0,0,"[0, 0, 0, 0, 0, 0, 0, 0]",7,
e-singular,5000,5000,0,1.4105241944332143,"c=1,d=1",watanabe,4,1000,4000,0.0,0,0,"[0, 0, 0, 0, 0, 0, 0, 0]",7,
singular1,5000,5000,1,0.3615246696850038,"c=1,d=0.1",watanabe,4,1000,4000,0.0,0,0,"[0, 0, 0, 0, 0, 0, 0, 0]",10,
singular1,5000,5000,1,0.6440942743151582,"c=1,d=1",watanabe,4,1000,4000,0.0,0,0,"[0, 0, 0, 0, 0, 0, 0, 0]",10,
singular1,5000,5000,2,1.3830377180942282,"c=1,d=0.1",watanabe,4,1000,4000,0.0,0,0,"[0, 0, 0, 0, 0, 0, 0, 0]",10,
singular2,50,50,0,1.0359319574834664,"c=1,d=0.1",watanabe,4,1000,4000,0.0,0,0,"[0, 0, 0, 0, 0, 0, 0, 0]",9,
singular2,250,250,0,1.7039316446977768,"c=1,d=0.1",watanabe,4,1000,4000,0.0,0,0,"[0, 0, 0, 0, 0, 0, 0, 0]",9,
regular,5000,5000,0,1.3928105758792513,"c=1,d=0.1",watanabe,4,1000,4000,0.0,0,0,"[0, 0, 0, 0, 0, 0, 0, 0]",8,
singular2,50,50,0,1.0278910590104555,"c=1,d=1",watanabe,4,1000,4000,0.0,0,0,"[0, 0, 0, 0, 0, 0, 0, 0]",9,
singular2,250,250,0,0.9410042585289408,"c=1,d=1",watanabe,4,1000,4000,0.0,0,0,"[0, 0, 0, 0, 0, 0, 0, 0]",10,
regular,5000,5000,0,1.600074896765454,"c=1,d=1",watanabe,4,1000,4000,0.0,0,0,"[0, 0, 0, 0, 0, 0, 0, 0]",7,
singular2,50,50,1,0.7056760062062294,"c=1,d=0.1",watanabe,4,1000,4000,0.0,0,0,"[0, 0, 0, 0, 0, 0, 0, 0]",9,
singular2,250,250,1,1.3045266840640088,"c=1,d=0.1",watanabe,4,1000,4000,0.0,0,0,"[0, 0, 0, 0, 0, 0, 0, 0]",9,
e-singular,5000,5000,1,1.5467639167762564,"c=1,d=0.1",watanabe,4,1000,4000,0.0,0,0,"[0, 0, 0, 0, 0, 0, 0, 0]",7,
singular2,50,50,1,0.9400366790772468,"c=1,d=1",watanabe,4,1000,4000,0.0,0,0,"[0, 0, 0, 0, 0, 0, 0, 0]",9,
singular2,250,250,1,0.9220479255115231,"c=1,d=1",watanabe,4,1000,4000,0.0,0,0,"[0, 0, 0, 0, 0, 0, 0, 0]",10,
e-singular,5000,5000,1,1.506848755665579,"c=1,d=1",watanabe,4,1000,4000,0.0,0,0,"[0, 0, 0, 0, 0, 0, 0, 0]",7,
singular2,50,50,2,0.7656141464718289,"c=1,d=0.1",watanabe,4,1000,4000,0.0,0,0,"[0, 0, 0, 0, 0, 0, 0, 0]",9,
singular2,250,250,2,0.5516103623041404,"c=1,d=0.1",watanabe,4,1000,4000,0.0,0,0,"[0, 0, 0, 0, 0, 0, 0, 0]",10,
e-singular,5000,5000,2,1.741189137953343,"c=1,d=0.1",watanabe,4,1000,4000,0.0,0,0,"[0, 0, 0, 0, 0, 0, 0, 0]",7,
singular2,50,50,2,0.9410820173168344,"c=1,d=1",watanabe,4,1000,4000,0.0,0,0,"[0, 0, 0, 0, 0, 0, 0, 0]",10,
singular2,250,250,2,0.8796612562069532,"c=1,d=1",watanabe,4,1000,4000,0.0,0,0,"[0, 0, 0, 0, 0, 0, 0, 0]",10,
singular1,5000,5000,2,1.011524423131689,"c=1,d=1",watanabe,4,1000,4000,0.0,0,0,"[0, 0, 0, 0, 0, 0, 0, 0]",10,
singular2,50,50,3,1.5238247674685277,"c=1,d=0.1",watanabe,4,1000,4000,0.0,0,0,"[0, 0, 0, 0, 0, 0, 0, 0]",8,
singular1,50,50,0,1.5342907542926534,"c=1,d=0.1",watanabe,4,1000,4000,0.0,0,0,"[0, 0, 0, 0, 0, 0, 0, 0]",10,
singular1,250,250,0,0.131523373309987,"c=1,d=0.1",watanabe,4,1000,4000,0.0,0,0,"[0, 0, 0, 0, 0, 0, 0, 0]",10,
singular1,250,250,0,0.131523373309987,"c=1,d=0.1",watanabe,4,1000,4000,0.0,0,0,"[0, 0, 0, 0, 0, 0, 0, 0]",10,
singular1,50,50,0,1.0914673607929688,"c=1,d=1",watanabe,4,1000,4000,0.0,0,0,"[0, 0, 0, 0, 0, 0, 0, 0]",10,
singular1,250,250,0,1.0321282688486475,"c=1,d=1",watanabe,4,1000,4000,0.0,0,0,"[0, 0, 0, 0, 0, 0, 0, 0]",10,
singular1,250,250,0,1.0321282688486475,"c=1,d=1",watanabe,4,1000,4000,0.0,0,0,"[0, 0, 0, 0, 0, 0, 0, 0]",10,
e-singular,50,50,0,0.7219143944947461,"c=1,d=0.1",watanabe,4,1000,4000,0.0,0,0,"[0, 0, 0, 0, 0, 0, 0, 0]",9,9.140040458005387
e-singular,250,250,0,0.939760658057108,"c=1,d=0.1",watanabe,4,1000,4000,0.0,0,0,"[0, 0, 0, 0, 0, 0, 0, 0]",9,8.604138540977146
e-singular,250,250,0,0.939760658057108,"c=1,d=0.1",watanabe,4,1000,4000,0.0,0,0,"[0, 0, 0, 0, 0, 0, 0, 0]",9,8.604138540977146
regular,50,50,0,1.9306881847703985,"c=1,d=0.1",watanabe,4,1000,4000,0.0,0,0,"[0, 0, 0, 0, 0, 0, 0, 0]",6,10.089331916999072
regular,250,250,0,1.9539782392478515,"c=1,d=0.1",watanabe,4,1000,4000,0.0,0,0,"[0, 0, 0, 0, 0, 0, 0, 0]",6,6.324483875010628
regular,250,250,0,1.9539782392478515,"c=1,d=0.1",watanabe,4,1000,4000,0.0,0,0,"[0, 0, 0, 0, 0, 0, 0, 0]",6,6.324483875010628
e-singular,50,50,0,1.0940241019045034,"c=1,d=1",watanabe,4,1000,4000,0.0,0,0,"[0, 0, 0, 0, 0, 0, 0, 0]",10,14.240868249966296
e-singular,250,250,0,1.536739966798926,"c=1,d=1",watanabe,4,1000,4000,0.0,0,0,"[0, 0, 0, 0, 0, 0, 0, 0]",9,9.186467999999875
e-singular,250,250,0,1.536739966798926,"c=1,d=1",watanabe,4,1000,4000,0.0,0,0,"[0, 0, 0, 0, 0, 0, 0, 0]",9,9.186467999999875
singular1,50,50,1,1.236322714354781,"c=1,d=0.1",watanabe,4,1000,4000,0.0,0,0,"[0, 0, 0, 0, 0, 0, 0, 0]",10,7.726884624978993
singular1,250,250,1,0.572477861493746,"c=1,d=0.1",watanabe,4,1000,4000,0.0,0,0,"[0, 0, 0, 0, 0, 0, 0, 0]",10,14.669518999988211
regular,5000,5000,1,2.080923112951788,"c=1,d=0.1",watanabe,4,1000,4000,0.0,0,0,"[0, 0, 0, 0, 0, 0, 0, 0]",7,33.09314099996118
singular1,50,50,1,1.02021902768282,"c=1,d=1",watanabe,4,1000,4000,0.0,0,0,"[0, 0, 0, 0, 0, 0, 0, 0]",10,7.806768416019622
singular1,250,250,1,1.1278669659688143,"c=1,d=1",watanabe,4,1000,4000,0.0,0,0,"[0, 0, 0, 0, 0, 0, 0, 0]",10,14.20005304197548
regular,5000,5000,1,1.5158690493420086,"c=1,d=1",watanabe,4,1000,4000,0.0,0,0,"[0, 0, 0, 0, 0, 0, 0, 0]",5,30.97839795803884
singular1,50,50,2,1.6933266943757612,"c=1,d=0.1",watanabe,4,1000,4000,0.0,0,0,"[0, 0, 0, 0, 0, 0, 0, 0]",10,8.063374916033354
singular1,250,250,2,1.2849796278236203,"c=1,d=0.1",watanabe,4,1000,4000,0.0,0,0,"[0, 0, 0, 0, 0, 0, 0, 0]",10,12.14889770798618
regular,5000,5000,2,2.37051481529891,"c=1,d=0.1",watanabe,4,1000,4000,0.0,0,0,"[0, 0, 0, 0, 0, 0, 0, 0]",7,30.53889429202536
singular1,50,50,2,1.1965042047097971,"c=1,d=1",watanabe,4,1000,4000,0.0,0,0,"[0, 0, 0, 0, 0, 0, 0, 0]",10,8.395877541974187
singular1,250,250,2,1.0381848306373276,"c=1,d=1",watanabe,4,1000,4000,0.0,0,0,"[0, 0, 0, 0, 0, 0, 0, 0]",10,13.422286292014178
e-singular,5000,5000,2,1.6507733644666418,"c=1,d=1",watanabe,4,1000,4000,0.0,0,0,"[0, 0, 0, 0, 0, 0, 0, 0]",7,46.3836669580196
singular1,50,50,3,0.0312010526507773,"c=1,d=0.1",watanabe,4,1000,4000,0.0,0,0,"[0, 0, 0, 0, 0, 0, 0, 0]",9,7.815445624990389
singular2,250,250,3,0.5500653594851099,"c=1,d=0.1",watanabe,4,1000,4000,0.0,0,0,"[0, 0, 0, 0, 0, 0, 0, 0]",10,10.270375332969708
singular1,5000,5000,3,0.835324208115863,"c=1,d=0.1",watanabe,4,1000,4000,0.0,0,0,"[0, 0, 0, 0, 0, 0, 0, 0]",10,163.15642833401216
singular2,50,50,3,0.9912439095028542,"c=1,d=1",watanabe,4,1000,4000,0.0,0,0,"[0, 0, 0, 0, 0, 0, 0, 0]",9,5.961169874994084
singular2,250,250,3,0.8305288911159286,"c=1,d=1",watanabe,4,1000,4000,0.0,0,0,"[0, 0, 0, 0, 0, 0, 0, 0]",10,12.96542629104806
singular1,5000,5000,3,0.803755632844826,"c=1,d=1",watanabe,4,1000,4000,0.0,0,0,"[0, 0, 0, 0, 0, 0, 0, 0]",10,198.56585941597584
singular2,50,50,4,0.5224706888626935,"c=1,d=0.1",watanabe,4,1000,4000,0.0,0,0,"[0, 0, 0, 0, 0, 0, 0, 0]",8,6.513717084017117
singular2,250,250,4,1.2850862075780034,"c=1,d=0.1",watanabe,4,1000,4000,0.0,0,0,"[0, 0, 0, 0, 0, 0, 0, 0]",10,9.38321195798926
regular,50,50,0,1.374131050483722,"c=1,d=1",watanabe,4,1000,4000,0.0,0,0,"[0, 0, 0, 0, 0, 0, 0, 0]",7,10.1402876250213
regular,250,250,0,1.3976980014114464,"c=1,d=1",watanabe,4,1000,4000,0.0,0,0,"[0, 0, 0, 0, 0, 0, 0, 0]",5,6.6217969579738565
regular,50,50,1,1.9075513118854133,"c=1,d=0.1",watanabe,4,1000,4000,0.0,0,0,"[0, 0, 0, 0, 0, 0, 0, 0]",7,4.157493083970621
e-singular,50,50,1,1.0073689496944656,"c=1,d=0.1",watanabe,4,1000,4000,0.0,0,0,"[0, 0, 0, 0, 0, 0, 0, 0]",10,7.339663166028913
regular,250,250,1,1.174668908703899,"c=1,d=0.1",watanabe,4,1000,4000,0.0,0,0,"[0, 0, 0, 0, 0, 0, 0, 0]",6,4.880364375014324
e-singular,250,250,1,0.938580423531338,"c=1,d=0.1",watanabe,4,1000,4000,0.0,0,0,"[0, 0, 0, 0, 0, 0, 0, 0]",10,7.340723291970789
regular,50,50,1,1.4928748227503568,"c=1,d=1",watanabe,4,1000,4000,0.0,0,0,"[0, 0, 0, 0, 0, 0, 0, 0]",7,4.056854541995563
e-singular,50,50,1,1.085150497221886,"c=1,d=1",watanabe,4,1000,4000,0.0,0,0,"[0, 0, 0, 0, 0, 0, 0, 0]",10,7.438715374970343
regular,250,250,1,1.388547455050479,"c=1,d=1",watanabe,4,1000,4000,0.0,0,0,"[0, 0, 0, 0, 0, 0, 0, 0]",5,5.0113843330182135
e-singular,250,250,1,1.6662020025114457,"c=1,d=1",watanabe,4,1000,4000,0.0,0,0,"[0, 0, 0, 0, 0, 0, 0, 0]",9,7.592062582960352
regular,50,50,2,0.8592374452492425,"c=1,d=0.1",watanabe,4,1000,4000,0.0,0,0,"[0, 0, 0, 0, 0, 0, 0, 0]",6,4.4344851250061765
e-singular,50,50,2,0.9406318774949236,"c=1,d=0.1",watanabe,4,1000,4000,0.0,0,0,"[0, 0, 0, 0, 0, 0, 0, 0]",9,6.891743917018175
regular,250,250,2,1.7155078999474271,"c=1,d=0.1",watanabe,4,1000,4000,0.0,0,0,"[0, 0, 0, 0, 0, 0, 0, 0]",5,4.895877082948573
e-singular,250,250,2,2.654936587070848,"c=1,d=0.1",watanabe,4,1000,4000,0.0,0,0,"[0, 0, 0, 0, 0, 0, 0, 0]",9,9.716985834005754
regular,50,50,2,1.5950914461080208,"c=1,d=1",watanabe,4,1000,4000,0.0,0,0,"[0, 0, 0, 0, 0, 0, 0, 0]",6,4.006271624995861
e-singular,50,50,2,1.1566671252468568,"c=1,d=1",watanabe,4,1000,4000,0.0,0,0,"[0, 0, 0, 0, 0, 0, 0, 0]",9,6.995369917014614
regular,250,250,2,1.4340613690014004,"c=1,d=1",watanabe,4,1000,4000,0.0,0,0,"[0, 0, 0, 0, 0, 0, 0, 0]",8,4.815258999995422
e-singular,250,250,2,1.5202411984911948,"c=1,d=1",watanabe,4,1000,4000,0.0,0,0,"[0, 0, 0, 0, 0, 0, 0, 0]",10,7.974492250010371
regular,5000,5000,2,1.5877312326092856,"c=1,d=1",watanabe,4,1000,4000,0.0,0,0,"[0, 0, 0, 0, 0, 0, 0, 0]",7,35.496526166039985
regular,50,50,3,1.3494897689810006,"c=1,d=0.1",watanabe,4,1000,4000,0.0,0,0,"[0, 0, 0, 0, 0, 0, 0, 0]",7,4.038260583009105
e-singular,50,50,3,1.693646909122514,"c=1,d=0.1",watanabe,4,1000,4000,0.0,0,0,"[0, 0, 0, 0, 0, 0, 0, 0]",9,7.700911541993264
regular,250,250,3,1.6543835628662706,"c=1,d=0.1",watanabe,4,1000,4000,0.0,0,0,"[0, 0, 0, 0, 0, 0, 0, 0]",7,5.390520458982792
e-singular,250,250,3,1.8240900855858688,"c=1,d=0.1",watanabe,4,1000,4000,0.0,0,0,"[0, 0, 0, 0, 0, 0, 0, 0]",9,7.8091646659886464
singular1,250,250,3,0.1583936104803574,"c=1,d=0.1",watanabe,4,1000,4000,0.0,0,0,"[0, 0, 0, 0, 0, 0, 0, 0]",10,13.363677459012251
regular,5000,5000,3,1.4257369699083395,"c=1,d=0.1",watanabe,4,1000,4000,0.0,0,0,"[0, 0, 0, 0, 0, 0, 0, 0]",5,34.88377004198264
e-singular,5000,5000,3,2.400780772487317,"c=1,d=0.1",watanabe,4,1000,4000,0.0,0,0,"[0, 0, 0, 0, 0, 0, 0, 0]",7,61.00231349997921
regular,50,50,3,1.3856387329789903,"c=1,d=1",watanabe,4,1000,4000,0.0,0,0,"[0, 0, 0, 0, 0, 0, 0, 0]",7,6.380798291997053
e-singular,50,50,3,1.524788119204632,"c=1,d=1",watanabe,4,1000,4000,0.0,0,0,"[0, 0, 0, 0, 0, 0, 0, 0]",10,7.740017417003401
singular1,50,50,3,1.165364099704104,"c=1,d=1",watanabe,4,1000,4000,0.0,0,0,"[0, 0, 0, 0, 0, 0, 0, 0]",10,9.438159666955473
regular,250,250,3,1.5177847595561795,"c=1,d=1",watanabe,4,1000,4000,0.0,0,0,"[0, 0, 0, 0, 0, 0, 0, 0]",5,6.597021292021964
e-singular,250,250,3,1.6502201975373552,"c=1,d=1",watanabe,4,1000,4000,0.0,0,0,"[0, 0, 0, 0, 0, 0, 0, 0]",9,8.406228124978952
singular1,250,250,3,0.9896724309695238,"c=1,d=1",watanabe,4,1000,4000,0.0,0,0,"[0, 0, 0, 0, 0, 0, 0, 0]",10,17.449131041008513
regular,5000,5000,3,1.3930671716943066,"c=1,d=1",watanabe,4,1000,4000,0.0,0,0,"[0, 0, 0, 0, 0, 0, 0, 0]",7,36.23294541699579
e-singular,5000,5000,3,1.5442257475812995,"c=1,d=1",watanabe,4,1000,4000,0.0,0,0,"[0, 0, 0, 0, 0, 0, 0, 0]",7,48.02528662496479
regular,50,50,4,1.5677074704349063,"c=1,d=0.1",watanabe,4,1000,4000,0.0,0,0,"[0, 0, 0, 0, 0, 0, 0, 0]",5,4.480094083992299
e-singular,50,50,4,1.436233946786157,"c=1,d=0.1",watanabe,4,1000,4000,0.0,0,0,"[0, 0, 0, 0, 0, 0, 0, 0]",9,7.480731957999524
singular1,50,50,4,1.643634134507061,"c=1,d=0.1",watanabe,4,1000,4000,0.0,0,0,"[0, 0, 0, 0, 0, 0, 0, 0]",10,7.851737332995981
regular,250,250,4,1.9270307285317865,"c=1,d=0.1",watanabe,4,1000,4000,0.0,0,0,"[0, 0, 0, 0, 0, 0, 0, 0]",6,5.063791666005272
e-singular,250,250,4,1.019037068337982,"c=1,d=0.1",watanabe,4,1000,4000,0.0,0,0,"[0, 0, 0, 0, 0, 0, 0, 0]",10,10.110244084033184
singular1,250,250,4,0.1562491022289513,"c=1,d=0.1",watanabe,4,1000,4000,0.0,0,0,"[0, 0, 0, 0, 0, 0, 0, 0]",10,13.917094083037227
regular,5000,5000,4,1.371782415879527,"c=1,d=0.1",watanabe,4,1000,4000,0.0,0,0,"[0, 0, 0, 0, 0, 0, 0, 0]",8,29.47767279099208
e-singular,5000,5000,4,0.6276427934110753,"c=1,d=0.1",watanabe,4,1000,4000,0.0,0,0,"[0, 0, 0, 0, 0, 0, 0, 0]",7,47.972312375030015
singular1,5000,5000,4,1.2248001886352493,"c=1,d=0.1",watanabe,4,1000,4000,0.0,0,0,"[0, 0, 0, 0, 0, 0, 0, 0]",10,209.66636070801167
singular2,5000,5000,4,0.419340885754574,"c=1,d=0.1",watanabe,4,1000,4000,0.0,0,0,"[0, 0, 0, 0, 0, 0, 0, 0]",10,168.03104425000492
regular,50,50,4,1.3327911847310745,"c=1,d=1",watanabe,4,1000,4000,0.0,0,0,"[0, 0, 0, 0, 0, 0, 0, 0]",5,4.537229750014376
e-singular,50,50,4,1.2483949483024763,"c=1,d=1",watanabe,4,1000,4000,0.0,0,0,"[0, 0, 0, 0, 0, 0, 0, 0]",9,7.238516875018831
singular1,50,50,4,1.1292266234333557,"c=1,d=1",watanabe,4,1000,4000,0.0,0,0,"[0, 0, 0, 0, 0, 0, 0, 0]",9,7.964043250016402
singular2,50,50,4,1.040598927332679,"c=1,d=1",watanabe,4,1000,4000,0.0,0,0,"[0, 0, 0, 0, 0, 0, 0, 0]",9,6.050911209022161
regular,250,250,4,1.4586939312309368,"c=1,d=1",watanabe,4,1000,4000,0.0,0,0,"[0, 0, 0, 0, 0, 0, 0, 0]",5,5.048487916996237
e-singular,250,250,4,1.4536752598344314,"c=1,d=1",watanabe,4,1000,4000,0.0,0,0,"[0, 0, 0, 0, 0, 0, 0, 0]",9,8.735658709018026
singular1,250,250,4,0.9472327151301744,"c=1,d=1",watanabe,4,1000,4000,0.0,0,0,"[0, 0, 0, 0, 0, 0, 0, 0]",10,16.36020679201465
singular2,250,250,4,1.0034173801966666,"c=1,d=1",watanabe,4,1000,4000,0.0,0,0,"[0, 0, 0, 0, 0, 0, 0, 0]",10,9.773750708031002
regular,5000,5000,4,1.5070474634467603,"c=1,d=1",watanabe,4,1000,4000,0.0,0,0,"[0, 0, 0, 0, 0, 0, 0, 0]",8,28.84053295798367
e-singular,5000,5000,4,1.5551981304442404,"c=1,d=1",watanabe,4,1000,4000,0.0,0,0,"[0, 0, 0, 0, 0, 0, 0, 0]",7,44.988939374976326
singular1,5000,5000,4,0.8609513825049738,"c=1,d=1",watanabe,4,1000,4000,0.0,0,0,"[0, 0, 0, 0, 0, 0, 0, 0]",10,175.71821154200006
singular2,5000,5000,4,0.845994102469482,"c=1,d=1",watanabe,4,1000,4000,0.0,0,0,"[0, 0, 0, 0, 0, 0, 0, 0]",10,182.02570662501967
regular,50,50,5,1.6324722942360603,"c=1,d=0.1",watanabe,4,1000,4000,0.0,0,0,"[0, 0, 0, 0, 0, 0, 0, 0]",6,7.656231917033438
e-singular,50,50,5,1.103847161000257,"c=1,d=0.1",watanabe,4,1000,4000,0.0,0,0,"[0, 0, 0, 0, 0, 0, 0, 0]",9,6.058879333024379
singular1,50,50,5,1.2910099163599045,"c=1,d=0.1",watanabe,4,1000,4000,0.0,0,0,"[0, 0, 0, 0, 0, 0, 0, 0]",10,7.809414291987196
singular2,50,50,5,1.6889379327917502,"c=1,d=0.1",watanabe,4,1000,4000,0.0,0,0,"[0, 0, 0, 0, 0, 0, 0, 0]",9,6.0286332499817945
regular,250,250,5,1.438456230421414,"c=1,d=0.1",watanabe,4,1000,4000,0.0,0,0,"[0, 0, 0, 0, 0, 0, 0, 0]",7,5.633191041008104
e-singular,250,250,5,0.6886062489937087,"c=1,d=0.1",watanabe,4,1000,4000,0.0,0,0,"[0, 0, 0, 0, 0, 0, 0, 0]",10,10.831147917022465
singular1,250,250,5,1.050062729967624,"c=1,d=0.1",watanabe,4,1000,4000,0.0,0,0,"[0, 0, 0, 0, 0, 0, 0, 0]",10,14.362366957997438
singular2,250,250,5,1.0073516841559798,"c=1,d=0.1",watanabe,4,1000,4000,0.0,0,0,"[0, 0, 0, 0, 0, 0, 0, 0]",10,10.033908082987182
regular,5000,5000,5,1.6030460866386562,"c=1,d=0.1",watanabe,4,1000,4000,0.0,0,0,"[0, 0, 0, 0, 0, 0, 0, 0]",8,31.68098512501456
e-singular,5000,5000,5,2.402651674779517,"c=1,d=0.1",watanabe,4,1000,4000,0.0,0,0,"[0, 0, 0, 0, 0, 0, 0, 0]",7,43.21273958298843
singular1,5000,5000,5,0.728255581497529,"c=1,d=0.1",watanabe,4,1000,4000,0.0,0,0,"[0, 0, 0, 0, 0, 0, 0, 0]",10,152.7429717920022
singular2,5000,5000,5,0.3212664046121449,"c=1,d=0.1",watanabe,4,1000,4000,0.0,0,0,"[0, 0, 0, 0, 0, 0, 0, 0]",10,157.26602325000567
regular,50,50,5,1.362493134812044,"c=1,d=1",watanabe,4,1000,4000,0.0,0,0,"[0, 0, 0, 0, 0, 0, 0, 0]",7,4.489849583012983
e-singular,50,50,5,1.4647006887166956,"c=1,d=1",watanabe,4,1000,4000,0.0,0,0,"[0, 0, 0, 0, 0, 0, 0, 0]",9,8.54578979202779
singular1,50,50,5,1.1431759511250086,"c=1,d=1",watanabe,4,1000,4000,0.0,0,0,"[0, 0, 0, 0, 0, 0, 0, 0]",10,8.861858125019353
singular2,50,50,5,1.0798037360889816,"c=1,d=1",watanabe,4,1000,4000,0.0,0,0,"[0, 0, 0, 0, 0, 0, 0, 0]",9,6.50258045794908
regular,250,250,5,1.466477961441562,"c=1,d=1",watanabe,4,1000,4000,0.0,0,0,"[0, 0, 0, 0, 0, 0, 0, 0]",7,5.0237400000332855
e-singular,250,250,5,0.9994749345783884,"c=1,d=1",watanabe,4,1000,4000,0.0,0,0,"[0, 0, 0, 0, 0, 0, 0, 0]",10,11.109029207960702
singular1,250,250,5,1.0251685969083346,"c=1,d=1",watanabe,4,1000,4000,0.0,0,0,"[0, 0, 0, 0, 0, 0, 0, 0]",10,13.70552229200257
singular2,250,250,5,0.9709383749774162,"c=1,d=1",watanabe,4,1000,4000,0.0,0,0,"[0, 0, 0, 0, 0, 0, 0, 0]",10,9.905348083004355
regular,5000,5000,5,1.44343726556135,"c=1,d=1",watanabe,4,1000,4000,0.0,0,0,"[0, 0, 0, 0, 0, 0, 0, 0]",5,30.964019124978226
e-singular,5000,5000,5,1.503302714436581,"c=1,d=1",watanabe,4,1000,4000,0.0,0,0,"[0, 0, 0, 0, 0, 0, 0, 0]",7,50.44813624996459
singular1,5000,5000,5,0.8149489005151985,"c=1,d=1",watanabe,4,1000,4000,0.0,0,0,"[0, 0, 0, 0, 0, 0, 0, 0]",10,168.39691495895386
singular2,5000,5000,5,0.8067879138649111,"c=1,d=1",watanabe,4,1000,4000,0.0,0,0,"[0, 0, 0, 0, 0, 0, 0, 0]",10,146.0314004169777
regular,50,50,6,0.9295516938649449,"c=1,d=0.1",watanabe,4,1000,4000,0.0,0,0,"[0, 0, 0, 0, 0, 0, 0, 0]",7,4.280082291050348
e-singular,50,50,6,1.0675562998836745,"c=1,d=0.1",watanabe,4,1000,4000,0.0,0,0,"[0, 0, 0, 0, 0, 0, 0, 0]",9,7.376605292025488
singular1,50,50,6,1.443180259038653,"c=1,d=0.1",watanabe,4,1000,4000,0.0,0,0,"[0, 0, 0, 0, 0, 0, 0, 0]",10,8.334831750020385
singular2,50,50,6,0.8318649463879387,"c=1,d=0.1",watanabe,4,1000,4000,0.0,0,0,"[0, 0, 0, 0, 0, 0, 0, 0]",9,6.316308417008258
regular,250,250,6,2.324813712743236,"c=1,d=0.1",watanabe,4,1000,4000,0.0,0,0,"[0, 0, 0, 0, 0, 0, 0, 0]",6,4.94265224999981
e-singular,250,250,6,1.7018396224136891,"c=1,d=0.1",watanabe,4,1000,4000,0.0,0,0,"[0, 0, 0, 0, 0, 0, 0, 0]",10,13.37085708300583
singular1,250,250,6,1.5349182315017538,"c=1,d=0.1",watanabe,4,1000,4000,0.0,0,0,"[0, 0, 0, 0, 0, 0, 0, 0]",10,13.776443792041391
singular2,250,250,6,0.6657221943971043,"c=1,d=0.1",watanabe,4,1000,4000,0.0,0,0,"[0, 0, 0, 0, 0, 0, 0, 0]",10,9.999716292019002
regular,5000,5000,6,1.0945960903448582,"c=1,d=0.1",watanabe,4,1000,4000,0.0,0,0,"[0, 0, 0, 0, 0, 0, 0, 0]",5,29.34786729200277
e-singular,5000,5000,6,1.4775139005829716,"c=1,d=0.1",watanabe,4,1000,4000,0.0,0,0,"[0, 0, 0, 0, 0, 0, 0, 0]",7,45.0400301659829
singular1,5000,5000,6,1.3240870442188033,"c=1,d=0.1",watanabe,4,1000,4000,0.0,0,0,"[0, 0, 0, 0, 0, 0, 0, 0]",10,182.62001625000264
singular2,5000,5000,6,0.0208976025652109,"c=1,d=0.1",watanabe,4,1000,4000,0.0,0,0,"[0, 0, 0, 0, 0, 0, 0, 0]",10,144.47204674995737
regular,50,50,6,1.4609762326678126,"c=1,d=1",watanabe,4,1000,4000,0.0,0,0,"[0, 0, 0, 0, 0, 0, 0, 0]",7,4.281207000021823
e-singular,50,50,6,1.023639603795211,"c=1,d=1",watanabe,4,1000,4000,0.0,0,0,"[0, 0, 0, 0, 0, 0, 0, 0]",9,9.225606957974378
singular1,50,50,6,1.2577917801480882,"c=1,d=1",watanabe,4,1000,4000,0.0,0,0,"[0, 0, 0, 0, 0, 0, 0, 0]",10,8.654552958032582
singular2,50,50,6,0.9217181487913052,"c=1,d=1",watanabe,4,1000,4000,0.0,0,0,"[0, 0, 0, 0, 0, 0, 0, 0]",9,6.598393624997698
regular,250,250,6,1.5095166674071177,"c=1,d=1",watanabe,4,1000,4000,0.0,0,0,"[0, 0, 0, 0, 0, 0, 0, 0]",5,4.881477207993157
e-singular,250,250,6,1.808215484464352,"c=1,d=1",watanabe,4,1000,4000,0.0,0,0,"[0, 0, 0, 0, 0, 0, 0, 0]",9,8.31397175003076
singular1,250,250,6,0.9773328248577176,"c=1,d=1",watanabe,4,1000,4000,0.0,0,0,"[0, 0, 0, 0, 0, 0, 0, 0]",10,13.159024416003376
singular2,250,250,6,1.0648837707270262,"c=1,d=1",watanabe,4,1000,4000,0.0,0,0,"[0, 0, 0, 0, 0, 0, 0, 0]",10,9.854066250030884
regular,5000,5000,6,1.6337589932545966,"c=1,d=1",watanabe,4,1000,4000,0.0,0,0,"[0, 0, 0, 0, 0, 0, 0, 0]",5,29.34266316698632
e-singular,5000,5000,6,1.3682659517837934,"c=1,d=1",watanabe,4,1000,4000,0.0,0,0,"[0, 0, 0, 0, 0, 0, 0, 0]",8,44.70563870796468
singular1,5000,5000,6,0.7702219610653926,"c=1,d=1",watanabe,4,1000,4000,0.0,0,0,"[0, 0, 0, 0, 0, 0, 0, 0]",10,195.30571912496816
singular2,5000,5000,6,0.7240242617045062,"c=1,d=1",watanabe,4,1000,4000,0.0,0,0,"[0, 0, 0, 0, 0, 0, 0, 0]",10,186.4609595410293
regular,50,50,7,1.9792000310789348,"c=1,d=0.1",watanabe,4,1000,4000,0.0,0,0,"[0, 0, 0, 0, 0, 0, 0, 0]",6,5.946956666011829
e-singular,50,50,7,0.6992817410052273,"c=1,d=0.1",watanabe,4,1000,4000,0.0,0,0,"[0, 0, 0, 0, 0, 0, 0, 0]",10,7.342444666021038
singular1,50,50,7,1.0412653559910716,"c=1,d=0.1",watanabe,4,1000,4000,0.0,0,0,"[0, 0, 0, 0, 0, 0, 0, 0]",10,10.26688445796026
singular2,50,50,7,1.2716466161025854,"c=1,d=0.1",watanabe,4,1000,4000,0.0,0,0,"[0, 0, 0, 0, 0, 0, 0, 0]",9,7.00582616601605
regular,250,250,7,1.2237719066773318,"c=1,d=0.1",watanabe,4,1000,4000,0.0,0,0,"[0, 0, 0, 0, 0, 0, 0, 0]",5,6.6404929170385
e-singular,250,250,7,2.6267889540236142,"c=1,d=0.1",watanabe,4,1000,4000,0.0,0,0,"[0, 0, 0, 0, 0, 0, 0, 0]",9,7.732754042022861
singular1,250,250,7,0.6950322620726372,"c=1,d=0.1",watanabe,4,1000,4000,0.0,0,0,"[0, 0, 0, 0, 0, 0, 0, 0]",10,13.163851417019032
singular2,250,250,7,0.4773557735978518,"c=1,d=0.1",watanabe,4,1000,4000,0.0,0,0,"[0, 0, 0, 0, 0, 0, 0, 0]",9,9.238731792022008
regular,5000,5000,7,1.4587951179192564,"c=1,d=0.1",watanabe,4,1000,4000,0.0,0,0,"[0, 0, 0, 0, 0, 0, 0, 0]",5,31.5107769999886
e-singular,5000,5000,7,0.9148012961394024,"c=1,d=0.1",watanabe,4,1000,4000,0.0,0,0,"[0, 0, 0, 0, 0, 0, 0, 0]",7,47.76198095799191
singular1,5000,5000,7,0.9683895940721576,"c=1,d=0.1",watanabe,4,1000,4000,0.0,0,0,"[0, 0, 0, 0, 0, 0, 0, 0]",10,179.66567183297593
singular2,5000,5000,7,0.4159144561727793,"c=1,d=0.1",watanabe,4,1000,4000,0.0,0,0,"[0, 0, 0, 0, 0, 0, 0, 0]",10,170.7136940829805
regular,50,50,7,1.302098072046434,"c=1,d=1",watanabe,4,1000,4000,0.0,0,0,"[0, 0, 0, 0, 0, 0, 0, 0]",7,4.275857499975245
e-singular,50,50,7,1.0884935148302597,"c=1,d=1",watanabe,4,1000,4000,0.0,0,0,"[0, 0, 0, 0, 0, 0, 0, 0]",9,6.657776667037979
singular1,50,50,7,1.1736441078925997,"c=1,d=1",watanabe,4,1000,4000,0.0,0,0,"[0, 0, 0, 0, 0, 0, 0, 0]",10,8.698551375011448
singular2,50,50,7,0.8420833030973918,"c=1,d=1",watanabe,4,1000,4000,0.0,0,0,"[0, 0, 0, 0, 0, 0, 0, 0]",9,7.183216625009663
regular,250,250,7,1.5184708328924923,"c=1,d=1",watanabe,4,1000,4000,0.0,0,0,"[0, 0, 0, 0, 0, 0, 0, 0]",7,5.451235332991928
e-singular,250,250,7,1.7869639077138548,"c=1,d=1",watanabe,4,1000,4000,0.0,0,0,"[0, 0, 0, 0, 0, 0, 0, 0]",9,7.315204540966079
singular1,250,250,7,1.0314162565074312,"c=1,d=1",watanabe,4,1000,4000,0.0,0,0,"[0, 0, 0, 0, 0, 0, 0, 0]",10,12.735085582942702
singular2,250,250,7,0.9287114530835856,"c=1,d=1",watanabe,4,1000,4000,0.0,0,0,"[0, 0, 0, 0, 0, 0, 0, 0]",10,11.45497904199874
regular,5000,5000,7,1.5701489061595089,"c=1,d=1",watanabe,4,1000,4000,0.0,0,0,"[0, 0, 0, 0, 0, 0, 0, 0]",6,36.118737415992655
e-singular,5000,5000,7,1.54197806347597,"c=1,d=1",watanabe,4,1000,4000,0.0,0,0,"[0, 0, 0, 0, 0, 0, 0, 0]",7,45.8306474579731
singular1,5000,5000,7,0.8264534817229994,"c=1,d=1",watanabe,4,1000,4000,0.0,0,0,"[0, 0, 0, 0, 0, 0, 0, 0]",10,206.1295212500263
singular2,5000,5000,7,0.8668786403801683,"c=1,d=1",watanabe,4,1000,4000,0.0,0,0,"[0, 0, 0, 0, 0, 0, 0, 0]",10,145.9384267500136
regular,50,50,8,1.3979883389024368,"c=1,d=0.1",watanabe,4,1000,4000,0.0,0,0,"[0, 0, 0, 0, 0, 0, 0, 0]",7,4.356547000003047
e-singular,50,50,8,2.885254463228115,"c=1,d=0.1",watanabe,4,1000,4000,0.0,0,0,"[0, 0, 0, 0, 0, 0, 0, 0]",8,5.894778083020356
singular1,50,50,8,0.8220710548643141,"c=1,d=0.1",watanabe,4,1000,4000,0.0,0,0,"[0, 0, 0, 0, 0, 0, 0, 0]",10,7.976899874978699
singular2,50,50,8,0.9936417143121964,"c=1,d=0.1",watanabe,4,1000,4000,0.0,0,0,"[0, 0, 0, 0, 0, 0, 0, 0]",9,7.88122562499484
regular,250,250,8,1.941284414379188,"c=1,d=0.1",watanabe,4,1000,4000,0.0,0,0,"[0, 0, 0, 0, 0, 0, 0, 0]",5,5.4800322920200415
e-singular,250,250,8,2.1345494469329083,"c=1,d=0.1",watanabe,4,1000,4000,0.0,0,0,"[0, 0, 0, 0, 0, 0, 0, 0]",9,8.725609874993097
singular1,250,250,8,1.264662348139298,"c=1,d=0.1",watanabe,4,1000,4000,0.0,0,0,"[0, 0, 0, 0, 0, 0, 0, 0]",10,14.337331791990437
singular2,250,250,8,1.720351491167246,"c=1,d=0.1",watanabe,4,1000,4000,0.0,0,0,"[0, 0, 0, 0, 0, 0, 0, 0]",9,9.156323749979492
regular,5000,5000,8,1.7695175003089842,"c=1,d=0.1",watanabe,4,1000,4000,0.0,0,0,"[0, 0, 0, 0, 0, 0, 0, 0]",7,37.13139112497447
e-singular,5000,5000,8,0.6239012111182839,"c=1,d=0.1",watanabe,4,1000,4000,0.0,0,0,"[0, 0, 0, 0, 0, 0, 0, 0]",7,45.54000133299269
singular1,5000,5000,8,1.1167409020482482,"c=1,d=0.1",watanabe,4,1000,4000,0.0,0,0,"[0, 0, 0, 0, 0, 0, 0, 0]",10,221.1750900000333
singular2,5000,5000,8,1.521894834646484,"c=1,d=0.1",watanabe,4,1000,4000,0.0,0,0,"[0, 0, 0, 0, 0, 0, 0, 0]",10,141.30819266696926
regular,50,50,8,1.4317406781116322,"c=1,d=1",watanabe,4,1000,4000,0.0,0,0,"[0, 0, 0, 0, 0, 0, 0, 0]",8,5.675714041979518
e-singular,50,50,8,2.0469309668737403,"c=1,d=1",watanabe,4,1000,4000,0.0,0,0,"[0, 0, 0, 0, 0, 0, 0, 0]",8,5.718397707969416
singular1,50,50,8,1.1037677056885693,"c=1,d=1",watanabe,4,1000,4000,0.0,0,0,"[0, 0, 0, 0, 0, 0, 0, 0]",10,9.865428958029952
singular2,50,50,8,0.9398812134085968,"c=1,d=1",watanabe,4,1000,4000,0.0,0,0,"[0, 0, 0, 0, 0, 0, 0, 0]",10,8.970320708991494
regular,250,250,8,1.4498434405204854,"c=1,d=1",watanabe,4,1000,4000,0.0,0,0,"[0, 0, 0, 0, 0, 0, 0, 0]",5,5.753551916975994
e-singular,250,250,8,1.6526734062779358,"c=1,d=1",watanabe,4,1000,4000,0.0,0,0,"[0, 0, 0, 0, 0, 0, 0, 0]",9,8.872939875000156
singular1,250,250,8,1.0928982768453028,"c=1,d=1",watanabe,4,1000,4000,0.0,0,0,"[0, 0, 0, 0, 0, 0, 0, 0]",10,15.194029667007271
singular2,250,250,8,0.9528072310716262,"c=1,d=1",watanabe,4,1000,4000,0.0,0,0,"[0, 0, 0, 0, 0, 0, 0, 0]",10,10.68365704198368
regular,5000,5000,8,1.429210505884969,"c=1,d=1",watanabe,4,1000,4000,0.0,0,0,"[0, 0, 0, 0, 0, 0, 0, 0]",7,31.62758966698312
e-singular,5000,5000,8,1.3766230219978233,"c=1,d=1",watanabe,4,1000,4000,0.0,0,0,"[0, 0, 0, 0, 0, 0, 0, 0]",7,50.49847345799208
singular1,5000,5000,8,0.8210065927502234,"c=1,d=1",watanabe,4,1000,4000,0.0,0,0,"[0, 0, 0, 0, 0, 0, 0, 0]",10,254.74810620897915
singular2,5000,5000,8,1.056484856584346,"c=1,d=1",watanabe,4,1000,4000,0.0,0,0,"[0, 0, 0, 0, 0, 0, 0, 0]",10,181.6903704170254
regular,50,50,9,2.016361366647595,"c=1,d=0.1",watanabe,4,1000,4000,0.0,0,0,"[0, 0, 0, 0, 0, 0, 0, 0]",8,4.9477771249949
e-singular,50,50,9,0.9465605802350932,"c=1,d=0.1",watanabe,4,1000,4000,0.0,0,0,"[0, 0, 0, 0, 0, 0, 0, 0]",9,8.208234833029564
singular1,50,50,9,0.845055949311591,"c=1,d=0.1",watanabe,4,1000,4000,0.0,0,0,"[0, 0, 0, 0, 0, 0, 0, 0]",10,10.32300191698596
singular2,50,50,9,1.3068786591735082,"c=1,d=0.1",watanabe,4,1000,4000,0.0,0,0,"[0, 0, 0, 0, 0, 0, 0, 0]",9,7.319996541016735
regular,250,250,9,0.5775477458350514,"c=1,d=0.1",watanabe,4,1000,4000,0.0,0,0,"[0, 0, 0, 0, 0, 0, 0, 0]",8,5.298726374981925
e-singular,250,250,9,1.5549030531606858,"c=1,d=0.1",watanabe,4,1000,4000,0.0,0,0,"[0, 0, 0, 0, 0, 0, 0, 0]",10,8.264789750042837
singular1,250,250,9,0.9607999205311998,"c=1,d=0.1",watanabe,4,1000,4000,0.0,0,0,"[0, 0, 0, 0, 0, 0, 0, 0]",10,14.793923166987952
singular2,250,250,9,1.2740272988649346,"c=1,d=0.1",watanabe,4,1000,4000,0.0,0,0,"[0, 0, 0, 0, 0, 0, 0, 0]",10,10.28901979199145
regular,5000,5000,9,1.5412047616239437,"c=1,d=0.1",watanabe,4,1000,4000,0.0,0,0,"[0, 0, 0, 0, 0, 0, 0, 0]",7,33.512836541980505
e-singular,5000,5000,9,1.9029409229351093,"c=1,d=0.1",watanabe,4,1000,4000,0.0,0,0,"[0, 0, 0, 0, 0, 0, 0, 0]",7,46.96608895901591
singular1,5000,5000,9,0.943938749311264,"c=1,d=0.1",watanabe,4,1000,4000,0.0,0,0,"[0, 0, 0, 0, 0, 0, 0, 0]",10,136.8506364999921
singular2,5000,5000,9,1.3361265560451436,"c=1,d=0.1",watanabe,4,1000,4000,0.0,0,0,"[0, 0, 0, 0, 0, 0, 0, 0]",10,145.51872062502662
regular,50,50,9,1.4598486504817216,"c=1,d=1",watanabe,4,1000,4000,0.0,0,0,"[0, 0, 0, 0, 0, 0, 0, 0]",7,5.624530541012064
e-singular,50,50,9,1.1861984093054494,"c=1,d=1",watanabe,4,1000,4000,0.0,0,0,"[0, 0, 0, 0, 0, 0, 0, 0]",9,7.428891542018391
singular1,50,50,9,0.9914321881698496,"c=1,d=1",watanabe,4,1000,4000,0.0,0,0,"[0, 0, 0, 0, 0, 0, 0, 0]",10,8.808058958966285
singular2,50,50,9,0.9453551887782524,"c=1,d=1",watanabe,4,1000,4000,0.0,0,0,"[0, 0, 0, 0, 0, 0, 0, 0]",9,8.030795584025327
regular,250,250,9,1.4579298041129969,"c=1,d=1",watanabe,4,1000,4000,0.0,0,0,"[0, 0, 0, 0, 0, 0, 0, 0]",8,5.520769166992977
e-singular,250,250,9,1.6101127690954062,"c=1,d=1",watanabe,4,1000,4000,0.0,0,0,"[0, 0, 0, 0, 0, 0, 0, 0]",9,7.996311000024434
singular1,250,250,9,1.100038110677244,"c=1,d=1",watanabe,4,1000,4000,0.0,0,0,"[0, 0, 0, 0, 0, 0, 0, 0]",10,15.284359792014584
singular2,250,250,9,0.8888266853944792,"c=1,d=1",watanabe,4,1000,4000,0.0,0,0,"[0, 0, 0, 0, 0, 0, 0, 0]",10,11.071805541985668
regular,5000,5000,9,1.4348149011244749,"c=1,d=1",watanabe,4,1000,4000,0.0,0,0,"[0, 0, 0, 0, 0, 0, 0, 0]",7,32.7190484169987
e-singular,5000,5000,9,1.5250751681477603,"c=1,d=1",watanabe,4,1000,4000,0.0,0,0,"[0, 0, 0, 0, 0, 0, 0, 0]",7,45.902849667007104
singular1,5000,5000,9,0.6501216797292155,"c=1,d=1",watanabe,4,1000,4000,0.0,0,0,"[0, 0, 0, 0, 0, 0, 0, 0]",10,156.39062229095725
singular2,5000,5000,9,0.863645250744612,"c=1,d=1",watanabe,4,1000,4000,0.0,0,0,"[0, 0, 0, 0, 0, 0, 0, 0]",10,160.9691354999668
regular,50,50,10,1.5598428009548166,"c=1,d=0.1",watanabe,4,1000,4000,0.0,0,0,"[0, 0, 0, 0, 0, 0, 0, 0]",6,4.638697458023671
e-singular,50,50,10,1.154993924050846,"c=1,d=0.1",watanabe,4,1000,4000,0.0,0,0,"[0, 0, 0, 0, 0, 0, 0, 0]",9,8.347755458031315
singular1,50,50,10,1.0154722518030448,"c=1,d=0.1",watanabe,4,1000,4000,0.0,0,0,"[0, 0, 0, 0, 0, 0, 0, 0]",10,19.75790450000204
singular2,50,50,10,1.2330447233512718,"c=1,d=0.1",watanabe,4,1000,4000,0.0,0,0,"[0, 0, 0, 0, 0, 0, 0, 0]",9,6.405362958961632
regular,250,250,10,1.5055916439358263,"c=1,d=0.1",watanabe,4,1000,4000,0.0,0,0,"[0, 0, 0, 0, 0, 0, 0, 0]",6,6.5347962499945424
e-singular,250,250,10,1.8288915972337016,"c=1,d=0.1",watanabe,4,1000,4000,0.0,0,0,"[0, 0, 0, 0, 0, 0, 0, 0]",10,9.446860458992887
singular1,250,250,10,0.8532624910032217,"c=1,d=0.1",watanabe,4,1000,4000,0.0,0,0,"[0, 0, 0, 0, 0, 0, 0, 0]",10,15.057513665989973
singular2,250,250,10,0.7498335964211149,"c=1,d=0.1",watanabe,4,1000,4000,0.0,0,0,"[0, 0, 0, 0, 0, 0, 0, 0]",10,11.020882708020508
regular,5000,5000,10,1.865532557238408,"c=1,d=0.1",watanabe,4,1000,4000,0.0,0,0,"[0, 0, 0, 0, 0, 0, 0, 0]",7,33.646223874995485
e-singular,5000,5000,10,1.3982278741177625,"c=1,d=0.1",watanabe,4,1000,4000,0.0,0,0,"[0, 0, 0, 0, 0, 0, 0, 0]",7,45.74881779099815
singular1,5000,5000,10,0.3957201732589444,"c=1,d=0.1",watanabe,4,1000,4000,0.0,0,0,"[0, 0, 0, 0, 0, 0, 0, 0]",10,160.09255687502446
singular2,5000,5000,10,0.9683563783500064,"c=1,d=0.1",watanabe,4,1000,4000,0.0,0,0,"[0, 0, 0, 0, 0, 0, 0, 0]",10,162.14642020798055
regular,50,50,10,1.4812373952339828,"c=1,d=1",watanabe,4,1000,4000,0.0,0,0,"[0, 0, 0, 0, 0, 0, 0, 0]",6,4.479540542000905
e-singular,50,50,10,1.1066294479486103,"c=1,d=1",watanabe,4,1000,4000,0.0,0,0,"[0, 0, 0, 0, 0, 0, 0, 0]",10,7.234263040998485
singular1,50,50,10,1.0648990570818346,"c=1,d=1",watanabe,4,1000,4000,0.0,0,0,"[0, 0, 0, 0, 0, 0, 0, 0]",9,8.18507462501293
singular2,50,50,10,0.9210422818887272,"c=1,d=1",watanabe,4,1000,4000,0.0,0,0,"[0, 0, 0, 0, 0, 0, 0, 0]",9,6.759136624983512
regular,250,250,10,1.465415507247145,"c=1,d=1",watanabe,4,1000,4000,0.0,0,0,"[0, 0, 0, 0, 0, 0, 0, 0]",7,5.208959000010509
e-singular,250,250,10,1.6228237361112103,"c=1,d=1",watanabe,4,1000,4000,0.0,0,0,"[0, 0, 0, 0, 0, 0, 0, 0]",9,8.204308915999718
singular1,250,250,10,1.0488076872559138,"c=1,d=1",watanabe,4,1000,4000,0.0,0,0,"[0, 0, 0, 0, 0, 0, 0, 0]",10,21.742249915958386
singular2,250,250,10,0.8461072885157414,"c=1,d=1",watanabe,4,1000,4000,0.0,0,0,"[0, 0, 0, 0, 0, 0, 0, 0]",10,11.684365375025664
regular,5000,5000,10,1.3992065950003043,"c=1,d=1",watanabe,4,1000,4000,0.0,0,0,"[0, 0, 0, 0, 0, 0, 0, 0]",5,34.24641141697066
e-singular,5000,5000,10,1.455812198185738,"c=1,d=1",watanabe,4,1000,4000,0.0,0,0,"[0, 0, 0, 0, 0, 0, 0, 0]",7,56.60426033299882
singular1,5000,5000,10,0.8504227741452365,"c=1,d=1",watanabe,4,1000,4000,0.0,0,0,"[0, 0, 0, 0, 0, 0, 0, 0]",10,212.41997654101576
singular2,5000,5000,10,0.7431293284034034,"c=1,d=1",watanabe,4,1000,4000,0.0,0,0,"[0, 0, 0, 0, 0, 0, 0, 0]",10,196.811913084006
regular,50,50,11,1.7787200006842867,"c=1,d=0.1",watanabe,4,1000,4000,0.0,0,0,"[0, 0, 0, 0, 0, 0, 0, 0]",5,10.708312475999264
e-singular,50,50,11,0.8533834273485679,"c=1,d=0.1",watanabe,4,1000,4000,0.0,0,0,"[0, 0, 0, 0, 0, 0, 0, 0]",9,9.41118253699824
singular1,50,50,11,1.7544463017895533,"c=1,d=0.1",watanabe,4,1000,4000,0.0,0,0,"[0, 0, 0, 0, 0, 0, 0, 0]",10,11.557427062998611
singular2,50,50,11,0.2572144808464429,"c=1,d=0.1",watanabe,4,1000,4000,0.0,0,0,"[0, 0, 0, 0, 0, 0, 0, 0]",9,9.404717514997174
regular,250,250,11,1.8210937494076207,"c=1,d=0.1",watanabe,4,1000,4000,0.0,0,0,"[0, 0, 0, 0, 0, 0, 0, 0]",8,8.995791084998928
e-singular,250,250,11,2.116336601073122,"c=1,d=0.1",watanabe,4,1000,4000,0.0,0,0,"[0, 0, 0, 0, 0, 0, 0, 0]",10,14.764062825997826
singular1,250,250,11,1.6175721874358884,"c=1,d=0.1",watanabe,4,1000,4000,0.0,0,0,"[0, 0, 0, 0, 0, 0, 0, 0]",10,19.589800189001835
singular2,250,250,11,0.684395255424906,"c=1,d=0.1",watanabe,4,1000,4000,0.0,0,0,"[0, 0, 0, 0, 0, 0, 0, 0]",9,16.74473142900024
regular,5000,5000,11,1.4936211454080872,"c=1,d=0.1",watanabe,4,1000,4000,0.0,0,0,"[0, 0, 0, 0, 0, 0, 0, 0]",7,46.90328768100153
e-singular,5000,5000,11,2.031604881851292,"c=1,d=0.1",watanabe,4,1000,4000,0.0,0,0,"[0, 0, 0, 0, 0, 0, 0, 0]",7,71.5628830789974
singular1,5000,5000,11,0.7721706466020518,"c=1,d=0.1",watanabe,4,1000,4000,0.0,0,0,"[0, 0, 0, 0, 0, 0, 0, 0]",10,268.09706786899915
singular2,5000,5000,11,0.7712947949013382,"c=1,d=0.1",watanabe,4,1000,4000,0.0,0,0,"[0, 0, 0, 0, 0, 0, 0, 0]",10,222.96565874500084
regular,50,50,11,1.4549718222290693,"c=1,d=1",watanabe,4,1000,4000,0.0,0,0,"[0, 0, 0, 0, 0, 0, 0, 0]",7,8.082002441995428
e-singular,50,50,11,1.5031885112923766,"c=1,d=1",watanabe,4,1000,4000,0.0,0,0,"[0, 0, 0, 0, 0, 0, 0, 0]",9,11.209001875002286
singular1,50,50,11,1.0568394672325667,"c=1,d=1",watanabe,4,1000,4000,0.0,0,0,"[0, 0, 0, 0, 0, 0, 0, 0]",10,14.2051014259996
singular2,50,50,11,0.8420097058220091,"c=1,d=1",watanabe,4,1000,4000,0.0,0,0,"[0, 0, 0, 0, 0, 0, 0, 0]",9,11.31942088699725
regular,250,250,11,1.3737560899635806,"c=1,d=1",watanabe,4,1000,4000,0.0,0,0,"[0, 0, 0, 0, 0, 0, 0, 0]",5,10.196921795999517
e-singular,250,250,11,1.6540318510579868,"c=1,d=1",watanabe,4,1000,4000,0.0,0,0,"[0, 0, 0, 0, 0, 0, 0, 0]",9,17.611009619999095
singular1,250,250,11,0.8434603586332768,"c=1,d=1",watanabe,4,1000,4000,0.0,0,0,"[0, 0, 0, 0, 0, 0, 0, 0]",10,25.211195807001783
singular2,250,250,11,0.9726472080985128,"c=1,d=1",watanabe,4,1000,4000,0.0,0,0,"[0, 0, 0, 0, 0, 0, 0, 0]",10,25.856207395001547
regular,5000,5000,11,1.36517371679984,"c=1,d=1",watanabe,4,1000,4000,0.0,0,0,"[0, 0, 0, 0, 0, 0, 0, 0]",5,55.92342827699758
e-singular,5000,5000,11,1.5487500706952484,"c=1,d=1",watanabe,4,1000,4000,0.0,0,0,"[0, 0, 0, 0, 0, 0, 0, 0]",8,74.354244766997
singular1,5000,5000,11,0.8577369181938705,"c=1,d=1",watanabe,4,1000,4000,0.0,0,0,"[0, 0, 0, 0, 0, 0, 0, 0]",10,313.5086351649952
singular2,5000,5000,11,0.7747968472114395,"c=1,d=1",watanabe,4,1000,4000,0.0,0,0,"[0, 0, 0, 0, 0, 0, 0, 0]",10,226.2769649010006
regular,50,50,12,0.9076543516386169,"c=1,d=0.1",watanabe,4,1000,4000,0.0,0,0,"[0, 0, 0, 0, 0, 0, 0, 0]",7,8.347925755995675
e-singular,50,50,12,1.0629857616249967,"c=1,d=0.1",watanabe,4,1000,4000,0.0,0,0,"[0, 0, 0, 0, 0, 0, 0, 0]",9,12.788501558999997
singular1,50,50,12,1.0614657492714334,"c=1,d=0.1",watanabe,4,1000,4000,0.0,0,0,"[0, 0, 0, 0, 0, 0, 0, 0]",10,16.738924803001282
singular2,50,50,12,0.4354204130605333,"c=1,d=0.1",watanabe,4,1000,4000,0.0,0,0,"[0, 0, 0, 0, 0, 0, 0, 0]",9,11.09707739100122
regular,250,250,12,1.253513392761167,"c=1,d=0.1",watanabe,4,1000,4000,0.0,0,0,"[0, 0, 0, 0, 0, 0, 0, 0]",5,10.499882063995756
e-singular,250,250,12,1.7174541586208387,"c=1,d=0.1",watanabe,4,1000,4000,0.0,0,0,"[0, 0, 0, 0, 0, 0, 0, 0]",10,24.25970067599701
singular1,250,250,12,0.3663077426083311,"c=1,d=0.1",watanabe,4,1000,4000,0.0,0,0,"[0, 0, 0, 0, 0, 0, 0, 0]",10,29.283684806003293
singular2,250,250,12,1.1768891422843395,"c=1,d=0.1",watanabe,4,1000,4000,0.0,0,0,"[0, 0, 0, 0, 0, 0, 0, 0]",10,19.16582893400482
regular,5000,5000,12,1.726899073315564,"c=1,d=0.1",watanabe,4,1000,4000,0.0,0,0,"[0, 0, 0, 0, 0, 0, 0, 0]",5,52.760539918002905
e-singular,5000,5000,12,1.0665903453221182,"c=1,d=0.1",watanabe,4,1000,4000,0.0,0,0,"[0, 0, 0, 0, 0, 0, 0, 0]",7,75.42922575199918
singular1,5000,5000,12,1.194560581958951,"c=1,d=0.1",watanabe,4,1000,4000,0.0,0,0,"[0, 0, 0, 0, 0, 0, 0, 0]",10,348.6668207830008
singular2,5000,5000,12,1.4431391168942251,"c=1,d=0.1",watanabe,4,1000,4000,0.0,0,0,"[0, 0, 0, 0, 0, 0, 0, 0]",10,209.63423388699448
regular,50,50,12,1.5037795662556113,"c=1,d=1",watanabe,4,1000,4000,0.0,0,0,"[0, 0, 0, 0, 0, 0, 0, 0]",7,10.294418382000003
e-singular,50,50,12,1.239599059158891,"c=1,d=1",watanabe,4,1000,4000,0.0,0,0,"[0, 0, 0, 0, 0, 0, 0, 0]",9,13.146093007999298
singular1,50,50,12,1.2031258801435354,"c=1,d=1",watanabe,4,1000,4000,0.0,0,0,"[0, 0, 0, 0, 0, 0, 0, 0]",10,16.40648995200172
singular2,50,50,12,0.989554101365162,"c=1,d=1",watanabe,4,1000,4000,0.0,0,0,"[0, 0, 0, 0, 0, 0, 0, 0]",9,11.918484301000715
regular,250,250,12,1.5389367665381315,"c=1,d=1",watanabe,4,1000,4000,0.0,0,0,"[0, 0, 0, 0, 0, 0, 0, 0]",6,10.280223734000174
e-singular,250,250,12,1.2701318709103564,"c=1,d=1",watanabe,4,1000,4000,0.0,0,0,"[0, 0, 0, 0, 0, 0, 0, 0]",10,18.670443759998307
singular1,250,250,12,0.8392576015139782,"c=1,d=1",watanabe,4,1000,4000,0.0,0,0,"[0, 0, 0, 0, 0, 0, 0, 0]",10,26.87149127599696
singular2,250,250,12,0.9116025355252128,"c=1,d=1",watanabe,4,1000,4000,0.0,0,0,"[0, 0, 0, 0, 0, 0, 0, 0]",10,24.979654039998422
regular,5000,5000,12,1.4820227369020431,"c=1,d=1",watanabe,4,1000,4000,0.0,0,0,"[0, 0, 0, 0, 0, 0, 0, 0]",8,53.72833846300637
e-singular,5000,5000,12,1.349583017077178,"c=1,d=1",watanabe,4,1000,4000,0.0,0,0,"[0, 0, 0, 0, 0, 0, 0, 0]",7,75.22415795300185
singular1,5000,5000,12,0.9875463953464974,"c=1,d=1",watanabe,4,1000,4000,0.0,0,0,"[0, 0, 0, 0, 0, 0, 0, 0]",10,339.5430332350006
singular2,5000,5000,12,0.7211700357990523,"c=1,d=1",watanabe,4,1000,4000,0.0,0,0,"[0, 0, 0, 0, 0, 0, 0, 0]",10,245.67423045800388
regular,50,50,13,1.5764783619444258,"c=1,d=0.1",watanabe,4,1000,4000,0.0,0,0,"[0, 0, 0, 0, 0, 0, 0, 0]",5,9.036926539003616
e-singular,50,50,13,0.2357087323097685,"c=1,d=0.1",watanabe,4,1000,4000,0.0,0,0,"[0, 0, 0, 0, 0, 0, 0, 0]",10,13.04966029899515
singular1,50,50,13,1.1687156659665263,"c=1,d=0.1",watanabe,4,1000,4000,0.0,0,0,"[0, 0, 0, 0, 0, 0, 0, 0]",9,13.744001777995436
singular2,50,50,13,0.8755040720306965,"c=1,d=0.1",watanabe,4,1000,4000,0.0,0,0,"[0, 0, 0, 0, 0, 0, 0, 0]",9,11.765234237005645
regular,250,250,13,1.1160287583606636,"c=1,d=0.1",watanabe,4,1000,4000,0.0,0,0,"[0, 0, 0, 0, 0, 0, 0, 0]",7,10.903061381999578
e-singular,250,250,13,0.7880144788761784,"c=1,d=0.1",watanabe,4,1000,4000,0.0,0,0,"[0, 0, 0, 0, 0, 0, 0, 0]",10,15.38071473799937
singular1,250,250,13,0.8679447206924079,"c=1,d=0.1",watanabe,4,1000,4000,0.0,0,0,"[0, 0, 0, 0, 0, 0, 0, 0]",10,22.712582524000027
singular2,250,250,13,0.6331540699454054,"c=1,d=0.1",watanabe,4,1000,4000,0.0,0,0,"[0, 0, 0, 0, 0, 0, 0, 0]",9,16.97018084499723
regular,5000,5000,13,1.936882639409626,"c=1,d=0.1",watanabe,4,1000,4000,0.0,0,0,"[0, 0, 0, 0, 0, 0, 0, 0]",5,52.43304982599511
e-singular,5000,5000,13,1.2053207518820936,"c=1,d=0.1",watanabe,4,1000,4000,0.0,0,0,"[0, 0, 0, 0, 0, 0, 0, 0]",7,71.61338272199646
singular1,5000,5000,13,0.6764858274310104,"c=1,d=0.1",watanabe,4,1000,4000,0.0,0,0,"[0, 0, 0, 0, 0, 0, 0, 0]",10,252.0234842409991
singular2,5000,5000,13,0.5591296783506727,"c=1,d=0.1",watanabe,4,1000,4000,0.0,0,0,"[0, 0, 0, 0, 0, 0, 0, 0]",10,241.14100900800256
regular,50,50,13,1.3735938923667783,"c=1,d=1",watanabe,4,1000,4000,0.0,0,0,"[0, 0, 0, 0, 0, 0, 0, 0]",6,6.737283894006396
e-singular,50,50,13,1.0330163934044043,"c=1,d=1",watanabe,4,1000,4000,0.0,0,0,"[0, 0, 0, 0, 0, 0, 0, 0]",10,11.702179048996186
singular1,50,50,13,1.0677033215531078,"c=1,d=1",watanabe,4,1000,4000,0.0,0,0,"[0, 0, 0, 0, 0, 0, 0, 0]",9,12.8031544369951
singular2,50,50,13,0.9586573936737952,"c=1,d=1",watanabe,4,1000,4000,0.0,0,0,"[0, 0, 0, 0, 0, 0, 0, 0]",9,9.99973763700109
regular,250,250,13,1.508282100349575,"c=1,d=1",watanabe,4,1000,4000,0.0,0,0,"[0, 0, 0, 0, 0, 0, 0, 0]",8,9.61159589899762
e-singular,250,250,13,1.4301781086809198,"c=1,d=1",watanabe,4,1000,4000,0.0,0,0,"[0, 0, 0, 0, 0, 0, 0, 0]",10,12.902517757996977
singular1,250,250,13,1.0554341550232424,"c=1,d=1",watanabe,4,1000,4000,0.0,0,0,"[0, 0, 0, 0, 0, 0, 0, 0]",10,21.89580952200049
singular2,250,250,13,1.0540268545135356,"c=1,d=1",watanabe,4,1000,4000,0.0,0,0,"[0, 0, 0, 0, 0, 0, 0, 0]",10,18.539677711996774
regular,5000,5000,13,1.4602624278760046,"c=1,d=1",watanabe,4,1000,4000,0.0,0,0,"[0, 0, 0, 0, 0, 0, 0, 0]",5,44.876783048996
e-singular,5000,5000,13,1.5127239321707038,"c=1,d=1",watanabe,4,1000,4000,0.0,0,0,"[0, 0, 0, 0, 0, 0, 0, 0]",7,62.99066969499836
singular1,5000,5000,13,0.7593060910914545,"c=1,d=1",watanabe,4,1000,4000,0.0,0,0,"[0, 0, 0, 0, 0, 0, 0, 0]",10,214.9801921840044
singular2,5000,5000,13,0.7395087226839451,"c=1,d=1",watanabe,4,1000,4000,0.0,0,0,"[0, 0, 0, 0, 0, 0, 0, 0]",10,217.1448175139958
regular,50,50,14,0.926914583780142,"c=1,d=0.1",watanabe,4,1000,4000,0.0,0,0,"[0, 0, 0, 0, 0, 0, 0, 0]",8,6.982366008996905
e-singular,50,50,14,0.8004980619113441,"c=1,d=0.1",watanabe,4,1000,4000,0.0,0,0,"[0, 0, 0, 0, 0, 0, 0, 0]",9,12.514739378006198
singular1,50,50,14,1.653333098524418,"c=1,d=0.1",watanabe,4,1000,4000,0.0,0,0,"[0, 0, 0, 0, 0, 0, 0, 0]",10,12.550943248999827
singular2,50,50,14,0.8712993475823516,"c=1,d=0.1",watanabe,4,1000,4000,0.0,0,0,"[0, 0, 0, 0, 0, 0, 0, 0]",9,9.715027925005415
regular,250,250,14,1.4407034315932272,"c=1,d=0.1",watanabe,4,1000,4000,0.0,0,0,"[0, 0, 0, 0, 0, 0, 0, 0]",6,8.633140591002302
e-singular,250,250,14,1.0663967775081742,"c=1,d=0.1",watanabe,4,1000,4000,0.0,0,0,"[0, 0, 0, 0, 0, 0, 0, 0]",8,14.764812004003034
singular1,250,250,14,0.7613424764138337,"c=1,d=0.1",watanabe,4,1000,4000,0.0,0,0,"[0, 0, 0, 0, 0, 0, 0, 0]",10,20.77359781999985
singular2,250,250,14,1.778266659951881,"c=1,d=0.1",watanabe,4,1000,4000,0.0,0,0,"[0, 0, 0, 0, 0, 0, 0, 0]",10,15.856371714995475
regular,5000,5000,14,1.2761441215672116,"c=1,d=0.1",watanabe,4,1000,4000,0.0,0,0,"[0, 0, 0, 0, 0, 0, 0, 0]",5,235.19469179899988
e-singular,5000,5000,14,1.6990682040911231,"c=1,d=0.1",watanabe,4,1000,4000,0.0,0,0,"[0, 0, 0, 0, 0, 0, 0, 0]",7,217.37546521200056
singular1,5000,5000,14,0.9726702842528951,"c=1,d=0.1",watanabe,4,1000,4000,0.0,0,0,"[0, 0, 0, 0, 0, 0, 0, 0]",10,702.2333034399999
singular2,5000,5000,14,0.5118823485563401,"c=1,d=0.1",watanabe,4,1000,4000,0.0,0,0,"[0, 0, 0, 0, 0, 0, 0, 0]",10,606.2551435119994
regular,50,50,14,1.4092801275663716,"c=1,d=1",watanabe,4,1000,4000,0.0,0,0,"[0, 0, 0, 0, 0, 0, 0, 0]",5,41.68971029199929
e-singular,50,50,14,1.0781775331168062,"c=1,d=1",watanabe,4,1000,4000,0.0,0,0,"[0, 0, 0, 0, 0, 0, 0, 0]",9,54.86055135700008
singular1,50,50,14,1.1890841060425927,"c=1,d=1",watanabe,4,1000,4000,0.0,0,0,"[0, 0, 0, 0, 0, 0, 0, 0]",9,45.43487998399996
singular2,50,50,14,1.0252476216817097,"c=1,d=1",watanabe,4,1000,4000,0.0,0,0,"[0, 0, 0, 0, 0, 0, 0, 0]",8,60.565453159000754
regular,250,250,14,1.720425930004056,"c=1,d=1",watanabe,4,1000,4000,0.0,0,0,"[0, 0, 0, 0, 0, 0, 0, 0]",6,67.63873761400009
e-singular,250,250,14,1.5565327236927906,"c=1,d=1",watanabe,4,1000,4000,0.0,0,0,"[0, 0, 0, 0, 0, 0, 0, 0]",8,57.78274844099997
singular1,250,250,14,1.104037716661427,"c=1,d=1",watanabe,4,1000,4000,0.0,0,0,"[0, 0, 0, 0, 0, 0, 0, 0]",10,59.78623579800024
singular2,250,250,14,1.0121965162848054,"c=1,d=1",watanabe,4,1000,4000,0.0,0,0,"[0, 0, 0, 0, 0, 0, 0, 0]",9,88.99288599899955
regular,50,50,0,1.465446734182275,"c=1,d=10",watanabe,2,1500,2500,0.0,0,0,"[0, 0, 0, 0]",5,28.89927137099994
e-singular,50,50,0,1.180121642802096,"c=1,d=10",watanabe,2,1500,2500,0.0,0,0,"[0, 0, 0, 0]",9,26.39974736199997
singular1,50,50,0,1.1274660766249427,"c=1,d=10",watanabe,2,1500,2500,0.0,0,0,"[0, 0, 0, 0]",9,28.394042252999952
singular2,50,50,0,1.039134160761903,"c=1,d=10",watanabe,2,1500,2500,0.0,0,0,"[0, 0, 0, 0]",9,27.83364393399984
regular,250,250,0,1.4822823690536886,"c=1,d=10",watanabe,2,1500,2500,0.0,0,0,"[0, 0, 0, 0]",5,29.39007515000003
e-singular,250,250,0,1.6130480732031491,"c=1,d=10",watanabe,2,1500,2500,0.0,0,0,"[0, 0, 0, 0]",9,30.89878034899993
singular1,250,250,0,1.0925504112397426,"c=1,d=10",watanabe,2,1500,2500,0.0,0,0,"[0, 0, 0, 0]",10,36.26304871599996
singular2,250,250,0,0.8187484851788954,"c=1,d=10",watanabe,2,1500,2500,0.0,0,0,"[0, 0, 0, 0]",10,40.443009523
regular,5000,5000,0,1.5834614178340116,"c=1,d=10",watanabe,2,1500,2500,0.0,0,0,"[0, 0, 0, 0]",5,76.9675696510003
e-singular,5000,5000,0,1.4599736090945752,"c=1,d=10",watanabe,2,1500,2500,0.0,0,0,"[0, 0, 0, 0]",7,96.61518125600014
singular1,5000,5000,0,0.7930195695660559,"c=1,d=10",watanabe,2,1500,2500,0.0,0,0,"[0, 0, 0, 0]",10,286.5111450280001
singular2,5000,5000,0,0.8428943741292836,"c=1,d=10",watanabe,2,1500,2500,0.0,0,0,"[0, 0, 0, 0]",10,186.32732716200007
regular,50,50,1,1.5041169203261249,"c=1,d=10",watanabe,2,1500,2500,0.0,0,0,"[0, 0, 0, 0]",5,33.090026296999895
e-singular,50,50,1,1.1488799421369569,"c=1,d=10",watanabe,2,1500,2500,0.0,0,0,"[0, 0, 0, 0]",8,34.86543846599989
singular1,50,50,1,1.0677057921653008,"c=1,d=10",watanabe,2,1500,2500,0.0,0,0,"[0, 0, 0, 0]",10,34.95174137999993
singular2,50,50,1,0.8772253430456464,"c=1,d=10",watanabe,2,1500,2500,0.0,0,0,"[0, 0, 0, 0]",8,33.33211822700014
regular,250,250,1,1.4529042730846864,"c=1,d=10",watanabe,2,1500,2500,0.0,0,0,"[0, 0, 0, 0]",5,30.44473403199981
e-singular,250,250,1,1.5971429568454212,"c=1,d=10",watanabe,2,1500,2500,0.0,0,0,"[0, 0, 0, 0]",8,30.58747989399989
singular1,250,250,1,1.0042853436029888,"c=1,d=10",watanabe,2,1500,2500,0.0,0,0,"[0, 0, 0, 0]",10,36.03414708399987
singular2,250,250,1,0.8754669561955515,"c=1,d=10",watanabe,2,1500,2500,0.0,0,0,"[0, 0, 0, 0]",9,36.90021229800004
regular,5000,5000,1,1.5719550448823294,"c=1,d=10",watanabe,2,1500,2500,0.0,0,0,"[0, 0, 0, 0]",6,103.99421168599974
e-singular,5000,5000,1,1.4824390885157834,"c=1,d=10",watanabe,2,1500,2500,0.0,0,0,"[0, 0, 0, 0]",6,215.18714813999983
singular1,5000,5000,1,0.822142087319146,"c=1,d=10",watanabe,2,1500,2500,0.0,0,0,"[0, 0, 0, 0]",10,201.9202706760002
singular2,5000,5000,1,0.9108827960827086,"c=1,d=10",watanabe,2,1500,2500,0.0,0,0,"[0, 0, 0, 0]",10,164.62595514099985
regular,50,50,2,1.4751204178094015,"c=1,d=10",watanabe,2,1500,2500,0.0,0,0,"[0, 0, 0, 0]",5,31.01835472199992
e-singular,50,50,2,1.165641403857982,"c=1,d=10",watanabe,2,1500,2500,0.0,0,0,"[0, 0, 0, 0]",8,32.01356598600023
singular1,50,50,2,1.096838455279885,"c=1,d=10",watanabe,2,1500,2500,0.0,0,0,"[0, 0, 0, 0]",10,32.225965280999844
singular2,50,50,2,0.9179995398347196,"c=1,d=10",watanabe,2,1500,2500,0.0,0,0,"[0, 0, 0, 0]",9,34.32018357800007
regular,250,250,2,1.4664612396688894,"c=1,d=10",watanabe,2,1500,2500,0.0,0,0,"[0, 0, 0, 0]",6,33.632630570999936
e-singular,250,250,2,1.6273878408325548,"c=1,d=10",watanabe,2,1500,2500,0.0,0,0,"[0, 0, 0, 0]",8,34.97606410199978
singular1,250,250,2,0.889351398562501,"c=1,d=10",watanabe,2,1500,2500,0.0,0,0,"[0, 0, 0, 0]",10,38.178932925000026
singular2,250,250,2,1.052410661236724,"c=1,d=10",watanabe,2,1500,2500,0.0,0,0,"[0, 0, 0, 0]",10,47.53557884500015
regular,5000,5000,2,1.4807750883888993,"c=1,d=10",watanabe,2,1500,2500,0.0,0,0,"[0, 0, 0, 0]",6,89.89990144800004
e-singular,5000,5000,2,1.4881729485694577,"c=1,d=10",watanabe,2,1500,2500,0.0,0,0,"[0, 0, 0, 0]",7,92.71089736499972
singular1,5000,5000,2,0.9204336024307204,"c=1,d=10",watanabe,2,1500,2500,0.0,0,0,"[0, 0, 0, 0]",10,206.3864462370002
singular2,5000,5000,2,0.9100227937384696,"c=1,d=10",watanabe,2,1500,2500,0.0,0,0,"[0, 0, 0, 0]",10,173.358720102
regular,50,50,3,1.4993330527760855,"c=1,d=10",watanabe,2,1500,2500,0.0,0,0,"[0, 0, 0, 0]",5,30.77496610400021
e-singular,50,50,3,1.5703008440525217,"c=1,d=10",watanabe,2,1500,2500,0.0,0,0,"[0, 0, 0, 0]",8,32.08777472200018
singular1,50,50,3,1.10918691799658,"c=1,d=10",watanabe,2,1500,2500,0.0,0,0,"[0, 0, 0, 0]",10,33.092783559000054
singular2,50,50,3,0.8953696173735105,"c=1,d=10",watanabe,2,1500,2500,0.0,0,0,"[0, 0, 0, 0]",9,32.15005438099979
regular,250,250,3,1.5191075013802098,"c=1,d=10",watanabe,2,1500,2500,0.0,0,0,"[0, 0, 0, 0]",5,33.97748055400007
e-singular,250,250,3,1.5763071903295347,"c=1,d=10",watanabe,2,1500,2500,0.0,0,0,"[0, 0, 0, 0]",7,34.32445591700025
singular1,250,250,3,0.9983117472890014,"c=1,d=10",watanabe,2,1500,2500,0.0,0,0,"[0, 0, 0, 0]",9,40.31630465199987
singular2,250,250,3,0.8760527839927946,"c=1,d=10",watanabe,2,1500,2500,0.0,0,0,"[0, 0, 0, 0]",10,42.72961948300008
regular,5000,5000,3,1.4831035728993691,"c=1,d=10",watanabe,2,1500,2500,0.0,0,0,"[0, 0, 0, 0]",5,74.14111567000009
e-singular,5000,5000,3,1.6169976469257763,"c=1,d=10",watanabe,2,1500,2500,0.0,0,0,"[0, 0, 0, 0]",7,119.16880039700028
singular1,5000,5000,3,0.7929015952574221,"c=1,d=10",watanabe,2,1500,2500,0.0,0,0,"[0, 0, 0, 0]",10,210.61703284199984
singular2,5000,5000,3,0.8213153195045588,"c=1,d=10",watanabe,2,1500,2500,0.0,0,0,"[0, 0, 0, 0]",10,261.7697935309998
regular,50,50,4,1.3854974366054968,"c=1,d=10",watanabe,2,1500,2500,0.0,0,0,"[0, 0, 0, 0]",5,25.256634035999923
e-singular,50,50,4,1.325964800397705,"c=1,d=10",watanabe,2,1500,2500,0.0,0,0,"[0, 0, 0, 0]",8,24.900329470000088
singular1,50,50,4,1.0751278011932273,"c=1,d=10",watanabe,2,1500,2500,0.0,0,0,"[0, 0, 0, 0]",9,27.176294828999744
singular2,50,50,4,0.970344108860154,"c=1,d=10",watanabe,2,1500,2500,0.0,0,0,"[0, 0, 0, 0]",8,25.865931741000168
regular,250,250,4,1.4072812477890448,"c=1,d=10",watanabe,2,1500,2500,0.0,0,0,"[0, 0, 0, 0]",5,26.919465168999977
e-singular,250,250,4,1.4999578869286276,"c=1,d=10",watanabe,2,1500,2500,0.0,0,0,"[0, 0, 0, 0]",8,30.03388486400036
singular1,250,250,4,1.132410800871099,"c=1,d=10",watanabe,2,1500,2500,0.0,0,0,"[0, 0, 0, 0]",10,36.5242997549999
singular2,250,250,4,0.8744830759011436,"c=1,d=10",watanabe,2,1500,2500,0.0,0,0,"[0, 0, 0, 0]",9,31.13166665800009
regular,5000,5000,4,1.5299149781528618,"c=1,d=10",watanabe,2,1500,2500,0.0,0,0,"[0, 0, 0, 0]",5,68.18859298500001
e-singular,5000,5000,4,1.609253512365838,"c=1,d=10",watanabe,2,1500,2500,0.0,0,0,"[0, 0, 0, 0]",7,90.86718707
singular1,5000,5000,4,0.9428597207491244,"c=1,d=10",watanabe,2,1500,2500,0.0,0,0,"[0, 0, 0, 0]",10,161.81371711799966
singular2,5000,5000,4,0.8213354996815063,"c=1,d=10",watanabe,2,1500,2500,0.0,0,0,"[0, 0, 0, 0]",10,189.94617768900025
regular,50,50,5,1.3656871794506371,"c=1,d=10",watanabe,2,1500,2500,0.0,0,0,"[0, 0, 0, 0]",5,26.937899287999244
e-singular,50,50,5,1.4866994296395533,"c=1,d=10",watanabe,2,1500,2500,0.0,0,0,"[0, 0, 0, 0]",8,26.695488362000106
singular1,50,50,5,1.0812952743303,"c=1,d=10",watanabe,2,1500,2500,0.0,0,0,"[0, 0, 0, 0]",10,28.84589574199981
singular2,50,50,5,1.0284436939738704,"c=1,d=10",watanabe,2,1500,2500,0.0,0,0,"[0, 0, 0, 0]",8,27.326999447999697
regular,250,250,5,1.5092240763440965,"c=1,d=10",watanabe,2,1500,2500,0.0,0,0,"[0, 0, 0, 0]",6,28.09804289299973
e-singular,250,250,5,1.134949451538067,"c=1,d=10",watanabe,2,1500,2500,0.0,0,0,"[0, 0, 0, 0]",9,29.61418061600034
singular1,250,250,5,1.0063908354372946,"c=1,d=10",watanabe,2,1500,2500,0.0,0,0,"[0, 0, 0, 0]",10,31.875746566999624
singular2,250,250,5,0.894388276376493,"c=1,d=10",watanabe,2,1500,2500,0.0,0,0,"[0, 0, 0, 0]",10,31.83515057800014
regular,5000,5000,5,1.533408740617325,"c=1,d=10",watanabe,2,1500,2500,0.0,0,0,"[0, 0, 0, 0]",6,78.37971880799978
e-singular,5000,5000,5,1.4737169471460847,"c=1,d=10",watanabe,2,1500,2500,0.0,0,0,"[0, 0, 0, 0]",6,71.06771366799967
singular1,5000,5000,5,0.7867121899855036,"c=1,d=10",watanabe,2,1500,2500,0.0,0,0,"[0, 0, 0, 0]",10,176.07487790800042
singular2,5000,5000,5,0.8001329473371337,"c=1,d=10",watanabe,2,1500,2500,0.0,0,0,"[0, 0, 0, 0]",10,206.90187484999933
regular,50,50,6,1.4517312785320255,"c=1,d=10",watanabe,2,1500,2500,0.0,0,0,"[0, 0, 0, 0]",5,24.362730947999808
e-singular,50,50,6,1.167101343245124,"c=1,d=10",watanabe,2,1500,2500,0.0,0,0,"[0, 0, 0, 0]",9,25.48087773399948
singular1,50,50,6,1.1620810480191457,"c=1,d=10",watanabe,2,1500,2500,0.0,0,0,"[0, 0, 0, 0]",10,25.93316101900018
singular2,50,50,6,0.8409032284430698,"c=1,d=10",watanabe,2,1500,2500,0.0,0,0,"[0, 0, 0, 0]",9,27.488155664999795
regular,250,250,6,1.5104403273680431,"c=1,d=10",watanabe,2,1500,2500,0.0,0,0,"[0, 0, 0, 0]",5,25.56084557400027
e-singular,250,250,6,1.6123324394025085,"c=1,d=10",watanabe,2,1500,2500,0.0,0,0,"[0, 0, 0, 0]",9,31.20228809799937
singular1,250,250,6,0.9365398004615072,"c=1,d=10",watanabe,2,1500,2500,0.0,0,0,"[0, 0, 0, 0]",10,33.10048800000004
singular2,250,250,6,0.9094113681231032,"c=1,d=10",watanabe,2,1500,2500,0.0,0,0,"[0, 0, 0, 0]",10,33.24231482600044
regular,5000,5000,6,1.5601457402711838,"c=1,d=10",watanabe,2,1500,2500,0.0,0,0,"[0, 0, 0, 0]",5,63.90312866399927
e-singular,5000,5000,6,1.4368819752586248,"c=1,d=10",watanabe,2,1500,2500,0.0,0,0,"[0, 0, 0, 0]",7,80.07178445499994
singular1,5000,5000,6,0.8360964693903702,"c=1,d=10",watanabe,2,1500,2500,0.0,0,0,"[0, 0, 0, 0]",10,214.6860073479993
singular2,5000,5000,6,0.7139414616718333,"c=1,d=10",watanabe,2,1500,2500,0.0,0,0,"[0, 0, 0, 0]",10,212.77008173299964
regular,50,50,7,1.4067142891631796,"c=1,d=10",watanabe,2,1500,2500,0.0,0,0,"[0, 0, 0, 0]",5,28.23668478200034
e-singular,50,50,7,1.1518738105971535,"c=1,d=10",watanabe,2,1500,2500,0.0,0,0,"[0, 0, 0, 0]",8,29.528181745999973
singular1,50,50,7,1.2979202801972387,"c=1,d=10",watanabe,2,1500,2500,0.0,0,0,"[0, 0, 0, 0]",10,30.47312509599942
singular2,50,50,7,0.9250828698267568,"c=1,d=10",watanabe,2,1500,2500,0.0,0,0,"[0, 0, 0, 0]",8,29.015146703000028
regular,250,250,7,1.5387019222167309,"c=1,d=10",watanabe,2,1500,2500,0.0,0,0,"[0, 0, 0, 0]",5,27.403073069999664
e-singular,250,250,7,1.616786440615761,"c=1,d=10",watanabe,2,1500,2500,0.0,0,0,"[0, 0, 0, 0]",8,28.75109249200068
singular1,250,250,7,0.9257580980904796,"c=1,d=10",watanabe,2,1500,2500,0.0,0,0,"[0, 0, 0, 0]",10,33.38925627200024
singular2,250,250,7,0.9394705587205658,"c=1,d=10",watanabe,2,1500,2500,0.0,0,0,"[0, 0, 0, 0]",9,32.934041479999905
regular,5000,5000,7,1.4899698396338654,"c=1,d=10",watanabe,2,1500,2500,0.0,0,0,"[0, 0, 0, 0]",5,65.88970870199955
e-singular,5000,5000,7,1.4346808208267343,"c=1,d=10",watanabe,2,1500,2500,0.0,0,0,"[0, 0, 0, 0]",7,83.54563449499983
singular1,5000,5000,7,0.8733512583717781,"c=1,d=10",watanabe,2,1500,2500,0.0,0,0,"[0, 0, 0, 0]",10,241.1640127650008
singular2,5000,5000,7,0.8779654731449833,"c=1,d=10",watanabe,2,1500,2500,0.0,0,0,"[0, 0, 0, 0]",10,206.88771135200025
regular,50,50,8,1.4184178522644082,"c=1,d=10",watanabe,2,1500,2500,0.0,0,0,"[0, 0, 0, 0]",5,27.51865313899998
e-singular,50,50,8,1.83075482560968,"c=1,d=10",watanabe,2,1500,2500,0.0,0,0,"[0, 0, 0, 0]",7,27.48292356599996
singular1,50,50,8,1.1160144403994057,"c=1,d=10",watanabe,2,1500,2500,0.0,0,0,"[0, 0, 0, 0]",10,29.26607501499984
singular2,50,50,8,0.9860016833883024,"c=1,d=10",watanabe,2,1500,2500,0.0,0,0,"[0, 0, 0, 0]",10,33.48918302899983
regular,250,250,8,1.538650560913284,"c=1,d=10",watanabe,2,1500,2500,0.0,0,0,"[0, 0, 0, 0]",5,28.975576818000263
e-singular,250,250,8,1.5449666548168874,"c=1,d=10",watanabe,2,1500,2500,0.0,0,0,"[0, 0, 0, 0]",7,29.05143384799976
singular1,250,250,8,1.1057266301490736,"c=1,d=10",watanabe,2,1500,2500,0.0,0,0,"[0, 0, 0, 0]",10,34.88273756600029
singular2,250,250,8,0.8606029965934759,"c=1,d=10",watanabe,2,1500,2500,0.0,0,0,"[0, 0, 0, 0]",9,32.5272924840001
regular,5000,5000,8,1.5291620870249418,"c=1,d=10",watanabe,2,1500,2500,0.0,0,0,"[0, 0, 0, 0]",5,66.47820296499958
e-singular,5000,5000,8,1.46374186468405,"c=1,d=10",watanabe,2,1500,2500,0.0,0,0,"[0, 0, 0, 0]",7,102.64854550099972
singular1,5000,5000,8,0.8033747158079694,"c=1,d=10",watanabe,2,1500,2500,0.0,0,0,"[0, 0, 0, 0]",10,207.8505155330004
singular2,5000,5000,8,0.9457951584762316,"c=1,d=10",watanabe,2,1500,2500,0.0,0,0,"[0, 0, 0, 0]",10,188.6882301770001
regular,50,50,9,1.3773743118027648,"c=1,d=10",watanabe,2,1500,2500,0.0,0,0,"[0, 0, 0, 0]",5,28.59486257000026
e-singular,50,50,9,1.4090424645576396,"c=1,d=10",watanabe,2,1500,2500,0.0,0,0,"[0, 0, 0, 0]",8,28.240628984999603
singular1,50,50,9,1.1365390058278897,"c=1,d=10",watanabe,2,1500,2500,0.0,0,0,"[0, 0, 0, 0]",10,29.4196083349998
singular2,50,50,9,0.8777165774802138,"c=1,d=10",watanabe,2,1500,2500,0.0,0,0,"[0, 0, 0, 0]",9,30.86124669199944
regular,250,250,9,1.6058718259798257,"c=1,d=10",watanabe,2,1500,2500,0.0,0,0,"[0, 0, 0, 0]",5,27.339377995000177
e-singular,250,250,9,1.493625148304056,"c=1,d=10",watanabe,2,1500,2500,0.0,0,0,"[0, 0, 0, 0]",8,27.073399837999204
singular1,250,250,9,1.0774888161656742,"c=1,d=10",watanabe,2,1500,2500,0.0,0,0,"[0, 0, 0, 0]",10,32.092736409999816
singular2,250,250,9,0.9055070027185516,"c=1,d=10",watanabe,2,1500,2500,0.0,0,0,"[0, 0, 0, 0]",9,30.149571852000008
regular,5000,5000,9,1.5726811648634889,"c=1,d=10",watanabe,2,1500,2500,0.0,0,0,"[0, 0, 0, 0]",6,78.70720425200034
e-singular,5000,5000,9,1.472954758783858,"c=1,d=10",watanabe,2,1500,2500,0.0,0,0,"[0, 0, 0, 0]",7,79.1086463269994
singular1,5000,5000,9,0.9832865925872052,"c=1,d=10",watanabe,2,1500,2500,0.0,0,0,"[0, 0, 0, 0]",10,181.23296579
singular2,5000,5000,9,0.709023421295561,"c=1,d=10",watanabe,2,1500,2500,0.0,0,0,"[0, 0, 0, 0]",10,200.42954864199965
regular,50,50,10,1.3990633096877814,"c=1,d=10",watanabe,2,1500,2500,0.0,0,0,"[0, 0, 0, 0]",5,25.01374243300052
e-singular,50,50,10,1.1739228799342674,"c=1,d=10",watanabe,2,1500,2500,0.0,0,0,"[0, 0, 0, 0]",8,25.778001991000565
singular1,50,50,10,1.1240118899631102,"c=1,d=10",watanabe,2,1500,2500,0.0,0,0,"[0, 0, 0, 0]",10,25.99346332300047
singular2,50,50,10,0.8466097733028686,"c=1,d=10",watanabe,2,1500,2500,0.0,0,0,"[0, 0, 0, 0]",8,25.51021128100001
regular,250,250,10,1.476390627824958,"c=1,d=10",watanabe,2,1500,2500,0.0,0,0,"[0, 0, 0, 0]",5,27.09633365899936
e-singular,250,250,10,1.552088380728359,"c=1,d=10",watanabe,2,1500,2500,0.0,0,0,"[0, 0, 0, 0]",8,28.91486514600001
singular1,250,250,10,0.9750156699677892,"c=1,d=10",watanabe,2,1500,2500,0.0,0,0,"[0, 0, 0, 0]",10,32.17543270599981
singular2,250,250,10,0.8317591901991609,"c=1,d=10",watanabe,2,1500,2500,0.0,0,0,"[0, 0, 0, 0]",10,36.14550595899982
regular,5000,5000,10,1.4936239084582743,"c=1,d=10",watanabe,2,1500,2500,0.0,0,0,"[0, 0, 0, 0]",5,67.51485951099949
e-singular,5000,5000,10,1.5364758164885652,"c=1,d=10",watanabe,2,1500,2500,0.0,0,0,"[0, 0, 0, 0]",7,78.65418167400003
singular1,5000,5000,10,0.8951525838562381,"c=1,d=10",watanabe,2,1500,2500,0.0,0,0,"[0, 0, 0, 0]",10,200.1666037719997
singular2,5000,5000,10,0.7387562134230983,"c=1,d=10",watanabe,2,1500,2500,0.0,0,0,"[0, 0, 0, 0]",10,193.695971051
regular,50,50,11,1.408356061103152,"c=1,d=10",watanabe,2,1500,2500,0.0,0,0,"[0, 0, 0, 0]",5,25.833338355000706
e-singular,50,50,11,1.7041589177088556,"c=1,d=10",watanabe,2,1500,2500,0.0,0,0,"[0, 0, 0, 0]",7,26.697313032999773
singular1,50,50,11,0.9730023205426356,"c=1,d=10",watanabe,2,1500,2500,0.0,0,0,"[0, 0, 0, 0]",9,29.60342314100035
singular2,50,50,11,1.0959830148409375,"c=1,d=10",watanabe,2,1500,2500,0.0,0,0,"[0, 0, 0, 0]",7,28.87821537400032
regular,250,250,11,1.475754770271548,"c=1,d=10",watanabe,2,1500,2500,0.0,0,0,"[0, 0, 0, 0]",5,33.053485729000386
e-singular,250,250,11,1.6606166621595182,"c=1,d=10",watanabe,2,1500,2500,0.0,0,0,"[0, 0, 0, 0]",8,34.600393974000326
singular1,250,250,11,1.029573969976991,"c=1,d=10",watanabe,2,1500,2500,0.0,0,0,"[0, 0, 0, 0]",10,37.99161027399987
singular2,250,250,11,0.9719490886053984,"c=1,d=10",watanabe,2,1500,2500,0.0,0,0,"[0, 0, 0, 0]",10,41.60803696600033
regular,5000,5000,11,1.5176574535495582,"c=1,d=10",watanabe,2,1500,2500,0.0,0,0,"[0, 0, 0, 0]",5,63.39387907899982
e-singular,5000,5000,11,1.4943221193820142,"c=1,d=10",watanabe,2,1500,2500,0.0,0,0,"[0, 0, 0, 0]",7,74.10311122999974
singular1,5000,5000,11,0.8157341567500059,"c=1,d=10",watanabe,2,1500,2500,0.0,0,0,"[0, 0, 0, 0]",10,174.3637467489998
singular2,5000,5000,11,0.7986669791935497,"c=1,d=10",watanabe,2,1500,2500,0.0,0,0,"[0, 0, 0, 0]",10,193.293347584
regular,50,50,12,1.5042086999165871,"c=1,d=10",watanabe,2,1500,2500,0.0,0,0,"[0, 0, 0, 0]",5,28.03263685300044
e-singular,50,50,12,1.405295935135096,"c=1,d=10",watanabe,2,1500,2500,0.0,0,0,"[0, 0, 0, 0]",7,27.9579860190006
singular1,50,50,12,1.1085941085383804,"c=1,d=10",watanabe,2,1500,2500,0.0,0,0,"[0, 0, 0, 0]",10,28.98836835400016
singular2,50,50,12,0.9531413686026372,"c=1,d=10",watanabe,2,1500,2500,0.0,0,0,"[0, 0, 0, 0]",9,28.642019928999616
regular,250,250,12,1.451549668876321,"c=1,d=10",watanabe,2,1500,2500,0.0,0,0,"[0, 0, 0, 0]",5,27.695815525999933
e-singular,250,250,12,1.5802574184473934,"c=1,d=10",watanabe,2,1500,2500,0.0,0,0,"[0, 0, 0, 0]",8,29.99703486999988
singular1,250,250,12,0.8935222497891678,"c=1,d=10",watanabe,2,1500,2500,0.0,0,0,"[0, 0, 0, 0]",10,35.36917342199922
singular2,250,250,12,1.0228752531495564,"c=1,d=10",watanabe,2,1500,2500,0.0,0,0,"[0, 0, 0, 0]",10,34.59160683200025
regular,5000,5000,12,1.5164261746404837,"c=1,d=10",watanabe,2,1500,2500,0.0,0,0,"[0, 0, 0, 0]",5,67.58422649299973
e-singular,5000,5000,12,1.479218132423901,"c=1,d=10",watanabe,2,1500,2500,0.0,0,0,"[0, 0, 0, 0]",7,81.16232350800055
singular1,5000,5000,12,0.9111192739070816,"c=1,d=10",watanabe,2,1500,2500,0.0,0,0,"[0, 0, 0, 0]",10,280.2984379949994
singular2,5000,5000,12,0.793950349251282,"c=1,d=10",watanabe,2,1500,2500,0.0,0,0,"[0, 0, 0, 0]",10,164.80267973599985
regular,50,50,13,1.423500659185419,"c=1,d=10",watanabe,2,1500,2500,0.0,0,0,"[0, 0, 0, 0]",5,25.503102602999206
e-singular,50,50,13,1.1557796230059585,"c=1,d=10",watanabe,2,1500,2500,0.0,0,0,"[0, 0, 0, 0]",9,27.294441949999964
singular1,50,50,13,1.1376179376299438,"c=1,d=10",watanabe,2,1500,2500,0.0,0,0,"[0, 0, 0, 0]",9,25.719465718999345
singular2,50,50,13,0.9983561049868556,"c=1,d=10",watanabe,2,1500,2500,0.0,0,0,"[0, 0, 0, 0]",8,26.835598292999748
regular,250,250,13,1.4344175317102643,"c=1,d=10",watanabe,2,1500,2500,0.0,0,0,"[0, 0, 0, 0]",5,30.03970792800009
e-singular,250,250,13,1.4441838935296407,"c=1,d=10",watanabe,2,1500,2500,0.0,0,0,"[0, 0, 0, 0]",8,29.9591973509996
singular1,250,250,13,1.0392227191970174,"c=1,d=10",watanabe,2,1500,2500,0.0,0,0,"[0, 0, 0, 0]",10,32.92915586900017
singular2,250,250,13,0.9826240801864156,"c=1,d=10",watanabe,2,1500,2500,0.0,0,0,"[0, 0, 0, 0]",10,34.79918641199947
regular,5000,5000,13,1.513260477767885,"c=1,d=10",watanabe,2,1500,2500,0.0,0,0,"[0, 0, 0, 0]",5,70.01011425900015
e-singular,5000,5000,13,1.580129472831781,"c=1,d=10",watanabe,2,1500,2500,0.0,0,0,"[0, 0, 0, 0]",7,82.28947816299933
singular1,5000,5000,13,0.8675267043264805,"c=1,d=10",watanabe,2,1500,2500,0.0,0,0,"[0, 0, 0, 0]",10,183.496332361
singular2,5000,5000,13,0.6601731861800327,"c=1,d=10",watanabe,2,1500,2500,0.0,0,0,"[0, 0, 0, 0]",10,221.5809877239999
regular,5000,5000,14,1.6001118834253103,"c=1,d=1",watanabe,2,1500,2500,0.0,0,0,"[0, 0, 0, 0]",6,92.68504845400004
e-singular,5000,5000,14,1.5715842620135074,"c=1,d=1",watanabe,2,1500,2500,0.0,0,0,"[0, 0, 0, 0]",7,99.76581042700036
singular1,5000,5000,14,0.9762339039146478,"c=1,d=1",watanabe,2,1500,2500,0.0,0,0,"[0, 0, 0, 0]",10,165.3052975729997
singular2,5000,5000,14,0.7080896421303325,"c=1,d=1",watanabe,2,1500,2500,0.0,0,0,"[0, 0, 0, 0]",10,149.50311224400048
regular,50,50,14,1.447440727272938,"c=1,d=10",watanabe,2,1500,2500,0.0,0,0,"[0, 0, 0, 0]",5,23.08376218800004
e-singular,50,50,14,1.1190424882541448,"c=1,d=10",watanabe,2,1500,2500,0.0,0,0,"[0, 0, 0, 0]",8,24.14320075500018
singular1,50,50,14,1.0626249130880931,"c=1,d=10",watanabe,2,1500,2500,0.0,0,0,"[0, 0, 0, 0]",10,24.368390778000503
singular2,50,50,14,1.1058202066068192,"c=1,d=10",watanabe,2,1500,2500,0.0,0,0,"[0, 0, 0, 0]",9,23.860002874999736
regular,250,250,14,1.5483642397385031,"c=1,d=10",watanabe,2,1500,2500,0.0,0,0,"[0, 0, 0, 0]",5,25.27157964900016
e-singular,250,250,14,1.5103612811724827,"c=1,d=10",watanabe,2,1500,2500,0.0,0,0,"[0, 0, 0, 0]",8,27.687808573999973
singular1,250,250,14,1.0435441287647576,"c=1,d=10",watanabe,2,1500,2500,0.0,0,0,"[0, 0, 0, 0]",10,33.97247074700044
singular2,250,250,14,0.9823829649280128,"c=1,d=10",watanabe,2,1500,2500,0.0,0,0,"[0, 0, 0, 0]",10,33.8083075429995
regular,5000,5000,14,1.491425791530112,"c=1,d=10",watanabe,2,1500,2500,0.0,0,0,"[0, 0, 0, 0]",5,68.58536120500048
e-singular,5000,5000,14,1.543116310999502,"c=1,d=10",watanabe,2,1500,2500,0.0,0,0,"[0, 0, 0, 0]",7,85.86569964200044
singular1,5000,5000,14,0.9022870961791036,"c=1,d=10",watanabe,2,1500,2500,0.0,0,0,"[0, 0, 0, 0]",10,180.4326462500003
singular2,5000,5000,14,0.794278351521882,"c=1,d=10",watanabe,2,1500,2500,0.0,0,0,"[0, 0, 0, 0]",10,173.298430543
regular,50,50,15,0.7368221207691728,"c=1,d=0.1",watanabe,2,1500,2500,0.0,0,0,"[0, 0, 0, 0]",5,26.33093679600006
e-singular,50,50,15,0.9913396357608556,"c=1,d=0.1",watanabe,2,1500,2500,0.0,0,0,"[0, 0, 0, 0]",8,27.06139611799972
singular1,50,50,15,2.082517802238605,"c=1,d=0.1",watanabe,2,1500,2500,0.0,0,0,"[0, 0, 0, 0]",9,27.772124406999865
singular2,50,50,15,0.5070600804683691,"c=1,d=0.1",watanabe,2,1500,2500,0.0,0,0,"[0, 0, 0, 0]",8,26.8142084580004
regular,250,250,15,1.228822459928847,"c=1,d=0.1",watanabe,2,1500,2500,0.0,0,0,"[0, 0, 0, 0]",5,25.5789007909998
e-singular,250,250,15,1.2589808329516905,"c=1,d=0.1",watanabe,2,1500,2500,0.0,0,0,"[0, 0, 0, 0]",9,29.159052965000228
singular1,250,250,15,2.516969589393712,"c=1,d=0.1",watanabe,2,1500,2500,0.0,0,0,"[0, 0, 0, 0]",9,29.338589107999724
singular2,250,250,15,1.0714802941241404,"c=1,d=0.1",watanabe,2,1500,2500,0.0,0,0,"[0, 0, 0, 0]",8,28.4758773120002
regular,5000,5000,15,1.2853354809527482,"c=1,d=0.1",watanabe,2,1500,2500,0.0,0,0,"[0, 0, 0, 0]",5,61.51961174699954
e-singular,5000,5000,15,1.762830337812919,"c=1,d=0.1",watanabe,2,1500,2500,0.0,0,0,"[0, 0, 0, 0]",7,76.09262863999993
singular1,5000,5000,15,0.6570567239039972,"c=1,d=0.1",watanabe,2,1500,2500,0.0,0,0,"[0, 0, 0, 0]",10,149.24252655499913
singular2,5000,5000,15,1.239445358121791,"c=1,d=0.1",watanabe,2,1500,2500,0.0,0,0,"[0, 0, 0, 0]",10,154.6872853069999
regular,50,50,15,1.4281075795322786,"c=1,d=1",watanabe,2,1500,2500,0.0,0,0,"[0, 0, 0, 0]",5,24.585531034999804
e-singular,50,50,15,1.07110358741948,"c=1,d=1",watanabe,2,1500,2500,0.0,0,0,"[0, 0, 0, 0]",8,24.24135678399944
singular1,50,50,15,1.0420972957508623,"c=1,d=1",watanabe,2,1500,2500,0.0,0,0,"[0, 0, 0, 0]",8,25.036786382999708
singular2,50,50,15,1.0285811708297268,"c=1,d=1",watanabe,2,1500,2500,0.0,0,0,"[0, 0, 0, 0]",8,24.354179660000227
regular,250,250,15,1.3195530399544857,"c=1,d=1",watanabe,2,1500,2500,0.0,0,0,"[0, 0, 0, 0]",5,25.372690117000275
e-singular,250,250,15,1.0344987342532364,"c=1,d=1",watanabe,2,1500,2500,0.0,0,0,"[0, 0, 0, 0]",9,29.630731049000133
singular1,250,250,15,1.0582677988875644,"c=1,d=1",watanabe,2,1500,2500,0.0,0,0,"[0, 0, 0, 0]",10,33.53343443899939
singular2,250,250,15,0.87807061168058,"c=1,d=1",watanabe,2,1500,2500,0.0,0,0,"[0, 0, 0, 0]",8,31.87900224999976
regular,5000,5000,15,1.399038915766011,"c=1,d=1",watanabe,2,1500,2500,0.0,0,0,"[0, 0, 0, 0]",6,83.76241432799998
e-singular,5000,5000,15,1.5330515563714546,"c=1,d=1",watanabe,2,1500,2500,0.0,0,0,"[0, 0, 0, 0]",6,86.2098150440006
singular1,5000,5000,15,0.7642374444346428,"c=1,d=1",watanabe,2,1500,2500,0.0,0,0,"[0, 0, 0, 0]",10,182.88004467099927
singular2,5000,5000,15,0.6958918586114108,"c=1,d=1",watanabe,2,1500,2500,0.0,0,0,"[0, 0, 0, 0]",10,145.07137177799996
regular,50,50,15,1.425306230161837,"c=1,d=10",watanabe,2,1500,2500,0.0,0,0,"[0, 0, 0, 0]",5,36.83543760599969
e-singular,50,50,15,1.1481366868051703,"c=1,d=10",watanabe,2,1500,2500,0.0,0,0,"[0, 0, 0, 0]",7,36.71855508099998
singular1,50,50,15,1.1690108023822938,"c=1,d=10",watanabe,2,1500,2500,0.0,0,0,"[0, 0, 0, 0]",9,37.317397390000224
singular2,50,50,15,1.1246001522613691,"c=1,d=10",watanabe,2,1500,2500,0.0,0,0,"[0, 0, 0, 0]",9,36.44763588000024
regular,250,250,15,1.515061400226233,"c=1,d=10",watanabe,2,1500,2500,0.0,0,0,"[0, 0, 0, 0]",5,27.687220970999988
e-singular,250,250,15,1.1254945596472767,"c=1,d=10",watanabe,2,1500,2500,0.0,0,0,"[0, 0, 0, 0]",8,30.992866080000567
singular1,250,250,15,1.030217866612372,"c=1,d=10",watanabe,2,1500,2500,0.0,0,0,"[0, 0, 0, 0]",10,35.06859349499973
singular2,250,250,15,1.0260958443380477,"c=1,d=10",watanabe,2,1500,2500,0.0,0,0,"[0, 0, 0, 0]",9,32.49324346799949
regular,5000,5000,15,1.521573604314506,"c=1,d=10",watanabe,2,1500,2500,0.0,0,0,"[0, 0, 0, 0]",6,78.87509954800043
e-singular,5000,5000,15,1.6433235948166722,"c=1,d=10",watanabe,2,1500,2500,0.0,0,0,"[0, 0, 0, 0]",6,80.09658991100059
singular1,5000,5000,15,0.8466178534097794,"c=1,d=10",watanabe,2,1500,2500,0.0,0,0,"[0, 0, 0, 0]",10,202.13014068999928
singular2,5000,5000,15,0.8941864171501509,"c=1,d=10",watanabe,2,1500,2500,0.0,0,0,"[0, 0, 0, 0]",10,196.184575925
regular,50,50,16,1.957255952707286,"c=1,d=0.1",watanabe,2,1500,2500,0.0,0,0,"[0, 0, 0, 0]",5,26.389957236000555
e-singular,50,50,16,1.273641902424963,"c=1,d=0.1",watanabe,2,1500,2500,0.0,0,0,"[0, 0, 0, 0]",8,27.22161165199941
singular1,50,50,16,1.0345087778435993,"c=1,d=0.1",watanabe,2,1500,2500,0.0,0,0,"[0, 0, 0, 0]",8,25.26177941700007
singular2,50,50,16,1.5579784469036375,"c=1,d=0.1",watanabe,2,1500,2500,0.0,0,0,"[0, 0, 0, 0]",7,24.69580018700072
regular,250,250,16,2.3041933202428693,"c=1,d=0.1",watanabe,2,1500,2500,0.0,0,0,"[0, 0, 0, 0]",5,29.598454594999566
e-singular,250,250,16,-0.0219320673452708,"c=1,d=0.1",watanabe,2,1500,2500,0.0,0,0,"[0, 0, 0, 0]",9,31.38184539899885
singular1,250,250,16,1.7312160396174934,"c=1,d=0.1",watanabe,2,1500,2500,0.0,0,0,"[0, 0, 0, 0]",10,36.55009190000055
singular2,250,250,16,0.5887091382935398,"c=1,d=0.1",watanabe,2,1500,2500,0.0,0,0,"[0, 0, 0, 0]",9,34.28525171399997
regular,5000,5000,16,2.154225663048179,"c=1,d=0.1",watanabe,2,1500,2500,0.0,0,0,"[0, 0, 0, 0]",6,68.57020945500153
e-singular,5000,5000,16,1.793606778160843,"c=1,d=0.1",watanabe,2,1500,2500,0.0,0,0,"[0, 0, 0, 0]",7,78.61345725899992
singular1,5000,5000,16,0.7780026844413561,"c=1,d=0.1",watanabe,2,1500,2500,0.0,0,0,"[0, 0, 0, 0]",10,161.54633990900038
singular2,5000,5000,16,2.28692183659188,"c=1,d=0.1",watanabe,2,1500,2500,0.0,0,0,"[0, 0, 0, 0]",10,130.53256084399982
regular,50,50,16,1.3290174534495096,"c=1,d=1",watanabe,2,1500,2500,0.0,0,0,"[0, 0, 0, 0]",5,25.23758156599979
e-singular,50,50,16,1.013799772379853,"c=1,d=1",watanabe,2,1500,2500,0.0,0,0,"[0, 0, 0, 0]",8,27.72214438600168
singular1,50,50,16,1.2998580112615563,"c=1,d=1",watanabe,2,1500,2500,0.0,0,0,"[0, 0, 0, 0]",9,28.203422521000903
singular2,50,50,16,1.0332372118400617,"c=1,d=1",watanabe,2,1500,2500,0.0,0,0,"[0, 0, 0, 0]",8,26.73584599899914
regular,250,250,16,1.4760366377876115,"c=1,d=1",watanabe,2,1500,2500,0.0,0,0,"[0, 0, 0, 0]",5,28.71162558000105
e-singular,250,250,16,1.2791405576454695,"c=1,d=1",watanabe,2,1500,2500,0.0,0,0,"[0, 0, 0, 0]",9,29.943399549998503
singular1,250,250,16,1.1275635328574032,"c=1,d=1",watanabe,2,1500,2500,0.0,0,0,"[0, 0, 0, 0]",9,31.23589882199849
singular2,250,250,16,0.8851558724497967,"c=1,d=1",watanabe,2,1500,2500,0.0,0,0,"[0, 0, 0, 0]",9,29.337263687000814
regular,5000,5000,16,1.469459962774799,"c=1,d=1",watanabe,2,1500,2500,0.0,0,0,"[0, 0, 0, 0]",5,62.54545618200064
e-singular,5000,5000,16,1.3969588043725707,"c=1,d=1",watanabe,2,1500,2500,0.0,0,0,"[0, 0, 0, 0]",6,75.9372218619992
singular1,5000,5000,16,0.7815694529994179,"c=1,d=1",watanabe,2,1500,2500,0.0,0,0,"[0, 0, 0, 0]",10,194.90808055399967
singular2,5000,5000,16,1.0044952841686414,"c=1,d=1",watanabe,2,1500,2500,0.0,0,0,"[0, 0, 0, 0]",10,173.60967673099913
regular,50,50,16,1.4065890057524002,"c=1,d=10",watanabe,2,1500,2500,0.0,0,0,"[0, 0, 0, 0]",5,28.88662680000016
e-singular,50,50,16,1.1826157755154063,"c=1,d=10",watanabe,2,1500,2500,0.0,0,0,"[0, 0, 0, 0]",8,28.6750675179992
singular1,50,50,16,1.1771861225071818,"c=1,d=10",watanabe,2,1500,2500,0.0,0,0,"[0, 0, 0, 0]",9,26.76624445400012
singular2,50,50,16,0.8795059130988057,"c=1,d=10",watanabe,2,1500,2500,0.0,0,0,"[0, 0, 0, 0]",8,25.49477430600018
regular,250,250,16,1.475685181337903,"c=1,d=10",watanabe,2,1500,2500,0.0,0,0,"[0, 0, 0, 0]",5,28.329750467999474
e-singular,250,250,16,1.548618098240555,"c=1,d=10",watanabe,2,1500,2500,0.0,0,0,"[0, 0, 0, 0]",9,30.01215080700058
singular1,250,250,16,0.9633160311315838,"c=1,d=10",watanabe,2,1500,2500,0.0,0,0,"[0, 0, 0, 0]",10,36.97751700500157
singular2,250,250,16,0.9723542524462374,"c=1,d=10",watanabe,2,1500,2500,0.0,0,0,"[0, 0, 0, 0]",10,31.594937071999084
regular,5000,5000,16,1.5269106093464566,"c=1,d=10",watanabe,2,1500,2500,0.0,0,0,"[0, 0, 0, 0]",5,62.77365554899916
e-singular,5000,5000,16,1.6114664508442047,"c=1,d=10",watanabe,2,1500,2500,0.0,0,0,"[0, 0, 0, 0]",7,77.66168158399887
singular1,5000,5000,16,0.8414999996346706,"c=1,d=10",watanabe,2,1500,2500,0.0,0,0,"[0, 0, 0, 0]",10,183.9233008289993
singular2,5000,5000,16,0.8109963009062049,"c=1,d=10",watanabe,2,1500,2500,0.0,0,0,"[0, 0, 0, 0]",10,143.83783812
regular,50,50,17,2.455383791944626,"c=1,d=0.1",watanabe,2,1500,2500,0.0,0,0,"[0, 0, 0, 0]",5,26.53369895800097
e-singular,50,50,17,1.1708251279017818,"c=1,d=0.1",watanabe,2,1500,2500,0.0,0,0,"[0, 0, 0, 0]",8,26.80048744099986
singular1,50,50,17,2.111275115961909,"c=1,d=0.1",watanabe,2,1500,2500,0.0,0,0,"[0, 0, 0, 0]",8,27.820743324000432
singular2,50,50,17,1.075396906098857,"c=1,d=0.1",watanabe,2,1500,2500,0.0,0,0,"[0, 0, 0, 0]",8,26.750146716000017
regular,250,250,17,1.5230263846176877,"c=1,d=0.1",watanabe,2,1500,2500,0.0,0,0,"[0, 0, 0, 0]",5,25.37586818099953
e-singular,250,250,17,1.1847402445063815,"c=1,d=0.1",watanabe,2,1500,2500,0.0,0,0,"[0, 0, 0, 0]",9,28.57172221300061
singular1,250,250,17,1.2204672551711846,"c=1,d=0.1",watanabe,2,1500,2500,0.0,0,0,"[0, 0, 0, 0]",9,28.75653249300012
singular2,250,250,17,1.1370883920081367,"c=1,d=0.1",watanabe,2,1500,2500,0.0,0,0,"[0, 0, 0, 0]",8,28.87373943999956
regular,5000,5000,17,2.5045538400666825,"c=1,d=0.1",watanabe,2,1500,2500,0.0,0,0,"[0, 0, 0, 0]",5,68.0655264929992
e-singular,5000,5000,17,1.8460185665663469,"c=1,d=0.1",watanabe,2,1500,2500,0.0,0,0,"[0, 0, 0, 0]",7,83.40831983600037
singular1,5000,5000,17,0.3827490655234966,"c=1,d=0.1",watanabe,2,1500,2500,0.0,0,0,"[0, 0, 0, 0]",10,151.65076444799888
singular2,5000,5000,17,0.6877685908171244,"c=1,d=0.1",watanabe,2,1500,2500,0.0,0,0,"[0, 0, 0, 0]",10,140.8069218389992
regular,50,50,17,1.3990487394858862,"c=1,d=1",watanabe,2,1500,2500,0.0,0,0,"[0, 0, 0, 0]",5,26.359150039999804
e-singular,50,50,17,1.0002534264044858,"c=1,d=1",watanabe,2,1500,2500,0.0,0,0,"[0, 0, 0, 0]",8,26.846928357999783
singular1,50,50,17,1.0783882017295996,"c=1,d=1",watanabe,2,1500,2500,0.0,0,0,"[0, 0, 0, 0]",9,24.585969470001142
singular2,50,50,17,0.9428394787387742,"c=1,d=1",watanabe,2,1500,2500,0.0,0,0,"[0, 0, 0, 0]",8,23.662580856000204
regular,250,250,17,1.5022220657660708,"c=1,d=1",watanabe,2,1500,2500,0.0,0,0,"[0, 0, 0, 0]",6,26.222944337998342
e-singular,250,250,17,1.434486082225736,"c=1,d=1",watanabe,2,1500,2500,0.0,0,0,"[0, 0, 0, 0]",8,27.44318748600017
singular1,250,250,17,1.0142916218234244,"c=1,d=1",watanabe,2,1500,2500,0.0,0,0,"[0, 0, 0, 0]",9,29.90813654699923
singular2,250,250,17,0.9126337562971344,"c=1,d=1",watanabe,2,1500,2500,0.0,0,0,"[0, 0, 0, 0]",9,29.97537716900115
regular,5000,5000,17,1.3749409121486746,"c=1,d=1",watanabe,2,1500,2500,0.0,0,0,"[0, 0, 0, 0]",5,65.32943149700077
e-singular,5000,5000,17,1.4195900717732262,"c=1,d=1",watanabe,2,1500,2500,0.0,0,0,"[0, 0, 0, 0]",7,92.89668424299998
singular1,5000,5000,17,0.7278642192632466,"c=1,d=1",watanabe,2,1500,2500,0.0,0,0,"[0, 0, 0, 0]",10,150.8508784679998
singular2,5000,5000,17,0.7704969154533786,"c=1,d=1",watanabe,2,1500,2500,0.0,0,0,"[0, 0, 0, 0]",10,151.591515565
regular,50,50,17,1.4379541381317082,"c=1,d=10",watanabe,2,1500,2500,0.0,0,0,"[0, 0, 0, 0]",5,26.27749503099949
e-singular,50,50,17,1.1857377117070198,"c=1,d=10",watanabe,2,1500,2500,0.0,0,0,"[0, 0, 0, 0]",8,26.641400624999733
singular1,50,50,17,1.1255843708638134,"c=1,d=10",watanabe,2,1500,2500,0.0,0,0,"[0, 0, 0, 0]",10,28.014943127998777
singular2,50,50,17,0.9649576639534672,"c=1,d=10",watanabe,2,1500,2500,0.0,0,0,"[0, 0, 0, 0]",9,26.615439741000955
regular,250,250,17,1.458486897054351,"c=1,d=10",watanabe,2,1500,2500,0.0,0,0,"[0, 0, 0, 0]",5,25.234543668000697
e-singular,250,250,17,1.5160428869340417,"c=1,d=10",watanabe,2,1500,2500,0.0,0,0,"[0, 0, 0, 0]",8,27.689816259999134
singular1,250,250,17,0.9734211248625104,"c=1,d=10",watanabe,2,1500,2500,0.0,0,0,"[0, 0, 0, 0]",10,32.24289736500032
singular2,250,250,17,0.9825907423931404,"c=1,d=10",watanabe,2,1500,2500,0.0,0,0,"[0, 0, 0, 0]",10,34.15475001699997
regular,5000,5000,17,1.4875456661279902,"c=1,d=10",watanabe,2,1500,2500,0.0,0,0,"[0, 0, 0, 0]",5,63.26938988099937
e-singular,5000,5000,17,1.4316139755983963,"c=1,d=10",watanabe,2,1500,2500,0.0,0,0,"[0, 0, 0, 0]",7,100.82727361400066
singular1,5000,5000,17,0.8754554021482404,"c=1,d=10",watanabe,2,1500,2500,0.0,0,0,"[0, 0, 0, 0]",10,165.15145162200133
singular2,5000,5000,17,0.8150032164015136,"c=1,d=10",watanabe,2,1500,2500,0.0,0,0,"[0, 0, 0, 0]",10,177.36161861599976
regular,50,50,18,1.4392947221592811,"c=1,d=0.1",watanabe,2,1500,2500,0.0,0,0,"[0, 0, 0, 0]",5,24.119848955000634
e-singular,50,50,18,0.433485029659873,"c=1,d=0.1",watanabe,2,1500,2500,0.0,0,0,"[0, 0, 0, 0]",8,24.08084866900026
singular1,50,50,18,1.3077831439565626,"c=1,d=0.1",watanabe,2,1500,2500,0.0,0,0,"[0, 0, 0, 0]",9,27.891728555001464
singular2,50,50,18,1.5515830170430298,"c=1,d=0.1",watanabe,2,1500,2500,0.0,0,0,"[0, 0, 0, 0]",7,22.856301102001453
regular,250,250,18,1.2466938210912486,"c=1,d=0.1",watanabe,2,1500,2500,0.0,0,0,"[0, 0, 0, 0]",5,24.524124474000928
e-singular,250,250,18,0.7838947700367526,"c=1,d=0.1",watanabe,2,1500,2500,0.0,0,0,"[0, 0, 0, 0]",8,26.25379833399893
singular1,250,250,18,1.89090758348093,"c=1,d=0.1",watanabe,2,1500,2500,0.0,0,0,"[0, 0, 0, 0]",9,29.56406812200112
singular2,250,250,18,0.3310524253930487,"c=1,d=0.1",watanabe,2,1500,2500,0.0,0,0,"[0, 0, 0, 0]",9,31.0889935769992
regular,5000,5000,18,1.9807597165266493,"c=1,d=0.1",watanabe,2,1500,2500,0.0,0,0,"[0, 0, 0, 0]",5,63.75285547800013
e-singular,5000,5000,18,2.2265379000920493,"c=1,d=0.1",watanabe,2,1500,2500,0.0,0,0,"[0, 0, 0, 0]",6,77.70499907500016
singular1,5000,5000,18,0.8996760668919664,"c=1,d=0.1",watanabe,2,1500,2500,0.0,0,0,"[0, 0, 0, 0]",10,174.8852350720008
singular2,5000,5000,18,0.9031834707715404,"c=1,d=0.1",watanabe,2,1500,2500,0.0,0,0,"[0, 0, 0, 0]",10,166.4833134290002
regular,50,50,18,1.3502419408303137,"c=1,d=1",watanabe,2,1500,2500,0.0,0,0,"[0, 0, 0, 0]",5,24.09599703300045
e-singular,50,50,18,1.0733734480748207,"c=1,d=1",watanabe,2,1500,2500,0.0,0,0,"[0, 0, 0, 0]",8,27.28271281600064
singular1,50,50,18,1.2415058674496664,"c=1,d=1",watanabe,2,1500,2500,0.0,0,0,"[0, 0, 0, 0]",9,28.65470353500132
singular2,50,50,18,0.9849927204729574,"c=1,d=1",watanabe,2,1500,2500,0.0,0,0,"[0, 0, 0, 0]",8,26.49033215000054
regular,250,250,18,1.5235563107062948,"c=1,d=1",watanabe,2,1500,2500,0.0,0,0,"[0, 0, 0, 0]",5,25.80781736099925
e-singular,250,250,18,1.2318912256288634,"c=1,d=1",watanabe,2,1500,2500,0.0,0,0,"[0, 0, 0, 0]",9,27.077862435999123
singular1,250,250,18,1.0271316550916691,"c=1,d=1",watanabe,2,1500,2500,0.0,0,0,"[0, 0, 0, 0]",10,43.34637798299991
singular2,250,250,18,0.8276717507510927,"c=1,d=1",watanabe,2,1500,2500,0.0,0,0,"[0, 0, 0, 0]",8,42.72006218199931
regular,5000,5000,18,1.47925243153696,"c=1,d=1",watanabe,2,1500,2500,0.0,0,0,"[0, 0, 0, 0]",5,65.40107478900063
e-singular,5000,5000,18,1.572861537822906,"c=1,d=1",watanabe,2,1500,2500,0.0,0,0,"[0, 0, 0, 0]",6,89.40591750000021
singular1,5000,5000,18,0.8397506610567381,"c=1,d=1",watanabe,2,1500,2500,0.0,0,0,"[0, 0, 0, 0]",10,150.04883848999998
singular2,5000,5000,18,0.734291283687637,"c=1,d=1",watanabe,2,1500,2500,0.0,0,0,"[0, 0, 0, 0]",10,169.16933255299955
regular,50,50,18,1.3704261619476668,"c=1,d=10",watanabe,2,1500,2500,0.0,0,0,"[0, 0, 0, 0]",5,23.79690940799992
e-singular,50,50,18,1.249292272062568,"c=1,d=10",watanabe,2,1500,2500,0.0,0,0,"[0, 0, 0, 0]",8,23.35987494300025
singular1,50,50,18,1.2569199103573236,"c=1,d=10",watanabe,2,1500,2500,0.0,0,0,"[0, 0, 0, 0]",10,27.48363069199877
singular2,50,50,18,1.0989638473626968,"c=1,d=10",watanabe,2,1500,2500,0.0,0,0,"[0, 0, 0, 0]",9,23.862005831000715
regular,250,250,18,1.4726004916416515,"c=1,d=10",watanabe,2,1500,2500,0.0,0,0,"[0, 0, 0, 0]",5,25.00588076599888
e-singular,250,250,18,1.4179560337381467,"c=1,d=10",watanabe,2,1500,2500,0.0,0,0,"[0, 0, 0, 0]",8,26.436678155001573
singular1,250,250,18,1.0493737147184845,"c=1,d=10",watanabe,2,1500,2500,0.0,0,0,"[0, 0, 0, 0]",10,33.78471137199995
singular2,250,250,18,0.9576241651872048,"c=1,d=10",watanabe,2,1500,2500,0.0,0,0,"[0, 0, 0, 0]",10,31.70859088799989
regular,5000,5000,18,1.4803207612193383,"c=1,d=10",watanabe,2,1500,2500,0.0,0,0,"[0, 0, 0, 0]",5,68.83413411299989
e-singular,5000,5000,18,1.511711214602407,"c=1,d=10",watanabe,2,1500,2500,0.0,0,0,"[0, 0, 0, 0]",7,121.61033404699992
singular1,5000,5000,18,0.9522816648553828,"c=1,d=10",watanabe,2,1500,2500,0.0,0,0,"[0, 0, 0, 0]",10,176.8595659120001
singular2,5000,5000,18,0.8231114990171046,"c=1,d=10",watanabe,2,1500,2500,0.0,0,0,"[0, 0, 0, 0]",10,215.26692306100085
regular,50,50,19,1.838989135229435,"c=1,d=0.1",watanabe,2,1500,2500,0.0,0,0,"[0, 0, 0, 0]",6,27.165357169000345
e-singular,50,50,19,1.1107114931822375,"c=1,d=0.1",watanabe,2,1500,2500,0.0,0,0,"[0, 0, 0, 0]",8,28.55262268099977
singular1,50,50,19,1.592614107923181,"c=1,d=0.1",watanabe,2,1500,2500,0.0,0,0,"[0, 0, 0, 0]",9,29.41825217400037
singular2,50,50,19,1.6605994595311804,"c=1,d=0.1",watanabe,2,1500,2500,0.0,0,0,"[0, 0, 0, 0]",8,28.93134031599948
regular,250,250,19,1.968895875846694,"c=1,d=0.1",watanabe,2,1500,2500,0.0,0,0,"[0, 0, 0, 0]",5,25.367935102000047
e-singular,250,250,19,2.120180599581808,"c=1,d=0.1",watanabe,2,1500,2500,0.0,0,0,"[0, 0, 0, 0]",8,27.47863498799961
singular1,250,250,19,-0.1472223529517025,"c=1,d=0.1",watanabe,2,1500,2500,0.0,0,0,"[0, 0, 0, 0]",9,28.123739935999765
singular2,250,250,19,1.121823105417698,"c=1,d=0.1",watanabe,2,1500,2500,0.0,0,0,"[0, 0, 0, 0]",8,32.88888400599899
regular,5000,5000,19,0.5859348233821414,"c=1,d=0.1",watanabe,2,1500,2500,0.0,0,0,"[0, 0, 0, 0]",5,62.82847086499896
e-singular,5000,5000,19,1.0341724462061832,"c=1,d=0.1",watanabe,2,1500,2500,0.0,0,0,"[0, 0, 0, 0]",6,80.43371811999896
singular1,5000,5000,19,1.4595805154212822,"c=1,d=0.1",watanabe,2,1500,2500,0.0,0,0,"[0, 0, 0, 0]",10,135.6099565630011
singular2,5000,5000,19,0.3736980713795229,"c=1,d=0.1",watanabe,2,1500,2500,0.0,0,0,"[0, 0, 0, 0]",10,161.32171861000097
regular,50,50,19,1.513784332943492,"c=1,d=1",watanabe,2,1500,2500,0.0,0,0,"[0, 0, 0, 0]",5,23.51616289699996
e-singular,50,50,19,1.1178447976529058,"c=1,d=1",watanabe,2,1500,2500,0.0,0,0,"[0, 0, 0, 0]",8,25.318106873999568
singular1,50,50,19,1.2815737154879538,"c=1,d=1",watanabe,2,1500,2500,0.0,0,0,"[0, 0, 0, 0]",9,25.1142181539999
singular2,50,50,19,0.9221236923724492,"c=1,d=1",watanabe,2,1500,2500,0.0,0,0,"[0, 0, 0, 0]",8,25.251003790999675
regular,250,250,19,1.4320678349443376,"c=1,d=1",watanabe,2,1500,2500,0.0,0,0,"[0, 0, 0, 0]",5,25.11802539099881
e-singular,250,250,19,1.5938612087411317,"c=1,d=1",watanabe,2,1500,2500,0.0,0,0,"[0, 0, 0, 0]",8,25.6873004400004
singular1,250,250,19,0.9788456416047668,"c=1,d=1",watanabe,2,1500,2500,0.0,0,0,"[0, 0, 0, 0]",10,30.596266181999454
singular2,250,250,19,0.9266662768348852,"c=1,d=1",watanabe,2,1500,2500,0.0,0,0,"[0, 0, 0, 0]",9,29.9369739649992
regular,5000,5000,19,1.5742150948296645,"c=1,d=1",watanabe,2,1500,2500,0.0,0,0,"[0, 0, 0, 0]",6,70.04811877499924
e-singular,5000,5000,19,1.5330734325705486,"c=1,d=1",watanabe,2,1500,2500,0.0,0,0,"[0, 0, 0, 0]",7,76.78063666200069
singular1,5000,5000,19,0.8064576398277292,"c=1,d=1",watanabe,2,1500,2500,0.0,0,0,"[0, 0, 0, 0]",10,125.02331873200092
singular2,5000,5000,19,0.7594252892206483,"c=1,d=1",watanabe,2,1500,2500,0.0,0,0,"[0, 0, 0, 0]",10,142.47924936100026
regular,50,50,19,1.4845617828365356,"c=1,d=10",watanabe,2,1500,2500,0.0,0,0,"[0, 0, 0, 0]",5,28.474475872000767
e-singular,50,50,19,1.2374531256860786,"c=1,d=10",watanabe,2,1500,2500,0.0,0,0,"[0, 0, 0, 0]",8,29.46814175100008
singular1,50,50,19,1.1598907188699057,"c=1,d=10",watanabe,2,1500,2500,0.0,0,0,"[0, 0, 0, 0]",10,30.499599917000523
singular2,50,50,19,0.9442183461766994,"c=1,d=10",watanabe,2,1500,2500,0.0,0,0,"[0, 0, 0, 0]",10,30.925516535000497
regular,250,250,19,1.4768273186448406,"c=1,d=10",watanabe,2,1500,2500,0.0,0,0,"[0, 0, 0, 0]",6,26.756906921000336
e-singular,250,250,19,1.5121524056547306,"c=1,d=10",watanabe,2,1500,2500,0.0,0,0,"[0, 0, 0, 0]",8,25.929757008998426
singular1,250,250,19,0.9940054896222166,"c=1,d=10",watanabe,2,1500,2500,0.0,0,0,"[0, 0, 0, 0]",10,30.843967300001168
singular2,250,250,19,0.8672247281350915,"c=1,d=10",watanabe,2,1500,2500,0.0,0,0,"[0, 0, 0, 0]",10,34.05057024600137
regular,5000,5000,19,1.505860131773112,"c=1,d=10",watanabe,2,1500,2500,0.0,0,0,"[0, 0, 0, 0]",5,64.1487798019989
e-singular,5000,5000,19,1.477702574966271,"c=1,d=10",watanabe,2,1500,2500,0.0,0,0,"[0, 0, 0, 0]",6,74.44933402400056
singular1,5000,5000,19,0.8648455493978325,"c=1,d=10",watanabe,2,1500,2500,0.0,0,0,"[0, 0, 0, 0]",10,144.61904401399988
singular2,5000,5000,19,0.7990526521779725,"c=1,d=10",watanabe,2,1500,2500,0.0,0,0,"[0, 0, 0, 0]",10,221.17584880200047
regular,50,50,20,1.1266278227045905,"c=1,d=0.1",watanabe,2,1500,2500,0.0,0,0,"[0, 0, 0, 0]",5,28.069933700999968
e-singular,50,50,20,0.5532009812499922,"c=1,d=0.1",watanabe,2,1500,2500,0.0,0,0,"[0, 0, 0, 0]",8,29.43861274900007
singular1,50,50,20,1.431801344037881,"c=1,d=0.1",watanabe,2,1500,2500,0.0,0,0,"[0, 0, 0, 0]",10,30.253521318000026
singular2,50,50,20,1.1304806162897294,"c=1,d=0.1",watanabe,2,1500,2500,0.0,0,0,"[0, 0, 0, 0]",7,28.26522400599993
regular,250,250,20,0.8438247429863929,"c=1,d=0.1",watanabe,2,1500,2500,0.0,0,0,"[0, 0, 0, 0]",5,32.71596452599999
e-singular,250,250,20,0.5374582957540226,"c=1,d=0.1",watanabe,2,1500,2500,0.0,0,0,"[0, 0, 0, 0]",8,34.56824122399996
singular1,250,250,20,0.7644318036364598,"c=1,d=0.1",watanabe,2,1500,2500,0.0,0,0,"[0, 0, 0, 0]",9,36.63551997700006
singular2,250,250,20,1.2418331678266896,"c=1,d=0.1",watanabe,2,1500,2500,0.0,0,0,"[0, 0, 0, 0]",8,35.963890907000064
regular,5000,5000,20,1.5105247675166016,"c=1,d=0.1",watanabe,2,1500,2500,0.0,0,0,"[0, 0, 0, 0]",5,66.74715304400002
e-singular,5000,5000,20,1.1165317991894264,"c=1,d=0.1",watanabe,2,1500,2500,0.0,0,0,"[0, 0, 0, 0]",6,77.87700577200008
singular1,5000,5000,20,1.0139110799942244,"c=1,d=0.1",watanabe,2,1500,2500,0.0,0,0,"[0, 0, 0, 0]",10,149.98060415199984
singular2,5000,5000,20,0.8413768620477685,"c=1,d=0.1",watanabe,2,1500,2500,0.0,0,0,"[0, 0, 0, 0]",10,145.09485863100008
regular,50,50,20,1.191105855425726,"c=1,d=1",watanabe,2,1500,2500,0.0,0,0,"[0, 0, 0, 0]",5,26.940875086999995
e-singular,50,50,20,1.6384334170245292,"c=1,d=1",watanabe,2,1500,2500,0.0,0,0,"[0, 0, 0, 0]",8,27.14909378300013
singular1,50,50,20,1.0919635306692947,"c=1,d=1",watanabe,2,1500,2500,0.0,0,0,"[0, 0, 0, 0]",9,28.780737200999965
singular2,50,50,20,0.99696455809049,"c=1,d=1",watanabe,2,1500,2500,0.0,0,0,"[0, 0, 0, 0]",8,27.29418489700015
regular,250,250,20,1.3615478284198057,"c=1,d=1",watanabe,2,1500,2500,0.0,0,0,"[0, 0, 0, 0]",5,27.99237733000018
e-singular,250,250,20,1.3844438391055702,"c=1,d=1",watanabe,2,1500,2500,0.0,0,0,"[0, 0, 0, 0]",8,29.50440656299997
singular1,250,250,20,1.081905083754683,"c=1,d=1",watanabe,2,1500,2500,0.0,0,0,"[0, 0, 0, 0]",10,33.279066964999856
singular2,250,250,20,0.891965158305966,"c=1,d=1",watanabe,2,1500,2500,0.0,0,0,"[0, 0, 0, 0]",9,32.387996617
regular,5000,5000,20,1.4947325616903515,"c=1,d=1",watanabe,2,1500,2500,0.0,0,0,"[0, 0, 0, 0]",6,69.50030212499996
e-singular,5000,5000,20,1.4572508585920472,"c=1,d=1",watanabe,2,1500,2500,0.0,0,0,"[0, 0, 0, 0]",7,76.0142644309999
singular1,5000,5000,20,0.8707650919030663,"c=1,d=1",watanabe,2,1500,2500,0.0,0,0,"[0, 0, 0, 0]",10,140.932418245
singular2,5000,5000,20,1.0147240070113763,"c=1,d=1",watanabe,2,1500,2500,0.0,0,0,"[0, 0, 0, 0]",10,156.25279350300002
regular,50,50,20,1.3901332649957516,"c=1,d=10",watanabe,2,1500,2500,0.0,0,0,"[0, 0, 0, 0]",6,24.27664807199972
e-singular,50,50,20,1.4860409374518642,"c=1,d=10",watanabe,2,1500,2500,0.0,0,0,"[0, 0, 0, 0]",7,24.382854439999846
singular1,50,50,20,1.177836410510766,"c=1,d=10",watanabe,2,1500,2500,0.0,0,0,"[0, 0, 0, 0]",9,25.886947642
singular2,50,50,20,0.9228304466556324,"c=1,d=10",watanabe,2,1500,2500,0.0,0,0,"[0, 0, 0, 0]",8,24.310273508000137
regular,250,250,20,1.4907359646422933,"c=1,d=10",watanabe,2,1500,2500,0.0,0,0,"[0, 0, 0, 0]",5,26.15988244300024
e-singular,250,250,20,1.5655127152114665,"c=1,d=10",watanabe,2,1500,2500,0.0,0,0,"[0, 0, 0, 0]",8,26.76443423000001
singular1,250,250,20,0.9488765762633457,"c=1,d=10",watanabe,2,1500,2500,0.0,0,0,"[0, 0, 0, 0]",10,32.522958818000006
singular2,250,250,20,0.9410063836248388,"c=1,d=10",watanabe,2,1500,2500,0.0,0,0,"[0, 0, 0, 0]",9,29.95006305800007
regular,5000,5000,20,1.541683460952579,"c=1,d=10",watanabe,2,1500,2500,0.0,0,0,"[0, 0, 0, 0]",5,61.09296944200014
e-singular,5000,5000,20,1.528197489005106,"c=1,d=10",watanabe,2,1500,2500,0.0,0,0,"[0, 0, 0, 0]",7,76.61805379399993
singular1,5000,5000,20,0.9723063068571418,"c=1,d=10",watanabe,2,1500,2500,0.0,0,0,"[0, 0, 0, 0]",10,155.36751139199987
singular2,5000,5000,20,0.7663542902008783,"c=1,d=10",watanabe,2,1500,2500,0.0,0,0,"[0, 0, 0, 0]",10,203.2306193710001
regular,50,50,21,1.6417246502689111,"c=1,d=0.1",watanabe,2,1500,2500,0.0,0,0,"[0, 0, 0, 0]",5,29.21501826199983
e-singular,50,50,21,0.5599457207928834,"c=1,d=0.1",watanabe,2,1500,2500,0.0,0,0,"[0, 0, 0, 0]",8,30.786310788000264
singular1,50,50,21,0.5613920090610841,"c=1,d=0.1",watanabe,2,1500,2500,0.0,0,0,"[0, 0, 0, 0]",8,31.24144618399987
singular2,50,50,21,1.2296408634978209,"c=1,d=0.1",watanabe,2,1500,2500,0.0,0,0,"[0, 0, 0, 0]",8,30.96724653899992
regular,50,50,21,1.530230379822428,"c=1,d=1",watanabe,2,1500,2500,0.0,0,0,"[0, 0, 0, 0]",5,25.54307340800005
e-singular,50,50,21,1.2715608103866998,"c=1,d=1",watanabe,2,1500,2500,0.0,0,0,"[0, 0, 0, 0]",8,26.252114797000104
singular1,50,50,21,1.132021866923561,"c=1,d=1",watanabe,2,1500,2500,0.0,0,0,"[0, 0, 0, 0]",8,26.12199179300024
singular2,50,50,21,1.037092979404613,"c=1,d=1",watanabe,2,1500,2500,0.0,0,0,"[0, 0, 0, 0]",8,26.639317680000204
regular,50,50,21,1.4462285275915243,"c=1,d=10",watanabe,2,1500,2500,0.0,0,0,"[0, 0, 0, 0]",5,25.592118970999763
e-singular,50,50,21,1.4158194475755104,"c=1,d=10",watanabe,2,1500,2500,0.0,0,0,"[0, 0, 0, 0]",8,26.492365092
singular1,50,50,21,1.1105399065782902,"c=1,d=10",watanabe,2,1500,2500,0.0,0,0,"[0, 0, 0, 0]",10,28.46499282900004
singular2,50,50,21,0.9295722414033024,"c=1,d=10",watanabe,2,1500,2500,0.0,0,0,"[0, 0, 0, 0]",8,27.34069837900006
regular,250,250,21,2.553567430472253,"c=1,d=0.1",watanabe,2,1500,2500,0.0,0,0,"[0, 0, 0, 0]",5,27.348540992999915
e-singular,250,250,21,1.8514901671592208,"c=1,d=0.1",watanabe,2,1500,2500,0.0,0,0,"[0, 0, 0, 0]",8,27.552502500999708
singular1,250,250,21,1.4048112736709737,"c=1,d=0.1",watanabe,2,1500,2500,0.0,0,0,"[0, 0, 0, 0]",10,31.279649985000106
singular2,250,250,21,1.0594829704247632,"c=1,d=0.1",watanabe,2,1500,2500,0.0,0,0,"[0, 0, 0, 0]",8,30.4757107559999
regular,250,250,21,1.4636561643112629,"c=1,d=1",watanabe,2,1500,2500,0.0,0,0,"[0, 0, 0, 0]",5,29.596712368000222
e-singular,250,250,21,1.8878658100612715,"c=1,d=1",watanabe,2,1500,2500,0.0,0,0,"[0, 0, 0, 0]",8,30.21797266199973
singular1,250,250,21,1.030669046596237,"c=1,d=1",watanabe,2,1500,2500,0.0,0,0,"[0, 0, 0, 0]",9,33.06210495800042
singular2,250,250,21,0.8875297189513495,"c=1,d=1",watanabe,2,1500,2500,0.0,0,0,"[0, 0, 0, 0]",9,32.077018692000365
regular,250,250,21,1.4801294437597392,"c=1,d=10",watanabe,2,1500,2500,0.0,0,0,"[0, 0, 0, 0]",5,26.23409850400003
e-singular,250,250,21,1.6711295536174549,"c=1,d=10",watanabe,2,1500,2500,0.0,0,0,"[0, 0, 0, 0]",9,32.083323148999625
singular1,250,250,21,1.003826758058632,"c=1,d=10",watanabe,2,1500,2500,0.0,0,0,"[0, 0, 0, 0]",10,33.25633156499998
singular2,250,250,21,0.8997013031660334,"c=1,d=10",watanabe,2,1500,2500,0.0,0,0,"[0, 0, 0, 0]",10,32.2753631810001
regular,5000,5000,21,2.0631273161942856,"c=1,d=0.1",watanabe,2,1500,2500,0.0,0,0,"[0, 0, 0, 0]",5,69.99333549499988
e-singular,5000,5000,21,1.6058873210539288,"c=1,d=0.1",watanabe,2,1500,2500,0.0,0,0,"[0, 0, 0, 0]",7,96.38814713700005
singular1,5000,5000,21,1.4873440010003274,"c=1,d=0.1",watanabe,2,1500,2500,0.0,0,0,"[0, 0, 0, 0]",10,182.5338085649996
singular2,5000,5000,21,0.5755091477905346,"c=1,d=0.1",watanabe,2,1500,2500,0.0,0,0,"[0, 0, 0, 0]",10,172.09731176700006
regular,5000,5000,21,1.6151418766451902,"c=1,d=1",watanabe,2,1500,2500,0.0,0,0,"[0, 0, 0, 0]",5,79.92357166900001
e-singular,5000,5000,21,1.5621220766213963,"c=1,d=1",watanabe,2,1500,2500,0.0,0,0,"[0, 0, 0, 0]",6,91.43959028800008
singular1,5000,5000,21,0.9579893481365452,"c=1,d=1",watanabe,2,1500,2500,0.0,0,0,"[0, 0, 0, 0]",10,212.1455416089998
singular2,5000,5000,21,0.8165846339050514,"c=1,d=1",watanabe,2,1500,2500,0.0,0,0,"[0, 0, 0, 0]",10,183.4369590379997
regular,5000,5000,21,1.5691782857773853,"c=1,d=10",watanabe,2,1500,2500,0.0,0,0,"[0, 0, 0, 0]",5,73.19232774600005
e-singular,5000,5000,21,1.4388054246351132,"c=1,d=10",watanabe,2,1500,2500,0.0,0,0,"[0, 0, 0, 0]",6,75.99750568000036
singular1,5000,5000,21,0.780447374229382,"c=1,d=10",watanabe,2,1500,2500,0.0,0,0,"[0, 0, 0, 0]",10,180.3386153649999
singular2,5000,5000,21,0.7196408650689012,"c=1,d=10",watanabe,2,1500,2500,0.0,0,0,"[0, 0, 0, 0]",10,189.1058606309998
regular,50,50,22,-0.2198791600902157,"c=1,d=0.1",watanabe,2,1500,2500,0.0,0,0,"[0, 0, 0, 0]",9,26.27418860300031
e-singular,50,50,22,2.1493342631808945,"c=1,d=0.1",watanabe,2,1500,2500,0.0,0,0,"[0, 0, 0, 0]",8,25.558190278999973
singular1,50,50,22,1.432491493367783,"c=1,d=0.1",watanabe,2,1500,2500,0.0,0,0,"[0, 0, 0, 0]",8,26.63776242999984
singular2,50,50,22,0.9447779098395832,"c=1,d=0.1",watanabe,2,1500,2500,0.0,0,0,"[0, 0, 0, 0]",8,25.124087984999733
regular,50,50,22,1.4169975295726005,"c=1,d=1",watanabe,2,1500,2500,0.0,0,0,"[0, 0, 0, 0]",7,25.1702390520004
e-singular,50,50,22,1.764848192582096,"c=1,d=1",watanabe,2,1500,2500,0.0,0,0,"[0, 0, 0, 0]",8,28.081371421999847
singular1,50,50,22,1.2851841409443807,"c=1,d=1",watanabe,2,1500,2500,0.0,0,0,"[0, 0, 0, 0]",9,30.07364625899981
singular2,50,50,22,1.055798811540864,"c=1,d=1",watanabe,2,1500,2500,0.0,0,0,"[0, 0, 0, 0]",7,28.411569131000302
regular,50,50,22,1.4721802121007272,"c=1,d=10",watanabe,2,1500,2500,0.0,0,0,"[0, 0, 0, 0]",7,25.75776454700008
e-singular,50,50,22,1.660177296998628,"c=1,d=10",watanabe,2,1500,2500,0.0,0,0,"[0, 0, 0, 0]",7,25.849156623
singular1,50,50,22,1.2316942689476846,"c=1,d=10",watanabe,2,1500,2500,0.0,0,0,"[0, 0, 0, 0]",9,26.599055709000368
singular2,50,50,22,1.068557560590396,"c=1,d=10",watanabe,2,1500,2500,0.0,0,0,"[0, 0, 0, 0]",10,28.43541837500016
regular,250,250,22,0.1655413406700433,"c=1,d=0.1",watanabe,2,1500,2500,0.0,0,0,"[0, 0, 0, 0]",5,26.91169417800029
e-singular,250,250,22,1.4327663365356436,"c=1,d=0.1",watanabe,2,1500,2500,0.0,0,0,"[0, 0, 0, 0]",9,31.395473395999943
singular1,250,250,22,1.621905901726405,"c=1,d=0.1",watanabe,2,1500,2500,0.0,0,0,"[0, 0, 0, 0]",9,30.55308486399963
singular2,250,250,22,1.474896763768968,"c=1,d=0.1",watanabe,2,1500,2500,0.0,0,0,"[0, 0, 0, 0]",8,30.341555170999985
regular,250,250,22,1.545527147795386,"c=1,d=1",watanabe,2,1500,2500,0.0,0,0,"[0, 0, 0, 0]",5,32.40326426499996
e-singular,250,250,22,1.113142152197609,"c=1,d=1",watanabe,2,1500,2500,0.0,0,0,"[0, 0, 0, 0]",9,35.98435117300005
singular1,250,250,22,1.0421314794860483,"c=1,d=1",watanabe,2,1500,2500,0.0,0,0,"[0, 0, 0, 0]",9,33.04032768799971
singular2,250,250,22,1.1041980660867672,"c=1,d=1",watanabe,2,1500,2500,0.0,0,0,"[0, 0, 0, 0]",9,37.25474145899989
regular,250,250,22,1.461249769183332,"c=1,d=10",watanabe,2,1500,2500,0.0,0,0,"[0, 0, 0, 0]",5,29.24268204800001
e-singular,250,250,22,1.3245252904727187,"c=1,d=10",watanabe,2,1500,2500,0.0,0,0,"[0, 0, 0, 0]",8,32.455693810999946
singular1,250,250,22,0.9281542174135908,"c=1,d=10",watanabe,2,1500,2500,0.0,0,0,"[0, 0, 0, 0]",10,36.519727643999886
singular2,250,250,22,0.9911505936509613,"c=1,d=10",watanabe,2,1500,2500,0.0,0,0,"[0, 0, 0, 0]",9,32.49624674100005
regular,5000,5000,22,0.9659217855952604,"c=1,d=0.1",watanabe,2,1500,2500,0.0,0,0,"[0, 0, 0, 0]",5,75.89488092300007
e-singular,5000,5000,22,1.0172624017934906,"c=1,d=0.1",watanabe,2,1500,2500,0.0,0,0,"[0, 0, 0, 0]",7,96.43071416700012
singular1,5000,5000,22,0.6863345549610014,"c=1,d=0.1",watanabe,2,1500,2500,0.0,0,0,"[0, 0, 0, 0]",10,210.62403913200023
singular2,5000,5000,22,0.6521470956637654,"c=1,d=0.1",watanabe,2,1500,2500,0.0,0,0,"[0, 0, 0, 0]",9,175.0763123920001
regular,5000,5000,22,1.5490222915426768,"c=1,d=1",watanabe,2,1500,2500,0.0,0,0,"[0, 0, 0, 0]",5,72.1456957129999
e-singular,5000,5000,22,1.6813309384349664,"c=1,d=1",watanabe,2,1500,2500,0.0,0,0,"[0, 0, 0, 0]",7,94.29356947900033
singular1,5000,5000,22,0.8201927176719684,"c=1,d=1",watanabe,2,1500,2500,0.0,0,0,"[0, 0, 0, 0]",10,205.8697043770003
singular2,5000,5000,22,0.8979575118842716,"c=1,d=1",watanabe,2,1500,2500,0.0,0,0,"[0, 0, 0, 0]",10,177.9118162079999
regular,5000,5000,22,1.459616886975749,"c=1,d=10",watanabe,2,1500,2500,0.0,0,0,"[0, 0, 0, 0]",5,83.00898480100022
e-singular,5000,5000,22,1.526546854371991,"c=1,d=10",watanabe,2,1500,2500,0.0,0,0,"[0, 0, 0, 0]",6,103.78354403000004
singular1,5000,5000,22,0.8191396310665365,"c=1,d=10",watanabe,2,1500,2500,0.0,0,0,"[0, 0, 0, 0]",10,219.084214125
singular2,5000,5000,22,0.7811375433760028,"c=1,d=10",watanabe,2,1500,2500,0.0,0,0,"[0, 0, 0, 0]",10,188.92279349499995
regular,50,50,23,1.0851045347716253,"c=1,d=0.1",watanabe,2,1500,2500,0.0,0,0,"[0, 0, 0, 0]",5,24.638671913000053
e-singular,50,50,23,-0.1215269287096663,"c=1,d=0.1",watanabe,2,1500,2500,0.0,0,0,"[0, 0, 0, 0]",9,26.776737508000224
singular1,50,50,23,1.182335943042454,"c=1,d=0.1",watanabe,2,1500,2500,0.0,0,0,"[0, 0, 0, 0]",9,25.60892545800016
singular2,50,50,23,1.1150059356622644,"c=1,d=0.1",watanabe,2,1500,2500,0.0,0,0,"[0, 0, 0, 0]",8,24.49140807499998
regular,50,50,23,1.513716295224,"c=1,d=1",watanabe,2,1500,2500,0.0,0,0,"[0, 0, 0, 0]",5,24.35898667399988
e-singular,50,50,23,1.0501614419002945,"c=1,d=1",watanabe,2,1500,2500,0.0,0,0,"[0, 0, 0, 0]",8,25.89803090999976
singular1,50,50,23,1.0384317353510406,"c=1,d=1",watanabe,2,1500,2500,0.0,0,0,"[0, 0, 0, 0]",9,28.775498462000087
singular2,50,50,23,1.2205939970186344,"c=1,d=1",watanabe,2,1500,2500,0.0,0,0,"[0, 0, 0, 0]",8,27.74041534200024
regular,50,50,23,1.4560549049036922,"c=1,d=10",watanabe,2,1500,2500,0.0,0,0,"[0, 0, 0, 0]",5,25.00067179200005
e-singular,50,50,23,1.3860170577128776,"c=1,d=10",watanabe,2,1500,2500,0.0,0,0,"[0, 0, 0, 0]",8,26.6047128780001
singular1,50,50,23,1.0977960407045746,"c=1,d=10",watanabe,2,1500,2500,0.0,0,0,"[0, 0, 0, 0]",10,26.57634447999999
singular2,50,50,23,0.965373625040948,"c=1,d=10",watanabe,2,1500,2500,0.0,0,0,"[0, 0, 0, 0]",8,25.720814205999886
regular,250,250,23,1.8813275700259504,"c=1,d=0.1",watanabe,2,1500,2500,0.0,0,0,"[0, 0, 0, 0]",5,26.544493240000065
e-singular,250,250,23,1.3151729878312657,"c=1,d=0.1",watanabe,2,1500,2500,0.0,0,0,"[0, 0, 0, 0]",8,31.721414980999725
singular1,250,250,23,0.6939257460989261,"c=1,d=0.1",watanabe,2,1500,2500,0.0,0,0,"[0, 0, 0, 0]",10,31.15538631599975
singular2,250,250,23,0.9438696720248464,"c=1,d=0.1",watanabe,2,1500,2500,0.0,0,0,"[0, 0, 0, 0]",8,29.1571851990002
regular,250,250,23,1.5430922161982978,"c=1,d=1",watanabe,2,1500,2500,0.0,0,0,"[0, 0, 0, 0]",5,29.14631202800001
e-singular,250,250,23,1.361917894382703,"c=1,d=1",watanabe,2,1500,2500,0.0,0,0,"[0, 0, 0, 0]",8,31.78098994899983
singular1,250,250,23,1.0248426509934212,"c=1,d=1",watanabe,2,1500,2500,0.0,0,0,"[0, 0, 0, 0]",10,39.174102331000086
singular2,250,250,23,0.8950141910586571,"c=1,d=1",watanabe,2,1500,2500,0.0,0,0,"[0, 0, 0, 0]",9,35.76535116900004
regular,250,250,23,1.508087080993764,"c=1,d=10",watanabe,2,1500,2500,0.0,0,0,"[0, 0, 0, 0]",7,30.226455025999712
e-singular,250,250,23,1.477743409570806,"c=1,d=10",watanabe,2,1500,2500,0.0,0,0,"[0, 0, 0, 0]",8,32.23044993900021
singular1,250,250,23,1.0892863686083556,"c=1,d=10",watanabe,2,1500,2500,0.0,0,0,"[0, 0, 0, 0]",10,36.77479045000018
singular2,250,250,23,1.0593831922095291,"c=1,d=10",watanabe,2,1500,2500,0.0,0,0,"[0, 0, 0, 0]",9,33.729880527000205
regular,5000,5000,23,2.0628607966812424,"c=1,d=0.1",watanabe,2,1500,2500,0.0,0,0,"[0, 0, 0, 0]",5,77.10338829800003
e-singular,5000,5000,23,2.6886447336194363,"c=1,d=0.1",watanabe,2,1500,2500,0.0,0,0,"[0, 0, 0, 0]",7,135.9958874040003
singular1,5000,5000,23,0.429058187406213,"c=1,d=0.1",watanabe,2,1500,2500,0.0,0,0,"[0, 0, 0, 0]",10,198.899476352
singular2,5000,5000,23,0.4657138995850221,"c=1,d=0.1",watanabe,2,1500,2500,0.0,0,0,"[0, 0, 0, 0]",10,186.8992131939999
regular,5000,5000,23,1.622969926829064,"c=1,d=1",watanabe,2,1500,2500,0.0,0,0,"[0, 0, 0, 0]",5,74.73259639800017
e-singular,5000,5000,23,1.7147437567168171,"c=1,d=1",watanabe,2,1500,2500,0.0,0,0,"[0, 0, 0, 0]",7,89.51868124400016
singular1,5000,5000,23,0.8759247636349425,"c=1,d=1",watanabe,2,1500,2500,0.0,0,0,"[0, 0, 0, 0]",10,183.30934958800023
singular2,5000,5000,23,0.8673596780617882,"c=1,d=1",watanabe,2,1500,2500,0.0,0,0,"[0, 0, 0, 0]",10,182.8823976179997
regular,5000,5000,23,1.4726630188410113,"c=1,d=10",watanabe,2,1500,2500,0.0,0,0,"[0, 0, 0, 0]",5,78.48565844599989
e-singular,5000,5000,23,1.538532292090994,"c=1,d=10",watanabe,2,1500,2500,0.0,0,0,"[0, 0, 0, 0]",6,95.6439955599999
singular1,5000,5000,23,0.8096085795818498,"c=1,d=10",watanabe,2,1500,2500,0.0,0,0,"[0, 0, 0, 0]",10,234.5547482930001
singular2,5000,5000,23,0.8348839376264193,"c=1,d=10",watanabe,2,1500,2500,0.0,0,0,"[0, 0, 0, 0]",10,199.1674764739996
regular,50,50,24,1.4450804930677004,"c=1,d=0.1",watanabe,2,1500,2500,0.0,0,0,"[0, 0, 0, 0]",5,25.114694687999872
e-singular,50,50,24,1.3164775494698076,"c=1,d=0.1",watanabe,2,1500,2500,0.0,0,0,"[0, 0, 0, 0]",8,25.05048566000005
singular1,50,50,24,1.1251581318326889,"c=1,d=0.1",watanabe,2,1500,2500,0.0,0,0,"[0, 0, 0, 0]",9,25.701079001999915
singular2,50,50,24,0.2730958277211934,"c=1,d=0.1",watanabe,2,1500,2500,0.0,0,0,"[0, 0, 0, 0]",8,26.539216573999965
regular,50,50,24,1.3693479826896322,"c=1,d=1",watanabe,2,1500,2500,0.0,0,0,"[0, 0, 0, 0]",5,24.50623974100017
e-singular,50,50,24,1.0663068623147984,"c=1,d=1",watanabe,2,1500,2500,0.0,0,0,"[0, 0, 0, 0]",8,27.953367980000166
singular1,50,50,24,1.113018259322753,"c=1,d=1",watanabe,2,1500,2500,0.0,0,0,"[0, 0, 0, 0]",9,29.240896018000058
singular2,50,50,24,0.8932209371903139,"c=1,d=1",watanabe,2,1500,2500,0.0,0,0,"[0, 0, 0, 0]",9,29.28300680099983
regular,50,50,24,1.3679813159619665,"c=1,d=10",watanabe,2,1500,2500,0.0,0,0,"[0, 0, 0, 0]",5,25.90622596000003
e-singular,50,50,24,1.450025955135312,"c=1,d=10",watanabe,2,1500,2500,0.0,0,0,"[0, 0, 0, 0]",8,28.08423639900002
singular1,50,50,24,1.151979301637384,"c=1,d=10",watanabe,2,1500,2500,0.0,0,0,"[0, 0, 0, 0]",10,28.076025259999824
singular2,50,50,24,0.8844319776315486,"c=1,d=10",watanabe,2,1500,2500,0.0,0,0,"[0, 0, 0, 0]",10,33.08532085200022
regular,250,250,24,1.9532302125680048,"c=1,d=0.1",watanabe,2,1500,2500,0.0,0,0,"[0, 0, 0, 0]",5,27.840519632999985
e-singular,250,250,24,2.176720873907912,"c=1,d=0.1",watanabe,2,1500,2500,0.0,0,0,"[0, 0, 0, 0]",8,36.87024771000006
singular1,250,250,24,1.3869614359183673,"c=1,d=0.1",watanabe,2,1500,2500,0.0,0,0,"[0, 0, 0, 0]",9,31.171550473000025
singular2,250,250,24,0.7898225126743127,"c=1,d=0.1",watanabe,2,1500,2500,0.0,0,0,"[0, 0, 0, 0]",8,31.885952581999845
regular,250,250,24,1.4798779586626785,"c=1,d=1",watanabe,2,1500,2500,0.0,0,0,"[0, 0, 0, 0]",5,34.78767032799988
e-singular,250,250,24,1.7373288758927246,"c=1,d=1",watanabe,2,1500,2500,0.0,0,0,"[0, 0, 0, 0]",8,35.31889589699995
singular1,250,250,24,1.0239193635674115,"c=1,d=1",watanabe,2,1500,2500,0.0,0,0,"[0, 0, 0, 0]",9,35.13182335200008
singular2,250,250,24,1.017326829512271,"c=1,d=1",watanabe,2,1500,2500,0.0,0,0,"[0, 0, 0, 0]",9,36.55556572599971
regular,250,250,24,1.5120742392637077,"c=1,d=10",watanabe,2,1500,2500,0.0,0,0,"[0, 0, 0, 0]",5,29.406345842000064
e-singular,250,250,24,1.558832242246151,"c=1,d=10",watanabe,2,1500,2500,0.0,0,0,"[0, 0, 0, 0]",8,30.02911224899981
singular1,250,250,24,0.943519403844121,"c=1,d=10",watanabe,2,1500,2500,0.0,0,0,"[0, 0, 0, 0]",10,33.84293999800002
singular2,250,250,24,0.9351456818360406,"c=1,d=10",watanabe,2,1500,2500,0.0,0,0,"[0, 0, 0, 0]",10,32.066788390000056
regular,5000,5000,24,0.9478337515131204,"c=1,d=0.1",watanabe,2,1500,2500,0.0,0,0,"[0, 0, 0, 0]",6,71.09098094699993
e-singular,5000,5000,24,0.7452663878330443,"c=1,d=0.1",watanabe,2,1500,2500,0.0,0,0,"[0, 0, 0, 0]",7,84.54601568299995
singular1,5000,5000,24,0.5090205727500636,"c=1,d=0.1",watanabe,2,1500,2500,0.0,0,0,"[0, 0, 0, 0]",10,162.34912845400004
singular2,5000,5000,24,0.9460200147349342,"c=1,d=0.1",watanabe,2,1500,2500,0.0,0,0,"[0, 0, 0, 0]",10,181.926643975
regular,5000,5000,24,1.5255406027542344,"c=1,d=1",watanabe,2,1500,2500,0.0,0,0,"[0, 0, 0, 0]",6,76.7139060909999
e-singular,5000,5000,24,1.7187983587663134,"c=1,d=1",watanabe,2,1500,2500,0.0,0,0,"[0, 0, 0, 0]",7,95.5476048950004
singular1,5000,5000,24,0.7925446520280538,"c=1,d=1",watanabe,2,1500,2500,0.0,0,0,"[0, 0, 0, 0]",10,179.87520141200002
singular2,5000,5000,24,0.747906069840038,"c=1,d=1",watanabe,2,1500,2500,0.0,0,0,"[0, 0, 0, 0]",10,229.76518473999977
regular,5000,5000,24,1.5031734839634372,"c=1,d=10",watanabe,2,1500,2500,0.0,0,0,"[0, 0, 0, 0]",5,75.58756785600008
e-singular,5000,5000,24,1.540406274848547,"c=1,d=10",watanabe,2,1500,2500,0.0,0,0,"[0, 0, 0, 0]",7,94.33803080999996
singular1,5000,5000,24,0.8866246090740525,"c=1,d=10",watanabe,2,1500,2500,0.0,0,0,"[0, 0, 0, 0]",10,209.18134984699964
singular2,5000,5000,24,0.7515593720201543,"c=1,d=10",watanabe,2,1500,2500,0.0,0,0,"[0, 0, 0, 0]",10,253.74459265199948
regular,50,50,25,0.356215620723296,"c=1,d=0.1",watanabe,2,1500,2500,0.0,0,0,"[0, 0, 0, 0]",5,29.04830691799998
e-singular,50,50,25,1.183877796924952,"c=1,d=0.1",watanabe,2,1500,2500,0.0,0,0,"[0, 0, 0, 0]",8,29.92441138200047
singular1,50,50,25,1.4391387261090454,"c=1,d=0.1",watanabe,2,1500,2500,0.0,0,0,"[0, 0, 0, 0]",8,28.07802492199972
singular2,50,50,25,1.3222303115986689,"c=1,d=0.1",watanabe,2,1500,2500,0.0,0,0,"[0, 0, 0, 0]",7,29.369779784000457
regular,50,50,25,1.415101774572337,"c=1,d=1",watanabe,2,1500,2500,0.0,0,0,"[0, 0, 0, 0]",5,27.35106963999988
e-singular,50,50,25,1.1654797111446191,"c=1,d=1",watanabe,2,1500,2500,0.0,0,0,"[0, 0, 0, 0]",8,31.17811577599969
singular1,50,50,25,1.0754779762637516,"c=1,d=1",watanabe,2,1500,2500,0.0,0,0,"[0, 0, 0, 0]",8,31.03519593100009
singular2,50,50,25,0.7818666647934308,"c=1,d=1",watanabe,2,1500,2500,0.0,0,0,"[0, 0, 0, 0]",8,30.03106042299987
regular,50,50,25,1.3896231345585035,"c=1,d=10",watanabe,2,1500,2500,0.0,0,0,"[0, 0, 0, 0]",5,25.71658161399955
e-singular,50,50,25,1.270229508062994,"c=1,d=10",watanabe,2,1500,2500,0.0,0,0,"[0, 0, 0, 0]",8,28.17276289200072
singular1,50,50,25,1.0097833488119317,"c=1,d=10",watanabe,2,1500,2500,0.0,0,0,"[0, 0, 0, 0]",9,29.363124079000045
singular2,50,50,25,0.8681567014933999,"c=1,d=10",watanabe,2,1500,2500,0.0,0,0,"[0, 0, 0, 0]",9,33.44242138200025
regular,250,250,25,1.5814618141069563,"c=1,d=0.1",watanabe,2,1500,2500,0.0,0,0,"[0, 0, 0, 0]",5,29.24615903100039
e-singular,250,250,25,0.2476828769704417,"c=1,d=0.1",watanabe,2,1500,2500,0.0,0,0,"[0, 0, 0, 0]",8,32.19476488700002
singular1,250,250,25,1.137999620230593,"c=1,d=0.1",watanabe,2,1500,2500,0.0,0,0,"[0, 0, 0, 0]",9,36.189621170000464
singular2,250,250,25,0.8681580429982748,"c=1,d=0.1",watanabe,2,1500,2500,0.0,0,0,"[0, 0, 0, 0]",8,34.32202216299993
regular,250,250,25,1.4797182160445892,"c=1,d=1",watanabe,2,1500,2500,0.0,0,0,"[0, 0, 0, 0]",5,31.92000425900005
e-singular,250,250,25,1.3782380929035705,"c=1,d=1",watanabe,2,1500,2500,0.0,0,0,"[0, 0, 0, 0]",9,34.12341446600021
singular1,250,250,25,1.0946017045920986,"c=1,d=1",watanabe,2,1500,2500,0.0,0,0,"[0, 0, 0, 0]",10,34.97530620099951
singular2,250,250,25,0.9693977958526704,"c=1,d=1",watanabe,2,1500,2500,0.0,0,0,"[0, 0, 0, 0]",8,37.223572011000215
regular,250,250,25,1.5312221355146642,"c=1,d=10",watanabe,2,1500,2500,0.0,0,0,"[0, 0, 0, 0]",5,28.92987061199983
e-singular,250,250,25,1.4344599469260808,"c=1,d=10",watanabe,2,1500,2500,0.0,0,0,"[0, 0, 0, 0]",9,30.6687742539998
singular1,250,250,25,1.0144057064772394,"c=1,d=10",watanabe,2,1500,2500,0.0,0,0,"[0, 0, 0, 0]",10,33.8386387419996
singular2,250,250,25,0.9236631595797726,"c=1,d=10",watanabe,2,1500,2500,0.0,0,0,"[0, 0, 0, 0]",9,35.31624638199992
regular,5000,5000,25,2.501881463528649,"c=1,d=0.1",watanabe,2,1500,2500,0.0,0,0,"[0, 0, 0, 0]",5,83.5517980730001
e-singular,5000,5000,25,1.6295308811863454,"c=1,d=0.1",watanabe,2,1500,2500,0.0,0,0,"[0, 0, 0, 0]",6,92.1110990119996
singular1,5000,5000,25,0.2612887742034969,"c=1,d=0.1",watanabe,2,1500,2500,0.0,0,0,"[0, 0, 0, 0]",10,181.62750036600028
singular2,5000,5000,25,0.7972960754419642,"c=1,d=0.1",watanabe,2,1500,2500,0.0,0,0,"[0, 0, 0, 0]",10,164.61249698099982
regular,5000,5000,25,1.5047977703282618,"c=1,d=1",watanabe,2,1500,2500,0.0,0,0,"[0, 0, 0, 0]",5,84.26892430399948
e-singular,5000,5000,25,1.5598896222624106,"c=1,d=1",watanabe,2,1500,2500,0.0,0,0,"[0, 0, 0, 0]",7,95.37442710300002
singular1,5000,5000,25,0.8860691256501985,"c=1,d=1",watanabe,2,1500,2500,0.0,0,0,"[0, 0, 0, 0]",10,206.15723471699948
singular2,5000,5000,25,0.8886976703197149,"c=1,d=1",watanabe,2,1500,2500,0.0,0,0,"[0, 0, 0, 0]",10,183.13017637099983
regular,5000,5000,25,1.5186255550176937,"c=1,d=10",watanabe,2,1500,2500,0.0,0,0,"[0, 0, 0, 0]",5,71.18255880000015
e-singular,5000,5000,25,1.4609318943771168,"c=1,d=10",watanabe,2,1500,2500,0.0,0,0,"[0, 0, 0, 0]",7,88.40977973000008
singular1,5000,5000,25,0.7563939547969388,"c=1,d=10",watanabe,2,1500,2500,0.0,0,0,"[0, 0, 0, 0]",10,241.8065066170002
singular2,5000,5000,25,0.8689563904023991,"c=1,d=10",watanabe,2,1500,2500,0.0,0,0,"[0, 0, 0, 0]",10,177.26588105099927
regular,50,50,26,2.656668385615754,"c=1,d=0.1",watanabe,2,1500,2500,0.0,0,0,"[0, 0, 0, 0]",5,27.02962144499997
e-singular,50,50,26,1.6475214795682738,"c=1,d=0.1",watanabe,2,1500,2500,0.0,0,0,"[0, 0, 0, 0]",8,28.35328943100012
singular1,50,50,26,1.451009582073238,"c=1,d=0.1",watanabe,2,1500,2500,0.0,0,0,"[0, 0, 0, 0]",9,28.10147681999933
singular2,50,50,26,1.0620973590370777,"c=1,d=0.1",watanabe,2,1500,2500,0.0,0,0,"[0, 0, 0, 0]",8,29.9975792059995
regular,50,50,26,1.1854005151059654,"c=1,d=1",watanabe,2,1500,2500,0.0,0,0,"[0, 0, 0, 0]",5,30.33397106800021
e-singular,50,50,26,1.4594084507669944,"c=1,d=1",watanabe,2,1500,2500,0.0,0,0,"[0, 0, 0, 0]",9,31.503212122999685
singular1,50,50,26,1.1580898159641984,"c=1,d=1",watanabe,2,1500,2500,0.0,0,0,"[0, 0, 0, 0]",9,30.87654041400037
singular2,50,50,26,1.086725117562312,"c=1,d=1",watanabe,2,1500,2500,0.0,0,0,"[0, 0, 0, 0]",8,29.0978626390006
regular,50,50,26,1.3094917061944045,"c=1,d=10",watanabe,2,1500,2500,0.0,0,0,"[0, 0, 0, 0]",5,26.11603805699997
e-singular,50,50,26,1.4351399520639692,"c=1,d=10",watanabe,2,1500,2500,0.0,0,0,"[0, 0, 0, 0]",8,26.341389405999507
singular1,50,50,26,1.0835949004426122,"c=1,d=10",watanabe,2,1500,2500,0.0,0,0,"[0, 0, 0, 0]",10,34.892589692
singular2,50,50,26,1.0386565147461742,"c=1,d=10",watanabe,2,1500,2500,0.0,0,0,"[0, 0, 0, 0]",9,30.24205591300052
regular,250,250,26,0.7297710781657147,"c=1,d=0.1",watanabe,2,1500,2500,0.0,0,0,"[0, 0, 0, 0]",5,31.56974454900046
e-singular,250,250,26,1.1713571707631665,"c=1,d=0.1",watanabe,2,1500,2500,0.0,0,0,"[0, 0, 0, 0]",8,32.76580806899983
singular1,250,250,26,0.8283773253958563,"c=1,d=0.1",watanabe,2,1500,2500,0.0,0,0,"[0, 0, 0, 0]",10,37.49422582599982
singular2,250,250,26,1.4192014987694104,"c=1,d=0.1",watanabe,2,1500,2500,0.0,0,0,"[0, 0, 0, 0]",8,36.656455915999686
regular,250,250,26,1.6879876016929074,"c=1,d=1",watanabe,2,1500,2500,0.0,0,0,"[0, 0, 0, 0]",5,32.25268166500064
e-singular,250,250,26,1.5371658047711507,"c=1,d=1",watanabe,2,1500,2500,0.0,0,0,"[0, 0, 0, 0]",8,34.106221990999984
singular1,250,250,26,0.9041421160359506,"c=1,d=1",watanabe,2,1500,2500,0.0,0,0,"[0, 0, 0, 0]",9,35.43830676200014
singular2,250,250,26,0.8847380347780043,"c=1,d=1",watanabe,2,1500,2500,0.0,0,0,"[0, 0, 0, 0]",8,35.12373611400017
regular,250,250,26,1.5249763152964002,"c=1,d=10",watanabe,2,1500,2500,0.0,0,0,"[0, 0, 0, 0]",5,30.47775098900001
e-singular,250,250,26,1.585181802890853,"c=1,d=10",watanabe,2,1500,2500,0.0,0,0,"[0, 0, 0, 0]",8,29.76079614199989
singular1,250,250,26,1.0788352765318987,"c=1,d=10",watanabe,2,1500,2500,0.0,0,0,"[0, 0, 0, 0]",10,43.82126792800045
singular2,250,250,26,0.8659923557560969,"c=1,d=10",watanabe,2,1500,2500,0.0,0,0,"[0, 0, 0, 0]",9,36.997532445000616
regular,5000,5000,26,1.665035484340754,"c=1,d=0.1",watanabe,2,1500,2500,0.0,0,0,"[0, 0, 0, 0]",5,78.74371937399974
e-singular,5000,5000,26,1.3115339290314676,"c=1,d=0.1",watanabe,2,1500,2500,0.0,0,0,"[0, 0, 0, 0]",6,88.28981113700047
singular1,5000,5000,26,0.5788417139716935,"c=1,d=0.1",watanabe,2,1500,2500,0.0,0,0,"[0, 0, 0, 0]",10,173.03844914
singular2,5000,5000,26,-0.0074070904854112,"c=1,d=0.1",watanabe,2,1500,2500,0.0,0,0,"[0, 0, 0, 0]",10,172.29556769699957
regular,5000,5000,26,1.44898509598523,"c=1,d=1",watanabe,2,1500,2500,0.0,0,0,"[0, 0, 0, 0]",5,72.52231594499972
e-singular,5000,5000,26,1.486917699947076,"c=1,d=1",watanabe,2,1500,2500,0.0,0,0,"[0, 0, 0, 0]",6,84.82424688299943
singular1,5000,5000,26,0.708327730227254,"c=1,d=1",watanabe,2,1500,2500,0.0,0,0,"[0, 0, 0, 0]",10,192.8078631819999
singular2,5000,5000,26,0.811891332693287,"c=1,d=1",watanabe,2,1500,2500,0.0,0,0,"[0, 0, 0, 0]",10,199.47465281299992
regular,5000,5000,26,1.494298411872805,"c=1,d=10",watanabe,2,1500,2500,0.0,0,0,"[0, 0, 0, 0]",5,79.19711433699922
e-singular,5000,5000,26,1.473655334115022,"c=1,d=10",watanabe,2,1500,2500,0.0,0,0,"[0, 0, 0, 0]",6,90.1407488799996
singular1,5000,5000,26,0.7457944443692509,"c=1,d=10",watanabe,2,1500,2500,0.0,0,0,"[0, 0, 0, 0]",10,199.6425824580001
singular2,5000,5000,26,0.8268365967145603,"c=1,d=10",watanabe,2,1500,2500,0.0,0,0,"[0, 0, 0, 0]",10,183.68229536599927
regular,50,50,27,1.8458332811531983,"c=1,d=0.1",watanabe,2,1500,2500,0.0,0,0,"[0, 0, 0, 0]",6,25.83141512499969
e-singular,50,50,27,1.6571355174679432,"c=1,d=0.1",watanabe,2,1500,2500,0.0,0,0,"[0, 0, 0, 0]",8,25.15340394499981
singular1,50,50,27,0.8444281500354862,"c=1,d=0.1",watanabe,2,1500,2500,0.0,0,0,"[0, 0, 0, 0]",8,26.267137425999863
singular2,50,50,27,-0.1637925046790922,"c=1,d=0.1",watanabe,2,1500,2500,0.0,0,0,"[0, 0, 0, 0]",7,25.10888615099975
regular,50,50,27,1.336800521898783,"c=1,d=1",watanabe,2,1500,2500,0.0,0,0,"[0, 0, 0, 0]",5,25.22635112100033
e-singular,50,50,27,1.3735417039481563,"c=1,d=1",watanabe,2,1500,2500,0.0,0,0,"[0, 0, 0, 0]",8,33.81695725000009
singular1,50,50,27,1.1517384840778022,"c=1,d=1",watanabe,2,1500,2500,0.0,0,0,"[0, 0, 0, 0]",8,34.66479299299954
singular2,50,50,27,1.0083431518579429,"c=1,d=1",watanabe,2,1500,2500,0.0,0,0,"[0, 0, 0, 0]",8,33.37852540299991
regular,50,50,27,1.391919394026094,"c=1,d=10",watanabe,2,1500,2500,0.0,0,0,"[0, 0, 0, 0]",5,33.66455068100004
e-singular,50,50,27,1.4424337905819835,"c=1,d=10",watanabe,2,1500,2500,0.0,0,0,"[0, 0, 0, 0]",8,33.516026158000386
singular1,50,50,27,1.1384635863715178,"c=1,d=10",watanabe,2,1500,2500,0.0,0,0,"[0, 0, 0, 0]",9,33.81443330099955
singular2,50,50,27,0.9329507238063712,"c=1,d=10",watanabe,2,1500,2500,0.0,0,0,"[0, 0, 0, 0]",9,33.328132149999874
regular,250,250,27,0.9384354566184168,"c=1,d=0.1",watanabe,2,1500,2500,0.0,0,0,"[0, 0, 0, 0]",5,31.66330062200086
e-singular,250,250,27,2.346768468990492,"c=1,d=0.1",watanabe,2,1500,2500,0.0,0,0,"[0, 0, 0, 0]",9,28.67212233600003
singular1,250,250,27,0.9691771533743584,"c=1,d=0.1",watanabe,2,1500,2500,0.0,0,0,"[0, 0, 0, 0]",9,32.89308270900074
singular2,250,250,27,0.3071189341753989,"c=1,d=0.1",watanabe,2,1500,2500,0.0,0,0,"[0, 0, 0, 0]",8,38.514667057000224
regular,250,250,27,1.5542629336590732,"c=1,d=1",watanabe,2,1500,2500,0.0,0,0,"[0, 0, 0, 0]",5,44.5719809000002
e-singular,250,250,27,1.6680035587886015,"c=1,d=1",watanabe,2,1500,2500,0.0,0,0,"[0, 0, 0, 0]",8,44.27211520600031
singular1,250,250,27,1.0433129619236674,"c=1,d=1",watanabe,2,1500,2500,0.0,0,0,"[0, 0, 0, 0]",10,45.67401005100055
singular2,250,250,27,0.8037420871408827,"c=1,d=1",watanabe,2,1500,2500,0.0,0,0,"[0, 0, 0, 0]",8,46.564707503000136
regular,250,250,27,1.5060114876600894,"c=1,d=10",watanabe,2,1500,2500,0.0,0,0,"[0, 0, 0, 0]",5,43.97548532400015
e-singular,250,250,27,1.5016717520147078,"c=1,d=10",watanabe,2,1500,2500,0.0,0,0,"[0, 0, 0, 0]",8,43.7972520430003
singular1,250,250,27,1.0660708080839654,"c=1,d=10",watanabe,2,1500,2500,0.0,0,0,"[0, 0, 0, 0]",10,41.8767511850001
singular2,250,250,27,0.8914638519418178,"c=1,d=10",watanabe,2,1500,2500,0.0,0,0,"[0, 0, 0, 0]",9,45.58851431600033
regular,5000,5000,27,1.0886233521081128,"c=1,d=0.1",watanabe,2,1500,2500,0.0,0,0,"[0, 0, 0, 0]",5,65.09498468700076
e-singular,5000,5000,27,1.838228895582428,"c=1,d=0.1",watanabe,2,1500,2500,0.0,0,0,"[0, 0, 0, 0]",7,80.7914428539998
singular1,5000,5000,27,0.9161224065520408,"c=1,d=0.1",watanabe,2,1500,2500,0.0,0,0,"[0, 0, 0, 0]",10,168.19837145600013
singular2,5000,5000,27,0.3316392000809502,"c=1,d=0.1",watanabe,2,1500,2500,0.0,0,0,"[0, 0, 0, 0]",10,187.6609706549998
regular,5000,5000,27,1.5136591572311813,"c=1,d=1",watanabe,2,1500,2500,0.0,0,0,"[0, 0, 0, 0]",5,70.22004862099948
e-singular,5000,5000,27,1.4144287498963772,"c=1,d=1",watanabe,2,1500,2500,0.0,0,0,"[0, 0, 0, 0]",6,90.81652588599992
singular1,5000,5000,27,0.725757425379266,"c=1,d=1",watanabe,2,1500,2500,0.0,0,0,"[0, 0, 0, 0]",10,193.38061288900008
singular2,5000,5000,27,0.8370588547610833,"c=1,d=1",watanabe,2,1500,2500,0.0,0,0,"[0, 0, 0, 0]",10,182.8996125860004
regular,5000,5000,27,1.563101544395997,"c=1,d=10",watanabe,2,1500,2500,0.0,0,0,"[0, 0, 0, 0]",5,85.51926042100058
e-singular,5000,5000,27,1.463222865079665,"c=1,d=10",watanabe,2,1500,2500,0.0,0,0,"[0, 0, 0, 0]",7,90.1430015449996
singular1,5000,5000,27,0.781646083581456,"c=1,d=10",watanabe,2,1500,2500,0.0,0,0,"[0, 0, 0, 0]",10,193.9365803379997
singular2,5000,5000,27,0.7683362414733511,"c=1,d=10",watanabe,2,1500,2500,0.0,0,0,"[0, 0, 0, 0]",10,194.623385072
regular,50,50,28,1.3732119442545208,"c=1,d=0.1",watanabe,2,1500,2500,0.0,0,0,"[0, 0, 0, 0]",5,33.91356154599998
e-singular,50,50,28,0.0416876870399514,"c=1,d=0.1",watanabe,2,1500,2500,0.0,0,0,"[0, 0, 0, 0]",8,35.083087856999555
singular1,50,50,28,1.5252142093594103,"c=1,d=0.1",watanabe,2,1500,2500,0.0,0,0,"[0, 0, 0, 0]",9,34.081356140000025
singular2,50,50,28,1.126016186004327,"c=1,d=0.1",watanabe,2,1500,2500,0.0,0,0,"[0, 0, 0, 0]",7,34.266365878000215
regular,50,50,28,1.3467137446297806,"c=1,d=1",watanabe,2,1500,2500,0.0,0,0,"[0, 0, 0, 0]",5,34.70297058599954
e-singular,50,50,28,0.8490944924439671,"c=1,d=1",watanabe,2,1500,2500,0.0,0,0,"[0, 0, 0, 0]",8,34.569707031999314
singular1,50,50,28,1.0208511125601871,"c=1,d=1",watanabe,2,1500,2500,0.0,0,0,"[0, 0, 0, 0]",9,38.07409685499988
singular2,50,50,28,1.0805320066131232,"c=1,d=1",watanabe,2,1500,2500,0.0,0,0,"[0, 0, 0, 0]",8,36.93305119999968
regular,50,50,28,1.45526916359714,"c=1,d=10",watanabe,2,1500,2500,0.0,0,0,"[0, 0, 0, 0]",5,29.44026411300001
e-singular,50,50,28,1.0619376714552844,"c=1,d=10",watanabe,2,1500,2500,0.0,0,0,"[0, 0, 0, 0]",9,30.41166584100029
singular1,50,50,28,1.1437992775815409,"c=1,d=10",watanabe,2,1500,2500,0.0,0,0,"[0, 0, 0, 0]",10,31.111221076999755
singular2,50,50,28,0.9522076165320364,"c=1,d=10",watanabe,2,1500,2500,0.0,0,0,"[0, 0, 0, 0]",10,27.2878101919996
regular,250,250,28,1.7369915612599385,"c=1,d=0.1",watanabe,2,1500,2500,0.0,0,0,"[0, 0, 0, 0]",5,31.739674831999764
e-singular,250,250,28,0.9046771768988806,"c=1,d=0.1",watanabe,2,1500,2500,0.0,0,0,"[0, 0, 0, 0]",7,30.749229871999887
singular1,250,250,28,1.0469978509667397,"c=1,d=0.1",watanabe,2,1500,2500,0.0,0,0,"[0, 0, 0, 0]",10,39.390766550999615
singular2,250,250,28,1.23622701446358,"c=1,d=0.1",watanabe,2,1500,2500,0.0,0,0,"[0, 0, 0, 0]",8,31.094340272999943
regular,250,250,28,1.332619421689272,"c=1,d=1",watanabe,2,1500,2500,0.0,0,0,"[0, 0, 0, 0]",5,48.61807755999962
e-singular,250,250,28,1.5096827509602884,"c=1,d=1",watanabe,2,1500,2500,0.0,0,0,"[0, 0, 0, 0]",8,50.51026007499968
singular1,250,250,28,0.9166886791142332,"c=1,d=1",watanabe,2,1500,2500,0.0,0,0,"[0, 0, 0, 0]",10,51.19995919499979
singular2,250,250,28,0.91268255213738,"c=1,d=1",watanabe,2,1500,2500,0.0,0,0,"[0, 0, 0, 0]",8,52.70886016899931
regular,250,250,28,1.465805233310599,"c=1,d=10",watanabe,2,1500,2500,0.0,0,0,"[0, 0, 0, 0]",5,42.59975873500025
e-singular,250,250,28,1.6617115519004937,"c=1,d=10",watanabe,2,1500,2500,0.0,0,0,"[0, 0, 0, 0]",8,42.26615738300006
singular1,250,250,28,0.988551495225882,"c=1,d=10",watanabe,2,1500,2500,0.0,0,0,"[0, 0, 0, 0]",9,49.52018217200021
singular2,250,250,28,0.7942893430166882,"c=1,d=10",watanabe,2,1500,2500,0.0,0,0,"[0, 0, 0, 0]",9,44.42260310700021
regular,5000,5000,28,1.9220812288395432,"c=1,d=0.1",watanabe,2,1500,2500,0.0,0,0,"[0, 0, 0, 0]",5,74.60016236699994
e-singular,5000,5000,28,2.646650527300627,"c=1,d=0.1",watanabe,2,1500,2500,0.0,0,0,"[0, 0, 0, 0]",7,112.77081760500003
singular1,5000,5000,28,0.626899475739036,"c=1,d=0.1",watanabe,2,1500,2500,0.0,0,0,"[0, 0, 0, 0]",10,199.439608445
singular2,5000,5000,28,0.9243805871166644,"c=1,d=0.1",watanabe,2,1500,2500,0.0,0,0,"[0, 0, 0, 0]",10,178.9906745370008
regular,5000,5000,28,1.4292133103386624,"c=1,d=1",watanabe,2,1500,2500,0.0,0,0,"[0, 0, 0, 0]",5,90.08880850300012
e-singular,5000,5000,28,1.522304096008792,"c=1,d=1",watanabe,2,1500,2500,0.0,0,0,"[0, 0, 0, 0]",6,103.966773569
singular1,5000,5000,28,0.7914904527447695,"c=1,d=1",watanabe,2,1500,2500,0.0,0,0,"[0, 0, 0, 0]",10,192.6123625070004
singular2,5000,5000,28,0.7492080268814173,"c=1,d=1",watanabe,2,1500,2500,0.0,0,0,"[0, 0, 0, 0]",10,197.839009933
regular,5000,5000,28,1.4888191586785045,"c=1,d=10",watanabe,2,1500,2500,0.0,0,0,"[0, 0, 0, 0]",5,74.15487496199967
e-singular,5000,5000,28,1.4918112009095243,"c=1,d=10",watanabe,2,1500,2500,0.0,0,0,"[0, 0, 0, 0]",7,109.99863174100028
singular1,5000,5000,28,0.7997155358679278,"c=1,d=10",watanabe,2,1500,2500,0.0,0,0,"[0, 0, 0, 0]",10,180.9643005770004
singular2,5000,5000,28,0.8311822060018508,"c=1,d=10",watanabe,2,1500,2500,0.0,0,0,"[0, 0, 0, 0]",10,193.95701978499983
regular,50,50,29,1.8576493141611965,"c=1,d=0.1",watanabe,2,1500,2500,0.0,0,0,"[0, 0, 0, 0]",5,24.55893811999977
e-singular,50,50,29,0.0661778610668754,"c=1,d=0.1",watanabe,2,1500,2500,0.0,0,0,"[0, 0, 0, 0]",8,25.33758742100053
singular1,50,50,29,1.066009996885663,"c=1,d=0.1",watanabe,2,1500,2500,0.0,0,0,"[0, 0, 0, 0]",8,25.55787797900029
singular2,50,50,29,1.637556913136308,"c=1,d=0.1",watanabe,2,1500,2500,0.0,0,0,"[0, 0, 0, 0]",8,24.727699200999268
regular,50,50,29,1.5908381533277465,"c=1,d=1",watanabe,2,1500,2500,0.0,0,0,"[0, 0, 0, 0]",5,24.82450161199995
e-singular,50,50,29,1.267600182317494,"c=1,d=1",watanabe,2,1500,2500,0.0,0,0,"[0, 0, 0, 0]",8,29.263095678000354
singular1,50,50,29,0.9194952826530546,"c=1,d=1",watanabe,2,1500,2500,0.0,0,0,"[0, 0, 0, 0]",8,29.74548236999999
singular2,50,50,29,1.0621569819735068,"c=1,d=1",watanabe,2,1500,2500,0.0,0,0,"[0, 0, 0, 0]",8,29.42913299199972
regular,50,50,29,1.443664135665602,"c=1,d=10",watanabe,2,1500,2500,0.0,0,0,"[0, 0, 0, 0]",5,41.37446944800013
e-singular,50,50,29,1.3643582196634747,"c=1,d=10",watanabe,2,1500,2500,0.0,0,0,"[0, 0, 0, 0]",8,39.05790378700021
singular1,50,50,29,1.0789562664330834,"c=1,d=10",watanabe,2,1500,2500,0.0,0,0,"[0, 0, 0, 0]",10,41.36617859200032
singular2,50,50,29,0.9958724584256874,"c=1,d=10",watanabe,2,1500,2500,0.0,0,0,"[0, 0, 0, 0]",9,48.66624157899969
regular,250,250,29,1.3574823091041144,"c=1,d=0.1",watanabe,2,1500,2500,0.0,0,0,"[0, 0, 0, 0]",5,49.19128935699973
e-singular,250,250,29,2.019770230637283,"c=1,d=0.1",watanabe,2,1500,2500,0.0,0,0,"[0, 0, 0, 0]",8,47.74383139800011
singular1,250,250,29,1.5648677222371108,"c=1,d=0.1",watanabe,2,1500,2500,0.0,0,0,"[0, 0, 0, 0]",10,51.39971484700072
singular2,250,250,29,1.1527735252326003,"c=1,d=0.1",watanabe,2,1500,2500,0.0,0,0,"[0, 0, 0, 0]",9,48.89818203300001
regular,250,250,29,1.538803431728309,"c=1,d=1",watanabe,2,1500,2500,0.0,0,0,"[0, 0, 0, 0]",5,38.46401381299984
e-singular,250,250,29,1.5086258399585033,"c=1,d=1",watanabe,2,1500,2500,0.0,0,0,"[0, 0, 0, 0]",7,38.78392010600055
singular1,250,250,29,1.321653195419815,"c=1,d=1",watanabe,2,1500,2500,0.0,0,0,"[0, 0, 0, 0]",10,44.46354261600027
singular2,250,250,29,0.984945734509052,"c=1,d=1",watanabe,2,1500,2500,0.0,0,0,"[0, 0, 0, 0]",9,38.35823626799993
regular,250,250,29,1.492397461175126,"c=1,d=10",watanabe,2,1500,2500,0.0,0,0,"[0, 0, 0, 0]",5,34.90461747500012
e-singular,250,250,29,1.471065327588362,"c=1,d=10",watanabe,2,1500,2500,0.0,0,0,"[0, 0, 0, 0]",8,37.771179837999625
singular1,250,250,29,1.118755158760169,"c=1,d=10",watanabe,2,1500,2500,0.0,0,0,"[0, 0, 0, 0]",10,41.6859672519995
singular2,250,250,29,0.8468947660215875,"c=1,d=10",watanabe,2,1500,2500,0.0,0,0,"[0, 0, 0, 0]",10,39.24141194399999
regular,5000,5000,29,1.5794003507063965,"c=1,d=0.1",watanabe,2,1500,2500,0.0,0,0,"[0, 0, 0, 0]",5,65.32542332899993
e-singular,5000,5000,29,2.222352499419403,"c=1,d=0.1",watanabe,2,1500,2500,0.0,0,0,"[0, 0, 0, 0]",7,76.0611915770005
singular1,5000,5000,29,0.2295540218018611,"c=1,d=0.1",watanabe,2,1500,2500,0.0,0,0,"[0, 0, 0, 0]",10,169.46455683800014
singular2,5000,5000,29,0.5837531003625234,"c=1,d=0.1",watanabe,2,1500,2500,0.0,0,0,"[0, 0, 0, 0]",10,156.64922141700026
regular,5000,5000,29,1.5008121462867765,"c=1,d=1",watanabe,2,1500,2500,0.0,0,0,"[0, 0, 0, 0]",5,62.561805330000425
e-singular,5000,5000,29,1.3421516755086669,"c=1,d=1",watanabe,2,1500,2500,0.0,0,0,"[0, 0, 0, 0]",7,78.53442466699926
singular1,5000,5000,29,0.742132017644872,"c=1,d=1",watanabe,2,1500,2500,0.0,0,0,"[0, 0, 0, 0]",10,207.7427872419994
singular2,5000,5000,29,0.8771950349315313,"c=1,d=1",watanabe,2,1500,2500,0.0,0,0,"[0, 0, 0, 0]",10,140.79225819400017
regular,5000,5000,29,1.530895168090432,"c=1,d=10",watanabe,2,1500,2500,0.0,0,0,"[0, 0, 0, 0]",7,114.44824067700029
e-singular,5000,5000,29,1.5615362932022605,"c=1,d=10",watanabe,2,1500,2500,0.0,0,0,"[0, 0, 0, 0]",7,89.20317908499965
singular1,5000,5000,29,0.7648155966308108,"c=1,d=10",watanabe,2,1500,2500,0.0,0,0,"[0, 0, 0, 0]",10,178.96807235699998
singular2,5000,5000,29,0.8461883712106777,"c=1,d=10",watanabe,2,1500,2500,0.0,0,0,"[0, 0, 0, 0]",10,184.9619491109997
regular,50,50,30,1.9417718660177945,"c=1,d=0.1",watanabe,2,1500,2500,0.0,0,0,"[0, 0, 0, 0]",5,23.89120370100045
e-singular,50,50,30,2.2782109781805606,"c=1,d=0.1",watanabe,2,1500,2500,0.0,0,0,"[0, 0, 0, 0]",8,24.93281140999989
singular1,50,50,30,1.193296219335907,"c=1,d=0.1",watanabe,2,1500,2500,0.0,0,0,"[0, 0, 0, 0]",8,26.27214318999995
singular2,50,50,30,0.7078255372781492,"c=1,d=0.1",watanabe,2,1500,2500,0.0,0,0,"[0, 0, 0, 0]",8,28.544604298000195
regular,50,50,30,1.192643133491393,"c=1,d=1",watanabe,2,1500,2500,0.0,0,0,"[0, 0, 0, 0]",5,28.39343163600006
e-singular,50,50,30,1.1263683152082178,"c=1,d=1",watanabe,2,1500,2500,0.0,0,0,"[0, 0, 0, 0]",8,30.24227870200048
singular1,50,50,30,1.1720567782187166,"c=1,d=1",watanabe,2,1500,2500,0.0,0,0,"[0, 0, 0, 0]",9,30.131095498999457
singular2,50,50,30,1.0821783496887185,"c=1,d=1",watanabe,2,1500,2500,0.0,0,0,"[0, 0, 0, 0]",8,28.43583892700008
regular,50,50,30,1.3578206206533403,"c=1,d=10",watanabe,2,1500,2500,0.0,0,0,"[0, 0, 0, 0]",5,31.5943815669998
e-singular,50,50,30,1.0320174048418695,"c=1,d=10",watanabe,2,1500,2500,0.0,0,0,"[0, 0, 0, 0]",10,35.73422775000017
singular1,50,50,30,1.0427504607658036,"c=1,d=10",watanabe,2,1500,2500,0.0,0,0,"[0, 0, 0, 0]",10,38.41170625700033
singular2,50,50,30,1.0559532439913908,"c=1,d=10",watanabe,2,1500,2500,0.0,0,0,"[0, 0, 0, 0]",9,34.38491025100029
regular,250,250,30,1.934245532363143,"c=1,d=0.1",watanabe,2,1500,2500,0.0,0,0,"[0, 0, 0, 0]",5,38.24513740900056
e-singular,250,250,30,1.921878175666332,"c=1,d=0.1",watanabe,2,1500,2500,0.0,0,0,"[0, 0, 0, 0]",9,38.35259113500069
singular1,250,250,30,1.0023442718820283,"c=1,d=0.1",watanabe,2,1500,2500,0.0,0,0,"[0, 0, 0, 0]",9,38.440600660999735
singular2,250,250,30,0.8544182695366076,"c=1,d=0.1",watanabe,2,1500,2500,0.0,0,0,"[0, 0, 0, 0]",8,37.77162810300069
regular,250,250,30,1.4654167998462986,"c=1,d=1",watanabe,2,1500,2500,0.0,0,0,"[0, 0, 0, 0]",5,51.09528704500008
e-singular,250,250,30,1.7317199346037262,"c=1,d=1",watanabe,2,1500,2500,0.0,0,0,"[0, 0, 0, 0]",8,55.55731225399995
singular1,250,250,30,0.9775771417510024,"c=1,d=1",watanabe,2,1500,2500,0.0,0,0,"[0, 0, 0, 0]",9,56.44841338100014
singular2,250,250,30,0.9046207059481812,"c=1,d=1",watanabe,2,1500,2500,0.0,0,0,"[0, 0, 0, 0]",9,54.69339511399994
regular,250,250,30,1.497232270007408,"c=1,d=10",watanabe,2,1500,2500,0.0,0,0,"[0, 0, 0, 0]",5,51.6450245420001
e-singular,250,250,30,1.574849799813104,"c=1,d=10",watanabe,2,1500,2500,0.0,0,0,"[0, 0, 0, 0]",9,49.16760928900021
singular1,250,250,30,0.9475694678899692,"c=1,d=10",watanabe,2,1500,2500,0.0,0,0,"[0, 0, 0, 0]",10,56.554918129000725
singular2,250,250,30,0.869454259991968,"c=1,d=10",watanabe,2,1500,2500,0.0,0,0,"[0, 0, 0, 0]",9,53.9433823039999
regular,5000,5000,30,1.2090841243037962,"c=1,d=0.1",watanabe,2,1500,2500,0.0,0,0,"[0, 0, 0, 0]",5,66.14167387100042
e-singular,5000,5000,30,0.5652192337374107,"c=1,d=0.1",watanabe,2,1500,2500,0.0,0,0,"[0, 0, 0, 0]",7,91.30158653000036
singular1,5000,5000,30,0.9252626638751358,"c=1,d=0.1",watanabe,2,1500,2500,0.0,0,0,"[0, 0, 0, 0]",10,159.61584336100077
singular2,5000,5000,30,0.6650068396445502,"c=1,d=0.1",watanabe,2,1500,2500,0.0,0,0,"[0, 0, 0, 0]",10,156.21329118199992
regular,5000,5000,30,1.580842423500428,"c=1,d=1",watanabe,2,1500,2500,0.0,0,0,"[0, 0, 0, 0]",5,72.26340774600067
e-singular,5000,5000,30,1.4371948326172812,"c=1,d=1",watanabe,2,1500,2500,0.0,0,0,"[0, 0, 0, 0]",7,102.09440127400012
singular1,5000,5000,30,0.7376066461333785,"c=1,d=1",watanabe,2,1500,2500,0.0,0,0,"[0, 0, 0, 0]",10,164.69037812400074
singular2,5000,5000,30,0.9750228539475444,"c=1,d=1",watanabe,2,1500,2500,0.0,0,0,"[0, 0, 0, 0]",10,189.8315680660008
regular,5000,5000,30,1.52146337227839,"c=1,d=10",watanabe,2,1500,2500,0.0,0,0,"[0, 0, 0, 0]",5,86.36952075699992
e-singular,5000,5000,30,1.4602447648872976,"c=1,d=10",watanabe,2,1500,2500,0.0,0,0,"[0, 0, 0, 0]",7,83.18797915800042
singular1,5000,5000,30,0.9088959763726332,"c=1,d=10",watanabe,2,1500,2500,0.0,0,0,"[0, 0, 0, 0]",10,186.2544896080008
singular2,5000,5000,30,0.8878637397990364,"c=1,d=10",watanabe,2,1500,2500,0.0,0,0,"[0, 0, 0, 0]",10,167.29488501600008
regular,50,50,31,2.1159763311357143,"c=1,d=0.1",watanabe,2,1500,2500,0.0,0,0,"[0, 0, 0, 0]",5,26.5804874330006
e-singular,50,50,31,1.107386686272741,"c=1,d=0.1",watanabe,2,1500,2500,0.0,0,0,"[0, 0, 0, 0]",8,26.2900680369994
singular1,50,50,31,0.95376256726881,"c=1,d=0.1",watanabe,2,1500,2500,0.0,0,0,"[0, 0, 0, 0]",9,29.11057782199987
singular2,50,50,31,1.2719534072872678,"c=1,d=0.1",watanabe,2,1500,2500,0.0,0,0,"[0, 0, 0, 0]",7,26.985754024000016
regular,50,50,31,1.350634144176707,"c=1,d=1",watanabe,2,1500,2500,0.0,0,0,"[0, 0, 0, 0]",5,26.017741296000167
e-singular,50,50,31,1.3394052773506853,"c=1,d=1",watanabe,2,1500,2500,0.0,0,0,"[0, 0, 0, 0]",7,27.87320860799992
singular1,50,50,31,1.112337100097022,"c=1,d=1",watanabe,2,1500,2500,0.0,0,0,"[0, 0, 0, 0]",9,28.10168439399968
singular2,50,50,31,0.9220207184169018,"c=1,d=1",watanabe,2,1500,2500,0.0,0,0,"[0, 0, 0, 0]",7,42.8404582940002
regular,50,50,31,1.4623900507073695,"c=1,d=10",watanabe,2,1500,2500,0.0,0,0,"[0, 0, 0, 0]",5,49.11335642900031
e-singular,50,50,31,1.4760209013509409,"c=1,d=10",watanabe,2,1500,2500,0.0,0,0,"[0, 0, 0, 0]",8,48.71484387499913
singular1,50,50,31,1.2624180066553257,"c=1,d=10",watanabe,2,1500,2500,0.0,0,0,"[0, 0, 0, 0]",8,48.728734256999815
singular2,50,50,31,1.0779263056340764,"c=1,d=10",watanabe,2,1500,2500,0.0,0,0,"[0, 0, 0, 0]",9,47.25145023799996
regular,250,250,31,0.9082009140745172,"c=1,d=0.1",watanabe,2,1500,2500,0.0,0,0,"[0, 0, 0, 0]",5,45.763440219000586
e-singular,250,250,31,1.128467926330031,"c=1,d=0.1",watanabe,2,1500,2500,0.0,0,0,"[0, 0, 0, 0]",8,44.61344104099953
singular1,250,250,31,0.9949998286941828,"c=1,d=0.1",watanabe,2,1500,2500,0.0,0,0,"[0, 0, 0, 0]",9,46.43120335399999
singular2,250,250,31,1.843470849649828,"c=1,d=0.1",watanabe,2,1500,2500,0.0,0,0,"[0, 0, 0, 0]",8,37.27358854799968
regular,250,250,31,1.3509390662582224,"c=1,d=1",watanabe,2,1500,2500,0.0,0,0,"[0, 0, 0, 0]",5,29.548097417000463
e-singular,250,250,31,1.2804341736933722,"c=1,d=1",watanabe,2,1500,2500,0.0,0,0,"[0, 0, 0, 0]",8,31.156488308000007
singular1,250,250,31,0.9952878834965186,"c=1,d=1",watanabe,2,1500,2500,0.0,0,0,"[0, 0, 0, 0]",10,43.36133667000013
singular2,250,250,31,0.990085422808333,"c=1,d=1",watanabe,2,1500,2500,0.0,0,0,"[0, 0, 0, 0]",9,53.59164388299996
regular,250,250,31,1.5457482557513924,"c=1,d=10",watanabe,2,1500,2500,0.0,0,0,"[0, 0, 0, 0]",5,37.10804647999976
e-singular,250,250,31,1.5099459197959566,"c=1,d=10",watanabe,2,1500,2500,0.0,0,0,"[0, 0, 0, 0]",8,45.95848991999992
singular1,250,250,31,1.0087116202413051,"c=1,d=10",watanabe,2,1500,2500,0.0,0,0,"[0, 0, 0, 0]",9,47.66114543899948
singular2,250,250,31,0.8668272727849751,"c=1,d=10",watanabe,2,1500,2500,0.0,0,0,"[0, 0, 0, 0]",9,49.625633656999526
regular,5000,5000,31,1.296081606194018,"c=1,d=0.1",watanabe,2,1500,2500,0.0,0,0,"[0, 0, 0, 0]",6,103.08182776499962
e-singular,5000,5000,31,1.7959998283132288,"c=1,d=0.1",watanabe,2,1500,2500,0.0,0,0,"[0, 0, 0, 0]",6,101.4483021850001
singular1,5000,5000,31,1.2657037262506172,"c=1,d=0.1",watanabe,2,1500,2500,0.0,0,0,"[0, 0, 0, 0]",10,212.58622335200016
singular2,5000,5000,31,0.852790447161967,"c=1,d=0.1",watanabe,2,1500,2500,0.0,0,0,"[0, 0, 0, 0]",10,185.44380661600007
regular,5000,5000,31,1.427445636737402,"c=1,d=1",watanabe,2,1500,2500,0.0,0,0,"[0, 0, 0, 0]",5,76.98475933200007
e-singular,5000,5000,31,1.5343521101006408,"c=1,d=1",watanabe,2,1500,2500,0.0,0,0,"[0, 0, 0, 0]",6,88.41638370500004
singular1,5000,5000,31,0.8822129813767834,"c=1,d=1",watanabe,2,1500,2500,0.0,0,0,"[0, 0, 0, 0]",10,234.661033935
singular2,5000,5000,31,0.8834158597002343,"c=1,d=1",watanabe,2,1500,2500,0.0,0,0,"[0, 0, 0, 0]",10,180.89708806
regular,5000,5000,31,1.494670482727425,"c=1,d=10",watanabe,2,1500,2500,0.0,0,0,"[0, 0, 0, 0]",5,83.27557011800036
e-singular,5000,5000,31,1.4195445517900214,"c=1,d=10",watanabe,2,1500,2500,0.0,0,0,"[0, 0, 0, 0]",6,96.78267850200064
singular1,5000,5000,31,0.8954799882891984,"c=1,d=10",watanabe,2,1500,2500,0.0,0,0,"[0, 0, 0, 0]",10,225.312470805
singular2,5000,5000,31,0.8831948298121575,"c=1,d=10",watanabe,2,1500,2500,0.0,0,0,"[0, 0, 0, 0]",10,183.7542792889999
regular,50,50,32,1.4056926673075842,"c=1,d=0.1",watanabe,2,1500,2500,0.0,0,0,"[0, 0, 0, 0]",5,46.508065355000326
e-singular,50,50,32,1.872313204228776,"c=1,d=0.1",watanabe,2,1500,2500,0.0,0,0,"[0, 0, 0, 0]",8,45.92320082300012
singular1,50,50,32,1.989259639877728,"c=1,d=0.1",watanabe,2,1500,2500,0.0,0,0,"[0, 0, 0, 0]",8,46.664708294000775
singular2,50,50,32,0.4160897085571746,"c=1,d=0.1",watanabe,2,1500,2500,0.0,0,0,"[0, 0, 0, 0]",8,47.86474763899969
regular,50,50,32,1.4211557335795757,"c=1,d=1",watanabe,2,1500,2500,0.0,0,0,"[0, 0, 0, 0]",5,50.66457540400006
e-singular,50,50,32,1.6944267050456503,"c=1,d=1",watanabe,2,1500,2500,0.0,0,0,"[0, 0, 0, 0]",7,51.584228439999606
singular1,50,50,32,1.19475164861997,"c=1,d=1",watanabe,2,1500,2500,0.0,0,0,"[0, 0, 0, 0]",9,49.9961643659999
singular2,50,50,32,0.795873110759694,"c=1,d=1",watanabe,2,1500,2500,0.0,0,0,"[0, 0, 0, 0]",8,46.38062869700025
regular,50,50,32,1.416284135344126,"c=1,d=10",watanabe,2,1500,2500,0.0,0,0,"[0, 0, 0, 0]",5,26.20474499100056
e-singular,50,50,32,1.5315895942509492,"c=1,d=10",watanabe,2,1500,2500,0.0,0,0,"[0, 0, 0, 0]",8,27.63998122700013
singular1,50,50,32,1.0689093514393608,"c=1,d=10",watanabe,2,1500,2500,0.0,0,0,"[0, 0, 0, 0]",9,28.51128757999959
singular2,50,50,32,0.9171482316985632,"c=1,d=10",watanabe,2,1500,2500,0.0,0,0,"[0, 0, 0, 0]",9,50.92305141499946
regular,250,250,32,1.7330612117989166,"c=1,d=0.1",watanabe,2,1500,2500,0.0,0,0,"[0, 0, 0, 0]",5,57.4740610179997
e-singular,250,250,32,0.3008840125250189,"c=1,d=0.1",watanabe,2,1500,2500,0.0,0,0,"[0, 0, 0, 0]",9,45.65468590699948
singular1,250,250,32,1.3835022596910134,"c=1,d=0.1",watanabe,2,1500,2500,0.0,0,0,"[0, 0, 0, 0]",9,60.0392498250003
singular2,250,250,32,1.301414931724954,"c=1,d=0.1",watanabe,2,1500,2500,0.0,0,0,"[0, 0, 0, 0]",8,65.65219128099943
regular,250,250,32,1.5047354895606972,"c=1,d=1",watanabe,2,1500,2500,0.0,0,0,"[0, 0, 0, 0]",5,67.42256858000019
e-singular,250,250,32,1.4674466631984353,"c=1,d=1",watanabe,2,1500,2500,0.0,0,0,"[0, 0, 0, 0]",8,65.75849665199985
singular1,250,250,32,1.0962128489746514,"c=1,d=1",watanabe,2,1500,2500,0.0,0,0,"[0, 0, 0, 0]",9,65.84557590700024
singular2,250,250,32,0.9551726885445638,"c=1,d=1",watanabe,2,1500,2500,0.0,0,0,"[0, 0, 0, 0]",8,50.7941738290001
regular,250,250,32,1.4250538758446183,"c=1,d=10",watanabe,2,1500,2500,0.0,0,0,"[0, 0, 0, 0]",5,42.28505190099986
e-singular,250,250,32,1.5117860832441812,"c=1,d=10",watanabe,2,1500,2500,0.0,0,0,"[0, 0, 0, 0]",8,36.59957992900036
singular1,250,250,32,0.9395261993735728,"c=1,d=10",watanabe,2,1500,2500,0.0,0,0,"[0, 0, 0, 0]",10,52.02379918800034
singular2,250,250,32,0.9551448325568208,"c=1,d=10",watanabe,2,1500,2500,0.0,0,0,"[0, 0, 0, 0]",9,55.71758606899948
regular,5000,5000,32,2.7480335963572817,"c=1,d=0.1",watanabe,2,1500,2500,0.0,0,0,"[0, 0, 0, 0]",6,102.71749485800046
e-singular,5000,5000,32,2.384698175554915,"c=1,d=0.1",watanabe,2,1500,2500,0.0,0,0,"[0, 0, 0, 0]",6,114.50832205000006
singular1,5000,5000,32,0.5447286255538304,"c=1,d=0.1",watanabe,2,1500,2500,0.0,0,0,"[0, 0, 0, 0]",10,213.3340801739996
singular2,5000,5000,32,0.7106079153947717,"c=1,d=0.1",watanabe,2,1500,2500,0.0,0,0,"[0, 0, 0, 0]",10,193.9392116539993
regular,5000,5000,32,1.330324998425394,"c=1,d=1",watanabe,2,1500,2500,0.0,0,0,"[0, 0, 0, 0]",7,142.47191811899938
e-singular,5000,5000,32,1.3953431742449187,"c=1,d=1",watanabe,2,1500,2500,0.0,0,0,"[0, 0, 0, 0]",7,106.44910586900004
singular1,5000,5000,32,0.8240325893901103,"c=1,d=1",watanabe,2,1500,2500,0.0,0,0,"[0, 0, 0, 0]",10,180.3407792349999
singular2,5000,5000,32,0.833580959515584,"c=1,d=1",watanabe,2,1500,2500,0.0,0,0,"[0, 0, 0, 0]",10,187.52524951000032
regular,5000,5000,32,1.4658491221334682,"c=1,d=10",watanabe,2,1500,2500,0.0,0,0,"[0, 0, 0, 0]",6,103.35692487199958
e-singular,5000,5000,32,1.4723350911369912,"c=1,d=10",watanabe,2,1500,2500,0.0,0,0,"[0, 0, 0, 0]",6,92.96375102899948
singular1,5000,5000,32,0.870086825932941,"c=1,d=10",watanabe,2,1500,2500,0.0,0,0,"[0, 0, 0, 0]",10,208.1765493170005
singular2,5000,5000,32,0.8364906102680331,"c=1,d=10",watanabe,2,1500,2500,0.0,0,0,"[0, 0, 0, 0]",10,189.8664881879995
regular,50,50,33,0.4392071010381327,"c=1,d=0.1",watanabe,2,1500,2500,0.0,0,0,"[0, 0, 0, 0]",5,31.606609107999247
e-singular,50,50,33,1.8398104803102928,"c=1,d=0.1",watanabe,2,1500,2500,0.0,0,0,"[0, 0, 0, 0]",8,30.96758693299944
singular1,50,50,33,0.5679383307175819,"c=1,d=0.1",watanabe,2,1500,2500,0.0,0,0,"[0, 0, 0, 0]",8,31.190277278000394
singular2,50,50,33,0.6175858493901606,"c=1,d=0.1",watanabe,2,1500,2500,0.0,0,0,"[0, 0, 0, 0]",8,32.24076640200019
regular,50,50,33,1.429270488126295,"c=1,d=1",watanabe,2,1500,2500,0.0,0,0,"[0, 0, 0, 0]",5,31.0313941229997
e-singular,50,50,33,1.434958328845456,"c=1,d=1",watanabe,2,1500,2500,0.0,0,0,"[0, 0, 0, 0]",8,31.76625302499997
singular1,50,50,33,1.1192891092845811,"c=1,d=1",watanabe,2,1500,2500,0.0,0,0,"[0, 0, 0, 0]",9,43.41647405599997
singular2,50,50,33,0.8607016008728358,"c=1,d=1",watanabe,2,1500,2500,0.0,0,0,"[0, 0, 0, 0]",8,30.98013678300049
regular,50,50,33,1.451554363261264,"c=1,d=10",watanabe,2,1500,2500,0.0,0,0,"[0, 0, 0, 0]",5,54.486874524000086
e-singular,50,50,33,1.5184862589870387,"c=1,d=10",watanabe,2,1500,2500,0.0,0,0,"[0, 0, 0, 0]",7,54.658442099999775
singular1,50,50,33,1.307659729546167,"c=1,d=10",watanabe,2,1500,2500,0.0,0,0,"[0, 0, 0, 0]",9,54.84891414899994
singular2,50,50,33,0.9942994717981029,"c=1,d=10",watanabe,2,1500,2500,0.0,0,0,"[0, 0, 0, 0]",9,55.096245200999874
regular,250,250,33,1.41040224194094,"c=1,d=0.1",watanabe,2,1500,2500,0.0,0,0,"[0, 0, 0, 0]",6,57.76148402099989
e-singular,250,250,33,1.3797808576763615,"c=1,d=0.1",watanabe,2,1500,2500,0.0,0,0,"[0, 0, 0, 0]",8,56.38560331999997
singular1,250,250,33,-0.8379182254442311,"c=1,d=0.1",watanabe,2,1500,2500,0.0,0,0,"[0, 0, 0, 0]",9,55.797352124999634
singular2,250,250,33,1.2348500295328024,"c=1,d=0.1",watanabe,2,1500,2500,0.0,0,0,"[0, 0, 0, 0]",8,49.48637598599999
regular,250,250,33,1.4196925857116751,"c=1,d=1",watanabe,2,1500,2500,0.0,0,0,"[0, 0, 0, 0]",5,52.421007742000256
e-singular,250,250,33,1.4588596335155557,"c=1,d=1",watanabe,2,1500,2500,0.0,0,0,"[0, 0, 0, 0]",9,55.46500001700042
singular1,250,250,33,0.9337755668894446,"c=1,d=1",watanabe,2,1500,2500,0.0,0,0,"[0, 0, 0, 0]",9,54.0370928099992
singular2,250,250,33,0.9064351244011573,"c=1,d=1",watanabe,2,1500,2500,0.0,0,0,"[0, 0, 0, 0]",9,52.60934026500036
regular,250,250,33,1.4804783391779313,"c=1,d=10",watanabe,2,1500,2500,0.0,0,0,"[0, 0, 0, 0]",5,48.95728754200081
e-singular,250,250,33,1.5070900980514763,"c=1,d=10",watanabe,2,1500,2500,0.0,0,0,"[0, 0, 0, 0]",8,49.87643409300017
singular1,250,250,33,0.9555084061889576,"c=1,d=10",watanabe,2,1500,2500,0.0,0,0,"[0, 0, 0, 0]",10,53.02301102799993
singular2,250,250,33,0.8468656211707696,"c=1,d=10",watanabe,2,1500,2500,0.0,0,0,"[0, 0, 0, 0]",9,54.14572017899991
regular,5000,5000,33,1.9991172760988352,"c=1,d=0.1",watanabe,2,1500,2500,0.0,0,0,"[0, 0, 0, 0]",6,94.75444388600044
e-singular,5000,5000,33,0.7123347655263644,"c=1,d=0.1",watanabe,2,1500,2500,0.0,0,0,"[0, 0, 0, 0]",7,101.75645844900008
singular1,5000,5000,33,0.6407678292866139,"c=1,d=0.1",watanabe,2,1500,2500,0.0,0,0,"[0, 0, 0, 0]",10,181.57511971299937
singular2,5000,5000,33,1.515452082452135,"c=1,d=0.1",watanabe,2,1500,2500,0.0,0,0,"[0, 0, 0, 0]",10,162.68967138599965
regular,5000,5000,33,1.5135764252885302,"c=1,d=1",watanabe,2,1500,2500,0.0,0,0,"[0, 0, 0, 0]",5,83.95025351200002
e-singular,5000,5000,33,1.4994750322666963,"c=1,d=1",watanabe,2,1500,2500,0.0,0,0,"[0, 0, 0, 0]",7,101.43722086900016
singular1,5000,5000,33,0.852454831945549,"c=1,d=1",watanabe,2,1500,2500,0.0,0,0,"[0, 0, 0, 0]",10,169.15484936099983
singular2,5000,5000,33,0.8131433184930863,"c=1,d=1",watanabe,2,1500,2500,0.0,0,0,"[0, 0, 0, 0]",10,173.4744336219992
regular,5000,5000,33,1.510790546748524,"c=1,d=10",watanabe,2,1500,2500,0.0,0,0,"[0, 0, 0, 0]",5,74.32817461800005
e-singular,5000,5000,33,1.5156975544100035,"c=1,d=10",watanabe,2,1500,2500,0.0,0,0,"[0, 0, 0, 0]",7,109.7213560550008
singular1,5000,5000,33,0.84405677552184,"c=1,d=10",watanabe,2,1500,2500,0.0,0,0,"[0, 0, 0, 0]",10,243.06941317099967
singular2,5000,5000,33,0.7412516846975069,"c=1,d=10",watanabe,2,1500,2500,0.0,0,0,"[0, 0, 0, 0]",10,183.87345075200028
regular,50,50,34,1.2728025033593382,"c=1,d=0.1",watanabe,2,1500,2500,0.0,0,0,"[0, 0, 0, 0]",5,25.49032467500001
e-singular,50,50,34,0.8771907996174887,"c=1,d=0.1",watanabe,2,1500,2500,0.0,0,0,"[0, 0, 0, 0]",7,25.88517006099937
singular1,50,50,34,2.6192076439164618,"c=1,d=0.1",watanabe,2,1500,2500,0.0,0,0,"[0, 0, 0, 0]",9,26.854901113001688
singular2,50,50,34,1.1073373545795322,"c=1,d=0.1",watanabe,2,1500,2500,0.0,0,0,"[0, 0, 0, 0]",7,24.549900642001376
regular,50,50,34,1.385303056599243,"c=1,d=1",watanabe,2,1500,2500,0.0,0,0,"[0, 0, 0, 0]",5,27.02658833599889
e-singular,50,50,34,1.4253878794870978,"c=1,d=1",watanabe,2,1500,2500,0.0,0,0,"[0, 0, 0, 0]",8,27.968280528000832
singular1,50,50,34,1.307123566771042,"c=1,d=1",watanabe,2,1500,2500,0.0,0,0,"[0, 0, 0, 0]",8,27.82925517699914
singular2,50,50,34,0.9590064076337054,"c=1,d=1",watanabe,2,1500,2500,0.0,0,0,"[0, 0, 0, 0]",8,28.02499687600175
regular,50,50,34,1.4721984942525066,"c=1,d=10",watanabe,2,1500,2500,0.0,0,0,"[0, 0, 0, 0]",5,49.34728847800034
e-singular,50,50,34,1.4001000493862807,"c=1,d=10",watanabe,2,1500,2500,0.0,0,0,"[0, 0, 0, 0]",7,48.99783115799983
singular1,50,50,34,1.3538787728507242,"c=1,d=10",watanabe,2,1500,2500,0.0,0,0,"[0, 0, 0, 0]",8,45.36966474499968
singular2,50,50,34,0.9027306672409512,"c=1,d=10",watanabe,2,1500,2500,0.0,0,0,"[0, 0, 0, 0]",8,46.88323786299952
regular,250,250,34,0.9202084389521508,"c=1,d=0.1",watanabe,2,1500,2500,0.0,0,0,"[0, 0, 0, 0]",5,46.71791910899992
e-singular,250,250,34,1.226177991386209,"c=1,d=0.1",watanabe,2,1500,2500,0.0,0,0,"[0, 0, 0, 0]",9,48.40378058299939
singular1,250,250,34,1.5858416712648986,"c=1,d=0.1",watanabe,2,1500,2500,0.0,0,0,"[0, 0, 0, 0]",9,53.67803626999921
singular2,250,250,34,0.4658290267484103,"c=1,d=0.1",watanabe,2,1500,2500,0.0,0,0,"[0, 0, 0, 0]",8,60.73354343099891
regular,250,250,34,1.483792910818813,"c=1,d=1",watanabe,2,1500,2500,0.0,0,0,"[0, 0, 0, 0]",5,40.00672088200008
e-singular,250,250,34,1.385512199201105,"c=1,d=1",watanabe,2,1500,2500,0.0,0,0,"[0, 0, 0, 0]",9,42.06528954900023
singular1,250,250,34,1.076250454707795,"c=1,d=1",watanabe,2,1500,2500,0.0,0,0,"[0, 0, 0, 0]",9,54.73400608200063
singular2,250,250,34,0.8452000822903682,"c=1,d=1",watanabe,2,1500,2500,0.0,0,0,"[0, 0, 0, 0]",9,69.00754258300003
regular,250,250,34,1.5084953161964412,"c=1,d=10",watanabe,2,1500,2500,0.0,0,0,"[0, 0, 0, 0]",5,41.12972618099957
e-singular,250,250,34,1.4142540762086773,"c=1,d=10",watanabe,2,1500,2500,0.0,0,0,"[0, 0, 0, 0]",8,50.65823371700026
singular1,250,250,34,1.2896434599532474,"c=1,d=10",watanabe,2,1500,2500,0.0,0,0,"[0, 0, 0, 0]",9,43.373684463000245
singular2,250,250,34,0.805658390014035,"c=1,d=10",watanabe,2,1500,2500,0.0,0,0,"[0, 0, 0, 0]",9,67.59230588799983
regular,5000,5000,34,2.1400070154563777,"c=1,d=0.1",watanabe,2,1500,2500,0.0,0,0,"[0, 0, 0, 0]",5,96.77119917399978
e-singular,5000,5000,34,1.5052068064724584,"c=1,d=0.1",watanabe,2,1500,2500,0.0,0,0,"[0, 0, 0, 0]",6,124.24125250600082
singular1,5000,5000,34,0.4047021609463194,"c=1,d=0.1",watanabe,2,1500,2500,0.0,0,0,"[0, 0, 0, 0]",10,244.503081380999
singular2,5000,5000,34,0.9963625091851666,"c=1,d=0.1",watanabe,2,1500,2500,0.0,0,0,"[0, 0, 0, 0]",10,188.7099120570001
regular,5000,5000,34,1.518053587783682,"c=1,d=1",watanabe,2,1500,2500,0.0,0,0,"[0, 0, 0, 0]",5,90.18249871999978
e-singular,5000,5000,34,1.469021619662287,"c=1,d=1",watanabe,2,1500,2500,0.0,0,0,"[0, 0, 0, 0]",7,106.02102211999954
singular1,5000,5000,34,0.7886387387595045,"c=1,d=1",watanabe,2,1500,2500,0.0,0,0,"[0, 0, 0, 0]",10,274.3848006520002
singular2,5000,5000,34,0.6862108287074424,"c=1,d=1",watanabe,2,1500,2500,0.0,0,0,"[0, 0, 0, 0]",10,217.2100584030013
regular,5000,5000,34,1.5022305741321829,"c=1,d=10",watanabe,2,1500,2500,0.0,0,0,"[0, 0, 0, 0]",5,69.53854014799981
e-singular,5000,5000,34,1.4718141470816106,"c=1,d=10",watanabe,2,1500,2500,0.0,0,0,"[0, 0, 0, 0]",6,133.3227570759991
singular1,5000,5000,34,0.952617554262162,"c=1,d=10",watanabe,2,1500,2500,0.0,0,0,"[0, 0, 0, 0]",10,284.077114695001
singular2,5000,5000,34,0.8361875395564446,"c=1,d=10",watanabe,2,1500,2500,0.0,0,0,"[0, 0, 0, 0]",10,214.94839060899903
regular,50,50,35,2.639460599988832,"c=1,d=0.1",watanabe,2,1500,2500,0.0,0,0,"[0, 0, 0, 0]",5,41.12927442299952
e-singular,50,50,35,0.8920632765536336,"c=1,d=0.1",watanabe,2,1500,2500,0.0,0,0,"[0, 0, 0, 0]",8,41.761732057999325
singular1,50,50,35,1.4003345484328684,"c=1,d=0.1",watanabe,2,1500,2500,0.0,0,0,"[0, 0, 0, 0]",8,42.151851300001
singular2,50,50,35,0.9776491257569372,"c=1,d=0.1",watanabe,2,1500,2500,0.0,0,0,"[0, 0, 0, 0]",7,41.28652484200029
regular,50,50,35,1.4919668711191365,"c=1,d=1",watanabe,2,1500,2500,0.0,0,0,"[0, 0, 0, 0]",5,37.02339871999902
e-singular,50,50,35,1.2665295520184146,"c=1,d=1",watanabe,2,1500,2500,0.0,0,0,"[0, 0, 0, 0]",8,41.55149161400004
singular1,50,50,35,1.0870661835134716,"c=1,d=1",watanabe,2,1500,2500,0.0,0,0,"[0, 0, 0, 0]",8,42.06354666799962
singular2,50,50,35,0.8993202721797063,"c=1,d=1",watanabe,2,1500,2500,0.0,0,0,"[0, 0, 0, 0]",7,41.2397072900003
regular,50,50,35,1.4738241812915234,"c=1,d=10",watanabe,2,1500,2500,0.0,0,0,"[0, 0, 0, 0]",5,50.646765894000055
e-singular,50,50,35,1.417412955501589,"c=1,d=10",watanabe,2,1500,2500,0.0,0,0,"[0, 0, 0, 0]",8,47.43084605399963
singular1,50,50,35,1.0702509698405147,"c=1,d=10",watanabe,2,1500,2500,0.0,0,0,"[0, 0, 0, 0]",9,50.67898301000059
singular2,50,50,35,1.0082749557111248,"c=1,d=10",watanabe,2,1500,2500,0.0,0,0,"[0, 0, 0, 0]",9,43.73331158899964
regular,250,250,35,1.4405525830916657,"c=1,d=0.1",watanabe,2,1500,2500,0.0,0,0,"[0, 0, 0, 0]",5,46.67744175199914
e-singular,250,250,35,1.018933496370125,"c=1,d=0.1",watanabe,2,1500,2500,0.0,0,0,"[0, 0, 0, 0]",8,50.99768733500059
singular1,250,250,35,0.9400850849020806,"c=1,d=0.1",watanabe,2,1500,2500,0.0,0,0,"[0, 0, 0, 0]",9,50.36951442700047
singular2,250,250,35,1.099040227638166,"c=1,d=0.1",watanabe,2,1500,2500,0.0,0,0,"[0, 0, 0, 0]",8,49.066379323001456
regular,250,250,35,1.4089522673327115,"c=1,d=1",watanabe,2,1500,2500,0.0,0,0,"[0, 0, 0, 0]",5,49.75809635299993
e-singular,250,250,35,1.4983132269686512,"c=1,d=1",watanabe,2,1500,2500,0.0,0,0,"[0, 0, 0, 0]",8,58.3256325250004
singular1,250,250,35,0.8931908682292428,"c=1,d=1",watanabe,2,1500,2500,0.0,0,0,"[0, 0, 0, 0]",10,62.67604848100018
singular2,250,250,35,0.7876950549742306,"c=1,d=1",watanabe,2,1500,2500,0.0,0,0,"[0, 0, 0, 0]",8,55.65697285799979
regular,250,250,35,1.4244589616053716,"c=1,d=10",watanabe,2,1500,2500,0.0,0,0,"[0, 0, 0, 0]",5,56.89093959800084
e-singular,250,250,35,1.521975242142298,"c=1,d=10",watanabe,2,1500,2500,0.0,0,0,"[0, 0, 0, 0]",7,53.40158749300099
singular1,250,250,35,0.9144645244451154,"c=1,d=10",watanabe,2,1500,2500,0.0,0,0,"[0, 0, 0, 0]",10,59.26648448499873
singular2,250,250,35,0.86169509613733,"c=1,d=10",watanabe,2,1500,2500,0.0,0,0,"[0, 0, 0, 0]",8,58.15828499199961
regular,5000,5000,35,1.46126746754147,"c=1,d=0.1",watanabe,2,1500,2500,0.0,0,0,"[0, 0, 0, 0]",6,110.83427182200104
e-singular,5000,5000,35,1.3593599601985913,"c=1,d=0.1",watanabe,2,1500,2500,0.0,0,0,"[0, 0, 0, 0]",7,130.23160217999975
singular1,5000,5000,35,1.6157705851913164,"c=1,d=0.1",watanabe,2,1500,2500,0.0,0,0,"[0, 0, 0, 0]",10,207.3039281809997
singular2,5000,5000,35,1.5605691369673904,"c=1,d=0.1",watanabe,2,1500,2500,0.0,0,0,"[0, 0, 0, 0]",10,244.51004724299847
regular,5000,5000,35,1.574757492769592,"c=1,d=1",watanabe,2,1500,2500,0.0,0,0,"[0, 0, 0, 0]",5,107.35464570499973
e-singular,5000,5000,35,1.5200521564297504,"c=1,d=1",watanabe,2,1500,2500,0.0,0,0,"[0, 0, 0, 0]",7,125.59437136100132
singular1,5000,5000,35,0.6169171304037823,"c=1,d=1",watanabe,2,1500,2500,0.0,0,0,"[0, 0, 0, 0]",10,224.27206270100032
singular2,5000,5000,35,0.8070057360497457,"c=1,d=1",watanabe,2,1500,2500,0.0,0,0,"[0, 0, 0, 0]",10,229.2168866770008
regular,5000,5000,35,1.5052014294575515,"c=1,d=10",watanabe,2,1500,2500,0.0,0,0,"[0, 0, 0, 0]",5,90.09149179500128
e-singular,5000,5000,35,1.5456025698042106,"c=1,d=10",watanabe,2,1500,2500,0.0,0,0,"[0, 0, 0, 0]",7,103.7421908819997
singular1,5000,5000,35,0.7889774879364178,"c=1,d=10",watanabe,2,1500,2500,0.0,0,0,"[0, 0, 0, 0]",10,228.7776884240011
singular2,5000,5000,35,0.7408425540787852,"c=1,d=10",watanabe,2,1500,2500,0.0,0,0,"[0, 0, 0, 0]",10,223.1170817029997
regular,50,50,36,1.6087032724078607,"c=1,d=0.1",watanabe,2,1500,2500,0.0,0,0,"[0, 0, 0, 0]",5,27.294953501001142
e-singular,50,50,36,0.3156202176696368,"c=1,d=0.1",watanabe,2,1500,2500,0.0,0,0,"[0, 0, 0, 0]",8,27.44087755200053
singular1,50,50,36,0.5141824828040914,"c=1,d=0.1",watanabe,2,1500,2500,0.0,0,0,"[0, 0, 0, 0]",8,27.530839537999785
singular2,50,50,36,0.7921050908889907,"c=1,d=0.1",watanabe,2,1500,2500,0.0,0,0,"[0, 0, 0, 0]",7,32.03231500500078
regular,50,50,36,1.3839813802928924,"c=1,d=1",watanabe,2,1500,2500,0.0,0,0,"[0, 0, 0, 0]",5,35.843199498000104
e-singular,50,50,36,1.3415042282774678,"c=1,d=1",watanabe,2,1500,2500,0.0,0,0,"[0, 0, 0, 0]",8,33.46128376100023
singular1,50,50,36,1.1679856185491897,"c=1,d=1",watanabe,2,1500,2500,0.0,0,0,"[0, 0, 0, 0]",9,36.99070168199978
singular2,50,50,36,0.8564505612731054,"c=1,d=1",watanabe,2,1500,2500,0.0,0,0,"[0, 0, 0, 0]",8,32.749117168999874
regular,50,50,36,1.3355102071942928,"c=1,d=10",watanabe,2,1500,2500,0.0,0,0,"[0, 0, 0, 0]",5,69.29604081999969
e-singular,50,50,36,1.4173621440704518,"c=1,d=10",watanabe,2,1500,2500,0.0,0,0,"[0, 0, 0, 0]",8,59.75329252600022
singular1,50,50,36,1.1359906280697587,"c=1,d=10",watanabe,2,1500,2500,0.0,0,0,"[0, 0, 0, 0]",9,66.99637716800135
singular2,50,50,36,0.940500380617873,"c=1,d=10",watanabe,2,1500,2500,0.0,0,0,"[0, 0, 0, 0]",8,64.08037904899902
regular,250,250,36,1.702888873183452,"c=1,d=0.1",watanabe,2,1500,2500,0.0,0,0,"[0, 0, 0, 0]",5,71.53550317000008
e-singular,250,250,36,2.0177464216717347,"c=1,d=0.1",watanabe,2,1500,2500,0.0,0,0,"[0, 0, 0, 0]",8,71.92180202800046
singular1,250,250,36,0.7667065303974138,"c=1,d=0.1",watanabe,2,1500,2500,0.0,0,0,"[0, 0, 0, 0]",9,72.90884909499982
singular2,250,250,36,1.5248817167831548,"c=1,d=0.1",watanabe,2,1500,2500,0.0,0,0,"[0, 0, 0, 0]",8,70.80110578600033
regular,250,250,36,1.3798054781031623,"c=1,d=1",watanabe,2,1500,2500,0.0,0,0,"[0, 0, 0, 0]",5,55.14113444599934
e-singular,250,250,36,1.519851547212946,"c=1,d=1",watanabe,2,1500,2500,0.0,0,0,"[0, 0, 0, 0]",8,52.66171615500025
singular1,250,250,36,1.1643650247292263,"c=1,d=1",watanabe,2,1500,2500,0.0,0,0,"[0, 0, 0, 0]",9,52.66192212200076
singular2,250,250,36,0.984802359460177,"c=1,d=1",watanabe,2,1500,2500,0.0,0,0,"[0, 0, 0, 0]",8,49.42596134199994
regular,250,250,36,1.4869485160080247,"c=1,d=10",watanabe,2,1500,2500,0.0,0,0,"[0, 0, 0, 0]",5,53.41049088599903
e-singular,250,250,36,1.6541232232233196,"c=1,d=10",watanabe,2,1500,2500,0.0,0,0,"[0, 0, 0, 0]",8,54.74516639800095
singular1,250,250,36,1.08658227835329,"c=1,d=10",watanabe,2,1500,2500,0.0,0,0,"[0, 0, 0, 0]",10,58.74159832499936
singular2,250,250,36,0.9361577393460916,"c=1,d=10",watanabe,2,1500,2500,0.0,0,0,"[0, 0, 0, 0]",9,52.69711872500011
regular,5000,5000,36,1.6545097874459689,"c=1,d=0.1",watanabe,2,1500,2500,0.0,0,0,"[0, 0, 0, 0]",5,95.33852819000094
e-singular,5000,5000,36,1.0523939715407542,"c=1,d=0.1",watanabe,2,1500,2500,0.0,0,0,"[0, 0, 0, 0]",6,113.82007016900025
singular1,5000,5000,36,0.6615820663153104,"c=1,d=0.1",watanabe,2,1500,2500,0.0,0,0,"[0, 0, 0, 0]",10,203.7413445430011
singular2,5000,5000,36,0.99694725222273,"c=1,d=0.1",watanabe,2,1500,2500,0.0,0,0,"[0, 0, 0, 0]",10,184.2043498430012
regular,5000,5000,36,1.5186511378950296,"c=1,d=1",watanabe,2,1500,2500,0.0,0,0,"[0, 0, 0, 0]",5,99.93307835400084
e-singular,5000,5000,36,1.5786415630683277,"c=1,d=1",watanabe,2,1500,2500,0.0,0,0,"[0, 0, 0, 0]",7,106.26575938399948
singular1,5000,5000,36,0.6986486417566686,"c=1,d=1",watanabe,2,1500,2500,0.0,0,0,"[0, 0, 0, 0]",10,241.1467261520011
singular2,5000,5000,36,0.8139183814533983,"c=1,d=1",watanabe,2,1500,2500,0.0,0,0,"[0, 0, 0, 0]",10,188.95660110400053
regular,5000,5000,36,1.5604246878481838,"c=1,d=10",watanabe,2,1500,2500,0.0,0,0,"[0, 0, 0, 0]",6,81.77218706700114
e-singular,5000,5000,36,1.5835119349497675,"c=1,d=10",watanabe,2,1500,2500,0.0,0,0,"[0, 0, 0, 0]",6,81.16326322999885
singular1,5000,5000,36,0.7982541329598848,"c=1,d=10",watanabe,2,1500,2500,0.0,0,0,"[0, 0, 0, 0]",10,217.651643321
singular2,5000,5000,36,0.7442147125852067,"c=1,d=10",watanabe,2,1500,2500,0.0,0,0,"[0, 0, 0, 0]",10,205.43116007900065
regular,50,50,37,1.182970528496403,"c=1,d=0.1",watanabe,2,1500,2500,0.0,0,0,"[0, 0, 0, 0]",5,24.36333628899956
e-singular,50,50,37,0.8783223257661633,"c=1,d=0.1",watanabe,2,1500,2500,0.0,0,0,"[0, 0, 0, 0]",8,24.31539652199899
singular1,50,50,37,1.1588451622918574,"c=1,d=0.1",watanabe,2,1500,2500,0.0,0,0,"[0, 0, 0, 0]",9,25.769201821000024
singular2,50,50,37,0.2614388003714083,"c=1,d=0.1",watanabe,2,1500,2500,0.0,0,0,"[0, 0, 0, 0]",7,25.92010533299981
regular,50,50,37,1.3443917125298568,"c=1,d=1",watanabe,2,1500,2500,0.0,0,0,"[0, 0, 0, 0]",5,25.13557320700056
e-singular,50,50,37,1.6119729133200786,"c=1,d=1",watanabe,2,1500,2500,0.0,0,0,"[0, 0, 0, 0]",7,27.73514908200013
singular1,50,50,37,1.127602095298633,"c=1,d=1",watanabe,2,1500,2500,0.0,0,0,"[0, 0, 0, 0]",9,29.58595957299985
singular2,50,50,37,0.824421248639257,"c=1,d=1",watanabe,2,1500,2500,0.0,0,0,"[0, 0, 0, 0]",8,40.868604768000296
regular,50,50,37,1.5386748728162425,"c=1,d=10",watanabe,2,1500,2500,0.0,0,0,"[0, 0, 0, 0]",5,86.85978679800064
e-singular,50,50,37,1.716499975346335,"c=1,d=10",watanabe,2,1500,2500,0.0,0,0,"[0, 0, 0, 0]",8,87.58350398999937
singular1,50,50,37,1.131204005862876,"c=1,d=10",watanabe,2,1500,2500,0.0,0,0,"[0, 0, 0, 0]",10,86.80823547199907
singular2,50,50,37,0.8705070335903548,"c=1,d=10",watanabe,2,1500,2500,0.0,0,0,"[0, 0, 0, 0]",9,92.20888241899956
regular,250,250,37,1.5007339480585784,"c=1,d=0.1",watanabe,2,1500,2500,0.0,0,0,"[0, 0, 0, 0]",5,87.22154750699883
e-singular,250,250,37,2.018810071066756,"c=1,d=0.1",watanabe,2,1500,2500,0.0,0,0,"[0, 0, 0, 0]",9,90.19827648499997
singular1,250,250,37,1.373155988157151,"c=1,d=0.1",watanabe,2,1500,2500,0.0,0,0,"[0, 0, 0, 0]",10,88.72060867000073
singular2,250,250,37,0.972746356924885,"c=1,d=0.1",watanabe,2,1500,2500,0.0,0,0,"[0, 0, 0, 0]",8,76.37737459699929
regular,250,250,37,1.3740601013280414,"c=1,d=1",watanabe,2,1500,2500,0.0,0,0,"[0, 0, 0, 0]",5,48.76792852200015
e-singular,250,250,37,1.7579420433544817,"c=1,d=1",watanabe,2,1500,2500,0.0,0,0,"[0, 0, 0, 0]",8,52.82233935300064
singular1,250,250,37,1.176797231212668,"c=1,d=1",watanabe,2,1500,2500,0.0,0,0,"[0, 0, 0, 0]",9,53.17417078500148
singular2,250,250,37,0.8262691370295681,"c=1,d=1",watanabe,2,1500,2500,0.0,0,0,"[0, 0, 0, 0]",8,59.24735943499945
regular,250,250,37,1.427505564141729,"c=1,d=10",watanabe,2,1500,2500,0.0,0,0,"[0, 0, 0, 0]",5,51.91366969299997
e-singular,250,250,37,1.670501848372945,"c=1,d=10",watanabe,2,1500,2500,0.0,0,0,"[0, 0, 0, 0]",8,52.11161616999925
singular1,250,250,37,1.0156078008977965,"c=1,d=10",watanabe,2,1500,2500,0.0,0,0,"[0, 0, 0, 0]",10,58.85769776000052
singular2,250,250,37,0.9463598092928542,"c=1,d=10",watanabe,2,1500,2500,0.0,0,0,"[0, 0, 0, 0]",9,55.5870379980006
regular,5000,5000,37,1.722000537267572,"c=1,d=0.1",watanabe,2,1500,2500,0.0,0,0,"[0, 0, 0, 0]",5,101.56551929700072
e-singular,5000,5000,37,1.209940511425041,"c=1,d=0.1",watanabe,2,1500,2500,0.0,0,0,"[0, 0, 0, 0]",7,108.64864328099976
singular1,5000,5000,37,0.6944812843911877,"c=1,d=0.1",watanabe,2,1500,2500,0.0,0,0,"[0, 0, 0, 0]",10,187.7968776259986
singular2,5000,5000,37,0.8472276868392689,"c=1,d=0.1",watanabe,2,1500,2500,0.0,0,0,"[0, 0, 0, 0]",10,172.03470840800037
regular,5000,5000,37,1.4833662167314852,"c=1,d=1",watanabe,2,1500,2500,0.0,0,0,"[0, 0, 0, 0]",5,97.5693582169988
e-singular,5000,5000,37,1.4653555508009526,"c=1,d=1",watanabe,2,1500,2500,0.0,0,0,"[0, 0, 0, 0]",6,101.00893660600012
singular1,5000,5000,37,0.7848776381107055,"c=1,d=1",watanabe,2,1500,2500,0.0,0,0,"[0, 0, 0, 0]",10,187.423000027
singular2,5000,5000,37,0.8211422042584803,"c=1,d=1",watanabe,2,1500,2500,0.0,0,0,"[0, 0, 0, 0]",10,202.9966187770005
regular,5000,5000,37,1.4954606169050724,"c=1,d=10",watanabe,2,1500,2500,0.0,0,0,"[0, 0, 0, 0]",5,77.243051129999
e-singular,5000,5000,37,1.4667342578089395,"c=1,d=10",watanabe,2,1500,2500,0.0,0,0,"[0, 0, 0, 0]",6,90.43762330199934
singular1,5000,5000,37,0.8014949402607198,"c=1,d=10",watanabe,2,1500,2500,0.0,0,0,"[0, 0, 0, 0]",10,194.46551999099933
singular2,5000,5000,37,0.7548400416033574,"c=1,d=10",watanabe,2,1500,2500,0.0,0,0,"[0, 0, 0, 0]",10,190.0995551420001
regular,50,50,38,0.5775411156316144,"c=1,d=0.1",watanabe,2,1500,2500,0.0,0,0,"[0, 0, 0, 0]",5,33.98641309300001
e-singular,50,50,38,2.106601629147381,"c=1,d=0.1",watanabe,2,1500,2500,0.0,0,0,"[0, 0, 0, 0]",8,35.04281898500085
singular1,50,50,38,1.7243704322447733,"c=1,d=0.1",watanabe,2,1500,2500,0.0,0,0,"[0, 0, 0, 0]",9,36.51903524900081
singular2,50,50,38,0.7120801598024832,"c=1,d=0.1",watanabe,2,1500,2500,0.0,0,0,"[0, 0, 0, 0]",8,33.15749932899962
regular,50,50,38,1.4374838584461127,"c=1,d=1",watanabe,2,1500,2500,0.0,0,0,"[0, 0, 0, 0]",5,33.91604586000176
e-singular,50,50,38,1.474894892000419,"c=1,d=1",watanabe,2,1500,2500,0.0,0,0,"[0, 0, 0, 0]",7,34.66338429300049
singular1,50,50,38,1.1416671656473003,"c=1,d=1",watanabe,2,1500,2500,0.0,0,0,"[0, 0, 0, 0]",8,35.78868734800017
singular2,50,50,38,1.0129953613996046,"c=1,d=1",watanabe,2,1500,2500,0.0,0,0,"[0, 0, 0, 0]",8,32.51147669400052
regular,50,50,38,1.4092531935044532,"c=1,d=10",watanabe,2,1500,2500,0.0,0,0,"[0, 0, 0, 0]",5,46.92943864399968
e-singular,50,50,38,1.640380301326908,"c=1,d=10",watanabe,2,1500,2500,0.0,0,0,"[0, 0, 0, 0]",8,45.80749793700125
singular1,50,50,38,1.1919573420381728,"c=1,d=10",watanabe,2,1500,2500,0.0,0,0,"[0, 0, 0, 0]",10,48.05457919299988
singular2,50,50,38,1.021479759313788,"c=1,d=10",watanabe,2,1500,2500,0.0,0,0,"[0, 0, 0, 0]",9,47.48292644799949
regular,250,250,38,0.8294760528921192,"c=1,d=0.1",watanabe,2,1500,2500,0.0,0,0,"[0, 0, 0, 0]",5,49.31340030799947
e-singular,250,250,38,0.2473073267824061,"c=1,d=0.1",watanabe,2,1500,2500,0.0,0,0,"[0, 0, 0, 0]",9,50.22787247999986
singular1,250,250,38,0.3336291598412701,"c=1,d=0.1",watanabe,2,1500,2500,0.0,0,0,"[0, 0, 0, 0]",9,61.28089069900125
singular2,250,250,38,0.5467839115471185,"c=1,d=0.1",watanabe,2,1500,2500,0.0,0,0,"[0, 0, 0, 0]",8,72.66641929900106
regular,250,250,38,1.4613381045643543,"c=1,d=1",watanabe,2,1500,2500,0.0,0,0,"[0, 0, 0, 0]",5,55.7746250780001
e-singular,250,250,38,1.0027155882881904,"c=1,d=1",watanabe,2,1500,2500,0.0,0,0,"[0, 0, 0, 0]",9,57.01633330799996
singular1,250,250,38,1.0577395041323916,"c=1,d=1",watanabe,2,1500,2500,0.0,0,0,"[0, 0, 0, 0]",9,57.81457408200004
singular2,250,250,38,1.00433494092878,"c=1,d=1",watanabe,2,1500,2500,0.0,0,0,"[0, 0, 0, 0]",8,53.70587260400134
regular,250,250,38,1.5628607207755207,"c=1,d=10",watanabe,2,1500,2500,0.0,0,0,"[0, 0, 0, 0]",5,51.84174025200082
e-singular,250,250,38,1.3012404211000168,"c=1,d=10",watanabe,2,1500,2500,0.0,0,0,"[0, 0, 0, 0]",9,52.43846475700048
singular1,250,250,38,0.937337310061742,"c=1,d=10",watanabe,2,1500,2500,0.0,0,0,"[0, 0, 0, 0]",10,46.3373145810001
singular2,250,250,38,0.9142137597072229,"c=1,d=10",watanabe,2,1500,2500,0.0,0,0,"[0, 0, 0, 0]",9,33.01556821600025
regular,5000,5000,38,1.0684244897000583,"c=1,d=0.1",watanabe,2,1500,2500,0.0,0,0,"[0, 0, 0, 0]",5,97.76644900199972
e-singular,5000,5000,38,1.5318472630479434,"c=1,d=0.1",watanabe,2,1500,2500,0.0,0,0,"[0, 0, 0, 0]",7,132.18677028500133
singular1,5000,5000,38,0.316682507335484,"c=1,d=0.1",watanabe,2,1500,2500,0.0,0,0,"[0, 0, 0, 0]",10,290.5748592229993
singular2,5000,5000,38,1.0621661986103672,"c=1,d=0.1",watanabe,2,1500,2500,0.0,0,0,"[0, 0, 0, 0]",10,233.78393295000023
regular,5000,5000,38,1.599024260872275,"c=1,d=1",watanabe,2,1500,2500,0.0,0,0,"[0, 0, 0, 0]",5,116.44105814199976
e-singular,5000,5000,38,1.5434064302627344,"c=1,d=1",watanabe,2,1500,2500,0.0,0,0,"[0, 0, 0, 0]",7,141.2149071590011
singular1,5000,5000,38,0.8602566398913937,"c=1,d=1",watanabe,2,1500,2500,0.0,0,0,"[0, 0, 0, 0]",10,240.2808870560002
singular2,5000,5000,38,0.7504106162661195,"c=1,d=1",watanabe,2,1500,2500,0.0,0,0,"[0, 0, 0, 0]",10,209.8098280860013
regular,5000,5000,38,1.475775944176417,"c=1,d=10",watanabe,2,1500,2500,0.0,0,0,"[0, 0, 0, 0]",5,71.14160388199889
e-singular,5000,5000,38,1.4878103901822437,"c=1,d=10",watanabe,2,1500,2500,0.0,0,0,"[0, 0, 0, 0]",7,109.9758512820008
singular1,5000,5000,38,0.8252749121144304,"c=1,d=10",watanabe,2,1500,2500,0.0,0,0,"[0, 0, 0, 0]",10,208.71498834799968
singular2,5000,5000,38,0.7609404463936559,"c=1,d=10",watanabe,2,1500,2500,0.0,0,0,"[0, 0, 0, 0]",10,238.48992530400028
regular,50,50,39,0.8377209088402289,"c=1,d=0.1",watanabe,2,1500,2500,0.0,0,0,"[0, 0, 0, 0]",5,46.04352261799977
e-singular,50,50,39,0.8416842069606979,"c=1,d=0.1",watanabe,2,1500,2500,0.0,0,0,"[0, 0, 0, 0]",8,42.094318609000766
singular1,50,50,39,0.3445514248809767,"c=1,d=0.1",watanabe,2,1500,2500,0.0,0,0,"[0, 0, 0, 0]",8,43.18630669900085
singular2,50,50,39,0.2822133870142407,"c=1,d=0.1",watanabe,2,1500,2500,0.0,0,0,"[0, 0, 0, 0]",7,45.85204575699936
regular,50,50,39,1.3937862789499464,"c=1,d=1",watanabe,2,1500,2500,0.0,0,0,"[0, 0, 0, 0]",5,46.998762351999176
e-singular,50,50,39,1.579120228259853,"c=1,d=1",watanabe,2,1500,2500,0.0,0,0,"[0, 0, 0, 0]",7,43.7391661110014
singular1,50,50,39,1.0335759987991655,"c=1,d=1",watanabe,2,1500,2500,0.0,0,0,"[0, 0, 0, 0]",9,45.64795499200045
singular2,50,50,39,0.8896612813893603,"c=1,d=1",watanabe,2,1500,2500,0.0,0,0,"[0, 0, 0, 0]",7,45.4756652269989
regular,50,50,39,1.4804947259835943,"c=1,d=10",watanabe,2,1500,2500,0.0,0,0,"[0, 0, 0, 0]",5,70.6428723400004
e-singular,50,50,39,1.4979409579282088,"c=1,d=10",watanabe,2,1500,2500,0.0,0,0,"[0, 0, 0, 0]",7,75.51372661000096
singular1,50,50,39,1.2342019256269503,"c=1,d=10",watanabe,2,1500,2500,0.0,0,0,"[0, 0, 0, 0]",10,77.50576005900075
singular2,50,50,39,0.9121009359067164,"c=1,d=10",watanabe,2,1500,2500,0.0,0,0,"[0, 0, 0, 0]",9,75.44213507799941
regular,250,250,39,1.954160487991676,"c=1,d=0.1",watanabe,2,1500,2500,0.0,0,0,"[0, 0, 0, 0]",5,76.43952340299984
e-singular,250,250,39,0.9667896388773496,"c=1,d=0.1",watanabe,2,1500,2500,0.0,0,0,"[0, 0, 0, 0]",8,76.43627863700021
singular1,250,250,39,1.4162104614504682,"c=1,d=0.1",watanabe,2,1500,2500,0.0,0,0,"[0, 0, 0, 0]",10,76.53019615999983
singular2,250,250,39,0.9982011967473312,"c=1,d=0.1",watanabe,2,1500,2500,0.0,0,0,"[0, 0, 0, 0]",8,87.5877272789985
regular,250,250,39,1.520089244184166,"c=1,d=1",watanabe,2,1500,2500,0.0,0,0,"[0, 0, 0, 0]",5,61.2094861000005
e-singular,250,250,39,1.728501143845479,"c=1,d=1",watanabe,2,1500,2500,0.0,0,0,"[0, 0, 0, 0]",9,61.59767058699981
singular1,250,250,39,1.1153105341134046,"c=1,d=1",watanabe,2,1500,2500,0.0,0,0,"[0, 0, 0, 0]",9,62.33635593899999
singular2,250,250,39,0.8387352087654499,"c=1,d=1",watanabe,2,1500,2500,0.0,0,0,"[0, 0, 0, 0]",9,66.55514507499902
regular,250,250,39,1.4773744074629218,"c=1,d=10",watanabe,2,1500,2500,0.0,0,0,"[0, 0, 0, 0]",5,57.97820515499916
e-singular,250,250,39,1.5061810357622931,"c=1,d=10",watanabe,2,1500,2500,0.0,0,0,"[0, 0, 0, 0]",8,59.92979945900152
singular1,250,250,39,0.9096541587760362,"c=1,d=10",watanabe,2,1500,2500,0.0,0,0,"[0, 0, 0, 0]",10,63.15267492900057
singular2,250,250,39,0.8548293612048183,"c=1,d=10",watanabe,2,1500,2500,0.0,0,0,"[0, 0, 0, 0]",9,62.70591112999864
regular,5000,5000,39,2.07420782653004,"c=1,d=0.1",watanabe,2,1500,2500,0.0,0,0,"[0, 0, 0, 0]",5,100.0968476270009
e-singular,5000,5000,39,0.911543014096834,"c=1,d=0.1",watanabe,2,1500,2500,0.0,0,0,"[0, 0, 0, 0]",6,100.98219880400028
singular1,5000,5000,39,0.7248177980516689,"c=1,d=0.1",watanabe,2,1500,2500,0.0,0,0,"[0, 0, 0, 0]",10,159.9711733389995
singular2,5000,5000,39,0.909374605017975,"c=1,d=0.1",watanabe,2,1500,2500,0.0,0,0,"[0, 0, 0, 0]",10,402.0066503720009
regular,5000,5000,39,1.4924785110217698,"c=1,d=1",watanabe,2,1500,2500,0.0,0,0,"[0, 0, 0, 0]",5,103.27573353299886
e-singular,5000,5000,39,1.44705136031695,"c=1,d=1",watanabe,2,1500,2500,0.0,0,0,"[0, 0, 0, 0]",7,116.43675834699934
singular1,5000,5000,39,0.8808321917904407,"c=1,d=1",watanabe,2,1500,2500,0.0,0,0,"[0, 0, 0, 0]",10,233.97078134500043
singular2,5000,5000,39,0.8443987538724818,"c=1,d=1",watanabe,2,1500,2500,0.0,0,0,"[0, 0, 0, 0]",10,189.0280267430008
regular,5000,5000,39,1.5026155509007808,"c=1,d=10",watanabe,2,1500,2500,0.0,0,0,"[0, 0, 0, 0]",6,93.8201462470006
e-singular,5000,5000,39,1.5485915920323592,"c=1,d=10",watanabe,2,1500,2500,0.0,0,0,"[0, 0, 0, 0]",7,117.30833176499982
singular1,5000,5000,39,0.8500635607387784,"c=1,d=10",watanabe,2,1500,2500,0.0,0,0,"[0, 0, 0, 0]",10,186.2199505030003
singular2,5000,5000,39,0.8027418480461546,"c=1,d=10",watanabe,2,1500,2500,0.0,0,0,"[0, 0, 0, 0]",10,190.68177981699955
regular,50,50,40,1.030652325404802,"c=1,d=0.1",watanabe,2,1500,2500,0.0,0,0,"[0, 0, 0, 0]",5,50.2338829700002
e-singular,50,50,40,0.4727138616670748,"c=1,d=0.1",watanabe,2,1500,2500,0.0,0,0,"[0, 0, 0, 0]",8,51.482391606999954
singular1,50,50,40,0.7449205031383945,"c=1,d=0.1",watanabe,2,1500,2500,0.0,0,0,"[0, 0, 0, 0]",9,52.66777585899945
singular2,50,50,40,0.8499982894070625,"c=1,d=0.1",watanabe,2,1500,2500,0.0,0,0,"[0, 0, 0, 0]",8,61.58547125300174
regular,50,50,40,1.517654858109408,"c=1,d=1",watanabe,2,1500,2500,0.0,0,0,"[0, 0, 0, 0]",5,67.23568842099849
e-singular,50,50,40,0.941645897282684,"c=1,d=1",watanabe,2,1500,2500,0.0,0,0,"[0, 0, 0, 0]",9,69.19579662000069
singular1,50,50,40,1.1955428309758471,"c=1,d=1",watanabe,2,1500,2500,0.0,0,0,"[0, 0, 0, 0]",9,68.36557953900046
singular2,50,50,40,0.9912340647977794,"c=1,d=1",watanabe,2,1500,2500,0.0,0,0,"[0, 0, 0, 0]",8,61.29764525599967
regular,50,50,40,1.458504863255341,"c=1,d=10",watanabe,2,1500,2500,0.0,0,0,"[0, 0, 0, 0]",5,81.76817248900079
e-singular,50,50,40,1.0521583539889472,"c=1,d=10",watanabe,2,1500,2500,0.0,0,0,"[0, 0, 0, 0]",8,87.15413161900142
singular1,50,50,40,1.110695681909486,"c=1,d=10",watanabe,2,1500,2500,0.0,0,0,"[0, 0, 0, 0]",9,85.61900067100032
singular2,50,50,40,0.956660097941852,"c=1,d=10",watanabe,2,1500,2500,0.0,0,0,"[0, 0, 0, 0]",10,80.20039040600022
regular,250,250,40,0.8089218562155874,"c=1,d=0.1",watanabe,2,1500,2500,0.0,0,0,"[0, 0, 0, 0]",5,75.32420519900006
e-singular,250,250,40,2.262742374718725,"c=1,d=0.1",watanabe,2,1500,2500,0.0,0,0,"[0, 0, 0, 0]",8,75.0003913469991
singular1,250,250,40,2.0372256833279123,"c=1,d=0.1",watanabe,2,1500,2500,0.0,0,0,"[0, 0, 0, 0]",9,76.22481056200013
singular2,250,250,40,0.1420965339817018,"c=1,d=0.1",watanabe,2,1500,2500,0.0,0,0,"[0, 0, 0, 0]",8,80.76642062300016
regular,250,250,40,1.4691955104942165,"c=1,d=1",watanabe,2,1500,2500,0.0,0,0,"[0, 0, 0, 0]",5,42.55301412900008
e-singular,250,250,40,1.7383488906600515,"c=1,d=1",watanabe,2,1500,2500,0.0,0,0,"[0, 0, 0, 0]",9,60.31690390699987
singular1,250,250,40,0.8844960053194532,"c=1,d=1",watanabe,2,1500,2500,0.0,0,0,"[0, 0, 0, 0]",9,40.92542377299833
singular2,250,250,40,0.9659711733464348,"c=1,d=1",watanabe,2,1500,2500,0.0,0,0,"[0, 0, 0, 0]",9,64.73023317700063
regular,250,250,40,1.453813103130725,"c=1,d=10",watanabe,2,1500,2500,0.0,0,0,"[0, 0, 0, 0]",5,56.51947449900035
e-singular,250,250,40,1.573457777982962,"c=1,d=10",watanabe,2,1500,2500,0.0,0,0,"[0, 0, 0, 0]",8,61.94013013100084
singular1,250,250,40,0.9281775010291712,"c=1,d=10",watanabe,2,1500,2500,0.0,0,0,"[0, 0, 0, 0]",10,56.55231351099974
singular2,250,250,40,0.97074107205548,"c=1,d=10",watanabe,2,1500,2500,0.0,0,0,"[0, 0, 0, 0]",9,60.14098667200051
regular,5000,5000,40,0.8621027556531607,"c=1,d=0.1",watanabe,2,1500,2500,0.0,0,0,"[0, 0, 0, 0]",5,90.25044585999969
e-singular,5000,5000,40,1.7023124955734814,"c=1,d=0.1",watanabe,2,1500,2500,0.0,0,0,"[0, 0, 0, 0]",7,129.19275149199893
singular1,5000,5000,40,0.9881340222788256,"c=1,d=0.1",watanabe,2,1500,2500,0.0,0,0,"[0, 0, 0, 0]",10,195.55805775699992
singular2,5000,5000,40,1.1271586018174922,"c=1,d=0.1",watanabe,2,1500,2500,0.0,0,0,"[0, 0, 0, 0]",10,227.11157468300007
regular,5000,5000,40,1.6394198225735517,"c=1,d=1",watanabe,2,1500,2500,0.0,0,0,"[0, 0, 0, 0]",5,107.92827119499998
e-singular,5000,5000,40,1.4926036811474808,"c=1,d=1",watanabe,2,1500,2500,0.0,0,0,"[0, 0, 0, 0]",7,112.38832461200036
singular1,5000,5000,40,0.6273356871778017,"c=1,d=1",watanabe,2,1500,2500,0.0,0,0,"[0, 0, 0, 0]",10,213.05368694699973
singular2,5000,5000,40,0.8498880656134954,"c=1,d=1",watanabe,2,1500,2500,0.0,0,0,"[0, 0, 0, 0]",10,216.96127315900048
regular,5000,5000,40,1.5242600848568104,"c=1,d=10",watanabe,2,1500,2500,0.0,0,0,"[0, 0, 0, 0]",6,119.12093110500064
e-singular,5000,5000,40,1.4592774423224004,"c=1,d=10",watanabe,2,1500,2500,0.0,0,0,"[0, 0, 0, 0]",6,128.0513969170006
singular1,5000,5000,40,0.7788564683731163,"c=1,d=10",watanabe,2,1500,2500,0.0,0,0,"[0, 0, 0, 0]",10,239.06043882599988
singular2,5000,5000,40,0.7709474198922395,"c=1,d=10",watanabe,2,1500,2500,0.0,0,0,"[0, 0, 0, 0]",10,219.41783673200007
regular,50,50,41,0.8826493813616113,"c=1,d=0.1",watanabe,2,1500,2500,0.0,0,0,"[0, 0, 0, 0]",5,61.09198204399945
e-singular,50,50,41,-0.0963509529848524,"c=1,d=0.1",watanabe,2,1500,2500,0.0,0,0,"[0, 0, 0, 0]",8,62.09483443299905
singular1,50,50,41,0.9547595487557794,"c=1,d=0.1",watanabe,2,1500,2500,0.0,0,0,"[0, 0, 0, 0]",8,62.134561159999066
singular2,50,50,41,1.8237631571795188,"c=1,d=0.1",watanabe,2,1500,2500,0.0,0,0,"[0, 0, 0, 0]",7,62.20242780999979
regular,50,50,41,1.605820740849913,"c=1,d=1",watanabe,2,1500,2500,0.0,0,0,"[0, 0, 0, 0]",5,60.99792856299973
e-singular,50,50,41,1.107624105888274,"c=1,d=1",watanabe,2,1500,2500,0.0,0,0,"[0, 0, 0, 0]",8,65.40974618099972
singular1,50,50,41,1.0733703792791929,"c=1,d=1",watanabe,2,1500,2500,0.0,0,0,"[0, 0, 0, 0]",9,64.9049730609986
singular2,50,50,41,0.9239159873340984,"c=1,d=1",watanabe,2,1500,2500,0.0,0,0,"[0, 0, 0, 0]",7,64.44824187800077
regular,50,50,41,1.462606382105379,"c=1,d=10",watanabe,2,1500,2500,0.0,0,0,"[0, 0, 0, 0]",5,41.51332999499937
e-singular,50,50,41,1.0163006894873223,"c=1,d=10",watanabe,2,1500,2500,0.0,0,0,"[0, 0, 0, 0]",9,43.63492204300019
singular1,50,50,41,1.3288617839571366,"c=1,d=10",watanabe,2,1500,2500,0.0,0,0,"[0, 0, 0, 0]",9,43.87398476599992
singular2,50,50,41,1.107782981427846,"c=1,d=10",watanabe,2,1500,2500,0.0,0,0,"[0, 0, 0, 0]",9,42.598093556000094
regular,250,250,41,1.3883771923155448,"c=1,d=0.1",watanabe,2,1500,2500,0.0,0,0,"[0, 0, 0, 0]",5,42.697010223999314
e-singular,250,250,41,1.996078766023876,"c=1,d=0.1",watanabe,2,1500,2500,0.0,0,0,"[0, 0, 0, 0]",9,43.4993382929988
singular1,250,250,41,0.9854527437849062,"c=1,d=0.1",watanabe,2,1500,2500,0.0,0,0,"[0, 0, 0, 0]",9,45.301788120999845
singular2,250,250,41,1.1447773157130725,"c=1,d=0.1",watanabe,2,1500,2500,0.0,0,0,"[0, 0, 0, 0]",8,44.79538811900056
regular,250,250,41,1.5655320800780868,"c=1,d=1",watanabe,2,1500,2500,0.0,0,0,"[0, 0, 0, 0]",6,82.05756455600022
e-singular,250,250,41,1.819455911033677,"c=1,d=1",watanabe,2,1500,2500,0.0,0,0,"[0, 0, 0, 0]",8,82.6723110949988
singular1,250,250,41,0.8054657087630654,"c=1,d=1",watanabe,2,1500,2500,0.0,0,0,"[0, 0, 0, 0]",9,82.3286545840001
singular2,250,250,41,0.9569824937412028,"c=1,d=1",watanabe,2,1500,2500,0.0,0,0,"[0, 0, 0, 0]",9,83.42362093500014
regular,250,250,41,1.4391640215592494,"c=1,d=10",watanabe,2,1500,2500,0.0,0,0,"[0, 0, 0, 0]",5,79.46567365699957
e-singular,250,250,41,1.5694729844197075,"c=1,d=10",watanabe,2,1500,2500,0.0,0,0,"[0, 0, 0, 0]",8,79.88949713799957
singular1,250,250,41,0.9574782643315672,"c=1,d=10",watanabe,2,1500,2500,0.0,0,0,"[0, 0, 0, 0]",9,81.98203002700029
singular2,250,250,41,1.0327354159213389,"c=1,d=10",watanabe,2,1500,2500,0.0,0,0,"[0, 0, 0, 0]",10,83.50483425600032
regular,5000,5000,41,2.477379634263354,"c=1,d=0.1",watanabe,2,1500,2500,0.0,0,0,"[0, 0, 0, 0]",5,91.46865720500136
e-singular,5000,5000,41,1.986756103968364,"c=1,d=0.1",watanabe,2,1500,2500,0.0,0,0,"[0, 0, 0, 0]",6,113.71271291100128
singular1,5000,5000,41,1.815940273118712,"c=1,d=0.1",watanabe,2,1500,2500,0.0,0,0,"[0, 0, 0, 0]",10,236.35859189500115
singular2,5000,5000,41,0.1399259730063949,"c=1,d=0.1",watanabe,2,1500,2500,0.0,0,0,"[0, 0, 0, 0]",10,228.32112200199845
regular,5000,5000,41,1.436664082411424,"c=1,d=1",watanabe,2,1500,2500,0.0,0,0,"[0, 0, 0, 0]",5,85.22442527100065
e-singular,5000,5000,41,1.6083782674990292,"c=1,d=1",watanabe,2,1500,2500,0.0,0,0,"[0, 0, 0, 0]",7,138.64658796500044
singular1,5000,5000,41,0.931250893945864,"c=1,d=1",watanabe,2,1500,2500,0.0,0,0,"[0, 0, 0, 0]",10,227.814299095
singular2,5000,5000,41,0.7222805859463496,"c=1,d=1",watanabe,2,1500,2500,0.0,0,0,"[0, 0, 0, 0]",10,233.38181507599984
regular,5000,5000,41,1.5026838360780423,"c=1,d=10",watanabe,2,1500,2500,0.0,0,0,"[0, 0, 0, 0]",5,97.54549986099846
e-singular,5000,5000,41,1.4600868299587522,"c=1,d=10",watanabe,2,1500,2500,0.0,0,0,"[0, 0, 0, 0]",7,107.36722015699888
singular1,5000,5000,41,0.8525151741442187,"c=1,d=10",watanabe,2,1500,2500,0.0,0,0,"[0, 0, 0, 0]",10,277.5962365889991
singular2,5000,5000,41,0.7929694045460378,"c=1,d=10",watanabe,2,1500,2500,0.0,0,0,"[0, 0, 0, 0]",10,219.22957918099928
regular,50,50,42,0.037830749680043,"c=1,d=0.1",watanabe,2,1500,2500,0.0,0,0,"[0, 0, 0, 0]",5,25.24893556999996
e-singular,50,50,42,1.9943654999812817,"c=1,d=0.1",watanabe,2,1500,2500,0.0,0,0,"[0, 0, 0, 0]",8,25.6383764229995
singular1,50,50,42,1.2408968888438527,"c=1,d=0.1",watanabe,2,1500,2500,0.0,0,0,"[0, 0, 0, 0]",9,26.241738455000814
singular2,50,50,42,1.1545453519999282,"c=1,d=0.1",watanabe,2,1500,2500,0.0,0,0,"[0, 0, 0, 0]",8,25.197762926
regular,50,50,42,1.4326137061468494,"c=1,d=1",watanabe,2,1500,2500,0.0,0,0,"[0, 0, 0, 0]",5,25.85542902999987
e-singular,50,50,42,1.4794983771744312,"c=1,d=1",watanabe,2,1500,2500,0.0,0,0,"[0, 0, 0, 0]",7,28.43986899599986
singular1,50,50,42,1.0017474751291346,"c=1,d=1",watanabe,2,1500,2500,0.0,0,0,"[0, 0, 0, 0]",9,29.020565978999
singular2,50,50,42,0.9720623404909275,"c=1,d=1",watanabe,2,1500,2500,0.0,0,0,"[0, 0, 0, 0]",8,41.28976228799911
regular,50,50,42,1.4879770199219169,"c=1,d=10",watanabe,2,1500,2500,0.0,0,0,"[0, 0, 0, 0]",5,92.73983888399924
e-singular,50,50,42,1.6283654652899806,"c=1,d=10",watanabe,2,1500,2500,0.0,0,0,"[0, 0, 0, 0]",8,93.12815652300014
singular1,50,50,42,1.1273126553380066,"c=1,d=10",watanabe,2,1500,2500,0.0,0,0,"[0, 0, 0, 0]",9,93.02199880099944
singular2,50,50,42,1.0320541921389184,"c=1,d=10",watanabe,2,1500,2500,0.0,0,0,"[0, 0, 0, 0]",8,94.82408804900116
regular,250,250,42,1.8182379861181264,"c=1,d=0.1",watanabe,2,1500,2500,0.0,0,0,"[0, 0, 0, 0]",5,89.99080693900032
e-singular,250,250,42,1.6013747713576665,"c=1,d=0.1",watanabe,2,1500,2500,0.0,0,0,"[0, 0, 0, 0]",8,93.02074831600112
singular1,250,250,42,0.3730796852379052,"c=1,d=0.1",watanabe,2,1500,2500,0.0,0,0,"[0, 0, 0, 0]",9,103.26037874599932
singular2,250,250,42,0.9299130480977488,"c=1,d=0.1",watanabe,2,1500,2500,0.0,0,0,"[0, 0, 0, 0]",8,89.05398300900015
regular,250,250,42,1.6124130666300684,"c=1,d=1",watanabe,2,1500,2500,0.0,0,0,"[0, 0, 0, 0]",5,58.40610006899988
e-singular,250,250,42,1.3393925603643193,"c=1,d=1",watanabe,2,1500,2500,0.0,0,0,"[0, 0, 0, 0]",8,63.51234889099942
singular1,250,250,42,1.1134603959407654,"c=1,d=1",watanabe,2,1500,2500,0.0,0,0,"[0, 0, 0, 0]",10,63.69786195000052
singular2,250,250,42,0.8688558485969008,"c=1,d=1",watanabe,2,1500,2500,0.0,0,0,"[0, 0, 0, 0]",8,62.06755987200086
regular,250,250,42,1.5208047364012804,"c=1,d=10",watanabe,2,1500,2500,0.0,0,0,"[0, 0, 0, 0]",5,56.4940672770008
e-singular,250,250,42,1.5649038070561736,"c=1,d=10",watanabe,2,1500,2500,0.0,0,0,"[0, 0, 0, 0]",9,59.75336543100093
singular1,250,250,42,1.0696112212119442,"c=1,d=10",watanabe,2,1500,2500,0.0,0,0,"[0, 0, 0, 0]",10,55.62532243200076
singular2,250,250,42,0.8326145338585857,"c=1,d=10",watanabe,2,1500,2500,0.0,0,0,"[0, 0, 0, 0]",10,84.5045685260011
regular,5000,5000,42,1.4010957829152997,"c=1,d=0.1",watanabe,2,1500,2500,0.0,0,0,"[0, 0, 0, 0]",5,119.49762725400068
e-singular,5000,5000,42,1.938843762842364,"c=1,d=0.1",watanabe,2,1500,2500,0.0,0,0,"[0, 0, 0, 0]",7,140.3488158659984
singular1,5000,5000,42,0.940826842589574,"c=1,d=0.1",watanabe,2,1500,2500,0.0,0,0,"[0, 0, 0, 0]",10,200.6514249460015
singular2,5000,5000,42,0.0909873443762462,"c=1,d=0.1",watanabe,2,1500,2500,0.0,0,0,"[0, 0, 0, 0]",10,229.8295734599997
regular,5000,5000,42,1.5171107325199966,"c=1,d=1",watanabe,2,1500,2500,0.0,0,0,"[0, 0, 0, 0]",5,127.35818207400008
e-singular,5000,5000,42,1.5563707823831288,"c=1,d=1",watanabe,2,1500,2500,0.0,0,0,"[0, 0, 0, 0]",7,152.13153874899945
singular1,5000,5000,42,0.984564009615962,"c=1,d=1",watanabe,2,1500,2500,0.0,0,0,"[0, 0, 0, 0]",10,226.70202024299945
singular2,5000,5000,42,0.8740497714806601,"c=1,d=1",watanabe,2,1500,2500,0.0,0,0,"[0, 0, 0, 0]",10,192.4654102389996
regular,5000,5000,42,1.4476209791288603,"c=1,d=10",watanabe,2,1500,2500,0.0,0,0,"[0, 0, 0, 0]",5,77.49880905399914
e-singular,5000,5000,42,1.5103627163027236,"c=1,d=10",watanabe,2,1500,2500,0.0,0,0,"[0, 0, 0, 0]",7,103.95864076100042
singular1,5000,5000,42,0.9374217708869524,"c=1,d=10",watanabe,2,1500,2500,0.0,0,0,"[0, 0, 0, 0]",10,175.96774187200026
singular2,5000,5000,42,0.8283553811219413,"c=1,d=10",watanabe,2,1500,2500,0.0,0,0,"[0, 0, 0, 0]",10,198.2906492029997
regular,50,50,43,2.358910375976252,"c=1,d=0.1",watanabe,2,1500,2500,0.0,0,0,"[0, 0, 0, 0]",5,24.874550345999523
e-singular,50,50,43,0.7902110019868391,"c=1,d=0.1",watanabe,2,1500,2500,0.0,0,0,"[0, 0, 0, 0]",8,25.99524877600016
singular1,50,50,43,1.898658348214072,"c=1,d=0.1",watanabe,2,1500,2500,0.0,0,0,"[0, 0, 0, 0]",8,25.80290508299913
singular2,50,50,43,0.6378811090153857,"c=1,d=0.1",watanabe,2,1500,2500,0.0,0,0,"[0, 0, 0, 0]",8,25.99757979300012
regular,50,50,43,1.4093717403340174,"c=1,d=1",watanabe,2,1500,2500,0.0,0,0,"[0, 0, 0, 0]",6,25.86554993000027
e-singular,50,50,43,1.0711958350346695,"c=1,d=1",watanabe,2,1500,2500,0.0,0,0,"[0, 0, 0, 0]",8,25.604452702000344
singular1,50,50,43,1.0773360682251685,"c=1,d=1",watanabe,2,1500,2500,0.0,0,0,"[0, 0, 0, 0]",8,28.840169605000483
singular2,50,50,43,1.0196306123992993,"c=1,d=1",watanabe,2,1500,2500,0.0,0,0,"[0, 0, 0, 0]",8,29.581539494000022
regular,50,50,43,1.404191921767998,"c=1,d=10",watanabe,2,1500,2500,0.0,0,0,"[0, 0, 0, 0]",5,72.08415897499981
e-singular,50,50,43,1.098302883305316,"c=1,d=10",watanabe,2,1500,2500,0.0,0,0,"[0, 0, 0, 0]",8,63.11156923700037
singular1,50,50,43,1.086723530752563,"c=1,d=10",watanabe,2,1500,2500,0.0,0,0,"[0, 0, 0, 0]",9,73.28444711300108
singular2,50,50,43,0.9687916150649242,"c=1,d=10",watanabe,2,1500,2500,0.0,0,0,"[0, 0, 0, 0]",10,72.64346312700036
regular,250,250,43,1.4220306398408713,"c=1,d=0.1",watanabe,2,1500,2500,0.0,0,0,"[0, 0, 0, 0]",5,72.67703334199905
e-singular,250,250,43,-0.0585980256442665,"c=1,d=0.1",watanabe,2,1500,2500,0.0,0,0,"[0, 0, 0, 0]",8,86.98340767100126
singular1,250,250,43,1.5643071881951425,"c=1,d=0.1",watanabe,2,1500,2500,0.0,0,0,"[0, 0, 0, 0]",9,72.5859916699992
singular2,250,250,43,0.5323785643752247,"c=1,d=0.1",watanabe,2,1500,2500,0.0,0,0,"[0, 0, 0, 0]",8,85.18670007900073
regular,250,250,43,1.5709361201073333,"c=1,d=1",watanabe,2,1500,2500,0.0,0,0,"[0, 0, 0, 0]",5,73.99164241200015
e-singular,250,250,43,1.4307727225371527,"c=1,d=1",watanabe,2,1500,2500,0.0,0,0,"[0, 0, 0, 0]",9,83.32080861800023
singular1,250,250,43,0.906207358806859,"c=1,d=1",watanabe,2,1500,2500,0.0,0,0,"[0, 0, 0, 0]",9,86.62456498999927
singular2,250,250,43,0.8769449963090351,"c=1,d=1",watanabe,2,1500,2500,0.0,0,0,"[0, 0, 0, 0]",10,78.15569335500004
regular,250,250,43,1.519203374143113,"c=1,d=10",watanabe,2,1500,2500,0.0,0,0,"[0, 0, 0, 0]",5,78.24548860399955
e-singular,250,250,43,1.44383079189068,"c=1,d=10",watanabe,2,1500,2500,0.0,0,0,"[0, 0, 0, 0]",8,79.87584853999942
singular1,250,250,43,1.0338739413333302,"c=1,d=10",watanabe,2,1500,2500,0.0,0,0,"[0, 0, 0, 0]",9,66.28174628399938
singular2,250,250,43,0.9814361779399196,"c=1,d=10",watanabe,2,1500,2500,0.0,0,0,"[0, 0, 0, 0]",9,68.49091023599976
regular,5000,5000,43,0.1690815673987358,"c=1,d=0.1",watanabe,2,1500,2500,0.0,0,0,"[0, 0, 0, 0]",5,78.55521336799939
e-singular,5000,5000,43,0.9289516910758038,"c=1,d=0.1",watanabe,2,1500,2500,0.0,0,0,"[0, 0, 0, 0]",7,122.33792373200048
singular1,5000,5000,43,1.0724440414325038,"c=1,d=0.1",watanabe,2,1500,2500,0.0,0,0,"[0, 0, 0, 0]",10,162.2141341309998
singular2,5000,5000,43,0.3199538513751659,"c=1,d=0.1",watanabe,2,1500,2500,0.0,0,0,"[0, 0, 0, 0]",10,157.20271516600042
regular,5000,5000,43,1.6586779867868904,"c=1,d=1",watanabe,2,1500,2500,0.0,0,0,"[0, 0, 0, 0]",5,97.54484454499834
e-singular,5000,5000,43,1.5915497352579957,"c=1,d=1",watanabe,2,1500,2500,0.0,0,0,"[0, 0, 0, 0]",7,110.37841674599986
singular1,5000,5000,43,0.8440832834411974,"c=1,d=1",watanabe,2,1500,2500,0.0,0,0,"[0, 0, 0, 0]",10,178.7723849920003
singular2,5000,5000,43,0.7583657674947683,"c=1,d=1",watanabe,2,1500,2500,0.0,0,0,"[0, 0, 0, 0]",10,177.97774620600103
regular,5000,5000,43,1.4485950478890002,"c=1,d=10",watanabe,2,1500,2500,0.0,0,0,"[0, 0, 0, 0]",5,94.59148206700048
e-singular,5000,5000,43,1.3953645279102922,"c=1,d=10",watanabe,2,1500,2500,0.0,0,0,"[0, 0, 0, 0]",7,98.63949278200016
singular1,5000,5000,43,0.7511612243545066,"c=1,d=10",watanabe,2,1500,2500,0.0,0,0,"[0, 0, 0, 0]",10,211.59601492599904
singular2,5000,5000,43,0.8118077229607737,"c=1,d=10",watanabe,2,1500,2500,0.0,0,0,"[0, 0, 0, 0]",10,180.3019569810004
regular,50,50,44,1.5740690897911849,"c=1,d=0.1",watanabe,2,1500,2500,0.0,0,0,"[0, 0, 0, 0]",5,47.63123861399981
e-singular,50,50,44,1.4276057683784722,"c=1,d=0.1",watanabe,2,1500,2500,0.0,0,0,"[0, 0, 0, 0]",8,67.34762857200076
singular1,50,50,44,1.7017178682178664,"c=1,d=0.1",watanabe,2,1500,2500,0.0,0,0,"[0, 0, 0, 0]",9,67.94975726600023
singular2,50,50,44,1.3815701506020897,"c=1,d=0.1",watanabe,2,1500,2500,0.0,0,0,"[0, 0, 0, 0]",8,67.20069176699872
regular,50,50,44,1.2151536240740712,"c=1,d=1",watanabe,2,1500,2500,0.0,0,0,"[0, 0, 0, 0]",5,67.47395827299988
e-singular,50,50,44,1.2173576091392857,"c=1,d=1",watanabe,2,1500,2500,0.0,0,0,"[0, 0, 0, 0]",8,68.2034246990006
singular1,50,50,44,1.140897412118335,"c=1,d=1",watanabe,2,1500,2500,0.0,0,0,"[0, 0, 0, 0]",9,66.52956578699923
singular2,50,50,44,0.8038507965401205,"c=1,d=1",watanabe,2,1500,2500,0.0,0,0,"[0, 0, 0, 0]",8,85.7248025709996
regular,50,50,44,1.338793742030318,"c=1,d=10",watanabe,2,1500,2500,0.0,0,0,"[0, 0, 0, 0]",5,66.075090241
e-singular,50,50,44,1.3463926115155904,"c=1,d=10",watanabe,2,1500,2500,0.0,0,0,"[0, 0, 0, 0]",7,51.83154981000007
singular1,50,50,44,1.117746764389835,"c=1,d=10",watanabe,2,1500,2500,0.0,0,0,"[0, 0, 0, 0]",10,52.563218667999536
singular2,50,50,44,0.8952157630571979,"c=1,d=10",watanabe,2,1500,2500,0.0,0,0,"[0, 0, 0, 0]",9,52.64417923899964
regular,250,250,44,0.1556078740490329,"c=1,d=0.1",watanabe,2,1500,2500,0.0,0,0,"[0, 0, 0, 0]",5,51.527614205000646
e-singular,250,250,44,1.917980934812308,"c=1,d=0.1",watanabe,2,1500,2500,0.0,0,0,"[0, 0, 0, 0]",9,51.826496736999616
singular1,250,250,44,1.1474531475751344,"c=1,d=0.1",watanabe,2,1500,2500,0.0,0,0,"[0, 0, 0, 0]",9,68.03320186099882
singular2,250,250,44,0.8266320360939406,"c=1,d=0.1",watanabe,2,1500,2500,0.0,0,0,"[0, 0, 0, 0]",8,49.57485381199877
regular,250,250,44,1.5999490064007862,"c=1,d=1",watanabe,2,1500,2500,0.0,0,0,"[0, 0, 0, 0]",5,68.5153278859998
e-singular,250,250,44,1.4098095601573808,"c=1,d=1",watanabe,2,1500,2500,0.0,0,0,"[0, 0, 0, 0]",8,92.26355459600018
singular1,250,250,44,0.9732739770277936,"c=1,d=1",watanabe,2,1500,2500,0.0,0,0,"[0, 0, 0, 0]",9,74.2833242859997
singular2,250,250,44,0.974371305108738,"c=1,d=1",watanabe,2,1500,2500,0.0,0,0,"[0, 0, 0, 0]",8,95.80524711699944
regular,250,250,44,1.4649835802588431,"c=1,d=10",watanabe,2,1500,2500,0.0,0,0,"[0, 0, 0, 0]",5,89.60179183199944
e-singular,250,250,44,1.4842265432224322,"c=1,d=10",watanabe,2,1500,2500,0.0,0,0,"[0, 0, 0, 0]",8,91.72227144099998
singular1,250,250,44,0.9620406997725592,"c=1,d=10",watanabe,2,1500,2500,0.0,0,0,"[0, 0, 0, 0]",9,101.22222560900082
singular2,250,250,44,0.9594205218383952,"c=1,d=10",watanabe,2,1500,2500,0.0,0,0,"[0, 0, 0, 0]",9,103.2326776560003
regular,5000,5000,44,1.3967288118004768,"c=1,d=0.1",watanabe,2,1500,2500,0.0,0,0,"[0, 0, 0, 0]",5,110.24310601599971
e-singular,5000,5000,44,0.9745746664832928,"c=1,d=0.1",watanabe,2,1500,2500,0.0,0,0,"[0, 0, 0, 0]",7,132.20397552299983
singular1,5000,5000,44,0.863461594155145,"c=1,d=0.1",watanabe,2,1500,2500,0.0,0,0,"[0, 0, 0, 0]",10,227.215279864
singular2,5000,5000,44,1.3202084959138969,"c=1,d=0.1",watanabe,2,1500,2500,0.0,0,0,"[0, 0, 0, 0]",10,215.03178396000112
regular,5000,5000,44,1.406144204565345,"c=1,d=1",watanabe,2,1500,2500,0.0,0,0,"[0, 0, 0, 0]",5,104.44737099600025
e-singular,5000,5000,44,1.519540516367317,"c=1,d=1",watanabe,2,1500,2500,0.0,0,0,"[0, 0, 0, 0]",6,110.9707001480001
singular1,5000,5000,44,0.8221659912883371,"c=1,d=1",watanabe,2,1500,2500,0.0,0,0,"[0, 0, 0, 0]",10,198.07474147299945
singular2,5000,5000,44,0.7758596402646214,"c=1,d=1",watanabe,2,1500,2500,0.0,0,0,"[0, 0, 0, 0]",10,203.7271053320001
regular,5000,5000,44,1.4833805766293615,"c=1,d=10",watanabe,2,1500,2500,0.0,0,0,"[0, 0, 0, 0]",5,93.41122859799908
e-singular,5000,5000,44,1.513232808007008,"c=1,d=10",watanabe,2,1500,2500,0.0,0,0,"[0, 0, 0, 0]",7,107.85205032699923
singular1,5000,5000,44,0.8090372020218456,"c=1,d=10",watanabe,2,1500,2500,0.0,0,0,"[0, 0, 0, 0]",10,223.23023217099944
singular2,5000,5000,44,0.7727581532188503,"c=1,d=10",watanabe,2,1500,2500,0.0,0,0,"[0, 0, 0, 0]",10,222.15878587500083
regular,50,50,45,2.074836288306769,"c=1,d=0.1",watanabe,2,1500,2500,0.0,0,0,"[0, 0, 0, 0]",5,67.95694981400084
e-singular,50,50,45,0.7986110520905915,"c=1,d=0.1",watanabe,2,1500,2500,0.0,0,0,"[0, 0, 0, 0]",8,70.72018448299968
singular1,50,50,45,1.270032050515434,"c=1,d=0.1",watanabe,2,1500,2500,0.0,0,0,"[0, 0, 0, 0]",9,77.24204194599952
singular2,50,50,45,1.689522174582277,"c=1,d=0.1",watanabe,2,1500,2500,0.0,0,0,"[0, 0, 0, 0]",8,75.99328612200043
regular,50,50,45,1.4839670439551735,"c=1,d=1",watanabe,2,1500,2500,0.0,0,0,"[0, 0, 0, 0]",5,74.89589727099883
e-singular,50,50,45,1.1638112717661877,"c=1,d=1",watanabe,2,1500,2500,0.0,0,0,"[0, 0, 0, 0]",8,76.97155565700086
singular1,50,50,45,1.1247245679747158,"c=1,d=1",watanabe,2,1500,2500,0.0,0,0,"[0, 0, 0, 0]",9,78.22658223500002
singular2,50,50,45,1.0071540220560704,"c=1,d=1",watanabe,2,1500,2500,0.0,0,0,"[0, 0, 0, 0]",8,77.69334169800095
regular,50,50,45,1.4824884707997943,"c=1,d=10",watanabe,2,1500,2500,0.0,0,0,"[0, 0, 0, 0]",5,71.27901185700102
e-singular,50,50,45,1.3485353276854894,"c=1,d=10",watanabe,2,1500,2500,0.0,0,0,"[0, 0, 0, 0]",7,72.36449533499945
singular1,50,50,45,1.101924902274615,"c=1,d=10",watanabe,2,1500,2500,0.0,0,0,"[0, 0, 0, 0]",10,72.87859245799882
singular2,50,50,45,0.9806882467033026,"c=1,d=10",watanabe,2,1500,2500,0.0,0,0,"[0, 0, 0, 0]",8,70.98227224500079
regular,250,250,45,1.4355925773376057,"c=1,d=0.1",watanabe,2,1500,2500,0.0,0,0,"[0, 0, 0, 0]",5,82.76905715300018
e-singular,250,250,45,0.6234135400072771,"c=1,d=0.1",watanabe,2,1500,2500,0.0,0,0,"[0, 0, 0, 0]",8,83.31635480300065
singular1,250,250,45,0.8589734733176582,"c=1,d=0.1",watanabe,2,1500,2500,0.0,0,0,"[0, 0, 0, 0]",9,72.82494086100087
singular2,250,250,45,1.3978458490609444,"c=1,d=0.1",watanabe,2,1500,2500,0.0,0,0,"[0, 0, 0, 0]",8,84.55877624200002
regular,250,250,45,1.468168032830568,"c=1,d=1",watanabe,2,1500,2500,0.0,0,0,"[0, 0, 0, 0]",5,60.094536745998994
e-singular,250,250,45,1.4523765089977938,"c=1,d=1",watanabe,2,1500,2500,0.0,0,0,"[0, 0, 0, 0]",8,56.93134087100043
singular1,250,250,45,1.2787104329382353,"c=1,d=1",watanabe,2,1500,2500,0.0,0,0,"[0, 0, 0, 0]",9,92.97828054399906
singular2,250,250,45,0.9368506923704394,"c=1,d=1",watanabe,2,1500,2500,0.0,0,0,"[0, 0, 0, 0]",8,53.52455256400026
regular,250,250,45,1.556731284601222,"c=1,d=10",watanabe,2,1500,2500,0.0,0,0,"[0, 0, 0, 0]",5,69.9068112219993
e-singular,250,250,45,1.659961756896582,"c=1,d=10",watanabe,2,1500,2500,0.0,0,0,"[0, 0, 0, 0]",8,80.38866989500093
singular1,250,250,45,1.0195583756156863,"c=1,d=10",watanabe,2,1500,2500,0.0,0,0,"[0, 0, 0, 0]",10,85.60532105400125
singular2,250,250,45,0.9212821413007788,"c=1,d=10",watanabe,2,1500,2500,0.0,0,0,"[0, 0, 0, 0]",9,87.85881735700059
regular,5000,5000,45,1.1130671481297227,"c=1,d=0.1",watanabe,2,1500,2500,0.0,0,0,"[0, 0, 0, 0]",5,117.60578348200032
e-singular,5000,5000,45,1.7294746380204566,"c=1,d=0.1",watanabe,2,1500,2500,0.0,0,0,"[0, 0, 0, 0]",6,144.15222804899895
singular1,5000,5000,45,0.9499719395799022,"c=1,d=0.1",watanabe,2,1500,2500,0.0,0,0,"[0, 0, 0, 0]",10,180.2385997759993
singular2,5000,5000,45,0.3902728473245078,"c=1,d=0.1",watanabe,2,1500,2500,0.0,0,0,"[0, 0, 0, 0]",10,172.90259864399923
regular,5000,5000,45,1.4830012857189687,"c=1,d=1",watanabe,2,1500,2500,0.0,0,0,"[0, 0, 0, 0]",5,92.51835221100008
e-singular,5000,5000,45,1.5865775227700925,"c=1,d=1",watanabe,2,1500,2500,0.0,0,0,"[0, 0, 0, 0]",7,135.9944360720001
singular1,5000,5000,45,0.7977622250691153,"c=1,d=1",watanabe,2,1500,2500,0.0,0,0,"[0, 0, 0, 0]",10,198.80687576400123
singular2,5000,5000,45,0.6970808469616082,"c=1,d=1",watanabe,2,1500,2500,0.0,0,0,"[0, 0, 0, 0]",10,236.19843841699912
regular,5000,5000,45,1.487179507183583,"c=1,d=10",watanabe,2,1500,2500,0.0,0,0,"[0, 0, 0, 0]",5,72.76650477500152
e-singular,5000,5000,45,1.526915335377697,"c=1,d=10",watanabe,2,1500,2500,0.0,0,0,"[0, 0, 0, 0]",7,114.2980046369994
singular1,5000,5000,45,0.9384697478327644,"c=1,d=10",watanabe,2,1500,2500,0.0,0,0,"[0, 0, 0, 0]",10,180.10216850899997
singular2,5000,5000,45,0.7863646507888814,"c=1,d=10",watanabe,2,1500,2500,0.0,0,0,"[0, 0, 0, 0]",10,221.4900949870007
regular,50,50,46,2.07476212091198,"c=1,d=0.1",watanabe,2,1500,2500,0.0,0,0,"[0, 0, 0, 0]",5,44.90046823099874
e-singular,50,50,46,1.5250693869607042,"c=1,d=0.1",watanabe,2,1500,2500,0.0,0,0,"[0, 0, 0, 0]",8,49.92593267300072
singular1,50,50,46,-0.3409421650096392,"c=1,d=0.1",watanabe,2,1500,2500,0.0,0,0,"[0, 0, 0, 0]",8,49.93350198500048
singular2,50,50,46,0.8443663295639335,"c=1,d=0.1",watanabe,2,1500,2500,0.0,0,0,"[0, 0, 0, 0]",7,45.472408792998976
regular,50,50,46,1.3613486853801129,"c=1,d=1",watanabe,2,1500,2500,0.0,0,0,"[0, 0, 0, 0]",5,49.30693488399993
e-singular,50,50,46,0.9439461008546032,"c=1,d=1",watanabe,2,1500,2500,0.0,0,0,"[0, 0, 0, 0]",8,47.74245690799944
singular1,50,50,46,1.1167789941408204,"c=1,d=1",watanabe,2,1500,2500,0.0,0,0,"[0, 0, 0, 0]",9,47.97165375799887
singular2,50,50,46,0.8321178907016199,"c=1,d=1",watanabe,2,1500,2500,0.0,0,0,"[0, 0, 0, 0]",8,47.54018237799937
regular,50,50,46,1.4362354161645412,"c=1,d=10",watanabe,2,1500,2500,0.0,0,0,"[0, 0, 0, 0]",5,79.32146305700007
e-singular,50,50,46,1.1985197827744745,"c=1,d=10",watanabe,2,1500,2500,0.0,0,0,"[0, 0, 0, 0]",8,78.43263309399845
singular1,50,50,46,0.9656373924845004,"c=1,d=10",watanabe,2,1500,2500,0.0,0,0,"[0, 0, 0, 0]",9,90.4550652809994
singular2,50,50,46,1.0016971328400206,"c=1,d=10",watanabe,2,1500,2500,0.0,0,0,"[0, 0, 0, 0]",9,75.69211021699994
regular,250,250,46,1.489572629471135,"c=1,d=0.1",watanabe,2,1500,2500,0.0,0,0,"[0, 0, 0, 0]",5,85.16764704199886
e-singular,250,250,46,0.2224914393877827,"c=1,d=0.1",watanabe,2,1500,2500,0.0,0,0,"[0, 0, 0, 0]",8,86.76862912300021
singular1,250,250,46,0.8242519367578475,"c=1,d=0.1",watanabe,2,1500,2500,0.0,0,0,"[0, 0, 0, 0]",9,89.42651333200047
singular2,250,250,46,1.4512559026571588,"c=1,d=0.1",watanabe,2,1500,2500,0.0,0,0,"[0, 0, 0, 0]",8,87.04971694599953
regular,250,250,46,1.4902860169805443,"c=1,d=1",watanabe,2,1500,2500,0.0,0,0,"[0, 0, 0, 0]",5,55.11313080199943
e-singular,250,250,46,1.3761208492173609,"c=1,d=1",watanabe,2,1500,2500,0.0,0,0,"[0, 0, 0, 0]",9,56.97683679500005
singular1,250,250,46,1.063795851553926,"c=1,d=1",watanabe,2,1500,2500,0.0,0,0,"[0, 0, 0, 0]",10,58.35562793999998
singular2,250,250,46,1.066554244757759,"c=1,d=1",watanabe,2,1500,2500,0.0,0,0,"[0, 0, 0, 0]",9,52.91876227600005
regular,250,250,46,1.5181660102910182,"c=1,d=10",watanabe,2,1500,2500,0.0,0,0,"[0, 0, 0, 0]",5,55.72170400399955
e-singular,250,250,46,1.5316980804943512,"c=1,d=10",watanabe,2,1500,2500,0.0,0,0,"[0, 0, 0, 0]",8,51.24620018600035
singular1,250,250,46,1.1011429238241228,"c=1,d=10",watanabe,2,1500,2500,0.0,0,0,"[0, 0, 0, 0]",10,62.14308527200046
singular2,250,250,46,1.0176477589168862,"c=1,d=10",watanabe,2,1500,2500,0.0,0,0,"[0, 0, 0, 0]",10,58.42985860099907
regular,5000,5000,46,1.892847234525077,"c=1,d=0.1",watanabe,2,1500,2500,0.0,0,0,"[0, 0, 0, 0]",5,112.151693582
e-singular,5000,5000,46,0.3834964797083009,"c=1,d=0.1",watanabe,2,1500,2500,0.0,0,0,"[0, 0, 0, 0]",6,123.4921363730009
singular1,5000,5000,46,1.324526125090233,"c=1,d=0.1",watanabe,2,1500,2500,0.0,0,0,"[0, 0, 0, 0]",10,209.1977392030003
singular2,5000,5000,46,0.8173662342833107,"c=1,d=0.1",watanabe,2,1500,2500,0.0,0,0,"[0, 0, 0, 0]",10,182.7143444049998
regular,5000,5000,46,1.4771817025180969,"c=1,d=1",watanabe,2,1500,2500,0.0,0,0,"[0, 0, 0, 0]",5,109.43771319200096
e-singular,5000,5000,46,1.6707948709906837,"c=1,d=1",watanabe,2,1500,2500,0.0,0,0,"[0, 0, 0, 0]",7,123.42821383999944
singular1,5000,5000,46,0.7455607777400415,"c=1,d=1",watanabe,2,1500,2500,0.0,0,0,"[0, 0, 0, 0]",10,222.73367130399856
singular2,5000,5000,46,0.7781809778114975,"c=1,d=1",watanabe,2,1500,2500,0.0,0,0,"[0, 0, 0, 0]",10,216.3568892300009
regular,5000,5000,46,1.5481931572061625,"c=1,d=10",watanabe,2,1500,2500,0.0,0,0,"[0, 0, 0, 0]",5,109.19420654900024
e-singular,5000,5000,46,1.5785065757983854,"c=1,d=10",watanabe,2,1500,2500,0.0,0,0,"[0, 0, 0, 0]",7,147.2733428420015
singular1,5000,5000,46,0.7552052964907069,"c=1,d=10",watanabe,2,1500,2500,0.0,0,0,"[0, 0, 0, 0]",10,190.5406635039999
singular2,5000,5000,46,0.751991974989954,"c=1,d=10",watanabe,2,1500,2500,0.0,0,0,"[0, 0, 0, 0]",10,232.4993354270009
regular,50,50,47,0.917404692914385,"c=1,d=0.1",watanabe,1,2000,4000,0.0,0,0,"[0, 0]",5,30.073905224999866
e-singular,50,50,47,1.0719031143327191,"c=1,d=0.1",watanabe,1,2000,4000,0.0,0,0,"[0, 0]",8,31.981239898000013
singular1,50,50,47,1.5824020604376765,"c=1,d=0.1",watanabe,1,2000,4000,0.0,0,0,"[0, 0]",8,32.764657441000054
singular2,50,50,47,1.6694226366317289,"c=1,d=0.1",watanabe,1,2000,4000,0.0,0,0,"[0, 0]",8,31.556021883000085
regular,50,50,47,1.401180417612982,"c=1,d=1",watanabe,1,2000,4000,0.0,0,0,"[0, 0]",5,29.65178498700016
e-singular,50,50,47,0.8360093312653163,"c=1,d=1",watanabe,1,2000,4000,0.0,0,0,"[0, 0]",8,33.10316781100005
singular1,50,50,47,1.307591356720325,"c=1,d=1",watanabe,1,2000,4000,0.0,0,0,"[0, 0]",9,34.06946248999998
singular2,50,50,47,0.866102697959171,"c=1,d=1",watanabe,1,2000,4000,0.0,0,0,"[0, 0]",8,30.790932859999884
regular,50,50,47,1.434479687578266,"c=1,d=10",watanabe,1,2000,4000,0.0,0,0,"[0, 0]",5,24.94052070999988
e-singular,50,50,47,1.2522023044690795,"c=1,d=10",watanabe,1,2000,4000,0.0,0,0,"[0, 0]",9,25.68912381500013
singular1,50,50,47,1.170555741056141,"c=1,d=10",watanabe,1,2000,4000,0.0,0,0,"[0, 0]",10,28.14468716400006
singular2,50,50,47,0.8998318953433274,"c=1,d=10",watanabe,1,2000,4000,0.0,0,0,"[0, 0]",9,26.447930758999973
regular,250,250,47,2.3585895496452696,"c=1,d=0.1",watanabe,1,2000,4000,0.0,0,0,"[0, 0]",5,27.3199466330002
e-singular,250,250,47,1.359444525153943,"c=1,d=0.1",watanabe,1,2000,4000,0.0,0,0,"[0, 0]",9,38.824700324000105
singular1,250,250,47,1.0740328841669102,"c=1,d=0.1",watanabe,1,2000,4000,0.0,0,0,"[0, 0]",9,34.61543641700018
singular2,250,250,47,0.1556671203906189,"c=1,d=0.1",watanabe,1,2000,4000,0.0,0,0,"[0, 0]",9,35.11822816599988
regular,250,250,47,1.406874382847931,"c=1,d=1",watanabe,1,2000,4000,0.0,0,0,"[0, 0]",5,29.67998946200009
e-singular,250,250,47,1.0690592388103548,"c=1,d=1",watanabe,1,2000,4000,0.0,0,0,"[0, 0]",9,38.68546260499989
singular1,250,250,47,1.0117086042405534,"c=1,d=1",watanabe,1,2000,4000,0.0,0,0,"[0, 0]",10,36.904013722999935
singular2,250,250,47,0.8493342250564707,"c=1,d=1",watanabe,1,2000,4000,0.0,0,0,"[0, 0]",9,37.47468767300006
regular,250,250,47,1.5543534433576471,"c=1,d=10",watanabe,1,2000,4000,0.0,0,0,"[0, 0]",5,30.2287011599999
e-singular,250,250,47,1.184794635700298,"c=1,d=10",watanabe,1,2000,4000,0.0,0,0,"[0, 0]",9,36.193341765000014
singular1,250,250,47,0.9380905247343984,"c=1,d=10",watanabe,1,2000,4000,0.0,0,0,"[0, 0]",10,40.94888304699998
singular2,250,250,47,0.8488027993724515,"c=1,d=10",watanabe,1,2000,4000,0.0,0,0,"[0, 0]",10,37.78187459000014
regular,5000,5000,47,1.0606543602917669,"c=1,d=0.1",watanabe,1,2000,4000,0.0,0,0,"[0, 0]",5,85.242787894
e-singular,5000,5000,47,2.057525732994365,"c=1,d=0.1",watanabe,1,2000,4000,0.0,0,0,"[0, 0]",7,109.97155569000006
singular1,5000,5000,47,1.4562322098581248,"c=1,d=0.1",watanabe,1,2000,4000,0.0,0,0,"[0, 0]",10,208.10345185100005
singular2,5000,5000,47,0.3165645224209965,"c=1,d=0.1",watanabe,1,2000,4000,0.0,0,0,"[0, 0]",10,197.82278952
regular,5000,5000,47,1.465634653320577,"c=1,d=1",watanabe,1,2000,4000,0.0,0,0,"[0, 0]",5,82.45299200500017
e-singular,5000,5000,47,1.4803713373989695,"c=1,d=1",watanabe,1,2000,4000,0.0,0,0,"[0, 0]",7,98.31865286100016
singular1,5000,5000,47,0.9145618148900851,"c=1,d=1",watanabe,1,2000,4000,0.0,0,0,"[0, 0]",10,201.1776412900001
singular2,5000,5000,47,0.843392506186682,"c=1,d=1",watanabe,1,2000,4000,0.0,0,0,"[0, 0]",10,208.420465639
regular,5000,5000,47,1.532348595020828,"c=1,d=10",watanabe,1,2000,4000,0.0,0,0,"[0, 0]",5,82.00031830700004
e-singular,5000,5000,47,1.455752925759699,"c=1,d=10",watanabe,1,2000,4000,0.0,0,0,"[0, 0]",6,98.17512645700003
singular1,5000,5000,47,0.8467810779523129,"c=1,d=10",watanabe,1,2000,4000,0.0,0,0,"[0, 0]",10,235.28746960900003
singular2,5000,5000,47,0.8097519491547763,"c=1,d=10",watanabe,1,2000,4000,0.0,0,0,"[0, 0]",10,216.765178138
regular,50,50,48,0.955238079987639,"c=1,d=0.1",watanabe,1,2000,4000,0.0,0,0,"[0, 0]",5,28.508046221999848
e-singular,50,50,48,2.0643302226378903,"c=1,d=0.1",watanabe,1,2000,4000,0.0,0,0,"[0, 0]",8,29.02895166200005
singular1,50,50,48,1.929239275816604,"c=1,d=0.1",watanabe,1,2000,4000,0.0,0,0,"[0, 0]",8,30.57826895700009
singular2,50,50,48,2.294677884886961,"c=1,d=0.1",watanabe,1,2000,4000,0.0,0,0,"[0, 0]",7,29.196519837000324
regular,50,50,48,1.6569753264871372,"c=1,d=1",watanabe,1,2000,4000,0.0,0,0,"[0, 0]",5,24.98277225799984
e-singular,50,50,48,1.4515233147989646,"c=1,d=1",watanabe,1,2000,4000,0.0,0,0,"[0, 0]",8,24.710280141000112
singular1,50,50,48,1.2510014546791044,"c=1,d=1",watanabe,1,2000,4000,0.0,0,0,"[0, 0]",8,26.284056114999657
singular2,50,50,48,1.0023075235545815,"c=1,d=1",watanabe,1,2000,4000,0.0,0,0,"[0, 0]",9,25.34114549700007
regular,50,50,48,1.363570374851531,"c=1,d=10",watanabe,1,2000,4000,0.0,0,0,"[0, 0]",5,24.785557114999847
e-singular,50,50,48,1.5928391734512088,"c=1,d=10",watanabe,1,2000,4000,0.0,0,0,"[0, 0]",7,24.17524649699999
singular1,50,50,48,1.1216328845501269,"c=1,d=10",watanabe,1,2000,4000,0.0,0,0,"[0, 0]",10,27.75813847400013
singular2,50,50,48,1.01520250086634,"c=1,d=10",watanabe,1,2000,4000,0.0,0,0,"[0, 0]",8,26.40560651099986
regular,250,250,48,0.8766015479577166,"c=1,d=0.1",watanabe,1,2000,4000,0.0,0,0,"[0, 0]",5,29.79759160200001
e-singular,250,250,48,1.686289809200203,"c=1,d=0.1",watanabe,1,2000,4000,0.0,0,0,"[0, 0]",7,32.46106672799988
singular1,250,250,48,0.99758022724733,"c=1,d=0.1",watanabe,1,2000,4000,0.0,0,0,"[0, 0]",9,36.756544719999965
singular2,250,250,48,1.8610660431691333,"c=1,d=0.1",watanabe,1,2000,4000,0.0,0,0,"[0, 0]",9,37.38501288799989
regular,250,250,48,1.544439736542928,"c=1,d=1",watanabe,1,2000,4000,0.0,0,0,"[0, 0]",5,26.266579406000343
e-singular,250,250,48,1.6946376745965146,"c=1,d=1",watanabe,1,2000,4000,0.0,0,0,"[0, 0]",8,29.76050669100005
singular1,250,250,48,1.081945076915139,"c=1,d=1",watanabe,1,2000,4000,0.0,0,0,"[0, 0]",10,35.32631638700013
singular2,250,250,48,0.9823664956479756,"c=1,d=1",watanabe,1,2000,4000,0.0,0,0,"[0, 0]",9,34.224072452999735
regular,250,250,48,1.484412022338941,"c=1,d=10",watanabe,1,2000,4000,0.0,0,0,"[0, 0]",5,26.26175549699974
e-singular,250,250,48,1.4949500327600322,"c=1,d=10",watanabe,1,2000,4000,0.0,0,0,"[0, 0]",8,29.665585819999706
singular1,250,250,48,0.9916952947667188,"c=1,d=10",watanabe,1,2000,4000,0.0,0,0,"[0, 0]",10,42.89765534199978
singular2,250,250,48,0.8488537586248845,"c=1,d=10",watanabe,1,2000,4000,0.0,0,0,"[0, 0]",10,38.435391041
regular,5000,5000,48,0.7080988301854222,"c=1,d=0.1",watanabe,1,2000,4000,0.0,0,0,"[0, 0]",5,85.81997280199994
e-singular,5000,5000,48,0.9034110662493268,"c=1,d=0.1",watanabe,1,2000,4000,0.0,0,0,"[0, 0]",7,103.12960457300004
singular1,5000,5000,48,0.7624561323804859,"c=1,d=0.1",watanabe,1,2000,4000,0.0,0,0,"[0, 0]",9,180.738766941
singular2,5000,5000,48,0.8669389628799742,"c=1,d=0.1",watanabe,1,2000,4000,0.0,0,0,"[0, 0]",10,238.3296688800001
regular,5000,5000,48,1.5051022875787683,"c=1,d=1",watanabe,1,2000,4000,0.0,0,0,"[0, 0]",5,79.32162907800011
e-singular,5000,5000,48,1.5705219753882074,"c=1,d=1",watanabe,1,2000,4000,0.0,0,0,"[0, 0]",7,101.082371514
singular1,5000,5000,48,0.8209139455027589,"c=1,d=1",watanabe,1,2000,4000,0.0,0,0,"[0, 0]",10,230.959322016
singular2,5000,5000,48,0.6288362181012614,"c=1,d=1",watanabe,1,2000,4000,0.0,0,0,"[0, 0]",10,268.7218856499999
regular,5000,5000,48,1.5191988219266956,"c=1,d=10",watanabe,1,2000,4000,0.0,0,0,"[0, 0]",5,78.11393763900014
e-singular,5000,5000,48,1.5935829592052695,"c=1,d=10",watanabe,1,2000,4000,0.0,0,0,"[0, 0]",6,101.5413916829998
singular1,5000,5000,48,0.7511429967254264,"c=1,d=10",watanabe,1,2000,4000,0.0,0,0,"[0, 0]",10,262.97030607700026
singular2,5000,5000,48,0.8267971228571959,"c=1,d=10",watanabe,1,2000,4000,0.0,0,0,"[0, 0]",10,524.4657871089998
regular,50,50,49,0.6859809721326942,"c=1,d=0.1",watanabe,1,2000,4000,0.0,0,0,"[0, 0]",5,26.591208776999792
e-singular,50,50,49,1.2689364432969796,"c=1,d=0.1",watanabe,1,2000,4000,0.0,0,0,"[0, 0]",8,30.889407736000067
singular1,50,50,49,0.9820717843224442,"c=1,d=0.1",watanabe,1,2000,4000,0.0,0,0,"[0, 0]",8,28.78164004700011
singular2,50,50,49,0.2959640442485622,"c=1,d=0.1",watanabe,1,2000,4000,0.0,0,0,"[0, 0]",7,27.77220338799998
regular,50,50,49,1.2938730562271947,"c=1,d=1",watanabe,1,2000,4000,0.0,0,0,"[0, 0]",5,24.36386117199981
e-singular,50,50,49,0.9379401970067772,"c=1,d=1",watanabe,1,2000,4000,0.0,0,0,"[0, 0]",10,27.168009123000047
singular1,50,50,49,1.034155644214939,"c=1,d=1",watanabe,1,2000,4000,0.0,0,0,"[0, 0]",8,26.346269331999792
singular2,50,50,49,1.021586993121201,"c=1,d=1",watanabe,1,2000,4000,0.0,0,0,"[0, 0]",7,24.583211021000352
regular,50,50,49,1.362931753555363,"c=1,d=10",watanabe,1,2000,4000,0.0,0,0,"[0, 0]",5,26.55829440199977
e-singular,50,50,49,1.054777950411714,"c=1,d=10",watanabe,1,2000,4000,0.0,0,0,"[0, 0]",8,28.781548660000222
singular1,50,50,49,1.072289086667246,"c=1,d=10",watanabe,1,2000,4000,0.0,0,0,"[0, 0]",10,29.447344513999724
singular2,50,50,49,0.8643233674102772,"c=1,d=10",watanabe,1,2000,4000,0.0,0,0,"[0, 0]",8,27.675855817999945
regular,250,250,49,1.208320526044625,"c=1,d=0.1",watanabe,1,2000,4000,0.0,0,0,"[0, 0]",5,29.07429825500003
e-singular,250,250,49,1.672659326137813,"c=1,d=0.1",watanabe,1,2000,4000,0.0,0,0,"[0, 0]",8,31.320803553000133
singular1,250,250,49,0.7500201233066744,"c=1,d=0.1",watanabe,1,2000,4000,0.0,0,0,"[0, 0]",9,36.37126732900015
singular2,250,250,49,1.1744426332434166,"c=1,d=0.1",watanabe,1,2000,4000,0.0,0,0,"[0, 0]",8,36.298478368999895
regular,250,250,49,1.521363049304183,"c=1,d=1",watanabe,1,2000,4000,0.0,0,0,"[0, 0]",5,27.10521434499969
e-singular,250,250,49,1.5299924036568606,"c=1,d=1",watanabe,1,2000,4000,0.0,0,0,"[0, 0]",7,28.653873707999992
singular1,250,250,49,1.0217016176901206,"c=1,d=1",watanabe,1,2000,4000,0.0,0,0,"[0, 0]",9,34.29328502399994
singular2,250,250,49,0.8041468297421346,"c=1,d=1",watanabe,1,2000,4000,0.0,0,0,"[0, 0]",9,38.719855841000026
regular,250,250,49,1.5312951760670328,"c=1,d=10",watanabe,1,2000,4000,0.0,0,0,"[0, 0]",5,29.981146626999816
e-singular,250,250,49,1.5671751837748051,"c=1,d=10",watanabe,1,2000,4000,0.0,0,0,"[0, 0]",8,27.840015986999788
singular1,250,250,49,0.9319782440284194,"c=1,d=10",watanabe,1,2000,4000,0.0,0,0,"[0, 0]",10,36.27786009100009
singular2,250,250,49,1.117947305347298,"c=1,d=10",watanabe,1,2000,4000,0.0,0,0,"[0, 0]",10,39.93453313999999
regular,5000,5000,49,1.0870515876126023,"c=1,d=0.1",watanabe,1,2000,4000,0.0,0,0,"[0, 0]",5,78.94903334400033
e-singular,5000,5000,49,1.4501285392561,"c=1,d=0.1",watanabe,1,2000,4000,0.0,0,0,"[0, 0]",6,96.23082932199986
singular1,5000,5000,49,2.162892791244252,"c=1,d=0.1",watanabe,1,2000,4000,0.0,0,0,"[0, 0]",10,216.3497851359998
singular2,5000,5000,49,0.8103183911903261,"c=1,d=0.1",watanabe,1,2000,4000,0.0,0,0,"[0, 0]",10,206.37739565499987
regular,5000,5000,49,1.290555394892508,"c=1,d=1",watanabe,1,2000,4000,0.0,0,0,"[0, 0]",5,73.21657793899976
e-singular,5000,5000,49,1.479518868779814,"c=1,d=1",watanabe,1,2000,4000,0.0,0,0,"[0, 0]",7,101.56248348200006
singular1,5000,5000,49,0.7279937499853575,"c=1,d=1",watanabe,1,2000,4000,0.0,0,0,"[0, 0]",10,237.6348222650004
singular2,5000,5000,49,0.8683892335987577,"c=1,d=1",watanabe,1,2000,4000,0.0,0,0,"[0, 0]",10,217.04471619599963
regular,5000,5000,49,1.463260624294018,"c=1,d=10",watanabe,1,2000,4000,0.0,0,0,"[0, 0]",5,80.53991523500008
e-singular,5000,5000,49,1.4832111341639302,"c=1,d=10",watanabe,1,2000,4000,0.0,0,0,"[0, 0]",6,104.07728208399976
singular1,5000,5000,49,0.7394318465849337,"c=1,d=10",watanabe,1,2000,4000,0.0,0,0,"[0, 0]",10,286.4672449269997
singular2,5000,5000,49,0.8213965809497316,"c=1,d=10",watanabe,1,2000,4000,0.0,0,0,"[0, 0]",10,259.0901820520003
regular,50,50,50,1.1878687620694337,"c=1,d=0.1",watanabe,1,2000,4000,0.0,0,0,"[0, 0]",5,26.64225821799937
e-singular,50,50,50,1.6108340192707642,"c=1,d=0.1",watanabe,1,2000,4000,0.0,0,0,"[0, 0]",8,28.10136997400059
singular1,50,50,50,0.9481433051900484,"c=1,d=0.1",watanabe,1,2000,4000,0.0,0,0,"[0, 0]",9,29.55790617699949
singular2,50,50,50,0.693207902075898,"c=1,d=0.1",watanabe,1,2000,4000,0.0,0,0,"[0, 0]",8,28.63629793099972
regular,50,50,50,1.3461443414338006,"c=1,d=1",watanabe,1,2000,4000,0.0,0,0,"[0, 0]",5,24.71238707200064
e-singular,50,50,50,1.5457921945372788,"c=1,d=1",watanabe,1,2000,4000,0.0,0,0,"[0, 0]",8,24.45006664599987
singular1,50,50,50,1.2005696395898788,"c=1,d=1",watanabe,1,2000,4000,0.0,0,0,"[0, 0]",9,27.159843378000005
singular2,50,50,50,0.967119553730907,"c=1,d=1",watanabe,1,2000,4000,0.0,0,0,"[0, 0]",8,25.05249658699995
regular,50,50,50,1.3592590845668102,"c=1,d=10",watanabe,1,2000,4000,0.0,0,0,"[0, 0]",5,24.18324867499996
e-singular,50,50,50,1.4131667644291137,"c=1,d=10",watanabe,1,2000,4000,0.0,0,0,"[0, 0]",7,24.01080311499936
singular1,50,50,50,1.1516227678208948,"c=1,d=10",watanabe,1,2000,4000,0.0,0,0,"[0, 0]",10,27.464092316999995
singular2,50,50,50,0.9785301434968336,"c=1,d=10",watanabe,1,2000,4000,0.0,0,0,"[0, 0]",8,25.83880694500021
regular,250,250,50,1.2459651145399857,"c=1,d=0.1",watanabe,1,2000,4000,0.0,0,0,"[0, 0]",5,28.805998009000177
e-singular,250,250,50,1.8383425722097109,"c=1,d=0.1",watanabe,1,2000,4000,0.0,0,0,"[0, 0]",8,33.75404326399985
singular1,250,250,50,-0.6070511605861715,"c=1,d=0.1",watanabe,1,2000,4000,0.0,0,0,"[0, 0]",9,35.73845129500023
singular2,250,250,50,1.956805167574673,"c=1,d=0.1",watanabe,1,2000,4000,0.0,0,0,"[0, 0]",9,34.297104802999456
regular,250,250,50,1.5280379393990022,"c=1,d=1",watanabe,1,2000,4000,0.0,0,0,"[0, 0]",5,25.98393813600069
e-singular,250,250,50,1.239178689372616,"c=1,d=1",watanabe,1,2000,4000,0.0,0,0,"[0, 0]",8,29.033485740000287
singular1,250,250,50,0.9882925669938852,"c=1,d=1",watanabe,1,2000,4000,0.0,0,0,"[0, 0]",9,31.883646940999824
singular2,250,250,50,1.0341920051356803,"c=1,d=1",watanabe,1,2000,4000,0.0,0,0,"[0, 0]",8,30.77766114000042
regular,250,250,50,1.49815870049998,"c=1,d=10",watanabe,1,2000,4000,0.0,0,0,"[0, 0]",5,26.023916617000395
e-singular,250,250,50,1.3089679565998578,"c=1,d=10",watanabe,1,2000,4000,0.0,0,0,"[0, 0]",8,30.585625775999688
singular1,250,250,50,0.8830044533251591,"c=1,d=10",watanabe,1,2000,4000,0.0,0,0,"[0, 0]",10,35.519311227999424
singular2,250,250,50,0.8488596173810087,"c=1,d=10",watanabe,1,2000,4000,0.0,0,0,"[0, 0]",9,34.62024496699996
regular,5000,5000,50,1.5628020560517162,"c=1,d=0.1",watanabe,1,2000,4000,0.0,0,0,"[0, 0]",6,103.32585902200026
e-singular,5000,5000,50,1.4586138026697169,"c=1,d=0.1",watanabe,1,2000,4000,0.0,0,0,"[0, 0]",7,103.96097622799972
singular1,5000,5000,50,1.3198721434929814,"c=1,d=0.1",watanabe,1,2000,4000,0.0,0,0,"[0, 0]",10,168.96103507800035
singular2,5000,5000,50,0.3772483523487697,"c=1,d=0.1",watanabe,1,2000,4000,0.0,0,0,"[0, 0]",10,201.10409912399973
regular,5000,5000,50,1.5433299526006086,"c=1,d=1",watanabe,1,2000,4000,0.0,0,0,"[0, 0]",5,67.7266116159999
e-singular,5000,5000,50,1.485007542074941,"c=1,d=1",watanabe,1,2000,4000,0.0,0,0,"[0, 0]",6,97.73644312299984
singular1,5000,5000,50,0.8539543480885814,"c=1,d=1",watanabe,1,2000,4000,0.0,0,0,"[0, 0]",10,213.2670778749998
singular2,5000,5000,50,0.8132205283718587,"c=1,d=1",watanabe,1,2000,4000,0.0,0,0,"[0, 0]",10,242.63820665899948
regular,5000,5000,50,1.521001907876234,"c=1,d=10",watanabe,1,2000,4000,0.0,0,0,"[0, 0]",5,82.04938235999998
e-singular,5000,5000,50,1.3397139506304618,"c=1,d=10",watanabe,1,2000,4000,0.0,0,0,"[0, 0]",7,126.1640566469996
singular1,5000,5000,50,0.7708469185843216,"c=1,d=10",watanabe,1,2000,4000,0.0,0,0,"[0, 0]",10,211.2682590479999
singular2,5000,5000,50,0.8312215174587537,"c=1,d=10",watanabe,1,2000,4000,0.0,0,0,"[0, 0]",10,250.62284409399945
regular,50,50,51,1.4605042881760604,"c=1,d=0.1",watanabe,1,2000,4000,0.0,0,0,"[0, 0]",5,25.23694658000022
e-singular,50,50,51,3.195986691224685,"c=1,d=0.1",watanabe,1,2000,4000,0.0,0,0,"[0, 0]",7,24.889955177999585
singular1,50,50,51,1.0714187386068523,"c=1,d=0.1",watanabe,1,2000,4000,0.0,0,0,"[0, 0]",8,29.941012157999467
singular2,50,50,51,0.5938198127643154,"c=1,d=0.1",watanabe,1,2000,4000,0.0,0,0,"[0, 0]",7,29.31519108900011
regular,50,50,51,1.366079685252647,"c=1,d=1",watanabe,1,2000,4000,0.0,0,0,"[0, 0]",5,25.939820106999832
e-singular,50,50,51,1.830329731161369,"c=1,d=1",watanabe,1,2000,4000,0.0,0,0,"[0, 0]",8,27.761462360000223
singular1,50,50,51,1.2771465629765602,"c=1,d=1",watanabe,1,2000,4000,0.0,0,0,"[0, 0]",9,28.30420996199973
singular2,50,50,51,1.0199084604179791,"c=1,d=1",watanabe,1,2000,4000,0.0,0,0,"[0, 0]",7,25.811856514000283
regular,50,50,51,1.4473567698466858,"c=1,d=10",watanabe,1,2000,4000,0.0,0,0,"[0, 0]",5,28.28166299700024
e-singular,50,50,51,1.6188817302538423,"c=1,d=10",watanabe,1,2000,4000,0.0,0,0,"[0, 0]",8,24.598083331000453
singular1,50,50,51,1.0809448113733071,"c=1,d=10",watanabe,1,2000,4000,0.0,0,0,"[0, 0]",9,28.105463310999767
singular2,50,50,51,0.961631932529465,"c=1,d=10",watanabe,1,2000,4000,0.0,0,0,"[0, 0]",8,27.09804902899941
regular,250,250,51,0.8260181761110178,"c=1,d=0.1",watanabe,1,2000,4000,0.0,0,0,"[0, 0]",5,29.911829835999924
e-singular,250,250,51,1.5032385372877737,"c=1,d=0.1",watanabe,1,2000,4000,0.0,0,0,"[0, 0]",8,30.35893611699976
singular1,250,250,51,1.9600256858307608,"c=1,d=0.1",watanabe,1,2000,4000,0.0,0,0,"[0, 0]",10,40.15549514600025
singular2,250,250,51,1.6683641682318515,"c=1,d=0.1",watanabe,1,2000,4000,0.0,0,0,"[0, 0]",9,37.89890903700052
regular,250,250,51,1.569870209915284,"c=1,d=1",watanabe,1,2000,4000,0.0,0,0,"[0, 0]",5,27.595579241999985
e-singular,250,250,51,1.952816050440752,"c=1,d=1",watanabe,1,2000,4000,0.0,0,0,"[0, 0]",8,30.34057648099952
singular1,250,250,51,1.0770663094050177,"c=1,d=1",watanabe,1,2000,4000,0.0,0,0,"[0, 0]",9,42.65768431700053
singular2,250,250,51,0.9042708131284428,"c=1,d=1",watanabe,1,2000,4000,0.0,0,0,"[0, 0]",8,41.044708299000376
regular,250,250,51,1.492382240075341,"c=1,d=10",watanabe,1,2000,4000,0.0,0,0,"[0, 0]",5,39.38063960799991
e-singular,250,250,51,1.501646599128075,"c=1,d=10",watanabe,1,2000,4000,0.0,0,0,"[0, 0]",7,38.91750909299935
singular1,250,250,51,1.065240671185152,"c=1,d=10",watanabe,1,2000,4000,0.0,0,0,"[0, 0]",10,43.999575451000055
singular2,250,250,51,0.8076204913807634,"c=1,d=10",watanabe,1,2000,4000,0.0,0,0,"[0, 0]",10,49.501952118999725
regular,5000,5000,51,1.091829184433468,"c=1,d=0.1",watanabe,1,2000,4000,0.0,0,0,"[0, 0]",5,80.67290472000059
e-singular,5000,5000,51,3.4279433969400963,"c=1,d=0.1",watanabe,1,2000,4000,0.0,0,0,"[0, 0]",7,103.1978152239999
singular1,5000,5000,51,0.4703558474262738,"c=1,d=0.1",watanabe,1,2000,4000,0.0,0,0,"[0, 0]",10,167.37766392100002
singular2,5000,5000,51,1.4850793556155228,"c=1,d=0.1",watanabe,1,2000,4000,0.0,0,0,"[0, 0]",10,218.5248418339997
regular,5000,5000,51,1.2800320164800272,"c=1,d=1",watanabe,1,2000,4000,0.0,0,0,"[0, 0]",6,100.2288692889997
e-singular,5000,5000,51,1.5011961232159283,"c=1,d=1",watanabe,1,2000,4000,0.0,0,0,"[0, 0]",7,110.9490173539998
singular1,5000,5000,51,0.9071469830265098,"c=1,d=1",watanabe,1,2000,4000,0.0,0,0,"[0, 0]",10,233.28149260200007
singular2,5000,5000,51,0.8100876245751736,"c=1,d=1",watanabe,1,2000,4000,0.0,0,0,"[0, 0]",10,229.09705674199995
regular,5000,5000,51,1.4817400847658322,"c=1,d=10",watanabe,1,2000,4000,0.0,0,0,"[0, 0]",5,77.79987188599989
e-singular,5000,5000,51,1.5178308114497048,"c=1,d=10",watanabe,1,2000,4000,0.0,0,0,"[0, 0]",7,108.1470902760002
singular1,5000,5000,51,0.7789381482143557,"c=1,d=10",watanabe,1,2000,4000,0.0,0,0,"[0, 0]",10,221.83314982400043
singular2,5000,5000,51,0.7402879954423598,"c=1,d=10",watanabe,1,2000,4000,0.0,0,0,"[0, 0]",10,319.6651123769998
regular,50,50,52,1.6446782270625186,"c=1,d=0.1",watanabe,1,2000,4000,0.0,0,0,"[0, 0]",6,24.555265399000746
e-singular,50,50,52,2.4514543745275126,"c=1,d=0.1",watanabe,1,2000,4000,0.0,0,0,"[0, 0]",9,25.936492933999943
singular1,50,50,52,1.401326922443352,"c=1,d=0.1",watanabe,1,2000,4000,0.0,0,0,"[0, 0]",8,29.855423303999487
singular2,50,50,52,1.3661341142173324,"c=1,d=0.1",watanabe,1,2000,4000,0.0,0,0,"[0, 0]",8,29.662771758000417
regular,50,50,52,1.3725997134366257,"c=1,d=1",watanabe,1,2000,4000,0.0,0,0,"[0, 0]",5,31.420911230000456
e-singular,50,50,52,1.2742102039992758,"c=1,d=1",watanabe,1,2000,4000,0.0,0,0,"[0, 0]",8,33.25625934999971
singular1,50,50,52,1.2804454311268965,"c=1,d=1",watanabe,1,2000,4000,0.0,0,0,"[0, 0]",9,34.13033302900021
singular2,50,50,52,0.9520800000255696,"c=1,d=1",watanabe,1,2000,4000,0.0,0,0,"[0, 0]",7,30.412834388000192
regular,50,50,52,1.4501686019831723,"c=1,d=10",watanabe,1,2000,4000,0.0,0,0,"[0, 0]",5,40.09306261900019
e-singular,50,50,52,1.3584935378208889,"c=1,d=10",watanabe,1,2000,4000,0.0,0,0,"[0, 0]",8,36.35144823700011
singular1,50,50,52,1.251231581609057,"c=1,d=10",watanabe,1,2000,4000,0.0,0,0,"[0, 0]",10,39.18892063300064
singular2,50,50,52,0.9777872142207192,"c=1,d=10",watanabe,1,2000,4000,0.0,0,0,"[0, 0]",9,35.95317994499965
regular,250,250,52,0.7226467871682116,"c=1,d=0.1",watanabe,1,2000,4000,0.0,0,0,"[0, 0]",6,31.953579721000096
e-singular,250,250,52,0.8304874005596289,"c=1,d=0.1",watanabe,1,2000,4000,0.0,0,0,"[0, 0]",9,33.755803927999295
singular1,250,250,52,1.5346093986790514,"c=1,d=0.1",watanabe,1,2000,4000,0.0,0,0,"[0, 0]",9,40.74110383700008
singular2,250,250,52,0.831624218078007,"c=1,d=0.1",watanabe,1,2000,4000,0.0,0,0,"[0, 0]",8,39.28274314899954
regular,250,250,52,1.3408947055397489,"c=1,d=1",watanabe,1,2000,4000,0.0,0,0,"[0, 0]",5,27.670279928000127
e-singular,250,250,52,1.6060517675155563,"c=1,d=1",watanabe,1,2000,4000,0.0,0,0,"[0, 0]",9,40.178869377999945
singular1,250,250,52,1.1065381814957396,"c=1,d=1",watanabe,1,2000,4000,0.0,0,0,"[0, 0]",10,45.14649250999992
singular2,250,250,52,0.9198131284556544,"c=1,d=1",watanabe,1,2000,4000,0.0,0,0,"[0, 0]",9,40.87990703000014
regular,250,250,52,1.4654539769492554,"c=1,d=10",watanabe,1,2000,4000,0.0,0,0,"[0, 0]",5,44.10961879599927
e-singular,250,250,52,1.578998205179199,"c=1,d=10",watanabe,1,2000,4000,0.0,0,0,"[0, 0]",8,37.67167186999996
singular1,250,250,52,1.121155218965926,"c=1,d=10",watanabe,1,2000,4000,0.0,0,0,"[0, 0]",10,42.13100781799949
singular2,250,250,52,0.8856787614285727,"c=1,d=10",watanabe,1,2000,4000,0.0,0,0,"[0, 0]",9,39.43593644799967
regular,5000,5000,52,1.5769450578205273,"c=1,d=0.1",watanabe,1,2000,4000,0.0,0,0,"[0, 0]",5,88.20851492400016
e-singular,5000,5000,52,1.4438793827932863,"c=1,d=0.1",watanabe,1,2000,4000,0.0,0,0,"[0, 0]",7,99.3612632989998
singular1,5000,5000,52,0.4324487466708949,"c=1,d=0.1",watanabe,1,2000,4000,0.0,0,0,"[0, 0]",10,266.2525313899996
singular2,5000,5000,52,0.6782775768103725,"c=1,d=0.1",watanabe,1,2000,4000,0.0,0,0,"[0, 0]",10,224.7943649359995
regular,5000,5000,52,1.4208450857323534,"c=1,d=1",watanabe,1,2000,4000,0.0,0,0,"[0, 0]",6,106.72490505099996
e-singular,5000,5000,52,1.452395311223004,"c=1,d=1",watanabe,1,2000,4000,0.0,0,0,"[0, 0]",7,101.41863884000033
singular1,5000,5000,52,0.7960086661274414,"c=1,d=1",watanabe,1,2000,4000,0.0,0,0,"[0, 0]",10,225.3535052480001
singular2,5000,5000,52,0.8218618281955984,"c=1,d=1",watanabe,1,2000,4000,0.0,0,0,"[0, 0]",10,255.5468862029993
regular,5000,5000,52,1.5410911852649205,"c=1,d=10",watanabe,1,2000,4000,0.0,0,0,"[0, 0]",5,78.38760471099977
e-singular,5000,5000,52,1.5864466067129848,"c=1,d=10",watanabe,1,2000,4000,0.0,0,0,"[0, 0]",7,183.388073438
singular1,5000,5000,52,0.7409082936141139,"c=1,d=10",watanabe,1,2000,4000,0.0,0,0,"[0, 0]",10,262.70389924200026
singular2,5000,5000,52,0.894180956698191,"c=1,d=10",watanabe,1,2000,4000,0.0,0,0,"[0, 0]",10,213.0856312160004
regular,50,50,53,1.9531665845933883,"c=1,d=0.1",watanabe,1,2000,4000,0.0,0,0,"[0, 0]",5,26.75971945600031
e-singular,50,50,53,1.391515356485227,"c=1,d=0.1",watanabe,1,2000,4000,0.0,0,0,"[0, 0]",8,27.76308484799938
singular1,50,50,53,2.164768646657373,"c=1,d=0.1",watanabe,1,2000,4000,0.0,0,0,"[0, 0]",8,27.88622486300028
singular2,50,50,53,1.235826491790441,"c=1,d=0.1",watanabe,1,2000,4000,0.0,0,0,"[0, 0]",8,29.671308355999827
regular,50,50,53,1.4638077735835622,"c=1,d=1",watanabe,1,2000,4000,0.0,0,0,"[0, 0]",5,28.00183730000026
e-singular,50,50,53,1.015023129609029,"c=1,d=1",watanabe,1,2000,4000,0.0,0,0,"[0, 0]",8,26.84571818099994
singular1,50,50,53,1.0988523910508323,"c=1,d=1",watanabe,1,2000,4000,0.0,0,0,"[0, 0]",8,28.94405606500004
singular2,50,50,53,0.9792005598468484,"c=1,d=1",watanabe,1,2000,4000,0.0,0,0,"[0, 0]",7,27.820551633999457
regular,50,50,53,1.47788391888464,"c=1,d=10",watanabe,1,2000,4000,0.0,0,0,"[0, 0]",5,25.32075299799999
e-singular,50,50,53,1.0307456838376563,"c=1,d=10",watanabe,1,2000,4000,0.0,0,0,"[0, 0]",9,25.84091918799913
singular1,50,50,53,1.1277520267570436,"c=1,d=10",watanabe,1,2000,4000,0.0,0,0,"[0, 0]",9,26.94824541399976
singular2,50,50,53,0.8984421260092939,"c=1,d=10",watanabe,1,2000,4000,0.0,0,0,"[0, 0]",9,26.42265331199997
regular,250,250,53,1.6970822053939298,"c=1,d=0.1",watanabe,1,2000,4000,0.0,0,0,"[0, 0]",5,26.55465344599997
e-singular,250,250,53,0.5469820107321854,"c=1,d=0.1",watanabe,1,2000,4000,0.0,0,0,"[0, 0]",9,34.985587117999785
singular1,250,250,53,1.6231186754395177,"c=1,d=0.1",watanabe,1,2000,4000,0.0,0,0,"[0, 0]",10,34.68235657199966
singular2,250,250,53,0.2219847002957429,"c=1,d=0.1",watanabe,1,2000,4000,0.0,0,0,"[0, 0]",9,34.15960838000046
regular,250,250,53,1.4243760235691665,"c=1,d=1",watanabe,1,2000,4000,0.0,0,0,"[0, 0]",5,34.50387820499964
e-singular,250,250,53,1.7015800801972778,"c=1,d=1",watanabe,1,2000,4000,0.0,0,0,"[0, 0]",8,33.434059534999506
singular1,250,250,53,1.176743224685064,"c=1,d=1",watanabe,1,2000,4000,0.0,0,0,"[0, 0]",10,53.15591073399992
singular2,250,250,53,1.0955368107361934,"c=1,d=1",watanabe,1,2000,4000,0.0,0,0,"[0, 0]",8,40.96067872599997
regular,250,250,53,1.47474428364101,"c=1,d=10",watanabe,1,2000,4000,0.0,0,0,"[0, 0]",5,38.28509812500033
e-singular,250,250,53,1.5865534586078294,"c=1,d=10",watanabe,1,2000,4000,0.0,0,0,"[0, 0]",10,36.62482092400023
singular1,250,250,53,1.0512639929625007,"c=1,d=10",watanabe,1,2000,4000,0.0,0,0,"[0, 0]",10,39.55161681499976
singular2,250,250,53,1.0101136393503456,"c=1,d=10",watanabe,1,2000,4000,0.0,0,0,"[0, 0]",10,33.60137217600004
regular,5000,5000,53,1.7892223129926397,"c=1,d=0.1",watanabe,1,2000,4000,0.0,0,0,"[0, 0]",5,80.22929800400016
e-singular,5000,5000,53,1.658526393142128,"c=1,d=0.1",watanabe,1,2000,4000,0.0,0,0,"[0, 0]",6,111.59531826000055
singular1,5000,5000,53,1.83786529384406,"c=1,d=0.1",watanabe,1,2000,4000,0.0,0,0,"[0, 0]",10,228.47023554000043
singular2,5000,5000,53,0.3509985609224395,"c=1,d=0.1",watanabe,1,2000,4000,0.0,0,0,"[0, 0]",10,208.703556812
regular,5000,5000,53,1.592657064973087,"c=1,d=1",watanabe,1,2000,4000,0.0,0,0,"[0, 0]",5,81.51141964199996
e-singular,5000,5000,53,1.3487537046972908,"c=1,d=1",watanabe,1,2000,4000,0.0,0,0,"[0, 0]",7,100.64795998200044
singular1,5000,5000,53,0.9521805314548266,"c=1,d=1",watanabe,1,2000,4000,0.0,0,0,"[0, 0]",10,218.90453793100005
singular2,5000,5000,53,0.7237126595772971,"c=1,d=1",watanabe,1,2000,4000,0.0,0,0,"[0, 0]",10,198.9153343239996
regular,5000,5000,53,1.5038831983655256,"c=1,d=10",watanabe,1,2000,4000,0.0,0,0,"[0, 0]",5,82.35715175699988
e-singular,5000,5000,53,1.5385412600551944,"c=1,d=10",watanabe,1,2000,4000,0.0,0,0,"[0, 0]",7,105.21376371699988
singular1,5000,5000,53,0.745154087638301,"c=1,d=10",watanabe,1,2000,4000,0.0,0,0,"[0, 0]",10,198.1661640839993
singular2,5000,5000,53,0.8501245808799238,"c=1,d=10",watanabe,1,2000,4000,0.0,0,0,"[0, 0]",10,261.7622882860005
regular,50,50,54,1.8851644540669088,"c=1,d=0.1",watanabe,1,2000,4000,0.0,0,0,"[0, 0]",5,27.177642314999503
e-singular,50,50,54,0.2606901454071899,"c=1,d=0.1",watanabe,1,2000,4000,0.0,0,0,"[0, 0]",8,35.64329591400019
singular1,50,50,54,1.013245420087352,"c=1,d=0.1",watanabe,1,2000,4000,0.0,0,0,"[0, 0]",8,35.84989310099991
singular2,50,50,54,0.4004076707542725,"c=1,d=0.1",watanabe,1,2000,4000,0.0,0,0,"[0, 0]",8,34.787225437000416
regular,50,50,54,1.3191257310684603,"c=1,d=1",watanabe,1,2000,4000,0.0,0,0,"[0, 0]",5,28.73123713899986
e-singular,50,50,54,1.0728269755505333,"c=1,d=1",watanabe,1,2000,4000,0.0,0,0,"[0, 0]",8,25.76042250499995
singular1,50,50,54,1.079220203904045,"c=1,d=1",watanabe,1,2000,4000,0.0,0,0,"[0, 0]",9,35.82871583500037
singular2,50,50,54,0.94729204416464,"c=1,d=1",watanabe,1,2000,4000,0.0,0,0,"[0, 0]",8,35.18785563199981
regular,50,50,54,1.2973611953945443,"c=1,d=10",watanabe,1,2000,4000,0.0,0,0,"[0, 0]",5,40.24514274299963
e-singular,50,50,54,1.0489782781342225,"c=1,d=10",watanabe,1,2000,4000,0.0,0,0,"[0, 0]",9,41.3595898349995
singular1,50,50,54,1.1118516788921395,"c=1,d=10",watanabe,1,2000,4000,0.0,0,0,"[0, 0]",10,42.02748893400076
singular2,50,50,54,1.0753840298551656,"c=1,d=10",watanabe,1,2000,4000,0.0,0,0,"[0, 0]",10,47.8963839930002
regular,250,250,54,1.6630696553104871,"c=1,d=0.1",watanabe,1,2000,4000,0.0,0,0,"[0, 0]",5,38.95291292500042
e-singular,250,250,54,3.899103979384405,"c=1,d=0.1",watanabe,1,2000,4000,0.0,0,0,"[0, 0]",8,39.05700878100015
singular1,250,250,54,0.9336329608028228,"c=1,d=0.1",watanabe,1,2000,4000,0.0,0,0,"[0, 0]",9,40.032243419000224
singular2,250,250,54,1.734675573614659,"c=1,d=0.1",watanabe,1,2000,4000,0.0,0,0,"[0, 0]",8,49.13097281999944
regular,250,250,54,1.3615699138849362,"c=1,d=1",watanabe,1,2000,4000,0.0,0,0,"[0, 0]",5,50.68554708299962
e-singular,250,250,54,1.633041515392181,"c=1,d=1",watanabe,1,2000,4000,0.0,0,0,"[0, 0]",8,52.921672232000674
singular1,250,250,54,1.0668475459772262,"c=1,d=1",watanabe,1,2000,4000,0.0,0,0,"[0, 0]",10,54.34892061000028
singular2,250,250,54,1.0310072996198991,"c=1,d=1",watanabe,1,2000,4000,0.0,0,0,"[0, 0]",8,45.18363802899967
regular,250,250,54,1.5190014180096862,"c=1,d=10",watanabe,1,2000,4000,0.0,0,0,"[0, 0]",5,26.059833312000592
e-singular,250,250,54,1.772092322579239,"c=1,d=10",watanabe,1,2000,4000,0.0,0,0,"[0, 0]",8,32.26531287299986
singular1,250,250,54,1.0245186312911758,"c=1,d=10",watanabe,1,2000,4000,0.0,0,0,"[0, 0]",10,49.47197791599956
singular2,250,250,54,0.7959339271493626,"c=1,d=10",watanabe,1,2000,4000,0.0,0,0,"[0, 0]",9,54.323534049000045
regular,5000,5000,54,2.076977054922772,"c=1,d=0.1",watanabe,1,2000,4000,0.0,0,0,"[0, 0]",5,105.79541203999996
e-singular,5000,5000,54,1.0062442444313944,"c=1,d=0.1",watanabe,1,2000,4000,0.0,0,0,"[0, 0]",7,117.95055991899972
singular1,5000,5000,54,0.6178295266162233,"c=1,d=0.1",watanabe,1,2000,4000,0.0,0,0,"[0, 0]",10,208.56155559299987
singular2,5000,5000,54,0.5128288752268618,"c=1,d=0.1",watanabe,1,2000,4000,0.0,0,0,"[0, 0]",10,221.58947229000023
regular,5000,5000,54,1.597979885944688,"c=1,d=1",watanabe,1,2000,4000,0.0,0,0,"[0, 0]",5,78.0232733289995
e-singular,5000,5000,54,1.432764124356034,"c=1,d=1",watanabe,1,2000,4000,0.0,0,0,"[0, 0]",7,109.57030426500025
singular1,5000,5000,54,0.8635290190471167,"c=1,d=1",watanabe,1,2000,4000,0.0,0,0,"[0, 0]",10,203.83613241400053
singular2,5000,5000,54,0.8182825188595113,"c=1,d=1",watanabe,1,2000,4000,0.0,0,0,"[0, 0]",10,256.18078496400085
regular,5000,5000,54,1.4582329664357168,"c=1,d=10",watanabe,1,2000,4000,0.0,0,0,"[0, 0]",5,81.8884761169993
e-singular,5000,5000,54,1.5462193301891405,"c=1,d=10",watanabe,1,2000,4000,0.0,0,0,"[0, 0]",6,101.0670078310004
singular1,5000,5000,54,0.7960663103135383,"c=1,d=10",watanabe,1,2000,4000,0.0,0,0,"[0, 0]",10,255.96303426399936
singular2,5000,5000,54,0.766757874186915,"c=1,d=10",watanabe,1,2000,4000,0.0,0,0,"[0, 0]",10,268.02819536599964
regular,50,50,55,1.8653669549005416,"c=1,d=0.1",watanabe,1,2000,4000,0.0,0,0,"[0, 0]",5,24.614133279999805
e-singular,50,50,55,0.0055979541684611,"c=1,d=0.1",watanabe,1,2000,4000,0.0,0,0,"[0, 0]",8,25.705702281000413
singular1,50,50,55,-0.3674986050284743,"c=1,d=0.1",watanabe,1,2000,4000,0.0,0,0,"[0, 0]",9,29.944143309001447
singular2,50,50,55,0.7226364807059144,"c=1,d=0.1",watanabe,1,2000,4000,0.0,0,0,"[0, 0]",7,29.271479989
regular,50,50,55,1.4809448234640603,"c=1,d=1",watanabe,1,2000,4000,0.0,0,0,"[0, 0]",5,44.06696442999964
e-singular,50,50,55,1.1306908148898804,"c=1,d=1",watanabe,1,2000,4000,0.0,0,0,"[0, 0]",8,52.74041271900023
singular1,50,50,55,1.0395809780485732,"c=1,d=1",watanabe,1,2000,4000,0.0,0,0,"[0, 0]",9,49.76354950200039
singular2,50,50,55,1.0346565002639792,"c=1,d=1",watanabe,1,2000,4000,0.0,0,0,"[0, 0]",8,51.641689870000846
regular,50,50,55,1.3840285653298363,"c=1,d=10",watanabe,1,2000,4000,0.0,0,0,"[0, 0]",5,29.840791144999457
e-singular,50,50,55,1.3564899092596323,"c=1,d=10",watanabe,1,2000,4000,0.0,0,0,"[0, 0]",8,27.992968552000093
singular1,50,50,55,1.0731523368805498,"c=1,d=10",watanabe,1,2000,4000,0.0,0,0,"[0, 0]",9,29.17934771799992
singular2,50,50,55,0.9617750559239938,"c=1,d=10",watanabe,1,2000,4000,0.0,0,0,"[0, 0]",10,32.90019333300006
regular,250,250,55,1.5544150532743792,"c=1,d=0.1",watanabe,1,2000,4000,0.0,0,0,"[0, 0]",5,39.38321876599912
e-singular,250,250,55,2.549028385806038,"c=1,d=0.1",watanabe,1,2000,4000,0.0,0,0,"[0, 0]",7,55.02531820500008
singular1,250,250,55,1.8771944562273344,"c=1,d=0.1",watanabe,1,2000,4000,0.0,0,0,"[0, 0]",10,58.79459822299941
singular2,250,250,55,0.7864259506109145,"c=1,d=0.1",watanabe,1,2000,4000,0.0,0,0,"[0, 0]",8,50.07426886999929
regular,250,250,55,1.4071172089557271,"c=1,d=1",watanabe,1,2000,4000,0.0,0,0,"[0, 0]",5,44.30277702300009
e-singular,250,250,55,1.9442551143459312,"c=1,d=1",watanabe,1,2000,4000,0.0,0,0,"[0, 0]",8,42.44659661999867
singular1,250,250,55,0.977313879327702,"c=1,d=1",watanabe,1,2000,4000,0.0,0,0,"[0, 0]",10,48.51168950700048
singular2,250,250,55,1.0066629205429691,"c=1,d=1",watanabe,1,2000,4000,0.0,0,0,"[0, 0]",9,42.497485023999616
regular,250,250,55,1.4042887007938043,"c=1,d=10",watanabe,1,2000,4000,0.0,0,0,"[0, 0]",5,48.53361964500073
e-singular,250,250,55,1.6180636984543368,"c=1,d=10",watanabe,1,2000,4000,0.0,0,0,"[0, 0]",9,48.4520742349996
singular1,250,250,55,0.9656781251437851,"c=1,d=10",watanabe,1,2000,4000,0.0,0,0,"[0, 0]",10,48.40112678800142
singular2,250,250,55,0.8731066392404379,"c=1,d=10",watanabe,1,2000,4000,0.0,0,0,"[0, 0]",10,52.51110189499923
regular,5000,5000,55,1.5136458945558442,"c=1,d=0.1",watanabe,1,2000,4000,0.0,0,0,"[0, 0]",5,84.89795750699886
e-singular,5000,5000,55,0.7534264655263048,"c=1,d=0.1",watanabe,1,2000,4000,0.0,0,0,"[0, 0]",6,100.10129928600144
singular1,5000,5000,55,0.624225870694702,"c=1,d=0.1",watanabe,1,2000,4000,0.0,0,0,"[0, 0]",10,210.80546339600005
singular2,5000,5000,55,0.4903425078865975,"c=1,d=0.1",watanabe,1,2000,4000,0.0,0,0,"[0, 0]",10,188.3064561949996
regular,5000,5000,55,1.426417209898654,"c=1,d=1",watanabe,1,2000,4000,0.0,0,0,"[0, 0]",5,83.4739804410001
e-singular,5000,5000,55,1.6970512548395082,"c=1,d=1",watanabe,1,2000,4000,0.0,0,0,"[0, 0]",7,95.06780403000084
singular1,5000,5000,55,0.8306261019688006,"c=1,d=1",watanabe,1,2000,4000,0.0,0,0,"[0, 0]",10,183.0632387620008
singular2,5000,5000,55,0.7145220864976075,"c=1,d=1",watanabe,1,2000,4000,0.0,0,0,"[0, 0]",10,196.88982893799948
regular,5000,5000,55,1.494258723982096,"c=1,d=10",watanabe,1,2000,4000,0.0,0,0,"[0, 0]",5,77.62068743000054
e-singular,5000,5000,55,1.4070279672957031,"c=1,d=10",watanabe,1,2000,4000,0.0,0,0,"[0, 0]",6,95.3010368819996
singular1,5000,5000,55,0.7238450410488236,"c=1,d=10",watanabe,1,2000,4000,0.0,0,0,"[0, 0]",10,251.4359193839992
singular2,5000,5000,55,0.8540850494958196,"c=1,d=10",watanabe,1,2000,4000,0.0,0,0,"[0, 0]",10,260.94652242200027
regular,50,50,56,1.2031108701109388,"c=1,d=0.1",watanabe,1,2000,4000,0.0,0,0,"[0, 0]",5,27.026601391999066
e-singular,50,50,56,0.1018464180999586,"c=1,d=0.1",watanabe,1,2000,4000,0.0,0,0,"[0, 0]",8,28.90402914200058
singular1,50,50,56,1.3668690605936658,"c=1,d=0.1",watanabe,1,2000,4000,0.0,0,0,"[0, 0]",8,43.95731660100137
singular2,50,50,56,0.9108011993766992,"c=1,d=0.1",watanabe,1,2000,4000,0.0,0,0,"[0, 0]",8,43.58326622200002
regular,50,50,56,1.086201830082564,"c=1,d=1",watanabe,1,2000,4000,0.0,0,0,"[0, 0]",5,48.561018656999295
e-singular,50,50,56,1.260341211400473,"c=1,d=1",watanabe,1,2000,4000,0.0,0,0,"[0, 0]",8,46.43504258599933
singular1,50,50,56,1.0170030462425774,"c=1,d=1",watanabe,1,2000,4000,0.0,0,0,"[0, 0]",8,41.40147427000011
singular2,50,50,56,0.9140928947544836,"c=1,d=1",watanabe,1,2000,4000,0.0,0,0,"[0, 0]",8,47.54786943600084
regular,50,50,56,1.3570285878334278,"c=1,d=10",watanabe,1,2000,4000,0.0,0,0,"[0, 0]",5,51.64196762699976
e-singular,50,50,56,1.4656998221514768,"c=1,d=10",watanabe,1,2000,4000,0.0,0,0,"[0, 0]",7,53.28094953300024
singular1,50,50,56,0.9748806665193308,"c=1,d=10",watanabe,1,2000,4000,0.0,0,0,"[0, 0]",9,49.415236479999294
singular2,50,50,56,0.969095056786048,"c=1,d=10",watanabe,1,2000,4000,0.0,0,0,"[0, 0]",10,51.18933986699994
regular,250,250,56,1.374056763920076,"c=1,d=0.1",watanabe,1,2000,4000,0.0,0,0,"[0, 0]",5,25.406965390999176
e-singular,250,250,56,2.976090482739444,"c=1,d=0.1",watanabe,1,2000,4000,0.0,0,0,"[0, 0]",8,29.00597040700086
singular1,250,250,56,0.9250989169054326,"c=1,d=0.1",watanabe,1,2000,4000,0.0,0,0,"[0, 0]",9,35.61227047200009
singular2,250,250,56,1.5176028665378691,"c=1,d=0.1",watanabe,1,2000,4000,0.0,0,0,"[0, 0]",8,58.93333452799925
regular,250,250,56,1.4987414672067378,"c=1,d=1",watanabe,1,2000,4000,0.0,0,0,"[0, 0]",5,51.58237999999983
e-singular,250,250,56,1.598152296495124,"c=1,d=1",watanabe,1,2000,4000,0.0,0,0,"[0, 0]",8,60.09476249599902
singular1,250,250,56,1.102106910009407,"c=1,d=1",watanabe,1,2000,4000,0.0,0,0,"[0, 0]",10,58.45231706099912
singular2,250,250,56,1.0285070789038295,"c=1,d=1",watanabe,1,2000,4000,0.0,0,0,"[0, 0]",9,51.8914812969997
regular,250,250,56,1.4512080556498277,"c=1,d=10",watanabe,1,2000,4000,0.0,0,0,"[0, 0]",5,53.56565615100044
e-singular,250,250,56,1.6782651016659385,"c=1,d=10",watanabe,1,2000,4000,0.0,0,0,"[0, 0]",8,52.866593916000056
singular1,250,250,56,1.020874693078617,"c=1,d=10",watanabe,1,2000,4000,0.0,0,0,"[0, 0]",10,66.74335676599912
singular2,250,250,56,0.9610511692476004,"c=1,d=10",watanabe,1,2000,4000,0.0,0,0,"[0, 0]",9,60.08846071199878
regular,5000,5000,56,0.8401004827852456,"c=1,d=0.1",watanabe,1,2000,4000,0.0,0,0,"[0, 0]",5,95.99784868400091
e-singular,5000,5000,56,-0.0362049457149686,"c=1,d=0.1",watanabe,1,2000,4000,0.0,0,0,"[0, 0]",7,125.24446469599934
singular1,5000,5000,56,-0.2296300555445346,"c=1,d=0.1",watanabe,1,2000,4000,0.0,0,0,"[0, 0]",10,245.6779145460005
singular2,5000,5000,56,0.6671069400152758,"c=1,d=0.1",watanabe,1,2000,4000,0.0,0,0,"[0, 0]",10,236.8171510909997
regular,5000,5000,56,1.5242549340891545,"c=1,d=1",watanabe,1,2000,4000,0.0,0,0,"[0, 0]",5,78.99680708499909
e-singular,5000,5000,56,1.449370745398438,"c=1,d=1",watanabe,1,2000,4000,0.0,0,0,"[0, 0]",6,116.89046198799952
singular1,5000,5000,56,0.815926946098774,"c=1,d=1",watanabe,1,2000,4000,0.0,0,0,"[0, 0]",10,233.97740681300093
singular2,5000,5000,56,0.5672430174330652,"c=1,d=1",watanabe,1,2000,4000,0.0,0,0,"[0, 0]",10,266.3577187659994
regular,5000,5000,56,1.5431454795113315,"c=1,d=10",watanabe,1,2000,4000,0.0,0,0,"[0, 0]",6,117.5033626250006
e-singular,5000,5000,56,1.478206869422903,"c=1,d=10",watanabe,1,2000,4000,0.0,0,0,"[0, 0]",7,167.45070852500066
singular1,5000,5000,56,0.8106976183310061,"c=1,d=10",watanabe,1,2000,4000,0.0,0,0,"[0, 0]",10,227.0736234420001
singular2,5000,5000,56,0.8226238769261223,"c=1,d=10",watanabe,1,2000,4000,0.0,0,0,"[0, 0]",10,314.1457671290009
regular,50,50,57,1.3309977213318431,"c=1,d=0.1",watanabe,1,2000,4000,0.0,0,0,"[0, 0]",5,24.10757225099951
e-singular,50,50,57,2.5270052942495087,"c=1,d=0.1",watanabe,1,2000,4000,0.0,0,0,"[0, 0]",8,25.76536572999976
singular1,50,50,57,1.1648515532718735,"c=1,d=0.1",watanabe,1,2000,4000,0.0,0,0,"[0, 0]",8,26.037216954999167
singular2,50,50,57,1.037442169173169,"c=1,d=0.1",watanabe,1,2000,4000,0.0,0,0,"[0, 0]",8,27.980418020999423
regular,50,50,57,1.3922198790565463,"c=1,d=1",watanabe,1,2000,4000,0.0,0,0,"[0, 0]",6,28.18307565699979
e-singular,50,50,57,1.0503074539634352,"c=1,d=1",watanabe,1,2000,4000,0.0,0,0,"[0, 0]",8,31.44832373999997
singular1,50,50,57,1.0883931596173615,"c=1,d=1",watanabe,1,2000,4000,0.0,0,0,"[0, 0]",9,27.556182399001045
singular2,50,50,57,0.8916064004264533,"c=1,d=1",watanabe,1,2000,4000,0.0,0,0,"[0, 0]",8,29.478207017000383
regular,50,50,57,1.511732868416743,"c=1,d=10",watanabe,1,2000,4000,0.0,0,0,"[0, 0]",5,29.396986395000567
e-singular,50,50,57,1.0968644887766497,"c=1,d=10",watanabe,1,2000,4000,0.0,0,0,"[0, 0]",8,30.16654446299981
singular1,50,50,57,0.9887658721025638,"c=1,d=10",watanabe,1,2000,4000,0.0,0,0,"[0, 0]",9,28.69787688799988
singular2,50,50,57,0.9682805563267308,"c=1,d=10",watanabe,1,2000,4000,0.0,0,0,"[0, 0]",8,27.98549083999933
regular,250,250,57,2.735528319223307,"c=1,d=0.1",watanabe,1,2000,4000,0.0,0,0,"[0, 0]",5,33.985501237999415
e-singular,250,250,57,2.4774785030395194,"c=1,d=0.1",watanabe,1,2000,4000,0.0,0,0,"[0, 0]",8,39.55436916300096
singular1,250,250,57,1.785251839563362,"c=1,d=0.1",watanabe,1,2000,4000,0.0,0,0,"[0, 0]",9,43.08434001100068
singular2,250,250,57,0.9909763126371294,"c=1,d=0.1",watanabe,1,2000,4000,0.0,0,0,"[0, 0]",9,40.70303408399923
regular,250,250,57,1.511216150836982,"c=1,d=1",watanabe,1,2000,4000,0.0,0,0,"[0, 0]",5,35.64718258799985
e-singular,250,250,57,1.397417480255363,"c=1,d=1",watanabe,1,2000,4000,0.0,0,0,"[0, 0]",7,35.455297013000745
singular1,250,250,57,0.9245527245573728,"c=1,d=1",watanabe,1,2000,4000,0.0,0,0,"[0, 0]",10,43.60767981000026
singular2,250,250,57,1.108756037742925,"c=1,d=1",watanabe,1,2000,4000,0.0,0,0,"[0, 0]",9,42.49978052300139
regular,250,250,57,1.5862051452544503,"c=1,d=10",watanabe,1,2000,4000,0.0,0,0,"[0, 0]",5,26.715030507999472
e-singular,250,250,57,1.5471856347106674,"c=1,d=10",watanabe,1,2000,4000,0.0,0,0,"[0, 0]",7,28.89188650799952
singular1,250,250,57,0.9750215169462793,"c=1,d=10",watanabe,1,2000,4000,0.0,0,0,"[0, 0]",9,46.95764586699988
singular2,250,250,57,0.8907817890159943,"c=1,d=10",watanabe,1,2000,4000,0.0,0,0,"[0, 0]",10,38.19624914300039
regular,5000,5000,57,1.0441626956139087,"c=1,d=0.1",watanabe,1,2000,4000,0.0,0,0,"[0, 0]",5,78.24167773100089
e-singular,5000,5000,57,0.855584155681535,"c=1,d=0.1",watanabe,1,2000,4000,0.0,0,0,"[0, 0]",7,107.66612166499908
singular1,5000,5000,57,1.137494131305458,"c=1,d=0.1",watanabe,1,2000,4000,0.0,0,0,"[0, 0]",10,218.0231441489996
singular2,5000,5000,57,0.8456825744059466,"c=1,d=0.1",watanabe,1,2000,4000,0.0,0,0,"[0, 0]",10,204.6579002599992
regular,5000,5000,57,1.867097979874786,"c=1,d=1",watanabe,1,2000,4000,0.0,0,0,"[0, 0]",5,81.50130645399986
e-singular,5000,5000,57,1.6182381363755731,"c=1,d=1",watanabe,1,2000,4000,0.0,0,0,"[0, 0]",6,99.84433136799998
singular1,5000,5000,57,0.8757854694689385,"c=1,d=1",watanabe,1,2000,4000,0.0,0,0,"[0, 0]",10,225.93175357499968
singular2,5000,5000,57,0.8777482242561907,"c=1,d=1",watanabe,1,2000,4000,0.0,0,0,"[0, 0]",10,230.062187046
regular,5000,5000,57,1.4623750616195834,"c=1,d=10",watanabe,1,2000,4000,0.0,0,0,"[0, 0]",5,80.56836595999994
e-singular,5000,5000,57,1.563964266930287,"c=1,d=10",watanabe,1,2000,4000,0.0,0,0,"[0, 0]",7,103.7217486160007
singular1,5000,5000,57,0.7982273426790798,"c=1,d=10",watanabe,1,2000,4000,0.0,0,0,"[0, 0]",10,240.981017786
singular2,5000,5000,57,0.724349944838839,"c=1,d=10",watanabe,1,2000,4000,0.0,0,0,"[0, 0]",10,266.1257748759999
regular,50,50,58,1.7469503005697715,"c=1,d=0.1",watanabe,1,2000,4000,0.0,0,0,"[0, 0]",5,23.87591115900068
e-singular,50,50,58,1.4867609466710217,"c=1,d=0.1",watanabe,1,2000,4000,0.0,0,0,"[0, 0]",8,26.006053330000213
singular1,50,50,58,0.9851490378084587,"c=1,d=0.1",watanabe,1,2000,4000,0.0,0,0,"[0, 0]",9,27.712882306999745
singular2,50,50,58,1.679203072032367,"c=1,d=0.1",watanabe,1,2000,4000,0.0,0,0,"[0, 0]",7,27.534672546000365
regular,50,50,58,1.5041543298178532,"c=1,d=1",watanabe,1,2000,4000,0.0,0,0,"[0, 0]",5,43.9633230039999
e-singular,50,50,58,1.007823394899134,"c=1,d=1",watanabe,1,2000,4000,0.0,0,0,"[0, 0]",8,44.35807530800048
singular1,50,50,58,1.1482410014001372,"c=1,d=1",watanabe,1,2000,4000,0.0,0,0,"[0, 0]",10,44.12400055800026
singular2,50,50,58,0.8458153598358958,"c=1,d=1",watanabe,1,2000,4000,0.0,0,0,"[0, 0]",8,44.23840444200141
regular,50,50,58,1.4292960246557196,"c=1,d=10",watanabe,1,2000,4000,0.0,0,0,"[0, 0]",5,29.249469385998964
e-singular,50,50,58,1.1534155782670514,"c=1,d=10",watanabe,1,2000,4000,0.0,0,0,"[0, 0]",8,29.206337288000213
singular1,50,50,58,1.190213790837758,"c=1,d=10",watanabe,1,2000,4000,0.0,0,0,"[0, 0]",10,31.309260127000016
singular2,50,50,58,0.904221641578763,"c=1,d=10",watanabe,1,2000,4000,0.0,0,0,"[0, 0]",8,28.156134172999373
regular,250,250,58,1.9366425017711244,"c=1,d=0.1",watanabe,1,2000,4000,0.0,0,0,"[0, 0]",5,35.721749100001034
e-singular,250,250,58,0.1858123035073528,"c=1,d=0.1",watanabe,1,2000,4000,0.0,0,0,"[0, 0]",7,39.16474127799847
singular1,250,250,58,1.3268643353774512,"c=1,d=0.1",watanabe,1,2000,4000,0.0,0,0,"[0, 0]",9,47.83914093899875
singular2,250,250,58,1.22804237409752,"c=1,d=0.1",watanabe,1,2000,4000,0.0,0,0,"[0, 0]",8,39.86487960600061
regular,250,250,58,1.5512109742616385,"c=1,d=1",watanabe,1,2000,4000,0.0,0,0,"[0, 0]",5,35.15211120300046
e-singular,250,250,58,2.1807763371998714,"c=1,d=1",watanabe,1,2000,4000,0.0,0,0,"[0, 0]",7,37.42910931000006
singular1,250,250,58,1.0319694769944132,"c=1,d=1",watanabe,1,2000,4000,0.0,0,0,"[0, 0]",9,44.38515553899924
singular2,250,250,58,0.884227549538773,"c=1,d=1",watanabe,1,2000,4000,0.0,0,0,"[0, 0]",9,33.965010721
regular,250,250,58,1.5162678092575237,"c=1,d=10",watanabe,1,2000,4000,0.0,0,0,"[0, 0]",5,26.39495393799916
e-singular,250,250,58,1.598772376440996,"c=1,d=10",watanabe,1,2000,4000,0.0,0,0,"[0, 0]",8,52.741813692000505
singular1,250,250,58,1.0437110840436383,"c=1,d=10",watanabe,1,2000,4000,0.0,0,0,"[0, 0]",10,58.45779760699952
singular2,250,250,58,0.8862258717507387,"c=1,d=10",watanabe,1,2000,4000,0.0,0,0,"[0, 0]",10,56.8474054039998
regular,5000,5000,58,2.069613646727132,"c=1,d=0.1",watanabe,1,2000,4000,0.0,0,0,"[0, 0]",5,100.60801608300062
e-singular,5000,5000,58,1.3797683122199305,"c=1,d=0.1",watanabe,1,2000,4000,0.0,0,0,"[0, 0]",7,93.62184019300004
singular1,5000,5000,58,2.109534879823082,"c=1,d=0.1",watanabe,1,2000,4000,0.0,0,0,"[0, 0]",10,253.8030315220003
singular2,5000,5000,58,0.527499238255749,"c=1,d=0.1",watanabe,1,2000,4000,0.0,0,0,"[0, 0]",10,200.0481063669995
regular,5000,5000,58,1.5187825370427246,"c=1,d=1",watanabe,1,2000,4000,0.0,0,0,"[0, 0]",5,79.96569589899991
e-singular,5000,5000,58,1.6617737975508116,"c=1,d=1",watanabe,1,2000,4000,0.0,0,0,"[0, 0]",7,109.06425348899938
singular1,5000,5000,58,0.7803201398984215,"c=1,d=1",watanabe,1,2000,4000,0.0,0,0,"[0, 0]",10,202.31610457100032
singular2,5000,5000,58,0.7840120678688317,"c=1,d=1",watanabe,1,2000,4000,0.0,0,0,"[0, 0]",10,232.62319351099904
regular,5000,5000,58,1.4523394755388177,"c=1,d=10",watanabe,1,2000,4000,0.0,0,0,"[0, 0]",5,82.25694092399863
e-singular,5000,5000,58,1.4380778519167514,"c=1,d=10",watanabe,1,2000,4000,0.0,0,0,"[0, 0]",7,99.42995951400007
singular1,5000,5000,58,0.8277716262809112,"c=1,d=10",watanabe,1,2000,4000,0.0,0,0,"[0, 0]",10,204.5814668540006
singular2,5000,5000,58,0.7937036978278501,"c=1,d=10",watanabe,1,2000,4000,0.0,0,0,"[0, 0]",10,226.33107136499893
regular,50,50,59,0.6669710709008699,"c=1,d=0.1",watanabe,1,2000,4000,0.0,0,0,"[0, 0]",5,47.447236730999975
e-singular,50,50,59,1.904676377380393,"c=1,d=0.1",watanabe,1,2000,4000,0.0,0,0,"[0, 0]",8,48.181543315
singular1,50,50,59,1.2693298368033974,"c=1,d=0.1",watanabe,1,2000,4000,0.0,0,0,"[0, 0]",9,49.23158172000001
singular2,50,50,59,1.6314843727821748,"c=1,d=0.1",watanabe,1,2000,4000,0.0,0,0,"[0, 0]",8,48.88740107699999
regular,50,50,59,1.5513153273804623,"c=1,d=1",watanabe,1,2000,4000,0.0,0,0,"[0, 0]",5,47.66835535500002
e-singular,50,50,59,1.2231419705493245,"c=1,d=1",watanabe,1,2000,4000,0.0,0,0,"[0, 0]",8,47.91747237600004
singular1,50,50,59,1.1199143404498302,"c=1,d=1",watanabe,1,2000,4000,0.0,0,0,"[0, 0]",8,48.419548255
singular2,50,50,59,1.0282889281383047,"c=1,d=1",watanabe,1,2000,4000,0.0,0,0,"[0, 0]",9,49.719625836000034
regular,50,50,59,1.4707056962709502,"c=1,d=10",watanabe,1,2000,4000,0.0,0,0,"[0, 0]",5,47.965998771000045
e-singular,50,50,59,1.3626915300837374,"c=1,d=10",watanabe,1,2000,4000,0.0,0,0,"[0, 0]",7,46.728158827000016
singular1,50,50,59,1.198471315233285,"c=1,d=10",watanabe,1,2000,4000,0.0,0,0,"[0, 0]",10,49.48852305499997
singular2,50,50,59,1.0805930397589043,"c=1,d=10",watanabe,1,2000,4000,0.0,0,0,"[0, 0]",9,51.65565631700002
regular,250,250,59,1.1349550526247003,"c=1,d=0.1",watanabe,1,2000,4000,0.0,0,0,"[0, 0]",5,50.14804424800002
e-singular,250,250,59,1.3368516585960009,"c=1,d=0.1",watanabe,1,2000,4000,0.0,0,0,"[0, 0]",8,56.34293220199999
singular1,250,250,59,2.165362181592792,"c=1,d=0.1",watanabe,1,2000,4000,0.0,0,0,"[0, 0]",9,57.159650855
singular2,250,250,59,0.8804409441969879,"c=1,d=0.1",watanabe,1,2000,4000,0.0,0,0,"[0, 0]",8,56.69595946799996
regular,250,250,59,1.532332578465449,"c=1,d=1",watanabe,1,2000,4000,0.0,0,0,"[0, 0]",5,36.867042427
e-singular,250,250,59,1.4315077810752992,"c=1,d=1",watanabe,1,2000,4000,0.0,0,0,"[0, 0]",9,43.15815776000005
singular1,250,250,59,0.9821876304743236,"c=1,d=1",watanabe,1,2000,4000,0.0,0,0,"[0, 0]",10,47.047230024999976
singular2,250,250,59,0.7849713835343145,"c=1,d=1",watanabe,1,2000,4000,0.0,0,0,"[0, 0]",8,43.81304238400003
regular,250,250,59,1.479547375572036,"c=1,d=10",watanabe,1,2000,4000,0.0,0,0,"[0, 0]",5,36.886818624
e-singular,250,250,59,1.4538253444893012,"c=1,d=10",watanabe,1,2000,4000,0.0,0,0,"[0, 0]",9,43.26755187200001
singular1,250,250,59,0.970300900312748,"c=1,d=10",watanabe,1,2000,4000,0.0,0,0,"[0, 0]",10,50.91784112300002
singular2,250,250,59,0.7995279557299583,"c=1,d=10",watanabe,1,2000,4000,0.0,0,0,"[0, 0]",9,46.45953239099998
regular,5000,5000,59,0.8182531916655682,"c=1,d=0.1",watanabe,1,2000,4000,0.0,0,0,"[0, 0]",5,97.69904095899994
e-singular,5000,5000,59,2.681431998887532,"c=1,d=0.1",watanabe,1,2000,4000,0.0,0,0,"[0, 0]",7,120.19750876299996
singular1,5000,5000,59,2.587860250194025,"c=1,d=0.1",watanabe,1,2000,4000,0.0,0,0,"[0, 0]",10,322.62672695
singular2,5000,5000,59,0.6664799255465156,"c=1,d=0.1",watanabe,1,2000,4000,0.0,0,0,"[0, 0]",9,291.78562742
regular,5000,5000,59,1.6859232126147254,"c=1,d=1",watanabe,1,2000,4000,0.0,0,0,"[0, 0]",5,104.307576757
e-singular,5000,5000,59,1.385295607238441,"c=1,d=1",watanabe,1,2000,4000,0.0,0,0,"[0, 0]",7,130.16146486000002
singular1,5000,5000,59,0.8426856902068738,"c=1,d=1",watanabe,1,2000,4000,0.0,0,0,"[0, 0]",10,319.075704772
singular2,5000,5000,59,0.8216962662664923,"c=1,d=1",watanabe,1,2000,4000,0.0,0,0,"[0, 0]",10,344.48946593500006
regular,5000,5000,59,1.4907066733206973,"c=1,d=10",watanabe,1,2000,4000,0.0,0,0,"[0, 0]",6,139.04966323499997
e-singular,5000,5000,59,1.497076882515543,"c=1,d=10",watanabe,1,2000,4000,0.0,0,0,"[0, 0]",6,136.86851779000006
singular1,5000,5000,59,0.7998882990156843,"c=1,d=10",watanabe,1,2000,4000,0.0,0,0,"[0, 0]",10,313.864567934
singular2,5000,5000,59,0.7748562496522057,"c=1,d=10",watanabe,1,2000,4000,0.0,0,0,"[0, 0]",10,364.977982087
regular,50,50,60,1.3623256353193869,"c=1,d=0.1",watanabe,1,2000,4000,0.0,0,0,"[0, 0]",5,35.78663098200002
e-singular,50,50,60,-0.0424889653457751,"c=1,d=0.1",watanabe,1,2000,4000,0.0,0,0,"[0, 0]",8,36.767024468000045
singular1,50,50,60,0.243849183502421,"c=1,d=0.1",watanabe,1,2000,4000,0.0,0,0,"[0, 0]",8,37.58633153000005
singular2,50,50,60,0.9939742027857766,"c=1,d=0.1",watanabe,1,2000,4000,0.0,0,0,"[0, 0]",7,37.198901794
regular,50,50,60,1.393356957016227,"c=1,d=1",watanabe,1,2000,4000,0.0,0,0,"[0, 0]",5,36.81976848900001
e-singular,50,50,60,1.245260770909398,"c=1,d=1",watanabe,1,2000,4000,0.0,0,0,"[0, 0]",9,36.54724554400002
singular1,50,50,60,1.0693771593250725,"c=1,d=1",watanabe,1,2000,4000,0.0,0,0,"[0, 0]",9,42.11780609599998
singular2,50,50,60,0.8892203681885323,"c=1,d=1",watanabe,1,2000,4000,0.0,0,0,"[0, 0]",7,40.307047404999935
regular,50,50,60,1.4248551215829606,"c=1,d=10",watanabe,1,2000,4000,0.0,0,0,"[0, 0]",5,38.733193134999965
e-singular,50,50,60,1.1351510953571338,"c=1,d=10",watanabe,1,2000,4000,0.0,0,0,"[0, 0]",8,39.61393233399997
singular1,50,50,60,1.1582563203651768,"c=1,d=10",watanabe,1,2000,4000,0.0,0,0,"[0, 0]",9,42.038342164999904
singular2,50,50,60,0.9324113842513884,"c=1,d=10",watanabe,1,2000,4000,0.0,0,0,"[0, 0]",8,39.58470829099997
regular,250,250,60,1.4283661688250255,"c=1,d=0.1",watanabe,1,2000,4000,0.0,0,0,"[0, 0]",5,41.291859630999966
e-singular,250,250,60,-0.4731208410300195,"c=1,d=0.1",watanabe,1,2000,4000,0.0,0,0,"[0, 0]",9,46.950751777999926
singular1,250,250,60,1.1564456168440742,"c=1,d=0.1",watanabe,1,2000,4000,0.0,0,0,"[0, 0]",9,48.61164519900001
singular2,250,250,60,1.5363518139926784,"c=1,d=0.1",watanabe,1,2000,4000,0.0,0,0,"[0, 0]",8,48.18096584500006
regular,250,250,60,1.4955227808448164,"c=1,d=1",watanabe,1,2000,4000,0.0,0,0,"[0, 0]",5,40.73210631500001
e-singular,250,250,60,0.9400766178473392,"c=1,d=1",watanabe,1,2000,4000,0.0,0,0,"[0, 0]",8,41.69016979599997
singular1,250,250,60,0.9608195987173817,"c=1,d=1",watanabe,1,2000,4000,0.0,0,0,"[0, 0]",9,48.03523374300005
singular2,250,250,60,0.9475457419995446,"c=1,d=1",watanabe,1,2000,4000,0.0,0,0,"[0, 0]",10,48.02788684099994
regular,250,250,60,1.405041152646207,"c=1,d=10",watanabe,1,2000,4000,0.0,0,0,"[0, 0]",5,37.922067707
e-singular,250,250,60,1.4229530433688429,"c=1,d=10",watanabe,1,2000,4000,0.0,0,0,"[0, 0]",8,41.144998332
singular1,250,250,60,1.1358681687759726,"c=1,d=10",watanabe,1,2000,4000,0.0,0,0,"[0, 0]",10,52.215321484000015
singular2,250,250,60,0.9829071810345196,"c=1,d=10",watanabe,1,2000,4000,0.0,0,0,"[0, 0]",10,57.42405353000004
regular,5000,5000,60,0.7397302624160755,"c=1,d=0.1",watanabe,1,2000,4000,0.0,0,0,"[0, 0]",5,99.69571838800005
e-singular,5000,5000,60,0.868981054897153,"c=1,d=0.1",watanabe,1,2000,4000,0.0,0,0,"[0, 0]",7,139.44556878700007
singular1,5000,5000,60,0.6223016179394764,"c=1,d=0.1",watanabe,1,2000,4000,0.0,0,0,"[0, 0]",10,277.03803315999994
singular2,5000,5000,60,1.1967158888124063,"c=1,d=0.1",watanabe,1,2000,4000,0.0,0,0,"[0, 0]",10,258.6737986410001
regular,5000,5000,60,1.5990914372186622,"c=1,d=1",watanabe,1,2000,4000,0.0,0,0,"[0, 0]",5,108.04404645199998
e-singular,5000,5000,60,1.411412823336556,"c=1,d=1",watanabe,1,2000,4000,0.0,0,0,"[0, 0]",6,137.7977325349999
singular1,5000,5000,60,0.7966246451802592,"c=1,d=1",watanabe,1,2000,4000,0.0,0,0,"[0, 0]",10,262.32684066599995
singular2,5000,5000,60,0.9173822192575134,"c=1,d=1",watanabe,1,2000,4000,0.0,0,0,"[0, 0]",10,242.42073756600007
regular,5000,5000,60,1.5136953462054563,"c=1,d=10",watanabe,1,2000,4000,0.0,0,0,"[0, 0]",5,101.028861259
e-singular,5000,5000,60,1.53807245194482,"c=1,d=10",watanabe,1,2000,4000,0.0,0,0,"[0, 0]",6,128.27345197800005
singular1,5000,5000,60,0.7496274162084161,"c=1,d=10",watanabe,1,2000,4000,0.0,0,0,"[0, 0]",10,332.02938936
singular2,5000,5000,60,0.8391208597278078,"c=1,d=10",watanabe,1,2000,4000,0.0,0,0,"[0, 0]",10,289.519659326
regular,50,50,61,1.1475065119517227,"c=1,d=0.1",watanabe,1,2000,4000,0.0,0,0,"[0, 0]",5,35.569615032
e-singular,50,50,61,1.499469303688856,"c=1,d=0.1",watanabe,1,2000,4000,0.0,0,0,"[0, 0]",8,35.839746159000015
singular1,50,50,61,0.7693867373997646,"c=1,d=0.1",watanabe,1,2000,4000,0.0,0,0,"[0, 0]",8,38.17623825999999
singular2,50,50,61,0.9726878906136944,"c=1,d=0.1",watanabe,1,2000,4000,0.0,0,0,"[0, 0]",7,36.05129770999997
regular,50,50,61,1.5211369721976786,"c=1,d=1",watanabe,1,2000,4000,0.0,0,0,"[0, 0]",5,35.34304135799994
e-singular,50,50,61,0.8330833731969135,"c=1,d=1",watanabe,1,2000,4000,0.0,0,0,"[0, 0]",8,36.379393446999984
singular1,50,50,61,1.1820141547920504,"c=1,d=1",watanabe,1,2000,4000,0.0,0,0,"[0, 0]",9,38.330665928000144
singular2,50,50,61,1.1109950806255977,"c=1,d=1",watanabe,1,2000,4000,0.0,0,0,"[0, 0]",7,36.21838545000014
regular,50,50,61,1.5411723669606257,"c=1,d=10",watanabe,1,2000,4000,0.0,0,0,"[0, 0]",5,35.080788028999905
e-singular,50,50,61,1.1467311590873286,"c=1,d=10",watanabe,1,2000,4000,0.0,0,0,"[0, 0]",8,40.21493491699994
singular1,50,50,61,1.0320208991555324,"c=1,d=10",watanabe,1,2000,4000,0.0,0,0,"[0, 0]",9,40.29422265400012
singular2,50,50,61,0.9614056775198278,"c=1,d=10",watanabe,1,2000,4000,0.0,0,0,"[0, 0]",8,40.67096816000003
regular,250,250,61,0.0428570124915929,"c=1,d=0.1",watanabe,1,2000,4000,0.0,0,0,"[0, 0]",5,42.580401320999954
e-singular,250,250,61,2.070466523768909,"c=1,d=0.1",watanabe,1,2000,4000,0.0,0,0,"[0, 0]",8,47.60614032700005
singular1,250,250,61,-0.2556341342487727,"c=1,d=0.1",watanabe,1,2000,4000,0.0,0,0,"[0, 0]",10,54.48182987699988
singular2,250,250,61,1.0531483528145114,"c=1,d=0.1",watanabe,1,2000,4000,0.0,0,0,"[0, 0]",9,50.27264539099997
regular,250,250,61,1.5343808706104478,"c=1,d=1",watanabe,1,2000,4000,0.0,0,0,"[0, 0]",5,38.83914364899988
e-singular,250,250,61,1.6453907043224831,"c=1,d=1",watanabe,1,2000,4000,0.0,0,0,"[0, 0]",8,42.72920891700005
singular1,250,250,61,1.0448491745226127,"c=1,d=1",watanabe,1,2000,4000,0.0,0,0,"[0, 0]",9,46.55065646399999
singular2,250,250,61,1.017514719828349,"c=1,d=1",watanabe,1,2000,4000,0.0,0,0,"[0, 0]",9,49.18832591399996
regular,250,250,61,1.5335389785076012,"c=1,d=10",watanabe,1,2000,4000,0.0,0,0,"[0, 0]",5,41.97155563699994
e-singular,250,250,61,1.616625809942807,"c=1,d=10",watanabe,1,2000,4000,0.0,0,0,"[0, 0]",8,40.3120410680001
singular1,250,250,61,1.0523367806758177,"c=1,d=10",watanabe,1,2000,4000,0.0,0,0,"[0, 0]",9,43.31114769700002
singular2,250,250,61,1.0265367006963533,"c=1,d=10",watanabe,1,2000,4000,0.0,0,0,"[0, 0]",10,47.80243465800004
regular,5000,5000,61,1.5179457549522788,"c=1,d=0.1",watanabe,1,2000,4000,0.0,0,0,"[0, 0]",5,109.4164949609999
e-singular,5000,5000,61,-0.0384760972128896,"c=1,d=0.1",watanabe,1,2000,4000,0.0,0,0,"[0, 0]",7,151.82919777200004
singular1,5000,5000,61,1.828160046863655,"c=1,d=0.1",watanabe,1,2000,4000,0.0,0,0,"[0, 0]",10,289.2396373209999
singular2,5000,5000,61,0.5616314564049522,"c=1,d=0.1",watanabe,1,2000,4000,0.0,0,0,"[0, 0]",10,283.9819374639999
regular,5000,5000,61,1.392683725637034,"c=1,d=1",watanabe,1,2000,4000,0.0,0,0,"[0, 0]",5,105.10394830000018
e-singular,5000,5000,61,1.3491427447148396,"c=1,d=1",watanabe,1,2000,4000,0.0,0,0,"[0, 0]",7,136.60666372000014
singular1,5000,5000,61,0.8449019695772817,"c=1,d=1",watanabe,1,2000,4000,0.0,0,0,"[0, 0]",10,289.1515772570001
singular2,5000,5000,61,0.701413767390876,"c=1,d=1",watanabe,1,2000,4000,0.0,0,0,"[0, 0]",10,310.6627604740001
regular,5000,5000,61,1.5815080206527177,"c=1,d=10",watanabe,1,2000,4000,0.0,0,0,"[0, 0]",6,152.29552224300005
e-singular,5000,5000,61,1.3804513548777089,"c=1,d=10",watanabe,1,2000,4000,0.0,0,0,"[0, 0]",6,139.4303846339999
singular1,5000,5000,61,0.9454055689024448,"c=1,d=10",watanabe,1,2000,4000,0.0,0,0,"[0, 0]",10,251.381782449
singular2,5000,5000,61,0.8540431783142631,"c=1,d=10",watanabe,1,2000,4000,0.0,0,0,"[0, 0]",10,395.6709617230001
regular,50,50,62,0.9148594963099178,"c=1,d=0.1",watanabe,1,2000,4000,0.0,0,0,"[0, 0]",5,35.43067667599985
e-singular,50,50,62,3.0419419469902267,"c=1,d=0.1",watanabe,1,2000,4000,0.0,0,0,"[0, 0]",8,36.32933491199992
singular1,50,50,62,0.9396190850830468,"c=1,d=0.1",watanabe,1,2000,4000,0.0,0,0,"[0, 0]",8,36.94841692199998
singular2,50,50,62,0.2929459698279157,"c=1,d=0.1",watanabe,1,2000,4000,0.0,0,0,"[0, 0]",8,35.803219005000074
regular,50,50,62,1.3688252426023952,"c=1,d=1",watanabe,1,2000,4000,0.0,0,0,"[0, 0]",5,35.273315981999986
e-singular,50,50,62,1.4247177185626458,"c=1,d=1",watanabe,1,2000,4000,0.0,0,0,"[0, 0]",7,34.40644290799992
singular1,50,50,62,1.2237285727279965,"c=1,d=1",watanabe,1,2000,4000,0.0,0,0,"[0, 0]",9,38.17313710000008
singular2,50,50,62,1.0186400864253238,"c=1,d=1",watanabe,1,2000,4000,0.0,0,0,"[0, 0]",8,36.512185559000045
regular,50,50,62,1.4238523430516208,"c=1,d=10",watanabe,1,2000,4000,0.0,0,0,"[0, 0]",5,35.692338716999984
e-singular,50,50,62,1.635537675500765,"c=1,d=10",watanabe,1,2000,4000,0.0,0,0,"[0, 0]",7,38.89692171399997
singular1,50,50,62,1.1149887695039515,"c=1,d=10",watanabe,1,2000,4000,0.0,0,0,"[0, 0]",10,42.669957364999846
singular2,50,50,62,1.002749002650895,"c=1,d=10",watanabe,1,2000,4000,0.0,0,0,"[0, 0]",9,40.539294144
regular,250,250,62,1.57452330621255,"c=1,d=0.1",watanabe,1,2000,4000,0.0,0,0,"[0, 0]",5,42.62798098999997
e-singular,250,250,62,0.910681203410896,"c=1,d=0.1",watanabe,1,2000,4000,0.0,0,0,"[0, 0]",8,46.36130664500001
singular1,250,250,62,0.2198337011479968,"c=1,d=0.1",watanabe,1,2000,4000,0.0,0,0,"[0, 0]",9,50.30246592499998
singular2,250,250,62,0.7285286862064924,"c=1,d=0.1",watanabe,1,2000,4000,0.0,0,0,"[0, 0]",8,50.19521481800007
regular,250,250,62,1.4772486548336825,"c=1,d=1",watanabe,1,2000,4000,0.0,0,0,"[0, 0]",5,38.14975802899994
e-singular,250,250,62,1.5624796909258387,"c=1,d=1",watanabe,1,2000,4000,0.0,0,0,"[0, 0]",8,40.62624129400001
singular1,250,250,62,1.163845033894183,"c=1,d=1",watanabe,1,2000,4000,0.0,0,0,"[0, 0]",10,50.91467664699985
singular2,250,250,62,0.9092527118429626,"c=1,d=1",watanabe,1,2000,4000,0.0,0,0,"[0, 0]",9,48.68571563299997
regular,250,250,62,1.4745415785806055,"c=1,d=10",watanabe,1,2000,4000,0.0,0,0,"[0, 0]",6,41.52813481699991
e-singular,250,250,62,1.6095558524631333,"c=1,d=10",watanabe,1,2000,4000,0.0,0,0,"[0, 0]",8,43.1217733110002
singular1,250,250,62,1.030373913890132,"c=1,d=10",watanabe,1,2000,4000,0.0,0,0,"[0, 0]",10,46.07089246099986
singular2,250,250,62,0.9154755569753044,"c=1,d=10",watanabe,1,2000,4000,0.0,0,0,"[0, 0]",9,54.45687407700007
regular,5000,5000,62,0.4520551681827892,"c=1,d=0.1",watanabe,1,2000,4000,0.0,0,0,"[0, 0]",5,97.05324936700003
e-singular,5000,5000,62,1.977961847555203,"c=1,d=0.1",watanabe,1,2000,4000,0.0,0,0,"[0, 0]",7,148.94049244899998
singular1,5000,5000,62,1.339156057531573,"c=1,d=0.1",watanabe,1,2000,4000,0.0,0,0,"[0, 0]",10,268.7638820149998
singular2,5000,5000,62,0.9250135394069878,"c=1,d=0.1",watanabe,1,2000,4000,0.0,0,0,"[0, 0]",10,298.58785437799975
regular,5000,5000,62,1.402495202661447,"c=1,d=1",watanabe,1,2000,4000,0.0,0,0,"[0, 0]",5,109.12997848400003
e-singular,5000,5000,62,1.7042916902899885,"c=1,d=1",watanabe,1,2000,4000,0.0,0,0,"[0, 0]",7,138.95010859600006
singular1,5000,5000,62,0.6074232159482791,"c=1,d=1",watanabe,1,2000,4000,0.0,0,0,"[0, 0]",10,305.0391909550001
singular2,5000,5000,62,0.7755223595430827,"c=1,d=1",watanabe,1,2000,4000,0.0,0,0,"[0, 0]",10,288.0789254959998
regular,5000,5000,62,1.491686685098672,"c=1,d=10",watanabe,1,2000,4000,0.0,0,0,"[0, 0]",7,221.220913765
e-singular,5000,5000,62,1.5294966838850552,"c=1,d=10",watanabe,1,2000,4000,0.0,0,0,"[0, 0]",7,143.64087166500008
singular1,5000,5000,62,0.7780194424690192,"c=1,d=10",watanabe,1,2000,4000,0.0,0,0,"[0, 0]",10,396.7589371059999
singular2,5000,5000,62,0.8055193910424666,"c=1,d=10",watanabe,1,2000,4000,0.0,0,0,"[0, 0]",10,372.2089182750003
regular,50,50,63,0.767162874943659,"c=1,d=0.1",watanabe,1,2000,4000,0.0,0,0,"[0, 0]",5,49.14044559100012
e-singular,50,50,63,2.355969873555677,"c=1,d=0.1",watanabe,1,2000,4000,0.0,0,0,"[0, 0]",8,46.90183246200013
singular1,50,50,63,1.3922408982189072,"c=1,d=0.1",watanabe,1,2000,4000,0.0,0,0,"[0, 0]",9,49.92395258700026
singular2,50,50,63,0.907907537771494,"c=1,d=0.1",watanabe,1,2000,4000,0.0,0,0,"[0, 0]",8,50.85617770199997
regular,50,50,63,1.473631406781858,"c=1,d=1",watanabe,1,2000,4000,0.0,0,0,"[0, 0]",5,48.9802549420001
e-singular,50,50,63,1.4984350421477544,"c=1,d=1",watanabe,1,2000,4000,0.0,0,0,"[0, 0]",7,48.0453311729998
singular1,50,50,63,1.225019268139082,"c=1,d=1",watanabe,1,2000,4000,0.0,0,0,"[0, 0]",9,51.02611251400003
singular2,50,50,63,0.9852258558458457,"c=1,d=1",watanabe,1,2000,4000,0.0,0,0,"[0, 0]",8,51.68545648700001
regular,50,50,63,1.4286140375793956,"c=1,d=10",watanabe,1,2000,4000,0.0,0,0,"[0, 0]",6,48.90638358700016
e-singular,50,50,63,1.541447636614949,"c=1,d=10",watanabe,1,2000,4000,0.0,0,0,"[0, 0]",8,46.85266725100018
singular1,50,50,63,1.2096714537455628,"c=1,d=10",watanabe,1,2000,4000,0.0,0,0,"[0, 0]",10,51.08655019200023
singular2,50,50,63,0.9282145809391822,"c=1,d=10",watanabe,1,2000,4000,0.0,0,0,"[0, 0]",9,51.18101893299991
regular,250,250,63,0.6362074985572442,"c=1,d=0.1",watanabe,1,2000,4000,0.0,0,0,"[0, 0]",5,48.94819912599996
e-singular,250,250,63,1.50665578498451,"c=1,d=0.1",watanabe,1,2000,4000,0.0,0,0,"[0, 0]",8,52.45137212600002
singular1,250,250,63,2.0468419291917983,"c=1,d=0.1",watanabe,1,2000,4000,0.0,0,0,"[0, 0]",10,56.71734754299996
singular2,250,250,63,1.3742793378282432,"c=1,d=0.1",watanabe,1,2000,4000,0.0,0,0,"[0, 0]",8,54.80418286700024
regular,250,250,63,1.479850382585044,"c=1,d=1",watanabe,1,2000,4000,0.0,0,0,"[0, 0]",5,39.99718852100023
e-singular,250,250,63,1.3338002079221352,"c=1,d=1",watanabe,1,2000,4000,0.0,0,0,"[0, 0]",9,42.78702273699992
singular1,250,250,63,0.9772657462039488,"c=1,d=1",watanabe,1,2000,4000,0.0,0,0,"[0, 0]",9,44.41371457900004
singular2,250,250,63,0.9116253755335892,"c=1,d=1",watanabe,1,2000,4000,0.0,0,0,"[0, 0]",9,46.23964499300018
regular,250,250,63,1.4383774035397754,"c=1,d=10",watanabe,1,2000,4000,0.0,0,0,"[0, 0]",5,42.24700156500012
e-singular,250,250,63,1.3220751689048518,"c=1,d=10",watanabe,1,2000,4000,0.0,0,0,"[0, 0]",9,48.531114832000185
singular1,250,250,63,1.0105204341884595,"c=1,d=10",watanabe,1,2000,4000,0.0,0,0,"[0, 0]",10,46.19604687600031
singular2,250,250,63,0.9091697224379572,"c=1,d=10",watanabe,1,2000,4000,0.0,0,0,"[0, 0]",10,50.40208777499993
regular,5000,5000,63,0.1353665656270356,"c=1,d=0.1",watanabe,1,2000,4000,0.0,0,0,"[0, 0]",6,118.02907361799998
e-singular,5000,5000,63,0.3251154496806632,"c=1,d=0.1",watanabe,1,2000,4000,0.0,0,0,"[0, 0]",6,137.059513058
singular1,5000,5000,63,0.9784208069160836,"c=1,d=0.1",watanabe,1,2000,4000,0.0,0,0,"[0, 0]",10,322.2946024530001
singular2,5000,5000,63,0.407751684060335,"c=1,d=0.1",watanabe,1,2000,4000,0.0,0,0,"[0, 0]",10,258.7414733159999
regular,5000,5000,63,1.4085638127464724,"c=1,d=1",watanabe,1,2000,4000,0.0,0,0,"[0, 0]",5,99.7202444999998
e-singular,5000,5000,63,1.4861288095300558,"c=1,d=1",watanabe,1,2000,4000,0.0,0,0,"[0, 0]",7,144.75584333300003
singular1,5000,5000,63,0.8148326455773678,"c=1,d=1",watanabe,1,2000,4000,0.0,0,0,"[0, 0]",10,325.1107976359999
singular2,5000,5000,63,1.0249116099093514,"c=1,d=1",watanabe,1,2000,4000,0.0,0,0,"[0, 0]",10,277.6903423719996
regular,5000,5000,63,1.4316222229495024,"c=1,d=10",watanabe,1,2000,4000,0.0,0,0,"[0, 0]",5,108.60263761299984
e-singular,5000,5000,63,1.593819462765036,"c=1,d=10",watanabe,1,2000,4000,0.0,0,0,"[0, 0]",7,139.58829689799995
singular1,5000,5000,63,0.812105795027972,"c=1,d=10",watanabe,1,2000,4000,0.0,0,0,"[0, 0]",10,365.651269469
singular2,5000,5000,63,0.8593539396270133,"c=1,d=10",watanabe,1,2000,4000,0.0,0,0,"[0, 0]",10,298.1570878130001
regular,50,50,64,1.3826206007213404,"c=1,d=0.1",watanabe,1,2000,4000,0.0,0,0,"[0, 0]",5,35.73892717800027
e-singular,50,50,64,1.4856301103267209,"c=1,d=0.1",watanabe,1,2000,4000,0.0,0,0,"[0, 0]",8,38.30102698100018
singular1,50,50,64,1.7155887013023898,"c=1,d=0.1",watanabe,1,2000,4000,0.0,0,0,"[0, 0]",9,37.65746564599976
singular2,50,50,64,1.387053922825176,"c=1,d=0.1",watanabe,1,2000,4000,0.0,0,0,"[0, 0]",7,35.181270006999966
regular,50,50,64,1.3583303652882752,"c=1,d=1",watanabe,1,2000,4000,0.0,0,0,"[0, 0]",5,35.06461179899998
e-singular,50,50,64,0.8877964577403898,"c=1,d=1",watanabe,1,2000,4000,0.0,0,0,"[0, 0]",8,36.24416644699977
singular1,50,50,64,1.265923489417229,"c=1,d=1",watanabe,1,2000,4000,0.0,0,0,"[0, 0]",8,37.13280569800008
singular2,50,50,64,0.9336904923181388,"c=1,d=1",watanabe,1,2000,4000,0.0,0,0,"[0, 0]",7,35.610057922000124
regular,50,50,64,1.447541578907298,"c=1,d=10",watanabe,1,2000,4000,0.0,0,0,"[0, 0]",5,35.84757013499984
e-singular,50,50,64,1.1257089589186753,"c=1,d=10",watanabe,1,2000,4000,0.0,0,0,"[0, 0]",8,35.46916907700006
singular1,50,50,64,1.0517697214828454,"c=1,d=10",watanabe,1,2000,4000,0.0,0,0,"[0, 0]",10,41.4696083230001
singular2,50,50,64,0.9733856085862844,"c=1,d=10",watanabe,1,2000,4000,0.0,0,0,"[0, 0]",8,40.04882750700017
regular,250,250,64,3.0542486855108035,"c=1,d=0.1",watanabe,1,2000,4000,0.0,0,0,"[0, 0]",5,42.74992417400017
e-singular,250,250,64,3.6679949098615015,"c=1,d=0.1",watanabe,1,2000,4000,0.0,0,0,"[0, 0]",8,42.88799846499978
singular1,250,250,64,1.2251886147563684,"c=1,d=0.1",watanabe,1,2000,4000,0.0,0,0,"[0, 0]",8,47.558230146999904
singular2,250,250,64,0.9621082036262072,"c=1,d=0.1",watanabe,1,2000,4000,0.0,0,0,"[0, 0]",8,45.65028685000016
regular,250,250,64,1.3573377882767523,"c=1,d=1",watanabe,1,2000,4000,0.0,0,0,"[0, 0]",5,39.39149687400004
e-singular,250,250,64,1.7790905764013352,"c=1,d=1",watanabe,1,2000,4000,0.0,0,0,"[0, 0]",7,42.68741058400019
singular1,250,250,64,0.8503068752724051,"c=1,d=1",watanabe,1,2000,4000,0.0,0,0,"[0, 0]",9,48.04045041900008
singular2,250,250,64,0.8218198077142106,"c=1,d=1",watanabe,1,2000,4000,0.0,0,0,"[0, 0]",8,44.39654722500018
regular,250,250,64,1.4315270813842635,"c=1,d=10",watanabe,1,2000,4000,0.0,0,0,"[0, 0]",5,39.05196298700002
e-singular,250,250,64,1.6420679554962658,"c=1,d=10",watanabe,1,2000,4000,0.0,0,0,"[0, 0]",8,40.534346422
singular1,250,250,64,1.040419641056723,"c=1,d=10",watanabe,1,2000,4000,0.0,0,0,"[0, 0]",10,51.7796583090003
singular2,250,250,64,0.882731670719931,"c=1,d=10",watanabe,1,2000,4000,0.0,0,0,"[0, 0]",9,47.25750726200022
regular,5000,5000,64,2.9460492132060536,"c=1,d=0.1",watanabe,1,2000,4000,0.0,0,0,"[0, 0]",6,108.41277022600023
e-singular,5000,5000,64,2.7341952316258,"c=1,d=0.1",watanabe,1,2000,4000,0.0,0,0,"[0, 0]",7,164.1439205710003
singular1,5000,5000,64,0.3984281937512589,"c=1,d=0.1",watanabe,1,2000,4000,0.0,0,0,"[0, 0]",10,296.909297064
singular2,5000,5000,64,0.4333815583464043,"c=1,d=0.1",watanabe,1,2000,4000,0.0,0,0,"[0, 0]",10,303.2249383850003
regular,5000,5000,64,1.4775779224926997,"c=1,d=1",watanabe,1,2000,4000,0.0,0,0,"[0, 0]",5,109.9718473869998
e-singular,5000,5000,64,1.3508719081307352,"c=1,d=1",watanabe,1,2000,4000,0.0,0,0,"[0, 0]",7,137.5575718969999
singular1,5000,5000,64,0.7112582136779753,"c=1,d=1",watanabe,1,2000,4000,0.0,0,0,"[0, 0]",10,286.5875741240002
singular2,5000,5000,64,0.8285937730254037,"c=1,d=1",watanabe,1,2000,4000,0.0,0,0,"[0, 0]",10,323.3967185890001
regular,5000,5000,64,1.5183149613087794,"c=1,d=10",watanabe,1,2000,4000,0.0,0,0,"[0, 0]",5,107.62147246099994
e-singular,5000,5000,64,1.4166397380492737,"c=1,d=10",watanabe,1,2000,4000,0.0,0,0,"[0, 0]",7,143.03540242500003
singular1,5000,5000,64,0.7155926824941442,"c=1,d=10",watanabe,1,2000,4000,0.0,0,0,"[0, 0]",10,375.728432337
singular2,5000,5000,64,0.8135910060424958,"c=1,d=10",watanabe,1,2000,4000,0.0,0,0,"[0, 0]",10,359.5997504769998
regular,50,50,65,-0.0731735857139955,"c=1,d=0.1",watanabe,1,2000,4000,0.0,0,0,"[0, 0]",5,36.00832601399998
e-singular,50,50,65,1.3311857994031382,"c=1,d=0.1",watanabe,1,2000,4000,0.0,0,0,"[0, 0]",8,36.33943672700025
singular1,50,50,65,1.1429221036986144,"c=1,d=0.1",watanabe,1,2000,4000,0.0,0,0,"[0, 0]",9,36.858579543999895
singular2,50,50,65,1.159106799784695,"c=1,d=0.1",watanabe,1,2000,4000,0.0,0,0,"[0, 0]",7,38.29967814799966
regular,50,50,65,1.6794796211870222,"c=1,d=1",watanabe,1,2000,4000,0.0,0,0,"[0, 0]",5,35.30941173199972
e-singular,50,50,65,1.0160770695719692,"c=1,d=1",watanabe,1,2000,4000,0.0,0,0,"[0, 0]",8,38.18867120499999
singular1,50,50,65,1.216425993623273,"c=1,d=1",watanabe,1,2000,4000,0.0,0,0,"[0, 0]",9,38.08657851599992
singular2,50,50,65,1.0538133081711312,"c=1,d=1",watanabe,1,2000,4000,0.0,0,0,"[0, 0]",8,38.17262108199975
regular,50,50,65,1.4189261727177898,"c=1,d=10",watanabe,1,2000,4000,0.0,0,0,"[0, 0]",5,35.60654921300011
e-singular,50,50,65,1.2834235255437736,"c=1,d=10",watanabe,1,2000,4000,0.0,0,0,"[0, 0]",8,35.90916139899991
singular1,50,50,65,1.1405078185988191,"c=1,d=10",watanabe,1,2000,4000,0.0,0,0,"[0, 0]",9,44.24064924999993
singular2,50,50,65,0.865627898299402,"c=1,d=10",watanabe,1,2000,4000,0.0,0,0,"[0, 0]",9,43.94527731299968
regular,250,250,65,1.0639211939495925,"c=1,d=0.1",watanabe,1,2000,4000,0.0,0,0,"[0, 0]",5,43.179200563
e-singular,250,250,65,1.3509283815719515,"c=1,d=0.1",watanabe,1,2000,4000,0.0,0,0,"[0, 0]",8,42.95514551999986
singular1,250,250,65,2.1854131984139817,"c=1,d=0.1",watanabe,1,2000,4000,0.0,0,0,"[0, 0]",9,50.73984775500003
singular2,250,250,65,1.391159729720412,"c=1,d=0.1",watanabe,1,2000,4000,0.0,0,0,"[0, 0]",8,46.41868023200004
regular,250,250,65,1.349796238894124,"c=1,d=1",watanabe,1,2000,4000,0.0,0,0,"[0, 0]",5,38.16236352499982
e-singular,250,250,65,1.7545140926120983,"c=1,d=1",watanabe,1,2000,4000,0.0,0,0,"[0, 0]",7,39.55386506600007
singular1,250,250,65,1.0269128944945485,"c=1,d=1",watanabe,1,2000,4000,0.0,0,0,"[0, 0]",9,48.08289399700016
singular2,250,250,65,1.0615235726401968,"c=1,d=1",watanabe,1,2000,4000,0.0,0,0,"[0, 0]",9,44.101405631000034
regular,250,250,65,1.4018718221166768,"c=1,d=10",watanabe,1,2000,4000,0.0,0,0,"[0, 0]",5,39.84541553000008
e-singular,250,250,65,1.5329444066921154,"c=1,d=10",watanabe,1,2000,4000,0.0,0,0,"[0, 0]",8,40.86580656199976
singular1,250,250,65,1.1300048232293498,"c=1,d=10",watanabe,1,2000,4000,0.0,0,0,"[0, 0]",10,54.09943144499994
singular2,250,250,65,0.9328416402013696,"c=1,d=10",watanabe,1,2000,4000,0.0,0,0,"[0, 0]",9,49.33230044599986
regular,5000,5000,65,2.3969086056193065,"c=1,d=0.1",watanabe,1,2000,4000,0.0,0,0,"[0, 0]",5,109.02045749400033
e-singular,5000,5000,65,3.716153034480049,"c=1,d=0.1",watanabe,1,2000,4000,0.0,0,0,"[0, 0]",7,131.93700531600007
singular1,5000,5000,65,1.307860784781561,"c=1,d=0.1",watanabe,1,2000,4000,0.0,0,0,"[0, 0]",10,279.8103453399999
singular2,5000,5000,65,1.8382202519478943,"c=1,d=0.1",watanabe,1,2000,4000,0.0,0,0,"[0, 0]",10,267.334883473
regular,5000,5000,65,1.3680338453712044,"c=1,d=1",watanabe,1,2000,4000,0.0,0,0,"[0, 0]",5,105.47390953500008
e-singular,5000,5000,65,1.4949361402118764,"c=1,d=1",watanabe,1,2000,4000,0.0,0,0,"[0, 0]",7,141.9312194909999
singular1,5000,5000,65,0.7513458251993164,"c=1,d=1",watanabe,1,2000,4000,0.0,0,0,"[0, 0]",10,319.1892603369997
singular2,5000,5000,65,0.7113097594879478,"c=1,d=1",watanabe,1,2000,4000,0.0,0,0,"[0, 0]",10,279.077628046
regular,5000,5000,65,1.6691151112117737,"c=1,d=10",watanabe,1,2000,4000,0.0,0,0,"[0, 0]",6,143.77931825999983
e-singular,5000,5000,65,1.579689660137885,"c=1,d=10",watanabe,1,2000,4000,0.0,0,0,"[0, 0]",7,139.08451655299996
singular1,5000,5000,65,0.8106213892304613,"c=1,d=10",watanabe,1,2000,4000,0.0,0,0,"[0, 0]",10,412.5165053619999
singular2,5000,5000,65,0.7959156717157305,"c=1,d=10",watanabe,1,2000,4000,0.0,0,0,"[0, 0]",10,348.828603344
regular,50,50,66,0.6061499369814443,"c=1,d=0.1",watanabe,1,2000,4000,0.0,0,0,"[0, 0]",5,35.13913292699999
e-singular,50,50,66,1.0859479533017042,"c=1,d=0.1",watanabe,1,2000,4000,0.0,0,0,"[0, 0]",8,36.41014732700023
singular1,50,50,66,2.132387290103191,"c=1,d=0.1",watanabe,1,2000,4000,0.0,0,0,"[0, 0]",8,38.40968328100007
singular2,50,50,66,2.489236686448042,"c=1,d=0.1",watanabe,1,2000,4000,0.0,0,0,"[0, 0]",7,37.155828796999685
regular,50,50,66,1.3052017355717018,"c=1,d=1",watanabe,1,2000,4000,0.0,0,0,"[0, 0]",5,36.1429046989997
e-singular,50,50,66,1.2079100720957592,"c=1,d=1",watanabe,1,2000,4000,0.0,0,0,"[0, 0]",9,38.58989436599995
singular1,50,50,66,1.2573365948789923,"c=1,d=1",watanabe,1,2000,4000,0.0,0,0,"[0, 0]",10,38.526881730999776
singular2,50,50,66,0.8576777576482586,"c=1,d=1",watanabe,1,2000,4000,0.0,0,0,"[0, 0]",8,35.71810588100016
regular,50,50,66,1.374536200337282,"c=1,d=10",watanabe,1,2000,4000,0.0,0,0,"[0, 0]",5,39.26988737900001
e-singular,50,50,66,1.2161945476646896,"c=1,d=10",watanabe,1,2000,4000,0.0,0,0,"[0, 0]",8,39.71155864699995
singular1,50,50,66,1.1338675513648515,"c=1,d=10",watanabe,1,2000,4000,0.0,0,0,"[0, 0]",10,41.63322883000001
singular2,50,50,66,0.8906094299353545,"c=1,d=10",watanabe,1,2000,4000,0.0,0,0,"[0, 0]",9,40.67972426899996
regular,250,250,66,1.800322236643614,"c=1,d=0.1",watanabe,1,2000,4000,0.0,0,0,"[0, 0]",5,41.80333665500029
e-singular,250,250,66,0.1076831942715567,"c=1,d=0.1",watanabe,1,2000,4000,0.0,0,0,"[0, 0]",8,43.97797361399989
singular1,250,250,66,-0.2698919886894931,"c=1,d=0.1",watanabe,1,2000,4000,0.0,0,0,"[0, 0]",9,49.84382431299992
singular2,250,250,66,0.3602033165677182,"c=1,d=0.1",watanabe,1,2000,4000,0.0,0,0,"[0, 0]",8,46.84811512999977
regular,250,250,66,1.627971671785066,"c=1,d=1",watanabe,1,2000,4000,0.0,0,0,"[0, 0]",5,39.72295287700035
e-singular,250,250,66,1.529245785949424,"c=1,d=1",watanabe,1,2000,4000,0.0,0,0,"[0, 0]",9,42.119225240000105
singular1,250,250,66,0.8686630869347801,"c=1,d=1",watanabe,1,2000,4000,0.0,0,0,"[0, 0]",9,49.15700408400016
singular2,250,250,66,0.982038380792746,"c=1,d=1",watanabe,1,2000,4000,0.0,0,0,"[0, 0]",8,44.22655138699975
regular,250,250,66,1.5452030186048744,"c=1,d=10",watanabe,1,2000,4000,0.0,0,0,"[0, 0]",5,42.891226382999776
e-singular,250,250,66,1.7475080742469542,"c=1,d=10",watanabe,1,2000,4000,0.0,0,0,"[0, 0]",8,39.057798637999895
singular1,250,250,66,0.916722007505387,"c=1,d=10",watanabe,1,2000,4000,0.0,0,0,"[0, 0]",10,50.51282033300004
singular2,250,250,66,0.7819953847128354,"c=1,d=10",watanabe,1,2000,4000,0.0,0,0,"[0, 0]",9,45.68984374499996
regular,5000,5000,66,1.2402437372348265,"c=1,d=0.1",watanabe,1,2000,4000,0.0,0,0,"[0, 0]",5,105.79558573999977
e-singular,5000,5000,66,0.3951820662153397,"c=1,d=0.1",watanabe,1,2000,4000,0.0,0,0,"[0, 0]",6,143.7158827379999
singular1,5000,5000,66,0.9475653376291208,"c=1,d=0.1",watanabe,1,2000,4000,0.0,0,0,"[0, 0]",10,287.8131206950002
singular2,5000,5000,66,-0.4502383094271034,"c=1,d=0.1",watanabe,1,2000,4000,0.0,0,0,"[0, 0]",10,312.7050043119998
regular,5000,5000,66,1.509673346172696,"c=1,d=1",watanabe,1,2000,4000,0.0,0,0,"[0, 0]",5,98.29243426899984
e-singular,5000,5000,66,1.2885512180809833,"c=1,d=1",watanabe,1,2000,4000,0.0,0,0,"[0, 0]",7,144.93094593800015
singular1,5000,5000,66,0.9924634834864589,"c=1,d=1",watanabe,1,2000,4000,0.0,0,0,"[0, 0]",10,340.4391759179998
singular2,5000,5000,66,0.8532123616369242,"c=1,d=1",watanabe,1,2000,4000,0.0,0,0,"[0, 0]",10,318.8361098360001
regular,5000,5000,66,1.4180824026918293,"c=1,d=10",watanabe,1,2000,4000,0.0,0,0,"[0, 0]",6,118.44262553699993
e-singular,5000,5000,66,1.4640447375511028,"c=1,d=10",watanabe,1,2000,4000,0.0,0,0,"[0, 0]",7,140.5787009810001
singular1,5000,5000,66,0.676807339607688,"c=1,d=10",watanabe,1,2000,4000,0.0,0,0,"[0, 0]",10,346.4362682199999
singular2,5000,5000,66,0.767483592675924,"c=1,d=10",watanabe,1,2000,4000,0.0,0,0,"[0, 0]",10,344.29354260499986
regular,50,50,67,2.0322230122925284,"c=1,d=0.1",watanabe,1,2000,4000,0.0,0,0,"[0, 0]",5,36.20972320999954
e-singular,50,50,67,1.341861543078456,"c=1,d=0.1",watanabe,1,2000,4000,0.0,0,0,"[0, 0]",8,36.54490168199982
singular1,50,50,67,0.621884297030581,"c=1,d=0.1",watanabe,1,2000,4000,0.0,0,0,"[0, 0]",8,37.24484984200035
singular2,50,50,67,1.273589629656925,"c=1,d=0.1",watanabe,1,2000,4000,0.0,0,0,"[0, 0]",8,37.45986113699973
regular,50,50,67,1.2661611719127752,"c=1,d=1",watanabe,1,2000,4000,0.0,0,0,"[0, 0]",5,35.54021193199969
e-singular,50,50,67,1.5402527619056916,"c=1,d=1",watanabe,1,2000,4000,0.0,0,0,"[0, 0]",8,35.922086121999655
singular1,50,50,67,1.1508031657894056,"c=1,d=1",watanabe,1,2000,4000,0.0,0,0,"[0, 0]",8,38.056557929000064
singular2,50,50,67,0.9171590809051238,"c=1,d=1",watanabe,1,2000,4000,0.0,0,0,"[0, 0]",8,38.80725281100058
regular,50,50,67,1.4075526143562564,"c=1,d=10",watanabe,1,2000,4000,0.0,0,0,"[0, 0]",5,35.63784895200024
e-singular,50,50,67,1.3631396375417957,"c=1,d=10",watanabe,1,2000,4000,0.0,0,0,"[0, 0]",7,35.87514095199958
singular1,50,50,67,1.1009985932170296,"c=1,d=10",watanabe,1,2000,4000,0.0,0,0,"[0, 0]",10,38.410595377999925
singular2,50,50,67,0.8991905252935877,"c=1,d=10",watanabe,1,2000,4000,0.0,0,0,"[0, 0]",9,43.33204851799974
regular,250,250,67,0.9832154577060488,"c=1,d=0.1",watanabe,1,2000,4000,0.0,0,0,"[0, 0]",5,42.758107015999485
e-singular,250,250,67,0.8919680204864296,"c=1,d=0.1",watanabe,1,2000,4000,0.0,0,0,"[0, 0]",9,47.71047399700001
singular1,250,250,67,0.3991282726819576,"c=1,d=0.1",watanabe,1,2000,4000,0.0,0,0,"[0, 0]",9,50.08395926400044
singular2,250,250,67,0.7900561526881248,"c=1,d=0.1",watanabe,1,2000,4000,0.0,0,0,"[0, 0]",8,51.567578066999886
regular,250,250,67,1.5881031071386993,"c=1,d=1",watanabe,1,2000,4000,0.0,0,0,"[0, 0]",6,42.72544269000082
e-singular,250,250,67,1.6402845550053071,"c=1,d=1",watanabe,1,2000,4000,0.0,0,0,"[0, 0]",8,45.05636280899944
singular1,250,250,67,0.9104018058859004,"c=1,d=1",watanabe,1,2000,4000,0.0,0,0,"[0, 0]",10,48.11642353499974
singular2,250,250,67,0.9598494586376196,"c=1,d=1",watanabe,1,2000,4000,0.0,0,0,"[0, 0]",8,51.16415973699986
regular,250,250,67,1.4191448204552577,"c=1,d=10",watanabe,1,2000,4000,0.0,0,0,"[0, 0]",5,45.678171386999566
e-singular,250,250,67,1.5402704793316817,"c=1,d=10",watanabe,1,2000,4000,0.0,0,0,"[0, 0]",8,49.01583228900017
singular1,250,250,67,0.934660613953958,"c=1,d=10",watanabe,1,2000,4000,0.0,0,0,"[0, 0]",10,57.08042277200002
singular2,250,250,67,0.8743023051816063,"c=1,d=10",watanabe,1,2000,4000,0.0,0,0,"[0, 0]",10,58.34988938300012
regular,5000,5000,67,1.2085472372928032,"c=1,d=0.1",watanabe,1,2000,4000,0.0,0,0,"[0, 0]",5,101.1264726469999
e-singular,5000,5000,67,2.6569307534704203,"c=1,d=0.1",watanabe,1,2000,4000,0.0,0,0,"[0, 0]",7,139.73364812699947
singular1,5000,5000,67,2.0136087523992683,"c=1,d=0.1",watanabe,1,2000,4000,0.0,0,0,"[0, 0]",10,369.8238656149997
singular2,5000,5000,67,0.599192845906303,"c=1,d=0.1",watanabe,1,2000,4000,0.0,0,0,"[0, 0]",10,237.0114595389996
regular,5000,5000,67,1.5158938897282144,"c=1,d=1",watanabe,1,2000,4000,0.0,0,0,"[0, 0]",5,110.47467445199982
e-singular,5000,5000,67,1.4391968018100774,"c=1,d=1",watanabe,1,2000,4000,0.0,0,0,"[0, 0]",6,134.91418489700027
singular1,5000,5000,67,0.6647573079761242,"c=1,d=1",watanabe,1,2000,4000,0.0,0,0,"[0, 0]",10,371.03210807400046
singular2,5000,5000,67,0.9213449436418328,"c=1,d=1",watanabe,1,2000,4000,0.0,0,0,"[0, 0]",10,297.2391375779998
regular,5000,5000,67,1.4996706891279277,"c=1,d=10",watanabe,1,2000,4000,0.0,0,0,"[0, 0]",5,100.57878417899974
e-singular,5000,5000,67,1.5348946426770087,"c=1,d=10",watanabe,1,2000,4000,0.0,0,0,"[0, 0]",6,137.68202576299973
singular1,5000,5000,67,0.8210249570172274,"c=1,d=10",watanabe,1,2000,4000,0.0,0,0,"[0, 0]",10,425.2083300710001
singular2,5000,5000,67,0.9639872041959664,"c=1,d=10",watanabe,1,2000,4000,0.0,0,0,"[0, 0]",10,282.04149013000006
regular,50,50,68,1.332914178840722,"c=1,d=0.1",watanabe,1,2000,4000,0.0,0,0,"[0, 0]",5,35.05843812799958
e-singular,50,50,68,1.7068875124024567,"c=1,d=0.1",watanabe,1,2000,4000,0.0,0,0,"[0, 0]",8,36.77490979899994
singular1,50,50,68,1.1182885333321764,"c=1,d=0.1",watanabe,1,2000,4000,0.0,0,0,"[0, 0]",8,36.20439713799988
singular2,50,50,68,0.5848553911713985,"c=1,d=0.1",watanabe,1,2000,4000,0.0,0,0,"[0, 0]",8,35.36885118600003
regular,50,50,68,1.3373734269811657,"c=1,d=1",watanabe,1,2000,4000,0.0,0,0,"[0, 0]",5,35.269015340000806
e-singular,50,50,68,1.1710327024347091,"c=1,d=1",watanabe,1,2000,4000,0.0,0,0,"[0, 0]",8,36.88413450999997
singular1,50,50,68,1.2048269544798158,"c=1,d=1",watanabe,1,2000,4000,0.0,0,0,"[0, 0]",9,37.80702924900015
singular2,50,50,68,0.8646148681094206,"c=1,d=1",watanabe,1,2000,4000,0.0,0,0,"[0, 0]",8,39.9678465119996
regular,50,50,68,1.4154553651269692,"c=1,d=10",watanabe,1,2000,4000,0.0,0,0,"[0, 0]",5,38.957760756000425
e-singular,50,50,68,1.1057325857583893,"c=1,d=10",watanabe,1,2000,4000,0.0,0,0,"[0, 0]",8,40.89689002900013
singular1,50,50,68,1.0278743897434228,"c=1,d=10",watanabe,1,2000,4000,0.0,0,0,"[0, 0]",9,42.11275962199943
singular2,50,50,68,0.927700855871892,"c=1,d=10",watanabe,1,2000,4000,0.0,0,0,"[0, 0]",8,39.80688514800022
regular,250,250,68,2.4304686345848547,"c=1,d=0.1",watanabe,1,2000,4000,0.0,0,0,"[0, 0]",5,42.72720879700046
e-singular,250,250,68,1.9021916079135504,"c=1,d=0.1",watanabe,1,2000,4000,0.0,0,0,"[0, 0]",8,44.71922610300044
singular1,250,250,68,1.314456126512315,"c=1,d=0.1",watanabe,1,2000,4000,0.0,0,0,"[0, 0]",9,50.74476466299984
singular2,250,250,68,0.6892423687787506,"c=1,d=0.1",watanabe,1,2000,4000,0.0,0,0,"[0, 0]",8,49.306303590000425
regular,250,250,68,1.5760203836223872,"c=1,d=1",watanabe,1,2000,4000,0.0,0,0,"[0, 0]",5,45.03634314200008
e-singular,250,250,68,1.3048762185071066,"c=1,d=1",watanabe,1,2000,4000,0.0,0,0,"[0, 0]",8,44.012049557000864
singular1,250,250,68,1.107221929377651,"c=1,d=1",watanabe,1,2000,4000,0.0,0,0,"[0, 0]",10,53.25971060900065
singular2,250,250,68,0.7731350579761929,"c=1,d=1",watanabe,1,2000,4000,0.0,0,0,"[0, 0]",8,50.34771508700032
regular,250,250,68,1.5017731172434183,"c=1,d=10",watanabe,1,2000,4000,0.0,0,0,"[0, 0]",5,46.91526865099968
e-singular,250,250,68,1.4608943453862815,"c=1,d=10",watanabe,1,2000,4000,0.0,0,0,"[0, 0]",7,41.40110931599975
singular1,250,250,68,1.1010036892542217,"c=1,d=10",watanabe,1,2000,4000,0.0,0,0,"[0, 0]",10,55.238604340000165
singular2,250,250,68,0.7644100489096826,"c=1,d=10",watanabe,1,2000,4000,0.0,0,0,"[0, 0]",10,55.19939243999943
regular,5000,5000,68,2.558588595556229,"c=1,d=0.1",watanabe,1,2000,4000,0.0,0,0,"[0, 0]",5,106.95050065000032
e-singular,5000,5000,68,0.6014140270737199,"c=1,d=0.1",watanabe,1,2000,4000,0.0,0,0,"[0, 0]",6,135.8571430459997
singular1,5000,5000,68,0.5098624825849642,"c=1,d=0.1",watanabe,1,2000,4000,0.0,0,0,"[0, 0]",10,284.7612464240001
singular2,5000,5000,68,1.1598160575171388,"c=1,d=0.1",watanabe,1,2000,4000,0.0,0,0,"[0, 0]",10,304.69661033300054
regular,5000,5000,68,1.4232997362392903,"c=1,d=1",watanabe,1,2000,4000,0.0,0,0,"[0, 0]",5,114.67284649199974
e-singular,5000,5000,68,1.5186171390953067,"c=1,d=1",watanabe,1,2000,4000,0.0,0,0,"[0, 0]",6,140.6909833560003
singular1,5000,5000,68,0.8332476186583638,"c=1,d=1",watanabe,1,2000,4000,0.0,0,0,"[0, 0]",10,381.27356529899953
singular2,5000,5000,68,0.7962551220440393,"c=1,d=1",watanabe,1,2000,4000,0.0,0,0,"[0, 0]",10,310.75718043600045
regular,5000,5000,68,1.430451946793715,"c=1,d=10",watanabe,1,2000,4000,0.0,0,0,"[0, 0]",6,138.4467564890001
e-singular,5000,5000,68,1.4763714191605184,"c=1,d=10",watanabe,1,2000,4000,0.0,0,0,"[0, 0]",7,128.570076299
singular1,5000,5000,68,0.814724706344758,"c=1,d=10",watanabe,1,2000,4000,0.0,0,0,"[0, 0]",10,319.0383836229994
singular2,5000,5000,68,0.7834504069239786,"c=1,d=10",watanabe,1,2000,4000,0.0,0,0,"[0, 0]",10,304.59629762500026
regular,50,50,69,1.9445778973059689,"c=1,d=0.1",watanabe,1,2000,4000,0.0,0,0,"[0, 0]",5,52.79912933999998
e-singular,50,50,69,0.5816854272959016,"c=1,d=0.1",watanabe,1,2000,4000,0.0,0,0,"[0, 0]",8,52.74817919599997
singular1,50,50,69,1.8340918062681864,"c=1,d=0.1",watanabe,1,2000,4000,0.0,0,0,"[0, 0]",9,55.353111360000014
singular2,50,50,69,0.965986970992497,"c=1,d=0.1",watanabe,1,2000,4000,0.0,0,0,"[0, 0]",8,54.870026774
regular,50,50,69,1.5558551257270374,"c=1,d=1",watanabe,1,2000,4000,0.0,0,0,"[0, 0]",5,52.20837271300002
e-singular,50,50,69,1.6186546477931008,"c=1,d=1",watanabe,1,2000,4000,0.0,0,0,"[0, 0]",8,52.54856973699998
singular1,50,50,69,1.134511991419723,"c=1,d=1",watanabe,1,2000,4000,0.0,0,0,"[0, 0]",9,55.258460144000026
singular2,50,50,69,0.9721023737909876,"c=1,d=1",watanabe,1,2000,4000,0.0,0,0,"[0, 0]",8,55.060782991
regular,50,50,69,1.4861958417116816,"c=1,d=10",watanabe,1,2000,4000,0.0,0,0,"[0, 0]",5,52.80812108800001
e-singular,50,50,69,1.5149464417452665,"c=1,d=10",watanabe,1,2000,4000,0.0,0,0,"[0, 0]",8,52.094194217999984
singular1,50,50,69,1.1417311103459298,"c=1,d=10",watanabe,1,2000,4000,0.0,0,0,"[0, 0]",9,54.22182156899999
singular2,50,50,69,0.9056619621960658,"c=1,d=10",watanabe,1,2000,4000,0.0,0,0,"[0, 0]",9,57.01124457399999
regular,250,250,69,1.89260090783542,"c=1,d=0.1",watanabe,1,2000,4000,0.0,0,0,"[0, 0]",5,59.554444612
e-singular,250,250,69,2.839132027050208,"c=1,d=0.1",watanabe,1,2000,4000,0.0,0,0,"[0, 0]",8,58.48157971699999
singular1,250,250,69,0.8849249769621231,"c=1,d=0.1",watanabe,1,2000,4000,0.0,0,0,"[0, 0]",9,62.351663375999976
singular2,250,250,69,2.313443148763072,"c=1,d=0.1",watanabe,1,2000,4000,0.0,0,0,"[0, 0]",9,61.41019655000002
regular,250,250,69,1.267607600867181,"c=1,d=1",watanabe,1,2000,4000,0.0,0,0,"[0, 0]",5,43.56964313499998
e-singular,250,250,69,1.62842897065485,"c=1,d=1",watanabe,1,2000,4000,0.0,0,0,"[0, 0]",8,43.724659532999965
singular1,250,250,69,1.0394046538617543,"c=1,d=1",watanabe,1,2000,4000,0.0,0,0,"[0, 0]",9,52.39336396800002
singular2,250,250,69,0.9642406493252828,"c=1,d=1",watanabe,1,2000,4000,0.0,0,0,"[0, 0]",8,50.42657344400004
regular,250,250,69,1.5789496649511272,"c=1,d=10",watanabe,1,2000,4000,0.0,0,0,"[0, 0]",5,43.65116587
e-singular,250,250,69,1.5548463883454675,"c=1,d=10",watanabe,1,2000,4000,0.0,0,0,"[0, 0]",9,45.279272744000025
singular1,250,250,69,1.0864498801864937,"c=1,d=10",watanabe,1,2000,4000,0.0,0,0,"[0, 0]",10,51.861274476000006
singular2,250,250,69,0.8581928695942866,"c=1,d=10",watanabe,1,2000,4000,0.0,0,0,"[0, 0]",10,52.45411857799997
regular,5000,5000,69,0.4295272963588428,"c=1,d=0.1",watanabe,1,2000,4000,0.0,0,0,"[0, 0]",5,116.514093231
e-singular,5000,5000,69,2.606150696000866,"c=1,d=0.1",watanabe,1,2000,4000,0.0,0,0,"[0, 0]",7,150.273889896
singular1,5000,5000,69,0.7435925733083335,"c=1,d=0.1",watanabe,1,2000,4000,0.0,0,0,"[0, 0]",10,360.674643107
singular2,5000,5000,69,-0.0410093140049097,"c=1,d=0.1",watanabe,1,2000,4000,0.0,0,0,"[0, 0]",10,380.888290205
regular,5000,5000,69,1.4212596278069534,"c=1,d=1",watanabe,1,2000,4000,0.0,0,0,"[0, 0]",5,117.05659335
e-singular,5000,5000,69,1.443268668384635,"c=1,d=1",watanabe,1,2000,4000,0.0,0,0,"[0, 0]",6,148.53176177299997
singular1,5000,5000,69,0.8340698335222401,"c=1,d=1",watanabe,1,2000,4000,0.0,0,0,"[0, 0]",10,428.838701748
singular2,5000,5000,69,0.724574799654577,"c=1,d=1",watanabe,1,2000,4000,0.0,0,0,"[0, 0]",10,291.85565714200004
regular,5000,5000,69,1.4821045097097714,"c=1,d=10",watanabe,1,2000,4000,0.0,0,0,"[0, 0]",5,109.07298602400004
e-singular,5000,5000,69,1.4402061131008383,"c=1,d=10",watanabe,1,2000,4000,0.0,0,0,"[0, 0]",7,141.91388643200003
singular1,5000,5000,69,0.8291377560731159,"c=1,d=10",watanabe,1,2000,4000,0.0,0,0,"[0, 0]",10,706.93510835
singular2,5000,5000,69,0.8352163448186889,"c=1,d=10",watanabe,1,2000,4000,0.0,0,0,"[0, 0]",10,404.57611833
regular,50,50,0,1.6401663431619529,"c=1,d=2",watanabe,1,2000,4000,0.0,0,0,"[0, 0]",5,64.13100389700003
e-singular,50,50,0,1.3078486791389825,"c=1,d=2",watanabe,1,2000,4000,0.0,0,0,"[0, 0]",8,59.85440342900006
singular1,50,50,0,1.116362015611381,"c=1,d=2",watanabe,1,2000,4000,0.0,0,0,"[0, 0]",9,60.03356755599998
singular2,50,50,0,1.0367286960286148,"c=1,d=2",watanabe,1,2000,4000,0.0,0,0,"[0, 0]",8,63.54669717699994
regular,50,50,0,1.465845230083706,"c=1,d=5",watanabe,1,2000,4000,0.0,0,0,"[0, 0]",5,58.8559469679999
e-singular,50,50,0,1.115873761976642,"c=1,d=5",watanabe,1,2000,4000,0.0,0,0,"[0, 0]",10,60.19488227499983
singular1,50,50,0,0.9930472568871948,"c=1,d=5",watanabe,1,2000,4000,0.0,0,0,"[0, 0]",10,61.5542628369999
singular2,50,50,0,1.041235388291389,"c=1,d=5",watanabe,1,2000,4000,0.0,0,0,"[0, 0]",9,59.99862316300005
regular,250,250,0,1.4689177929640451,"c=1,d=2",watanabe,1,2000,4000,0.0,0,0,"[0, 0]",5,69.80784485100003
e-singular,250,250,0,1.4566412084349945,"c=1,d=2",watanabe,1,2000,4000,0.0,0,0,"[0, 0]",8,66.01177766199999
singular1,250,250,0,1.0765758836073531,"c=1,d=2",watanabe,1,2000,4000,0.0,0,0,"[0, 0]",10,74.35578954700009
singular2,250,250,0,0.8427334649218419,"c=1,d=2",watanabe,1,2000,4000,0.0,0,0,"[0, 0]",8,69.258696504
regular,250,250,0,1.4300869316382114,"c=1,d=5",watanabe,1,2000,4000,0.0,0,0,"[0, 0]",5,67.93507959099998
e-singular,250,250,0,1.5016911569934952,"c=1,d=5",watanabe,1,2000,4000,0.0,0,0,"[0, 0]",8,68.92314787400005
singular1,250,250,0,1.0254422201405933,"c=1,d=5",watanabe,1,2000,4000,0.0,0,0,"[0, 0]",10,69.05568171899995
singular2,250,250,0,0.828505796010569,"c=1,d=5",watanabe,1,2000,4000,0.0,0,0,"[0, 0]",9,77.72763439000005
regular,5000,5000,0,1.5994816768319784,"c=1,d=2",watanabe,1,2000,4000,0.0,0,0,"[0, 0]",5,136.71362833700005
e-singular,5000,5000,0,1.4566384376411012,"c=1,d=2",watanabe,1,2000,4000,0.0,0,0,"[0, 0]",6,166.519141558
singular1,5000,5000,0,0.7785324707103047,"c=1,d=2",watanabe,1,2000,4000,0.0,0,0,"[0, 0]",10,348.2786320920002
singular2,5000,5000,0,0.8803774432937373,"c=1,d=2",watanabe,1,2000,4000,0.0,0,0,"[0, 0]",10,334.4885545280001
regular,5000,5000,0,1.514073598279304,"c=1,d=5",watanabe,1,2000,4000,0.0,0,0,"[0, 0]",5,131.05657329099995
e-singular,5000,5000,0,1.5216645089055345,"c=1,d=5",watanabe,1,2000,4000,0.0,0,0,"[0, 0]",6,176.61376607300008
singular1,5000,5000,0,0.817823042156625,"c=1,d=5",watanabe,1,2000,4000,0.0,0,0,"[0, 0]",10,368.7037360499999
singular2,5000,5000,0,0.8590106956212643,"c=1,d=5",watanabe,1,2000,4000,0.0,0,0,"[0, 0]",10,322.2111754780001
regular,50,50,1,1.4177188998413188,"c=1,d=2",watanabe,1,2000,4000,0.0,0,0,"[0, 0]",5,56.54272730000002
e-singular,50,50,1,1.1966571826641534,"c=1,d=2",watanabe,1,2000,4000,0.0,0,0,"[0, 0]",9,60.468293012
singular1,50,50,1,1.232653850339432,"c=1,d=2",watanabe,1,2000,4000,0.0,0,0,"[0, 0]",8,53.64085027300007
singular2,50,50,1,0.8282473907583877,"c=1,d=2",watanabe,1,2000,4000,0.0,0,0,"[0, 0]",8,51.82373670200013
regular,50,50,1,1.4398075756379278,"c=1,d=5",watanabe,1,2000,4000,0.0,0,0,"[0, 0]",5,55.042965762
e-singular,50,50,1,1.176560181267586,"c=1,d=5",watanabe,1,2000,4000,0.0,0,0,"[0, 0]",8,59.2855366230001
singular1,50,50,1,1.1086951873746296,"c=1,d=5",watanabe,1,2000,4000,0.0,0,0,"[0, 0]",9,59.89443032399981
singular2,50,50,1,0.8941310994557473,"c=1,d=5",watanabe,1,2000,4000,0.0,0,0,"[0, 0]",8,47.92142860500008
regular,250,250,1,1.4267550338365738,"c=1,d=2",watanabe,1,2000,4000,0.0,0,0,"[0, 0]",5,55.366011700999934
e-singular,250,250,1,1.5476778187465103,"c=1,d=2",watanabe,1,2000,4000,0.0,0,0,"[0, 0]",8,60.47985035199986
singular1,250,250,1,1.0902144436658996,"c=1,d=2",watanabe,1,2000,4000,0.0,0,0,"[0, 0]",10,73.39775554100015
singular2,250,250,1,0.8779072654282823,"c=1,d=2",watanabe,1,2000,4000,0.0,0,0,"[0, 0]",9,74.63716160099989
regular,250,250,1,1.4230305316358989,"c=1,d=5",watanabe,1,2000,4000,0.0,0,0,"[0, 0]",5,65.90874415600001
e-singular,250,250,1,1.5292749072566298,"c=1,d=5",watanabe,1,2000,4000,0.0,0,0,"[0, 0]",9,61.4081011899998
singular1,250,250,1,0.9950397261810237,"c=1,d=5",watanabe,1,2000,4000,0.0,0,0,"[0, 0]",10,74.01458633000016
singular2,250,250,1,0.8161776561974688,"c=1,d=5",watanabe,1,2000,4000,0.0,0,0,"[0, 0]",9,69.22267495899996
regular,5000,5000,1,1.4310083714855817,"c=1,d=2",watanabe,1,2000,4000,0.0,0,0,"[0, 0]",6,162.33626993799976
e-singular,5000,5000,1,1.6054072593547013,"c=1,d=2",watanabe,1,2000,4000,0.0,0,0,"[0, 0]",7,178.4220517780002
singular1,5000,5000,1,0.6641136824985279,"c=1,d=2",watanabe,1,2000,4000,0.0,0,0,"[0, 0]",10,341.55905201
singular2,5000,5000,1,0.9245013935272592,"c=1,d=2",watanabe,1,2000,4000,0.0,0,0,"[0, 0]",10,335.5356483149999
regular,5000,5000,1,1.547793004543832,"c=1,d=5",watanabe,1,2000,4000,0.0,0,0,"[0, 0]",5,128.24746861500012
e-singular,5000,5000,1,1.4667964668171762,"c=1,d=5",watanabe,1,2000,4000,0.0,0,0,"[0, 0]",6,169.87243211799978
singular1,5000,5000,1,0.7909374302572716,"c=1,d=5",watanabe,1,2000,4000,0.0,0,0,"[0, 0]",10,373.5939887060001
singular2,5000,5000,1,0.8862768495847423,"c=1,d=5",watanabe,1,2000,4000,0.0,0,0,"[0, 0]",9,290.8865380500001
regular,50,50,2,1.512468890074589,"c=1,d=2",watanabe,1,2000,4000,0.0,0,0,"[0, 0]",5,54.58359291099987
e-singular,50,50,2,1.10826172883093,"c=1,d=2",watanabe,1,2000,4000,0.0,0,0,"[0, 0]",9,50.179431631999705
singular1,50,50,2,1.120605940707084,"c=1,d=2",watanabe,1,2000,4000,0.0,0,0,"[0, 0]",9,57.62460596599976
singular2,50,50,2,0.7811061959800124,"c=1,d=2",watanabe,1,2000,4000,0.0,0,0,"[0, 0]",8,59.34436666500005
regular,50,50,2,1.445514080258168,"c=1,d=5",watanabe,1,2000,4000,0.0,0,0,"[0, 0]",5,50.44907291799973
e-singular,50,50,2,1.0660757257535751,"c=1,d=5",watanabe,1,2000,4000,0.0,0,0,"[0, 0]",9,57.98176020799974
singular1,50,50,2,1.12886886455074,"c=1,d=5",watanabe,1,2000,4000,0.0,0,0,"[0, 0]",10,60.96223819499983
singular2,50,50,2,0.8616799980489207,"c=1,d=5",watanabe,1,2000,4000,0.0,0,0,"[0, 0]",9,58.45398929299972
regular,250,250,2,1.4523560077018591,"c=1,d=2",watanabe,1,2000,4000,0.0,0,0,"[0, 0]",5,55.922640952000165
e-singular,250,250,2,1.6407047009297773,"c=1,d=2",watanabe,1,2000,4000,0.0,0,0,"[0, 0]",8,61.38194554799975
singular1,250,250,2,1.0661215157696495,"c=1,d=2",watanabe,1,2000,4000,0.0,0,0,"[0, 0]",10,71.63727985500009
singular2,250,250,2,0.9980840940493434,"c=1,d=2",watanabe,1,2000,4000,0.0,0,0,"[0, 0]",9,79.3842121900002
regular,250,250,2,1.521257485014065,"c=1,d=5",watanabe,1,2000,4000,0.0,0,0,"[0, 0]",5,65.96266890000015
e-singular,250,250,2,1.6372420984099687,"c=1,d=5",watanabe,1,2000,4000,0.0,0,0,"[0, 0]",7,63.80859299600024
singular1,250,250,2,0.9765596173823968,"c=1,d=5",watanabe,1,2000,4000,0.0,0,0,"[0, 0]",9,66.83984654300002
singular2,250,250,2,0.9896271448038676,"c=1,d=5",watanabe,1,2000,4000,0.0,0,0,"[0, 0]",10,79.63835095999957
regular,5000,5000,2,1.4789688903391107,"c=1,d=2",watanabe,1,2000,4000,0.0,0,0,"[0, 0]",5,141.088851298
e-singular,5000,5000,2,1.4969343551960792,"c=1,d=2",watanabe,1,2000,4000,0.0,0,0,"[0, 0]",6,163.29233147700006
singular1,5000,5000,2,0.8694401792477857,"c=1,d=2",watanabe,1,2000,4000,0.0,0,0,"[0, 0]",10,311.0998840929997
singular2,5000,5000,2,0.7746396762411147,"c=1,d=2",watanabe,1,2000,4000,0.0,0,0,"[0, 0]",9,270.712129172
regular,5000,5000,2,1.685096736725426,"c=1,d=5",watanabe,1,2000,4000,0.0,0,0,"[0, 0]",5,124.67554041599988
e-singular,5000,5000,2,1.448741944916348,"c=1,d=5",watanabe,1,2000,4000,0.0,0,0,"[0, 0]",7,210.4572032359997
singular1,5000,5000,2,0.8714137477623769,"c=1,d=5",watanabe,1,2000,4000,0.0,0,0,"[0, 0]",10,385.0593779359997
singular2,5000,5000,2,0.9127364178015648,"c=1,d=5",watanabe,1,2000,4000,0.0,0,0,"[0, 0]",10,342.0634667720001
regular,50,50,3,1.4640103189635296,"c=1,d=2",watanabe,1,2000,4000,0.0,0,0,"[0, 0]",5,59.594181987999946
e-singular,50,50,3,1.746861842793154,"c=1,d=2",watanabe,1,2000,4000,0.0,0,0,"[0, 0]",8,55.22643837800024
singular1,50,50,3,1.2151491939653152,"c=1,d=2",watanabe,1,2000,4000,0.0,0,0,"[0, 0]",9,55.02627911299987
singular2,50,50,3,1.0065024612143452,"c=1,d=2",watanabe,1,2000,4000,0.0,0,0,"[0, 0]",8,55.06986680199998
regular,50,50,3,1.5120472207429514,"c=1,d=5",watanabe,1,2000,4000,0.0,0,0,"[0, 0]",5,53.94287695999992
e-singular,50,50,3,1.687094358939449,"c=1,d=5",watanabe,1,2000,4000,0.0,0,0,"[0, 0]",8,55.629325818000325
singular1,50,50,3,1.171324327784646,"c=1,d=5",watanabe,1,2000,4000,0.0,0,0,"[0, 0]",10,61.34345544799999
singular2,50,50,3,0.9294368105430522,"c=1,d=5",watanabe,1,2000,4000,0.0,0,0,"[0, 0]",8,56.28418409999995
regular,250,250,3,1.4594776633600175,"c=1,d=2",watanabe,1,2000,4000,0.0,0,0,"[0, 0]",5,56.54953574299998
e-singular,250,250,3,1.5698729958161572,"c=1,d=2",watanabe,1,2000,4000,0.0,0,0,"[0, 0]",8,59.72948445200018
singular1,250,250,3,1.0790833669277011,"c=1,d=2",watanabe,1,2000,4000,0.0,0,0,"[0, 0]",10,73.90254454899969
singular2,250,250,3,0.8102838014870803,"c=1,d=2",watanabe,1,2000,4000,0.0,0,0,"[0, 0]",9,67.290450169
regular,250,250,3,1.5096844508952458,"c=1,d=5",watanabe,1,2000,4000,0.0,0,0,"[0, 0]",5,65.40155523300018
e-singular,250,250,3,1.5911814809003533,"c=1,d=5",watanabe,1,2000,4000,0.0,0,0,"[0, 0]",8,61.92525590300011
singular1,250,250,3,1.0405113130064036,"c=1,d=5",watanabe,1,2000,4000,0.0,0,0,"[0, 0]",10,77.57720414100004
singular2,250,250,3,0.8872381934075381,"c=1,d=5",watanabe,1,2000,4000,0.0,0,0,"[0, 0]",10,71.7359879720002
regular,5000,5000,3,1.6477738832806412,"c=1,d=2",watanabe,1,2000,4000,0.0,0,0,"[0, 0]",5,133.17718854099985
e-singular,5000,5000,3,1.4263482656267177,"c=1,d=2",watanabe,1,2000,4000,0.0,0,0,"[0, 0]",7,163.77690201299993
singular1,5000,5000,3,0.692048701361428,"c=1,d=2",watanabe,1,2000,4000,0.0,0,0,"[0, 0]",10,358.51284540200004
singular2,5000,5000,3,0.7569122035700485,"c=1,d=2",watanabe,1,2000,4000,0.0,0,0,"[0, 0]",10,362.1931056190001
regular,5000,5000,3,1.4986592175775515,"c=1,d=5",watanabe,1,2000,4000,0.0,0,0,"[0, 0]",6,168.65930520600023
e-singular,5000,5000,3,1.545537519995929,"c=1,d=5",watanabe,1,2000,4000,0.0,0,0,"[0, 0]",7,171.3008514889998
singular1,5000,5000,3,0.839017559716866,"c=1,d=5",watanabe,1,2000,4000,0.0,0,0,"[0, 0]",10,373.94604757900015
singular2,5000,5000,3,0.7652460630132699,"c=1,d=5",watanabe,1,2000,4000,0.0,0,0,"[0, 0]",10,534.3055687209999
regular,50,50,4,1.3739045120461852,"c=1,d=2",watanabe,1,2000,4000,0.0,0,0,"[0, 0]",5,52.99788067700001
e-singular,50,50,4,0.9940955616338724,"c=1,d=2",watanabe,1,2000,4000,0.0,0,0,"[0, 0]",8,55.06051337400004
singular1,50,50,4,1.109906295672527,"c=1,d=2",watanabe,1,2000,4000,0.0,0,0,"[0, 0]",8,57.10760692600002
singular2,50,50,4,0.9583178550460448,"c=1,d=2",watanabe,1,2000,4000,0.0,0,0,"[0, 0]",7,54.70950957899999
regular,50,50,4,1.496008033674696,"c=1,d=5",watanabe,1,2000,4000,0.0,0,0,"[0, 0]",5,53.43868398500001
e-singular,50,50,4,1.37226040103857,"c=1,d=5",watanabe,1,2000,4000,0.0,0,0,"[0, 0]",8,54.243431085
singular1,50,50,4,0.9820218066013182,"c=1,d=5",watanabe,1,2000,4000,0.0,0,0,"[0, 0]",9,58.64561696999999
singular2,50,50,4,0.9444335295342848,"c=1,d=5",watanabe,1,2000,4000,0.0,0,0,"[0, 0]",8,54.633019435999984
regular,250,250,4,1.4224386667829043,"c=1,d=2",watanabe,1,2000,4000,0.0,0,0,"[0, 0]",5,42.41001663499998
e-singular,250,250,4,1.4589796769413472,"c=1,d=2",watanabe,1,2000,4000,0.0,0,0,"[0, 0]",9,51.256770754
singular1,250,250,4,1.0401468195406989,"c=1,d=2",watanabe,1,2000,4000,0.0,0,0,"[0, 0]",9,60.23110808799999
singular2,250,250,4,1.0462423773574612,"c=1,d=2",watanabe,1,2000,4000,0.0,0,0,"[0, 0]",9,54.170316496
regular,250,250,4,1.396501579660725,"c=1,d=5",watanabe,1,2000,4000,0.0,0,0,"[0, 0]",5,43.18884419
e-singular,250,250,4,1.5326748328942663,"c=1,d=5",watanabe,1,2000,4000,0.0,0,0,"[0, 0]",8,51.831020669
singular1,250,250,4,1.0129235668562149,"c=1,d=5",watanabe,1,2000,4000,0.0,0,0,"[0, 0]",10,64.077516151
singular2,250,250,4,1.0016511600687346,"c=1,d=5",watanabe,1,2000,4000,0.0,0,0,"[0, 0]",9,56.68868220900004
regular,5000,5000,4,1.5566145884689055,"c=1,d=2",watanabe,1,2000,4000,0.0,0,0,"[0, 0]",5,153.84989556299996
e-singular,5000,5000,4,1.5606748195385458,"c=1,d=2",watanabe,1,2000,4000,0.0,0,0,"[0, 0]",7,207.274339753
singular1,5000,5000,4,0.8918119848810054,"c=1,d=2",watanabe,1,2000,4000,0.0,0,0,"[0, 0]",10,317.329418947
singular2,5000,5000,4,0.8173013730533081,"c=1,d=2",watanabe,1,2000,4000,0.0,0,0,"[0, 0]",10,385.959090454
regular,5000,5000,4,1.5920796976138325,"c=1,d=5",watanabe,1,2000,4000,0.0,0,0,"[0, 0]",5,154.68450753699994
e-singular,5000,5000,4,1.5062536661977235,"c=1,d=5",watanabe,1,2000,4000,0.0,0,0,"[0, 0]",7,187.408917598
singular1,5000,5000,4,0.8651806093609048,"c=1,d=5",watanabe,1,2000,4000,0.0,0,0,"[0, 0]",10,343.99237599
singular2,5000,5000,4,0.7775688781238903,"c=1,d=5",watanabe,1,2000,4000,0.0,0,0,"[0, 0]",10,419.088975513
regular,50,50,5,1.3347120460164554,"c=1,d=2",watanabe,1,2000,4000,0.0,0,0,"[0, 0]",5,45.48540501599996
e-singular,50,50,5,1.3400120318450677,"c=1,d=2",watanabe,1,2000,4000,0.0,0,0,"[0, 0]",8,46.291943361
singular1,50,50,5,1.0712227014747449,"c=1,d=2",watanabe,1,2000,4000,0.0,0,0,"[0, 0]",10,49.93059072599999
singular2,50,50,5,0.9243113869283524,"c=1,d=2",watanabe,1,2000,4000,0.0,0,0,"[0, 0]",8,46.85199619699995
regular,50,50,5,1.462443815657171,"c=1,d=5",watanabe,1,2000,4000,0.0,0,0,"[0, 0]",5,44.71811865100005
e-singular,50,50,5,1.5559678131482677,"c=1,d=5",watanabe,1,2000,4000,0.0,0,0,"[0, 0]",8,45.60581749400001
singular1,50,50,5,1.109295164550095,"c=1,d=5",watanabe,1,2000,4000,0.0,0,0,"[0, 0]",10,49.21670567399997
singular2,50,50,5,1.0397802178338011,"c=1,d=5",watanabe,1,2000,4000,0.0,0,0,"[0, 0]",8,46.39159710299998
regular,250,250,5,1.5062287166412562,"c=1,d=2",watanabe,1,2000,4000,0.0,0,0,"[0, 0]",5,43.65875595299997
e-singular,250,250,5,1.0446465962542462,"c=1,d=2",watanabe,1,2000,4000,0.0,0,0,"[0, 0]",9,54.89626655699999
singular1,250,250,5,1.0945019784828365,"c=1,d=2",watanabe,1,2000,4000,0.0,0,0,"[0, 0]",10,57.435738938999975
singular2,250,250,5,0.8821068460377011,"c=1,d=2",watanabe,1,2000,4000,0.0,0,0,"[0, 0]",8,55.885175753
regular,250,250,5,1.4927310827586404,"c=1,d=5",watanabe,1,2000,4000,0.0,0,0,"[0, 0]",5,44.087098290000085
e-singular,250,250,5,1.0939897848178044,"c=1,d=5",watanabe,1,2000,4000,0.0,0,0,"[0, 0]",9,54.566968879
singular1,250,250,5,0.8747246251358023,"c=1,d=5",watanabe,1,2000,4000,0.0,0,0,"[0, 0]",9,56.74705645199992
singular2,250,250,5,0.8741500647741104,"c=1,d=5",watanabe,1,2000,4000,0.0,0,0,"[0, 0]",9,55.84587972499992
regular,5000,5000,5,1.4072895597629989,"c=1,d=2",watanabe,1,2000,4000,0.0,0,0,"[0, 0]",5,150.80136435400004
e-singular,5000,5000,5,1.5202311422365256,"c=1,d=2",watanabe,1,2000,4000,0.0,0,0,"[0, 0]",6,187.5842204999999
singular1,5000,5000,5,0.8068634970221797,"c=1,d=2",watanabe,1,2000,4000,0.0,0,0,"[0, 0]",10,345.0531340450001
singular2,5000,5000,5,0.7800616962681488,"c=1,d=2",watanabe,1,2000,4000,0.0,0,0,"[0, 0]",10,341.81686587699994
regular,5000,5000,5,1.4745049799868462,"c=1,d=5",watanabe,1,2000,4000,0.0,0,0,"[0, 0]",5,154.30737404299998
e-singular,5000,5000,5,1.6307086545346123,"c=1,d=5",watanabe,1,2000,4000,0.0,0,0,"[0, 0]",7,193.0815983099999
singular1,5000,5000,5,0.7216485589445465,"c=1,d=5",watanabe,1,2000,4000,0.0,0,0,"[0, 0]",10,414.7965202
singular2,5000,5000,5,0.7588463549694449,"c=1,d=5",watanabe,1,2000,4000,0.0,0,0,"[0, 0]",10,343.90688143599994
regular,50,50,6,1.415954032150787,"c=1,d=2",watanabe,1,2000,4000,0.0,0,0,"[0, 0]",5,44.8793187629999
e-singular,50,50,6,0.9227534922858078,"c=1,d=2",watanabe,1,2000,4000,0.0,0,0,"[0, 0]",9,47.42533002800019
singular1,50,50,6,1.112651546775771,"c=1,d=2",watanabe,1,2000,4000,0.0,0,0,"[0, 0]",9,50.86477835599999
singular2,50,50,6,0.864535402730057,"c=1,d=2",watanabe,1,2000,4000,0.0,0,0,"[0, 0]",8,50.30307348099996
regular,50,50,6,1.4361880764019974,"c=1,d=5",watanabe,1,2000,4000,0.0,0,0,"[0, 0]",5,45.23128605299985
e-singular,50,50,6,1.1635602689938274,"c=1,d=5",watanabe,1,2000,4000,0.0,0,0,"[0, 0]",9,49.55948743199997
singular1,50,50,6,1.1381915106637508,"c=1,d=5",watanabe,1,2000,4000,0.0,0,0,"[0, 0]",10,51.72578822299988
singular2,50,50,6,0.9502120881132188,"c=1,d=5",watanabe,1,2000,4000,0.0,0,0,"[0, 0]",9,50.82562088100008
regular,250,250,6,1.5143911009274973,"c=1,d=2",watanabe,1,2000,4000,0.0,0,0,"[0, 0]",5,42.98096948600005
e-singular,250,250,6,1.5197930292675086,"c=1,d=2",watanabe,1,2000,4000,0.0,0,0,"[0, 0]",9,51.17315996699995
singular1,250,250,6,0.8869885862064119,"c=1,d=2",watanabe,1,2000,4000,0.0,0,0,"[0, 0]",10,58.5496862949999
singular2,250,250,6,1.0123333080958166,"c=1,d=2",watanabe,1,2000,4000,0.0,0,0,"[0, 0]",9,57.45296770200002
regular,250,250,6,1.377140520508523,"c=1,d=5",watanabe,1,2000,4000,0.0,0,0,"[0, 0]",5,45.07666450700003
e-singular,250,250,6,1.642533319647374,"c=1,d=5",watanabe,1,2000,4000,0.0,0,0,"[0, 0]",8,49.49035544100002
singular1,250,250,6,0.8953788883443932,"c=1,d=5",watanabe,1,2000,4000,0.0,0,0,"[0, 0]",9,59.141104095999935
singular2,250,250,6,0.916724087767442,"c=1,d=5",watanabe,1,2000,4000,0.0,0,0,"[0, 0]",10,60.786223741000185
regular,5000,5000,6,1.505611049355662,"c=1,d=2",watanabe,1,2000,4000,0.0,0,0,"[0, 0]",5,151.1827344269998
e-singular,5000,5000,6,1.530805434509473,"c=1,d=2",watanabe,1,2000,4000,0.0,0,0,"[0, 0]",6,259.1895029
singular1,5000,5000,6,0.8049544359392555,"c=1,d=2",watanabe,1,2000,4000,0.0,0,0,"[0, 0]",10,432.888631709
singular2,5000,5000,6,0.7702962602706912,"c=1,d=2",watanabe,1,2000,4000,0.0,0,0,"[0, 0]",10,404.700314337
regular,5000,5000,6,1.580634398429141,"c=1,d=5",watanabe,1,2000,4000,0.0,0,0,"[0, 0]",5,152.0150666970001
e-singular,5000,5000,6,1.5779508938927764,"c=1,d=5",watanabe,1,2000,4000,0.0,0,0,"[0, 0]",7,211.8337234679998
singular1,5000,5000,6,0.678380169349431,"c=1,d=5",watanabe,1,2000,4000,0.0,0,0,"[0, 0]",10,403.7961611169999
singular2,5000,5000,6,0.7294642050689198,"c=1,d=5",watanabe,1,2000,4000,0.0,0,0,"[0, 0]",10,446.1527241670001
regular,50,50,7,1.436335802885299,"c=1,d=2",watanabe,1,2000,4000,0.0,0,0,"[0, 0]",5,44.67130270200005
e-singular,50,50,7,0.9248218221766178,"c=1,d=2",watanabe,1,2000,4000,0.0,0,0,"[0, 0]",9,47.95583686400005
singular1,50,50,7,1.2358630738285832,"c=1,d=2",watanabe,1,2000,4000,0.0,0,0,"[0, 0]",10,50.614516358999936
singular2,50,50,7,1.0641108527674543,"c=1,d=2",watanabe,1,2000,4000,0.0,0,0,"[0, 0]",8,48.20732257600002
regular,50,50,7,1.4670962942423265,"c=1,d=5",watanabe,1,2000,4000,0.0,0,0,"[0, 0]",5,44.960492479000095
e-singular,50,50,7,1.1039598872986294,"c=1,d=5",watanabe,1,2000,4000,0.0,0,0,"[0, 0]",9,47.90547982599992
singular1,50,50,7,1.213615101772358,"c=1,d=5",watanabe,1,2000,4000,0.0,0,0,"[0, 0]",10,49.61924303199999
singular2,50,50,7,1.0003326518852136,"c=1,d=5",watanabe,1,2000,4000,0.0,0,0,"[0, 0]",9,48.3647715149998
regular,250,250,7,1.352402140136011,"c=1,d=2",watanabe,1,2000,4000,0.0,0,0,"[0, 0]",5,44.64669720799975
e-singular,250,250,7,1.585626160372187,"c=1,d=2",watanabe,1,2000,4000,0.0,0,0,"[0, 0]",8,47.55563591000009
singular1,250,250,7,1.0921095429406082,"c=1,d=2",watanabe,1,2000,4000,0.0,0,0,"[0, 0]",10,59.68140580199997
singular2,250,250,7,0.9160587631441384,"c=1,d=2",watanabe,1,2000,4000,0.0,0,0,"[0, 0]",8,53.70234603800009
regular,250,250,7,1.4920016610577531,"c=1,d=5",watanabe,1,2000,4000,0.0,0,0,"[0, 0]",5,44.16988287699997
e-singular,250,250,7,1.5425415379604392,"c=1,d=5",watanabe,1,2000,4000,0.0,0,0,"[0, 0]",7,46.24316771100007
singular1,250,250,7,0.9122418897632678,"c=1,d=5",watanabe,1,2000,4000,0.0,0,0,"[0, 0]",9,55.58943250900006
singular2,250,250,7,0.876774405422667,"c=1,d=5",watanabe,1,2000,4000,0.0,0,0,"[0, 0]",9,55.81482121199997
regular,5000,5000,7,1.385913778063013,"c=1,d=2",watanabe,1,2000,4000,0.0,0,0,"[0, 0]",5,152.39140877699992
e-singular,5000,5000,7,1.5980403470094942,"c=1,d=2",watanabe,1,2000,4000,0.0,0,0,"[0, 0]",7,205.57422029300005
singular1,5000,5000,7,0.7235182462786522,"c=1,d=2",watanabe,1,2000,4000,0.0,0,0,"[0, 0]",10,387.532811521
singular2,5000,5000,7,0.7566447155199759,"c=1,d=2",watanabe,1,2000,4000,0.0,0,0,"[0, 0]",10,347.28644448399973
regular,5000,5000,7,1.4984789606019522,"c=1,d=5",watanabe,1,2000,4000,0.0,0,0,"[0, 0]",5,152.84102626699996
e-singular,5000,5000,7,1.537719442044115,"c=1,d=5",watanabe,1,2000,4000,0.0,0,0,"[0, 0]",7,192.49267136200024
singular1,5000,5000,7,0.8002359055945217,"c=1,d=5",watanabe,1,2000,4000,0.0,0,0,"[0, 0]",10,419.254994503
singular2,5000,5000,7,0.7897863117353007,"c=1,d=5",watanabe,1,2000,4000,0.0,0,0,"[0, 0]",10,378.7285685500001
regular,50,50,8,1.4068700177918023,"c=1,d=2",watanabe,1,2000,4000,0.0,0,0,"[0, 0]",5,45.37249106399986
e-singular,50,50,8,1.5963762319443593,"c=1,d=2",watanabe,1,2000,4000,0.0,0,0,"[0, 0]",7,45.48083438499998
singular1,50,50,8,1.1705702529691842,"c=1,d=2",watanabe,1,2000,4000,0.0,0,0,"[0, 0]",10,52.26440429200011
singular2,50,50,8,0.9582405075636228,"c=1,d=2",watanabe,1,2000,4000,0.0,0,0,"[0, 0]",8,49.87475775299981
regular,50,50,8,1.438362925556026,"c=1,d=5",watanabe,1,2000,4000,0.0,0,0,"[0, 0]",5,45.381103708999945
e-singular,50,50,8,1.7974774936504545,"c=1,d=5",watanabe,1,2000,4000,0.0,0,0,"[0, 0]",7,44.57495156999994
singular1,50,50,8,1.1623418515814326,"c=1,d=5",watanabe,1,2000,4000,0.0,0,0,"[0, 0]",10,49.53713126000002
singular2,50,50,8,0.9429556575049468,"c=1,d=5",watanabe,1,2000,4000,0.0,0,0,"[0, 0]",10,52.98456180899984
regular,250,250,8,1.489520800837374,"c=1,d=2",watanabe,1,2000,4000,0.0,0,0,"[0, 0]",5,44.12299652399997
e-singular,250,250,8,1.711699726846598,"c=1,d=2",watanabe,1,2000,4000,0.0,0,0,"[0, 0]",8,47.01471253
singular1,250,250,8,1.0634727498865604,"c=1,d=2",watanabe,1,2000,4000,0.0,0,0,"[0, 0]",9,55.08890044100008
singular2,250,250,8,0.934543736710701,"c=1,d=2",watanabe,1,2000,4000,0.0,0,0,"[0, 0]",9,55.35043926399976
regular,250,250,8,1.440571489655351,"c=1,d=5",watanabe,1,2000,4000,0.0,0,0,"[0, 0]",5,44.10174620599992
e-singular,250,250,8,1.745854892343787,"c=1,d=5",watanabe,1,2000,4000,0.0,0,0,"[0, 0]",7,45.21895376999965
singular1,250,250,8,0.9831367025845296,"c=1,d=5",watanabe,1,2000,4000,0.0,0,0,"[0, 0]",10,54.97157099900005
singular2,250,250,8,0.918885047203984,"c=1,d=5",watanabe,1,2000,4000,0.0,0,0,"[0, 0]",9,54.50962857800005
regular,5000,5000,8,1.586160371917009,"c=1,d=2",watanabe,1,2000,4000,0.0,0,0,"[0, 0]",5,148.52470441900005
e-singular,5000,5000,8,1.66156112173687,"c=1,d=2",watanabe,1,2000,4000,0.0,0,0,"[0, 0]",7,200.12466792900025
singular1,5000,5000,8,0.9831884615222952,"c=1,d=2",watanabe,1,2000,4000,0.0,0,0,"[0, 0]",10,524.078578397
singular2,5000,5000,8,1.030935015925966,"c=1,d=2",watanabe,1,2000,4000,0.0,0,0,"[0, 0]",10,369.2869372259997
regular,5000,5000,8,1.425762714055022,"c=1,d=5",watanabe,1,2000,4000,0.0,0,0,"[0, 0]",5,151.0692124080001
e-singular,5000,5000,8,1.5442531326690825,"c=1,d=5",watanabe,1,2000,4000,0.0,0,0,"[0, 0]",6,195.7998823070002
singular1,5000,5000,8,0.8625532465586793,"c=1,d=5",watanabe,1,2000,4000,0.0,0,0,"[0, 0]",10,526.4608393619997
singular2,5000,5000,8,0.9287037280270816,"c=1,d=5",watanabe,1,2000,4000,0.0,0,0,"[0, 0]",10,335.8094987489999
regular,50,50,9,1.311592556349469,"c=1,d=2",watanabe,1,2000,4000,0.0,0,0,"[0, 0]",5,45.23346771899969
e-singular,50,50,9,1.2872415421441137,"c=1,d=2",watanabe,1,2000,4000,0.0,0,0,"[0, 0]",8,47.02140609700018
singular1,50,50,9,1.0692428240188814,"c=1,d=2",watanabe,1,2000,4000,0.0,0,0,"[0, 0]",9,49.743180593000034
singular2,50,50,9,0.8552672972296137,"c=1,d=2",watanabe,1,2000,4000,0.0,0,0,"[0, 0]",8,49.06348674699984
regular,50,50,9,1.337660368948647,"c=1,d=5",watanabe,1,2000,4000,0.0,0,0,"[0, 0]",5,45.49532888900012
e-singular,50,50,9,1.3290634077619154,"c=1,d=5",watanabe,1,2000,4000,0.0,0,0,"[0, 0]",8,45.90261336000003
singular1,50,50,9,1.177436176796608,"c=1,d=5",watanabe,1,2000,4000,0.0,0,0,"[0, 0]",9,48.10846808799988
singular2,50,50,9,0.8958292876281841,"c=1,d=5",watanabe,1,2000,4000,0.0,0,0,"[0, 0]",9,52.07639331300015
regular,250,250,9,1.5926448985160322,"c=1,d=2",watanabe,1,2000,4000,0.0,0,0,"[0, 0]",5,44.2411679869997
e-singular,250,250,9,1.7300587272736363,"c=1,d=2",watanabe,1,2000,4000,0.0,0,0,"[0, 0]",8,46.18756336300021
singular1,250,250,9,1.056390222903598,"c=1,d=2",watanabe,1,2000,4000,0.0,0,0,"[0, 0]",10,64.06344533400033
singular2,250,250,9,0.8911462894821979,"c=1,d=2",watanabe,1,2000,4000,0.0,0,0,"[0, 0]",9,51.056329370000185
regular,250,250,9,1.5363186114450718,"c=1,d=5",watanabe,1,2000,4000,0.0,0,0,"[0, 0]",5,43.51264457199977
e-singular,250,250,9,1.4367507703214253,"c=1,d=5",watanabe,1,2000,4000,0.0,0,0,"[0, 0]",8,47.57358919800026
singular1,250,250,9,1.0952325452583829,"c=1,d=5",watanabe,1,2000,4000,0.0,0,0,"[0, 0]",10,59.58428061399991
singular2,250,250,9,0.8032860503495337,"c=1,d=5",watanabe,1,2000,4000,0.0,0,0,"[0, 0]",9,50.588447820000056
regular,5000,5000,9,1.5274977960936538,"c=1,d=2",watanabe,1,2000,4000,0.0,0,0,"[0, 0]",5,152.9638258130003
e-singular,5000,5000,9,1.633064194441883,"c=1,d=2",watanabe,1,2000,4000,0.0,0,0,"[0, 0]",6,221.2312183210001
singular1,5000,5000,9,1.075257917666159,"c=1,d=2",watanabe,1,2000,4000,0.0,0,0,"[0, 0]",10,392.4405909019997
singular2,5000,5000,9,0.6959829843870248,"c=1,d=2",watanabe,1,2000,4000,0.0,0,0,"[0, 0]",10,347.641849701
regular,5000,5000,9,1.472033618385101,"c=1,d=5",watanabe,1,2000,4000,0.0,0,0,"[0, 0]",5,152.56332657699977
e-singular,5000,5000,9,1.459034491249227,"c=1,d=5",watanabe,1,2000,4000,0.0,0,0,"[0, 0]",7,175.00654053800008
singular1,5000,5000,9,0.9363372873516952,"c=1,d=5",watanabe,1,2000,4000,0.0,0,0,"[0, 0]",10,352.9791082359998
singular2,5000,5000,9,0.7354806891017784,"c=1,d=5",watanabe,1,2000,4000,0.0,0,0,"[0, 0]",10,365.3684665199999
regular,50,50,10,1.499018454343685,"c=1,d=2",watanabe,1,2000,4000,0.0,0,0,"[0, 0]",5,44.54312440800004
e-singular,50,50,10,0.9740044258631044,"c=1,d=2",watanabe,1,2000,4000,0.0,0,0,"[0, 0]",8,48.33700514999964
singular1,50,50,10,1.013347181084748,"c=1,d=2",watanabe,1,2000,4000,0.0,0,0,"[0, 0]",8,49.41860444299982
singular2,50,50,10,0.8805810192126416,"c=1,d=2",watanabe,1,2000,4000,0.0,0,0,"[0, 0]",7,46.7007360839998
regular,50,50,10,1.4284724160237336,"c=1,d=5",watanabe,1,2000,4000,0.0,0,0,"[0, 0]",5,45.20205079000016
e-singular,50,50,10,1.1503483447564615,"c=1,d=5",watanabe,1,2000,4000,0.0,0,0,"[0, 0]",8,49.06380142199987
singular1,50,50,10,1.0512604105938848,"c=1,d=5",watanabe,1,2000,4000,0.0,0,0,"[0, 0]",8,49.20373126799996
singular2,50,50,10,0.8677638672059369,"c=1,d=5",watanabe,1,2000,4000,0.0,0,0,"[0, 0]",8,47.326455698000245
regular,250,250,10,1.4303471711982108,"c=1,d=2",watanabe,1,2000,4000,0.0,0,0,"[0, 0]",5,44.24937227500004
e-singular,250,250,10,1.6498012423445343,"c=1,d=2",watanabe,1,2000,4000,0.0,0,0,"[0, 0]",8,48.02278444700005
singular1,250,250,10,1.0198913361386874,"c=1,d=2",watanabe,1,2000,4000,0.0,0,0,"[0, 0]",10,56.431247239000186
singular2,250,250,10,0.7558956781298772,"c=1,d=2",watanabe,1,2000,4000,0.0,0,0,"[0, 0]",9,58.95447466199994
regular,250,250,10,1.4843697564657752,"c=1,d=5",watanabe,1,2000,4000,0.0,0,0,"[0, 0]",5,43.12576095099985
e-singular,250,250,10,1.6618400587498148,"c=1,d=5",watanabe,1,2000,4000,0.0,0,0,"[0, 0]",8,49.58034286200018
singular1,250,250,10,1.0298291721741897,"c=1,d=5",watanabe,1,2000,4000,0.0,0,0,"[0, 0]",10,59.0656281800002
singular2,250,250,10,0.8126033348560121,"c=1,d=5",watanabe,1,2000,4000,0.0,0,0,"[0, 0]",9,58.22822989700035
regular,5000,5000,10,1.5299560527254057,"c=1,d=2",watanabe,1,2000,4000,0.0,0,0,"[0, 0]",5,150.23013974100013
e-singular,5000,5000,10,1.433967310255458,"c=1,d=2",watanabe,1,2000,4000,0.0,0,0,"[0, 0]",6,184.054882548
singular1,5000,5000,10,0.7120313526398545,"c=1,d=2",watanabe,1,2000,4000,0.0,0,0,"[0, 0]",10,375.265496125
singular2,5000,5000,10,0.7883830555184421,"c=1,d=2",watanabe,1,2000,4000,0.0,0,0,"[0, 0]",10,369.3346597650002
regular,5000,5000,10,1.47532639119343,"c=1,d=5",watanabe,1,2000,4000,0.0,0,0,"[0, 0]",5,151.86306696700012
e-singular,5000,5000,10,1.4129998828398005,"c=1,d=5",watanabe,1,2000,4000,0.0,0,0,"[0, 0]",7,206.7673288020001
singular1,5000,5000,10,0.8073346819127337,"c=1,d=5",watanabe,1,2000,4000,0.0,0,0,"[0, 0]",10,439.4575561180004
singular2,5000,5000,10,0.7191687466140293,"c=1,d=5",watanabe,1,2000,4000,0.0,0,0,"[0, 0]",10,372.1360543300002
regular,50,50,11,1.278460645829453,"c=1,d=2",watanabe,1,2000,4000,0.0,0,0,"[0, 0]",5,45.25764587000049
e-singular,50,50,11,1.7366298505495943,"c=1,d=2",watanabe,1,2000,4000,0.0,0,0,"[0, 0]",8,46.982463144000576
singular1,50,50,11,1.0816180729237834,"c=1,d=2",watanabe,1,2000,4000,0.0,0,0,"[0, 0]",8,47.95883750400026
singular2,50,50,11,1.0036881411838368,"c=1,d=2",watanabe,1,2000,4000,0.0,0,0,"[0, 0]",8,47.7218756530001
regular,50,50,11,1.43605935976651,"c=1,d=5",watanabe,1,2000,4000,0.0,0,0,"[0, 0]",5,44.90981850699973
e-singular,50,50,11,1.5452379332159971,"c=1,d=5",watanabe,1,2000,4000,0.0,0,0,"[0, 0]",7,46.24852463600018
singular1,50,50,11,1.0465013824249914,"c=1,d=5",watanabe,1,2000,4000,0.0,0,0,"[0, 0]",9,49.3196783809999
singular2,50,50,11,1.018168200973906,"c=1,d=5",watanabe,1,2000,4000,0.0,0,0,"[0, 0]",8,47.39153291000002
regular,250,250,11,1.4804990790589605,"c=1,d=2",watanabe,1,2000,4000,0.0,0,0,"[0, 0]",5,43.202686755000286
e-singular,250,250,11,1.7737163072501432,"c=1,d=2",watanabe,1,2000,4000,0.0,0,0,"[0, 0]",8,46.37304126900017
singular1,250,250,11,1.2367230529284217,"c=1,d=2",watanabe,1,2000,4000,0.0,0,0,"[0, 0]",10,59.35746623100022
singular2,250,250,11,0.8991283619285865,"c=1,d=2",watanabe,1,2000,4000,0.0,0,0,"[0, 0]",9,56.40590835799958
regular,250,250,11,1.4325175539661006,"c=1,d=5",watanabe,1,2000,4000,0.0,0,0,"[0, 0]",5,44.86997379900004
e-singular,250,250,11,1.758586021593555,"c=1,d=5",watanabe,1,2000,4000,0.0,0,0,"[0, 0]",8,45.80850483100039
singular1,250,250,11,1.0308736557798568,"c=1,d=5",watanabe,1,2000,4000,0.0,0,0,"[0, 0]",10,61.13539372600008
singular2,250,250,11,0.9494767516702808,"c=1,d=5",watanabe,1,2000,4000,0.0,0,0,"[0, 0]",10,58.645944621000126
regular,5000,5000,11,1.6324124936823865,"c=1,d=2",watanabe,1,2000,4000,0.0,0,0,"[0, 0]",5,140.14808628799983
e-singular,5000,5000,11,1.455151543776268,"c=1,d=2",watanabe,1,2000,4000,0.0,0,0,"[0, 0]",6,178.2153439929998
singular1,5000,5000,11,0.7554074204504858,"c=1,d=2",watanabe,1,2000,4000,0.0,0,0,"[0, 0]",10,341.9004496689995
singular2,5000,5000,11,0.8032491179324373,"c=1,d=2",watanabe,1,2000,4000,0.0,0,0,"[0, 0]",10,306.50619437600017
regular,5000,5000,11,1.5566128520289282,"c=1,d=5",watanabe,1,2000,4000,0.0,0,0,"[0, 0]",5,152.16356961200017
e-singular,5000,5000,11,1.5696045979839457,"c=1,d=5",watanabe,1,2000,4000,0.0,0,0,"[0, 0]",7,184.2362286469997
singular1,5000,5000,11,0.7631941189959269,"c=1,d=5",watanabe,1,2000,4000,0.0,0,0,"[0, 0]",10,322.255832373
singular2,5000,5000,11,0.7929434258766698,"c=1,d=5",watanabe,1,2000,4000,0.0,0,0,"[0, 0]",10,381.81874408899967
regular,50,50,12,1.470719754666998,"c=1,d=2",watanabe,1,2000,4000,0.0,0,0,"[0, 0]",5,45.22026765099963
e-singular,50,50,12,1.4110583244543458,"c=1,d=2",watanabe,1,2000,4000,0.0,0,0,"[0, 0]",8,46.18242794899925
singular1,50,50,12,1.1186305482807384,"c=1,d=2",watanabe,1,2000,4000,0.0,0,0,"[0, 0]",8,48.7341198489994
singular2,50,50,12,1.0466964906352818,"c=1,d=2",watanabe,1,2000,4000,0.0,0,0,"[0, 0]",8,47.42897329599964
regular,50,50,12,1.4379368813071307,"c=1,d=5",watanabe,1,2000,4000,0.0,0,0,"[0, 0]",5,44.75953094800025
e-singular,50,50,12,1.3397689761847442,"c=1,d=5",watanabe,1,2000,4000,0.0,0,0,"[0, 0]",7,46.25213743199947
singular1,50,50,12,1.2083060315218337,"c=1,d=5",watanabe,1,2000,4000,0.0,0,0,"[0, 0]",9,49.81122048899943
singular2,50,50,12,1.0398160397796363,"c=1,d=5",watanabe,1,2000,4000,0.0,0,0,"[0, 0]",8,46.40107668099972
regular,250,250,12,1.482709450247457,"c=1,d=2",watanabe,1,2000,4000,0.0,0,0,"[0, 0]",5,43.95741444800024
e-singular,250,250,12,1.4832472567893176,"c=1,d=2",watanabe,1,2000,4000,0.0,0,0,"[0, 0]",9,52.94496518100004
singular1,250,250,12,0.973989634771655,"c=1,d=2",watanabe,1,2000,4000,0.0,0,0,"[0, 0]",9,55.97917364299974
singular2,250,250,12,1.013676782256855,"c=1,d=2",watanabe,1,2000,4000,0.0,0,0,"[0, 0]",9,53.38297533599962
regular,250,250,12,1.5139944559684937,"c=1,d=5",watanabe,1,2000,4000,0.0,0,0,"[0, 0]",5,44.36346891799985
e-singular,250,250,12,1.505413550838243,"c=1,d=5",watanabe,1,2000,4000,0.0,0,0,"[0, 0]",8,49.62469463399975
singular1,250,250,12,0.8964742173294628,"c=1,d=5",watanabe,1,2000,4000,0.0,0,0,"[0, 0]",9,58.58143923999978
singular2,250,250,12,0.9974829866406696,"c=1,d=5",watanabe,1,2000,4000,0.0,0,0,"[0, 0]",9,56.24873404400023
regular,5000,5000,12,1.5178626276301628,"c=1,d=2",watanabe,1,2000,4000,0.0,0,0,"[0, 0]",5,152.1954246840005
e-singular,5000,5000,12,1.5823825494442776,"c=1,d=2",watanabe,1,2000,4000,0.0,0,0,"[0, 0]",6,186.8030462910001
singular1,5000,5000,12,0.9241942463382876,"c=1,d=2",watanabe,1,2000,4000,0.0,0,0,"[0, 0]",10,445.8965539190003
singular2,5000,5000,12,0.8273271777650312,"c=1,d=2",watanabe,1,2000,4000,0.0,0,0,"[0, 0]",10,367.5712175569997
regular,5000,5000,12,1.5265960821383462,"c=1,d=5",watanabe,1,2000,4000,0.0,0,0,"[0, 0]",5,151.44654105600057
e-singular,5000,5000,12,1.504422895135766,"c=1,d=5",watanabe,1,2000,4000,0.0,0,0,"[0, 0]",6,170.17927366500044
singular1,5000,5000,12,0.8839062767479591,"c=1,d=5",watanabe,1,2000,4000,0.0,0,0,"[0, 0]",10,480.5765847290004
singular2,5000,5000,12,0.8085182969675256,"c=1,d=5",watanabe,1,2000,4000,0.0,0,0,"[0, 0]",10,333.6663184229992
regular,50,50,13,1.3851264449700038,"c=1,d=2",watanabe,1,2000,4000,0.0,0,0,"[0, 0]",6,45.2930573120002
e-singular,50,50,13,1.0938795408296729,"c=1,d=2",watanabe,1,2000,4000,0.0,0,0,"[0, 0]",8,48.59388863699951
singular1,50,50,13,1.0518973703309604,"c=1,d=2",watanabe,1,2000,4000,0.0,0,0,"[0, 0]",9,50.4870380680004
singular2,50,50,13,0.9441997404378892,"c=1,d=2",watanabe,1,2000,4000,0.0,0,0,"[0, 0]",8,47.2810163639997
regular,50,50,13,1.3619389113519853,"c=1,d=5",watanabe,1,2000,4000,0.0,0,0,"[0, 0]",5,45.38298609699996
e-singular,50,50,13,1.0944642299610683,"c=1,d=5",watanabe,1,2000,4000,0.0,0,0,"[0, 0]",9,48.63863757199943
singular1,50,50,13,1.0894983295855545,"c=1,d=5",watanabe,1,2000,4000,0.0,0,0,"[0, 0]",9,50.1767109729999
singular2,50,50,13,0.9787087026156556,"c=1,d=5",watanabe,1,2000,4000,0.0,0,0,"[0, 0]",8,47.14581679599996
regular,250,250,13,1.491342972349048,"c=1,d=2",watanabe,1,2000,4000,0.0,0,0,"[0, 0]",5,44.15322120699966
e-singular,250,250,13,1.3790918888990982,"c=1,d=2",watanabe,1,2000,4000,0.0,0,0,"[0, 0]",9,47.89874417699957
singular1,250,250,13,0.9986567405140242,"c=1,d=2",watanabe,1,2000,4000,0.0,0,0,"[0, 0]",10,59.55067331000009
singular2,250,250,13,0.9404152548082124,"c=1,d=2",watanabe,1,2000,4000,0.0,0,0,"[0, 0]",9,53.33329504199992
regular,250,250,13,1.5186582909118485,"c=1,d=5",watanabe,1,2000,4000,0.0,0,0,"[0, 0]",5,42.902084811999885
e-singular,250,250,13,1.5984556705905109,"c=1,d=5",watanabe,1,2000,4000,0.0,0,0,"[0, 0]",8,48.28026192899961
singular1,250,250,13,1.0966922275596458,"c=1,d=5",watanabe,1,2000,4000,0.0,0,0,"[0, 0]",10,58.5435765809998
singular2,250,250,13,0.9851254379035468,"c=1,d=5",watanabe,1,2000,4000,0.0,0,0,"[0, 0]",10,54.73790353499953
regular,5000,5000,13,1.5039245642154386,"c=1,d=2",watanabe,1,2000,4000,0.0,0,0,"[0, 0]",5,150.95223519200044
e-singular,5000,5000,13,1.5672898882457404,"c=1,d=2",watanabe,1,2000,4000,0.0,0,0,"[0, 0]",7,177.94551272800072
singular1,5000,5000,13,0.8839636087108489,"c=1,d=2",watanabe,1,2000,4000,0.0,0,0,"[0, 0]",10,344.1546704829998
singular2,5000,5000,13,0.6953599272190282,"c=1,d=2",watanabe,1,2000,4000,0.0,0,0,"[0, 0]",10,637.4476244709995
regular,5000,5000,13,1.4729842256367345,"c=1,d=5",watanabe,1,2000,4000,0.0,0,0,"[0, 0]",6,171.3913361169998
e-singular,5000,5000,13,1.6609295382935911,"c=1,d=5",watanabe,1,2000,4000,0.0,0,0,"[0, 0]",7,185.88213010399977
singular1,5000,5000,13,0.740540057901819,"c=1,d=5",watanabe,1,2000,4000,0.0,0,0,"[0, 0]",10,315.0984359280001
singular2,5000,5000,13,0.741587083747047,"c=1,d=5",watanabe,1,2000,4000,0.0,0,0,"[0, 0]",10,482.1521298309999
regular,50,50,14,1.3485710734081442,"c=1,d=2",watanabe,1,2000,4000,0.0,0,0,"[0, 0]",5,44.42574343300021
e-singular,50,50,14,1.0551878016523746,"c=1,d=2",watanabe,1,2000,4000,0.0,0,0,"[0, 0]",8,48.71186498499992
singular1,50,50,14,1.1771764171578445,"c=1,d=2",watanabe,1,2000,4000,0.0,0,0,"[0, 0]",9,48.144155758000124
singular2,50,50,14,0.9526541520979744,"c=1,d=2",watanabe,1,2000,4000,0.0,0,0,"[0, 0]",8,46.54169728999932
regular,50,50,14,1.434574481395958,"c=1,d=5",watanabe,1,2000,4000,0.0,0,0,"[0, 0]",5,44.89572310699987
e-singular,50,50,14,0.997599983025244,"c=1,d=5",watanabe,1,2000,4000,0.0,0,0,"[0, 0]",8,48.0645269609995
singular1,50,50,14,1.0088981496156002,"c=1,d=5",watanabe,1,2000,4000,0.0,0,0,"[0, 0]",9,50.96466217100078
singular2,50,50,14,1.0013558135967693,"c=1,d=5",watanabe,1,2000,4000,0.0,0,0,"[0, 0]",7,46.36364812400007
regular,250,250,14,1.567680985177372,"c=1,d=2",watanabe,1,2000,4000,0.0,0,0,"[0, 0]",5,44.22699339999963
e-singular,250,250,14,1.5736879668577046,"c=1,d=2",watanabe,1,2000,4000,0.0,0,0,"[0, 0]",7,48.779677472
singular1,250,250,14,1.074340837114126,"c=1,d=2",watanabe,1,2000,4000,0.0,0,0,"[0, 0]",9,56.28959556799964
singular2,250,250,14,0.9853687673488254,"c=1,d=2",watanabe,1,2000,4000,0.0,0,0,"[0, 0]",10,58.31387091599936
regular,250,250,14,1.4630728020753032,"c=1,d=5",watanabe,1,2000,4000,0.0,0,0,"[0, 0]",5,43.54981810800018
e-singular,250,250,14,1.6032882745785704,"c=1,d=5",watanabe,1,2000,4000,0.0,0,0,"[0, 0]",7,46.600688937000086
singular1,250,250,14,1.0688988127152466,"c=1,d=5",watanabe,1,2000,4000,0.0,0,0,"[0, 0]",9,53.55477871600033
singular2,250,250,14,0.9462250151689672,"c=1,d=5",watanabe,1,2000,4000,0.0,0,0,"[0, 0]",9,55.59443656100029
regular,5000,5000,14,1.456254328030606,"c=1,d=2",watanabe,1,2000,4000,0.0,0,0,"[0, 0]",5,151.83514240799923
e-singular,5000,5000,14,1.5993580667686715,"c=1,d=2",watanabe,1,2000,4000,0.0,0,0,"[0, 0]",7,202.39453909700023
singular1,5000,5000,14,0.9248518233001032,"c=1,d=2",watanabe,1,2000,4000,0.0,0,0,"[0, 0]",10,331.6680231169994
singular2,5000,5000,14,0.816261605642036,"c=1,d=2",watanabe,1,2000,4000,0.0,0,0,"[0, 0]",10,340.1061760140001
regular,5000,5000,14,1.516376935900021,"c=1,d=5",watanabe,1,2000,4000,0.0,0,0,"[0, 0]",5,152.5359833780003
e-singular,5000,5000,14,1.54649302684163,"c=1,d=5",watanabe,1,2000,4000,0.0,0,0,"[0, 0]",6,180.363647055
singular1,5000,5000,14,0.9370739244337464,"c=1,d=5",watanabe,1,2000,4000,0.0,0,0,"[0, 0]",10,395.8229549299994
singular2,5000,5000,14,0.7011720804190477,"c=1,d=5",watanabe,1,2000,4000,0.0,0,0,"[0, 0]",9,377.49974440000005
regular,50,50,15,1.535907616830145,"c=1,d=2",watanabe,1,2000,4000,0.0,0,0,"[0, 0]",5,45.42002895799942
e-singular,50,50,15,1.103368800037611,"c=1,d=2",watanabe,1,2000,4000,0.0,0,0,"[0, 0]",8,46.54902962600045
singular1,50,50,15,1.138216153652008,"c=1,d=2",watanabe,1,2000,4000,0.0,0,0,"[0, 0]",9,48.8298407250004
singular2,50,50,15,1.030408483302622,"c=1,d=2",watanabe,1,2000,4000,0.0,0,0,"[0, 0]",8,46.38670912700036
regular,50,50,15,1.4212952712548592,"c=1,d=5",watanabe,1,2000,4000,0.0,0,0,"[0, 0]",5,44.98189867500059
e-singular,50,50,15,1.2190387342292224,"c=1,d=5",watanabe,1,2000,4000,0.0,0,0,"[0, 0]",8,46.96445700299955
singular1,50,50,15,1.1890513709479928,"c=1,d=5",watanabe,1,2000,4000,0.0,0,0,"[0, 0]",10,48.792032146000565
singular2,50,50,15,1.0592337604512958,"c=1,d=5",watanabe,1,2000,4000,0.0,0,0,"[0, 0]",8,47.28087857399987
regular,250,250,15,1.4237302268731524,"c=1,d=2",watanabe,1,2000,4000,0.0,0,0,"[0, 0]",5,44.57654023400028
e-singular,250,250,15,1.0364565051428798,"c=1,d=2",watanabe,1,2000,4000,0.0,0,0,"[0, 0]",9,54.59819475600034
singular1,250,250,15,0.9673687685267488,"c=1,d=2",watanabe,1,2000,4000,0.0,0,0,"[0, 0]",10,60.71512957499999
singular2,250,250,15,1.0006465740800723,"c=1,d=2",watanabe,1,2000,4000,0.0,0,0,"[0, 0]",9,57.87694031500087
regular,250,250,15,1.4860081003432395,"c=1,d=5",watanabe,1,2000,4000,0.0,0,0,"[0, 0]",5,44.45350700000017
e-singular,250,250,15,1.0869732266267629,"c=1,d=5",watanabe,1,2000,4000,0.0,0,0,"[0, 0]",9,56.78435445699961
singular1,250,250,15,0.9914613476099348,"c=1,d=5",watanabe,1,2000,4000,0.0,0,0,"[0, 0]",10,59.94230772699939
singular2,250,250,15,0.9719949455489716,"c=1,d=5",watanabe,1,2000,4000,0.0,0,0,"[0, 0]",9,53.956091033999655
regular,5000,5000,15,1.6292552087263454,"c=1,d=2",watanabe,1,2000,4000,0.0,0,0,"[0, 0]",5,152.3505532219997
e-singular,5000,5000,15,1.5792174253471092,"c=1,d=2",watanabe,1,2000,4000,0.0,0,0,"[0, 0]",7,255.32356096700005
singular1,5000,5000,15,0.906610524377271,"c=1,d=2",watanabe,1,2000,4000,0.0,0,0,"[0, 0]",10,393.8694328369993
singular2,5000,5000,15,0.7676880741648249,"c=1,d=2",watanabe,1,2000,4000,0.0,0,0,"[0, 0]",10,321.3703771390001
regular,5000,5000,15,1.4978069661975706,"c=1,d=5",watanabe,1,2000,4000,0.0,0,0,"[0, 0]",5,161.2026632520001
e-singular,5000,5000,15,1.440452387794375,"c=1,d=5",watanabe,1,2000,4000,0.0,0,0,"[0, 0]",7,219.7128037170005
singular1,5000,5000,15,0.8703146286664455,"c=1,d=5",watanabe,1,2000,4000,0.0,0,0,"[0, 0]",10,431.9597714879992
singular2,5000,5000,15,0.8388291196040486,"c=1,d=5",watanabe,1,2000,4000,0.0,0,0,"[0, 0]",10,435.10283515099945
regular,50,50,16,1.4835399998413028,"c=1,d=2",watanabe,1,2000,4000,0.0,0,0,"[0, 0]",6,45.96111094299977
e-singular,50,50,16,1.1084890169803008,"c=1,d=2",watanabe,1,2000,4000,0.0,0,0,"[0, 0]",8,47.44229755900051
singular1,50,50,16,1.117757388127942,"c=1,d=2",watanabe,1,2000,4000,0.0,0,0,"[0, 0]",9,49.17424962699988
singular2,50,50,16,0.7623464210243994,"c=1,d=2",watanabe,1,2000,4000,0.0,0,0,"[0, 0]",8,47.12284725999962
regular,50,50,16,1.419487288834942,"c=1,d=5",watanabe,1,2000,4000,0.0,0,0,"[0, 0]",5,44.98323028199957
e-singular,50,50,16,1.2096259552645263,"c=1,d=5",watanabe,1,2000,4000,0.0,0,0,"[0, 0]",8,47.39336581200041
singular1,50,50,16,1.1635540472069736,"c=1,d=5",watanabe,1,2000,4000,0.0,0,0,"[0, 0]",10,50.01080135200027
singular2,50,50,16,0.927103717059292,"c=1,d=5",watanabe,1,2000,4000,0.0,0,0,"[0, 0]",8,46.558747058000336
regular,250,250,16,1.4794062426610524,"c=1,d=2",watanabe,1,2000,4000,0.0,0,0,"[0, 0]",5,44.12635522400069
e-singular,250,250,16,1.5935610858812057,"c=1,d=2",watanabe,1,2000,4000,0.0,0,0,"[0, 0]",9,49.63641301999997
singular1,250,250,16,0.9654711476146994,"c=1,d=2",watanabe,1,2000,4000,0.0,0,0,"[0, 0]",10,58.39320941000005
singular2,250,250,16,1.0482081736240372,"c=1,d=2",watanabe,1,2000,4000,0.0,0,0,"[0, 0]",9,49.92310594299943
regular,250,250,16,1.384272678013265,"c=1,d=5",watanabe,1,2000,4000,0.0,0,0,"[0, 0]",5,42.879689809999945
e-singular,250,250,16,1.4923310348465686,"c=1,d=5",watanabe,1,2000,4000,0.0,0,0,"[0, 0]",8,47.50576238299982
singular1,250,250,16,0.860755743240019,"c=1,d=5",watanabe,1,2000,4000,0.0,0,0,"[0, 0]",10,58.36851765600022
singular2,250,250,16,0.9574529546617772,"c=1,d=5",watanabe,1,2000,4000,0.0,0,0,"[0, 0]",9,51.85845372400036
regular,5000,5000,16,1.5009638175562254,"c=1,d=2",watanabe,1,2000,4000,0.0,0,0,"[0, 0]",6,169.94779518399992
e-singular,5000,5000,16,1.6815635761225425,"c=1,d=2",watanabe,1,2000,4000,0.0,0,0,"[0, 0]",7,196.9569347870001
singular1,5000,5000,16,0.693704587124441,"c=1,d=2",watanabe,1,2000,4000,0.0,0,0,"[0, 0]",10,411.1475108069999
singular2,5000,5000,16,1.0364764555611814,"c=1,d=2",watanabe,1,2000,4000,0.0,0,0,"[0, 0]",10,340.42167849999987
regular,5000,5000,16,1.49339582952184,"c=1,d=5",watanabe,1,2000,4000,0.0,0,0,"[0, 0]",5,153.28094317100022
e-singular,5000,5000,16,1.4240141731852876,"c=1,d=5",watanabe,1,2000,4000,0.0,0,0,"[0, 0]",7,189.4454778950003
singular1,5000,5000,16,0.8422617060215344,"c=1,d=5",watanabe,1,2000,4000,0.0,0,0,"[0, 0]",10,409.1796581440003
singular2,5000,5000,16,0.8924951909175101,"c=1,d=5",watanabe,1,2000,4000,0.0,0,0,"[0, 0]",10,325.26741613800004
regular,50,50,17,1.4683704151170929,"c=1,d=2",watanabe,1,2000,4000,0.0,0,0,"[0, 0]",5,45.13533089300017
e-singular,50,50,17,1.1382472798220902,"c=1,d=2",watanabe,1,2000,4000,0.0,0,0,"[0, 0]",8,47.04058921500018
singular1,50,50,17,1.1178564958123232,"c=1,d=2",watanabe,1,2000,4000,0.0,0,0,"[0, 0]",9,48.96003569899949
singular2,50,50,17,0.9430264541975256,"c=1,d=2",watanabe,1,2000,4000,0.0,0,0,"[0, 0]",8,48.08334170099988
regular,50,50,17,1.4282397083964344,"c=1,d=5",watanabe,1,2000,4000,0.0,0,0,"[0, 0]",5,44.80921697300073
e-singular,50,50,17,1.0687201639594264,"c=1,d=5",watanabe,1,2000,4000,0.0,0,0,"[0, 0]",8,47.17253481999978
singular1,50,50,17,1.192416879928616,"c=1,d=5",watanabe,1,2000,4000,0.0,0,0,"[0, 0]",10,50.41009147499972
singular2,50,50,17,0.8783870067696793,"c=1,d=5",watanabe,1,2000,4000,0.0,0,0,"[0, 0]",8,47.60514905599939
regular,250,250,17,1.534560814737118,"c=1,d=2",watanabe,1,2000,4000,0.0,0,0,"[0, 0]",5,44.47926760300015
e-singular,250,250,17,1.5598430021751206,"c=1,d=2",watanabe,1,2000,4000,0.0,0,0,"[0, 0]",9,54.14606911299961
singular1,250,250,17,0.9465551323306446,"c=1,d=2",watanabe,1,2000,4000,0.0,0,0,"[0, 0]",10,60.09518743100034
singular2,250,250,17,0.921915260934508,"c=1,d=2",watanabe,1,2000,4000,0.0,0,0,"[0, 0]",9,58.8648998839999
regular,250,250,17,1.4781635454348248,"c=1,d=5",watanabe,1,2000,4000,0.0,0,0,"[0, 0]",5,46.116307538999536
e-singular,250,250,17,1.532760270105716,"c=1,d=5",watanabe,1,2000,4000,0.0,0,0,"[0, 0]",8,51.00745632999951
singular1,250,250,17,1.010390894906636,"c=1,d=5",watanabe,1,2000,4000,0.0,0,0,"[0, 0]",10,61.38039357699927
singular2,250,250,17,0.9023912717853328,"c=1,d=5",watanabe,1,2000,4000,0.0,0,0,"[0, 0]",10,65.61305947500023
regular,5000,5000,17,1.411752425838297,"c=1,d=2",watanabe,1,2000,4000,0.0,0,0,"[0, 0]",5,144.70391753199965
e-singular,5000,5000,17,1.5097340461859303,"c=1,d=2",watanabe,1,2000,4000,0.0,0,0,"[0, 0]",7,190.9911763379996
singular1,5000,5000,17,0.9650490121558898,"c=1,d=2",watanabe,1,2000,4000,0.0,0,0,"[0, 0]",10,323.2742578040006
singular2,5000,5000,17,0.756215397058883,"c=1,d=2",watanabe,1,2000,4000,0.0,0,0,"[0, 0]",10,347.7836638990002
regular,5000,5000,17,1.441444114897397,"c=1,d=5",watanabe,1,2000,4000,0.0,0,0,"[0, 0]",5,140.4011081540002
e-singular,5000,5000,17,1.5559934386760097,"c=1,d=5",watanabe,1,2000,4000,0.0,0,0,"[0, 0]",7,209.9536774419994
singular1,5000,5000,17,0.8077513522742097,"c=1,d=5",watanabe,1,2000,4000,0.0,0,0,"[0, 0]",10,328.68245802599995
singular2,5000,5000,17,0.8568184168937352,"c=1,d=5",watanabe,1,2000,4000,0.0,0,0,"[0, 0]",10,347.35262228099964
regular,50,50,18,1.33578719498869,"c=1,d=2",watanabe,1,2000,4000,0.0,0,0,"[0, 0]",5,45.14613650599949
e-singular,50,50,18,1.1519066115892265,"c=1,d=2",watanabe,1,2000,4000,0.0,0,0,"[0, 0]",8,48.04386695699941
singular1,50,50,18,1.2112979090057343,"c=1,d=2",watanabe,1,2000,4000,0.0,0,0,"[0, 0]",9,49.5495209390001
singular2,50,50,18,1.0593908991545171,"c=1,d=2",watanabe,1,2000,4000,0.0,0,0,"[0, 0]",8,46.552548300000126
regular,50,50,18,1.4821433595905804,"c=1,d=5",watanabe,1,2000,4000,0.0,0,0,"[0, 0]",5,45.32289150499946
e-singular,50,50,18,1.2168144845155884,"c=1,d=5",watanabe,1,2000,4000,0.0,0,0,"[0, 0]",9,48.38949766400037
singular1,50,50,18,1.211518830464598,"c=1,d=5",watanabe,1,2000,4000,0.0,0,0,"[0, 0]",9,50.34856767800011
singular2,50,50,18,1.0498790509012033,"c=1,d=5",watanabe,1,2000,4000,0.0,0,0,"[0, 0]",9,46.60723027900076
regular,250,250,18,1.5687540415946777,"c=1,d=2",watanabe,1,2000,4000,0.0,0,0,"[0, 0]",5,44.06406249700012
e-singular,250,250,18,1.4547711473358034,"c=1,d=2",watanabe,1,2000,4000,0.0,0,0,"[0, 0]",8,51.44265862100019
singular1,250,250,18,0.8718774879538226,"c=1,d=2",watanabe,1,2000,4000,0.0,0,0,"[0, 0]",10,57.812585880999904
singular2,250,250,18,0.8427277679909646,"c=1,d=2",watanabe,1,2000,4000,0.0,0,0,"[0, 0]",9,60.22738985400065
regular,250,250,18,1.4394984665722812,"c=1,d=5",watanabe,1,2000,4000,0.0,0,0,"[0, 0]",5,43.961286351000126
e-singular,250,250,18,1.425120496667777,"c=1,d=5",watanabe,1,2000,4000,0.0,0,0,"[0, 0]",9,50.881167892999656
singular1,250,250,18,1.0708724868412465,"c=1,d=5",watanabe,1,2000,4000,0.0,0,0,"[0, 0]",10,58.0292533540005
singular2,250,250,18,0.9612146927118588,"c=1,d=5",watanabe,1,2000,4000,0.0,0,0,"[0, 0]",9,64.70061186800012
regular,5000,5000,18,1.5220437809936476,"c=1,d=2",watanabe,1,2000,4000,0.0,0,0,"[0, 0]",6,215.043207927999
e-singular,5000,5000,18,1.4427472285997218,"c=1,d=2",watanabe,1,2000,4000,0.0,0,0,"[0, 0]",6,190.4035361230008
singular1,5000,5000,18,0.9730667664396466,"c=1,d=2",watanabe,1,2000,4000,0.0,0,0,"[0, 0]",10,318.21849676199963
singular2,5000,5000,18,0.8411721118080934,"c=1,d=2",watanabe,1,2000,4000,0.0,0,0,"[0, 0]",10,321.8036244470004
regular,5000,5000,18,1.5307055012243986,"c=1,d=5",watanabe,1,2000,4000,0.0,0,0,"[0, 0]",5,152.96724233900022
e-singular,5000,5000,18,1.463491173734514,"c=1,d=5",watanabe,1,2000,4000,0.0,0,0,"[0, 0]",6,205.817180004
singular1,5000,5000,18,0.8649353611592417,"c=1,d=5",watanabe,1,2000,4000,0.0,0,0,"[0, 0]",10,325.82184349699946
singular2,5000,5000,18,0.7829375045048483,"c=1,d=5",watanabe,1,2000,4000,0.0,0,0,"[0, 0]",10,341.6535578760004
regular,50,50,19,1.534358176796368,"c=1,d=2",watanabe,1,2000,4000,0.0,0,0,"[0, 0]",5,44.838086605999706
e-singular,50,50,19,1.1556540685344416,"c=1,d=2",watanabe,1,2000,4000,0.0,0,0,"[0, 0]",9,49.90523360800034
singular1,50,50,19,1.2325971742949615,"c=1,d=2",watanabe,1,2000,4000,0.0,0,0,"[0, 0]",9,49.789350469000055
singular2,50,50,19,0.9076210055564378,"c=1,d=2",watanabe,1,2000,4000,0.0,0,0,"[0, 0]",8,49.7215517629993
regular,50,50,19,1.449705905907695,"c=1,d=5",watanabe,1,2000,4000,0.0,0,0,"[0, 0]",5,44.48177455500081
e-singular,50,50,19,1.1117738472277128,"c=1,d=5",watanabe,1,2000,4000,0.0,0,0,"[0, 0]",9,49.71791417300119
singular1,50,50,19,1.1329682227334832,"c=1,d=5",watanabe,1,2000,4000,0.0,0,0,"[0, 0]",10,51.56203840799935
singular2,50,50,19,0.9250739209247508,"c=1,d=5",watanabe,1,2000,4000,0.0,0,0,"[0, 0]",9,49.72124088500095
regular,250,250,19,1.459557812249759,"c=1,d=2",watanabe,1,2000,4000,0.0,0,0,"[0, 0]",5,43.74425515799885
e-singular,250,250,19,1.500239281221089,"c=1,d=2",watanabe,1,2000,4000,0.0,0,0,"[0, 0]",8,46.2406649020013
singular1,250,250,19,1.2210680778052525,"c=1,d=2",watanabe,1,2000,4000,0.0,0,0,"[0, 0]",9,58.25793033399896
singular2,250,250,19,0.8573567382965628,"c=1,d=2",watanabe,1,2000,4000,0.0,0,0,"[0, 0]",9,56.93273149199922
regular,250,250,19,1.4251286865776105,"c=1,d=5",watanabe,1,2000,4000,0.0,0,0,"[0, 0]",5,43.39594350900006
e-singular,250,250,19,1.5135576738360557,"c=1,d=5",watanabe,1,2000,4000,0.0,0,0,"[0, 0]",8,47.87739747500018
singular1,250,250,19,1.0062799659082262,"c=1,d=5",watanabe,1,2000,4000,0.0,0,0,"[0, 0]",10,60.39509309099958
singular2,250,250,19,0.916803096371285,"c=1,d=5",watanabe,1,2000,4000,0.0,0,0,"[0, 0]",9,61.67630088799888
regular,5000,5000,19,1.451032303499022,"c=1,d=2",watanabe,1,2000,4000,0.0,0,0,"[0, 0]",5,148.08603017100177
e-singular,5000,5000,19,1.493675441458683,"c=1,d=2",watanabe,1,2000,4000,0.0,0,0,"[0, 0]",6,190.3401483939997
singular1,5000,5000,19,0.9379112348673142,"c=1,d=2",watanabe,1,2000,4000,0.0,0,0,"[0, 0]",10,298.4440175540003
singular2,5000,5000,19,0.958149209283657,"c=1,d=2",watanabe,1,2000,4000,0.0,0,0,"[0, 0]",10,333.90127117700104
regular,5000,5000,19,1.50732089423466,"c=1,d=5",watanabe,1,2000,4000,0.0,0,0,"[0, 0]",5,152.05756488599943
e-singular,5000,5000,19,1.5154478796200663,"c=1,d=5",watanabe,1,2000,4000,0.0,0,0,"[0, 0]",7,194.950664381
singular1,5000,5000,19,0.9556158612721368,"c=1,d=5",watanabe,1,2000,4000,0.0,0,0,"[0, 0]",10,331.2793176879986
singular2,5000,5000,19,0.9043917251299024,"c=1,d=5",watanabe,1,2000,4000,0.0,0,0,"[0, 0]",10,405.5208557829992
regular,50,50,20,1.4208378236273562,"c=1,d=2",watanabe,1,2000,4000,0.0,0,0,"[0, 0]",5,45.59451421700032
e-singular,50,50,20,1.4872140093120574,"c=1,d=2",watanabe,1,2000,4000,0.0,0,0,"[0, 0]",8,48.118668901001
singular1,50,50,20,1.1982703369289749,"c=1,d=2",watanabe,1,2000,4000,0.0,0,0,"[0, 0]",9,50.16789625399906
singular2,50,50,20,0.967308769928004,"c=1,d=2",watanabe,1,2000,4000,0.0,0,0,"[0, 0]",8,47.38694842100085
regular,50,50,20,1.405559710459069,"c=1,d=5",watanabe,1,2000,4000,0.0,0,0,"[0, 0]",5,45.448625425999126
e-singular,50,50,20,1.3893325934299918,"c=1,d=5",watanabe,1,2000,4000,0.0,0,0,"[0, 0]",8,47.15993758100012
singular1,50,50,20,1.1782522271175913,"c=1,d=5",watanabe,1,2000,4000,0.0,0,0,"[0, 0]",9,50.16738862700004
singular2,50,50,20,0.9961730798779938,"c=1,d=5",watanabe,1,2000,4000,0.0,0,0,"[0, 0]",9,47.13000382999962
regular,250,250,20,1.4863408671608866,"c=1,d=2",watanabe,1,2000,4000,0.0,0,0,"[0, 0]",5,43.47622985099952
e-singular,250,250,20,1.313958162086268,"c=1,d=2",watanabe,1,2000,4000,0.0,0,0,"[0, 0]",8,47.63182486000005
singular1,250,250,20,0.9168302158295238,"c=1,d=2",watanabe,1,2000,4000,0.0,0,0,"[0, 0]",9,57.347142605000045
singular2,250,250,20,0.7808159708216643,"c=1,d=2",watanabe,1,2000,4000,0.0,0,0,"[0, 0]",8,53.61356625500048
regular,250,250,20,1.4805423431924931,"c=1,d=5",watanabe,1,2000,4000,0.0,0,0,"[0, 0]",5,46.15307526700053
e-singular,250,250,20,1.417816983044316,"c=1,d=5",watanabe,1,2000,4000,0.0,0,0,"[0, 0]",8,51.184839904999535
singular1,250,250,20,0.8832698450481177,"c=1,d=5",watanabe,1,2000,4000,0.0,0,0,"[0, 0]",10,59.36638870000024
singular2,250,250,20,0.8617988234070544,"c=1,d=5",watanabe,1,2000,4000,0.0,0,0,"[0, 0]",9,55.60629150999921
regular,5000,5000,20,1.4503314395203288,"c=1,d=2",watanabe,1,2000,4000,0.0,0,0,"[0, 0]",5,151.229811317
e-singular,5000,5000,20,1.545099741454787,"c=1,d=2",watanabe,1,2000,4000,0.0,0,0,"[0, 0]",6,210.64708744699965
singular1,5000,5000,20,0.8348861242714818,"c=1,d=2",watanabe,1,2000,4000,0.0,0,0,"[0, 0]",10,297.69431267399887
singular2,5000,5000,20,0.846654902654928,"c=1,d=2",watanabe,1,2000,4000,0.0,0,0,"[0, 0]",10,340.2114829780003
regular,5000,5000,20,1.5998420534358704,"c=1,d=5",watanabe,1,2000,4000,0.0,0,0,"[0, 0]",5,150.2663290019991
e-singular,5000,5000,20,1.5164258801341346,"c=1,d=5",watanabe,1,2000,4000,0.0,0,0,"[0, 0]",6,182.06627527899943
singular1,5000,5000,20,0.8272401334709046,"c=1,d=5",watanabe,1,2000,4000,0.0,0,0,"[0, 0]",10,334.3800264319998
singular2,5000,5000,20,0.7583932659208961,"c=1,d=5",watanabe,1,2000,4000,0.0,0,0,"[0, 0]",10,359.694985221
regular,50,50,21,1.4746494253697475,"c=1,d=2",watanabe,1,2000,4000,0.0,0,0,"[0, 0]",5,44.97558317000039
e-singular,50,50,21,1.310624286218956,"c=1,d=2",watanabe,1,2000,4000,0.0,0,0,"[0, 0]",8,49.627147190998585
singular1,50,50,21,1.2174073015819615,"c=1,d=2",watanabe,1,2000,4000,0.0,0,0,"[0, 0]",9,51.41486543499923
singular2,50,50,21,1.029080303063152,"c=1,d=2",watanabe,1,2000,4000,0.0,0,0,"[0, 0]",8,47.06799926200074
regular,50,50,21,1.504568776207644,"c=1,d=5",watanabe,1,2000,4000,0.0,0,0,"[0, 0]",5,44.3575393300016
e-singular,50,50,21,1.3784098855695883,"c=1,d=5",watanabe,1,2000,4000,0.0,0,0,"[0, 0]",8,49.13994426800127
singular1,50,50,21,1.0478352350228708,"c=1,d=5",watanabe,1,2000,4000,0.0,0,0,"[0, 0]",10,50.68812929399974
singular2,50,50,21,0.9864021991077374,"c=1,d=5",watanabe,1,2000,4000,0.0,0,0,"[0, 0]",7,46.86225515899969
regular,250,250,21,1.504875050400339,"c=1,d=2",watanabe,1,2000,4000,0.0,0,0,"[0, 0]",5,44.07617471199956
e-singular,250,250,21,1.6726664898107608,"c=1,d=2",watanabe,1,2000,4000,0.0,0,0,"[0, 0]",8,47.13086081500114
singular1,250,250,21,1.0717543031354952,"c=1,d=2",watanabe,1,2000,4000,0.0,0,0,"[0, 0]",10,61.072211003998746
singular2,250,250,21,0.8764451846361202,"c=1,d=2",watanabe,1,2000,4000,0.0,0,0,"[0, 0]",9,54.79471678499976
regular,250,250,21,1.5173458986837831,"c=1,d=5",watanabe,1,2000,4000,0.0,0,0,"[0, 0]",5,44.89762631099984
e-singular,250,250,21,1.7390366137285145,"c=1,d=5",watanabe,1,2000,4000,0.0,0,0,"[0, 0]",8,46.36137160399994
singular1,250,250,21,0.9127803652298492,"c=1,d=5",watanabe,1,2000,4000,0.0,0,0,"[0, 0]",9,61.0606687920008
singular2,250,250,21,0.867318137852788,"c=1,d=5",watanabe,1,2000,4000,0.0,0,0,"[0, 0]",9,56.014844035998976
regular,5000,5000,21,1.4906414215555663,"c=1,d=2",watanabe,1,2000,4000,0.0,0,0,"[0, 0]",5,150.25638856000114
e-singular,5000,5000,21,1.3659498905003984,"c=1,d=2",watanabe,1,2000,4000,0.0,0,0,"[0, 0]",7,173.47276570699978
singular1,5000,5000,21,0.8117719354725624,"c=1,d=2",watanabe,1,2000,4000,0.0,0,0,"[0, 0]",10,339.27745509300075
singular2,5000,5000,21,0.8068763415123273,"c=1,d=2",watanabe,1,2000,4000,0.0,0,0,"[0, 0]",10,363.85199382599967
regular,5000,5000,21,1.5334190512666623,"c=1,d=5",watanabe,1,2000,4000,0.0,0,0,"[0, 0]",6,175.00344046300052
e-singular,5000,5000,21,1.4450160641537075,"c=1,d=5",watanabe,1,2000,4000,0.0,0,0,"[0, 0]",6,180.44766934499967
singular1,5000,5000,21,0.8159477462764018,"c=1,d=5",watanabe,1,2000,4000,0.0,0,0,"[0, 0]",10,442.5802115730002
singular2,5000,5000,21,0.7534006602346012,"c=1,d=5",watanabe,1,2000,4000,0.0,0,0,"[0, 0]",10,377.872198047
regular,50,50,22,1.4262448131123209,"c=1,d=2",watanabe,1,2000,4000,0.0,0,0,"[0, 0]",8,45.33501953199993
e-singular,50,50,22,1.8551771326203388,"c=1,d=2",watanabe,1,2000,4000,0.0,0,0,"[0, 0]",7,44.55445954899915
singular1,50,50,22,1.262014319816829,"c=1,d=2",watanabe,1,2000,4000,0.0,0,0,"[0, 0]",10,51.32667728700108
singular2,50,50,22,1.0774859813944526,"c=1,d=2",watanabe,1,2000,4000,0.0,0,0,"[0, 0]",8,46.36520940999981
regular,50,50,22,1.435797938609661,"c=1,d=5",watanabe,1,2000,4000,0.0,0,0,"[0, 0]",6,43.80003159900116
e-singular,50,50,22,1.7014166932911274,"c=1,d=5",watanabe,1,2000,4000,0.0,0,0,"[0, 0]",7,44.52825862999998
singular1,50,50,22,1.1999157519767372,"c=1,d=5",watanabe,1,2000,4000,0.0,0,0,"[0, 0]",10,49.78516018299888
singular2,50,50,22,1.018190015142509,"c=1,d=5",watanabe,1,2000,4000,0.0,0,0,"[0, 0]",8,46.82960419799929
regular,250,250,22,1.5009187581049117,"c=1,d=2",watanabe,1,2000,4000,0.0,0,0,"[0, 0]",5,42.45421217200055
e-singular,250,250,22,1.0909647526302435,"c=1,d=2",watanabe,1,2000,4000,0.0,0,0,"[0, 0]",8,49.61494777699954
singular1,250,250,22,1.001889254994727,"c=1,d=2",watanabe,1,2000,4000,0.0,0,0,"[0, 0]",9,58.75924651300011
singular2,250,250,22,1.075390056626242,"c=1,d=2",watanabe,1,2000,4000,0.0,0,0,"[0, 0]",8,54.39992286100096
regular,250,250,22,1.5488411333517962,"c=1,d=5",watanabe,1,2000,4000,0.0,0,0,"[0, 0]",5,46.09508728000037
e-singular,250,250,22,1.3505376513305725,"c=1,d=5",watanabe,1,2000,4000,0.0,0,0,"[0, 0]",8,51.250345884000126
singular1,250,250,22,1.0466774050795151,"c=1,d=5",watanabe,1,2000,4000,0.0,0,0,"[0, 0]",10,59.74791330600056
singular2,250,250,22,0.9503461937119702,"c=1,d=5",watanabe,1,2000,4000,0.0,0,0,"[0, 0]",10,55.76938885299933
regular,5000,5000,22,1.4991805172794102,"c=1,d=2",watanabe,1,2000,4000,0.0,0,0,"[0, 0]",5,150.36205487900042
e-singular,5000,5000,22,1.4356098690608174,"c=1,d=2",watanabe,1,2000,4000,0.0,0,0,"[0, 0]",7,178.9393306490001
singular1,5000,5000,22,0.8030003409989245,"c=1,d=2",watanabe,1,2000,4000,0.0,0,0,"[0, 0]",10,368.7796062990001
singular2,5000,5000,22,0.9116227385242672,"c=1,d=2",watanabe,1,2000,4000,0.0,0,0,"[0, 0]",10,344.09080539099887
regular,5000,5000,22,1.561278331121413,"c=1,d=5",watanabe,1,2000,4000,0.0,0,0,"[0, 0]",5,152.80346635999922
e-singular,5000,5000,22,1.5068335491931435,"c=1,d=5",watanabe,1,2000,4000,0.0,0,0,"[0, 0]",7,228.36633844400052
singular1,5000,5000,22,0.8438987182391859,"c=1,d=5",watanabe,1,2000,4000,0.0,0,0,"[0, 0]",10,624.198762850001
singular2,5000,5000,22,0.8094927758585703,"c=1,d=5",watanabe,1,2000,4000,0.0,0,0,"[0, 0]",10,394.67180660899976
regular,50,50,23,1.4551132322524596,"c=1,d=2",watanabe,1,2000,4000,0.0,0,0,"[0, 0]",5,45.67433209599949
e-singular,50,50,23,1.2158441541582976,"c=1,d=2",watanabe,1,2000,4000,0.0,0,0,"[0, 0]",9,49.62936665999951
singular1,50,50,23,1.185126831004334,"c=1,d=2",watanabe,1,2000,4000,0.0,0,0,"[0, 0]",8,49.49877868300064
singular2,50,50,23,1.0854902563756996,"c=1,d=2",watanabe,1,2000,4000,0.0,0,0,"[0, 0]",8,45.81167854100022
regular,50,50,23,1.4373757867141843,"c=1,d=5",watanabe,1,2000,4000,0.0,0,0,"[0, 0]",5,45.29112078399885
e-singular,50,50,23,1.3667790603522376,"c=1,d=5",watanabe,1,2000,4000,0.0,0,0,"[0, 0]",8,48.28063230400039
singular1,50,50,23,1.176785731352047,"c=1,d=5",watanabe,1,2000,4000,0.0,0,0,"[0, 0]",9,49.00324243700016
singular2,50,50,23,1.0358409102450494,"c=1,d=5",watanabe,1,2000,4000,0.0,0,0,"[0, 0]",9,48.83199881600012
regular,250,250,23,1.5136232230879183,"c=1,d=2",watanabe,1,2000,4000,0.0,0,0,"[0, 0]",5,46.04171045200019
e-singular,250,250,23,1.356420567700536,"c=1,d=2",watanabe,1,2000,4000,0.0,0,0,"[0, 0]",8,50.61976990199946
singular1,250,250,23,1.005382144100703,"c=1,d=2",watanabe,1,2000,4000,0.0,0,0,"[0, 0]",10,60.94299266900089
singular2,250,250,23,0.973028347278262,"c=1,d=2",watanabe,1,2000,4000,0.0,0,0,"[0, 0]",9,55.01885424900138
regular,250,250,23,1.3894349278409557,"c=1,d=5",watanabe,1,2000,4000,0.0,0,0,"[0, 0]",5,47.08837331599898
e-singular,250,250,23,1.6539687561884746,"c=1,d=5",watanabe,1,2000,4000,0.0,0,0,"[0, 0]",8,49.904924922000646
singular1,250,250,23,1.112812133894258,"c=1,d=5",watanabe,1,2000,4000,0.0,0,0,"[0, 0]",10,62.04810469299992
singular2,250,250,23,0.9224565576815674,"c=1,d=5",watanabe,1,2000,4000,0.0,0,0,"[0, 0]",9,53.32577812599993
regular,5000,5000,23,1.5280176357751705,"c=1,d=2",watanabe,1,2000,4000,0.0,0,0,"[0, 0]",6,175.96402343099908
e-singular,5000,5000,23,1.4555830378672048,"c=1,d=2",watanabe,1,2000,4000,0.0,0,0,"[0, 0]",6,183.8751363150004
singular1,5000,5000,23,0.6981320800664842,"c=1,d=2",watanabe,1,2000,4000,0.0,0,0,"[0, 0]",10,328.9804924889995
singular2,5000,5000,23,0.7198270957684739,"c=1,d=2",watanabe,1,2000,4000,0.0,0,0,"[0, 0]",10,359.41997817000083
regular,5000,5000,23,1.454058181236808,"c=1,d=5",watanabe,1,2000,4000,0.0,0,0,"[0, 0]",5,155.8613398059988
e-singular,5000,5000,23,1.5119820060027938,"c=1,d=5",watanabe,1,2000,4000,0.0,0,0,"[0, 0]",7,210.06520501500017
singular1,5000,5000,23,0.8484979886343443,"c=1,d=5",watanabe,1,2000,4000,0.0,0,0,"[0, 0]",10,350.9573723129997
singular2,5000,5000,23,0.8346300586757731,"c=1,d=5",watanabe,1,2000,4000,0.0,0,0,"[0, 0]",10,428.2358025620015
regular,50,50,24,1.2456182738008,"c=1,d=2",watanabe,1,2000,4000,0.0,0,0,"[0, 0]",5,45.30566356999952
e-singular,50,50,24,1.2919478181592232,"c=1,d=2",watanabe,1,2000,4000,0.0,0,0,"[0, 0]",8,47.93143923400021
singular1,50,50,24,1.142707047456224,"c=1,d=2",watanabe,1,2000,4000,0.0,0,0,"[0, 0]",9,49.75826630799929
singular2,50,50,24,0.8814551592526413,"c=1,d=2",watanabe,1,2000,4000,0.0,0,0,"[0, 0]",9,50.50491056000101
regular,50,50,24,1.33532069509329,"c=1,d=5",watanabe,1,2000,4000,0.0,0,0,"[0, 0]",5,44.83020286400097
e-singular,50,50,24,1.3848972897990082,"c=1,d=5",watanabe,1,2000,4000,0.0,0,0,"[0, 0]",8,46.00082056700012
singular1,50,50,24,1.086643451924265,"c=1,d=5",watanabe,1,2000,4000,0.0,0,0,"[0, 0]",10,50.93637168799978
singular2,50,50,24,0.9648356368772976,"c=1,d=5",watanabe,1,2000,4000,0.0,0,0,"[0, 0]",9,50.93676131999928
regular,250,250,24,1.4602193066446978,"c=1,d=2",watanabe,1,2000,4000,0.0,0,0,"[0, 0]",5,49.7600749989997
e-singular,250,250,24,1.676811951581436,"c=1,d=2",watanabe,1,2000,4000,0.0,0,0,"[0, 0]",9,54.56872732099873
singular1,250,250,24,0.9181289337092124,"c=1,d=2",watanabe,1,2000,4000,0.0,0,0,"[0, 0]",9,60.951180400999874
singular2,250,250,24,0.9929215873926392,"c=1,d=2",watanabe,1,2000,4000,0.0,0,0,"[0, 0]",9,59.72507810400021
regular,250,250,24,1.5621093003692652,"c=1,d=5",watanabe,1,2000,4000,0.0,0,0,"[0, 0]",5,48.921663079998325
e-singular,250,250,24,1.5078827996772728,"c=1,d=5",watanabe,1,2000,4000,0.0,0,0,"[0, 0]",8,55.371193659999335
singular1,250,250,24,1.0097966480937908,"c=1,d=5",watanabe,1,2000,4000,0.0,0,0,"[0, 0]",10,66.91516676799984
singular2,250,250,24,0.9373678162056808,"c=1,d=5",watanabe,1,2000,4000,0.0,0,0,"[0, 0]",9,61.01245766200009
regular,5000,5000,24,1.5179370070953468,"c=1,d=2",watanabe,1,2000,4000,0.0,0,0,"[0, 0]",5,153.60329866599932
e-singular,5000,5000,24,1.5751031327766791,"c=1,d=2",watanabe,1,2000,4000,0.0,0,0,"[0, 0]",7,200.5931361879993
singular1,5000,5000,24,0.8900000011172434,"c=1,d=2",watanabe,1,2000,4000,0.0,0,0,"[0, 0]",10,389.6598875170002
singular2,5000,5000,24,0.7732647810091982,"c=1,d=2",watanabe,1,2000,4000,0.0,0,0,"[0, 0]",10,364.9883777510004
regular,5000,5000,24,1.563388595668055,"c=1,d=5",watanabe,1,2000,4000,0.0,0,0,"[0, 0]",5,151.98459825099962
e-singular,5000,5000,24,1.6574239048894253,"c=1,d=5",watanabe,1,2000,4000,0.0,0,0,"[0, 0]",7,201.0801195450004
singular1,5000,5000,24,0.7831979080578974,"c=1,d=5",watanabe,1,2000,4000,0.0,0,0,"[0, 0]",10,333.44040741000026
singular2,5000,5000,24,0.6965085349703118,"c=1,d=5",watanabe,1,2000,4000,0.0,0,0,"[0, 0]",10,427.44206643600046
regular,50,50,25,1.3454740644577328,"c=1,d=2",watanabe,1,2000,4000,0.0,0,0,"[0, 0]",5,45.03224034600135
e-singular,50,50,25,1.13674809761786,"c=1,d=2",watanabe,1,2000,4000,0.0,0,0,"[0, 0]",8,46.556393162998575
singular1,50,50,25,0.9830420794056652,"c=1,d=2",watanabe,1,2000,4000,0.0,0,0,"[0, 0]",9,49.473563286999706
singular2,50,50,25,0.8395964248073382,"c=1,d=2",watanabe,1,2000,4000,0.0,0,0,"[0, 0]",8,51.254286274999686
regular,50,50,25,1.346379631928554,"c=1,d=5",watanabe,1,2000,4000,0.0,0,0,"[0, 0]",5,44.90147856800104
e-singular,50,50,25,1.2519011789315475,"c=1,d=5",watanabe,1,2000,4000,0.0,0,0,"[0, 0]",8,47.18167063400142
singular1,50,50,25,1.0476050757905633,"c=1,d=5",watanabe,1,2000,4000,0.0,0,0,"[0, 0]",9,48.40810089399929
singular2,50,50,25,0.8853354637155714,"c=1,d=5",watanabe,1,2000,4000,0.0,0,0,"[0, 0]",8,49.9232757890004
regular,250,250,25,1.5030090939864666,"c=1,d=2",watanabe,1,2000,4000,0.0,0,0,"[0, 0]",5,43.63222352199955
e-singular,250,250,25,1.5289870595277388,"c=1,d=2",watanabe,1,2000,4000,0.0,0,0,"[0, 0]",9,49.7543354419995
singular1,250,250,25,1.0947375247757969,"c=1,d=2",watanabe,1,2000,4000,0.0,0,0,"[0, 0]",9,60.97924473199964
singular2,250,250,25,0.9888946164720298,"c=1,d=2",watanabe,1,2000,4000,0.0,0,0,"[0, 0]",9,58.48596676899979
regular,250,250,25,1.561986724440314,"c=1,d=5",watanabe,1,2000,4000,0.0,0,0,"[0, 0]",5,47.04611681200004
e-singular,250,250,25,1.4828993672052595,"c=1,d=5",watanabe,1,2000,4000,0.0,0,0,"[0, 0]",9,52.69736626399936
singular1,250,250,25,0.9705300216909192,"c=1,d=5",watanabe,1,2000,4000,0.0,0,0,"[0, 0]",10,59.11667061600019
singular2,250,250,25,0.9157665929008048,"c=1,d=5",watanabe,1,2000,4000,0.0,0,0,"[0, 0]",9,57.8074560770001
regular,5000,5000,25,1.5004573885792591,"c=1,d=2",watanabe,1,2000,4000,0.0,0,0,"[0, 0]",5,150.0963635450007
e-singular,5000,5000,25,1.4152385914539187,"c=1,d=2",watanabe,1,2000,4000,0.0,0,0,"[0, 0]",6,187.63068588100032
singular1,5000,5000,25,0.7205553963166499,"c=1,d=2",watanabe,1,2000,4000,0.0,0,0,"[0, 0]",10,377.7074974799998
singular2,5000,5000,25,0.8142024841848011,"c=1,d=2",watanabe,1,2000,4000,0.0,0,0,"[0, 0]",10,308.0336255109996
regular,5000,5000,25,1.5464727512507823,"c=1,d=5",watanabe,1,2000,4000,0.0,0,0,"[0, 0]",5,159.84819358099958
e-singular,5000,5000,25,1.5085279694931728,"c=1,d=5",watanabe,1,2000,4000,0.0,0,0,"[0, 0]",6,228.1631158279997
singular1,5000,5000,25,0.8656347193705031,"c=1,d=5",watanabe,1,2000,4000,0.0,0,0,"[0, 0]",10,409.1692991399996
singular2,5000,5000,25,0.8535950527895838,"c=1,d=5",watanabe,1,2000,4000,0.0,0,0,"[0, 0]",10,352.98139577500115
regular,50,50,26,1.2472451875627388,"c=1,d=2",watanabe,1,2000,4000,0.0,0,0,"[0, 0]",5,44.32909077099976
e-singular,50,50,26,1.39108139387837,"c=1,d=2",watanabe,1,2000,4000,0.0,0,0,"[0, 0]",8,49.408488574999865
singular1,50,50,26,1.089053523007797,"c=1,d=2",watanabe,1,2000,4000,0.0,0,0,"[0, 0]",9,47.82124173500051
singular2,50,50,26,0.993097032514909,"c=1,d=2",watanabe,1,2000,4000,0.0,0,0,"[0, 0]",9,47.08945486000084
regular,50,50,26,1.2530135115514731,"c=1,d=5",watanabe,1,2000,4000,0.0,0,0,"[0, 0]",5,44.63440094199905
e-singular,50,50,26,1.4069515911839172,"c=1,d=5",watanabe,1,2000,4000,0.0,0,0,"[0, 0]",8,46.75032433500019
singular1,50,50,26,1.192904290036485,"c=1,d=5",watanabe,1,2000,4000,0.0,0,0,"[0, 0]",10,50.87831892699978
singular2,50,50,26,0.959538925497066,"c=1,d=5",watanabe,1,2000,4000,0.0,0,0,"[0, 0]",8,47.15366470499976
regular,250,250,26,1.5998347140868403,"c=1,d=2",watanabe,1,2000,4000,0.0,0,0,"[0, 0]",6,45.69381049399999
e-singular,250,250,26,1.6231144691882449,"c=1,d=2",watanabe,1,2000,4000,0.0,0,0,"[0, 0]",8,45.20232325999859
singular1,250,250,26,1.0912311893799174,"c=1,d=2",watanabe,1,2000,4000,0.0,0,0,"[0, 0]",10,60.72126330399988
singular2,250,250,26,0.8141915484859004,"c=1,d=2",watanabe,1,2000,4000,0.0,0,0,"[0, 0]",9,61.91750570300064
regular,250,250,26,1.4299954778105457,"c=1,d=5",watanabe,1,2000,4000,0.0,0,0,"[0, 0]",5,51.02114988500034
e-singular,250,250,26,1.721053620684624,"c=1,d=5",watanabe,1,2000,4000,0.0,0,0,"[0, 0]",8,52.68197130999943
singular1,250,250,26,0.9682402614793562,"c=1,d=5",watanabe,1,2000,4000,0.0,0,0,"[0, 0]",10,59.70384217799983
singular2,250,250,26,0.8007291961048696,"c=1,d=5",watanabe,1,2000,4000,0.0,0,0,"[0, 0]",9,61.88375005400121
regular,5000,5000,26,1.4702464084914495,"c=1,d=2",watanabe,1,2000,4000,0.0,0,0,"[0, 0]",5,154.53687827600152
e-singular,5000,5000,26,1.6160780413845943,"c=1,d=2",watanabe,1,2000,4000,0.0,0,0,"[0, 0]",7,199.1604724040008
singular1,5000,5000,26,0.7933237905002565,"c=1,d=2",watanabe,1,2000,4000,0.0,0,0,"[0, 0]",10,341.9719839169993
singular2,5000,5000,26,0.7582579028531279,"c=1,d=2",watanabe,1,2000,4000,0.0,0,0,"[0, 0]",10,343.47675549799897
regular,5000,5000,26,1.5508380759252045,"c=1,d=5",watanabe,1,2000,4000,0.0,0,0,"[0, 0]",5,152.17184318599902
e-singular,5000,5000,26,1.4740839713183356,"c=1,d=5",watanabe,1,2000,4000,0.0,0,0,"[0, 0]",6,177.93937843800086
singular1,5000,5000,26,0.7576495977250984,"c=1,d=5",watanabe,1,2000,4000,0.0,0,0,"[0, 0]",10,376.7974476950003
singular2,5000,5000,26,0.8136314463299249,"c=1,d=5",watanabe,1,2000,4000,0.0,0,0,"[0, 0]",10,312.1246976879993
regular,50,50,27,1.4336400696525582,"c=1,d=2",watanabe,1,2000,4000,0.0,0,0,"[0, 0]",5,43.71966607100149
e-singular,50,50,27,1.2676393106663624,"c=1,d=2",watanabe,1,2000,4000,0.0,0,0,"[0, 0]",8,44.916887326000506
singular1,50,50,27,1.215827383228022,"c=1,d=2",watanabe,1,2000,4000,0.0,0,0,"[0, 0]",9,48.330649400000766
singular2,50,50,27,1.0170360217007175,"c=1,d=2",watanabe,1,2000,4000,0.0,0,0,"[0, 0]",8,47.10949716499999
regular,50,50,27,1.3113594966662363,"c=1,d=5",watanabe,1,2000,4000,0.0,0,0,"[0, 0]",6,45.51615508699979
e-singular,50,50,27,1.4357821948765217,"c=1,d=5",watanabe,1,2000,4000,0.0,0,0,"[0, 0]",8,45.537565189000816
singular1,50,50,27,1.1838544372485025,"c=1,d=5",watanabe,1,2000,4000,0.0,0,0,"[0, 0]",10,48.11756685799992
singular2,50,50,27,1.0052541428589692,"c=1,d=5",watanabe,1,2000,4000,0.0,0,0,"[0, 0]",8,47.53828372800126
regular,250,250,27,1.5003876534826808,"c=1,d=2",watanabe,1,2000,4000,0.0,0,0,"[0, 0]",5,43.79230664399984
e-singular,250,250,27,1.637508681287048,"c=1,d=2",watanabe,1,2000,4000,0.0,0,0,"[0, 0]",8,50.36665834000087
singular1,250,250,27,1.110667860032647,"c=1,d=2",watanabe,1,2000,4000,0.0,0,0,"[0, 0]",10,60.70374120800079
singular2,250,250,27,0.8421523397831372,"c=1,d=2",watanabe,1,2000,4000,0.0,0,0,"[0, 0]",9,57.93830750400048
regular,250,250,27,1.5039826459940646,"c=1,d=5",watanabe,1,2000,4000,0.0,0,0,"[0, 0]",6,48.07658382400041
e-singular,250,250,27,1.6606184962286576,"c=1,d=5",watanabe,1,2000,4000,0.0,0,0,"[0, 0]",7,48.6409185650009
singular1,250,250,27,1.012765669205826,"c=1,d=5",watanabe,1,2000,4000,0.0,0,0,"[0, 0]",10,60.97132797499944
singular2,250,250,27,0.9125607070649144,"c=1,d=5",watanabe,1,2000,4000,0.0,0,0,"[0, 0]",10,64.28192834299989
regular,5000,5000,27,1.5052771301940244,"c=1,d=2",watanabe,1,2000,4000,0.0,0,0,"[0, 0]",5,149.40929819400117
e-singular,5000,5000,27,1.5630221346339277,"c=1,d=2",watanabe,1,2000,4000,0.0,0,0,"[0, 0]",7,189.4877679069996
singular1,5000,5000,27,0.724588341046291,"c=1,d=2",watanabe,1,2000,4000,0.0,0,0,"[0, 0]",10,356.5184674350003
singular2,5000,5000,27,0.6466346807823741,"c=1,d=2",watanabe,1,2000,4000,0.0,0,0,"[0, 0]",10,349.1542945859983
regular,5000,5000,27,1.5387161183513978,"c=1,d=5",watanabe,1,2000,4000,0.0,0,0,"[0, 0]",6,206.48215828200048
e-singular,5000,5000,27,1.4821993404311309,"c=1,d=5",watanabe,1,2000,4000,0.0,0,0,"[0, 0]",6,203.6494716180005
singular1,5000,5000,27,0.9584994941932666,"c=1,d=5",watanabe,1,2000,4000,0.0,0,0,"[0, 0]",10,367.6463319270006
singular2,5000,5000,27,0.7544568013109149,"c=1,d=5",watanabe,1,2000,4000,0.0,0,0,"[0, 0]",10,375.2687429749985
regular,50,50,28,1.3937890485856117,"c=1,d=2",watanabe,1,2000,4000,0.0,0,0,"[0, 0]",5,44.16008566100027
e-singular,50,50,28,0.9829265633063798,"c=1,d=2",watanabe,1,2000,4000,0.0,0,0,"[0, 0]",8,47.72285942900089
singular1,50,50,28,1.1909812178360837,"c=1,d=2",watanabe,1,2000,4000,0.0,0,0,"[0, 0]",8,48.52055997000025
singular2,50,50,28,0.9486617789938682,"c=1,d=2",watanabe,1,2000,4000,0.0,0,0,"[0, 0]",8,46.350424496000414
regular,50,50,28,1.4985804227359918,"c=1,d=5",watanabe,1,2000,4000,0.0,0,0,"[0, 0]",6,45.43541719300083
e-singular,50,50,28,1.0418537719193408,"c=1,d=5",watanabe,1,2000,4000,0.0,0,0,"[0, 0]",8,48.488298951000615
singular1,50,50,28,1.1758555743188135,"c=1,d=5",watanabe,1,2000,4000,0.0,0,0,"[0, 0]",10,49.79232065200085
singular2,50,50,28,1.0083510225968606,"c=1,d=5",watanabe,1,2000,4000,0.0,0,0,"[0, 0]",9,46.11788085899934
regular,250,250,28,1.6438826728828482,"c=1,d=2",watanabe,1,2000,4000,0.0,0,0,"[0, 0]",5,43.14033525700143
e-singular,250,250,28,1.912806781132203,"c=1,d=2",watanabe,1,2000,4000,0.0,0,0,"[0, 0]",8,47.80308956800036
singular1,250,250,28,0.7536546240505062,"c=1,d=2",watanabe,1,2000,4000,0.0,0,0,"[0, 0]",9,61.75160034600049
singular2,250,250,28,0.8987366544295636,"c=1,d=2",watanabe,1,2000,4000,0.0,0,0,"[0, 0]",8,61.1093710389996
regular,250,250,28,1.475493970780926,"c=1,d=5",watanabe,1,2000,4000,0.0,0,0,"[0, 0]",5,52.93166982299954
e-singular,250,250,28,1.6290756100975436,"c=1,d=5",watanabe,1,2000,4000,0.0,0,0,"[0, 0]",8,56.6696610580002
singular1,250,250,28,0.9441234712679532,"c=1,d=5",watanabe,1,2000,4000,0.0,0,0,"[0, 0]",9,66.22217996200015
singular2,250,250,28,0.8724993123476352,"c=1,d=5",watanabe,1,2000,4000,0.0,0,0,"[0, 0]",9,60.3751747919996
regular,5000,5000,28,1.5205272250544932,"c=1,d=2",watanabe,1,2000,4000,0.0,0,0,"[0, 0]",6,181.1832192720012
e-singular,5000,5000,28,1.5026337829414884,"c=1,d=2",watanabe,1,2000,4000,0.0,0,0,"[0, 0]",7,204.9703210860007
singular1,5000,5000,28,0.874251860540789,"c=1,d=2",watanabe,1,2000,4000,0.0,0,0,"[0, 0]",10,352.59678600000007
singular2,5000,5000,28,0.7215412264076639,"c=1,d=2",watanabe,1,2000,4000,0.0,0,0,"[0, 0]",10,364.7671135269993
regular,5000,5000,28,1.4347959763786169,"c=1,d=5",watanabe,1,2000,4000,0.0,0,0,"[0, 0]",5,150.3097261960011
e-singular,5000,5000,28,1.4255022156250228,"c=1,d=5",watanabe,1,2000,4000,0.0,0,0,"[0, 0]",7,187.19991706899964
singular1,5000,5000,28,0.7761142739449265,"c=1,d=5",watanabe,1,2000,4000,0.0,0,0,"[0, 0]",10,359.46330216000024
singular2,5000,5000,28,0.7509641548666666,"c=1,d=5",watanabe,1,2000,4000,0.0,0,0,"[0, 0]",10,423.2994586080004
regular,50,50,29,1.4024919351442315,"c=1,d=2",watanabe,1,2000,4000,0.0,0,0,"[0, 0]",5,44.76719047599909
e-singular,50,50,29,1.3482478403159517,"c=1,d=2",watanabe,1,2000,4000,0.0,0,0,"[0, 0]",8,45.44548291699903
singular1,50,50,29,1.0833291468427757,"c=1,d=2",watanabe,1,2000,4000,0.0,0,0,"[0, 0]",10,49.9672626069987
singular2,50,50,29,1.0431636344717805,"c=1,d=2",watanabe,1,2000,4000,0.0,0,0,"[0, 0]",8,46.08913279499939
regular,50,50,29,1.3897598603239858,"c=1,d=5",watanabe,1,2000,4000,0.0,0,0,"[0, 0]",5,44.91964136599927
e-singular,50,50,29,1.308399839259082,"c=1,d=5",watanabe,1,2000,4000,0.0,0,0,"[0, 0]",7,44.92890488900048
singular1,50,50,29,1.0524863338241432,"c=1,d=5",watanabe,1,2000,4000,0.0,0,0,"[0, 0]",9,49.46412569699896
singular2,50,50,29,1.1010484965236993,"c=1,d=5",watanabe,1,2000,4000,0.0,0,0,"[0, 0]",9,46.150098715999775
regular,250,250,29,1.527449841252706,"c=1,d=2",watanabe,1,2000,4000,0.0,0,0,"[0, 0]",5,48.62512534600137
e-singular,250,250,29,1.5318500516326754,"c=1,d=2",watanabe,1,2000,4000,0.0,0,0,"[0, 0]",8,53.56523924999965
singular1,250,250,29,1.16853193517064,"c=1,d=2",watanabe,1,2000,4000,0.0,0,0,"[0, 0]",9,60.91015055599928
singular2,250,250,29,0.8208234736496796,"c=1,d=2",watanabe,1,2000,4000,0.0,0,0,"[0, 0]",9,59.24304072199993
regular,250,250,29,1.461523353066713,"c=1,d=5",watanabe,1,2000,4000,0.0,0,0,"[0, 0]",5,48.23385015099848
e-singular,250,250,29,1.5865263991130056,"c=1,d=5",watanabe,1,2000,4000,0.0,0,0,"[0, 0]",7,51.56232382999952
singular1,250,250,29,1.0455440607024955,"c=1,d=5",watanabe,1,2000,4000,0.0,0,0,"[0, 0]",10,64.4207473990009
singular2,250,250,29,0.8393099033441761,"c=1,d=5",watanabe,1,2000,4000,0.0,0,0,"[0, 0]",9,60.53359758500119
regular,5000,5000,29,1.4636897689386517,"c=1,d=2",watanabe,1,2000,4000,0.0,0,0,"[0, 0]",5,150.93185180399996
e-singular,5000,5000,29,1.5979749929660645,"c=1,d=2",watanabe,1,2000,4000,0.0,0,0,"[0, 0]",7,184.00591250400063
singular1,5000,5000,29,0.7707145275585655,"c=1,d=2",watanabe,1,2000,4000,0.0,0,0,"[0, 0]",10,324.4459457840003
singular2,5000,5000,29,0.8636586196177333,"c=1,d=2",watanabe,1,2000,4000,0.0,0,0,"[0, 0]",10,341.9705973349992
regular,5000,5000,29,1.5169514075286838,"c=1,d=5",watanabe,1,2000,4000,0.0,0,0,"[0, 0]",5,141.12138201699963
e-singular,5000,5000,29,1.504016913293649,"c=1,d=5",watanabe,1,2000,4000,0.0,0,0,"[0, 0]",7,190.25944456499928
singular1,5000,5000,29,0.8399827713888751,"c=1,d=5",watanabe,1,2000,4000,0.0,0,0,"[0, 0]",10,352.3236408640005
singular2,5000,5000,29,0.8146072403951835,"c=1,d=5",watanabe,1,2000,4000,0.0,0,0,"[0, 0]",10,304.0910769940001
regular,50,50,30,1.255220494683452,"c=1,d=2",watanabe,1,2000,4000,0.0,0,0,"[0, 0]",5,44.70240782300061
e-singular,50,50,30,1.03434943072832,"c=1,d=2",watanabe,1,2000,4000,0.0,0,0,"[0, 0]",9,50.36396766399957
singular1,50,50,30,1.014374186221566,"c=1,d=2",watanabe,1,2000,4000,0.0,0,0,"[0, 0]",9,47.75166522500149
singular2,50,50,30,0.9700630888248244,"c=1,d=2",watanabe,1,2000,4000,0.0,0,0,"[0, 0]",8,45.89087609799935
regular,50,50,30,1.2933376157981875,"c=1,d=5",watanabe,1,2000,4000,0.0,0,0,"[0, 0]",5,44.33196216599936
e-singular,50,50,30,1.1050395159160429,"c=1,d=5",watanabe,1,2000,4000,0.0,0,0,"[0, 0]",9,49.88730146900161
singular1,50,50,30,1.0451447374465246,"c=1,d=5",watanabe,1,2000,4000,0.0,0,0,"[0, 0]",10,49.48651107600017
singular2,50,50,30,1.0168726894043307,"c=1,d=5",watanabe,1,2000,4000,0.0,0,0,"[0, 0]",8,47.4763557440001
regular,250,250,30,1.4856755082460054,"c=1,d=2",watanabe,1,2000,4000,0.0,0,0,"[0, 0]",5,46.28331835100107
e-singular,250,250,30,1.4351336804563029,"c=1,d=2",watanabe,1,2000,4000,0.0,0,0,"[0, 0]",9,51.13033658399945
singular1,250,250,30,0.9951400735216932,"c=1,d=2",watanabe,1,2000,4000,0.0,0,0,"[0, 0]",10,64.4653949399999
singular2,250,250,30,0.821666198696477,"c=1,d=2",watanabe,1,2000,4000,0.0,0,0,"[0, 0]",9,59.585539832
regular,250,250,30,1.5288794737627305,"c=1,d=5",watanabe,1,2000,4000,0.0,0,0,"[0, 0]",5,47.969219889999295
e-singular,250,250,30,1.4619290794063544,"c=1,d=5",watanabe,1,2000,4000,0.0,0,0,"[0, 0]",8,50.939780052998685
singular1,250,250,30,0.9499234696480888,"c=1,d=5",watanabe,1,2000,4000,0.0,0,0,"[0, 0]",10,62.02018171200143
singular2,250,250,30,0.904460009656748,"c=1,d=5",watanabe,1,2000,4000,0.0,0,0,"[0, 0]",9,60.73621146299956
regular,5000,5000,30,1.524230551517375,"c=1,d=2",watanabe,1,2000,4000,0.0,0,0,"[0, 0]",5,141.79900784500023
e-singular,5000,5000,30,1.5256115579137086,"c=1,d=2",watanabe,1,2000,4000,0.0,0,0,"[0, 0]",7,199.50620853500004
singular1,5000,5000,30,0.9253048327861688,"c=1,d=2",watanabe,1,2000,4000,0.0,0,0,"[0, 0]",10,335.98799634400166
singular2,5000,5000,30,0.9044111380716182,"c=1,d=2",watanabe,1,2000,4000,0.0,0,0,"[0, 0]",10,360.3976065220013
regular,5000,5000,30,1.5444121398121382,"c=1,d=5",watanabe,1,2000,4000,0.0,0,0,"[0, 0]",5,154.3956484729988
e-singular,5000,5000,30,1.5469554875259357,"c=1,d=5",watanabe,1,2000,4000,0.0,0,0,"[0, 0]",6,207.5042107869995
singular1,5000,5000,30,0.7859287545586653,"c=1,d=5",watanabe,1,2000,4000,0.0,0,0,"[0, 0]",10,325.0649615170005
singular2,5000,5000,30,0.8993990459939818,"c=1,d=5",watanabe,1,2000,4000,0.0,0,0,"[0, 0]",10,362.9893943650004
regular,50,50,31,1.3361976329830114,"c=1,d=2",watanabe,1,2000,4000,0.0,0,0,"[0, 0]",5,43.907553405000726
e-singular,50,50,31,1.4591400678871758,"c=1,d=2",watanabe,1,2000,4000,0.0,0,0,"[0, 0]",8,45.912493158999496
singular1,50,50,31,1.1326605806830052,"c=1,d=2",watanabe,1,2000,4000,0.0,0,0,"[0, 0]",10,48.49734248000095
singular2,50,50,31,1.015368835750002,"c=1,d=2",watanabe,1,2000,4000,0.0,0,0,"[0, 0]",8,46.45540374600023
regular,50,50,31,1.508502372315766,"c=1,d=5",watanabe,1,2000,4000,0.0,0,0,"[0, 0]",5,44.05075253900032
e-singular,50,50,31,1.5941591944396152,"c=1,d=5",watanabe,1,2000,4000,0.0,0,0,"[0, 0]",8,44.53109923500051
singular1,50,50,31,1.1745942184736913,"c=1,d=5",watanabe,1,2000,4000,0.0,0,0,"[0, 0]",10,50.73794846700002
singular2,50,50,31,1.0338924322769074,"c=1,d=5",watanabe,1,2000,4000,0.0,0,0,"[0, 0]",8,46.520927076999214
regular,250,250,31,1.5638188678977831,"c=1,d=2",watanabe,1,2000,4000,0.0,0,0,"[0, 0]",5,46.58167048399992
e-singular,250,250,31,1.4654113239256703,"c=1,d=2",watanabe,1,2000,4000,0.0,0,0,"[0, 0]",8,50.70652229200096
singular1,250,250,31,1.1731784493471311,"c=1,d=2",watanabe,1,2000,4000,0.0,0,0,"[0, 0]",9,57.252288231999046
singular2,250,250,31,0.9654315261820212,"c=1,d=2",watanabe,1,2000,4000,0.0,0,0,"[0, 0]",8,58.24179827300031
regular,250,250,31,1.3922062889405418,"c=1,d=5",watanabe,1,2000,4000,0.0,0,0,"[0, 0]",5,48.73987876800129
e-singular,250,250,31,1.5236387952250956,"c=1,d=5",watanabe,1,2000,4000,0.0,0,0,"[0, 0]",8,53.39388156700079
singular1,250,250,31,0.9749328764608504,"c=1,d=5",watanabe,1,2000,4000,0.0,0,0,"[0, 0]",10,56.561190387999886
singular2,250,250,31,0.8874049779134182,"c=1,d=5",watanabe,1,2000,4000,0.0,0,0,"[0, 0]",8,59.10562154999934
regular,5000,5000,31,1.4651625573751086,"c=1,d=2",watanabe,1,2000,4000,0.0,0,0,"[0, 0]",5,148.1486918210012
e-singular,5000,5000,31,1.7447251373764854,"c=1,d=2",watanabe,1,2000,4000,0.0,0,0,"[0, 0]",6,178.65139637300126
singular1,5000,5000,31,0.9057099538653686,"c=1,d=2",watanabe,1,2000,4000,0.0,0,0,"[0, 0]",10,355.0292593880004
singular2,5000,5000,31,0.8957892064113494,"c=1,d=2",watanabe,1,2000,4000,0.0,0,0,"[0, 0]",10,301.2233183180015
regular,5000,5000,31,1.5145296100590928,"c=1,d=5",watanabe,1,2000,4000,0.0,0,0,"[0, 0]",5,147.30356080300044
e-singular,5000,5000,31,1.50930476758197,"c=1,d=5",watanabe,1,2000,4000,0.0,0,0,"[0, 0]",6,183.31396924699948
singular1,5000,5000,31,0.8067478721544246,"c=1,d=5",watanabe,1,2000,4000,0.0,0,0,"[0, 0]",10,413.3363751570014
singular2,5000,5000,31,0.9003685904063651,"c=1,d=5",watanabe,1,2000,4000,0.0,0,0,"[0, 0]",10,270.43967378100024
regular,50,50,32,1.415838566903809,"c=1,d=2",watanabe,1,2000,4000,0.0,0,0,"[0, 0]",5,43.99764553000023
e-singular,50,50,32,1.5558652316921378,"c=1,d=2",watanabe,1,2000,4000,0.0,0,0,"[0, 0]",8,46.01985900699947
singular1,50,50,32,1.1158338444451723,"c=1,d=2",watanabe,1,2000,4000,0.0,0,0,"[0, 0]",9,48.2665073040007
singular2,50,50,32,0.9241270984595092,"c=1,d=2",watanabe,1,2000,4000,0.0,0,0,"[0, 0]",9,49.300081608000255
regular,50,50,32,1.469060765871226,"c=1,d=5",watanabe,1,2000,4000,0.0,0,0,"[0, 0]",5,44.29630818099941
e-singular,50,50,32,1.3989839973136755,"c=1,d=5",watanabe,1,2000,4000,0.0,0,0,"[0, 0]",7,45.76976173000003
singular1,50,50,32,1.0716159065954831,"c=1,d=5",watanabe,1,2000,4000,0.0,0,0,"[0, 0]",9,48.655773763999605
singular2,50,50,32,0.8818232590151323,"c=1,d=5",watanabe,1,2000,4000,0.0,0,0,"[0, 0]",9,49.42382721600006
regular,250,250,32,1.3617064203586502,"c=1,d=2",watanabe,1,2000,4000,0.0,0,0,"[0, 0]",5,53.332332501000565
e-singular,250,250,32,1.7510914020023651,"c=1,d=2",watanabe,1,2000,4000,0.0,0,0,"[0, 0]",8,56.61458738700094
singular1,250,250,32,0.9821008840659732,"c=1,d=2",watanabe,1,2000,4000,0.0,0,0,"[0, 0]",10,66.78558128500117
singular2,250,250,32,0.9814422957444814,"c=1,d=2",watanabe,1,2000,4000,0.0,0,0,"[0, 0]",9,70.4373662550006
regular,250,250,32,1.3471354608617474,"c=1,d=5",watanabe,1,2000,4000,0.0,0,0,"[0, 0]",5,53.34923355700085
e-singular,250,250,32,1.5675206120370468,"c=1,d=5",watanabe,1,2000,4000,0.0,0,0,"[0, 0]",8,56.5215491630006
singular1,250,250,32,0.9491600640321152,"c=1,d=5",watanabe,1,2000,4000,0.0,0,0,"[0, 0]",9,67.75917659100014
singular2,250,250,32,0.9078475975621568,"c=1,d=5",watanabe,1,2000,4000,0.0,0,0,"[0, 0]",9,61.75109897400034
regular,5000,5000,32,1.4513582802825322,"c=1,d=2",watanabe,1,2000,4000,0.0,0,0,"[0, 0]",5,161.66045908500018
e-singular,5000,5000,32,1.4434496459072723,"c=1,d=2",watanabe,1,2000,4000,0.0,0,0,"[0, 0]",6,200.46560096699977
singular1,5000,5000,32,0.7605695031083225,"c=1,d=2",watanabe,1,2000,4000,0.0,0,0,"[0, 0]",10,307.5374619459999
singular2,5000,5000,32,0.9681475924282154,"c=1,d=2",watanabe,1,2000,4000,0.0,0,0,"[0, 0]",10,317.3292509089988
regular,5000,5000,32,1.4683084770644124,"c=1,d=5",watanabe,1,2000,4000,0.0,0,0,"[0, 0]",6,164.98695837100058
e-singular,5000,5000,32,1.3775342564693769,"c=1,d=5",watanabe,1,2000,4000,0.0,0,0,"[0, 0]",7,180.8597000400005
singular1,5000,5000,32,0.8970040793429442,"c=1,d=5",watanabe,1,2000,4000,0.0,0,0,"[0, 0]",10,306.35621939200064
singular2,5000,5000,32,0.7598737307108224,"c=1,d=5",watanabe,1,2000,4000,0.0,0,0,"[0, 0]",10,375.1103073440008
regular,50,50,33,1.5064078929224098,"c=1,d=2",watanabe,1,2000,4000,0.0,0,0,"[0, 0]",5,44.32176522500049
e-singular,50,50,33,1.351211435505036,"c=1,d=2",watanabe,1,2000,4000,0.0,0,0,"[0, 0]",8,45.29940188799992
singular1,50,50,33,1.1837866322104824,"c=1,d=2",watanabe,1,2000,4000,0.0,0,0,"[0, 0]",8,47.46605526700114
singular2,50,50,33,1.0115572143131368,"c=1,d=2",watanabe,1,2000,4000,0.0,0,0,"[0, 0]",8,47.00398939099978
regular,50,50,33,1.4948864989229482,"c=1,d=5",watanabe,1,2000,4000,0.0,0,0,"[0, 0]",5,44.60165077200145
e-singular,50,50,33,1.5739443985131572,"c=1,d=5",watanabe,1,2000,4000,0.0,0,0,"[0, 0]",7,45.17354263900052
singular1,50,50,33,1.3296523982433262,"c=1,d=5",watanabe,1,2000,4000,0.0,0,0,"[0, 0]",9,47.91157349700006
singular2,50,50,33,1.0172257838035397,"c=1,d=5",watanabe,1,2000,4000,0.0,0,0,"[0, 0]",9,46.16916867500004
regular,250,250,33,1.5456242306326695,"c=1,d=2",watanabe,1,2000,4000,0.0,0,0,"[0, 0]",5,51.67768537300071
e-singular,250,250,33,1.4472283369546564,"c=1,d=2",watanabe,1,2000,4000,0.0,0,0,"[0, 0]",8,57.8920782740006
singular1,250,250,33,1.0532514928785357,"c=1,d=2",watanabe,1,2000,4000,0.0,0,0,"[0, 0]",9,68.43790989700028
singular2,250,250,33,0.9020228394121406,"c=1,d=2",watanabe,1,2000,4000,0.0,0,0,"[0, 0]",9,65.94466889500109
regular,250,250,33,1.4809393546909078,"c=1,d=5",watanabe,1,2000,4000,0.0,0,0,"[0, 0]",5,55.39689134800028
e-singular,250,250,33,1.547614775398959,"c=1,d=5",watanabe,1,2000,4000,0.0,0,0,"[0, 0]",9,60.36841129899949
singular1,250,250,33,0.9419100588584888,"c=1,d=5",watanabe,1,2000,4000,0.0,0,0,"[0, 0]",10,64.57159462900017
singular2,250,250,33,0.8529904263411361,"c=1,d=5",watanabe,1,2000,4000,0.0,0,0,"[0, 0]",9,69.3772371210016
regular,5000,5000,33,1.5443803385099373,"c=1,d=2",watanabe,1,2000,4000,0.0,0,0,"[0, 0]",5,155.88888160199895
e-singular,5000,5000,33,1.4475874305963066,"c=1,d=2",watanabe,1,2000,4000,0.0,0,0,"[0, 0]",7,203.3240751100002
singular1,5000,5000,33,0.8115342819512268,"c=1,d=2",watanabe,1,2000,4000,0.0,0,0,"[0, 0]",10,350.14960945599887
singular2,5000,5000,33,0.8267942301422098,"c=1,d=2",watanabe,1,2000,4000,0.0,0,0,"[0, 0]",10,314.16081884900086
regular,5000,5000,33,1.519824049422784,"c=1,d=5",watanabe,1,2000,4000,0.0,0,0,"[0, 0]",5,150.12278374400012
e-singular,5000,5000,33,1.507038647384784,"c=1,d=5",watanabe,1,2000,4000,0.0,0,0,"[0, 0]",7,190.8955826199999
singular1,5000,5000,33,0.7402866608793588,"c=1,d=5",watanabe,1,2000,4000,0.0,0,0,"[0, 0]",10,357.246443748998
singular2,5000,5000,33,0.8762325046234122,"c=1,d=5",watanabe,1,2000,4000,0.0,0,0,"[0, 0]",9,293.6779672899993
regular,50,50,34,1.523498911525229,"c=1,d=2",watanabe,1,2000,4000,0.0,0,0,"[0, 0]",5,43.74802470400027
e-singular,50,50,34,1.3189151073800085,"c=1,d=2",watanabe,1,2000,4000,0.0,0,0,"[0, 0]",8,45.57050908800011
singular1,50,50,34,1.2210760228252804,"c=1,d=2",watanabe,1,2000,4000,0.0,0,0,"[0, 0]",9,49.627640617
singular2,50,50,34,0.979344379731925,"c=1,d=2",watanabe,1,2000,4000,0.0,0,0,"[0, 0]",8,46.78114113300035
regular,50,50,34,1.4266209553530862,"c=1,d=5",watanabe,1,2000,4000,0.0,0,0,"[0, 0]",5,46.02185796500271
e-singular,50,50,34,1.6128185762413978,"c=1,d=5",watanabe,1,2000,4000,0.0,0,0,"[0, 0]",8,46.48135568900034
singular1,50,50,34,1.4420675269869336,"c=1,d=5",watanabe,1,2000,4000,0.0,0,0,"[0, 0]",8,48.513871924998966
singular2,50,50,34,0.8869074807604681,"c=1,d=5",watanabe,1,2000,4000,0.0,0,0,"[0, 0]",8,50.20832839200011
regular,250,250,34,1.457880905252475,"c=1,d=2",watanabe,1,2000,4000,0.0,0,0,"[0, 0]",5,53.504378468998766
e-singular,250,250,34,1.573368533721372,"c=1,d=2",watanabe,1,2000,4000,0.0,0,0,"[0, 0]",8,61.17701675900025
singular1,250,250,34,1.0070114229076697,"c=1,d=2",watanabe,1,2000,4000,0.0,0,0,"[0, 0]",10,78.41024729000128
singular2,250,250,34,0.8803454769212671,"c=1,d=2",watanabe,1,2000,4000,0.0,0,0,"[0, 0]",9,66.54957858900161
regular,250,250,34,1.4520628724106044,"c=1,d=5",watanabe,1,2000,4000,0.0,0,0,"[0, 0]",5,53.523858981996455
e-singular,250,250,34,1.476389365050207,"c=1,d=5",watanabe,1,2000,4000,0.0,0,0,"[0, 0]",8,60.37803662400256
singular1,250,250,34,1.2447829886858042,"c=1,d=5",watanabe,1,2000,4000,0.0,0,0,"[0, 0]",9,72.98808845999883
singular2,250,250,34,0.8544803051303659,"c=1,d=5",watanabe,1,2000,4000,0.0,0,0,"[0, 0]",10,65.32006932500008
regular,5000,5000,34,1.589096547043558,"c=1,d=2",watanabe,1,2000,4000,0.0,0,0,"[0, 0]",6,208.9531176970013
e-singular,5000,5000,34,1.488298371788188,"c=1,d=2",watanabe,1,2000,4000,0.0,0,0,"[0, 0]",7,188.63061236000067
singular1,5000,5000,34,0.8935791591958432,"c=1,d=2",watanabe,1,2000,4000,0.0,0,0,"[0, 0]",10,495.64067758700185
singular2,5000,5000,34,0.794335147980864,"c=1,d=2",watanabe,1,2000,4000,0.0,0,0,"[0, 0]",10,347.47286829100267
regular,5000,5000,34,1.6373943664518025,"c=1,d=5",watanabe,1,2000,4000,0.0,0,0,"[0, 0]",5,152.6733147369996
e-singular,5000,5000,34,1.4875436100723416,"c=1,d=5",watanabe,1,2000,4000,0.0,0,0,"[0, 0]",6,201.9555597489998
singular1,5000,5000,34,0.9013816631199624,"c=1,d=5",watanabe,1,2000,4000,0.0,0,0,"[0, 0]",10,534.9409748049984
singular2,5000,5000,34,0.7532772291834059,"c=1,d=5",watanabe,1,2000,4000,0.0,0,0,"[0, 0]",10,387.4663480870004
regular,50,50,35,1.4056018617285624,"c=1,d=2",watanabe,1,2000,4000,0.0,0,0,"[0, 0]",5,43.94718282300164
e-singular,50,50,35,1.3396594189224236,"c=1,d=2",watanabe,1,2000,4000,0.0,0,0,"[0, 0]",8,47.19158704599977
singular1,50,50,35,1.0377165397651733,"c=1,d=2",watanabe,1,2000,4000,0.0,0,0,"[0, 0]",8,47.47902369200165
singular2,50,50,35,1.1191082846655696,"c=1,d=2",watanabe,1,2000,4000,0.0,0,0,"[0, 0]",8,46.98892944399995
regular,50,50,35,1.4389219498403196,"c=1,d=5",watanabe,1,2000,4000,0.0,0,0,"[0, 0]",5,44.38900686800116
e-singular,50,50,35,1.5793370001856255,"c=1,d=5",watanabe,1,2000,4000,0.0,0,0,"[0, 0]",8,45.8780441859999
singular1,50,50,35,0.968550349681494,"c=1,d=5",watanabe,1,2000,4000,0.0,0,0,"[0, 0]",9,48.8368740060032
singular2,50,50,35,0.8997218900511105,"c=1,d=5",watanabe,1,2000,4000,0.0,0,0,"[0, 0]",8,46.56995166999696
regular,250,250,35,1.4725192724308198,"c=1,d=2",watanabe,1,2000,4000,0.0,0,0,"[0, 0]",5,46.32765723599732
e-singular,250,250,35,1.5430993360908072,"c=1,d=2",watanabe,1,2000,4000,0.0,0,0,"[0, 0]",8,49.93480173200078
singular1,250,250,35,0.9090178804234365,"c=1,d=2",watanabe,1,2000,4000,0.0,0,0,"[0, 0]",9,63.25371011899915
singular2,250,250,35,0.8704544899327761,"c=1,d=2",watanabe,1,2000,4000,0.0,0,0,"[0, 0]",8,63.2083791269979
regular,250,250,35,1.4666998582534745,"c=1,d=5",watanabe,1,2000,4000,0.0,0,0,"[0, 0]",5,51.13893204499982
e-singular,250,250,35,1.6022076228001276,"c=1,d=5",watanabe,1,2000,4000,0.0,0,0,"[0, 0]",8,54.61317734100157
singular1,250,250,35,0.9403267157503106,"c=1,d=5",watanabe,1,2000,4000,0.0,0,0,"[0, 0]",10,62.71745380199718
singular2,250,250,35,0.8612211898781239,"c=1,d=5",watanabe,1,2000,4000,0.0,0,0,"[0, 0]",8,63.74829181699897
regular,5000,5000,35,1.323758126613666,"c=1,d=2",watanabe,1,2000,4000,0.0,0,0,"[0, 0]",5,136.01772482100205
e-singular,5000,5000,35,1.5586308325948168,"c=1,d=2",watanabe,1,2000,4000,0.0,0,0,"[0, 0]",6,181.0981389890003
singular1,5000,5000,35,0.7466483863417211,"c=1,d=2",watanabe,1,2000,4000,0.0,0,0,"[0, 0]",10,295.8261068270004
singular2,5000,5000,35,0.7468439087364689,"c=1,d=2",watanabe,1,2000,4000,0.0,0,0,"[0, 0]",10,380.0321033360015
regular,5000,5000,35,1.4659976136895858,"c=1,d=5",watanabe,1,2000,4000,0.0,0,0,"[0, 0]",5,157.3762975219979
e-singular,5000,5000,35,1.503627975284728,"c=1,d=5",watanabe,1,2000,4000,0.0,0,0,"[0, 0]",7,198.7857701159992
singular1,5000,5000,35,0.8415683318195789,"c=1,d=5",watanabe,1,2000,4000,0.0,0,0,"[0, 0]",10,369.3856783930023
singular2,5000,5000,35,0.7473581094395649,"c=1,d=5",watanabe,1,2000,4000,0.0,0,0,"[0, 0]",10,384.0900503030025
regular,50,50,36,1.374166643264844,"c=1,d=2",watanabe,1,2000,4000,0.0,0,0,"[0, 0]",5,48.66693990699787
e-singular,50,50,36,1.3599358327782871,"c=1,d=2",watanabe,1,2000,4000,0.0,0,0,"[0, 0]",8,43.834658416999446
singular1,50,50,36,1.2213966224328288,"c=1,d=2",watanabe,1,2000,4000,0.0,0,0,"[0, 0]",8,53.34383638300278
singular2,50,50,36,0.92272814837315,"c=1,d=2",watanabe,1,2000,4000,0.0,0,0,"[0, 0]",8,49.35776065900063
regular,50,50,36,1.4259915655072497,"c=1,d=5",watanabe,1,2000,4000,0.0,0,0,"[0, 0]",5,48.89879901400127
e-singular,50,50,36,1.391706570575705,"c=1,d=5",watanabe,1,2000,4000,0.0,0,0,"[0, 0]",8,48.4013275699981
singular1,50,50,36,1.028014913954133,"c=1,d=5",watanabe,1,2000,4000,0.0,0,0,"[0, 0]",9,50.66808604800099
singular2,50,50,36,0.9886504180561516,"c=1,d=5",watanabe,1,2000,4000,0.0,0,0,"[0, 0]",8,48.68437632900168
regular,250,250,36,1.436905945230874,"c=1,d=2",watanabe,1,2000,4000,0.0,0,0,"[0, 0]",5,46.82661542099959
e-singular,250,250,36,1.6632302809067168,"c=1,d=2",watanabe,1,2000,4000,0.0,0,0,"[0, 0]",7,49.47031720299856
singular1,250,250,36,1.0114080991250838,"c=1,d=2",watanabe,1,2000,4000,0.0,0,0,"[0, 0]",10,58.6705213560017
singular2,250,250,36,1.052696840557529,"c=1,d=2",watanabe,1,2000,4000,0.0,0,0,"[0, 0]",9,53.09425539400036
regular,250,250,36,1.42366568621445,"c=1,d=5",watanabe,1,2000,4000,0.0,0,0,"[0, 0]",5,49.3959845649988
e-singular,250,250,36,1.6567683577432812,"c=1,d=5",watanabe,1,2000,4000,0.0,0,0,"[0, 0]",8,53.206102363001264
singular1,250,250,36,1.0106871440931264,"c=1,d=5",watanabe,1,2000,4000,0.0,0,0,"[0, 0]",10,64.02792504199897
singular2,250,250,36,0.9771873042864884,"c=1,d=5",watanabe,1,2000,4000,0.0,0,0,"[0, 0]",9,53.46346562300096
regular,5000,5000,36,1.3877682011407777,"c=1,d=2",watanabe,1,2000,4000,0.0,0,0,"[0, 0]",5,150.60088393299884
e-singular,5000,5000,36,1.4192263740031736,"c=1,d=2",watanabe,1,2000,4000,0.0,0,0,"[0, 0]",7,183.4317752839997
singular1,5000,5000,36,0.7444329888510643,"c=1,d=2",watanabe,1,2000,4000,0.0,0,0,"[0, 0]",10,395.0561721099984
singular2,5000,5000,36,0.7655828310647333,"c=1,d=2",watanabe,1,2000,4000,0.0,0,0,"[0, 0]",10,318.5181939530012
regular,5000,5000,36,1.537011784551536,"c=1,d=5",watanabe,1,2000,4000,0.0,0,0,"[0, 0]",5,149.38217205899855
e-singular,5000,5000,36,1.5255030941962322,"c=1,d=5",watanabe,1,2000,4000,0.0,0,0,"[0, 0]",7,190.7997204309977
singular1,5000,5000,36,0.7577635566031276,"c=1,d=5",watanabe,1,2000,4000,0.0,0,0,"[0, 0]",10,381.2161075679978
singular2,5000,5000,36,0.7838647136220116,"c=1,d=5",watanabe,1,2000,4000,0.0,0,0,"[0, 0]",10,345.694659771998
regular,50,50,37,1.5568382574531934,"c=1,d=2",watanabe,1,2000,4000,0.0,0,0,"[0, 0]",5,44.229349730998365
e-singular,50,50,37,1.9853885302068912,"c=1,d=2",watanabe,1,2000,4000,0.0,0,0,"[0, 0]",8,43.97030035600256
singular1,50,50,37,1.2096350901033417,"c=1,d=2",watanabe,1,2000,4000,0.0,0,0,"[0, 0]",10,49.46301429699815
singular2,50,50,37,0.784584561466298,"c=1,d=2",watanabe,1,2000,4000,0.0,0,0,"[0, 0]",8,48.53325241600032
regular,50,50,37,1.3723409337733283,"c=1,d=5",watanabe,1,2000,4000,0.0,0,0,"[0, 0]",5,44.13808162800342
e-singular,50,50,37,1.7939137087554002,"c=1,d=5",watanabe,1,2000,4000,0.0,0,0,"[0, 0]",7,43.58790716099975
singular1,50,50,37,1.1853278318451237,"c=1,d=5",watanabe,1,2000,4000,0.0,0,0,"[0, 0]",10,49.492391480998776
singular2,50,50,37,0.8831182744921183,"c=1,d=5",watanabe,1,2000,4000,0.0,0,0,"[0, 0]",8,48.29873049800153
regular,250,250,37,1.5018594020910303,"c=1,d=2",watanabe,1,2000,4000,0.0,0,0,"[0, 0]",5,51.42658106700037
e-singular,250,250,37,1.6482777617939548,"c=1,d=2",watanabe,1,2000,4000,0.0,0,0,"[0, 0]",8,55.31015222300266
singular1,250,250,37,1.0362655312065303,"c=1,d=2",watanabe,1,2000,4000,0.0,0,0,"[0, 0]",10,65.41252123600134
singular2,250,250,37,0.8541963506953181,"c=1,d=2",watanabe,1,2000,4000,0.0,0,0,"[0, 0]",8,61.20286122099788
regular,250,250,37,1.4584203758779446,"c=1,d=5",watanabe,1,2000,4000,0.0,0,0,"[0, 0]",5,54.333211393000965
e-singular,250,250,37,1.5562594044466238,"c=1,d=5",watanabe,1,2000,4000,0.0,0,0,"[0, 0]",8,54.500269819000096
singular1,250,250,37,0.9542354003892468,"c=1,d=5",watanabe,1,2000,4000,0.0,0,0,"[0, 0]",10,67.2506596380008
singular2,250,250,37,0.8889693870503247,"c=1,d=5",watanabe,1,2000,4000,0.0,0,0,"[0, 0]",9,64.3866807939994
regular,5000,5000,37,1.5424140580845638,"c=1,d=2",watanabe,1,2000,4000,0.0,0,0,"[0, 0]",5,144.15735427400068
e-singular,5000,5000,37,1.5889072782950426,"c=1,d=2",watanabe,1,2000,4000,0.0,0,0,"[0, 0]",7,198.20298085000104
singular1,5000,5000,37,0.8894888200533573,"c=1,d=2",watanabe,1,2000,4000,0.0,0,0,"[0, 0]",10,346.361842125003
singular2,5000,5000,37,0.7516721235431513,"c=1,d=2",watanabe,1,2000,4000,0.0,0,0,"[0, 0]",10,382.2826651889991
regular,5000,5000,37,1.472137002564179,"c=1,d=5",watanabe,1,2000,4000,0.0,0,0,"[0, 0]",6,227.34462374599752
e-singular,5000,5000,37,1.5169357150092992,"c=1,d=5",watanabe,1,2000,4000,0.0,0,0,"[0, 0]",6,179.99595545099874
singular1,5000,5000,37,0.8581415644832324,"c=1,d=5",watanabe,1,2000,4000,0.0,0,0,"[0, 0]",10,398.6179836930023
singular2,5000,5000,37,0.7594222723116758,"c=1,d=5",watanabe,1,2000,4000,0.0,0,0,"[0, 0]",10,370.45893642999727
regular,50,50,38,1.3744606453523296,"c=1,d=2",watanabe,1,2000,4000,0.0,0,0,"[0, 0]",5,47.58025030200224
e-singular,50,50,38,1.7224185184237106,"c=1,d=2",watanabe,1,2000,4000,0.0,0,0,"[0, 0]",7,47.461079907003295
singular1,50,50,38,1.162722408500029,"c=1,d=2",watanabe,1,2000,4000,0.0,0,0,"[0, 0]",9,49.80736752300072
singular2,50,50,38,1.0703307856539817,"c=1,d=2",watanabe,1,2000,4000,0.0,0,0,"[0, 0]",8,48.10723683299875
regular,50,50,38,1.5494655604897654,"c=1,d=5",watanabe,1,2000,4000,0.0,0,0,"[0, 0]",6,44.733483545001945
e-singular,50,50,38,1.7434362096597138,"c=1,d=5",watanabe,1,2000,4000,0.0,0,0,"[0, 0]",8,46.9680400469988
singular1,50,50,38,1.1558698495936568,"c=1,d=5",watanabe,1,2000,4000,0.0,0,0,"[0, 0]",9,50.156530889998976
singular2,50,50,38,1.0615727945537516,"c=1,d=5",watanabe,1,2000,4000,0.0,0,0,"[0, 0]",8,45.861570159999246
regular,250,250,38,1.471449693265104,"c=1,d=2",watanabe,1,2000,4000,0.0,0,0,"[0, 0]",5,41.31436060499982
e-singular,250,250,38,1.2305144736769682,"c=1,d=2",watanabe,1,2000,4000,0.0,0,0,"[0, 0]",9,57.88317236099829
singular1,250,250,38,1.0436353108531793,"c=1,d=2",watanabe,1,2000,4000,0.0,0,0,"[0, 0]",10,65.87749665000229
singular2,250,250,38,1.1061911906810205,"c=1,d=2",watanabe,1,2000,4000,0.0,0,0,"[0, 0]",8,56.64490584699888
regular,250,250,38,1.4366021777497429,"c=1,d=5",watanabe,1,2000,4000,0.0,0,0,"[0, 0]",5,48.32545589399888
e-singular,250,250,38,1.2169904283122648,"c=1,d=5",watanabe,1,2000,4000,0.0,0,0,"[0, 0]",9,63.32093221000105
singular1,250,250,38,0.9789437473273704,"c=1,d=5",watanabe,1,2000,4000,0.0,0,0,"[0, 0]",10,62.67848306099768
singular2,250,250,38,1.035241800500259,"c=1,d=5",watanabe,1,2000,4000,0.0,0,0,"[0, 0]",9,59.40416364599878
regular,5000,5000,38,1.5905093178559513,"c=1,d=2",watanabe,1,2000,4000,0.0,0,0,"[0, 0]",6,173.25792330100012
e-singular,5000,5000,38,1.5569664571181483,"c=1,d=2",watanabe,1,2000,4000,0.0,0,0,"[0, 0]",6,199.88518677899992
singular1,5000,5000,38,0.629953068518338,"c=1,d=2",watanabe,1,2000,4000,0.0,0,0,"[0, 0]",10,406.2867064059974
singular2,5000,5000,38,0.7680462241148466,"c=1,d=2",watanabe,1,2000,4000,0.0,0,0,"[0, 0]",10,372.8794773249974
regular,5000,5000,38,1.5142903852528895,"c=1,d=5",watanabe,1,2000,4000,0.0,0,0,"[0, 0]",6,197.5287980630019
e-singular,5000,5000,38,1.510799095628118,"c=1,d=5",watanabe,1,2000,4000,0.0,0,0,"[0, 0]",6,168.88259905000086
singular1,5000,5000,38,0.7915252162862467,"c=1,d=5",watanabe,1,2000,4000,0.0,0,0,"[0, 0]",10,402.738702953
singular2,5000,5000,38,0.723089257263794,"c=1,d=5",watanabe,1,2000,4000,0.0,0,0,"[0, 0]",10,361.0899735160019
regular,50,50,39,1.3819073795139756,"c=1,d=2",watanabe,1,2000,4000,0.0,0,0,"[0, 0]",5,44.59547545999885
e-singular,50,50,39,1.522813461020132,"c=1,d=2",watanabe,1,2000,4000,0.0,0,0,"[0, 0]",8,45.203080483999656
singular1,50,50,39,1.0973084766932322,"c=1,d=2",watanabe,1,2000,4000,0.0,0,0,"[0, 0]",10,51.39081739699759
singular2,50,50,39,0.9060399650330276,"c=1,d=2",watanabe,1,2000,4000,0.0,0,0,"[0, 0]",8,46.010172791000514
regular,50,50,39,1.4982359958750742,"c=1,d=5",watanabe,1,2000,4000,0.0,0,0,"[0, 0]",5,44.54106032799973
e-singular,50,50,39,1.656100084497785,"c=1,d=5",watanabe,1,2000,4000,0.0,0,0,"[0, 0]",8,45.01292953600205
singular1,50,50,39,1.1587446605617728,"c=1,d=5",watanabe,1,2000,4000,0.0,0,0,"[0, 0]",10,49.72531710800104
singular2,50,50,39,0.9098961505370126,"c=1,d=5",watanabe,1,2000,4000,0.0,0,0,"[0, 0]",9,47.23896276099913
regular,250,250,39,1.524962850190563,"c=1,d=2",watanabe,1,2000,4000,0.0,0,0,"[0, 0]",5,48.19507302099737
e-singular,250,250,39,1.5475445671202464,"c=1,d=2",watanabe,1,2000,4000,0.0,0,0,"[0, 0]",8,56.54416019699784
singular1,250,250,39,0.904916354012694,"c=1,d=2",watanabe,1,2000,4000,0.0,0,0,"[0, 0]",10,62.48719366300065
singular2,250,250,39,0.8928375645377951,"c=1,d=2",watanabe,1,2000,4000,0.0,0,0,"[0, 0]",9,65.48959172700052
regular,250,250,39,1.5307962300135942,"c=1,d=5",watanabe,1,2000,4000,0.0,0,0,"[0, 0]",5,52.57303972100272
e-singular,250,250,39,1.5659702073483792,"c=1,d=5",watanabe,1,2000,4000,0.0,0,0,"[0, 0]",8,57.9539604720012
singular1,250,250,39,0.9514909033497134,"c=1,d=5",watanabe,1,2000,4000,0.0,0,0,"[0, 0]",9,61.94523951799784
singular2,250,250,39,0.905305449374479,"c=1,d=5",watanabe,1,2000,4000,0.0,0,0,"[0, 0]",9,63.16923795199909
regular,5000,5000,39,1.5340266225422097,"c=1,d=2",watanabe,1,2000,4000,0.0,0,0,"[0, 0]",5,146.92502051399788
e-singular,5000,5000,39,1.5005192737802993,"c=1,d=2",watanabe,1,2000,4000,0.0,0,0,"[0, 0]",7,201.96954339799777
singular1,5000,5000,39,0.899530896817938,"c=1,d=2",watanabe,1,2000,4000,0.0,0,0,"[0, 0]",10,313.3365942880009
singular2,5000,5000,39,0.8092053064722683,"c=1,d=2",watanabe,1,2000,4000,0.0,0,0,"[0, 0]",10,369.5531247820036
regular,5000,5000,39,1.6018146421975252,"c=1,d=5",watanabe,1,2000,4000,0.0,0,0,"[0, 0]",5,151.36405657900104
e-singular,5000,5000,39,1.5061201594990334,"c=1,d=5",watanabe,1,2000,4000,0.0,0,0,"[0, 0]",6,181.4923329000012
singular1,5000,5000,39,0.8301627722171694,"c=1,d=5",watanabe,1,2000,4000,0.0,0,0,"[0, 0]",10,336.1777062410001
singular2,5000,5000,39,0.7980751387815915,"c=1,d=5",watanabe,1,2000,4000,0.0,0,0,"[0, 0]",10,393.6411233350009
regular,50,50,40,1.5063170205554768,"c=1,d=2",watanabe,1,2000,4000,0.0,0,0,"[0, 0]",5,44.087321530001645
e-singular,50,50,40,0.9526781120811164,"c=1,d=2",watanabe,1,2000,4000,0.0,0,0,"[0, 0]",9,57.649917590999394
singular1,50,50,40,1.0734157947498282,"c=1,d=2",watanabe,1,2000,4000,0.0,0,0,"[0, 0]",9,47.560971707000135
singular2,50,50,40,1.026262601387668,"c=1,d=2",watanabe,1,2000,4000,0.0,0,0,"[0, 0]",8,56.56297527800052
regular,50,50,40,1.5365781868277546,"c=1,d=5",watanabe,1,2000,4000,0.0,0,0,"[0, 0]",5,44.0214380130019
e-singular,50,50,40,1.0729447968676311,"c=1,d=5",watanabe,1,2000,4000,0.0,0,0,"[0, 0]",10,55.537676755000575
singular1,50,50,40,1.090866839822263,"c=1,d=5",watanabe,1,2000,4000,0.0,0,0,"[0, 0]",10,56.85302882099859
singular2,50,50,40,0.9844143894053754,"c=1,d=5",watanabe,1,2000,4000,0.0,0,0,"[0, 0]",9,56.53710634000163
regular,250,250,40,1.458502062695692,"c=1,d=2",watanabe,1,2000,4000,0.0,0,0,"[0, 0]",5,53.04929054799868
e-singular,250,250,40,1.6307272718120889,"c=1,d=2",watanabe,1,2000,4000,0.0,0,0,"[0, 0]",8,58.33679574100097
singular1,250,250,40,1.0054968556928208,"c=1,d=2",watanabe,1,2000,4000,0.0,0,0,"[0, 0]",9,60.13316353099799
singular2,250,250,40,1.0252629063796128,"c=1,d=2",watanabe,1,2000,4000,0.0,0,0,"[0, 0]",8,53.14538719900156
regular,250,250,40,1.604875680333336,"c=1,d=5",watanabe,1,2000,4000,0.0,0,0,"[0, 0]",5,45.48713614900044
e-singular,250,250,40,1.7067113847756814,"c=1,d=5",watanabe,1,2000,4000,0.0,0,0,"[0, 0]",9,56.191743680999934
singular1,250,250,40,0.9142775784756874,"c=1,d=5",watanabe,1,2000,4000,0.0,0,0,"[0, 0]",10,58.69323147400064
singular2,250,250,40,1.00913021140382,"c=1,d=5",watanabe,1,2000,4000,0.0,0,0,"[0, 0]",10,57.24701103299958
regular,5000,5000,40,1.4717130641875869,"c=1,d=2",watanabe,1,2000,4000,0.0,0,0,"[0, 0]",5,156.4576051490003
e-singular,5000,5000,40,1.5058571668181635,"c=1,d=2",watanabe,1,2000,4000,0.0,0,0,"[0, 0]",7,211.0105963290007
singular1,5000,5000,40,0.85575781473946,"c=1,d=2",watanabe,1,2000,4000,0.0,0,0,"[0, 0]",10,316.5589879969993
singular2,5000,5000,40,0.701679889077728,"c=1,d=2",watanabe,1,2000,4000,0.0,0,0,"[0, 0]",10,393.4688353589991
regular,5000,5000,40,1.4818957134822952,"c=1,d=5",watanabe,1,2000,4000,0.0,0,0,"[0, 0]",5,150.1300552770008
e-singular,5000,5000,40,1.5043180935979523,"c=1,d=5",watanabe,1,2000,4000,0.0,0,0,"[0, 0]",7,204.28204727400225
singular1,5000,5000,40,0.7483392148677463,"c=1,d=5",watanabe,1,2000,4000,0.0,0,0,"[0, 0]",10,379.8758327310025
singular2,5000,5000,40,0.6692880646294863,"c=1,d=5",watanabe,1,2000,4000,0.0,0,0,"[0, 0]",10,424.09786830099983
regular,50,50,41,1.516457587504871,"c=1,d=2",watanabe,1,2000,4000,0.0,0,0,"[0, 0]",5,44.442896876000304
e-singular,50,50,41,1.0286756255370235,"c=1,d=2",watanabe,1,2000,4000,0.0,0,0,"[0, 0]",8,47.017446886999096
singular1,50,50,41,1.2337609704137102,"c=1,d=2",watanabe,1,2000,4000,0.0,0,0,"[0, 0]",8,47.18753997200111
singular2,50,50,41,1.1472653685995418,"c=1,d=2",watanabe,1,2000,4000,0.0,0,0,"[0, 0]",8,46.30007931500222
regular,50,50,41,1.4884646130307886,"c=1,d=5",watanabe,1,2000,4000,0.0,0,0,"[0, 0]",5,44.38040885200098
e-singular,50,50,41,1.018165128453827,"c=1,d=5",watanabe,1,2000,4000,0.0,0,0,"[0, 0]",9,48.71733288399992
singular1,50,50,41,1.254128369285957,"c=1,d=5",watanabe,1,2000,4000,0.0,0,0,"[0, 0]",9,48.41605873500157
singular2,50,50,41,1.0486222324270795,"c=1,d=5",watanabe,1,2000,4000,0.0,0,0,"[0, 0]",8,46.478135547997226
regular,250,250,41,1.4306564428291664,"c=1,d=2",watanabe,1,2000,4000,0.0,0,0,"[0, 0]",5,50.92727846499838
e-singular,250,250,41,1.5367853362789492,"c=1,d=2",watanabe,1,2000,4000,0.0,0,0,"[0, 0]",8,56.7561300999987
singular1,250,250,41,0.8272441358109349,"c=1,d=2",watanabe,1,2000,4000,0.0,0,0,"[0, 0]",10,64.59154180699989
singular2,250,250,41,0.925064527946507,"c=1,d=2",watanabe,1,2000,4000,0.0,0,0,"[0, 0]",9,60.97565947300245
regular,250,250,41,1.5405033520399078,"c=1,d=5",watanabe,1,2000,4000,0.0,0,0,"[0, 0]",6,54.903436758999305
e-singular,250,250,41,1.5909101078808332,"c=1,d=5",watanabe,1,2000,4000,0.0,0,0,"[0, 0]",9,64.82465383499948
singular1,250,250,41,0.9596554380401756,"c=1,d=5",watanabe,1,2000,4000,0.0,0,0,"[0, 0]",9,67.28919943499932
singular2,250,250,41,0.9265452412281276,"c=1,d=5",watanabe,1,2000,4000,0.0,0,0,"[0, 0]",9,64.37954315800016
regular,5000,5000,41,1.4832127309476446,"c=1,d=2",watanabe,1,2000,4000,0.0,0,0,"[0, 0]",5,145.2947090130001
e-singular,5000,5000,41,1.4691264593651865,"c=1,d=2",watanabe,1,2000,4000,0.0,0,0,"[0, 0]",7,188.16539927199847
singular1,5000,5000,41,0.8477923961751417,"c=1,d=2",watanabe,1,2000,4000,0.0,0,0,"[0, 0]",10,458.26207594699736
singular2,5000,5000,41,0.7757701514245553,"c=1,d=2",watanabe,1,2000,4000,0.0,0,0,"[0, 0]",10,328.89119171199854
regular,5000,5000,41,1.4504233702848666,"c=1,d=5",watanabe,1,2000,4000,0.0,0,0,"[0, 0]",5,152.85975308800334
e-singular,5000,5000,41,1.5215613976035325,"c=1,d=5",watanabe,1,2000,4000,0.0,0,0,"[0, 0]",6,190.25751293199937
singular1,5000,5000,41,0.819664689412898,"c=1,d=5",watanabe,1,2000,4000,0.0,0,0,"[0, 0]",10,450.5082696440004
singular2,5000,5000,41,0.7625352903250419,"c=1,d=5",watanabe,1,2000,4000,0.0,0,0,"[0, 0]",10,396.2719025849983
regular,50,50,42,1.5236278385220057,"c=1,d=2",watanabe,1,2000,4000,0.0,0,0,"[0, 0]",5,44.44401771599951
e-singular,50,50,42,1.6325399610513271,"c=1,d=2",watanabe,1,2000,4000,0.0,0,0,"[0, 0]",8,44.8746872720003
singular1,50,50,42,1.2687337308930824,"c=1,d=2",watanabe,1,2000,4000,0.0,0,0,"[0, 0]",9,48.579606052997406
singular2,50,50,42,0.9455742866750856,"c=1,d=2",watanabe,1,2000,4000,0.0,0,0,"[0, 0]",8,47.55405045999942
regular,50,50,42,1.555636747768445,"c=1,d=5",watanabe,1,2000,4000,0.0,0,0,"[0, 0]",5,44.41130357899965
e-singular,50,50,42,1.5029425764406037,"c=1,d=5",watanabe,1,2000,4000,0.0,0,0,"[0, 0]",7,44.98556560699944
singular1,50,50,42,1.0399236718693765,"c=1,d=5",watanabe,1,2000,4000,0.0,0,0,"[0, 0]",8,47.41192300199691
singular2,50,50,42,0.9988624349225724,"c=1,d=5",watanabe,1,2000,4000,0.0,0,0,"[0, 0]",8,47.66863945000296
regular,250,250,42,1.334158549516881,"c=1,d=2",watanabe,1,2000,4000,0.0,0,0,"[0, 0]",5,53.43482535099975
e-singular,250,250,42,1.3913538792699465,"c=1,d=2",watanabe,1,2000,4000,0.0,0,0,"[0, 0]",8,57.23847809600193
singular1,250,250,42,1.0159252773660583,"c=1,d=2",watanabe,1,2000,4000,0.0,0,0,"[0, 0]",10,68.11261146700053
singular2,250,250,42,0.8707818433329673,"c=1,d=2",watanabe,1,2000,4000,0.0,0,0,"[0, 0]",9,65.13068112600013
regular,250,250,42,1.4703445761577618,"c=1,d=5",watanabe,1,2000,4000,0.0,0,0,"[0, 0]",5,53.34107232899987
e-singular,250,250,42,1.5523003080913913,"c=1,d=5",watanabe,1,2000,4000,0.0,0,0,"[0, 0]",8,62.801375675997406
singular1,250,250,42,1.0289136816646385,"c=1,d=5",watanabe,1,2000,4000,0.0,0,0,"[0, 0]",10,65.08998105199862
singular2,250,250,42,0.9018741668951906,"c=1,d=5",watanabe,1,2000,4000,0.0,0,0,"[0, 0]",9,66.24375984800281
regular,5000,5000,42,1.485164157656669,"c=1,d=2",watanabe,1,2000,4000,0.0,0,0,"[0, 0]",5,145.84175579300063
e-singular,5000,5000,42,1.55472847111895,"c=1,d=2",watanabe,1,2000,4000,0.0,0,0,"[0, 0]",7,207.4536765209996
singular1,5000,5000,42,0.8482012372012159,"c=1,d=2",watanabe,1,2000,4000,0.0,0,0,"[0, 0]",10,323.4569198200006
singular2,5000,5000,42,0.7953545456636426,"c=1,d=2",watanabe,1,2000,4000,0.0,0,0,"[0, 0]",10,385.336261815999
regular,5000,5000,42,1.4698774419096876,"c=1,d=5",watanabe,1,2000,4000,0.0,0,0,"[0, 0]",5,157.61690135800018
e-singular,5000,5000,42,1.443296533294152,"c=1,d=5",watanabe,1,2000,4000,0.0,0,0,"[0, 0]",6,208.7892889969989
singular1,5000,5000,42,0.7574310149346998,"c=1,d=5",watanabe,1,2000,4000,0.0,0,0,"[0, 0]",10,340.2270272860005
singular2,5000,5000,42,0.7491883634433123,"c=1,d=5",watanabe,1,2000,4000,0.0,0,0,"[0, 0]",10,362.0623645579981
regular,50,50,43,1.3011305231755494,"c=1,d=2",watanabe,1,2000,4000,0.0,0,0,"[0, 0]",5,44.55526767500123
e-singular,50,50,43,0.95115743669997,"c=1,d=2",watanabe,1,2000,4000,0.0,0,0,"[0, 0]",9,47.62966054700155
singular1,50,50,43,1.1122917642905348,"c=1,d=2",watanabe,1,2000,4000,0.0,0,0,"[0, 0]",9,50.475833370001055
singular2,50,50,43,1.0628116176142155,"c=1,d=2",watanabe,1,2000,4000,0.0,0,0,"[0, 0]",8,49.61755114799962
regular,50,50,43,1.2890627598911166,"c=1,d=5",watanabe,1,2000,4000,0.0,0,0,"[0, 0]",5,43.94517197900132
e-singular,50,50,43,1.1203999155701403,"c=1,d=5",watanabe,1,2000,4000,0.0,0,0,"[0, 0]",8,47.83031022700016
singular1,50,50,43,1.07334792510247,"c=1,d=5",watanabe,1,2000,4000,0.0,0,0,"[0, 0]",9,51.41714490999948
singular2,50,50,43,1.0252441601053728,"c=1,d=5",watanabe,1,2000,4000,0.0,0,0,"[0, 0]",9,49.39289467400158
regular,250,250,43,1.5294755343117783,"c=1,d=2",watanabe,1,2000,4000,0.0,0,0,"[0, 0]",5,50.92658310399929
e-singular,250,250,43,1.460695502637539,"c=1,d=2",watanabe,1,2000,4000,0.0,0,0,"[0, 0]",8,68.82092146300056
singular1,250,250,43,1.0255000031549872,"c=1,d=2",watanabe,1,2000,4000,0.0,0,0,"[0, 0]",9,68.88591863399779
singular2,250,250,43,0.8945956015105685,"c=1,d=2",watanabe,1,2000,4000,0.0,0,0,"[0, 0]",9,70.06972053500067
regular,250,250,43,1.525014606784474,"c=1,d=5",watanabe,1,2000,4000,0.0,0,0,"[0, 0]",5,60.08678135900118
e-singular,250,250,43,1.4404614636215978,"c=1,d=5",watanabe,1,2000,4000,0.0,0,0,"[0, 0]",8,63.99967625000136
singular1,250,250,43,1.0767675756028758,"c=1,d=5",watanabe,1,2000,4000,0.0,0,0,"[0, 0]",9,73.11889177299963
singular2,250,250,43,0.9180864107808848,"c=1,d=5",watanabe,1,2000,4000,0.0,0,0,"[0, 0]",9,68.27549677500065
regular,5000,5000,43,1.5212147346993703,"c=1,d=2",watanabe,1,2000,4000,0.0,0,0,"[0, 0]",5,158.52280560299914
e-singular,5000,5000,43,1.5051580026558011,"c=1,d=2",watanabe,1,2000,4000,0.0,0,0,"[0, 0]",6,192.84454262500003
singular1,5000,5000,43,0.8209768551954275,"c=1,d=2",watanabe,1,2000,4000,0.0,0,0,"[0, 0]",10,335.99330787599683
singular2,5000,5000,43,0.78855491996437,"c=1,d=2",watanabe,1,2000,4000,0.0,0,0,"[0, 0]",10,310.66525491799985
regular,5000,5000,43,1.5481549129202838,"c=1,d=5",watanabe,1,2000,4000,0.0,0,0,"[0, 0]",5,153.1161959389974
e-singular,5000,5000,43,1.5874825568441864,"c=1,d=5",watanabe,1,2000,4000,0.0,0,0,"[0, 0]",6,186.1242241420005
singular1,5000,5000,43,0.7697037788281974,"c=1,d=5",watanabe,1,2000,4000,0.0,0,0,"[0, 0]",10,362.20384700499926
singular2,5000,5000,43,0.8080596776059534,"c=1,d=5",watanabe,1,2000,4000,0.0,0,0,"[0, 0]",10,354.99697124100203
regular,50,50,44,1.3547792777395349,"c=1,d=2",watanabe,1,2000,4000,0.0,0,0,"[0, 0]",5,44.57039738000094
e-singular,50,50,44,1.2207479465616011,"c=1,d=2",watanabe,1,2000,4000,0.0,0,0,"[0, 0]",9,47.56703637899773
singular1,50,50,44,1.016130241124549,"c=1,d=2",watanabe,1,2000,4000,0.0,0,0,"[0, 0]",9,49.73299855699952
singular2,50,50,44,0.9012876445345244,"c=1,d=2",watanabe,1,2000,4000,0.0,0,0,"[0, 0]",8,48.98788647099718
regular,50,50,44,1.3913727574339545,"c=1,d=5",watanabe,1,2000,4000,0.0,0,0,"[0, 0]",5,44.4284417179988
e-singular,50,50,44,1.4495302606796954,"c=1,d=5",watanabe,1,2000,4000,0.0,0,0,"[0, 0]",8,46.3402657000006
singular1,50,50,44,1.067528194744218,"c=1,d=5",watanabe,1,2000,4000,0.0,0,0,"[0, 0]",9,49.1163563279988
singular2,50,50,44,0.83136366575459,"c=1,d=5",watanabe,1,2000,4000,0.0,0,0,"[0, 0]",9,51.20297912000024
regular,250,250,44,1.5603927569748717,"c=1,d=2",watanabe,1,2000,4000,0.0,0,0,"[0, 0]",5,53.98647915900074
e-singular,250,250,44,1.4184888223533378,"c=1,d=2",watanabe,1,2000,4000,0.0,0,0,"[0, 0]",8,58.144330015999
singular1,250,250,44,0.9333283649004436,"c=1,d=2",watanabe,1,2000,4000,0.0,0,0,"[0, 0]",9,63.77531572299995
singular2,250,250,44,1.0063684601671927,"c=1,d=2",watanabe,1,2000,4000,0.0,0,0,"[0, 0]",9,61.07636225300303
regular,250,250,44,1.4375937553851723,"c=1,d=5",watanabe,1,2000,4000,0.0,0,0,"[0, 0]",5,57.189663481000025
e-singular,250,250,44,1.3490998190272714,"c=1,d=5",watanabe,1,2000,4000,0.0,0,0,"[0, 0]",8,60.80646114800038
singular1,250,250,44,0.9399020188307536,"c=1,d=5",watanabe,1,2000,4000,0.0,0,0,"[0, 0]",9,67.79145623099976
singular2,250,250,44,0.8958631346443688,"c=1,d=5",watanabe,1,2000,4000,0.0,0,0,"[0, 0]",9,64.92531130600037
regular,5000,5000,44,1.508278963058507,"c=1,d=2",watanabe,1,2000,4000,0.0,0,0,"[0, 0]",6,154.86249430599855
e-singular,5000,5000,44,1.683229947671835,"c=1,d=2",watanabe,1,2000,4000,0.0,0,0,"[0, 0]",7,201.69399986200008
singular1,5000,5000,44,0.8596677852454189,"c=1,d=2",watanabe,1,2000,4000,0.0,0,0,"[0, 0]",10,348.4876006179984
singular2,5000,5000,44,0.8310443904265875,"c=1,d=2",watanabe,1,2000,4000,0.0,0,0,"[0, 0]",10,360.14148615500017
regular,5000,5000,44,1.4884769818147774,"c=1,d=5",watanabe,1,2000,4000,0.0,0,0,"[0, 0]",5,156.92190845000005
e-singular,5000,5000,44,1.44212115786456,"c=1,d=5",watanabe,1,2000,4000,0.0,0,0,"[0, 0]",7,271.6793677620008
singular1,5000,5000,44,0.8180331634549989,"c=1,d=5",watanabe,1,2000,4000,0.0,0,0,"[0, 0]",10,402.5812059889977
singular2,5000,5000,44,0.863379242850575,"c=1,d=5",watanabe,1,2000,4000,0.0,0,0,"[0, 0]",10,431.5210138470029
regular,50,50,45,1.3964035197423772,"c=1,d=2",watanabe,1,2000,4000,0.0,0,0,"[0, 0]",5,51.0980322989999
e-singular,50,50,45,1.2114302652283302,"c=1,d=2",watanabe,1,2000,4000,0.0,0,0,"[0, 0]",9,58.23582542200165
singular1,50,50,45,1.1677994265649023,"c=1,d=2",watanabe,1,2000,4000,0.0,0,0,"[0, 0]",9,58.60966923399974
singular2,50,50,45,0.9963539554218734,"c=1,d=2",watanabe,1,2000,4000,0.0,0,0,"[0, 0]",9,56.49797851100084
regular,50,50,45,1.427800880373175,"c=1,d=5",watanabe,1,2000,4000,0.0,0,0,"[0, 0]",5,50.939385336998384
e-singular,50,50,45,1.364492858344025,"c=1,d=5",watanabe,1,2000,4000,0.0,0,0,"[0, 0]",8,52.1686959869985
singular1,50,50,45,1.0236492711578389,"c=1,d=5",watanabe,1,2000,4000,0.0,0,0,"[0, 0]",8,58.46614161099933
singular2,50,50,45,0.95864166857619,"c=1,d=5",watanabe,1,2000,4000,0.0,0,0,"[0, 0]",8,56.5738155279978
regular,250,250,45,1.511639700399681,"c=1,d=2",watanabe,1,2000,4000,0.0,0,0,"[0, 0]",5,46.45900972000163
e-singular,250,250,45,1.4936414061684822,"c=1,d=2",watanabe,1,2000,4000,0.0,0,0,"[0, 0]",7,52.20888002900029
singular1,250,250,45,1.2342929481719531,"c=1,d=2",watanabe,1,2000,4000,0.0,0,0,"[0, 0]",10,62.84546862099887
singular2,250,250,45,0.9047933073174288,"c=1,d=2",watanabe,1,2000,4000,0.0,0,0,"[0, 0]",9,60.388874281001335
regular,250,250,45,1.5298115337007236,"c=1,d=5",watanabe,1,2000,4000,0.0,0,0,"[0, 0]",5,47.331052101999376
e-singular,250,250,45,1.829137566649068,"c=1,d=5",watanabe,1,2000,4000,0.0,0,0,"[0, 0]",8,50.85048998099956
singular1,250,250,45,1.0018422321167222,"c=1,d=5",watanabe,1,2000,4000,0.0,0,0,"[0, 0]",10,57.84546389400202
singular2,250,250,45,0.993431885804964,"c=1,d=5",watanabe,1,2000,4000,0.0,0,0,"[0, 0]",10,60.99815554700035
regular,5000,5000,45,1.528550614743293,"c=1,d=2",watanabe,1,2000,4000,0.0,0,0,"[0, 0]",5,148.19807098399906
e-singular,5000,5000,45,1.5033227597458385,"c=1,d=2",watanabe,1,2000,4000,0.0,0,0,"[0, 0]",7,190.0675709959978
singular1,5000,5000,45,0.9431363648434468,"c=1,d=2",watanabe,1,2000,4000,0.0,0,0,"[0, 0]",10,307.7985042649998
singular2,5000,5000,45,0.8560471358320155,"c=1,d=2",watanabe,1,2000,4000,0.0,0,0,"[0, 0]",10,325.6011789059994
regular,5000,5000,45,1.435486006629123,"c=1,d=5",watanabe,1,2000,4000,0.0,0,0,"[0, 0]",5,151.10108823199698
e-singular,5000,5000,45,1.4530889908449116,"c=1,d=5",watanabe,1,2000,4000,0.0,0,0,"[0, 0]",7,194.788049943003
singular1,5000,5000,45,0.9081141469569176,"c=1,d=5",watanabe,1,2000,4000,0.0,0,0,"[0, 0]",10,351.03149024600134
singular2,5000,5000,45,0.8619102150571152,"c=1,d=5",watanabe,1,2000,4000,0.0,0,0,"[0, 0]",10,340.17702886500047
regular,50,50,46,1.4239299442940356,"c=1,d=2",watanabe,1,2000,4000,0.0,0,0,"[0, 0]",5,44.719293905000086
e-singular,50,50,46,0.9860294123108656,"c=1,d=2",watanabe,1,2000,4000,0.0,0,0,"[0, 0]",8,46.45705774799717
singular1,50,50,46,0.9728343780291429,"c=1,d=2",watanabe,1,2000,4000,0.0,0,0,"[0, 0]",9,48.3558260159989
singular2,50,50,46,0.9664387728599289,"c=1,d=2",watanabe,1,2000,4000,0.0,0,0,"[0, 0]",8,46.72460913100076
regular,50,50,46,1.453635289860278,"c=1,d=5",watanabe,1,2000,4000,0.0,0,0,"[0, 0]",5,44.76254317400162
e-singular,50,50,46,1.1103629038530336,"c=1,d=5",watanabe,1,2000,4000,0.0,0,0,"[0, 0]",8,46.01431454799968
singular1,50,50,46,1.1398926928958664,"c=1,d=5",watanabe,1,2000,4000,0.0,0,0,"[0, 0]",9,48.00112784299927
singular2,50,50,46,1.0016874875701591,"c=1,d=5",watanabe,1,2000,4000,0.0,0,0,"[0, 0]",8,46.44227679500182
regular,250,250,46,1.4196143089674251,"c=1,d=2",watanabe,1,2000,4000,0.0,0,0,"[0, 0]",5,65.1951921439977
e-singular,250,250,46,1.4007506797552012,"c=1,d=2",watanabe,1,2000,4000,0.0,0,0,"[0, 0]",8,70.4784051830029
singular1,250,250,46,0.954285494680433,"c=1,d=2",watanabe,1,2000,4000,0.0,0,0,"[0, 0]",10,80.8529426899986
singular2,250,250,46,1.0274046314173662,"c=1,d=2",watanabe,1,2000,4000,0.0,0,0,"[0, 0]",10,81.0059248510006
regular,250,250,46,1.5533098027395542,"c=1,d=5",watanabe,1,2000,4000,0.0,0,0,"[0, 0]",5,66.7459113090008
e-singular,250,250,46,1.4832996018722595,"c=1,d=5",watanabe,1,2000,4000,0.0,0,0,"[0, 0]",8,73.87014207399989
singular1,250,250,46,0.9983690501335744,"c=1,d=5",watanabe,1,2000,4000,0.0,0,0,"[0, 0]",10,77.80663094900228
singular2,250,250,46,1.0019151512154798,"c=1,d=5",watanabe,1,2000,4000,0.0,0,0,"[0, 0]",10,77.39102604900108
regular,5000,5000,46,1.6986951331176894,"c=1,d=2",watanabe,1,2000,4000,0.0,0,0,"[0, 0]",5,148.75478828699852
e-singular,5000,5000,46,1.5028547884226853,"c=1,d=2",watanabe,1,2000,4000,0.0,0,0,"[0, 0]",7,207.60819897699912
singular1,5000,5000,46,0.7941208313047359,"c=1,d=2",watanabe,1,2000,4000,0.0,0,0,"[0, 0]",10,358.96155143899887
singular2,5000,5000,46,0.891341879519709,"c=1,d=2",watanabe,1,2000,4000,0.0,0,0,"[0, 0]",10,354.38597758299875
regular,5000,5000,46,1.4262012204165175,"c=1,d=5",watanabe,1,2000,4000,0.0,0,0,"[0, 0]",5,157.6920782519992
e-singular,5000,5000,46,1.527329440605514,"c=1,d=5",watanabe,1,2000,4000,0.0,0,0,"[0, 0]",7,185.0423945229996
singular1,5000,5000,46,0.7960047630927115,"c=1,d=5",watanabe,1,2000,4000,0.0,0,0,"[0, 0]",10,397.6447698269985
singular2,5000,5000,46,0.7637693344069019,"c=1,d=5",watanabe,1,2000,4000,0.0,0,0,"[0, 0]",10,359.03061463999984
regular,50,50,47,1.3884182809988956,"c=1,d=2",watanabe,1,2000,4000,0.0,0,0,"[0, 0]",5,43.75647121599832
e-singular,50,50,47,0.9700089165563752,"c=1,d=2",watanabe,1,2000,4000,0.0,0,0,"[0, 0]",9,50.22564861999854
singular1,50,50,47,1.156145509529117,"c=1,d=2",watanabe,1,2000,4000,0.0,0,0,"[0, 0]",10,50.4749243030019
singular2,50,50,47,0.9238314958821634,"c=1,d=2",watanabe,1,2000,4000,0.0,0,0,"[0, 0]",8,46.35481975999937
regular,50,50,47,1.4741430091691192,"c=1,d=5",watanabe,1,2000,4000,0.0,0,0,"[0, 0]",5,44.29022448500109
e-singular,50,50,47,0.990111533645026,"c=1,d=5",watanabe,1,2000,4000,0.0,0,0,"[0, 0]",8,48.90709868200065
singular1,50,50,47,1.1474501286711154,"c=1,d=5",watanabe,1,2000,4000,0.0,0,0,"[0, 0]",10,50.137863600000856
singular2,50,50,47,0.9116131349517756,"c=1,d=5",watanabe,1,2000,4000,0.0,0,0,"[0, 0]",8,48.30287310499989
regular,250,250,47,1.4650990724469135,"c=1,d=2",watanabe,1,2000,4000,0.0,0,0,"[0, 0]",5,56.20882234500096
e-singular,250,250,47,0.9993206631999162,"c=1,d=2",watanabe,1,2000,4000,0.0,0,0,"[0, 0]",9,77.13415479700052
singular1,250,250,47,0.9735367579792956,"c=1,d=2",watanabe,1,2000,4000,0.0,0,0,"[0, 0]",10,76.35016892699787
singular2,250,250,47,0.9385483608310384,"c=1,d=2",watanabe,1,2000,4000,0.0,0,0,"[0, 0]",9,74.49392066300061
regular,250,250,47,1.5307407519478944,"c=1,d=5",watanabe,1,2000,4000,0.0,0,0,"[0, 0]",5,60.68543662700176
e-singular,250,250,47,1.1168622548834946,"c=1,d=5",watanabe,1,2000,4000,0.0,0,0,"[0, 0]",10,75.42973229799827
singular1,250,250,47,1.0075668376655198,"c=1,d=5",watanabe,1,2000,4000,0.0,0,0,"[0, 0]",10,70.77515453899832
singular2,250,250,47,0.8086780706505908,"c=1,d=5",watanabe,1,2000,4000,0.0,0,0,"[0, 0]",9,72.10621628399895
regular,5000,5000,47,1.5659866939314653,"c=1,d=2",watanabe,1,2000,4000,0.0,0,0,"[0, 0]",5,148.56306674499865
e-singular,5000,5000,47,1.6572809163505549,"c=1,d=2",watanabe,1,2000,4000,0.0,0,0,"[0, 0]",6,172.15049969200118
singular1,5000,5000,47,0.8086874228276163,"c=1,d=2",watanabe,1,2000,4000,0.0,0,0,"[0, 0]",10,326.9246221600006
singular2,5000,5000,47,0.8642070478324907,"c=1,d=2",watanabe,1,2000,4000,0.0,0,0,"[0, 0]",10,350.519708955002
regular,5000,5000,47,1.4189301911836782,"c=1,d=5",watanabe,1,2000,4000,0.0,0,0,"[0, 0]",6,171.1679121019988
e-singular,5000,5000,47,1.5452906086042082,"c=1,d=5",watanabe,1,2000,4000,0.0,0,0,"[0, 0]",7,179.37071278999792
singular1,5000,5000,47,0.8038621266445158,"c=1,d=5",watanabe,1,2000,4000,0.0,0,0,"[0, 0]",10,365.9688655530008
singular2,5000,5000,47,0.7716420512944289,"c=1,d=5",watanabe,1,2000,4000,0.0,0,0,"[0, 0]",10,343.16250903699984
regular,50,50,48,1.4060520198601834,"c=1,d=2",watanabe,1,2000,4000,0.0,0,0,"[0, 0]",5,44.564757255000586
e-singular,50,50,48,1.442441784175432,"c=1,d=2",watanabe,1,2000,4000,0.0,0,0,"[0, 0]",8,45.111474689001625
singular1,50,50,48,1.1357828642382146,"c=1,d=2",watanabe,1,2000,4000,0.0,0,0,"[0, 0]",8,48.37188198900185
singular2,50,50,48,0.9852267780608664,"c=1,d=2",watanabe,1,2000,4000,0.0,0,0,"[0, 0]",8,46.79701815799854
regular,50,50,48,1.360534094879726,"c=1,d=5",watanabe,1,2000,4000,0.0,0,0,"[0, 0]",5,44.22241746099826
e-singular,50,50,48,1.562232123844785,"c=1,d=5",watanabe,1,2000,4000,0.0,0,0,"[0, 0]",7,44.44288908300223
singular1,50,50,48,1.0794060044726923,"c=1,d=5",watanabe,1,2000,4000,0.0,0,0,"[0, 0]",9,48.56185959600043
singular2,50,50,48,1.0602865168674904,"c=1,d=5",watanabe,1,2000,4000,0.0,0,0,"[0, 0]",8,46.896803869
regular,250,250,48,1.4571072127842697,"c=1,d=2",watanabe,1,2000,4000,0.0,0,0,"[0, 0]",5,55.53947580100066
e-singular,250,250,48,1.577244194828777,"c=1,d=2",watanabe,1,2000,4000,0.0,0,0,"[0, 0]",8,58.89234572200076
singular1,250,250,48,1.036598907668746,"c=1,d=2",watanabe,1,2000,4000,0.0,0,0,"[0, 0]",9,66.23223775500082
singular2,250,250,48,0.911446061670608,"c=1,d=2",watanabe,1,2000,4000,0.0,0,0,"[0, 0]",8,64.04847448299915
regular,250,250,48,1.4609918780058169,"c=1,d=5",watanabe,1,2000,4000,0.0,0,0,"[0, 0]",5,55.53498649099856
e-singular,250,250,48,1.4384714868129933,"c=1,d=5",watanabe,1,2000,4000,0.0,0,0,"[0, 0]",7,61.22097945199857
singular1,250,250,48,1.0848363886583838,"c=1,d=5",watanabe,1,2000,4000,0.0,0,0,"[0, 0]",10,73.40622512100163
singular2,250,250,48,0.9104749039666828,"c=1,d=5",watanabe,1,2000,4000,0.0,0,0,"[0, 0]",9,71.2427944709998
regular,5000,5000,48,1.5124125659649346,"c=1,d=2",watanabe,1,2000,4000,0.0,0,0,"[0, 0]",5,141.15245836199756
e-singular,5000,5000,48,1.4479762426641156,"c=1,d=2",watanabe,1,2000,4000,0.0,0,0,"[0, 0]",7,200.240906346
singular1,5000,5000,48,0.7278093974128741,"c=1,d=2",watanabe,1,2000,4000,0.0,0,0,"[0, 0]",10,337.445827648
singular2,5000,5000,48,0.808336838532917,"c=1,d=2",watanabe,1,2000,4000,0.0,0,0,"[0, 0]",10,428.2957196959978
regular,5000,5000,48,1.551560409152203,"c=1,d=5",watanabe,1,2000,4000,0.0,0,0,"[0, 0]",5,165.67187571199975
e-singular,5000,5000,48,1.527064889610818,"c=1,d=5",watanabe,1,2000,4000,0.0,0,0,"[0, 0]",7,206.405435167002
singular1,5000,5000,48,0.8144215022818461,"c=1,d=5",watanabe,1,2000,4000,0.0,0,0,"[0, 0]",10,369.3622244830003
singular2,5000,5000,48,0.8827067561214562,"c=1,d=5",watanabe,1,2000,4000,0.0,0,0,"[0, 0]",10,496.459156588
regular,50,50,49,1.4512285120728474,"c=1,d=2",watanabe,1,2000,4000,0.0,0,0,"[0, 0]",5,60.642337119999866
e-singular,50,50,49,1.0706187261163185,"c=1,d=2",watanabe,1,2000,4000,0.0,0,0,"[0, 0]",9,68.38576181900135
singular1,50,50,49,1.036436260101537,"c=1,d=2",watanabe,1,2000,4000,0.0,0,0,"[0, 0]",9,68.08064847400237
singular2,50,50,49,0.904488383637033,"c=1,d=2",watanabe,1,2000,4000,0.0,0,0,"[0, 0]",8,61.37301747200036
regular,50,50,49,1.4251997280135502,"c=1,d=5",watanabe,1,2000,4000,0.0,0,0,"[0, 0]",5,60.780524198999046
e-singular,50,50,49,1.054871744058827,"c=1,d=5",watanabe,1,2000,4000,0.0,0,0,"[0, 0]",8,66.2386553840006
singular1,50,50,49,1.0337370682711915,"c=1,d=5",watanabe,1,2000,4000,0.0,0,0,"[0, 0]",10,67.78194733900091
singular2,50,50,49,0.9746696150499424,"c=1,d=5",watanabe,1,2000,4000,0.0,0,0,"[0, 0]",8,62.3435381729978
regular,250,250,49,1.569659834462538,"c=1,d=2",watanabe,1,2000,4000,0.0,0,0,"[0, 0]",5,46.069314232998295
e-singular,250,250,49,1.6303991899239694,"c=1,d=2",watanabe,1,2000,4000,0.0,0,0,"[0, 0]",8,50.24465632799911
singular1,250,250,49,0.9647462154337834,"c=1,d=2",watanabe,1,2000,4000,0.0,0,0,"[0, 0]",9,66.6476986259986
singular2,250,250,49,0.9017109320539246,"c=1,d=2",watanabe,1,2000,4000,0.0,0,0,"[0, 0]",9,60.37705058999927
regular,250,250,49,1.419354990122769,"c=1,d=5",watanabe,1,2000,4000,0.0,0,0,"[0, 0]",5,44.85068758000125
e-singular,250,250,49,1.6467779437913346,"c=1,d=5",watanabe,1,2000,4000,0.0,0,0,"[0, 0]",7,46.00772729299933
singular1,250,250,49,0.9446429228732452,"c=1,d=5",watanabe,1,2000,4000,0.0,0,0,"[0, 0]",9,62.08931703900089
singular2,250,250,49,0.9716453964782322,"c=1,d=5",watanabe,1,2000,4000,0.0,0,0,"[0, 0]",10,75.37497606000034
regular,5000,5000,49,1.5700404698152268,"c=1,d=2",watanabe,1,2000,4000,0.0,0,0,"[0, 0]",6,203.54065525499755
e-singular,5000,5000,49,1.4200706242353187,"c=1,d=2",watanabe,1,2000,4000,0.0,0,0,"[0, 0]",6,192.30602767500025
singular1,5000,5000,49,0.8702655176130674,"c=1,d=2",watanabe,1,2000,4000,0.0,0,0,"[0, 0]",10,360.16845084799934
singular2,5000,5000,49,0.7363987418290767,"c=1,d=2",watanabe,1,2000,4000,0.0,0,0,"[0, 0]",10,353.6221840940016
regular,5000,5000,49,1.4522836900457678,"c=1,d=5",watanabe,1,2000,4000,0.0,0,0,"[0, 0]",5,155.74815613900137
e-singular,5000,5000,49,1.569880318384835,"c=1,d=5",watanabe,1,2000,4000,0.0,0,0,"[0, 0]",7,197.5290116180004
singular1,5000,5000,49,0.8863108653463647,"c=1,d=5",watanabe,1,2000,4000,0.0,0,0,"[0, 0]",10,380.7140916839999
singular2,5000,5000,49,0.8223266264967228,"c=1,d=5",watanabe,1,2000,4000,0.0,0,0,"[0, 0]",10,367.2512486060005
regular,50,50,50,1.2042444078159196,"c=1,d=2",watanabe,1,2000,4000,0.0,0,0,"[0, 0]",5,46.13064494400169
e-singular,50,50,50,1.3437656872487458,"c=1,d=2",watanabe,1,2000,4000,0.0,0,0,"[0, 0]",8,46.452380360999086
singular1,50,50,50,1.2305372349809225,"c=1,d=2",watanabe,1,2000,4000,0.0,0,0,"[0, 0]",9,50.65283954999904
singular2,50,50,50,0.9046764731531934,"c=1,d=2",watanabe,1,2000,4000,0.0,0,0,"[0, 0]",8,48.05376357300338
regular,50,50,50,1.3620635526989653,"c=1,d=5",watanabe,1,2000,4000,0.0,0,0,"[0, 0]",5,46.01005898800213
e-singular,50,50,50,1.4993150393760126,"c=1,d=5",watanabe,1,2000,4000,0.0,0,0,"[0, 0]",8,47.05188778500087
singular1,50,50,50,1.102469370778174,"c=1,d=5",watanabe,1,2000,4000,0.0,0,0,"[0, 0]",10,49.899906180999096
singular2,50,50,50,1.0877234490504046,"c=1,d=5",watanabe,1,2000,4000,0.0,0,0,"[0, 0]",9,48.02286386299966
regular,250,250,50,1.5362613663317404,"c=1,d=2",watanabe,1,2000,4000,0.0,0,0,"[0, 0]",5,58.56482476000019
e-singular,250,250,50,1.1671386255790803,"c=1,d=2",watanabe,1,2000,4000,0.0,0,0,"[0, 0]",9,64.89412161099972
singular1,250,250,50,0.9652186663520276,"c=1,d=2",watanabe,1,2000,4000,0.0,0,0,"[0, 0]",9,67.88920366000093
singular2,250,250,50,0.985897160735528,"c=1,d=2",watanabe,1,2000,4000,0.0,0,0,"[0, 0]",9,66.99970678200043
regular,250,250,50,1.4195562110525242,"c=1,d=5",watanabe,1,2000,4000,0.0,0,0,"[0, 0]",5,58.948661389000335
e-singular,250,250,50,1.2391158555036828,"c=1,d=5",watanabe,1,2000,4000,0.0,0,0,"[0, 0]",8,61.64376412800266
singular1,250,250,50,0.9035913539818256,"c=1,d=5",watanabe,1,2000,4000,0.0,0,0,"[0, 0]",10,69.47302875400055
singular2,250,250,50,0.9813487524393864,"c=1,d=5",watanabe,1,2000,4000,0.0,0,0,"[0, 0]",9,67.15818256900093
regular,5000,5000,50,1.4067465973865048,"c=1,d=2",watanabe,1,2000,4000,0.0,0,0,"[0, 0]",5,150.98800159500024
e-singular,5000,5000,50,1.4748771496762567,"c=1,d=2",watanabe,1,2000,4000,0.0,0,0,"[0, 0]",7,205.02286460399773
singular1,5000,5000,50,0.940715968724502,"c=1,d=2",watanabe,1,2000,4000,0.0,0,0,"[0, 0]",10,328.3532877100006
singular2,5000,5000,50,0.7870861989464777,"c=1,d=2",watanabe,1,2000,4000,0.0,0,0,"[0, 0]",10,348.3839920719984
regular,5000,5000,50,1.4449696215521008,"c=1,d=5",watanabe,1,2000,4000,0.0,0,0,"[0, 0]",5,169.79179084799762
e-singular,5000,5000,50,1.483281935521696,"c=1,d=5",watanabe,1,2000,4000,0.0,0,0,"[0, 0]",6,190.2094138829998
singular1,5000,5000,50,0.8101470293616715,"c=1,d=5",watanabe,1,2000,4000,0.0,0,0,"[0, 0]",10,323.53378613999666
singular2,5000,5000,50,0.8443249459385306,"c=1,d=5",watanabe,1,2000,4000,0.0,0,0,"[0, 0]",10,390.2265952620001
regular,50,50,51,1.4398672477095786,"c=1,d=2",watanabe,1,2000,4000,0.0,0,0,"[0, 0]",6,45.9840653350002
e-singular,50,50,51,1.4331531666972277,"c=1,d=2",watanabe,1,2000,4000,0.0,0,0,"[0, 0]",7,45.97989516300004
singular1,50,50,51,1.153632804218392,"c=1,d=2",watanabe,1,2000,4000,0.0,0,0,"[0, 0]",9,49.79665706000014
singular2,50,50,51,1.0368036044462143,"c=1,d=2",watanabe,1,2000,4000,0.0,0,0,"[0, 0]",8,48.19664589400054
regular,50,50,51,1.3728438149713118,"c=1,d=5",watanabe,1,2000,4000,0.0,0,0,"[0, 0]",5,45.85171922999871
e-singular,50,50,51,1.789650296231809,"c=1,d=5",watanabe,1,2000,4000,0.0,0,0,"[0, 0]",8,45.74461449199953
singular1,50,50,51,1.1741446435752936,"c=1,d=5",watanabe,1,2000,4000,0.0,0,0,"[0, 0]",10,51.14912393600025
singular2,50,50,51,0.961169462823716,"c=1,d=5",watanabe,1,2000,4000,0.0,0,0,"[0, 0]",8,48.20593713100243
regular,250,250,51,1.489043339093144,"c=1,d=2",watanabe,1,2000,4000,0.0,0,0,"[0, 0]",5,62.32944915900225
e-singular,250,250,51,1.5699889298789549,"c=1,d=2",watanabe,1,2000,4000,0.0,0,0,"[0, 0]",8,61.06252138899799
singular1,250,250,51,0.9866339311909138,"c=1,d=2",watanabe,1,2000,4000,0.0,0,0,"[0, 0]",9,71.89781681000022
singular2,250,250,51,0.8255173722322251,"c=1,d=2",watanabe,1,2000,4000,0.0,0,0,"[0, 0]",9,77.77045233100216
regular,250,250,51,1.3396581373903294,"c=1,d=5",watanabe,1,2000,4000,0.0,0,0,"[0, 0]",5,68.25767990199893
e-singular,250,250,51,1.4558899979253113,"c=1,d=5",watanabe,1,2000,4000,0.0,0,0,"[0, 0]",8,71.77273576999869
singular1,250,250,51,0.9359412790050105,"c=1,d=5",watanabe,1,2000,4000,0.0,0,0,"[0, 0]",9,83.25101287399957
singular2,250,250,51,0.8336067876932278,"c=1,d=5",watanabe,1,2000,4000,0.0,0,0,"[0, 0]",10,85.4158887550002
regular,5000,5000,51,1.4737389098843543,"c=1,d=2",watanabe,1,2000,4000,0.0,0,0,"[0, 0]",5,155.6860309799995
e-singular,5000,5000,51,1.5191814320097303,"c=1,d=2",watanabe,1,2000,4000,0.0,0,0,"[0, 0]",7,210.9241254500012
singular1,5000,5000,51,0.8630631470744865,"c=1,d=2",watanabe,1,2000,4000,0.0,0,0,"[0, 0]",10,307.46485145700353
singular2,5000,5000,51,0.6420624988275787,"c=1,d=2",watanabe,1,2000,4000,0.0,0,0,"[0, 0]",10,368.11720809700273
regular,5000,5000,51,1.5880470531956692,"c=1,d=5",watanabe,1,2000,4000,0.0,0,0,"[0, 0]",6,212.8935498009996
e-singular,5000,5000,51,1.575353721099226,"c=1,d=5",watanabe,1,2000,4000,0.0,0,0,"[0, 0]",6,230.17868547000035
singular1,5000,5000,51,0.8394397296533841,"c=1,d=5",watanabe,1,2000,4000,0.0,0,0,"[0, 0]",10,364.9725165650016
singular2,5000,5000,51,0.8288342207214857,"c=1,d=5",watanabe,1,2000,4000,0.0,0,0,"[0, 0]",10,434.00063051100005
regular,50,50,52,1.3830322115459488,"c=1,d=2",watanabe,1,2000,4000,0.0,0,0,"[0, 0]",5,44.670589508001285
e-singular,50,50,52,1.2268807528433985,"c=1,d=2",watanabe,1,2000,4000,0.0,0,0,"[0, 0]",8,47.011613046001
singular1,50,50,52,1.2262609009839232,"c=1,d=2",watanabe,1,2000,4000,0.0,0,0,"[0, 0]",9,48.37102348299959
singular2,50,50,52,1.0480113364774166,"c=1,d=2",watanabe,1,2000,4000,0.0,0,0,"[0, 0]",8,46.771026795999205
regular,50,50,52,1.3488830593576588,"c=1,d=5",watanabe,1,2000,4000,0.0,0,0,"[0, 0]",5,45.36818311599927
e-singular,50,50,52,1.332009892458672,"c=1,d=5",watanabe,1,2000,4000,0.0,0,0,"[0, 0]",8,46.27761482499773
singular1,50,50,52,1.2166987396603173,"c=1,d=5",watanabe,1,2000,4000,0.0,0,0,"[0, 0]",9,48.96325380499911
singular2,50,50,52,1.0138438679722184,"c=1,d=5",watanabe,1,2000,4000,0.0,0,0,"[0, 0]",8,47.09456602800128
regular,250,250,52,1.6265212586082936,"c=1,d=2",watanabe,1,2000,4000,0.0,0,0,"[0, 0]",5,58.62652643100228
e-singular,250,250,52,1.4839655549997095,"c=1,d=2",watanabe,1,2000,4000,0.0,0,0,"[0, 0]",8,65.60051916500015
singular1,250,250,52,1.0939315221652166,"c=1,d=2",watanabe,1,2000,4000,0.0,0,0,"[0, 0]",9,74.20810946599886
singular2,250,250,52,0.905878843937351,"c=1,d=2",watanabe,1,2000,4000,0.0,0,0,"[0, 0]",8,73.17357891199936
regular,250,250,52,1.469615242636432,"c=1,d=5",watanabe,1,2000,4000,0.0,0,0,"[0, 0]",5,64.43195820999972
e-singular,250,250,52,1.7148081212546966,"c=1,d=5",watanabe,1,2000,4000,0.0,0,0,"[0, 0]",8,64.70616438700017
singular1,250,250,52,1.036569752974425,"c=1,d=5",watanabe,1,2000,4000,0.0,0,0,"[0, 0]",10,78.86594508599956
singular2,250,250,52,0.8847560673395506,"c=1,d=5",watanabe,1,2000,4000,0.0,0,0,"[0, 0]",9,71.55771167200146
regular,5000,5000,52,1.4016395717396488,"c=1,d=2",watanabe,1,2000,4000,0.0,0,0,"[0, 0]",5,150.54269150500113
e-singular,5000,5000,52,1.4330194319100904,"c=1,d=2",watanabe,1,2000,4000,0.0,0,0,"[0, 0]",6,221.2314840149993
singular1,5000,5000,52,0.7866128933541491,"c=1,d=2",watanabe,1,2000,4000,0.0,0,0,"[0, 0]",10,367.0491400989995
singular2,5000,5000,52,0.7919880543947961,"c=1,d=2",watanabe,1,2000,4000,0.0,0,0,"[0, 0]",10,358.8346350030006
regular,5000,5000,52,1.5016676876845685,"c=1,d=5",watanabe,1,2000,4000,0.0,0,0,"[0, 0]",5,156.73369517500032
e-singular,5000,5000,52,1.4510253318865995,"c=1,d=5",watanabe,1,2000,4000,0.0,0,0,"[0, 0]",7,197.66561261000243
singular1,5000,5000,52,0.8505898916463985,"c=1,d=5",watanabe,1,2000,4000,0.0,0,0,"[0, 0]",10,349.6895714050006
singular2,5000,5000,52,0.9254693483752748,"c=1,d=5",watanabe,1,2000,4000,0.0,0,0,"[0, 0]",10,366.4399398360001
regular,50,50,53,1.3722292242250742,"c=1,d=2",watanabe,1,2000,4000,0.0,0,0,"[0, 0]",5,52.66053107500193
e-singular,50,50,53,1.083817087391208,"c=1,d=2",watanabe,1,2000,4000,0.0,0,0,"[0, 0]",9,58.29764135000005
singular1,50,50,53,1.0824840875098338,"c=1,d=2",watanabe,1,2000,4000,0.0,0,0,"[0, 0]",9,59.23925933300052
singular2,50,50,53,0.9038356574951928,"c=1,d=2",watanabe,1,2000,4000,0.0,0,0,"[0, 0]",8,54.79792583000017
regular,50,50,53,1.4818957347856088,"c=1,d=5",watanabe,1,2000,4000,0.0,0,0,"[0, 0]",5,52.09367895300238
e-singular,50,50,53,1.051861631255513,"c=1,d=5",watanabe,1,2000,4000,0.0,0,0,"[0, 0]",9,56.46693188399877
singular1,50,50,53,1.0553011649874664,"c=1,d=5",watanabe,1,2000,4000,0.0,0,0,"[0, 0]",9,58.53408745299748
singular2,50,50,53,0.8926768278254982,"c=1,d=5",watanabe,1,2000,4000,0.0,0,0,"[0, 0]",8,57.930638469999394
regular,250,250,53,1.5239661827981057,"c=1,d=2",watanabe,1,2000,4000,0.0,0,0,"[0, 0]",5,48.72367058199961
e-singular,250,250,53,1.6515535746189176,"c=1,d=2",watanabe,1,2000,4000,0.0,0,0,"[0, 0]",8,54.574193984000885
singular1,250,250,53,1.1224630984238686,"c=1,d=2",watanabe,1,2000,4000,0.0,0,0,"[0, 0]",10,74.47266015700006
singular2,250,250,53,0.973088009007119,"c=1,d=2",watanabe,1,2000,4000,0.0,0,0,"[0, 0]",9,67.44293227800154
regular,250,250,53,1.4669893606666224,"c=1,d=5",watanabe,1,2000,4000,0.0,0,0,"[0, 0]",5,49.34490780699707
e-singular,250,250,53,1.724970811544581,"c=1,d=5",watanabe,1,2000,4000,0.0,0,0,"[0, 0]",8,56.87078559800284
singular1,250,250,53,1.1069338989184423,"c=1,d=5",watanabe,1,2000,4000,0.0,0,0,"[0, 0]",10,72.28253863999998
singular2,250,250,53,0.895033533305501,"c=1,d=5",watanabe,1,2000,4000,0.0,0,0,"[0, 0]",10,64.45557421599733
regular,5000,5000,53,1.4867965696529768,"c=1,d=2",watanabe,1,2000,4000,0.0,0,0,"[0, 0]",5,149.18387567099853
e-singular,5000,5000,53,1.6016631431667685,"c=1,d=2",watanabe,1,2000,4000,0.0,0,0,"[0, 0]",6,203.13585257600064
singular1,5000,5000,53,0.8673155947342082,"c=1,d=2",watanabe,1,2000,4000,0.0,0,0,"[0, 0]",10,313.04705103000015
singular2,5000,5000,53,0.7400829197811588,"c=1,d=2",watanabe,1,2000,4000,0.0,0,0,"[0, 0]",10,324.67908685899965
regular,5000,5000,53,1.4337049384378429,"c=1,d=5",watanabe,1,2000,4000,0.0,0,0,"[0, 0]",5,139.81988819099934
e-singular,5000,5000,53,1.5428709987332552,"c=1,d=5",watanabe,1,2000,4000,0.0,0,0,"[0, 0]",6,199.0858694390008
singular1,5000,5000,53,0.8651553933439033,"c=1,d=5",watanabe,1,2000,4000,0.0,0,0,"[0, 0]",10,317.2795854529977
singular2,5000,5000,53,0.8375384556129147,"c=1,d=5",watanabe,1,2000,4000,0.0,0,0,"[0, 0]",10,443.9475328520021
regular,50,50,54,1.3898596625087516,"c=1,d=2",watanabe,1,2000,4000,0.0,0,0,"[0, 0]",5,44.28720069799965
e-singular,50,50,54,1.0022520627601184,"c=1,d=2",watanabe,1,2000,4000,0.0,0,0,"[0, 0]",9,50.05521309600226
singular1,50,50,54,1.256799155140208,"c=1,d=2",watanabe,1,2000,4000,0.0,0,0,"[0, 0]",9,49.78275042599853
singular2,50,50,54,0.9672349610857736,"c=1,d=2",watanabe,1,2000,4000,0.0,0,0,"[0, 0]",9,50.61728597600086
regular,50,50,54,1.3737836964196124,"c=1,d=5",watanabe,1,2000,4000,0.0,0,0,"[0, 0]",5,44.3805427949992
e-singular,50,50,54,0.97214407919753,"c=1,d=5",watanabe,1,2000,4000,0.0,0,0,"[0, 0]",9,48.49072368700217
singular1,50,50,54,1.156666740544553,"c=1,d=5",watanabe,1,2000,4000,0.0,0,0,"[0, 0]",9,49.5701433739996
singular2,50,50,54,1.0345751731073105,"c=1,d=5",watanabe,1,2000,4000,0.0,0,0,"[0, 0]",8,50.38913240599868
regular,250,250,54,1.5357065708148014,"c=1,d=2",watanabe,1,2000,4000,0.0,0,0,"[0, 0]",5,69.34161777800182
e-singular,250,250,54,1.885864755490109,"c=1,d=2",watanabe,1,2000,4000,0.0,0,0,"[0, 0]",9,72.3503274499999
singular1,250,250,54,1.074350806763715,"c=1,d=2",watanabe,1,2000,4000,0.0,0,0,"[0, 0]",10,82.40525150900066
singular2,250,250,54,0.9148053270920524,"c=1,d=2",watanabe,1,2000,4000,0.0,0,0,"[0, 0]",8,79.24203038799897
regular,250,250,54,1.6151770137982373,"c=1,d=5",watanabe,1,2000,4000,0.0,0,0,"[0, 0]",5,66.94963601899872
e-singular,250,250,54,1.5999611853835312,"c=1,d=5",watanabe,1,2000,4000,0.0,0,0,"[0, 0]",9,75.63368215199807
singular1,250,250,54,1.0618494662201925,"c=1,d=5",watanabe,1,2000,4000,0.0,0,0,"[0, 0]",9,84.98694705399976
singular2,250,250,54,0.9249586201272726,"c=1,d=5",watanabe,1,2000,4000,0.0,0,0,"[0, 0]",9,81.33886217100007
regular,5000,5000,54,1.3255078113266023,"c=1,d=2",watanabe,1,2000,4000,0.0,0,0,"[0, 0]",5,148.91176883300068
e-singular,5000,5000,54,1.3984204457329052,"c=1,d=2",watanabe,1,2000,4000,0.0,0,0,"[0, 0]",7,200.223203988
singular1,5000,5000,54,0.6917527689417686,"c=1,d=2",watanabe,1,2000,4000,0.0,0,0,"[0, 0]",10,382.3904115530022
singular2,5000,5000,54,0.7456366362550279,"c=1,d=2",watanabe,1,2000,4000,0.0,0,0,"[0, 0]",10,337.1036568390009
regular,5000,5000,54,1.5214740711086672,"c=1,d=5",watanabe,1,2000,4000,0.0,0,0,"[0, 0]",5,154.57082358800108
e-singular,5000,5000,54,1.554583382353356,"c=1,d=5",watanabe,1,2000,4000,0.0,0,0,"[0, 0]",6,196.27612219300136
singular1,5000,5000,54,0.7161640147062143,"c=1,d=5",watanabe,1,2000,4000,0.0,0,0,"[0, 0]",10,342.58760295499815
singular2,5000,5000,54,0.839341915172202,"c=1,d=5",watanabe,1,2000,4000,0.0,0,0,"[0, 0]",10,387.9115074109977
regular,50,50,55,1.3917759492690795,"c=1,d=2",watanabe,1,2000,4000,0.0,0,0,"[0, 0]",5,52.59619570999712
e-singular,50,50,55,1.4002206685566512,"c=1,d=2",watanabe,1,2000,4000,0.0,0,0,"[0, 0]",8,59.53656624199721
singular1,50,50,55,1.215857785226513,"c=1,d=2",watanabe,1,2000,4000,0.0,0,0,"[0, 0]",9,63.043881466997846
singular2,50,50,55,1.0674291515492151,"c=1,d=2",watanabe,1,2000,4000,0.0,0,0,"[0, 0]",8,62.61466634800309
regular,50,50,55,1.3734599838485582,"c=1,d=5",watanabe,1,2000,4000,0.0,0,0,"[0, 0]",5,53.66509908300213
e-singular,50,50,55,1.4123527941124014,"c=1,d=5",watanabe,1,2000,4000,0.0,0,0,"[0, 0]",8,59.07419136500175
singular1,50,50,55,0.9805632157273256,"c=1,d=5",watanabe,1,2000,4000,0.0,0,0,"[0, 0]",9,61.97331400199983
singular2,50,50,55,0.949064477740896,"c=1,d=5",watanabe,1,2000,4000,0.0,0,0,"[0, 0]",9,63.79159659299694
regular,250,250,55,1.531262833924199,"c=1,d=2",watanabe,1,2000,4000,0.0,0,0,"[0, 0]",5,53.78801101799763
e-singular,250,250,55,1.692192006800886,"c=1,d=2",watanabe,1,2000,4000,0.0,0,0,"[0, 0]",9,51.57343444000071
singular1,250,250,55,0.8908728132983439,"c=1,d=2",watanabe,1,2000,4000,0.0,0,0,"[0, 0]",10,68.04216772099971
singular2,250,250,55,0.9039712788844892,"c=1,d=2",watanabe,1,2000,4000,0.0,0,0,"[0, 0]",8,58.96146137499818
regular,250,250,55,1.4329051351851814,"c=1,d=5",watanabe,1,2000,4000,0.0,0,0,"[0, 0]",5,56.56268784299755
e-singular,250,250,55,1.5739206835899713,"c=1,d=5",watanabe,1,2000,4000,0.0,0,0,"[0, 0]",8,58.92485748800027
singular1,250,250,55,1.0320200556789425,"c=1,d=5",watanabe,1,2000,4000,0.0,0,0,"[0, 0]",10,68.34452751900244
singular2,250,250,55,0.9515733316077934,"c=1,d=5",watanabe,1,2000,4000,0.0,0,0,"[0, 0]",9,60.89305158100251
regular,5000,5000,55,1.5548848426910375,"c=1,d=2",watanabe,1,2000,4000,0.0,0,0,"[0, 0]",5,150.08731627999805
e-singular,5000,5000,55,1.5441324153771647,"c=1,d=2",watanabe,1,2000,4000,0.0,0,0,"[0, 0]",6,202.10895434199847
singular1,5000,5000,55,0.6148331717040444,"c=1,d=2",watanabe,1,2000,4000,0.0,0,0,"[0, 0]",10,335.618023918003
singular2,5000,5000,55,0.8198482014271478,"c=1,d=2",watanabe,1,2000,4000,0.0,0,0,"[0, 0]",10,342.0572524499985
regular,5000,5000,55,1.4087393415583032,"c=1,d=5",watanabe,1,2000,4000,0.0,0,0,"[0, 0]",5,147.58176234399798
e-singular,5000,5000,55,1.4589382093372516,"c=1,d=5",watanabe,1,2000,4000,0.0,0,0,"[0, 0]",6,171.68629058199804
singular1,5000,5000,55,0.8426267675993744,"c=1,d=5",watanabe,1,2000,4000,0.0,0,0,"[0, 0]",10,332.7195452730012
singular2,5000,5000,55,0.8239749381963111,"c=1,d=5",watanabe,1,2000,4000,0.0,0,0,"[0, 0]",10,310.6326305420007
regular,50,50,56,1.3271726234942818,"c=1,d=2",watanabe,1,2000,4000,0.0,0,0,"[0, 0]",5,47.09280562300046
e-singular,50,50,56,1.4929696735227251,"c=1,d=2",watanabe,1,2000,4000,0.0,0,0,"[0, 0]",8,45.80381505599871
singular1,50,50,56,1.0980746176113805,"c=1,d=2",watanabe,1,2000,4000,0.0,0,0,"[0, 0]",9,47.73068328299996
singular2,50,50,56,1.0452477332046513,"c=1,d=2",watanabe,1,2000,4000,0.0,0,0,"[0, 0]",9,52.43696396100131
regular,50,50,56,1.4757479200378103,"c=1,d=5",watanabe,1,2000,4000,0.0,0,0,"[0, 0]",5,46.7961876469999
e-singular,50,50,56,1.476231284297112,"c=1,d=5",watanabe,1,2000,4000,0.0,0,0,"[0, 0]",8,45.65559710900197
singular1,50,50,56,1.0214380690054636,"c=1,d=5",watanabe,1,2000,4000,0.0,0,0,"[0, 0]",9,51.99717949399928
singular2,50,50,56,1.0482019512574352,"c=1,d=5",watanabe,1,2000,4000,0.0,0,0,"[0, 0]",8,50.94384922499739
regular,250,250,56,1.4046080601012976,"c=1,d=2",watanabe,1,2000,4000,0.0,0,0,"[0, 0]",5,64.25194553799884
e-singular,250,250,56,1.5690056167529411,"c=1,d=2",watanabe,1,2000,4000,0.0,0,0,"[0, 0]",8,73.10882176900122
singular1,250,250,56,0.9831284840233658,"c=1,d=2",watanabe,1,2000,4000,0.0,0,0,"[0, 0]",10,75.5243485380015
singular2,250,250,56,0.927120446982854,"c=1,d=2",watanabe,1,2000,4000,0.0,0,0,"[0, 0]",8,75.81612996699914
regular,250,250,56,1.4813528914637444,"c=1,d=5",watanabe,1,2000,4000,0.0,0,0,"[0, 0]",6,71.13484466999944
e-singular,250,250,56,1.7066774970194003,"c=1,d=5",watanabe,1,2000,4000,0.0,0,0,"[0, 0]",8,68.05627872400146
singular1,250,250,56,1.0851198039184002,"c=1,d=5",watanabe,1,2000,4000,0.0,0,0,"[0, 0]",10,73.35248805499941
singular2,250,250,56,0.9905620337942496,"c=1,d=5",watanabe,1,2000,4000,0.0,0,0,"[0, 0]",9,73.01024306999898
regular,5000,5000,56,1.549579929859234,"c=1,d=2",watanabe,1,2000,4000,0.0,0,0,"[0, 0]",5,144.17042795300222
e-singular,5000,5000,56,1.492456375313748,"c=1,d=2",watanabe,1,2000,4000,0.0,0,0,"[0, 0]",7,181.6237152249996
singular1,5000,5000,56,0.8093178488527912,"c=1,d=2",watanabe,1,2000,4000,0.0,0,0,"[0, 0]",10,336.7014854119989
singular2,5000,5000,56,0.7879691880880141,"c=1,d=2",watanabe,1,2000,4000,0.0,0,0,"[0, 0]",10,404.9293565129992
regular,5000,5000,56,1.4782367096748232,"c=1,d=5",watanabe,1,2000,4000,0.0,0,0,"[0, 0]",5,155.37042767500316
e-singular,5000,5000,56,1.5101048929335328,"c=1,d=5",watanabe,1,2000,4000,0.0,0,0,"[0, 0]",7,188.5580559129994
singular1,5000,5000,56,0.8678395507356755,"c=1,d=5",watanabe,1,2000,4000,0.0,0,0,"[0, 0]",10,424.8082983719978
singular2,5000,5000,56,0.758266218988387,"c=1,d=5",watanabe,1,2000,4000,0.0,0,0,"[0, 0]",10,439.1526468049997
regular,50,50,57,1.519441336805479,"c=1,d=2",watanabe,1,2000,4000,0.0,0,0,"[0, 0]",5,44.58438613900216
e-singular,50,50,57,1.042562490850946,"c=1,d=2",watanabe,1,2000,4000,0.0,0,0,"[0, 0]",8,47.18276933900052
singular1,50,50,57,1.0695388590432178,"c=1,d=2",watanabe,1,2000,4000,0.0,0,0,"[0, 0]",9,49.74127497199879
singular2,50,50,57,0.9106380350011928,"c=1,d=2",watanabe,1,2000,4000,0.0,0,0,"[0, 0]",8,46.83202917900053
regular,50,50,57,1.4193949958961396,"c=1,d=5",watanabe,1,2000,4000,0.0,0,0,"[0, 0]",5,44.61789212099757
e-singular,50,50,57,1.045955658410186,"c=1,d=5",watanabe,1,2000,4000,0.0,0,0,"[0, 0]",9,48.81885717899786
singular1,50,50,57,1.0080110962134257,"c=1,d=5",watanabe,1,2000,4000,0.0,0,0,"[0, 0]",9,49.15126565900209
singular2,50,50,57,0.9717184061576254,"c=1,d=5",watanabe,1,2000,4000,0.0,0,0,"[0, 0]",8,46.56216140499964
regular,250,250,57,1.54561409419636,"c=1,d=2",watanabe,1,2000,4000,0.0,0,0,"[0, 0]",5,61.4661874830017
e-singular,250,250,57,1.79255621865448,"c=1,d=2",watanabe,1,2000,4000,0.0,0,0,"[0, 0]",7,64.15008622099776
singular1,250,250,57,1.021334934860229,"c=1,d=2",watanabe,1,2000,4000,0.0,0,0,"[0, 0]",9,70.93852256600076
singular2,250,250,57,0.9427856361791638,"c=1,d=2",watanabe,1,2000,4000,0.0,0,0,"[0, 0]",9,71.46150419600235
regular,250,250,57,1.4898958154751163,"c=1,d=5",watanabe,1,2000,4000,0.0,0,0,"[0, 0]",5,63.25763251099852
e-singular,250,250,57,1.6120255377306028,"c=1,d=5",watanabe,1,2000,4000,0.0,0,0,"[0, 0]",8,66.01166151000143
singular1,250,250,57,0.962454644696654,"c=1,d=5",watanabe,1,2000,4000,0.0,0,0,"[0, 0]",10,77.32875878100094
singular2,250,250,57,0.9371649943163772,"c=1,d=5",watanabe,1,2000,4000,0.0,0,0,"[0, 0]",8,72.41474736099917
regular,5000,5000,57,1.545148165736711,"c=1,d=2",watanabe,1,2000,4000,0.0,0,0,"[0, 0]",5,152.15372878500057
e-singular,5000,5000,57,1.581747797076249,"c=1,d=2",watanabe,1,2000,4000,0.0,0,0,"[0, 0]",6,192.2889120100008
singular1,5000,5000,57,0.9271083740956104,"c=1,d=2",watanabe,1,2000,4000,0.0,0,0,"[0, 0]",10,346.9264419240026
singular2,5000,5000,57,0.7446208693599681,"c=1,d=2",watanabe,1,2000,4000,0.0,0,0,"[0, 0]",10,340.7494839469982
regular,5000,5000,57,1.541000985963891,"c=1,d=5",watanabe,1,2000,4000,0.0,0,0,"[0, 0]",5,158.10872514899893
e-singular,5000,5000,57,1.4740251279506842,"c=1,d=5",watanabe,1,2000,4000,0.0,0,0,"[0, 0]",7,194.47934838199944
singular1,5000,5000,57,0.8634202143224387,"c=1,d=5",watanabe,1,2000,4000,0.0,0,0,"[0, 0]",10,428.850298420999
singular2,5000,5000,57,0.7089128332389051,"c=1,d=5",watanabe,1,2000,4000,0.0,0,0,"[0, 0]",10,398.0193145610028
regular,50,50,58,1.573726351496037,"c=1,d=2",watanabe,1,2000,4000,0.0,0,0,"[0, 0]",5,44.18272297099975
e-singular,50,50,58,1.112505185880119,"c=1,d=2",watanabe,1,2000,4000,0.0,0,0,"[0, 0]",9,48.714300873001775
singular1,50,50,58,1.1609433650559913,"c=1,d=2",watanabe,1,2000,4000,0.0,0,0,"[0, 0]",8,48.409266044000105
singular2,50,50,58,1.0355793026474918,"c=1,d=2",watanabe,1,2000,4000,0.0,0,0,"[0, 0]",8,48.32144016800157
regular,50,50,58,1.366044124938273,"c=1,d=5",watanabe,1,2000,4000,0.0,0,0,"[0, 0]",5,44.08387456800119
e-singular,50,50,58,1.0749495673216338,"c=1,d=5",watanabe,1,2000,4000,0.0,0,0,"[0, 0]",8,47.64441725500001
singular1,50,50,58,1.1018579675063611,"c=1,d=5",watanabe,1,2000,4000,0.0,0,0,"[0, 0]",9,59.20714366000175
singular2,50,50,58,1.0173826988041648,"c=1,d=5",watanabe,1,2000,4000,0.0,0,0,"[0, 0]",8,47.06215635300032
regular,250,250,58,1.6485330514666134,"c=1,d=2",watanabe,1,2000,4000,0.0,0,0,"[0, 0]",5,48.280738192999706
e-singular,250,250,58,1.6485676101800082,"c=1,d=2",watanabe,1,2000,4000,0.0,0,0,"[0, 0]",8,65.25862038099876
singular1,250,250,58,0.9361809052255556,"c=1,d=2",watanabe,1,2000,4000,0.0,0,0,"[0, 0]",10,74.39485207300095
singular2,250,250,58,0.9058595145432806,"c=1,d=2",watanabe,1,2000,4000,0.0,0,0,"[0, 0]",8,66.93211126000097
regular,250,250,58,1.4450573746125148,"c=1,d=5",watanabe,1,2000,4000,0.0,0,0,"[0, 0]",5,59.23499948500103
e-singular,250,250,58,1.729546478501934,"c=1,d=5",watanabe,1,2000,4000,0.0,0,0,"[0, 0]",8,62.63418168999851
singular1,250,250,58,0.9040066252920818,"c=1,d=5",watanabe,1,2000,4000,0.0,0,0,"[0, 0]",10,74.97014587299782
singular2,250,250,58,0.9782485060205992,"c=1,d=5",watanabe,1,2000,4000,0.0,0,0,"[0, 0]",8,60.35123967400068
regular,5000,5000,58,1.4418825252035663,"c=1,d=2",watanabe,1,2000,4000,0.0,0,0,"[0, 0]",5,163.29417281200222
e-singular,5000,5000,58,1.583520410437506,"c=1,d=2",watanabe,1,2000,4000,0.0,0,0,"[0, 0]",6,203.19691436399808
singular1,5000,5000,58,0.9220698900543292,"c=1,d=2",watanabe,1,2000,4000,0.0,0,0,"[0, 0]",10,336.84445969599983
singular2,5000,5000,58,0.8861828980057205,"c=1,d=2",watanabe,1,2000,4000,0.0,0,0,"[0, 0]",10,348.1809077120015
regular,5000,5000,58,1.4300902160786286,"c=1,d=5",watanabe,1,2000,4000,0.0,0,0,"[0, 0]",5,153.483257038999
e-singular,5000,5000,58,1.5933459963792715,"c=1,d=5",watanabe,1,2000,4000,0.0,0,0,"[0, 0]",7,182.1645647389996
singular1,5000,5000,58,0.9480115102426548,"c=1,d=5",watanabe,1,2000,4000,0.0,0,0,"[0, 0]",10,342.48637323300136
singular2,5000,5000,58,0.7955035335137282,"c=1,d=5",watanabe,1,2000,4000,0.0,0,0,"[0, 0]",10,326.75876977900043
regular,50,50,59,1.4356180683556643,"c=1,d=2",watanabe,1,2000,4000,0.0,0,0,"[0, 0]",5,46.22778983799799
e-singular,50,50,59,1.238087936011055,"c=1,d=2",watanabe,1,2000,4000,0.0,0,0,"[0, 0]",8,46.04261121200034
singular1,50,50,59,1.0578766450947044,"c=1,d=2",watanabe,1,2000,4000,0.0,0,0,"[0, 0]",9,51.51045775500097
singular2,50,50,59,1.007529513328654,"c=1,d=2",watanabe,1,2000,4000,0.0,0,0,"[0, 0]",9,51.873958903997845
regular,50,50,59,1.3575075848633498,"c=1,d=5",watanabe,1,2000,4000,0.0,0,0,"[0, 0]",5,44.330760487999214
e-singular,50,50,59,1.3233845577006011,"c=1,d=5",watanabe,1,2000,4000,0.0,0,0,"[0, 0]",8,46.57545392500106
singular1,50,50,59,1.1902655464384095,"c=1,d=5",watanabe,1,2000,4000,0.0,0,0,"[0, 0]",10,51.90397445399867
singular2,50,50,59,1.0574940887598814,"c=1,d=5",watanabe,1,2000,4000,0.0,0,0,"[0, 0]",9,52.50002531599967
regular,250,250,59,1.529723198562978,"c=1,d=2",watanabe,1,2000,4000,0.0,0,0,"[0, 0]",5,59.67522082000141
e-singular,250,250,59,1.462132799969416,"c=1,d=2",watanabe,1,2000,4000,0.0,0,0,"[0, 0]",8,75.30168018400218
singular1,250,250,59,1.0342276958482348,"c=1,d=2",watanabe,1,2000,4000,0.0,0,0,"[0, 0]",9,79.35516384800212
singular2,250,250,59,0.8921942915430626,"c=1,d=2",watanabe,1,2000,4000,0.0,0,0,"[0, 0]",8,75.23788050299845
regular,250,250,59,1.4820492171204696,"c=1,d=5",watanabe,1,2000,4000,0.0,0,0,"[0, 0]",5,57.93199002500114
e-singular,250,250,59,1.5993177663314213,"c=1,d=5",watanabe,1,2000,4000,0.0,0,0,"[0, 0]",8,70.66571621899857
singular1,250,250,59,1.0809274884446658,"c=1,d=5",watanabe,1,2000,4000,0.0,0,0,"[0, 0]",10,71.55245678999927
singular2,250,250,59,0.8032931787983276,"c=1,d=5",watanabe,1,2000,4000,0.0,0,0,"[0, 0]",9,70.8532191689992
regular,5000,5000,59,1.3954984201632858,"c=1,d=2",watanabe,1,2000,4000,0.0,0,0,"[0, 0]",6,193.5315050579993
e-singular,5000,5000,59,1.5758162837638623,"c=1,d=2",watanabe,1,2000,4000,0.0,0,0,"[0, 0]",7,205.0201486459992
singular1,5000,5000,59,0.9100338130944688,"c=1,d=2",watanabe,1,2000,4000,0.0,0,0,"[0, 0]",10,335.8109682560025
singular2,5000,5000,59,0.7171875805770923,"c=1,d=2",watanabe,1,2000,4000,0.0,0,0,"[0, 0]",10,361.9948983700015
regular,5000,5000,59,1.4071719905394344,"c=1,d=5",watanabe,1,2000,4000,0.0,0,0,"[0, 0]",5,156.65125596399955
e-singular,5000,5000,59,1.4057356088489987,"c=1,d=5",watanabe,1,2000,4000,0.0,0,0,"[0, 0]",7,194.357012794997
singular1,5000,5000,59,0.777092137673838,"c=1,d=5",watanabe,1,2000,4000,0.0,0,0,"[0, 0]",10,366.1420905300001
singular2,5000,5000,59,0.7959721919936521,"c=1,d=5",watanabe,1,2000,4000,0.0,0,0,"[0, 0]",10,389.5021851419988
regular,50,50,60,1.3128926413494604,"c=1,d=2",watanabe,1,2000,4000,0.0,0,0,"[0, 0]",5,53.55587975899834
e-singular,50,50,60,1.1879468581215589,"c=1,d=2",watanabe,1,2000,4000,0.0,0,0,"[0, 0]",9,59.582769666001695
singular1,50,50,60,1.1897481423498937,"c=1,d=2",watanabe,1,2000,4000,0.0,0,0,"[0, 0]",9,58.61508201999823
singular2,50,50,60,0.9212025549954128,"c=1,d=2",watanabe,1,2000,4000,0.0,0,0,"[0, 0]",8,52.94292791000044
regular,50,50,60,1.3956376574094491,"c=1,d=5",watanabe,1,2000,4000,0.0,0,0,"[0, 0]",5,53.26067800300007
e-singular,50,50,60,1.2243538724367031,"c=1,d=5",watanabe,1,2000,4000,0.0,0,0,"[0, 0]",8,55.310983596998994
singular1,50,50,60,1.1405221159779244,"c=1,d=5",watanabe,1,2000,4000,0.0,0,0,"[0, 0]",10,61.03655377999894
singular2,50,50,60,0.9409834428666476,"c=1,d=5",watanabe,1,2000,4000,0.0,0,0,"[0, 0]",8,55.50018797299708
regular,250,250,60,1.5320067861452271,"c=1,d=2",watanabe,1,2000,4000,0.0,0,0,"[0, 0]",5,50.56311047200143
e-singular,250,250,60,1.2570069098895085,"c=1,d=2",watanabe,1,2000,4000,0.0,0,0,"[0, 0]",8,59.59187130200007
singular1,250,250,60,1.0799970538210475,"c=1,d=2",watanabe,1,2000,4000,0.0,0,0,"[0, 0]",9,67.50262087400188
singular2,250,250,60,0.9077356792298764,"c=1,d=2",watanabe,1,2000,4000,0.0,0,0,"[0, 0]",9,68.53076972300187
regular,250,250,60,1.4907768297971111,"c=1,d=5",watanabe,1,2000,4000,0.0,0,0,"[0, 0]",5,54.99422499200227
e-singular,250,250,60,1.3147131132195768,"c=1,d=5",watanabe,1,2000,4000,0.0,0,0,"[0, 0]",8,61.186565582000185
singular1,250,250,60,1.1717997542897496,"c=1,d=5",watanabe,1,2000,4000,0.0,0,0,"[0, 0]",10,66.23416081599862
singular2,250,250,60,0.9727297450761584,"c=1,d=5",watanabe,1,2000,4000,0.0,0,0,"[0, 0]",10,79.75055445600083
regular,5000,5000,60,1.529304392644291,"c=1,d=2",watanabe,1,2000,4000,0.0,0,0,"[0, 0]",5,145.2545682980017
e-singular,5000,5000,60,1.5030360105633085,"c=1,d=2",watanabe,1,2000,4000,0.0,0,0,"[0, 0]",7,201.794851425002
singular1,5000,5000,60,0.8586767146071889,"c=1,d=2",watanabe,1,2000,4000,0.0,0,0,"[0, 0]",10,313.14062567699875
singular2,5000,5000,60,0.8078971807928791,"c=1,d=2",watanabe,1,2000,4000,0.0,0,0,"[0, 0]",10,315.37776711900005
regular,5000,5000,60,1.50247982483892,"c=1,d=5",watanabe,1,2000,4000,0.0,0,0,"[0, 0]",5,132.34440253399953
e-singular,5000,5000,60,1.5360970085580892,"c=1,d=5",watanabe,1,2000,4000,0.0,0,0,"[0, 0]",7,195.7546982599997
singular1,5000,5000,60,0.8400319856671441,"c=1,d=5",watanabe,1,2000,4000,0.0,0,0,"[0, 0]",10,330.0171517769995
singular2,5000,5000,60,0.9459746369417262,"c=1,d=5",watanabe,1,2000,4000,0.0,0,0,"[0, 0]",10,336.0012034270003
regular,50,50,61,1.4807544700726465,"c=1,d=2",watanabe,1,2000,4000,0.0,0,0,"[0, 0]",5,44.6476994730001
e-singular,50,50,61,1.0618476949394855,"c=1,d=2",watanabe,1,2000,4000,0.0,0,0,"[0, 0]",8,47.136721803999535
singular1,50,50,61,1.1137765875779213,"c=1,d=2",watanabe,1,2000,4000,0.0,0,0,"[0, 0]",9,47.81383626599927
singular2,50,50,61,0.9212916137164436,"c=1,d=2",watanabe,1,2000,4000,0.0,0,0,"[0, 0]",8,46.29503337300048
regular,50,50,61,1.4715403566794554,"c=1,d=5",watanabe,1,2000,4000,0.0,0,0,"[0, 0]",5,43.88908353800071
e-singular,50,50,61,0.9790867442393002,"c=1,d=5",watanabe,1,2000,4000,0.0,0,0,"[0, 0]",9,46.69382362100077
singular1,50,50,61,1.1093489003483905,"c=1,d=5",watanabe,1,2000,4000,0.0,0,0,"[0, 0]",9,48.364552001003176
singular2,50,50,61,0.8933675291191095,"c=1,d=5",watanabe,1,2000,4000,0.0,0,0,"[0, 0]",8,45.43696138200176
regular,250,250,61,1.6771554297396305,"c=1,d=2",watanabe,1,2000,4000,0.0,0,0,"[0, 0]",5,67.12846807299866
e-singular,250,250,61,1.9415301821334607,"c=1,d=2",watanabe,1,2000,4000,0.0,0,0,"[0, 0]",8,68.26735705700048
singular1,250,250,61,1.15519824717759,"c=1,d=2",watanabe,1,2000,4000,0.0,0,0,"[0, 0]",10,82.32132187099705
singular2,250,250,61,0.9050677770929184,"c=1,d=2",watanabe,1,2000,4000,0.0,0,0,"[0, 0]",10,72.79139009999926
regular,250,250,61,1.5249692535746897,"c=1,d=5",watanabe,1,2000,4000,0.0,0,0,"[0, 0]",5,63.75597706999906
e-singular,250,250,61,1.6376911836878454,"c=1,d=5",watanabe,1,2000,4000,0.0,0,0,"[0, 0]",9,71.15649559899975
singular1,250,250,61,1.0617087063838049,"c=1,d=5",watanabe,1,2000,4000,0.0,0,0,"[0, 0]",10,75.47725419200287
singular2,250,250,61,0.9330811274275884,"c=1,d=5",watanabe,1,2000,4000,0.0,0,0,"[0, 0]",9,74.50703224999961
regular,5000,5000,61,1.51377759220602,"c=1,d=2",watanabe,1,2000,4000,0.0,0,0,"[0, 0]",5,136.2625406719999
e-singular,5000,5000,61,1.4765047990906537,"c=1,d=2",watanabe,1,2000,4000,0.0,0,0,"[0, 0]",7,189.3331515630016
singular1,5000,5000,61,0.7853689912460824,"c=1,d=2",watanabe,1,2000,4000,0.0,0,0,"[0, 0]",10,368.7439003060026
singular2,5000,5000,61,0.6264902842009918,"c=1,d=2",watanabe,1,2000,4000,0.0,0,0,"[0, 0]",10,401.4697340790008
regular,5000,5000,61,1.4863572378722263,"c=1,d=5",watanabe,1,2000,4000,0.0,0,0,"[0, 0]",5,172.7381542430012
e-singular,5000,5000,61,1.5431764580093386,"c=1,d=5",watanabe,1,2000,4000,0.0,0,0,"[0, 0]",7,216.35976121400017
singular1,5000,5000,61,0.9297448340386206,"c=1,d=5",watanabe,1,2000,4000,0.0,0,0,"[0, 0]",10,364.660213616
singular2,5000,5000,61,0.6919904858448296,"c=1,d=5",watanabe,1,2000,4000,0.0,0,0,"[0, 0]",10,385.6161030160001
regular,50,50,62,1.384212251769647,"c=1,d=2",watanabe,1,2000,4000,0.0,0,0,"[0, 0]",6,45.05396600400127
e-singular,50,50,62,1.622445985083155,"c=1,d=2",watanabe,1,2000,4000,0.0,0,0,"[0, 0]",8,44.943418263999774
singular1,50,50,62,1.087311981028443,"c=1,d=2",watanabe,1,2000,4000,0.0,0,0,"[0, 0]",10,52.55756264599768
singular2,50,50,62,1.08418469268432,"c=1,d=2",watanabe,1,2000,4000,0.0,0,0,"[0, 0]",8,45.77372966199982
regular,50,50,62,1.3298328540404678,"c=1,d=5",watanabe,1,2000,4000,0.0,0,0,"[0, 0]",5,45.0182658800004
e-singular,50,50,62,1.61660972788822,"c=1,d=5",watanabe,1,2000,4000,0.0,0,0,"[0, 0]",7,44.95292667499962
singular1,50,50,62,1.105764199436206,"c=1,d=5",watanabe,1,2000,4000,0.0,0,0,"[0, 0]",9,47.93444192000243
singular2,50,50,62,1.1057388846794636,"c=1,d=5",watanabe,1,2000,4000,0.0,0,0,"[0, 0]",8,45.80973736200031
regular,250,250,62,1.5553635791545553,"c=1,d=2",watanabe,1,2000,4000,0.0,0,0,"[0, 0]",5,74.16400088299997
e-singular,250,250,62,1.6187363575112268,"c=1,d=2",watanabe,1,2000,4000,0.0,0,0,"[0, 0]",8,76.95639129300253
singular1,250,250,62,1.07771449630437,"c=1,d=2",watanabe,1,2000,4000,0.0,0,0,"[0, 0]",10,83.12570539900116
singular2,250,250,62,0.8417823684292057,"c=1,d=2",watanabe,1,2000,4000,0.0,0,0,"[0, 0]",9,84.41506093899807
regular,250,250,62,1.4128050148866698,"c=1,d=5",watanabe,1,2000,4000,0.0,0,0,"[0, 0]",5,73.07069058900015
e-singular,250,250,62,1.5973234160923024,"c=1,d=5",watanabe,1,2000,4000,0.0,0,0,"[0, 0]",8,76.07627278600194
singular1,250,250,62,0.9972802775090244,"c=1,d=5",watanabe,1,2000,4000,0.0,0,0,"[0, 0]",10,82.33149914900059
singular2,250,250,62,0.9508301627431728,"c=1,d=5",watanabe,1,2000,4000,0.0,0,0,"[0, 0]",9,77.41614100299921
regular,5000,5000,62,1.4798543248856804,"c=1,d=2",watanabe,1,2000,4000,0.0,0,0,"[0, 0]",5,158.55991034199906
e-singular,5000,5000,62,1.382919786306608,"c=1,d=2",watanabe,1,2000,4000,0.0,0,0,"[0, 0]",7,188.786414410999
singular1,5000,5000,62,0.7569840970934117,"c=1,d=2",watanabe,1,2000,4000,0.0,0,0,"[0, 0]",10,384.205816701
singular2,5000,5000,62,0.816635279676652,"c=1,d=2",watanabe,1,2000,4000,0.0,0,0,"[0, 0]",10,337.0882363010023
regular,5000,5000,62,1.4242784627988654,"c=1,d=5",watanabe,1,2000,4000,0.0,0,0,"[0, 0]",5,153.08880227100235
e-singular,5000,5000,62,1.5522795084042145,"c=1,d=5",watanabe,1,2000,4000,0.0,0,0,"[0, 0]",7,191.68392013500124
singular1,5000,5000,62,0.7822588626716309,"c=1,d=5",watanabe,1,2000,4000,0.0,0,0,"[0, 0]",10,387.4279512690009
singular2,5000,5000,62,0.9342248757727384,"c=1,d=5",watanabe,1,2000,4000,0.0,0,0,"[0, 0]",10,354.03298410000207
regular,50,50,63,1.3529869535364671,"c=1,d=2",watanabe,1,2000,4000,0.0,0,0,"[0, 0]",5,45.11044075099926
e-singular,50,50,63,1.555438300885584,"c=1,d=2",watanabe,1,2000,4000,0.0,0,0,"[0, 0]",8,45.99503018700125
singular1,50,50,63,1.1868065092044593,"c=1,d=2",watanabe,1,2000,4000,0.0,0,0,"[0, 0]",9,50.42178242200316
singular2,50,50,63,0.9318511878828224,"c=1,d=2",watanabe,1,2000,4000,0.0,0,0,"[0, 0]",8,48.5944816049996
regular,50,50,63,1.4346465536175503,"c=1,d=5",watanabe,1,2000,4000,0.0,0,0,"[0, 0]",5,43.619468849999976
e-singular,50,50,63,1.5748154150235731,"c=1,d=5",watanabe,1,2000,4000,0.0,0,0,"[0, 0]",7,45.23388342099861
singular1,50,50,63,1.2320936148938149,"c=1,d=5",watanabe,1,2000,4000,0.0,0,0,"[0, 0]",10,53.91657907199988
singular2,50,50,63,0.8534535997978583,"c=1,d=5",watanabe,1,2000,4000,0.0,0,0,"[0, 0]",9,51.480633999999554
regular,250,250,63,1.466095092274405,"c=1,d=2",watanabe,1,2000,4000,0.0,0,0,"[0, 0]",5,60.002219754998805
e-singular,250,250,63,1.3572860082045093,"c=1,d=2",watanabe,1,2000,4000,0.0,0,0,"[0, 0]",9,68.976057494001
singular1,250,250,63,0.8987840580566125,"c=1,d=2",watanabe,1,2000,4000,0.0,0,0,"[0, 0]",10,78.95456565299901
singular2,250,250,63,0.9058544902247858,"c=1,d=2",watanabe,1,2000,4000,0.0,0,0,"[0, 0]",8,71.85193105299913
regular,250,250,63,1.5271168664690868,"c=1,d=5",watanabe,1,2000,4000,0.0,0,0,"[0, 0]",5,59.80284734400266
e-singular,250,250,63,1.2898953882351414,"c=1,d=5",watanabe,1,2000,4000,0.0,0,0,"[0, 0]",8,66.49203521000163
singular1,250,250,63,0.9775396504009828,"c=1,d=5",watanabe,1,2000,4000,0.0,0,0,"[0, 0]",10,73.40291971699844
singular2,250,250,63,0.9252462079782828,"c=1,d=5",watanabe,1,2000,4000,0.0,0,0,"[0, 0]",9,71.47306014599963
regular,5000,5000,63,1.417037321524747,"c=1,d=2",watanabe,1,2000,4000,0.0,0,0,"[0, 0]",6,171.11231596200014
e-singular,5000,5000,63,1.5797516757189796,"c=1,d=2",watanabe,1,2000,4000,0.0,0,0,"[0, 0]",6,170.03780133399778
singular1,5000,5000,63,0.7322240788986364,"c=1,d=2",watanabe,1,2000,4000,0.0,0,0,"[0, 0]",10,329.8650307930002
singular2,5000,5000,63,0.8649988500691977,"c=1,d=2",watanabe,1,2000,4000,0.0,0,0,"[0, 0]",10,322.45361229899936
regular,5000,5000,63,1.497215068575924,"c=1,d=5",watanabe,1,2000,4000,0.0,0,0,"[0, 0]",5,139.52199097899938
e-singular,5000,5000,63,1.4417850948158055,"c=1,d=5",watanabe,1,2000,4000,0.0,0,0,"[0, 0]",6,184.7144370060014
singular1,5000,5000,63,0.7824534812967816,"c=1,d=5",watanabe,1,2000,4000,0.0,0,0,"[0, 0]",10,322.78898756400304
singular2,5000,5000,63,0.8851369132142877,"c=1,d=5",watanabe,1,2000,4000,0.0,0,0,"[0, 0]",10,344.8860255039981
regular,50,50,64,1.5028445589101265,"c=1,d=2",watanabe,1,2000,4000,0.0,0,0,"[0, 0]",5,55.78271557100015
e-singular,50,50,64,0.9370086518299702,"c=1,d=2",watanabe,1,2000,4000,0.0,0,0,"[0, 0]",8,58.32093112900111
singular1,50,50,64,1.0751325945974288,"c=1,d=2",watanabe,1,2000,4000,0.0,0,0,"[0, 0]",8,58.33674901500126
singular2,50,50,64,0.8401293002716342,"c=1,d=2",watanabe,1,2000,4000,0.0,0,0,"[0, 0]",8,57.284859089002566
regular,50,50,64,1.3543509655401775,"c=1,d=5",watanabe,1,2000,4000,0.0,0,0,"[0, 0]",5,51.98116487199877
e-singular,50,50,64,1.053891935929243,"c=1,d=5",watanabe,1,2000,4000,0.0,0,0,"[0, 0]",9,60.51233947699802
singular1,50,50,64,1.1789359776370196,"c=1,d=5",watanabe,1,2000,4000,0.0,0,0,"[0, 0]",10,60.35644947399851
singular2,50,50,64,1.0210349107322545,"c=1,d=5",watanabe,1,2000,4000,0.0,0,0,"[0, 0]",8,56.80617003900261
regular,250,250,64,1.5257692465414447,"c=1,d=2",watanabe,1,2000,4000,0.0,0,0,"[0, 0]",5,52.396733376001066
e-singular,250,250,64,1.6511755980746985,"c=1,d=2",watanabe,1,2000,4000,0.0,0,0,"[0, 0]",7,56.5528231749995
singular1,250,250,64,1.126750332585048,"c=1,d=2",watanabe,1,2000,4000,0.0,0,0,"[0, 0]",10,63.785809572997096
singular2,250,250,64,0.888135279639479,"c=1,d=2",watanabe,1,2000,4000,0.0,0,0,"[0, 0]",8,62.16320859499683
regular,250,250,64,1.4156548984799004,"c=1,d=5",watanabe,1,2000,4000,0.0,0,0,"[0, 0]",5,54.292321052998886
e-singular,250,250,64,1.6271860691894533,"c=1,d=5",watanabe,1,2000,4000,0.0,0,0,"[0, 0]",8,56.07721283099818
singular1,250,250,64,0.9960305457589156,"c=1,d=5",watanabe,1,2000,4000,0.0,0,0,"[0, 0]",10,64.03313151100156
singular2,250,250,64,0.9320139199296532,"c=1,d=5",watanabe,1,2000,4000,0.0,0,0,"[0, 0]",9,60.93364466899948
regular,5000,5000,64,1.6384112653923373,"c=1,d=2",watanabe,1,2000,4000,0.0,0,0,"[0, 0]",5,151.60414404900075
e-singular,5000,5000,64,1.457773140047535,"c=1,d=2",watanabe,1,2000,4000,0.0,0,0,"[0, 0]",7,183.29063816500275
singular1,5000,5000,64,0.6621412743533621,"c=1,d=2",watanabe,1,2000,4000,0.0,0,0,"[0, 0]",10,350.4129199069976
singular2,5000,5000,64,0.9320933918437952,"c=1,d=2",watanabe,1,2000,4000,0.0,0,0,"[0, 0]",10,343.36402413199903
regular,5000,5000,64,1.5148683792654718,"c=1,d=5",watanabe,1,2000,4000,0.0,0,0,"[0, 0]",5,141.1695298070008
e-singular,5000,5000,64,1.493776377479382,"c=1,d=5",watanabe,1,2000,4000,0.0,0,0,"[0, 0]",6,181.3097892149999
singular1,5000,5000,64,0.8472169860382395,"c=1,d=5",watanabe,1,2000,4000,0.0,0,0,"[0, 0]",10,378.33117941500313
singular2,5000,5000,64,0.7974115662045045,"c=1,d=5",watanabe,1,2000,4000,0.0,0,0,"[0, 0]",10,371.84162136899977
regular,50,50,65,1.3795266174364749,"c=1,d=2",watanabe,1,2000,4000,0.0,0,0,"[0, 0]",5,48.89287977000277
e-singular,50,50,65,1.129629151579006,"c=1,d=2",watanabe,1,2000,4000,0.0,0,0,"[0, 0]",8,49.15115132600113
singular1,50,50,65,1.1123630612783235,"c=1,d=2",watanabe,1,2000,4000,0.0,0,0,"[0, 0]",10,48.52643477200036
singular2,50,50,65,0.8618927504096653,"c=1,d=2",watanabe,1,2000,4000,0.0,0,0,"[0, 0]",9,52.68504501699863
regular,50,50,65,1.393727802908204,"c=1,d=5",watanabe,1,2000,4000,0.0,0,0,"[0, 0]",5,48.88550443800341
e-singular,50,50,65,1.0921069663435223,"c=1,d=5",watanabe,1,2000,4000,0.0,0,0,"[0, 0]",8,48.54608962600105
singular1,50,50,65,1.143778037522438,"c=1,d=5",watanabe,1,2000,4000,0.0,0,0,"[0, 0]",10,53.08213827600048
singular2,50,50,65,0.797115532131945,"c=1,d=5",watanabe,1,2000,4000,0.0,0,0,"[0, 0]",9,53.26347763200101
regular,250,250,65,1.4021477454618456,"c=1,d=2",watanabe,1,2000,4000,0.0,0,0,"[0, 0]",5,64.50910027200007
e-singular,250,250,65,1.7350367180005366,"c=1,d=2",watanabe,1,2000,4000,0.0,0,0,"[0, 0]",8,69.53719894499955
singular1,250,250,65,1.0614934455862326,"c=1,d=2",watanabe,1,2000,4000,0.0,0,0,"[0, 0]",9,80.75865936600167
singular2,250,250,65,0.933032571331798,"c=1,d=2",watanabe,1,2000,4000,0.0,0,0,"[0, 0]",9,67.80058876399926
regular,250,250,65,1.484236107163801,"c=1,d=5",watanabe,1,2000,4000,0.0,0,0,"[0, 0]",5,63.07191812400197
e-singular,250,250,65,1.6383572809214766,"c=1,d=5",watanabe,1,2000,4000,0.0,0,0,"[0, 0]",7,65.69901289299742
singular1,250,250,65,1.0748448495439973,"c=1,d=5",watanabe,1,2000,4000,0.0,0,0,"[0, 0]",9,76.0842133110018
singular2,250,250,65,1.0325099937417117,"c=1,d=5",watanabe,1,2000,4000,0.0,0,0,"[0, 0]",8,67.6329987320023
regular,5000,5000,65,1.548338849393355,"c=1,d=2",watanabe,1,2000,4000,0.0,0,0,"[0, 0]",6,168.2046177960001
e-singular,5000,5000,65,1.4763526913409235,"c=1,d=2",watanabe,1,2000,4000,0.0,0,0,"[0, 0]",7,203.0669797509981
singular1,5000,5000,65,0.7960888266743357,"c=1,d=2",watanabe,1,2000,4000,0.0,0,0,"[0, 0]",10,334.4381242689997
singular2,5000,5000,65,0.6816718344710696,"c=1,d=2",watanabe,1,2000,4000,0.0,0,0,"[0, 0]",10,372.5601990849973
regular,5000,5000,65,1.490910647657682,"c=1,d=5",watanabe,1,2000,4000,0.0,0,0,"[0, 0]",5,153.77144567700452
e-singular,5000,5000,65,1.5122331067353982,"c=1,d=5",watanabe,1,2000,4000,0.0,0,0,"[0, 0]",6,198.1224994559961
singular1,5000,5000,65,0.782135294602064,"c=1,d=5",watanabe,1,2000,4000,0.0,0,0,"[0, 0]",10,343.8016733900004
singular2,5000,5000,65,0.7572291648016639,"c=1,d=5",watanabe,1,2000,4000,0.0,0,0,"[0, 0]",10,395.93057982499886
regular,50,50,66,1.436051931760855,"c=1,d=2",watanabe,1,2000,4000,0.0,0,0,"[0, 0]",5,44.42522582300444
e-singular,50,50,66,1.009003910143631,"c=1,d=2",watanabe,1,2000,4000,0.0,0,0,"[0, 0]",9,47.44375102200138
singular1,50,50,66,1.138513174480819,"c=1,d=2",watanabe,1,2000,4000,0.0,0,0,"[0, 0]",10,49.4249612709973
singular2,50,50,66,1.0496922020077086,"c=1,d=2",watanabe,1,2000,4000,0.0,0,0,"[0, 0]",8,45.8100669350024
regular,50,50,66,1.3831196686514868,"c=1,d=5",watanabe,1,2000,4000,0.0,0,0,"[0, 0]",5,44.34355152500211
e-singular,50,50,66,1.1946356610273263,"c=1,d=5",watanabe,1,2000,4000,0.0,0,0,"[0, 0]",9,47.69147195199912
singular1,50,50,66,1.1742120907066855,"c=1,d=5",watanabe,1,2000,4000,0.0,0,0,"[0, 0]",10,51.90008206600032
singular2,50,50,66,0.8788705284615269,"c=1,d=5",watanabe,1,2000,4000,0.0,0,0,"[0, 0]",8,46.03341507299774
regular,250,250,66,1.524781266110941,"c=1,d=2",watanabe,1,2000,4000,0.0,0,0,"[0, 0]",5,66.34962548600015
e-singular,250,250,66,1.6081816419260797,"c=1,d=2",watanabe,1,2000,4000,0.0,0,0,"[0, 0]",7,64.52079818100174
singular1,250,250,66,0.9550398428017248,"c=1,d=2",watanabe,1,2000,4000,0.0,0,0,"[0, 0]",10,75.07565496100142
singular2,250,250,66,0.8370085441736325,"c=1,d=2",watanabe,1,2000,4000,0.0,0,0,"[0, 0]",8,73.20449006499985
regular,250,250,66,1.521470644862566,"c=1,d=5",watanabe,1,2000,4000,0.0,0,0,"[0, 0]",5,68.17568514600134
e-singular,250,250,66,1.64448659749562,"c=1,d=5",watanabe,1,2000,4000,0.0,0,0,"[0, 0]",8,68.96973494600388
singular1,250,250,66,0.8761491314972456,"c=1,d=5",watanabe,1,2000,4000,0.0,0,0,"[0, 0]",9,76.57571834700502
singular2,250,250,66,0.9011922041770174,"c=1,d=5",watanabe,1,2000,4000,0.0,0,0,"[0, 0]",9,70.10747945500043
regular,5000,5000,66,1.4889896565032872,"c=1,d=2",watanabe,1,2000,4000,0.0,0,0,"[0, 0]",5,161.77802640899608
e-singular,5000,5000,66,1.561530011423882,"c=1,d=2",watanabe,1,2000,4000,0.0,0,0,"[0, 0]",6,250.87722714799747
singular1,5000,5000,66,0.7798330175843181,"c=1,d=2",watanabe,1,2000,4000,0.0,0,0,"[0, 0]",10,390.473667141996
singular2,5000,5000,66,0.8565647794623275,"c=1,d=2",watanabe,1,2000,4000,0.0,0,0,"[0, 0]",10,348.36946632599575
regular,5000,5000,66,1.4893690215727744,"c=1,d=5",watanabe,1,2000,4000,0.0,0,0,"[0, 0]",5,164.3481900800034
e-singular,5000,5000,66,1.479989465390695,"c=1,d=5",watanabe,1,2000,4000,0.0,0,0,"[0, 0]",6,235.156510230001
singular1,5000,5000,66,0.8139663355785738,"c=1,d=5",watanabe,1,2000,4000,0.0,0,0,"[0, 0]",10,379.9875789840007
singular2,5000,5000,66,0.7786671071425667,"c=1,d=5",watanabe,1,2000,4000,0.0,0,0,"[0, 0]",10,377.1467022959987
regular,50,50,67,1.3637278281353773,"c=1,d=2",watanabe,1,2000,4000,0.0,0,0,"[0, 0]",5,52.3590327369966
e-singular,50,50,67,1.2305453332511869,"c=1,d=2",watanabe,1,2000,4000,0.0,0,0,"[0, 0]",8,53.215996017999714
singular1,50,50,67,1.0193071723408835,"c=1,d=2",watanabe,1,2000,4000,0.0,0,0,"[0, 0]",9,51.806490285998734
singular2,50,50,67,0.8264112083539935,"c=1,d=2",watanabe,1,2000,4000,0.0,0,0,"[0, 0]",8,56.446311138002784
regular,50,50,67,1.3061706425365127,"c=1,d=5",watanabe,1,2000,4000,0.0,0,0,"[0, 0]",5,52.74435889499728
e-singular,50,50,67,1.4069962226065291,"c=1,d=5",watanabe,1,2000,4000,0.0,0,0,"[0, 0]",7,52.61714684100298
singular1,50,50,67,1.0828038388582522,"c=1,d=5",watanabe,1,2000,4000,0.0,0,0,"[0, 0]",9,51.77368743700208
singular2,50,50,67,0.8350135083874618,"c=1,d=5",watanabe,1,2000,4000,0.0,0,0,"[0, 0]",8,58.348355134003214
regular,250,250,67,1.4140799191225126,"c=1,d=2",watanabe,1,2000,4000,0.0,0,0,"[0, 0]",5,61.69494852599746
e-singular,250,250,67,1.5478007034078225,"c=1,d=2",watanabe,1,2000,4000,0.0,0,0,"[0, 0]",8,65.40069094500359
singular1,250,250,67,0.9655249973336062,"c=1,d=2",watanabe,1,2000,4000,0.0,0,0,"[0, 0]",9,73.34194991500408
singular2,250,250,67,0.7992191090583757,"c=1,d=2",watanabe,1,2000,4000,0.0,0,0,"[0, 0]",9,75.6181102039991
regular,250,250,67,1.5194531392307298,"c=1,d=5",watanabe,1,2000,4000,0.0,0,0,"[0, 0]",5,60.716277034000086
e-singular,250,250,67,1.5485841266592573,"c=1,d=5",watanabe,1,2000,4000,0.0,0,0,"[0, 0]",7,61.81248580000101
singular1,250,250,67,0.8996565035298311,"c=1,d=5",watanabe,1,2000,4000,0.0,0,0,"[0, 0]",10,67.45989467400068
singular2,250,250,67,0.8353333201391914,"c=1,d=5",watanabe,1,2000,4000,0.0,0,0,"[0, 0]",10,73.54648816199915
regular,5000,5000,67,1.4853899751978574,"c=1,d=2",watanabe,1,2000,4000,0.0,0,0,"[0, 0]",5,147.5618479180048
e-singular,5000,5000,67,1.481396766253131,"c=1,d=2",watanabe,1,2000,4000,0.0,0,0,"[0, 0]",6,189.15269468399487
singular1,5000,5000,67,0.8389203035764569,"c=1,d=2",watanabe,1,2000,4000,0.0,0,0,"[0, 0]",10,380.840018490002
singular2,5000,5000,67,0.8043051394172352,"c=1,d=2",watanabe,1,2000,4000,0.0,0,0,"[0, 0]",10,275.96730136800034
regular,5000,5000,67,1.5099278156276756,"c=1,d=5",watanabe,1,2000,4000,0.0,0,0,"[0, 0]",5,158.1052116560022
e-singular,5000,5000,67,1.4853186497100876,"c=1,d=5",watanabe,1,2000,4000,0.0,0,0,"[0, 0]",6,175.64852443299606
singular1,5000,5000,67,0.8340670009055825,"c=1,d=5",watanabe,1,2000,4000,0.0,0,0,"[0, 0]",10,379.53699272000085
singular2,5000,5000,67,0.8517354412846756,"c=1,d=5",watanabe,1,2000,4000,0.0,0,0,"[0, 0]",10,366.808159907996
regular,50,50,68,1.4007478986680817,"c=1,d=2",watanabe,1,2000,4000,0.0,0,0,"[0, 0]",5,44.333381561998976
e-singular,50,50,68,0.984035687579826,"c=1,d=2",watanabe,1,2000,4000,0.0,0,0,"[0, 0]",9,48.18069390500023
singular1,50,50,68,1.0222371181608356,"c=1,d=2",watanabe,1,2000,4000,0.0,0,0,"[0, 0]",8,48.9971647620041
singular2,50,50,68,0.8641122971414571,"c=1,d=2",watanabe,1,2000,4000,0.0,0,0,"[0, 0]",8,46.62438347400166
regular,50,50,68,1.345267072599968,"c=1,d=5",watanabe,1,2000,4000,0.0,0,0,"[0, 0]",5,44.47447102500155
e-singular,50,50,68,0.9842749405594546,"c=1,d=5",watanabe,1,2000,4000,0.0,0,0,"[0, 0]",8,46.863199860999885
singular1,50,50,68,0.8856702057779477,"c=1,d=5",watanabe,1,2000,4000,0.0,0,0,"[0, 0]",9,49.42316708400176
singular2,50,50,68,0.9496793000833446,"c=1,d=5",watanabe,1,2000,4000,0.0,0,0,"[0, 0]",8,46.49518936900131
regular,250,250,68,1.4387102899951405,"c=1,d=2",watanabe,1,2000,4000,0.0,0,0,"[0, 0]",5,76.37035149800067
e-singular,250,250,68,1.638942428440959,"c=1,d=2",watanabe,1,2000,4000,0.0,0,0,"[0, 0]",9,83.02394033600285
singular1,250,250,68,1.0354251570247075,"c=1,d=2",watanabe,1,2000,4000,0.0,0,0,"[0, 0]",10,91.36297101799572
singular2,250,250,68,0.9016297513013832,"c=1,d=2",watanabe,1,2000,4000,0.0,0,0,"[0, 0]",9,90.1016992299992
regular,250,250,68,1.4379322047690022,"c=1,d=5",watanabe,1,2000,4000,0.0,0,0,"[0, 0]",5,79.27285497300181
e-singular,250,250,68,1.5128346390193053,"c=1,d=5",watanabe,1,2000,4000,0.0,0,0,"[0, 0]",7,80.21627974799776
singular1,250,250,68,1.0297599648834497,"c=1,d=5",watanabe,1,2000,4000,0.0,0,0,"[0, 0]",10,90.19200596299925
singular2,250,250,68,0.8513691821977176,"c=1,d=5",watanabe,1,2000,4000,0.0,0,0,"[0, 0]",10,90.4625819360008
regular,5000,5000,68,1.3666340321141943,"c=1,d=2",watanabe,1,2000,4000,0.0,0,0,"[0, 0]",6,190.7917108410038
e-singular,5000,5000,68,1.531625689778035,"c=1,d=2",watanabe,1,2000,4000,0.0,0,0,"[0, 0]",7,187.4685661830008
singular1,5000,5000,68,0.836273938572342,"c=1,d=2",watanabe,1,2000,4000,0.0,0,0,"[0, 0]",10,357.7305744089972
singular2,5000,5000,68,0.8458319105152348,"c=1,d=2",watanabe,1,2000,4000,0.0,0,0,"[0, 0]",10,376.2882653740016
regular,5000,5000,68,1.4929447334497314,"c=1,d=5",watanabe,1,2000,4000,0.0,0,0,"[0, 0]",5,161.6622636989996
e-singular,5000,5000,68,1.492235049009501,"c=1,d=5",watanabe,1,2000,4000,0.0,0,0,"[0, 0]",6,188.0943242959984
singular1,5000,5000,68,0.7199041931393556,"c=1,d=5",watanabe,1,2000,4000,0.0,0,0,"[0, 0]",10,333.8992597319957
singular2,5000,5000,68,0.7917188839189208,"c=1,d=5",watanabe,1,2000,4000,0.0,0,0,"[0, 0]",10,394.6861687120036
regular,50,50,69,1.4591989685272109,"c=1,d=2",watanabe,1,2000,4000,0.0,0,0,"[0, 0]",5,44.7884348669977
e-singular,50,50,69,1.3259357099079925,"c=1,d=2",watanabe,1,2000,4000,0.0,0,0,"[0, 0]",8,44.7920909079985
singular1,50,50,69,1.145792731938727,"c=1,d=2",watanabe,1,2000,4000,0.0,0,0,"[0, 0]",10,48.77278236499842
singular2,50,50,69,0.9799856036335888,"c=1,d=2",watanabe,1,2000,4000,0.0,0,0,"[0, 0]",8,51.45068856299622
regular,50,50,69,1.522161370058123,"c=1,d=5",watanabe,1,2000,4000,0.0,0,0,"[0, 0]",5,44.72602239900152
e-singular,50,50,69,1.4198578439442595,"c=1,d=5",watanabe,1,2000,4000,0.0,0,0,"[0, 0]",7,44.80649940999865
singular1,50,50,69,1.1381920081837422,"c=1,d=5",watanabe,1,2000,4000,0.0,0,0,"[0, 0]",9,48.755520999999135
singular2,50,50,69,0.8884686559961592,"c=1,d=5",watanabe,1,2000,4000,0.0,0,0,"[0, 0]",9,52.41197425899736
regular,250,250,69,1.4488102356995731,"c=1,d=2",watanabe,1,2000,4000,0.0,0,0,"[0, 0]",5,63.62555451600201
e-singular,250,250,69,1.674155264188464,"c=1,d=2",watanabe,1,2000,4000,0.0,0,0,"[0, 0]",9,65.08827217699582
singular1,250,250,69,1.0961498964721743,"c=1,d=2",watanabe,1,2000,4000,0.0,0,0,"[0, 0]",9,73.42345219400158
singular2,250,250,69,1.0511311231636815,"c=1,d=2",watanabe,1,2000,4000,0.0,0,0,"[0, 0]",9,73.9664509419963
regular,250,250,69,1.5736723859091302,"c=1,d=5",watanabe,1,2000,4000,0.0,0,0,"[0, 0]",5,59.13895256500109
e-singular,250,250,69,1.7229111928512972,"c=1,d=5",watanabe,1,2000,4000,0.0,0,0,"[0, 0]",7,63.66749131799588
singular1,250,250,69,1.059999320770778,"c=1,d=5",watanabe,1,2000,4000,0.0,0,0,"[0, 0]",10,71.90916229900176
singular2,250,250,69,0.9179361076017438,"c=1,d=5",watanabe,1,2000,4000,0.0,0,0,"[0, 0]",9,68.28276925100363
regular,5000,5000,69,1.4158859430789303,"c=1,d=2",watanabe,1,2000,4000,0.0,0,0,"[0, 0]",5,163.8615879870049
e-singular,5000,5000,69,1.474588925827169,"c=1,d=2",watanabe,1,2000,4000,0.0,0,0,"[0, 0]",7,232.94557888800043
singular1,5000,5000,69,0.9091559915237436,"c=1,d=2",watanabe,1,2000,4000,0.0,0,0,"[0, 0]",10,456.2896211920015
singular2,5000,5000,69,0.7602508892849853,"c=1,d=2",watanabe,1,2000,4000,0.0,0,0,"[0, 0]",10,479.8264999880048
regular,5000,5000,69,1.4298673139543814,"c=1,d=5",watanabe,1,2000,4000,0.0,0,0,"[0, 0]",5,164.52199191399995
e-singular,5000,5000,69,1.437117217537515,"c=1,d=5",watanabe,1,2000,4000,0.0,0,0,"[0, 0]",7,204.2737865720046
singular1,5000,5000,69,0.7762701120046591,"c=1,d=5",watanabe,1,2000,4000,0.0,0,0,"[0, 0]",10,480.9722673929937
singular2,5000,5000,69,0.773666128230708,"c=1,d=5",watanabe,1,2000,4000,0.0,0,0,"[0, 0]",10,423.6710879079983
regular,50,50,70,2.0199708775297336,"c=1,d=0.1",watanabe,1,2000,4000,0.0,0,0,"[0, 0]",5,44.786764997996215
e-singular,50,50,70,1.8256498340858984,"c=1,d=0.1",watanabe,1,2000,4000,0.0,0,0,"[0, 0]",8,47.27536065300228
singular1,50,50,70,0.235463758375607,"c=1,d=0.1",watanabe,1,2000,4000,0.0,0,0,"[0, 0]",8,48.21281016300054
singular2,50,50,70,0.7696270393059786,"c=1,d=0.1",watanabe,1,2000,4000,0.0,0,0,"[0, 0]",8,48.767329360001895
regular,50,50,70,1.5089459433780594,"c=1,d=1",watanabe,1,2000,4000,0.0,0,0,"[0, 0]",5,45.10843516800378
e-singular,50,50,70,1.343217626054456,"c=1,d=1",watanabe,1,2000,4000,0.0,0,0,"[0, 0]",8,46.090269747001
singular1,50,50,70,1.308108013270432,"c=1,d=1",watanabe,1,2000,4000,0.0,0,0,"[0, 0]",9,48.81742868100264
singular2,50,50,70,0.9006839636759923,"c=1,d=1",watanabe,1,2000,4000,0.0,0,0,"[0, 0]",8,48.05593978199613
regular,50,50,70,1.3118684095445754,"c=1,d=2",watanabe,1,2000,4000,0.0,0,0,"[0, 0]",5,61.24378975099535
e-singular,50,50,70,1.2289417720780675,"c=1,d=2",watanabe,1,2000,4000,0.0,0,0,"[0, 0]",8,62.15951613099605
singular1,50,50,70,1.112637475780076,"c=1,d=2",watanabe,1,2000,4000,0.0,0,0,"[0, 0]",9,66.65829674199631
singular2,50,50,70,0.8075411400614043,"c=1,d=2",watanabe,1,2000,4000,0.0,0,0,"[0, 0]",8,65.50095207100094
regular,50,50,70,1.3660214073907353,"c=1,d=5",watanabe,1,2000,4000,0.0,0,0,"[0, 0]",5,61.5481076770011
e-singular,50,50,70,1.349879791292095,"c=1,d=5",watanabe,1,2000,4000,0.0,0,0,"[0, 0]",8,57.954529224
singular1,50,50,70,1.206013801150545,"c=1,d=5",watanabe,1,2000,4000,0.0,0,0,"[0, 0]",10,69.29493242099852
singular2,50,50,70,0.986827352195351,"c=1,d=5",watanabe,1,2000,4000,0.0,0,0,"[0, 0]",9,65.16451844300173
regular,50,50,70,1.3858009176363597,"c=1,d=10",watanabe,1,2000,4000,0.0,0,0,"[0, 0]",5,55.9628540029953
e-singular,50,50,70,1.3761527457222706,"c=1,d=10",watanabe,1,2000,4000,0.0,0,0,"[0, 0]",8,56.23868036800559
singular1,50,50,70,1.1804920297607846,"c=1,d=10",watanabe,1,2000,4000,0.0,0,0,"[0, 0]",10,63.390146853998885
singular2,50,50,70,0.9176379752426778,"c=1,d=10",watanabe,1,2000,4000,0.0,0,0,"[0, 0]",9,61.98033448699425
regular,250,250,70,2.332180185876286,"c=1,d=0.1",watanabe,1,2000,4000,0.0,0,0,"[0, 0]",5,59.74938653999561
e-singular,250,250,70,2.655653413906256,"c=1,d=0.1",watanabe,1,2000,4000,0.0,0,0,"[0, 0]",7,61.31118970300304
singular1,250,250,70,1.5190806361331528,"c=1,d=0.1",watanabe,1,2000,4000,0.0,0,0,"[0, 0]",9,68.47946199299622
singular2,250,250,70,1.0488344159151068,"c=1,d=0.1",watanabe,1,2000,4000,0.0,0,0,"[0, 0]",8,65.39421959199535
regular,250,250,70,1.2631363675879692,"c=1,d=1",watanabe,1,2000,4000,0.0,0,0,"[0, 0]",5,56.81642658299825
e-singular,250,250,70,2.221913110731003,"c=1,d=1",watanabe,1,2000,4000,0.0,0,0,"[0, 0]",9,56.79666582700156
singular1,250,250,70,0.8067412814994116,"c=1,d=1",watanabe,1,2000,4000,0.0,0,0,"[0, 0]",10,74.8737233339998
singular2,250,250,70,0.8352453091836554,"c=1,d=1",watanabe,1,2000,4000,0.0,0,0,"[0, 0]",8,70.15990777600382
regular,250,250,70,1.506251543150844,"c=1,d=2",watanabe,1,2000,4000,0.0,0,0,"[0, 0]",5,60.82556592699984
e-singular,250,250,70,1.6523618011566137,"c=1,d=2",watanabe,1,2000,4000,0.0,0,0,"[0, 0]",7,65.00728739999613
singular1,250,250,70,0.8893377057192646,"c=1,d=2",watanabe,1,2000,4000,0.0,0,0,"[0, 0]",10,68.85234484600369
singular2,250,250,70,0.8736992051203232,"c=1,d=2",watanabe,1,2000,4000,0.0,0,0,"[0, 0]",9,70.12983135000104
regular,250,250,70,1.4813286178174356,"c=1,d=5",watanabe,1,2000,4000,0.0,0,0,"[0, 0]",5,57.800437383004464
e-singular,250,250,70,1.6026189014192835,"c=1,d=5",watanabe,1,2000,4000,0.0,0,0,"[0, 0]",8,57.9429697739979
singular1,250,250,70,0.96528052378851,"c=1,d=5",watanabe,1,2000,4000,0.0,0,0,"[0, 0]",10,73.05323472999589
singular2,250,250,70,0.8266048210841115,"c=1,d=5",watanabe,1,2000,4000,0.0,0,0,"[0, 0]",9,66.19844067400118
regular,250,250,70,1.554051778744416,"c=1,d=10",watanabe,1,2000,4000,0.0,0,0,"[0, 0]",5,56.27415675800148
e-singular,250,250,70,1.6552797498230212,"c=1,d=10",watanabe,1,2000,4000,0.0,0,0,"[0, 0]",8,55.65671541499614
singular1,250,250,70,1.0350177999401586,"c=1,d=10",watanabe,1,2000,4000,0.0,0,0,"[0, 0]",10,78.67681943399657
singular2,250,250,70,0.8987346707273106,"c=1,d=10",watanabe,1,2000,4000,0.0,0,0,"[0, 0]",9,67.97696250500303
regular,5000,5000,70,1.623957777619088,"c=1,d=0.1",watanabe,1,2000,4000,0.0,0,0,"[0, 0]",5,152.89247375899868
e-singular,5000,5000,70,1.9885315997770432,"c=1,d=0.1",watanabe,1,2000,4000,0.0,0,0,"[0, 0]",6,224.62718774600216
singular1,5000,5000,70,0.330186028329096,"c=1,d=0.1",watanabe,1,2000,4000,0.0,0,0,"[0, 0]",10,391.599917051004
singular2,5000,5000,70,0.8089033715223451,"c=1,d=0.1",watanabe,1,2000,4000,0.0,0,0,"[0, 0]",10,462.9878830820016
regular,5000,5000,70,1.3738627478876488,"c=1,d=1",watanabe,1,2000,4000,0.0,0,0,"[0, 0]",6,181.61607074299536
e-singular,5000,5000,70,1.454899767533307,"c=1,d=1",watanabe,1,2000,4000,0.0,0,0,"[0, 0]",7,205.08683454900165
singular1,5000,5000,70,0.8306132207551002,"c=1,d=1",watanabe,1,2000,4000,0.0,0,0,"[0, 0]",10,393.4824522889976
singular2,5000,5000,70,0.8614816910346839,"c=1,d=1",watanabe,1,2000,4000,0.0,0,0,"[0, 0]",10,438.2947157060044
regular,5000,5000,70,1.3818952196341874,"c=1,d=2",watanabe,1,2000,4000,0.0,0,0,"[0, 0]",6,249.0116795479989
e-singular,5000,5000,70,1.5568128016053242,"c=1,d=2",watanabe,1,2000,4000,0.0,0,0,"[0, 0]",6,191.37165955800447
singular1,5000,5000,70,0.7832532938283465,"c=1,d=2",watanabe,1,2000,4000,0.0,0,0,"[0, 0]",10,418.5626486349938
singular2,5000,5000,70,0.79992621925767,"c=1,d=2",watanabe,1,2000,4000,0.0,0,0,"[0, 0]",10,496.4270980019937
regular,5000,5000,70,1.628618184246568,"c=1,d=5",watanabe,1,2000,4000,0.0,0,0,"[0, 0]",5,155.5023925370042
e-singular,5000,5000,70,1.505864868984487,"c=1,d=5",watanabe,1,2000,4000,0.0,0,0,"[0, 0]",7,266.16968543700204
singular1,5000,5000,70,0.870951229615968,"c=1,d=5",watanabe,1,2000,4000,0.0,0,0,"[0, 0]",10,386.4063447390072
singular2,5000,5000,70,0.7538862999971762,"c=1,d=5",watanabe,1,2000,4000,0.0,0,0,"[0, 0]",10,474.99490151499776
regular,5000,5000,70,1.5150008033714817,"c=1,d=10",watanabe,1,2000,4000,0.0,0,0,"[0, 0]",5,157.3663463269986
e-singular,5000,5000,70,1.5069745359790043,"c=1,d=10",watanabe,1,2000,4000,0.0,0,0,"[0, 0]",7,207.80573431599623
singular1,5000,5000,70,0.932969879449314,"c=1,d=10",watanabe,1,2000,4000,0.0,0,0,"[0, 0]",10,458.5173531379987
singular2,5000,5000,70,0.7909833588043991,"c=1,d=10",watanabe,1,2000,4000,0.0,0,0,"[0, 0]",10,369.02446869499545
regular,50,50,71,1.1290684285144643,"c=1,d=0.1",watanabe,1,2000,4000,0.0,0,0,"[0, 0]",5,41.04997382200236
e-singular,50,50,71,-0.3070226315360653,"c=1,d=0.1",watanabe,1,2000,4000,0.0,0,0,"[0, 0]",8,42.05549458400492
singular1,50,50,71,1.837408983601408,"c=1,d=0.1",watanabe,1,2000,4000,0.0,0,0,"[0, 0]",8,45.00814236199949
singular2,50,50,71,0.883097032345869,"c=1,d=0.1",watanabe,1,2000,4000,0.0,0,0,"[0, 0]",8,42.93701354399673
regular,50,50,71,1.3013750657433183,"c=1,d=1",watanabe,1,2000,4000,0.0,0,0,"[0, 0]",5,45.66073123199749
e-singular,50,50,71,1.6294541927447743,"c=1,d=1",watanabe,1,2000,4000,0.0,0,0,"[0, 0]",8,45.40773267699842
singular1,50,50,71,0.9505278117107352,"c=1,d=1",watanabe,1,2000,4000,0.0,0,0,"[0, 0]",8,55.249478516001545
singular2,50,50,71,1.016510495590374,"c=1,d=1",watanabe,1,2000,4000,0.0,0,0,"[0, 0]",7,53.67655859200022
regular,50,50,71,1.4014460246616935,"c=1,d=2",watanabe,1,2000,4000,0.0,0,0,"[0, 0]",5,69.41506704399944
e-singular,50,50,71,1.7591096183124617,"c=1,d=2",watanabe,1,2000,4000,0.0,0,0,"[0, 0]",7,69.93998425600148
singular1,50,50,71,1.1533768149432126,"c=1,d=2",watanabe,1,2000,4000,0.0,0,0,"[0, 0]",9,72.32615609099594
singular2,50,50,71,0.9409220417960638,"c=1,d=2",watanabe,1,2000,4000,0.0,0,0,"[0, 0]",8,68.46017695399496
regular,50,50,71,1.373168907732581,"c=1,d=5",watanabe,1,2000,4000,0.0,0,0,"[0, 0]",5,64.71790809900267
e-singular,50,50,71,1.5467839128796734,"c=1,d=5",watanabe,1,2000,4000,0.0,0,0,"[0, 0]",7,65.12198459100182
singular1,50,50,71,1.1252192193981676,"c=1,d=5",watanabe,1,2000,4000,0.0,0,0,"[0, 0]",10,65.24489431500115
singular2,50,50,71,0.8837591221017151,"c=1,d=5",watanabe,1,2000,4000,0.0,0,0,"[0, 0]",8,64.06788649399823
regular,50,50,71,1.3906447482735258,"c=1,d=10",watanabe,1,2000,4000,0.0,0,0,"[0, 0]",5,50.76145921500574
e-singular,50,50,71,1.7184505148411764,"c=1,d=10",watanabe,1,2000,4000,0.0,0,0,"[0, 0]",7,49.93146060899744
singular1,50,50,71,1.0642763225802707,"c=1,d=10",watanabe,1,2000,4000,0.0,0,0,"[0, 0]",10,61.73927952400118
singular2,50,50,71,0.9701726955477792,"c=1,d=10",watanabe,1,2000,4000,0.0,0,0,"[0, 0]",8,56.82939813499979
regular,250,250,71,2.103403925230717,"c=1,d=0.1",watanabe,1,2000,4000,0.0,0,0,"[0, 0]",5,54.08743684399815
e-singular,250,250,71,0.9303211505823636,"c=1,d=0.1",watanabe,1,2000,4000,0.0,0,0,"[0, 0]",8,69.726783858001
singular1,250,250,71,0.4487169668368956,"c=1,d=0.1",watanabe,1,2000,4000,0.0,0,0,"[0, 0]",9,75.11406630199781
singular2,250,250,71,1.368110956171923,"c=1,d=0.1",watanabe,1,2000,4000,0.0,0,0,"[0, 0]",9,60.5221415959968
regular,250,250,71,1.4568360370092015,"c=1,d=1",watanabe,1,2000,4000,0.0,0,0,"[0, 0]",5,61.10445461299969
e-singular,250,250,71,1.3049035373050044,"c=1,d=1",watanabe,1,2000,4000,0.0,0,0,"[0, 0]",8,62.0175292060012
singular1,250,250,71,1.2518191357102526,"c=1,d=1",watanabe,1,2000,4000,0.0,0,0,"[0, 0]",9,62.60251908999635
singular2,250,250,71,1.039753073177637,"c=1,d=1",watanabe,1,2000,4000,0.0,0,0,"[0, 0]",9,60.06933621299686
regular,250,250,71,1.4624020577663797,"c=1,d=2",watanabe,1,2000,4000,0.0,0,0,"[0, 0]",5,56.252862804998585
e-singular,250,250,71,1.3114938081013774,"c=1,d=2",watanabe,1,2000,4000,0.0,0,0,"[0, 0]",8,56.38066084899765
singular1,250,250,71,1.0114025155595023,"c=1,d=2",watanabe,1,2000,4000,0.0,0,0,"[0, 0]",9,57.18059739299497
singular2,250,250,71,0.95321735250218,"c=1,d=2",watanabe,1,2000,4000,0.0,0,0,"[0, 0]",8,58.21956525099813
regular,250,250,71,1.4708806454642138,"c=1,d=5",watanabe,1,2000,4000,0.0,0,0,"[0, 0]",5,54.17278851300216
e-singular,250,250,71,1.496379340198705,"c=1,d=5",watanabe,1,2000,4000,0.0,0,0,"[0, 0]",8,64.37580829900253
singular1,250,250,71,1.1147839962573218,"c=1,d=5",watanabe,1,2000,4000,0.0,0,0,"[0, 0]",10,69.70291367099708
singular2,250,250,71,0.947836461286162,"c=1,d=5",watanabe,1,2000,4000,0.0,0,0,"[0, 0]",9,65.61404199800018
regular,250,250,71,1.4144967854743389,"c=1,d=10",watanabe,1,2000,4000,0.0,0,0,"[0, 0]",5,66.63550787300483
e-singular,250,250,71,1.4944065103104769,"c=1,d=10",watanabe,1,2000,4000,0.0,0,0,"[0, 0]",9,61.45114804700279
singular1,250,250,71,1.0892084540584226,"c=1,d=10",watanabe,1,2000,4000,0.0,0,0,"[0, 0]",10,65.88309884699993
singular2,250,250,71,1.0281125441051884,"c=1,d=10",watanabe,1,2000,4000,0.0,0,0,"[0, 0]",9,53.4338546450017
regular,5000,5000,71,2.0778079773037006,"c=1,d=0.1",watanabe,1,2000,4000,0.0,0,0,"[0, 0]",5,140.31163994700182
e-singular,5000,5000,71,0.8115153871529401,"c=1,d=0.1",watanabe,1,2000,4000,0.0,0,0,"[0, 0]",7,209.9348042290003
singular1,5000,5000,71,0.8302875664656295,"c=1,d=0.1",watanabe,1,2000,4000,0.0,0,0,"[0, 0]",10,516.5714456849964
singular2,5000,5000,71,0.7691264843940065,"c=1,d=0.1",watanabe,1,2000,4000,0.0,0,0,"[0, 0]",10,510.0663072789976
regular,5000,5000,71,1.4000545738741113,"c=1,d=1",watanabe,1,2000,4000,0.0,0,0,"[0, 0]",5,170.27653616199677
e-singular,5000,5000,71,1.4170312757122945,"c=1,d=1",watanabe,1,2000,4000,0.0,0,0,"[0, 0]",6,211.110708248998
singular1,5000,5000,71,0.7645638585203457,"c=1,d=1",watanabe,1,2000,4000,0.0,0,0,"[0, 0]",10,469.8257451660029
singular2,5000,5000,71,0.657560054200394,"c=1,d=1",watanabe,1,2000,4000,0.0,0,0,"[0, 0]",9,477.6688614369996
regular,5000,5000,71,1.5119606207884193,"c=1,d=2",watanabe,1,2000,4000,0.0,0,0,"[0, 0]",5,159.9296278969996
e-singular,5000,5000,71,1.398945619525345,"c=1,d=2",watanabe,1,2000,4000,0.0,0,0,"[0, 0]",6,192.2490978259957
singular1,5000,5000,71,0.8129304812295038,"c=1,d=2",watanabe,1,2000,4000,0.0,0,0,"[0, 0]",10,457.61097644000256
singular2,5000,5000,71,0.8348036504197822,"c=1,d=2",watanabe,1,2000,4000,0.0,0,0,"[0, 0]",10,501.4453170550041
regular,5000,5000,71,1.5655394478284048,"c=1,d=5",watanabe,1,2000,4000,0.0,0,0,"[0, 0]",6,276.12009025700536
e-singular,5000,5000,71,1.5351138208062731,"c=1,d=5",watanabe,1,2000,4000,0.0,0,0,"[0, 0]",7,206.6712780890012
singular1,5000,5000,71,0.8898634388925662,"c=1,d=5",watanabe,1,2000,4000,0.0,0,0,"[0, 0]",10,433.4974051530007
singular2,5000,5000,71,0.7543068590109417,"c=1,d=5",watanabe,1,2000,4000,0.0,0,0,"[0, 0]",10,405.033161530002
regular,5000,5000,71,1.5294613336797516,"c=1,d=10",watanabe,1,2000,4000,0.0,0,0,"[0, 0]",5,151.76211540099757
e-singular,5000,5000,71,1.5262931011886989,"c=1,d=10",watanabe,1,2000,4000,0.0,0,0,"[0, 0]",7,191.1767229859979
singular1,5000,5000,71,0.8362296545779627,"c=1,d=10",watanabe,1,2000,4000,0.0,0,0,"[0, 0]",10,321.46086425100657
singular2,5000,5000,71,0.8549063632793743,"c=1,d=10",watanabe,1,2000,4000,0.0,0,0,"[0, 0]",10,414.1075892759982
regular,50,50,72,0.6503724544869239,"c=1,d=0.1",watanabe,1,2000,4000,0.0,0,0,"[0, 0]",5,45.00533149699913
e-singular,50,50,72,1.2000157222515575,"c=1,d=0.1",watanabe,1,2000,4000,0.0,0,0,"[0, 0]",8,47.819261384996935
singular1,50,50,72,0.90284200164325,"c=1,d=0.1",watanabe,1,2000,4000,0.0,0,0,"[0, 0]",8,49.8982424259957
singular2,50,50,72,1.0232416215066382,"c=1,d=0.1",watanabe,1,2000,4000,0.0,0,0,"[0, 0]",8,46.527787353996246
regular,50,50,72,1.3294545264617217,"c=1,d=1",watanabe,1,2000,4000,0.0,0,0,"[0, 0]",5,45.26378059199487
e-singular,50,50,72,1.4277632555502129,"c=1,d=1",watanabe,1,2000,4000,0.0,0,0,"[0, 0]",8,50.62388580499828
singular1,50,50,72,1.1652474500797991,"c=1,d=1",watanabe,1,2000,4000,0.0,0,0,"[0, 0]",10,51.58871513199847
singular2,50,50,72,1.0855191098489214,"c=1,d=1",watanabe,1,2000,4000,0.0,0,0,"[0, 0]",8,52.176485989002686
regular,50,50,72,1.340928463025275,"c=1,d=2",watanabe,1,2000,4000,0.0,0,0,"[0, 0]",5,59.77905625900166
e-singular,50,50,72,1.4628554803049003,"c=1,d=2",watanabe,1,2000,4000,0.0,0,0,"[0, 0]",8,56.34341538699664
singular1,50,50,72,1.2584474099629035,"c=1,d=2",watanabe,1,2000,4000,0.0,0,0,"[0, 0]",10,65.3248946599997
singular2,50,50,72,1.0803033856400277,"c=1,d=2",watanabe,1,2000,4000,0.0,0,0,"[0, 0]",8,60.70339007799339
regular,50,50,72,1.3025343750058818,"c=1,d=5",watanabe,1,2000,4000,0.0,0,0,"[0, 0]",5,56.94226451100258
e-singular,50,50,72,1.483755759494829,"c=1,d=5",watanabe,1,2000,4000,0.0,0,0,"[0, 0]",8,64.04561142799503
singular1,50,50,72,1.2072140538745804,"c=1,d=5",watanabe,1,2000,4000,0.0,0,0,"[0, 0]",9,61.01409169600083
singular2,50,50,72,1.0687148049955886,"c=1,d=5",watanabe,1,2000,4000,0.0,0,0,"[0, 0]",9,59.1856716609982
regular,50,50,72,1.4304218760192102,"c=1,d=10",watanabe,1,2000,4000,0.0,0,0,"[0, 0]",5,56.16685321100522
e-singular,50,50,72,1.3689899949680149,"c=1,d=10",watanabe,1,2000,4000,0.0,0,0,"[0, 0]",8,61.60843444099737
singular1,50,50,72,1.2206900309541435,"c=1,d=10",watanabe,1,2000,4000,0.0,0,0,"[0, 0]",10,58.4497147140064
singular2,50,50,72,0.9589337122454786,"c=1,d=10",watanabe,1,2000,4000,0.0,0,0,"[0, 0]",8,58.73407402100565
regular,250,250,72,1.224849276995846,"c=1,d=0.1",watanabe,1,2000,4000,0.0,0,0,"[0, 0]",5,51.79781122800341
e-singular,250,250,72,3.0881759090193315,"c=1,d=0.1",watanabe,1,2000,4000,0.0,0,0,"[0, 0]",8,57.27470060800261
singular1,250,250,72,0.9240740130706684,"c=1,d=0.1",watanabe,1,2000,4000,0.0,0,0,"[0, 0]",10,69.68427229499503
singular2,250,250,72,0.5482613307423457,"c=1,d=0.1",watanabe,1,2000,4000,0.0,0,0,"[0, 0]",8,62.12173380999593
regular,250,250,72,1.447654622603347,"c=1,d=1",watanabe,1,2000,4000,0.0,0,0,"[0, 0]",5,58.80882151900005
e-singular,250,250,72,1.618631231687523,"c=1,d=1",watanabe,1,2000,4000,0.0,0,0,"[0, 0]",8,61.82921291900129
singular1,250,250,72,0.9780823494733606,"c=1,d=1",watanabe,1,2000,4000,0.0,0,0,"[0, 0]",9,74.29317252899637
singular2,250,250,72,0.9530257529669076,"c=1,d=1",watanabe,1,2000,4000,0.0,0,0,"[0, 0]",9,64.7676914879994
regular,250,250,72,1.5276774254102263,"c=1,d=2",watanabe,1,2000,4000,0.0,0,0,"[0, 0]",5,63.5526239259998
e-singular,250,250,72,1.554435771677637,"c=1,d=2",watanabe,1,2000,4000,0.0,0,0,"[0, 0]",8,69.66707994799799
singular1,250,250,72,0.9839472872080608,"c=1,d=2",watanabe,1,2000,4000,0.0,0,0,"[0, 0]",9,75.3907184080017
singular2,250,250,72,0.8594059189665849,"c=1,d=2",watanabe,1,2000,4000,0.0,0,0,"[0, 0]",9,73.46629389900045
regular,250,250,72,1.468747378825212,"c=1,d=5",watanabe,1,2000,4000,0.0,0,0,"[0, 0]",5,48.2212769819962
e-singular,250,250,72,1.563274873782333,"c=1,d=5",watanabe,1,2000,4000,0.0,0,0,"[0, 0]",8,68.2272131369973
singular1,250,250,72,1.0638806798631093,"c=1,d=5",watanabe,1,2000,4000,0.0,0,0,"[0, 0]",10,73.31862079299754
singular2,250,250,72,0.9207487451722752,"c=1,d=5",watanabe,1,2000,4000,0.0,0,0,"[0, 0]",9,70.56450065500394
regular,250,250,72,1.5085401948947774,"c=1,d=10",watanabe,1,2000,4000,0.0,0,0,"[0, 0]",5,54.7558176349994
e-singular,250,250,72,1.5731637546312256,"c=1,d=10",watanabe,1,2000,4000,0.0,0,0,"[0, 0]",9,60.908107661998656
singular1,250,250,72,1.0050425202025566,"c=1,d=10",watanabe,1,2000,4000,0.0,0,0,"[0, 0]",10,75.04991412700474
singular2,250,250,72,0.8501444366828839,"c=1,d=10",watanabe,1,2000,4000,0.0,0,0,"[0, 0]",10,82.07924308100337
regular,5000,5000,72,1.3798068770196563,"c=1,d=0.1",watanabe,1,2000,4000,0.0,0,0,"[0, 0]",5,159.23499910400278
e-singular,5000,5000,72,0.4428645899294447,"c=1,d=0.1",watanabe,1,2000,4000,0.0,0,0,"[0, 0]",7,234.812518261002
singular1,5000,5000,72,1.571502721300574,"c=1,d=0.1",watanabe,1,2000,4000,0.0,0,0,"[0, 0]",10,454.3859385250034
singular2,5000,5000,72,1.67270019654805,"c=1,d=0.1",watanabe,1,2000,4000,0.0,0,0,"[0, 0]",10,433.0821324550052
regular,5000,5000,72,1.408646691839188,"c=1,d=1",watanabe,1,2000,4000,0.0,0,0,"[0, 0]",5,157.7627423369995
e-singular,5000,5000,72,1.498282471664654,"c=1,d=1",watanabe,1,2000,4000,0.0,0,0,"[0, 0]",6,220.10358492699743
singular1,5000,5000,72,0.8644180057439863,"c=1,d=1",watanabe,1,2000,4000,0.0,0,0,"[0, 0]",10,452.299348237997
singular2,5000,5000,72,0.7467958989937237,"c=1,d=1",watanabe,1,2000,4000,0.0,0,0,"[0, 0]",10,473.1607363529984
regular,5000,5000,72,1.519157509406839,"c=1,d=2",watanabe,1,2000,4000,0.0,0,0,"[0, 0]",5,155.10944284599827
e-singular,5000,5000,72,1.6570369019983122,"c=1,d=2",watanabe,1,2000,4000,0.0,0,0,"[0, 0]",7,194.99717693300045
singular1,5000,5000,72,0.8126068009657327,"c=1,d=2",watanabe,1,2000,4000,0.0,0,0,"[0, 0]",10,478.71731927600194
singular2,5000,5000,72,0.8090593745521952,"c=1,d=2",watanabe,1,2000,4000,0.0,0,0,"[0, 0]",10,527.760851979001
regular,5000,5000,72,1.510558489490526,"c=1,d=5",watanabe,1,2000,4000,0.0,0,0,"[0, 0]",5,149.3145187850023
e-singular,5000,5000,72,1.630898579158476,"c=1,d=5",watanabe,1,2000,4000,0.0,0,0,"[0, 0]",6,207.0619731619954
singular1,5000,5000,72,0.8936452457926712,"c=1,d=5",watanabe,1,2000,4000,0.0,0,0,"[0, 0]",10,343.61495764400024
singular2,5000,5000,72,0.8115636700013622,"c=1,d=5",watanabe,1,2000,4000,0.0,0,0,"[0, 0]",10,486.1040750869943
regular,5000,5000,72,1.4954843844080905,"c=1,d=10",watanabe,1,2000,4000,0.0,0,0,"[0, 0]",5,158.5089400279976
e-singular,5000,5000,72,1.4664425876418792,"c=1,d=10",watanabe,1,2000,4000,0.0,0,0,"[0, 0]",6,178.0456942220044
singular1,5000,5000,72,0.8889098253738645,"c=1,d=10",watanabe,1,2000,4000,0.0,0,0,"[0, 0]",10,361.0898898689993
singular2,5000,5000,72,0.7462063781320748,"c=1,d=10",watanabe,1,2000,4000,0.0,0,0,"[0, 0]",10,457.2093708370012
regular,50,50,73,1.1343715399949978,"c=1,d=0.1",watanabe,1,2000,4000,0.0,0,0,"[0, 0]",5,42.00617152600171
e-singular,50,50,73,-0.2187778429211362,"c=1,d=0.1",watanabe,1,2000,4000,0.0,0,0,"[0, 0]",8,43.79338046900375
singular1,50,50,73,3.007220993355602,"c=1,d=0.1",watanabe,1,2000,4000,0.0,0,0,"[0, 0]",8,45.57270955499553
singular2,50,50,73,1.5610537401895654,"c=1,d=0.1",watanabe,1,2000,4000,0.0,0,0,"[0, 0]",8,53.861272203001135
regular,50,50,73,1.4888994509236564,"c=1,d=1",watanabe,1,2000,4000,0.0,0,0,"[0, 0]",5,46.09598231300333
e-singular,50,50,73,1.0505470634489933,"c=1,d=1",watanabe,1,2000,4000,0.0,0,0,"[0, 0]",8,49.42257946899917
singular1,50,50,73,1.0758997362689344,"c=1,d=1",watanabe,1,2000,4000,0.0,0,0,"[0, 0]",10,55.22177119599655
singular2,50,50,73,0.8818419374732284,"c=1,d=1",watanabe,1,2000,4000,0.0,0,0,"[0, 0]",9,54.1221925830032
regular,50,50,73,1.550721866070014,"c=1,d=2",watanabe,1,2000,4000,0.0,0,0,"[0, 0]",5,79.50223565999477
e-singular,50,50,73,1.21126691280597,"c=1,d=2",watanabe,1,2000,4000,0.0,0,0,"[0, 0]",8,82.3721171579964
singular1,50,50,73,1.148439985446047,"c=1,d=2",watanabe,1,2000,4000,0.0,0,0,"[0, 0]",9,82.2407706130034
singular2,50,50,73,0.9626627497139216,"c=1,d=2",watanabe,1,2000,4000,0.0,0,0,"[0, 0]",8,80.7829048670028
regular,50,50,73,1.4769180903769628,"c=1,d=5",watanabe,1,2000,4000,0.0,0,0,"[0, 0]",5,72.26790751199587
e-singular,50,50,73,0.9952137925599752,"c=1,d=5",watanabe,1,2000,4000,0.0,0,0,"[0, 0]",9,71.71146076200239
singular1,50,50,73,1.13327215387123,"c=1,d=5",watanabe,1,2000,4000,0.0,0,0,"[0, 0]",10,74.80027883200091
singular2,50,50,73,0.9508246492582332,"c=1,d=5",watanabe,1,2000,4000,0.0,0,0,"[0, 0]",9,75.9382573719995
regular,50,50,73,1.577297972964745,"c=1,d=10",watanabe,1,2000,4000,0.0,0,0,"[0, 0]",6,58.17913729099382
e-singular,50,50,73,0.9701792721467722,"c=1,d=10",watanabe,1,2000,4000,0.0,0,0,"[0, 0]",9,64.96503596300317
singular1,50,50,73,1.222711662299071,"c=1,d=10",watanabe,1,2000,4000,0.0,0,0,"[0, 0]",10,62.27452073500172
singular2,50,50,73,0.987187802436252,"c=1,d=10",watanabe,1,2000,4000,0.0,0,0,"[0, 0]",10,66.81711455800541
regular,250,250,73,-0.0152765238497563,"c=1,d=0.1",watanabe,1,2000,4000,0.0,0,0,"[0, 0]",5,63.16644434600312
e-singular,250,250,73,1.9467773437517863,"c=1,d=0.1",watanabe,1,2000,4000,0.0,0,0,"[0, 0]",8,92.06670311500056
singular1,250,250,73,0.9293927382586192,"c=1,d=0.1",watanabe,1,2000,4000,0.0,0,0,"[0, 0]",9,89.45146220800234
singular2,250,250,73,0.5624982516445117,"c=1,d=0.1",watanabe,1,2000,4000,0.0,0,0,"[0, 0]",8,88.89845946599962
regular,250,250,73,1.3540374480497297,"c=1,d=1",watanabe,1,2000,4000,0.0,0,0,"[0, 0]",5,74.37168973799999
e-singular,250,250,73,1.4194397519917696,"c=1,d=1",watanabe,1,2000,4000,0.0,0,0,"[0, 0]",8,74.12189488700096
singular1,250,250,73,0.9501530129690694,"c=1,d=1",watanabe,1,2000,4000,0.0,0,0,"[0, 0]",10,77.3004648999995
singular2,250,250,73,0.870062629108955,"c=1,d=1",watanabe,1,2000,4000,0.0,0,0,"[0, 0]",9,76.75988512099866
regular,250,250,73,1.4248262725672087,"c=1,d=2",watanabe,1,2000,4000,0.0,0,0,"[0, 0]",5,62.32492267300404
e-singular,250,250,73,1.802379170706365,"c=1,d=2",watanabe,1,2000,4000,0.0,0,0,"[0, 0]",7,63.09005074199376
singular1,250,250,73,1.156132399639662,"c=1,d=2",watanabe,1,2000,4000,0.0,0,0,"[0, 0]",10,69.93765557200095
singular2,250,250,73,0.9328681205939136,"c=1,d=2",watanabe,1,2000,4000,0.0,0,0,"[0, 0]",9,75.17106828700344
regular,250,250,73,1.403283524780376,"c=1,d=5",watanabe,1,2000,4000,0.0,0,0,"[0, 0]",5,62.107694163001725
e-singular,250,250,73,1.5627591031581338,"c=1,d=5",watanabe,1,2000,4000,0.0,0,0,"[0, 0]",7,64.41776441199909
singular1,250,250,73,0.9670189022183862,"c=1,d=5",watanabe,1,2000,4000,0.0,0,0,"[0, 0]",9,73.19968692999828
singular2,250,250,73,0.972928423110627,"c=1,d=5",watanabe,1,2000,4000,0.0,0,0,"[0, 0]",9,72.97707558799448
regular,250,250,73,1.4697654558316589,"c=1,d=10",watanabe,1,2000,4000,0.0,0,0,"[0, 0]",5,53.67811266100034
e-singular,250,250,73,1.465708212552056,"c=1,d=10",watanabe,1,2000,4000,0.0,0,0,"[0, 0]",8,51.31109624700184
singular1,250,250,73,0.9576952674707692,"c=1,d=10",watanabe,1,2000,4000,0.0,0,0,"[0, 0]",10,67.53198680999776
singular2,250,250,73,0.7696318729301593,"c=1,d=10",watanabe,1,2000,4000,0.0,0,0,"[0, 0]",10,67.01870327199867
regular,5000,5000,73,1.2760656888497737,"c=1,d=0.1",watanabe,1,2000,4000,0.0,0,0,"[0, 0]",5,156.11201377899852
e-singular,5000,5000,73,1.918215630701144,"c=1,d=0.1",watanabe,1,2000,4000,0.0,0,0,"[0, 0]",7,214.4539321420016
singular1,5000,5000,73,0.9871080158253376,"c=1,d=0.1",watanabe,1,2000,4000,0.0,0,0,"[0, 0]",10,455.2408803310027
singular2,5000,5000,73,0.0863407013456782,"c=1,d=0.1",watanabe,1,2000,4000,0.0,0,0,"[0, 0]",10,467.8136847279966
regular,5000,5000,73,1.4720123800884946,"c=1,d=1",watanabe,1,2000,4000,0.0,0,0,"[0, 0]",5,166.76844298299693
e-singular,5000,5000,73,1.603767385363574,"c=1,d=1",watanabe,1,2000,4000,0.0,0,0,"[0, 0]",6,205.54142465400216
singular1,5000,5000,73,0.9944059857334664,"c=1,d=1",watanabe,1,2000,4000,0.0,0,0,"[0, 0]",10,462.9190681149994
singular2,5000,5000,73,1.0085239364508238,"c=1,d=1",watanabe,1,2000,4000,0.0,0,0,"[0, 0]",10,495.9159288199953
regular,5000,5000,73,1.43062864341395,"c=1,d=2",watanabe,1,2000,4000,0.0,0,0,"[0, 0]",5,157.50774143899616
e-singular,5000,5000,73,1.5357996608831774,"c=1,d=2",watanabe,1,2000,4000,0.0,0,0,"[0, 0]",6,195.39979069700348
singular1,5000,5000,73,0.8216633137746702,"c=1,d=2",watanabe,1,2000,4000,0.0,0,0,"[0, 0]",10,522.8346614869952
singular2,5000,5000,73,0.9049158040774644,"c=1,d=2",watanabe,1,2000,4000,0.0,0,0,"[0, 0]",10,453.2394040020008
regular,5000,5000,73,1.46641711938258,"c=1,d=5",watanabe,1,2000,4000,0.0,0,0,"[0, 0]",5,149.460217035994
e-singular,5000,5000,73,1.4474328368489504,"c=1,d=5",watanabe,1,2000,4000,0.0,0,0,"[0, 0]",7,215.91531801699605
singular1,5000,5000,73,0.8823368472652906,"c=1,d=5",watanabe,1,2000,4000,0.0,0,0,"[0, 0]",10,492.6022242539984
singular2,5000,5000,73,0.9469188634170678,"c=1,d=5",watanabe,1,2000,4000,0.0,0,0,"[0, 0]",10,360.2252446650018
regular,5000,5000,73,1.4976409650946796,"c=1,d=10",watanabe,1,2000,4000,0.0,0,0,"[0, 0]",6,217.0579105259967
e-singular,5000,5000,73,1.5827759099779592,"c=1,d=10",watanabe,1,2000,4000,0.0,0,0,"[0, 0]",7,203.98143292700115
singular1,5000,5000,73,0.8631417106979937,"c=1,d=10",watanabe,1,2000,4000,0.0,0,0,"[0, 0]",10,351.4009793400037
singular2,5000,5000,73,0.8840861229269023,"c=1,d=10",watanabe,1,2000,4000,0.0,0,0,"[0, 0]",10,325.5103114029989
regular,50,50,74,0.8400464307473631,"c=1,d=0.1",watanabe,1,2000,4000,0.0,0,0,"[0, 0]",5,59.64891586700105
e-singular,50,50,74,1.7224197220612016,"c=1,d=0.1",watanabe,1,2000,4000,0.0,0,0,"[0, 0]",7,60.49737510499836
singular1,50,50,74,1.9138716982538668,"c=1,d=0.1",watanabe,1,2000,4000,0.0,0,0,"[0, 0]",8,65.94851930100413
singular2,50,50,74,1.374399365542508,"c=1,d=0.1",watanabe,1,2000,4000,0.0,0,0,"[0, 0]",7,54.675995766003325
regular,50,50,74,1.5310043809822815,"c=1,d=1",watanabe,1,2000,4000,0.0,0,0,"[0, 0]",5,59.74269259499852
e-singular,50,50,74,1.476909802351001,"c=1,d=1",watanabe,1,2000,4000,0.0,0,0,"[0, 0]",8,64.97471559899714
singular1,50,50,74,1.2295358447761875,"c=1,d=1",watanabe,1,2000,4000,0.0,0,0,"[0, 0]",9,65.57142976800242
singular2,50,50,74,1.1083265822699089,"c=1,d=1",watanabe,1,2000,4000,0.0,0,0,"[0, 0]",8,62.50933638299466
regular,50,50,74,1.451406183965953,"c=1,d=2",watanabe,1,2000,4000,0.0,0,0,"[0, 0]",5,47.31915061199834
e-singular,50,50,74,1.579586402812099,"c=1,d=2",watanabe,1,2000,4000,0.0,0,0,"[0, 0]",7,62.10866146999615
singular1,50,50,74,1.0083538882216605,"c=1,d=2",watanabe,1,2000,4000,0.0,0,0,"[0, 0]",9,62.878753529003006
singular2,50,50,74,1.1408697349651724,"c=1,d=2",watanabe,1,2000,4000,0.0,0,0,"[0, 0]",8,60.05834176400094
regular,50,50,74,1.4500955218275169,"c=1,d=5",watanabe,1,2000,4000,0.0,0,0,"[0, 0]",5,56.44842593299836
e-singular,50,50,74,1.591875140251172,"c=1,d=5",watanabe,1,2000,4000,0.0,0,0,"[0, 0]",8,55.92977162200259
singular1,50,50,74,1.0704352362157747,"c=1,d=5",watanabe,1,2000,4000,0.0,0,0,"[0, 0]",9,59.95951874599996
singular2,50,50,74,1.0233162006571,"c=1,d=5",watanabe,1,2000,4000,0.0,0,0,"[0, 0]",9,57.36011417799455
regular,50,50,74,1.5627772621618867,"c=1,d=10",watanabe,1,2000,4000,0.0,0,0,"[0, 0]",5,51.16766415700113
e-singular,50,50,74,1.6126263623163588,"c=1,d=10",watanabe,1,2000,4000,0.0,0,0,"[0, 0]",7,55.91774047600484
singular1,50,50,74,1.1599712381902978,"c=1,d=10",watanabe,1,2000,4000,0.0,0,0,"[0, 0]",9,56.700077626002894
singular2,50,50,74,0.9948553110909796,"c=1,d=10",watanabe,1,2000,4000,0.0,0,0,"[0, 0]",9,59.26736229200469
regular,250,250,74,1.2059128986402323,"c=1,d=0.1",watanabe,1,2000,4000,0.0,0,0,"[0, 0]",5,72.12899515200115
e-singular,250,250,74,0.8226603243472471,"c=1,d=0.1",watanabe,1,2000,4000,0.0,0,0,"[0, 0]",9,79.68693424099911
singular1,250,250,74,2.0628465208484505,"c=1,d=0.1",watanabe,1,2000,4000,0.0,0,0,"[0, 0]",10,91.6917626650029
singular2,250,250,74,0.4057252412550476,"c=1,d=0.1",watanabe,1,2000,4000,0.0,0,0,"[0, 0]",8,76.0557611990007
regular,250,250,74,1.3265787872944808,"c=1,d=1",watanabe,1,2000,4000,0.0,0,0,"[0, 0]",5,60.32001449100062
e-singular,250,250,74,1.7132138924657545,"c=1,d=1",watanabe,1,2000,4000,0.0,0,0,"[0, 0]",8,56.48725680100324
singular1,250,250,74,1.0979253450584234,"c=1,d=1",watanabe,1,2000,4000,0.0,0,0,"[0, 0]",10,74.55494503799855
singular2,250,250,74,0.8579592444854032,"c=1,d=1",watanabe,1,2000,4000,0.0,0,0,"[0, 0]",8,56.86801350499445
regular,250,250,74,1.6207453524655016,"c=1,d=2",watanabe,1,2000,4000,0.0,0,0,"[0, 0]",5,44.86115151099512
e-singular,250,250,74,1.442081355336686,"c=1,d=2",watanabe,1,2000,4000,0.0,0,0,"[0, 0]",8,57.02201846500248
singular1,250,250,74,1.1610238308500405,"c=1,d=2",watanabe,1,2000,4000,0.0,0,0,"[0, 0]",10,96.80509234299824
singular2,250,250,74,0.9895211433054169,"c=1,d=2",watanabe,1,2000,4000,0.0,0,0,"[0, 0]",9,70.15523336499609
regular,250,250,74,1.4874585322734388,"c=1,d=5",watanabe,1,2000,4000,0.0,0,0,"[0, 0]",5,61.71742174699466
e-singular,250,250,74,1.566936643106241,"c=1,d=5",watanabe,1,2000,4000,0.0,0,0,"[0, 0]",8,66.47771667300549
singular1,250,250,74,1.3250445565192974,"c=1,d=5",watanabe,1,2000,4000,0.0,0,0,"[0, 0]",9,72.5466318990002
singular2,250,250,74,0.8371086779889149,"c=1,d=5",watanabe,1,2000,4000,0.0,0,0,"[0, 0]",9,72.47201775999565
regular,250,250,74,1.46922723822901,"c=1,d=10",watanabe,1,2000,4000,0.0,0,0,"[0, 0]",5,58.95149133200175
e-singular,250,250,74,1.5762824201445422,"c=1,d=10",watanabe,1,2000,4000,0.0,0,0,"[0, 0]",8,66.76205233799556
singular1,250,250,74,1.4227610377171036,"c=1,d=10",watanabe,1,2000,4000,0.0,0,0,"[0, 0]",10,74.01756372000091
singular2,250,250,74,0.7871356809102643,"c=1,d=10",watanabe,1,2000,4000,0.0,0,0,"[0, 0]",9,69.03687758500018
regular,5000,5000,74,1.9138345018193508,"c=1,d=0.1",watanabe,1,2000,4000,0.0,0,0,"[0, 0]",5,156.42745904399635
e-singular,5000,5000,74,2.5701029212669,"c=1,d=0.1",watanabe,1,2000,4000,0.0,0,0,"[0, 0]",6,247.01304979500128
singular1,5000,5000,74,-0.3344650179507175,"c=1,d=0.1",watanabe,1,2000,4000,0.0,0,0,"[0, 0]",10,498.5722792669985
singular2,5000,5000,74,0.0798791933476322,"c=1,d=0.1",watanabe,1,2000,4000,0.0,0,0,"[0, 0]",10,589.0715738619983
regular,5000,5000,74,1.6047485783254258,"c=1,d=1",watanabe,1,2000,4000,0.0,0,0,"[0, 0]",5,161.54687892900256
e-singular,5000,5000,74,1.4234332314794402,"c=1,d=1",watanabe,1,2000,4000,0.0,0,0,"[0, 0]",7,200.76247597999463
singular1,5000,5000,74,0.8032590667031627,"c=1,d=1",watanabe,1,2000,4000,0.0,0,0,"[0, 0]",10,426.8468060790037
singular2,5000,5000,74,0.7672134943128266,"c=1,d=1",watanabe,1,2000,4000,0.0,0,0,"[0, 0]",10,530.5655751430022
regular,5000,5000,74,1.393318020944954,"c=1,d=2",watanabe,1,2000,4000,0.0,0,0,"[0, 0]",5,155.88588326999889
e-singular,5000,5000,74,1.51184700210764,"c=1,d=2",watanabe,1,2000,4000,0.0,0,0,"[0, 0]",7,186.98260854699765
singular1,5000,5000,74,0.9393950646867688,"c=1,d=2",watanabe,1,2000,4000,0.0,0,0,"[0, 0]",10,450.0591320300009
singular2,5000,5000,74,0.7867248724328927,"c=1,d=2",watanabe,1,2000,4000,0.0,0,0,"[0, 0]",10,601.5661124409962
regular,5000,5000,74,1.488752536029286,"c=1,d=5",watanabe,1,2000,4000,0.0,0,0,"[0, 0]",6,196.81575876400169
e-singular,5000,5000,74,1.3959263017638153,"c=1,d=5",watanabe,1,2000,4000,0.0,0,0,"[0, 0]",6,188.8179888010054
singular1,5000,5000,74,0.8042749786933688,"c=1,d=5",watanabe,1,2000,4000,0.0,0,0,"[0, 0]",10,419.01202658799593
singular2,5000,5000,74,0.8501233046950779,"c=1,d=5",watanabe,1,2000,4000,0.0,0,0,"[0, 0]",10,456.5805482030046
regular,5000,5000,74,1.5224921327541936,"c=1,d=10",watanabe,1,2000,4000,0.0,0,0,"[0, 0]",5,151.0072607270049
e-singular,5000,5000,74,1.4654691850252493,"c=1,d=10",watanabe,1,2000,4000,0.0,0,0,"[0, 0]",6,179.8557223280004
singular1,5000,5000,74,0.8615057173627891,"c=1,d=10",watanabe,1,2000,4000,0.0,0,0,"[0, 0]",10,400.3508867679993
singular2,5000,5000,74,0.961334667802696,"c=1,d=10",watanabe,1,2000,4000,0.0,0,0,"[0, 0]",10,571.4495722720021
regular,50,50,75,1.0297753891427244,"c=1,d=0.1",watanabe,1,2000,4000,0.0,0,0,"[0, 0]",5,54.316424958000425
e-singular,50,50,75,0.4945898061502427,"c=1,d=0.1",watanabe,1,2000,4000,0.0,0,0,"[0, 0]",8,65.80878206800116
singular1,50,50,75,1.7720188544263435,"c=1,d=0.1",watanabe,1,2000,4000,0.0,0,0,"[0, 0]",8,65.4325060379997
singular2,50,50,75,1.4802449314696815,"c=1,d=0.1",watanabe,1,2000,4000,0.0,0,0,"[0, 0]",7,58.25864322700363
regular,50,50,75,1.3563810016603817,"c=1,d=1",watanabe,1,2000,4000,0.0,0,0,"[0, 0]",5,63.49240437299886
e-singular,50,50,75,1.218260809065307,"c=1,d=1",watanabe,1,2000,4000,0.0,0,0,"[0, 0]",8,64.41424951200315
singular1,50,50,75,1.2694942104226974,"c=1,d=1",watanabe,1,2000,4000,0.0,0,0,"[0, 0]",9,64.78271712000424
singular2,50,50,75,1.05318920096864,"c=1,d=1",watanabe,1,2000,4000,0.0,0,0,"[0, 0]",9,60.18475451700215
regular,50,50,75,1.4702685620670868,"c=1,d=2",watanabe,1,2000,4000,0.0,0,0,"[0, 0]",5,46.08818223300477
e-singular,50,50,75,1.3313015984015195,"c=1,d=2",watanabe,1,2000,4000,0.0,0,0,"[0, 0]",8,42.878318103998026
singular1,50,50,75,1.0990274846214438,"c=1,d=2",watanabe,1,2000,4000,0.0,0,0,"[0, 0]",8,48.22561892399972
singular2,50,50,75,1.0875784709133856,"c=1,d=2",watanabe,1,2000,4000,0.0,0,0,"[0, 0]",8,46.89268659600202
regular,50,50,75,1.410025944281709,"c=1,d=5",watanabe,1,2000,4000,0.0,0,0,"[0, 0]",6,48.11293008599751
e-singular,50,50,75,1.2582526284830648,"c=1,d=5",watanabe,1,2000,4000,0.0,0,0,"[0, 0]",7,46.16359381100483
singular1,50,50,75,1.150154900723964,"c=1,d=5",watanabe,1,2000,4000,0.0,0,0,"[0, 0]",9,50.120890705999045
singular2,50,50,75,1.0654157869721623,"c=1,d=5",watanabe,1,2000,4000,0.0,0,0,"[0, 0]",8,49.12630568100576
regular,50,50,75,1.4938307228496162,"c=1,d=10",watanabe,1,2000,4000,0.0,0,0,"[0, 0]",5,57.21348493899859
e-singular,50,50,75,1.2615802244118417,"c=1,d=10",watanabe,1,2000,4000,0.0,0,0,"[0, 0]",8,67.32029991599848
singular1,50,50,75,1.1359091675193844,"c=1,d=10",watanabe,1,2000,4000,0.0,0,0,"[0, 0]",9,69.70202556699951
singular2,50,50,75,1.1418242750461038,"c=1,d=10",watanabe,1,2000,4000,0.0,0,0,"[0, 0]",8,62.76142711700231
regular,250,250,75,1.6265241753131778,"c=1,d=0.1",watanabe,1,2000,4000,0.0,0,0,"[0, 0]",5,72.93213754000317
e-singular,250,250,75,1.2464972192663433,"c=1,d=0.1",watanabe,1,2000,4000,0.0,0,0,"[0, 0]",8,72.61739908799791
singular1,250,250,75,1.409439948538031,"c=1,d=0.1",watanabe,1,2000,4000,0.0,0,0,"[0, 0]",10,75.32514689399977
singular2,250,250,75,0.3939549953659638,"c=1,d=0.1",watanabe,1,2000,4000,0.0,0,0,"[0, 0]",9,74.98922707400197
regular,250,250,75,1.4254004465162602,"c=1,d=1",watanabe,1,2000,4000,0.0,0,0,"[0, 0]",5,65.44278213899815
e-singular,250,250,75,1.7640749587686038,"c=1,d=1",watanabe,1,2000,4000,0.0,0,0,"[0, 0]",8,61.0052345389995
singular1,250,250,75,1.021474358329156,"c=1,d=1",watanabe,1,2000,4000,0.0,0,0,"[0, 0]",10,66.72925321300136
singular2,250,250,75,0.8652958239728169,"c=1,d=1",watanabe,1,2000,4000,0.0,0,0,"[0, 0]",9,68.50962911199895
regular,250,250,75,1.5105050205932615,"c=1,d=2",watanabe,1,2000,4000,0.0,0,0,"[0, 0]",5,60.74816529400414
e-singular,250,250,75,1.530804064302268,"c=1,d=2",watanabe,1,2000,4000,0.0,0,0,"[0, 0]",9,67.86384495600214
singular1,250,250,75,0.8474929060237241,"c=1,d=2",watanabe,1,2000,4000,0.0,0,0,"[0, 0]",10,67.99258413500502
singular2,250,250,75,1.049557070743189,"c=1,d=2",watanabe,1,2000,4000,0.0,0,0,"[0, 0]",9,68.28083758799767
regular,250,250,75,1.498343049486608,"c=1,d=5",watanabe,1,2000,4000,0.0,0,0,"[0, 0]",5,58.172372322995216
e-singular,250,250,75,1.5262726133688445,"c=1,d=5",watanabe,1,2000,4000,0.0,0,0,"[0, 0]",8,68.29464753200591
singular1,250,250,75,0.925156797900387,"c=1,d=5",watanabe,1,2000,4000,0.0,0,0,"[0, 0]",10,63.24160218000179
singular2,250,250,75,0.8321985814201242,"c=1,d=5",watanabe,1,2000,4000,0.0,0,0,"[0, 0]",9,77.51915459099837
regular,250,250,75,1.481478675593479,"c=1,d=10",watanabe,1,2000,4000,0.0,0,0,"[0, 0]",5,65.93986070499523
e-singular,250,250,75,1.5024920548509115,"c=1,d=10",watanabe,1,2000,4000,0.0,0,0,"[0, 0]",8,60.93575127600343
singular1,250,250,75,0.9496308121468,"c=1,d=10",watanabe,1,2000,4000,0.0,0,0,"[0, 0]",10,76.61423805099912
singular2,250,250,75,0.922859423397948,"c=1,d=10",watanabe,1,2000,4000,0.0,0,0,"[0, 0]",10,70.17371751899918
regular,5000,5000,75,2.560948994946803,"c=1,d=0.1",watanabe,1,2000,4000,0.0,0,0,"[0, 0]",5,163.85739577299682
e-singular,5000,5000,75,2.3812050845364183,"c=1,d=0.1",watanabe,1,2000,4000,0.0,0,0,"[0, 0]",7,203.68514354200303
singular1,5000,5000,75,0.5114034781329606,"c=1,d=0.1",watanabe,1,2000,4000,0.0,0,0,"[0, 0]",10,503.5583502350055
singular2,5000,5000,75,0.6484996651213414,"c=1,d=0.1",watanabe,1,2000,4000,0.0,0,0,"[0, 0]",10,386.6600535799953
regular,5000,5000,75,1.62486590906104,"c=1,d=1",watanabe,1,2000,4000,0.0,0,0,"[0, 0]",5,162.70874252799695
e-singular,5000,5000,75,1.5211678453769988,"c=1,d=1",watanabe,1,2000,4000,0.0,0,0,"[0, 0]",7,178.3774721890004
singular1,5000,5000,75,0.7461801788457604,"c=1,d=1",watanabe,1,2000,4000,0.0,0,0,"[0, 0]",10,434.9194728509974
singular2,5000,5000,75,0.7167236745119556,"c=1,d=1",watanabe,1,2000,4000,0.0,0,0,"[0, 0]",10,515.330876562999
regular,5000,5000,75,1.4123095568181392,"c=1,d=2",watanabe,1,2000,4000,0.0,0,0,"[0, 0]",5,164.74858774599852
e-singular,5000,5000,75,1.6269364188284172,"c=1,d=2",watanabe,1,2000,4000,0.0,0,0,"[0, 0]",7,277.47890723799355
singular1,5000,5000,75,0.9005055804152263,"c=1,d=2",watanabe,1,2000,4000,0.0,0,0,"[0, 0]",10,469.01977821999753
singular2,5000,5000,75,0.8069512785776988,"c=1,d=2",watanabe,1,2000,4000,0.0,0,0,"[0, 0]",10,443.4251138489999
regular,5000,5000,75,1.54960619558256,"c=1,d=5",watanabe,1,2000,4000,0.0,0,0,"[0, 0]",5,137.83970358700026
e-singular,5000,5000,75,1.3841176311835333,"c=1,d=5",watanabe,1,2000,4000,0.0,0,0,"[0, 0]",6,191.0694281379984
singular1,5000,5000,75,0.7680946314793997,"c=1,d=5",watanabe,1,2000,4000,0.0,0,0,"[0, 0]",10,490.3696049739956
singular2,5000,5000,75,0.7452536948303095,"c=1,d=5",watanabe,1,2000,4000,0.0,0,0,"[0, 0]",10,383.2737050750002
regular,5000,5000,75,1.4590680457338652,"c=1,d=10",watanabe,1,2000,4000,0.0,0,0,"[0, 0]",5,142.36882566099666
e-singular,5000,5000,75,1.4938798016886456,"c=1,d=10",watanabe,1,2000,4000,0.0,0,0,"[0, 0]",6,186.0922901730009
singular1,5000,5000,75,0.7995526467122023,"c=1,d=10",watanabe,1,2000,4000,0.0,0,0,"[0, 0]",10,497.97924787100055
singular2,5000,5000,75,0.8009533608080752,"c=1,d=10",watanabe,1,2000,4000,0.0,0,0,"[0, 0]",10,398.8663901930049
regular,50,50,76,1.7113441015025506,"c=1,d=0.1",watanabe,1,2000,4000,0.0,0,0,"[0, 0]",5,40.44409459799499
e-singular,50,50,76,1.3622792972031188,"c=1,d=0.1",watanabe,1,2000,4000,0.0,0,0,"[0, 0]",8,43.33997710499534
singular1,50,50,76,2.4924914484536305,"c=1,d=0.1",watanabe,1,2000,4000,0.0,0,0,"[0, 0]",9,44.79950092799845
singular2,50,50,76,1.5045780176635437,"c=1,d=0.1",watanabe,1,2000,4000,0.0,0,0,"[0, 0]",8,52.02379403699888
regular,50,50,76,1.3896437807555488,"c=1,d=1",watanabe,1,2000,4000,0.0,0,0,"[0, 0]",5,44.28152332999889
e-singular,50,50,76,0.9403864387002868,"c=1,d=1",watanabe,1,2000,4000,0.0,0,0,"[0, 0]",8,46.82985775700217
singular1,50,50,76,1.1562309801866308,"c=1,d=1",watanabe,1,2000,4000,0.0,0,0,"[0, 0]",10,48.97396312100318
singular2,50,50,76,1.064620057683075,"c=1,d=1",watanabe,1,2000,4000,0.0,0,0,"[0, 0]",8,48.822928622998006
regular,50,50,76,1.3982461992712132,"c=1,d=2",watanabe,1,2000,4000,0.0,0,0,"[0, 0]",5,72.93984564200218
e-singular,50,50,76,1.18254591313747,"c=1,d=2",watanabe,1,2000,4000,0.0,0,0,"[0, 0]",9,74.51811070399708
singular1,50,50,76,1.2334099229066346,"c=1,d=2",watanabe,1,2000,4000,0.0,0,0,"[0, 0]",10,77.25474939899868
singular2,50,50,76,0.9704693383924238,"c=1,d=2",watanabe,1,2000,4000,0.0,0,0,"[0, 0]",8,75.03049391799868
regular,50,50,76,1.4238328250421022,"c=1,d=5",watanabe,1,2000,4000,0.0,0,0,"[0, 0]",5,64.78512156600482
e-singular,50,50,76,1.1550754901717293,"c=1,d=5",watanabe,1,2000,4000,0.0,0,0,"[0, 0]",8,72.97575310499815
singular1,50,50,76,1.2891177950199035,"c=1,d=5",watanabe,1,2000,4000,0.0,0,0,"[0, 0]",10,74.04605494400312
singular2,50,50,76,1.0662074112239688,"c=1,d=5",watanabe,1,2000,4000,0.0,0,0,"[0, 0]",9,69.20014358799381
regular,50,50,76,1.3584677575379531,"c=1,d=10",watanabe,1,2000,4000,0.0,0,0,"[0, 0]",5,57.98145871100132
e-singular,50,50,76,1.3034100004065816,"c=1,d=10",watanabe,1,2000,4000,0.0,0,0,"[0, 0]",8,59.2222505269965
singular1,50,50,76,1.1618243585032442,"c=1,d=10",watanabe,1,2000,4000,0.0,0,0,"[0, 0]",10,63.90926386399951
singular2,50,50,76,1.083594206766359,"c=1,d=10",watanabe,1,2000,4000,0.0,0,0,"[0, 0]",7,61.87993067000207
regular,250,250,76,0.9600945938240611,"c=1,d=0.1",watanabe,1,2000,4000,0.0,0,0,"[0, 0]",5,61.834544434001145
e-singular,250,250,76,1.9110654264469549,"c=1,d=0.1",watanabe,1,2000,4000,0.0,0,0,"[0, 0]",8,64.70146505999583
singular1,250,250,76,0.4350955732025525,"c=1,d=0.1",watanabe,1,2000,4000,0.0,0,0,"[0, 0]",9,79.53844396799832
singular2,250,250,76,0.4981025250520092,"c=1,d=0.1",watanabe,1,2000,4000,0.0,0,0,"[0, 0]",9,75.95974574099819
regular,250,250,76,1.6148891000495704,"c=1,d=1",watanabe,1,2000,4000,0.0,0,0,"[0, 0]",5,73.11879775400303
e-singular,250,250,76,1.4582778576167403,"c=1,d=1",watanabe,1,2000,4000,0.0,0,0,"[0, 0]",7,63.82327393000014
singular1,250,250,76,1.2654542909291848,"c=1,d=1",watanabe,1,2000,4000,0.0,0,0,"[0, 0]",9,69.987341458007
singular2,250,250,76,0.960693030531466,"c=1,d=1",watanabe,1,2000,4000,0.0,0,0,"[0, 0]",9,68.78010442700179
regular,250,250,76,1.4644691478324707,"c=1,d=2",watanabe,1,2000,4000,0.0,0,0,"[0, 0]",5,64.44288894200145
e-singular,250,250,76,1.7486957119089566,"c=1,d=2",watanabe,1,2000,4000,0.0,0,0,"[0, 0]",8,71.67932252799801
singular1,250,250,76,1.077725219679185,"c=1,d=2",watanabe,1,2000,4000,0.0,0,0,"[0, 0]",9,74.188379059
singular2,250,250,76,0.9056575023824832,"c=1,d=2",watanabe,1,2000,4000,0.0,0,0,"[0, 0]",8,69.92504576499778
regular,250,250,76,1.4877316465348915,"c=1,d=5",watanabe,1,2000,4000,0.0,0,0,"[0, 0]",5,59.571191117000126
e-singular,250,250,76,1.5904755910437232,"c=1,d=5",watanabe,1,2000,4000,0.0,0,0,"[0, 0]",8,57.61164843499864
singular1,250,250,76,0.8980369133726444,"c=1,d=5",watanabe,1,2000,4000,0.0,0,0,"[0, 0]",10,74.78417555200576
singular2,250,250,76,0.9809205739676282,"c=1,d=5",watanabe,1,2000,4000,0.0,0,0,"[0, 0]",9,72.17439976699825
regular,250,250,76,1.493263162560734,"c=1,d=10",watanabe,1,2000,4000,0.0,0,0,"[0, 0]",5,64.83975869599817
e-singular,250,250,76,1.5296302852403687,"c=1,d=10",watanabe,1,2000,4000,0.0,0,0,"[0, 0]",8,57.755452886995045
singular1,250,250,76,1.0654625286001955,"c=1,d=10",watanabe,1,2000,4000,0.0,0,0,"[0, 0]",10,82.55391499600228
singular2,250,250,76,0.9499396983086248,"c=1,d=10",watanabe,1,2000,4000,0.0,0,0,"[0, 0]",9,71.49596946300153
regular,5000,5000,76,0.467819114497504,"c=1,d=0.1",watanabe,1,2000,4000,0.0,0,0,"[0, 0]",5,135.81970939799794
e-singular,5000,5000,76,1.6457804237990397,"c=1,d=0.1",watanabe,1,2000,4000,0.0,0,0,"[0, 0]",6,198.5646510009974
singular1,5000,5000,76,0.6366740399985479,"c=1,d=0.1",watanabe,1,2000,4000,0.0,0,0,"[0, 0]",10,431.6651650089989
singular2,5000,5000,76,1.2847507484749934,"c=1,d=0.1",watanabe,1,2000,4000,0.0,0,0,"[0, 0]",10,510.9423106910035
regular,5000,5000,76,1.711522186992004,"c=1,d=1",watanabe,1,2000,4000,0.0,0,0,"[0, 0]",5,148.76379509899562
e-singular,5000,5000,76,1.5031887042712615,"c=1,d=1",watanabe,1,2000,4000,0.0,0,0,"[0, 0]",6,199.38693664900347
singular1,5000,5000,76,0.8654951298238079,"c=1,d=1",watanabe,1,2000,4000,0.0,0,0,"[0, 0]",10,453.7302614540022
singular2,5000,5000,76,0.8890006085314492,"c=1,d=1",watanabe,1,2000,4000,0.0,0,0,"[0, 0]",10,443.2147750870063
regular,5000,5000,76,1.6201612525229188,"c=1,d=2",watanabe,1,2000,4000,0.0,0,0,"[0, 0]",5,143.5869628310029
e-singular,5000,5000,76,1.4657030517910357,"c=1,d=2",watanabe,1,2000,4000,0.0,0,0,"[0, 0]",6,171.93732449800154
singular1,5000,5000,76,0.8661793163456762,"c=1,d=2",watanabe,1,2000,4000,0.0,0,0,"[0, 0]",10,353.4861898759991
singular2,5000,5000,76,0.6954624588704373,"c=1,d=2",watanabe,1,2000,4000,0.0,0,0,"[0, 0]",10,450.8699915329999
regular,5000,5000,76,1.499686944936534,"c=1,d=5",watanabe,1,2000,4000,0.0,0,0,"[0, 0]",5,166.6454978929978
e-singular,5000,5000,76,1.3597730734041882,"c=1,d=5",watanabe,1,2000,4000,0.0,0,0,"[0, 0]",6,205.28774492700177
singular1,5000,5000,76,0.7376460146613438,"c=1,d=5",watanabe,1,2000,4000,0.0,0,0,"[0, 0]",10,362.6258757820033
singular2,5000,5000,76,0.88120847096086,"c=1,d=5",watanabe,1,2000,4000,0.0,0,0,"[0, 0]",10,442.5280801769986
regular,5000,5000,76,1.471573499349926,"c=1,d=10",watanabe,1,2000,4000,0.0,0,0,"[0, 0]",5,152.3300940229965
e-singular,5000,5000,76,1.502458157140233,"c=1,d=10",watanabe,1,2000,4000,0.0,0,0,"[0, 0]",6,181.9514214809969
singular1,5000,5000,76,0.8450745660562742,"c=1,d=10",watanabe,1,2000,4000,0.0,0,0,"[0, 0]",10,305.8444158400016
singular2,5000,5000,76,0.8396677762781064,"c=1,d=10",watanabe,1,2000,4000,0.0,0,0,"[0, 0]",10,346.6822292970028
regular,50,50,77,1.6772076479641165,"c=1,d=0.1",watanabe,1,2000,4000,0.0,0,0,"[0, 0]",5,50.82628285900137
e-singular,50,50,77,0.3764474196302474,"c=1,d=0.1",watanabe,1,2000,4000,0.0,0,0,"[0, 0]",8,53.30202530400129
singular1,50,50,77,1.2110839839465768,"c=1,d=0.1",watanabe,1,2000,4000,0.0,0,0,"[0, 0]",8,53.540571870005806
singular2,50,50,77,0.7493706091500745,"c=1,d=0.1",watanabe,1,2000,4000,0.0,0,0,"[0, 0]",7,51.10308143500151
regular,50,50,77,1.567061392237754,"c=1,d=1",watanabe,1,2000,4000,0.0,0,0,"[0, 0]",5,50.066503203997854
e-singular,50,50,77,1.0125690211438627,"c=1,d=1",watanabe,1,2000,4000,0.0,0,0,"[0, 0]",8,50.676334767995286
singular1,50,50,77,1.1585656901790942,"c=1,d=1",watanabe,1,2000,4000,0.0,0,0,"[0, 0]",9,52.95435745299619
singular2,50,50,77,1.0632553140004424,"c=1,d=1",watanabe,1,2000,4000,0.0,0,0,"[0, 0]",8,50.23611348999839
regular,50,50,77,1.435669661024174,"c=1,d=2",watanabe,1,2000,4000,0.0,0,0,"[0, 0]",5,64.56093022300047
e-singular,50,50,77,0.921453125362872,"c=1,d=2",watanabe,1,2000,4000,0.0,0,0,"[0, 0]",8,63.9813815430025
singular1,50,50,77,1.2969672938945105,"c=1,d=2",watanabe,1,2000,4000,0.0,0,0,"[0, 0]",9,65.7803952999966
singular2,50,50,77,0.9462622060863228,"c=1,d=2",watanabe,1,2000,4000,0.0,0,0,"[0, 0]",9,68.72787253699789
regular,50,50,77,1.5017297778074052,"c=1,d=5",watanabe,1,2000,4000,0.0,0,0,"[0, 0]",5,64.31675387499854
e-singular,50,50,77,1.1836512847553482,"c=1,d=5",watanabe,1,2000,4000,0.0,0,0,"[0, 0]",9,64.39416213899676
singular1,50,50,77,1.1476725190100316,"c=1,d=5",watanabe,1,2000,4000,0.0,0,0,"[0, 0]",10,66.547023060004
singular2,50,50,77,1.098334264652186,"c=1,d=5",watanabe,1,2000,4000,0.0,0,0,"[0, 0]",8,67.19627660900005
regular,50,50,77,1.384139296677643,"c=1,d=10",watanabe,1,2000,4000,0.0,0,0,"[0, 0]",5,68.54181158100255
e-singular,50,50,77,1.0397852059677453,"c=1,d=10",watanabe,1,2000,4000,0.0,0,0,"[0, 0]",9,63.16410497100151
singular1,50,50,77,1.1963134115096747,"c=1,d=10",watanabe,1,2000,4000,0.0,0,0,"[0, 0]",10,62.12218072199903
singular2,50,50,77,0.9660169640066286,"c=1,d=10",watanabe,1,2000,4000,0.0,0,0,"[0, 0]",9,66.47907233499427
regular,250,250,77,0.904077222913873,"c=1,d=0.1",watanabe,1,2000,4000,0.0,0,0,"[0, 0]",5,63.84481571100332
e-singular,250,250,77,1.9698914964569665,"c=1,d=0.1",watanabe,1,2000,4000,0.0,0,0,"[0, 0]",8,72.3895302710007
singular1,250,250,77,1.50812693322028,"c=1,d=0.1",watanabe,1,2000,4000,0.0,0,0,"[0, 0]",9,71.60059070099669
singular2,250,250,77,0.667841369929972,"c=1,d=0.1",watanabe,1,2000,4000,0.0,0,0,"[0, 0]",8,70.58733794199361
regular,250,250,77,1.3647255429672835,"c=1,d=1",watanabe,1,2000,4000,0.0,0,0,"[0, 0]",5,68.54154429000482
e-singular,250,250,77,1.7241201853302288,"c=1,d=1",watanabe,1,2000,4000,0.0,0,0,"[0, 0]",8,74.91019331199641
singular1,250,250,77,1.069245983451658,"c=1,d=1",watanabe,1,2000,4000,0.0,0,0,"[0, 0]",9,80.04607259700424
singular2,250,250,77,0.876668855950211,"c=1,d=1",watanabe,1,2000,4000,0.0,0,0,"[0, 0]",9,80.02019795499655
regular,250,250,77,1.4742757585236277,"c=1,d=2",watanabe,1,2000,4000,0.0,0,0,"[0, 0]",5,63.16928109100263
e-singular,250,250,77,1.5751124743105986,"c=1,d=2",watanabe,1,2000,4000,0.0,0,0,"[0, 0]",8,67.36484049000137
singular1,250,250,77,0.925717495607724,"c=1,d=2",watanabe,1,2000,4000,0.0,0,0,"[0, 0]",10,71.0121975430011
singular2,250,250,77,0.891379635099034,"c=1,d=2",watanabe,1,2000,4000,0.0,0,0,"[0, 0]",9,72.30679309499828
regular,250,250,77,1.5292360510731269,"c=1,d=5",watanabe,1,2000,4000,0.0,0,0,"[0, 0]",5,62.54280520199973
e-singular,250,250,77,1.6986966658126164,"c=1,d=5",watanabe,1,2000,4000,0.0,0,0,"[0, 0]",9,67.40880831899995
singular1,250,250,77,0.989953780673593,"c=1,d=5",watanabe,1,2000,4000,0.0,0,0,"[0, 0]",10,80.539522897001
singular2,250,250,77,0.8282458498735753,"c=1,d=5",watanabe,1,2000,4000,0.0,0,0,"[0, 0]",9,81.46605992099649
regular,250,250,77,1.5525165539520576,"c=1,d=10",watanabe,1,2000,4000,0.0,0,0,"[0, 0]",5,64.22162588399806
e-singular,250,250,77,1.6003066846635472,"c=1,d=10",watanabe,1,2000,4000,0.0,0,0,"[0, 0]",9,65.90070467000623
singular1,250,250,77,0.9366222544741138,"c=1,d=10",watanabe,1,2000,4000,0.0,0,0,"[0, 0]",10,83.28757356300048
singular2,250,250,77,0.7935643074847032,"c=1,d=10",watanabe,1,2000,4000,0.0,0,0,"[0, 0]",10,92.7668699440037
regular,5000,5000,77,0.4404507193392915,"c=1,d=0.1",watanabe,1,2000,4000,0.0,0,0,"[0, 0]",5,144.17444309499842
e-singular,5000,5000,77,2.2065390217826684,"c=1,d=0.1",watanabe,1,2000,4000,0.0,0,0,"[0, 0]",6,183.0164734229984
singular1,5000,5000,77,1.7745287151754818,"c=1,d=0.1",watanabe,1,2000,4000,0.0,0,0,"[0, 0]",10,337.0539216709949
singular2,5000,5000,77,-0.0928980617800667,"c=1,d=0.1",watanabe,1,2000,4000,0.0,0,0,"[0, 0]",10,405.9655924659965
regular,5000,5000,77,1.3611288274986122,"c=1,d=1",watanabe,1,2000,4000,0.0,0,0,"[0, 0]",5,143.1858963650011
e-singular,5000,5000,77,1.7156417562891415,"c=1,d=1",watanabe,1,2000,4000,0.0,0,0,"[0, 0]",6,183.38456505900103
singular1,5000,5000,77,0.7799322505653656,"c=1,d=1",watanabe,1,2000,4000,0.0,0,0,"[0, 0]",10,463.8127505599987
singular2,5000,5000,77,0.9258859755536364,"c=1,d=1",watanabe,1,2000,4000,0.0,0,0,"[0, 0]",10,480.0081763920025
regular,5000,5000,77,1.4971656075217483,"c=1,d=2",watanabe,1,2000,4000,0.0,0,0,"[0, 0]",5,158.21928942299564
e-singular,5000,5000,77,1.569839160052538,"c=1,d=2",watanabe,1,2000,4000,0.0,0,0,"[0, 0]",7,185.6677334299966
singular1,5000,5000,77,1.0563697553335436,"c=1,d=2",watanabe,1,2000,4000,0.0,0,0,"[0, 0]",10,432.8857777250014
singular2,5000,5000,77,0.8276251888160335,"c=1,d=2",watanabe,1,2000,4000,0.0,0,0,"[0, 0]",10,456.355451890995
regular,5000,5000,77,1.469649400755777,"c=1,d=5",watanabe,1,2000,4000,0.0,0,0,"[0, 0]",5,157.2634888429966
e-singular,5000,5000,77,1.4229220936972509,"c=1,d=5",watanabe,1,2000,4000,0.0,0,0,"[0, 0]",6,176.7402559350012
singular1,5000,5000,77,0.8866123057070746,"c=1,d=5",watanabe,1,2000,4000,0.0,0,0,"[0, 0]",10,353.072052825999
singular2,5000,5000,77,0.8462142781686183,"c=1,d=5",watanabe,1,2000,4000,0.0,0,0,"[0, 0]",10,403.6447076170007
regular,5000,5000,77,1.480209447904383,"c=1,d=10",watanabe,1,2000,4000,0.0,0,0,"[0, 0]",5,154.63972984800057
e-singular,5000,5000,77,1.574902700650661,"c=1,d=10",watanabe,1,2000,4000,0.0,0,0,"[0, 0]",7,182.700684083
singular1,5000,5000,77,0.9621165808711256,"c=1,d=10",watanabe,1,2000,4000,0.0,0,0,"[0, 0]",10,368.019270509998
singular2,5000,5000,77,0.8331116197756167,"c=1,d=10",watanabe,1,2000,4000,0.0,0,0,"[0, 0]",10,349.2582088199997
regular,50,50,78,1.0857283347279811,"c=1,d=0.1",watanabe,1,2000,4000,0.0,0,0,"[0, 0]",5,40.55636310699629
e-singular,50,50,78,1.9092621594026429,"c=1,d=0.1",watanabe,1,2000,4000,0.0,0,0,"[0, 0]",8,44.45574582200061
singular1,50,50,78,1.6709326344542514,"c=1,d=0.1",watanabe,1,2000,4000,0.0,0,0,"[0, 0]",8,43.38894747300219
singular2,50,50,78,0.8356704419929973,"c=1,d=0.1",watanabe,1,2000,4000,0.0,0,0,"[0, 0]",7,42.58780494500388
regular,50,50,78,1.4914231299097565,"c=1,d=1",watanabe,1,2000,4000,0.0,0,0,"[0, 0]",6,41.7426721150041
e-singular,50,50,78,1.07515080902087,"c=1,d=1",watanabe,1,2000,4000,0.0,0,0,"[0, 0]",8,51.77699752299668
singular1,50,50,78,1.1519708460728153,"c=1,d=1",watanabe,1,2000,4000,0.0,0,0,"[0, 0]",8,47.187548907000746
singular2,50,50,78,0.973015298897308,"c=1,d=1",watanabe,1,2000,4000,0.0,0,0,"[0, 0]",8,46.69845395300217
regular,50,50,78,1.3909190779978142,"c=1,d=2",watanabe,1,2000,4000,0.0,0,0,"[0, 0]",5,82.96959016899928
e-singular,50,50,78,1.0137221093881954,"c=1,d=2",watanabe,1,2000,4000,0.0,0,0,"[0, 0]",8,89.35921639000298
singular1,50,50,78,1.141012094543273,"c=1,d=2",watanabe,1,2000,4000,0.0,0,0,"[0, 0]",8,84.75985633199889
singular2,50,50,78,0.8793877204733119,"c=1,d=2",watanabe,1,2000,4000,0.0,0,0,"[0, 0]",8,88.97410689700337
regular,50,50,78,1.3533240867708656,"c=1,d=5",watanabe,1,2000,4000,0.0,0,0,"[0, 0]",5,77.02128772000287
e-singular,50,50,78,1.0554672089723145,"c=1,d=5",watanabe,1,2000,4000,0.0,0,0,"[0, 0]",9,87.87150065500464
singular1,50,50,78,1.2982205892324528,"c=1,d=5",watanabe,1,2000,4000,0.0,0,0,"[0, 0]",8,84.96392124599515
singular2,50,50,78,0.9281694281205422,"c=1,d=5",watanabe,1,2000,4000,0.0,0,0,"[0, 0]",8,82.22842080199916
regular,50,50,78,1.2980023183364904,"c=1,d=10",watanabe,1,2000,4000,0.0,0,0,"[0, 0]",6,64.76219060899894
e-singular,50,50,78,1.1644842676685154,"c=1,d=10",watanabe,1,2000,4000,0.0,0,0,"[0, 0]",9,66.24264706599934
singular1,50,50,78,1.391637984187824,"c=1,d=10",watanabe,1,2000,4000,0.0,0,0,"[0, 0]",8,62.93596574399999
singular2,50,50,78,0.8689610481966917,"c=1,d=10",watanabe,1,2000,4000,0.0,0,0,"[0, 0]",8,64.5759921659992
regular,250,250,78,1.9308325637002848,"c=1,d=0.1",watanabe,1,2000,4000,0.0,0,0,"[0, 0]",5,65.34484842600068
e-singular,250,250,78,1.3233815716631894,"c=1,d=0.1",watanabe,1,2000,4000,0.0,0,0,"[0, 0]",8,77.25940509999782
singular1,250,250,78,1.8396458538774048,"c=1,d=0.1",watanabe,1,2000,4000,0.0,0,0,"[0, 0]",10,80.82879304599919
singular2,250,250,78,0.8004427722926141,"c=1,d=0.1",watanabe,1,2000,4000,0.0,0,0,"[0, 0]",8,77.11370808000356
regular,250,250,78,1.6946958931226446,"c=1,d=1",watanabe,1,2000,4000,0.0,0,0,"[0, 0]",5,59.67964122600097
e-singular,250,250,78,1.8051538709589083,"c=1,d=1",watanabe,1,2000,4000,0.0,0,0,"[0, 0]",9,71.51577617700241
singular1,250,250,78,0.9706781060479756,"c=1,d=1",watanabe,1,2000,4000,0.0,0,0,"[0, 0]",9,79.44931813899893
singular2,250,250,78,0.8303614389512002,"c=1,d=1",watanabe,1,2000,4000,0.0,0,0,"[0, 0]",9,78.11015025799861
regular,250,250,78,1.5283664397442989,"c=1,d=2",watanabe,1,2000,4000,0.0,0,0,"[0, 0]",5,65.20135571800347
e-singular,250,250,78,1.694000162428419,"c=1,d=2",watanabe,1,2000,4000,0.0,0,0,"[0, 0]",9,67.1251078550049
singular1,250,250,78,1.1834100964555585,"c=1,d=2",watanabe,1,2000,4000,0.0,0,0,"[0, 0]",9,80.78456507199735
singular2,250,250,78,0.8370291675591517,"c=1,d=2",watanabe,1,2000,4000,0.0,0,0,"[0, 0]",9,81.65935168500437
regular,250,250,78,1.4832882296372858,"c=1,d=5",watanabe,1,2000,4000,0.0,0,0,"[0, 0]",5,72.12999156799924
e-singular,250,250,78,1.6156928617087845,"c=1,d=5",watanabe,1,2000,4000,0.0,0,0,"[0, 0]",8,71.98921141600295
singular1,250,250,78,1.08160860896891,"c=1,d=5",watanabe,1,2000,4000,0.0,0,0,"[0, 0]",10,89.61760489500011
singular2,250,250,78,0.9728044740385244,"c=1,d=5",watanabe,1,2000,4000,0.0,0,0,"[0, 0]",9,78.1195519239991
regular,250,250,78,1.462624199021062,"c=1,d=10",watanabe,1,2000,4000,0.0,0,0,"[0, 0]",5,65.91528425100114
e-singular,250,250,78,1.5805516997475202,"c=1,d=10",watanabe,1,2000,4000,0.0,0,0,"[0, 0]",8,79.67840596899623
singular1,250,250,78,1.019121004933438,"c=1,d=10",watanabe,1,2000,4000,0.0,0,0,"[0, 0]",10,78.17946085300355
singular2,250,250,78,1.077577683236673,"c=1,d=10",watanabe,1,2000,4000,0.0,0,0,"[0, 0]",9,74.58962093100126
regular,5000,5000,78,0.908838667654458,"c=1,d=0.1",watanabe,1,2000,4000,0.0,0,0,"[0, 0]",5,136.44716130499728
e-singular,5000,5000,78,1.3967474981161687,"c=1,d=0.1",watanabe,1,2000,4000,0.0,0,0,"[0, 0]",7,202.60964143800084
singular1,5000,5000,78,-0.0127242627459057,"c=1,d=0.1",watanabe,1,2000,4000,0.0,0,0,"[0, 0]",10,437.7105837830022
singular2,5000,5000,78,0.9859133248446184,"c=1,d=0.1",watanabe,1,2000,4000,0.0,0,0,"[0, 0]",10,385.77168320000055
regular,5000,5000,78,1.5684677093390376,"c=1,d=1",watanabe,1,2000,4000,0.0,0,0,"[0, 0]",5,160.01600020399928
e-singular,5000,5000,78,1.4658824598415174,"c=1,d=1",watanabe,1,2000,4000,0.0,0,0,"[0, 0]",7,210.85527802399884
singular1,5000,5000,78,0.8275438465527545,"c=1,d=1",watanabe,1,2000,4000,0.0,0,0,"[0, 0]",10,494.4226780370009
singular2,5000,5000,78,0.839405930462643,"c=1,d=1",watanabe,1,2000,4000,0.0,0,0,"[0, 0]",10,432.1445777590052
regular,5000,5000,78,1.4806106812786184,"c=1,d=2",watanabe,1,2000,4000,0.0,0,0,"[0, 0]",5,140.15513355700386
e-singular,5000,5000,78,1.4101047861514393,"c=1,d=2",watanabe,1,2000,4000,0.0,0,0,"[0, 0]",6,198.55684530000144
singular1,5000,5000,78,0.7941992116796289,"c=1,d=2",watanabe,1,2000,4000,0.0,0,0,"[0, 0]",10,437.7882303220031
singular2,5000,5000,78,0.8843438594994197,"c=1,d=2",watanabe,1,2000,4000,0.0,0,0,"[0, 0]",10,410.27692234500137
regular,5000,5000,78,1.4985510313528203,"c=1,d=5",watanabe,1,2000,4000,0.0,0,0,"[0, 0]",6,169.9649689200014
e-singular,5000,5000,78,1.5007174622388002,"c=1,d=5",watanabe,1,2000,4000,0.0,0,0,"[0, 0]",7,217.8460920360012
singular1,5000,5000,78,0.8067204298151154,"c=1,d=5",watanabe,1,2000,4000,0.0,0,0,"[0, 0]",10,471.9580970780007
singular2,5000,5000,78,0.8394387520805587,"c=1,d=5",watanabe,1,2000,4000,0.0,0,0,"[0, 0]",10,409.69341494099353
regular,5000,5000,78,1.4246053177059996,"c=1,d=10",watanabe,1,2000,4000,0.0,0,0,"[0, 0]",5,160.3224376989965
e-singular,5000,5000,78,1.57617580349208,"c=1,d=10",watanabe,1,2000,4000,0.0,0,0,"[0, 0]",6,212.7826987019944
singular1,5000,5000,78,0.7527599533883396,"c=1,d=10",watanabe,1,2000,4000,0.0,0,0,"[0, 0]",10,419.00760319399706
singular2,5000,5000,78,0.823154898577218,"c=1,d=10",watanabe,1,2000,4000,0.0,0,0,"[0, 0]",10,364.5638110969958
regular,50,50,79,1.4729778505401854,"c=1,d=0.1",watanabe,1,2000,4000,0.0,0,0,"[0, 0]",5,61.35534245600138
e-singular,50,50,79,-0.2505990647745367,"c=1,d=0.1",watanabe,1,2000,4000,0.0,0,0,"[0, 0]",8,63.08819781099737
singular1,50,50,79,0.4139856277385545,"c=1,d=0.1",watanabe,1,2000,4000,0.0,0,0,"[0, 0]",8,64.08452007400047
singular2,50,50,79,0.6606572853094276,"c=1,d=0.1",watanabe,1,2000,4000,0.0,0,0,"[0, 0]",7,63.02463661300135
regular,50,50,79,1.2579543504774815,"c=1,d=1",watanabe,1,2000,4000,0.0,0,0,"[0, 0]",5,61.93260258399823
e-singular,50,50,79,0.8871677553234703,"c=1,d=1",watanabe,1,2000,4000,0.0,0,0,"[0, 0]",9,72.66760277599678
singular1,50,50,79,1.1139184930669022,"c=1,d=1",watanabe,1,2000,4000,0.0,0,0,"[0, 0]",9,73.24915193599736
singular2,50,50,79,0.8777475719114228,"c=1,d=1",watanabe,1,2000,4000,0.0,0,0,"[0, 0]",7,71.06536382300692
regular,50,50,79,1.4055293305932977,"c=1,d=2",watanabe,1,2000,4000,0.0,0,0,"[0, 0]",5,46.81030403000477
e-singular,50,50,79,1.1422680506649334,"c=1,d=2",watanabe,1,2000,4000,0.0,0,0,"[0, 0]",8,48.17555687799904
singular1,50,50,79,1.132859168159917,"c=1,d=2",watanabe,1,2000,4000,0.0,0,0,"[0, 0]",9,55.2254212350017
singular2,50,50,79,1.117384183431365,"c=1,d=2",watanabe,1,2000,4000,0.0,0,0,"[0, 0]",8,71.29325449399767
regular,50,50,79,1.3977472941223428,"c=1,d=5",watanabe,1,2000,4000,0.0,0,0,"[0, 0]",6,68.49015353499999
e-singular,50,50,79,0.956253080081437,"c=1,d=5",watanabe,1,2000,4000,0.0,0,0,"[0, 0]",9,49.28446919999988
singular1,50,50,79,1.0448807650039342,"c=1,d=5",watanabe,1,2000,4000,0.0,0,0,"[0, 0]",10,67.1422334279996
singular2,50,50,79,1.1076525927829517,"c=1,d=5",watanabe,1,2000,4000,0.0,0,0,"[0, 0]",9,46.325480908002646
regular,50,50,79,1.4396609165010992,"c=1,d=10",watanabe,1,2000,4000,0.0,0,0,"[0, 0]",5,69.91318490200501
e-singular,50,50,79,1.2199867061352796,"c=1,d=10",watanabe,1,2000,4000,0.0,0,0,"[0, 0]",8,68.3606071940012
singular1,50,50,79,1.0483278070651805,"c=1,d=10",watanabe,1,2000,4000,0.0,0,0,"[0, 0]",9,82.9374318629998
singular2,50,50,79,1.0143182457625135,"c=1,d=10",watanabe,1,2000,4000,0.0,0,0,"[0, 0]",9,67.21168512499571
regular,250,250,79,2.057883189908747,"c=1,d=0.1",watanabe,1,2000,4000,0.0,0,0,"[0, 0]",5,69.86956223299785
e-singular,250,250,79,0.6348179736635184,"c=1,d=0.1",watanabe,1,2000,4000,0.0,0,0,"[0, 0]",8,71.21428781999566
singular1,250,250,79,1.3171595431111327,"c=1,d=0.1",watanabe,1,2000,4000,0.0,0,0,"[0, 0]",9,72.8124955989988
singular2,250,250,79,0.5237273747254317,"c=1,d=0.1",watanabe,1,2000,4000,0.0,0,0,"[0, 0]",9,70.52786943899991
regular,250,250,79,1.47741229136399,"c=1,d=1",watanabe,1,2000,4000,0.0,0,0,"[0, 0]",5,63.1304206539935
e-singular,250,250,79,1.7859574311690896,"c=1,d=1",watanabe,1,2000,4000,0.0,0,0,"[0, 0]",8,69.2125478339949
singular1,250,250,79,1.0761676104044515,"c=1,d=1",watanabe,1,2000,4000,0.0,0,0,"[0, 0]",9,73.11657457499678
singular2,250,250,79,1.1377459808502326,"c=1,d=1",watanabe,1,2000,4000,0.0,0,0,"[0, 0]",8,71.22997898799804
regular,250,250,79,1.536693482198616,"c=1,d=2",watanabe,1,2000,4000,0.0,0,0,"[0, 0]",5,54.512528196995845
e-singular,250,250,79,1.7415977768734814,"c=1,d=2",watanabe,1,2000,4000,0.0,0,0,"[0, 0]",8,74.32212430099753
singular1,250,250,79,1.035945801545092,"c=1,d=2",watanabe,1,2000,4000,0.0,0,0,"[0, 0]",9,64.26617516500119
singular2,250,250,79,0.9108490852534308,"c=1,d=2",watanabe,1,2000,4000,0.0,0,0,"[0, 0]",9,78.90586963099486
regular,250,250,79,1.4773972644970927,"c=1,d=5",watanabe,1,2000,4000,0.0,0,0,"[0, 0]",5,59.19825817500532
e-singular,250,250,79,1.597849880384782,"c=1,d=5",watanabe,1,2000,4000,0.0,0,0,"[0, 0]",9,69.24537297799543
singular1,250,250,79,0.9267731169584016,"c=1,d=5",watanabe,1,2000,4000,0.0,0,0,"[0, 0]",9,75.45090034299938
singular2,250,250,79,0.9925381735201456,"c=1,d=5",watanabe,1,2000,4000,0.0,0,0,"[0, 0]",9,70.50590324200311
regular,250,250,79,1.5084779367139225,"c=1,d=10",watanabe,1,2000,4000,0.0,0,0,"[0, 0]",5,60.90870306200668
e-singular,250,250,79,1.5423127863443604,"c=1,d=10",watanabe,1,2000,4000,0.0,0,0,"[0, 0]",7,67.46480349099875
singular1,250,250,79,0.9169376982609154,"c=1,d=10",watanabe,1,2000,4000,0.0,0,0,"[0, 0]",10,87.76912435600389
singular2,250,250,79,0.9537817790388902,"c=1,d=10",watanabe,1,2000,4000,0.0,0,0,"[0, 0]",9,73.55303733800247
regular,5000,5000,79,1.002441883652396,"c=1,d=0.1",watanabe,1,2000,4000,0.0,0,0,"[0, 0]",5,148.99907239300228
e-singular,5000,5000,79,2.871840552682262,"c=1,d=0.1",watanabe,1,2000,4000,0.0,0,0,"[0, 0]",7,200.95583298699785
singular1,5000,5000,79,1.6476316015971728,"c=1,d=0.1",watanabe,1,2000,4000,0.0,0,0,"[0, 0]",10,416.3564621750047
singular2,5000,5000,79,0.3387423202910958,"c=1,d=0.1",watanabe,1,2000,4000,0.0,0,0,"[0, 0]",9,406.39594600800046
regular,5000,5000,79,1.680821657687308,"c=1,d=1",watanabe,1,2000,4000,0.0,0,0,"[0, 0]",5,170.05721356799768
e-singular,5000,5000,79,1.3604722135295255,"c=1,d=1",watanabe,1,2000,4000,0.0,0,0,"[0, 0]",6,209.8925341620052
singular1,5000,5000,79,0.935655515642596,"c=1,d=1",watanabe,1,2000,4000,0.0,0,0,"[0, 0]",10,428.480593622
singular2,5000,5000,79,0.9189031292778932,"c=1,d=1",watanabe,1,2000,4000,0.0,0,0,"[0, 0]",10,456.7468992719951
regular,5000,5000,79,1.503737754403867,"c=1,d=2",watanabe,1,2000,4000,0.0,0,0,"[0, 0]",5,153.81200522799918
e-singular,5000,5000,79,1.6044149141197934,"c=1,d=2",watanabe,1,2000,4000,0.0,0,0,"[0, 0]",7,196.9597149360052
singular1,5000,5000,79,0.7593714902470192,"c=1,d=2",watanabe,1,2000,4000,0.0,0,0,"[0, 0]",10,414.0000824219969
singular2,5000,5000,79,0.8851036674765237,"c=1,d=2",watanabe,1,2000,4000,0.0,0,0,"[0, 0]",10,458.0378873880036
regular,5000,5000,79,1.524235288382473,"c=1,d=5",watanabe,1,2000,4000,0.0,0,0,"[0, 0]",5,149.9659257950043
e-singular,5000,5000,79,1.4938320817910269,"c=1,d=5",watanabe,1,2000,4000,0.0,0,0,"[0, 0]",7,210.42195460199585
singular1,5000,5000,79,0.8141407756374548,"c=1,d=5",watanabe,1,2000,4000,0.0,0,0,"[0, 0]",10,372.6455302369941
singular2,5000,5000,79,0.7830302156167205,"c=1,d=5",watanabe,1,2000,4000,0.0,0,0,"[0, 0]",10,395.5122545549966
regular,5000,5000,79,1.5046879934461497,"c=1,d=10",watanabe,1,2000,4000,0.0,0,0,"[0, 0]",5,157.75222391399438
e-singular,5000,5000,79,1.519921765841347,"c=1,d=10",watanabe,1,2000,4000,0.0,0,0,"[0, 0]",7,198.4618988540024
singular1,5000,5000,79,0.7907969434529076,"c=1,d=10",watanabe,1,2000,4000,0.0,0,0,"[0, 0]",10,331.59730867100006
singular2,5000,5000,79,0.8500814908709129,"c=1,d=10",watanabe,1,2000,4000,0.0,0,0,"[0, 0]",10,319.121656770003
regular,50,50,80,0.6796771283400437,"c=1,d=0.1",watanabe,1,2000,4000,0.0,0,0,"[0, 0]",5,46.31916496499616
e-singular,50,50,80,0.2311109471636087,"c=1,d=0.1",watanabe,1,2000,4000,0.0,0,0,"[0, 0]",8,51.68156614500185
singular1,50,50,80,1.550532254078789,"c=1,d=0.1",watanabe,1,2000,4000,0.0,0,0,"[0, 0]",8,51.49160516599659
singular2,50,50,80,0.8199543213508385,"c=1,d=0.1",watanabe,1,2000,4000,0.0,0,0,"[0, 0]",8,48.18459368099866
regular,50,50,80,1.3670963301525547,"c=1,d=1",watanabe,1,2000,4000,0.0,0,0,"[0, 0]",5,45.95374730200274
e-singular,50,50,80,0.9423209590330904,"c=1,d=1",watanabe,1,2000,4000,0.0,0,0,"[0, 0]",8,63.71497595699475
singular1,50,50,80,1.0317845127429952,"c=1,d=1",watanabe,1,2000,4000,0.0,0,0,"[0, 0]",9,65.30770145200222
singular2,50,50,80,1.0287739948335013,"c=1,d=1",watanabe,1,2000,4000,0.0,0,0,"[0, 0]",8,63.80008934500074
regular,50,50,80,1.495038205904099,"c=1,d=2",watanabe,1,2000,4000,0.0,0,0,"[0, 0]",5,69.52189564300352
e-singular,50,50,80,1.0742351652756177,"c=1,d=2",watanabe,1,2000,4000,0.0,0,0,"[0, 0]",8,69.0340150330012
singular1,50,50,80,1.0984153310026,"c=1,d=2",watanabe,1,2000,4000,0.0,0,0,"[0, 0]",9,62.77147606800281
singular2,50,50,80,1.0200518435679324,"c=1,d=2",watanabe,1,2000,4000,0.0,0,0,"[0, 0]",8,65.77177175199904
regular,50,50,80,1.414694361205591,"c=1,d=5",watanabe,1,2000,4000,0.0,0,0,"[0, 0]",5,63.74889795100171
e-singular,50,50,80,1.108831977085727,"c=1,d=5",watanabe,1,2000,4000,0.0,0,0,"[0, 0]",8,58.71608025100432
singular1,50,50,80,1.0823230801276502,"c=1,d=5",watanabe,1,2000,4000,0.0,0,0,"[0, 0]",9,58.92183995300002
singular2,50,50,80,1.102052519395617,"c=1,d=5",watanabe,1,2000,4000,0.0,0,0,"[0, 0]",9,58.629367147004814
regular,50,50,80,1.4339311035507245,"c=1,d=10",watanabe,1,2000,4000,0.0,0,0,"[0, 0]",5,43.56889771100396
e-singular,50,50,80,1.2007704147405085,"c=1,d=10",watanabe,1,2000,4000,0.0,0,0,"[0, 0]",8,66.08225298400066
singular1,50,50,80,1.0983419325110644,"c=1,d=10",watanabe,1,2000,4000,0.0,0,0,"[0, 0]",9,69.96556430600322
singular2,50,50,80,1.0322797233836398,"c=1,d=10",watanabe,1,2000,4000,0.0,0,0,"[0, 0]",8,68.19825789699826
regular,250,250,80,2.080587420640245,"c=1,d=0.1",watanabe,1,2000,4000,0.0,0,0,"[0, 0]",5,69.54124786600005
e-singular,250,250,80,2.7180034326858045,"c=1,d=0.1",watanabe,1,2000,4000,0.0,0,0,"[0, 0]",8,73.44124535199808
singular1,250,250,80,1.7533192417809955,"c=1,d=0.1",watanabe,1,2000,4000,0.0,0,0,"[0, 0]",9,80.03654542799632
singular2,250,250,80,1.328062032382358,"c=1,d=0.1",watanabe,1,2000,4000,0.0,0,0,"[0, 0]",8,79.21641546399769
regular,250,250,80,1.4936957203714245,"c=1,d=1",watanabe,1,2000,4000,0.0,0,0,"[0, 0]",5,70.40816784000344
e-singular,250,250,80,1.4303170191835652,"c=1,d=1",watanabe,1,2000,4000,0.0,0,0,"[0, 0]",8,59.26867928000138
singular1,250,250,80,1.008742062908264,"c=1,d=1",watanabe,1,2000,4000,0.0,0,0,"[0, 0]",9,84.03946636900218
singular2,250,250,80,1.0841296856411555,"c=1,d=1",watanabe,1,2000,4000,0.0,0,0,"[0, 0]",8,79.48505382899748
regular,250,250,80,1.406761919587372,"c=1,d=2",watanabe,1,2000,4000,0.0,0,0,"[0, 0]",5,69.78014989500662
e-singular,250,250,80,1.3620059246544498,"c=1,d=2",watanabe,1,2000,4000,0.0,0,0,"[0, 0]",8,69.73330904400063
singular1,250,250,80,0.9086835529612504,"c=1,d=2",watanabe,1,2000,4000,0.0,0,0,"[0, 0]",10,74.32170082499943
singular2,250,250,80,0.8678587205215266,"c=1,d=2",watanabe,1,2000,4000,0.0,0,0,"[0, 0]",8,80.80818010399526
regular,250,250,80,1.5981667100045749,"c=1,d=5",watanabe,1,2000,4000,0.0,0,0,"[0, 0]",5,70.7020197640013
e-singular,250,250,80,1.3385303503448174,"c=1,d=5",watanabe,1,2000,4000,0.0,0,0,"[0, 0]",8,67.57390412799577
singular1,250,250,80,1.0635175317459995,"c=1,d=5",watanabe,1,2000,4000,0.0,0,0,"[0, 0]",9,61.56082507500105
singular2,250,250,80,0.9122695991859504,"c=1,d=5",watanabe,1,2000,4000,0.0,0,0,"[0, 0]",9,79.36595592399681
regular,250,250,80,1.41952761328222,"c=1,d=10",watanabe,1,2000,4000,0.0,0,0,"[0, 0]",5,69.46653916099604
e-singular,250,250,80,1.4305380281983515,"c=1,d=10",watanabe,1,2000,4000,0.0,0,0,"[0, 0]",8,67.14143898499606
singular1,250,250,80,0.8445831455579558,"c=1,d=10",watanabe,1,2000,4000,0.0,0,0,"[0, 0]",9,82.55507408000267
singular2,250,250,80,0.9000665730529197,"c=1,d=10",watanabe,1,2000,4000,0.0,0,0,"[0, 0]",10,75.39002787099889
regular,5000,5000,80,2.182680957805171,"c=1,d=0.1",watanabe,1,2000,4000,0.0,0,0,"[0, 0]",5,173.21597144899715
e-singular,5000,5000,80,1.0396283357367369,"c=1,d=0.1",watanabe,1,2000,4000,0.0,0,0,"[0, 0]",7,229.77534737800303
singular1,5000,5000,80,0.7108810276536496,"c=1,d=0.1",watanabe,1,2000,4000,0.0,0,0,"[0, 0]",10,387.389733242002
singular2,5000,5000,80,-0.1741695008731708,"c=1,d=0.1",watanabe,1,2000,4000,0.0,0,0,"[0, 0]",10,456.7744209349985
regular,5000,5000,80,1.5478866939489329,"c=1,d=1",watanabe,1,2000,4000,0.0,0,0,"[0, 0]",5,138.2739522960037
e-singular,5000,5000,80,1.459826758689023,"c=1,d=1",watanabe,1,2000,4000,0.0,0,0,"[0, 0]",7,216.0824249590005
singular1,5000,5000,80,0.8462230083517248,"c=1,d=1",watanabe,1,2000,4000,0.0,0,0,"[0, 0]",10,534.3662085519973
singular2,5000,5000,80,0.819674812051403,"c=1,d=1",watanabe,1,2000,4000,0.0,0,0,"[0, 0]",10,443.4166867200038
regular,5000,5000,80,1.4648382968630351,"c=1,d=2",watanabe,1,2000,4000,0.0,0,0,"[0, 0]",5,157.73074883699883
e-singular,5000,5000,80,1.4746798039737197,"c=1,d=2",watanabe,1,2000,4000,0.0,0,0,"[0, 0]",6,204.64722914000595
singular1,5000,5000,80,0.7443023016084283,"c=1,d=2",watanabe,1,2000,4000,0.0,0,0,"[0, 0]",10,475.9490273150004
singular2,5000,5000,80,0.8758665099901413,"c=1,d=2",watanabe,1,2000,4000,0.0,0,0,"[0, 0]",10,432.5323835800009
regular,5000,5000,80,1.4715036715798293,"c=1,d=5",watanabe,1,2000,4000,0.0,0,0,"[0, 0]",5,173.8347221840013
e-singular,5000,5000,80,1.5348389317206828,"c=1,d=5",watanabe,1,2000,4000,0.0,0,0,"[0, 0]",7,196.5000065819986
singular1,5000,5000,80,0.8996758046976278,"c=1,d=5",watanabe,1,2000,4000,0.0,0,0,"[0, 0]",10,380.3628412429971
singular2,5000,5000,80,0.9316155738585368,"c=1,d=5",watanabe,1,2000,4000,0.0,0,0,"[0, 0]",10,382.06969087900507
regular,5000,5000,80,1.55808042035228,"c=1,d=10",watanabe,1,2000,4000,0.0,0,0,"[0, 0]",5,153.5253741380002
e-singular,5000,5000,80,1.4858429847164705,"c=1,d=10",watanabe,1,2000,4000,0.0,0,0,"[0, 0]",7,230.17614576400229
singular1,5000,5000,80,0.8080616269553808,"c=1,d=10",watanabe,1,2000,4000,0.0,0,0,"[0, 0]",10,325.3514184500018
singular2,5000,5000,80,0.8919826510271319,"c=1,d=10",watanabe,1,2000,4000,0.0,0,0,"[0, 0]",10,290.6963530150024
regular,50,50,81,-0.1424263290666282,"c=1,d=0.1",watanabe,1,2000,4000,0.0,0,0,"[0, 0]",5,43.671381384003325
e-singular,50,50,81,1.6007559615559903,"c=1,d=0.1",watanabe,1,2000,4000,0.0,0,0,"[0, 0]",8,44.36590071599494
singular1,50,50,81,0.7815072721715285,"c=1,d=0.1",watanabe,1,2000,4000,0.0,0,0,"[0, 0]",8,46.74509157799912
singular2,50,50,81,1.0771817510301898,"c=1,d=0.1",watanabe,1,2000,4000,0.0,0,0,"[0, 0]",8,51.474200213000586
regular,50,50,81,1.3966705960425103,"c=1,d=1",watanabe,1,2000,4000,0.0,0,0,"[0, 0]",5,41.80363160399429
e-singular,50,50,81,1.151911643642339,"c=1,d=1",watanabe,1,2000,4000,0.0,0,0,"[0, 0]",8,51.71472575799999
singular1,50,50,81,1.0366440743303798,"c=1,d=1",watanabe,1,2000,4000,0.0,0,0,"[0, 0]",10,44.80904962000204
singular2,50,50,81,1.004064921420591,"c=1,d=1",watanabe,1,2000,4000,0.0,0,0,"[0, 0]",8,47.95974208699772
regular,50,50,81,1.3340800038782186,"c=1,d=2",watanabe,1,2000,4000,0.0,0,0,"[0, 0]",5,71.59503666000091
e-singular,50,50,81,1.012309914612353,"c=1,d=2",watanabe,1,2000,4000,0.0,0,0,"[0, 0]",8,69.89263192599901
singular1,50,50,81,1.1019679095928072,"c=1,d=2",watanabe,1,2000,4000,0.0,0,0,"[0, 0]",9,66.44332987899543
singular2,50,50,81,0.8148451420304064,"c=1,d=2",watanabe,1,2000,4000,0.0,0,0,"[0, 0]",8,67.59274411899969
regular,50,50,81,1.4389913107568368,"c=1,d=5",watanabe,1,2000,4000,0.0,0,0,"[0, 0]",5,64.8502152919973
e-singular,50,50,81,1.0406310280678228,"c=1,d=5",watanabe,1,2000,4000,0.0,0,0,"[0, 0]",8,71.09650278199842
singular1,50,50,81,1.1993226545741482,"c=1,d=5",watanabe,1,2000,4000,0.0,0,0,"[0, 0]",9,78.03875141299795
singular2,50,50,81,0.850883633113265,"c=1,d=5",watanabe,1,2000,4000,0.0,0,0,"[0, 0]",8,77.28233967899723
regular,50,50,81,1.3455787781168391,"c=1,d=10",watanabe,1,2000,4000,0.0,0,0,"[0, 0]",5,59.82501157799561
e-singular,50,50,81,1.131765648911457,"c=1,d=10",watanabe,1,2000,4000,0.0,0,0,"[0, 0]",8,58.87427371300146
singular1,50,50,81,0.9925282938421958,"c=1,d=10",watanabe,1,2000,4000,0.0,0,0,"[0, 0]",9,55.974421605002135
singular2,50,50,81,0.9134591074706384,"c=1,d=10",watanabe,1,2000,4000,0.0,0,0,"[0, 0]",9,77.4614769089967
regular,250,250,81,0.9339882605243716,"c=1,d=0.1",watanabe,1,2000,4000,0.0,0,0,"[0, 0]",5,62.01057301500259
e-singular,250,250,81,1.4598933289011984,"c=1,d=0.1",watanabe,1,2000,4000,0.0,0,0,"[0, 0]",8,74.29167920599866
singular1,250,250,81,0.1818795279592896,"c=1,d=0.1",watanabe,1,2000,4000,0.0,0,0,"[0, 0]",9,69.10554982099711
singular2,250,250,81,0.6381904212613935,"c=1,d=0.1",watanabe,1,2000,4000,0.0,0,0,"[0, 0]",8,72.24236731100245
regular,250,250,81,1.5902832284319686,"c=1,d=1",watanabe,1,2000,4000,0.0,0,0,"[0, 0]",5,65.72400895100145
e-singular,250,250,81,1.3859739695608464,"c=1,d=1",watanabe,1,2000,4000,0.0,0,0,"[0, 0]",9,68.13656881399947
singular1,250,250,81,1.2558114259084618,"c=1,d=1",watanabe,1,2000,4000,0.0,0,0,"[0, 0]",9,70.80872272499983
singular2,250,250,81,0.9300392609338354,"c=1,d=1",watanabe,1,2000,4000,0.0,0,0,"[0, 0]",9,71.98013780600013
regular,250,250,81,1.4681359685661293,"c=1,d=2",watanabe,1,2000,4000,0.0,0,0,"[0, 0]",5,63.533923426999536
e-singular,250,250,81,1.4515110111150609,"c=1,d=2",watanabe,1,2000,4000,0.0,0,0,"[0, 0]",8,66.35243808600353
singular1,250,250,81,0.8765365554912523,"c=1,d=2",watanabe,1,2000,4000,0.0,0,0,"[0, 0]",10,86.24943050699949
singular2,250,250,81,0.9530754419811904,"c=1,d=2",watanabe,1,2000,4000,0.0,0,0,"[0, 0]",9,77.71406731300522
regular,250,250,81,1.6128215925670355,"c=1,d=5",watanabe,1,2000,4000,0.0,0,0,"[0, 0]",5,71.89670536800259
e-singular,250,250,81,1.505471951254742,"c=1,d=5",watanabe,1,2000,4000,0.0,0,0,"[0, 0]",8,71.97155583900167
singular1,250,250,81,1.025248620163443,"c=1,d=5",watanabe,1,2000,4000,0.0,0,0,"[0, 0]",10,83.00577579800301
singular2,250,250,81,0.9191894064454652,"c=1,d=5",watanabe,1,2000,4000,0.0,0,0,"[0, 0]",9,74.51092581700505
regular,250,250,81,1.4694173708570075,"c=1,d=10",watanabe,1,2000,4000,0.0,0,0,"[0, 0]",5,64.70197665100568
e-singular,250,250,81,1.4311901257835846,"c=1,d=10",watanabe,1,2000,4000,0.0,0,0,"[0, 0]",8,72.0987720339981
singular1,250,250,81,0.9558098927460548,"c=1,d=10",watanabe,1,2000,4000,0.0,0,0,"[0, 0]",9,81.49320846499904
singular2,250,250,81,0.9441906421503836,"c=1,d=10",watanabe,1,2000,4000,0.0,0,0,"[0, 0]",10,75.26692810100212
regular,5000,5000,81,1.729992906972764,"c=1,d=0.1",watanabe,1,2000,4000,0.0,0,0,"[0, 0]",5,132.94397766399925
e-singular,5000,5000,81,1.4870237158111694,"c=1,d=0.1",watanabe,1,2000,4000,0.0,0,0,"[0, 0]",7,197.1904289669983
singular1,5000,5000,81,0.9240890965925064,"c=1,d=0.1",watanabe,1,2000,4000,0.0,0,0,"[0, 0]",10,419.52153539799474
singular2,5000,5000,81,1.1288357122358763,"c=1,d=0.1",watanabe,1,2000,4000,0.0,0,0,"[0, 0]",10,430.60942911099846
regular,5000,5000,81,1.5360222590905337,"c=1,d=1",watanabe,1,2000,4000,0.0,0,0,"[0, 0]",5,166.72215251799935
e-singular,5000,5000,81,1.5252629170185945,"c=1,d=1",watanabe,1,2000,4000,0.0,0,0,"[0, 0]",6,189.78727247400093
singular1,5000,5000,81,0.8591888170517078,"c=1,d=1",watanabe,1,2000,4000,0.0,0,0,"[0, 0]",10,436.3190774210016
singular2,5000,5000,81,0.8421193097707499,"c=1,d=1",watanabe,1,2000,4000,0.0,0,0,"[0, 0]",10,483.798612093
regular,5000,5000,81,1.3837980203319935,"c=1,d=2",watanabe,1,2000,4000,0.0,0,0,"[0, 0]",5,160.71879626600276
e-singular,5000,5000,81,1.4946536664352452,"c=1,d=2",watanabe,1,2000,4000,0.0,0,0,"[0, 0]",6,199.5249849070024
singular1,5000,5000,81,0.6878001286269921,"c=1,d=2",watanabe,1,2000,4000,0.0,0,0,"[0, 0]",10,425.159038595004
singular2,5000,5000,81,0.7425915221854602,"c=1,d=2",watanabe,1,2000,4000,0.0,0,0,"[0, 0]",10,446.62889990999975
regular,5000,5000,81,1.4601347047299496,"c=1,d=5",watanabe,1,2000,4000,0.0,0,0,"[0, 0]",6,199.5996931539994
e-singular,5000,5000,81,1.454871391812237,"c=1,d=5",watanabe,1,2000,4000,0.0,0,0,"[0, 0]",7,193.6410864270001
singular1,5000,5000,81,0.7873537150538413,"c=1,d=5",watanabe,1,2000,4000,0.0,0,0,"[0, 0]",10,381.133177978998
singular2,5000,5000,81,0.7777707931642229,"c=1,d=5",watanabe,1,2000,4000,0.0,0,0,"[0, 0]",10,409.887331938
regular,5000,5000,81,1.4618236889932703,"c=1,d=10",watanabe,1,2000,4000,0.0,0,0,"[0, 0]",5,154.2459902529954
e-singular,5000,5000,81,1.54922618958223,"c=1,d=10",watanabe,1,2000,4000,0.0,0,0,"[0, 0]",6,172.90593021500536
singular1,5000,5000,81,0.7673182740641176,"c=1,d=10",watanabe,1,2000,4000,0.0,0,0,"[0, 0]",10,339.3117789370008
singular2,5000,5000,81,0.7886625607136332,"c=1,d=10",watanabe,1,2000,4000,0.0,0,0,"[0, 0]",10,370.78787200799707
regular,50,50,82,2.4804163241897936,"c=1,d=0.1",watanabe,1,2000,4000,0.0,0,0,"[0, 0]",5,42.20061076999991
e-singular,50,50,82,0.2128653497458159,"c=1,d=0.1",watanabe,1,2000,4000,0.0,0,0,"[0, 0]",8,44.89137993600161
singular1,50,50,82,1.6881078090208284,"c=1,d=0.1",watanabe,1,2000,4000,0.0,0,0,"[0, 0]",8,44.96998962199723
singular2,50,50,82,1.0454934606313149,"c=1,d=0.1",watanabe,1,2000,4000,0.0,0,0,"[0, 0]",8,44.02721794599347
regular,50,50,82,1.5261323006803216,"c=1,d=1",watanabe,1,2000,4000,0.0,0,0,"[0, 0]",5,48.2649572329974
e-singular,50,50,82,1.0226178592471755,"c=1,d=1",watanabe,1,2000,4000,0.0,0,0,"[0, 0]",8,68.94947436499933
singular1,50,50,82,0.9651632476735014,"c=1,d=1",watanabe,1,2000,4000,0.0,0,0,"[0, 0]",10,70.77037564400234
singular2,50,50,82,1.048547047592251,"c=1,d=1",watanabe,1,2000,4000,0.0,0,0,"[0, 0]",8,55.535707832998014
regular,50,50,82,1.405129107595877,"c=1,d=2",watanabe,1,2000,4000,0.0,0,0,"[0, 0]",5,74.98250184900098
e-singular,50,50,82,1.0922051798908092,"c=1,d=2",watanabe,1,2000,4000,0.0,0,0,"[0, 0]",8,80.03428588500537
singular1,50,50,82,1.1598956738067585,"c=1,d=2",watanabe,1,2000,4000,0.0,0,0,"[0, 0]",9,78.083663849
singular2,50,50,82,0.939046811728254,"c=1,d=2",watanabe,1,2000,4000,0.0,0,0,"[0, 0]",8,73.30640969600063
regular,50,50,82,1.4807573528190237,"c=1,d=5",watanabe,1,2000,4000,0.0,0,0,"[0, 0]",5,71.88575980699534
e-singular,50,50,82,1.0748396507647229,"c=1,d=5",watanabe,1,2000,4000,0.0,0,0,"[0, 0]",9,62.7806066139965
singular1,50,50,82,1.1298615449560494,"c=1,d=5",watanabe,1,2000,4000,0.0,0,0,"[0, 0]",10,57.554713347999495
singular2,50,50,82,1.0027370354245786,"c=1,d=5",watanabe,1,2000,4000,0.0,0,0,"[0, 0]",9,54.80856340000173
regular,50,50,82,1.540931024063832,"c=1,d=10",watanabe,1,2000,4000,0.0,0,0,"[0, 0]",5,70.34376865500235
e-singular,50,50,82,1.043878542493883,"c=1,d=10",watanabe,1,2000,4000,0.0,0,0,"[0, 0]",9,75.01956318500015
singular1,50,50,82,1.1054004848188503,"c=1,d=10",watanabe,1,2000,4000,0.0,0,0,"[0, 0]",9,69.92819083999348
singular2,50,50,82,0.9750806094087058,"c=1,d=10",watanabe,1,2000,4000,0.0,0,0,"[0, 0]",8,68.17847968299611
regular,250,250,82,0.9358681409510436,"c=1,d=0.1",watanabe,1,2000,4000,0.0,0,0,"[0, 0]",5,65.70993543900113
e-singular,250,250,82,1.697458198665772,"c=1,d=0.1",watanabe,1,2000,4000,0.0,0,0,"[0, 0]",9,78.08459783100261
singular1,250,250,82,1.878071598843892,"c=1,d=0.1",watanabe,1,2000,4000,0.0,0,0,"[0, 0]",9,70.35077344399906
singular2,250,250,82,0.4255389978979019,"c=1,d=0.1",watanabe,1,2000,4000,0.0,0,0,"[0, 0]",8,69.72856483700161
regular,250,250,82,1.4057715886460316,"c=1,d=1",watanabe,1,2000,4000,0.0,0,0,"[0, 0]",5,57.58834766100336
e-singular,250,250,82,1.7757966417429447,"c=1,d=1",watanabe,1,2000,4000,0.0,0,0,"[0, 0]",8,59.54788387000008
singular1,250,250,82,1.0245882763023506,"c=1,d=1",watanabe,1,2000,4000,0.0,0,0,"[0, 0]",8,68.89209470299829
singular2,250,250,82,0.9137578054111504,"c=1,d=1",watanabe,1,2000,4000,0.0,0,0,"[0, 0]",9,97.71911656599696
regular,250,250,82,1.4253413649961622,"c=1,d=2",watanabe,1,2000,4000,0.0,0,0,"[0, 0]",5,65.71632385599514
e-singular,250,250,82,1.5245706072882204,"c=1,d=2",watanabe,1,2000,4000,0.0,0,0,"[0, 0]",8,64.67976537199866
singular1,250,250,82,1.0931292349372086,"c=1,d=2",watanabe,1,2000,4000,0.0,0,0,"[0, 0]",10,94.3035357320041
singular2,250,250,82,0.9265652152021108,"c=1,d=2",watanabe,1,2000,4000,0.0,0,0,"[0, 0]",9,89.14862068100047
regular,250,250,82,1.5538654903676177,"c=1,d=5",watanabe,1,2000,4000,0.0,0,0,"[0, 0]",5,82.80673599500005
e-singular,250,250,82,1.6539288702277546,"c=1,d=5",watanabe,1,2000,4000,0.0,0,0,"[0, 0]",8,81.0161456440037
singular1,250,250,82,1.1015808927638666,"c=1,d=5",watanabe,1,2000,4000,0.0,0,0,"[0, 0]",10,79.12178713799949
singular2,250,250,82,0.7099461574880739,"c=1,d=5",watanabe,1,2000,4000,0.0,0,0,"[0, 0]",10,86.41120894100459
regular,250,250,82,1.4644397189508402,"c=1,d=10",watanabe,1,2000,4000,0.0,0,0,"[0, 0]",5,82.80403820100037
e-singular,250,250,82,1.7523685210560125,"c=1,d=10",watanabe,1,2000,4000,0.0,0,0,"[0, 0]",9,61.28657499800465
singular1,250,250,82,0.9898121616218222,"c=1,d=10",watanabe,1,2000,4000,0.0,0,0,"[0, 0]",10,72.41330861199822
singular2,250,250,82,0.841887592325839,"c=1,d=10",watanabe,1,2000,4000,0.0,0,0,"[0, 0]",10,75.77929594400484
regular,5000,5000,82,1.8823601785287687,"c=1,d=0.1",watanabe,1,2000,4000,0.0,0,0,"[0, 0]",5,163.16043557300145
e-singular,5000,5000,82,2.500750861420237,"c=1,d=0.1",watanabe,1,2000,4000,0.0,0,0,"[0, 0]",7,213.97410568899795
singular1,5000,5000,82,1.0431706862567347,"c=1,d=0.1",watanabe,1,2000,4000,0.0,0,0,"[0, 0]",10,436.81374188400514
singular2,5000,5000,82,0.4874512167171848,"c=1,d=0.1",watanabe,1,2000,4000,0.0,0,0,"[0, 0]",10,376.8104907980014
regular,5000,5000,82,1.3672056532553605,"c=1,d=1",watanabe,1,2000,4000,0.0,0,0,"[0, 0]",6,218.40437830799783
e-singular,5000,5000,82,1.6743616230955627,"c=1,d=1",watanabe,1,2000,4000,0.0,0,0,"[0, 0]",7,206.41852925499552
singular1,5000,5000,82,0.8761692891800618,"c=1,d=1",watanabe,1,2000,4000,0.0,0,0,"[0, 0]",10,497.7686507269973
singular2,5000,5000,82,0.806518841200906,"c=1,d=1",watanabe,1,2000,4000,0.0,0,0,"[0, 0]",10,408.7035960930007
regular,5000,5000,82,1.523521175244826,"c=1,d=2",watanabe,1,2000,4000,0.0,0,0,"[0, 0]",5,155.2965542029997
e-singular,5000,5000,82,1.5975358218359803,"c=1,d=2",watanabe,1,2000,4000,0.0,0,0,"[0, 0]",7,222.8166313690017
singular1,5000,5000,82,0.8621761013547145,"c=1,d=2",watanabe,1,2000,4000,0.0,0,0,"[0, 0]",10,453.20911747899663
singular2,5000,5000,82,0.7785452653482028,"c=1,d=2",watanabe,1,2000,4000,0.0,0,0,"[0, 0]",10,482.6463465910056
regular,5000,5000,82,1.563467958965557,"c=1,d=5",watanabe,1,2000,4000,0.0,0,0,"[0, 0]",5,144.68019254099636
e-singular,5000,5000,82,1.557906193650378,"c=1,d=5",watanabe,1,2000,4000,0.0,0,0,"[0, 0]",6,193.41118627799733
singular1,5000,5000,82,0.769765826940038,"c=1,d=5",watanabe,1,2000,4000,0.0,0,0,"[0, 0]",10,432.6989796639973
singular2,5000,5000,82,0.7722850591323681,"c=1,d=5",watanabe,1,2000,4000,0.0,0,0,"[0, 0]",10,480.8000433210036
regular,5000,5000,82,1.573134912554912,"c=1,d=10",watanabe,1,2000,4000,0.0,0,0,"[0, 0]",6,209.64595566500063
e-singular,5000,5000,82,1.593800575571007,"c=1,d=10",watanabe,1,2000,4000,0.0,0,0,"[0, 0]",6,213.1914675320004
singular1,5000,5000,82,0.7606156532909817,"c=1,d=10",watanabe,1,2000,4000,0.0,0,0,"[0, 0]",10,408.835095481998
singular2,5000,5000,82,0.722337816168061,"c=1,d=10",watanabe,1,2000,4000,0.0,0,0,"[0, 0]",10,367.79488608200336
regular,50,50,83,1.3222972028186672,"c=1,d=0.1",watanabe,1,2000,4000,0.0,0,0,"[0, 0]",5,41.76080864499818
e-singular,50,50,83,2.447759940407431,"c=1,d=0.1",watanabe,1,2000,4000,0.0,0,0,"[0, 0]",8,43.16943850200187
singular1,50,50,83,1.455404869466721,"c=1,d=0.1",watanabe,1,2000,4000,0.0,0,0,"[0, 0]",8,44.99907663600607
singular2,50,50,83,0.8580404581660744,"c=1,d=0.1",watanabe,1,2000,4000,0.0,0,0,"[0, 0]",7,42.87022696399799
regular,50,50,83,1.4670858681010783,"c=1,d=1",watanabe,1,2000,4000,0.0,0,0,"[0, 0]",5,41.44599719999678
e-singular,50,50,83,1.5062485599234536,"c=1,d=1",watanabe,1,2000,4000,0.0,0,0,"[0, 0]",7,41.64515631800168
singular1,50,50,83,1.227752851595663,"c=1,d=1",watanabe,1,2000,4000,0.0,0,0,"[0, 0]",9,45.59145563900529
singular2,50,50,83,1.0264015945933156,"c=1,d=1",watanabe,1,2000,4000,0.0,0,0,"[0, 0]",8,43.97362325400172
regular,50,50,83,1.3229073767410606,"c=1,d=2",watanabe,1,2000,4000,0.0,0,0,"[0, 0]",5,89.64767091899557
e-singular,50,50,83,1.698334804518751,"c=1,d=2",watanabe,1,2000,4000,0.0,0,0,"[0, 0]",8,88.70780154900422
singular1,50,50,83,1.118673709013935,"c=1,d=2",watanabe,1,2000,4000,0.0,0,0,"[0, 0]",8,92.52007733700157
singular2,50,50,83,1.041783756613752,"c=1,d=2",watanabe,1,2000,4000,0.0,0,0,"[0, 0]",8,88.09603138700186
regular,50,50,83,1.4454785473213885,"c=1,d=5",watanabe,1,2000,4000,0.0,0,0,"[0, 0]",5,85.90386618499906
e-singular,50,50,83,1.7558179843475166,"c=1,d=5",watanabe,1,2000,4000,0.0,0,0,"[0, 0]",6,89.29869897900062
singular1,50,50,83,1.149625617564401,"c=1,d=5",watanabe,1,2000,4000,0.0,0,0,"[0, 0]",8,90.80247978700208
singular2,50,50,83,0.9235647511781414,"c=1,d=5",watanabe,1,2000,4000,0.0,0,0,"[0, 0]",8,89.73976029900223
regular,50,50,83,1.5506990347384797,"c=1,d=10",watanabe,1,2000,4000,0.0,0,0,"[0, 0]",5,71.1007428150042
e-singular,50,50,83,1.6667379157755924,"c=1,d=10",watanabe,1,2000,4000,0.0,0,0,"[0, 0]",7,69.74564226700022
singular1,50,50,83,1.1028865143934805,"c=1,d=10",watanabe,1,2000,4000,0.0,0,0,"[0, 0]",9,64.87247218999983
singular2,50,50,83,0.9541009365052304,"c=1,d=10",watanabe,1,2000,4000,0.0,0,0,"[0, 0]",9,92.56105993899835
regular,250,250,83,1.2876956754094184,"c=1,d=0.1",watanabe,1,2000,4000,0.0,0,0,"[0, 0]",5,69.48911970000336
e-singular,250,250,83,1.5458477487245934,"c=1,d=0.1",watanabe,1,2000,4000,0.0,0,0,"[0, 0]",8,106.00514476199896
singular1,250,250,83,1.28083228852524,"c=1,d=0.1",watanabe,1,2000,4000,0.0,0,0,"[0, 0]",10,108.1660682820002
singular2,250,250,83,0.7911581227075537,"c=1,d=0.1",watanabe,1,2000,4000,0.0,0,0,"[0, 0]",8,103.54625423499964
regular,250,250,83,1.625131147214938,"c=1,d=1",watanabe,1,2000,4000,0.0,0,0,"[0, 0]",5,70.73547888100438
e-singular,250,250,83,1.301845231151903,"c=1,d=1",watanabe,1,2000,4000,0.0,0,0,"[0, 0]",9,84.01752440000564
singular1,250,250,83,1.084961980001062,"c=1,d=1",watanabe,1,2000,4000,0.0,0,0,"[0, 0]",10,81.9783210530004
singular2,250,250,83,1.0450454483077196,"c=1,d=1",watanabe,1,2000,4000,0.0,0,0,"[0, 0]",9,78.86522169399541
regular,250,250,83,1.406487400150921,"c=1,d=2",watanabe,1,2000,4000,0.0,0,0,"[0, 0]",5,51.90861469099764
e-singular,250,250,83,1.4761527363092457,"c=1,d=2",watanabe,1,2000,4000,0.0,0,0,"[0, 0]",8,74.98323916800291
singular1,250,250,83,1.0765117466994816,"c=1,d=2",watanabe,1,2000,4000,0.0,0,0,"[0, 0]",10,78.22030565200112
singular2,250,250,83,0.923447252011016,"c=1,d=2",watanabe,1,2000,4000,0.0,0,0,"[0, 0]",9,70.95707835599751
regular,250,250,83,1.4674031691289948,"c=1,d=5",watanabe,1,2000,4000,0.0,0,0,"[0, 0]",5,60.759908870997606
e-singular,250,250,83,1.453346383502531,"c=1,d=5",watanabe,1,2000,4000,0.0,0,0,"[0, 0]",9,74.64397578000353
singular1,250,250,83,1.0706206998662766,"c=1,d=5",watanabe,1,2000,4000,0.0,0,0,"[0, 0]",9,76.46561918400403
singular2,250,250,83,1.0446704820496129,"c=1,d=5",watanabe,1,2000,4000,0.0,0,0,"[0, 0]",8,78.41424502599693
regular,250,250,83,1.404072790842242,"c=1,d=10",watanabe,1,2000,4000,0.0,0,0,"[0, 0]",5,68.64308623900433
e-singular,250,250,83,1.425917094165751,"c=1,d=10",watanabe,1,2000,4000,0.0,0,0,"[0, 0]",9,55.64340440800152
singular1,250,250,83,0.9808216497512516,"c=1,d=10",watanabe,1,2000,4000,0.0,0,0,"[0, 0]",9,66.78165293300117
singular2,250,250,83,0.9550685877749098,"c=1,d=10",watanabe,1,2000,4000,0.0,0,0,"[0, 0]",10,66.52569432999735
regular,5000,5000,83,0.6938875884776171,"c=1,d=0.1",watanabe,1,2000,4000,0.0,0,0,"[0, 0]",5,139.52887938899948
e-singular,5000,5000,83,1.946796028419021,"c=1,d=0.1",watanabe,1,2000,4000,0.0,0,0,"[0, 0]",6,206.83656840999905
singular1,5000,5000,83,0.9670193149206896,"c=1,d=0.1",watanabe,1,2000,4000,0.0,0,0,"[0, 0]",10,427.6436176589996
singular2,5000,5000,83,0.9537339757547152,"c=1,d=0.1",watanabe,1,2000,4000,0.0,0,0,"[0, 0]",10,417.2317620679969
regular,5000,5000,83,1.4443552386207483,"c=1,d=1",watanabe,1,2000,4000,0.0,0,0,"[0, 0]",5,160.11722388400085
e-singular,5000,5000,83,1.3543845573296744,"c=1,d=1",watanabe,1,2000,4000,0.0,0,0,"[0, 0]",6,238.9583767290024
singular1,5000,5000,83,0.9347372838116086,"c=1,d=1",watanabe,1,2000,4000,0.0,0,0,"[0, 0]",10,430.7303667699962
singular2,5000,5000,83,0.8620134267926477,"c=1,d=1",watanabe,1,2000,4000,0.0,0,0,"[0, 0]",10,464.0625990519984
regular,5000,5000,83,1.386580941585038,"c=1,d=2",watanabe,1,2000,4000,0.0,0,0,"[0, 0]",5,148.9606888910057
e-singular,5000,5000,83,1.5704538879462422,"c=1,d=2",watanabe,1,2000,4000,0.0,0,0,"[0, 0]",7,198.7788860319997
singular1,5000,5000,83,0.7618093309042099,"c=1,d=2",watanabe,1,2000,4000,0.0,0,0,"[0, 0]",10,454.8323577359988
singular2,5000,5000,83,0.6688895745750093,"c=1,d=2",watanabe,1,2000,4000,0.0,0,0,"[0, 0]",10,469.0297456709959
regular,5000,5000,83,1.4397373819921964,"c=1,d=5",watanabe,1,2000,4000,0.0,0,0,"[0, 0]",5,153.83394845300063
e-singular,5000,5000,83,1.4986971944636371,"c=1,d=5",watanabe,1,2000,4000,0.0,0,0,"[0, 0]",6,216.14216868099905
singular1,5000,5000,83,0.7658091926623455,"c=1,d=5",watanabe,1,2000,4000,0.0,0,0,"[0, 0]",10,343.67776773699734
singular2,5000,5000,83,0.7637587287019003,"c=1,d=5",watanabe,1,2000,4000,0.0,0,0,"[0, 0]",10,406.0825244410007
regular,5000,5000,83,1.528504115438044,"c=1,d=10",watanabe,1,2000,4000,0.0,0,0,"[0, 0]",5,153.894058535996
e-singular,5000,5000,83,1.5086394576884703,"c=1,d=10",watanabe,1,2000,4000,0.0,0,0,"[0, 0]",6,193.6313549080005
singular1,5000,5000,83,0.7626482635576997,"c=1,d=10",watanabe,1,2000,4000,0.0,0,0,"[0, 0]",10,427.34741458400094
singular2,5000,5000,83,0.7348333673407474,"c=1,d=10",watanabe,1,2000,4000,0.0,0,0,"[0, 0]",10,363.4182111440023
regular,50,50,84,2.251025453048064,"c=1,d=0.1",watanabe,1,2000,4000,0.0,0,0,"[0, 0]",5,49.953234246997454
e-singular,50,50,84,2.447990892117255,"c=1,d=0.1",watanabe,1,2000,4000,0.0,0,0,"[0, 0]",8,49.22944293599721
singular1,50,50,84,0.8029170432686276,"c=1,d=0.1",watanabe,1,2000,4000,0.0,0,0,"[0, 0]",8,49.04413105099957
singular2,50,50,84,0.7961548687925692,"c=1,d=0.1",watanabe,1,2000,4000,0.0,0,0,"[0, 0]",7,49.24255468499905
regular,50,50,84,1.3368730908621325,"c=1,d=1",watanabe,1,2000,4000,0.0,0,0,"[0, 0]",5,49.891089887001726
e-singular,50,50,84,1.8370133299768008,"c=1,d=1",watanabe,1,2000,4000,0.0,0,0,"[0, 0]",8,49.217056730005424
singular1,50,50,84,0.9560759017248628,"c=1,d=1",watanabe,1,2000,4000,0.0,0,0,"[0, 0]",8,49.42540024700429
singular2,50,50,84,1.0193892244294116,"c=1,d=1",watanabe,1,2000,4000,0.0,0,0,"[0, 0]",7,47.2405209139979
regular,50,50,84,1.354721828744637,"c=1,d=2",watanabe,1,2000,4000,0.0,0,0,"[0, 0]",5,61.53857481200248
e-singular,50,50,84,1.772292859205277,"c=1,d=2",watanabe,1,2000,4000,0.0,0,0,"[0, 0]",8,62.04911130399705
singular1,50,50,84,0.9973237562698832,"c=1,d=2",watanabe,1,2000,4000,0.0,0,0,"[0, 0]",9,67.95352327699948
singular2,50,50,84,0.9248221648383652,"c=1,d=2",watanabe,1,2000,4000,0.0,0,0,"[0, 0]",8,72.4405172419938
regular,50,50,84,1.3941971949803609,"c=1,d=5",watanabe,1,2000,4000,0.0,0,0,"[0, 0]",5,69.41168245000154
e-singular,50,50,84,1.6812254653402967,"c=1,d=5",watanabe,1,2000,4000,0.0,0,0,"[0, 0]",7,66.59438113499345
singular1,50,50,84,1.10364051786952,"c=1,d=5",watanabe,1,2000,4000,0.0,0,0,"[0, 0]",10,80.92348283800675
singular2,50,50,84,0.9638347992228986,"c=1,d=5",watanabe,1,2000,4000,0.0,0,0,"[0, 0]",9,72.45637719200022
regular,50,50,84,1.4588627296581682,"c=1,d=10",watanabe,1,2000,4000,0.0,0,0,"[0, 0]",5,62.93093098599638
e-singular,50,50,84,1.486105833223477,"c=1,d=10",watanabe,1,2000,4000,0.0,0,0,"[0, 0]",7,64.66204865199688
singular1,50,50,84,1.1458362855650854,"c=1,d=10",watanabe,1,2000,4000,0.0,0,0,"[0, 0]",10,69.74393096799758
singular2,50,50,84,0.976667614862639,"c=1,d=10",watanabe,1,2000,4000,0.0,0,0,"[0, 0]",8,70.30806152099831
regular,250,250,84,2.327047470279988,"c=1,d=0.1",watanabe,1,2000,4000,0.0,0,0,"[0, 0]",5,73.32956834400102
e-singular,250,250,84,-0.5226843482665842,"c=1,d=0.1",watanabe,1,2000,4000,0.0,0,0,"[0, 0]",9,81.95226750500296
singular1,250,250,84,0.7741216037686243,"c=1,d=0.1",watanabe,1,2000,4000,0.0,0,0,"[0, 0]",9,83.06304450100288
singular2,250,250,84,1.036443999656505,"c=1,d=0.1",watanabe,1,2000,4000,0.0,0,0,"[0, 0]",8,74.00844354400033
regular,250,250,84,1.4317334222127651,"c=1,d=1",watanabe,1,2000,4000,0.0,0,0,"[0, 0]",5,59.49045186999865
e-singular,250,250,84,1.1826904616198322,"c=1,d=1",watanabe,1,2000,4000,0.0,0,0,"[0, 0]",8,66.05630227399524
singular1,250,250,84,1.1964463782578687,"c=1,d=1",watanabe,1,2000,4000,0.0,0,0,"[0, 0]",9,85.51732020099735
singular2,250,250,84,0.7743451953715864,"c=1,d=1",watanabe,1,2000,4000,0.0,0,0,"[0, 0]",8,78.68331471699639
regular,250,250,84,1.6839217286902657,"c=1,d=2",watanabe,1,2000,4000,0.0,0,0,"[0, 0]",5,67.79847302599956
e-singular,250,250,84,1.1865135841670147,"c=1,d=2",watanabe,1,2000,4000,0.0,0,0,"[0, 0]",9,74.36672592000104
singular1,250,250,84,1.1757067968782324,"c=1,d=2",watanabe,1,2000,4000,0.0,0,0,"[0, 0]",10,87.54168899499928
singular2,250,250,84,0.7772036054098652,"c=1,d=2",watanabe,1,2000,4000,0.0,0,0,"[0, 0]",9,74.87550077599735
regular,250,250,84,1.4486059621944347,"c=1,d=5",watanabe,1,2000,4000,0.0,0,0,"[0, 0]",5,60.86149388300692
e-singular,250,250,84,1.1854975904344938,"c=1,d=5",watanabe,1,2000,4000,0.0,0,0,"[0, 0]",9,61.18662539799698
singular1,250,250,84,1.261915864141101,"c=1,d=5",watanabe,1,2000,4000,0.0,0,0,"[0, 0]",10,96.17545883700222
singular2,250,250,84,0.795078246627161,"c=1,d=5",watanabe,1,2000,4000,0.0,0,0,"[0, 0]",9,71.58146595500148
regular,250,250,84,1.5111127853639468,"c=1,d=10",watanabe,1,2000,4000,0.0,0,0,"[0, 0]",5,65.10062980100338
e-singular,250,250,84,1.1680064938406725,"c=1,d=10",watanabe,1,2000,4000,0.0,0,0,"[0, 0]",8,62.16402400800144
singular1,250,250,84,1.3721411109722246,"c=1,d=10",watanabe,1,2000,4000,0.0,0,0,"[0, 0]",9,65.24039364900091
singular2,250,250,84,0.866100674682056,"c=1,d=10",watanabe,1,2000,4000,0.0,0,0,"[0, 0]",10,77.87504608200106
regular,5000,5000,84,1.5445282401370717,"c=1,d=0.1",watanabe,1,2000,4000,0.0,0,0,"[0, 0]",5,159.67301783300354
e-singular,5000,5000,84,1.539964002931422,"c=1,d=0.1",watanabe,1,2000,4000,0.0,0,0,"[0, 0]",7,211.11710435499845
singular1,5000,5000,84,-0.3484125110322434,"c=1,d=0.1",watanabe,1,2000,4000,0.0,0,0,"[0, 0]",10,538.6290838010027
singular2,5000,5000,84,1.0689826757771417,"c=1,d=0.1",watanabe,1,2000,4000,0.0,0,0,"[0, 0]",9,371.4744591550043
regular,5000,5000,84,1.3416948836527736,"c=1,d=1",watanabe,1,2000,4000,0.0,0,0,"[0, 0]",5,153.4327346880018
e-singular,5000,5000,84,1.4747985958666765,"c=1,d=1",watanabe,1,2000,4000,0.0,0,0,"[0, 0]",7,212.54023359499843
singular1,5000,5000,84,0.8325615846217674,"c=1,d=1",watanabe,1,2000,4000,0.0,0,0,"[0, 0]",10,449.8068508119977
singular2,5000,5000,84,1.010408761050286,"c=1,d=1",watanabe,1,2000,4000,0.0,0,0,"[0, 0]",10,401.730610341001
regular,5000,5000,84,1.584308377597923,"c=1,d=2",watanabe,1,2000,4000,0.0,0,0,"[0, 0]",5,159.59709790800116
e-singular,5000,5000,84,1.5640965449034503,"c=1,d=2",watanabe,1,2000,4000,0.0,0,0,"[0, 0]",6,187.3065727560024
singular1,5000,5000,84,0.8609026514101508,"c=1,d=2",watanabe,1,2000,4000,0.0,0,0,"[0, 0]",10,447.8012020489987
singular2,5000,5000,84,0.9358821893610954,"c=1,d=2",watanabe,1,2000,4000,0.0,0,0,"[0, 0]",10,418.5336429529998
regular,5000,5000,84,1.502118579922234,"c=1,d=5",watanabe,1,2000,4000,0.0,0,0,"[0, 0]",5,157.39078015999985
e-singular,5000,5000,84,1.431901255639351,"c=1,d=5",watanabe,1,2000,4000,0.0,0,0,"[0, 0]",7,206.29573390000587
singular1,5000,5000,84,0.7703367255479306,"c=1,d=5",watanabe,1,2000,4000,0.0,0,0,"[0, 0]",10,411.78794606500014
singular2,5000,5000,84,0.8556260979520562,"c=1,d=5",watanabe,1,2000,4000,0.0,0,0,"[0, 0]",10,381.3624973580008
regular,5000,5000,84,1.4805963100296895,"c=1,d=10",watanabe,1,2000,4000,0.0,0,0,"[0, 0]",5,152.81681744300295
e-singular,5000,5000,84,1.5655530759585736,"c=1,d=10",watanabe,1,2000,4000,0.0,0,0,"[0, 0]",7,230.07092661600475
singular1,5000,5000,84,0.7571099222138493,"c=1,d=10",watanabe,1,2000,4000,0.0,0,0,"[0, 0]",10,359.67571841500467
singular2,5000,5000,84,0.9371075135025536,"c=1,d=10",watanabe,1,2000,4000,0.0,0,0,"[0, 0]",10,294.0414956539971
regular,50,50,85,1.0181785098292695,"c=1,d=0.1",watanabe,1,2000,4000,0.0,0,0,"[0, 0]",5,40.56549026699941
e-singular,50,50,85,0.4522965734468521,"c=1,d=0.1",watanabe,1,2000,4000,0.0,0,0,"[0, 0]",8,43.06294122899999
singular1,50,50,85,1.3573514684279424,"c=1,d=0.1",watanabe,1,2000,4000,0.0,0,0,"[0, 0]",8,44.15846550400602
singular2,50,50,85,0.9270962188642284,"c=1,d=0.1",watanabe,1,2000,4000,0.0,0,0,"[0, 0]",7,42.079972822000855
regular,50,50,85,1.3496702350588712,"c=1,d=1",watanabe,1,2000,4000,0.0,0,0,"[0, 0]",5,64.60878793099982
e-singular,50,50,85,1.1011884168681083,"c=1,d=1",watanabe,1,2000,4000,0.0,0,0,"[0, 0]",8,45.6997587970036
singular1,50,50,85,1.068262142392299,"c=1,d=1",watanabe,1,2000,4000,0.0,0,0,"[0, 0]",9,68.70687153499603
singular2,50,50,85,0.9461697996273778,"c=1,d=1",watanabe,1,2000,4000,0.0,0,0,"[0, 0]",7,45.63081824999972
regular,50,50,85,1.3103176766031024,"c=1,d=2",watanabe,1,2000,4000,0.0,0,0,"[0, 0]",5,86.72304520999751
e-singular,50,50,85,1.05463141482555,"c=1,d=2",watanabe,1,2000,4000,0.0,0,0,"[0, 0]",8,81.48428189100377
singular1,50,50,85,1.120714002087904,"c=1,d=2",watanabe,1,2000,4000,0.0,0,0,"[0, 0]",10,87.47034107200307
singular2,50,50,85,0.9447957528382352,"c=1,d=2",watanabe,1,2000,4000,0.0,0,0,"[0, 0]",7,78.77702076899732
regular,50,50,85,1.4034419326286691,"c=1,d=5",watanabe,1,2000,4000,0.0,0,0,"[0, 0]",5,80.15621129400097
e-singular,50,50,85,1.1786458143540552,"c=1,d=5",watanabe,1,2000,4000,0.0,0,0,"[0, 0]",8,76.80088845600403
singular1,50,50,85,1.1878465941484782,"c=1,d=5",watanabe,1,2000,4000,0.0,0,0,"[0, 0]",10,68.23346782500448
singular2,50,50,85,0.9534353760029268,"c=1,d=5",watanabe,1,2000,4000,0.0,0,0,"[0, 0]",8,68.48164286700194
regular,50,50,85,1.3921924822391298,"c=1,d=10",watanabe,1,2000,4000,0.0,0,0,"[0, 0]",5,65.12042941199616
e-singular,50,50,85,1.2613156538355093,"c=1,d=10",watanabe,1,2000,4000,0.0,0,0,"[0, 0]",8,72.2909068279987
singular1,50,50,85,1.1478057772476815,"c=1,d=10",watanabe,1,2000,4000,0.0,0,0,"[0, 0]",10,76.2600045040017
singular2,50,50,85,0.7932994228546297,"c=1,d=10",watanabe,1,2000,4000,0.0,0,0,"[0, 0]",8,73.51225845899899
regular,250,250,85,1.6452696804351914,"c=1,d=0.1",watanabe,1,2000,4000,0.0,0,0,"[0, 0]",5,73.98610356700374
e-singular,250,250,85,0.7575853305811153,"c=1,d=0.1",watanabe,1,2000,4000,0.0,0,0,"[0, 0]",9,76.7691270869982
singular1,250,250,85,1.826041374668923,"c=1,d=0.1",watanabe,1,2000,4000,0.0,0,0,"[0, 0]",9,80.83981872000004
singular2,250,250,85,0.601175350623263,"c=1,d=0.1",watanabe,1,2000,4000,0.0,0,0,"[0, 0]",8,76.80638902800274
regular,250,250,85,1.3779257236918965,"c=1,d=1",watanabe,1,2000,4000,0.0,0,0,"[0, 0]",5,67.06676670400338
e-singular,250,250,85,1.5542247812056718,"c=1,d=1",watanabe,1,2000,4000,0.0,0,0,"[0, 0]",8,69.80232521600556
singular1,250,250,85,1.0407283502307731,"c=1,d=1",watanabe,1,2000,4000,0.0,0,0,"[0, 0]",9,66.65044230100466
singular2,250,250,85,0.95271271095471,"c=1,d=1",watanabe,1,2000,4000,0.0,0,0,"[0, 0]",9,74.14153188699856
regular,250,250,85,1.5142308311459358,"c=1,d=2",watanabe,1,2000,4000,0.0,0,0,"[0, 0]",5,69.43206693099637
e-singular,250,250,85,1.5949332314823386,"c=1,d=2",watanabe,1,2000,4000,0.0,0,0,"[0, 0]",8,72.24253087399848
singular1,250,250,85,1.1189818057206833,"c=1,d=2",watanabe,1,2000,4000,0.0,0,0,"[0, 0]",10,84.49089137899864
singular2,250,250,85,0.958328147146027,"c=1,d=2",watanabe,1,2000,4000,0.0,0,0,"[0, 0]",9,75.77560885599814
regular,250,250,85,1.5152652264309736,"c=1,d=5",watanabe,1,2000,4000,0.0,0,0,"[0, 0]",5,46.68295843600208
e-singular,250,250,85,1.5091070116661247,"c=1,d=5",watanabe,1,2000,4000,0.0,0,0,"[0, 0]",8,71.08868367199466
singular1,250,250,85,1.0683253223346751,"c=1,d=5",watanabe,1,2000,4000,0.0,0,0,"[0, 0]",10,88.41050035799708
singular2,250,250,85,1.047609710666107,"c=1,d=5",watanabe,1,2000,4000,0.0,0,0,"[0, 0]",8,84.08202536900353
regular,250,250,85,1.5337327977237487,"c=1,d=10",watanabe,1,2000,4000,0.0,0,0,"[0, 0]",5,77.18908522799757
e-singular,250,250,85,1.5880837088373183,"c=1,d=10",watanabe,1,2000,4000,0.0,0,0,"[0, 0]",8,72.53955672399752
singular1,250,250,85,1.0159652179141587,"c=1,d=10",watanabe,1,2000,4000,0.0,0,0,"[0, 0]",10,72.26379545400414
singular2,250,250,85,1.0099723928955324,"c=1,d=10",watanabe,1,2000,4000,0.0,0,0,"[0, 0]",10,91.31799139599752
regular,5000,5000,85,2.2689549510372093,"c=1,d=0.1",watanabe,1,2000,4000,0.0,0,0,"[0, 0]",5,192.78997232200345
e-singular,5000,5000,85,1.2001656269578296,"c=1,d=0.1",watanabe,1,2000,4000,0.0,0,0,"[0, 0]",7,198.5494658519965
singular1,5000,5000,85,-0.0031906305656546,"c=1,d=0.1",watanabe,1,2000,4000,0.0,0,0,"[0, 0]",10,416.1168814320045
singular2,5000,5000,85,2.0058527130083754,"c=1,d=0.1",watanabe,1,2000,4000,0.0,0,0,"[0, 0]",10,466.8169620929984
regular,5000,5000,85,1.6142475493038564,"c=1,d=1",watanabe,1,2000,4000,0.0,0,0,"[0, 0]",5,150.31216677999328
e-singular,5000,5000,85,1.620308907914298,"c=1,d=1",watanabe,1,2000,4000,0.0,0,0,"[0, 0]",7,202.5627086050008
singular1,5000,5000,85,0.904498003249626,"c=1,d=1",watanabe,1,2000,4000,0.0,0,0,"[0, 0]",10,404.6341756239999
singular2,5000,5000,85,0.961224597408559,"c=1,d=1",watanabe,1,2000,4000,0.0,0,0,"[0, 0]",10,514.493648468997
regular,5000,5000,85,1.567157870789476,"c=1,d=2",watanabe,1,2000,4000,0.0,0,0,"[0, 0]",6,209.2912812319992
e-singular,5000,5000,85,1.5563344027368295,"c=1,d=2",watanabe,1,2000,4000,0.0,0,0,"[0, 0]",7,189.03027034399565
singular1,5000,5000,85,0.9497226697506312,"c=1,d=2",watanabe,1,2000,4000,0.0,0,0,"[0, 0]",10,469.6357876320035
singular2,5000,5000,85,0.716150966211518,"c=1,d=2",watanabe,1,2000,4000,0.0,0,0,"[0, 0]",10,425.6784556539933
regular,5000,5000,85,1.4286202586349317,"c=1,d=5",watanabe,1,2000,4000,0.0,0,0,"[0, 0]",5,154.7186059730011
e-singular,5000,5000,85,1.5057384816936823,"c=1,d=5",watanabe,1,2000,4000,0.0,0,0,"[0, 0]",7,273.94121485800133
singular1,5000,5000,85,0.8095733981990455,"c=1,d=5",watanabe,1,2000,4000,0.0,0,0,"[0, 0]",10,347.9791233289943
singular2,5000,5000,85,0.868014520720079,"c=1,d=5",watanabe,1,2000,4000,0.0,0,0,"[0, 0]",10,391.1042777620023
regular,5000,5000,85,1.4800845323395786,"c=1,d=10",watanabe,1,2000,4000,0.0,0,0,"[0, 0]",5,159.10797133100277
e-singular,5000,5000,85,1.615355028346838,"c=1,d=10",watanabe,1,2000,4000,0.0,0,0,"[0, 0]",7,179.1572176519985
singular1,5000,5000,85,0.8844895818871528,"c=1,d=10",watanabe,1,2000,4000,0.0,0,0,"[0, 0]",10,282.2649357440023
singular2,5000,5000,85,0.7411617540799776,"c=1,d=10",watanabe,1,2000,4000,0.0,0,0,"[0, 0]",10,325.32231843000045
regular,50,50,86,0.91539780911412,"c=1,d=0.1",watanabe,1,2000,4000,0.0,0,0,"[0, 0]",5,49.28210554399993
e-singular,50,50,86,1.7301796345809506,"c=1,d=0.1",watanabe,1,2000,4000,0.0,0,0,"[0, 0]",8,48.75761018099729
singular1,50,50,86,1.3526799140448331,"c=1,d=0.1",watanabe,1,2000,4000,0.0,0,0,"[0, 0]",8,51.943122240001685
singular2,50,50,86,2.259392622900335,"c=1,d=0.1",watanabe,1,2000,4000,0.0,0,0,"[0, 0]",8,51.2091251019956
regular,50,50,86,1.3904979171127163,"c=1,d=1",watanabe,1,2000,4000,0.0,0,0,"[0, 0]",5,46.61220728899934
e-singular,50,50,86,1.275145741874644,"c=1,d=1",watanabe,1,2000,4000,0.0,0,0,"[0, 0]",9,50.57341378399724
singular1,50,50,86,1.0824275074101244,"c=1,d=1",watanabe,1,2000,4000,0.0,0,0,"[0, 0]",8,72.21805744900485
singular2,50,50,86,1.0250462745007982,"c=1,d=1",watanabe,1,2000,4000,0.0,0,0,"[0, 0]",8,71.13968960000057
regular,50,50,86,1.3433123767421975,"c=1,d=2",watanabe,1,2000,4000,0.0,0,0,"[0, 0]",5,62.47777584400319
e-singular,50,50,86,1.2918137327954788,"c=1,d=2",watanabe,1,2000,4000,0.0,0,0,"[0, 0]",8,63.28186234200257
singular1,50,50,86,1.1024088653283293,"c=1,d=2",watanabe,1,2000,4000,0.0,0,0,"[0, 0]",9,76.66667505300575
singular2,50,50,86,0.8383827738669332,"c=1,d=2",watanabe,1,2000,4000,0.0,0,0,"[0, 0]",8,63.78425036899717
regular,50,50,86,1.3545057389195796,"c=1,d=5",watanabe,1,2000,4000,0.0,0,0,"[0, 0]",5,60.448985944000015
e-singular,50,50,86,1.3646198553937725,"c=1,d=5",watanabe,1,2000,4000,0.0,0,0,"[0, 0]",8,72.61988750599994
singular1,50,50,86,1.06888566344741,"c=1,d=5",watanabe,1,2000,4000,0.0,0,0,"[0, 0]",9,57.29149080299976
singular2,50,50,86,0.9209684124128176,"c=1,d=5",watanabe,1,2000,4000,0.0,0,0,"[0, 0]",8,63.57960656499927
regular,50,50,86,1.4389901659343085,"c=1,d=10",watanabe,1,2000,4000,0.0,0,0,"[0, 0]",5,64.0247533130023
e-singular,50,50,86,1.4207557198536696,"c=1,d=10",watanabe,1,2000,4000,0.0,0,0,"[0, 0]",8,64.32257146300253
singular1,50,50,86,1.0612706015905768,"c=1,d=10",watanabe,1,2000,4000,0.0,0,0,"[0, 0]",9,63.40015113299887
singular2,50,50,86,0.84327992283056,"c=1,d=10",watanabe,1,2000,4000,0.0,0,0,"[0, 0]",10,57.67225374600093
regular,250,250,86,1.1531997174995816,"c=1,d=0.1",watanabe,1,2000,4000,0.0,0,0,"[0, 0]",5,57.34630317200208
e-singular,250,250,86,0.7763379344755259,"c=1,d=0.1",watanabe,1,2000,4000,0.0,0,0,"[0, 0]",9,62.25758240799769
singular1,250,250,86,1.5545091579123682,"c=1,d=0.1",watanabe,1,2000,4000,0.0,0,0,"[0, 0]",10,73.67378614200425
singular2,250,250,86,1.0641770975932028,"c=1,d=0.1",watanabe,1,2000,4000,0.0,0,0,"[0, 0]",8,71.42278100399562
regular,250,250,86,1.4138975546120227,"c=1,d=1",watanabe,1,2000,4000,0.0,0,0,"[0, 0]",5,64.12837862600281
e-singular,250,250,86,1.304689230496707,"c=1,d=1",watanabe,1,2000,4000,0.0,0,0,"[0, 0]",9,71.18449637899903
singular1,250,250,86,1.2396986619188046,"c=1,d=1",watanabe,1,2000,4000,0.0,0,0,"[0, 0]",9,75.33427911399485
singular2,250,250,86,0.9050691857415,"c=1,d=1",watanabe,1,2000,4000,0.0,0,0,"[0, 0]",9,70.93818654699862
regular,250,250,86,1.4635415440191035,"c=1,d=2",watanabe,1,2000,4000,0.0,0,0,"[0, 0]",5,68.77917818500282
e-singular,250,250,86,1.3970092398039116,"c=1,d=2",watanabe,1,2000,4000,0.0,0,0,"[0, 0]",9,66.1358222380004
singular1,250,250,86,0.9553850120047644,"c=1,d=2",watanabe,1,2000,4000,0.0,0,0,"[0, 0]",10,84.0611233439995
singular2,250,250,86,0.867198343222258,"c=1,d=2",watanabe,1,2000,4000,0.0,0,0,"[0, 0]",9,81.65287519500271
regular,250,250,86,1.5313892778942657,"c=1,d=5",watanabe,1,2000,4000,0.0,0,0,"[0, 0]",5,49.93332298799942
e-singular,250,250,86,1.4294395499538288,"c=1,d=5",watanabe,1,2000,4000,0.0,0,0,"[0, 0]",8,59.144825543997285
singular1,250,250,86,1.051743390346745,"c=1,d=5",watanabe,1,2000,4000,0.0,0,0,"[0, 0]",10,82.54476241700468
singular2,250,250,86,0.8487988974194542,"c=1,d=5",watanabe,1,2000,4000,0.0,0,0,"[0, 0]",9,83.27251391400205
regular,250,250,86,1.484487576345998,"c=1,d=10",watanabe,1,2000,4000,0.0,0,0,"[0, 0]",5,61.78617119600676
e-singular,250,250,86,1.4451578801644676,"c=1,d=10",watanabe,1,2000,4000,0.0,0,0,"[0, 0]",9,68.88640217799548
singular1,250,250,86,0.9221396078225697,"c=1,d=10",watanabe,1,2000,4000,0.0,0,0,"[0, 0]",10,88.59579266900255
singular2,250,250,86,0.8888003671977978,"c=1,d=10",watanabe,1,2000,4000,0.0,0,0,"[0, 0]",10,75.1549279710016
regular,5000,5000,86,1.152423543319509,"c=1,d=0.1",watanabe,1,2000,4000,0.0,0,0,"[0, 0]",5,140.25915377300407
e-singular,5000,5000,86,1.828292228868948,"c=1,d=0.1",watanabe,1,2000,4000,0.0,0,0,"[0, 0]",7,191.0365229650052
singular1,5000,5000,86,0.705469887007582,"c=1,d=0.1",watanabe,1,2000,4000,0.0,0,0,"[0, 0]",10,407.6731503209958
singular2,5000,5000,86,0.2472979163100886,"c=1,d=0.1",watanabe,1,2000,4000,0.0,0,0,"[0, 0]",10,390.9555370689996
regular,5000,5000,86,1.4090301113556642,"c=1,d=1",watanabe,1,2000,4000,0.0,0,0,"[0, 0]",5,156.22943223300535
e-singular,5000,5000,86,1.3982134185898127,"c=1,d=1",watanabe,1,2000,4000,0.0,0,0,"[0, 0]",7,220.39956546300527
singular1,5000,5000,86,0.7163732532844519,"c=1,d=1",watanabe,1,2000,4000,0.0,0,0,"[0, 0]",10,568.810503793
singular2,5000,5000,86,0.8670829659138178,"c=1,d=1",watanabe,1,2000,4000,0.0,0,0,"[0, 0]",10,382.0767481319999
regular,5000,5000,86,1.4210925640243468,"c=1,d=2",watanabe,1,2000,4000,0.0,0,0,"[0, 0]",5,138.27689501499844
e-singular,5000,5000,86,1.6160055427970048,"c=1,d=2",watanabe,1,2000,4000,0.0,0,0,"[0, 0]",6,211.08922977399925
singular1,5000,5000,86,0.8185667867683628,"c=1,d=2",watanabe,1,2000,4000,0.0,0,0,"[0, 0]",10,410.682246152006
singular2,5000,5000,86,0.8236104639665015,"c=1,d=2",watanabe,1,2000,4000,0.0,0,0,"[0, 0]",10,410.1211097609994
regular,5000,5000,86,1.4312139479735129,"c=1,d=5",watanabe,1,2000,4000,0.0,0,0,"[0, 0]",5,145.85281999799918
e-singular,5000,5000,86,1.571653161097578,"c=1,d=5",watanabe,1,2000,4000,0.0,0,0,"[0, 0]",6,191.79301217300235
singular1,5000,5000,86,0.741790966275737,"c=1,d=5",watanabe,1,2000,4000,0.0,0,0,"[0, 0]",10,415.5660863059966
singular2,5000,5000,86,0.8543046223842858,"c=1,d=5",watanabe,1,2000,4000,0.0,0,0,"[0, 0]",10,408.9559720959951
regular,5000,5000,86,1.5474705988812236,"c=1,d=10",watanabe,1,2000,4000,0.0,0,0,"[0, 0]",5,148.4191328550005
e-singular,5000,5000,86,1.4745655007059113,"c=1,d=10",watanabe,1,2000,4000,0.0,0,0,"[0, 0]",7,185.73000111599688
singular1,5000,5000,86,0.8051784041138997,"c=1,d=10",watanabe,1,2000,4000,0.0,0,0,"[0, 0]",10,376.7651135979977
singular2,5000,5000,86,0.8146845045836854,"c=1,d=10",watanabe,1,2000,4000,0.0,0,0,"[0, 0]",10,326.052673694001
regular,50,50,87,0.6755293061265812,"c=1,d=0.1",watanabe,1,2000,4000,0.0,0,0,"[0, 0]",5,61.55221677500231
e-singular,50,50,87,1.389584298268174,"c=1,d=0.1",watanabe,1,2000,4000,0.0,0,0,"[0, 0]",8,61.58525057999941
singular1,50,50,87,1.1013782517282955,"c=1,d=0.1",watanabe,1,2000,4000,0.0,0,0,"[0, 0]",8,63.818072781999945
singular2,50,50,87,0.8293104408394171,"c=1,d=0.1",watanabe,1,2000,4000,0.0,0,0,"[0, 0]",7,67.87604724600533
regular,50,50,87,1.3326319761942402,"c=1,d=1",watanabe,1,2000,4000,0.0,0,0,"[0, 0]",5,74.41000329600502
e-singular,50,50,87,1.129681081494289,"c=1,d=1",watanabe,1,2000,4000,0.0,0,0,"[0, 0]",9,73.39711655500287
singular1,50,50,87,1.073512931368784,"c=1,d=1",watanabe,1,2000,4000,0.0,0,0,"[0, 0]",8,74.10116699499486
singular2,50,50,87,0.9188822307420768,"c=1,d=1",watanabe,1,2000,4000,0.0,0,0,"[0, 0]",8,73.66372398200474
regular,50,50,87,1.3150192490277968,"c=1,d=2",watanabe,1,2000,4000,0.0,0,0,"[0, 0]",5,57.88168090600084
e-singular,50,50,87,1.2949344092509123,"c=1,d=2",watanabe,1,2000,4000,0.0,0,0,"[0, 0]",8,76.26295394699991
singular1,50,50,87,1.0443926164741246,"c=1,d=2",watanabe,1,2000,4000,0.0,0,0,"[0, 0]",8,75.67809444699378
singular2,50,50,87,0.934024197752504,"c=1,d=2",watanabe,1,2000,4000,0.0,0,0,"[0, 0]",8,55.21114825499535
regular,50,50,87,1.4586248880374455,"c=1,d=5",watanabe,1,2000,4000,0.0,0,0,"[0, 0]",5,49.200860029995965
e-singular,50,50,87,1.3351044844383348,"c=1,d=5",watanabe,1,2000,4000,0.0,0,0,"[0, 0]",8,48.038617115002126
singular1,50,50,87,1.0839431553140582,"c=1,d=5",watanabe,1,2000,4000,0.0,0,0,"[0, 0]",9,67.01275778799754
singular2,50,50,87,0.8748988875686685,"c=1,d=5",watanabe,1,2000,4000,0.0,0,0,"[0, 0]",8,48.51173128600203
regular,50,50,87,1.4029357335853891,"c=1,d=10",watanabe,1,2000,4000,0.0,0,0,"[0, 0]",6,69.47751581099874
e-singular,50,50,87,1.3525484350284442,"c=1,d=10",watanabe,1,2000,4000,0.0,0,0,"[0, 0]",7,69.21462339900609
singular1,50,50,87,1.1159458209906448,"c=1,d=10",watanabe,1,2000,4000,0.0,0,0,"[0, 0]",9,69.36249588300416
singular2,50,50,87,0.919765480710624,"c=1,d=10",watanabe,1,2000,4000,0.0,0,0,"[0, 0]",8,69.70364975499979
regular,250,250,87,1.7627961086823145,"c=1,d=0.1",watanabe,1,2000,4000,0.0,0,0,"[0, 0]",5,69.36046568699385
e-singular,250,250,87,1.1819824249282442,"c=1,d=0.1",watanabe,1,2000,4000,0.0,0,0,"[0, 0]",8,59.41182961300365
singular1,250,250,87,1.4219970426844817,"c=1,d=0.1",watanabe,1,2000,4000,0.0,0,0,"[0, 0]",9,97.48398882100446
singular2,250,250,87,1.7432137499319849,"c=1,d=0.1",watanabe,1,2000,4000,0.0,0,0,"[0, 0]",9,98.3813929320022
regular,250,250,87,1.3082951216960927,"c=1,d=1",watanabe,1,2000,4000,0.0,0,0,"[0, 0]",5,65.15755757900479
e-singular,250,250,87,1.7263962601454244,"c=1,d=1",watanabe,1,2000,4000,0.0,0,0,"[0, 0]",7,74.52732015799847
singular1,250,250,87,1.1398463769410836,"c=1,d=1",watanabe,1,2000,4000,0.0,0,0,"[0, 0]",10,79.09392816399486
singular2,250,250,87,0.7330319629761685,"c=1,d=1",watanabe,1,2000,4000,0.0,0,0,"[0, 0]",9,83.24288573899685
regular,250,250,87,1.3765625396032362,"c=1,d=2",watanabe,1,2000,4000,0.0,0,0,"[0, 0]",6,69.37934356900223
e-singular,250,250,87,1.6065717909706658,"c=1,d=2",watanabe,1,2000,4000,0.0,0,0,"[0, 0]",7,71.70041268099885
singular1,250,250,87,1.017937836472428,"c=1,d=2",watanabe,1,2000,4000,0.0,0,0,"[0, 0]",9,77.51795150000544
singular2,250,250,87,0.8157498902660817,"c=1,d=2",watanabe,1,2000,4000,0.0,0,0,"[0, 0]",9,83.80083272400225
regular,250,250,87,1.516452722738285,"c=1,d=5",watanabe,1,2000,4000,0.0,0,0,"[0, 0]",5,61.68747280999378
e-singular,250,250,87,1.7423013202575013,"c=1,d=5",watanabe,1,2000,4000,0.0,0,0,"[0, 0]",8,72.27702118399611
singular1,250,250,87,1.1078501758235957,"c=1,d=5",watanabe,1,2000,4000,0.0,0,0,"[0, 0]",10,79.50622386399482
singular2,250,250,87,0.9891465717068106,"c=1,d=5",watanabe,1,2000,4000,0.0,0,0,"[0, 0]",10,87.34297167800105
regular,250,250,87,1.5110857252508776,"c=1,d=10",watanabe,1,2000,4000,0.0,0,0,"[0, 0]",5,77.04850097899907
e-singular,250,250,87,1.5253970811033035,"c=1,d=10",watanabe,1,2000,4000,0.0,0,0,"[0, 0]",7,60.15328018099535
singular1,250,250,87,1.0836752339038285,"c=1,d=10",watanabe,1,2000,4000,0.0,0,0,"[0, 0]",10,81.20119637800235
singular2,250,250,87,1.0396074745927286,"c=1,d=10",watanabe,1,2000,4000,0.0,0,0,"[0, 0]",10,99.3837732979955
regular,5000,5000,87,2.118314766911316,"c=1,d=0.1",watanabe,1,2000,4000,0.0,0,0,"[0, 0]",6,185.2112189530017
e-singular,5000,5000,87,3.240491915237276,"c=1,d=0.1",watanabe,1,2000,4000,0.0,0,0,"[0, 0]",7,199.8008061599976
singular1,5000,5000,87,1.0406808746669844,"c=1,d=0.1",watanabe,1,2000,4000,0.0,0,0,"[0, 0]",10,475.805125699997
singular2,5000,5000,87,0.3582349649053302,"c=1,d=0.1",watanabe,1,2000,4000,0.0,0,0,"[0, 0]",10,393.86779937100073
regular,5000,5000,87,1.703589493598722,"c=1,d=1",watanabe,1,2000,4000,0.0,0,0,"[0, 0]",5,161.52195793399733
e-singular,5000,5000,87,1.3543756455127325,"c=1,d=1",watanabe,1,2000,4000,0.0,0,0,"[0, 0]",6,215.81327761000284
singular1,5000,5000,87,0.7430796037126948,"c=1,d=1",watanabe,1,2000,4000,0.0,0,0,"[0, 0]",10,411.8498453689972
singular2,5000,5000,87,0.8254359275969161,"c=1,d=1",watanabe,1,2000,4000,0.0,0,0,"[0, 0]",10,383.6940358380016
regular,5000,5000,87,1.4034991428423809,"c=1,d=2",watanabe,1,2000,4000,0.0,0,0,"[0, 0]",6,166.8675766660017
e-singular,5000,5000,87,1.5604112769410865,"c=1,d=2",watanabe,1,2000,4000,0.0,0,0,"[0, 0]",6,192.69859585499944
singular1,5000,5000,87,0.7699753738446369,"c=1,d=2",watanabe,1,2000,4000,0.0,0,0,"[0, 0]",10,481.2981312330012
singular2,5000,5000,87,0.9000873131427288,"c=1,d=2",watanabe,1,2000,4000,0.0,0,0,"[0, 0]",10,415.95374917799927
regular,5000,5000,87,1.5396411636258085,"c=1,d=5",watanabe,1,2000,4000,0.0,0,0,"[0, 0]",5,150.08118688799732
e-singular,5000,5000,87,1.4795809026542688,"c=1,d=5",watanabe,1,2000,4000,0.0,0,0,"[0, 0]",7,207.50241162999737
singular1,5000,5000,87,0.826565513524885,"c=1,d=5",watanabe,1,2000,4000,0.0,0,0,"[0, 0]",10,384.8804651309984
singular2,5000,5000,87,0.8743947401693223,"c=1,d=5",watanabe,1,2000,4000,0.0,0,0,"[0, 0]",10,407.2953599409957
regular,5000,5000,87,1.56935981714545,"c=1,d=10",watanabe,1,2000,4000,0.0,0,0,"[0, 0]",6,187.6186196520066
e-singular,5000,5000,87,1.4757436925838323,"c=1,d=10",watanabe,1,2000,4000,0.0,0,0,"[0, 0]",7,211.35886419699816
singular1,5000,5000,87,0.725911735403067,"c=1,d=10",watanabe,1,2000,4000,0.0,0,0,"[0, 0]",10,394.2761614979973
singular2,5000,5000,87,0.8341078497121495,"c=1,d=10",watanabe,1,2000,4000,0.0,0,0,"[0, 0]",10,299.76796798899886
regular,50,50,88,0.81613159868179,"c=1,d=0.1",watanabe,1,2000,4000,0.0,0,0,"[0, 0]",5,49.56802679399698
e-singular,50,50,88,1.3623859315644191,"c=1,d=0.1",watanabe,1,2000,4000,0.0,0,0,"[0, 0]",8,50.8513397209972
singular1,50,50,88,2.2242539817733804,"c=1,d=0.1",watanabe,1,2000,4000,0.0,0,0,"[0, 0]",8,51.51918339300028
singular2,50,50,88,0.8035983047656385,"c=1,d=0.1",watanabe,1,2000,4000,0.0,0,0,"[0, 0]",8,50.78708199699759
regular,50,50,88,1.3343213989935558,"c=1,d=1",watanabe,1,2000,4000,0.0,0,0,"[0, 0]",5,47.20392456300033
e-singular,50,50,88,1.1420001969457731,"c=1,d=1",watanabe,1,2000,4000,0.0,0,0,"[0, 0]",8,53.6510806419974
singular1,50,50,88,1.223427382786277,"c=1,d=1",watanabe,1,2000,4000,0.0,0,0,"[0, 0]",9,48.96305285300332
singular2,50,50,88,0.923081940008924,"c=1,d=1",watanabe,1,2000,4000,0.0,0,0,"[0, 0]",7,50.37793037799565
regular,50,50,88,1.3154469770216572,"c=1,d=2",watanabe,1,2000,4000,0.0,0,0,"[0, 0]",5,62.99466659000609
e-singular,50,50,88,1.0162126147884574,"c=1,d=2",watanabe,1,2000,4000,0.0,0,0,"[0, 0]",8,66.07596121700044
singular1,50,50,88,1.0920385095063307,"c=1,d=2",watanabe,1,2000,4000,0.0,0,0,"[0, 0]",9,76.71562860799895
singular2,50,50,88,1.0798761795244174,"c=1,d=2",watanabe,1,2000,4000,0.0,0,0,"[0, 0]",8,72.66118333300255
regular,50,50,88,1.5090003050147842,"c=1,d=5",watanabe,1,2000,4000,0.0,0,0,"[0, 0]",5,62.33152850699844
e-singular,50,50,88,1.0484494332553993,"c=1,d=5",watanabe,1,2000,4000,0.0,0,0,"[0, 0]",9,66.14261152799736
singular1,50,50,88,1.1558197332644131,"c=1,d=5",watanabe,1,2000,4000,0.0,0,0,"[0, 0]",9,72.8445718619987
singular2,50,50,88,0.9721635468004376,"c=1,d=5",watanabe,1,2000,4000,0.0,0,0,"[0, 0]",8,64.6262358439999
regular,50,50,88,1.3731369710762664,"c=1,d=10",watanabe,1,2000,4000,0.0,0,0,"[0, 0]",5,54.96077039999364
e-singular,50,50,88,1.0611592309136149,"c=1,d=10",watanabe,1,2000,4000,0.0,0,0,"[0, 0]",10,67.26677880399802
singular1,50,50,88,1.082159075108396,"c=1,d=10",watanabe,1,2000,4000,0.0,0,0,"[0, 0]",9,64.78987409699766
singular2,50,50,88,1.0190663899359873,"c=1,d=10",watanabe,1,2000,4000,0.0,0,0,"[0, 0]",8,61.21943317400292
regular,250,250,88,2.3890494420666784,"c=1,d=0.1",watanabe,1,2000,4000,0.0,0,0,"[0, 0]",5,61.23740110300423
e-singular,250,250,88,1.4513165121933018,"c=1,d=0.1",watanabe,1,2000,4000,0.0,0,0,"[0, 0]",8,71.21264957100357
singular1,250,250,88,-0.1802789896284684,"c=1,d=0.1",watanabe,1,2000,4000,0.0,0,0,"[0, 0]",9,67.27542457900563
singular2,250,250,88,0.5538296619959958,"c=1,d=0.1",watanabe,1,2000,4000,0.0,0,0,"[0, 0]",9,72.55281653300335
regular,250,250,88,1.5595870223204849,"c=1,d=1",watanabe,1,2000,4000,0.0,0,0,"[0, 0]",5,54.64988626699778
e-singular,250,250,88,1.5076652626985487,"c=1,d=1",watanabe,1,2000,4000,0.0,0,0,"[0, 0]",8,75.57315173400275
singular1,250,250,88,1.000197633429223,"c=1,d=1",watanabe,1,2000,4000,0.0,0,0,"[0, 0]",9,84.8857764839995
singular2,250,250,88,0.8721506059341161,"c=1,d=1",watanabe,1,2000,4000,0.0,0,0,"[0, 0]",9,81.8006233030028
regular,250,250,88,1.627309818484757,"c=1,d=2",watanabe,1,2000,4000,0.0,0,0,"[0, 0]",6,70.45227567500115
e-singular,250,250,88,1.6002678227476852,"c=1,d=2",watanabe,1,2000,4000,0.0,0,0,"[0, 0]",9,79.27976137799851
singular1,250,250,88,0.932954461473008,"c=1,d=2",watanabe,1,2000,4000,0.0,0,0,"[0, 0]",10,68.32394333800039
singular2,250,250,88,0.98667411665325,"c=1,d=2",watanabe,1,2000,4000,0.0,0,0,"[0, 0]",9,71.96153310399677
regular,250,250,88,1.5218592965568285,"c=1,d=5",watanabe,1,2000,4000,0.0,0,0,"[0, 0]",5,73.39978350000456
e-singular,250,250,88,1.519742819659886,"c=1,d=5",watanabe,1,2000,4000,0.0,0,0,"[0, 0]",8,59.20377694099443
singular1,250,250,88,1.0092059663314543,"c=1,d=5",watanabe,1,2000,4000,0.0,0,0,"[0, 0]",9,74.4745202050035
singular2,250,250,88,0.9670596470616768,"c=1,d=5",watanabe,1,2000,4000,0.0,0,0,"[0, 0]",10,83.14972800599935
regular,250,250,88,1.464977927614204,"c=1,d=10",watanabe,1,2000,4000,0.0,0,0,"[0, 0]",5,65.98707608399855
e-singular,250,250,88,1.5568917719243376,"c=1,d=10",watanabe,1,2000,4000,0.0,0,0,"[0, 0]",8,70.0288134049988
singular1,250,250,88,1.0264610571236554,"c=1,d=10",watanabe,1,2000,4000,0.0,0,0,"[0, 0]",10,67.64151817799575
singular2,250,250,88,0.9813050457585256,"c=1,d=10",watanabe,1,2000,4000,0.0,0,0,"[0, 0]",10,71.85219732499536
regular,5000,5000,88,1.6597967964785054,"c=1,d=0.1",watanabe,1,2000,4000,0.0,0,0,"[0, 0]",5,169.35579409400088
e-singular,5000,5000,88,0.4674767939240598,"c=1,d=0.1",watanabe,1,2000,4000,0.0,0,0,"[0, 0]",6,224.71875613799784
singular1,5000,5000,88,1.500055391865614,"c=1,d=0.1",watanabe,1,2000,4000,0.0,0,0,"[0, 0]",10,422.9905675390037
singular2,5000,5000,88,1.1648936061068342,"c=1,d=0.1",watanabe,1,2000,4000,0.0,0,0,"[0, 0]",10,469.8608071160052
regular,5000,5000,88,1.400446813803944,"c=1,d=1",watanabe,1,2000,4000,0.0,0,0,"[0, 0]",5,159.22025546299847
e-singular,5000,5000,88,1.4087111097264746,"c=1,d=1",watanabe,1,2000,4000,0.0,0,0,"[0, 0]",6,208.07284513799823
singular1,5000,5000,88,0.9030455981667954,"c=1,d=1",watanabe,1,2000,4000,0.0,0,0,"[0, 0]",10,389.6020543560008
singular2,5000,5000,88,0.7953158047350843,"c=1,d=1",watanabe,1,2000,4000,0.0,0,0,"[0, 0]",10,450.5578468029999
regular,5000,5000,88,1.496603898342649,"c=1,d=2",watanabe,1,2000,4000,0.0,0,0,"[0, 0]",5,153.3859621570009
e-singular,5000,5000,88,1.6010559526885602,"c=1,d=2",watanabe,1,2000,4000,0.0,0,0,"[0, 0]",7,220.8339407809981
singular1,5000,5000,88,0.9396724734222556,"c=1,d=2",watanabe,1,2000,4000,0.0,0,0,"[0, 0]",10,421.6286650990005
singular2,5000,5000,88,0.8616404773300559,"c=1,d=2",watanabe,1,2000,4000,0.0,0,0,"[0, 0]",10,451.5744586880028
regular,5000,5000,88,1.4795749302129348,"c=1,d=5",watanabe,1,2000,4000,0.0,0,0,"[0, 0]",5,150.76738386199577
e-singular,5000,5000,88,1.6227355120374591,"c=1,d=5",watanabe,1,2000,4000,0.0,0,0,"[0, 0]",6,189.29235174300263
singular1,5000,5000,88,0.7981261668606185,"c=1,d=5",watanabe,1,2000,4000,0.0,0,0,"[0, 0]",10,328.7511706680016
singular2,5000,5000,88,0.927579699265252,"c=1,d=5",watanabe,1,2000,4000,0.0,0,0,"[0, 0]",10,404.084670682998
regular,5000,5000,88,1.4459888050901808,"c=1,d=10",watanabe,1,2000,4000,0.0,0,0,"[0, 0]",5,153.66138645500178
e-singular,5000,5000,88,1.4617021447083671,"c=1,d=10",watanabe,1,2000,4000,0.0,0,0,"[0, 0]",7,203.06886571799987
singular1,5000,5000,88,0.9014315165872234,"c=1,d=10",watanabe,1,2000,4000,0.0,0,0,"[0, 0]",10,343.8980959440014
singular2,5000,5000,88,0.8843160598927466,"c=1,d=10",watanabe,1,2000,4000,0.0,0,0,"[0, 0]",10,388.30416335400514
regular,50,50,89,0.4587598893154653,"c=1,d=0.1",watanabe,1,2000,4000,0.0,0,0,"[0, 0]",5,50.95331596000324
e-singular,50,50,89,0.5324110506564673,"c=1,d=0.1",watanabe,1,2000,4000,0.0,0,0,"[0, 0]",8,53.009127800003625
singular1,50,50,89,1.46684533004728,"c=1,d=0.1",watanabe,1,2000,4000,0.0,0,0,"[0, 0]",9,60.836785307001264
singular2,50,50,89,0.944792857555928,"c=1,d=0.1",watanabe,1,2000,4000,0.0,0,0,"[0, 0]",7,51.95883951599535
regular,50,50,89,1.3605737284486616,"c=1,d=1",watanabe,1,2000,4000,0.0,0,0,"[0, 0]",5,60.22099558100308
e-singular,50,50,89,1.0616756138337573,"c=1,d=1",watanabe,1,2000,4000,0.0,0,0,"[0, 0]",8,63.80140986399783
singular1,50,50,89,1.3225014598255946,"c=1,d=1",watanabe,1,2000,4000,0.0,0,0,"[0, 0]",10,62.497087814001134
singular2,50,50,89,1.125362682429876,"c=1,d=1",watanabe,1,2000,4000,0.0,0,0,"[0, 0]",8,60.89718622199871
regular,50,50,89,1.4567369175533456,"c=1,d=2",watanabe,1,2000,4000,0.0,0,0,"[0, 0]",5,56.90982168300252
e-singular,50,50,89,1.214191639554697,"c=1,d=2",watanabe,1,2000,4000,0.0,0,0,"[0, 0]",8,70.033784018
singular1,50,50,89,1.1490067201244245,"c=1,d=2",watanabe,1,2000,4000,0.0,0,0,"[0, 0]",9,71.99295279299986
singular2,50,50,89,1.097969018463032,"c=1,d=2",watanabe,1,2000,4000,0.0,0,0,"[0, 0]",8,64.45148160299868
regular,50,50,89,1.3834188571581052,"c=1,d=5",watanabe,1,2000,4000,0.0,0,0,"[0, 0]",5,69.42561835400556
e-singular,50,50,89,1.3744799883004477,"c=1,d=5",watanabe,1,2000,4000,0.0,0,0,"[0, 0]",8,64.72578247499769
singular1,50,50,89,1.3061121432199447,"c=1,d=5",watanabe,1,2000,4000,0.0,0,0,"[0, 0]",10,67.01175219000288
singular2,50,50,89,0.9807844814108008,"c=1,d=5",watanabe,1,2000,4000,0.0,0,0,"[0, 0]",8,61.27110249399993
regular,50,50,89,1.3832197222277067,"c=1,d=10",watanabe,1,2000,4000,0.0,0,0,"[0, 0]",5,55.121000374005234
e-singular,50,50,89,1.2871388900298006,"c=1,d=10",watanabe,1,2000,4000,0.0,0,0,"[0, 0]",8,69.16657623799983
singular1,50,50,89,1.2081990018817754,"c=1,d=10",watanabe,1,2000,4000,0.0,0,0,"[0, 0]",10,76.87590360200556
singular2,50,50,89,0.92239560851806,"c=1,d=10",watanabe,1,2000,4000,0.0,0,0,"[0, 0]",9,69.62003560599987
regular,250,250,89,1.0875448307099111,"c=1,d=0.1",watanabe,1,2000,4000,0.0,0,0,"[0, 0]",5,74.77591926100285
e-singular,250,250,89,1.147490008414284,"c=1,d=0.1",watanabe,1,2000,4000,0.0,0,0,"[0, 0]",8,74.94609804899665
singular1,250,250,89,1.9787925125543937,"c=1,d=0.1",watanabe,1,2000,4000,0.0,0,0,"[0, 0]",9,76.31089620100101
singular2,250,250,89,1.906832347876646,"c=1,d=0.1",watanabe,1,2000,4000,0.0,0,0,"[0, 0]",8,77.30225172400242
regular,250,250,89,1.510604156125139,"c=1,d=1",watanabe,1,2000,4000,0.0,0,0,"[0, 0]",5,66.70646121000027
e-singular,250,250,89,1.5499503963633037,"c=1,d=1",watanabe,1,2000,4000,0.0,0,0,"[0, 0]",8,52.06166574799863
singular1,250,250,89,1.089899957723613,"c=1,d=1",watanabe,1,2000,4000,0.0,0,0,"[0, 0]",10,97.625629741
singular2,250,250,89,1.0350688078532415,"c=1,d=1",watanabe,1,2000,4000,0.0,0,0,"[0, 0]",8,84.15962756800582
regular,250,250,89,1.3881245670058422,"c=1,d=2",watanabe,1,2000,4000,0.0,0,0,"[0, 0]",5,74.89719928600243
e-singular,250,250,89,1.5989011753299964,"c=1,d=2",watanabe,1,2000,4000,0.0,0,0,"[0, 0]",8,73.66691050199734
singular1,250,250,89,0.9387020265589128,"c=1,d=2",watanabe,1,2000,4000,0.0,0,0,"[0, 0]",10,87.8092492470023
singular2,250,250,89,0.9886688980345646,"c=1,d=2",watanabe,1,2000,4000,0.0,0,0,"[0, 0]",8,77.94656202499755
regular,250,250,89,1.5255384023449818,"c=1,d=5",watanabe,1,2000,4000,0.0,0,0,"[0, 0]",5,73.02197011499811
e-singular,250,250,89,1.6825088245876847,"c=1,d=5",watanabe,1,2000,4000,0.0,0,0,"[0, 0]",8,72.9742626599982
singular1,250,250,89,0.91416556305812,"c=1,d=5",watanabe,1,2000,4000,0.0,0,0,"[0, 0]",10,88.69795865899505
singular2,250,250,89,0.9399117261897204,"c=1,d=5",watanabe,1,2000,4000,0.0,0,0,"[0, 0]",10,85.76375556199491
regular,250,250,89,1.5356583378549051,"c=1,d=10",watanabe,1,2000,4000,0.0,0,0,"[0, 0]",5,68.43554404099996
e-singular,250,250,89,1.7311192214810631,"c=1,d=10",watanabe,1,2000,4000,0.0,0,0,"[0, 0]",8,71.5691266520007
singular1,250,250,89,0.9525070698610484,"c=1,d=10",watanabe,1,2000,4000,0.0,0,0,"[0, 0]",10,80.94123997899442
singular2,250,250,89,0.878808548529499,"c=1,d=10",watanabe,1,2000,4000,0.0,0,0,"[0, 0]",9,76.37128085600125
regular,5000,5000,89,0.9148622523945272,"c=1,d=0.1",watanabe,1,2000,4000,0.0,0,0,"[0, 0]",5,173.48958803800633
e-singular,5000,5000,89,1.71504229394262,"c=1,d=0.1",watanabe,1,2000,4000,0.0,0,0,"[0, 0]",7,201.66064317199923
singular1,5000,5000,89,0.751403013418041,"c=1,d=0.1",watanabe,1,2000,4000,0.0,0,0,"[0, 0]",10,495.9096368019964
singular2,5000,5000,89,1.1655319644859534,"c=1,d=0.1",watanabe,1,2000,4000,0.0,0,0,"[0, 0]",10,427.85859064599936
regular,5000,5000,89,1.6410155041518937,"c=1,d=1",watanabe,1,2000,4000,0.0,0,0,"[0, 0]",5,162.4993248719984
e-singular,5000,5000,89,1.5431771727842436,"c=1,d=1",watanabe,1,2000,4000,0.0,0,0,"[0, 0]",7,193.6561222839955
singular1,5000,5000,89,0.7863389522623014,"c=1,d=1",watanabe,1,2000,4000,0.0,0,0,"[0, 0]",10,531.5373623240012
singular2,5000,5000,89,0.9545656528938342,"c=1,d=1",watanabe,1,2000,4000,0.0,0,0,"[0, 0]",10,372.76381712599687
regular,5000,5000,89,1.4160067463703832,"c=1,d=2",watanabe,1,2000,4000,0.0,0,0,"[0, 0]",5,152.4753265090039
e-singular,5000,5000,89,1.4405191549539509,"c=1,d=2",watanabe,1,2000,4000,0.0,0,0,"[0, 0]",7,188.000660796999
singular1,5000,5000,89,0.7421379124077446,"c=1,d=2",watanabe,1,2000,4000,0.0,0,0,"[0, 0]",10,526.0476197979951
singular2,5000,5000,89,0.8019934505973979,"c=1,d=2",watanabe,1,2000,4000,0.0,0,0,"[0, 0]",10,459.84528858300473
regular,5000,5000,89,1.4972007920987638,"c=1,d=5",watanabe,1,2000,4000,0.0,0,0,"[0, 0]",5,142.07032253900252
e-singular,5000,5000,89,1.422636317187919,"c=1,d=5",watanabe,1,2000,4000,0.0,0,0,"[0, 0]",6,193.71182875999511
singular1,5000,5000,89,0.8280802045800543,"c=1,d=5",watanabe,1,2000,4000,0.0,0,0,"[0, 0]",10,398.8449705830062
singular2,5000,5000,89,0.8083989566634333,"c=1,d=5",watanabe,1,2000,4000,0.0,0,0,"[0, 0]",10,423.15586529600114
regular,5000,5000,89,1.5399636711960278,"c=1,d=10",watanabe,1,2000,4000,0.0,0,0,"[0, 0]",5,152.10050706000038
e-singular,5000,5000,89,1.4997658404615677,"c=1,d=10",watanabe,1,2000,4000,0.0,0,0,"[0, 0]",6,180.4349925409988
singular1,5000,5000,89,0.8454684324717047,"c=1,d=10",watanabe,1,2000,4000,0.0,0,0,"[0, 0]",10,393.5940277450063
singular2,5000,5000,89,0.9424452630066582,"c=1,d=10",watanabe,1,2000,4000,0.0,0,0,"[0, 0]",10,353.2700141280002
regular,50,50,90,1.2566259052056,"c=1,d=0.1",watanabe,1,2000,4000,0.0,0,0,"[0, 0]",5,39.216204523996566
e-singular,50,50,90,0.4748209292664583,"c=1,d=0.1",watanabe,1,2000,4000,0.0,0,0,"[0, 0]",8,45.7149248640053
singular1,50,50,90,0.7530340287294336,"c=1,d=0.1",watanabe,1,2000,4000,0.0,0,0,"[0, 0]",8,43.37578154800576
singular2,50,50,90,0.7853780914444324,"c=1,d=0.1",watanabe,1,2000,4000,0.0,0,0,"[0, 0]",8,40.92642101099773
regular,50,50,90,1.3881155494532331,"c=1,d=1",watanabe,1,2000,4000,0.0,0,0,"[0, 0]",5,40.93710734700289
e-singular,50,50,90,1.1041594273307749,"c=1,d=1",watanabe,1,2000,4000,0.0,0,0,"[0, 0]",8,44.57413750900014
singular1,50,50,90,1.0815170576560378,"c=1,d=1",watanabe,1,2000,4000,0.0,0,0,"[0, 0]",9,67.47765617099503
singular2,50,50,90,1.1338951191491824,"c=1,d=1",watanabe,1,2000,4000,0.0,0,0,"[0, 0]",7,66.14138482799899
regular,50,50,90,1.510573039785994,"c=1,d=2",watanabe,1,2000,4000,0.0,0,0,"[0, 0]",5,74.1382924310019
e-singular,50,50,90,1.1666039620785658,"c=1,d=2",watanabe,1,2000,4000,0.0,0,0,"[0, 0]",8,85.45952604600461
singular1,50,50,90,1.0507322178854137,"c=1,d=2",watanabe,1,2000,4000,0.0,0,0,"[0, 0]",8,82.45914553300099
singular2,50,50,90,0.9705309363906888,"c=1,d=2",watanabe,1,2000,4000,0.0,0,0,"[0, 0]",8,71.14894492500025
regular,50,50,90,1.4460865697940073,"c=1,d=5",watanabe,1,2000,4000,0.0,0,0,"[0, 0]",5,76.42331670499698
e-singular,50,50,90,1.1764494738234978,"c=1,d=5",watanabe,1,2000,4000,0.0,0,0,"[0, 0]",8,81.56484758499573
singular1,50,50,90,1.19660372075388,"c=1,d=5",watanabe,1,2000,4000,0.0,0,0,"[0, 0]",9,59.76300242999423
singular2,50,50,90,1.0462950873008434,"c=1,d=5",watanabe,1,2000,4000,0.0,0,0,"[0, 0]",8,56.77184997400036
regular,50,50,90,1.3960562821526945,"c=1,d=10",watanabe,1,2000,4000,0.0,0,0,"[0, 0]",5,77.84360638699582
e-singular,50,50,90,1.1296525484996482,"c=1,d=10",watanabe,1,2000,4000,0.0,0,0,"[0, 0]",8,77.469376578003
singular1,50,50,90,1.1037944185697015,"c=1,d=10",watanabe,1,2000,4000,0.0,0,0,"[0, 0]",10,81.2596971019957
singular2,50,50,90,0.9799860910028928,"c=1,d=10",watanabe,1,2000,4000,0.0,0,0,"[0, 0]",9,73.78918706200056
regular,250,250,90,1.543780604389264,"c=1,d=0.1",watanabe,1,2000,4000,0.0,0,0,"[0, 0]",5,71.88149162100308
e-singular,250,250,90,2.6029904962689225,"c=1,d=0.1",watanabe,1,2000,4000,0.0,0,0,"[0, 0]",9,75.77237830100057
singular1,250,250,90,1.5284978137071492,"c=1,d=0.1",watanabe,1,2000,4000,0.0,0,0,"[0, 0]",9,98.72513826000068
singular2,250,250,90,1.0543307014558103,"c=1,d=0.1",watanabe,1,2000,4000,0.0,0,0,"[0, 0]",9,98.91827052699956
regular,250,250,90,1.4248745773259668,"c=1,d=1",watanabe,1,2000,4000,0.0,0,0,"[0, 0]",5,57.61209575900284
e-singular,250,250,90,1.5455067924399783,"c=1,d=1",watanabe,1,2000,4000,0.0,0,0,"[0, 0]",8,64.32701320599881
singular1,250,250,90,0.9618613076751684,"c=1,d=1",watanabe,1,2000,4000,0.0,0,0,"[0, 0]",9,92.83191195000109
singular2,250,250,90,0.8926322652730908,"c=1,d=1",watanabe,1,2000,4000,0.0,0,0,"[0, 0]",8,89.05030173699924
regular,250,250,90,1.5254414175053592,"c=1,d=2",watanabe,1,2000,4000,0.0,0,0,"[0, 0]",5,83.1455957299986
e-singular,250,250,90,1.569522845065637,"c=1,d=2",watanabe,1,2000,4000,0.0,0,0,"[0, 0]",8,79.77870472899667
singular1,250,250,90,0.9389814975043822,"c=1,d=2",watanabe,1,2000,4000,0.0,0,0,"[0, 0]",10,80.08707077500003
singular2,250,250,90,0.7514079941835984,"c=1,d=2",watanabe,1,2000,4000,0.0,0,0,"[0, 0]",9,89.48604433699802
regular,250,250,90,1.4866221038666083,"c=1,d=5",watanabe,1,2000,4000,0.0,0,0,"[0, 0]",5,64.31469712700346
e-singular,250,250,90,1.605362966036216,"c=1,d=5",watanabe,1,2000,4000,0.0,0,0,"[0, 0]",8,67.99720988199988
singular1,250,250,90,1.0771877986897629,"c=1,d=5",watanabe,1,2000,4000,0.0,0,0,"[0, 0]",10,64.4370789060049
singular2,250,250,90,0.8825611065383485,"c=1,d=5",watanabe,1,2000,4000,0.0,0,0,"[0, 0]",9,78.60448531300062
regular,250,250,90,1.5571146044568769,"c=1,d=10",watanabe,1,2000,4000,0.0,0,0,"[0, 0]",5,67.73559474899957
e-singular,250,250,90,1.6868486092339536,"c=1,d=10",watanabe,1,2000,4000,0.0,0,0,"[0, 0]",8,78.0070330249946
singular1,250,250,90,0.9856926240014112,"c=1,d=10",watanabe,1,2000,4000,0.0,0,0,"[0, 0]",9,77.35879462100274
singular2,250,250,90,0.7567463970723077,"c=1,d=10",watanabe,1,2000,4000,0.0,0,0,"[0, 0]",9,84.28868430800503
regular,5000,5000,90,1.858166826143262,"c=1,d=0.1",watanabe,1,2000,4000,0.0,0,0,"[0, 0]",5,178.5602176090033
e-singular,5000,5000,90,1.4038127236128182,"c=1,d=0.1",watanabe,1,2000,4000,0.0,0,0,"[0, 0]",7,228.9358477140049
singular1,5000,5000,90,1.3564072785392134,"c=1,d=0.1",watanabe,1,2000,4000,0.0,0,0,"[0, 0]",10,515.580801160002
singular2,5000,5000,90,0.8867598188664059,"c=1,d=0.1",watanabe,1,2000,4000,0.0,0,0,"[0, 0]",10,451.788137415002
regular,5000,5000,90,1.481717629801059,"c=1,d=1",watanabe,1,2000,4000,0.0,0,0,"[0, 0]",5,148.68711720200372
e-singular,5000,5000,90,1.6773195216810313,"c=1,d=1",watanabe,1,2000,4000,0.0,0,0,"[0, 0]",6,188.75070694500027
singular1,5000,5000,90,0.8201096909648943,"c=1,d=1",watanabe,1,2000,4000,0.0,0,0,"[0, 0]",10,462.1334907609999
singular2,5000,5000,90,0.7583326889392896,"c=1,d=1",watanabe,1,2000,4000,0.0,0,0,"[0, 0]",10,437.0031068009994
regular,5000,5000,90,1.6234308993200697,"c=1,d=2",watanabe,1,2000,4000,0.0,0,0,"[0, 0]",5,150.6140195130065
e-singular,5000,5000,90,1.5317224006361685,"c=1,d=2",watanabe,1,2000,4000,0.0,0,0,"[0, 0]",7,202.48614861699755
singular1,5000,5000,90,0.8315967144041263,"c=1,d=2",watanabe,1,2000,4000,0.0,0,0,"[0, 0]",10,533.5185786460061
singular2,5000,5000,90,0.8878840233284168,"c=1,d=2",watanabe,1,2000,4000,0.0,0,0,"[0, 0]",10,427.8953170629975
regular,5000,5000,90,1.4316663436769586,"c=1,d=5",watanabe,1,2000,4000,0.0,0,0,"[0, 0]",5,149.66115078200528
e-singular,5000,5000,90,1.5113010137146612,"c=1,d=5",watanabe,1,2000,4000,0.0,0,0,"[0, 0]",6,189.96555700300087
singular1,5000,5000,90,0.7046988194248943,"c=1,d=5",watanabe,1,2000,4000,0.0,0,0,"[0, 0]",10,389.6128359530048
singular2,5000,5000,90,0.8654764426147662,"c=1,d=5",watanabe,1,2000,4000,0.0,0,0,"[0, 0]",10,375.67945117499767
regular,5000,5000,90,1.4705509062290445,"c=1,d=10",watanabe,1,2000,4000,0.0,0,0,"[0, 0]",5,159.4053236569962
e-singular,5000,5000,90,1.4251123549175484,"c=1,d=10",watanabe,1,2000,4000,0.0,0,0,"[0, 0]",7,181.5875501039991
singular1,5000,5000,90,0.8422585509196799,"c=1,d=10",watanabe,1,2000,4000,0.0,0,0,"[0, 0]",10,488.171623080998
singular2,5000,5000,90,0.8615426226325432,"c=1,d=10",watanabe,1,2000,4000,0.0,0,0,"[0, 0]",10,347.08519545700256
regular,50,50,91,1.1920339945443952,"c=1,d=0.1",watanabe,1,2000,4000,0.0,0,0,"[0, 0]",5,59.898907819006126
e-singular,50,50,91,0.1264839821047759,"c=1,d=0.1",watanabe,1,2000,4000,0.0,0,0,"[0, 0]",8,55.07396818599955
singular1,50,50,91,1.4854280697242497,"c=1,d=0.1",watanabe,1,2000,4000,0.0,0,0,"[0, 0]",8,60.31463082600385
singular2,50,50,91,0.6435742146595762,"c=1,d=0.1",watanabe,1,2000,4000,0.0,0,0,"[0, 0]",8,63.5660555880022
regular,50,50,91,1.217931004308227,"c=1,d=1",watanabe,1,2000,4000,0.0,0,0,"[0, 0]",5,60.18263016900164
e-singular,50,50,91,1.324968005557849,"c=1,d=1",watanabe,1,2000,4000,0.0,0,0,"[0, 0]",8,58.48614228400402
singular1,50,50,91,1.110099259834985,"c=1,d=1",watanabe,1,2000,4000,0.0,0,0,"[0, 0]",8,64.2123674550021
singular2,50,50,91,1.1797327028508204,"c=1,d=1",watanabe,1,2000,4000,0.0,0,0,"[0, 0]",8,63.21644848200231
regular,50,50,91,1.4289358233588836,"c=1,d=2",watanabe,1,2000,4000,0.0,0,0,"[0, 0]",5,70.68036647400004
e-singular,50,50,91,1.5232866151891202,"c=1,d=2",watanabe,1,2000,4000,0.0,0,0,"[0, 0]",8,65.9125809190009
singular1,50,50,91,1.1704024380951974,"c=1,d=2",watanabe,1,2000,4000,0.0,0,0,"[0, 0]",9,83.37405000499712
singular2,50,50,91,0.946988128177194,"c=1,d=2",watanabe,1,2000,4000,0.0,0,0,"[0, 0]",8,73.96532092100097
regular,50,50,91,1.390569785391827,"c=1,d=5",watanabe,1,2000,4000,0.0,0,0,"[0, 0]",5,78.3012956349994
e-singular,50,50,91,1.4717540936534197,"c=1,d=5",watanabe,1,2000,4000,0.0,0,0,"[0, 0]",7,79.01528941799916
singular1,50,50,91,1.1924564054115832,"c=1,d=5",watanabe,1,2000,4000,0.0,0,0,"[0, 0]",8,80.46854871799587
singular2,50,50,91,1.0392088512375046,"c=1,d=5",watanabe,1,2000,4000,0.0,0,0,"[0, 0]",8,78.49169397299556
regular,50,50,91,1.495045625703266,"c=1,d=10",watanabe,1,2000,4000,0.0,0,0,"[0, 0]",5,75.81833276300313
e-singular,50,50,91,1.3696119454085744,"c=1,d=10",watanabe,1,2000,4000,0.0,0,0,"[0, 0]",8,72.02885487699677
singular1,50,50,91,1.0642762092682154,"c=1,d=10",watanabe,1,2000,4000,0.0,0,0,"[0, 0]",9,79.2237152489979
singular2,50,50,91,1.0066251457031306,"c=1,d=10",watanabe,1,2000,4000,0.0,0,0,"[0, 0]",9,63.91409156699956
regular,250,250,91,1.0657743572082226,"c=1,d=0.1",watanabe,1,2000,4000,0.0,0,0,"[0, 0]",5,68.8275950419993
e-singular,250,250,91,-0.2608412217827109,"c=1,d=0.1",watanabe,1,2000,4000,0.0,0,0,"[0, 0]",8,82.00164465000125
singular1,250,250,91,0.4825295989422074,"c=1,d=0.1",watanabe,1,2000,4000,0.0,0,0,"[0, 0]",10,79.23521306000475
singular2,250,250,91,0.804394766375851,"c=1,d=0.1",watanabe,1,2000,4000,0.0,0,0,"[0, 0]",8,81.87051789099496
regular,250,250,91,1.4965733982397584,"c=1,d=1",watanabe,1,2000,4000,0.0,0,0,"[0, 0]",5,61.93465097100125
e-singular,250,250,91,1.3740395338864886,"c=1,d=1",watanabe,1,2000,4000,0.0,0,0,"[0, 0]",8,67.90851799899974
singular1,250,250,91,1.1422137903731868,"c=1,d=1",watanabe,1,2000,4000,0.0,0,0,"[0, 0]",9,70.454658131006
singular2,250,250,91,0.8296053750512733,"c=1,d=1",watanabe,1,2000,4000,0.0,0,0,"[0, 0]",8,78.0104311019968
regular,250,250,91,1.5527253856034613,"c=1,d=2",watanabe,1,2000,4000,0.0,0,0,"[0, 0]",5,66.72649280400219
e-singular,250,250,91,1.5788812332503157,"c=1,d=2",watanabe,1,2000,4000,0.0,0,0,"[0, 0]",9,75.32144766999409
singular1,250,250,91,1.0515025017160105,"c=1,d=2",watanabe,1,2000,4000,0.0,0,0,"[0, 0]",10,84.96433329299907
singular2,250,250,91,0.8447431238336605,"c=1,d=2",watanabe,1,2000,4000,0.0,0,0,"[0, 0]",9,75.59677512000053
regular,250,250,91,1.480930065014545,"c=1,d=5",watanabe,1,2000,4000,0.0,0,0,"[0, 0]",5,49.2658420680018
e-singular,250,250,91,1.6199391456904466,"c=1,d=5",watanabe,1,2000,4000,0.0,0,0,"[0, 0]",8,58.72907368499728
singular1,250,250,91,0.969808246774372,"c=1,d=5",watanabe,1,2000,4000,0.0,0,0,"[0, 0]",9,90.53662364600314
singular2,250,250,91,0.8437381085201,"c=1,d=5",watanabe,1,2000,4000,0.0,0,0,"[0, 0]",8,84.55701930700161
regular,250,250,91,1.4162101097885,"c=1,d=10",watanabe,1,2000,4000,0.0,0,0,"[0, 0]",5,62.85483844999544
e-singular,250,250,91,1.6780946712527467,"c=1,d=10",watanabe,1,2000,4000,0.0,0,0,"[0, 0]",9,65.27874510000402
singular1,250,250,91,0.8910712796139149,"c=1,d=10",watanabe,1,2000,4000,0.0,0,0,"[0, 0]",10,81.75586038600159
singular2,250,250,91,0.8363258221657487,"c=1,d=10",watanabe,1,2000,4000,0.0,0,0,"[0, 0]",9,81.4578955659963
regular,5000,5000,91,1.1478906472268142,"c=1,d=0.1",watanabe,1,2000,4000,0.0,0,0,"[0, 0]",5,175.410788055
e-singular,5000,5000,91,1.790185107721573,"c=1,d=0.1",watanabe,1,2000,4000,0.0,0,0,"[0, 0]",7,230.4585733519998
singular1,5000,5000,91,0.7378355942864647,"c=1,d=0.1",watanabe,1,2000,4000,0.0,0,0,"[0, 0]",10,363.61563662399567
singular2,5000,5000,91,0.057681565629699,"c=1,d=0.1",watanabe,1,2000,4000,0.0,0,0,"[0, 0]",10,486.0475743459974
regular,5000,5000,91,1.4174969467777558,"c=1,d=1",watanabe,1,2000,4000,0.0,0,0,"[0, 0]",6,165.33778357600386
e-singular,5000,5000,91,1.3190212368661247,"c=1,d=1",watanabe,1,2000,4000,0.0,0,0,"[0, 0]",6,220.2761781599984
singular1,5000,5000,91,0.8627419613439,"c=1,d=1",watanabe,1,2000,4000,0.0,0,0,"[0, 0]",10,401.22743602300034
singular2,5000,5000,91,0.7533095630348186,"c=1,d=1",watanabe,1,2000,4000,0.0,0,0,"[0, 0]",9,373.694564888996
regular,5000,5000,91,1.444502400609576,"c=1,d=2",watanabe,1,2000,4000,0.0,0,0,"[0, 0]",6,170.98111850200075
e-singular,5000,5000,91,1.4303707633728109,"c=1,d=2",watanabe,1,2000,4000,0.0,0,0,"[0, 0]",7,238.5260948340001
singular1,5000,5000,91,0.8890175012297239,"c=1,d=2",watanabe,1,2000,4000,0.0,0,0,"[0, 0]",10,361.7949170290012
singular2,5000,5000,91,0.8047322870088873,"c=1,d=2",watanabe,1,2000,4000,0.0,0,0,"[0, 0]",9,436.2702140179972
regular,5000,5000,91,1.4499006140692836,"c=1,d=5",watanabe,1,2000,4000,0.0,0,0,"[0, 0]",5,150.19408808200387
e-singular,5000,5000,91,1.4953814111991062,"c=1,d=5",watanabe,1,2000,4000,0.0,0,0,"[0, 0]",7,195.67397145799623
singular1,5000,5000,91,0.8887360101031473,"c=1,d=5",watanabe,1,2000,4000,0.0,0,0,"[0, 0]",10,322.7264614250016
singular2,5000,5000,91,0.7258068685522439,"c=1,d=5",watanabe,1,2000,4000,0.0,0,0,"[0, 0]",9,366.7613140850008
regular,5000,5000,91,1.563915478144182,"c=1,d=10",watanabe,1,2000,4000,0.0,0,0,"[0, 0]",5,159.84662916700472
e-singular,5000,5000,91,1.5264614015472686,"c=1,d=10",watanabe,1,2000,4000,0.0,0,0,"[0, 0]",6,224.4398119649996
singular1,5000,5000,91,0.8298415875496116,"c=1,d=10",watanabe,1,2000,4000,0.0,0,0,"[0, 0]",10,319.1255371520019
singular2,5000,5000,91,0.7893198954089831,"c=1,d=10",watanabe,1,2000,4000,0.0,0,0,"[0, 0]",9,333.478536704999
regular,50,50,92,1.1324349335714765,"c=1,d=0.1",watanabe,1,2000,4000,0.0,0,0,"[0, 0]",5,47.73653604699939
e-singular,50,50,92,0.934401904311958,"c=1,d=0.1",watanabe,1,2000,4000,0.0,0,0,"[0, 0]",8,50.09055137499672
singular1,50,50,92,0.1593171502482357,"c=1,d=0.1",watanabe,1,2000,4000,0.0,0,0,"[0, 0]",8,50.16324013699341
singular2,50,50,92,1.299442307437511,"c=1,d=0.1",watanabe,1,2000,4000,0.0,0,0,"[0, 0]",8,50.70465668300312
regular,50,50,92,1.5621753666388107,"c=1,d=1",watanabe,1,2000,4000,0.0,0,0,"[0, 0]",5,52.76955001799797
e-singular,50,50,92,1.2332873065173986,"c=1,d=1",watanabe,1,2000,4000,0.0,0,0,"[0, 0]",8,49.69081387699407
singular1,50,50,92,1.2599590957736797,"c=1,d=1",watanabe,1,2000,4000,0.0,0,0,"[0, 0]",9,70.94903308799985
singular2,50,50,92,1.208166678051323,"c=1,d=1",watanabe,1,2000,4000,0.0,0,0,"[0, 0]",8,72.78733350300172
regular,50,50,92,1.324248717700447,"c=1,d=2",watanabe,1,2000,4000,0.0,0,0,"[0, 0]",5,65.75228881500516
e-singular,50,50,92,1.1769581590976648,"c=1,d=2",watanabe,1,2000,4000,0.0,0,0,"[0, 0]",8,65.18733073800104
singular1,50,50,92,1.1427762366901058,"c=1,d=2",watanabe,1,2000,4000,0.0,0,0,"[0, 0]",9,64.80757076200098
singular2,50,50,92,1.2505576369349696,"c=1,d=2",watanabe,1,2000,4000,0.0,0,0,"[0, 0]",8,66.97196140500455
regular,50,50,92,1.43418772433361,"c=1,d=5",watanabe,1,2000,4000,0.0,0,0,"[0, 0]",5,61.08081735500309
e-singular,50,50,92,1.3685667539693007,"c=1,d=5",watanabe,1,2000,4000,0.0,0,0,"[0, 0]",8,58.16184584500297
singular1,50,50,92,1.134533335101576,"c=1,d=5",watanabe,1,2000,4000,0.0,0,0,"[0, 0]",9,70.41213511400565
singular2,50,50,92,1.3832370885046472,"c=1,d=5",watanabe,1,2000,4000,0.0,0,0,"[0, 0]",8,65.38957357899926
regular,50,50,92,1.414404758753066,"c=1,d=10",watanabe,1,2000,4000,0.0,0,0,"[0, 0]",5,82.99577443000453
e-singular,50,50,92,1.5540044114637714,"c=1,d=10",watanabe,1,2000,4000,0.0,0,0,"[0, 0]",8,91.28359807500236
singular1,50,50,92,1.088963943154009,"c=1,d=10",watanabe,1,2000,4000,0.0,0,0,"[0, 0]",9,92.33647632300564
singular2,50,50,92,1.4251735645311272,"c=1,d=10",watanabe,1,2000,4000,0.0,0,0,"[0, 0]",8,84.78687587299646
regular,250,250,92,0.8153255980566947,"c=1,d=0.1",watanabe,1,2000,4000,0.0,0,0,"[0, 0]",6,98.72401784799877
e-singular,250,250,92,0.7925037997040717,"c=1,d=0.1",watanabe,1,2000,4000,0.0,0,0,"[0, 0]",9,93.46474142100487
singular1,250,250,92,1.6527137470642357,"c=1,d=0.1",watanabe,1,2000,4000,0.0,0,0,"[0, 0]",10,86.1665539109963
singular2,250,250,92,1.7373957529196329,"c=1,d=0.1",watanabe,1,2000,4000,0.0,0,0,"[0, 0]",8,78.68758855500346
regular,250,250,92,1.3893111822164257,"c=1,d=1",watanabe,1,2000,4000,0.0,0,0,"[0, 0]",5,73.62727547699615
e-singular,250,250,92,1.6950869742192505,"c=1,d=1",watanabe,1,2000,4000,0.0,0,0,"[0, 0]",9,80.64979581700027
singular1,250,250,92,1.1608882193535637,"c=1,d=1",watanabe,1,2000,4000,0.0,0,0,"[0, 0]",10,79.81682449999789
singular2,250,250,92,0.9515106229839289,"c=1,d=1",watanabe,1,2000,4000,0.0,0,0,"[0, 0]",9,81.61708492499747
regular,250,250,92,1.5606027286176254,"c=1,d=2",watanabe,1,2000,4000,0.0,0,0,"[0, 0]",5,74.45623602299747
e-singular,250,250,92,1.5364283991806686,"c=1,d=2",watanabe,1,2000,4000,0.0,0,0,"[0, 0]",8,78.10364901100547
singular1,250,250,92,1.0411648521074706,"c=1,d=2",watanabe,1,2000,4000,0.0,0,0,"[0, 0]",9,79.34291265199863
singular2,250,250,92,0.9581470705046649,"c=1,d=2",watanabe,1,2000,4000,0.0,0,0,"[0, 0]",8,72.39679363400501
regular,250,250,92,1.490439013967056,"c=1,d=5",watanabe,1,2000,4000,0.0,0,0,"[0, 0]",5,63.4617558769969
e-singular,250,250,92,1.634447181399974,"c=1,d=5",watanabe,1,2000,4000,0.0,0,0,"[0, 0]",8,76.20266895600071
singular1,250,250,92,0.9938722075975098,"c=1,d=5",watanabe,1,2000,4000,0.0,0,0,"[0, 0]",10,65.49629950099916
singular2,250,250,92,0.9871089701331018,"c=1,d=5",watanabe,1,2000,4000,0.0,0,0,"[0, 0]",9,79.26430901600543
regular,250,250,92,1.529053462859721,"c=1,d=10",watanabe,1,2000,4000,0.0,0,0,"[0, 0]",5,72.93983823300368
e-singular,250,250,92,1.6657616522105485,"c=1,d=10",watanabe,1,2000,4000,0.0,0,0,"[0, 0]",8,77.82534784399468
singular1,250,250,92,1.0185570523163108,"c=1,d=10",watanabe,1,2000,4000,0.0,0,0,"[0, 0]",10,84.92802380799549
singular2,250,250,92,0.9375249472877472,"c=1,d=10",watanabe,1,2000,4000,0.0,0,0,"[0, 0]",9,79.12955055999919
regular,5000,5000,92,1.534095401161192,"c=1,d=0.1",watanabe,1,2000,4000,0.0,0,0,"[0, 0]",5,155.60380726500443
e-singular,5000,5000,92,0.8771586402458611,"c=1,d=0.1",watanabe,1,2000,4000,0.0,0,0,"[0, 0]",7,199.1050040279952
singular1,5000,5000,92,1.4109791319775116,"c=1,d=0.1",watanabe,1,2000,4000,0.0,0,0,"[0, 0]",10,371.0500656570002
singular2,5000,5000,92,1.2152542158396489,"c=1,d=0.1",watanabe,1,2000,4000,0.0,0,0,"[0, 0]",10,454.8564183719936
regular,5000,5000,92,1.5142021992145809,"c=1,d=1",watanabe,1,2000,4000,0.0,0,0,"[0, 0]",5,156.02669922300265
e-singular,5000,5000,92,1.4897669267692388,"c=1,d=1",watanabe,1,2000,4000,0.0,0,0,"[0, 0]",7,216.1127543620023
singular1,5000,5000,92,0.638575912263319,"c=1,d=1",watanabe,1,2000,4000,0.0,0,0,"[0, 0]",10,395.1722329129989
singular2,5000,5000,92,0.8453462137582252,"c=1,d=1",watanabe,1,2000,4000,0.0,0,0,"[0, 0]",10,441.68273234499793
regular,5000,5000,92,1.5588001580489392,"c=1,d=2",watanabe,1,2000,4000,0.0,0,0,"[0, 0]",5,153.3256880379995
e-singular,5000,5000,92,1.5428800286983435,"c=1,d=2",watanabe,1,2000,4000,0.0,0,0,"[0, 0]",7,198.351228849002
singular1,5000,5000,92,0.6982114894044531,"c=1,d=2",watanabe,1,2000,4000,0.0,0,0,"[0, 0]",10,466.8319350419988
singular2,5000,5000,92,0.8031508769958196,"c=1,d=2",watanabe,1,2000,4000,0.0,0,0,"[0, 0]",10,459.2284809249977
regular,5000,5000,92,1.6468590120606137,"c=1,d=5",watanabe,1,2000,4000,0.0,0,0,"[0, 0]",5,150.21508908900432
e-singular,5000,5000,92,1.4255428326584063,"c=1,d=5",watanabe,1,2000,4000,0.0,0,0,"[0, 0]",7,207.73231214199768
singular1,5000,5000,92,0.75919292192925,"c=1,d=5",watanabe,1,2000,4000,0.0,0,0,"[0, 0]",10,414.0694959129978
singular2,5000,5000,92,0.7739526799835555,"c=1,d=5",watanabe,1,2000,4000,0.0,0,0,"[0, 0]",10,417.1883655960046
regular,5000,5000,92,1.536646898453221,"c=1,d=10",watanabe,1,2000,4000,0.0,0,0,"[0, 0]",5,162.6695076169999
e-singular,5000,5000,92,1.5052308639816518,"c=1,d=10",watanabe,1,2000,4000,0.0,0,0,"[0, 0]",7,232.1689511680015
singular1,5000,5000,92,0.8318006061507639,"c=1,d=10",watanabe,1,2000,4000,0.0,0,0,"[0, 0]",10,442.5389426230031
singular2,5000,5000,92,0.7699721470228337,"c=1,d=10",watanabe,1,2000,4000,0.0,0,0,"[0, 0]",10,341.6903123049997
regular,50,50,93,1.0283824555993808,"c=1,d=0.1",watanabe,1,2000,4000,0.0,0,0,"[0, 0]",5,40.89370269400388
e-singular,50,50,93,1.605495623724032,"c=1,d=0.1",watanabe,1,2000,4000,0.0,0,0,"[0, 0]",8,44.5936435170006
singular1,50,50,93,1.220875729672405,"c=1,d=0.1",watanabe,1,2000,4000,0.0,0,0,"[0, 0]",8,43.83892030300194
singular2,50,50,93,0.7203020188683991,"c=1,d=0.1",watanabe,1,2000,4000,0.0,0,0,"[0, 0]",8,40.965513633003866
regular,50,50,93,1.2986885433592046,"c=1,d=1",watanabe,1,2000,4000,0.0,0,0,"[0, 0]",5,39.88684070599993
e-singular,50,50,93,1.1265268477090844,"c=1,d=1",watanabe,1,2000,4000,0.0,0,0,"[0, 0]",9,45.68541418400128
singular1,50,50,93,1.1089863923632992,"c=1,d=1",watanabe,1,2000,4000,0.0,0,0,"[0, 0]",9,67.27498927199485
singular2,50,50,93,1.131035308509554,"c=1,d=1",watanabe,1,2000,4000,0.0,0,0,"[0, 0]",8,47.85163650900358
regular,50,50,93,1.2954905331131277,"c=1,d=2",watanabe,1,2000,4000,0.0,0,0,"[0, 0]",5,76.13489950499934
e-singular,50,50,93,0.9904979747014772,"c=1,d=2",watanabe,1,2000,4000,0.0,0,0,"[0, 0]",9,86.37901439800044
singular1,50,50,93,1.1671918777126624,"c=1,d=2",watanabe,1,2000,4000,0.0,0,0,"[0, 0]",10,83.74191900900041
singular2,50,50,93,1.0147202701143094,"c=1,d=2",watanabe,1,2000,4000,0.0,0,0,"[0, 0]",7,82.639925149997
regular,50,50,93,1.3849499000973675,"c=1,d=5",watanabe,1,2000,4000,0.0,0,0,"[0, 0]",5,74.91696014999616
e-singular,50,50,93,1.1804067420784945,"c=1,d=5",watanabe,1,2000,4000,0.0,0,0,"[0, 0]",8,76.57377579199965
singular1,50,50,93,1.2017484307684472,"c=1,d=5",watanabe,1,2000,4000,0.0,0,0,"[0, 0]",9,69.19863334300317
singular2,50,50,93,1.132128127665313,"c=1,d=5",watanabe,1,2000,4000,0.0,0,0,"[0, 0]",8,59.649069250997854
regular,50,50,93,1.5372158170944736,"c=1,d=10",watanabe,1,2000,4000,0.0,0,0,"[0, 0]",5,69.2463202900035
e-singular,50,50,93,1.186019089799835,"c=1,d=10",watanabe,1,2000,4000,0.0,0,0,"[0, 0]",8,70.61100664600235
singular1,50,50,93,1.0639000697165384,"c=1,d=10",watanabe,1,2000,4000,0.0,0,0,"[0, 0]",10,73.85666863300139
singular2,50,50,93,1.0012527977152668,"c=1,d=10",watanabe,1,2000,4000,0.0,0,0,"[0, 0]",9,67.16289024100115
regular,250,250,93,2.011284415946577,"c=1,d=0.1",watanabe,1,2000,4000,0.0,0,0,"[0, 0]",5,71.14462032600568
e-singular,250,250,93,3.1427980116590004,"c=1,d=0.1",watanabe,1,2000,4000,0.0,0,0,"[0, 0]",9,76.89820192699699
singular1,250,250,93,0.3718359618715323,"c=1,d=0.1",watanabe,1,2000,4000,0.0,0,0,"[0, 0]",9,78.09664784699999
singular2,250,250,93,0.895773237269175,"c=1,d=0.1",watanabe,1,2000,4000,0.0,0,0,"[0, 0]",8,83.09143797499564
regular,250,250,93,1.49442903934723,"c=1,d=1",watanabe,1,2000,4000,0.0,0,0,"[0, 0]",5,65.50978244500584
e-singular,250,250,93,1.6028099635928623,"c=1,d=1",watanabe,1,2000,4000,0.0,0,0,"[0, 0]",9,78.43017446899466
singular1,250,250,93,0.9661937236531172,"c=1,d=1",watanabe,1,2000,4000,0.0,0,0,"[0, 0]",9,81.20099909800047
singular2,250,250,93,0.9044346595971532,"c=1,d=1",watanabe,1,2000,4000,0.0,0,0,"[0, 0]",9,77.04773136199947
regular,250,250,93,1.4606569533476774,"c=1,d=2",watanabe,1,2000,4000,0.0,0,0,"[0, 0]",6,69.47489468900312
e-singular,250,250,93,1.7567343704785752,"c=1,d=2",watanabe,1,2000,4000,0.0,0,0,"[0, 0]",9,71.73294163600076
singular1,250,250,93,0.9164804298249416,"c=1,d=2",watanabe,1,2000,4000,0.0,0,0,"[0, 0]",10,79.87929994099977
singular2,250,250,93,0.7709949247648785,"c=1,d=2",watanabe,1,2000,4000,0.0,0,0,"[0, 0]",9,70.98238245299581
regular,250,250,93,1.422680963466426,"c=1,d=5",watanabe,1,2000,4000,0.0,0,0,"[0, 0]",5,55.09950360099901
e-singular,250,250,93,1.596202269470788,"c=1,d=5",watanabe,1,2000,4000,0.0,0,0,"[0, 0]",9,79.30141490500682
singular1,250,250,93,0.950661325188374,"c=1,d=5",watanabe,1,2000,4000,0.0,0,0,"[0, 0]",10,72.33902223400219
singular2,250,250,93,0.864810050394696,"c=1,d=5",watanabe,1,2000,4000,0.0,0,0,"[0, 0]",9,78.73672863499814
regular,250,250,93,1.4852124294371405,"c=1,d=10",watanabe,1,2000,4000,0.0,0,0,"[0, 0]",5,72.20213603100274
e-singular,250,250,93,1.58857884187812,"c=1,d=10",watanabe,1,2000,4000,0.0,0,0,"[0, 0]",9,76.38065854500019
singular1,250,250,93,0.988493885037138,"c=1,d=10",watanabe,1,2000,4000,0.0,0,0,"[0, 0]",9,76.84988771200005
singular2,250,250,93,0.8325485013654393,"c=1,d=10",watanabe,1,2000,4000,0.0,0,0,"[0, 0]",9,74.91741744899628
regular,5000,5000,93,1.715989216177234,"c=1,d=0.1",watanabe,1,2000,4000,0.0,0,0,"[0, 0]",5,160.95877285299505
e-singular,5000,5000,93,1.0801641051572153,"c=1,d=0.1",watanabe,1,2000,4000,0.0,0,0,"[0, 0]",7,196.60784796900407
singular1,5000,5000,93,-0.6993551572459024,"c=1,d=0.1",watanabe,1,2000,4000,0.0,0,0,"[0, 0]",10,470.516285630998
singular2,5000,5000,93,1.2044350103883985,"c=1,d=0.1",watanabe,1,2000,4000,0.0,0,0,"[0, 0]",10,416.1346347970102
regular,5000,5000,93,1.584617832100832,"c=1,d=1",watanabe,1,2000,4000,0.0,0,0,"[0, 0]",5,143.54409885499626
e-singular,5000,5000,93,1.451210460595628,"c=1,d=1",watanabe,1,2000,4000,0.0,0,0,"[0, 0]",6,211.1440864830001
singular1,5000,5000,93,0.8402377208261057,"c=1,d=1",watanabe,1,2000,4000,0.0,0,0,"[0, 0]",10,591.734228430003
singular2,5000,5000,93,0.7599773578353375,"c=1,d=1",watanabe,1,2000,4000,0.0,0,0,"[0, 0]",10,438.4651535289959
regular,5000,5000,93,1.5998056358196,"c=1,d=2",watanabe,1,2000,4000,0.0,0,0,"[0, 0]",5,149.08290686499095
e-singular,5000,5000,93,1.5943206598073787,"c=1,d=2",watanabe,1,2000,4000,0.0,0,0,"[0, 0]",7,196.4669174580049
singular1,5000,5000,93,0.8189923136820236,"c=1,d=2",watanabe,1,2000,4000,0.0,0,0,"[0, 0]",10,535.802697719002
singular2,5000,5000,93,0.8707762264206085,"c=1,d=2",watanabe,1,2000,4000,0.0,0,0,"[0, 0]",10,419.8748249010096
regular,5000,5000,93,1.4266967798668084,"c=1,d=5",watanabe,1,2000,4000,0.0,0,0,"[0, 0]",5,152.22394001399516
e-singular,5000,5000,93,1.4392050085645332,"c=1,d=5",watanabe,1,2000,4000,0.0,0,0,"[0, 0]",7,194.1338668280077
singular1,5000,5000,93,0.7495719578390202,"c=1,d=5",watanabe,1,2000,4000,0.0,0,0,"[0, 0]",10,409.38004896900384
singular2,5000,5000,93,0.7550849423137819,"c=1,d=5",watanabe,1,2000,4000,0.0,0,0,"[0, 0]",10,390.6236244589964
regular,5000,5000,93,1.540826336145413,"c=1,d=10",watanabe,1,2000,4000,0.0,0,0,"[0, 0]",5,149.70345749499393
e-singular,5000,5000,93,1.490332630572735,"c=1,d=10",watanabe,1,2000,4000,0.0,0,0,"[0, 0]",7,202.1194221409969
singular1,5000,5000,93,0.8169580522579626,"c=1,d=10",watanabe,1,2000,4000,0.0,0,0,"[0, 0]",10,409.74383937800303
singular2,5000,5000,93,0.8516121095351923,"c=1,d=10",watanabe,1,2000,4000,0.0,0,0,"[0, 0]",10,253.75060061799013
regular,50,50,94,2.0063158514488704,"c=1,d=0.1",watanabe,1,2000,4000,0.0,0,0,"[0, 0]",5,39.89515854799538
e-singular,50,50,94,1.3275470714107072,"c=1,d=0.1",watanabe,1,2000,4000,0.0,0,0,"[0, 0]",8,42.28201697500481
singular1,50,50,94,1.2141810593466702,"c=1,d=0.1",watanabe,1,2000,4000,0.0,0,0,"[0, 0]",8,43.38657055899967
singular2,50,50,94,0.3232667174339987,"c=1,d=0.1",watanabe,1,2000,4000,0.0,0,0,"[0, 0]",8,42.37938366198796
regular,50,50,94,1.2703884244231904,"c=1,d=1",watanabe,1,2000,4000,0.0,0,0,"[0, 0]",5,43.322512205006205
e-singular,50,50,94,0.9080003485766904,"c=1,d=1",watanabe,1,2000,4000,0.0,0,0,"[0, 0]",9,47.28514249999717
singular1,50,50,94,1.1963720545775456,"c=1,d=1",watanabe,1,2000,4000,0.0,0,0,"[0, 0]",9,49.69106606399873
singular2,50,50,94,0.9446024135723922,"c=1,d=1",watanabe,1,2000,4000,0.0,0,0,"[0, 0]",7,45.3339852749923
regular,50,50,94,1.420486746163321,"c=1,d=2",watanabe,1,2000,4000,0.0,0,0,"[0, 0]",5,106.04854852499555
e-singular,50,50,94,0.9781646070173244,"c=1,d=2",watanabe,1,2000,4000,0.0,0,0,"[0, 0]",8,105.82198708599026
singular1,50,50,94,1.208332213221059,"c=1,d=2",watanabe,1,2000,4000,0.0,0,0,"[0, 0]",10,103.275529808001
singular2,50,50,94,0.8723585722079965,"c=1,d=2",watanabe,1,2000,4000,0.0,0,0,"[0, 0]",7,100.21897828500369
regular,50,50,94,1.4342015673516195,"c=1,d=5",watanabe,1,2000,4000,0.0,0,0,"[0, 0]",5,97.42906255500566
e-singular,50,50,94,1.0855416318422837,"c=1,d=5",watanabe,1,2000,4000,0.0,0,0,"[0, 0]",9,100.26829691299643
singular1,50,50,94,1.0738861928269483,"c=1,d=5",watanabe,1,2000,4000,0.0,0,0,"[0, 0]",10,99.48525370100106
singular2,50,50,94,0.904511703520778,"c=1,d=5",watanabe,1,2000,4000,0.0,0,0,"[0, 0]",8,95.99710365399368
regular,50,50,94,1.332306147732334,"c=1,d=10",watanabe,1,2000,4000,0.0,0,0,"[0, 0]",5,68.77111242499086
e-singular,50,50,94,1.0399703676108725,"c=1,d=10",watanabe,1,2000,4000,0.0,0,0,"[0, 0]",10,58.809164206992136
singular1,50,50,94,1.0381107840736314,"c=1,d=10",watanabe,1,2000,4000,0.0,0,0,"[0, 0]",9,66.98280816800252
singular2,50,50,94,1.0192562235009677,"c=1,d=10",watanabe,1,2000,4000,0.0,0,0,"[0, 0]",9,58.52346369301085
regular,250,250,94,1.1454598377918448,"c=1,d=0.1",watanabe,1,2000,4000,0.0,0,0,"[0, 0]",5,62.44179471700045
e-singular,250,250,94,1.933559579576396,"c=1,d=0.1",watanabe,1,2000,4000,0.0,0,0,"[0, 0]",8,67.90797902800841
singular1,250,250,94,0.9764584752581108,"c=1,d=0.1",watanabe,1,2000,4000,0.0,0,0,"[0, 0]",10,86.65541268201196
singular2,250,250,94,1.0036017210108512,"c=1,d=0.1",watanabe,1,2000,4000,0.0,0,0,"[0, 0]",8,62.77404509398912
regular,250,250,94,1.3642654313126954,"c=1,d=1",watanabe,1,2000,4000,0.0,0,0,"[0, 0]",5,71.70314471400343
e-singular,250,250,94,1.4628446954029315,"c=1,d=1",watanabe,1,2000,4000,0.0,0,0,"[0, 0]",8,71.92306581500452
singular1,250,250,94,1.022225328480197,"c=1,d=1",watanabe,1,2000,4000,0.0,0,0,"[0, 0]",9,89.4871358560049
singular2,250,250,94,0.9732969686799808,"c=1,d=1",watanabe,1,2000,4000,0.0,0,0,"[0, 0]",8,71.66118826599268
regular,250,250,94,1.5057273179982889,"c=1,d=2",watanabe,1,2000,4000,0.0,0,0,"[0, 0]",5,70.65167603599548
e-singular,250,250,94,1.5286662345714477,"c=1,d=2",watanabe,1,2000,4000,0.0,0,0,"[0, 0]",8,67.89839971599577
singular1,250,250,94,0.9843272795947512,"c=1,d=2",watanabe,1,2000,4000,0.0,0,0,"[0, 0]",9,85.02812251599971
singular2,250,250,94,0.95846598823648,"c=1,d=2",watanabe,1,2000,4000,0.0,0,0,"[0, 0]",9,73.91692575199704
regular,250,250,94,1.56723236567435,"c=1,d=5",watanabe,1,2000,4000,0.0,0,0,"[0, 0]",5,72.85646854099468
e-singular,250,250,94,1.5702228397604157,"c=1,d=5",watanabe,1,2000,4000,0.0,0,0,"[0, 0]",8,70.54049103500438
singular1,250,250,94,0.9089739502874832,"c=1,d=5",watanabe,1,2000,4000,0.0,0,0,"[0, 0]",10,87.86030168199795
singular2,250,250,94,0.8426186008846456,"c=1,d=5",watanabe,1,2000,4000,0.0,0,0,"[0, 0]",9,77.06592786600231
regular,250,250,94,1.488142918528132,"c=1,d=10",watanabe,1,2000,4000,0.0,0,0,"[0, 0]",5,71.25841799699992
e-singular,250,250,94,1.556313232613333,"c=1,d=10",watanabe,1,2000,4000,0.0,0,0,"[0, 0]",8,60.56977962399833
singular1,250,250,94,0.952714431210433,"c=1,d=10",watanabe,1,2000,4000,0.0,0,0,"[0, 0]",10,83.73167218299932
singular2,250,250,94,0.9087507631356356,"c=1,d=10",watanabe,1,2000,4000,0.0,0,0,"[0, 0]",9,75.10717637199559
regular,5000,5000,94,1.985758481301124,"c=1,d=0.1",watanabe,1,2000,4000,0.0,0,0,"[0, 0]",5,167.71225755701016
e-singular,5000,5000,94,1.4027593932748277,"c=1,d=0.1",watanabe,1,2000,4000,0.0,0,0,"[0, 0]",6,203.68985756199984
singular1,5000,5000,94,2.3266684153777013,"c=1,d=0.1",watanabe,1,2000,4000,0.0,0,0,"[0, 0]",10,374.4393452390068
singular2,5000,5000,94,0.282833205904549,"c=1,d=0.1",watanabe,1,2000,4000,0.0,0,0,"[0, 0]",10,425.630531591989
regular,5000,5000,94,1.4766167170565196,"c=1,d=1",watanabe,1,2000,4000,0.0,0,0,"[0, 0]",5,150.3855459030019
e-singular,5000,5000,94,1.5193643113482618,"c=1,d=1",watanabe,1,2000,4000,0.0,0,0,"[0, 0]",6,215.3043415569992
singular1,5000,5000,94,0.9257268884810826,"c=1,d=1",watanabe,1,2000,4000,0.0,0,0,"[0, 0]",10,402.7911777529953
singular2,5000,5000,94,0.7399675319372111,"c=1,d=1",watanabe,1,2000,4000,0.0,0,0,"[0, 0]",10,573.5748261919944
regular,5000,5000,94,1.5110555024720818,"c=1,d=2",watanabe,1,2000,4000,0.0,0,0,"[0, 0]",5,149.55681958800417
e-singular,5000,5000,94,1.5261135630146558,"c=1,d=2",watanabe,1,2000,4000,0.0,0,0,"[0, 0]",7,213.12436612899185
singular1,5000,5000,94,1.0826097936140633,"c=1,d=2",watanabe,1,2000,4000,0.0,0,0,"[0, 0]",10,448.95950304099824
singular2,5000,5000,94,0.8358499832782507,"c=1,d=2",watanabe,1,2000,4000,0.0,0,0,"[0, 0]",10,461.30043801698775
regular,5000,5000,94,1.5685222112281023,"c=1,d=5",watanabe,1,2000,4000,0.0,0,0,"[0, 0]",6,193.20928808399185
e-singular,5000,5000,94,1.602694814609892,"c=1,d=5",watanabe,1,2000,4000,0.0,0,0,"[0, 0]",7,190.66384669400577
singular1,5000,5000,94,0.8046242454253234,"c=1,d=5",watanabe,1,2000,4000,0.0,0,0,"[0, 0]",10,447.0308261159953
singular2,5000,5000,94,0.8762569402274716,"c=1,d=5",watanabe,1,2000,4000,0.0,0,0,"[0, 0]",10,409.1237837299996
regular,5000,5000,94,1.476313395048542,"c=1,d=10",watanabe,1,2000,4000,0.0,0,0,"[0, 0]",5,159.76508658699458
e-singular,5000,5000,94,1.5087713013175543,"c=1,d=10",watanabe,1,2000,4000,0.0,0,0,"[0, 0]",7,216.09675646899268
singular1,5000,5000,94,0.8616564207489583,"c=1,d=10",watanabe,1,2000,4000,0.0,0,0,"[0, 0]",10,355.9317935110012
singular2,5000,5000,94,0.7714935671326333,"c=1,d=10",watanabe,1,2000,4000,0.0,0,0,"[0, 0]",10,331.5802778590005
regular,50,50,95,2.283146055843003,"c=1,d=0.1",watanabe,1,2000,4000,0.0,0,0,"[0, 0]",6,40.13612019600987
e-singular,50,50,95,2.3768988662338817,"c=1,d=0.1",watanabe,1,2000,4000,0.0,0,0,"[0, 0]",7,58.8852170809987
singular1,50,50,95,2.202315679446424,"c=1,d=0.1",watanabe,1,2000,4000,0.0,0,0,"[0, 0]",9,62.60262147399772
singular2,50,50,95,1.0625855529705883,"c=1,d=0.1",watanabe,1,2000,4000,0.0,0,0,"[0, 0]",8,41.00700687499193
regular,50,50,95,1.362577202876904,"c=1,d=1",watanabe,1,2000,4000,0.0,0,0,"[0, 0]",6,58.27135490300134
e-singular,50,50,95,1.706135066581123,"c=1,d=1",watanabe,1,2000,4000,0.0,0,0,"[0, 0]",7,58.09192266500031
singular1,50,50,95,1.1176566603936688,"c=1,d=1",watanabe,1,2000,4000,0.0,0,0,"[0, 0]",10,65.69821405099356
singular2,50,50,95,1.088547593046429,"c=1,d=1",watanabe,1,2000,4000,0.0,0,0,"[0, 0]",8,61.05033755599288
regular,50,50,95,1.4796089593264687,"c=1,d=2",watanabe,1,2000,4000,0.0,0,0,"[0, 0]",5,75.30420069200045
e-singular,50,50,95,1.7827290814118302,"c=1,d=2",watanabe,1,2000,4000,0.0,0,0,"[0, 0]",7,77.93331833099364
singular1,50,50,95,1.2462417571089974,"c=1,d=2",watanabe,1,2000,4000,0.0,0,0,"[0, 0]",9,66.5069345929951
singular2,50,50,95,1.008672440325756,"c=1,d=2",watanabe,1,2000,4000,0.0,0,0,"[0, 0]",9,83.14569607000158
regular,50,50,95,1.5141700587354814,"c=1,d=5",watanabe,1,2000,4000,0.0,0,0,"[0, 0]",5,58.988710632998846
e-singular,50,50,95,1.5580264015513512,"c=1,d=5",watanabe,1,2000,4000,0.0,0,0,"[0, 0]",7,79.94453399500344
singular1,50,50,95,1.204232743074806,"c=1,d=5",watanabe,1,2000,4000,0.0,0,0,"[0, 0]",9,96.16342970701226
singular2,50,50,95,1.0282545727766073,"c=1,d=5",watanabe,1,2000,4000,0.0,0,0,"[0, 0]",8,76.50793256999168
regular,50,50,95,1.477491174262661,"c=1,d=10",watanabe,1,2000,4000,0.0,0,0,"[0, 0]",6,80.15142688900232
e-singular,50,50,95,1.6080759253439525,"c=1,d=10",watanabe,1,2000,4000,0.0,0,0,"[0, 0]",7,74.75669042099616
singular1,50,50,95,1.2014488698243615,"c=1,d=10",watanabe,1,2000,4000,0.0,0,0,"[0, 0]",10,80.39346458599903
singular2,50,50,95,1.096686113509194,"c=1,d=10",watanabe,1,2000,4000,0.0,0,0,"[0, 0]",8,75.24202001899539
regular,250,250,95,0.0638947293912559,"c=1,d=0.1",watanabe,1,2000,4000,0.0,0,0,"[0, 0]",5,70.21333119900373
e-singular,250,250,95,-0.155143932064205,"c=1,d=0.1",watanabe,1,2000,4000,0.0,0,0,"[0, 0]",8,63.99716434298898
singular1,250,250,95,1.885986441588472,"c=1,d=0.1",watanabe,1,2000,4000,0.0,0,0,"[0, 0]",10,73.3505416370026
singular2,250,250,95,0.543238722767596,"c=1,d=0.1",watanabe,1,2000,4000,0.0,0,0,"[0, 0]",8,62.29369916200813
regular,250,250,95,1.302563461579989,"c=1,d=1",watanabe,1,2000,4000,0.0,0,0,"[0, 0]",5,64.01963860199612
e-singular,250,250,95,1.7455743513694326,"c=1,d=1",watanabe,1,2000,4000,0.0,0,0,"[0, 0]",8,72.43486726300034
singular1,250,250,95,0.7916295264281479,"c=1,d=1",watanabe,1,2000,4000,0.0,0,0,"[0, 0]",9,67.53041924499848
singular2,250,250,95,1.01444151809533,"c=1,d=1",watanabe,1,2000,4000,0.0,0,0,"[0, 0]",9,92.69933069199033
regular,250,250,95,1.4154308525739474,"c=1,d=2",watanabe,1,2000,4000,0.0,0,0,"[0, 0]",5,80.90798425399407
e-singular,250,250,95,1.6066997581223177,"c=1,d=2",watanabe,1,2000,4000,0.0,0,0,"[0, 0]",7,77.9159618299891
singular1,250,250,95,0.95111679004135,"c=1,d=2",watanabe,1,2000,4000,0.0,0,0,"[0, 0]",10,88.65985872900637
singular2,250,250,95,0.9108178987683349,"c=1,d=2",watanabe,1,2000,4000,0.0,0,0,"[0, 0]",9,72.28145641399897
regular,250,250,95,1.5168765638873911,"c=1,d=5",watanabe,1,2000,4000,0.0,0,0,"[0, 0]",5,65.67665360200044
e-singular,250,250,95,1.585196488795566,"c=1,d=5",watanabe,1,2000,4000,0.0,0,0,"[0, 0]",9,76.12161422999634
singular1,250,250,95,0.9884164779929012,"c=1,d=5",watanabe,1,2000,4000,0.0,0,0,"[0, 0]",10,83.51768895400164
singular2,250,250,95,1.0211198831905406,"c=1,d=5",watanabe,1,2000,4000,0.0,0,0,"[0, 0]",10,63.89338174799923
regular,250,250,95,1.473232570508208,"c=1,d=10",watanabe,1,2000,4000,0.0,0,0,"[0, 0]",5,61.40046324899595
e-singular,250,250,95,1.585558083819791,"c=1,d=10",watanabe,1,2000,4000,0.0,0,0,"[0, 0]",8,69.56341140999575
singular1,250,250,95,1.0324850960963854,"c=1,d=10",watanabe,1,2000,4000,0.0,0,0,"[0, 0]",10,75.46056465999573
singular2,250,250,95,1.0547332282312845,"c=1,d=10",watanabe,1,2000,4000,0.0,0,0,"[0, 0]",9,64.63327838400437
regular,5000,5000,95,1.396296462707273,"c=1,d=0.1",watanabe,1,2000,4000,0.0,0,0,"[0, 0]",5,142.3555973150069
e-singular,5000,5000,95,1.2827881492884292,"c=1,d=0.1",watanabe,1,2000,4000,0.0,0,0,"[0, 0]",6,207.88512288000493
singular1,5000,5000,95,0.1376901831317616,"c=1,d=0.1",watanabe,1,2000,4000,0.0,0,0,"[0, 0]",10,373.20851572899846
singular2,5000,5000,95,1.3983861424848958,"c=1,d=0.1",watanabe,1,2000,4000,0.0,0,0,"[0, 0]",10,467.5827881169971
regular,5000,5000,95,1.3881322206656077,"c=1,d=1",watanabe,1,2000,4000,0.0,0,0,"[0, 0]",5,157.87941201300418
e-singular,5000,5000,95,1.421295318406565,"c=1,d=1",watanabe,1,2000,4000,0.0,0,0,"[0, 0]",6,217.7081587550056
singular1,5000,5000,95,0.83488850460742,"c=1,d=1",watanabe,1,2000,4000,0.0,0,0,"[0, 0]",10,405.2404106500034
singular2,5000,5000,95,0.6914960831640614,"c=1,d=1",watanabe,1,2000,4000,0.0,0,0,"[0, 0]",10,553.5316052340058
regular,5000,5000,95,1.4948159152555949,"c=1,d=2",watanabe,1,2000,4000,0.0,0,0,"[0, 0]",5,151.52438621899637
e-singular,5000,5000,95,1.4290456976951271,"c=1,d=2",watanabe,1,2000,4000,0.0,0,0,"[0, 0]",6,183.6103902580071
singular1,5000,5000,95,0.8758627811784805,"c=1,d=2",watanabe,1,2000,4000,0.0,0,0,"[0, 0]",10,405.1716373119998
singular2,5000,5000,95,0.7792463107523976,"c=1,d=2",watanabe,1,2000,4000,0.0,0,0,"[0, 0]",10,489.65169387700735
regular,5000,5000,95,1.5275980994214635,"c=1,d=5",watanabe,1,2000,4000,0.0,0,0,"[0, 0]",5,160.36923110899806
e-singular,5000,5000,95,1.4989706333735666,"c=1,d=5",watanabe,1,2000,4000,0.0,0,0,"[0, 0]",7,200.6745642229944
singular1,5000,5000,95,0.8596431009805124,"c=1,d=5",watanabe,1,2000,4000,0.0,0,0,"[0, 0]",10,329.3281773880008
singular2,5000,5000,95,0.7725456283133636,"c=1,d=5",watanabe,1,2000,4000,0.0,0,0,"[0, 0]",10,437.9647683109943
regular,5000,5000,95,1.4726157961699209,"c=1,d=10",watanabe,1,2000,4000,0.0,0,0,"[0, 0]",5,150.27033147199836
e-singular,5000,5000,95,1.4967442743953674,"c=1,d=10",watanabe,1,2000,4000,0.0,0,0,"[0, 0]",6,227.7666222400003
singular1,5000,5000,95,0.9763474055560556,"c=1,d=10",watanabe,1,2000,4000,0.0,0,0,"[0, 0]",10,246.94387613599247
singular2,5000,5000,95,0.7595070829283619,"c=1,d=10",watanabe,1,2000,4000,0.0,0,0,"[0, 0]",10,354.008280369002
regular,50,50,96,0.9741724760952142,"c=1,d=0.1",watanabe,1,2000,4000,0.0,0,0,"[0, 0]",5,40.04085700599535
e-singular,50,50,96,1.8971012983251767,"c=1,d=0.1",watanabe,1,2000,4000,0.0,0,0,"[0, 0]",8,41.334975452002254
singular1,50,50,96,0.786659409009014,"c=1,d=0.1",watanabe,1,2000,4000,0.0,0,0,"[0, 0]",9,44.601486735002254
singular2,50,50,96,1.7070662151298257,"c=1,d=0.1",watanabe,1,2000,4000,0.0,0,0,"[0, 0]",8,45.40386062700418
regular,50,50,96,1.3235564223577962,"c=1,d=1",watanabe,1,2000,4000,0.0,0,0,"[0, 0]",5,44.60505159100285
e-singular,50,50,96,0.9377692775514256,"c=1,d=1",watanabe,1,2000,4000,0.0,0,0,"[0, 0]",8,45.75084885400429
singular1,50,50,96,1.1793226986246463,"c=1,d=1",watanabe,1,2000,4000,0.0,0,0,"[0, 0]",9,91.20673375600018
singular2,50,50,96,1.0969661597636386,"c=1,d=1",watanabe,1,2000,4000,0.0,0,0,"[0, 0]",8,45.64019152498804
regular,50,50,96,1.4000177620911494,"c=1,d=2",watanabe,1,2000,4000,0.0,0,0,"[0, 0]",5,88.04476884099131
e-singular,50,50,96,1.200036003334433,"c=1,d=2",watanabe,1,2000,4000,0.0,0,0,"[0, 0]",8,87.24384373599605
singular1,50,50,96,1.1664798907081342,"c=1,d=2",watanabe,1,2000,4000,0.0,0,0,"[0, 0]",9,95.91142825200222
singular2,50,50,96,0.9160173234409428,"c=1,d=2",watanabe,1,2000,4000,0.0,0,0,"[0, 0]",8,91.17171205799968
regular,50,50,96,1.3711428633868818,"c=1,d=5",watanabe,1,2000,4000,0.0,0,0,"[0, 0]",5,86.9064039280056
e-singular,50,50,96,1.2571289826252838,"c=1,d=5",watanabe,1,2000,4000,0.0,0,0,"[0, 0]",9,88.70350470900303
singular1,50,50,96,1.0733462695390528,"c=1,d=5",watanabe,1,2000,4000,0.0,0,0,"[0, 0]",9,92.4872155960038
singular2,50,50,96,1.082507128026139,"c=1,d=5",watanabe,1,2000,4000,0.0,0,0,"[0, 0]",8,74.3511431329971
regular,50,50,96,1.3947570555252202,"c=1,d=10",watanabe,1,2000,4000,0.0,0,0,"[0, 0]",5,79.49399083499156
e-singular,50,50,96,1.2321913959197617,"c=1,d=10",watanabe,1,2000,4000,0.0,0,0,"[0, 0]",8,77.57200460998865
singular1,50,50,96,1.180463188180996,"c=1,d=10",watanabe,1,2000,4000,0.0,0,0,"[0, 0]",10,70.34944548099884
singular2,50,50,96,1.0197039355137032,"c=1,d=10",watanabe,1,2000,4000,0.0,0,0,"[0, 0]",10,78.01268868999614
regular,250,250,96,0.8052972075900139,"c=1,d=0.1",watanabe,1,2000,4000,0.0,0,0,"[0, 0]",5,76.77531520399498
e-singular,250,250,96,0.1284036974171637,"c=1,d=0.1",watanabe,1,2000,4000,0.0,0,0,"[0, 0]",9,78.05722187500214
singular1,250,250,96,0.4183792659358136,"c=1,d=0.1",watanabe,1,2000,4000,0.0,0,0,"[0, 0]",9,77.0698912480002
singular2,250,250,96,1.345648953941402,"c=1,d=0.1",watanabe,1,2000,4000,0.0,0,0,"[0, 0]",9,63.67362067299837
regular,250,250,96,1.3802533890777249,"c=1,d=1",watanabe,1,2000,4000,0.0,0,0,"[0, 0]",6,70.4414431490004
e-singular,250,250,96,1.4144814236910186,"c=1,d=1",watanabe,1,2000,4000,0.0,0,0,"[0, 0]",8,70.68632589100162
singular1,250,250,96,0.9170188360696616,"c=1,d=1",watanabe,1,2000,4000,0.0,0,0,"[0, 0]",10,77.54697077600576
singular2,250,250,96,0.8814588368136439,"c=1,d=1",watanabe,1,2000,4000,0.0,0,0,"[0, 0]",8,75.86882315600815
regular,250,250,96,1.5017838206317256,"c=1,d=2",watanabe,1,2000,4000,0.0,0,0,"[0, 0]",5,79.22186015400803
e-singular,250,250,96,1.4538514255296158,"c=1,d=2",watanabe,1,2000,4000,0.0,0,0,"[0, 0]",8,83.76421458800905
singular1,250,250,96,1.1345696543204005,"c=1,d=2",watanabe,1,2000,4000,0.0,0,0,"[0, 0]",9,84.63065826399543
singular2,250,250,96,0.9777184030982584,"c=1,d=2",watanabe,1,2000,4000,0.0,0,0,"[0, 0]",8,80.99148841900751
regular,250,250,96,1.5898312811794997,"c=1,d=5",watanabe,1,2000,4000,0.0,0,0,"[0, 0]",5,68.66696938200039
e-singular,250,250,96,1.4741385612637747,"c=1,d=5",watanabe,1,2000,4000,0.0,0,0,"[0, 0]",8,70.76719857299759
singular1,250,250,96,0.985951291360508,"c=1,d=5",watanabe,1,2000,4000,0.0,0,0,"[0, 0]",10,74.40874974300095
singular2,250,250,96,0.9059755702407556,"c=1,d=5",watanabe,1,2000,4000,0.0,0,0,"[0, 0]",8,67.68592068900762
regular,250,250,96,1.4374920526879564,"c=1,d=10",watanabe,1,2000,4000,0.0,0,0,"[0, 0]",5,57.14057094800228
e-singular,250,250,96,1.447764568153495,"c=1,d=10",watanabe,1,2000,4000,0.0,0,0,"[0, 0]",8,69.92927565499849
singular1,250,250,96,1.0694408024864928,"c=1,d=10",watanabe,1,2000,4000,0.0,0,0,"[0, 0]",10,74.9940680419968
singular2,250,250,96,0.8439432834301045,"c=1,d=10",watanabe,1,2000,4000,0.0,0,0,"[0, 0]",10,75.23375242900511
regular,5000,5000,96,2.622194313463126,"c=1,d=0.1",watanabe,1,2000,4000,0.0,0,0,"[0, 0]",5,155.06649756300612
e-singular,5000,5000,96,2.6729846250402383,"c=1,d=0.1",watanabe,1,2000,4000,0.0,0,0,"[0, 0]",7,221.2745676940104
singular1,5000,5000,96,0.5708180549917535,"c=1,d=0.1",watanabe,1,2000,4000,0.0,0,0,"[0, 0]",10,481.1972813589964
singular2,5000,5000,96,0.6512951948261656,"c=1,d=0.1",watanabe,1,2000,4000,0.0,0,0,"[0, 0]",10,390.9314682059921
regular,5000,5000,96,1.5149669787390654,"c=1,d=1",watanabe,1,2000,4000,0.0,0,0,"[0, 0]",6,176.78823599900352
e-singular,5000,5000,96,1.4801373799229205,"c=1,d=1",watanabe,1,2000,4000,0.0,0,0,"[0, 0]",7,212.1345511219988
singular1,5000,5000,96,0.7618559520635007,"c=1,d=1",watanabe,1,2000,4000,0.0,0,0,"[0, 0]",10,414.8011166520009
singular2,5000,5000,96,0.7890176074970946,"c=1,d=1",watanabe,1,2000,4000,0.0,0,0,"[0, 0]",10,444.256348881012
regular,5000,5000,96,1.461200951225307,"c=1,d=2",watanabe,1,2000,4000,0.0,0,0,"[0, 0]",5,140.86942915798863
e-singular,5000,5000,96,1.6606310895844445,"c=1,d=2",watanabe,1,2000,4000,0.0,0,0,"[0, 0]",6,201.93198803800624
singular1,5000,5000,96,0.9079338978049736,"c=1,d=2",watanabe,1,2000,4000,0.0,0,0,"[0, 0]",10,388.4124885509955
singular2,5000,5000,96,0.823647115401284,"c=1,d=2",watanabe,1,2000,4000,0.0,0,0,"[0, 0]",10,412.49404215499817
regular,5000,5000,96,1.453409114622657,"c=1,d=5",watanabe,1,2000,4000,0.0,0,0,"[0, 0]",5,139.43738123899675
e-singular,5000,5000,96,1.5480418445336583,"c=1,d=5",watanabe,1,2000,4000,0.0,0,0,"[0, 0]",7,199.5566376710049
singular1,5000,5000,96,0.7467397140715147,"c=1,d=5",watanabe,1,2000,4000,0.0,0,0,"[0, 0]",10,402.0958435180073
singular2,5000,5000,96,0.8978051924488291,"c=1,d=5",watanabe,1,2000,4000,0.0,0,0,"[0, 0]",10,338.9427213299932
regular,5000,5000,96,1.4469130234097063,"c=1,d=10",watanabe,1,2000,4000,0.0,0,0,"[0, 0]",5,158.36113467499672
e-singular,5000,5000,96,1.5154631546829285,"c=1,d=10",watanabe,1,2000,4000,0.0,0,0,"[0, 0]",7,185.1539486949914
singular1,5000,5000,96,0.8214736669633675,"c=1,d=10",watanabe,1,2000,4000,0.0,0,0,"[0, 0]",10,387.8924937980046
singular2,5000,5000,96,0.8915303336198681,"c=1,d=10",watanabe,1,2000,4000,0.0,0,0,"[0, 0]",10,371.04518661698967
regular,50,50,97,1.7120813515673785,"c=1,d=0.1",watanabe,1,2000,4000,0.0,0,0,"[0, 0]",6,39.717463952998514
e-singular,50,50,97,2.444406410394565,"c=1,d=0.1",watanabe,1,2000,4000,0.0,0,0,"[0, 0]",7,40.62984697199136
singular1,50,50,97,0.543981174328136,"c=1,d=0.1",watanabe,1,2000,4000,0.0,0,0,"[0, 0]",8,42.93181165700662
singular2,50,50,97,-0.3312466972095861,"c=1,d=0.1",watanabe,1,2000,4000,0.0,0,0,"[0, 0]",7,45.104067610998754
regular,50,50,97,1.354216221885474,"c=1,d=1",watanabe,1,2000,4000,0.0,0,0,"[0, 0]",6,44.48113856700365
e-singular,50,50,97,1.803381377512179,"c=1,d=1",watanabe,1,2000,4000,0.0,0,0,"[0, 0]",8,44.93262153099931
singular1,50,50,97,1.142199779750941,"c=1,d=1",watanabe,1,2000,4000,0.0,0,0,"[0, 0]",8,70.10826049899333
singular2,50,50,97,0.9603726335693986,"c=1,d=1",watanabe,1,2000,4000,0.0,0,0,"[0, 0]",8,45.82671825199213
regular,50,50,97,1.325292196691795,"c=1,d=2",watanabe,1,2000,4000,0.0,0,0,"[0, 0]",6,78.448326644997
e-singular,50,50,97,1.4617906672313303,"c=1,d=2",watanabe,1,2000,4000,0.0,0,0,"[0, 0]",8,89.28517320800165
singular1,50,50,97,1.0187257825689282,"c=1,d=2",watanabe,1,2000,4000,0.0,0,0,"[0, 0]",8,104.291914395988
singular2,50,50,97,0.8104689966068567,"c=1,d=2",watanabe,1,2000,4000,0.0,0,0,"[0, 0]",8,98.13040344200272
regular,50,50,97,1.46697612943829,"c=1,d=5",watanabe,1,2000,4000,0.0,0,0,"[0, 0]",6,95.88501520200224
e-singular,50,50,97,1.6393283443593354,"c=1,d=5",watanabe,1,2000,4000,0.0,0,0,"[0, 0]",8,95.53782378199683
singular1,50,50,97,1.1836349052942332,"c=1,d=5",watanabe,1,2000,4000,0.0,0,0,"[0, 0]",9,98.634676873
singular2,50,50,97,0.984002488206889,"c=1,d=5",watanabe,1,2000,4000,0.0,0,0,"[0, 0]",8,72.97561573699932
regular,50,50,97,1.484833553953816,"c=1,d=10",watanabe,1,2000,4000,0.0,0,0,"[0, 0]",6,69.96370269700128
e-singular,50,50,97,1.5091587317784598,"c=1,d=10",watanabe,1,2000,4000,0.0,0,0,"[0, 0]",7,64.74035715000355
singular1,50,50,97,1.223010592748301,"c=1,d=10",watanabe,1,2000,4000,0.0,0,0,"[0, 0]",9,88.72163783699216
singular2,50,50,97,0.8424668462979783,"c=1,d=10",watanabe,1,2000,4000,0.0,0,0,"[0, 0]",8,61.932880770007614
regular,250,250,97,1.586631516828651,"c=1,d=0.1",watanabe,1,2000,4000,0.0,0,0,"[0, 0]",5,87.26996524700371
e-singular,250,250,97,1.3358271017215908,"c=1,d=0.1",watanabe,1,2000,4000,0.0,0,0,"[0, 0]",8,98.22373257699655
singular1,250,250,97,2.0633310309194832,"c=1,d=0.1",watanabe,1,2000,4000,0.0,0,0,"[0, 0]",10,105.27728672500234
singular2,250,250,97,1.2742117804469044,"c=1,d=0.1",watanabe,1,2000,4000,0.0,0,0,"[0, 0]",8,100.66087840999536
regular,250,250,97,1.3891349730682243,"c=1,d=1",watanabe,1,2000,4000,0.0,0,0,"[0, 0]",5,74.46490826300578
e-singular,250,250,97,1.80443365321071,"c=1,d=1",watanabe,1,2000,4000,0.0,0,0,"[0, 0]",8,86.19486582500394
singular1,250,250,97,1.0300221505454357,"c=1,d=1",watanabe,1,2000,4000,0.0,0,0,"[0, 0]",10,105.12874621899392
singular2,250,250,97,0.8265952106022689,"c=1,d=1",watanabe,1,2000,4000,0.0,0,0,"[0, 0]",8,91.5298456899909
regular,250,250,97,1.4413944629125048,"c=1,d=2",watanabe,1,2000,4000,0.0,0,0,"[0, 0]",5,76.5671313500061
e-singular,250,250,97,1.7704837666986188,"c=1,d=2",watanabe,1,2000,4000,0.0,0,0,"[0, 0]",8,72.94452134099265
singular1,250,250,97,0.8391304705651318,"c=1,d=2",watanabe,1,2000,4000,0.0,0,0,"[0, 0]",10,75.33962141099619
singular2,250,250,97,0.9350659544934946,"c=1,d=2",watanabe,1,2000,4000,0.0,0,0,"[0, 0]",9,75.3473590210051
regular,250,250,97,1.4499692623456346,"c=1,d=5",watanabe,1,2000,4000,0.0,0,0,"[0, 0]",5,57.715714064994245
e-singular,250,250,97,1.5837655749344042,"c=1,d=5",watanabe,1,2000,4000,0.0,0,0,"[0, 0]",8,88.84215122000023
singular1,250,250,97,1.00866684624434,"c=1,d=5",watanabe,1,2000,4000,0.0,0,0,"[0, 0]",10,84.20315463100269
singular2,250,250,97,0.9757133197802238,"c=1,d=5",watanabe,1,2000,4000,0.0,0,0,"[0, 0]",10,94.67309389800356
regular,250,250,97,1.4391096391590077,"c=1,d=10",watanabe,1,2000,4000,0.0,0,0,"[0, 0]",5,78.93616092701268
e-singular,250,250,97,1.6503515194791982,"c=1,d=10",watanabe,1,2000,4000,0.0,0,0,"[0, 0]",8,74.10552872900735
singular1,250,250,97,0.8681228930175817,"c=1,d=10",watanabe,1,2000,4000,0.0,0,0,"[0, 0]",10,83.29478383499372
singular2,250,250,97,1.1028304177250756,"c=1,d=10",watanabe,1,2000,4000,0.0,0,0,"[0, 0]",10,86.97597652499098
regular,5000,5000,97,0.8087083141135958,"c=1,d=0.1",watanabe,1,2000,4000,0.0,0,0,"[0, 0]",5,174.82903546599846
e-singular,5000,5000,97,0.9471839074849322,"c=1,d=0.1",watanabe,1,2000,4000,0.0,0,0,"[0, 0]",6,187.93756406000463
singular1,5000,5000,97,0.6502216441200549,"c=1,d=0.1",watanabe,1,2000,4000,0.0,0,0,"[0, 0]",10,398.9817348600045
singular2,5000,5000,97,1.0651023429373854,"c=1,d=0.1",watanabe,1,2000,4000,0.0,0,0,"[0, 0]",10,433.65810570500616
regular,5000,5000,97,1.4813448280280013,"c=1,d=1",watanabe,1,2000,4000,0.0,0,0,"[0, 0]",5,161.09855557899573
e-singular,5000,5000,97,1.2988072675077051,"c=1,d=1",watanabe,1,2000,4000,0.0,0,0,"[0, 0]",7,215.04183403699423
singular1,5000,5000,97,0.661543812277439,"c=1,d=1",watanabe,1,2000,4000,0.0,0,0,"[0, 0]",10,525.04741650699
singular2,5000,5000,97,0.6066720735707305,"c=1,d=1",watanabe,1,2000,4000,0.0,0,0,"[0, 0]",10,585.9502626539906
regular,5000,5000,97,1.5497659636116787,"c=1,d=2",watanabe,1,2000,4000,0.0,0,0,"[0, 0]",5,154.77421751200745
e-singular,5000,5000,97,1.4312482070130106,"c=1,d=2",watanabe,1,2000,4000,0.0,0,0,"[0, 0]",6,208.40913883999747
singular1,5000,5000,97,0.8487260042303356,"c=1,d=2",watanabe,1,2000,4000,0.0,0,0,"[0, 0]",10,458.721966815996
singular2,5000,5000,97,0.8264287490165162,"c=1,d=2",watanabe,1,2000,4000,0.0,0,0,"[0, 0]",10,479.61422776400286
regular,5000,5000,97,1.4046154726402986,"c=1,d=5",watanabe,1,2000,4000,0.0,0,0,"[0, 0]",5,160.21368701499887
e-singular,5000,5000,97,1.4822635436427276,"c=1,d=5",watanabe,1,2000,4000,0.0,0,0,"[0, 0]",7,215.756935797006
singular1,5000,5000,97,0.8720185172198365,"c=1,d=5",watanabe,1,2000,4000,0.0,0,0,"[0, 0]",10,408.9355061130045
singular2,5000,5000,97,0.7544551362741025,"c=1,d=5",watanabe,1,2000,4000,0.0,0,0,"[0, 0]",10,346.43325552000897
regular,5000,5000,97,1.442170229698324,"c=1,d=10",watanabe,1,2000,4000,0.0,0,0,"[0, 0]",5,154.98123223500443
e-singular,5000,5000,97,1.567161537527166,"c=1,d=10",watanabe,1,2000,4000,0.0,0,0,"[0, 0]",6,181.0134466749878
singular1,5000,5000,97,0.9200488368308112,"c=1,d=10",watanabe,1,2000,4000,0.0,0,0,"[0, 0]",10,410.66599297900393
singular2,5000,5000,97,0.8136432692967445,"c=1,d=10",watanabe,1,2000,4000,0.0,0,0,"[0, 0]",10,309.4368694349978
regular,50,50,98,1.0850566864334072,"c=1,d=0.1",watanabe,1,2000,4000,0.0,0,0,"[0, 0]",6,40.60306013999798
e-singular,50,50,98,0.9335682198153864,"c=1,d=0.1",watanabe,1,2000,4000,0.0,0,0,"[0, 0]",8,43.28906516500865
singular1,50,50,98,2.1498699238106784,"c=1,d=0.1",watanabe,1,2000,4000,0.0,0,0,"[0, 0]",8,44.24600421800278
singular2,50,50,98,0.2880120510176798,"c=1,d=0.1",watanabe,1,2000,4000,0.0,0,0,"[0, 0]",7,40.736061086005066
regular,50,50,98,1.108292060985225,"c=1,d=1",watanabe,1,2000,4000,0.0,0,0,"[0, 0]",5,41.23739573999774
e-singular,50,50,98,1.1947976489861665,"c=1,d=1",watanabe,1,2000,4000,0.0,0,0,"[0, 0]",8,43.40922665600374
singular1,50,50,98,1.1197937250547263,"c=1,d=1",watanabe,1,2000,4000,0.0,0,0,"[0, 0]",10,77.49980006100668
singular2,50,50,98,0.9870565874944104,"c=1,d=1",watanabe,1,2000,4000,0.0,0,0,"[0, 0]",7,71.05563868499303
regular,50,50,98,1.286573456685322,"c=1,d=2",watanabe,1,2000,4000,0.0,0,0,"[0, 0]",5,92.94916850799927
e-singular,50,50,98,1.1707165748962536,"c=1,d=2",watanabe,1,2000,4000,0.0,0,0,"[0, 0]",8,101.6306167099974
singular1,50,50,98,1.1351122289423747,"c=1,d=2",watanabe,1,2000,4000,0.0,0,0,"[0, 0]",8,99.4333964969992
singular2,50,50,98,1.03259580958812,"c=1,d=2",watanabe,1,2000,4000,0.0,0,0,"[0, 0]",9,97.90941734000808
regular,50,50,98,1.354002982961628,"c=1,d=5",watanabe,1,2000,4000,0.0,0,0,"[0, 0]",5,94.9304865120066
e-singular,50,50,98,1.2704776291245188,"c=1,d=5",watanabe,1,2000,4000,0.0,0,0,"[0, 0]",8,94.0587606980116
singular1,50,50,98,1.1710331862070305,"c=1,d=5",watanabe,1,2000,4000,0.0,0,0,"[0, 0]",10,71.32802588000777
singular2,50,50,98,1.1007945257581249,"c=1,d=5",watanabe,1,2000,4000,0.0,0,0,"[0, 0]",9,65.97681726900919
regular,50,50,98,1.2834119259392676,"c=1,d=10",watanabe,1,2000,4000,0.0,0,0,"[0, 0]",5,92.92447368499415
e-singular,50,50,98,1.3369955779975322,"c=1,d=10",watanabe,1,2000,4000,0.0,0,0,"[0, 0]",8,86.01180903699424
singular1,50,50,98,1.1657962036194174,"c=1,d=10",watanabe,1,2000,4000,0.0,0,0,"[0, 0]",10,86.97523882100359
singular2,50,50,98,1.0883217791470845,"c=1,d=10",watanabe,1,2000,4000,0.0,0,0,"[0, 0]",9,83.66903971100692
regular,250,250,98,2.561758261599957,"c=1,d=0.1",watanabe,1,2000,4000,0.0,0,0,"[0, 0]",5,94.8005070030049
e-singular,250,250,98,1.3492147145163549,"c=1,d=0.1",watanabe,1,2000,4000,0.0,0,0,"[0, 0]",9,97.2021526400058
singular1,250,250,98,1.9954611625066927,"c=1,d=0.1",watanabe,1,2000,4000,0.0,0,0,"[0, 0]",9,98.5405600189988
singular2,250,250,98,0.5784961705583356,"c=1,d=0.1",watanabe,1,2000,4000,0.0,0,0,"[0, 0]",8,92.3627901919972
regular,250,250,98,1.5081375379022413,"c=1,d=1",watanabe,1,2000,4000,0.0,0,0,"[0, 0]",5,69.99484946700977
e-singular,250,250,98,1.5210997521131158,"c=1,d=1",watanabe,1,2000,4000,0.0,0,0,"[0, 0]",9,69.55424751300598
singular1,250,250,98,0.9180053908570368,"c=1,d=1",watanabe,1,2000,4000,0.0,0,0,"[0, 0]",9,99.6545880860067
singular2,250,250,98,0.9142028355096392,"c=1,d=1",watanabe,1,2000,4000,0.0,0,0,"[0, 0]",8,76.96200859099918
regular,250,250,98,1.42726399404431,"c=1,d=2",watanabe,1,2000,4000,0.0,0,0,"[0, 0]",5,78.58500747699873
e-singular,250,250,98,1.5551334311247815,"c=1,d=2",watanabe,1,2000,4000,0.0,0,0,"[0, 0]",8,67.01169485000719
singular1,250,250,98,0.9961695971122008,"c=1,d=2",watanabe,1,2000,4000,0.0,0,0,"[0, 0]",9,81.83827794399986
singular2,250,250,98,0.8538918845042488,"c=1,d=2",watanabe,1,2000,4000,0.0,0,0,"[0, 0]",8,78.36812948599982
regular,250,250,98,1.5671106809568434,"c=1,d=5",watanabe,1,2000,4000,0.0,0,0,"[0, 0]",5,59.16167490300722
e-singular,250,250,98,1.7608812049056974,"c=1,d=5",watanabe,1,2000,4000,0.0,0,0,"[0, 0]",8,70.53748206800083
singular1,250,250,98,0.9542097515810698,"c=1,d=5",watanabe,1,2000,4000,0.0,0,0,"[0, 0]",9,72.19735797701287
singular2,250,250,98,1.043953899868125,"c=1,d=5",watanabe,1,2000,4000,0.0,0,0,"[0, 0]",9,66.13072076899698
regular,250,250,98,1.4506626270399012,"c=1,d=10",watanabe,1,2000,4000,0.0,0,0,"[0, 0]",5,54.426856350008165
e-singular,250,250,98,1.6873217538996677,"c=1,d=10",watanabe,1,2000,4000,0.0,0,0,"[0, 0]",8,70.70157298799313
singular1,250,250,98,0.9268403943259964,"c=1,d=10",watanabe,1,2000,4000,0.0,0,0,"[0, 0]",10,73.28659328901267
singular2,250,250,98,0.9631518022998892,"c=1,d=10",watanabe,1,2000,4000,0.0,0,0,"[0, 0]",10,79.58917557999666
regular,5000,5000,98,2.281785294071971,"c=1,d=0.1",watanabe,1,2000,4000,0.0,0,0,"[0, 0]",5,160.1195909849921
e-singular,5000,5000,98,1.5505040231860134,"c=1,d=0.1",watanabe,1,2000,4000,0.0,0,0,"[0, 0]",7,219.45067663800728
singular1,5000,5000,98,-0.1395669045622019,"c=1,d=0.1",watanabe,1,2000,4000,0.0,0,0,"[0, 0]",10,401.9224371199962
singular2,5000,5000,98,1.2918315889287897,"c=1,d=0.1",watanabe,1,2000,4000,0.0,0,0,"[0, 0]",10,493.1628639509872
regular,5000,5000,98,1.4377184606482811,"c=1,d=1",watanabe,1,2000,4000,0.0,0,0,"[0, 0]",5,160.38068058199133
e-singular,5000,5000,98,1.4396023847814905,"c=1,d=1",watanabe,1,2000,4000,0.0,0,0,"[0, 0]",7,211.02601845099707
singular1,5000,5000,98,0.7005366132995852,"c=1,d=1",watanabe,1,2000,4000,0.0,0,0,"[0, 0]",10,402.7856780199945
singular2,5000,5000,98,0.6617447340817888,"c=1,d=1",watanabe,1,2000,4000,0.0,0,0,"[0, 0]",10,466.3953250350023
regular,5000,5000,98,1.4702702672456736,"c=1,d=2",watanabe,1,2000,4000,0.0,0,0,"[0, 0]",5,150.44550125300884
e-singular,5000,5000,98,1.4774987957238508,"c=1,d=2",watanabe,1,2000,4000,0.0,0,0,"[0, 0]",7,213.04166521799925
singular1,5000,5000,98,0.9333495469699196,"c=1,d=2",watanabe,1,2000,4000,0.0,0,0,"[0, 0]",10,411.3422519279993
singular2,5000,5000,98,0.7943582259578437,"c=1,d=2",watanabe,1,2000,4000,0.0,0,0,"[0, 0]",10,463.3846793019911
regular,5000,5000,98,1.46854383491782,"c=1,d=5",watanabe,1,2000,4000,0.0,0,0,"[0, 0]",5,156.0407118610019
e-singular,5000,5000,98,1.4473155047507449,"c=1,d=5",watanabe,1,2000,4000,0.0,0,0,"[0, 0]",6,198.5073149640084
singular1,5000,5000,98,0.821492988767922,"c=1,d=5",watanabe,1,2000,4000,0.0,0,0,"[0, 0]",10,363.99072650399467
singular2,5000,5000,98,0.7776431587315812,"c=1,d=5",watanabe,1,2000,4000,0.0,0,0,"[0, 0]",10,410.4555639169994
regular,5000,5000,98,1.4960335030583811,"c=1,d=10",watanabe,1,2000,4000,0.0,0,0,"[0, 0]",5,152.63457053300226
e-singular,5000,5000,98,1.5607829102872506,"c=1,d=10",watanabe,1,2000,4000,0.0,0,0,"[0, 0]",6,195.6242776340077
singular1,5000,5000,98,0.726784120695625,"c=1,d=10",watanabe,1,2000,4000,0.0,0,0,"[0, 0]",10,339.4915641069965
singular2,5000,5000,98,0.8964042482012147,"c=1,d=10",watanabe,1,2000,4000,0.0,0,0,"[0, 0]",10,394.2829296429991
regular,50,50,99,1.2863652669094052,"c=1,d=0.1",watanabe,1,2000,4000,0.0,0,0,"[0, 0]",5,41.33150584998657
e-singular,50,50,99,2.3346889027956554,"c=1,d=0.1",watanabe,1,2000,4000,0.0,0,0,"[0, 0]",8,43.24973204200796
singular1,50,50,99,0.159569288353117,"c=1,d=0.1",watanabe,1,2000,4000,0.0,0,0,"[0, 0]",8,43.8169539369992
singular2,50,50,99,0.5659545712462676,"c=1,d=0.1",watanabe,1,2000,4000,0.0,0,0,"[0, 0]",7,41.19489727400651
regular,50,50,99,1.4102962511832997,"c=1,d=1",watanabe,1,2000,4000,0.0,0,0,"[0, 0]",5,40.13323358999333
e-singular,50,50,99,1.3109189331497408,"c=1,d=1",watanabe,1,2000,4000,0.0,0,0,"[0, 0]",8,52.738739377993625
singular1,50,50,99,1.0327379834411368,"c=1,d=1",watanabe,1,2000,4000,0.0,0,0,"[0, 0]",8,52.7926124289952
singular2,50,50,99,0.8957083402260406,"c=1,d=1",watanabe,1,2000,4000,0.0,0,0,"[0, 0]",8,52.347247363999486
regular,50,50,99,1.3057426791043434,"c=1,d=2",watanabe,1,2000,4000,0.0,0,0,"[0, 0]",5,79.4421654559992
e-singular,50,50,99,1.357340807866898,"c=1,d=2",watanabe,1,2000,4000,0.0,0,0,"[0, 0]",9,74.24798088100215
singular1,50,50,99,1.0574454798448052,"c=1,d=2",watanabe,1,2000,4000,0.0,0,0,"[0, 0]",8,79.70988919200317
singular2,50,50,99,0.9666563502516824,"c=1,d=2",watanabe,1,2000,4000,0.0,0,0,"[0, 0]",8,75.24747649799974
regular,50,50,99,1.3470759164599448,"c=1,d=5",watanabe,1,2000,4000,0.0,0,0,"[0, 0]",5,72.43863166500523
e-singular,50,50,99,1.2624159027860749,"c=1,d=5",watanabe,1,2000,4000,0.0,0,0,"[0, 0]",8,65.30129231800674
singular1,50,50,99,0.9906495222167996,"c=1,d=5",watanabe,1,2000,4000,0.0,0,0,"[0, 0]",9,68.84628224599874
singular2,50,50,99,0.9745850275120828,"c=1,d=5",watanabe,1,2000,4000,0.0,0,0,"[0, 0]",8,66.43298643999151
regular,50,50,99,1.4304807222646192,"c=1,d=10",watanabe,1,2000,4000,0.0,0,0,"[0, 0]",5,71.47271397100121
e-singular,50,50,99,1.4810491587345247,"c=1,d=10",watanabe,1,2000,4000,0.0,0,0,"[0, 0]",8,73.57895963000192
singular1,50,50,99,1.1028778289130747,"c=1,d=10",watanabe,1,2000,4000,0.0,0,0,"[0, 0]",9,73.34803060400009
singular2,50,50,99,0.9463076149962314,"c=1,d=10",watanabe,1,2000,4000,0.0,0,0,"[0, 0]",9,70.18825418000051
regular,250,250,99,1.4322885800450869,"c=1,d=0.1",watanabe,1,2000,4000,0.0,0,0,"[0, 0]",5,73.72450989900972
e-singular,250,250,99,1.5397570016952884,"c=1,d=0.1",watanabe,1,2000,4000,0.0,0,0,"[0, 0]",8,76.01280678999319
singular1,250,250,99,1.4589919645075171,"c=1,d=0.1",watanabe,1,2000,4000,0.0,0,0,"[0, 0]",9,84.29347683500964
singular2,250,250,99,1.1150422299819305,"c=1,d=0.1",watanabe,1,2000,4000,0.0,0,0,"[0, 0]",8,74.38983692099282
regular,250,250,99,1.2853258693884817,"c=1,d=1",watanabe,1,2000,4000,0.0,0,0,"[0, 0]",5,65.97166055400157
e-singular,250,250,99,1.685449427453647,"c=1,d=1",watanabe,1,2000,4000,0.0,0,0,"[0, 0]",8,69.58178570700693
singular1,250,250,99,1.1102198249183546,"c=1,d=1",watanabe,1,2000,4000,0.0,0,0,"[0, 0]",9,70.21381251499406
singular2,250,250,99,0.91507330474409,"c=1,d=1",watanabe,1,2000,4000,0.0,0,0,"[0, 0]",8,76.14177790698886
regular,250,250,99,1.518401448718657,"c=1,d=2",watanabe,1,2000,4000,0.0,0,0,"[0, 0]",5,73.89517410300323
e-singular,250,250,99,1.485184999795366,"c=1,d=2",watanabe,1,2000,4000,0.0,0,0,"[0, 0]",8,69.27949698299926
singular1,250,250,99,1.0210315373027312,"c=1,d=2",watanabe,1,2000,4000,0.0,0,0,"[0, 0]",10,76.9411411369947
singular2,250,250,99,0.9572843891821377,"c=1,d=2",watanabe,1,2000,4000,0.0,0,0,"[0, 0]",8,77.38508601399371
regular,250,250,99,1.4769779656881816,"c=1,d=5",watanabe,1,2000,4000,0.0,0,0,"[0, 0]",5,72.4914570319961
e-singular,250,250,99,1.6043037476119788,"c=1,d=5",watanabe,1,2000,4000,0.0,0,0,"[0, 0]",8,73.29245479500969
singular1,250,250,99,0.9861270228752868,"c=1,d=5",watanabe,1,2000,4000,0.0,0,0,"[0, 0]",10,73.12910985000781
singular2,250,250,99,0.8179473801385794,"c=1,d=5",watanabe,1,2000,4000,0.0,0,0,"[0, 0]",9,77.8851702259999
regular,250,250,99,1.5500560525022886,"c=1,d=10",watanabe,1,2000,4000,0.0,0,0,"[0, 0]",5,65.46579130798636
e-singular,250,250,99,1.6220736434582217,"c=1,d=10",watanabe,1,2000,4000,0.0,0,0,"[0, 0]",8,64.0450769829913
singular1,250,250,99,1.0456381164366233,"c=1,d=10",watanabe,1,2000,4000,0.0,0,0,"[0, 0]",10,71.1713759520062
singular2,250,250,99,0.8510968574288258,"c=1,d=10",watanabe,1,2000,4000,0.0,0,0,"[0, 0]",9,101.51970361100392
regular,5000,5000,99,1.485060731561591,"c=1,d=0.1",watanabe,1,2000,4000,0.0,0,0,"[0, 0]",5,172.33062370299012
e-singular,5000,5000,99,1.0784816107210924,"c=1,d=0.1",watanabe,1,2000,4000,0.0,0,0,"[0, 0]",6,196.1668206320028
singular1,5000,5000,99,0.5593975681369171,"c=1,d=0.1",watanabe,1,2000,4000,0.0,0,0,"[0, 0]",10,409.8155746350094
singular2,5000,5000,99,0.4298583318232655,"c=1,d=0.1",watanabe,1,2000,4000,0.0,0,0,"[0, 0]",10,429.8901559869992
regular,5000,5000,99,1.4049076635407332,"c=1,d=1",watanabe,1,2000,4000,0.0,0,0,"[0, 0]",5,171.85036678699544
e-singular,5000,5000,99,1.6385077170043365,"c=1,d=1",watanabe,1,2000,4000,0.0,0,0,"[0, 0]",6,222.9268664429983
singular1,5000,5000,99,0.8804261170068011,"c=1,d=1",watanabe,1,2000,4000,0.0,0,0,"[0, 0]",10,484.2810363379977
singular2,5000,5000,99,0.7680899249953915,"c=1,d=1",watanabe,1,2000,4000,0.0,0,0,"[0, 0]",10,525.2939337480057
regular,5000,5000,99,1.464535490535506,"c=1,d=2",watanabe,1,2000,4000,0.0,0,0,"[0, 0]",5,160.06919486699917
e-singular,5000,5000,99,1.453228418799325,"c=1,d=2",watanabe,1,2000,4000,0.0,0,0,"[0, 0]",7,193.1519657660101
singular1,5000,5000,99,0.8161556109395273,"c=1,d=2",watanabe,1,2000,4000,0.0,0,0,"[0, 0]",10,544.4235968579887
singular2,5000,5000,99,0.7061895756868238,"c=1,d=2",watanabe,1,2000,4000,0.0,0,0,"[0, 0]",10,473.36010185700434
regular,5000,5000,99,1.5274246698863678,"c=1,d=5",watanabe,1,2000,4000,0.0,0,0,"[0, 0]",5,153.9722660940024
e-singular,5000,5000,99,1.5188668633502969,"c=1,d=5",watanabe,1,2000,4000,0.0,0,0,"[0, 0]",6,189.2243573330052
singular1,5000,5000,99,0.8486745417307507,"c=1,d=5",watanabe,1,2000,4000,0.0,0,0,"[0, 0]",10,437.68649291899055
singular2,5000,5000,99,0.7849457450504408,"c=1,d=5",watanabe,1,2000,4000,0.0,0,0,"[0, 0]",10,437.0064839609986
regular,5000,5000,99,1.54587807068971,"c=1,d=10",watanabe,1,2000,4000,0.0,0,0,"[0, 0]",5,150.76779972499935
e-singular,5000,5000,99,1.5705594419112512,"c=1,d=10",watanabe,1,2000,4000,0.0,0,0,"[0, 0]",7,195.25163035700092
singular1,5000,5000,99,0.8326390941788991,"c=1,d=10",watanabe,1,2000,4000,0.0,0,0,"[0, 0]",10,510.058698421999
singular2,5000,5000,99,0.7739758958793471,"c=1,d=10",watanabe,1,2000,4000,0.0,0,0,"[0, 0]",10,423.8346131220024
regular,50,50,100,1.0969825174417684,"c=1,d=0.1",watanabe,1,2000,4000,0.0,0,0,"[0, 0]",5,39.57218890500371
e-singular,50,50,100,-0.3619450120738921,"c=1,d=0.1",watanabe,1,2000,4000,0.0,0,0,"[0, 0]",8,41.95012724700791
singular1,50,50,100,1.5443616715209154,"c=1,d=0.1",watanabe,1,2000,4000,0.0,0,0,"[0, 0]",8,42.601643396992586
singular2,50,50,100,0.5636380656609822,"c=1,d=0.1",watanabe,1,2000,4000,0.0,0,0,"[0, 0]",7,40.90883727799519
regular,50,50,100,1.3386267870102608,"c=1,d=1",watanabe,1,2000,4000,0.0,0,0,"[0, 0]",5,62.28782766299264
e-singular,50,50,100,0.9286773196643882,"c=1,d=1",watanabe,1,2000,4000,0.0,0,0,"[0, 0]",8,63.48228922400449
singular1,50,50,100,1.015792820079274,"c=1,d=1",watanabe,1,2000,4000,0.0,0,0,"[0, 0]",9,61.39189435799199
singular2,50,50,100,0.8632714715745604,"c=1,d=1",watanabe,1,2000,4000,0.0,0,0,"[0, 0]",8,59.632564946994535
regular,50,50,100,1.3362365838156491,"c=1,d=2",watanabe,1,2000,4000,0.0,0,0,"[0, 0]",5,84.75704926000617
e-singular,50,50,100,1.0666815531337668,"c=1,d=2",watanabe,1,2000,4000,0.0,0,0,"[0, 0]",8,84.33346119099588
singular1,50,50,100,1.0013166926828876,"c=1,d=2",watanabe,1,2000,4000,0.0,0,0,"[0, 0]",8,83.92061330800061
singular2,50,50,100,0.8211980225731891,"c=1,d=2",watanabe,1,2000,4000,0.0,0,0,"[0, 0]",8,84.73562056600349
regular,50,50,100,1.3818191397437567,"c=1,d=5",watanabe,1,2000,4000,0.0,0,0,"[0, 0]",5,70.66049666301114
e-singular,50,50,100,1.2681874396580275,"c=1,d=5",watanabe,1,2000,4000,0.0,0,0,"[0, 0]",8,71.97332456499862
singular1,50,50,100,1.0998721730882977,"c=1,d=5",watanabe,1,2000,4000,0.0,0,0,"[0, 0]",9,63.4171094239864
singular2,50,50,100,0.8044391919024286,"c=1,d=5",watanabe,1,2000,4000,0.0,0,0,"[0, 0]",8,71.61214333199314
regular,50,50,100,1.471985426113699,"c=1,d=10",watanabe,1,2000,4000,0.0,0,0,"[0, 0]",5,77.38108001499495
e-singular,50,50,100,1.2497470884218054,"c=1,d=10",watanabe,1,2000,4000,0.0,0,0,"[0, 0]",8,78.49672994400316
singular1,50,50,100,1.0143430014231132,"c=1,d=10",watanabe,1,2000,4000,0.0,0,0,"[0, 0]",9,74.91271118998702
singular2,50,50,100,0.977020027693316,"c=1,d=10",watanabe,1,2000,4000,0.0,0,0,"[0, 0]",8,76.85716620499443
regular,250,250,100,2.9234091996923883,"c=1,d=0.1",watanabe,1,2000,4000,0.0,0,0,"[0, 0]",5,75.4486096539913
e-singular,250,250,100,2.121528016491068,"c=1,d=0.1",watanabe,1,2000,4000,0.0,0,0,"[0, 0]",8,77.86964885299676
singular1,250,250,100,1.254707956379565,"c=1,d=0.1",watanabe,1,2000,4000,0.0,0,0,"[0, 0]",9,77.54660529000103
singular2,250,250,100,2.363413120876551,"c=1,d=0.1",watanabe,1,2000,4000,0.0,0,0,"[0, 0]",9,78.4973991279985
regular,250,250,100,1.4908530018842487,"c=1,d=1",watanabe,1,2000,4000,0.0,0,0,"[0, 0]",5,74.89217469500727
e-singular,250,250,100,1.6953900169396718,"c=1,d=1",watanabe,1,2000,4000,0.0,0,0,"[0, 0]",8,69.95093463899684
singular1,250,250,100,1.0733392098437655,"c=1,d=1",watanabe,1,2000,4000,0.0,0,0,"[0, 0]",10,78.07033374800812
singular2,250,250,100,0.8549780442732766,"c=1,d=1",watanabe,1,2000,4000,0.0,0,0,"[0, 0]",9,75.44423984798777
regular,250,250,100,1.5199001796633154,"c=1,d=2",watanabe,1,2000,4000,0.0,0,0,"[0, 0]",5,67.60924132799846
e-singular,250,250,100,1.5785220897429155,"c=1,d=2",watanabe,1,2000,4000,0.0,0,0,"[0, 0]",8,72.41314094199333
singular1,250,250,100,0.9879009250780852,"c=1,d=2",watanabe,1,2000,4000,0.0,0,0,"[0, 0]",10,80.91352340999583
singular2,250,250,100,0.9053300988929252,"c=1,d=2",watanabe,1,2000,4000,0.0,0,0,"[0, 0]",9,94.44996514699596
regular,250,250,100,1.469512980326085,"c=1,d=5",watanabe,1,2000,4000,0.0,0,0,"[0, 0]",5,61.79300635000982
e-singular,250,250,100,1.5640039160320065,"c=1,d=5",watanabe,1,2000,4000,0.0,0,0,"[0, 0]",8,72.50635968899587
singular1,250,250,100,1.120850179970823,"c=1,d=5",watanabe,1,2000,4000,0.0,0,0,"[0, 0]",10,79.98937203000241
singular2,250,250,100,0.9134030923842144,"c=1,d=5",watanabe,1,2000,4000,0.0,0,0,"[0, 0]",10,91.721620530996
regular,250,250,100,1.4113952860418897,"c=1,d=10",watanabe,1,2000,4000,0.0,0,0,"[0, 0]",5,77.17543213699537
e-singular,250,250,100,1.5615644558655302,"c=1,d=10",watanabe,1,2000,4000,0.0,0,0,"[0, 0]",7,68.15954154801148
singular1,250,250,100,1.0798724671137048,"c=1,d=10",watanabe,1,2000,4000,0.0,0,0,"[0, 0]",10,75.5989002819988
singular2,250,250,100,1.0946588309362926,"c=1,d=10",watanabe,1,2000,4000,0.0,0,0,"[0, 0]",8,65.96245214599185
regular,5000,5000,100,2.309136864358578,"c=1,d=0.1",watanabe,1,2000,4000,0.0,0,0,"[0, 0]",5,132.41973993199645
e-singular,5000,5000,100,1.2443338928962309,"c=1,d=0.1",watanabe,1,2000,4000,0.0,0,0,"[0, 0]",7,240.5086279729876
singular1,5000,5000,100,1.101640908476677,"c=1,d=0.1",watanabe,1,2000,4000,0.0,0,0,"[0, 0]",10,380.07554650100064
singular2,5000,5000,100,1.170266236363794,"c=1,d=0.1",watanabe,1,2000,4000,0.0,0,0,"[0, 0]",10,470.3469973890024
regular,5000,5000,100,1.378159195921988,"c=1,d=1",watanabe,1,2000,4000,0.0,0,0,"[0, 0]",5,165.66854026800138
e-singular,5000,5000,100,1.6406853128773862,"c=1,d=1",watanabe,1,2000,4000,0.0,0,0,"[0, 0]",7,233.23319102100504
singular1,5000,5000,100,0.8120913121099361,"c=1,d=1",watanabe,1,2000,4000,0.0,0,0,"[0, 0]",10,460.3364287870063
singular2,5000,5000,100,0.9987101111261284,"c=1,d=1",watanabe,1,2000,4000,0.0,0,0,"[0, 0]",10,429.0916243410029
regular,5000,5000,100,1.4766365283656904,"c=1,d=2",watanabe,1,2000,4000,0.0,0,0,"[0, 0]",5,152.62642035400495
e-singular,5000,5000,100,1.5754631744577583,"c=1,d=2",watanabe,1,2000,4000,0.0,0,0,"[0, 0]",7,203.58554457999708
singular1,5000,5000,100,0.7594540382540119,"c=1,d=2",watanabe,1,2000,4000,0.0,0,0,"[0, 0]",10,410.8752395949996
singular2,5000,5000,100,0.8357663097815566,"c=1,d=2",watanabe,1,2000,4000,0.0,0,0,"[0, 0]",10,475.3513435360073
regular,5000,5000,100,1.447495453535662,"c=1,d=5",watanabe,1,2000,4000,0.0,0,0,"[0, 0]",5,152.86462499800837
e-singular,5000,5000,100,1.4792559417115236,"c=1,d=5",watanabe,1,2000,4000,0.0,0,0,"[0, 0]",7,221.3420103450044
singular1,5000,5000,100,0.7634859140895718,"c=1,d=5",watanabe,1,2000,4000,0.0,0,0,"[0, 0]",10,402.0598238210077
singular2,5000,5000,100,0.8986959091327775,"c=1,d=5",watanabe,1,2000,4000,0.0,0,0,"[0, 0]",10,353.4177983569971
regular,5000,5000,100,1.5073953959956066,"c=1,d=10",watanabe,1,2000,4000,0.0,0,0,"[0, 0]",5,151.07238438499917
e-singular,5000,5000,100,1.485318019966342,"c=1,d=10",watanabe,1,2000,4000,0.0,0,0,"[0, 0]",7,225.0044618259999
singular1,5000,5000,100,0.733803824854608,"c=1,d=10",watanabe,1,2000,4000,0.0,0,0,"[0, 0]",10,389.2395701219939
singular2,5000,5000,100,0.8776401283004076,"c=1,d=10",watanabe,1,2000,4000,0.0,0,0,"[0, 0]",10,309.8512442999927
regular,50,50,101,1.451687126153062,"c=1,d=0.1",watanabe,1,2000,4000,0.0,0,0,"[0, 0]",5,40.60024627900566
e-singular,50,50,101,1.118403899016483,"c=1,d=0.1",watanabe,1,2000,4000,0.0,0,0,"[0, 0]",8,42.42536721099168
singular1,50,50,101,1.2831608654562678,"c=1,d=0.1",watanabe,1,2000,4000,0.0,0,0,"[0, 0]",9,44.27988119800284
singular2,50,50,101,0.8813024993895306,"c=1,d=0.1",watanabe,1,2000,4000,0.0,0,0,"[0, 0]",8,41.57965146000788
regular,50,50,101,1.5313340798275163,"c=1,d=1",watanabe,1,2000,4000,0.0,0,0,"[0, 0]",5,40.16848236399528
e-singular,50,50,101,1.0918218914512128,"c=1,d=1",watanabe,1,2000,4000,0.0,0,0,"[0, 0]",8,43.39248115599912
singular1,50,50,101,1.2547892439631985,"c=1,d=1",watanabe,1,2000,4000,0.0,0,0,"[0, 0]",8,45.07110695900337
singular2,50,50,101,0.9015687183965414,"c=1,d=1",watanabe,1,2000,4000,0.0,0,0,"[0, 0]",7,48.07752885800437
regular,50,50,101,1.560186087319846,"c=1,d=2",watanabe,1,2000,4000,0.0,0,0,"[0, 0]",5,91.90580321398738
e-singular,50,50,101,1.1163304102356348,"c=1,d=2",watanabe,1,2000,4000,0.0,0,0,"[0, 0]",8,92.46362900298844
singular1,50,50,101,1.0903768106769332,"c=1,d=2",watanabe,1,2000,4000,0.0,0,0,"[0, 0]",9,94.50791850501264
singular2,50,50,101,0.9535717295530376,"c=1,d=2",watanabe,1,2000,4000,0.0,0,0,"[0, 0]",8,89.40908439400664
regular,50,50,101,1.539249601784937,"c=1,d=5",watanabe,1,2000,4000,0.0,0,0,"[0, 0]",5,89.47781497699907
e-singular,50,50,101,1.038683495630989,"c=1,d=5",watanabe,1,2000,4000,0.0,0,0,"[0, 0]",8,96.99465580200194
singular1,50,50,101,0.9893156109565604,"c=1,d=5",watanabe,1,2000,4000,0.0,0,0,"[0, 0]",9,97.07317909599806
singular2,50,50,101,0.9493211472995982,"c=1,d=5",watanabe,1,2000,4000,0.0,0,0,"[0, 0]",8,83.61804084100004
regular,50,50,101,1.4746686482145497,"c=1,d=10",watanabe,1,2000,4000,0.0,0,0,"[0, 0]",5,73.78800581600808
e-singular,50,50,101,1.1458434735000904,"c=1,d=10",watanabe,1,2000,4000,0.0,0,0,"[0, 0]",10,82.37674414599314
singular1,50,50,101,1.061311828190514,"c=1,d=10",watanabe,1,2000,4000,0.0,0,0,"[0, 0]",10,77.61067799000011
singular2,50,50,101,1.0509690842997603,"c=1,d=10",watanabe,1,2000,4000,0.0,0,0,"[0, 0]",10,79.06904346500232
regular,250,250,101,1.7797900450273871,"c=1,d=0.1",watanabe,1,2000,4000,0.0,0,0,"[0, 0]",5,81.70486517400423
e-singular,250,250,101,2.276412537697885,"c=1,d=0.1",watanabe,1,2000,4000,0.0,0,0,"[0, 0]",7,83.07873458400718
singular1,250,250,101,1.3276280932087936,"c=1,d=0.1",watanabe,1,2000,4000,0.0,0,0,"[0, 0]",10,91.14985209400766
singular2,250,250,101,2.011064829988044,"c=1,d=0.1",watanabe,1,2000,4000,0.0,0,0,"[0, 0]",8,81.10908238499542
regular,250,250,101,1.604910903284465,"c=1,d=1",watanabe,1,2000,4000,0.0,0,0,"[0, 0]",5,72.7613217629987
e-singular,250,250,101,1.49029879529765,"c=1,d=1",watanabe,1,2000,4000,0.0,0,0,"[0, 0]",8,67.8300094740116
singular1,250,250,101,1.101505321941212,"c=1,d=1",watanabe,1,2000,4000,0.0,0,0,"[0, 0]",10,75.24476861400763
singular2,250,250,101,0.8688823525752152,"c=1,d=1",watanabe,1,2000,4000,0.0,0,0,"[0, 0]",8,64.27916493199882
regular,250,250,101,1.4911536872380868,"c=1,d=2",watanabe,1,2000,4000,0.0,0,0,"[0, 0]",5,61.71299768000608
e-singular,250,250,101,1.6454849231994426,"c=1,d=2",watanabe,1,2000,4000,0.0,0,0,"[0, 0]",8,61.19929529499496
singular1,250,250,101,1.1245471834381642,"c=1,d=2",watanabe,1,2000,4000,0.0,0,0,"[0, 0]",10,92.33981844800292
singular2,250,250,101,0.8966220835105794,"c=1,d=2",watanabe,1,2000,4000,0.0,0,0,"[0, 0]",8,85.27229034999618
regular,250,250,101,1.3879314725620953,"c=1,d=5",watanabe,1,2000,4000,0.0,0,0,"[0, 0]",5,63.60192623500188
e-singular,250,250,101,1.5719395898337547,"c=1,d=5",watanabe,1,2000,4000,0.0,0,0,"[0, 0]",8,74.54293898699689
singular1,250,250,101,1.0984501117818015,"c=1,d=5",watanabe,1,2000,4000,0.0,0,0,"[0, 0]",10,93.965346632991
singular2,250,250,101,0.9856887773877347,"c=1,d=5",watanabe,1,2000,4000,0.0,0,0,"[0, 0]",9,82.52041986498807
regular,250,250,101,1.4860983544906312,"c=1,d=10",watanabe,1,2000,4000,0.0,0,0,"[0, 0]",5,75.39962886899593
e-singular,250,250,101,1.495958615130835,"c=1,d=10",watanabe,1,2000,4000,0.0,0,0,"[0, 0]",9,67.137815856011
singular1,250,250,101,1.402466350817316,"c=1,d=10",watanabe,1,2000,4000,0.0,0,0,"[0, 0]",9,72.35503755400714
singular2,250,250,101,0.8811477932620478,"c=1,d=10",watanabe,1,2000,4000,0.0,0,0,"[0, 0]",10,76.10967129800702
regular,5000,5000,101,0.4718157234491681,"c=1,d=0.1",watanabe,1,2000,4000,0.0,0,0,"[0, 0]",5,166.10126220600796
e-singular,5000,5000,101,0.988885228931428,"c=1,d=0.1",watanabe,1,2000,4000,0.0,0,0,"[0, 0]",7,220.57702877299744
singular1,5000,5000,101,0.5549725142635948,"c=1,d=0.1",watanabe,1,2000,4000,0.0,0,0,"[0, 0]",10,747.5234060139919
singular2,5000,5000,101,1.0710695781582715,"c=1,d=0.1",watanabe,1,2000,4000,0.0,0,0,"[0, 0]",10,392.133048062009
regular,5000,5000,101,1.3922554370150677,"c=1,d=1",watanabe,1,2000,4000,0.0,0,0,"[0, 0]",5,148.81211242800055
e-singular,5000,5000,101,1.65186562027933,"c=1,d=1",watanabe,1,2000,4000,0.0,0,0,"[0, 0]",7,186.980526749001
singular1,5000,5000,101,0.7178381393389243,"c=1,d=1",watanabe,1,2000,4000,0.0,0,0,"[0, 0]",10,459.5056023060024
singular2,5000,5000,101,0.7734270637576185,"c=1,d=1",watanabe,1,2000,4000,0.0,0,0,"[0, 0]",10,473.0697055780038
regular,5000,5000,101,1.6780193150417326,"c=1,d=2",watanabe,1,2000,4000,0.0,0,0,"[0, 0]",5,156.18743729199923
e-singular,5000,5000,101,1.6414725197121398,"c=1,d=2",watanabe,1,2000,4000,0.0,0,0,"[0, 0]",7,297.0816473860032
singular1,5000,5000,101,0.7542275495053555,"c=1,d=2",watanabe,1,2000,4000,0.0,0,0,"[0, 0]",10,586.841880537002
singular2,5000,5000,101,0.7302164464449636,"c=1,d=2",watanabe,1,2000,4000,0.0,0,0,"[0, 0]",10,403.0093779290037
regular,5000,5000,101,1.55463948152475,"c=1,d=5",watanabe,1,2000,4000,0.0,0,0,"[0, 0]",6,231.0427596519876
e-singular,5000,5000,101,1.4736701509504198,"c=1,d=5",watanabe,1,2000,4000,0.0,0,0,"[0, 0]",6,201.94122562500704
singular1,5000,5000,101,0.839513003860068,"c=1,d=5",watanabe,1,2000,4000,0.0,0,0,"[0, 0]",10,415.96701677799865
singular2,5000,5000,101,0.8344468224645494,"c=1,d=5",watanabe,1,2000,4000,0.0,0,0,"[0, 0]",10,407.6775343699992
regular,5000,5000,101,1.4573674363163325,"c=1,d=10",watanabe,1,2000,4000,0.0,0,0,"[0, 0]",5,149.2593190339976
e-singular,5000,5000,101,1.5328029921003163,"c=1,d=10",watanabe,1,2000,4000,0.0,0,0,"[0, 0]",7,193.1902824860008
singular1,5000,5000,101,0.815099132296551,"c=1,d=10",watanabe,1,2000,4000,0.0,0,0,"[0, 0]",10,493.75695246999385
singular2,5000,5000,101,0.8142190499150055,"c=1,d=10",watanabe,1,2000,4000,0.0,0,0,"[0, 0]",10,418.6388872279931
regular,50,50,102,1.3074541301566265,"c=1,d=0.1",watanabe,1,2000,4000,0.0,0,0,"[0, 0]",5,41.48553980600264
e-singular,50,50,102,2.020639080829078,"c=1,d=0.1",watanabe,1,2000,4000,0.0,0,0,"[0, 0]",8,48.27080206399842
singular1,50,50,102,1.180863702502099,"c=1,d=0.1",watanabe,1,2000,4000,0.0,0,0,"[0, 0]",8,48.810146510993945
singular2,50,50,102,1.5230365968473971,"c=1,d=0.1",watanabe,1,2000,4000,0.0,0,0,"[0, 0]",8,46.775148401997285
regular,50,50,102,1.2130093668917077,"c=1,d=1",watanabe,1,2000,4000,0.0,0,0,"[0, 0]",5,45.67676557699451
e-singular,50,50,102,1.255153236441155,"c=1,d=1",watanabe,1,2000,4000,0.0,0,0,"[0, 0]",8,47.15495921600086
singular1,50,50,102,1.2322615789819826,"c=1,d=1",watanabe,1,2000,4000,0.0,0,0,"[0, 0]",9,49.41329184899223
singular2,50,50,102,1.0181726834822509,"c=1,d=1",watanabe,1,2000,4000,0.0,0,0,"[0, 0]",8,50.74001842000871
regular,50,50,102,1.3831058403205885,"c=1,d=2",watanabe,1,2000,4000,0.0,0,0,"[0, 0]",5,95.45753150299424
e-singular,50,50,102,1.1551277670746305,"c=1,d=2",watanabe,1,2000,4000,0.0,0,0,"[0, 0]",8,91.10126464800852
singular1,50,50,102,1.089748670432522,"c=1,d=2",watanabe,1,2000,4000,0.0,0,0,"[0, 0]",9,90.30551492099768
singular2,50,50,102,1.080104646920696,"c=1,d=2",watanabe,1,2000,4000,0.0,0,0,"[0, 0]",9,88.42812761699315
regular,50,50,102,1.535379065549272,"c=1,d=5",watanabe,1,2000,4000,0.0,0,0,"[0, 0]",5,89.97242278901103
e-singular,50,50,102,1.2369045851161324,"c=1,d=5",watanabe,1,2000,4000,0.0,0,0,"[0, 0]",9,91.24360363400774
singular1,50,50,102,1.288236566733003,"c=1,d=5",watanabe,1,2000,4000,0.0,0,0,"[0, 0]",9,92.02880343400466
singular2,50,50,102,1.108926309042315,"c=1,d=5",watanabe,1,2000,4000,0.0,0,0,"[0, 0]",8,88.0081329500099
regular,50,50,102,1.4970796941168862,"c=1,d=10",watanabe,1,2000,4000,0.0,0,0,"[0, 0]",5,67.63845767598832
e-singular,50,50,102,1.2967536883908928,"c=1,d=10",watanabe,1,2000,4000,0.0,0,0,"[0, 0]",8,66.9568280139938
singular1,50,50,102,1.2621070673950938,"c=1,d=10",watanabe,1,2000,4000,0.0,0,0,"[0, 0]",10,91.74361176800448
singular2,50,50,102,1.1055669600496678,"c=1,d=10",watanabe,1,2000,4000,0.0,0,0,"[0, 0]",9,90.65502593600831
regular,250,250,102,0.6094981402652111,"c=1,d=0.1",watanabe,1,2000,4000,0.0,0,0,"[0, 0]",5,88.87443216799875
e-singular,250,250,102,1.2293091489843857,"c=1,d=0.1",watanabe,1,2000,4000,0.0,0,0,"[0, 0]",8,99.80533144299989
singular1,250,250,102,1.5647078896126294,"c=1,d=0.1",watanabe,1,2000,4000,0.0,0,0,"[0, 0]",9,101.52594016800867
singular2,250,250,102,1.123028346538498,"c=1,d=0.1",watanabe,1,2000,4000,0.0,0,0,"[0, 0]",8,103.23933598300208
regular,250,250,102,1.5851414384121072,"c=1,d=1",watanabe,1,2000,4000,0.0,0,0,"[0, 0]",5,73.43828932500037
e-singular,250,250,102,1.561964420713235,"c=1,d=1",watanabe,1,2000,4000,0.0,0,0,"[0, 0]",8,77.49958342399623
singular1,250,250,102,1.1039636326112885,"c=1,d=1",watanabe,1,2000,4000,0.0,0,0,"[0, 0]",8,60.05635946699476
singular2,250,250,102,0.9955071459754428,"c=1,d=1",watanabe,1,2000,4000,0.0,0,0,"[0, 0]",9,88.53327461300069
regular,250,250,102,1.5912563274078042,"c=1,d=2",watanabe,1,2000,4000,0.0,0,0,"[0, 0]",5,64.32946685299976
e-singular,250,250,102,1.4799876137270058,"c=1,d=2",watanabe,1,2000,4000,0.0,0,0,"[0, 0]",8,73.24368524499005
singular1,250,250,102,1.080400452588574,"c=1,d=2",watanabe,1,2000,4000,0.0,0,0,"[0, 0]",10,75.47045831401192
singular2,250,250,102,1.0375114233083906,"c=1,d=2",watanabe,1,2000,4000,0.0,0,0,"[0, 0]",10,82.37050498899771
regular,250,250,102,1.5379815748760948,"c=1,d=5",watanabe,1,2000,4000,0.0,0,0,"[0, 0]",5,86.12201077300415
e-singular,250,250,102,1.469974041624053,"c=1,d=5",watanabe,1,2000,4000,0.0,0,0,"[0, 0]",9,75.07297098101117
singular1,250,250,102,0.9303430542641554,"c=1,d=5",watanabe,1,2000,4000,0.0,0,0,"[0, 0]",10,88.64798553699802
singular2,250,250,102,0.9390719708093892,"c=1,d=5",watanabe,1,2000,4000,0.0,0,0,"[0, 0]",9,86.15046730000176
regular,250,250,102,1.5110983996377194,"c=1,d=10",watanabe,1,2000,4000,0.0,0,0,"[0, 0]",5,78.99173923800117
e-singular,250,250,102,1.4399775427750043,"c=1,d=10",watanabe,1,2000,4000,0.0,0,0,"[0, 0]",8,75.68759261000378
singular1,250,250,102,1.076993646465057,"c=1,d=10",watanabe,1,2000,4000,0.0,0,0,"[0, 0]",10,82.56744129299477
singular2,250,250,102,1.0235766499719463,"c=1,d=10",watanabe,1,2000,4000,0.0,0,0,"[0, 0]",10,91.64479302699328
regular,5000,5000,102,0.9236735452231548,"c=1,d=0.1",watanabe,1,2000,4000,0.0,0,0,"[0, 0]",5,158.2755542960076
e-singular,5000,5000,102,2.255412491936426,"c=1,d=0.1",watanabe,1,2000,4000,0.0,0,0,"[0, 0]",7,203.8544561239978
singular1,5000,5000,102,1.1380287333876211,"c=1,d=0.1",watanabe,1,2000,4000,0.0,0,0,"[0, 0]",10,509.69358992199705
singular2,5000,5000,102,0.9623872128031312,"c=1,d=0.1",watanabe,1,2000,4000,0.0,0,0,"[0, 0]",10,427.3183686930133
regular,5000,5000,102,1.620342794486394,"c=1,d=1",watanabe,1,2000,4000,0.0,0,0,"[0, 0]",5,141.16404302998853
e-singular,5000,5000,102,1.664768222450837,"c=1,d=1",watanabe,1,2000,4000,0.0,0,0,"[0, 0]",6,217.440216373012
singular1,5000,5000,102,0.8621822069807042,"c=1,d=1",watanabe,1,2000,4000,0.0,0,0,"[0, 0]",10,470.9839046319976
singular2,5000,5000,102,0.645321757309467,"c=1,d=1",watanabe,1,2000,4000,0.0,0,0,"[0, 0]",10,478.529656979008
regular,5000,5000,102,1.515289311428793,"c=1,d=2",watanabe,1,2000,4000,0.0,0,0,"[0, 0]",5,152.7944782019913
e-singular,5000,5000,102,1.3464279460942243,"c=1,d=2",watanabe,1,2000,4000,0.0,0,0,"[0, 0]",6,180.84470899299777
singular1,5000,5000,102,0.8671969682399553,"c=1,d=2",watanabe,1,2000,4000,0.0,0,0,"[0, 0]",10,471.03169767500367
singular2,5000,5000,102,0.7545165513552129,"c=1,d=2",watanabe,1,2000,4000,0.0,0,0,"[0, 0]",10,428.02838414099824
regular,5000,5000,102,1.442038659702,"c=1,d=5",watanabe,1,2000,4000,0.0,0,0,"[0, 0]",5,149.16733149900392
e-singular,5000,5000,102,1.5506436641322054,"c=1,d=5",watanabe,1,2000,4000,0.0,0,0,"[0, 0]",7,205.3910098329943
singular1,5000,5000,102,0.7958947735426719,"c=1,d=5",watanabe,1,2000,4000,0.0,0,0,"[0, 0]",10,418.6118161490013
singular2,5000,5000,102,0.7143119512012989,"c=1,d=5",watanabe,1,2000,4000,0.0,0,0,"[0, 0]",10,388.1295385419944
regular,5000,5000,102,1.4631218338847736,"c=1,d=10",watanabe,1,2000,4000,0.0,0,0,"[0, 0]",5,160.59483840700705
e-singular,5000,5000,102,1.4457947842468222,"c=1,d=10",watanabe,1,2000,4000,0.0,0,0,"[0, 0]",7,186.72120392099896
singular1,5000,5000,102,0.7923411185259549,"c=1,d=10",watanabe,1,2000,4000,0.0,0,0,"[0, 0]",10,363.9317304980068
singular2,5000,5000,102,0.7259851419325154,"c=1,d=10",watanabe,1,2000,4000,0.0,0,0,"[0, 0]",10,367.9236306120001
regular,50,50,103,2.1912989513457206,"c=1,d=0.1",watanabe,1,2000,4000,0.0,0,0,"[0, 0]",5,40.138051087007625
e-singular,50,50,103,1.3339289971573154,"c=1,d=0.1",watanabe,1,2000,4000,0.0,0,0,"[0, 0]",8,42.29979420801101
singular1,50,50,103,1.1399769248744136,"c=1,d=0.1",watanabe,1,2000,4000,0.0,0,0,"[0, 0]",8,42.95474242699856
singular2,50,50,103,0.2710152411523001,"c=1,d=0.1",watanabe,1,2000,4000,0.0,0,0,"[0, 0]",8,43.42160882199824
regular,50,50,103,1.3330173589621634,"c=1,d=1",watanabe,1,2000,4000,0.0,0,0,"[0, 0]",5,40.20917079500214
e-singular,50,50,103,0.9108059067389918,"c=1,d=1",watanabe,1,2000,4000,0.0,0,0,"[0, 0]",8,46.117844767999486
singular1,50,50,103,1.0839321481251274,"c=1,d=1",watanabe,1,2000,4000,0.0,0,0,"[0, 0]",9,71.28945821800153
singular2,50,50,103,0.9480679481325248,"c=1,d=1",watanabe,1,2000,4000,0.0,0,0,"[0, 0]",8,70.74813667000853
regular,50,50,103,1.3935412278266686,"c=1,d=2",watanabe,1,2000,4000,0.0,0,0,"[0, 0]",5,93.55365362200246
e-singular,50,50,103,1.0952552634484594,"c=1,d=2",watanabe,1,2000,4000,0.0,0,0,"[0, 0]",8,88.29689918199438
singular1,50,50,103,1.0333815682232608,"c=1,d=2",watanabe,1,2000,4000,0.0,0,0,"[0, 0]",9,94.34147044899872
singular2,50,50,103,0.8800921709410727,"c=1,d=2",watanabe,1,2000,4000,0.0,0,0,"[0, 0]",8,93.83496878099686
regular,50,50,103,1.3236794534464165,"c=1,d=5",watanabe,1,2000,4000,0.0,0,0,"[0, 0]",5,90.5138846089976
e-singular,50,50,103,1.0957459168146513,"c=1,d=5",watanabe,1,2000,4000,0.0,0,0,"[0, 0]",9,88.22765795400483
singular1,50,50,103,1.1748448449912388,"c=1,d=5",watanabe,1,2000,4000,0.0,0,0,"[0, 0]",10,65.69943956499628
singular2,50,50,103,0.8565817557790685,"c=1,d=5",watanabe,1,2000,4000,0.0,0,0,"[0, 0]",9,66.17316187800316
regular,50,50,103,1.4704799129696884,"c=1,d=10",watanabe,1,2000,4000,0.0,0,0,"[0, 0]",5,73.32349809500738
e-singular,50,50,103,1.0623072870911248,"c=1,d=10",watanabe,1,2000,4000,0.0,0,0,"[0, 0]",8,81.95710870700714
singular1,50,50,103,1.0697949889727718,"c=1,d=10",watanabe,1,2000,4000,0.0,0,0,"[0, 0]",9,83.34871011099312
singular2,50,50,103,0.8950454924120603,"c=1,d=10",watanabe,1,2000,4000,0.0,0,0,"[0, 0]",9,82.93855094000173
regular,250,250,103,1.334296642354077,"c=1,d=0.1",watanabe,1,2000,4000,0.0,0,0,"[0, 0]",5,81.86740135999571
e-singular,250,250,103,2.8859784592287943,"c=1,d=0.1",watanabe,1,2000,4000,0.0,0,0,"[0, 0]",8,82.63372160299332
singular1,250,250,103,2.5035366752129016,"c=1,d=0.1",watanabe,1,2000,4000,0.0,0,0,"[0, 0]",9,88.23115928100015
singular2,250,250,103,0.1997241978910479,"c=1,d=0.1",watanabe,1,2000,4000,0.0,0,0,"[0, 0]",8,83.2161296300037
regular,250,250,103,1.5867844549140215,"c=1,d=1",watanabe,1,2000,4000,0.0,0,0,"[0, 0]",5,66.63309585899697
e-singular,250,250,103,1.7051015791833273,"c=1,d=1",watanabe,1,2000,4000,0.0,0,0,"[0, 0]",9,65.83384136699897
singular1,250,250,103,0.8936074926740781,"c=1,d=1",watanabe,1,2000,4000,0.0,0,0,"[0, 0]",9,78.70027951701195
singular2,250,250,103,1.0075676539725325,"c=1,d=1",watanabe,1,2000,4000,0.0,0,0,"[0, 0]",9,66.24311008500808
regular,250,250,103,1.5462858262459307,"c=1,d=2",watanabe,1,2000,4000,0.0,0,0,"[0, 0]",5,74.73537715998827
e-singular,250,250,103,1.6953560377040504,"c=1,d=2",watanabe,1,2000,4000,0.0,0,0,"[0, 0]",8,67.42044246899604
singular1,250,250,103,0.9947878899227788,"c=1,d=2",watanabe,1,2000,4000,0.0,0,0,"[0, 0]",9,75.48249178800324
singular2,250,250,103,0.93797134112998,"c=1,d=2",watanabe,1,2000,4000,0.0,0,0,"[0, 0]",10,73.02915566400043
regular,250,250,103,1.471166893685423,"c=1,d=5",watanabe,1,2000,4000,0.0,0,0,"[0, 0]",5,68.08907370800443
e-singular,250,250,103,1.5384876847843554,"c=1,d=5",watanabe,1,2000,4000,0.0,0,0,"[0, 0]",7,76.68320979100827
singular1,250,250,103,0.940055698095469,"c=1,d=5",watanabe,1,2000,4000,0.0,0,0,"[0, 0]",9,90.39279937501124
singular2,250,250,103,0.9317790019245212,"c=1,d=5",watanabe,1,2000,4000,0.0,0,0,"[0, 0]",9,78.98976594899432
regular,250,250,103,1.4451169538293929,"c=1,d=10",watanabe,1,2000,4000,0.0,0,0,"[0, 0]",5,72.1940309789934
e-singular,250,250,103,1.5817876085291789,"c=1,d=10",watanabe,1,2000,4000,0.0,0,0,"[0, 0]",8,78.18891782799619
singular1,250,250,103,0.9681304879175578,"c=1,d=10",watanabe,1,2000,4000,0.0,0,0,"[0, 0]",10,80.40130491300079
singular2,250,250,103,0.9301803881995312,"c=1,d=10",watanabe,1,2000,4000,0.0,0,0,"[0, 0]",9,76.19917489998625
regular,5000,5000,103,1.3261924579164543,"c=1,d=0.1",watanabe,1,2000,4000,0.0,0,0,"[0, 0]",5,154.09316431100888
e-singular,5000,5000,103,1.2080506820817003,"c=1,d=0.1",watanabe,1,2000,4000,0.0,0,0,"[0, 0]",7,210.71794862700327
singular1,5000,5000,103,1.652002769842471,"c=1,d=0.1",watanabe,1,2000,4000,0.0,0,0,"[0, 0]",10,400.118282661002
singular2,5000,5000,103,0.8626713653444621,"c=1,d=0.1",watanabe,1,2000,4000,0.0,0,0,"[0, 0]",9,347.3985969649948
regular,5000,5000,103,1.4312374891040027,"c=1,d=1",watanabe,1,2000,4000,0.0,0,0,"[0, 0]",5,158.59300652200182
e-singular,5000,5000,103,1.6253367229145983,"c=1,d=1",watanabe,1,2000,4000,0.0,0,0,"[0, 0]",7,214.79154598499008
singular1,5000,5000,103,0.8921679522987052,"c=1,d=1",watanabe,1,2000,4000,0.0,0,0,"[0, 0]",10,492.6163357350015
singular2,5000,5000,103,0.9208578306810994,"c=1,d=1",watanabe,1,2000,4000,0.0,0,0,"[0, 0]",10,455.0946214400028
regular,5000,5000,103,1.5575966972796909,"c=1,d=2",watanabe,1,2000,4000,0.0,0,0,"[0, 0]",5,152.72992543100554
e-singular,5000,5000,103,1.4476786283478718,"c=1,d=2",watanabe,1,2000,4000,0.0,0,0,"[0, 0]",7,197.74604643299244
singular1,5000,5000,103,0.9277611949840692,"c=1,d=2",watanabe,1,2000,4000,0.0,0,0,"[0, 0]",10,438.61738208499446
singular2,5000,5000,103,0.9184285379917438,"c=1,d=2",watanabe,1,2000,4000,0.0,0,0,"[0, 0]",10,456.5474612090038
regular,5000,5000,103,1.5427684560940282,"c=1,d=5",watanabe,1,2000,4000,0.0,0,0,"[0, 0]",5,155.79748303200176
e-singular,5000,5000,103,1.5232442934104995,"c=1,d=5",watanabe,1,2000,4000,0.0,0,0,"[0, 0]",6,194.78000659801185
singular1,5000,5000,103,0.8572902060780094,"c=1,d=5",watanabe,1,2000,4000,0.0,0,0,"[0, 0]",10,385.03587502600567
singular2,5000,5000,103,0.7789563448407386,"c=1,d=5",watanabe,1,2000,4000,0.0,0,0,"[0, 0]",10,381.1570326810033
regular,5000,5000,103,1.4837376934733686,"c=1,d=10",watanabe,1,2000,4000,0.0,0,0,"[0, 0]",5,155.10895965500094
e-singular,5000,5000,103,1.4361473539372351,"c=1,d=10",watanabe,1,2000,4000,0.0,0,0,"[0, 0]",7,171.60540042399953
singular1,5000,5000,103,0.9063843803456972,"c=1,d=10",watanabe,1,2000,4000,0.0,0,0,"[0, 0]",10,361.75357104299474
singular2,5000,5000,103,0.8603584754199862,"c=1,d=10",watanabe,1,2000,4000,0.0,0,0,"[0, 0]",10,331.07871928800887
regular,50,50,104,0.8691847548689161,"c=1,d=0.1",watanabe,1,2000,4000,0.0,0,0,"[0, 0]",5,39.68201448699983
e-singular,50,50,104,0.9597858181602992,"c=1,d=0.1",watanabe,1,2000,4000,0.0,0,0,"[0, 0]",8,42.96419599400542
singular1,50,50,104,0.7458015978745735,"c=1,d=0.1",watanabe,1,2000,4000,0.0,0,0,"[0, 0]",9,47.42131577900727
singular2,50,50,104,1.7924621790053974,"c=1,d=0.1",watanabe,1,2000,4000,0.0,0,0,"[0, 0]",7,42.72529263100296
regular,50,50,104,1.4444392901223164,"c=1,d=1",watanabe,1,2000,4000,0.0,0,0,"[0, 0]",5,40.60842866299208
e-singular,50,50,104,1.0629427605159745,"c=1,d=1",watanabe,1,2000,4000,0.0,0,0,"[0, 0]",8,42.56312557999627
singular1,50,50,104,1.200093422691478,"c=1,d=1",watanabe,1,2000,4000,0.0,0,0,"[0, 0]",8,43.791264429004514
singular2,50,50,104,1.0456245102594317,"c=1,d=1",watanabe,1,2000,4000,0.0,0,0,"[0, 0]",8,42.27125758699549
regular,50,50,104,1.3638194540741124,"c=1,d=2",watanabe,1,2000,4000,0.0,0,0,"[0, 0]",5,84.18631792200904
e-singular,50,50,104,1.399796203544182,"c=1,d=2",watanabe,1,2000,4000,0.0,0,0,"[0, 0]",8,84.33748557900253
singular1,50,50,104,1.1276556598307417,"c=1,d=2",watanabe,1,2000,4000,0.0,0,0,"[0, 0]",9,87.69472367700655
singular2,50,50,104,1.076555683672778,"c=1,d=2",watanabe,1,2000,4000,0.0,0,0,"[0, 0]",7,81.40151509300631
regular,50,50,104,1.5239265440316243,"c=1,d=5",watanabe,1,2000,4000,0.0,0,0,"[0, 0]",5,79.93620224999904
e-singular,50,50,104,1.4107324188707568,"c=1,d=5",watanabe,1,2000,4000,0.0,0,0,"[0, 0]",8,79.2591738129995
singular1,50,50,104,1.198712964814047,"c=1,d=5",watanabe,1,2000,4000,0.0,0,0,"[0, 0]",10,81.47065767500317
singular2,50,50,104,1.0353378787600358,"c=1,d=5",watanabe,1,2000,4000,0.0,0,0,"[0, 0]",8,77.12012902699644
regular,50,50,104,1.4734427848639422,"c=1,d=10",watanabe,1,2000,4000,0.0,0,0,"[0, 0]",5,84.49656990700169
e-singular,50,50,104,1.5763580224635452,"c=1,d=10",watanabe,1,2000,4000,0.0,0,0,"[0, 0]",7,71.93381343399233
singular1,50,50,104,1.1481000752755044,"c=1,d=10",watanabe,1,2000,4000,0.0,0,0,"[0, 0]",9,76.75574524900003
singular2,50,50,104,1.1108554818108405,"c=1,d=10",watanabe,1,2000,4000,0.0,0,0,"[0, 0]",9,77.75042352099263
regular,250,250,104,0.7752685845168734,"c=1,d=0.1",watanabe,1,2000,4000,0.0,0,0,"[0, 0]",5,85.89297380398784
e-singular,250,250,104,1.512675339133243,"c=1,d=0.1",watanabe,1,2000,4000,0.0,0,0,"[0, 0]",8,87.09924597801
singular1,250,250,104,1.8234047961874045,"c=1,d=0.1",watanabe,1,2000,4000,0.0,0,0,"[0, 0]",9,87.16576545700082
singular2,250,250,104,0.6240944649271837,"c=1,d=0.1",watanabe,1,2000,4000,0.0,0,0,"[0, 0]",8,85.76455831700878
regular,250,250,104,1.4822178620886204,"c=1,d=1",watanabe,1,2000,4000,0.0,0,0,"[0, 0]",5,55.90969285499887
e-singular,250,250,104,1.8028184767556903,"c=1,d=1",watanabe,1,2000,4000,0.0,0,0,"[0, 0]",8,77.8649861629965
singular1,250,250,104,0.8824557738894652,"c=1,d=1",watanabe,1,2000,4000,0.0,0,0,"[0, 0]",9,80.43199099200137
singular2,250,250,104,1.0623007783911922,"c=1,d=1",watanabe,1,2000,4000,0.0,0,0,"[0, 0]",8,72.00078673299868
regular,250,250,104,1.510267679098983,"c=1,d=2",watanabe,1,2000,4000,0.0,0,0,"[0, 0]",5,73.84605803599698
e-singular,250,250,104,1.7636538889670617,"c=1,d=2",watanabe,1,2000,4000,0.0,0,0,"[0, 0]",8,76.0815867909987
singular1,250,250,104,0.9017482439382688,"c=1,d=2",watanabe,1,2000,4000,0.0,0,0,"[0, 0]",9,86.96147426299285
singular2,250,250,104,0.9515563388625596,"c=1,d=2",watanabe,1,2000,4000,0.0,0,0,"[0, 0]",8,81.99489874999563
regular,250,250,104,1.519153671948328,"c=1,d=5",watanabe,1,2000,4000,0.0,0,0,"[0, 0]",5,84.08941464799864
e-singular,250,250,104,1.738416445908305,"c=1,d=5",watanabe,1,2000,4000,0.0,0,0,"[0, 0]",8,63.68224872999417
singular1,250,250,104,0.9869511149689926,"c=1,d=5",watanabe,1,2000,4000,0.0,0,0,"[0, 0]",10,77.31847978499718
singular2,250,250,104,0.9600415997265808,"c=1,d=5",watanabe,1,2000,4000,0.0,0,0,"[0, 0]",9,84.81542071200965
regular,250,250,104,1.4409298134868016,"c=1,d=10",watanabe,1,2000,4000,0.0,0,0,"[0, 0]",5,70.10430307900242
e-singular,250,250,104,1.6739310385289956,"c=1,d=10",watanabe,1,2000,4000,0.0,0,0,"[0, 0]",8,82.72484620299656
singular1,250,250,104,0.918877465638119,"c=1,d=10",watanabe,1,2000,4000,0.0,0,0,"[0, 0]",10,86.83755240899336
singular2,250,250,104,0.950628279913242,"c=1,d=10",watanabe,1,2000,4000,0.0,0,0,"[0, 0]",9,82.99518576299306
regular,5000,5000,104,0.4340750453593229,"c=1,d=0.1",watanabe,1,2000,4000,0.0,0,0,"[0, 0]",5,160.27512419498817
e-singular,5000,5000,104,1.3791084452605982,"c=1,d=0.1",watanabe,1,2000,4000,0.0,0,0,"[0, 0]",7,185.27471261899336
singular1,5000,5000,104,1.7325007939269048,"c=1,d=0.1",watanabe,1,2000,4000,0.0,0,0,"[0, 0]",10,440.7661489589955
singular2,5000,5000,104,1.2054640621873594,"c=1,d=0.1",watanabe,1,2000,4000,0.0,0,0,"[0, 0]",10,415.5022010990069
regular,5000,5000,104,1.5066655158140672,"c=1,d=1",watanabe,1,2000,4000,0.0,0,0,"[0, 0]",5,160.62200243400002
e-singular,5000,5000,104,1.3566276973539986,"c=1,d=1",watanabe,1,2000,4000,0.0,0,0,"[0, 0]",7,227.1288694090036
singular1,5000,5000,104,0.8793372558955184,"c=1,d=1",watanabe,1,2000,4000,0.0,0,0,"[0, 0]",10,458.62512334600615
singular2,5000,5000,104,0.8721447245102492,"c=1,d=1",watanabe,1,2000,4000,0.0,0,0,"[0, 0]",10,461.3256932860095
regular,5000,5000,104,1.465210250918802,"c=1,d=2",watanabe,1,2000,4000,0.0,0,0,"[0, 0]",5,139.0171137460129
e-singular,5000,5000,104,1.4803904741074292,"c=1,d=2",watanabe,1,2000,4000,0.0,0,0,"[0, 0]",7,191.8690429690032
singular1,5000,5000,104,0.8012024778917037,"c=1,d=2",watanabe,1,2000,4000,0.0,0,0,"[0, 0]",10,437.3458248980023
singular2,5000,5000,104,0.9159877584217866,"c=1,d=2",watanabe,1,2000,4000,0.0,0,0,"[0, 0]",10,404.1228068950004
regular,5000,5000,104,1.5386844061551672,"c=1,d=5",watanabe,1,2000,4000,0.0,0,0,"[0, 0]",5,151.89048591000028
e-singular,5000,5000,104,1.6389965605373216,"c=1,d=5",watanabe,1,2000,4000,0.0,0,0,"[0, 0]",7,211.5261557699996
singular1,5000,5000,104,0.8182340360900432,"c=1,d=5",watanabe,1,2000,4000,0.0,0,0,"[0, 0]",10,353.2750480859977
singular2,5000,5000,104,0.7907301370384574,"c=1,d=5",watanabe,1,2000,4000,0.0,0,0,"[0, 0]",10,416.58913398299774
regular,5000,5000,104,1.4763162260212055,"c=1,d=10",watanabe,1,2000,4000,0.0,0,0,"[0, 0]",5,150.23470281399204
e-singular,5000,5000,104,1.5767911843708475,"c=1,d=10",watanabe,1,2000,4000,0.0,0,0,"[0, 0]",7,191.013770339996
singular1,5000,5000,104,0.7293688729377928,"c=1,d=10",watanabe,1,2000,4000,0.0,0,0,"[0, 0]",10,377.52260524099984
singular2,5000,5000,104,0.9013757196956032,"c=1,d=10",watanabe,1,2000,4000,0.0,0,0,"[0, 0]",10,320.0407058169949
regular,50,50,105,2.1409870956635206,"c=1,d=0.1",watanabe,1,2000,4000,0.0,0,0,"[0, 0]",6,62.01502430299297
e-singular,50,50,105,2.212628096589768,"c=1,d=0.1",watanabe,1,2000,4000,0.0,0,0,"[0, 0]",8,69.60957508700085
singular1,50,50,105,0.7407476857400591,"c=1,d=0.1",watanabe,1,2000,4000,0.0,0,0,"[0, 0]",9,71.85876984900096
singular2,50,50,105,0.5093542428275029,"c=1,d=0.1",watanabe,1,2000,4000,0.0,0,0,"[0, 0]",8,69.77887580599054
regular,50,50,105,1.425361395635762,"c=1,d=1",watanabe,1,2000,4000,0.0,0,0,"[0, 0]",5,69.18495328100107
e-singular,50,50,105,1.376444281425459,"c=1,d=1",watanabe,1,2000,4000,0.0,0,0,"[0, 0]",8,83.26015993900364
singular1,50,50,105,1.1779661585372443,"c=1,d=1",watanabe,1,2000,4000,0.0,0,0,"[0, 0]",9,85.09266476500488
singular2,50,50,105,1.0348874284170089,"c=1,d=1",watanabe,1,2000,4000,0.0,0,0,"[0, 0]",8,83.62475286900008
regular,50,50,105,1.4167583436589324,"c=1,d=2",watanabe,1,2000,4000,0.0,0,0,"[0, 0]",5,56.66909023899643
e-singular,50,50,105,1.5038571126649067,"c=1,d=2",watanabe,1,2000,4000,0.0,0,0,"[0, 0]",8,47.36046473598981
singular1,50,50,105,1.1099349852743048,"c=1,d=2",watanabe,1,2000,4000,0.0,0,0,"[0, 0]",9,53.38370933799888
singular2,50,50,105,1.002839966433683,"c=1,d=2",watanabe,1,2000,4000,0.0,0,0,"[0, 0]",8,48.85848335199989
regular,50,50,105,1.426722210873378,"c=1,d=5",watanabe,1,2000,4000,0.0,0,0,"[0, 0]",5,47.18366499799595
e-singular,50,50,105,1.5991758107699054,"c=1,d=5",watanabe,1,2000,4000,0.0,0,0,"[0, 0]",7,41.80890405201353
singular1,50,50,105,1.1353437130225137,"c=1,d=5",watanabe,1,2000,4000,0.0,0,0,"[0, 0]",10,63.6202385850047
singular2,50,50,105,0.9406456580213156,"c=1,d=5",watanabe,1,2000,4000,0.0,0,0,"[0, 0]",9,63.80448959198839
regular,50,50,105,1.4434078638648014,"c=1,d=10",watanabe,1,2000,4000,0.0,0,0,"[0, 0]",5,80.19165879300272
e-singular,50,50,105,1.5348685708012135,"c=1,d=10",watanabe,1,2000,4000,0.0,0,0,"[0, 0]",9,78.02056635500048
singular1,50,50,105,1.0935052199549404,"c=1,d=10",watanabe,1,2000,4000,0.0,0,0,"[0, 0]",10,80.47163539999747
singular2,50,50,105,0.9586870504046332,"c=1,d=10",watanabe,1,2000,4000,0.0,0,0,"[0, 0]",9,72.56141090100573
regular,250,250,105,1.0363009718460516,"c=1,d=0.1",watanabe,1,2000,4000,0.0,0,0,"[0, 0]",5,73.85299831299926
e-singular,250,250,105,2.3915229131658253,"c=1,d=0.1",watanabe,1,2000,4000,0.0,0,0,"[0, 0]",8,78.09671199999866
singular1,250,250,105,0.3958650801341729,"c=1,d=0.1",watanabe,1,2000,4000,0.0,0,0,"[0, 0]",9,81.44202794900048
singular2,250,250,105,0.8469517241839164,"c=1,d=0.1",watanabe,1,2000,4000,0.0,0,0,"[0, 0]",8,75.43423362199974
regular,250,250,105,1.5227145352581437,"c=1,d=1",watanabe,1,2000,4000,0.0,0,0,"[0, 0]",5,75.54629386600573
e-singular,250,250,105,1.7157789186268553,"c=1,d=1",watanabe,1,2000,4000,0.0,0,0,"[0, 0]",8,81.49684091399831
singular1,250,250,105,1.0406490737595226,"c=1,d=1",watanabe,1,2000,4000,0.0,0,0,"[0, 0]",9,88.21774671399908
singular2,250,250,105,0.882705443563457,"c=1,d=1",watanabe,1,2000,4000,0.0,0,0,"[0, 0]",8,84.57064837400685
regular,250,250,105,1.4383673886492827,"c=1,d=2",watanabe,1,2000,4000,0.0,0,0,"[0, 0]",5,78.89107643300667
e-singular,250,250,105,1.577710588866305,"c=1,d=2",watanabe,1,2000,4000,0.0,0,0,"[0, 0]",8,80.97617701398849
singular1,250,250,105,0.9828009509723006,"c=1,d=2",watanabe,1,2000,4000,0.0,0,0,"[0, 0]",9,84.67950976999418
singular2,250,250,105,0.881007141386186,"c=1,d=2",watanabe,1,2000,4000,0.0,0,0,"[0, 0]",9,76.1576463090023
regular,250,250,105,1.535060767126082,"c=1,d=5",watanabe,1,2000,4000,0.0,0,0,"[0, 0]",5,73.71167195300222
e-singular,250,250,105,1.5608396605121486,"c=1,d=5",watanabe,1,2000,4000,0.0,0,0,"[0, 0]",8,71.4267998199939
singular1,250,250,105,1.1950362629529343,"c=1,d=5",watanabe,1,2000,4000,0.0,0,0,"[0, 0]",10,92.3376179580082
singular2,250,250,105,0.96703504635777,"c=1,d=5",watanabe,1,2000,4000,0.0,0,0,"[0, 0]",9,89.59886846100562
regular,250,250,105,1.5631204405350967,"c=1,d=10",watanabe,1,2000,4000,0.0,0,0,"[0, 0]",5,77.26282473000174
e-singular,250,250,105,1.4374855571265583,"c=1,d=10",watanabe,1,2000,4000,0.0,0,0,"[0, 0]",8,73.3069157860009
singular1,250,250,105,1.0461882765256971,"c=1,d=10",watanabe,1,2000,4000,0.0,0,0,"[0, 0]",10,66.31196420399647
singular2,250,250,105,0.9341957326465308,"c=1,d=10",watanabe,1,2000,4000,0.0,0,0,"[0, 0]",9,62.86309699898993
regular,5000,5000,105,0.886843492526158,"c=1,d=0.1",watanabe,1,2000,4000,0.0,0,0,"[0, 0]",5,135.7391098549997
e-singular,5000,5000,105,1.84571243128597,"c=1,d=0.1",watanabe,1,2000,4000,0.0,0,0,"[0, 0]",6,213.86050494899973
singular1,5000,5000,105,0.9176943584412828,"c=1,d=0.1",watanabe,1,2000,4000,0.0,0,0,"[0, 0]",10,427.4504444920021
singular2,5000,5000,105,1.822164153360224,"c=1,d=0.1",watanabe,1,2000,4000,0.0,0,0,"[0, 0]",10,444.2754018890119
regular,5000,5000,105,1.404949832530573,"c=1,d=1",watanabe,1,2000,4000,0.0,0,0,"[0, 0]",5,172.25351953499194
e-singular,5000,5000,105,1.5632825244583066,"c=1,d=1",watanabe,1,2000,4000,0.0,0,0,"[0, 0]",6,227.58900515300047
singular1,5000,5000,105,0.7169908345531617,"c=1,d=1",watanabe,1,2000,4000,0.0,0,0,"[0, 0]",10,513.4958447629906
singular2,5000,5000,105,0.8894084589561644,"c=1,d=1",watanabe,1,2000,4000,0.0,0,0,"[0, 0]",10,458.9376618810056
regular,5000,5000,105,1.4831608496939055,"c=1,d=2",watanabe,1,2000,4000,0.0,0,0,"[0, 0]",5,153.06792432999646
e-singular,5000,5000,105,1.4140201084619004,"c=1,d=2",watanabe,1,2000,4000,0.0,0,0,"[0, 0]",6,193.60231760800525
singular1,5000,5000,105,0.836650606686583,"c=1,d=2",watanabe,1,2000,4000,0.0,0,0,"[0, 0]",10,524.9421703819971
singular2,5000,5000,105,0.7731425916609994,"c=1,d=2",watanabe,1,2000,4000,0.0,0,0,"[0, 0]",10,466.3828154219955
regular,5000,5000,105,1.4104358543788404,"c=1,d=5",watanabe,1,2000,4000,0.0,0,0,"[0, 0]",5,160.89231927999936
e-singular,5000,5000,105,1.5799347397025312,"c=1,d=5",watanabe,1,2000,4000,0.0,0,0,"[0, 0]",6,254.9962358299963
singular1,5000,5000,105,0.806453288385057,"c=1,d=5",watanabe,1,2000,4000,0.0,0,0,"[0, 0]",10,452.5931941480085
singular2,5000,5000,105,0.836700574668536,"c=1,d=5",watanabe,1,2000,4000,0.0,0,0,"[0, 0]",10,441.5870157409954
regular,5000,5000,105,1.5063822005752163,"c=1,d=10",watanabe,1,2000,4000,0.0,0,0,"[0, 0]",5,154.77564651099965
e-singular,5000,5000,105,1.5483161094130973,"c=1,d=10",watanabe,1,2000,4000,0.0,0,0,"[0, 0]",6,255.4083946079918
singular1,5000,5000,105,0.8131683747202878,"c=1,d=10",watanabe,1,2000,4000,0.0,0,0,"[0, 0]",10,381.1219108369987
singular2,5000,5000,105,0.7966813306870137,"c=1,d=10",watanabe,1,2000,4000,0.0,0,0,"[0, 0]",10,365.4448652670108
regular,50,50,106,1.2332834974379985,"c=1,d=0.1",watanabe,1,2000,4000,0.0,0,0,"[0, 0]",6,40.37144467700273
e-singular,50,50,106,1.3955453091931571,"c=1,d=0.1",watanabe,1,2000,4000,0.0,0,0,"[0, 0]",7,41.72013621100632
singular1,50,50,106,1.623266726370458,"c=1,d=0.1",watanabe,1,2000,4000,0.0,0,0,"[0, 0]",8,43.584820948992274
singular2,50,50,106,1.285180780482388,"c=1,d=0.1",watanabe,1,2000,4000,0.0,0,0,"[0, 0]",8,48.69220569200115
regular,50,50,106,1.5052328274940077,"c=1,d=1",watanabe,1,2000,4000,0.0,0,0,"[0, 0]",5,70.19650738200289
e-singular,50,50,106,1.2967226805866108,"c=1,d=1",watanabe,1,2000,4000,0.0,0,0,"[0, 0]",8,70.9139351019985
singular1,50,50,106,1.054440958295167,"c=1,d=1",watanabe,1,2000,4000,0.0,0,0,"[0, 0]",9,71.91730315799941
singular2,50,50,106,0.7835171263819811,"c=1,d=1",watanabe,1,2000,4000,0.0,0,0,"[0, 0]",8,72.26440423699387
regular,50,50,106,1.5144877373884955,"c=1,d=2",watanabe,1,2000,4000,0.0,0,0,"[0, 0]",5,82.46235353099473
e-singular,50,50,106,1.2437153715441256,"c=1,d=2",watanabe,1,2000,4000,0.0,0,0,"[0, 0]",8,80.35387528600404
singular1,50,50,106,1.0939856747815673,"c=1,d=2",watanabe,1,2000,4000,0.0,0,0,"[0, 0]",9,89.63176478800597
singular2,50,50,106,0.8631849256197108,"c=1,d=2",watanabe,1,2000,4000,0.0,0,0,"[0, 0]",8,94.85309160299948
regular,50,50,106,1.4319634123612277,"c=1,d=5",watanabe,1,2000,4000,0.0,0,0,"[0, 0]",5,72.93964150900138
e-singular,50,50,106,1.433145956601667,"c=1,d=5",watanabe,1,2000,4000,0.0,0,0,"[0, 0]",8,63.81376896399888
singular1,50,50,106,0.9828890551818495,"c=1,d=5",watanabe,1,2000,4000,0.0,0,0,"[0, 0]",9,73.47152081198874
singular2,50,50,106,0.906015623130154,"c=1,d=5",watanabe,1,2000,4000,0.0,0,0,"[0, 0]",9,64.85604561000946
regular,50,50,106,1.4174735069420188,"c=1,d=10",watanabe,1,2000,4000,0.0,0,0,"[0, 0]",5,66.38371660700068
e-singular,50,50,106,1.443194289638641,"c=1,d=10",watanabe,1,2000,4000,0.0,0,0,"[0, 0]",8,79.78677296299429
singular1,50,50,106,1.035921377557785,"c=1,d=10",watanabe,1,2000,4000,0.0,0,0,"[0, 0]",9,77.4974097150116
singular2,50,50,106,0.9093999795260612,"c=1,d=10",watanabe,1,2000,4000,0.0,0,0,"[0, 0]",9,76.58542616700288
regular,250,250,106,2.3959350657409204,"c=1,d=0.1",watanabe,1,2000,4000,0.0,0,0,"[0, 0]",5,71.62184102399624
e-singular,250,250,106,0.328097645005076,"c=1,d=0.1",watanabe,1,2000,4000,0.0,0,0,"[0, 0]",8,73.65986729400174
singular1,250,250,106,1.749973906118328,"c=1,d=0.1",watanabe,1,2000,4000,0.0,0,0,"[0, 0]",9,86.87131064200366
singular2,250,250,106,1.2114789415147476,"c=1,d=0.1",watanabe,1,2000,4000,0.0,0,0,"[0, 0]",8,85.18896384698746
regular,250,250,106,1.3914988115547218,"c=1,d=1",watanabe,1,2000,4000,0.0,0,0,"[0, 0]",5,73.37397159299871
e-singular,250,250,106,1.3553662486407334,"c=1,d=1",watanabe,1,2000,4000,0.0,0,0,"[0, 0]",9,73.81744749899372
singular1,250,250,106,1.2091280721908642,"c=1,d=1",watanabe,1,2000,4000,0.0,0,0,"[0, 0]",10,103.09922686600476
singular2,250,250,106,0.996498669115068,"c=1,d=1",watanabe,1,2000,4000,0.0,0,0,"[0, 0]",8,97.9247376160056
regular,250,250,106,1.5683862535720463,"c=1,d=2",watanabe,1,2000,4000,0.0,0,0,"[0, 0]",5,77.71463713300182
e-singular,250,250,106,1.3506954369007096,"c=1,d=2",watanabe,1,2000,4000,0.0,0,0,"[0, 0]",8,89.77615754000726
singular1,250,250,106,1.0262868792669078,"c=1,d=2",watanabe,1,2000,4000,0.0,0,0,"[0, 0]",10,83.8093005480041
singular2,250,250,106,0.9743092181833154,"c=1,d=2",watanabe,1,2000,4000,0.0,0,0,"[0, 0]",8,76.27793366499827
regular,250,250,106,1.555588462117164,"c=1,d=5",watanabe,1,2000,4000,0.0,0,0,"[0, 0]",5,60.12533030600753
e-singular,250,250,106,1.4094857113061183,"c=1,d=5",watanabe,1,2000,4000,0.0,0,0,"[0, 0]",8,95.08721833000892
singular1,250,250,106,1.006606065584137,"c=1,d=5",watanabe,1,2000,4000,0.0,0,0,"[0, 0]",10,87.79114552399551
singular2,250,250,106,0.9473100410564306,"c=1,d=5",watanabe,1,2000,4000,0.0,0,0,"[0, 0]",9,85.14152851200197
regular,250,250,106,1.453183897880674,"c=1,d=10",watanabe,1,2000,4000,0.0,0,0,"[0, 0]",6,73.90399621099641
e-singular,250,250,106,1.402818618447094,"c=1,d=10",watanabe,1,2000,4000,0.0,0,0,"[0, 0]",8,77.38242139200156
singular1,250,250,106,0.9712746830611496,"c=1,d=10",watanabe,1,2000,4000,0.0,0,0,"[0, 0]",10,77.58493732499483
singular2,250,250,106,0.9360267179586944,"c=1,d=10",watanabe,1,2000,4000,0.0,0,0,"[0, 0]",9,77.60599542000273
regular,5000,5000,106,0.5813840993064886,"c=1,d=0.1",watanabe,1,2000,4000,0.0,0,0,"[0, 0]",5,176.9585490800091
e-singular,5000,5000,106,1.9800083148523515,"c=1,d=0.1",watanabe,1,2000,4000,0.0,0,0,"[0, 0]",7,250.0143504830048
singular1,5000,5000,106,1.5914284429276953,"c=1,d=0.1",watanabe,1,2000,4000,0.0,0,0,"[0, 0]",10,379.9135235589929
singular2,5000,5000,106,0.1736059805022449,"c=1,d=0.1",watanabe,1,2000,4000,0.0,0,0,"[0, 0]",10,435.9948119150067
regular,5000,5000,106,1.425124350710091,"c=1,d=1",watanabe,1,2000,4000,0.0,0,0,"[0, 0]",5,164.21149595099268
e-singular,5000,5000,106,1.5075371620893725,"c=1,d=1",watanabe,1,2000,4000,0.0,0,0,"[0, 0]",7,208.85160998899664
singular1,5000,5000,106,1.1324318221146823,"c=1,d=1",watanabe,1,2000,4000,0.0,0,0,"[0, 0]",10,442.3922766339965
singular2,5000,5000,106,0.8607660044614448,"c=1,d=1",watanabe,1,2000,4000,0.0,0,0,"[0, 0]",10,520.8941081660014
regular,5000,5000,106,1.5159464658942523,"c=1,d=2",watanabe,1,2000,4000,0.0,0,0,"[0, 0]",5,156.5937278700003
e-singular,5000,5000,106,1.590237207606849,"c=1,d=2",watanabe,1,2000,4000,0.0,0,0,"[0, 0]",7,195.52151738700925
singular1,5000,5000,106,1.015013806176875,"c=1,d=2",watanabe,1,2000,4000,0.0,0,0,"[0, 0]",10,393.3026146030024
singular2,5000,5000,106,0.719031915166831,"c=1,d=2",watanabe,1,2000,4000,0.0,0,0,"[0, 0]",10,433.0647580009973
regular,5000,5000,106,1.3827281608840918,"c=1,d=5",watanabe,1,2000,4000,0.0,0,0,"[0, 0]",6,178.2486727580108
e-singular,5000,5000,106,1.5727665262056263,"c=1,d=5",watanabe,1,2000,4000,0.0,0,0,"[0, 0]",6,236.4119210990029
singular1,5000,5000,106,0.8859239349362028,"c=1,d=5",watanabe,1,2000,4000,0.0,0,0,"[0, 0]",10,333.7342109989986
singular2,5000,5000,106,0.7291752532117536,"c=1,d=5",watanabe,1,2000,4000,0.0,0,0,"[0, 0]",10,438.5805813369952
regular,5000,5000,106,1.4578916449843904,"c=1,d=10",watanabe,1,2000,4000,0.0,0,0,"[0, 0]",5,144.96962833299767
e-singular,5000,5000,106,1.527460871632256,"c=1,d=10",watanabe,1,2000,4000,0.0,0,0,"[0, 0]",6,199.40663865901297
singular1,5000,5000,106,0.9172274380751434,"c=1,d=10",watanabe,1,2000,4000,0.0,0,0,"[0, 0]",10,261.5556698260043
singular2,5000,5000,106,0.7294748968595881,"c=1,d=10",watanabe,1,2000,4000,0.0,0,0,"[0, 0]",10,329.6878504299966
regular,50,50,107,2.1192238457798607,"c=1,d=0.1",watanabe,1,2000,4000,0.0,0,0,"[0, 0]",5,39.45345833200554
e-singular,50,50,107,2.030166287370466,"c=1,d=0.1",watanabe,1,2000,4000,0.0,0,0,"[0, 0]",8,43.93695749199833
singular1,50,50,107,1.5075831447323114,"c=1,d=0.1",watanabe,1,2000,4000,0.0,0,0,"[0, 0]",8,43.55761396199523
singular2,50,50,107,1.19867282700384,"c=1,d=0.1",watanabe,1,2000,4000,0.0,0,0,"[0, 0]",8,40.941692217005766
regular,50,50,107,1.3169672493674252,"c=1,d=1",watanabe,1,2000,4000,0.0,0,0,"[0, 0]",5,41.31902773299953
e-singular,50,50,107,0.9919609797082276,"c=1,d=1",watanabe,1,2000,4000,0.0,0,0,"[0, 0]",8,73.73803576298815
singular1,50,50,107,1.2196317876488758,"c=1,d=1",watanabe,1,2000,4000,0.0,0,0,"[0, 0]",9,73.37920035900606
singular2,50,50,107,0.9300933512609556,"c=1,d=1",watanabe,1,2000,4000,0.0,0,0,"[0, 0]",7,72.53406951700163
regular,50,50,107,1.5405578160767144,"c=1,d=2",watanabe,1,2000,4000,0.0,0,0,"[0, 0]",5,77.17534515900479
e-singular,50,50,107,1.0673049168494977,"c=1,d=2",watanabe,1,2000,4000,0.0,0,0,"[0, 0]",8,83.89411416699295
singular1,50,50,107,1.0123142377055567,"c=1,d=2",watanabe,1,2000,4000,0.0,0,0,"[0, 0]",8,81.47471865999978
singular2,50,50,107,1.037236008380721,"c=1,d=2",watanabe,1,2000,4000,0.0,0,0,"[0, 0]",8,74.27133209399472
regular,50,50,107,1.49691682226427,"c=1,d=5",watanabe,1,2000,4000,0.0,0,0,"[0, 0]",5,71.81823231599992
e-singular,50,50,107,1.1334712361532588,"c=1,d=5",watanabe,1,2000,4000,0.0,0,0,"[0, 0]",8,67.2292612119927
singular1,50,50,107,0.9822152998974506,"c=1,d=5",watanabe,1,2000,4000,0.0,0,0,"[0, 0]",9,87.88450097299938
singular2,50,50,107,1.0257282857414634,"c=1,d=5",watanabe,1,2000,4000,0.0,0,0,"[0, 0]",8,64.72747656899446
regular,50,50,107,1.441202150865943,"c=1,d=10",watanabe,1,2000,4000,0.0,0,0,"[0, 0]",5,79.43291932401189
e-singular,50,50,107,1.201224826251019,"c=1,d=10",watanabe,1,2000,4000,0.0,0,0,"[0, 0]",8,77.4028399890085
singular1,50,50,107,1.0731364416236109,"c=1,d=10",watanabe,1,2000,4000,0.0,0,0,"[0, 0]",8,76.26253326299775
singular2,50,50,107,1.0244474717261756,"c=1,d=10",watanabe,1,2000,4000,0.0,0,0,"[0, 0]",9,68.62319970798853
regular,250,250,107,1.692764238689017,"c=1,d=0.1",watanabe,1,2000,4000,0.0,0,0,"[0, 0]",5,69.38537170899508
e-singular,250,250,107,1.01395063517899,"c=1,d=0.1",watanabe,1,2000,4000,0.0,0,0,"[0, 0]",9,85.61382036699797
singular1,250,250,107,2.1260689300032585,"c=1,d=0.1",watanabe,1,2000,4000,0.0,0,0,"[0, 0]",9,77.39030246599577
singular2,250,250,107,0.3467325843936761,"c=1,d=0.1",watanabe,1,2000,4000,0.0,0,0,"[0, 0]",8,73.78790546400705
regular,250,250,107,1.4195130883320697,"c=1,d=1",watanabe,1,2000,4000,0.0,0,0,"[0, 0]",5,74.76079519100313
e-singular,250,250,107,1.1318305671519606,"c=1,d=1",watanabe,1,2000,4000,0.0,0,0,"[0, 0]",9,76.53384906999418
singular1,250,250,107,0.9002120483198799,"c=1,d=1",watanabe,1,2000,4000,0.0,0,0,"[0, 0]",9,91.102648650005
singular2,250,250,107,0.6552943201588968,"c=1,d=1",watanabe,1,2000,4000,0.0,0,0,"[0, 0]",8,89.56459554600588
regular,250,250,107,1.5421357688746518,"c=1,d=2",watanabe,1,2000,4000,0.0,0,0,"[0, 0]",5,80.15866180000012
e-singular,250,250,107,1.389900356649058,"c=1,d=2",watanabe,1,2000,4000,0.0,0,0,"[0, 0]",9,84.04744201200083
singular1,250,250,107,1.015829235682397,"c=1,d=2",watanabe,1,2000,4000,0.0,0,0,"[0, 0]",9,91.68088929599617
singular2,250,250,107,0.8817555663535109,"c=1,d=2",watanabe,1,2000,4000,0.0,0,0,"[0, 0]",9,104.41659900100784
regular,250,250,107,1.4583783086640765,"c=1,d=5",watanabe,1,2000,4000,0.0,0,0,"[0, 0]",5,65.24123735600733
e-singular,250,250,107,1.5033722306654262,"c=1,d=5",watanabe,1,2000,4000,0.0,0,0,"[0, 0]",8,77.62542507699982
singular1,250,250,107,1.1133044796094944,"c=1,d=5",watanabe,1,2000,4000,0.0,0,0,"[0, 0]",10,74.70819043599477
singular2,250,250,107,0.8656220431931768,"c=1,d=5",watanabe,1,2000,4000,0.0,0,0,"[0, 0]",9,87.53056775699952
regular,250,250,107,1.539049680695139,"c=1,d=10",watanabe,1,2000,4000,0.0,0,0,"[0, 0]",5,66.65071015599824
e-singular,250,250,107,1.3909542218267867,"c=1,d=10",watanabe,1,2000,4000,0.0,0,0,"[0, 0]",9,65.92233387099986
singular1,250,250,107,1.030304584455518,"c=1,d=10",watanabe,1,2000,4000,0.0,0,0,"[0, 0]",10,75.23042560899921
singular2,250,250,107,0.8100907856801542,"c=1,d=10",watanabe,1,2000,4000,0.0,0,0,"[0, 0]",10,93.03720866100048
regular,5000,5000,107,1.5443331821222197,"c=1,d=0.1",watanabe,1,2000,4000,0.0,0,0,"[0, 0]",6,156.66884369000036
e-singular,5000,5000,107,2.677809259036174,"c=1,d=0.1",watanabe,1,2000,4000,0.0,0,0,"[0, 0]",7,212.3913206599973
singular1,5000,5000,107,0.1015591199936954,"c=1,d=0.1",watanabe,1,2000,4000,0.0,0,0,"[0, 0]",10,420.4489884679933
singular2,5000,5000,107,0.1091722747723463,"c=1,d=0.1",watanabe,1,2000,4000,0.0,0,0,"[0, 0]",10,383.23140098000295
regular,5000,5000,107,1.3829898605652142,"c=1,d=1",watanabe,1,2000,4000,0.0,0,0,"[0, 0]",5,168.88602560100844
e-singular,5000,5000,107,1.4833327912154386,"c=1,d=1",watanabe,1,2000,4000,0.0,0,0,"[0, 0]",7,229.16724969400093
singular1,5000,5000,107,0.9317584605045752,"c=1,d=1",watanabe,1,2000,4000,0.0,0,0,"[0, 0]",10,492.9025976569974
singular2,5000,5000,107,0.8373116176835698,"c=1,d=1",watanabe,1,2000,4000,0.0,0,0,"[0, 0]",10,457.5001198619866
regular,5000,5000,107,1.5774121706775728,"c=1,d=2",watanabe,1,2000,4000,0.0,0,0,"[0, 0]",5,152.57314222499554
e-singular,5000,5000,107,1.558468149311431,"c=1,d=2",watanabe,1,2000,4000,0.0,0,0,"[0, 0]",7,198.8627955010016
singular1,5000,5000,107,0.7329412410951059,"c=1,d=2",watanabe,1,2000,4000,0.0,0,0,"[0, 0]",10,441.3276499219937
singular2,5000,5000,107,0.7041214767363814,"c=1,d=2",watanabe,1,2000,4000,0.0,0,0,"[0, 0]",10,459.5461812969879
regular,5000,5000,107,1.6324861050603563,"c=1,d=5",watanabe,1,2000,4000,0.0,0,0,"[0, 0]",5,154.01139259598858
e-singular,5000,5000,107,1.6322207828711144,"c=1,d=5",watanabe,1,2000,4000,0.0,0,0,"[0, 0]",7,194.88902373600288
singular1,5000,5000,107,0.7760643666813717,"c=1,d=5",watanabe,1,2000,4000,0.0,0,0,"[0, 0]",10,401.9833424589888
singular2,5000,5000,107,0.7471416478671532,"c=1,d=5",watanabe,1,2000,4000,0.0,0,0,"[0, 0]",10,431.0854383940023
regular,5000,5000,107,1.5369865440349455,"c=1,d=10",watanabe,1,2000,4000,0.0,0,0,"[0, 0]",6,170.13439467700664
e-singular,5000,5000,107,1.39440565745131,"c=1,d=10",watanabe,1,2000,4000,0.0,0,0,"[0, 0]",6,169.82172445999458
singular1,5000,5000,107,0.7784378515770363,"c=1,d=10",watanabe,1,2000,4000,0.0,0,0,"[0, 0]",10,360.24481074100186
singular2,5000,5000,107,0.7159603530073966,"c=1,d=10",watanabe,1,2000,4000,0.0,0,0,"[0, 0]",10,373.39269095599593
regular,50,50,108,1.3691444686019718,"c=1,d=0.1",watanabe,1,2000,4000,0.0,0,0,"[0, 0]",5,40.95366881300288
e-singular,50,50,108,2.060475442324156,"c=1,d=0.1",watanabe,1,2000,4000,0.0,0,0,"[0, 0]",8,44.67486784400535
singular1,50,50,108,1.5784393143707132,"c=1,d=0.1",watanabe,1,2000,4000,0.0,0,0,"[0, 0]",9,44.95939763200295
singular2,50,50,108,1.3541554991284908,"c=1,d=0.1",watanabe,1,2000,4000,0.0,0,0,"[0, 0]",8,42.706296225995175
regular,50,50,108,1.417512940108199,"c=1,d=1",watanabe,1,2000,4000,0.0,0,0,"[0, 0]",5,40.3820838269894
e-singular,50,50,108,1.0699818158166523,"c=1,d=1",watanabe,1,2000,4000,0.0,0,0,"[0, 0]",8,72.53484648399171
singular1,50,50,108,1.2800017000127488,"c=1,d=1",watanabe,1,2000,4000,0.0,0,0,"[0, 0]",8,72.96245160500985
singular2,50,50,108,0.905172039865936,"c=1,d=1",watanabe,1,2000,4000,0.0,0,0,"[0, 0]",8,46.09454072700464
regular,50,50,108,1.4263525273869042,"c=1,d=2",watanabe,1,2000,4000,0.0,0,0,"[0, 0]",5,94.32363789100782
e-singular,50,50,108,0.97380805000649,"c=1,d=2",watanabe,1,2000,4000,0.0,0,0,"[0, 0]",8,101.14865355900838
singular1,50,50,108,1.1990880364647667,"c=1,d=2",watanabe,1,2000,4000,0.0,0,0,"[0, 0]",8,97.82713426300324
singular2,50,50,108,0.9850510747558808,"c=1,d=2",watanabe,1,2000,4000,0.0,0,0,"[0, 0]",8,95.02408734698838
regular,50,50,108,1.3398874489369854,"c=1,d=5",watanabe,1,2000,4000,0.0,0,0,"[0, 0]",5,92.83649477400468
e-singular,50,50,108,1.0254512792776718,"c=1,d=5",watanabe,1,2000,4000,0.0,0,0,"[0, 0]",9,94.03826132399264
singular1,50,50,108,1.1259155406015209,"c=1,d=5",watanabe,1,2000,4000,0.0,0,0,"[0, 0]",10,73.01876391199767
singular2,50,50,108,1.0438487887154342,"c=1,d=5",watanabe,1,2000,4000,0.0,0,0,"[0, 0]",9,69.66150715001277
regular,50,50,108,1.505063561312484,"c=1,d=10",watanabe,1,2000,4000,0.0,0,0,"[0, 0]",5,79.77436635699996
e-singular,50,50,108,1.1094303566648918,"c=1,d=10",watanabe,1,2000,4000,0.0,0,0,"[0, 0]",10,81.01165286700416
singular1,50,50,108,1.1768162979084065,"c=1,d=10",watanabe,1,2000,4000,0.0,0,0,"[0, 0]",10,79.9307265279931
singular2,50,50,108,0.997412984518807,"c=1,d=10",watanabe,1,2000,4000,0.0,0,0,"[0, 0]",9,72.64185895599076
regular,250,250,108,1.85731796966402,"c=1,d=0.1",watanabe,1,2000,4000,0.0,0,0,"[0, 0]",5,80.8219418959925
e-singular,250,250,108,-0.6138856446630757,"c=1,d=0.1",watanabe,1,2000,4000,0.0,0,0,"[0, 0]",8,83.51098554699274
singular1,250,250,108,2.028818659659897,"c=1,d=0.1",watanabe,1,2000,4000,0.0,0,0,"[0, 0]",9,85.49483388199587
singular2,250,250,108,0.8887411187162674,"c=1,d=0.1",watanabe,1,2000,4000,0.0,0,0,"[0, 0]",8,97.72799842100358
regular,250,250,108,1.4063440816217707,"c=1,d=1",watanabe,1,2000,4000,0.0,0,0,"[0, 0]",5,74.35444162400381
e-singular,250,250,108,1.4962087340961765,"c=1,d=1",watanabe,1,2000,4000,0.0,0,0,"[0, 0]",8,75.09248569700867
singular1,250,250,108,1.2192550903035668,"c=1,d=1",watanabe,1,2000,4000,0.0,0,0,"[0, 0]",9,79.1307897969964
singular2,250,250,108,0.8122247745672871,"c=1,d=1",watanabe,1,2000,4000,0.0,0,0,"[0, 0]",9,91.57007206500566
regular,250,250,108,1.5040390859073642,"c=1,d=2",watanabe,1,2000,4000,0.0,0,0,"[0, 0]",5,83.31893344200216
e-singular,250,250,108,1.6820590771901802,"c=1,d=2",watanabe,1,2000,4000,0.0,0,0,"[0, 0]",9,85.0545764080016
singular1,250,250,108,1.1267599157034167,"c=1,d=2",watanabe,1,2000,4000,0.0,0,0,"[0, 0]",10,93.74997272399196
singular2,250,250,108,0.7584486227497231,"c=1,d=2",watanabe,1,2000,4000,0.0,0,0,"[0, 0]",9,83.86764588400547
regular,250,250,108,1.4323846377882128,"c=1,d=5",watanabe,1,2000,4000,0.0,0,0,"[0, 0]",5,76.12538301599852
e-singular,250,250,108,1.499991083952886,"c=1,d=5",watanabe,1,2000,4000,0.0,0,0,"[0, 0]",7,77.52921310599777
singular1,250,250,108,0.9156515274946636,"c=1,d=5",watanabe,1,2000,4000,0.0,0,0,"[0, 0]",10,81.15551824298745
singular2,250,250,108,0.8328836818438454,"c=1,d=5",watanabe,1,2000,4000,0.0,0,0,"[0, 0]",9,75.82585634800489
regular,250,250,108,1.584479770169285,"c=1,d=10",watanabe,1,2000,4000,0.0,0,0,"[0, 0]",5,77.6959699959989
e-singular,250,250,108,1.602807602047637,"c=1,d=10",watanabe,1,2000,4000,0.0,0,0,"[0, 0]",8,78.22561877900444
singular1,250,250,108,1.002773824000021,"c=1,d=10",watanabe,1,2000,4000,0.0,0,0,"[0, 0]",10,75.08534596199752
singular2,250,250,108,0.8429100174415634,"c=1,d=10",watanabe,1,2000,4000,0.0,0,0,"[0, 0]",9,77.01669056400715
regular,5000,5000,108,0.5600981081200905,"c=1,d=0.1",watanabe,1,2000,4000,0.0,0,0,"[0, 0]",5,135.96515552799974
e-singular,5000,5000,108,2.134084620000112,"c=1,d=0.1",watanabe,1,2000,4000,0.0,0,0,"[0, 0]",7,219.61020635800372
singular1,5000,5000,108,1.2446922654243613,"c=1,d=0.1",watanabe,1,2000,4000,0.0,0,0,"[0, 0]",10,405.5604429400119
singular2,5000,5000,108,0.3851001385873146,"c=1,d=0.1",watanabe,1,2000,4000,0.0,0,0,"[0, 0]",10,420.1213676449988
regular,5000,5000,108,1.4647914934027255,"c=1,d=1",watanabe,1,2000,4000,0.0,0,0,"[0, 0]",5,162.19459792198904
e-singular,5000,5000,108,1.6042994239071011,"c=1,d=1",watanabe,1,2000,4000,0.0,0,0,"[0, 0]",7,221.68315848099883
singular1,5000,5000,108,0.7858770583083332,"c=1,d=1",watanabe,1,2000,4000,0.0,0,0,"[0, 0]",10,442.7303549240023
singular2,5000,5000,108,1.0129949712135833,"c=1,d=1",watanabe,1,2000,4000,0.0,0,0,"[0, 0]",10,430.4992773709964
regular,5000,5000,108,1.444776296757259,"c=1,d=2",watanabe,1,2000,4000,0.0,0,0,"[0, 0]",5,153.98121191399696
e-singular,5000,5000,108,1.359767120824115,"c=1,d=2",watanabe,1,2000,4000,0.0,0,0,"[0, 0]",6,189.7388144909928
singular1,5000,5000,108,0.727840528010078,"c=1,d=2",watanabe,1,2000,4000,0.0,0,0,"[0, 0]",10,458.9068059370038
singular2,5000,5000,108,0.7429950579023323,"c=1,d=2",watanabe,1,2000,4000,0.0,0,0,"[0, 0]",10,460.2568035029981
regular,5000,5000,108,1.548650693139239,"c=1,d=5",watanabe,1,2000,4000,0.0,0,0,"[0, 0]",5,145.2101693200093
e-singular,5000,5000,108,1.5105024724868952,"c=1,d=5",watanabe,1,2000,4000,0.0,0,0,"[0, 0]",7,195.83578916999977
singular1,5000,5000,108,0.8803281376689048,"c=1,d=5",watanabe,1,2000,4000,0.0,0,0,"[0, 0]",10,376.8023634090059
singular2,5000,5000,108,0.8518009263133225,"c=1,d=5",watanabe,1,2000,4000,0.0,0,0,"[0, 0]",10,383.2009965590114
regular,5000,5000,108,1.454687802721592,"c=1,d=10",watanabe,1,2000,4000,0.0,0,0,"[0, 0]",5,155.45167875399056
e-singular,5000,5000,108,1.5280044612592534,"c=1,d=10",watanabe,1,2000,4000,0.0,0,0,"[0, 0]",6,214.0330258229951
singular1,5000,5000,108,0.7854683199551651,"c=1,d=10",watanabe,1,2000,4000,0.0,0,0,"[0, 0]",10,392.519469189996
singular2,5000,5000,108,0.834595564951921,"c=1,d=10",watanabe,1,2000,4000,0.0,0,0,"[0, 0]",10,390.3202514769946
regular,50,50,109,0.9833530910878244,"c=1,d=0.1",watanabe,1,2000,4000,0.0,0,0,"[0, 0]",5,56.2740040649951
e-singular,50,50,109,0.5392534903100491,"c=1,d=0.1",watanabe,1,2000,4000,0.0,0,0,"[0, 0]",8,49.20129478399758
singular1,50,50,109,0.3782723007411373,"c=1,d=0.1",watanabe,1,2000,4000,0.0,0,0,"[0, 0]",8,59.02066991000902
singular2,50,50,109,0.8318020029324388,"c=1,d=0.1",watanabe,1,2000,4000,0.0,0,0,"[0, 0]",7,58.26215580799908
regular,50,50,109,1.4510666747274483,"c=1,d=1",watanabe,1,2000,4000,0.0,0,0,"[0, 0]",5,54.714846832008334
e-singular,50,50,109,0.9474314468492682,"c=1,d=1",watanabe,1,2000,4000,0.0,0,0,"[0, 0]",8,59.78202160799992
singular1,50,50,109,1.042887888609355,"c=1,d=1",watanabe,1,2000,4000,0.0,0,0,"[0, 0]",9,57.63991451899346
singular2,50,50,109,1.0766328875286255,"c=1,d=1",watanabe,1,2000,4000,0.0,0,0,"[0, 0]",8,56.22710388300766
regular,50,50,109,1.3341751092889922,"c=1,d=2",watanabe,1,2000,4000,0.0,0,0,"[0, 0]",5,68.89582403399982
e-singular,50,50,109,0.9254425945429624,"c=1,d=2",watanabe,1,2000,4000,0.0,0,0,"[0, 0]",8,78.2838545130071
singular1,50,50,109,0.8756529667714354,"c=1,d=2",watanabe,1,2000,4000,0.0,0,0,"[0, 0]",10,79.00934473599773
singular2,50,50,109,1.020020180333811,"c=1,d=2",watanabe,1,2000,4000,0.0,0,0,"[0, 0]",8,77.00074611400487
regular,50,50,109,1.447331704916574,"c=1,d=5",watanabe,1,2000,4000,0.0,0,0,"[0, 0]",5,76.55455335701117
e-singular,50,50,109,1.095929023906002,"c=1,d=5",watanabe,1,2000,4000,0.0,0,0,"[0, 0]",10,78.87599466800748
singular1,50,50,109,0.9216122888107028,"c=1,d=5",watanabe,1,2000,4000,0.0,0,0,"[0, 0]",9,94.86881418600387
singular2,50,50,109,1.0302364247137403,"c=1,d=5",watanabe,1,2000,4000,0.0,0,0,"[0, 0]",8,81.73580700899765
regular,50,50,109,1.3505551219068324,"c=1,d=10",watanabe,1,2000,4000,0.0,0,0,"[0, 0]",5,65.44290261299466
e-singular,50,50,109,1.0685031421268116,"c=1,d=10",watanabe,1,2000,4000,0.0,0,0,"[0, 0]",9,72.94685521200881
singular1,50,50,109,1.076539432628287,"c=1,d=10",watanabe,1,2000,4000,0.0,0,0,"[0, 0]",9,58.91852709699015
singular2,50,50,109,0.961088075008948,"c=1,d=10",watanabe,1,2000,4000,0.0,0,0,"[0, 0]",9,78.42816240100365
regular,250,250,109,0.8281393011811972,"c=1,d=0.1",watanabe,1,2000,4000,0.0,0,0,"[0, 0]",5,79.2010329629993
e-singular,250,250,109,0.4857707153942964,"c=1,d=0.1",watanabe,1,2000,4000,0.0,0,0,"[0, 0]",9,86.72961591499916
singular1,250,250,109,0.6823901818208776,"c=1,d=0.1",watanabe,1,2000,4000,0.0,0,0,"[0, 0]",9,82.75053822100745
singular2,250,250,109,0.2903985439339644,"c=1,d=0.1",watanabe,1,2000,4000,0.0,0,0,"[0, 0]",8,74.471602102014
regular,250,250,109,1.372159534269087,"c=1,d=1",watanabe,1,2000,4000,0.0,0,0,"[0, 0]",5,75.40937674800807
e-singular,250,250,109,1.3235233250433447,"c=1,d=1",watanabe,1,2000,4000,0.0,0,0,"[0, 0]",10,75.0945862570079
singular1,250,250,109,0.9555515114635904,"c=1,d=1",watanabe,1,2000,4000,0.0,0,0,"[0, 0]",9,56.65368988800037
singular2,250,250,109,0.8657855312532667,"c=1,d=1",watanabe,1,2000,4000,0.0,0,0,"[0, 0]",9,81.47635965899099
regular,250,250,109,1.5144283592223715,"c=1,d=2",watanabe,1,2000,4000,0.0,0,0,"[0, 0]",5,77.65430416099844
e-singular,250,250,109,1.3028137468501113,"c=1,d=2",watanabe,1,2000,4000,0.0,0,0,"[0, 0]",10,95.2935128629906
singular1,250,250,109,1.0001239081668445,"c=1,d=2",watanabe,1,2000,4000,0.0,0,0,"[0, 0]",9,84.77942915499443
singular2,250,250,109,0.8439562992057803,"c=1,d=2",watanabe,1,2000,4000,0.0,0,0,"[0, 0]",9,81.2142285709997
regular,250,250,109,1.430310428597512,"c=1,d=5",watanabe,1,2000,4000,0.0,0,0,"[0, 0]",5,65.76804446600727
e-singular,250,250,109,1.3785111301822128,"c=1,d=5",watanabe,1,2000,4000,0.0,0,0,"[0, 0]",8,93.4643867029954
singular1,250,250,109,0.9626756803561634,"c=1,d=5",watanabe,1,2000,4000,0.0,0,0,"[0, 0]",10,64.88862379200873
singular2,250,250,109,0.8129442415216196,"c=1,d=5",watanabe,1,2000,4000,0.0,0,0,"[0, 0]",10,70.03881710299174
regular,250,250,109,1.489846712201541,"c=1,d=10",watanabe,1,2000,4000,0.0,0,0,"[0, 0]",5,56.69341945998895
e-singular,250,250,109,1.25191516301759,"c=1,d=10",watanabe,1,2000,4000,0.0,0,0,"[0, 0]",9,85.7224654929887
singular1,250,250,109,0.9172081835174192,"c=1,d=10",watanabe,1,2000,4000,0.0,0,0,"[0, 0]",10,96.19398926998838
singular2,250,250,109,0.8146593368675181,"c=1,d=10",watanabe,1,2000,4000,0.0,0,0,"[0, 0]",9,88.54927014300483
regular,5000,5000,109,0.5726437198432799,"c=1,d=0.1",watanabe,1,2000,4000,0.0,0,0,"[0, 0]",5,180.14244854000572
e-singular,5000,5000,109,3.104098757328163,"c=1,d=0.1",watanabe,1,2000,4000,0.0,0,0,"[0, 0]",7,272.415130740992
singular1,5000,5000,109,0.2293732421683733,"c=1,d=0.1",watanabe,1,2000,4000,0.0,0,0,"[0, 0]",10,444.8919833729888
singular2,5000,5000,109,1.2788997367126238,"c=1,d=0.1",watanabe,1,2000,4000,0.0,0,0,"[0, 0]",10,428.7517049089947
regular,5000,5000,109,1.3397882742996623,"c=1,d=1",watanabe,1,2000,4000,0.0,0,0,"[0, 0]",6,175.64211406500544
e-singular,5000,5000,109,1.3255801788606547,"c=1,d=1",watanabe,1,2000,4000,0.0,0,0,"[0, 0]",6,198.1948589359963
singular1,5000,5000,109,0.8452358164557525,"c=1,d=1",watanabe,1,2000,4000,0.0,0,0,"[0, 0]",10,448.8905580909923
singular2,5000,5000,109,0.7522754800293481,"c=1,d=1",watanabe,1,2000,4000,0.0,0,0,"[0, 0]",10,485.6465654890053
regular,5000,5000,109,1.5196468689739815,"c=1,d=2",watanabe,1,2000,4000,0.0,0,0,"[0, 0]",5,153.83940900000744
e-singular,5000,5000,109,1.473823819565501,"c=1,d=2",watanabe,1,2000,4000,0.0,0,0,"[0, 0]",7,196.01143323800352
singular1,5000,5000,109,0.8257315032992102,"c=1,d=2",watanabe,1,2000,4000,0.0,0,0,"[0, 0]",10,499.2068350699992
singular2,5000,5000,109,0.7549184259719917,"c=1,d=2",watanabe,1,2000,4000,0.0,0,0,"[0, 0]",10,467.3630799860112
regular,5000,5000,109,1.528387380759037,"c=1,d=5",watanabe,1,2000,4000,0.0,0,0,"[0, 0]",5,161.82090894700377
e-singular,5000,5000,109,1.445671384747511,"c=1,d=5",watanabe,1,2000,4000,0.0,0,0,"[0, 0]",6,272.9887593220046
singular1,5000,5000,109,0.9514304704453456,"c=1,d=5",watanabe,1,2000,4000,0.0,0,0,"[0, 0]",10,413.8074820089969
singular2,5000,5000,109,0.8043894758729236,"c=1,d=5",watanabe,1,2000,4000,0.0,0,0,"[0, 0]",10,409.61402636001
regular,5000,5000,109,1.5202872044721878,"c=1,d=10",watanabe,1,2000,4000,0.0,0,0,"[0, 0]",5,155.09619780399953
e-singular,5000,5000,109,1.5523633950736435,"c=1,d=10",watanabe,1,2000,4000,0.0,0,0,"[0, 0]",6,206.14247306800092
singular1,5000,5000,109,0.7786027652722133,"c=1,d=10",watanabe,1,2000,4000,0.0,0,0,"[0, 0]",10,407.327238946993
singular2,5000,5000,109,0.7743486894026411,"c=1,d=10",watanabe,1,2000,4000,0.0,0,0,"[0, 0]",10,399.41309659600665
regular,50,50,110,1.0090351244478075,"c=1,d=0.1",watanabe,1,2000,4000,0.0,0,0,"[0, 0]",5,50.36171756600379
e-singular,50,50,110,0.8372326595588265,"c=1,d=0.1",watanabe,1,2000,4000,0.0,0,0,"[0, 0]",8,53.14475073599897
singular1,50,50,110,0.2097666621863399,"c=1,d=0.1",watanabe,1,2000,4000,0.0,0,0,"[0, 0]",8,51.3425507619977
singular2,50,50,110,1.3366785006011652,"c=1,d=0.1",watanabe,1,2000,4000,0.0,0,0,"[0, 0]",7,103.43463943700772
regular,50,50,110,1.5807306210180376,"c=1,d=1",watanabe,1,2000,4000,0.0,0,0,"[0, 0]",5,97.54303568899924
e-singular,50,50,110,0.9622494202041452,"c=1,d=1",watanabe,1,2000,4000,0.0,0,0,"[0, 0]",9,109.09817513699818
singular1,50,50,110,1.0219304979342838,"c=1,d=1",watanabe,1,2000,4000,0.0,0,0,"[0, 0]",9,106.70702876600262
singular2,50,50,110,0.768841023099476,"c=1,d=1",watanabe,1,2000,4000,0.0,0,0,"[0, 0]",8,105.16902736799966
regular,50,50,110,1.43715982100651,"c=1,d=2",watanabe,1,2000,4000,0.0,0,0,"[0, 0]",5,80.73541762700188
e-singular,50,50,110,0.8221037943604972,"c=1,d=2",watanabe,1,2000,4000,0.0,0,0,"[0, 0]",9,82.69543851500202
singular1,50,50,110,0.992750943804932,"c=1,d=2",watanabe,1,2000,4000,0.0,0,0,"[0, 0]",8,79.1907766009972
singular2,50,50,110,0.92538941113365,"c=1,d=2",watanabe,1,2000,4000,0.0,0,0,"[0, 0]",8,93.51866935999716
regular,50,50,110,1.3957360336255658,"c=1,d=5",watanabe,1,2000,4000,0.0,0,0,"[0, 0]",5,107.9687799240055
e-singular,50,50,110,0.956309215506276,"c=1,d=5",watanabe,1,2000,4000,0.0,0,0,"[0, 0]",10,134.60961595199478
singular1,50,50,110,1.1041768434221908,"c=1,d=5",watanabe,1,2000,4000,0.0,0,0,"[0, 0]",9,113.2532225039904
singular2,50,50,110,0.8949258958220138,"c=1,d=5",watanabe,1,2000,4000,0.0,0,0,"[0, 0]",8,117.62810137800987
regular,50,50,110,1.4144709185598194,"c=1,d=10",watanabe,1,2000,4000,0.0,0,0,"[0, 0]",5,129.76979533198755
e-singular,50,50,110,1.0467387220235869,"c=1,d=10",watanabe,1,2000,4000,0.0,0,0,"[0, 0]",8,121.6463716809958
singular1,50,50,110,0.9891931692642376,"c=1,d=10",watanabe,1,2000,4000,0.0,0,0,"[0, 0]",9,123.06238226599817
singular2,50,50,110,0.9107174181568964,"c=1,d=10",watanabe,1,2000,4000,0.0,0,0,"[0, 0]",9,97.91237510199426
regular,250,250,110,1.339872375063511,"c=1,d=0.1",watanabe,1,2000,4000,0.0,0,0,"[0, 0]",5,105.53883933300676
e-singular,250,250,110,0.134150229650065,"c=1,d=0.1",watanabe,1,2000,4000,0.0,0,0,"[0, 0]",9,87.87082825299876
singular1,250,250,110,0.3589242115737205,"c=1,d=0.1",watanabe,1,2000,4000,0.0,0,0,"[0, 0]",9,78.41177909998805
singular2,250,250,110,0.901601548826366,"c=1,d=0.1",watanabe,1,2000,4000,0.0,0,0,"[0, 0]",8,84.88003214700439
regular,250,250,110,1.484682612415832,"c=1,d=1",watanabe,1,2000,4000,0.0,0,0,"[0, 0]",5,90.54642819000584
e-singular,250,250,110,1.4895141729088393,"c=1,d=1",watanabe,1,2000,4000,0.0,0,0,"[0, 0]",8,101.20723056400313
singular1,250,250,110,1.1097134654704814,"c=1,d=1",watanabe,1,2000,4000,0.0,0,0,"[0, 0]",10,96.41719361499418
singular2,250,250,110,0.996382461067626,"c=1,d=1",watanabe,1,2000,4000,0.0,0,0,"[0, 0]",8,106.72691853898868
regular,250,250,110,1.491958176092365,"c=1,d=2",watanabe,1,2000,4000,0.0,0,0,"[0, 0]",5,75.54912503900414
e-singular,250,250,110,1.4395066479670182,"c=1,d=2",watanabe,1,2000,4000,0.0,0,0,"[0, 0]",8,77.56758619500033
singular1,250,250,110,1.04317975734952,"c=1,d=2",watanabe,1,2000,4000,0.0,0,0,"[0, 0]",9,89.31125502799114
singular2,250,250,110,0.8138498594658685,"c=1,d=2",watanabe,1,2000,4000,0.0,0,0,"[0, 0]",9,96.4985811009974
regular,250,250,110,1.4874236779236103,"c=1,d=5",watanabe,1,2000,4000,0.0,0,0,"[0, 0]",5,80.06230841900106
e-singular,250,250,110,1.5164147251498008,"c=1,d=5",watanabe,1,2000,4000,0.0,0,0,"[0, 0]",8,106.01577242100028
singular1,250,250,110,0.9220905038604196,"c=1,d=5",watanabe,1,2000,4000,0.0,0,0,"[0, 0]",9,86.5621535310056
singular2,250,250,110,0.815223113506054,"c=1,d=5",watanabe,1,2000,4000,0.0,0,0,"[0, 0]",10,117.21269283798756
regular,250,250,110,1.5732296922018596,"c=1,d=10",watanabe,1,2000,4000,0.0,0,0,"[0, 0]",5,92.41503931100306
e-singular,250,250,110,1.4443795754202764,"c=1,d=10",watanabe,1,2000,4000,0.0,0,0,"[0, 0]",8,102.41112023800088
singular1,250,250,110,0.857298370554942,"c=1,d=10",watanabe,1,2000,4000,0.0,0,0,"[0, 0]",10,95.70185770899116
singular2,250,250,110,0.8006831450833276,"c=1,d=10",watanabe,1,2000,4000,0.0,0,0,"[0, 0]",9,89.500143939993
regular,5000,5000,110,1.6513594418035806,"c=1,d=0.1",watanabe,1,2000,4000,0.0,0,0,"[0, 0]",5,196.7161537889915
e-singular,5000,5000,110,1.3083779700484734,"c=1,d=0.1",watanabe,1,2000,4000,0.0,0,0,"[0, 0]",6,218.1042661460088
singular1,5000,5000,110,1.4523199658495851,"c=1,d=0.1",watanabe,1,2000,4000,0.0,0,0,"[0, 0]",10,381.5621483409923
singular2,5000,5000,110,1.3524833511488927,"c=1,d=0.1",watanabe,1,2000,4000,0.0,0,0,"[0, 0]",10,429.1024508440023
regular,5000,5000,110,1.538204170645611,"c=1,d=1",watanabe,1,2000,4000,0.0,0,0,"[0, 0]",5,148.2039120929985
e-singular,5000,5000,110,1.8124495813833688,"c=1,d=1",watanabe,1,2000,4000,0.0,0,0,"[0, 0]",7,215.7969915889989
singular1,5000,5000,110,0.724106124291175,"c=1,d=1",watanabe,1,2000,4000,0.0,0,0,"[0, 0]",10,454.4301343620027
singular2,5000,5000,110,0.9520796197838995,"c=1,d=1",watanabe,1,2000,4000,0.0,0,0,"[0, 0]",10,503.40670006300206
regular,5000,5000,110,1.3697534911475555,"c=1,d=2",watanabe,1,2000,4000,0.0,0,0,"[0, 0]",5,139.18846309800574
e-singular,5000,5000,110,1.4396536559871018,"c=1,d=2",watanabe,1,2000,4000,0.0,0,0,"[0, 0]",7,202.5430558250082
singular1,5000,5000,110,0.8630792276681556,"c=1,d=2",watanabe,1,2000,4000,0.0,0,0,"[0, 0]",10,456.60017179799615
singular2,5000,5000,110,0.8401908696693968,"c=1,d=2",watanabe,1,2000,4000,0.0,0,0,"[0, 0]",10,436.9238847840024
regular,5000,5000,110,1.469938903794339,"c=1,d=5",watanabe,1,2000,4000,0.0,0,0,"[0, 0]",5,185.99769033100165
e-singular,5000,5000,110,1.4926601842020757,"c=1,d=5",watanabe,1,2000,4000,0.0,0,0,"[0, 0]",6,221.6381072009972
singular1,5000,5000,110,0.7597120069300789,"c=1,d=5",watanabe,1,2000,4000,0.0,0,0,"[0, 0]",10,392.1112359060062
singular2,5000,5000,110,0.7956925799832566,"c=1,d=5",watanabe,1,2000,4000,0.0,0,0,"[0, 0]",10,476.5920986379933
regular,5000,5000,110,1.5616227167846788,"c=1,d=10",watanabe,1,2000,4000,0.0,0,0,"[0, 0]",6,179.83292805300152
e-singular,5000,5000,110,1.5440048170811944,"c=1,d=10",watanabe,1,2000,4000,0.0,0,0,"[0, 0]",7,213.0559769429965
singular1,5000,5000,110,0.7304808667269751,"c=1,d=10",watanabe,1,2000,4000,0.0,0,0,"[0, 0]",10,352.05512884700147
singular2,5000,5000,110,0.7990302595601726,"c=1,d=10",watanabe,1,2000,4000,0.0,0,0,"[0, 0]",10,470.29587184800766
regular,50,50,111,1.6090955955848454,"c=1,d=0.1",watanabe,1,2000,4000,0.0,0,0,"[0, 0]",5,67.54942057500011
e-singular,50,50,111,0.2615372102341017,"c=1,d=0.1",watanabe,1,2000,4000,0.0,0,0,"[0, 0]",8,66.13470173100359
singular1,50,50,111,-0.3746819860255966,"c=1,d=0.1",watanabe,1,2000,4000,0.0,0,0,"[0, 0]",8,106.71247838399722
singular2,50,50,111,0.8896434343888268,"c=1,d=0.1",watanabe,1,2000,4000,0.0,0,0,"[0, 0]",8,107.8956762089947
regular,50,50,111,1.371305971358182,"c=1,d=1",watanabe,1,2000,4000,0.0,0,0,"[0, 0]",5,95.76209848601138
e-singular,50,50,111,1.14454470603537,"c=1,d=1",watanabe,1,2000,4000,0.0,0,0,"[0, 0]",8,71.22746256900427
singular1,50,50,111,1.0187472470934822,"c=1,d=1",watanabe,1,2000,4000,0.0,0,0,"[0, 0]",8,97.9143687600008
singular2,50,50,111,0.974138628751964,"c=1,d=1",watanabe,1,2000,4000,0.0,0,0,"[0, 0]",8,108.49613862499244
regular,50,50,111,1.3537618897764725,"c=1,d=2",watanabe,1,2000,4000,0.0,0,0,"[0, 0]",5,114.72755578999931
e-singular,50,50,111,1.415259952365,"c=1,d=2",watanabe,1,2000,4000,0.0,0,0,"[0, 0]",9,115.7362573559949
singular1,50,50,111,1.0674514376091215,"c=1,d=2",watanabe,1,2000,4000,0.0,0,0,"[0, 0]",9,110.84008541100776
singular2,50,50,111,0.8567087711046707,"c=1,d=2",watanabe,1,2000,4000,0.0,0,0,"[0, 0]",8,90.72063206699386
regular,50,50,111,1.3771177530047094,"c=1,d=5",watanabe,1,2000,4000,0.0,0,0,"[0, 0]",5,91.96999943901028
e-singular,50,50,111,1.42659226081196,"c=1,d=5",watanabe,1,2000,4000,0.0,0,0,"[0, 0]",8,111.276062903009
singular1,50,50,111,1.0809457106316451,"c=1,d=5",watanabe,1,2000,4000,0.0,0,0,"[0, 0]",9,113.90769353098584
singular2,50,50,111,1.0390296325524673,"c=1,d=5",watanabe,1,2000,4000,0.0,0,0,"[0, 0]",8,113.3804480539984
regular,50,50,111,1.436171602153662,"c=1,d=10",watanabe,1,2000,4000,0.0,0,0,"[0, 0]",5,90.9274309510074
e-singular,50,50,111,1.559525330406358,"c=1,d=10",watanabe,1,2000,4000,0.0,0,0,"[0, 0]",8,91.13660608000646
singular1,50,50,111,1.0189831408442065,"c=1,d=10",watanabe,1,2000,4000,0.0,0,0,"[0, 0]",9,99.30772018400604
singular2,50,50,111,1.0573762650884455,"c=1,d=10",watanabe,1,2000,4000,0.0,0,0,"[0, 0]",8,94.75259356100288
regular,250,250,111,1.1200557611067508,"c=1,d=0.1",watanabe,1,2000,4000,0.0,0,0,"[0, 0]",5,95.98193482699573
e-singular,250,250,111,0.6426849436847635,"c=1,d=0.1",watanabe,1,2000,4000,0.0,0,0,"[0, 0]",7,73.67792719299905
singular1,250,250,111,1.171532306757222,"c=1,d=0.1",watanabe,1,2000,4000,0.0,0,0,"[0, 0]",10,112.03622746100882
singular2,250,250,111,3.123038032190014,"c=1,d=0.1",watanabe,1,2000,4000,0.0,0,0,"[0, 0]",8,110.71400797400564
regular,250,250,111,1.5300402221708025,"c=1,d=1",watanabe,1,2000,4000,0.0,0,0,"[0, 0]",5,70.71976555600122
e-singular,250,250,111,1.4690804355449762,"c=1,d=1",watanabe,1,2000,4000,0.0,0,0,"[0, 0]",7,81.01913642
singular1,250,250,111,1.115305701211966,"c=1,d=1",watanabe,1,2000,4000,0.0,0,0,"[0, 0]",10,115.00661650599795
singular2,250,250,111,0.8935766341132294,"c=1,d=1",watanabe,1,2000,4000,0.0,0,0,"[0, 0]",8,108.28114828000253
regular,250,250,111,1.527996534643887,"c=1,d=2",watanabe,1,2000,4000,0.0,0,0,"[0, 0]",5,95.945231796999
e-singular,250,250,111,1.484702178221414,"c=1,d=2",watanabe,1,2000,4000,0.0,0,0,"[0, 0]",8,99.11926521100396
singular1,250,250,111,1.1262762439254028,"c=1,d=2",watanabe,1,2000,4000,0.0,0,0,"[0, 0]",10,122.8324078949954
singular2,250,250,111,0.8667968521162611,"c=1,d=2",watanabe,1,2000,4000,0.0,0,0,"[0, 0]",9,125.68155867500172
regular,250,250,111,1.4753197700876903,"c=1,d=5",watanabe,1,2000,4000,0.0,0,0,"[0, 0]",5,107.81947904700064
e-singular,250,250,111,1.5842398293506197,"c=1,d=5",watanabe,1,2000,4000,0.0,0,0,"[0, 0]",7,102.13308418801172
singular1,250,250,111,1.0943112295387234,"c=1,d=5",watanabe,1,2000,4000,0.0,0,0,"[0, 0]",10,85.66826373600634
singular2,250,250,111,0.8335117132925661,"c=1,d=5",watanabe,1,2000,4000,0.0,0,0,"[0, 0]",10,106.85946238800534
regular,250,250,111,1.379844144892335,"c=1,d=10",watanabe,1,2000,4000,0.0,0,0,"[0, 0]",5,97.41230461999658
e-singular,250,250,111,1.658660460658736,"c=1,d=10",watanabe,1,2000,4000,0.0,0,0,"[0, 0]",8,103.97004499999456
singular1,250,250,111,0.9980381998930796,"c=1,d=10",watanabe,1,2000,4000,0.0,0,0,"[0, 0]",10,89.09604054399824
singular2,250,250,111,0.9253520475971354,"c=1,d=10",watanabe,1,2000,4000,0.0,0,0,"[0, 0]",10,88.94304616599402
regular,5000,5000,111,1.4716335374927592,"c=1,d=0.1",watanabe,1,2000,4000,0.0,0,0,"[0, 0]",5,178.0768862650002
e-singular,5000,5000,111,1.52554731481192,"c=1,d=0.1",watanabe,1,2000,4000,0.0,0,0,"[0, 0]",6,232.9024673140084
singular1,5000,5000,111,1.53383320441803,"c=1,d=0.1",watanabe,1,2000,4000,0.0,0,0,"[0, 0]",10,452.9826705430023
singular2,5000,5000,111,1.1341184800428077,"c=1,d=0.1",watanabe,1,2000,4000,0.0,0,0,"[0, 0]",10,397.9202993419895
regular,5000,5000,111,1.508730251600188,"c=1,d=1",watanabe,1,2000,4000,0.0,0,0,"[0, 0]",6,196.1121423830045
e-singular,5000,5000,111,1.445476046908598,"c=1,d=1",watanabe,1,2000,4000,0.0,0,0,"[0, 0]",7,207.76151045500592
singular1,5000,5000,111,0.8490323499824686,"c=1,d=1",watanabe,1,2000,4000,0.0,0,0,"[0, 0]",10,422.0071461970074
singular2,5000,5000,111,0.8333053086539126,"c=1,d=1",watanabe,1,2000,4000,0.0,0,0,"[0, 0]",10,477.7076805969991
regular,5000,5000,111,1.5400895385003013,"c=1,d=2",watanabe,1,2000,4000,0.0,0,0,"[0, 0]",5,157.0215190059971
e-singular,5000,5000,111,1.4453514580621831,"c=1,d=2",watanabe,1,2000,4000,0.0,0,0,"[0, 0]",7,701.4494590270042
singular1,5000,5000,111,0.8773908090057426,"c=1,d=2",watanabe,1,2000,4000,0.0,0,0,"[0, 0]",10,440.6021812740073
singular2,5000,5000,111,0.9045308894004562,"c=1,d=2",watanabe,1,2000,4000,0.0,0,0,"[0, 0]",10,545.6574102790037
regular,5000,5000,111,1.4086378649267384,"c=1,d=5",watanabe,1,2000,4000,0.0,0,0,"[0, 0]",5,171.10819116199855
e-singular,5000,5000,111,1.4020599366794635,"c=1,d=5",watanabe,1,2000,4000,0.0,0,0,"[0, 0]",7,216.2171724219952
singular1,5000,5000,111,0.7880585362248916,"c=1,d=5",watanabe,1,2000,4000,0.0,0,0,"[0, 0]",10,463.8379405809974
singular2,5000,5000,111,0.8311925832885682,"c=1,d=5",watanabe,1,2000,4000,0.0,0,0,"[0, 0]",10,419.3848964970093
regular,5000,5000,111,1.4968149318676076,"c=1,d=10",watanabe,1,2000,4000,0.0,0,0,"[0, 0]",5,173.5742984719982
e-singular,5000,5000,111,1.459774240375275,"c=1,d=10",watanabe,1,2000,4000,0.0,0,0,"[0, 0]",7,222.6984487640002
singular1,5000,5000,111,0.8464325044110315,"c=1,d=10",watanabe,1,2000,4000,0.0,0,0,"[0, 0]",10,389.5291761230037
singular2,5000,5000,111,0.9119907096266346,"c=1,d=10",watanabe,1,2000,4000,0.0,0,0,"[0, 0]",10,421.0594617789902
regular,50,50,112,0.9191278851870908,"c=1,d=0.1",watanabe,1,2000,4000,0.0,0,0,"[0, 0]",6,87.14950972200313
e-singular,50,50,112,1.00143357788333,"c=1,d=0.1",watanabe,1,2000,4000,0.0,0,0,"[0, 0]",8,77.86660312701133
singular1,50,50,112,1.065852888142966,"c=1,d=0.1",watanabe,1,2000,4000,0.0,0,0,"[0, 0]",8,88.75609451800119
singular2,50,50,112,1.2181004035443035,"c=1,d=0.1",watanabe,1,2000,4000,0.0,0,0,"[0, 0]",8,88.14308341599826
regular,50,50,112,1.4853623024818443,"c=1,d=1",watanabe,1,2000,4000,0.0,0,0,"[0, 0]",5,90.83546901500084
e-singular,50,50,112,1.5301378417772038,"c=1,d=1",watanabe,1,2000,4000,0.0,0,0,"[0, 0]",7,86.31273675699777
singular1,50,50,112,1.0969936768693045,"c=1,d=1",watanabe,1,2000,4000,0.0,0,0,"[0, 0]",8,102.95344778000435
singular2,50,50,112,0.9084198718842184,"c=1,d=1",watanabe,1,2000,4000,0.0,0,0,"[0, 0]",8,103.32272726899828
regular,50,50,112,1.4107771049462752,"c=1,d=2",watanabe,1,2000,4000,0.0,0,0,"[0, 0]",5,88.32447980500001
e-singular,50,50,112,1.5998452416785025,"c=1,d=2",watanabe,1,2000,4000,0.0,0,0,"[0, 0]",7,90.15381383099884
singular1,50,50,112,1.145515518332713,"c=1,d=2",watanabe,1,2000,4000,0.0,0,0,"[0, 0]",9,114.41096314400784
singular2,50,50,112,1.03596553648063,"c=1,d=2",watanabe,1,2000,4000,0.0,0,0,"[0, 0]",7,116.01321994799946
regular,50,50,112,1.4755341449067922,"c=1,d=5",watanabe,1,2000,4000,0.0,0,0,"[0, 0]",5,109.78538345498964
e-singular,50,50,112,1.5999809315775595,"c=1,d=5",watanabe,1,2000,4000,0.0,0,0,"[0, 0]",7,104.94704433699371
singular1,50,50,112,1.380401180662651,"c=1,d=5",watanabe,1,2000,4000,0.0,0,0,"[0, 0]",9,101.4987115219992
singular2,50,50,112,0.9611039391170556,"c=1,d=5",watanabe,1,2000,4000,0.0,0,0,"[0, 0]",8,101.31289199599996
regular,50,50,112,1.438040871911086,"c=1,d=10",watanabe,1,2000,4000,0.0,0,0,"[0, 0]",5,95.10422140698938
e-singular,50,50,112,1.540079050600131,"c=1,d=10",watanabe,1,2000,4000,0.0,0,0,"[0, 0]",7,97.72255520499311
singular1,50,50,112,1.307548269028086,"c=1,d=10",watanabe,1,2000,4000,0.0,0,0,"[0, 0]",8,86.4612682559964
singular2,50,50,112,0.9364318280649324,"c=1,d=10",watanabe,1,2000,4000,0.0,0,0,"[0, 0]",8,94.72677598999871
regular,250,250,112,1.2060465209711366,"c=1,d=0.1",watanabe,1,2000,4000,0.0,0,0,"[0, 0]",5,96.82219529499709
e-singular,250,250,112,2.110216797432677,"c=1,d=0.1",watanabe,1,2000,4000,0.0,0,0,"[0, 0]",8,113.96023046399932
singular1,250,250,112,-0.0001882639372805,"c=1,d=0.1",watanabe,1,2000,4000,0.0,0,0,"[0, 0]",10,124.3905576219986
singular2,250,250,112,-0.5169290725334226,"c=1,d=0.1",watanabe,1,2000,4000,0.0,0,0,"[0, 0]",8,116.39923423698929
regular,250,250,112,1.6774419248389014,"c=1,d=1",watanabe,1,2000,4000,0.0,0,0,"[0, 0]",5,85.41018102799717
e-singular,250,250,112,1.6368124342454584,"c=1,d=1",watanabe,1,2000,4000,0.0,0,0,"[0, 0]",8,83.47990355099319
singular1,250,250,112,0.9756637288136188,"c=1,d=1",watanabe,1,2000,4000,0.0,0,0,"[0, 0]",10,108.925388646996
singular2,250,250,112,0.938291434329558,"c=1,d=1",watanabe,1,2000,4000,0.0,0,0,"[0, 0]",8,85.10289930699219
regular,250,250,112,1.464457356868954,"c=1,d=2",watanabe,1,2000,4000,0.0,0,0,"[0, 0]",5,84.53920397399634
e-singular,250,250,112,1.5160993602930266,"c=1,d=2",watanabe,1,2000,4000,0.0,0,0,"[0, 0]",8,72.00050897599431
singular1,250,250,112,0.9504070455275836,"c=1,d=2",watanabe,1,2000,4000,0.0,0,0,"[0, 0]",10,136.00427372498962
singular2,250,250,112,0.8555493357975577,"c=1,d=2",watanabe,1,2000,4000,0.0,0,0,"[0, 0]",9,127.84838248799495
regular,250,250,112,1.581543561608033,"c=1,d=5",watanabe,1,2000,4000,0.0,0,0,"[0, 0]",6,103.59042435100127
e-singular,250,250,112,1.611696945044295,"c=1,d=5",watanabe,1,2000,4000,0.0,0,0,"[0, 0]",8,95.14151989099628
singular1,250,250,112,1.112442311838589,"c=1,d=5",watanabe,1,2000,4000,0.0,0,0,"[0, 0]",10,102.97312980199058
singular2,250,250,112,0.7890465533246432,"c=1,d=5",watanabe,1,2000,4000,0.0,0,0,"[0, 0]",10,93.64685268499306
regular,250,250,112,1.4558717739836289,"c=1,d=10",watanabe,1,2000,4000,0.0,0,0,"[0, 0]",5,96.07589940199978
e-singular,250,250,112,1.6059277158400485,"c=1,d=10",watanabe,1,2000,4000,0.0,0,0,"[0, 0]",8,95.28184142499232
singular1,250,250,112,1.261822053625574,"c=1,d=10",watanabe,1,2000,4000,0.0,0,0,"[0, 0]",10,82.17188750700734
singular2,250,250,112,0.8393169779069816,"c=1,d=10",watanabe,1,2000,4000,0.0,0,0,"[0, 0]",9,88.32190526499471
regular,5000,5000,112,1.0182392364189063,"c=1,d=0.1",watanabe,1,2000,4000,0.0,0,0,"[0, 0]",6,173.97199324199755
e-singular,5000,5000,112,2.0332406004552768,"c=1,d=0.1",watanabe,1,2000,4000,0.0,0,0,"[0, 0]",7,211.6160805089894
singular1,5000,5000,112,2.087496930790533,"c=1,d=0.1",watanabe,1,2000,4000,0.0,0,0,"[0, 0]",10,400.4694406680064
singular2,5000,5000,112,1.2458689039175346,"c=1,d=0.1",watanabe,1,2000,4000,0.0,0,0,"[0, 0]",9,355.5021601089975
regular,5000,5000,112,1.5031329250507324,"c=1,d=1",watanabe,1,2000,4000,0.0,0,0,"[0, 0]",5,164.51258731799317
e-singular,5000,5000,112,1.5642029008293694,"c=1,d=1",watanabe,1,2000,4000,0.0,0,0,"[0, 0]",7,223.47175108199008
singular1,5000,5000,112,0.904530147516283,"c=1,d=1",watanabe,1,2000,4000,0.0,0,0,"[0, 0]",10,454.32032957200136
singular2,5000,5000,112,0.949498266041721,"c=1,d=1",watanabe,1,2000,4000,0.0,0,0,"[0, 0]",10,450.8272614089947
regular,5000,5000,112,1.5362579830304808,"c=1,d=2",watanabe,1,2000,4000,0.0,0,0,"[0, 0]",5,139.86484367398953
e-singular,5000,5000,112,1.4808099951096367,"c=1,d=2",watanabe,1,2000,4000,0.0,0,0,"[0, 0]",7,218.11154250199613
singular1,5000,5000,112,1.0143518965792473,"c=1,d=2",watanabe,1,2000,4000,0.0,0,0,"[0, 0]",10,430.6394281529938
singular2,5000,5000,112,0.7899824098633997,"c=1,d=2",watanabe,1,2000,4000,0.0,0,0,"[0, 0]",10,453.81555504999415
regular,5000,5000,112,1.5457657971579448,"c=1,d=5",watanabe,1,2000,4000,0.0,0,0,"[0, 0]",6,221.0757683779957
e-singular,5000,5000,112,1.4717439310047622,"c=1,d=5",watanabe,1,2000,4000,0.0,0,0,"[0, 0]",7,191.484719857006
singular1,5000,5000,112,0.9014952005484111,"c=1,d=5",watanabe,1,2000,4000,0.0,0,0,"[0, 0]",10,378.90720457599673
singular2,5000,5000,112,0.7982868950625519,"c=1,d=5",watanabe,1,2000,4000,0.0,0,0,"[0, 0]",10,404.8387051119935
regular,5000,5000,112,1.514867548434414,"c=1,d=10",watanabe,1,2000,4000,0.0,0,0,"[0, 0]",5,160.70221763999143
e-singular,5000,5000,112,1.4501211507674787,"c=1,d=10",watanabe,1,2000,4000,0.0,0,0,"[0, 0]",7,197.6826638649945
singular1,5000,5000,112,0.8514084047491087,"c=1,d=10",watanabe,1,2000,4000,0.0,0,0,"[0, 0]",10,351.88292834900494
singular2,5000,5000,112,0.7787916350714111,"c=1,d=10",watanabe,1,2000,4000,0.0,0,0,"[0, 0]",10,355.90905310199014
regular,50,50,113,0.1466187855527892,"c=1,d=0.1",watanabe,1,2000,4000,0.0,0,0,"[0, 0]",5,71.42559839900059
e-singular,50,50,113,1.2859135574197529,"c=1,d=0.1",watanabe,1,2000,4000,0.0,0,0,"[0, 0]",8,68.93771549600933
singular1,50,50,113,1.100485943672774,"c=1,d=0.1",watanabe,1,2000,4000,0.0,0,0,"[0, 0]",8,71.22130482300417
singular2,50,50,113,0.8506844023861984,"c=1,d=0.1",watanabe,1,2000,4000,0.0,0,0,"[0, 0]",7,46.93871410501015
regular,50,50,113,1.415135349118374,"c=1,d=1",watanabe,1,2000,4000,0.0,0,0,"[0, 0]",5,70.98245475499425
e-singular,50,50,113,1.0268981285747505,"c=1,d=1",watanabe,1,2000,4000,0.0,0,0,"[0, 0]",8,71.39864775798924
singular1,50,50,113,1.2022310729509302,"c=1,d=1",watanabe,1,2000,4000,0.0,0,0,"[0, 0]",9,75.66679844500322
singular2,50,50,113,0.8344479822908586,"c=1,d=1",watanabe,1,2000,4000,0.0,0,0,"[0, 0]",8,73.93020549500943
regular,50,50,113,1.36442902651967,"c=1,d=2",watanabe,1,2000,4000,0.0,0,0,"[0, 0]",5,80.67548925500887
e-singular,50,50,113,1.017562012568738,"c=1,d=2",watanabe,1,2000,4000,0.0,0,0,"[0, 0]",8,66.36714170100458
singular1,50,50,113,1.154618491941804,"c=1,d=2",watanabe,1,2000,4000,0.0,0,0,"[0, 0]",9,69.8566540699976
singular2,50,50,113,0.937728417561047,"c=1,d=2",watanabe,1,2000,4000,0.0,0,0,"[0, 0]",8,66.5156209400011
regular,50,50,113,1.4054490432189173,"c=1,d=5",watanabe,1,2000,4000,0.0,0,0,"[0, 0]",5,64.33464107400505
e-singular,50,50,113,1.0264591914120365,"c=1,d=5",watanabe,1,2000,4000,0.0,0,0,"[0, 0]",9,61.85407612899144
singular1,50,50,113,1.12052100955982,"c=1,d=5",watanabe,1,2000,4000,0.0,0,0,"[0, 0]",9,73.70419565800694
singular2,50,50,113,0.9702491663401146,"c=1,d=5",watanabe,1,2000,4000,0.0,0,0,"[0, 0]",9,70.08738423101022
regular,50,50,113,1.381457486494572,"c=1,d=10",watanabe,1,2000,4000,0.0,0,0,"[0, 0]",5,71.65782222799317
e-singular,50,50,113,1.1063866840782397,"c=1,d=10",watanabe,1,2000,4000,0.0,0,0,"[0, 0]",9,91.21827856899472
singular1,50,50,113,1.1585063981689097,"c=1,d=10",watanabe,1,2000,4000,0.0,0,0,"[0, 0]",9,94.60653780600114
singular2,50,50,113,0.890760822558976,"c=1,d=10",watanabe,1,2000,4000,0.0,0,0,"[0, 0]",8,93.28630647499811
regular,250,250,113,1.6091544087615277,"c=1,d=0.1",watanabe,1,2000,4000,0.0,0,0,"[0, 0]",5,100.51624719199026
e-singular,250,250,113,1.7561099238293476,"c=1,d=0.1",watanabe,1,2000,4000,0.0,0,0,"[0, 0]",8,95.68316829499965
singular1,250,250,113,0.7992396180245256,"c=1,d=0.1",watanabe,1,2000,4000,0.0,0,0,"[0, 0]",9,109.51727779299836
singular2,250,250,113,0.8575859708821638,"c=1,d=0.1",watanabe,1,2000,4000,0.0,0,0,"[0, 0]",8,106.33256134699332
regular,250,250,113,1.6852821795037565,"c=1,d=1",watanabe,1,2000,4000,0.0,0,0,"[0, 0]",5,71.39535334400716
e-singular,250,250,113,1.6263856629240243,"c=1,d=1",watanabe,1,2000,4000,0.0,0,0,"[0, 0]",9,71.84763492899947
singular1,250,250,113,0.8844653417875056,"c=1,d=1",watanabe,1,2000,4000,0.0,0,0,"[0, 0]",9,73.84442927999771
singular2,250,250,113,1.1421868596694238,"c=1,d=1",watanabe,1,2000,4000,0.0,0,0,"[0, 0]",8,87.01253336499212
regular,250,250,113,1.5415078064342376,"c=1,d=2",watanabe,1,2000,4000,0.0,0,0,"[0, 0]",5,65.58504663799249
e-singular,250,250,113,1.438349624246529,"c=1,d=2",watanabe,1,2000,4000,0.0,0,0,"[0, 0]",7,75.83037456900638
singular1,250,250,113,0.8056555314462855,"c=1,d=2",watanabe,1,2000,4000,0.0,0,0,"[0, 0]",10,77.55520573598915
singular2,250,250,113,0.9007615745502602,"c=1,d=2",watanabe,1,2000,4000,0.0,0,0,"[0, 0]",9,79.54588227100612
regular,250,250,113,1.4683721897290722,"c=1,d=5",watanabe,1,2000,4000,0.0,0,0,"[0, 0]",5,85.17441475299711
e-singular,250,250,113,1.5375258850623792,"c=1,d=5",watanabe,1,2000,4000,0.0,0,0,"[0, 0]",7,66.17060802399646
singular1,250,250,113,1.0025709701530647,"c=1,d=5",watanabe,1,2000,4000,0.0,0,0,"[0, 0]",9,77.74661047800328
singular2,250,250,113,1.0063073174002564,"c=1,d=5",watanabe,1,2000,4000,0.0,0,0,"[0, 0]",8,78.83110674300406
regular,250,250,113,1.472321415735004,"c=1,d=10",watanabe,1,2000,4000,0.0,0,0,"[0, 0]",5,62.79086897200614
e-singular,250,250,113,1.515487525667682,"c=1,d=10",watanabe,1,2000,4000,0.0,0,0,"[0, 0]",8,63.123666453000624
singular1,250,250,113,1.0600544881010567,"c=1,d=10",watanabe,1,2000,4000,0.0,0,0,"[0, 0]",9,82.65331946899823
singular2,250,250,113,0.9130425205304812,"c=1,d=10",watanabe,1,2000,4000,0.0,0,0,"[0, 0]",10,86.94748746900586
regular,5000,5000,113,1.1100406980568385,"c=1,d=0.1",watanabe,1,2000,4000,0.0,0,0,"[0, 0]",5,150.90593276999425
e-singular,5000,5000,113,1.071211025036697,"c=1,d=0.1",watanabe,1,2000,4000,0.0,0,0,"[0, 0]",7,216.01846388600825
singular1,5000,5000,113,2.128714194988299,"c=1,d=0.1",watanabe,1,2000,4000,0.0,0,0,"[0, 0]",10,443.1691364349972
singular2,5000,5000,113,0.342375187769579,"c=1,d=0.1",watanabe,1,2000,4000,0.0,0,0,"[0, 0]",10,417.3268325329991
regular,5000,5000,113,1.6029556812465937,"c=1,d=1",watanabe,1,2000,4000,0.0,0,0,"[0, 0]",5,162.07735069699993
e-singular,5000,5000,113,1.442990000362324,"c=1,d=1",watanabe,1,2000,4000,0.0,0,0,"[0, 0]",6,226.75657618499827
singular1,5000,5000,113,0.7023066894338458,"c=1,d=1",watanabe,1,2000,4000,0.0,0,0,"[0, 0]",10,389.5049448820064
singular2,5000,5000,113,0.8238764251316603,"c=1,d=1",watanabe,1,2000,4000,0.0,0,0,"[0, 0]",10,488.7395257250028
regular,5000,5000,113,1.4905934217103596,"c=1,d=2",watanabe,1,2000,4000,0.0,0,0,"[0, 0]",5,155.51902721999795
e-singular,5000,5000,113,1.5507108665294884,"c=1,d=2",watanabe,1,2000,4000,0.0,0,0,"[0, 0]",7,205.9483157520008
singular1,5000,5000,113,0.8273080713985359,"c=1,d=2",watanabe,1,2000,4000,0.0,0,0,"[0, 0]",10,428.8607394270075
singular2,5000,5000,113,0.8840712588355649,"c=1,d=2",watanabe,1,2000,4000,0.0,0,0,"[0, 0]",10,410.4640699830052
regular,5000,5000,113,1.567054921364953,"c=1,d=5",watanabe,1,2000,4000,0.0,0,0,"[0, 0]",5,148.25165859800472
e-singular,5000,5000,113,1.456029817051338,"c=1,d=5",watanabe,1,2000,4000,0.0,0,0,"[0, 0]",6,195.97137794499577
singular1,5000,5000,113,0.7684581280478392,"c=1,d=5",watanabe,1,2000,4000,0.0,0,0,"[0, 0]",10,358.2465329560073
singular2,5000,5000,113,0.8594952591142084,"c=1,d=5",watanabe,1,2000,4000,0.0,0,0,"[0, 0]",10,434.9426429629966
regular,5000,5000,113,1.4350146300510351,"c=1,d=10",watanabe,1,2000,4000,0.0,0,0,"[0, 0]",5,170.14528949398664
e-singular,5000,5000,113,1.5836891815428242,"c=1,d=10",watanabe,1,2000,4000,0.0,0,0,"[0, 0]",6,242.564401421987
singular1,5000,5000,113,0.7648781878220073,"c=1,d=10",watanabe,1,2000,4000,0.0,0,0,"[0, 0]",10,322.8433632499946
singular2,5000,5000,113,0.8609457194828223,"c=1,d=10",watanabe,1,2000,4000,0.0,0,0,"[0, 0]",10,347.4921246219892
regular,50,50,114,1.2860900052815007,"c=1,d=0.1",watanabe,1,2000,4000,0.0,0,0,"[0, 0]",5,77.15435106899531
e-singular,50,50,114,0.4491184920421411,"c=1,d=0.1",watanabe,1,2000,4000,0.0,0,0,"[0, 0]",8,78.62805149500491
singular1,50,50,114,1.7802563159681486,"c=1,d=0.1",watanabe,1,2000,4000,0.0,0,0,"[0, 0]",9,80.73034425999504
singular2,50,50,114,0.82977537396064,"c=1,d=0.1",watanabe,1,2000,4000,0.0,0,0,"[0, 0]",8,77.5188940109947
regular,50,50,114,1.4399045263601435,"c=1,d=1",watanabe,1,2000,4000,0.0,0,0,"[0, 0]",5,57.52886756299995
e-singular,50,50,114,1.5656671986913813,"c=1,d=1",watanabe,1,2000,4000,0.0,0,0,"[0, 0]",8,58.03406763999374
singular1,50,50,114,1.0853474670138008,"c=1,d=1",watanabe,1,2000,4000,0.0,0,0,"[0, 0]",8,79.76494098399417
singular2,50,50,114,0.9887445979302482,"c=1,d=1",watanabe,1,2000,4000,0.0,0,0,"[0, 0]",8,74.83612838099361
regular,50,50,114,1.404694619285974,"c=1,d=2",watanabe,1,2000,4000,0.0,0,0,"[0, 0]",5,70.49243216500327
e-singular,50,50,114,1.5755313385796246,"c=1,d=2",watanabe,1,2000,4000,0.0,0,0,"[0, 0]",8,70.28888391800865
singular1,50,50,114,1.1063319841515222,"c=1,d=2",watanabe,1,2000,4000,0.0,0,0,"[0, 0]",9,78.63203183800215
singular2,50,50,114,1.0389137467344585,"c=1,d=2",watanabe,1,2000,4000,0.0,0,0,"[0, 0]",8,56.220802719995845
regular,50,50,114,1.452572340598604,"c=1,d=5",watanabe,1,2000,4000,0.0,0,0,"[0, 0]",5,75.54191339299723
e-singular,50,50,114,1.650986185261424,"c=1,d=5",watanabe,1,2000,4000,0.0,0,0,"[0, 0]",8,72.6949905789952
singular1,50,50,114,1.148635822303515,"c=1,d=5",watanabe,1,2000,4000,0.0,0,0,"[0, 0]",9,77.94039023600635
singular2,50,50,114,0.9778937992761374,"c=1,d=5",watanabe,1,2000,4000,0.0,0,0,"[0, 0]",8,69.36427985799673
regular,50,50,114,1.495236259965603,"c=1,d=10",watanabe,1,2000,4000,0.0,0,0,"[0, 0]",5,75.98027586798707
e-singular,50,50,114,1.6785901186030092,"c=1,d=10",watanabe,1,2000,4000,0.0,0,0,"[0, 0]",7,73.29834457499965
singular1,50,50,114,1.2125967995889797,"c=1,d=10",watanabe,1,2000,4000,0.0,0,0,"[0, 0]",9,82.75418272500974
singular2,50,50,114,1.1291901227316052,"c=1,d=10",watanabe,1,2000,4000,0.0,0,0,"[0, 0]",8,60.26992628999869
regular,250,250,114,0.6423922341212779,"c=1,d=0.1",watanabe,1,2000,4000,0.0,0,0,"[0, 0]",5,60.984916959001566
e-singular,250,250,114,0.676600964639703,"c=1,d=0.1",watanabe,1,2000,4000,0.0,0,0,"[0, 0]",9,60.04584630900354
singular1,250,250,114,-0.4465805632745679,"c=1,d=0.1",watanabe,1,2000,4000,0.0,0,0,"[0, 0]",10,105.29840287599654
singular2,250,250,114,1.0876840182318774,"c=1,d=0.1",watanabe,1,2000,4000,0.0,0,0,"[0, 0]",8,98.7662732930039
regular,250,250,114,1.6690972749519324,"c=1,d=1",watanabe,1,2000,4000,0.0,0,0,"[0, 0]",5,80.31462895600998
e-singular,250,250,114,1.676070265950235,"c=1,d=1",watanabe,1,2000,4000,0.0,0,0,"[0, 0]",8,88.03178433699941
singular1,250,250,114,1.1423631821822515,"c=1,d=1",watanabe,1,2000,4000,0.0,0,0,"[0, 0]",9,84.54291302099591
singular2,250,250,114,0.8151976499567773,"c=1,d=1",watanabe,1,2000,4000,0.0,0,0,"[0, 0]",9,103.45837506499085
regular,250,250,114,1.3542887100448862,"c=1,d=2",watanabe,1,2000,4000,0.0,0,0,"[0, 0]",5,89.67231845400238
e-singular,250,250,114,1.5625894971187226,"c=1,d=2",watanabe,1,2000,4000,0.0,0,0,"[0, 0]",8,99.05124767200324
singular1,250,250,114,0.7740410860429897,"c=1,d=2",watanabe,1,2000,4000,0.0,0,0,"[0, 0]",10,95.77329043099598
singular2,250,250,114,0.7680274750900177,"c=1,d=2",watanabe,1,2000,4000,0.0,0,0,"[0, 0]",9,92.34746255900244
regular,250,250,114,1.4872214145337297,"c=1,d=5",watanabe,1,2000,4000,0.0,0,0,"[0, 0]",5,66.04581364600745
e-singular,250,250,114,1.5113646759361492,"c=1,d=5",watanabe,1,2000,4000,0.0,0,0,"[0, 0]",8,99.96949844699702
singular1,250,250,114,1.1898209423750932,"c=1,d=5",watanabe,1,2000,4000,0.0,0,0,"[0, 0]",10,106.75794710298942
singular2,250,250,114,0.854604416224006,"c=1,d=5",watanabe,1,2000,4000,0.0,0,0,"[0, 0]",9,97.09631725899816
regular,250,250,114,1.4949678578453334,"c=1,d=10",watanabe,1,2000,4000,0.0,0,0,"[0, 0]",5,73.70704980599112
e-singular,250,250,114,1.5200188361237952,"c=1,d=10",watanabe,1,2000,4000,0.0,0,0,"[0, 0]",9,80.19105957300053
singular1,250,250,114,0.8798510106141397,"c=1,d=10",watanabe,1,2000,4000,0.0,0,0,"[0, 0]",10,88.50243063499511
singular2,250,250,114,0.905185772799682,"c=1,d=10",watanabe,1,2000,4000,0.0,0,0,"[0, 0]",10,97.41806556499796
regular,5000,5000,114,0.3057838216549126,"c=1,d=0.1",watanabe,1,2000,4000,0.0,0,0,"[0, 0]",6,217.0709416449972
e-singular,5000,5000,114,1.759397347794311,"c=1,d=0.1",watanabe,1,2000,4000,0.0,0,0,"[0, 0]",7,196.5180469540064
singular1,5000,5000,114,0.4230074337864776,"c=1,d=0.1",watanabe,1,2000,4000,0.0,0,0,"[0, 0]",10,374.3265442629927
singular2,5000,5000,114,1.0402620664975697,"c=1,d=0.1",watanabe,1,2000,4000,0.0,0,0,"[0, 0]",10,550.1648090689996
regular,5000,5000,114,1.4483475306113334,"c=1,d=1",watanabe,1,2000,4000,0.0,0,0,"[0, 0]",6,262.6407563499961
e-singular,5000,5000,114,1.4443439390120385,"c=1,d=1",watanabe,1,2000,4000,0.0,0,0,"[0, 0]",6,193.50165763898983
singular1,5000,5000,114,0.7668007055239873,"c=1,d=1",watanabe,1,2000,4000,0.0,0,0,"[0, 0]",10,436.44332588100224
singular2,5000,5000,114,0.8015590073921438,"c=1,d=1",watanabe,1,2000,4000,0.0,0,0,"[0, 0]",10,591.6472134050127
regular,5000,5000,114,1.545120666936649,"c=1,d=2",watanabe,1,2000,4000,0.0,0,0,"[0, 0]",5,142.34555503999582
e-singular,5000,5000,114,1.6050653448946934,"c=1,d=2",watanabe,1,2000,4000,0.0,0,0,"[0, 0]",6,200.77095333198668
singular1,5000,5000,114,0.6770473735756962,"c=1,d=2",watanabe,1,2000,4000,0.0,0,0,"[0, 0]",10,515.363262792991
singular2,5000,5000,114,0.7557454676864257,"c=1,d=2",watanabe,1,2000,4000,0.0,0,0,"[0, 0]",10,552.9936731969938
regular,5000,5000,114,1.4899130033509176,"c=1,d=5",watanabe,1,2000,4000,0.0,0,0,"[0, 0]",5,162.7175574110006
e-singular,5000,5000,114,1.543821480252068,"c=1,d=5",watanabe,1,2000,4000,0.0,0,0,"[0, 0]",7,238.058048788007
singular1,5000,5000,114,0.7373821285726023,"c=1,d=5",watanabe,1,2000,4000,0.0,0,0,"[0, 0]",10,427.325818066005
singular2,5000,5000,114,0.7897014766932399,"c=1,d=5",watanabe,1,2000,4000,0.0,0,0,"[0, 0]",10,584.7244745439966
regular,5000,5000,114,1.5342948021643752,"c=1,d=10",watanabe,1,2000,4000,0.0,0,0,"[0, 0]",5,156.84035775100347
e-singular,5000,5000,114,1.503947573616087,"c=1,d=10",watanabe,1,2000,4000,0.0,0,0,"[0, 0]",7,193.1021083069936
singular1,5000,5000,114,0.7384298656022508,"c=1,d=10",watanabe,1,2000,4000,0.0,0,0,"[0, 0]",10,375.58047610599897
singular2,5000,5000,114,1.0176676332741357,"c=1,d=10",watanabe,1,2000,4000,0.0,0,0,"[0, 0]",10,527.8883847899997
regular,50,50,115,1.501424777437154,"c=1,d=0.1",watanabe,1,2000,4000,0.0,0,0,"[0, 0]",5,53.27030308998656
e-singular,50,50,115,1.5733621155169195,"c=1,d=0.1",watanabe,1,2000,4000,0.0,0,0,"[0, 0]",8,54.02343675099837
singular1,50,50,115,0.2487236438413076,"c=1,d=0.1",watanabe,1,2000,4000,0.0,0,0,"[0, 0]",8,57.55325715400977
singular2,50,50,115,1.2897296035189836,"c=1,d=0.1",watanabe,1,2000,4000,0.0,0,0,"[0, 0]",7,54.72953802900156
regular,50,50,115,1.3132628792287069,"c=1,d=1",watanabe,1,2000,4000,0.0,0,0,"[0, 0]",5,53.9700651489984
e-singular,50,50,115,1.1639881675693795,"c=1,d=1",watanabe,1,2000,4000,0.0,0,0,"[0, 0]",8,56.47733499300375
singular1,50,50,115,1.0774437273286994,"c=1,d=1",watanabe,1,2000,4000,0.0,0,0,"[0, 0]",9,59.06813238300674
singular2,50,50,115,1.0033927035275123,"c=1,d=1",watanabe,1,2000,4000,0.0,0,0,"[0, 0]",8,54.07389715699537
regular,50,50,115,1.4324226654400207,"c=1,d=2",watanabe,1,2000,4000,0.0,0,0,"[0, 0]",5,75.9649739430024
e-singular,50,50,115,1.1473519593658952,"c=1,d=2",watanabe,1,2000,4000,0.0,0,0,"[0, 0]",9,79.07352620999154
singular1,50,50,115,1.0539811923492053,"c=1,d=2",watanabe,1,2000,4000,0.0,0,0,"[0, 0]",10,78.07245580399467
singular2,50,50,115,1.0398275938352766,"c=1,d=2",watanabe,1,2000,4000,0.0,0,0,"[0, 0]",8,74.55416758399224
regular,50,50,115,1.3700892382335013,"c=1,d=5",watanabe,1,2000,4000,0.0,0,0,"[0, 0]",5,74.5865099930088
e-singular,50,50,115,1.1121114213250418,"c=1,d=5",watanabe,1,2000,4000,0.0,0,0,"[0, 0]",9,76.91704429200036
singular1,50,50,115,1.1543189302837942,"c=1,d=5",watanabe,1,2000,4000,0.0,0,0,"[0, 0]",10,77.61506545799784
singular2,50,50,115,0.9960903407988588,"c=1,d=5",watanabe,1,2000,4000,0.0,0,0,"[0, 0]",9,74.17399362700235
regular,50,50,115,1.423046392449487,"c=1,d=10",watanabe,1,2000,4000,0.0,0,0,"[0, 0]",5,59.40732938399015
e-singular,50,50,115,1.07718372365169,"c=1,d=10",watanabe,1,2000,4000,0.0,0,0,"[0, 0]",8,60.85675314500986
singular1,50,50,115,1.284337063571526,"c=1,d=10",watanabe,1,2000,4000,0.0,0,0,"[0, 0]",10,83.03559041699918
singular2,50,50,115,1.01567644543731,"c=1,d=10",watanabe,1,2000,4000,0.0,0,0,"[0, 0]",9,84.15780187799828
regular,250,250,115,1.1834955836228287,"c=1,d=0.1",watanabe,1,2000,4000,0.0,0,0,"[0, 0]",5,91.75027028500335
e-singular,250,250,115,-0.0152405584851433,"c=1,d=0.1",watanabe,1,2000,4000,0.0,0,0,"[0, 0]",9,98.53895378499874
singular1,250,250,115,0.3458092096198951,"c=1,d=0.1",watanabe,1,2000,4000,0.0,0,0,"[0, 0]",10,101.37343456900273
singular2,250,250,115,1.6481288504765952,"c=1,d=0.1",watanabe,1,2000,4000,0.0,0,0,"[0, 0]",8,98.98577077899245
regular,250,250,115,1.4393562901471997,"c=1,d=1",watanabe,1,2000,4000,0.0,0,0,"[0, 0]",5,89.72150753599999
e-singular,250,250,115,1.2830292796453968,"c=1,d=1",watanabe,1,2000,4000,0.0,0,0,"[0, 0]",9,89.93304462300148
singular1,250,250,115,0.6902712292124173,"c=1,d=1",watanabe,1,2000,4000,0.0,0,0,"[0, 0]",10,93.39155177900102
singular2,250,250,115,1.047700500736695,"c=1,d=1",watanabe,1,2000,4000,0.0,0,0,"[0, 0]",9,77.59106118899945
regular,250,250,115,1.52719759920511,"c=1,d=2",watanabe,1,2000,4000,0.0,0,0,"[0, 0]",5,64.69800740100618
e-singular,250,250,115,1.115376648038949,"c=1,d=2",watanabe,1,2000,4000,0.0,0,0,"[0, 0]",8,86.27549894299591
singular1,250,250,115,0.9868480733768078,"c=1,d=2",watanabe,1,2000,4000,0.0,0,0,"[0, 0]",9,97.79233341400686
singular2,250,250,115,1.099537864001981,"c=1,d=2",watanabe,1,2000,4000,0.0,0,0,"[0, 0]",8,84.26213863400335
regular,250,250,115,1.4930536151625964,"c=1,d=5",watanabe,1,2000,4000,0.0,0,0,"[0, 0]",5,56.90916790200572
e-singular,250,250,115,1.2931047263879725,"c=1,d=5",watanabe,1,2000,4000,0.0,0,0,"[0, 0]",8,81.87613099000009
singular1,250,250,115,0.9838411579520948,"c=1,d=5",watanabe,1,2000,4000,0.0,0,0,"[0, 0]",10,79.74633612699108
singular2,250,250,115,0.922079941973196,"c=1,d=5",watanabe,1,2000,4000,0.0,0,0,"[0, 0]",9,73.61373950800044
regular,250,250,115,1.4564271939257794,"c=1,d=10",watanabe,1,2000,4000,0.0,0,0,"[0, 0]",5,60.05425516699325
e-singular,250,250,115,1.422443256443802,"c=1,d=10",watanabe,1,2000,4000,0.0,0,0,"[0, 0]",8,78.65645976399537
singular1,250,250,115,1.0170399790202,"c=1,d=10",watanabe,1,2000,4000,0.0,0,0,"[0, 0]",10,100.99751286799436
singular2,250,250,115,1.0268254367112997,"c=1,d=10",watanabe,1,2000,4000,0.0,0,0,"[0, 0]",10,78.7855489729991
regular,5000,5000,115,1.6434655577164214,"c=1,d=0.1",watanabe,1,2000,4000,0.0,0,0,"[0, 0]",5,150.9763926500018
e-singular,5000,5000,115,0.8326542646235404,"c=1,d=0.1",watanabe,1,2000,4000,0.0,0,0,"[0, 0]",7,203.12850133700704
singular1,5000,5000,115,1.766570652862884,"c=1,d=0.1",watanabe,1,2000,4000,0.0,0,0,"[0, 0]",10,495.03932707899367
singular2,5000,5000,115,0.5540650803198066,"c=1,d=0.1",watanabe,1,2000,4000,0.0,0,0,"[0, 0]",9,433.90263500399305
regular,5000,5000,115,1.4530142875243504,"c=1,d=1",watanabe,1,2000,4000,0.0,0,0,"[0, 0]",5,178.89301624400832
e-singular,5000,5000,115,1.4629587072160872,"c=1,d=1",watanabe,1,2000,4000,0.0,0,0,"[0, 0]",6,212.86999706100323
singular1,5000,5000,115,0.9736815750244276,"c=1,d=1",watanabe,1,2000,4000,0.0,0,0,"[0, 0]",10,466.7432416739903
singular2,5000,5000,115,0.8116076728216183,"c=1,d=1",watanabe,1,2000,4000,0.0,0,0,"[0, 0]",10,430.1653462390095
regular,5000,5000,115,1.5056654244914207,"c=1,d=2",watanabe,1,2000,4000,0.0,0,0,"[0, 0]",5,153.56559432200447
e-singular,5000,5000,115,1.4676777079260963,"c=1,d=2",watanabe,1,2000,4000,0.0,0,0,"[0, 0]",6,190.16160991499785
singular1,5000,5000,115,0.8777566757618975,"c=1,d=2",watanabe,1,2000,4000,0.0,0,0,"[0, 0]",10,440.0813532559987
singular2,5000,5000,115,0.8356775326693957,"c=1,d=2",watanabe,1,2000,4000,0.0,0,0,"[0, 0]",10,512.4035167019902
regular,5000,5000,115,1.5076531668632944,"c=1,d=5",watanabe,1,2000,4000,0.0,0,0,"[0, 0]",5,159.16345859599824
e-singular,5000,5000,115,1.399574778749819,"c=1,d=5",watanabe,1,2000,4000,0.0,0,0,"[0, 0]",6,205.54087496899592
singular1,5000,5000,115,0.8839887587008014,"c=1,d=5",watanabe,1,2000,4000,0.0,0,0,"[0, 0]",10,452.92679110101017
singular2,5000,5000,115,0.8880991249874097,"c=1,d=5",watanabe,1,2000,4000,0.0,0,0,"[0, 0]",10,430.5339584570029
regular,5000,5000,115,1.478068987580072,"c=1,d=10",watanabe,1,2000,4000,0.0,0,0,"[0, 0]",5,161.81065791299625
e-singular,5000,5000,115,1.5212563831051833,"c=1,d=10",watanabe,1,2000,4000,0.0,0,0,"[0, 0]",6,200.21711589799088
singular1,5000,5000,115,0.8846711007847766,"c=1,d=10",watanabe,1,2000,4000,0.0,0,0,"[0, 0]",10,467.66902257100446
singular2,5000,5000,115,0.8038564803737512,"c=1,d=10",watanabe,1,2000,4000,0.0,0,0,"[0, 0]",10,406.7460045319895
regular,50,50,116,0.9396848535716772,"c=1,d=0.1",watanabe,1,2000,4000,0.0,0,0,"[0, 0]",5,77.52947019400017
e-singular,50,50,116,0.8354944219443279,"c=1,d=0.1",watanabe,1,2000,4000,0.0,0,0,"[0, 0]",8,80.02257879800163
singular1,50,50,116,1.86612856387448,"c=1,d=0.1",watanabe,1,2000,4000,0.0,0,0,"[0, 0]",8,82.13612938000006
singular2,50,50,116,0.6287571265887757,"c=1,d=0.1",watanabe,1,2000,4000,0.0,0,0,"[0, 0]",7,83.61702842800878
regular,50,50,116,1.3700180227294618,"c=1,d=1",watanabe,1,2000,4000,0.0,0,0,"[0, 0]",5,99.91554805300257
e-singular,50,50,116,1.3298640836318198,"c=1,d=1",watanabe,1,2000,4000,0.0,0,0,"[0, 0]",9,93.73671420199388
singular1,50,50,116,1.1465739256198544,"c=1,d=1",watanabe,1,2000,4000,0.0,0,0,"[0, 0]",9,101.11347384100372
singular2,50,50,116,0.7093374770671803,"c=1,d=1",watanabe,1,2000,4000,0.0,0,0,"[0, 0]",7,100.34313803599798
regular,50,50,116,1.319694985448264,"c=1,d=2",watanabe,1,2000,4000,0.0,0,0,"[0, 0]",5,74.84186162700644
e-singular,50,50,116,1.1539378237467188,"c=1,d=2",watanabe,1,2000,4000,0.0,0,0,"[0, 0]",9,74.19259998200869
singular1,50,50,116,1.1701570294516466,"c=1,d=2",watanabe,1,2000,4000,0.0,0,0,"[0, 0]",9,74.57382005400723
singular2,50,50,116,0.9126945642966426,"c=1,d=2",watanabe,1,2000,4000,0.0,0,0,"[0, 0]",8,69.50742052700662
regular,50,50,116,1.3617735372293152,"c=1,d=5",watanabe,1,2000,4000,0.0,0,0,"[0, 0]",6,65.70077790299547
e-singular,50,50,116,1.2127022645753311,"c=1,d=5",watanabe,1,2000,4000,0.0,0,0,"[0, 0]",9,92.67280897899764
singular1,50,50,116,1.0184818606469284,"c=1,d=5",watanabe,1,2000,4000,0.0,0,0,"[0, 0]",9,92.94782607600791
singular2,50,50,116,1.0429881479256855,"c=1,d=5",watanabe,1,2000,4000,0.0,0,0,"[0, 0]",7,86.58191738199093
regular,50,50,116,1.344205094122024,"c=1,d=10",watanabe,1,2000,4000,0.0,0,0,"[0, 0]",5,81.22830266600067
e-singular,50,50,116,1.299741441451462,"c=1,d=10",watanabe,1,2000,4000,0.0,0,0,"[0, 0]",8,78.49920247400587
singular1,50,50,116,1.1059260214893172,"c=1,d=10",watanabe,1,2000,4000,0.0,0,0,"[0, 0]",9,106.16042797200498
singular2,50,50,116,1.087868570622774,"c=1,d=10",watanabe,1,2000,4000,0.0,0,0,"[0, 0]",7,103.11179397799424
regular,250,250,116,1.9188415114323707,"c=1,d=0.1",watanabe,1,2000,4000,0.0,0,0,"[0, 0]",5,103.29523154100752
e-singular,250,250,116,1.8396378493367311,"c=1,d=0.1",watanabe,1,2000,4000,0.0,0,0,"[0, 0]",9,80.13707663099922
singular1,250,250,116,1.580633149532268,"c=1,d=0.1",watanabe,1,2000,4000,0.0,0,0,"[0, 0]",9,80.78317926499585
singular2,250,250,116,0.3886373214058139,"c=1,d=0.1",watanabe,1,2000,4000,0.0,0,0,"[0, 0]",9,80.55612845200812
regular,250,250,116,1.2182574331934914,"c=1,d=1",watanabe,1,2000,4000,0.0,0,0,"[0, 0]",5,87.60167563000869
e-singular,250,250,116,1.1352580774157683,"c=1,d=1",watanabe,1,2000,4000,0.0,0,0,"[0, 0]",9,78.77297008299502
singular1,250,250,116,0.921486755589708,"c=1,d=1",watanabe,1,2000,4000,0.0,0,0,"[0, 0]",10,94.75680913799442
singular2,250,250,116,1.0826210810178607,"c=1,d=1",watanabe,1,2000,4000,0.0,0,0,"[0, 0]",9,91.60757743900469
regular,250,250,116,1.3660268806663631,"c=1,d=2",watanabe,1,2000,4000,0.0,0,0,"[0, 0]",5,83.4288648100046
e-singular,250,250,116,1.2036464042493384,"c=1,d=2",watanabe,1,2000,4000,0.0,0,0,"[0, 0]",8,82.85040798901173
singular1,250,250,116,0.9254830821086244,"c=1,d=2",watanabe,1,2000,4000,0.0,0,0,"[0, 0]",9,89.52741216299182
singular2,250,250,116,0.9811708182615904,"c=1,d=2",watanabe,1,2000,4000,0.0,0,0,"[0, 0]",9,85.04043756400642
regular,250,250,116,1.5720370404791235,"c=1,d=5",watanabe,1,2000,4000,0.0,0,0,"[0, 0]",5,71.04758963199856
e-singular,250,250,116,1.303657383573377,"c=1,d=5",watanabe,1,2000,4000,0.0,0,0,"[0, 0]",8,73.99478237600124
singular1,250,250,116,1.05549352269296,"c=1,d=5",watanabe,1,2000,4000,0.0,0,0,"[0, 0]",10,100.2008363269997
singular2,250,250,116,0.9977590537649926,"c=1,d=5",watanabe,1,2000,4000,0.0,0,0,"[0, 0]",10,92.97893590500462
regular,250,250,116,1.4005951464022548,"c=1,d=10",watanabe,1,2000,4000,0.0,0,0,"[0, 0]",5,82.89899872199749
e-singular,250,250,116,1.323365065847172,"c=1,d=10",watanabe,1,2000,4000,0.0,0,0,"[0, 0]",8,90.40161287000228
singular1,250,250,116,1.0882358066414546,"c=1,d=10",watanabe,1,2000,4000,0.0,0,0,"[0, 0]",10,94.43157972399786
singular2,250,250,116,0.9589995146049743,"c=1,d=10",watanabe,1,2000,4000,0.0,0,0,"[0, 0]",10,87.03743747599947
regular,5000,5000,116,1.050122623963982,"c=1,d=0.1",watanabe,1,2000,4000,0.0,0,0,"[0, 0]",5,181.1223897900054
e-singular,5000,5000,116,2.3873113283253846,"c=1,d=0.1",watanabe,1,2000,4000,0.0,0,0,"[0, 0]",7,216.4719317470008
singular1,5000,5000,116,1.9865017869709245,"c=1,d=0.1",watanabe,1,2000,4000,0.0,0,0,"[0, 0]",10,391.6676596549951
singular2,5000,5000,116,1.0116567482724197,"c=1,d=0.1",watanabe,1,2000,4000,0.0,0,0,"[0, 0]",10,414.1338333770109
regular,5000,5000,116,1.5997500284461026,"c=1,d=1",watanabe,1,2000,4000,0.0,0,0,"[0, 0]",5,163.46945242700167
e-singular,5000,5000,116,1.4464936584196444,"c=1,d=1",watanabe,1,2000,4000,0.0,0,0,"[0, 0]",7,224.781781416008
singular1,5000,5000,116,0.8051608025707431,"c=1,d=1",watanabe,1,2000,4000,0.0,0,0,"[0, 0]",10,370.4490670840023
singular2,5000,5000,116,0.8185237002015141,"c=1,d=1",watanabe,1,2000,4000,0.0,0,0,"[0, 0]",10,433.0635937240004
regular,5000,5000,116,1.6003436056953575,"c=1,d=2",watanabe,1,2000,4000,0.0,0,0,"[0, 0]",5,140.3132343699981
e-singular,5000,5000,116,1.523535291136479,"c=1,d=2",watanabe,1,2000,4000,0.0,0,0,"[0, 0]",7,210.8896593179961
singular1,5000,5000,116,0.7001665888129266,"c=1,d=2",watanabe,1,2000,4000,0.0,0,0,"[0, 0]",10,525.4010795600043
singular2,5000,5000,116,0.8274100938376866,"c=1,d=2",watanabe,1,2000,4000,0.0,0,0,"[0, 0]",10,429.58497473101306
regular,5000,5000,116,1.5352639105457364,"c=1,d=5",watanabe,1,2000,4000,0.0,0,0,"[0, 0]",5,158.0041321549943
e-singular,5000,5000,116,1.5082292283651426,"c=1,d=5",watanabe,1,2000,4000,0.0,0,0,"[0, 0]",6,214.156365428993
singular1,5000,5000,116,0.8952874799371222,"c=1,d=5",watanabe,1,2000,4000,0.0,0,0,"[0, 0]",10,352.46375583601184
singular2,5000,5000,116,0.799453894551292,"c=1,d=5",watanabe,1,2000,4000,0.0,0,0,"[0, 0]",10,438.4020246
regular,5000,5000,116,1.4509383916565315,"c=1,d=10",watanabe,1,2000,4000,0.0,0,0,"[0, 0]",5,156.25166927099053
e-singular,5000,5000,116,1.49531615899973,"c=1,d=10",watanabe,1,2000,4000,0.0,0,0,"[0, 0]",7,203.70105917099863
singular1,5000,5000,116,0.9339842036073072,"c=1,d=10",watanabe,1,2000,4000,0.0,0,0,"[0, 0]",10,368.5892245349969
singular2,5000,5000,116,0.7656959820349363,"c=1,d=10",watanabe,1,2000,4000,0.0,0,0,"[0, 0]",10,398.2839443279954
regular,50,50,117,1.4512849659173417,"c=1,d=0.1",watanabe,1,2000,4000,0.0,0,0,"[0, 0]",6,44.41115309699671
e-singular,50,50,117,0.8347724430315727,"c=1,d=0.1",watanabe,1,2000,4000,0.0,0,0,"[0, 0]",8,47.433976867003366
singular1,50,50,117,1.4875239817435908,"c=1,d=0.1",watanabe,1,2000,4000,0.0,0,0,"[0, 0]",8,46.17077056400012
singular2,50,50,117,0.7702673582102314,"c=1,d=0.1",watanabe,1,2000,4000,0.0,0,0,"[0, 0]",8,45.14304062099836
regular,50,50,117,1.2334614426441082,"c=1,d=1",watanabe,1,2000,4000,0.0,0,0,"[0, 0]",5,70.41813997201098
e-singular,50,50,117,1.1365574416748128,"c=1,d=1",watanabe,1,2000,4000,0.0,0,0,"[0, 0]",8,76.60924022100517
singular1,50,50,117,1.1148867410019525,"c=1,d=1",watanabe,1,2000,4000,0.0,0,0,"[0, 0]",8,74.11822702799691
singular2,50,50,117,1.0031610385010126,"c=1,d=1",watanabe,1,2000,4000,0.0,0,0,"[0, 0]",8,72.2417630150012
regular,50,50,117,1.413498630203108,"c=1,d=2",watanabe,1,2000,4000,0.0,0,0,"[0, 0]",5,86.49873192100495
e-singular,50,50,117,1.0667883111916163,"c=1,d=2",watanabe,1,2000,4000,0.0,0,0,"[0, 0]",9,103.59530735500448
singular1,50,50,117,1.056189349491282,"c=1,d=2",watanabe,1,2000,4000,0.0,0,0,"[0, 0]",8,101.38430791899737
singular2,50,50,117,0.9781741664715318,"c=1,d=2",watanabe,1,2000,4000,0.0,0,0,"[0, 0]",8,77.55313128900889
regular,50,50,117,1.4389028579074687,"c=1,d=5",watanabe,1,2000,4000,0.0,0,0,"[0, 0]",5,71.42121983399556
e-singular,50,50,117,1.269205860090871,"c=1,d=5",watanabe,1,2000,4000,0.0,0,0,"[0, 0]",8,77.48712831099692
singular1,50,50,117,1.0036435440053275,"c=1,d=5",watanabe,1,2000,4000,0.0,0,0,"[0, 0]",9,78.9982734619989
singular2,50,50,117,0.9780133241673882,"c=1,d=5",watanabe,1,2000,4000,0.0,0,0,"[0, 0]",9,81.36332266099635
regular,50,50,117,1.3821881185086209,"c=1,d=10",watanabe,1,2000,4000,0.0,0,0,"[0, 0]",5,84.97402162199432
e-singular,50,50,117,1.1820566791361695,"c=1,d=10",watanabe,1,2000,4000,0.0,0,0,"[0, 0]",8,81.23694426500879
singular1,50,50,117,1.094040301908027,"c=1,d=10",watanabe,1,2000,4000,0.0,0,0,"[0, 0]",10,76.47689424100099
singular2,50,50,117,1.0453106872365097,"c=1,d=10",watanabe,1,2000,4000,0.0,0,0,"[0, 0]",9,68.16608423698926
regular,250,250,117,1.3967206941734995,"c=1,d=0.1",watanabe,1,2000,4000,0.0,0,0,"[0, 0]",5,68.12739839999995
e-singular,250,250,117,1.782260597413282,"c=1,d=0.1",watanabe,1,2000,4000,0.0,0,0,"[0, 0]",8,107.579160941008
singular1,250,250,117,1.0566565533447942,"c=1,d=0.1",watanabe,1,2000,4000,0.0,0,0,"[0, 0]",9,106.78305515200192
singular2,250,250,117,1.4827957707973214,"c=1,d=0.1",watanabe,1,2000,4000,0.0,0,0,"[0, 0]",8,102.29397548400448
regular,250,250,117,1.3476449205818546,"c=1,d=1",watanabe,1,2000,4000,0.0,0,0,"[0, 0]",5,87.1613782899949
e-singular,250,250,117,1.051879915297257,"c=1,d=1",watanabe,1,2000,4000,0.0,0,0,"[0, 0]",10,98.2647149849945
singular1,250,250,117,0.8937055601073015,"c=1,d=1",watanabe,1,2000,4000,0.0,0,0,"[0, 0]",9,94.41173122701002
singular2,250,250,117,0.8678262621066952,"c=1,d=1",watanabe,1,2000,4000,0.0,0,0,"[0, 0]",8,91.71093537801062
regular,250,250,117,1.5039236917668852,"c=1,d=2",watanabe,1,2000,4000,0.0,0,0,"[0, 0]",5,85.77486158900138
e-singular,250,250,117,0.9663468597236284,"c=1,d=2",watanabe,1,2000,4000,0.0,0,0,"[0, 0]",9,55.29869975399925
singular1,250,250,117,0.9776484146209048,"c=1,d=2",watanabe,1,2000,4000,0.0,0,0,"[0, 0]",9,86.38010631399811
singular2,250,250,117,0.872995702399621,"c=1,d=2",watanabe,1,2000,4000,0.0,0,0,"[0, 0]",8,91.02677561300516
regular,250,250,117,1.3821992497874975,"c=1,d=5",watanabe,1,2000,4000,0.0,0,0,"[0, 0]",5,69.60672870899725
e-singular,250,250,117,1.1051240568662362,"c=1,d=5",watanabe,1,2000,4000,0.0,0,0,"[0, 0]",9,85.42651044300874
singular1,250,250,117,0.990484644078542,"c=1,d=5",watanabe,1,2000,4000,0.0,0,0,"[0, 0]",9,89.48543389499537
singular2,250,250,117,0.8542073724158168,"c=1,d=5",watanabe,1,2000,4000,0.0,0,0,"[0, 0]",9,88.16898194899841
regular,250,250,117,1.6170504772947727,"c=1,d=10",watanabe,1,2000,4000,0.0,0,0,"[0, 0]",5,76.82571953200386
e-singular,250,250,117,1.239230718527911,"c=1,d=10",watanabe,1,2000,4000,0.0,0,0,"[0, 0]",8,81.14815796200128
singular1,250,250,117,0.9404177649677647,"c=1,d=10",watanabe,1,2000,4000,0.0,0,0,"[0, 0]",9,64.1633228110004
singular2,250,250,117,0.8218512195087871,"c=1,d=10",watanabe,1,2000,4000,0.0,0,0,"[0, 0]",10,75.40137726899411
regular,5000,5000,117,0.9059721803410828,"c=1,d=0.1",watanabe,1,2000,4000,0.0,0,0,"[0, 0]",5,138.0333152210078
e-singular,5000,5000,117,1.1934663619812609,"c=1,d=0.1",watanabe,1,2000,4000,0.0,0,0,"[0, 0]",6,183.9603752260009
singular1,5000,5000,117,1.0279676395516582,"c=1,d=0.1",watanabe,1,2000,4000,0.0,0,0,"[0, 0]",10,416.7753352839936
singular2,5000,5000,117,0.4705195462202717,"c=1,d=0.1",watanabe,1,2000,4000,0.0,0,0,"[0, 0]",10,457.94248234799306
regular,5000,5000,117,1.47473074950838,"c=1,d=1",watanabe,1,2000,4000,0.0,0,0,"[0, 0]",5,161.3748472409934
e-singular,5000,5000,117,1.4733398355622698,"c=1,d=1",watanabe,1,2000,4000,0.0,0,0,"[0, 0]",7,227.29034045200387
singular1,5000,5000,117,0.8801782273507257,"c=1,d=1",watanabe,1,2000,4000,0.0,0,0,"[0, 0]",10,445.230349806996
singular2,5000,5000,117,0.6695730257370622,"c=1,d=1",watanabe,1,2000,4000,0.0,0,0,"[0, 0]",10,358.69736003999424
regular,5000,5000,117,1.6043876401292925,"c=1,d=2",watanabe,1,2000,4000,0.0,0,0,"[0, 0]",5,161.05384996900102
e-singular,5000,5000,117,1.4066238529595945,"c=1,d=2",watanabe,1,2000,4000,0.0,0,0,"[0, 0]",6,194.132164153998
singular1,5000,5000,117,0.8723558839873398,"c=1,d=2",watanabe,1,2000,4000,0.0,0,0,"[0, 0]",10,458.370002117008
singular2,5000,5000,117,0.7867013461345294,"c=1,d=2",watanabe,1,2000,4000,0.0,0,0,"[0, 0]",10,439.8045207690011
regular,5000,5000,117,1.592624636716621,"c=1,d=5",watanabe,1,2000,4000,0.0,0,0,"[0, 0]",5,144.4976948389958
e-singular,5000,5000,117,1.4828754706807403,"c=1,d=5",watanabe,1,2000,4000,0.0,0,0,"[0, 0]",6,211.25201790299616
singular1,5000,5000,117,0.7273890734168833,"c=1,d=5",watanabe,1,2000,4000,0.0,0,0,"[0, 0]",9,335.7491428630019
singular2,5000,5000,117,0.827923267009672,"c=1,d=5",watanabe,1,2000,4000,0.0,0,0,"[0, 0]",10,402.7316045840125
regular,5000,5000,117,1.557638346811791,"c=1,d=10",watanabe,1,2000,4000,0.0,0,0,"[0, 0]",5,159.21368313400308
e-singular,5000,5000,117,1.4916910475182272,"c=1,d=10",watanabe,1,2000,4000,0.0,0,0,"[0, 0]",6,179.17070931800117
singular1,5000,5000,117,0.7983321585098917,"c=1,d=10",watanabe,1,2000,4000,0.0,0,0,"[0, 0]",10,377.7448450910015
singular2,5000,5000,117,0.810516795137074,"c=1,d=10",watanabe,1,2000,4000,0.0,0,0,"[0, 0]",10,326.947934965996
regular,50,50,118,-0.1184295033588824,"c=1,d=0.1",watanabe,1,2000,4000,0.0,0,0,"[0, 0]",5,70.67187867801113
e-singular,50,50,118,1.0977737584563887,"c=1,d=0.1",watanabe,1,2000,4000,0.0,0,0,"[0, 0]",8,72.13623446300335
singular1,50,50,118,0.2313213439274052,"c=1,d=0.1",watanabe,1,2000,4000,0.0,0,0,"[0, 0]",8,72.79393111000536
singular2,50,50,118,1.074605262348607,"c=1,d=0.1",watanabe,1,2000,4000,0.0,0,0,"[0, 0]",7,65.30961457999365
regular,50,50,118,1.1942470578090176,"c=1,d=1",watanabe,1,2000,4000,0.0,0,0,"[0, 0]",5,63.10415502700198
e-singular,50,50,118,1.1900777270100802,"c=1,d=1",watanabe,1,2000,4000,0.0,0,0,"[0, 0]",8,67.56744246499147
singular1,50,50,118,1.4072023561761982,"c=1,d=1",watanabe,1,2000,4000,0.0,0,0,"[0, 0]",10,73.49712087599619
singular2,50,50,118,0.8407696090206,"c=1,d=1",watanabe,1,2000,4000,0.0,0,0,"[0, 0]",8,71.87690954199934
regular,50,50,118,1.4554564714787297,"c=1,d=2",watanabe,1,2000,4000,0.0,0,0,"[0, 0]",5,48.61274186499941
e-singular,50,50,118,1.2861430298032088,"c=1,d=2",watanabe,1,2000,4000,0.0,0,0,"[0, 0]",8,50.30528893899464
singular1,50,50,118,1.163293069106139,"c=1,d=2",watanabe,1,2000,4000,0.0,0,0,"[0, 0]",9,78.22077750800236
singular2,50,50,118,0.9930711919313152,"c=1,d=2",watanabe,1,2000,4000,0.0,0,0,"[0, 0]",8,74.92658278701128
regular,50,50,118,1.376646241262002,"c=1,d=5",watanabe,1,2000,4000,0.0,0,0,"[0, 0]",5,73.30598144099349
e-singular,50,50,118,1.3431039818016852,"c=1,d=5",watanabe,1,2000,4000,0.0,0,0,"[0, 0]",8,72.95339404699916
singular1,50,50,118,1.0835733531206846,"c=1,d=5",watanabe,1,2000,4000,0.0,0,0,"[0, 0]",10,78.67952795699239
singular2,50,50,118,1.0169623957196718,"c=1,d=5",watanabe,1,2000,4000,0.0,0,0,"[0, 0]",8,73.27159025899891
regular,50,50,118,1.380892326914749,"c=1,d=10",watanabe,1,2000,4000,0.0,0,0,"[0, 0]",5,102.51908292000007
e-singular,50,50,118,1.3581165652513985,"c=1,d=10",watanabe,1,2000,4000,0.0,0,0,"[0, 0]",8,98.05756903199654
singular1,50,50,118,1.1285231697681366,"c=1,d=10",watanabe,1,2000,4000,0.0,0,0,"[0, 0]",9,96.97279505200277
singular2,50,50,118,0.9609865729627596,"c=1,d=10",watanabe,1,2000,4000,0.0,0,0,"[0, 0]",9,95.27982223800792
regular,250,250,118,0.8886462017522665,"c=1,d=0.1",watanabe,1,2000,4000,0.0,0,0,"[0, 0]",5,94.02759348099062
e-singular,250,250,118,2.2459465377199805,"c=1,d=0.1",watanabe,1,2000,4000,0.0,0,0,"[0, 0]",8,92.433901477998
singular1,250,250,118,1.4028101400979665,"c=1,d=0.1",watanabe,1,2000,4000,0.0,0,0,"[0, 0]",9,97.2327751319972
singular2,250,250,118,-0.0169392588846634,"c=1,d=0.1",watanabe,1,2000,4000,0.0,0,0,"[0, 0]",8,92.71575398699495
regular,250,250,118,1.49427095074307,"c=1,d=1",watanabe,1,2000,4000,0.0,0,0,"[0, 0]",5,71.53778667199367
e-singular,250,250,118,1.9635701026541632,"c=1,d=1",watanabe,1,2000,4000,0.0,0,0,"[0, 0]",8,77.63044060399989
singular1,250,250,118,1.019678443590094,"c=1,d=1",watanabe,1,2000,4000,0.0,0,0,"[0, 0]",10,100.24727071799862
singular2,250,250,118,0.846439022956298,"c=1,d=1",watanabe,1,2000,4000,0.0,0,0,"[0, 0]",8,96.52014268298808
regular,250,250,118,1.4534950667234028,"c=1,d=2",watanabe,1,2000,4000,0.0,0,0,"[0, 0]",6,91.10809733200584
e-singular,250,250,118,1.5904892081111697,"c=1,d=2",watanabe,1,2000,4000,0.0,0,0,"[0, 0]",8,111.78438888100207
singular1,250,250,118,1.0108715582795136,"c=1,d=2",watanabe,1,2000,4000,0.0,0,0,"[0, 0]",9,114.11894122199736
singular2,250,250,118,0.8024479045175443,"c=1,d=2",watanabe,1,2000,4000,0.0,0,0,"[0, 0]",8,107.7924697270064
regular,250,250,118,1.4175455097008658,"c=1,d=5",watanabe,1,2000,4000,0.0,0,0,"[0, 0]",6,90.83725335499912
e-singular,250,250,118,1.6404104994712287,"c=1,d=5",watanabe,1,2000,4000,0.0,0,0,"[0, 0]",8,86.5077490380063
singular1,250,250,118,1.0211351538702818,"c=1,d=5",watanabe,1,2000,4000,0.0,0,0,"[0, 0]",9,76.70568636599637
singular2,250,250,118,0.8362621046387705,"c=1,d=5",watanabe,1,2000,4000,0.0,0,0,"[0, 0]",8,83.7930361119943
regular,250,250,118,1.400819662184606,"c=1,d=10",watanabe,1,2000,4000,0.0,0,0,"[0, 0]",6,75.80718360299943
e-singular,250,250,118,1.6229748378642004,"c=1,d=10",watanabe,1,2000,4000,0.0,0,0,"[0, 0]",7,77.84513980300108
singular1,250,250,118,0.9252197784258804,"c=1,d=10",watanabe,1,2000,4000,0.0,0,0,"[0, 0]",10,94.07949105498848
singular2,250,250,118,0.8767458424425768,"c=1,d=10",watanabe,1,2000,4000,0.0,0,0,"[0, 0]",8,83.73879864100309
regular,5000,5000,118,2.7158896673161266,"c=1,d=0.1",watanabe,1,2000,4000,0.0,0,0,"[0, 0]",5,183.20793323199905
e-singular,5000,5000,118,2.55478718309504,"c=1,d=0.1",watanabe,1,2000,4000,0.0,0,0,"[0, 0]",6,247.8857524159976
singular1,5000,5000,118,1.860886759640927,"c=1,d=0.1",watanabe,1,2000,4000,0.0,0,0,"[0, 0]",10,426.3161739610077
singular2,5000,5000,118,1.9656135601368687,"c=1,d=0.1",watanabe,1,2000,4000,0.0,0,0,"[0, 0]",10,396.32312786699913
regular,5000,5000,118,1.710620410699441,"c=1,d=1",watanabe,1,2000,4000,0.0,0,0,"[0, 0]",5,155.85697323000932
e-singular,5000,5000,118,1.4774856962152298,"c=1,d=1",watanabe,1,2000,4000,0.0,0,0,"[0, 0]",7,199.45598635500937
singular1,5000,5000,118,0.5830370888194724,"c=1,d=1",watanabe,1,2000,4000,0.0,0,0,"[0, 0]",10,419.7608494940068
singular2,5000,5000,118,0.9945253647959972,"c=1,d=1",watanabe,1,2000,4000,0.0,0,0,"[0, 0]",10,416.1698324709869
regular,5000,5000,118,1.414807898075936,"c=1,d=2",watanabe,1,2000,4000,0.0,0,0,"[0, 0]",5,130.29960134800058
e-singular,5000,5000,118,1.4801429224248184,"c=1,d=2",watanabe,1,2000,4000,0.0,0,0,"[0, 0]",7,244.82334397299564
singular1,5000,5000,118,0.6869179163060551,"c=1,d=2",watanabe,1,2000,4000,0.0,0,0,"[0, 0]",10,442.63844678401074
singular2,5000,5000,118,0.8678555516125167,"c=1,d=2",watanabe,1,2000,4000,0.0,0,0,"[0, 0]",10,416.4821565729944
regular,5000,5000,118,1.4614967474010732,"c=1,d=5",watanabe,1,2000,4000,0.0,0,0,"[0, 0]",5,162.33682075999968
e-singular,5000,5000,118,1.5742524103031494,"c=1,d=5",watanabe,1,2000,4000,0.0,0,0,"[0, 0]",7,200.78161223400093
singular1,5000,5000,118,0.7666887847117246,"c=1,d=5",watanabe,1,2000,4000,0.0,0,0,"[0, 0]",10,386.4795151450089
singular2,5000,5000,118,0.9124772286380104,"c=1,d=5",watanabe,1,2000,4000,0.0,0,0,"[0, 0]",10,346.91501789100585
regular,5000,5000,118,1.498750691660272,"c=1,d=10",watanabe,1,2000,4000,0.0,0,0,"[0, 0]",5,159.20576059201267
e-singular,5000,5000,118,1.5609635739813212,"c=1,d=10",watanabe,1,2000,4000,0.0,0,0,"[0, 0]",6,208.920491330995
singular1,5000,5000,118,0.7336304156359053,"c=1,d=10",watanabe,1,2000,4000,0.0,0,0,"[0, 0]",10,383.5443430559972
singular2,5000,5000,118,0.8725916795570036,"c=1,d=10",watanabe,1,2000,4000,0.0,0,0,"[0, 0]",10,315.092690770005
regular,50,50,119,-0.3776099182011236,"c=1,d=0.1",watanabe,1,2000,4000,0.0,0,0,"[0, 0]",5,45.06811151400325
e-singular,50,50,119,1.9814040517853369,"c=1,d=0.1",watanabe,1,2000,4000,0.0,0,0,"[0, 0]",8,47.56461221299833
singular1,50,50,119,1.3608901102602486,"c=1,d=0.1",watanabe,1,2000,4000,0.0,0,0,"[0, 0]",8,47.556855367991375
singular2,50,50,119,0.0958419550749068,"c=1,d=0.1",watanabe,1,2000,4000,0.0,0,0,"[0, 0]",7,45.76265976599825
regular,50,50,119,1.5028269529651896,"c=1,d=1",watanabe,1,2000,4000,0.0,0,0,"[0, 0]",5,49.03598296600103
e-singular,50,50,119,1.0591213485442337,"c=1,d=1",watanabe,1,2000,4000,0.0,0,0,"[0, 0]",8,52.95427328500955
singular1,50,50,119,1.1782147310429223,"c=1,d=1",watanabe,1,2000,4000,0.0,0,0,"[0, 0]",8,50.5041296339914
singular2,50,50,119,0.9630555711138258,"c=1,d=1",watanabe,1,2000,4000,0.0,0,0,"[0, 0]",8,53.43648855701031
regular,50,50,119,1.5131582200223792,"c=1,d=2",watanabe,1,2000,4000,0.0,0,0,"[0, 0]",5,94.10611338699528
e-singular,50,50,119,1.0149214222350371,"c=1,d=2",watanabe,1,2000,4000,0.0,0,0,"[0, 0]",8,93.28119278600208
singular1,50,50,119,0.9375165674675956,"c=1,d=2",watanabe,1,2000,4000,0.0,0,0,"[0, 0]",9,106.81982428200718
singular2,50,50,119,0.955439029995204,"c=1,d=2",watanabe,1,2000,4000,0.0,0,0,"[0, 0]",8,103.47186026599957
regular,50,50,119,1.4005529232845133,"c=1,d=5",watanabe,1,2000,4000,0.0,0,0,"[0, 0]",5,100.74645131600846
e-singular,50,50,119,1.2509850666869162,"c=1,d=5",watanabe,1,2000,4000,0.0,0,0,"[0, 0]",8,102.03698592200816
singular1,50,50,119,1.0523181772831272,"c=1,d=5",watanabe,1,2000,4000,0.0,0,0,"[0, 0]",9,101.69868690500152
singular2,50,50,119,0.9369225957836792,"c=1,d=5",watanabe,1,2000,4000,0.0,0,0,"[0, 0]",8,99.85688571099308
regular,50,50,119,1.3998484062028818,"c=1,d=10",watanabe,1,2000,4000,0.0,0,0,"[0, 0]",5,91.14261169399832
e-singular,50,50,119,1.285356181944322,"c=1,d=10",watanabe,1,2000,4000,0.0,0,0,"[0, 0]",8,90.53476738900645
singular1,50,50,119,1.1177806899508964,"c=1,d=10",watanabe,1,2000,4000,0.0,0,0,"[0, 0]",9,89.66616785500082
singular2,50,50,119,0.8380181141002694,"c=1,d=10",watanabe,1,2000,4000,0.0,0,0,"[0, 0]",8,85.74279868599842
regular,250,250,119,1.4220651171889376,"c=1,d=0.1",watanabe,1,2000,4000,0.0,0,0,"[0, 0]",5,90.88339139100572
e-singular,250,250,119,1.116924917108096,"c=1,d=0.1",watanabe,1,2000,4000,0.0,0,0,"[0, 0]",8,87.03813987900503
singular1,250,250,119,0.8039377118868323,"c=1,d=0.1",watanabe,1,2000,4000,0.0,0,0,"[0, 0]",10,102.66251914300663
singular2,250,250,119,0.7076939517259005,"c=1,d=0.1",watanabe,1,2000,4000,0.0,0,0,"[0, 0]",8,102.2321210980008
regular,250,250,119,1.451214387782039,"c=1,d=1",watanabe,1,2000,4000,0.0,0,0,"[0, 0]",5,63.69244944200909
e-singular,250,250,119,1.5822556864474906,"c=1,d=1",watanabe,1,2000,4000,0.0,0,0,"[0, 0]",7,66.92694931199367
singular1,250,250,119,0.8921609429683938,"c=1,d=1",watanabe,1,2000,4000,0.0,0,0,"[0, 0]",9,74.41508075900492
singular2,250,250,119,0.808702494762485,"c=1,d=1",watanabe,1,2000,4000,0.0,0,0,"[0, 0]",8,79.68752958800178
regular,250,250,119,1.5264295202022125,"c=1,d=2",watanabe,1,2000,4000,0.0,0,0,"[0, 0]",5,66.62968197600276
e-singular,250,250,119,1.7502080997782747,"c=1,d=2",watanabe,1,2000,4000,0.0,0,0,"[0, 0]",9,74.74252505500044
singular1,250,250,119,1.030295605145439,"c=1,d=2",watanabe,1,2000,4000,0.0,0,0,"[0, 0]",9,84.51273558099638
singular2,250,250,119,0.8270418694733848,"c=1,d=2",watanabe,1,2000,4000,0.0,0,0,"[0, 0]",9,82.41158689200529
regular,250,250,119,1.5685770720820014,"c=1,d=5",watanabe,1,2000,4000,0.0,0,0,"[0, 0]",5,76.9519191050058
e-singular,250,250,119,1.542457555409337,"c=1,d=5",watanabe,1,2000,4000,0.0,0,0,"[0, 0]",8,69.1772261570004
singular1,250,250,119,1.0513247256118596,"c=1,d=5",watanabe,1,2000,4000,0.0,0,0,"[0, 0]",10,87.67955018099747
singular2,250,250,119,0.9064353359307544,"c=1,d=5",watanabe,1,2000,4000,0.0,0,0,"[0, 0]",9,85.88029167799687
regular,250,250,119,1.511291902769388,"c=1,d=10",watanabe,1,2000,4000,0.0,0,0,"[0, 0]",5,73.34615383300115
e-singular,250,250,119,1.5755416838785214,"c=1,d=10",watanabe,1,2000,4000,0.0,0,0,"[0, 0]",8,77.24108704300306
singular1,250,250,119,0.9898089587766996,"c=1,d=10",watanabe,1,2000,4000,0.0,0,0,"[0, 0]",10,85.05307873200218
singular2,250,250,119,1.0024668651909794,"c=1,d=10",watanabe,1,2000,4000,0.0,0,0,"[0, 0]",8,78.29764555500878
regular,5000,5000,119,1.8151108370631648,"c=1,d=0.1",watanabe,1,2000,4000,0.0,0,0,"[0, 0]",5,151.44542871399608
e-singular,5000,5000,119,0.6380943270165874,"c=1,d=0.1",watanabe,1,2000,4000,0.0,0,0,"[0, 0]",7,199.42866499800584
singular1,5000,5000,119,0.7843638785202824,"c=1,d=0.1",watanabe,1,2000,4000,0.0,0,0,"[0, 0]",10,435.18939350600704
singular2,5000,5000,119,1.244330269888109,"c=1,d=0.1",watanabe,1,2000,4000,0.0,0,0,"[0, 0]",10,483.914498225
regular,5000,5000,119,1.52785302657958,"c=1,d=1",watanabe,1,2000,4000,0.0,0,0,"[0, 0]",5,163.6905733290041
e-singular,5000,5000,119,1.5879905539971504,"c=1,d=1",watanabe,1,2000,4000,0.0,0,0,"[0, 0]",7,224.5422589410009
singular1,5000,5000,119,0.7363775923243264,"c=1,d=1",watanabe,1,2000,4000,0.0,0,0,"[0, 0]",10,558.830374875004
singular2,5000,5000,119,0.8533898523185127,"c=1,d=1",watanabe,1,2000,4000,0.0,0,0,"[0, 0]",9,456.32483768000384
regular,5000,5000,119,1.5492283033834915,"c=1,d=2",watanabe,1,2000,4000,0.0,0,0,"[0, 0]",5,163.28803876700113
e-singular,5000,5000,119,1.534498053063931,"c=1,d=2",watanabe,1,2000,4000,0.0,0,0,"[0, 0]",6,212.08666448600707
singular1,5000,5000,119,0.9241955214580972,"c=1,d=2",watanabe,1,2000,4000,0.0,0,0,"[0, 0]",10,486.443355342999
singular2,5000,5000,119,0.8237528246359309,"c=1,d=2",watanabe,1,2000,4000,0.0,0,0,"[0, 0]",10,488.7294407820009
regular,5000,5000,119,1.51384478765305,"c=1,d=5",watanabe,1,2000,4000,0.0,0,0,"[0, 0]",5,154.92631576600252
e-singular,5000,5000,119,1.533658771113282,"c=1,d=5",watanabe,1,2000,4000,0.0,0,0,"[0, 0]",6,187.99330200899567
singular1,5000,5000,119,0.7417711636631759,"c=1,d=5",watanabe,1,2000,4000,0.0,0,0,"[0, 0]",10,403.8333630280104
singular2,5000,5000,119,0.7801260416444142,"c=1,d=5",watanabe,1,2000,4000,0.0,0,0,"[0, 0]",10,365.1943222859991
regular,5000,5000,119,1.5515595306469352,"c=1,d=10",watanabe,1,2000,4000,0.0,0,0,"[0, 0]",5,153.13583479699446
e-singular,5000,5000,119,1.4892823272709883,"c=1,d=10",watanabe,1,2000,4000,0.0,0,0,"[0, 0]",6,187.04174764000345
singular1,5000,5000,119,0.7852722971423898,"c=1,d=10",watanabe,1,2000,4000,0.0,0,0,"[0, 0]",10,431.5915023199923
singular2,5000,5000,119,0.7651019689380703,"c=1,d=10",watanabe,1,2000,4000,0.0,0,0,"[0, 0]",10,298.6916953809996
regular,50,50,120,1.528482688874626,"c=1,d=0.1",watanabe,1,2000,4000,0.0,0,0,"[0, 0]",5,41.42888816198683
e-singular,50,50,120,0.5030718208439462,"c=1,d=0.1",watanabe,1,2000,4000,0.0,0,0,"[0, 0]",8,43.44995089099393
singular1,50,50,120,-0.397536009484514,"c=1,d=0.1",watanabe,1,2000,4000,0.0,0,0,"[0, 0]",9,45.71994630699919
singular2,50,50,120,1.5115158063128056,"c=1,d=0.1",watanabe,1,2000,4000,0.0,0,0,"[0, 0]",8,69.37345290699159
regular,50,50,120,1.2558203608950511,"c=1,d=1",watanabe,1,2000,4000,0.0,0,0,"[0, 0]",5,73.39382079298957
e-singular,50,50,120,1.008411766918703,"c=1,d=1",watanabe,1,2000,4000,0.0,0,0,"[0, 0]",8,74.2882182750036
singular1,50,50,120,0.944726814693259,"c=1,d=1",watanabe,1,2000,4000,0.0,0,0,"[0, 0]",9,75.27997944199888
singular2,50,50,120,1.2198020302496733,"c=1,d=1",watanabe,1,2000,4000,0.0,0,0,"[0, 0]",8,73.52659831500205
regular,50,50,120,1.3720706711453,"c=1,d=2",watanabe,1,2000,4000,0.0,0,0,"[0, 0]",5,90.54666454599646
e-singular,50,50,120,0.9928516779494452,"c=1,d=2",watanabe,1,2000,4000,0.0,0,0,"[0, 0]",8,92.4275129759917
singular1,50,50,120,1.098182561876506,"c=1,d=2",watanabe,1,2000,4000,0.0,0,0,"[0, 0]",9,94.15097796000192
singular2,50,50,120,0.9602558078247244,"c=1,d=2",watanabe,1,2000,4000,0.0,0,0,"[0, 0]",7,67.01860667200526
regular,50,50,120,1.3972821162249105,"c=1,d=5",watanabe,1,2000,4000,0.0,0,0,"[0, 0]",5,67.19565901299939
e-singular,50,50,120,1.0992531237314884,"c=1,d=5",watanabe,1,2000,4000,0.0,0,0,"[0, 0]",9,78.9053865110036
singular1,50,50,120,1.0692445031616602,"c=1,d=5",watanabe,1,2000,4000,0.0,0,0,"[0, 0]",9,79.24943755101413
singular2,50,50,120,0.999893028734719,"c=1,d=5",watanabe,1,2000,4000,0.0,0,0,"[0, 0]",8,75.81393408199074
regular,50,50,120,1.5277794749240865,"c=1,d=10",watanabe,1,2000,4000,0.0,0,0,"[0, 0]",5,78.773187031009
e-singular,50,50,120,1.0785370097257498,"c=1,d=10",watanabe,1,2000,4000,0.0,0,0,"[0, 0]",8,83.77661402399826
singular1,50,50,120,1.137119668735895,"c=1,d=10",watanabe,1,2000,4000,0.0,0,0,"[0, 0]",10,88.14098551200004
singular2,50,50,120,1.021822946900383,"c=1,d=10",watanabe,1,2000,4000,0.0,0,0,"[0, 0]",8,78.81317561300239
regular,250,250,120,0.0875894244989494,"c=1,d=0.1",watanabe,1,2000,4000,0.0,0,0,"[0, 0]",5,82.66393796200282
e-singular,250,250,120,0.397030733468185,"c=1,d=0.1",watanabe,1,2000,4000,0.0,0,0,"[0, 0]",8,88.84748195900465
singular1,250,250,120,1.7779608751183449,"c=1,d=0.1",watanabe,1,2000,4000,0.0,0,0,"[0, 0]",9,110.21852905100968
singular2,250,250,120,1.752844211430414,"c=1,d=0.1",watanabe,1,2000,4000,0.0,0,0,"[0, 0]",8,95.09296268298932
regular,250,250,120,1.500382362337189,"c=1,d=1",watanabe,1,2000,4000,0.0,0,0,"[0, 0]",5,72.67829152899503
e-singular,250,250,120,1.4459206096264503,"c=1,d=1",watanabe,1,2000,4000,0.0,0,0,"[0, 0]",8,77.7008959849918
singular1,250,250,120,1.0035937724770772,"c=1,d=1",watanabe,1,2000,4000,0.0,0,0,"[0, 0]",9,79.78889972399338
singular2,250,250,120,0.9014871689863498,"c=1,d=1",watanabe,1,2000,4000,0.0,0,0,"[0, 0]",8,102.90452913999616
regular,250,250,120,1.485155995421953,"c=1,d=2",watanabe,1,2000,4000,0.0,0,0,"[0, 0]",5,79.11398488900159
e-singular,250,250,120,1.6871852851440916,"c=1,d=2",watanabe,1,2000,4000,0.0,0,0,"[0, 0]",7,96.06167988599918
singular1,250,250,120,1.0683313310637794,"c=1,d=2",watanabe,1,2000,4000,0.0,0,0,"[0, 0]",10,97.79514767799992
singular2,250,250,120,0.9492717636655068,"c=1,d=2",watanabe,1,2000,4000,0.0,0,0,"[0, 0]",9,78.04629732100875
regular,250,250,120,1.6042602698987751,"c=1,d=5",watanabe,1,2000,4000,0.0,0,0,"[0, 0]",5,67.43130336499598
e-singular,250,250,120,1.603920857791929,"c=1,d=5",watanabe,1,2000,4000,0.0,0,0,"[0, 0]",9,97.83337131601002
singular1,250,250,120,1.0504057681914694,"c=1,d=5",watanabe,1,2000,4000,0.0,0,0,"[0, 0]",10,106.50913327799935
singular2,250,250,120,0.939568479545844,"c=1,d=5",watanabe,1,2000,4000,0.0,0,0,"[0, 0]",10,95.8772371489904
regular,250,250,120,1.510753767838933,"c=1,d=10",watanabe,1,2000,4000,0.0,0,0,"[0, 0]",5,71.37259311000525
e-singular,250,250,120,1.6542790892226962,"c=1,d=10",watanabe,1,2000,4000,0.0,0,0,"[0, 0]",8,105.34023268899182
singular1,250,250,120,1.0356557713260082,"c=1,d=10",watanabe,1,2000,4000,0.0,0,0,"[0, 0]",10,94.15806235400667
singular2,250,250,120,0.9296836891436994,"c=1,d=10",watanabe,1,2000,4000,0.0,0,0,"[0, 0]",10,99.27138545799244
regular,5000,5000,120,0.5351968854399365,"c=1,d=0.1",watanabe,1,2000,4000,0.0,0,0,"[0, 0]",5,161.60494435099827
e-singular,5000,5000,120,2.9068159404550715,"c=1,d=0.1",watanabe,1,2000,4000,0.0,0,0,"[0, 0]",6,188.45113783200213
singular1,5000,5000,120,0.0552477635591322,"c=1,d=0.1",watanabe,1,2000,4000,0.0,0,0,"[0, 0]",10,409.9970964230015
singular2,5000,5000,120,0.751329979701759,"c=1,d=0.1",watanabe,1,2000,4000,0.0,0,0,"[0, 0]",10,505.7693352500064
regular,5000,5000,120,1.3717923109119412,"c=1,d=1",watanabe,1,2000,4000,0.0,0,0,"[0, 0]",5,180.8904546440026
e-singular,5000,5000,120,1.5087512491843262,"c=1,d=1",watanabe,1,2000,4000,0.0,0,0,"[0, 0]",6,184.32840519699675
singular1,5000,5000,120,0.7810170379529523,"c=1,d=1",watanabe,1,2000,4000,0.0,0,0,"[0, 0]",10,411.0898357359984
singular2,5000,5000,120,0.7067102738252634,"c=1,d=1",watanabe,1,2000,4000,0.0,0,0,"[0, 0]",10,430.123188173995
regular,5000,5000,120,1.5355521286893885,"c=1,d=2",watanabe,1,2000,4000,0.0,0,0,"[0, 0]",5,152.94389614900865
e-singular,5000,5000,120,1.6967217458783554,"c=1,d=2",watanabe,1,2000,4000,0.0,0,0,"[0, 0]",6,198.4988047969964
singular1,5000,5000,120,0.7148650477429448,"c=1,d=2",watanabe,1,2000,4000,0.0,0,0,"[0, 0]",10,412.4385689720075
singular2,5000,5000,120,0.7288320223623154,"c=1,d=2",watanabe,1,2000,4000,0.0,0,0,"[0, 0]",10,502.9229376930016
regular,5000,5000,120,1.4712766619449402,"c=1,d=5",watanabe,1,2000,4000,0.0,0,0,"[0, 0]",5,134.45860765599355
e-singular,5000,5000,120,1.567229287017002,"c=1,d=5",watanabe,1,2000,4000,0.0,0,0,"[0, 0]",6,217.8660627969948
singular1,5000,5000,120,0.9337128144396938,"c=1,d=5",watanabe,1,2000,4000,0.0,0,0,"[0, 0]",10,423.5795612179936
singular2,5000,5000,120,0.8073271117706511,"c=1,d=5",watanabe,1,2000,4000,0.0,0,0,"[0, 0]",10,402.5257948580111
regular,5000,5000,120,1.581272415146776,"c=1,d=10",watanabe,1,2000,4000,0.0,0,0,"[0, 0]",5,153.41058176200022
e-singular,5000,5000,120,1.4865762437302086,"c=1,d=10",watanabe,1,2000,4000,0.0,0,0,"[0, 0]",7,186.84868567100784
singular1,5000,5000,120,0.9837707254862168,"c=1,d=10",watanabe,1,2000,4000,0.0,0,0,"[0, 0]",10,409.0091153630056
singular2,5000,5000,120,0.8346625639266245,"c=1,d=10",watanabe,1,2000,4000,0.0,0,0,"[0, 0]",10,357.5327758459898
regular,50,50,121,1.967150518681899,"c=1,d=0.1",watanabe,1,2000,4000,0.0,0,0,"[0, 0]",5,56.14779253699817
e-singular,50,50,121,0.990878656225876,"c=1,d=0.1",watanabe,1,2000,4000,0.0,0,0,"[0, 0]",9,60.30398902800516
singular1,50,50,121,1.7812688577654952,"c=1,d=0.1",watanabe,1,2000,4000,0.0,0,0,"[0, 0]",8,59.17569249299413
singular2,50,50,121,1.1296640269144382,"c=1,d=0.1",watanabe,1,2000,4000,0.0,0,0,"[0, 0]",8,58.17722710000817
regular,50,50,121,1.4192591577524425,"c=1,d=1",watanabe,1,2000,4000,0.0,0,0,"[0, 0]",5,55.43363572600356
e-singular,50,50,121,1.2694192882932058,"c=1,d=1",watanabe,1,2000,4000,0.0,0,0,"[0, 0]",8,86.21644305100199
singular1,50,50,121,1.216495085061441,"c=1,d=1",watanabe,1,2000,4000,0.0,0,0,"[0, 0]",10,87.8066671229899
singular2,50,50,121,0.981282044743297,"c=1,d=1",watanabe,1,2000,4000,0.0,0,0,"[0, 0]",7,68.39593585800321
regular,50,50,121,1.5175407345823844,"c=1,d=2",watanabe,1,2000,4000,0.0,0,0,"[0, 0]",5,75.043164970004
e-singular,50,50,121,1.1173169963240797,"c=1,d=2",watanabe,1,2000,4000,0.0,0,0,"[0, 0]",9,81.76966864100541
singular1,50,50,121,1.2591992868475923,"c=1,d=2",watanabe,1,2000,4000,0.0,0,0,"[0, 0]",10,71.31075531999522
singular2,50,50,121,0.8818342659590565,"c=1,d=2",watanabe,1,2000,4000,0.0,0,0,"[0, 0]",7,73.26842504300294
regular,50,50,121,1.435567783601257,"c=1,d=5",watanabe,1,2000,4000,0.0,0,0,"[0, 0]",5,72.92908907099627
e-singular,50,50,121,0.9965908141790312,"c=1,d=5",watanabe,1,2000,4000,0.0,0,0,"[0, 0]",9,84.49949796499277
singular1,50,50,121,1.253059596401214,"c=1,d=5",watanabe,1,2000,4000,0.0,0,0,"[0, 0]",10,74.29659676199662
singular2,50,50,121,0.8586037215007526,"c=1,d=5",watanabe,1,2000,4000,0.0,0,0,"[0, 0]",9,67.89133909701195
regular,50,50,121,1.4645083325370425,"c=1,d=10",watanabe,1,2000,4000,0.0,0,0,"[0, 0]",5,75.81143289500324
e-singular,50,50,121,0.9832050231835006,"c=1,d=10",watanabe,1,2000,4000,0.0,0,0,"[0, 0]",9,75.71305055801349
singular1,50,50,121,1.253259447349446,"c=1,d=10",watanabe,1,2000,4000,0.0,0,0,"[0, 0]",9,73.87656140899344
singular2,50,50,121,0.8718375846573257,"c=1,d=10",watanabe,1,2000,4000,0.0,0,0,"[0, 0]",8,79.36640882799111
regular,250,250,121,1.447261759216996,"c=1,d=0.1",watanabe,1,2000,4000,0.0,0,0,"[0, 0]",5,79.71648006000032
e-singular,250,250,121,1.8846503625140945,"c=1,d=0.1",watanabe,1,2000,4000,0.0,0,0,"[0, 0]",9,74.52444939300767
singular1,250,250,121,1.5136893629313015,"c=1,d=0.1",watanabe,1,2000,4000,0.0,0,0,"[0, 0]",9,74.05165067399503
singular2,250,250,121,0.3354376645624453,"c=1,d=0.1",watanabe,1,2000,4000,0.0,0,0,"[0, 0]",9,75.89411537500564
regular,250,250,121,1.3656986479114683,"c=1,d=1",watanabe,1,2000,4000,0.0,0,0,"[0, 0]",5,60.71279833500739
e-singular,250,250,121,1.8576335032025573,"c=1,d=1",watanabe,1,2000,4000,0.0,0,0,"[0, 0]",7,74.00793596699077
singular1,250,250,121,0.9714574893661232,"c=1,d=1",watanabe,1,2000,4000,0.0,0,0,"[0, 0]",9,92.15335747199424
singular2,250,250,121,1.088055240421097,"c=1,d=1",watanabe,1,2000,4000,0.0,0,0,"[0, 0]",9,83.33544707699912
regular,250,250,121,1.5005131388618524,"c=1,d=2",watanabe,1,2000,4000,0.0,0,0,"[0, 0]",5,79.5474058730033
e-singular,250,250,121,1.5035204318749449,"c=1,d=2",watanabe,1,2000,4000,0.0,0,0,"[0, 0]",8,86.60163702600403
singular1,250,250,121,0.929829943299747,"c=1,d=2",watanabe,1,2000,4000,0.0,0,0,"[0, 0]",9,93.59254059600062
singular2,250,250,121,0.8754389004691813,"c=1,d=2",watanabe,1,2000,4000,0.0,0,0,"[0, 0]",9,96.27794693599571
regular,250,250,121,1.4619619287085155,"c=1,d=5",watanabe,1,2000,4000,0.0,0,0,"[0, 0]",5,63.98577721900074
e-singular,250,250,121,1.647127140439376,"c=1,d=5",watanabe,1,2000,4000,0.0,0,0,"[0, 0]",9,70.83350600399717
singular1,250,250,121,0.9640536561065868,"c=1,d=5",watanabe,1,2000,4000,0.0,0,0,"[0, 0]",10,76.51880444199196
singular2,250,250,121,0.9039066799740362,"c=1,d=5",watanabe,1,2000,4000,0.0,0,0,"[0, 0]",9,65.11804367799778
regular,250,250,121,1.4427016265795107,"c=1,d=10",watanabe,1,2000,4000,0.0,0,0,"[0, 0]",5,50.93067644900293
e-singular,250,250,121,1.703379631357712,"c=1,d=10",watanabe,1,2000,4000,0.0,0,0,"[0, 0]",8,77.00511644101061
singular1,250,250,121,0.9874076991820004,"c=1,d=10",watanabe,1,2000,4000,0.0,0,0,"[0, 0]",10,90.4543795310019
singular2,250,250,121,0.9060764310681392,"c=1,d=10",watanabe,1,2000,4000,0.0,0,0,"[0, 0]",9,83.07403529300063
regular,5000,5000,121,2.17533062638098,"c=1,d=0.1",watanabe,1,2000,4000,0.0,0,0,"[0, 0]",5,189.91212541700224
e-singular,5000,5000,121,0.4811823893580876,"c=1,d=0.1",watanabe,1,2000,4000,0.0,0,0,"[0, 0]",7,206.0847626210016
singular1,5000,5000,121,2.218507618873986,"c=1,d=0.1",watanabe,1,2000,4000,0.0,0,0,"[0, 0]",10,503.7579680040071
singular2,5000,5000,121,1.122338781377049,"c=1,d=0.1",watanabe,1,2000,4000,0.0,0,0,"[0, 0]",10,449.5485349859955
regular,5000,5000,121,1.5572552253159262,"c=1,d=1",watanabe,1,2000,4000,0.0,0,0,"[0, 0]",5,167.57121939200442
e-singular,5000,5000,121,1.4728087024047194,"c=1,d=1",watanabe,1,2000,4000,0.0,0,0,"[0, 0]",6,198.9374992740049
singular1,5000,5000,121,0.8103951372178864,"c=1,d=1",watanabe,1,2000,4000,0.0,0,0,"[0, 0]",10,428.2847141419916
singular2,5000,5000,121,0.889650786961625,"c=1,d=1",watanabe,1,2000,4000,0.0,0,0,"[0, 0]",10,361.8827296450036
regular,5000,5000,121,1.4101481373020963,"c=1,d=2",watanabe,1,2000,4000,0.0,0,0,"[0, 0]",5,152.94182526499208
e-singular,5000,5000,121,1.589880858301125,"c=1,d=2",watanabe,1,2000,4000,0.0,0,0,"[0, 0]",7,204.70554131100653
singular1,5000,5000,121,0.8570123144786154,"c=1,d=2",watanabe,1,2000,4000,0.0,0,0,"[0, 0]",10,426.9910177209968
singular2,5000,5000,121,0.8472048522948715,"c=1,d=2",watanabe,1,2000,4000,0.0,0,0,"[0, 0]",10,375.023246347002
regular,5000,5000,121,1.593523882619741,"c=1,d=5",watanabe,1,2000,4000,0.0,0,0,"[0, 0]",5,156.22604049899385
e-singular,5000,5000,121,1.4993085150093666,"c=1,d=5",watanabe,1,2000,4000,0.0,0,0,"[0, 0]",6,202.12780203699367
singular1,5000,5000,121,0.735559369102408,"c=1,d=5",watanabe,1,2000,4000,0.0,0,0,"[0, 0]",10,433.0209494809969
singular2,5000,5000,121,0.8301572215980472,"c=1,d=5",watanabe,1,2000,4000,0.0,0,0,"[0, 0]",10,330.9088134890044
regular,5000,5000,121,1.454987202755568,"c=1,d=10",watanabe,1,2000,4000,0.0,0,0,"[0, 0]",5,151.835157590991
e-singular,5000,5000,121,1.4508078315955744,"c=1,d=10",watanabe,1,2000,4000,0.0,0,0,"[0, 0]",7,223.37439711899788
singular1,5000,5000,121,0.6750757978747648,"c=1,d=10",watanabe,1,2000,4000,0.0,0,0,"[0, 0]",10,357.2668862739956
singular2,5000,5000,121,0.9096212581457758,"c=1,d=10",watanabe,1,2000,4000,0.0,0,0,"[0, 0]",10,295.8599045279989
regular,50,50,122,2.311146026975932,"c=1,d=0.1",watanabe,1,2000,4000,0.0,0,0,"[0, 0]",5,63.78890360999503
e-singular,50,50,122,2.056626567828584,"c=1,d=0.1",watanabe,1,2000,4000,0.0,0,0,"[0, 0]",8,65.85456344000704
singular1,50,50,122,1.6343152150321725,"c=1,d=0.1",watanabe,1,2000,4000,0.0,0,0,"[0, 0]",8,66.53683364400058
singular2,50,50,122,-0.3201309651336611,"c=1,d=0.1",watanabe,1,2000,4000,0.0,0,0,"[0, 0]",8,65.59798436399433
regular,50,50,122,1.5485945385784308,"c=1,d=1",watanabe,1,2000,4000,0.0,0,0,"[0, 0]",5,64.64125150999462
e-singular,50,50,122,0.978033985479084,"c=1,d=1",watanabe,1,2000,4000,0.0,0,0,"[0, 0]",8,65.66116783599136
singular1,50,50,122,1.078139834632242,"c=1,d=1",watanabe,1,2000,4000,0.0,0,0,"[0, 0]",9,66.8198686770047
singular2,50,50,122,1.049660660211047,"c=1,d=1",watanabe,1,2000,4000,0.0,0,0,"[0, 0]",8,62.57630499699735
regular,50,50,122,1.5008832962010958,"c=1,d=2",watanabe,1,2000,4000,0.0,0,0,"[0, 0]",5,67.79224173800321
e-singular,50,50,122,1.1401748595260843,"c=1,d=2",watanabe,1,2000,4000,0.0,0,0,"[0, 0]",9,67.79156889599108
singular1,50,50,122,1.1736864300563117,"c=1,d=2",watanabe,1,2000,4000,0.0,0,0,"[0, 0]",9,73.87458778700966
singular2,50,50,122,1.1067039204773268,"c=1,d=2",watanabe,1,2000,4000,0.0,0,0,"[0, 0]",8,68.96078850599588
regular,50,50,122,1.4833856405358123,"c=1,d=5",watanabe,1,2000,4000,0.0,0,0,"[0, 0]",5,89.2990597570024
e-singular,50,50,122,1.2421726042743355,"c=1,d=5",watanabe,1,2000,4000,0.0,0,0,"[0, 0]",8,85.4073628079932
singular1,50,50,122,1.1021549316136483,"c=1,d=5",watanabe,1,2000,4000,0.0,0,0,"[0, 0]",10,120.16848982399095
singular2,50,50,122,1.1390384756881888,"c=1,d=5",watanabe,1,2000,4000,0.0,0,0,"[0, 0]",9,98.10543846500514
regular,50,50,122,1.401185230767576,"c=1,d=10",watanabe,1,2000,4000,0.0,0,0,"[0, 0]",5,81.79097632899357
e-singular,50,50,122,1.351417673980351,"c=1,d=10",watanabe,1,2000,4000,0.0,0,0,"[0, 0]",8,79.20483421000245
singular1,50,50,122,1.1185541285697371,"c=1,d=10",watanabe,1,2000,4000,0.0,0,0,"[0, 0]",10,81.34968539500551
singular2,50,50,122,1.0621024514389663,"c=1,d=10",watanabe,1,2000,4000,0.0,0,0,"[0, 0]",9,73.65018787600275
regular,250,250,122,1.2112127858241517,"c=1,d=0.1",watanabe,1,2000,4000,0.0,0,0,"[0, 0]",6,81.04778512899065
e-singular,250,250,122,2.3732760923282323,"c=1,d=0.1",watanabe,1,2000,4000,0.0,0,0,"[0, 0]",8,78.14741677200072
singular1,250,250,122,-0.0499973611106294,"c=1,d=0.1",watanabe,1,2000,4000,0.0,0,0,"[0, 0]",9,74.31364839799062
singular2,250,250,122,0.8476969080758195,"c=1,d=0.1",watanabe,1,2000,4000,0.0,0,0,"[0, 0]",8,78.30908808400272
regular,250,250,122,1.4772775997740726,"c=1,d=1",watanabe,1,2000,4000,0.0,0,0,"[0, 0]",5,79.43161270399287
e-singular,250,250,122,1.341683540348398,"c=1,d=1",watanabe,1,2000,4000,0.0,0,0,"[0, 0]",9,79.80808499798877
singular1,250,250,122,0.900486336281599,"c=1,d=1",watanabe,1,2000,4000,0.0,0,0,"[0, 0]",9,86.60241765799583
singular2,250,250,122,0.9391117382152644,"c=1,d=1",watanabe,1,2000,4000,0.0,0,0,"[0, 0]",9,83.23734401499678
regular,250,250,122,1.5185674620787322,"c=1,d=2",watanabe,1,2000,4000,0.0,0,0,"[0, 0]",5,67.904860042996
e-singular,250,250,122,1.630429403937604,"c=1,d=2",watanabe,1,2000,4000,0.0,0,0,"[0, 0]",8,69.59013599599712
singular1,250,250,122,1.009379115785192,"c=1,d=2",watanabe,1,2000,4000,0.0,0,0,"[0, 0]",9,109.53283208000356
singular2,250,250,122,0.8244522178805397,"c=1,d=2",watanabe,1,2000,4000,0.0,0,0,"[0, 0]",9,92.46408081300616
regular,250,250,122,1.5019586332826858,"c=1,d=5",watanabe,1,2000,4000,0.0,0,0,"[0, 0]",5,72.29449372600357
e-singular,250,250,122,1.6270790776311146,"c=1,d=5",watanabe,1,2000,4000,0.0,0,0,"[0, 0]",9,70.43631617601204
singular1,250,250,122,0.908647811577864,"c=1,d=5",watanabe,1,2000,4000,0.0,0,0,"[0, 0]",10,102.75663380000331
singular2,250,250,122,0.8532252924923,"c=1,d=5",watanabe,1,2000,4000,0.0,0,0,"[0, 0]",10,107.0148388200032
regular,250,250,122,1.6481857406774534,"c=1,d=10",watanabe,1,2000,4000,0.0,0,0,"[0, 0]",5,89.79031083500013
e-singular,250,250,122,1.484547281099979,"c=1,d=10",watanabe,1,2000,4000,0.0,0,0,"[0, 0]",9,98.2046712779993
singular1,250,250,122,0.9741579380819432,"c=1,d=10",watanabe,1,2000,4000,0.0,0,0,"[0, 0]",9,90.19955247000324
singular2,250,250,122,0.9716886549691558,"c=1,d=10",watanabe,1,2000,4000,0.0,0,0,"[0, 0]",10,104.66043590199844
regular,5000,5000,122,0.880380406230203,"c=1,d=0.1",watanabe,1,2000,4000,0.0,0,0,"[0, 0]",5,163.64165354300349
e-singular,5000,5000,122,2.484628836915322,"c=1,d=0.1",watanabe,1,2000,4000,0.0,0,0,"[0, 0]",6,203.79674230401
singular1,5000,5000,122,2.313243445117668,"c=1,d=0.1",watanabe,1,2000,4000,0.0,0,0,"[0, 0]",10,444.5526382509997
singular2,5000,5000,122,0.8686872234572103,"c=1,d=0.1",watanabe,1,2000,4000,0.0,0,0,"[0, 0]",10,448.160682132002
regular,5000,5000,122,1.5007869604016535,"c=1,d=1",watanabe,1,2000,4000,0.0,0,0,"[0, 0]",5,172.17569483201078
e-singular,5000,5000,122,1.585375320896734,"c=1,d=1",watanabe,1,2000,4000,0.0,0,0,"[0, 0]",7,234.13291781800217
singular1,5000,5000,122,0.7584864595713279,"c=1,d=1",watanabe,1,2000,4000,0.0,0,0,"[0, 0]",10,476.91706042901205
singular2,5000,5000,122,0.9868935658535404,"c=1,d=1",watanabe,1,2000,4000,0.0,0,0,"[0, 0]",10,429.52810275700176
regular,5000,5000,122,1.546175014464741,"c=1,d=2",watanabe,1,2000,4000,0.0,0,0,"[0, 0]",5,153.96728221399826
e-singular,5000,5000,122,1.6265282670629178,"c=1,d=2",watanabe,1,2000,4000,0.0,0,0,"[0, 0]",7,211.70416034699883
singular1,5000,5000,122,0.8374990361468625,"c=1,d=2",watanabe,1,2000,4000,0.0,0,0,"[0, 0]",10,482.035286680999
singular2,5000,5000,122,0.8493653823817918,"c=1,d=2",watanabe,1,2000,4000,0.0,0,0,"[0, 0]",10,428.536112287009
regular,5000,5000,122,1.5326994392037712,"c=1,d=5",watanabe,1,2000,4000,0.0,0,0,"[0, 0]",5,151.09521943100845
e-singular,5000,5000,122,1.5385450903165787,"c=1,d=5",watanabe,1,2000,4000,0.0,0,0,"[0, 0]",7,216.9448533669929
singular1,5000,5000,122,0.8071493210752538,"c=1,d=5",watanabe,1,2000,4000,0.0,0,0,"[0, 0]",10,400.1081316620112
singular2,5000,5000,122,0.8474942985422076,"c=1,d=5",watanabe,1,2000,4000,0.0,0,0,"[0, 0]",10,375.0897567609936
regular,5000,5000,122,1.4358360345784678,"c=1,d=10",watanabe,1,2000,4000,0.0,0,0,"[0, 0]",5,138.40159779498936
e-singular,5000,5000,122,1.4953152062092137,"c=1,d=10",watanabe,1,2000,4000,0.0,0,0,"[0, 0]",6,191.3052873949928
singular1,5000,5000,122,0.895639635950123,"c=1,d=10",watanabe,1,2000,4000,0.0,0,0,"[0, 0]",10,307.80754282001
singular2,5000,5000,122,0.805792887016133,"c=1,d=10",watanabe,1,2000,4000,0.0,0,0,"[0, 0]",10,338.3176582939923
regular,50,50,123,0.5302340843454814,"c=1,d=0.1",watanabe,1,2000,4000,0.0,0,0,"[0, 0]",5,41.15431374999753
e-singular,50,50,123,1.8845461807294075,"c=1,d=0.1",watanabe,1,2000,4000,0.0,0,0,"[0, 0]",8,43.31005963300413
singular1,50,50,123,-0.376869627553524,"c=1,d=0.1",watanabe,1,2000,4000,0.0,0,0,"[0, 0]",8,75.09500113299873
singular2,50,50,123,0.7944056347797527,"c=1,d=0.1",watanabe,1,2000,4000,0.0,0,0,"[0, 0]",7,74.83999288300402
regular,50,50,123,1.355230584518012,"c=1,d=1",watanabe,1,2000,4000,0.0,0,0,"[0, 0]",5,69.15849731100025
e-singular,50,50,123,0.970830208119411,"c=1,d=1",watanabe,1,2000,4000,0.0,0,0,"[0, 0]",8,70.25911147698935
singular1,50,50,123,1.1742478794055728,"c=1,d=1",watanabe,1,2000,4000,0.0,0,0,"[0, 0]",9,75.04352746500808
singular2,50,50,123,0.9084780396075604,"c=1,d=1",watanabe,1,2000,4000,0.0,0,0,"[0, 0]",8,75.52148963299987
regular,50,50,123,1.4207680464483683,"c=1,d=2",watanabe,1,2000,4000,0.0,0,0,"[0, 0]",5,92.14666410100472
e-singular,50,50,123,1.2834121423331224,"c=1,d=2",watanabe,1,2000,4000,0.0,0,0,"[0, 0]",8,91.617665348007
singular1,50,50,123,1.1353099908600224,"c=1,d=2",watanabe,1,2000,4000,0.0,0,0,"[0, 0]",9,73.82954904000508
singular2,50,50,123,0.8739707497463179,"c=1,d=2",watanabe,1,2000,4000,0.0,0,0,"[0, 0]",8,75.7172020959988
regular,50,50,123,1.457791287497078,"c=1,d=5",watanabe,1,2000,4000,0.0,0,0,"[0, 0]",5,69.74007169099059
e-singular,50,50,123,1.190909773590877,"c=1,d=5",watanabe,1,2000,4000,0.0,0,0,"[0, 0]",8,70.66997380499379
singular1,50,50,123,1.030900509117924,"c=1,d=5",watanabe,1,2000,4000,0.0,0,0,"[0, 0]",9,73.48325000600016
singular2,50,50,123,0.8761324966022791,"c=1,d=5",watanabe,1,2000,4000,0.0,0,0,"[0, 0]",9,74.27189565901062
regular,50,50,123,1.4466204894172223,"c=1,d=10",watanabe,1,2000,4000,0.0,0,0,"[0, 0]",5,87.67759285500506
e-singular,50,50,123,1.1437221027617548,"c=1,d=10",watanabe,1,2000,4000,0.0,0,0,"[0, 0]",8,85.92152354400605
singular1,50,50,123,1.0069478899763324,"c=1,d=10",watanabe,1,2000,4000,0.0,0,0,"[0, 0]",10,84.91644460600219
singular2,50,50,123,0.9437494195707864,"c=1,d=10",watanabe,1,2000,4000,0.0,0,0,"[0, 0]",9,93.43835572699028
regular,250,250,123,1.3451782098055622,"c=1,d=0.1",watanabe,1,2000,4000,0.0,0,0,"[0, 0]",5,91.97954149299768
e-singular,250,250,123,0.8876611248198857,"c=1,d=0.1",watanabe,1,2000,4000,0.0,0,0,"[0, 0]",9,105.4028888259927
singular1,250,250,123,0.9992158238868922,"c=1,d=0.1",watanabe,1,2000,4000,0.0,0,0,"[0, 0]",9,99.06441254699894
singular2,250,250,123,0.7985034817356825,"c=1,d=0.1",watanabe,1,2000,4000,0.0,0,0,"[0, 0]",8,99.18277043300624
regular,250,250,123,1.4847169427792322,"c=1,d=1",watanabe,1,2000,4000,0.0,0,0,"[0, 0]",5,67.94622709299438
e-singular,250,250,123,1.3128484322766036,"c=1,d=1",watanabe,1,2000,4000,0.0,0,0,"[0, 0]",9,77.41937415600114
singular1,250,250,123,0.9325021087885044,"c=1,d=1",watanabe,1,2000,4000,0.0,0,0,"[0, 0]",9,75.01886255700083
singular2,250,250,123,0.913720851720648,"c=1,d=1",watanabe,1,2000,4000,0.0,0,0,"[0, 0]",9,100.17140104099236
regular,250,250,123,1.4697022111840057,"c=1,d=2",watanabe,1,2000,4000,0.0,0,0,"[0, 0]",5,76.48853156900441
e-singular,250,250,123,1.3789913446766773,"c=1,d=2",watanabe,1,2000,4000,0.0,0,0,"[0, 0]",8,74.7357124590053
singular1,250,250,123,0.8956574029248116,"c=1,d=2",watanabe,1,2000,4000,0.0,0,0,"[0, 0]",9,89.40447736000351
singular2,250,250,123,0.9397606190058708,"c=1,d=2",watanabe,1,2000,4000,0.0,0,0,"[0, 0]",9,81.53546492601163
regular,250,250,123,1.5324929377301448,"c=1,d=5",watanabe,1,2000,4000,0.0,0,0,"[0, 0]",5,77.22396159499476
e-singular,250,250,123,1.3950939859702414,"c=1,d=5",watanabe,1,2000,4000,0.0,0,0,"[0, 0]",8,85.62183195201214
singular1,250,250,123,0.926468608122761,"c=1,d=5",watanabe,1,2000,4000,0.0,0,0,"[0, 0]",10,92.75579330700566
singular2,250,250,123,0.974400465627105,"c=1,d=5",watanabe,1,2000,4000,0.0,0,0,"[0, 0]",10,92.70751502799976
regular,250,250,123,1.4842943218769733,"c=1,d=10",watanabe,1,2000,4000,0.0,0,0,"[0, 0]",5,76.27917194500333
e-singular,250,250,123,1.3031408470788683,"c=1,d=10",watanabe,1,2000,4000,0.0,0,0,"[0, 0]",8,85.6107934340107
singular1,250,250,123,0.8744402104746531,"c=1,d=10",watanabe,1,2000,4000,0.0,0,0,"[0, 0]",10,85.53958589499234
singular2,250,250,123,0.8977391705900818,"c=1,d=10",watanabe,1,2000,4000,0.0,0,0,"[0, 0]",9,86.26755958200374
regular,5000,5000,123,0.7903230596094257,"c=1,d=0.1",watanabe,1,2000,4000,0.0,0,0,"[0, 0]",5,150.32414125400828
e-singular,5000,5000,123,0.7117257338786034,"c=1,d=0.1",watanabe,1,2000,4000,0.0,0,0,"[0, 0]",7,249.7758108489943
singular1,5000,5000,123,1.1159801497913486,"c=1,d=0.1",watanabe,1,2000,4000,0.0,0,0,"[0, 0]",10,405.51655894200667
singular2,5000,5000,123,0.4534145559381311,"c=1,d=0.1",watanabe,1,2000,4000,0.0,0,0,"[0, 0]",9,398.02794820899726
regular,5000,5000,123,1.4358828862988222,"c=1,d=1",watanabe,1,2000,4000,0.0,0,0,"[0, 0]",5,163.7807008929958
e-singular,5000,5000,123,1.6846210185958186,"c=1,d=1",watanabe,1,2000,4000,0.0,0,0,"[0, 0]",6,223.6549792309961
singular1,5000,5000,123,0.9538117685513736,"c=1,d=1",watanabe,1,2000,4000,0.0,0,0,"[0, 0]",10,455.9703293299972
singular2,5000,5000,123,0.7398251538483153,"c=1,d=1",watanabe,1,2000,4000,0.0,0,0,"[0, 0]",10,439.7311608140008
regular,5000,5000,123,1.5085193976791562,"c=1,d=2",watanabe,1,2000,4000,0.0,0,0,"[0, 0]",5,149.40018276699993
e-singular,5000,5000,123,1.50039656094568,"c=1,d=2",watanabe,1,2000,4000,0.0,0,0,"[0, 0]",7,219.97463839799457
singular1,5000,5000,123,0.8026170180255182,"c=1,d=2",watanabe,1,2000,4000,0.0,0,0,"[0, 0]",10,425.56401722900046
singular2,5000,5000,123,0.7845771736687678,"c=1,d=2",watanabe,1,2000,4000,0.0,0,0,"[0, 0]",10,408.0936152729992
regular,5000,5000,123,1.5360653444589736,"c=1,d=5",watanabe,1,2000,4000,0.0,0,0,"[0, 0]",5,150.63063015800435
e-singular,5000,5000,123,1.5236492459481112,"c=1,d=5",watanabe,1,2000,4000,0.0,0,0,"[0, 0]",7,190.862897220999
singular1,5000,5000,123,0.8151136695887066,"c=1,d=5",watanabe,1,2000,4000,0.0,0,0,"[0, 0]",10,399.1688306950091
singular2,5000,5000,123,0.8442987144166835,"c=1,d=5",watanabe,1,2000,4000,0.0,0,0,"[0, 0]",10,344.8609063549957
regular,5000,5000,123,1.4810122097190892,"c=1,d=10",watanabe,1,2000,4000,0.0,0,0,"[0, 0]",5,167.49769417900825
e-singular,5000,5000,123,1.5516183230020288,"c=1,d=10",watanabe,1,2000,4000,0.0,0,0,"[0, 0]",7,192.86335052100185
singular1,5000,5000,123,0.7659462370773189,"c=1,d=10",watanabe,1,2000,4000,0.0,0,0,"[0, 0]",10,343.0669540359959
singular2,5000,5000,123,0.8408720570423553,"c=1,d=10",watanabe,1,2000,4000,0.0,0,0,"[0, 0]",10,368.6970221910015
regular,50,50,124,2.131763373344881,"c=1,d=0.1",watanabe,1,2000,4000,0.0,0,0,"[0, 0]",5,63.878794923992245
e-singular,50,50,124,1.909539104156643,"c=1,d=0.1",watanabe,1,2000,4000,0.0,0,0,"[0, 0]",8,66.12408739399689
singular1,50,50,124,2.6140274990110304,"c=1,d=0.1",watanabe,1,2000,4000,0.0,0,0,"[0, 0]",8,66.00629506900441
singular2,50,50,124,0.4621203672034605,"c=1,d=0.1",watanabe,1,2000,4000,0.0,0,0,"[0, 0]",7,62.287805922998814
regular,50,50,124,1.421594109189896,"c=1,d=1",watanabe,1,2000,4000,0.0,0,0,"[0, 0]",5,61.96339961299964
e-singular,50,50,124,1.4563437542815816,"c=1,d=1",watanabe,1,2000,4000,0.0,0,0,"[0, 0]",8,71.92626111699792
singular1,50,50,124,1.0265350349377609,"c=1,d=1",watanabe,1,2000,4000,0.0,0,0,"[0, 0]",9,72.44183630500629
singular2,50,50,124,0.7793905111955816,"c=1,d=1",watanabe,1,2000,4000,0.0,0,0,"[0, 0]",7,71.22677454799123
regular,50,50,124,1.4345548213312955,"c=1,d=2",watanabe,1,2000,4000,0.0,0,0,"[0, 0]",5,64.35316716499801
e-singular,50,50,124,1.3478188705091902,"c=1,d=2",watanabe,1,2000,4000,0.0,0,0,"[0, 0]",8,65.67449987599684
singular1,50,50,124,1.1971236435370576,"c=1,d=2",watanabe,1,2000,4000,0.0,0,0,"[0, 0]",9,83.14156854600878
singular2,50,50,124,0.8175050373383655,"c=1,d=2",watanabe,1,2000,4000,0.0,0,0,"[0, 0]",8,66.12623159099894
regular,50,50,124,1.4098991058002095,"c=1,d=5",watanabe,1,2000,4000,0.0,0,0,"[0, 0]",5,81.07540877300198
e-singular,50,50,124,1.4993271818756235,"c=1,d=5",watanabe,1,2000,4000,0.0,0,0,"[0, 0]",8,74.11179186899972
singular1,50,50,124,1.0819582855162229,"c=1,d=5",watanabe,1,2000,4000,0.0,0,0,"[0, 0]",9,79.59764955198625
singular2,50,50,124,0.9383285206042714,"c=1,d=5",watanabe,1,2000,4000,0.0,0,0,"[0, 0]",8,77.54570258199237
regular,50,50,124,1.420688794557177,"c=1,d=10",watanabe,1,2000,4000,0.0,0,0,"[0, 0]",5,78.26114066199807
e-singular,50,50,124,1.4409852569205506,"c=1,d=10",watanabe,1,2000,4000,0.0,0,0,"[0, 0]",8,86.86563489199034
singular1,50,50,124,1.2368963021868813,"c=1,d=10",watanabe,1,2000,4000,0.0,0,0,"[0, 0]",10,87.97267379400728
singular2,50,50,124,0.9273309736051104,"c=1,d=10",watanabe,1,2000,4000,0.0,0,0,"[0, 0]",9,74.2287465200061
regular,250,250,124,0.7947941842086483,"c=1,d=0.1",watanabe,1,2000,4000,0.0,0,0,"[0, 0]",5,90.25626715600085
e-singular,250,250,124,-0.3061366347928068,"c=1,d=0.1",watanabe,1,2000,4000,0.0,0,0,"[0, 0]",8,77.13513899401005
singular1,250,250,124,0.417958911662241,"c=1,d=0.1",watanabe,1,2000,4000,0.0,0,0,"[0, 0]",9,81.4281225050072
singular2,250,250,124,0.2354603363802801,"c=1,d=0.1",watanabe,1,2000,4000,0.0,0,0,"[0, 0]",8,79.37971416598884
regular,250,250,124,1.5019362434100936,"c=1,d=1",watanabe,1,2000,4000,0.0,0,0,"[0, 0]",5,76.36436805299309
e-singular,250,250,124,1.6339366072726424,"c=1,d=1",watanabe,1,2000,4000,0.0,0,0,"[0, 0]",8,69.45656791700458
singular1,250,250,124,1.0491270073937098,"c=1,d=1",watanabe,1,2000,4000,0.0,0,0,"[0, 0]",9,69.82965125099872
singular2,250,250,124,0.8387558719657446,"c=1,d=1",watanabe,1,2000,4000,0.0,0,0,"[0, 0]",10,69.49688808400242
regular,250,250,124,1.4574374323198804,"c=1,d=2",watanabe,1,2000,4000,0.0,0,0,"[0, 0]",5,59.53202509599214
e-singular,250,250,124,1.6613545595951316,"c=1,d=2",watanabe,1,2000,4000,0.0,0,0,"[0, 0]",8,86.62361202499596
singular1,250,250,124,1.1821353094195433,"c=1,d=2",watanabe,1,2000,4000,0.0,0,0,"[0, 0]",9,89.50718111499737
singular2,250,250,124,0.9199115636170084,"c=1,d=2",watanabe,1,2000,4000,0.0,0,0,"[0, 0]",9,84.77490733099694
regular,250,250,124,1.4032009153473215,"c=1,d=5",watanabe,1,2000,4000,0.0,0,0,"[0, 0]",5,74.55244502099231
e-singular,250,250,124,1.6412973305011138,"c=1,d=5",watanabe,1,2000,4000,0.0,0,0,"[0, 0]",9,87.5357204870088
singular1,250,250,124,1.0850065550442576,"c=1,d=5",watanabe,1,2000,4000,0.0,0,0,"[0, 0]",10,89.45548093500838
singular2,250,250,124,0.9177372444497705,"c=1,d=5",watanabe,1,2000,4000,0.0,0,0,"[0, 0]",9,89.04536129398912
regular,250,250,124,1.4640573689765737,"c=1,d=10",watanabe,1,2000,4000,0.0,0,0,"[0, 0]",5,80.69215874900692
e-singular,250,250,124,1.6802754464346972,"c=1,d=10",watanabe,1,2000,4000,0.0,0,0,"[0, 0]",9,66.60240933999012
singular1,250,250,124,1.1541384137276578,"c=1,d=10",watanabe,1,2000,4000,0.0,0,0,"[0, 0]",10,87.35610887399525
singular2,250,250,124,0.9022012203522668,"c=1,d=10",watanabe,1,2000,4000,0.0,0,0,"[0, 0]",10,77.31494053600181
regular,5000,5000,124,1.5166303600554991,"c=1,d=0.1",watanabe,1,2000,4000,0.0,0,0,"[0, 0]",6,227.95986445399467
e-singular,5000,5000,124,2.914431182786924,"c=1,d=0.1",watanabe,1,2000,4000,0.0,0,0,"[0, 0]",7,287.57345506300044
singular1,5000,5000,124,0.0146010638506315,"c=1,d=0.1",watanabe,1,2000,4000,0.0,0,0,"[0, 0]",10,549.1709301289957
singular2,5000,5000,124,1.7775445384018778,"c=1,d=0.1",watanabe,1,2000,4000,0.0,0,0,"[0, 0]",10,421.0693339490099
regular,5000,5000,124,1.6642880272286014,"c=1,d=1",watanabe,1,2000,4000,0.0,0,0,"[0, 0]",5,191.20004768299987
e-singular,5000,5000,124,1.4980572602247726,"c=1,d=1",watanabe,1,2000,4000,0.0,0,0,"[0, 0]",6,217.17239858901303
singular1,5000,5000,124,1.0092531486272132,"c=1,d=1",watanabe,1,2000,4000,0.0,0,0,"[0, 0]",10,601.932060977997
singular2,5000,5000,124,0.8354878902572053,"c=1,d=1",watanabe,1,2000,4000,0.0,0,0,"[0, 0]",10,442.5592766139889
regular,5000,5000,124,1.473006645817098,"c=1,d=2",watanabe,1,2000,4000,0.0,0,0,"[0, 0]",5,151.714260223991
e-singular,5000,5000,124,1.4994890595384998,"c=1,d=2",watanabe,1,2000,4000,0.0,0,0,"[0, 0]",7,215.0126159460051
singular1,5000,5000,124,0.8142870840258468,"c=1,d=2",watanabe,1,2000,4000,0.0,0,0,"[0, 0]",10,566.2978644469986
singular2,5000,5000,124,0.7652910375337565,"c=1,d=2",watanabe,1,2000,4000,0.0,0,0,"[0, 0]",10,445.6583450379985
regular,5000,5000,124,1.4510762667329695,"c=1,d=5",watanabe,1,2000,4000,0.0,0,0,"[0, 0]",5,150.0289797430014
e-singular,5000,5000,124,1.4814501959935706,"c=1,d=5",watanabe,1,2000,4000,0.0,0,0,"[0, 0]",6,183.8388328370056
singular1,5000,5000,124,0.7599034838251959,"c=1,d=5",watanabe,1,2000,4000,0.0,0,0,"[0, 0]",10,1018.2972274450004
singular2,5000,5000,124,0.7361149996779283,"c=1,d=5",watanabe,1,2000,4000,0.0,0,0,"[0, 0]",10,404.2991417049925
regular,5000,5000,124,1.5181647590173668,"c=1,d=10",watanabe,1,2000,4000,0.0,0,0,"[0, 0]",5,149.63912685700052
e-singular,5000,5000,124,1.5122472211346685,"c=1,d=10",watanabe,1,2000,4000,0.0,0,0,"[0, 0]",6,190.09860193899652
singular1,5000,5000,124,0.9231350544170712,"c=1,d=10",watanabe,1,2000,4000,0.0,0,0,"[0, 0]",10,478.1250669739966
singular2,5000,5000,124,0.7576558956865412,"c=1,d=10",watanabe,1,2000,4000,0.0,0,0,"[0, 0]",10,446.7486524019914
regular,50,50,125,0.8165578671407636,"c=1,d=0.1",watanabe,1,2000,4000,0.0,0,0,"[0, 0]",6,90.2193146780046
e-singular,50,50,125,0.2592410959663942,"c=1,d=0.1",watanabe,1,2000,4000,0.0,0,0,"[0, 0]",8,91.97076625599584
singular1,50,50,125,1.6657294392718744,"c=1,d=0.1",watanabe,1,2000,4000,0.0,0,0,"[0, 0]",8,92.2730926580116
singular2,50,50,125,0.5085044841625022,"c=1,d=0.1",watanabe,1,2000,4000,0.0,0,0,"[0, 0]",7,52.85522586801381
regular,50,50,125,1.4877962172460983,"c=1,d=1",watanabe,1,2000,4000,0.0,0,0,"[0, 0]",5,90.14961891599523
e-singular,50,50,125,1.2749031926580718,"c=1,d=1",watanabe,1,2000,4000,0.0,0,0,"[0, 0]",8,91.84240183699876
singular1,50,50,125,0.9181712174232828,"c=1,d=1",watanabe,1,2000,4000,0.0,0,0,"[0, 0]",8,93.1105213539995
singular2,50,50,125,0.9891278359357706,"c=1,d=1",watanabe,1,2000,4000,0.0,0,0,"[0, 0]",8,91.77751096399152
regular,50,50,125,1.3643025872021763,"c=1,d=2",watanabe,1,2000,4000,0.0,0,0,"[0, 0]",6,78.61275774000387
e-singular,50,50,125,1.2387126500114831,"c=1,d=2",watanabe,1,2000,4000,0.0,0,0,"[0, 0]",8,70.90357766901434
singular1,50,50,125,1.0444730618599265,"c=1,d=2",watanabe,1,2000,4000,0.0,0,0,"[0, 0]",9,65.18101887700323
singular2,50,50,125,1.0534003902070164,"c=1,d=2",watanabe,1,2000,4000,0.0,0,0,"[0, 0]",8,77.02058030500484
regular,50,50,125,1.275932956671798,"c=1,d=5",watanabe,1,2000,4000,0.0,0,0,"[0, 0]",5,74.74416345499048
e-singular,50,50,125,1.3778685741284284,"c=1,d=5",watanabe,1,2000,4000,0.0,0,0,"[0, 0]",8,75.28951120500278
singular1,50,50,125,1.013717578149378,"c=1,d=5",watanabe,1,2000,4000,0.0,0,0,"[0, 0]",9,77.18854980600008
singular2,50,50,125,0.9359144995322096,"c=1,d=5",watanabe,1,2000,4000,0.0,0,0,"[0, 0]",8,75.6274647609971
regular,50,50,125,1.4640528425139785,"c=1,d=10",watanabe,1,2000,4000,0.0,0,0,"[0, 0]",5,89.29707160199177
e-singular,50,50,125,1.424220804255352,"c=1,d=10",watanabe,1,2000,4000,0.0,0,0,"[0, 0]",8,67.00947846499912
singular1,50,50,125,0.9639297117646228,"c=1,d=10",watanabe,1,2000,4000,0.0,0,0,"[0, 0]",9,64.83606526600488
singular2,50,50,125,0.8897396151474412,"c=1,d=10",watanabe,1,2000,4000,0.0,0,0,"[0, 0]",9,85.31908779700461
regular,250,250,125,0.2287038792337997,"c=1,d=0.1",watanabe,1,2000,4000,0.0,0,0,"[0, 0]",5,85.88082377098908
e-singular,250,250,125,0.4988391748469415,"c=1,d=0.1",watanabe,1,2000,4000,0.0,0,0,"[0, 0]",9,97.86210726000718
singular1,250,250,125,0.956962938972032,"c=1,d=0.1",watanabe,1,2000,4000,0.0,0,0,"[0, 0]",9,95.0717273689952
singular2,250,250,125,1.925393650808081,"c=1,d=0.1",watanabe,1,2000,4000,0.0,0,0,"[0, 0]",8,87.77819686899602
regular,250,250,125,1.486629099247957,"c=1,d=1",watanabe,1,2000,4000,0.0,0,0,"[0, 0]",5,99.06086670199876
e-singular,250,250,125,1.2020226339685498,"c=1,d=1",watanabe,1,2000,4000,0.0,0,0,"[0, 0]",9,98.03746147900527
singular1,250,250,125,0.9994944165777294,"c=1,d=1",watanabe,1,2000,4000,0.0,0,0,"[0, 0]",9,97.44041091800318
singular2,250,250,125,0.7807638080410934,"c=1,d=1",watanabe,1,2000,4000,0.0,0,0,"[0, 0]",8,91.87401572300588
regular,250,250,125,1.4458849912570708,"c=1,d=2",watanabe,1,2000,4000,0.0,0,0,"[0, 0]",5,104.43677419600137
e-singular,250,250,125,1.2182334227198244,"c=1,d=2",watanabe,1,2000,4000,0.0,0,0,"[0, 0]",8,122.85603776999052
singular1,250,250,125,1.0754408828782622,"c=1,d=2",watanabe,1,2000,4000,0.0,0,0,"[0, 0]",9,92.51077652499951
singular2,250,250,125,0.9136410060170296,"c=1,d=2",watanabe,1,2000,4000,0.0,0,0,"[0, 0]",9,118.53429490800772
regular,250,250,125,1.6294356544495088,"c=1,d=5",watanabe,1,2000,4000,0.0,0,0,"[0, 0]",5,69.77453027000593
e-singular,250,250,125,1.3763492987840735,"c=1,d=5",watanabe,1,2000,4000,0.0,0,0,"[0, 0]",8,86.19559061199834
singular1,250,250,125,0.8909296342112512,"c=1,d=5",watanabe,1,2000,4000,0.0,0,0,"[0, 0]",10,86.4313963399909
singular2,250,250,125,0.9490326564472964,"c=1,d=5",watanabe,1,2000,4000,0.0,0,0,"[0, 0]",9,67.56692443799693
regular,250,250,125,1.5310626438989707,"c=1,d=10",watanabe,1,2000,4000,0.0,0,0,"[0, 0]",5,73.17602350900415
e-singular,250,250,125,1.540493701579416,"c=1,d=10",watanabe,1,2000,4000,0.0,0,0,"[0, 0]",8,74.72401349100983
singular1,250,250,125,0.9883264903357736,"c=1,d=10",watanabe,1,2000,4000,0.0,0,0,"[0, 0]",10,85.45034830899385
singular2,250,250,125,0.8215816950634076,"c=1,d=10",watanabe,1,2000,4000,0.0,0,0,"[0, 0]",9,89.02159524000308
regular,5000,5000,125,0.5412110953345114,"c=1,d=0.1",watanabe,1,2000,4000,0.0,0,0,"[0, 0]",5,157.01276845099346
e-singular,5000,5000,125,1.8766796858460293,"c=1,d=0.1",watanabe,1,2000,4000,0.0,0,0,"[0, 0]",6,230.475187330012
singular1,5000,5000,125,0.087739399735691,"c=1,d=0.1",watanabe,1,2000,4000,0.0,0,0,"[0, 0]",10,437.4249552259862
singular2,5000,5000,125,0.6167537586627264,"c=1,d=0.1",watanabe,1,2000,4000,0.0,0,0,"[0, 0]",10,497.008558186004
regular,5000,5000,125,1.294015994906316,"c=1,d=1",watanabe,1,2000,4000,0.0,0,0,"[0, 0]",5,177.03625296999235
e-singular,5000,5000,125,1.3354979423967692,"c=1,d=1",watanabe,1,2000,4000,0.0,0,0,"[0, 0]",7,235.19607303700468
singular1,5000,5000,125,0.8317296743871233,"c=1,d=1",watanabe,1,2000,4000,0.0,0,0,"[0, 0]",10,535.1443295319914
singular2,5000,5000,125,0.7168856862288802,"c=1,d=1",watanabe,1,2000,4000,0.0,0,0,"[0, 0]",10,463.308871361005
regular,5000,5000,125,1.3744212055441334,"c=1,d=2",watanabe,1,2000,4000,0.0,0,0,"[0, 0]",5,170.3181218850077
e-singular,5000,5000,125,1.5027387278991664,"c=1,d=2",watanabe,1,2000,4000,0.0,0,0,"[0, 0]",7,203.68080081700464
singular1,5000,5000,125,0.9244728909958604,"c=1,d=2",watanabe,1,2000,4000,0.0,0,0,"[0, 0]",10,421.05377029199735
singular2,5000,5000,125,0.7523257016682438,"c=1,d=2",watanabe,1,2000,4000,0.0,0,0,"[0, 0]",10,445.1176985930069
regular,5000,5000,125,1.5954049514810449,"c=1,d=5",watanabe,1,2000,4000,0.0,0,0,"[0, 0]",5,156.79811616899678
e-singular,5000,5000,125,1.590758372959429,"c=1,d=5",watanabe,1,2000,4000,0.0,0,0,"[0, 0]",7,190.89798361800783
singular1,5000,5000,125,0.8051335500089977,"c=1,d=5",watanabe,1,2000,4000,0.0,0,0,"[0, 0]",10,366.27189836000616
singular2,5000,5000,125,0.7785454179773653,"c=1,d=5",watanabe,1,2000,4000,0.0,0,0,"[0, 0]",10,392.5706859859929
regular,5000,5000,125,1.4595866284581445,"c=1,d=10",watanabe,1,2000,4000,0.0,0,0,"[0, 0]",5,163.04494508600328
e-singular,5000,5000,125,1.565990789041353,"c=1,d=10",watanabe,1,2000,4000,0.0,0,0,"[0, 0]",7,182.37178740900708
singular1,5000,5000,125,0.839792131580571,"c=1,d=10",watanabe,1,2000,4000,0.0,0,0,"[0, 0]",10,367.98158094899554
singular2,5000,5000,125,0.7562376752371665,"c=1,d=10",watanabe,1,2000,4000,0.0,0,0,"[0, 0]",10,355.81366095799603
regular,50,50,126,1.996039737689507,"c=1,d=0.1",watanabe,1,2000,4000,0.0,0,0,"[0, 0]",5,43.40048736400786
e-singular,50,50,126,1.7455315815381431,"c=1,d=0.1",watanabe,1,2000,4000,0.0,0,0,"[0, 0]",8,48.82270907399652
singular1,50,50,126,1.2421511519512023,"c=1,d=0.1",watanabe,1,2000,4000,0.0,0,0,"[0, 0]",10,53.46386976800568
singular2,50,50,126,1.8556641371438936,"c=1,d=0.1",watanabe,1,2000,4000,0.0,0,0,"[0, 0]",8,44.255513482989045
regular,50,50,126,1.4552110333039976,"c=1,d=1",watanabe,1,2000,4000,0.0,0,0,"[0, 0]",5,42.29568240400113
e-singular,50,50,126,0.9705579753027324,"c=1,d=1",watanabe,1,2000,4000,0.0,0,0,"[0, 0]",8,52.796164090003
singular1,50,50,126,1.220539551961848,"c=1,d=1",watanabe,1,2000,4000,0.0,0,0,"[0, 0]",9,80.69655585600412
singular2,50,50,126,0.9230491527723094,"c=1,d=1",watanabe,1,2000,4000,0.0,0,0,"[0, 0]",8,52.15561121598876
regular,50,50,126,1.5110741102601464,"c=1,d=2",watanabe,1,2000,4000,0.0,0,0,"[0, 0]",5,98.55859442400106
e-singular,50,50,126,1.0006139161529652,"c=1,d=2",watanabe,1,2000,4000,0.0,0,0,"[0, 0]",8,101.40459041600116
singular1,50,50,126,1.170968453554089,"c=1,d=2",watanabe,1,2000,4000,0.0,0,0,"[0, 0]",9,100.6041746980045
singular2,50,50,126,1.0962261713548391,"c=1,d=2",watanabe,1,2000,4000,0.0,0,0,"[0, 0]",8,92.36353593200327
regular,50,50,126,1.4358486860358513,"c=1,d=5",watanabe,1,2000,4000,0.0,0,0,"[0, 0]",5,87.10825295600807
e-singular,50,50,126,1.1149471900162955,"c=1,d=5",watanabe,1,2000,4000,0.0,0,0,"[0, 0]",9,91.57356057800644
singular1,50,50,126,1.053774833726891,"c=1,d=5",watanabe,1,2000,4000,0.0,0,0,"[0, 0]",10,94.15952716699394
singular2,50,50,126,0.955106999029071,"c=1,d=5",watanabe,1,2000,4000,0.0,0,0,"[0, 0]",9,66.65825241499988
regular,50,50,126,1.546437562192421,"c=1,d=10",watanabe,1,2000,4000,0.0,0,0,"[0, 0]",5,98.51021397100703
e-singular,50,50,126,1.1885944240144006,"c=1,d=10",watanabe,1,2000,4000,0.0,0,0,"[0, 0]",8,101.62723236200692
singular1,50,50,126,1.2895069949155504,"c=1,d=10",watanabe,1,2000,4000,0.0,0,0,"[0, 0]",9,102.68260269000892
singular2,50,50,126,1.1140687656622443,"c=1,d=10",watanabe,1,2000,4000,0.0,0,0,"[0, 0]",9,105.1300923719973
regular,250,250,126,2.058747625199897,"c=1,d=0.1",watanabe,1,2000,4000,0.0,0,0,"[0, 0]",6,118.51565447098984
e-singular,250,250,126,1.7924957364924772,"c=1,d=0.1",watanabe,1,2000,4000,0.0,0,0,"[0, 0]",8,127.57277146700652
singular1,250,250,126,1.245927868576025,"c=1,d=0.1",watanabe,1,2000,4000,0.0,0,0,"[0, 0]",9,131.8150490459957
singular2,250,250,126,1.471984985650926,"c=1,d=0.1",watanabe,1,2000,4000,0.0,0,0,"[0, 0]",8,130.5890111990011
regular,250,250,126,1.4263805200371316,"c=1,d=1",watanabe,1,2000,4000,0.0,0,0,"[0, 0]",5,60.37111982400529
e-singular,250,250,126,1.3994484767828723,"c=1,d=1",watanabe,1,2000,4000,0.0,0,0,"[0, 0]",8,80.89587979500357
singular1,250,250,126,0.9599406571840218,"c=1,d=1",watanabe,1,2000,4000,0.0,0,0,"[0, 0]",9,93.8800056209875
singular2,250,250,126,0.9602291565886972,"c=1,d=1",watanabe,1,2000,4000,0.0,0,0,"[0, 0]",8,71.59977866600093
regular,250,250,126,1.5213843673523706,"c=1,d=2",watanabe,1,2000,4000,0.0,0,0,"[0, 0]",5,81.29664451500867
e-singular,250,250,126,1.4824947920038898,"c=1,d=2",watanabe,1,2000,4000,0.0,0,0,"[0, 0]",8,78.86301921200356
singular1,250,250,126,1.070295822166787,"c=1,d=2",watanabe,1,2000,4000,0.0,0,0,"[0, 0]",10,74.35274115600623
singular2,250,250,126,1.062444078355716,"c=1,d=2",watanabe,1,2000,4000,0.0,0,0,"[0, 0]",8,72.12518681399524
regular,250,250,126,1.4524011082250603,"c=1,d=5",watanabe,1,2000,4000,0.0,0,0,"[0, 0]",5,88.19614641299995
e-singular,250,250,126,1.429958281523821,"c=1,d=5",watanabe,1,2000,4000,0.0,0,0,"[0, 0]",8,91.64109664500576
singular1,250,250,126,0.9566930120103316,"c=1,d=5",watanabe,1,2000,4000,0.0,0,0,"[0, 0]",10,92.61930554300488
singular2,250,250,126,1.033721467194007,"c=1,d=5",watanabe,1,2000,4000,0.0,0,0,"[0, 0]",9,74.09241016198939
regular,250,250,126,1.4104300122038516,"c=1,d=10",watanabe,1,2000,4000,0.0,0,0,"[0, 0]",5,87.1977984230034
e-singular,250,250,126,1.494830036867959,"c=1,d=10",watanabe,1,2000,4000,0.0,0,0,"[0, 0]",9,105.45088313700398
singular1,250,250,126,0.937216793317311,"c=1,d=10",watanabe,1,2000,4000,0.0,0,0,"[0, 0]",10,111.47893323800236
singular2,250,250,126,0.957800653244812,"c=1,d=10",watanabe,1,2000,4000,0.0,0,0,"[0, 0]",9,97.30337255900668
regular,5000,5000,126,0.5592046992068291,"c=1,d=0.1",watanabe,1,2000,4000,0.0,0,0,"[0, 0]",5,182.1201143669896
e-singular,5000,5000,126,-0.0935425805848062,"c=1,d=0.1",watanabe,1,2000,4000,0.0,0,0,"[0, 0]",7,218.67165359700448
singular1,5000,5000,126,0.5088234549170721,"c=1,d=0.1",watanabe,1,2000,4000,0.0,0,0,"[0, 0]",10,508.8856256860017
singular2,5000,5000,126,1.1122924267799172,"c=1,d=0.1",watanabe,1,2000,4000,0.0,0,0,"[0, 0]",10,505.0583465709933
regular,5000,5000,126,1.3737737443079012,"c=1,d=1",watanabe,1,2000,4000,0.0,0,0,"[0, 0]",5,171.8931697460066
e-singular,5000,5000,126,1.7590777613118913,"c=1,d=1",watanabe,1,2000,4000,0.0,0,0,"[0, 0]",6,199.26305990300892
singular1,5000,5000,126,0.7394422118611474,"c=1,d=1",watanabe,1,2000,4000,0.0,0,0,"[0, 0]",10,524.1122542539961
singular2,5000,5000,126,0.7533380980162994,"c=1,d=1",watanabe,1,2000,4000,0.0,0,0,"[0, 0]",10,428.4889837369992
regular,5000,5000,126,1.4944545685163828,"c=1,d=2",watanabe,1,2000,4000,0.0,0,0,"[0, 0]",5,147.03811808099272
e-singular,5000,5000,126,1.6611538748163828,"c=1,d=2",watanabe,1,2000,4000,0.0,0,0,"[0, 0]",7,184.95721155800857
singular1,5000,5000,126,0.8622888123086113,"c=1,d=2",watanabe,1,2000,4000,0.0,0,0,"[0, 0]",10,502.7132667269907
singular2,5000,5000,126,0.773206042875161,"c=1,d=2",watanabe,1,2000,4000,0.0,0,0,"[0, 0]",10,503.7619097410061
regular,5000,5000,126,1.4512802824127642,"c=1,d=5",watanabe,1,2000,4000,0.0,0,0,"[0, 0]",5,159.52282635000302
e-singular,5000,5000,126,1.4607168630873906,"c=1,d=5",watanabe,1,2000,4000,0.0,0,0,"[0, 0]",7,205.80649170000103
singular1,5000,5000,126,0.8738170287012142,"c=1,d=5",watanabe,1,2000,4000,0.0,0,0,"[0, 0]",10,525.4137624529976
singular2,5000,5000,126,0.8030498525953196,"c=1,d=5",watanabe,1,2000,4000,0.0,0,0,"[0, 0]",10,457.8883175340016
regular,5000,5000,126,1.4662550803918342,"c=1,d=10",watanabe,1,2000,4000,0.0,0,0,"[0, 0]",5,154.93194689499796
e-singular,5000,5000,126,1.4984045345426933,"c=1,d=10",watanabe,1,2000,4000,0.0,0,0,"[0, 0]",7,194.0454858870071
singular1,5000,5000,126,0.8639385327013354,"c=1,d=10",watanabe,1,2000,4000,0.0,0,0,"[0, 0]",10,552.030465460004
singular2,5000,5000,126,0.7322330078769924,"c=1,d=10",watanabe,1,2000,4000,0.0,0,0,"[0, 0]",10,490.8953043170041
regular,50,50,127,1.0100819475727612,"c=1,d=0.1",watanabe,1,2000,4000,0.0,0,0,"[0, 0]",5,45.473382443989976
e-singular,50,50,127,1.9835196199513576,"c=1,d=0.1",watanabe,1,2000,4000,0.0,0,0,"[0, 0]",8,47.3035370449943
singular1,50,50,127,1.6830369779470715,"c=1,d=0.1",watanabe,1,2000,4000,0.0,0,0,"[0, 0]",8,48.30856601599953
singular2,50,50,127,0.5610933373473296,"c=1,d=0.1",watanabe,1,2000,4000,0.0,0,0,"[0, 0]",7,49.688158110002405
regular,50,50,127,1.485307508191267,"c=1,d=1",watanabe,1,2000,4000,0.0,0,0,"[0, 0]",5,79.83504924199951
e-singular,50,50,127,1.5562714264740778,"c=1,d=1",watanabe,1,2000,4000,0.0,0,0,"[0, 0]",8,51.34802171499177
singular1,50,50,127,1.1816892918668458,"c=1,d=1",watanabe,1,2000,4000,0.0,0,0,"[0, 0]",8,83.29252338000515
singular2,50,50,127,0.9676793736921472,"c=1,d=1",watanabe,1,2000,4000,0.0,0,0,"[0, 0]",7,82.01217313000234
regular,50,50,127,1.4344257157526403,"c=1,d=2",watanabe,1,2000,4000,0.0,0,0,"[0, 0]",6,104.56724580899754
e-singular,50,50,127,1.6630015946587489,"c=1,d=2",watanabe,1,2000,4000,0.0,0,0,"[0, 0]",8,105.53375694699936
singular1,50,50,127,1.001704153810357,"c=1,d=2",watanabe,1,2000,4000,0.0,0,0,"[0, 0]",9,111.03040043299552
singular2,50,50,127,0.979841937733664,"c=1,d=2",watanabe,1,2000,4000,0.0,0,0,"[0, 0]",8,102.76049475000764
regular,50,50,127,1.4755270679633194,"c=1,d=5",watanabe,1,2000,4000,0.0,0,0,"[0, 0]",5,95.26375053499942
e-singular,50,50,127,1.5646212632203125,"c=1,d=5",watanabe,1,2000,4000,0.0,0,0,"[0, 0]",7,74.94802088399592
singular1,50,50,127,1.1832947016668658,"c=1,d=5",watanabe,1,2000,4000,0.0,0,0,"[0, 0]",9,75.50342482200358
singular2,50,50,127,1.0032218270937547,"c=1,d=5",watanabe,1,2000,4000,0.0,0,0,"[0, 0]",9,74.64107794000302
regular,50,50,127,1.5167854507342622,"c=1,d=10",watanabe,1,2000,4000,0.0,0,0,"[0, 0]",5,82.53214055299759
e-singular,50,50,127,1.5249905938888435,"c=1,d=10",watanabe,1,2000,4000,0.0,0,0,"[0, 0]",7,87.11917455999355
singular1,50,50,127,1.08925794542003,"c=1,d=10",watanabe,1,2000,4000,0.0,0,0,"[0, 0]",10,87.37688242200238
singular2,50,50,127,0.9649953253508284,"c=1,d=10",watanabe,1,2000,4000,0.0,0,0,"[0, 0]",10,88.67191154300235
regular,250,250,127,1.4328712332489026,"c=1,d=0.1",watanabe,1,2000,4000,0.0,0,0,"[0, 0]",5,88.4627291210054
e-singular,250,250,127,0.3713544352937178,"c=1,d=0.1",watanabe,1,2000,4000,0.0,0,0,"[0, 0]",6,87.32518556099967
singular1,250,250,127,1.9058220580807923,"c=1,d=0.1",watanabe,1,2000,4000,0.0,0,0,"[0, 0]",9,90.14828234999732
singular2,250,250,127,0.7253773961929024,"c=1,d=0.1",watanabe,1,2000,4000,0.0,0,0,"[0, 0]",8,87.31969400700473
regular,250,250,127,1.5193140654772668,"c=1,d=1",watanabe,1,2000,4000,0.0,0,0,"[0, 0]",5,72.58630295201147
e-singular,250,250,127,1.383953932448107,"c=1,d=1",watanabe,1,2000,4000,0.0,0,0,"[0, 0]",6,70.10999677400105
singular1,250,250,127,1.0157875152614717,"c=1,d=1",watanabe,1,2000,4000,0.0,0,0,"[0, 0]",10,90.15274792000127
singular2,250,250,127,0.9617651219761648,"c=1,d=1",watanabe,1,2000,4000,0.0,0,0,"[0, 0]",9,94.05973587700282
regular,250,250,127,1.525800553038564,"c=1,d=2",watanabe,1,2000,4000,0.0,0,0,"[0, 0]",5,79.88265406100254
e-singular,250,250,127,1.475250767610955,"c=1,d=2",watanabe,1,2000,4000,0.0,0,0,"[0, 0]",6,85.9618806970102
singular1,250,250,127,1.087775920617166,"c=1,d=2",watanabe,1,2000,4000,0.0,0,0,"[0, 0]",9,83.19701038100175
singular2,250,250,127,0.9762354153664556,"c=1,d=2",watanabe,1,2000,4000,0.0,0,0,"[0, 0]",9,101.1397773600038
regular,250,250,127,1.4136714368674876,"c=1,d=5",watanabe,1,2000,4000,0.0,0,0,"[0, 0]",5,85.3787896020076
e-singular,250,250,127,1.6113639481274058,"c=1,d=5",watanabe,1,2000,4000,0.0,0,0,"[0, 0]",7,85.1470124359912
singular1,250,250,127,1.115481123550822,"c=1,d=5",watanabe,1,2000,4000,0.0,0,0,"[0, 0]",10,75.8915568030061
singular2,250,250,127,0.9373358146713489,"c=1,d=5",watanabe,1,2000,4000,0.0,0,0,"[0, 0]",9,110.14169240799674
regular,250,250,127,1.4724750664329418,"c=1,d=10",watanabe,1,2000,4000,0.0,0,0,"[0, 0]",5,94.91285725000488
e-singular,250,250,127,1.5709648707587605,"c=1,d=10",watanabe,1,2000,4000,0.0,0,0,"[0, 0]",6,85.66004453400092
singular1,250,250,127,0.9756687847706216,"c=1,d=10",watanabe,1,2000,4000,0.0,0,0,"[0, 0]",9,100.50481358901015
singular2,250,250,127,0.944805879175004,"c=1,d=10",watanabe,1,2000,4000,0.0,0,0,"[0, 0]",8,85.12616022200382
regular,5000,5000,127,2.228601678296262,"c=1,d=0.1",watanabe,1,2000,4000,0.0,0,0,"[0, 0]",5,174.32973390699772
e-singular,5000,5000,127,2.5850913387647,"c=1,d=0.1",watanabe,1,2000,4000,0.0,0,0,"[0, 0]",6,190.1655363910104
singular1,5000,5000,127,0.0292370231213286,"c=1,d=0.1",watanabe,1,2000,4000,0.0,0,0,"[0, 0]",10,508.4059486189944
singular2,5000,5000,127,1.2195563250924186,"c=1,d=0.1",watanabe,1,2000,4000,0.0,0,0,"[0, 0]",10,495.7436591500009
regular,5000,5000,127,1.4823592987450342,"c=1,d=1",watanabe,1,2000,4000,0.0,0,0,"[0, 0]",5,189.3392324160086
e-singular,5000,5000,127,1.522462077883157,"c=1,d=1",watanabe,1,2000,4000,0.0,0,0,"[0, 0]",6,215.57962823999696
singular1,5000,5000,127,0.7634962786790617,"c=1,d=1",watanabe,1,2000,4000,0.0,0,0,"[0, 0]",10,496.6140581230138
singular2,5000,5000,127,0.6808023830433072,"c=1,d=1",watanabe,1,2000,4000,0.0,0,0,"[0, 0]",10,513.4090682600072
regular,5000,5000,127,1.52437511685671,"c=1,d=2",watanabe,1,2000,4000,0.0,0,0,"[0, 0]",5,160.22327864498948
e-singular,5000,5000,127,1.4874582098418956,"c=1,d=2",watanabe,1,2000,4000,0.0,0,0,"[0, 0]",7,206.56605549999225
singular1,5000,5000,127,0.7957670470717026,"c=1,d=2",watanabe,1,2000,4000,0.0,0,0,"[0, 0]",10,559.9166336460039
singular2,5000,5000,127,0.831338380873074,"c=1,d=2",watanabe,1,2000,4000,0.0,0,0,"[0, 0]",10,503.09039160600514
regular,5000,5000,127,1.5178467722090754,"c=1,d=5",watanabe,1,2000,4000,0.0,0,0,"[0, 0]",6,182.06240500601416
e-singular,5000,5000,127,1.635559895512722,"c=1,d=5",watanabe,1,2000,4000,0.0,0,0,"[0, 0]",7,192.85796279099304
singular1,5000,5000,127,0.8945781577578098,"c=1,d=5",watanabe,1,2000,4000,0.0,0,0,"[0, 0]",10,462.3960420899966
singular2,5000,5000,127,0.7094768272570081,"c=1,d=5",watanabe,1,2000,4000,0.0,0,0,"[0, 0]",10,425.9607300999924
regular,5000,5000,127,1.486070419807794,"c=1,d=10",watanabe,1,2000,4000,0.0,0,0,"[0, 0]",5,168.80421409200062
e-singular,5000,5000,127,1.489152083012681,"c=1,d=10",watanabe,1,2000,4000,0.0,0,0,"[0, 0]",6,211.16430081600265
singular1,5000,5000,127,0.8600161724481808,"c=1,d=10",watanabe,1,2000,4000,0.0,0,0,"[0, 0]",10,489.8266407530027
singular2,5000,5000,127,0.8013835636757131,"c=1,d=10",watanabe,1,2000,4000,0.0,0,0,"[0, 0]",10,434.3212487090059
regular,50,50,128,1.5782144091657668,"c=1,d=0.1",watanabe,1,2000,4000,0.0,0,0,"[0, 0]",5,79.04177475000324
e-singular,50,50,128,1.7886429628108145,"c=1,d=0.1",watanabe,1,2000,4000,0.0,0,0,"[0, 0]",8,80.23469478500192
singular1,50,50,128,0.9040780460685676,"c=1,d=0.1",watanabe,1,2000,4000,0.0,0,0,"[0, 0]",8,81.58423819299787
singular2,50,50,128,0.9640258630180112,"c=1,d=0.1",watanabe,1,2000,4000,0.0,0,0,"[0, 0]",7,80.6640939689969
regular,50,50,128,1.4132241247193364,"c=1,d=1",watanabe,1,2000,4000,0.0,0,0,"[0, 0]",5,79.51848828099901
e-singular,50,50,128,1.6130094072219932,"c=1,d=1",watanabe,1,2000,4000,0.0,0,0,"[0, 0]",8,77.65202826399764
singular1,50,50,128,1.1237153934669142,"c=1,d=1",watanabe,1,2000,4000,0.0,0,0,"[0, 0]",8,79.98853011098981
singular2,50,50,128,1.0293054568021838,"c=1,d=1",watanabe,1,2000,4000,0.0,0,0,"[0, 0]",8,79.49303320200124
regular,50,50,128,1.6991438311462572,"c=1,d=2",watanabe,1,2000,4000,0.0,0,0,"[0, 0]",5,72.26884988999518
e-singular,50,50,128,1.6129374001203751,"c=1,d=2",watanabe,1,2000,4000,0.0,0,0,"[0, 0]",8,73.47939233800571
singular1,50,50,128,1.1316166983077751,"c=1,d=2",watanabe,1,2000,4000,0.0,0,0,"[0, 0]",10,75.84540171999834
singular2,50,50,128,0.8999229992112954,"c=1,d=2",watanabe,1,2000,4000,0.0,0,0,"[0, 0]",8,73.35187636999763
regular,50,50,128,1.410738670512527,"c=1,d=5",watanabe,1,2000,4000,0.0,0,0,"[0, 0]",5,65.73245914500149
e-singular,50,50,128,1.6236749486116524,"c=1,d=5",watanabe,1,2000,4000,0.0,0,0,"[0, 0]",8,69.35190125000372
singular1,50,50,128,1.1783702243594922,"c=1,d=5",watanabe,1,2000,4000,0.0,0,0,"[0, 0]",10,85.75119759100198
singular2,50,50,128,0.8252437442417084,"c=1,d=5",watanabe,1,2000,4000,0.0,0,0,"[0, 0]",9,80.69411714099988
regular,50,50,128,1.5000912968363131,"c=1,d=10",watanabe,1,2000,4000,0.0,0,0,"[0, 0]",5,72.47001996300241
e-singular,50,50,128,1.5579033560634865,"c=1,d=10",watanabe,1,2000,4000,0.0,0,0,"[0, 0]",8,68.41129695400014
singular1,50,50,128,1.1404145283489104,"c=1,d=10",watanabe,1,2000,4000,0.0,0,0,"[0, 0]",9,67.08822791700368
singular2,50,50,128,0.9296075747104906,"c=1,d=10",watanabe,1,2000,4000,0.0,0,0,"[0, 0]",9,75.96240636199946
regular,250,250,128,2.1380296816818407,"c=1,d=0.1",watanabe,1,2000,4000,0.0,0,0,"[0, 0]",5,87.84199421100493
e-singular,250,250,128,1.4942914141688002,"c=1,d=0.1",watanabe,1,2000,4000,0.0,0,0,"[0, 0]",8,88.94454646999657
singular1,250,250,128,-0.0697612866715073,"c=1,d=0.1",watanabe,1,2000,4000,0.0,0,0,"[0, 0]",8,83.53504545100441
singular2,250,250,128,1.1722626999664263,"c=1,d=0.1",watanabe,1,2000,4000,0.0,0,0,"[0, 0]",9,104.11848607900902
regular,250,250,128,1.356237715582409,"c=1,d=1",watanabe,1,2000,4000,0.0,0,0,"[0, 0]",5,80.53575964798802
e-singular,250,250,128,1.5165694337798838,"c=1,d=1",watanabe,1,2000,4000,0.0,0,0,"[0, 0]",8,78.90737069300667
singular1,250,250,128,1.0181936172462585,"c=1,d=1",watanabe,1,2000,4000,0.0,0,0,"[0, 0]",10,80.9290434380091
singular2,250,250,128,0.7905661301630534,"c=1,d=1",watanabe,1,2000,4000,0.0,0,0,"[0, 0]",9,78.26738096401095
regular,250,250,128,1.3888883960507203,"c=1,d=2",watanabe,1,2000,4000,0.0,0,0,"[0, 0]",5,65.06478342598712
e-singular,250,250,128,1.4940691039527414,"c=1,d=2",watanabe,1,2000,4000,0.0,0,0,"[0, 0]",8,94.80249644699506
singular1,250,250,128,0.9779614132382934,"c=1,d=2",watanabe,1,2000,4000,0.0,0,0,"[0, 0]",10,110.06077050800376
singular2,250,250,128,0.9049273241669984,"c=1,d=2",watanabe,1,2000,4000,0.0,0,0,"[0, 0]",9,90.09378547599772
regular,250,250,128,1.4731089230825418,"c=1,d=5",watanabe,1,2000,4000,0.0,0,0,"[0, 0]",5,95.64774191900506
e-singular,250,250,128,1.6538447370443372,"c=1,d=5",watanabe,1,2000,4000,0.0,0,0,"[0, 0]",9,111.44900401199992
singular1,250,250,128,1.1084349640911162,"c=1,d=5",watanabe,1,2000,4000,0.0,0,0,"[0, 0]",10,110.231582745997
singular2,250,250,128,0.8772038945419756,"c=1,d=5",watanabe,1,2000,4000,0.0,0,0,"[0, 0]",10,110.21191624400672
regular,250,250,128,1.493273932789421,"c=1,d=10",watanabe,1,2000,4000,0.0,0,0,"[0, 0]",5,93.9714608959912
e-singular,250,250,128,1.5907758466100532,"c=1,d=10",watanabe,1,2000,4000,0.0,0,0,"[0, 0]",8,76.7124790270027
singular1,250,250,128,1.0668538153768867,"c=1,d=10",watanabe,1,2000,4000,0.0,0,0,"[0, 0]",10,113.86501520499588
singular2,250,250,128,0.7826725846356851,"c=1,d=10",watanabe,1,2000,4000,0.0,0,0,"[0, 0]",10,106.86056176800048
regular,5000,5000,128,2.620308280553091,"c=1,d=0.1",watanabe,1,2000,4000,0.0,0,0,"[0, 0]",5,147.99379531400336
e-singular,5000,5000,128,1.149795291725743,"c=1,d=0.1",watanabe,1,2000,4000,0.0,0,0,"[0, 0]",6,186.40300607700192
singular1,5000,5000,128,-1.128257542492486,"c=1,d=0.1",watanabe,1,2000,4000,0.0,0,0,"[0, 0]",10,402.1549212760001
singular2,5000,5000,128,0.6912968673039144,"c=1,d=0.1",watanabe,1,2000,4000,0.0,0,0,"[0, 0]",10,472.3612819420087
regular,5000,5000,128,1.313228208153271,"c=1,d=1",watanabe,1,2000,4000,0.0,0,0,"[0, 0]",5,190.2225961799996
e-singular,5000,5000,128,1.423769656157467,"c=1,d=1",watanabe,1,2000,4000,0.0,0,0,"[0, 0]",8,308.11837244199705
singular1,5000,5000,128,0.9882531622627584,"c=1,d=1",watanabe,1,2000,4000,0.0,0,0,"[0, 0]",10,414.271351916992
singular2,5000,5000,128,0.7199092971097278,"c=1,d=1",watanabe,1,2000,4000,0.0,0,0,"[0, 0]",10,459.2127557799977
regular,5000,5000,128,1.5920944185042325,"c=1,d=2",watanabe,1,2000,4000,0.0,0,0,"[0, 0]",6,182.2974897530076
e-singular,5000,5000,128,1.5040357746524424,"c=1,d=2",watanabe,1,2000,4000,0.0,0,0,"[0, 0]",6,233.9736339099909
singular1,5000,5000,128,0.8690079770068275,"c=1,d=2",watanabe,1,2000,4000,0.0,0,0,"[0, 0]",10,421.8898076170008
singular2,5000,5000,128,0.7705550181753518,"c=1,d=2",watanabe,1,2000,4000,0.0,0,0,"[0, 0]",10,473.45968079900194
regular,5000,5000,128,1.4431604981647677,"c=1,d=5",watanabe,1,2000,4000,0.0,0,0,"[0, 0]",5,169.66460717500013
e-singular,5000,5000,128,1.4858906249643429,"c=1,d=5",watanabe,1,2000,4000,0.0,0,0,"[0, 0]",6,236.8305022350105
singular1,5000,5000,128,0.9331276371091148,"c=1,d=5",watanabe,1,2000,4000,0.0,0,0,"[0, 0]",10,427.85731223200855
singular2,5000,5000,128,0.775507858473559,"c=1,d=5",watanabe,1,2000,4000,0.0,0,0,"[0, 0]",10,425.2894924790016
regular,5000,5000,128,1.4974032292167452,"c=1,d=10",watanabe,1,2000,4000,0.0,0,0,"[0, 0]",6,219.8767666099884
e-singular,5000,5000,128,1.5084607311430356,"c=1,d=10",watanabe,1,2000,4000,0.0,0,0,"[0, 0]",7,214.57253663499432
singular1,5000,5000,128,0.8281607843254711,"c=1,d=10",watanabe,1,2000,4000,0.0,0,0,"[0, 0]",10,380.10341863898793
singular2,5000,5000,128,0.8131060850138625,"c=1,d=10",watanabe,1,2000,4000,0.0,0,0,"[0, 0]",10,437.7888819299988
regular,50,50,129,0.3638434024846734,"c=1,d=0.1",watanabe,1,2000,4000,0.0,0,0,"[0, 0]",5,70.43572588900861
e-singular,50,50,129,1.2512995417125663,"c=1,d=0.1",watanabe,1,2000,4000,0.0,0,0,"[0, 0]",8,71.24227042400162
singular1,50,50,129,0.372018318970529,"c=1,d=0.1",watanabe,1,2000,4000,0.0,0,0,"[0, 0]",8,80.73545467499935
singular2,50,50,129,1.1041455159725673,"c=1,d=0.1",watanabe,1,2000,4000,0.0,0,0,"[0, 0]",7,82.96812199499982
regular,50,50,129,1.4872861463708211,"c=1,d=1",watanabe,1,2000,4000,0.0,0,0,"[0, 0]",5,72.61990101500123
e-singular,50,50,129,1.282274000220921,"c=1,d=1",watanabe,1,2000,4000,0.0,0,0,"[0, 0]",8,79.36353338799381
singular1,50,50,129,1.2104222217482412,"c=1,d=1",watanabe,1,2000,4000,0.0,0,0,"[0, 0]",9,80.47303086300963
singular2,50,50,129,1.0358501968387657,"c=1,d=1",watanabe,1,2000,4000,0.0,0,0,"[0, 0]",7,83.5339239390014
regular,50,50,129,1.3268762881495666,"c=1,d=2",watanabe,1,2000,4000,0.0,0,0,"[0, 0]",5,83.45634139199683
e-singular,50,50,129,1.4524359646859668,"c=1,d=2",watanabe,1,2000,4000,0.0,0,0,"[0, 0]",8,84.86234998999862
singular1,50,50,129,0.9700409066863308,"c=1,d=2",watanabe,1,2000,4000,0.0,0,0,"[0, 0]",9,86.76855388500553
singular2,50,50,129,1.1239782976485495,"c=1,d=2",watanabe,1,2000,4000,0.0,0,0,"[0, 0]",9,74.48098614400078
regular,50,50,129,1.4373002337469607,"c=1,d=5",watanabe,1,2000,4000,0.0,0,0,"[0, 0]",5,70.08992742099508
e-singular,50,50,129,1.3011514640756745,"c=1,d=5",watanabe,1,2000,4000,0.0,0,0,"[0, 0]",8,72.09232294200046
singular1,50,50,129,0.9877082191204494,"c=1,d=5",watanabe,1,2000,4000,0.0,0,0,"[0, 0]",9,71.40747585600184
singular2,50,50,129,1.0301177453723047,"c=1,d=5",watanabe,1,2000,4000,0.0,0,0,"[0, 0]",9,74.04416813299758
regular,50,50,129,1.5722429110695186,"c=1,d=10",watanabe,1,2000,4000,0.0,0,0,"[0, 0]",5,75.88862624201283
e-singular,50,50,129,1.335422017929312,"c=1,d=10",watanabe,1,2000,4000,0.0,0,0,"[0, 0]",7,79.42617040600453
singular1,50,50,129,0.9394055692557371,"c=1,d=10",watanabe,1,2000,4000,0.0,0,0,"[0, 0]",10,81.47926481399918
singular2,50,50,129,1.076818957030572,"c=1,d=10",watanabe,1,2000,4000,0.0,0,0,"[0, 0]",9,79.8248407409992
regular,250,250,129,0.633204990800369,"c=1,d=0.1",watanabe,1,2000,4000,0.0,0,0,"[0, 0]",5,79.82973451200814
e-singular,250,250,129,-0.8654622296464313,"c=1,d=0.1",watanabe,1,2000,4000,0.0,0,0,"[0, 0]",8,82.38411632200587
singular1,250,250,129,1.1874338109582268,"c=1,d=0.1",watanabe,1,2000,4000,0.0,0,0,"[0, 0]",9,84.03311190499517
singular2,250,250,129,1.8070608036273328,"c=1,d=0.1",watanabe,1,2000,4000,0.0,0,0,"[0, 0]",8,77.77012948099582
regular,250,250,129,1.3349803692836115,"c=1,d=1",watanabe,1,2000,4000,0.0,0,0,"[0, 0]",5,77.8715466200083
e-singular,250,250,129,1.614417320073078,"c=1,d=1",watanabe,1,2000,4000,0.0,0,0,"[0, 0]",8,82.49855423800182
singular1,250,250,129,1.0167088302594929,"c=1,d=1",watanabe,1,2000,4000,0.0,0,0,"[0, 0]",9,81.07369926800311
singular2,250,250,129,0.9848532996767956,"c=1,d=1",watanabe,1,2000,4000,0.0,0,0,"[0, 0]",8,121.86036591899756
regular,250,250,129,1.52252208167753,"c=1,d=2",watanabe,1,2000,4000,0.0,0,0,"[0, 0]",5,97.41547930899831
e-singular,250,250,129,1.490406633646773,"c=1,d=2",watanabe,1,2000,4000,0.0,0,0,"[0, 0]",8,106.56584132599528
singular1,250,250,129,1.0462013080085744,"c=1,d=2",watanabe,1,2000,4000,0.0,0,0,"[0, 0]",9,126.69120130299416
singular2,250,250,129,0.8027218625953637,"c=1,d=2",watanabe,1,2000,4000,0.0,0,0,"[0, 0]",9,125.26311218600311
regular,250,250,129,1.4346534075066053,"c=1,d=5",watanabe,1,2000,4000,0.0,0,0,"[0, 0]",5,69.65811832998588
e-singular,250,250,129,1.3027492069526867,"c=1,d=5",watanabe,1,2000,4000,0.0,0,0,"[0, 0]",8,76.27061687801324
singular1,250,250,129,0.8498750252159862,"c=1,d=5",watanabe,1,2000,4000,0.0,0,0,"[0, 0]",10,99.13403156999266
singular2,250,250,129,0.9569382698767812,"c=1,d=5",watanabe,1,2000,4000,0.0,0,0,"[0, 0]",9,87.60926544999529
regular,250,250,129,1.4925746785317549,"c=1,d=10",watanabe,1,2000,4000,0.0,0,0,"[0, 0]",5,59.32062520099862
e-singular,250,250,129,1.5576438852928618,"c=1,d=10",watanabe,1,2000,4000,0.0,0,0,"[0, 0]",8,75.14241488100379
singular1,250,250,129,1.1226364685979853,"c=1,d=10",watanabe,1,2000,4000,0.0,0,0,"[0, 0]",9,74.98881357999926
singular2,250,250,129,0.9433057277294112,"c=1,d=10",watanabe,1,2000,4000,0.0,0,0,"[0, 0]",9,82.64152843199554
regular,5000,5000,129,1.449367846780169,"c=1,d=0.1",watanabe,1,2000,4000,0.0,0,0,"[0, 0]",5,147.43863007699838
e-singular,5000,5000,129,2.869821302276084,"c=1,d=0.1",watanabe,1,2000,4000,0.0,0,0,"[0, 0]",6,223.84956299100304
singular1,5000,5000,129,0.8541119998438271,"c=1,d=0.1",watanabe,1,2000,4000,0.0,0,0,"[0, 0]",10,385.99827018201177
singular2,5000,5000,129,1.1683208672236456,"c=1,d=0.1",watanabe,1,2000,4000,0.0,0,0,"[0, 0]",10,402.02397760500025
regular,5000,5000,129,1.4509568264915904,"c=1,d=1",watanabe,1,2000,4000,0.0,0,0,"[0, 0]",6,280.0147381419956
e-singular,5000,5000,129,1.3627506262669435,"c=1,d=1",watanabe,1,2000,4000,0.0,0,0,"[0, 0]",7,220.8757894149894
singular1,5000,5000,129,0.8589646030903555,"c=1,d=1",watanabe,1,2000,4000,0.0,0,0,"[0, 0]",10,430.59269495899207
singular2,5000,5000,129,0.7611243728758172,"c=1,d=1",watanabe,1,2000,4000,0.0,0,0,"[0, 0]",10,436.0575925169978
regular,5000,5000,129,1.5358271977594171,"c=1,d=2",watanabe,1,2000,4000,0.0,0,0,"[0, 0]",5,167.17001846899802
e-singular,5000,5000,129,1.544641045572584,"c=1,d=2",watanabe,1,2000,4000,0.0,0,0,"[0, 0]",6,216.47331370900795
singular1,5000,5000,129,0.8365089954558239,"c=1,d=2",watanabe,1,2000,4000,0.0,0,0,"[0, 0]",10,461.06154138600687
singular2,5000,5000,129,0.8079779251324297,"c=1,d=2",watanabe,1,2000,4000,0.0,0,0,"[0, 0]",10,433.6374007379927
regular,5000,5000,129,1.5286396214909617,"c=1,d=5",watanabe,1,2000,4000,0.0,0,0,"[0, 0]",5,158.6300624639989
e-singular,5000,5000,129,1.5821028166149766,"c=1,d=5",watanabe,1,2000,4000,0.0,0,0,"[0, 0]",6,220.69813306900323
singular1,5000,5000,129,0.8592156172807518,"c=1,d=5",watanabe,1,2000,4000,0.0,0,0,"[0, 0]",10,365.3643354469969
singular2,5000,5000,129,0.794936100784858,"c=1,d=5",watanabe,1,2000,4000,0.0,0,0,"[0, 0]",10,403.98988501798885
regular,5000,5000,129,1.5901381681500524,"c=1,d=10",watanabe,1,2000,4000,0.0,0,0,"[0, 0]",5,145.31950418899942
e-singular,5000,5000,129,1.449449699312455,"c=1,d=10",watanabe,1,2000,4000,0.0,0,0,"[0, 0]",7,234.5094719260087
singular1,5000,5000,129,0.917202822291766,"c=1,d=10",watanabe,1,2000,4000,0.0,0,0,"[0, 0]",10,430.7226350629935
singular2,5000,5000,129,0.8572514212268831,"c=1,d=10",watanabe,1,2000,4000,0.0,0,0,"[0, 0]",10,356.8103791980102
regular,50,50,130,-0.2719097430682767,"c=1,d=0.1",watanabe,1,2000,4000,0.0,0,0,"[0, 0]",5,56.75190784000733
e-singular,50,50,130,0.3859293284411003,"c=1,d=0.1",watanabe,1,2000,4000,0.0,0,0,"[0, 0]",8,58.83183546998771
singular1,50,50,130,0.180018719147432,"c=1,d=0.1",watanabe,1,2000,4000,0.0,0,0,"[0, 0]",8,59.640864664004766
singular2,50,50,130,1.3928028512080477,"c=1,d=0.1",watanabe,1,2000,4000,0.0,0,0,"[0, 0]",7,58.80830981799227
regular,50,50,130,1.3511776120521477,"c=1,d=1",watanabe,1,2000,4000,0.0,0,0,"[0, 0]",5,56.50445831599063
e-singular,50,50,130,1.0297376420098885,"c=1,d=1",watanabe,1,2000,4000,0.0,0,0,"[0, 0]",8,59.0631845320022
singular1,50,50,130,1.0623219926061125,"c=1,d=1",watanabe,1,2000,4000,0.0,0,0,"[0, 0]",8,59.0692571230029
singular2,50,50,130,0.8454913895965196,"c=1,d=1",watanabe,1,2000,4000,0.0,0,0,"[0, 0]",8,58.29915703799634
regular,50,50,130,1.4911433232255753,"c=1,d=2",watanabe,1,2000,4000,0.0,0,0,"[0, 0]",5,92.06541708498844
e-singular,50,50,130,1.1791035801972771,"c=1,d=2",watanabe,1,2000,4000,0.0,0,0,"[0, 0]",8,92.76526072500565
singular1,50,50,130,1.1221052291254292,"c=1,d=2",watanabe,1,2000,4000,0.0,0,0,"[0, 0]",9,93.4913897160004
singular2,50,50,130,0.9768755160795756,"c=1,d=2",watanabe,1,2000,4000,0.0,0,0,"[0, 0]",7,88.45853232199443
regular,50,50,130,1.4785794614724974,"c=1,d=5",watanabe,1,2000,4000,0.0,0,0,"[0, 0]",5,87.22494891399401
e-singular,50,50,130,1.2006934551519235,"c=1,d=5",watanabe,1,2000,4000,0.0,0,0,"[0, 0]",8,85.6131775330141
singular1,50,50,130,1.0333023347955088,"c=1,d=5",watanabe,1,2000,4000,0.0,0,0,"[0, 0]",9,91.61694854400412
singular2,50,50,130,0.9181738238247884,"c=1,d=5",watanabe,1,2000,4000,0.0,0,0,"[0, 0]",8,81.58316036799806
regular,50,50,130,1.386680803895504,"c=1,d=10",watanabe,1,2000,4000,0.0,0,0,"[0, 0]",5,87.26480203900428
e-singular,50,50,130,1.2663033022607482,"c=1,d=10",watanabe,1,2000,4000,0.0,0,0,"[0, 0]",7,85.32483782799682
singular1,50,50,130,1.0330222448592337,"c=1,d=10",watanabe,1,2000,4000,0.0,0,0,"[0, 0]",9,87.97976524700061
singular2,50,50,130,0.9438499348777116,"c=1,d=10",watanabe,1,2000,4000,0.0,0,0,"[0, 0]",8,85.0340392710059
regular,250,250,130,0.6596993753790311,"c=1,d=0.1",watanabe,1,2000,4000,0.0,0,0,"[0, 0]",5,84.10450811299961
e-singular,250,250,130,0.9733546930887528,"c=1,d=0.1",watanabe,1,2000,4000,0.0,0,0,"[0, 0]",7,95.4098249630042
singular1,250,250,130,1.1250952051928114,"c=1,d=0.1",watanabe,1,2000,4000,0.0,0,0,"[0, 0]",9,85.28236434300197
singular2,250,250,130,1.4711846321634332,"c=1,d=0.1",watanabe,1,2000,4000,0.0,0,0,"[0, 0]",9,99.18711831400287
regular,250,250,130,1.4793274474289957,"c=1,d=1",watanabe,1,2000,4000,0.0,0,0,"[0, 0]",5,71.61468285699084
e-singular,250,250,130,1.6494727860332523,"c=1,d=1",watanabe,1,2000,4000,0.0,0,0,"[0, 0]",8,81.01691874300013
singular1,250,250,130,0.935440771441308,"c=1,d=1",watanabe,1,2000,4000,0.0,0,0,"[0, 0]",10,79.78488879099314
singular2,250,250,130,0.999587297268479,"c=1,d=1",watanabe,1,2000,4000,0.0,0,0,"[0, 0]",8,75.8249830249988
regular,250,250,130,1.5397553575011376,"c=1,d=2",watanabe,1,2000,4000,0.0,0,0,"[0, 0]",5,80.16470238700276
e-singular,250,250,130,1.4119573780013617,"c=1,d=2",watanabe,1,2000,4000,0.0,0,0,"[0, 0]",8,67.2188543700031
singular1,250,250,130,0.9733971869740042,"c=1,d=2",watanabe,1,2000,4000,0.0,0,0,"[0, 0]",9,94.00654944700364
singular2,250,250,130,0.8604126450658042,"c=1,d=2",watanabe,1,2000,4000,0.0,0,0,"[0, 0]",9,110.11512999799744
regular,250,250,130,1.4608718032164882,"c=1,d=5",watanabe,1,2000,4000,0.0,0,0,"[0, 0]",5,80.64145156899758
e-singular,250,250,130,1.498205975624502,"c=1,d=5",watanabe,1,2000,4000,0.0,0,0,"[0, 0]",8,81.70584579800197
singular1,250,250,130,0.9434636429920616,"c=1,d=5",watanabe,1,2000,4000,0.0,0,0,"[0, 0]",10,116.17481068699271
singular2,250,250,130,0.7780284298718461,"c=1,d=5",watanabe,1,2000,4000,0.0,0,0,"[0, 0]",9,99.6586375909974
regular,250,250,130,1.5846937183150525,"c=1,d=10",watanabe,1,2000,4000,0.0,0,0,"[0, 0]",5,81.86118414500379
e-singular,250,250,130,1.4653482792275725,"c=1,d=10",watanabe,1,2000,4000,0.0,0,0,"[0, 0]",7,80.92198461800581
singular1,250,250,130,1.0692598454118232,"c=1,d=10",watanabe,1,2000,4000,0.0,0,0,"[0, 0]",10,100.98027628399724
singular2,250,250,130,0.9001192676890208,"c=1,d=10",watanabe,1,2000,4000,0.0,0,0,"[0, 0]",9,96.65728210400266
regular,5000,5000,130,1.7228279230898558,"c=1,d=0.1",watanabe,1,2000,4000,0.0,0,0,"[0, 0]",5,178.8620841910015
e-singular,5000,5000,130,2.102576759708428,"c=1,d=0.1",watanabe,1,2000,4000,0.0,0,0,"[0, 0]",7,236.7100037630007
singular1,5000,5000,130,-0.3521912524368512,"c=1,d=0.1",watanabe,1,2000,4000,0.0,0,0,"[0, 0]",10,459.8807413739996
singular2,5000,5000,130,0.8326350458491678,"c=1,d=0.1",watanabe,1,2000,4000,0.0,0,0,"[0, 0]",10,468.164441824003
regular,5000,5000,130,1.3322882357876829,"c=1,d=1",watanabe,1,2000,4000,0.0,0,0,"[0, 0]",5,166.13815160100057
e-singular,5000,5000,130,1.5181002617051764,"c=1,d=1",watanabe,1,2000,4000,0.0,0,0,"[0, 0]",7,211.4659318689956
singular1,5000,5000,130,0.7060942399331985,"c=1,d=1",watanabe,1,2000,4000,0.0,0,0,"[0, 0]",10,486.103342856004
singular2,5000,5000,130,0.8530248204554983,"c=1,d=1",watanabe,1,2000,4000,0.0,0,0,"[0, 0]",10,475.7550738229911
regular,5000,5000,130,1.4810422840291224,"c=1,d=2",watanabe,1,2000,4000,0.0,0,0,"[0, 0]",5,162.5064223369991
e-singular,5000,5000,130,1.5043441812823266,"c=1,d=2",watanabe,1,2000,4000,0.0,0,0,"[0, 0]",7,212.81677029799903
singular1,5000,5000,130,0.6660738110506693,"c=1,d=2",watanabe,1,2000,4000,0.0,0,0,"[0, 0]",10,501.3839374859963
singular2,5000,5000,130,0.7640917099980495,"c=1,d=2",watanabe,1,2000,4000,0.0,0,0,"[0, 0]",10,427.7499307219987
regular,5000,5000,130,1.5625152989791102,"c=1,d=5",watanabe,1,2000,4000,0.0,0,0,"[0, 0]",5,167.77701146800246
e-singular,5000,5000,130,1.589921002211104,"c=1,d=5",watanabe,1,2000,4000,0.0,0,0,"[0, 0]",6,207.13599457000964
singular1,5000,5000,130,0.819711318849631,"c=1,d=5",watanabe,1,2000,4000,0.0,0,0,"[0, 0]",10,417.42345134398784
singular2,5000,5000,130,0.746709883572078,"c=1,d=5",watanabe,1,2000,4000,0.0,0,0,"[0, 0]",10,421.84067303499614
regular,5000,5000,130,1.4531546612363129,"c=1,d=10",watanabe,1,2000,4000,0.0,0,0,"[0, 0]",5,154.93655151799612
e-singular,5000,5000,130,1.4570034231619426,"c=1,d=10",watanabe,1,2000,4000,0.0,0,0,"[0, 0]",6,206.5313520589989
singular1,5000,5000,130,0.7864753184017204,"c=1,d=10",watanabe,1,2000,4000,0.0,0,0,"[0, 0]",10,458.9739267469995
singular2,5000,5000,130,0.6724041424776983,"c=1,d=10",watanabe,1,2000,4000,0.0,0,0,"[0, 0]",10,370.1831229730015
regular,50,50,131,1.894166426564036,"c=1,d=0.1",watanabe,1,2000,4000,0.0,0,0,"[0, 0]",5,62.03567111698794
e-singular,50,50,131,0.4438608322438712,"c=1,d=0.1",watanabe,1,2000,4000,0.0,0,0,"[0, 0]",9,65.66870602501149
singular1,50,50,131,1.8208662761088537,"c=1,d=0.1",watanabe,1,2000,4000,0.0,0,0,"[0, 0]",9,57.347399883001344
singular2,50,50,131,1.724596350832953,"c=1,d=0.1",watanabe,1,2000,4000,0.0,0,0,"[0, 0]",7,61.36276125599397
regular,50,50,131,1.3429839018061882,"c=1,d=1",watanabe,1,2000,4000,0.0,0,0,"[0, 0]",5,64.12121236599342
e-singular,50,50,131,1.09418121252611,"c=1,d=1",watanabe,1,2000,4000,0.0,0,0,"[0, 0]",8,66.10694141199929
singular1,50,50,131,1.1165056222087062,"c=1,d=1",watanabe,1,2000,4000,0.0,0,0,"[0, 0]",8,63.66961980499036
singular2,50,50,131,0.9904060800876948,"c=1,d=1",watanabe,1,2000,4000,0.0,0,0,"[0, 0]",8,62.846378217000165
regular,50,50,131,1.398483735816916,"c=1,d=2",watanabe,1,2000,4000,0.0,0,0,"[0, 0]",5,79.61819708999246
e-singular,50,50,131,1.1121279841612173,"c=1,d=2",watanabe,1,2000,4000,0.0,0,0,"[0, 0]",9,94.05512263700076
singular1,50,50,131,1.008763042655344,"c=1,d=2",watanabe,1,2000,4000,0.0,0,0,"[0, 0]",8,87.98034550600278
singular2,50,50,131,0.9677942765895272,"c=1,d=2",watanabe,1,2000,4000,0.0,0,0,"[0, 0]",8,90.47114951899856
regular,50,50,131,1.4626115898910594,"c=1,d=5",watanabe,1,2000,4000,0.0,0,0,"[0, 0]",5,88.80430886799877
e-singular,50,50,131,1.0812065361670726,"c=1,d=5",watanabe,1,2000,4000,0.0,0,0,"[0, 0]",9,88.50099367499934
singular1,50,50,131,1.0382280157226706,"c=1,d=5",watanabe,1,2000,4000,0.0,0,0,"[0, 0]",9,88.07351505299448
singular2,50,50,131,1.0910024194367167,"c=1,d=5",watanabe,1,2000,4000,0.0,0,0,"[0, 0]",8,87.1090745600086
regular,50,50,131,1.387046668696622,"c=1,d=10",watanabe,1,2000,4000,0.0,0,0,"[0, 0]",5,85.82797425099125
e-singular,50,50,131,1.12746001493997,"c=1,d=10",watanabe,1,2000,4000,0.0,0,0,"[0, 0]",9,72.98902436600474
singular1,50,50,131,0.9822280309057748,"c=1,d=10",watanabe,1,2000,4000,0.0,0,0,"[0, 0]",9,81.42359533900162
singular2,50,50,131,1.0289091299022677,"c=1,d=10",watanabe,1,2000,4000,0.0,0,0,"[0, 0]",9,93.21757845400134
regular,250,250,131,2.308391070653028,"c=1,d=0.1",watanabe,1,2000,4000,0.0,0,0,"[0, 0]",5,89.64128096100467
e-singular,250,250,131,1.1983465847763812,"c=1,d=0.1",watanabe,1,2000,4000,0.0,0,0,"[0, 0]",9,95.39718669999274
singular1,250,250,131,0.937344018142229,"c=1,d=0.1",watanabe,1,2000,4000,0.0,0,0,"[0, 0]",9,96.5021522349998
singular2,250,250,131,0.2502435119361312,"c=1,d=0.1",watanabe,1,2000,4000,0.0,0,0,"[0, 0]",8,102.51837052000336
regular,250,250,131,1.3560422772505698,"c=1,d=1",watanabe,1,2000,4000,0.0,0,0,"[0, 0]",5,77.20927549999033
e-singular,250,250,131,1.7595153779945418,"c=1,d=1",watanabe,1,2000,4000,0.0,0,0,"[0, 0]",8,85.6220726419997
singular1,250,250,131,0.9173205957704236,"c=1,d=1",watanabe,1,2000,4000,0.0,0,0,"[0, 0]",9,79.6633607900003
singular2,250,250,131,0.9394186350243472,"c=1,d=1",watanabe,1,2000,4000,0.0,0,0,"[0, 0]",9,68.99178311300057
regular,250,250,131,1.456697419144488,"c=1,d=2",watanabe,1,2000,4000,0.0,0,0,"[0, 0]",6,65.46788238499721
e-singular,250,250,131,1.6242082519527572,"c=1,d=2",watanabe,1,2000,4000,0.0,0,0,"[0, 0]",8,66.99718152701098
singular1,250,250,131,1.0932301860930411,"c=1,d=2",watanabe,1,2000,4000,0.0,0,0,"[0, 0]",10,71.20408913500432
singular2,250,250,131,0.8876170136248054,"c=1,d=2",watanabe,1,2000,4000,0.0,0,0,"[0, 0]",9,119.23311931299396
regular,250,250,131,1.4061412106793307,"c=1,d=5",watanabe,1,2000,4000,0.0,0,0,"[0, 0]",5,87.4286335719953
e-singular,250,250,131,1.7598112609029826,"c=1,d=5",watanabe,1,2000,4000,0.0,0,0,"[0, 0]",8,76.70690787700005
singular1,250,250,131,0.9208029748243928,"c=1,d=5",watanabe,1,2000,4000,0.0,0,0,"[0, 0]",10,89.93783162700129
singular2,250,250,131,0.8798701810284714,"c=1,d=5",watanabe,1,2000,4000,0.0,0,0,"[0, 0]",9,118.30332026399265
regular,250,250,131,1.5092526750232491,"c=1,d=10",watanabe,1,2000,4000,0.0,0,0,"[0, 0]",5,85.24020535600721
e-singular,250,250,131,1.739645390065587,"c=1,d=10",watanabe,1,2000,4000,0.0,0,0,"[0, 0]",8,109.42282239899214
singular1,250,250,131,0.904798777286983,"c=1,d=10",watanabe,1,2000,4000,0.0,0,0,"[0, 0]",10,109.50838158700208
singular2,250,250,131,0.9376178519094625,"c=1,d=10",watanabe,1,2000,4000,0.0,0,0,"[0, 0]",9,79.02348339300079
regular,5000,5000,131,0.7659929472936954,"c=1,d=0.1",watanabe,1,2000,4000,0.0,0,0,"[0, 0]",5,187.1024229940085
e-singular,5000,5000,131,2.195232742917056,"c=1,d=0.1",watanabe,1,2000,4000,0.0,0,0,"[0, 0]",7,242.22430803600585
singular1,5000,5000,131,0.8306208387536089,"c=1,d=0.1",watanabe,1,2000,4000,0.0,0,0,"[0, 0]",10,431.6162383000046
singular2,5000,5000,131,1.0538590950791211,"c=1,d=0.1",watanabe,1,2000,4000,0.0,0,0,"[0, 0]",10,488.5573221710074
regular,5000,5000,131,1.476474272207507,"c=1,d=1",watanabe,1,2000,4000,0.0,0,0,"[0, 0]",5,142.56047424199642
e-singular,5000,5000,131,1.6329542864596331,"c=1,d=1",watanabe,1,2000,4000,0.0,0,0,"[0, 0]",7,209.52068360100384
singular1,5000,5000,131,0.9387217065015946,"c=1,d=1",watanabe,1,2000,4000,0.0,0,0,"[0, 0]",10,367.3894802080031
singular2,5000,5000,131,0.8617472278967114,"c=1,d=1",watanabe,1,2000,4000,0.0,0,0,"[0, 0]",10,534.7821396450017
regular,5000,5000,131,1.3020305010867688,"c=1,d=2",watanabe,1,2000,4000,0.0,0,0,"[0, 0]",5,146.593724980994
e-singular,5000,5000,131,1.5514396160307784,"c=1,d=2",watanabe,1,2000,4000,0.0,0,0,"[0, 0]",7,200.98466650499904
singular1,5000,5000,131,0.923386733511372,"c=1,d=2",watanabe,1,2000,4000,0.0,0,0,"[0, 0]",10,423.1892453860055
singular2,5000,5000,131,0.7238865864951455,"c=1,d=2",watanabe,1,2000,4000,0.0,0,0,"[0, 0]",10,462.21091532600985
regular,5000,5000,131,1.4402897736531866,"c=1,d=5",watanabe,1,2000,4000,0.0,0,0,"[0, 0]",5,158.90144958499877
e-singular,5000,5000,131,1.5169275926689016,"c=1,d=5",watanabe,1,2000,4000,0.0,0,0,"[0, 0]",6,221.3662362400064
singular1,5000,5000,131,0.9978762322720768,"c=1,d=5",watanabe,1,2000,4000,0.0,0,0,"[0, 0]",10,348.19677604798926
singular2,5000,5000,131,0.6995926150402374,"c=1,d=5",watanabe,1,2000,4000,0.0,0,0,"[0, 0]",10,404.616721510989
regular,5000,5000,131,1.4711151848616604,"c=1,d=10",watanabe,1,2000,4000,0.0,0,0,"[0, 0]",5,145.21565007799654
e-singular,5000,5000,131,1.540743563542042,"c=1,d=10",watanabe,1,2000,4000,0.0,0,0,"[0, 0]",7,218.93300761199492
singular1,5000,5000,131,0.9403667831606898,"c=1,d=10",watanabe,1,2000,4000,0.0,0,0,"[0, 0]",10,328.1743956380087
singular2,5000,5000,131,0.7335534999488127,"c=1,d=10",watanabe,1,2000,4000,0.0,0,0,"[0, 0]",10,433.5851909320045
regular,50,50,0,1.5858309963630626,"c=1,d=0.5",watanabe,1,2000,4000,0.0,0,0,"[0, 0]",5,31.62708817199928
e-singular,50,50,0,1.0771680936738273,"c=1,d=0.5",watanabe,1,2000,4000,0.0,0,0,"[0, 0]",8,34.11488936599926
singular1,50,50,0,1.0895608408833046,"c=1,d=0.5",watanabe,1,2000,4000,0.0,0,0,"[0, 0]",9,35.28913469899999
singular2,50,50,0,0.9347584525927416,"c=1,d=0.5",watanabe,1,2000,4000,0.0,0,0,"[0, 0]",8,31.39078431300004
regular,250,250,0,1.4660612074124983,"c=1,d=0.5",watanabe,1,2000,4000,0.0,0,0,"[0, 0]",5,29.1979911970011
e-singular,250,250,0,1.55406082435461,"c=1,d=0.5",watanabe,1,2000,4000,0.0,0,0,"[0, 0]",8,32.745726410001225
singular1,250,250,0,1.1449401791348788,"c=1,d=0.5",watanabe,1,2000,4000,0.0,0,0,"[0, 0]",10,40.2416118580004
singular2,250,250,0,0.813652461698511,"c=1,d=0.5",watanabe,1,2000,4000,0.0,0,0,"[0, 0]",8,36.97587312599899
regular,5000,5000,0,1.5727739762015396,"c=1,d=0.5",watanabe,1,2000,4000,0.0,0,0,"[0, 0]",5,98.26024521399997
e-singular,5000,5000,0,1.8916828757694049,"c=1,d=0.5",watanabe,1,2000,4000,0.0,0,0,"[0, 0]",6,134.18283494299976
singular1,5000,5000,0,0.7934937469134692,"c=1,d=0.5",watanabe,1,2000,4000,0.0,0,0,"[0, 0]",10,251.4878339099996
singular2,5000,5000,0,0.7860142019877087,"c=1,d=0.5",watanabe,1,2000,4000,0.0,0,0,"[0, 0]",10,215.39463863699893
regular,50,50,1,1.1904400628807943,"c=1,d=0.5",watanabe,1,2000,4000,0.0,0,0,"[0, 0]",5,30.292090394999832
e-singular,50,50,1,1.1546307392183175,"c=1,d=0.5",watanabe,1,2000,4000,0.0,0,0,"[0, 0]",8,36.56793490000018
singular1,50,50,1,0.9159896604452206,"c=1,d=0.5",watanabe,1,2000,4000,0.0,0,0,"[0, 0]",8,34.644006361999345
singular2,50,50,1,1.015940485453851,"c=1,d=0.5",watanabe,1,2000,4000,0.0,0,0,"[0, 0]",7,31.46007505200032
regular,250,250,1,1.3357697461473628,"c=1,d=0.5",watanabe,1,2000,4000,0.0,0,0,"[0, 0]",5,48.90475135899942
e-singular,250,250,1,1.52180512162656,"c=1,d=0.5",watanabe,1,2000,4000,0.0,0,0,"[0, 0]",8,50.03569755299941
singular1,250,250,1,0.8678187593930762,"c=1,d=0.5",watanabe,1,2000,4000,0.0,0,0,"[0, 0]",10,67.40051289499934
singular2,250,250,1,1.0386533656217491,"c=1,d=0.5",watanabe,1,2000,4000,0.0,0,0,"[0, 0]",9,64.3270298740008
regular,5000,5000,1,1.4137644500262976,"c=1,d=0.5",watanabe,1,2000,4000,0.0,0,0,"[0, 0]",5,135.2450511120005
e-singular,5000,5000,1,1.3916069608958963,"c=1,d=0.5",watanabe,1,2000,4000,0.0,0,0,"[0, 0]",7,194.33832590900056
singular1,5000,5000,1,0.7022292416583548,"c=1,d=0.5",watanabe,1,2000,4000,0.0,0,0,"[0, 0]",10,356.8717930639996
singular2,5000,5000,1,0.920460402794867,"c=1,d=0.5",watanabe,1,2000,4000,0.0,0,0,"[0, 0]",10,337.274106629
regular,50,50,2,1.489807823019664,"c=1,d=0.5",watanabe,1,2000,4000,0.0,0,0,"[0, 0]",5,29.64706789400043
e-singular,50,50,2,1.096664670419417,"c=1,d=0.5",watanabe,1,2000,4000,0.0,0,0,"[0, 0]",8,31.97305233299994
singular1,50,50,2,1.3376248021624162,"c=1,d=0.5",watanabe,1,2000,4000,0.0,0,0,"[0, 0]",8,32.351394249000805
singular2,50,50,2,0.7854906716764457,"c=1,d=0.5",watanabe,1,2000,4000,0.0,0,0,"[0, 0]",8,32.29438424300133
regular,250,250,2,1.2953276437710524,"c=1,d=0.5",watanabe,1,2000,4000,0.0,0,0,"[0, 0]",5,30.26607691600111
e-singular,250,250,2,1.342815701622468,"c=1,d=0.5",watanabe,1,2000,4000,0.0,0,0,"[0, 0]",9,34.10606607999944
singular1,250,250,2,1.1503136439800874,"c=1,d=0.5",watanabe,1,2000,4000,0.0,0,0,"[0, 0]",9,39.28160161900087
singular2,250,250,2,0.8986573898990984,"c=1,d=0.5",watanabe,1,2000,4000,0.0,0,0,"[0, 0]",8,39.301397573999566
regular,5000,5000,2,1.5794721740661353,"c=1,d=0.5",watanabe,1,2000,4000,0.0,0,0,"[0, 0]",5,94.70592698099972
e-singular,5000,5000,2,1.44193701964637,"c=1,d=0.5",watanabe,1,2000,4000,0.0,0,0,"[0, 0]",7,124.12857227300084
singular1,5000,5000,2,0.9101616679522956,"c=1,d=0.5",watanabe,1,2000,4000,0.0,0,0,"[0, 0]",10,209.6178557650001
singular2,5000,5000,2,0.7361632038539928,"c=1,d=0.5",watanabe,1,2000,4000,0.0,0,0,"[0, 0]",10,209.47867605300053
regular,50,50,132,1.587600004827654,"c=1,d=1",watanabe,1,2000,4000,0.0,0,0,"[0, 0]",5,29.79211240999939
e-singular,50,50,132,0.9819279054141488,"c=1,d=1",watanabe,1,2000,4000,0.0,0,0,"[0, 0]",8,31.56223956300164
singular1,50,50,132,1.2816661671099374,"c=1,d=1",watanabe,1,2000,4000,0.0,0,0,"[0, 0]",9,33.00176127099985
singular2,50,50,132,0.9923599802855861,"c=1,d=1",watanabe,1,2000,4000,0.0,0,0,"[0, 0]",8,31.19028139400143
regular,50,50,132,1.4266917772837429,"c=1,d=2",watanabe,1,2000,4000,0.0,0,0,"[0, 0]",5,25.821134941999844
e-singular,50,50,132,1.1476400008420766,"c=1,d=2",watanabe,1,2000,4000,0.0,0,0,"[0, 0]",8,27.53306395599975
singular1,50,50,132,1.164979957494596,"c=1,d=2",watanabe,1,2000,4000,0.0,0,0,"[0, 0]",8,28.852970857999026
singular2,50,50,132,0.9550145502676123,"c=1,d=2",watanabe,1,2000,4000,0.0,0,0,"[0, 0]",8,26.71969954999986
regular,50,50,132,1.456912200234696,"c=1,d=5",watanabe,1,2000,4000,0.0,0,0,"[0, 0]",5,26.81393599099829
e-singular,50,50,132,1.1785181650110983,"c=1,d=5",watanabe,1,2000,4000,0.0,0,0,"[0, 0]",9,27.540840202000254
singular1,50,50,132,1.262130955858037,"c=1,d=5",watanabe,1,2000,4000,0.0,0,0,"[0, 0]",10,30.66447959799916
singular2,50,50,132,0.9412492226971165,"c=1,d=5",watanabe,1,2000,4000,0.0,0,0,"[0, 0]",9,28.36247186199944
regular,50,50,132,1.4718721146973865,"c=1,d=10",watanabe,1,2000,4000,0.0,0,0,"[0, 0]",5,29.982637250999687
e-singular,50,50,132,1.308554500898458,"c=1,d=10",watanabe,1,2000,4000,0.0,0,0,"[0, 0]",8,30.963008431999697
singular1,50,50,132,1.17558122616212,"c=1,d=10",watanabe,1,2000,4000,0.0,0,0,"[0, 0]",10,32.764391086000614
singular2,50,50,132,0.9269148181948991,"c=1,d=10",watanabe,1,2000,4000,0.0,0,0,"[0, 0]",9,32.08263042500039
regular,250,250,132,1.6531498210406084,"c=1,d=1",watanabe,1,2000,4000,0.0,0,0,"[0, 0]",5,29.664750974001436
e-singular,250,250,132,1.9262408183572144,"c=1,d=1",watanabe,1,2000,4000,0.0,0,0,"[0, 0]",8,30.906666983999457
singular1,250,250,132,1.0497291229102603,"c=1,d=1",watanabe,1,2000,4000,0.0,0,0,"[0, 0]",10,39.46030303099906
singular2,250,250,132,0.8483550203114222,"c=1,d=1",watanabe,1,2000,4000,0.0,0,0,"[0, 0]",8,36.62952940500145
regular,250,250,132,1.4705059989308242,"c=1,d=2",watanabe,1,2000,4000,0.0,0,0,"[0, 0]",5,29.475829161001457
e-singular,250,250,132,1.7891892272298555,"c=1,d=2",watanabe,1,2000,4000,0.0,0,0,"[0, 0]",7,29.92161390900037
singular1,250,250,132,1.054531982579813,"c=1,d=2",watanabe,1,2000,4000,0.0,0,0,"[0, 0]",9,41.53266230999907
singular2,250,250,132,0.8805210010641958,"c=1,d=2",watanabe,1,2000,4000,0.0,0,0,"[0, 0]",9,40.651356054000644
regular,250,250,132,1.5173246797395175,"c=1,d=5",watanabe,1,2000,4000,0.0,0,0,"[0, 0]",5,35.29187846000059
e-singular,250,250,132,1.6616138151215591,"c=1,d=5",watanabe,1,2000,4000,0.0,0,0,"[0, 0]",7,34.55046060799941
singular1,250,250,132,0.9748847960281148,"c=1,d=5",watanabe,1,2000,4000,0.0,0,0,"[0, 0]",10,41.930408992000594
singular2,250,250,132,0.8904291115649431,"c=1,d=5",watanabe,1,2000,4000,0.0,0,0,"[0, 0]",10,44.23365418299909
regular,250,250,132,1.5592231269171561,"c=1,d=10",watanabe,1,2000,4000,0.0,0,0,"[0, 0]",5,29.382477974999347
e-singular,250,250,132,1.6083917886310426,"c=1,d=10",watanabe,1,2000,4000,0.0,0,0,"[0, 0]",7,30.674501768000482
singular1,250,250,132,1.1019808707613186,"c=1,d=10",watanabe,1,2000,4000,0.0,0,0,"[0, 0]",10,40.1065468529996
singular2,250,250,132,0.8403055861426286,"c=1,d=10",watanabe,1,2000,4000,0.0,0,0,"[0, 0]",10,46.16130904700003
regular,5000,5000,132,1.485117192024009,"c=1,d=1",watanabe,1,2000,4000,0.0,0,0,"[0, 0]",5,95.58101530000022
e-singular,5000,5000,132,1.5188738270289703,"c=1,d=1",watanabe,1,2000,4000,0.0,0,0,"[0, 0]",7,120.17593591199875
singular1,5000,5000,132,0.9247209542220242,"c=1,d=1",watanabe,1,2000,4000,0.0,0,0,"[0, 0]",10,279.254122241
singular2,5000,5000,132,0.7920075334782246,"c=1,d=1",watanabe,1,2000,4000,0.0,0,0,"[0, 0]",10,258.9135521959997
regular,5000,5000,132,1.5752451670201992,"c=1,d=2",watanabe,1,2000,4000,0.0,0,0,"[0, 0]",6,109.33597708300113
e-singular,5000,5000,132,1.5469928732816167,"c=1,d=2",watanabe,1,2000,4000,0.0,0,0,"[0, 0]",7,131.0855805939991
singular1,5000,5000,132,0.9352474612480579,"c=1,d=2",watanabe,1,2000,4000,0.0,0,0,"[0, 0]",10,320.3788784879998
singular2,5000,5000,132,0.8645401897942344,"c=1,d=2",watanabe,1,2000,4000,0.0,0,0,"[0, 0]",10,396.01115673800086
regular,5000,5000,132,1.566628770928426,"c=1,d=5",watanabe,1,2000,4000,0.0,0,0,"[0, 0]",5,148.82410161400003
e-singular,5000,5000,132,1.5652788185645858,"c=1,d=5",watanabe,1,2000,4000,0.0,0,0,"[0, 0]",7,200.3223784820002
singular1,5000,5000,132,0.9391410906979933,"c=1,d=5",watanabe,1,2000,4000,0.0,0,0,"[0, 0]",10,316.7339627129986
singular2,5000,5000,132,0.6165719671808263,"c=1,d=5",watanabe,1,2000,4000,0.0,0,0,"[0, 0]",10,390.8297783369999
regular,5000,5000,132,1.4328501661115511,"c=1,d=10",watanabe,1,2000,4000,0.0,0,0,"[0, 0]",6,166.80149519899896
e-singular,5000,5000,132,1.5709154921748738,"c=1,d=10",watanabe,1,2000,4000,0.0,0,0,"[0, 0]",7,133.83335359100056
singular1,5000,5000,132,0.8871699258551442,"c=1,d=10",watanabe,1,2000,4000,0.0,0,0,"[0, 0]",10,290.95684001600057
singular2,5000,5000,132,0.7502567043353191,"c=1,d=10",watanabe,1,2000,4000,0.0,0,0,"[0, 0]",10,290.32267372000024
regular,50,50,133,1.585711991775564,"c=1,d=1",watanabe,1,2000,4000,0.0,0,0,"[0, 0]",5,25.74992765999923
e-singular,50,50,133,1.4805384880068306,"c=1,d=1",watanabe,1,2000,4000,0.0,0,0,"[0, 0]",8,27.18042837199937
singular1,50,50,133,1.1186238267223347,"c=1,d=1",watanabe,1,2000,4000,0.0,0,0,"[0, 0]",8,31.406704723000075
singular2,50,50,133,0.9591187473446102,"c=1,d=1",watanabe,1,2000,4000,0.0,0,0,"[0, 0]",7,30.321576936001293
regular,50,50,133,1.3602290268603532,"c=1,d=2",watanabe,1,2000,4000,0.0,0,0,"[0, 0]",5,25.456767030000265
e-singular,50,50,133,1.3516286673385869,"c=1,d=2",watanabe,1,2000,4000,0.0,0,0,"[0, 0]",8,30.418748049998612
singular1,50,50,133,1.1543245458661275,"c=1,d=2",watanabe,1,2000,4000,0.0,0,0,"[0, 0]",9,28.2767116670002
singular2,50,50,133,0.9548276910390847,"c=1,d=2",watanabe,1,2000,4000,0.0,0,0,"[0, 0]",8,26.668601090001175
regular,50,50,133,1.4103799674694792,"c=1,d=5",watanabe,1,2000,4000,0.0,0,0,"[0, 0]",5,29.947936360000313
e-singular,50,50,133,1.4136639365847148,"c=1,d=5",watanabe,1,2000,4000,0.0,0,0,"[0, 0]",8,31.57464785999946
singular1,50,50,133,1.0914818702327111,"c=1,d=5",watanabe,1,2000,4000,0.0,0,0,"[0, 0]",10,36.894421291999606
singular2,50,50,133,0.8667635575719288,"c=1,d=5",watanabe,1,2000,4000,0.0,0,0,"[0, 0]",9,33.86602017599944
regular,50,50,133,1.4356777016170752,"c=1,d=10",watanabe,1,2000,4000,0.0,0,0,"[0, 0]",5,27.418745998000304
e-singular,50,50,133,1.573109480788635,"c=1,d=10",watanabe,1,2000,4000,0.0,0,0,"[0, 0]",9,28.21112703199833
singular1,50,50,133,1.0666603148963862,"c=1,d=10",watanabe,1,2000,4000,0.0,0,0,"[0, 0]",10,33.732350233000034
singular2,50,50,133,0.9919432064223825,"c=1,d=10",watanabe,1,2000,4000,0.0,0,0,"[0, 0]",8,31.388291525001478
regular,250,250,133,1.3736206249762024,"c=1,d=1",watanabe,1,2000,4000,0.0,0,0,"[0, 0]",5,29.42327596499854
e-singular,250,250,133,1.5901500263029444,"c=1,d=1",watanabe,1,2000,4000,0.0,0,0,"[0, 0]",8,35.31328289299927
singular1,250,250,133,0.8401241790551117,"c=1,d=1",watanabe,1,2000,4000,0.0,0,0,"[0, 0]",10,39.62073651399987
singular2,250,250,133,0.8401911719023114,"c=1,d=1",watanabe,1,2000,4000,0.0,0,0,"[0, 0]",9,34.195666100999006
regular,250,250,133,1.5016729436251093,"c=1,d=2",watanabe,1,2000,4000,0.0,0,0,"[0, 0]",6,34.43137410000054
e-singular,250,250,133,1.6674179260399355,"c=1,d=2",watanabe,1,2000,4000,0.0,0,0,"[0, 0]",9,35.582787213999836
singular1,250,250,133,1.0762181410038048,"c=1,d=2",watanabe,1,2000,4000,0.0,0,0,"[0, 0]",9,38.88518154299891
singular2,250,250,133,1.0312809327516488,"c=1,d=2",watanabe,1,2000,4000,0.0,0,0,"[0, 0]",9,34.91350765399875
regular,250,250,133,1.498089080503488,"c=1,d=5",watanabe,1,2000,4000,0.0,0,0,"[0, 0]",6,30.30010755100011
e-singular,250,250,133,1.6980744952851543,"c=1,d=5",watanabe,1,2000,4000,0.0,0,0,"[0, 0]",8,34.49957975500001
singular1,250,250,133,0.9927708531358892,"c=1,d=5",watanabe,1,2000,4000,0.0,0,0,"[0, 0]",9,54.91453967199959
singular2,250,250,133,1.0325063413935722,"c=1,d=5",watanabe,1,2000,4000,0.0,0,0,"[0, 0]",9,47.198597479000455
regular,250,250,133,1.5110692245054942,"c=1,d=10",watanabe,1,2000,4000,0.0,0,0,"[0, 0]",5,35.25083592499868
e-singular,250,250,133,1.5674980852608649,"c=1,d=10",watanabe,1,2000,4000,0.0,0,0,"[0, 0]",8,55.94317869599945
singular1,250,250,133,0.9824999671515593,"c=1,d=10",watanabe,1,2000,4000,0.0,0,0,"[0, 0]",10,72.47496516399951
singular2,250,250,133,0.9115803592109765,"c=1,d=10",watanabe,1,2000,4000,0.0,0,0,"[0, 0]",10,61.32157256999926
regular,5000,5000,133,1.6335117923244316,"c=1,d=1",watanabe,1,2000,4000,0.0,0,0,"[0, 0]",5,143.73205602100097
e-singular,5000,5000,133,1.5073047792671426,"c=1,d=1",watanabe,1,2000,4000,0.0,0,0,"[0, 0]",6,176.89355240400073
singular1,5000,5000,133,0.8302841213295775,"c=1,d=1",watanabe,1,2000,4000,0.0,0,0,"[0, 0]",10,305.68276933800007
singular2,5000,5000,133,0.8818464964388109,"c=1,d=1",watanabe,1,2000,4000,0.0,0,0,"[0, 0]",10,366.7925103289999
regular,5000,5000,133,1.5100676549234688,"c=1,d=2",watanabe,1,2000,4000,0.0,0,0,"[0, 0]",5,134.1116117420006
e-singular,5000,5000,133,1.5092172750952406,"c=1,d=2",watanabe,1,2000,4000,0.0,0,0,"[0, 0]",7,201.456405859999
singular1,5000,5000,133,0.8714456047455343,"c=1,d=2",watanabe,1,2000,4000,0.0,0,0,"[0, 0]",10,243.23320297600003
singular2,5000,5000,133,0.8493598634579851,"c=1,d=2",watanabe,1,2000,4000,0.0,0,0,"[0, 0]",10,284.525146856
regular,5000,5000,133,1.4766217224025282,"c=1,d=5",watanabe,1,2000,4000,0.0,0,0,"[0, 0]",5,99.12013985900012
e-singular,5000,5000,133,1.4450064129773355,"c=1,d=5",watanabe,1,2000,4000,0.0,0,0,"[0, 0]",6,119.98032406899983
singular1,5000,5000,133,0.8025481607508155,"c=1,d=5",watanabe,1,2000,4000,0.0,0,0,"[0, 0]",10,302.0301771989998
singular2,5000,5000,133,0.8509102297563331,"c=1,d=5",watanabe,1,2000,4000,0.0,0,0,"[0, 0]",10,294.6314447120003
regular,5000,5000,133,1.4474408038112612,"c=1,d=10",watanabe,1,2000,4000,0.0,0,0,"[0, 0]",5,98.29920340799981
e-singular,5000,5000,133,1.477907570636467,"c=1,d=10",watanabe,1,2000,4000,0.0,0,0,"[0, 0]",7,114.04478563500015
singular1,5000,5000,133,0.8137626605966295,"c=1,d=10",watanabe,1,2000,4000,0.0,0,0,"[0, 0]",10,303.7335087020001
singular2,5000,5000,133,0.8202523295294923,"c=1,d=10",watanabe,1,2000,4000,0.0,0,0,"[0, 0]",10,388.00027346500065
regular,50,50,134,1.2859814936993603,"c=1,d=1",watanabe,1,2000,4000,0.0,0,0,"[0, 0]",5,28.24280281799838
e-singular,50,50,134,1.2594384958538165,"c=1,d=1",watanabe,1,2000,4000,0.0,0,0,"[0, 0]",8,32.85585496100066
singular1,50,50,134,1.0347619340312944,"c=1,d=1",watanabe,1,2000,4000,0.0,0,0,"[0, 0]",8,36.948693680998986
singular2,50,50,134,1.0329260659511401,"c=1,d=1",watanabe,1,2000,4000,0.0,0,0,"[0, 0]",8,32.25822766800047
regular,50,50,134,1.4011207963186345,"c=1,d=2",watanabe,1,2000,4000,0.0,0,0,"[0, 0]",5,46.26499683899965
e-singular,50,50,134,1.1485536940094023,"c=1,d=2",watanabe,1,2000,4000,0.0,0,0,"[0, 0]",8,28.146902878999754
singular1,50,50,134,1.0845115175442006,"c=1,d=2",watanabe,1,2000,4000,0.0,0,0,"[0, 0]",8,41.77848928700041
singular2,50,50,134,0.947738045622187,"c=1,d=2",watanabe,1,2000,4000,0.0,0,0,"[0, 0]",8,26.617669795999973
regular,50,50,134,1.4846925352273077,"c=1,d=5",watanabe,1,2000,4000,0.0,0,0,"[0, 0]",5,38.021742357999756
e-singular,50,50,134,1.254152615971432,"c=1,d=5",watanabe,1,2000,4000,0.0,0,0,"[0, 0]",8,36.11371823099944
singular1,50,50,134,1.0531023476268726,"c=1,d=5",watanabe,1,2000,4000,0.0,0,0,"[0, 0]",10,29.335995066998294
singular2,50,50,134,1.014298911526141,"c=1,d=5",watanabe,1,2000,4000,0.0,0,0,"[0, 0]",8,26.732101449000766
regular,50,50,134,1.4553973709752175,"c=1,d=10",watanabe,1,2000,4000,0.0,0,0,"[0, 0]",5,35.23109643800126
e-singular,50,50,134,1.2899917961686893,"c=1,d=10",watanabe,1,2000,4000,0.0,0,0,"[0, 0]",8,39.08214713800044
singular1,50,50,134,1.0119850100915835,"c=1,d=10",watanabe,1,2000,4000,0.0,0,0,"[0, 0]",10,37.852808049001396
singular2,50,50,134,1.0103077274303416,"c=1,d=10",watanabe,1,2000,4000,0.0,0,0,"[0, 0]",9,35.59598791099961
regular,250,250,134,1.6069644401383258,"c=1,d=1",watanabe,1,2000,4000,0.0,0,0,"[0, 0]",5,28.890378012998553
e-singular,250,250,134,1.7118501619377753,"c=1,d=1",watanabe,1,2000,4000,0.0,0,0,"[0, 0]",8,33.15283374699902
singular1,250,250,134,1.0176234119342549,"c=1,d=1",watanabe,1,2000,4000,0.0,0,0,"[0, 0]",10,42.04372082700138
singular2,250,250,134,0.8148681163943329,"c=1,d=1",watanabe,1,2000,4000,0.0,0,0,"[0, 0]",8,38.08050179199927
regular,250,250,134,1.4369024654171887,"c=1,d=2",watanabe,1,2000,4000,0.0,0,0,"[0, 0]",5,29.564988984000593
e-singular,250,250,134,1.6914424049987562,"c=1,d=2",watanabe,1,2000,4000,0.0,0,0,"[0, 0]",9,34.08486622500095
singular1,250,250,134,1.1007402182556996,"c=1,d=2",watanabe,1,2000,4000,0.0,0,0,"[0, 0]",9,39.94101041999966
singular2,250,250,134,0.7469709827680812,"c=1,d=2",watanabe,1,2000,4000,0.0,0,0,"[0, 0]",9,37.982770728000105
regular,250,250,134,1.4995772978963868,"c=1,d=5",watanabe,1,2000,4000,0.0,0,0,"[0, 0]",5,34.747853282000506
e-singular,250,250,134,1.4960305130105094,"c=1,d=5",watanabe,1,2000,4000,0.0,0,0,"[0, 0]",8,34.36679113300124
singular1,250,250,134,1.0591775593794428,"c=1,d=5",watanabe,1,2000,4000,0.0,0,0,"[0, 0]",10,39.32378739299929
singular2,250,250,134,0.8895285782757257,"c=1,d=5",watanabe,1,2000,4000,0.0,0,0,"[0, 0]",9,39.49918644200079
regular,250,250,134,1.4391966720768723,"c=1,d=10",watanabe,1,2000,4000,0.0,0,0,"[0, 0]",5,29.91660315900117
e-singular,250,250,134,1.6461233127707449,"c=1,d=10",watanabe,1,2000,4000,0.0,0,0,"[0, 0]",8,31.812432636001176
singular1,250,250,134,0.8624090915933857,"c=1,d=10",watanabe,1,2000,4000,0.0,0,0,"[0, 0]",10,38.535544901998946
singular2,250,250,134,0.8027089859513514,"c=1,d=10",watanabe,1,2000,4000,0.0,0,0,"[0, 0]",10,42.25151577100041
regular,5000,5000,134,1.5413524295271306,"c=1,d=1",watanabe,1,2000,4000,0.0,0,0,"[0, 0]",5,98.4714197659996
e-singular,5000,5000,134,1.5896784608090475,"c=1,d=1",watanabe,1,2000,4000,0.0,0,0,"[0, 0]",6,146.10893438400126
singular1,5000,5000,134,0.8051552503025436,"c=1,d=1",watanabe,1,2000,4000,0.0,0,0,"[0, 0]",10,315.38803980100056
singular2,5000,5000,134,0.8336743103843863,"c=1,d=1",watanabe,1,2000,4000,0.0,0,0,"[0, 0]",10,286.6723218239986
regular,5000,5000,134,1.4964032564917602,"c=1,d=2",watanabe,1,2000,4000,0.0,0,0,"[0, 0]",5,89.17723096900045
e-singular,5000,5000,134,1.478143973839416,"c=1,d=2",watanabe,1,2000,4000,0.0,0,0,"[0, 0]",6,172.8349788579999
singular1,5000,5000,134,0.849318221964175,"c=1,d=2",watanabe,1,2000,4000,0.0,0,0,"[0, 0]",10,454.22422943499987
singular2,5000,5000,134,0.7745773601252367,"c=1,d=2",watanabe,1,2000,4000,0.0,0,0,"[0, 0]",10,310.2195581569995
regular,5000,5000,134,1.4556362742376314,"c=1,d=5",watanabe,1,2000,4000,0.0,0,0,"[0, 0]",5,135.08274919399992
e-singular,5000,5000,134,1.4528121109435783,"c=1,d=5",watanabe,1,2000,4000,0.0,0,0,"[0, 0]",7,240.1183963530002
singular1,5000,5000,134,0.8232012157226586,"c=1,d=5",watanabe,1,2000,4000,0.0,0,0,"[0, 0]",10,357.2067659380009
singular2,5000,5000,134,0.901981173501794,"c=1,d=5",watanabe,1,2000,4000,0.0,0,0,"[0, 0]",10,279.77862420699967
regular,5000,5000,134,1.512461260626079,"c=1,d=10",watanabe,1,2000,4000,0.0,0,0,"[0, 0]",5,97.45541887000036
e-singular,5000,5000,134,1.5504028346997745,"c=1,d=10",watanabe,1,2000,4000,0.0,0,0,"[0, 0]",7,150.79710187199998
singular1,5000,5000,134,0.8541080439031414,"c=1,d=10",watanabe,1,2000,4000,0.0,0,0,"[0, 0]",10,320.8712420330012
singular2,5000,5000,134,0.8693138311947917,"c=1,d=10",watanabe,1,2000,4000,0.0,0,0,"[0, 0]",10,280.60847852500046
regular,50,50,135,1.2716425487534453,"c=1,d=1",watanabe,1,2000,4000,0.0,0,0,"[0, 0]",5,55.754793038999196
e-singular,50,50,135,0.9591677643891435,"c=1,d=1",watanabe,1,2000,4000,0.0,0,0,"[0, 0]",8,73.68118322599912
singular1,50,50,135,1.077387725896306,"c=1,d=1",watanabe,1,2000,4000,0.0,0,0,"[0, 0]",8,73.12902545699944
singular2,50,50,135,0.8829363541720736,"c=1,d=1",watanabe,1,2000,4000,0.0,0,0,"[0, 0]",9,73.30525849100013
regular,50,50,135,1.448346282287454,"c=1,d=2",watanabe,1,2000,4000,0.0,0,0,"[0, 0]",5,49.800580997
e-singular,50,50,135,1.1745923409867507,"c=1,d=2",watanabe,1,2000,4000,0.0,0,0,"[0, 0]",9,30.405766259000302
singular1,50,50,135,1.0896231562298928,"c=1,d=2",watanabe,1,2000,4000,0.0,0,0,"[0, 0]",8,30.370122713000455
singular2,50,50,135,0.968924942185535,"c=1,d=2",watanabe,1,2000,4000,0.0,0,0,"[0, 0]",8,38.74169002999952
regular,50,50,135,1.3780168250594502,"c=1,d=5",watanabe,1,2000,4000,0.0,0,0,"[0, 0]",5,31.991482469000402
e-singular,50,50,135,0.998082324827138,"c=1,d=5",watanabe,1,2000,4000,0.0,0,0,"[0, 0]",9,40.09512232299858
singular1,50,50,135,1.0666821091451266,"c=1,d=5",watanabe,1,2000,4000,0.0,0,0,"[0, 0]",10,38.40157870300027
singular2,50,50,135,0.9571220143964744,"c=1,d=5",watanabe,1,2000,4000,0.0,0,0,"[0, 0]",8,40.46199477900154
regular,50,50,135,1.424614721006938,"c=1,d=10",watanabe,1,2000,4000,0.0,0,0,"[0, 0]",5,43.19965147199946
e-singular,50,50,135,1.074502821303871,"c=1,d=10",watanabe,1,2000,4000,0.0,0,0,"[0, 0]",8,41.182916697998735
singular1,50,50,135,1.0990407472040145,"c=1,d=10",watanabe,1,2000,4000,0.0,0,0,"[0, 0]",9,42.21743374700054
singular2,50,50,135,0.986564219433475,"c=1,d=10",watanabe,1,2000,4000,0.0,0,0,"[0, 0]",9,40.822218356999656
regular,250,250,135,1.4202240645861095,"c=1,d=1",watanabe,1,2000,4000,0.0,0,0,"[0, 0]",5,39.983045466000476
e-singular,250,250,135,1.0204990206238735,"c=1,d=1",watanabe,1,2000,4000,0.0,0,0,"[0, 0]",8,49.777706048000255
singular1,250,250,135,0.9685434960494852,"c=1,d=1",watanabe,1,2000,4000,0.0,0,0,"[0, 0]",10,61.32032231199992
singular2,250,250,135,1.047420119099882,"c=1,d=1",watanabe,1,2000,4000,0.0,0,0,"[0, 0]",9,47.282212005000474
regular,250,250,135,1.5481713197903515,"c=1,d=2",watanabe,1,2000,4000,0.0,0,0,"[0, 0]",5,36.01556752500073
e-singular,250,250,135,1.2984894846364887,"c=1,d=2",watanabe,1,2000,4000,0.0,0,0,"[0, 0]",9,46.65922271999989
singular1,250,250,135,0.9925035145711825,"c=1,d=2",watanabe,1,2000,4000,0.0,0,0,"[0, 0]",9,48.627647298999364
singular2,250,250,135,0.9527505614219421,"c=1,d=2",watanabe,1,2000,4000,0.0,0,0,"[0, 0]",9,40.12884933500027
regular,250,250,135,1.4282226672640146,"c=1,d=5",watanabe,1,2000,4000,0.0,0,0,"[0, 0]",5,39.705358389999674
e-singular,250,250,135,1.4340318264984355,"c=1,d=5",watanabe,1,2000,4000,0.0,0,0,"[0, 0]",9,35.984985031998804
singular1,250,250,135,1.0788994364725657,"c=1,d=5",watanabe,1,2000,4000,0.0,0,0,"[0, 0]",9,45.67749668399847
singular2,250,250,135,1.0275128470577097,"c=1,d=5",watanabe,1,2000,4000,0.0,0,0,"[0, 0]",9,36.77721394699984
regular,250,250,135,1.4755818871001793,"c=1,d=10",watanabe,1,2000,4000,0.0,0,0,"[0, 0]",5,29.527233323000473
e-singular,250,250,135,1.3688770624461661,"c=1,d=10",watanabe,1,2000,4000,0.0,0,0,"[0, 0]",9,37.709373878000406
singular1,250,250,135,1.138040750909127,"c=1,d=10",watanabe,1,2000,4000,0.0,0,0,"[0, 0]",10,47.40277908099961
singular2,250,250,135,0.9614233147681813,"c=1,d=10",watanabe,1,2000,4000,0.0,0,0,"[0, 0]",9,38.371231498998895
regular,5000,5000,135,1.5617469579274206,"c=1,d=1",watanabe,1,2000,4000,0.0,0,0,"[0, 0]",5,96.63289827500012
e-singular,5000,5000,135,1.490711710731321,"c=1,d=1",watanabe,1,2000,4000,0.0,0,0,"[0, 0]",7,114.49883897900145
singular1,5000,5000,135,0.8722985495236472,"c=1,d=1",watanabe,1,2000,4000,0.0,0,0,"[0, 0]",10,276.7472844690001
singular2,5000,5000,135,0.7107703621589438,"c=1,d=1",watanabe,1,2000,4000,0.0,0,0,"[0, 0]",10,237.7992909429995
regular,5000,5000,135,1.4643554526412865,"c=1,d=2",watanabe,1,2000,4000,0.0,0,0,"[0, 0]",5,97.08264539100128
e-singular,5000,5000,135,1.4688862247151089,"c=1,d=2",watanabe,1,2000,4000,0.0,0,0,"[0, 0]",6,121.93239156299933
singular1,5000,5000,135,0.7113774834311622,"c=1,d=2",watanabe,1,2000,4000,0.0,0,0,"[0, 0]",10,254.80701084099928
singular2,5000,5000,135,0.8108190085773556,"c=1,d=2",watanabe,1,2000,4000,0.0,0,0,"[0, 0]",10,311.03786712200053
regular,5000,5000,135,1.4631311075126272,"c=1,d=5",watanabe,1,2000,4000,0.0,0,0,"[0, 0]",5,91.49250792299972
e-singular,5000,5000,135,1.5887777742854141,"c=1,d=5",watanabe,1,2000,4000,0.0,0,0,"[0, 0]",7,133.04845879200002
singular1,5000,5000,135,0.6867575063250311,"c=1,d=5",watanabe,1,2000,4000,0.0,0,0,"[0, 0]",10,358.44437686999845
singular2,5000,5000,135,0.8037361403124148,"c=1,d=5",watanabe,1,2000,4000,0.0,0,0,"[0, 0]",10,391.08271406100175
regular,5000,5000,135,1.5033506742855165,"c=1,d=10",watanabe,1,2000,4000,0.0,0,0,"[0, 0]",5,109.64336954800092
e-singular,5000,5000,135,1.453380052342162,"c=1,d=10",watanabe,1,2000,4000,0.0,0,0,"[0, 0]",7,180.93473989599988
singular1,5000,5000,135,0.69342194195072,"c=1,d=10",watanabe,1,2000,4000,0.0,0,0,"[0, 0]",10,366.71269131200097
singular2,5000,5000,135,0.8487643433980336,"c=1,d=10",watanabe,1,2000,4000,0.0,0,0,"[0, 0]",10,297.2915952559997
regular,50,50,136,1.225934861048625,"c=1,d=1",watanabe,1,2000,4000,0.0,0,0,"[0, 0]",6,26.63340177400096
e-singular,50,50,136,1.1994656503750807,"c=1,d=1",watanabe,1,2000,4000,0.0,0,0,"[0, 0]",9,31.363513062000493
singular1,50,50,136,0.9636272503439649,"c=1,d=1",watanabe,1,2000,4000,0.0,0,0,"[0, 0]",9,28.685487230000945
singular2,50,50,136,1.0617237933850194,"c=1,d=1",watanabe,1,2000,4000,0.0,0,0,"[0, 0]",8,30.383058831999733
regular,50,50,136,1.3557745857957653,"c=1,d=2",watanabe,1,2000,4000,0.0,0,0,"[0, 0]",6,31.366658803000973
e-singular,50,50,136,1.2512928677925856,"c=1,d=2",watanabe,1,2000,4000,0.0,0,0,"[0, 0]",8,30.488311233000786
singular1,50,50,136,1.025190660390128,"c=1,d=2",watanabe,1,2000,4000,0.0,0,0,"[0, 0]",9,30.56510255899957
singular2,50,50,136,0.996967372187108,"c=1,d=2",watanabe,1,2000,4000,0.0,0,0,"[0, 0]",8,33.17796352699952
regular,50,50,136,1.5797294420066863,"c=1,d=5",watanabe,1,2000,4000,0.0,0,0,"[0, 0]",6,32.521780690000014
e-singular,50,50,136,1.223075099264685,"c=1,d=5",watanabe,1,2000,4000,0.0,0,0,"[0, 0]",9,31.803029514998343
singular1,50,50,136,1.0711281967263402,"c=1,d=5",watanabe,1,2000,4000,0.0,0,0,"[0, 0]",9,33.58809904200098
singular2,50,50,136,1.0296886073459561,"c=1,d=5",watanabe,1,2000,4000,0.0,0,0,"[0, 0]",8,28.07954748999873
regular,50,50,136,1.4176959680894126,"c=1,d=10",watanabe,1,2000,4000,0.0,0,0,"[0, 0]",5,26.4669829559989
e-singular,50,50,136,1.2684686558410228,"c=1,d=10",watanabe,1,2000,4000,0.0,0,0,"[0, 0]",8,27.98976775399933
singular1,50,50,136,0.9999952470345385,"c=1,d=10",watanabe,1,2000,4000,0.0,0,0,"[0, 0]",9,28.716421369999807
singular2,50,50,136,0.9755415089883078,"c=1,d=10",watanabe,1,2000,4000,0.0,0,0,"[0, 0]",8,30.947338518000834
regular,250,250,136,1.4586076811335098,"c=1,d=1",watanabe,1,2000,4000,0.0,0,0,"[0, 0]",5,33.833448855000825
e-singular,250,250,136,2.046767878964551,"c=1,d=1",watanabe,1,2000,4000,0.0,0,0,"[0, 0]",7,31.23868484600098
singular1,250,250,136,1.0364138995199916,"c=1,d=1",watanabe,1,2000,4000,0.0,0,0,"[0, 0]",9,42.625479540000015
singular2,250,250,136,0.9720548908756748,"c=1,d=1",watanabe,1,2000,4000,0.0,0,0,"[0, 0]",9,39.75584456899924
regular,250,250,136,1.4735572377155497,"c=1,d=2",watanabe,1,2000,4000,0.0,0,0,"[0, 0]",5,35.307413250000536
e-singular,250,250,136,1.5330722214982968,"c=1,d=2",watanabe,1,2000,4000,0.0,0,0,"[0, 0]",7,33.56440785799896
singular1,250,250,136,0.9665441311761396,"c=1,d=2",watanabe,1,2000,4000,0.0,0,0,"[0, 0]",10,42.6409285360005
singular2,250,250,136,0.8770227753140442,"c=1,d=2",watanabe,1,2000,4000,0.0,0,0,"[0, 0]",9,40.014292001000285
regular,250,250,136,1.428482729355831,"c=1,d=5",watanabe,1,2000,4000,0.0,0,0,"[0, 0]",5,29.507798004000506
e-singular,250,250,136,1.5162704960141764,"c=1,d=5",watanabe,1,2000,4000,0.0,0,0,"[0, 0]",7,30.327715696999803
singular1,250,250,136,0.9164053631148553,"c=1,d=5",watanabe,1,2000,4000,0.0,0,0,"[0, 0]",10,44.46086363900031
singular2,250,250,136,0.867723730834805,"c=1,d=5",watanabe,1,2000,4000,0.0,0,0,"[0, 0]",9,41.71967407000011
regular,250,250,136,1.4626791818615157,"c=1,d=10",watanabe,1,2000,4000,0.0,0,0,"[0, 0]",5,34.075745221000034
e-singular,250,250,136,1.5388710255552978,"c=1,d=10",watanabe,1,2000,4000,0.0,0,0,"[0, 0]",7,31.166921420001017
singular1,250,250,136,1.0088720155975792,"c=1,d=10",watanabe,1,2000,4000,0.0,0,0,"[0, 0]",10,46.1167529989998
singular2,250,250,136,0.8214789642108093,"c=1,d=10",watanabe,1,2000,4000,0.0,0,0,"[0, 0]",10,45.50695654300034
regular,5000,5000,136,1.5413491815230282,"c=1,d=1",watanabe,1,2000,4000,0.0,0,0,"[0, 0]",6,107.52559891000055
e-singular,5000,5000,136,1.5304176013996833,"c=1,d=1",watanabe,1,2000,4000,0.0,0,0,"[0, 0]",7,140.37784891000047
singular1,5000,5000,136,0.9882211267203791,"c=1,d=1",watanabe,1,2000,4000,0.0,0,0,"[0, 0]",10,223.9449624909994
singular2,5000,5000,136,0.8526518167516463,"c=1,d=1",watanabe,1,2000,4000,0.0,0,0,"[0, 0]",10,360.7702712620012
regular,5000,5000,136,1.5394978635040042,"c=1,d=2",watanabe,1,2000,4000,0.0,0,0,"[0, 0]",5,90.26470706799955
e-singular,5000,5000,136,1.5458697106185775,"c=1,d=2",watanabe,1,2000,4000,0.0,0,0,"[0, 0]",6,132.34208980199946
singular1,5000,5000,136,0.9378036462581558,"c=1,d=2",watanabe,1,2000,4000,0.0,0,0,"[0, 0]",10,385.3829012219976
singular2,5000,5000,136,0.7982243133105368,"c=1,d=2",watanabe,1,2000,4000,0.0,0,0,"[0, 0]",10,369.00211851699714
regular,5000,5000,136,1.4931857623326563,"c=1,d=5",watanabe,1,2000,4000,0.0,0,0,"[0, 0]",6,160.17150568299985
e-singular,5000,5000,136,1.5841715434108978,"c=1,d=5",watanabe,1,2000,4000,0.0,0,0,"[0, 0]",7,169.33563235999827
singular1,5000,5000,136,0.9039747938852603,"c=1,d=5",watanabe,1,2000,4000,0.0,0,0,"[0, 0]",10,275.33201676599856
singular2,5000,5000,136,0.8072705826908956,"c=1,d=5",watanabe,1,2000,4000,0.0,0,0,"[0, 0]",10,333.7830831989995
regular,5000,5000,136,1.5212379523298152,"c=1,d=10",watanabe,1,2000,4000,0.0,0,0,"[0, 0]",5,102.01502216299923
e-singular,5000,5000,136,1.4715011826277424,"c=1,d=10",watanabe,1,2000,4000,0.0,0,0,"[0, 0]",7,128.38506545800192
singular1,5000,5000,136,0.8546421059348379,"c=1,d=10",watanabe,1,2000,4000,0.0,0,0,"[0, 0]",10,275.42286029000024
singular2,5000,5000,136,1.0617043851232513,"c=1,d=10",watanabe,1,2000,4000,0.0,0,0,"[0, 0]",10,394.49549219799883
regular,50,50,137,1.2050887337573826,"c=1,d=1",watanabe,1,2000,4000,0.0,0,0,"[0, 0]",5,37.79547492200072
e-singular,50,50,137,1.2198400336719073,"c=1,d=1",watanabe,1,2000,4000,0.0,0,0,"[0, 0]",8,33.248843313002
singular1,50,50,137,1.0867588288613024,"c=1,d=1",watanabe,1,2000,4000,0.0,0,0,"[0, 0]",8,46.432284565999
singular2,50,50,137,1.0533968476432876,"c=1,d=1",watanabe,1,2000,4000,0.0,0,0,"[0, 0]",8,41.09833057200012
regular,50,50,137,1.2934268069877213,"c=1,d=2",watanabe,1,2000,4000,0.0,0,0,"[0, 0]",5,40.80803404800099
e-singular,50,50,137,0.9222664654952237,"c=1,d=2",watanabe,1,2000,4000,0.0,0,0,"[0, 0]",8,39.58715896799913
singular1,50,50,137,1.2386552379942488,"c=1,d=2",watanabe,1,2000,4000,0.0,0,0,"[0, 0]",10,42.13412304099984
singular2,50,50,137,1.0401458387580358,"c=1,d=2",watanabe,1,2000,4000,0.0,0,0,"[0, 0]",8,37.11871549300122
regular,50,50,137,1.3627908449726052,"c=1,d=5",watanabe,1,2000,4000,0.0,0,0,"[0, 0]",5,37.14421736299846
e-singular,50,50,137,1.0675232904037466,"c=1,d=5",watanabe,1,2000,4000,0.0,0,0,"[0, 0]",9,40.91854197599969
singular1,50,50,137,1.210595013249113,"c=1,d=5",watanabe,1,2000,4000,0.0,0,0,"[0, 0]",10,42.36012634799772
singular2,50,50,137,1.0733457438754355,"c=1,d=5",watanabe,1,2000,4000,0.0,0,0,"[0, 0]",10,42.69385457500175
regular,50,50,137,1.314983921249279,"c=1,d=10",watanabe,1,2000,4000,0.0,0,0,"[0, 0]",5,41.46742467800141
e-singular,50,50,137,1.0181986144088424,"c=1,d=10",watanabe,1,2000,4000,0.0,0,0,"[0, 0]",9,41.76706883099905
singular1,50,50,137,1.1561949179348494,"c=1,d=10",watanabe,1,2000,4000,0.0,0,0,"[0, 0]",9,48.48172867299945
singular2,50,50,137,1.0116298306295957,"c=1,d=10",watanabe,1,2000,4000,0.0,0,0,"[0, 0]",9,35.73175020900089
regular,250,250,137,1.436695639412154,"c=1,d=1",watanabe,1,2000,4000,0.0,0,0,"[0, 0]",5,41.77046667199829
e-singular,250,250,137,1.4458833596137153,"c=1,d=1",watanabe,1,2000,4000,0.0,0,0,"[0, 0]",8,40.90943477900146
singular1,250,250,137,0.934782705449119,"c=1,d=1",watanabe,1,2000,4000,0.0,0,0,"[0, 0]",9,51.20909296299942
singular2,250,250,137,0.9461101830027009,"c=1,d=1",watanabe,1,2000,4000,0.0,0,0,"[0, 0]",8,44.299716139998054
regular,250,250,137,1.4342500002227472,"c=1,d=2",watanabe,1,2000,4000,0.0,0,0,"[0, 0]",5,36.08297240200045
e-singular,250,250,137,1.6121136339349065,"c=1,d=2",watanabe,1,2000,4000,0.0,0,0,"[0, 0]",8,40.99013974499758
singular1,250,250,137,0.9170534672417819,"c=1,d=2",watanabe,1,2000,4000,0.0,0,0,"[0, 0]",9,42.185836977998406
singular2,250,250,137,0.8734896139094369,"c=1,d=2",watanabe,1,2000,4000,0.0,0,0,"[0, 0]",9,47.93488045000049
regular,250,250,137,1.4153778870891092,"c=1,d=5",watanabe,1,2000,4000,0.0,0,0,"[0, 0]",5,38.15122113600228
e-singular,250,250,137,1.5682935095040247,"c=1,d=5",watanabe,1,2000,4000,0.0,0,0,"[0, 0]",8,33.97639177999736
singular1,250,250,137,1.050030510635343,"c=1,d=5",watanabe,1,2000,4000,0.0,0,0,"[0, 0]",10,42.961679634001484
singular2,250,250,137,0.8701987282117614,"c=1,d=5",watanabe,1,2000,4000,0.0,0,0,"[0, 0]",10,46.15061633900041
regular,250,250,137,1.5033160901339913,"c=1,d=10",watanabe,1,2000,4000,0.0,0,0,"[0, 0]",5,29.496975822999957
e-singular,250,250,137,1.5659485024771924,"c=1,d=10",watanabe,1,2000,4000,0.0,0,0,"[0, 0]",8,37.024503733999154
singular1,250,250,137,0.8980843816208817,"c=1,d=10",watanabe,1,2000,4000,0.0,0,0,"[0, 0]",10,47.25925809299952
singular2,250,250,137,0.9113022459706549,"c=1,d=10",watanabe,1,2000,4000,0.0,0,0,"[0, 0]",10,49.26105119800195
regular,5000,5000,137,1.4853824994230693,"c=1,d=1",watanabe,1,2000,4000,0.0,0,0,"[0, 0]",5,96.68801549999989
e-singular,5000,5000,137,1.5225440612858268,"c=1,d=1",watanabe,1,2000,4000,0.0,0,0,"[0, 0]",7,154.88321716299833
singular1,5000,5000,137,0.8330100259761132,"c=1,d=1",watanabe,1,2000,4000,0.0,0,0,"[0, 0]",10,241.35568752499967
singular2,5000,5000,137,0.7576157797770445,"c=1,d=1",watanabe,1,2000,4000,0.0,0,0,"[0, 0]",10,290.63954036299765
regular,5000,5000,137,1.4716866362834744,"c=1,d=2",watanabe,1,2000,4000,0.0,0,0,"[0, 0]",5,91.13322567699652
e-singular,5000,5000,137,1.5239071162173539,"c=1,d=2",watanabe,1,2000,4000,0.0,0,0,"[0, 0]",7,130.15064619600162
singular1,5000,5000,137,0.8045752786255531,"c=1,d=2",watanabe,1,2000,4000,0.0,0,0,"[0, 0]",10,271.5839465880017
singular2,5000,5000,137,0.8421200928743768,"c=1,d=2",watanabe,1,2000,4000,0.0,0,0,"[0, 0]",10,388.23456720600007
regular,5000,5000,137,1.4766462811499537,"c=1,d=5",watanabe,1,2000,4000,0.0,0,0,"[0, 0]",5,90.75799731500229
e-singular,5000,5000,137,1.4454220315124096,"c=1,d=5",watanabe,1,2000,4000,0.0,0,0,"[0, 0]",7,145.59875274300066
singular1,5000,5000,137,0.9208242250946967,"c=1,d=5",watanabe,1,2000,4000,0.0,0,0,"[0, 0]",10,430.49385522100056
singular2,5000,5000,137,0.9071873995427405,"c=1,d=5",watanabe,1,2000,4000,0.0,0,0,"[0, 0]",10,432.79436986800283
regular,5000,5000,137,1.4381457317575754,"c=1,d=10",watanabe,1,2000,4000,0.0,0,0,"[0, 0]",5,149.18294535899986
e-singular,5000,5000,137,1.4734004962425071,"c=1,d=10",watanabe,1,2000,4000,0.0,0,0,"[0, 0]",6,174.38233391999893
singular1,5000,5000,137,0.8637397093213331,"c=1,d=10",watanabe,1,2000,4000,0.0,0,0,"[0, 0]",10,376.9976786820007
singular2,5000,5000,137,0.8389200882183785,"c=1,d=10",watanabe,1,2000,4000,0.0,0,0,"[0, 0]",10,582.6672993939974
regular,50,50,138,1.431403756702584,"c=1,d=1",watanabe,1,2000,4000,0.0,0,0,"[0, 0]",5,58.07686934999947
e-singular,50,50,138,0.8932341993276288,"c=1,d=1",watanabe,1,2000,4000,0.0,0,0,"[0, 0]",8,73.52767453699926
singular1,50,50,138,0.9570874736088641,"c=1,d=1",watanabe,1,2000,4000,0.0,0,0,"[0, 0]",9,74.81451216300047
singular2,50,50,138,0.802595130804456,"c=1,d=1",watanabe,1,2000,4000,0.0,0,0,"[0, 0]",7,76.67506297799991
regular,50,50,138,1.3650359575146565,"c=1,d=2",watanabe,1,2000,4000,0.0,0,0,"[0, 0]",5,43.348896890001924
e-singular,50,50,138,0.9713108944946177,"c=1,d=2",watanabe,1,2000,4000,0.0,0,0,"[0, 0]",8,50.05556630299907
singular1,50,50,138,1.1269541108636296,"c=1,d=2",watanabe,1,2000,4000,0.0,0,0,"[0, 0]",8,48.431362178998825
singular2,50,50,138,0.8586717138189016,"c=1,d=2",watanabe,1,2000,4000,0.0,0,0,"[0, 0]",8,47.1823299050011
regular,50,50,138,1.4587579551021002,"c=1,d=5",watanabe,1,2000,4000,0.0,0,0,"[0, 0]",5,42.998522326000966
e-singular,50,50,138,0.9582575500712902,"c=1,d=5",watanabe,1,2000,4000,0.0,0,0,"[0, 0]",10,41.41105687000163
singular1,50,50,138,0.9738997020640034,"c=1,d=5",watanabe,1,2000,4000,0.0,0,0,"[0, 0]",9,40.37542153200047
singular2,50,50,138,0.8224845350504606,"c=1,d=5",watanabe,1,2000,4000,0.0,0,0,"[0, 0]",8,44.15999094200015
regular,50,50,138,1.5028235506542054,"c=1,d=10",watanabe,1,2000,4000,0.0,0,0,"[0, 0]",5,36.232505130999925
e-singular,50,50,138,1.0722190302455508,"c=1,d=10",watanabe,1,2000,4000,0.0,0,0,"[0, 0]",10,48.15699202600081
singular1,50,50,138,1.1047010114046494,"c=1,d=10",watanabe,1,2000,4000,0.0,0,0,"[0, 0]",9,47.22526346700033
singular2,50,50,138,0.84090917367926,"c=1,d=10",watanabe,1,2000,4000,0.0,0,0,"[0, 0]",8,46.0468207949998
regular,250,250,138,1.3614183421890096,"c=1,d=1",watanabe,1,2000,4000,0.0,0,0,"[0, 0]",5,44.106585139001254
e-singular,250,250,138,1.7486023992975017,"c=1,d=1",watanabe,1,2000,4000,0.0,0,0,"[0, 0]",8,35.50639375699757
singular1,250,250,138,1.2747093621544512,"c=1,d=1",watanabe,1,2000,4000,0.0,0,0,"[0, 0]",9,42.98160406600073
singular2,250,250,138,0.7167179255131215,"c=1,d=1",watanabe,1,2000,4000,0.0,0,0,"[0, 0]",9,43.75292420400001
regular,250,250,138,1.5963956514463402,"c=1,d=2",watanabe,1,2000,4000,0.0,0,0,"[0, 0]",5,31.752360155001952
e-singular,250,250,138,1.7241231346711563,"c=1,d=2",watanabe,1,2000,4000,0.0,0,0,"[0, 0]",8,33.34121099600088
singular1,250,250,138,0.9737595708157614,"c=1,d=2",watanabe,1,2000,4000,0.0,0,0,"[0, 0]",10,38.93456130699997
singular2,250,250,138,0.8361474176985563,"c=1,d=2",watanabe,1,2000,4000,0.0,0,0,"[0, 0]",9,42.58605569000065
regular,250,250,138,1.5386367725753067,"c=1,d=5",watanabe,1,2000,4000,0.0,0,0,"[0, 0]",5,30.42938383499859
e-singular,250,250,138,1.672028079032839,"c=1,d=5",watanabe,1,2000,4000,0.0,0,0,"[0, 0]",8,36.440078464998805
singular1,250,250,138,0.9801128080195561,"c=1,d=5",watanabe,1,2000,4000,0.0,0,0,"[0, 0]",10,43.449768917002075
singular2,250,250,138,0.8490666944345978,"c=1,d=5",watanabe,1,2000,4000,0.0,0,0,"[0, 0]",9,43.80326029799835
regular,250,250,138,1.3885593819133621,"c=1,d=10",watanabe,1,2000,4000,0.0,0,0,"[0, 0]",5,37.06920994699976
e-singular,250,250,138,1.4267218502034884,"c=1,d=10",watanabe,1,2000,4000,0.0,0,0,"[0, 0]",8,38.69812879800156
singular1,250,250,138,0.9309534148361474,"c=1,d=10",watanabe,1,2000,4000,0.0,0,0,"[0, 0]",9,40.23943044900079
singular2,250,250,138,0.8832235134222384,"c=1,d=10",watanabe,1,2000,4000,0.0,0,0,"[0, 0]",9,38.09749985600138
regular,5000,5000,138,1.3611590202024144,"c=1,d=1",watanabe,1,2000,4000,0.0,0,0,"[0, 0]",5,96.03214458100047
e-singular,5000,5000,138,1.3347427283944588,"c=1,d=1",watanabe,1,2000,4000,0.0,0,0,"[0, 0]",7,117.90122392600097
singular1,5000,5000,138,0.8441164896600546,"c=1,d=1",watanabe,1,2000,4000,0.0,0,0,"[0, 0]",10,241.7862994649986
singular2,5000,5000,138,0.6592470988816997,"c=1,d=1",watanabe,1,2000,4000,0.0,0,0,"[0, 0]",10,253.54822551799953
regular,5000,5000,138,1.4281841873237275,"c=1,d=2",watanabe,1,2000,4000,0.0,0,0,"[0, 0]",5,88.1212314129989
e-singular,5000,5000,138,1.6866421505616167,"c=1,d=2",watanabe,1,2000,4000,0.0,0,0,"[0, 0]",6,165.1245884609998
singular1,5000,5000,138,0.8779893806070377,"c=1,d=2",watanabe,1,2000,4000,0.0,0,0,"[0, 0]",10,240.31078542800242
singular2,5000,5000,138,0.890638198872905,"c=1,d=2",watanabe,1,2000,4000,0.0,0,0,"[0, 0]",10,317.2517713129964
regular,5000,5000,138,1.5478479947063222,"c=1,d=5",watanabe,1,2000,4000,0.0,0,0,"[0, 0]",5,95.10014735200093
e-singular,5000,5000,138,1.590752090216946,"c=1,d=5",watanabe,1,2000,4000,0.0,0,0,"[0, 0]",6,118.2143874680005
singular1,5000,5000,138,0.8871028735210618,"c=1,d=5",watanabe,1,2000,4000,0.0,0,0,"[0, 0]",10,276.1402082599998
singular2,5000,5000,138,0.8246107032587535,"c=1,d=5",watanabe,1,2000,4000,0.0,0,0,"[0, 0]",10,309.2288788620026
regular,5000,5000,138,1.550811919771539,"c=1,d=10",watanabe,1,2000,4000,0.0,0,0,"[0, 0]",5,94.25793544400221
e-singular,5000,5000,138,1.4782067292360974,"c=1,d=10",watanabe,1,2000,4000,0.0,0,0,"[0, 0]",6,133.24851170699912
singular1,5000,5000,138,0.8766199488823458,"c=1,d=10",watanabe,1,2000,4000,0.0,0,0,"[0, 0]",10,327.0287469819996
singular2,5000,5000,138,0.7840920182506517,"c=1,d=10",watanabe,1,2000,4000,0.0,0,0,"[0, 0]",10,435.53109612499975
regular,50,50,139,1.574572000891306,"c=1,d=1",watanabe,1,2000,4000,0.0,0,0,"[0, 0]",5,26.548722739000368
e-singular,50,50,139,1.5424766797170737,"c=1,d=1",watanabe,1,2000,4000,0.0,0,0,"[0, 0]",8,27.01610616799735
singular1,50,50,139,1.213777926460103,"c=1,d=1",watanabe,1,2000,4000,0.0,0,0,"[0, 0]",9,33.13871347299937
singular2,50,50,139,0.9036457589598332,"c=1,d=1",watanabe,1,2000,4000,0.0,0,0,"[0, 0]",7,30.450160814998526
regular,50,50,139,1.5894891147075754,"c=1,d=2",watanabe,1,2000,4000,0.0,0,0,"[0, 0]",5,27.838439946001017
e-singular,50,50,139,1.4807061617504524,"c=1,d=2",watanabe,1,2000,4000,0.0,0,0,"[0, 0]",8,37.599127100998885
singular1,50,50,139,1.116042035539216,"c=1,d=2",watanabe,1,2000,4000,0.0,0,0,"[0, 0]",9,29.672404591998202
singular2,50,50,139,0.8986833067368901,"c=1,d=2",watanabe,1,2000,4000,0.0,0,0,"[0, 0]",8,32.45678188600141
regular,50,50,139,1.4049471869645205,"c=1,d=5",watanabe,1,2000,4000,0.0,0,0,"[0, 0]",5,30.28614946900052
e-singular,50,50,139,1.661896643964895,"c=1,d=5",watanabe,1,2000,4000,0.0,0,0,"[0, 0]",8,27.302093305999733
singular1,50,50,139,1.0957362092566056,"c=1,d=5",watanabe,1,2000,4000,0.0,0,0,"[0, 0]",9,28.967375088999688
singular2,50,50,139,0.9725056268043917,"c=1,d=5",watanabe,1,2000,4000,0.0,0,0,"[0, 0]",9,27.989805256998807
regular,50,50,139,1.5285635797041375,"c=1,d=10",watanabe,1,2000,4000,0.0,0,0,"[0, 0]",5,33.25582368000323
e-singular,50,50,139,1.563784471569562,"c=1,d=10",watanabe,1,2000,4000,0.0,0,0,"[0, 0]",8,35.580269931997464
singular1,50,50,139,1.0698907171309033,"c=1,d=10",watanabe,1,2000,4000,0.0,0,0,"[0, 0]",9,35.48748161599724
singular2,50,50,139,0.8334062677059098,"c=1,d=10",watanabe,1,2000,4000,0.0,0,0,"[0, 0]",9,34.77442687000075
regular,250,250,139,1.3747984026059399,"c=1,d=1",watanabe,1,2000,4000,0.0,0,0,"[0, 0]",5,33.651823025997146
e-singular,250,250,139,1.409116808318869,"c=1,d=1",watanabe,1,2000,4000,0.0,0,0,"[0, 0]",7,38.00569176600038
singular1,250,250,139,1.263514867421726,"c=1,d=1",watanabe,1,2000,4000,0.0,0,0,"[0, 0]",10,45.18041307900057
singular2,250,250,139,0.8830494500592889,"c=1,d=1",watanabe,1,2000,4000,0.0,0,0,"[0, 0]",8,34.52561361900007
regular,250,250,139,1.4573098463211374,"c=1,d=2",watanabe,1,2000,4000,0.0,0,0,"[0, 0]",5,32.50640533999831
e-singular,250,250,139,1.6514741724561108,"c=1,d=2",watanabe,1,2000,4000,0.0,0,0,"[0, 0]",8,31.161659272998804
singular1,250,250,139,0.9144766937088857,"c=1,d=2",watanabe,1,2000,4000,0.0,0,0,"[0, 0]",10,38.66191461100243
singular2,250,250,139,0.9237045855780235,"c=1,d=2",watanabe,1,2000,4000,0.0,0,0,"[0, 0]",9,35.95148149599845
regular,250,250,139,1.5328860421107187,"c=1,d=5",watanabe,1,2000,4000,0.0,0,0,"[0, 0]",5,31.423459596997418
e-singular,250,250,139,1.453120880701078,"c=1,d=5",watanabe,1,2000,4000,0.0,0,0,"[0, 0]",7,33.83070590599891
singular1,250,250,139,1.0752031928258872,"c=1,d=5",watanabe,1,2000,4000,0.0,0,0,"[0, 0]",10,41.32327737400192
singular2,250,250,139,0.9587376600875476,"c=1,d=5",watanabe,1,2000,4000,0.0,0,0,"[0, 0]",9,35.00029202500082
regular,250,250,139,1.4785382121316848,"c=1,d=10",watanabe,1,2000,4000,0.0,0,0,"[0, 0]",5,29.38696444800007
e-singular,250,250,139,1.6266662222560084,"c=1,d=10",watanabe,1,2000,4000,0.0,0,0,"[0, 0]",7,35.389360025001224
singular1,250,250,139,1.1330566948589385,"c=1,d=10",watanabe,1,2000,4000,0.0,0,0,"[0, 0]",10,47.49625000599917
singular2,250,250,139,0.8336784197919057,"c=1,d=10",watanabe,1,2000,4000,0.0,0,0,"[0, 0]",9,40.90505230100098
regular,5000,5000,139,1.5500142756475028,"c=1,d=1",watanabe,1,2000,4000,0.0,0,0,"[0, 0]",5,103.68833902299957
e-singular,5000,5000,139,1.6940257979951747,"c=1,d=1",watanabe,1,2000,4000,0.0,0,0,"[0, 0]",7,209.7419822050033
singular1,5000,5000,139,0.801563603938388,"c=1,d=1",watanabe,1,2000,4000,0.0,0,0,"[0, 0]",10,429.4021974520001
singular2,5000,5000,139,0.8144013565964865,"c=1,d=1",watanabe,1,2000,4000,0.0,0,0,"[0, 0]",10,396.66328832
regular,5000,5000,139,1.7162953503874263,"c=1,d=2",watanabe,1,2000,4000,0.0,0,0,"[0, 0]",5,144.39885993200005
e-singular,5000,5000,139,1.6371438820707056,"c=1,d=2",watanabe,1,2000,4000,0.0,0,0,"[0, 0]",6,200.07575147700118
singular1,5000,5000,139,0.7889517473236021,"c=1,d=2",watanabe,1,2000,4000,0.0,0,0,"[0, 0]",10,422.88162399000066
singular2,5000,5000,139,0.7463234485315884,"c=1,d=2",watanabe,1,2000,4000,0.0,0,0,"[0, 0]",10,259.81964051400064
regular,5000,5000,139,1.4513305240829197,"c=1,d=5",watanabe,1,2000,4000,0.0,0,0,"[0, 0]",5,102.55661173000044
e-singular,5000,5000,139,1.4844712620065155,"c=1,d=5",watanabe,1,2000,4000,0.0,0,0,"[0, 0]",6,148.69354350199865
singular1,5000,5000,139,0.7499446350099657,"c=1,d=5",watanabe,1,2000,4000,0.0,0,0,"[0, 0]",10,360.36450375500135
singular2,5000,5000,139,0.7917676387584386,"c=1,d=5",watanabe,1,2000,4000,0.0,0,0,"[0, 0]",10,320.0213301409967
regular,5000,5000,139,1.4404681965791866,"c=1,d=10",watanabe,1,2000,4000,0.0,0,0,"[0, 0]",5,99.44932700100253
e-singular,5000,5000,139,1.4829871053868757,"c=1,d=10",watanabe,1,2000,4000,0.0,0,0,"[0, 0]",6,129.12367134099986
singular1,5000,5000,139,0.7512073618491429,"c=1,d=10",watanabe,1,2000,4000,0.0,0,0,"[0, 0]",10,446.8181148210024
singular2,5000,5000,139,0.869151344769498,"c=1,d=10",watanabe,1,2000,4000,0.0,0,0,"[0, 0]",10,448.8579796899976
regular,50,50,140,1.3561724762818876,"c=1,d=1",watanabe,1,2000,4000,0.0,0,0,"[0, 0]",5,26.333524065001257
e-singular,50,50,140,1.3330935059784665,"c=1,d=1",watanabe,1,2000,4000,0.0,0,0,"[0, 0]",8,27.031716195000627
singular1,50,50,140,1.3031418590588546,"c=1,d=1",watanabe,1,2000,4000,0.0,0,0,"[0, 0]",9,32.91916697999841
singular2,50,50,140,0.9281768835546279,"c=1,d=1",watanabe,1,2000,4000,0.0,0,0,"[0, 0]",9,31.103508834999957
regular,50,50,140,1.395004027653452,"c=1,d=2",watanabe,1,2000,4000,0.0,0,0,"[0, 0]",5,44.27762518200325
e-singular,50,50,140,1.4249053916179,"c=1,d=2",watanabe,1,2000,4000,0.0,0,0,"[0, 0]",8,48.46118175000083
singular1,50,50,140,1.2170873366594757,"c=1,d=2",watanabe,1,2000,4000,0.0,0,0,"[0, 0]",9,47.31315768700006
singular2,50,50,140,1.0622588593541977,"c=1,d=2",watanabe,1,2000,4000,0.0,0,0,"[0, 0]",8,45.480184649000876
regular,50,50,140,1.5164975151672033,"c=1,d=5",watanabe,1,2000,4000,0.0,0,0,"[0, 0]",5,30.689866287997575
e-singular,50,50,140,1.5613141006595626,"c=1,d=5",watanabe,1,2000,4000,0.0,0,0,"[0, 0]",8,27.499193461000687
singular1,50,50,140,1.2284732146932809,"c=1,d=5",watanabe,1,2000,4000,0.0,0,0,"[0, 0]",9,32.72193259699998
singular2,50,50,140,0.9719139368278717,"c=1,d=5",watanabe,1,2000,4000,0.0,0,0,"[0, 0]",8,29.028309025001363
regular,50,50,140,1.4087704197420403,"c=1,d=10",watanabe,1,2000,4000,0.0,0,0,"[0, 0]",5,31.226232955999876
e-singular,50,50,140,1.5130684795336027,"c=1,d=10",watanabe,1,2000,4000,0.0,0,0,"[0, 0]",8,32.05243691199939
singular1,50,50,140,1.1641382092670585,"c=1,d=10",watanabe,1,2000,4000,0.0,0,0,"[0, 0]",9,45.0019121990008
singular2,50,50,140,0.9265526806886418,"c=1,d=10",watanabe,1,2000,4000,0.0,0,0,"[0, 0]",8,41.6782047859997
regular,250,250,140,1.6056179045522452,"c=1,d=1",watanabe,1,2000,4000,0.0,0,0,"[0, 0]",5,49.827910953001265
e-singular,250,250,140,1.419181186077434,"c=1,d=1",watanabe,1,2000,4000,0.0,0,0,"[0, 0]",8,46.33907756500048
singular1,250,250,140,1.1120031520502964,"c=1,d=1",watanabe,1,2000,4000,0.0,0,0,"[0, 0]",9,44.577222341999004
singular2,250,250,140,0.945097822524898,"c=1,d=1",watanabe,1,2000,4000,0.0,0,0,"[0, 0]",9,42.32677635100117
regular,250,250,140,1.4019386745241247,"c=1,d=2",watanabe,1,2000,4000,0.0,0,0,"[0, 0]",5,33.16309915200327
e-singular,250,250,140,1.6397490193079072,"c=1,d=2",watanabe,1,2000,4000,0.0,0,0,"[0, 0]",8,40.613854628998524
singular1,250,250,140,1.0822185286251105,"c=1,d=2",watanabe,1,2000,4000,0.0,0,0,"[0, 0]",9,41.56726014300148
singular2,250,250,140,0.969019957882167,"c=1,d=2",watanabe,1,2000,4000,0.0,0,0,"[0, 0]",9,41.18298497100113
regular,250,250,140,1.4652108673090278,"c=1,d=5",watanabe,1,2000,4000,0.0,0,0,"[0, 0]",5,31.016934149000008
e-singular,250,250,140,1.5558667691316634,"c=1,d=5",watanabe,1,2000,4000,0.0,0,0,"[0, 0]",8,31.63198539899895
singular1,250,250,140,1.0345104481890728,"c=1,d=5",watanabe,1,2000,4000,0.0,0,0,"[0, 0]",10,41.594610148000356
singular2,250,250,140,0.8778188776889725,"c=1,d=5",watanabe,1,2000,4000,0.0,0,0,"[0, 0]",9,45.5896328969975
regular,250,250,140,1.4791932463375494,"c=1,d=10",watanabe,1,2000,4000,0.0,0,0,"[0, 0]",5,34.77234286300154
e-singular,250,250,140,1.4412490409908463,"c=1,d=10",watanabe,1,2000,4000,0.0,0,0,"[0, 0]",7,33.51740212000004
singular1,250,250,140,0.9936805116041376,"c=1,d=10",watanabe,1,2000,4000,0.0,0,0,"[0, 0]",9,39.2504028580006
singular2,250,250,140,0.8965590797132077,"c=1,d=10",watanabe,1,2000,4000,0.0,0,0,"[0, 0]",10,41.73853281099946
regular,5000,5000,140,1.4269528816408554,"c=1,d=1",watanabe,1,2000,4000,0.0,0,0,"[0, 0]",5,96.29471174699938
e-singular,5000,5000,140,1.4875506661747666,"c=1,d=1",watanabe,1,2000,4000,0.0,0,0,"[0, 0]",7,166.78868880299706
singular1,5000,5000,140,0.7271308556816674,"c=1,d=1",watanabe,1,2000,4000,0.0,0,0,"[0, 0]",10,292.66076010000324
singular2,5000,5000,140,0.6379236118282056,"c=1,d=1",watanabe,1,2000,4000,0.0,0,0,"[0, 0]",10,312.900191662
regular,5000,5000,140,1.3795085002448568,"c=1,d=2",watanabe,1,2000,4000,0.0,0,0,"[0, 0]",5,97.06203377899874
e-singular,5000,5000,140,1.5322063859749393,"c=1,d=2",watanabe,1,2000,4000,0.0,0,0,"[0, 0]",7,202.5013833789999
singular1,5000,5000,140,0.6872642282144764,"c=1,d=2",watanabe,1,2000,4000,0.0,0,0,"[0, 0]",10,351.38024986000164
singular2,5000,5000,140,0.760835199211924,"c=1,d=2",watanabe,1,2000,4000,0.0,0,0,"[0, 0]",10,438.6217106440017
regular,5000,5000,140,1.513912505630127,"c=1,d=5",watanabe,1,2000,4000,0.0,0,0,"[0, 0]",6,166.32862425699932
e-singular,5000,5000,140,1.5126254508877774,"c=1,d=5",watanabe,1,2000,4000,0.0,0,0,"[0, 0]",6,154.5460667269981
singular1,5000,5000,140,0.8232786061645284,"c=1,d=5",watanabe,1,2000,4000,0.0,0,0,"[0, 0]",10,298.1452979610003
singular2,5000,5000,140,0.9061542790792665,"c=1,d=5",watanabe,1,2000,4000,0.0,0,0,"[0, 0]",10,452.841692830003
regular,5000,5000,140,1.4931220353549788,"c=1,d=10",watanabe,1,2000,4000,0.0,0,0,"[0, 0]",5,144.35048859800008
e-singular,5000,5000,140,1.5365001199480388,"c=1,d=10",watanabe,1,2000,4000,0.0,0,0,"[0, 0]",6,125.79600031200243
singular1,5000,5000,140,0.8134223340958852,"c=1,d=10",watanabe,1,2000,4000,0.0,0,0,"[0, 0]",10,341.88118891400154
singular2,5000,5000,140,0.8638106177987,"c=1,d=10",watanabe,1,2000,4000,0.0,0,0,"[0, 0]",10,474.97927536600037
regular,50,50,141,1.279064167294111,"c=1,d=1",watanabe,1,2000,4000,0.0,0,0,"[0, 0]",5,49.94322523200026
e-singular,50,50,141,0.9955932563982017,"c=1,d=1",watanabe,1,2000,4000,0.0,0,0,"[0, 0]",8,49.686409649999405
singular1,50,50,141,1.2048223099879838,"c=1,d=1",watanabe,1,2000,4000,0.0,0,0,"[0, 0]",9,47.862226408000424
singular2,50,50,141,0.8798432539026536,"c=1,d=1",watanabe,1,2000,4000,0.0,0,0,"[0, 0]",8,55.20810853399962
regular,50,50,141,1.5413732566683631,"c=1,d=2",watanabe,1,2000,4000,0.0,0,0,"[0, 0]",6,39.579824287997326
e-singular,50,50,141,1.022976547530892,"c=1,d=2",watanabe,1,2000,4000,0.0,0,0,"[0, 0]",8,43.2685077640017
singular1,50,50,141,1.2426659139369933,"c=1,d=2",watanabe,1,2000,4000,0.0,0,0,"[0, 0]",9,50.306001779001235
singular2,50,50,141,0.9609092652189389,"c=1,d=2",watanabe,1,2000,4000,0.0,0,0,"[0, 0]",8,44.96326934700119
regular,50,50,141,1.3917443389186244,"c=1,d=5",watanabe,1,2000,4000,0.0,0,0,"[0, 0]",5,41.81082923900249
e-singular,50,50,141,0.979842453705471,"c=1,d=5",watanabe,1,2000,4000,0.0,0,0,"[0, 0]",8,37.87399095500223
singular1,50,50,141,1.1063887584390126,"c=1,d=5",watanabe,1,2000,4000,0.0,0,0,"[0, 0]",10,43.26401526900008
singular2,50,50,141,0.8778982723071407,"c=1,d=5",watanabe,1,2000,4000,0.0,0,0,"[0, 0]",8,45.33984576999865
regular,50,50,141,1.426982460023901,"c=1,d=10",watanabe,1,2000,4000,0.0,0,0,"[0, 0]",5,38.690560634000576
e-singular,50,50,141,1.0493235029416417,"c=1,d=10",watanabe,1,2000,4000,0.0,0,0,"[0, 0]",9,38.034872299998824
singular1,50,50,141,1.1994672962182795,"c=1,d=10",watanabe,1,2000,4000,0.0,0,0,"[0, 0]",10,39.54968692299735
singular2,50,50,141,0.9582814334908629,"c=1,d=10",watanabe,1,2000,4000,0.0,0,0,"[0, 0]",9,40.07970339500025
regular,250,250,141,1.3903382525071175,"c=1,d=1",watanabe,1,2000,4000,0.0,0,0,"[0, 0]",5,43.73321812400172
e-singular,250,250,141,1.3526598172172148,"c=1,d=1",watanabe,1,2000,4000,0.0,0,0,"[0, 0]",9,48.5063601619986
singular1,250,250,141,1.0466851977603076,"c=1,d=1",watanabe,1,2000,4000,0.0,0,0,"[0, 0]",10,42.09693690699714
singular2,250,250,141,1.0904652554604117,"c=1,d=1",watanabe,1,2000,4000,0.0,0,0,"[0, 0]",9,39.83383441499973
regular,250,250,141,1.476686425014187,"c=1,d=2",watanabe,1,2000,4000,0.0,0,0,"[0, 0]",5,33.86574644600114
e-singular,250,250,141,1.4558704859138203,"c=1,d=2",watanabe,1,2000,4000,0.0,0,0,"[0, 0]",8,45.597095818000525
singular1,250,250,141,0.8950735960266246,"c=1,d=2",watanabe,1,2000,4000,0.0,0,0,"[0, 0]",10,40.655165669999406
singular2,250,250,141,1.0594650641173369,"c=1,d=2",watanabe,1,2000,4000,0.0,0,0,"[0, 0]",9,35.20203732899972
regular,250,250,141,1.5447172477984363,"c=1,d=5",watanabe,1,2000,4000,0.0,0,0,"[0, 0]",5,36.52758617099971
e-singular,250,250,141,1.521114793432145,"c=1,d=5",watanabe,1,2000,4000,0.0,0,0,"[0, 0]",8,34.441332154998236
singular1,250,250,141,0.962848110339506,"c=1,d=5",watanabe,1,2000,4000,0.0,0,0,"[0, 0]",9,40.48977648800064
singular2,250,250,141,0.9409241097433784,"c=1,d=5",watanabe,1,2000,4000,0.0,0,0,"[0, 0]",9,37.365466539999034
regular,250,250,141,1.4294723645777814,"c=1,d=10",watanabe,1,2000,4000,0.0,0,0,"[0, 0]",5,28.575908724000328
e-singular,250,250,141,1.501455898387473,"c=1,d=10",watanabe,1,2000,4000,0.0,0,0,"[0, 0]",8,40.28731070499998
singular1,250,250,141,0.9717051284101607,"c=1,d=10",watanabe,1,2000,4000,0.0,0,0,"[0, 0]",10,44.637949707997905
singular2,250,250,141,0.9506436065184165,"c=1,d=10",watanabe,1,2000,4000,0.0,0,0,"[0, 0]",9,36.88588591699954
regular,5000,5000,141,1.664827363035854,"c=1,d=1",watanabe,1,2000,4000,0.0,0,0,"[0, 0]",5,105.28311471500274
e-singular,5000,5000,141,1.4428514869720692,"c=1,d=1",watanabe,1,2000,4000,0.0,0,0,"[0, 0]",6,135.22010061199762
singular1,5000,5000,141,0.8385029775705413,"c=1,d=1",watanabe,1,2000,4000,0.0,0,0,"[0, 0]",10,295.3656010070008
singular2,5000,5000,141,1.01917762624712,"c=1,d=1",watanabe,1,2000,4000,0.0,0,0,"[0, 0]",10,245.3130075750014
regular,5000,5000,141,1.4714129381298027,"c=1,d=2",watanabe,1,2000,4000,0.0,0,0,"[0, 0]",5,98.75763604500025
e-singular,5000,5000,141,1.5261228346729114,"c=1,d=2",watanabe,1,2000,4000,0.0,0,0,"[0, 0]",7,131.856131165001
singular1,5000,5000,141,0.8150926737366805,"c=1,d=2",watanabe,1,2000,4000,0.0,0,0,"[0, 0]",10,292.56440340599875
singular2,5000,5000,141,0.7687450628549563,"c=1,d=2",watanabe,1,2000,4000,0.0,0,0,"[0, 0]",10,356.50036679799814
regular,5000,5000,141,1.5214636189579993,"c=1,d=5",watanabe,1,2000,4000,0.0,0,0,"[0, 0]",6,125.68820725899786
e-singular,5000,5000,141,1.5255815793370926,"c=1,d=5",watanabe,1,2000,4000,0.0,0,0,"[0, 0]",7,189.54552049300037
singular1,5000,5000,141,0.7960906499578425,"c=1,d=5",watanabe,1,2000,4000,0.0,0,0,"[0, 0]",10,366.34992895899995
singular2,5000,5000,141,0.8563829005380356,"c=1,d=5",watanabe,1,2000,4000,0.0,0,0,"[0, 0]",10,361.2338484190004
regular,5000,5000,141,1.4841379312594607,"c=1,d=10",watanabe,1,2000,4000,0.0,0,0,"[0, 0]",5,156.27990350700202
e-singular,5000,5000,141,1.4861684869548193,"c=1,d=10",watanabe,1,2000,4000,0.0,0,0,"[0, 0]",7,164.3874626910001
singular1,5000,5000,141,0.7912924934174383,"c=1,d=10",watanabe,1,2000,4000,0.0,0,0,"[0, 0]",10,285.228505203002
singular2,5000,5000,141,0.8895174094268976,"c=1,d=10",watanabe,1,2000,4000,0.0,0,0,"[0, 0]",10,262.8711301869989
regular,50,50,142,1.205775901783662,"c=1,d=1",watanabe,1,2000,4000,0.0,0,0,"[0, 0]",5,32.21364598200307
e-singular,50,50,142,1.4083234169961754,"c=1,d=1",watanabe,1,2000,4000,0.0,0,0,"[0, 0]",7,33.35258944499947
singular1,50,50,142,0.9960738232441494,"c=1,d=1",watanabe,1,2000,4000,0.0,0,0,"[0, 0]",9,34.78218999800083
singular2,50,50,142,0.7606711424009758,"c=1,d=1",watanabe,1,2000,4000,0.0,0,0,"[0, 0]",8,35.24050653099766
regular,50,50,142,1.4291908157303441,"c=1,d=2",watanabe,1,2000,4000,0.0,0,0,"[0, 0]",5,26.17973929800064
e-singular,50,50,142,1.560706149285195,"c=1,d=2",watanabe,1,2000,4000,0.0,0,0,"[0, 0]",8,26.803511687998252
singular1,50,50,142,1.0777320222429376,"c=1,d=2",watanabe,1,2000,4000,0.0,0,0,"[0, 0]",9,28.761172840000654
singular2,50,50,142,0.9476550873733768,"c=1,d=2",watanabe,1,2000,4000,0.0,0,0,"[0, 0]",8,28.259205725997163
regular,50,50,142,1.4718457377061713,"c=1,d=5",watanabe,1,2000,4000,0.0,0,0,"[0, 0]",6,45.04415672400137
e-singular,50,50,142,1.4623414469631135,"c=1,d=5",watanabe,1,2000,4000,0.0,0,0,"[0, 0]",8,44.057736439997825
singular1,50,50,142,0.9885084080246774,"c=1,d=5",watanabe,1,2000,4000,0.0,0,0,"[0, 0]",9,46.91778972500106
singular2,50,50,142,0.8398023581686666,"c=1,d=5",watanabe,1,2000,4000,0.0,0,0,"[0, 0]",9,46.71746615200027
regular,50,50,142,1.4579048397866152,"c=1,d=10",watanabe,1,2000,4000,0.0,0,0,"[0, 0]",5,64.7202678959984
e-singular,50,50,142,1.5675536990900392,"c=1,d=10",watanabe,1,2000,4000,0.0,0,0,"[0, 0]",8,66.54730557700168
singular1,50,50,142,1.028486039290724,"c=1,d=10",watanabe,1,2000,4000,0.0,0,0,"[0, 0]",10,70.50050315299814
singular2,50,50,142,0.8578507226611809,"c=1,d=10",watanabe,1,2000,4000,0.0,0,0,"[0, 0]",9,83.6586512899994
regular,250,250,142,1.598856373868407,"c=1,d=1",watanabe,1,2000,4000,0.0,0,0,"[0, 0]",5,86.49997420699947
e-singular,250,250,142,2.043155609301034,"c=1,d=1",watanabe,1,2000,4000,0.0,0,0,"[0, 0]",9,95.06551661499907
singular1,250,250,142,1.2996090165017087,"c=1,d=1",watanabe,1,2000,4000,0.0,0,0,"[0, 0]",10,89.68969038199793
singular2,250,250,142,0.9617432059279205,"c=1,d=1",watanabe,1,2000,4000,0.0,0,0,"[0, 0]",8,76.16264616199987
regular,250,250,142,1.4649959787131408,"c=1,d=2",watanabe,1,2000,4000,0.0,0,0,"[0, 0]",6,59.37149466600022
e-singular,250,250,142,1.7641897468508752,"c=1,d=2",watanabe,1,2000,4000,0.0,0,0,"[0, 0]",8,76.0248658030032
singular1,250,250,142,1.0358184155803887,"c=1,d=2",watanabe,1,2000,4000,0.0,0,0,"[0, 0]",10,78.81046781899931
singular2,250,250,142,0.9058390281644967,"c=1,d=2",watanabe,1,2000,4000,0.0,0,0,"[0, 0]",8,71.11019412899986
regular,250,250,142,1.456824240667472,"c=1,d=5",watanabe,1,2000,4000,0.0,0,0,"[0, 0]",5,50.825206229001196
e-singular,250,250,142,1.6332048705289468,"c=1,d=5",watanabe,1,2000,4000,0.0,0,0,"[0, 0]",8,49.57903770899793
singular1,250,250,142,1.003583358526362,"c=1,d=5",watanabe,1,2000,4000,0.0,0,0,"[0, 0]",10,58.04625024699999
singular2,250,250,142,0.9243650231725355,"c=1,d=5",watanabe,1,2000,4000,0.0,0,0,"[0, 0]",9,56.846454799997446
regular,250,250,142,1.4660959360165693,"c=1,d=10",watanabe,1,2000,4000,0.0,0,0,"[0, 0]",5,42.69088655200176
e-singular,250,250,142,1.6654580504526728,"c=1,d=10",watanabe,1,2000,4000,0.0,0,0,"[0, 0]",8,42.17216309400101
singular1,250,250,142,1.042470712304542,"c=1,d=10",watanabe,1,2000,4000,0.0,0,0,"[0, 0]",10,45.66744735300017
singular2,250,250,142,0.9413704133319267,"c=1,d=10",watanabe,1,2000,4000,0.0,0,0,"[0, 0]",10,48.0634911920024
regular,5000,5000,142,1.4959909459423388,"c=1,d=1",watanabe,1,2000,4000,0.0,0,0,"[0, 0]",5,99.79719226399902
e-singular,5000,5000,142,1.5745939386055707,"c=1,d=1",watanabe,1,2000,4000,0.0,0,0,"[0, 0]",6,139.88750619599887
singular1,5000,5000,142,0.8645632173739421,"c=1,d=1",watanabe,1,2000,4000,0.0,0,0,"[0, 0]",10,313.4474660679989
singular2,5000,5000,142,0.7288257332735039,"c=1,d=1",watanabe,1,2000,4000,0.0,0,0,"[0, 0]",10,253.96361789599905
regular,5000,5000,142,1.5433409711387966,"c=1,d=2",watanabe,1,2000,4000,0.0,0,0,"[0, 0]",5,96.26515315000142
e-singular,5000,5000,142,1.4907339723562794,"c=1,d=2",watanabe,1,2000,4000,0.0,0,0,"[0, 0]",7,133.0114300660025
singular1,5000,5000,142,0.7698591673250614,"c=1,d=2",watanabe,1,2000,4000,0.0,0,0,"[0, 0]",10,261.6926443750017
singular2,5000,5000,142,0.7875598652063026,"c=1,d=2",watanabe,1,2000,4000,0.0,0,0,"[0, 0]",10,268.2939301810002
regular,5000,5000,142,1.438465963711287,"c=1,d=5",watanabe,1,2000,4000,0.0,0,0,"[0, 0]",5,104.19834967399947
e-singular,5000,5000,142,1.6009000590207827,"c=1,d=5",watanabe,1,2000,4000,0.0,0,0,"[0, 0]",6,165.1766788950008
singular1,5000,5000,142,0.8563879466072114,"c=1,d=5",watanabe,1,2000,4000,0.0,0,0,"[0, 0]",10,258.8444150949981
singular2,5000,5000,142,0.8156119754941081,"c=1,d=5",watanabe,1,2000,4000,0.0,0,0,"[0, 0]",10,354.0993748029978
regular,5000,5000,142,1.427585038751953,"c=1,d=10",watanabe,1,2000,4000,0.0,0,0,"[0, 0]",5,86.8895401310001
e-singular,5000,5000,142,1.5075762400772865,"c=1,d=10",watanabe,1,2000,4000,0.0,0,0,"[0, 0]",7,132.92343790500308
singular1,5000,5000,142,0.8210509555278022,"c=1,d=10",watanabe,1,2000,4000,0.0,0,0,"[0, 0]",10,383.9333373679983
singular2,5000,5000,142,0.7976516007520048,"c=1,d=10",watanabe,1,2000,4000,0.0,0,0,"[0, 0]",10,428.1588743070024
regular,50,50,143,1.243351176043228,"c=1,d=1",watanabe,1,2000,4000,0.0,0,0,"[0, 0]",5,26.491098108999722
e-singular,50,50,143,0.9957678695882434,"c=1,d=1",watanabe,1,2000,4000,0.0,0,0,"[0, 0]",8,29.885627503997966
singular1,50,50,143,1.0903777759437412,"c=1,d=1",watanabe,1,2000,4000,0.0,0,0,"[0, 0]",8,32.35020634099783
singular2,50,50,143,0.8659130239628354,"c=1,d=1",watanabe,1,2000,4000,0.0,0,0,"[0, 0]",8,30.872829705000186
regular,50,50,143,1.4771646357723636,"c=1,d=2",watanabe,1,2000,4000,0.0,0,0,"[0, 0]",5,53.72755024000071
e-singular,50,50,143,0.9792780863332968,"c=1,d=2",watanabe,1,2000,4000,0.0,0,0,"[0, 0]",8,54.589287860002514
singular1,50,50,143,1.0459224844365436,"c=1,d=2",watanabe,1,2000,4000,0.0,0,0,"[0, 0]",8,51.97613235600147
singular2,50,50,143,1.0051022056299173,"c=1,d=2",watanabe,1,2000,4000,0.0,0,0,"[0, 0]",8,51.08014459900005
regular,50,50,143,1.3874743351275323,"c=1,d=5",watanabe,1,2000,4000,0.0,0,0,"[0, 0]",5,28.78022917600174
e-singular,50,50,143,1.0910612433145863,"c=1,d=5",watanabe,1,2000,4000,0.0,0,0,"[0, 0]",9,31.121169756999734
singular1,50,50,143,0.9864609401742866,"c=1,d=5",watanabe,1,2000,4000,0.0,0,0,"[0, 0]",9,31.367395746998227
singular2,50,50,143,0.9769386927693436,"c=1,d=5",watanabe,1,2000,4000,0.0,0,0,"[0, 0]",8,30.770799744001124
regular,50,50,143,1.4132949196516733,"c=1,d=10",watanabe,1,2000,4000,0.0,0,0,"[0, 0]",5,34.72111267699802
e-singular,50,50,143,1.1207353783659277,"c=1,d=10",watanabe,1,2000,4000,0.0,0,0,"[0, 0]",8,39.26718399600213
singular1,50,50,143,1.1060397935812967,"c=1,d=10",watanabe,1,2000,4000,0.0,0,0,"[0, 0]",9,38.126237836000655
singular2,50,50,143,0.8995910789744382,"c=1,d=10",watanabe,1,2000,4000,0.0,0,0,"[0, 0]",9,37.688578626999515
regular,250,250,143,1.507837995893997,"c=1,d=1",watanabe,1,2000,4000,0.0,0,0,"[0, 0]",5,38.948857921001036
e-singular,250,250,143,1.188520021886014,"c=1,d=1",watanabe,1,2000,4000,0.0,0,0,"[0, 0]",9,44.77000366200082
singular1,250,250,143,1.0669037731159792,"c=1,d=1",watanabe,1,2000,4000,0.0,0,0,"[0, 0]",9,44.045561684997665
singular2,250,250,143,1.0874525701472313,"c=1,d=1",watanabe,1,2000,4000,0.0,0,0,"[0, 0]",8,44.21243287600009
regular,250,250,143,1.5508770276460335,"c=1,d=2",watanabe,1,2000,4000,0.0,0,0,"[0, 0]",5,30.776748075000796
e-singular,250,250,143,1.1942898321323399,"c=1,d=2",watanabe,1,2000,4000,0.0,0,0,"[0, 0]",9,36.78358231099992
singular1,250,250,143,1.0654232486993653,"c=1,d=2",watanabe,1,2000,4000,0.0,0,0,"[0, 0]",9,43.56168231000265
singular2,250,250,143,0.8103365084932577,"c=1,d=2",watanabe,1,2000,4000,0.0,0,0,"[0, 0]",9,39.43077881199861
regular,250,250,143,1.4650770713276218,"c=1,d=5",watanabe,1,2000,4000,0.0,0,0,"[0, 0]",5,36.36469557500095
e-singular,250,250,143,1.2958974111967443,"c=1,d=5",watanabe,1,2000,4000,0.0,0,0,"[0, 0]",9,65.9435556440003
singular1,250,250,143,0.8756943178939872,"c=1,d=5",watanabe,1,2000,4000,0.0,0,0,"[0, 0]",9,67.83765505399788
singular2,250,250,143,0.8684779929008829,"c=1,d=5",watanabe,1,2000,4000,0.0,0,0,"[0, 0]",8,49.51344479099862
regular,250,250,143,1.5208205040591227,"c=1,d=10",watanabe,1,2000,4000,0.0,0,0,"[0, 0]",5,67.50596695100103
e-singular,250,250,143,1.3129855125664358,"c=1,d=10",watanabe,1,2000,4000,0.0,0,0,"[0, 0]",9,92.55732796400116
singular1,250,250,143,0.7770876754870295,"c=1,d=10",watanabe,1,2000,4000,0.0,0,0,"[0, 0]",9,93.85200844599967
singular2,250,250,143,0.9240666346095666,"c=1,d=10",watanabe,1,2000,4000,0.0,0,0,"[0, 0]",9,92.7442036570028
regular,5000,5000,143,1.5836619146888278,"c=1,d=1",watanabe,1,2000,4000,0.0,0,0,"[0, 0]",5,183.50771188400176
e-singular,5000,5000,143,1.624984764975974,"c=1,d=1",watanabe,1,2000,4000,0.0,0,0,"[0, 0]",7,171.54803230400285
singular1,5000,5000,143,0.8456220089009049,"c=1,d=1",watanabe,1,2000,4000,0.0,0,0,"[0, 0]",10,359.58206488499854
singular2,5000,5000,143,0.6493165228123939,"c=1,d=1",watanabe,1,2000,4000,0.0,0,0,"[0, 0]",10,340.5824639579987
regular,5000,5000,143,1.6054423002999088,"c=1,d=2",watanabe,1,2000,4000,0.0,0,0,"[0, 0]",5,146.74884054200083
e-singular,5000,5000,143,1.5634332510170894,"c=1,d=2",watanabe,1,2000,4000,0.0,0,0,"[0, 0]",7,158.14534667399857
singular1,5000,5000,143,0.7252245359862777,"c=1,d=2",watanabe,1,2000,4000,0.0,0,0,"[0, 0]",10,281.2674779549998
singular2,5000,5000,143,0.6790118719777652,"c=1,d=2",watanabe,1,2000,4000,0.0,0,0,"[0, 0]",10,285.16358615100035
regular,5000,5000,143,1.462395777525047,"c=1,d=5",watanabe,1,2000,4000,0.0,0,0,"[0, 0]",5,92.81110673399962
e-singular,5000,5000,143,1.5124568883097327,"c=1,d=5",watanabe,1,2000,4000,0.0,0,0,"[0, 0]",7,137.47696775299846
singular1,5000,5000,143,0.889618068327654,"c=1,d=5",watanabe,1,2000,4000,0.0,0,0,"[0, 0]",10,283.300582418
singular2,5000,5000,143,0.8378440607144361,"c=1,d=5",watanabe,1,2000,4000,0.0,0,0,"[0, 0]",10,300.64436430800197
regular,5000,5000,143,1.4949679406671572,"c=1,d=10",watanabe,1,2000,4000,0.0,0,0,"[0, 0]",5,88.72590598399984
e-singular,5000,5000,143,1.5098502530423432,"c=1,d=10",watanabe,1,2000,4000,0.0,0,0,"[0, 0]",7,132.45715234100135
singular1,5000,5000,143,0.8519265565105615,"c=1,d=10",watanabe,1,2000,4000,0.0,0,0,"[0, 0]",10,308.5748178360009
singular2,5000,5000,143,0.818305984195519,"c=1,d=10",watanabe,1,2000,4000,0.0,0,0,"[0, 0]",10,328.1534462480013
regular,50,50,144,1.3843916772669602,"c=1,d=1",watanabe,1,2000,4000,0.0,0,0,"[0, 0]",5,37.99194861799697
e-singular,50,50,144,1.213483668171372,"c=1,d=1",watanabe,1,2000,4000,0.0,0,0,"[0, 0]",8,43.440621287001704
singular1,50,50,144,1.163035814168069,"c=1,d=1",watanabe,1,2000,4000,0.0,0,0,"[0, 0]",9,44.68751026300015
singular2,50,50,144,0.993511447301681,"c=1,d=1",watanabe,1,2000,4000,0.0,0,0,"[0, 0]",7,43.89924339500067
regular,50,50,144,1.4184550141752645,"c=1,d=2",watanabe,1,2000,4000,0.0,0,0,"[0, 0]",5,45.16788252799961
e-singular,50,50,144,1.2735006322277003,"c=1,d=2",watanabe,1,2000,4000,0.0,0,0,"[0, 0]",8,46.40338751300078
singular1,50,50,144,1.0541667597367712,"c=1,d=2",watanabe,1,2000,4000,0.0,0,0,"[0, 0]",9,39.97439450500315
singular2,50,50,144,0.9434583099145266,"c=1,d=2",watanabe,1,2000,4000,0.0,0,0,"[0, 0]",8,44.751345394000964
regular,50,50,144,1.4171714173319176,"c=1,d=5",watanabe,1,2000,4000,0.0,0,0,"[0, 0]",5,40.033229709002626
e-singular,50,50,144,1.1256657421527527,"c=1,d=5",watanabe,1,2000,4000,0.0,0,0,"[0, 0]",9,40.3816236729981
singular1,50,50,144,1.0869112989244758,"c=1,d=5",watanabe,1,2000,4000,0.0,0,0,"[0, 0]",10,45.32369697499962
singular2,50,50,144,0.9607754029346018,"c=1,d=5",watanabe,1,2000,4000,0.0,0,0,"[0, 0]",8,43.14140088499698
regular,50,50,144,1.4393896907616703,"c=1,d=10",watanabe,1,2000,4000,0.0,0,0,"[0, 0]",5,37.470946772999014
e-singular,50,50,144,1.2333286682701405,"c=1,d=10",watanabe,1,2000,4000,0.0,0,0,"[0, 0]",8,39.09013079799843
singular1,50,50,144,1.1730414753129998,"c=1,d=10",watanabe,1,2000,4000,0.0,0,0,"[0, 0]",10,38.749980887001584
singular2,50,50,144,0.9851592676065453,"c=1,d=10",watanabe,1,2000,4000,0.0,0,0,"[0, 0]",8,37.218869435997476
regular,250,250,144,1.4587646173636113,"c=1,d=1",watanabe,1,2000,4000,0.0,0,0,"[0, 0]",5,33.10766296099973
e-singular,250,250,144,1.7582846544228028,"c=1,d=1",watanabe,1,2000,4000,0.0,0,0,"[0, 0]",8,33.933462476001296
singular1,250,250,144,0.9905506421742101,"c=1,d=1",watanabe,1,2000,4000,0.0,0,0,"[0, 0]",9,39.931394664003165
singular2,250,250,144,0.8980566525529066,"c=1,d=1",watanabe,1,2000,4000,0.0,0,0,"[0, 0]",9,37.30723255999692
regular,250,250,144,1.3909874051182265,"c=1,d=2",watanabe,1,2000,4000,0.0,0,0,"[0, 0]",5,32.66357921500094
e-singular,250,250,144,1.7780353855288096,"c=1,d=2",watanabe,1,2000,4000,0.0,0,0,"[0, 0]",9,37.03301654700044
singular1,250,250,144,0.899565636940706,"c=1,d=2",watanabe,1,2000,4000,0.0,0,0,"[0, 0]",10,37.96388393699817
singular2,250,250,144,1.0451055906906332,"c=1,d=2",watanabe,1,2000,4000,0.0,0,0,"[0, 0]",9,36.36684865600182
regular,250,250,144,1.5493055572337562,"c=1,d=5",watanabe,1,2000,4000,0.0,0,0,"[0, 0]",5,34.42463162099739
e-singular,250,250,144,1.6302336885450885,"c=1,d=5",watanabe,1,2000,4000,0.0,0,0,"[0, 0]",9,43.130893977002415
singular1,250,250,144,0.9659510360866577,"c=1,d=5",watanabe,1,2000,4000,0.0,0,0,"[0, 0]",9,43.147315346999676
singular2,250,250,144,0.9594912829584483,"c=1,d=5",watanabe,1,2000,4000,0.0,0,0,"[0, 0]",9,44.82235628199851
regular,250,250,144,1.5487440928546055,"c=1,d=10",watanabe,1,2000,4000,0.0,0,0,"[0, 0]",5,31.67701211700114
e-singular,250,250,144,1.5547511463508175,"c=1,d=10",watanabe,1,2000,4000,0.0,0,0,"[0, 0]",9,41.217086710999865
singular1,250,250,144,0.8986224603147064,"c=1,d=10",watanabe,1,2000,4000,0.0,0,0,"[0, 0]",10,41.72531305599841
singular2,250,250,144,0.8747831948988606,"c=1,d=10",watanabe,1,2000,4000,0.0,0,0,"[0, 0]",9,43.15950659399823
regular,5000,5000,144,1.361847187677459,"c=1,d=1",watanabe,1,2000,4000,0.0,0,0,"[0, 0]",6,119.06116599799861
e-singular,5000,5000,144,1.3142414624610657,"c=1,d=1",watanabe,1,2000,4000,0.0,0,0,"[0, 0]",7,161.24203414600197
singular1,5000,5000,144,0.8228348688129723,"c=1,d=1",watanabe,1,2000,4000,0.0,0,0,"[0, 0]",10,298.6227839489984
singular2,5000,5000,144,0.7602869346448365,"c=1,d=1",watanabe,1,2000,4000,0.0,0,0,"[0, 0]",10,268.2693313519994
regular,5000,5000,144,1.459474594815121,"c=1,d=2",watanabe,1,2000,4000,0.0,0,0,"[0, 0]",5,96.69498778200068
e-singular,5000,5000,144,1.4259582583309023,"c=1,d=2",watanabe,1,2000,4000,0.0,0,0,"[0, 0]",7,131.8050661769994
singular1,5000,5000,144,0.7134819843981683,"c=1,d=2",watanabe,1,2000,4000,0.0,0,0,"[0, 0]",10,347.43576459199903
singular2,5000,5000,144,0.8057364573925837,"c=1,d=2",watanabe,1,2000,4000,0.0,0,0,"[0, 0]",10,376.0225872890005
regular,5000,5000,144,1.4539780701146878,"c=1,d=5",watanabe,1,2000,4000,0.0,0,0,"[0, 0]",5,112.97656566599835
e-singular,5000,5000,144,1.51577287975573,"c=1,d=5",watanabe,1,2000,4000,0.0,0,0,"[0, 0]",7,187.12076889700256
singular1,5000,5000,144,0.8354048792661677,"c=1,d=5",watanabe,1,2000,4000,0.0,0,0,"[0, 0]",10,385.41453614200145
singular2,5000,5000,144,0.7852864704511688,"c=1,d=5",watanabe,1,2000,4000,0.0,0,0,"[0, 0]",10,328.76200418699955
regular,5000,5000,144,1.4423255064958398,"c=1,d=10",watanabe,1,2000,4000,0.0,0,0,"[0, 0]",6,207.45711276399743
e-singular,5000,5000,144,1.532562406012543,"c=1,d=10",watanabe,1,2000,4000,0.0,0,0,"[0, 0]",6,138.7114695900018
singular1,5000,5000,144,0.8024578717064044,"c=1,d=10",watanabe,1,2000,4000,0.0,0,0,"[0, 0]",10,325.0263224980008
singular2,5000,5000,144,0.7748765274887075,"c=1,d=10",watanabe,1,2000,4000,0.0,0,0,"[0, 0]",10,373.3690574840002
regular,50,50,145,1.339983496591332,"c=1,d=1",watanabe,1,2000,4000,0.0,0,0,"[0, 0]",5,26.200361584000348
e-singular,50,50,145,1.1431282848339033,"c=1,d=1",watanabe,1,2000,4000,0.0,0,0,"[0, 0]",8,31.68672586199682
singular1,50,50,145,1.0943661639922144,"c=1,d=1",watanabe,1,2000,4000,0.0,0,0,"[0, 0]",8,32.45994954300113
singular2,50,50,145,0.8996015426957417,"c=1,d=1",watanabe,1,2000,4000,0.0,0,0,"[0, 0]",8,31.262253031
regular,50,50,145,1.4412383517047718,"c=1,d=2",watanabe,1,2000,4000,0.0,0,0,"[0, 0]",5,72.7255941580006
e-singular,50,50,145,1.051924041934988,"c=1,d=2",watanabe,1,2000,4000,0.0,0,0,"[0, 0]",8,70.57364907599913
singular1,50,50,145,1.073710058772242,"c=1,d=2",watanabe,1,2000,4000,0.0,0,0,"[0, 0]",9,71.38770318399838
singular2,50,50,145,0.855172961413706,"c=1,d=2",watanabe,1,2000,4000,0.0,0,0,"[0, 0]",8,97.56011799000044
regular,50,50,145,1.385429457053245,"c=1,d=5",watanabe,1,2000,4000,0.0,0,0,"[0, 0]",6,107.65356642999905
e-singular,50,50,145,1.0857118742275333,"c=1,d=5",watanabe,1,2000,4000,0.0,0,0,"[0, 0]",9,109.39051987999846
singular1,50,50,145,1.1577938193586368,"c=1,d=5",watanabe,1,2000,4000,0.0,0,0,"[0, 0]",9,113.67312483800197
singular2,50,50,145,0.7971479783065925,"c=1,d=5",watanabe,1,2000,4000,0.0,0,0,"[0, 0]",8,94.84309018800195
regular,50,50,145,1.5118402736275167,"c=1,d=10",watanabe,1,2000,4000,0.0,0,0,"[0, 0]",5,42.43742765099887
e-singular,50,50,145,1.2085232392886445,"c=1,d=10",watanabe,1,2000,4000,0.0,0,0,"[0, 0]",8,55.096900205000566
singular1,50,50,145,1.238978172386516,"c=1,d=10",watanabe,1,2000,4000,0.0,0,0,"[0, 0]",9,53.0276076400005
singular2,50,50,145,0.8718380003726364,"c=1,d=10",watanabe,1,2000,4000,0.0,0,0,"[0, 0]",8,56.51362079300088
regular,250,250,145,1.5118155046489987,"c=1,d=1",watanabe,1,2000,4000,0.0,0,0,"[0, 0]",6,44.48332934099744
e-singular,250,250,145,1.5504701121818556,"c=1,d=1",watanabe,1,2000,4000,0.0,0,0,"[0, 0]",8,48.29716156900031
singular1,250,250,145,0.9843955648044946,"c=1,d=1",watanabe,1,2000,4000,0.0,0,0,"[0, 0]",9,55.39746126099999
singular2,250,250,145,0.9425670051794077,"c=1,d=1",watanabe,1,2000,4000,0.0,0,0,"[0, 0]",8,48.600309625999216
regular,250,250,145,1.5923681327281107,"c=1,d=2",watanabe,1,2000,4000,0.0,0,0,"[0, 0]",5,47.50286982699981
e-singular,250,250,145,1.5767277253288985,"c=1,d=2",watanabe,1,2000,4000,0.0,0,0,"[0, 0]",8,44.35135171900038
singular1,250,250,145,1.0631042096446242,"c=1,d=2",watanabe,1,2000,4000,0.0,0,0,"[0, 0]",9,49.90983290599979
singular2,250,250,145,0.9559778655565451,"c=1,d=2",watanabe,1,2000,4000,0.0,0,0,"[0, 0]",9,47.20512634500119
regular,250,250,145,1.5774735886277127,"c=1,d=5",watanabe,1,2000,4000,0.0,0,0,"[0, 0]",5,44.3744779209992
e-singular,250,250,145,1.61480853765067,"c=1,d=5",watanabe,1,2000,4000,0.0,0,0,"[0, 0]",8,50.30778110399842
singular1,250,250,145,1.1277542566086804,"c=1,d=5",watanabe,1,2000,4000,0.0,0,0,"[0, 0]",10,52.4544898560016
singular2,250,250,145,0.9263215400699342,"c=1,d=5",watanabe,1,2000,4000,0.0,0,0,"[0, 0]",9,55.19988747100069
regular,250,250,145,1.552483694165386,"c=1,d=10",watanabe,1,2000,4000,0.0,0,0,"[0, 0]",5,38.189113811000425
e-singular,250,250,145,1.4939924329287668,"c=1,d=10",watanabe,1,2000,4000,0.0,0,0,"[0, 0]",8,58.37924842100256
singular1,250,250,145,1.03468225178541,"c=1,d=10",watanabe,1,2000,4000,0.0,0,0,"[0, 0]",10,51.26391349900223
singular2,250,250,145,0.840448767647847,"c=1,d=10",watanabe,1,2000,4000,0.0,0,0,"[0, 0]",8,38.432280567001726
regular,5000,5000,145,1.3960544511355724,"c=1,d=1",watanabe,1,2000,4000,0.0,0,0,"[0, 0]",5,105.74387327799923
e-singular,5000,5000,145,1.3702160412784707,"c=1,d=1",watanabe,1,2000,4000,0.0,0,0,"[0, 0]",7,134.35603459399863
singular1,5000,5000,145,1.0369719644928943,"c=1,d=1",watanabe,1,2000,4000,0.0,0,0,"[0, 0]",10,229.6419214790003
singular2,5000,5000,145,0.7845651617056545,"c=1,d=1",watanabe,1,2000,4000,0.0,0,0,"[0, 0]",9,269.98867427000005
regular,5000,5000,145,1.5876520163496617,"c=1,d=2",watanabe,1,2000,4000,0.0,0,0,"[0, 0]",5,82.0229286979993
e-singular,5000,5000,145,1.434199973434256,"c=1,d=2",watanabe,1,2000,4000,0.0,0,0,"[0, 0]",7,133.08054351199826
singular1,5000,5000,145,0.7998931972616119,"c=1,d=2",watanabe,1,2000,4000,0.0,0,0,"[0, 0]",10,251.20821344200158
singular2,5000,5000,145,0.7797777468315535,"c=1,d=2",watanabe,1,2000,4000,0.0,0,0,"[0, 0]",10,254.44725713699881
regular,5000,5000,145,1.5164486678057731,"c=1,d=5",watanabe,1,2000,4000,0.0,0,0,"[0, 0]",5,81.65115519699975
e-singular,5000,5000,145,1.6177830665590853,"c=1,d=5",watanabe,1,2000,4000,0.0,0,0,"[0, 0]",7,127.63538973300092
singular1,5000,5000,145,0.8453603548235481,"c=1,d=5",watanabe,1,2000,4000,0.0,0,0,"[0, 0]",10,323.40822768900034
singular2,5000,5000,145,0.8672242671774676,"c=1,d=5",watanabe,1,2000,4000,0.0,0,0,"[0, 0]",10,357.85494775499683
regular,5000,5000,145,1.5502303834807805,"c=1,d=10",watanabe,1,2000,4000,0.0,0,0,"[0, 0]",6,139.2905415460009
e-singular,5000,5000,145,1.392752756819026,"c=1,d=10",watanabe,1,2000,4000,0.0,0,0,"[0, 0]",6,223.72860380299971
singular1,5000,5000,145,0.8823946277834197,"c=1,d=10",watanabe,1,2000,4000,0.0,0,0,"[0, 0]",10,358.3044905839997
singular2,5000,5000,145,0.8067700133704191,"c=1,d=10",watanabe,1,2000,4000,0.0,0,0,"[0, 0]",10,275.0372813590002
regular,50,50,146,1.6281320517292064,"c=1,d=1",watanabe,1,2000,4000,0.0,0,0,"[0, 0]",5,27.157502086000022
e-singular,50,50,146,1.2655443157916861,"c=1,d=1",watanabe,1,2000,4000,0.0,0,0,"[0, 0]",8,27.367325444000016
singular1,50,50,146,1.1176641612677634,"c=1,d=1",watanabe,1,2000,4000,0.0,0,0,"[0, 0]",8,29.66900847099896
singular2,50,50,146,1.1099347518220615,"c=1,d=1",watanabe,1,2000,4000,0.0,0,0,"[0, 0]",7,27.383585986997787
regular,50,50,146,1.517036946513777,"c=1,d=2",watanabe,1,2000,4000,0.0,0,0,"[0, 0]",5,35.1593831129976
e-singular,50,50,146,1.4584435197138603,"c=1,d=2",watanabe,1,2000,4000,0.0,0,0,"[0, 0]",8,39.38828470500084
singular1,50,50,146,1.2321173389161013,"c=1,d=2",watanabe,1,2000,4000,0.0,0,0,"[0, 0]",9,43.47438086699913
singular2,50,50,146,0.8720477814972423,"c=1,d=2",watanabe,1,2000,4000,0.0,0,0,"[0, 0]",7,40.936482869998144
regular,50,50,146,1.4405645255304291,"c=1,d=5",watanabe,1,2000,4000,0.0,0,0,"[0, 0]",5,32.01053791900267
e-singular,50,50,146,1.6413524241092012,"c=1,d=5",watanabe,1,2000,4000,0.0,0,0,"[0, 0]",8,27.73131228600323
singular1,50,50,146,1.2077330206237114,"c=1,d=5",watanabe,1,2000,4000,0.0,0,0,"[0, 0]",9,38.01342328199826
singular2,50,50,146,0.9320823991022138,"c=1,d=5",watanabe,1,2000,4000,0.0,0,0,"[0, 0]",8,38.31675834800262
regular,50,50,146,1.5279659056101322,"c=1,d=10",watanabe,1,2000,4000,0.0,0,0,"[0, 0]",5,33.20011492999765
e-singular,50,50,146,1.3391071370832652,"c=1,d=10",watanabe,1,2000,4000,0.0,0,0,"[0, 0]",8,34.72041801400337
singular1,50,50,146,1.1977275456944114,"c=1,d=10",watanabe,1,2000,4000,0.0,0,0,"[0, 0]",8,30.394846422997944
singular2,50,50,146,0.8907359339917755,"c=1,d=10",watanabe,1,2000,4000,0.0,0,0,"[0, 0]",8,28.143231090998597
regular,250,250,146,1.376768385169996,"c=1,d=1",watanabe,1,2000,4000,0.0,0,0,"[0, 0]",5,38.374731954998424
e-singular,250,250,146,1.4979380949359948,"c=1,d=1",watanabe,1,2000,4000,0.0,0,0,"[0, 0]",8,44.57403376000002
singular1,250,250,146,0.9978326574374008,"c=1,d=1",watanabe,1,2000,4000,0.0,0,0,"[0, 0]",9,51.763738891000685
singular2,250,250,146,1.1746133071470106,"c=1,d=1",watanabe,1,2000,4000,0.0,0,0,"[0, 0]",9,47.414478939997935
regular,250,250,146,1.4201017189554148,"c=1,d=2",watanabe,1,2000,4000,0.0,0,0,"[0, 0]",5,33.26893692500016
e-singular,250,250,146,1.536351814953582,"c=1,d=2",watanabe,1,2000,4000,0.0,0,0,"[0, 0]",8,31.76974093299941
singular1,250,250,146,1.0395557794327634,"c=1,d=2",watanabe,1,2000,4000,0.0,0,0,"[0, 0]",10,48.778470682998886
singular2,250,250,146,0.9089829234718664,"c=1,d=2",watanabe,1,2000,4000,0.0,0,0,"[0, 0]",9,43.45465578799849
regular,250,250,146,1.4446585973974204,"c=1,d=5",watanabe,1,2000,4000,0.0,0,0,"[0, 0]",5,33.704310271001304
e-singular,250,250,146,1.551140725521635,"c=1,d=5",watanabe,1,2000,4000,0.0,0,0,"[0, 0]",8,38.049588829999266
singular1,250,250,146,0.9405620559716669,"c=1,d=5",watanabe,1,2000,4000,0.0,0,0,"[0, 0]",9,40.042049108000356
singular2,250,250,146,0.9303640386009346,"c=1,d=5",watanabe,1,2000,4000,0.0,0,0,"[0, 0]",9,38.28536013399935
regular,250,250,146,1.519355949978076,"c=1,d=10",watanabe,1,2000,4000,0.0,0,0,"[0, 0]",5,30.89767810200283
e-singular,250,250,146,1.6913060218471416,"c=1,d=10",watanabe,1,2000,4000,0.0,0,0,"[0, 0]",8,39.05226891300117
singular1,250,250,146,0.8979674940692018,"c=1,d=10",watanabe,1,2000,4000,0.0,0,0,"[0, 0]",10,46.11893615900044
singular2,250,250,146,1.0824338093737655,"c=1,d=10",watanabe,1,2000,4000,0.0,0,0,"[0, 0]",9,39.28235315799975
regular,5000,5000,146,1.5711690003103134,"c=1,d=1",watanabe,1,2000,4000,0.0,0,0,"[0, 0]",5,99.21120142500149
e-singular,5000,5000,146,1.5381168192363033,"c=1,d=1",watanabe,1,2000,4000,0.0,0,0,"[0, 0]",7,119.49056279900105
singular1,5000,5000,146,0.7302923991476991,"c=1,d=1",watanabe,1,2000,4000,0.0,0,0,"[0, 0]",10,255.93117508399882
singular2,5000,5000,146,0.8271731938764328,"c=1,d=1",watanabe,1,2000,4000,0.0,0,0,"[0, 0]",10,323.29762332000246
regular,5000,5000,146,1.3267844851065582,"c=1,d=2",watanabe,1,2000,4000,0.0,0,0,"[0, 0]",5,94.41943108800115
e-singular,5000,5000,146,1.475529985895072,"c=1,d=2",watanabe,1,2000,4000,0.0,0,0,"[0, 0]",6,141.46135364300062
singular1,5000,5000,146,0.9016011724351979,"c=1,d=2",watanabe,1,2000,4000,0.0,0,0,"[0, 0]",10,423.4881427450018
singular2,5000,5000,146,0.7721602737041735,"c=1,d=2",watanabe,1,2000,4000,0.0,0,0,"[0, 0]",10,474.40348778000043
regular,5000,5000,146,1.5971882570236475,"c=1,d=5",watanabe,1,2000,4000,0.0,0,0,"[0, 0]",5,170.01055715199982
e-singular,5000,5000,146,1.5773316288950368,"c=1,d=5",watanabe,1,2000,4000,0.0,0,0,"[0, 0]",6,194.3297913660026
singular1,5000,5000,146,0.8277817030624027,"c=1,d=5",watanabe,1,2000,4000,0.0,0,0,"[0, 0]",10,369.0222821009993
singular2,5000,5000,146,0.7418223549096039,"c=1,d=5",watanabe,1,2000,4000,0.0,0,0,"[0, 0]",10,431.4499557220006
regular,5000,5000,146,1.5410318413499906,"c=1,d=10",watanabe,1,2000,4000,0.0,0,0,"[0, 0]",5,102.5632800989988
e-singular,5000,5000,146,1.5379904282444936,"c=1,d=10",watanabe,1,2000,4000,0.0,0,0,"[0, 0]",6,125.78528879399892
singular1,5000,5000,146,0.8095304475838027,"c=1,d=10",watanabe,1,2000,4000,0.0,0,0,"[0, 0]",10,318.3409515130006
singular2,5000,5000,146,0.7309598947466316,"c=1,d=10",watanabe,1,2000,4000,0.0,0,0,"[0, 0]",10,363.1515083330014
regular,50,50,147,1.4865760536795742,"c=1,d=1",watanabe,1,2000,4000,0.0,0,0,"[0, 0]",5,26.65194464600063
e-singular,50,50,147,1.0815531848984286,"c=1,d=1",watanabe,1,2000,4000,0.0,0,0,"[0, 0]",8,28.58697463000135
singular1,50,50,147,1.0907211825867174,"c=1,d=1",watanabe,1,2000,4000,0.0,0,0,"[0, 0]",9,29.244717962999857
singular2,50,50,147,0.7650591036143694,"c=1,d=1",watanabe,1,2000,4000,0.0,0,0,"[0, 0]",7,30.484543054000824
regular,50,50,147,1.572301277163197,"c=1,d=2",watanabe,1,2000,4000,0.0,0,0,"[0, 0]",5,46.706028594999225
e-singular,50,50,147,1.0265156805713296,"c=1,d=2",watanabe,1,2000,4000,0.0,0,0,"[0, 0]",9,56.03900053000325
singular1,50,50,147,1.0887968147712193,"c=1,d=2",watanabe,1,2000,4000,0.0,0,0,"[0, 0]",9,54.63025269999707
singular2,50,50,147,0.9575463878429533,"c=1,d=2",watanabe,1,2000,4000,0.0,0,0,"[0, 0]",8,49.55997712200042
regular,50,50,147,1.4211437838669418,"c=1,d=5",watanabe,1,2000,4000,0.0,0,0,"[0, 0]",5,38.98989323699789
e-singular,50,50,147,1.0283585237646362,"c=1,d=5",watanabe,1,2000,4000,0.0,0,0,"[0, 0]",8,38.27162710600169
singular1,50,50,147,1.1388015190250906,"c=1,d=5",watanabe,1,2000,4000,0.0,0,0,"[0, 0]",9,68.11139266200189
singular2,50,50,147,0.9245307951204642,"c=1,d=5",watanabe,1,2000,4000,0.0,0,0,"[0, 0]",8,48.55076505300167
regular,50,50,147,1.4308752775859976,"c=1,d=10",watanabe,1,2000,4000,0.0,0,0,"[0, 0]",5,88.35087411399945
e-singular,50,50,147,1.1255509786634281,"c=1,d=10",watanabe,1,2000,4000,0.0,0,0,"[0, 0]",8,114.37724065599832
singular1,50,50,147,1.061074600798756,"c=1,d=10",watanabe,1,2000,4000,0.0,0,0,"[0, 0]",9,109.71683278400087
singular2,50,50,147,0.9851820145137221,"c=1,d=10",watanabe,1,2000,4000,0.0,0,0,"[0, 0]",9,90.28518595299829
regular,250,250,147,1.4018763650219046,"c=1,d=1",watanabe,1,2000,4000,0.0,0,0,"[0, 0]",6,86.55645830499998
e-singular,250,250,147,1.6933744850939896,"c=1,d=1",watanabe,1,2000,4000,0.0,0,0,"[0, 0]",8,59.96435238899721
singular1,250,250,147,1.0451164643739363,"c=1,d=1",watanabe,1,2000,4000,0.0,0,0,"[0, 0]",10,76.42001577100018
singular2,250,250,147,0.6843165242139808,"c=1,d=1",watanabe,1,2000,4000,0.0,0,0,"[0, 0]",9,70.81718568100041
regular,250,250,147,1.4516966222336272,"c=1,d=2",watanabe,1,2000,4000,0.0,0,0,"[0, 0]",5,55.60092936699948
e-singular,250,250,147,1.7824521637712716,"c=1,d=2",watanabe,1,2000,4000,0.0,0,0,"[0, 0]",9,59.80996025700006
singular1,250,250,147,0.928662902291983,"c=1,d=2",watanabe,1,2000,4000,0.0,0,0,"[0, 0]",9,66.45791449899843
singular2,250,250,147,0.8452360061531544,"c=1,d=2",watanabe,1,2000,4000,0.0,0,0,"[0, 0]",8,58.9982985179995
regular,250,250,147,1.4146919962262743,"c=1,d=5",watanabe,1,2000,4000,0.0,0,0,"[0, 0]",5,40.56128822699975
e-singular,250,250,147,1.6515720275862182,"c=1,d=5",watanabe,1,2000,4000,0.0,0,0,"[0, 0]",8,44.65065055100058
singular1,250,250,147,0.9352864067582172,"c=1,d=5",watanabe,1,2000,4000,0.0,0,0,"[0, 0]",10,51.681764869998005
singular2,250,250,147,0.8635405303097622,"c=1,d=5",watanabe,1,2000,4000,0.0,0,0,"[0, 0]",8,48.598035175000405
regular,250,250,147,1.4971255721590992,"c=1,d=10",watanabe,1,2000,4000,0.0,0,0,"[0, 0]",5,40.06862648899914
e-singular,250,250,147,1.5482689654821993,"c=1,d=10",watanabe,1,2000,4000,0.0,0,0,"[0, 0]",8,43.12213059899659
singular1,250,250,147,0.9227543505133134,"c=1,d=10",watanabe,1,2000,4000,0.0,0,0,"[0, 0]",10,51.619927703999565
singular2,250,250,147,0.9060717753756202,"c=1,d=10",watanabe,1,2000,4000,0.0,0,0,"[0, 0]",8,45.02472112800024
regular,5000,5000,147,1.616497971266355,"c=1,d=1",watanabe,1,2000,4000,0.0,0,0,"[0, 0]",5,109.47596921899822
e-singular,5000,5000,147,1.5657462079428834,"c=1,d=1",watanabe,1,2000,4000,0.0,0,0,"[0, 0]",7,118.64840824499697
singular1,5000,5000,147,0.7501728428060085,"c=1,d=1",watanabe,1,2000,4000,0.0,0,0,"[0, 0]",10,299.323965552001
singular2,5000,5000,147,0.7164423572114276,"c=1,d=1",watanabe,1,2000,4000,0.0,0,0,"[0, 0]",10,264.0574395829972
regular,5000,5000,147,1.4250538316652719,"c=1,d=2",watanabe,1,2000,4000,0.0,0,0,"[0, 0]",5,99.16791399200156
e-singular,5000,5000,147,1.5572328522981733,"c=1,d=2",watanabe,1,2000,4000,0.0,0,0,"[0, 0]",7,130.94998750800005
singular1,5000,5000,147,0.7633911096108267,"c=1,d=2",watanabe,1,2000,4000,0.0,0,0,"[0, 0]",10,285.93653176099906
singular2,5000,5000,147,0.8312804268075584,"c=1,d=2",watanabe,1,2000,4000,0.0,0,0,"[0, 0]",10,227.8455818769944
regular,5000,5000,147,1.4724247657928722,"c=1,d=5",watanabe,1,2000,4000,0.0,0,0,"[0, 0]",5,98.58561686600297
e-singular,5000,5000,147,1.448762808236955,"c=1,d=5",watanabe,1,2000,4000,0.0,0,0,"[0, 0]",7,129.36605611899722
singular1,5000,5000,147,0.6858277366145316,"c=1,d=5",watanabe,1,2000,4000,0.0,0,0,"[0, 0]",10,313.5610929270042
singular2,5000,5000,147,0.8541957167451251,"c=1,d=5",watanabe,1,2000,4000,0.0,0,0,"[0, 0]",10,311.4587625330023
regular,5000,5000,147,1.496934048031265,"c=1,d=10",watanabe,1,2000,4000,0.0,0,0,"[0, 0]",5,99.5722395230041
e-singular,5000,5000,147,1.4241947824175263,"c=1,d=10",watanabe,1,2000,4000,0.0,0,0,"[0, 0]",7,166.39813969999523
singular1,5000,5000,147,0.7649311120039957,"c=1,d=10",watanabe,1,2000,4000,0.0,0,0,"[0, 0]",10,385.90065804600454
singular2,5000,5000,147,0.7815996243352032,"c=1,d=10",watanabe,1,2000,4000,0.0,0,0,"[0, 0]",10,383.08373147199745
regular,50,50,148,1.3024817023950082,"c=1,d=1",watanabe,1,2000,4000,0.0,0,0,"[0, 0]",5,26.571570681000594
e-singular,50,50,148,1.0685399717427555,"c=1,d=1",watanabe,1,2000,4000,0.0,0,0,"[0, 0]",9,28.769452952001302
singular1,50,50,148,1.3319174154466393,"c=1,d=1",watanabe,1,2000,4000,0.0,0,0,"[0, 0]",8,30.270508434005023
singular2,50,50,148,1.1037487034861238,"c=1,d=1",watanabe,1,2000,4000,0.0,0,0,"[0, 0]",7,30.822536833002232
regular,50,50,148,1.491227083719457,"c=1,d=2",watanabe,1,2000,4000,0.0,0,0,"[0, 0]",5,47.879834389997995
e-singular,50,50,148,0.9806159708678235,"c=1,d=2",watanabe,1,2000,4000,0.0,0,0,"[0, 0]",9,49.306071702994814
singular1,50,50,148,1.1904692756403807,"c=1,d=2",watanabe,1,2000,4000,0.0,0,0,"[0, 0]",9,52.76370961799694
singular2,50,50,148,0.9880735667190439,"c=1,d=2",watanabe,1,2000,4000,0.0,0,0,"[0, 0]",9,48.63981910699658
regular,50,50,148,1.5088996464650655,"c=1,d=5",watanabe,1,2000,4000,0.0,0,0,"[0, 0]",5,38.808300792006776
e-singular,50,50,148,1.096693055816224,"c=1,d=5",watanabe,1,2000,4000,0.0,0,0,"[0, 0]",9,37.2138286699992
singular1,50,50,148,1.211448087801895,"c=1,d=5",watanabe,1,2000,4000,0.0,0,0,"[0, 0]",10,34.18581232499855
singular2,50,50,148,1.0284466191011807,"c=1,d=5",watanabe,1,2000,4000,0.0,0,0,"[0, 0]",8,36.29020022899931
regular,50,50,148,1.4627978413010188,"c=1,d=10",watanabe,1,2000,4000,0.0,0,0,"[0, 0]",5,26.16011320099642
e-singular,50,50,148,1.1326004224024402,"c=1,d=10",watanabe,1,2000,4000,0.0,0,0,"[0, 0]",9,32.7159318519989
singular1,50,50,148,1.2003482586418797,"c=1,d=10",watanabe,1,2000,4000,0.0,0,0,"[0, 0]",10,29.334121606996632
singular2,50,50,148,1.0505696630029122,"c=1,d=10",watanabe,1,2000,4000,0.0,0,0,"[0, 0]",9,27.785513654998795
regular,250,250,148,1.560559147645382,"c=1,d=1",watanabe,1,2000,4000,0.0,0,0,"[0, 0]",5,41.07021001900284
e-singular,250,250,148,1.644728999079589,"c=1,d=1",watanabe,1,2000,4000,0.0,0,0,"[0, 0]",8,45.46833063200029
singular1,250,250,148,1.0546199061893464,"c=1,d=1",watanabe,1,2000,4000,0.0,0,0,"[0, 0]",10,53.48555519100046
singular2,250,250,148,0.836658175417005,"c=1,d=1",watanabe,1,2000,4000,0.0,0,0,"[0, 0]",9,50.62300847599545
regular,250,250,148,1.4246586665553138,"c=1,d=2",watanabe,1,2000,4000,0.0,0,0,"[0, 0]",5,37.282340894998924
e-singular,250,250,148,1.6247054349578143,"c=1,d=2",watanabe,1,2000,4000,0.0,0,0,"[0, 0]",8,46.06045411199739
singular1,250,250,148,1.1020779218131493,"c=1,d=2",watanabe,1,2000,4000,0.0,0,0,"[0, 0]",10,43.07143935700151
singular2,250,250,148,0.8718565741776354,"c=1,d=2",watanabe,1,2000,4000,0.0,0,0,"[0, 0]",9,45.831450392004626
regular,250,250,148,1.4511987903026018,"c=1,d=5",watanabe,1,2000,4000,0.0,0,0,"[0, 0]",5,35.29181484400033
e-singular,250,250,148,1.5296354614123482,"c=1,d=5",watanabe,1,2000,4000,0.0,0,0,"[0, 0]",8,37.640741563998745
singular1,250,250,148,1.0007860207961154,"c=1,d=5",watanabe,1,2000,4000,0.0,0,0,"[0, 0]",10,50.95174137100548
singular2,250,250,148,0.8571751781265671,"c=1,d=5",watanabe,1,2000,4000,0.0,0,0,"[0, 0]",9,52.629259738001565
regular,250,250,148,1.4784901004770714,"c=1,d=10",watanabe,1,2000,4000,0.0,0,0,"[0, 0]",5,44.15060696099681
e-singular,250,250,148,1.6113408500259674,"c=1,d=10",watanabe,1,2000,4000,0.0,0,0,"[0, 0]",9,49.4984183580018
singular1,250,250,148,0.9965243611648806,"c=1,d=10",watanabe,1,2000,4000,0.0,0,0,"[0, 0]",10,90.72548339900095
singular2,250,250,148,0.8168931842291289,"c=1,d=10",watanabe,1,2000,4000,0.0,0,0,"[0, 0]",9,90.74927618200309
regular,5000,5000,148,1.6747912364119513,"c=1,d=1",watanabe,1,2000,4000,0.0,0,0,"[0, 0]",5,126.581757208005
e-singular,5000,5000,148,1.3568828097535206,"c=1,d=1",watanabe,1,2000,4000,0.0,0,0,"[0, 0]",6,205.91284880999592
singular1,5000,5000,148,0.6636640033135569,"c=1,d=1",watanabe,1,2000,4000,0.0,0,0,"[0, 0]",10,375.666024047001
singular2,5000,5000,148,0.8943245476993399,"c=1,d=1",watanabe,1,2000,4000,0.0,0,0,"[0, 0]",10,358.33595916000195
regular,5000,5000,148,1.5360412008764994,"c=1,d=2",watanabe,1,2000,4000,0.0,0,0,"[0, 0]",5,192.67103124799905
e-singular,5000,5000,148,1.3865918263776797,"c=1,d=2",watanabe,1,2000,4000,0.0,0,0,"[0, 0]",6,126.7564916009942
singular1,5000,5000,148,0.8297422486586052,"c=1,d=2",watanabe,1,2000,4000,0.0,0,0,"[0, 0]",10,391.9980187050023
singular2,5000,5000,148,0.8968100398781867,"c=1,d=2",watanabe,1,2000,4000,0.0,0,0,"[0, 0]",10,258.6630316469964
regular,5000,5000,148,1.4854931345180402,"c=1,d=5",watanabe,1,2000,4000,0.0,0,0,"[0, 0]",5,90.82832738500292
e-singular,5000,5000,148,1.5059107067885906,"c=1,d=5",watanabe,1,2000,4000,0.0,0,0,"[0, 0]",7,151.1234244849984
singular1,5000,5000,148,0.7732555576553882,"c=1,d=5",watanabe,1,2000,4000,0.0,0,0,"[0, 0]",10,294.81257888500113
singular2,5000,5000,148,0.8195901067329565,"c=1,d=5",watanabe,1,2000,4000,0.0,0,0,"[0, 0]",10,301.42399371699867
regular,5000,5000,148,1.4335730882175548,"c=1,d=10",watanabe,1,2000,4000,0.0,0,0,"[0, 0]",5,99.17191787399497
e-singular,5000,5000,148,1.5766536449707502,"c=1,d=10",watanabe,1,2000,4000,0.0,0,0,"[0, 0]",7,120.07496349100256
singular1,5000,5000,148,0.7816647905433947,"c=1,d=10",watanabe,1,2000,4000,0.0,0,0,"[0, 0]",10,335.37098257499747
singular2,5000,5000,148,0.8036096356809176,"c=1,d=10",watanabe,1,2000,4000,0.0,0,0,"[0, 0]",10,440.1712285320027
regular,50,50,149,1.4392526008168547,"c=1,d=1",watanabe,1,2000,4000,0.0,0,0,"[0, 0]",5,28.384052465000423
e-singular,50,50,149,1.0623178529303476,"c=1,d=1",watanabe,1,2000,4000,0.0,0,0,"[0, 0]",8,34.60275032500067
singular1,50,50,149,1.070955820074043,"c=1,d=1",watanabe,1,2000,4000,0.0,0,0,"[0, 0]",8,34.95408155499899
singular2,50,50,149,0.7641341422129221,"c=1,d=1",watanabe,1,2000,4000,0.0,0,0,"[0, 0]",8,34.071263769001234
regular,50,50,149,1.4005739380222184,"c=1,d=2",watanabe,1,2000,4000,0.0,0,0,"[0, 0]",5,30.206409090998932
e-singular,50,50,149,1.0908020699964995,"c=1,d=2",watanabe,1,2000,4000,0.0,0,0,"[0, 0]",8,28.185409457000787
singular1,50,50,149,1.079253067868442,"c=1,d=2",watanabe,1,2000,4000,0.0,0,0,"[0, 0]",9,28.79560310499801
singular2,50,50,149,0.9497581484886686,"c=1,d=2",watanabe,1,2000,4000,0.0,0,0,"[0, 0]",8,29.32742930400127
regular,50,50,149,1.4426717774346813,"c=1,d=5",watanabe,1,2000,4000,0.0,0,0,"[0, 0]",5,54.491130125999916
e-singular,50,50,149,1.0575176282489676,"c=1,d=5",watanabe,1,2000,4000,0.0,0,0,"[0, 0]",8,55.52186106899899
singular1,50,50,149,1.1016063040973862,"c=1,d=5",watanabe,1,2000,4000,0.0,0,0,"[0, 0]",9,54.58993838400056
singular2,50,50,149,0.9176916133439463,"c=1,d=5",watanabe,1,2000,4000,0.0,0,0,"[0, 0]",9,55.13002058699931
regular,50,50,149,1.4345678510048643,"c=1,d=10",watanabe,1,2000,4000,0.0,0,0,"[0, 0]",5,29.232445479006856
e-singular,50,50,149,1.1331903713109348,"c=1,d=10",watanabe,1,2000,4000,0.0,0,0,"[0, 0]",8,33.83297911399859
singular1,50,50,149,1.150442680610258,"c=1,d=10",watanabe,1,2000,4000,0.0,0,0,"[0, 0]",9,35.67611499399936
singular2,50,50,149,0.8091218331323398,"c=1,d=10",watanabe,1,2000,4000,0.0,0,0,"[0, 0]",9,37.590149347997794
regular,250,250,149,1.4990859471092783,"c=1,d=1",watanabe,1,2000,4000,0.0,0,0,"[0, 0]",5,38.213125769994804
e-singular,250,250,149,1.6467889673043898,"c=1,d=1",watanabe,1,2000,4000,0.0,0,0,"[0, 0]",9,38.272280021999904
singular1,250,250,149,1.1111168117100547,"c=1,d=1",watanabe,1,2000,4000,0.0,0,0,"[0, 0]",10,44.24447204100579
singular2,250,250,149,0.8623394356067815,"c=1,d=1",watanabe,1,2000,4000,0.0,0,0,"[0, 0]",8,42.77392190599494
regular,250,250,149,1.3349726329338059,"c=1,d=2",watanabe,1,2000,4000,0.0,0,0,"[0, 0]",5,29.569548183993902
e-singular,250,250,149,1.7725979557057576,"c=1,d=2",watanabe,1,2000,4000,0.0,0,0,"[0, 0]",10,43.707794043999456
singular1,250,250,149,1.0811998309491242,"c=1,d=2",watanabe,1,2000,4000,0.0,0,0,"[0, 0]",10,46.97472630900302
singular2,250,250,149,0.8056967435496347,"c=1,d=2",watanabe,1,2000,4000,0.0,0,0,"[0, 0]",9,50.12033247100044
regular,250,250,149,1.418405527231055,"c=1,d=5",watanabe,1,2000,4000,0.0,0,0,"[0, 0]",5,42.18213635000575
e-singular,250,250,149,1.7692490887951244,"c=1,d=5",watanabe,1,2000,4000,0.0,0,0,"[0, 0]",8,38.63935731200036
singular1,250,250,149,1.1242067502139925,"c=1,d=5",watanabe,1,2000,4000,0.0,0,0,"[0, 0]",9,45.87192465100088
singular2,250,250,149,0.7901274310230207,"c=1,d=5",watanabe,1,2000,4000,0.0,0,0,"[0, 0]",10,55.15911550400051
regular,250,250,149,1.470386157667464,"c=1,d=10",watanabe,1,2000,4000,0.0,0,0,"[0, 0]",5,42.249110835000465
e-singular,250,250,149,1.582983519278246,"c=1,d=10",watanabe,1,2000,4000,0.0,0,0,"[0, 0]",8,42.92495987899747
singular1,250,250,149,1.1125412593256228,"c=1,d=10",watanabe,1,2000,4000,0.0,0,0,"[0, 0]",10,41.338220233003085
singular2,250,250,149,0.8912074808724649,"c=1,d=10",watanabe,1,2000,4000,0.0,0,0,"[0, 0]",10,41.09486139599903
regular,5000,5000,149,1.5975994818931312,"c=1,d=1",watanabe,1,2000,4000,0.0,0,0,"[0, 0]",5,91.74480136499915
e-singular,5000,5000,149,1.3711497774035677,"c=1,d=1",watanabe,1,2000,4000,0.0,0,0,"[0, 0]",6,120.07252575600432
singular1,5000,5000,149,0.813334444513982,"c=1,d=1",watanabe,1,2000,4000,0.0,0,0,"[0, 0]",10,241.065730084003
singular2,5000,5000,149,0.5776765937422237,"c=1,d=1",watanabe,1,2000,4000,0.0,0,0,"[0, 0]",10,247.88697004099959
regular,5000,5000,149,1.459513608231914,"c=1,d=2",watanabe,1,2000,4000,0.0,0,0,"[0, 0]",5,95.02888304200314
e-singular,5000,5000,149,1.483007575757832,"c=1,d=2",watanabe,1,2000,4000,0.0,0,0,"[0, 0]",7,138.90845892400102
singular1,5000,5000,149,0.8210254459700513,"c=1,d=2",watanabe,1,2000,4000,0.0,0,0,"[0, 0]",10,350.2450661460025
singular2,5000,5000,149,0.8123664984510779,"c=1,d=2",watanabe,1,2000,4000,0.0,0,0,"[0, 0]",10,376.1954285150059
regular,5000,5000,149,1.4196079641014587,"c=1,d=5",watanabe,1,2000,4000,0.0,0,0,"[0, 0]",5,141.6585156250003
e-singular,5000,5000,149,1.3883015734043793,"c=1,d=5",watanabe,1,2000,4000,0.0,0,0,"[0, 0]",7,147.41191196400177
singular1,5000,5000,149,0.9119049715899251,"c=1,d=5",watanabe,1,2000,4000,0.0,0,0,"[0, 0]",10,375.69660600600037
singular2,5000,5000,149,0.7928738806269575,"c=1,d=5",watanabe,1,2000,4000,0.0,0,0,"[0, 0]",10,458.65180962700106
regular,5000,5000,149,1.597484285336878,"c=1,d=10",watanabe,1,2000,4000,0.0,0,0,"[0, 0]",5,134.76585047900153
e-singular,5000,5000,149,1.3997007369169272,"c=1,d=10",watanabe,1,2000,4000,0.0,0,0,"[0, 0]",7,130.87297968500206
singular1,5000,5000,149,0.7832697036633972,"c=1,d=10",watanabe,1,2000,4000,0.0,0,0,"[0, 0]",10,287.69403855799465
singular2,5000,5000,149,0.7816567169019646,"c=1,d=10",watanabe,1,2000,4000,0.0,0,0,"[0, 0]",10,323.16831018399535
regular,50,50,150,1.4512029881920394,"c=1,d=1",watanabe,1,2000,4000,0.0,0,0,"[0, 0]",5,26.75337975200091
e-singular,50,50,150,1.3267465199154715,"c=1,d=1",watanabe,1,2000,4000,0.0,0,0,"[0, 0]",8,30.79928813999868
singular1,50,50,150,1.1073918567351388,"c=1,d=1",watanabe,1,2000,4000,0.0,0,0,"[0, 0]",8,32.49486259400146
singular2,50,50,150,1.0872040862780141,"c=1,d=1",watanabe,1,2000,4000,0.0,0,0,"[0, 0]",8,33.709066798001004
regular,50,50,150,1.513211002797583,"c=1,d=2",watanabe,1,2000,4000,0.0,0,0,"[0, 0]",5,46.24062455599778
e-singular,50,50,150,1.3681319880753462,"c=1,d=2",watanabe,1,2000,4000,0.0,0,0,"[0, 0]",8,45.81393603300239
singular1,50,50,150,1.0849099562228222,"c=1,d=2",watanabe,1,2000,4000,0.0,0,0,"[0, 0]",8,46.40419463600119
singular2,50,50,150,0.8169402395788103,"c=1,d=2",watanabe,1,2000,4000,0.0,0,0,"[0, 0]",8,49.680097520002164
regular,50,50,150,1.5197901860142127,"c=1,d=5",watanabe,1,2000,4000,0.0,0,0,"[0, 0]",5,64.07959337200009
e-singular,50,50,150,1.26620175899948,"c=1,d=5",watanabe,1,2000,4000,0.0,0,0,"[0, 0]",8,69.37787786900299
singular1,50,50,150,1.1278269635143792,"c=1,d=5",watanabe,1,2000,4000,0.0,0,0,"[0, 0]",9,71.39296695799567
singular2,50,50,150,0.8942329767740671,"c=1,d=5",watanabe,1,2000,4000,0.0,0,0,"[0, 0]",9,71.40553423300298
regular,50,50,150,1.4316206117833545,"c=1,d=10",watanabe,1,2000,4000,0.0,0,0,"[0, 0]",5,99.40159774499625
e-singular,50,50,150,1.2805764838913785,"c=1,d=10",watanabe,1,2000,4000,0.0,0,0,"[0, 0]",7,118.12448526200023
singular1,50,50,150,1.1074857702574445,"c=1,d=10",watanabe,1,2000,4000,0.0,0,0,"[0, 0]",9,133.59466618499573
singular2,50,50,150,0.9813504216375186,"c=1,d=10",watanabe,1,2000,4000,0.0,0,0,"[0, 0]",10,132.35285713500343
regular,250,250,150,1.4660395956660148,"c=1,d=1",watanabe,1,2000,4000,0.0,0,0,"[0, 0]",5,75.784712845998
e-singular,250,250,150,1.523158858260018,"c=1,d=1",watanabe,1,2000,4000,0.0,0,0,"[0, 0]",8,52.582970353003475
singular1,250,250,150,1.007020124718415,"c=1,d=1",watanabe,1,2000,4000,0.0,0,0,"[0, 0]",9,56.19657009000366
singular2,250,250,150,1.069771481479873,"c=1,d=1",watanabe,1,2000,4000,0.0,0,0,"[0, 0]",8,60.350392121996265
regular,250,250,150,1.5508339537957978,"c=1,d=2",watanabe,1,2000,4000,0.0,0,0,"[0, 0]",5,45.447048487003485
e-singular,250,250,150,1.7383005760789818,"c=1,d=2",watanabe,1,2000,4000,0.0,0,0,"[0, 0]",8,48.20011734199943
singular1,250,250,150,1.1198574764376745,"c=1,d=2",watanabe,1,2000,4000,0.0,0,0,"[0, 0]",9,57.47377720000077
singular2,250,250,150,0.9085243060941194,"c=1,d=2",watanabe,1,2000,4000,0.0,0,0,"[0, 0]",10,48.09603147699818
regular,250,250,150,1.4486888400629083,"c=1,d=5",watanabe,1,2000,4000,0.0,0,0,"[0, 0]",5,44.22288623700297
e-singular,250,250,150,1.5769616996770652,"c=1,d=5",watanabe,1,2000,4000,0.0,0,0,"[0, 0]",8,50.74030670299544
singular1,250,250,150,0.9782039385361379,"c=1,d=5",watanabe,1,2000,4000,0.0,0,0,"[0, 0]",9,53.397883681995154
singular2,250,250,150,0.9390865457242177,"c=1,d=5",watanabe,1,2000,4000,0.0,0,0,"[0, 0]",10,54.132610912995005
regular,250,250,150,1.4941985588332154,"c=1,d=10",watanabe,1,2000,4000,0.0,0,0,"[0, 0]",5,47.84779445300228
e-singular,250,250,150,1.679385538769175,"c=1,d=10",watanabe,1,2000,4000,0.0,0,0,"[0, 0]",9,44.58978074799961
singular1,250,250,150,0.9384075017028514,"c=1,d=10",watanabe,1,2000,4000,0.0,0,0,"[0, 0]",9,42.52118606300064
singular2,250,250,150,0.9415411045585158,"c=1,d=10",watanabe,1,2000,4000,0.0,0,0,"[0, 0]",9,45.1518935599961
regular,5000,5000,150,1.3338664028854104,"c=1,d=1",watanabe,1,2000,4000,0.0,0,0,"[0, 0]",5,104.69394991200534
e-singular,5000,5000,150,1.4644263473840038,"c=1,d=1",watanabe,1,2000,4000,0.0,0,0,"[0, 0]",7,142.93604728400533
singular1,5000,5000,150,0.8501044009234413,"c=1,d=1",watanabe,1,2000,4000,0.0,0,0,"[0, 0]",10,205.22858412200003
singular2,5000,5000,150,0.7918457101814335,"c=1,d=1",watanabe,1,2000,4000,0.0,0,0,"[0, 0]",9,236.145339763003
regular,5000,5000,150,1.498211063146504,"c=1,d=2",watanabe,1,2000,4000,0.0,0,0,"[0, 0]",5,99.16024416200526
e-singular,5000,5000,150,1.7080735138513978,"c=1,d=2",watanabe,1,2000,4000,0.0,0,0,"[0, 0]",6,131.55919268099387
singular1,5000,5000,150,0.9633763057990137,"c=1,d=2",watanabe,1,2000,4000,0.0,0,0,"[0, 0]",10,278.755952255
singular2,5000,5000,150,0.8288633355520912,"c=1,d=2",watanabe,1,2000,4000,0.0,0,0,"[0, 0]",10,263.98472066700197
regular,5000,5000,150,1.5738173633934271,"c=1,d=5",watanabe,1,2000,4000,0.0,0,0,"[0, 0]",5,99.4605711740005
e-singular,5000,5000,150,1.496174985358606,"c=1,d=5",watanabe,1,2000,4000,0.0,0,0,"[0, 0]",7,128.2555278449945
singular1,5000,5000,150,0.8812846522185409,"c=1,d=5",watanabe,1,2000,4000,0.0,0,0,"[0, 0]",10,272.14493352200225
singular2,5000,5000,150,0.8850158367938358,"c=1,d=5",watanabe,1,2000,4000,0.0,0,0,"[0, 0]",10,333.33311506800237
regular,5000,5000,150,1.5192801326106473,"c=1,d=10",watanabe,1,2000,4000,0.0,0,0,"[0, 0]",6,120.88475797499996
e-singular,5000,5000,150,1.5333406945742736,"c=1,d=10",watanabe,1,2000,4000,0.0,0,0,"[0, 0]",6,159.16325996300293
singular1,5000,5000,150,0.8900383683040682,"c=1,d=10",watanabe,1,2000,4000,0.0,0,0,"[0, 0]",10,371.38886469499994
singular2,5000,5000,150,0.8496284921222368,"c=1,d=10",watanabe,1,2000,4000,0.0,0,0,"[0, 0]",10,384.65814023099665
