,n_trials,x_1,x_2,x_3,x_4,x_5,x_6,x_7,x_8,x_9,x_10,x_11,x_12,x_13,x_14,x_15,x_16,x_17,x_18,x_19,x_20,x_21,x_22,x_23,x_24,x_25,x_26,x_27,x_28,x_29,x_30,x_31,x_32,x_33,x_34,x_35,x_36,x_37,x_38,x_39,x_40,x_41,x_42,x_43,x_44,x_45,x_46,x_47,x_48,x_49,x_50,x_51,x_52,x_53,x_54,x_55,x_56,x_57,x_58,x_59,x_60,x_61,x_62,x_63,x_64,x_65,x_66,x_67,x_68,x_69,x_70,x_71,x_72,x_73,x_74,x_75,x_76,x_77,x_78,x_79,x_80,x_81,x_82,x_83,x_84,x_85,x_86,x_87,x_88,x_89,x_90,x_91,x_92,x_93,x_94,x_95,x_96,x_97,x_98,x_99,x_100,x_101,x_102,x_103,x_104,x_105,x_106,x_107,x_108,x_109,x_110,x_111,x_112,x_113,x_114,x_115,x_116,x_117,x_118,x_119,x_120,x_121,x_122,x_123,x_124,x_125,x_126,x_127,x_128,x_129,x_130,x_131,x_132,x_133,x_134,x_135,x_136,x_137,x_138,x_139,x_140,x_141,x_142,x_143,x_144,x_145,x_146,x_147,x_148,x_149,x_150,x_151,x_152,x_153,x_154,x_155,x_156,x_157,x_158,x_159,x_160,x_161,x_162,x_163,x_164,x_165,x_166,x_167,x_168,x_169,x_170,x_171,x_172,x_173,x_174,x_175,x_176,x_177,x_178,x_179,x_180,x_181,x_182,x_183,x_184,x_185,x_186,x_187,x_188,x_189,x_190,x_191,x_192,x_193,x_194,x_195,x_196,x_197,x_198,x_199,x_200,x_201,x_202,x_203,x_204,x_205,x_206,x_207,x_208,x_209,x_210,x_211,x_212,x_213,x_214,x_215,x_216,x_217,x_218,x_219,x_220,x_221,x_222,x_223,x_224,x_225,x_226,x_227,x_228,x_229,x_230,x_231,x_232,x_233,x_234,x_235,x_236,x_237,x_238,x_239,x_240,x_241,x_242,x_243,x_244,x_245,x_246,x_247,x_248,x_249,x_250,x_251,x_252,x_253,x_254,x_255,x_256,x_257,x_258,x_259,x_260,x_261,x_262,x_263,x_264,x_265,x_266,x_267,x_268,x_269,x_270,x_271,x_272,x_273,x_274,x_275,x_276,x_277,x_278,x_279,x_280,x_281,x_282,x_283,x_284,x_285,x_286,x_287,x_288,x_289,x_290,x_291,x_292,x_293,x_294,x_295,x_296,x_297,x_298,x_299,x_300,x_301,x_302,x_303,x_304,x_305,x_306,x_307,x_308,x_309,x_310,x_311,x_312,x_313,x_314,x_315,x_316,x_317,x_318,x_319,x_320,x_321,x_322,x_323,x_324,x_325,x_326,x_327,x_328,x_329,x_330,x_331,x_332,x_333,x_334,x_335,x_336,x_337,x_338,x_339,x_340,x_341,x_342,x_343,x_344,x_345,x_346,x_347,x_348,x_349,x_350,x_351,x_352,x_353,x_354,x_355,x_356,x_357,x_358,x_359,x_360,x_361,x_362,x_363,x_364,x_365,x_366,x_367,x_368,x_369,x_370,x_371,x_372,x_373,x_374,x_375,x_376,x_377,x_378,x_379,x_380,x_381,x_382,x_383,x_384,x_385,x_386,x_387,x_388,x_389,x_390,x_391,x_392,x_393,x_394,x_395,x_396,x_397,x_398,x_399,x_400,x_401,x_402,x_403,x_404,x_405,x_406,x_407,x_408,x_409,x_410,x_411,x_412,x_413,x_414,x_415,x_416,x_417,x_418,x_419,x_420,x_421,x_422,x_423,x_424,x_425,x_426,x_427,x_428,x_429,x_430,x_431,x_432,x_433,x_434,x_435,x_436,x_437,x_438,x_439,x_440,x_441,x_442,x_443,x_444,x_445,x_446,x_447,x_448,x_449,x_450,x_451,x_452,x_453,x_454,x_455,x_456,x_457,x_458,x_459,x_460,x_461,x_462,x_463,x_464,x_465,x_466,x_467,x_468,x_469,x_470,x_471,x_472,x_473,x_474,x_475,x_476,x_477,x_478,x_479,x_480,x_481,x_482,x_483,x_484,x_485,x_486,x_487,x_488,x_489,x_490,x_491,x_492,x_493,x_494,x_495,x_496,x_497,x_498,x_499,x_500,x_501,x_502,x_503,x_504,x_505,x_506,x_507,x_508,x_509,x_510,x_511,x_512,x_513,x_514,x_515,x_516,x_517,x_518,x_519,x_520,x_521,x_522,x_523,x_524,x_525,x_526,x_527,x_528,x_529,x_530,x_531,x_532,x_533,x_534,x_535,x_536,x_537,x_538,x_539,x_540,x_541,x_542,x_543,x_544,x_545,x_546,x_547,x_548,x_549,x_550,x_551,x_552,x_553,x_554,x_555,x_556,x_557,x_558,x_559,x_560,x_561,x_562,x_563,x_564,x_565,x_566,x_567,x_568,x_569,x_570,x_571,x_572,x_573,x_574,x_575,x_576,x_577,x_578,x_579,x_580,x_581,x_582,x_583,x_584,x_585,x_586,x_587,x_588,x_589,x_590,x_591,x_592,x_593,x_594,x_595,x_596,x_597,x_598,x_599,x_600,x_601,x_602,x_603,x_604,x_605,x_606,x_607,x_608,x_609,x_610,x_611,x_612,x_613,x_614,x_615,x_616,x_617,x_618,x_619,x_620,x_621,x_622,x_623,x_624,x_625,x_626,x_627,x_628,x_629,x_630,x_631,x_632,x_633,x_634,x_635,x_636,x_637,x_638,x_639,x_640,x_641,x_642,x_643,x_644,x_645,x_646,x_647,x_648,x_649,x_650,x_651,x_652,x_653,x_654,x_655,x_656,x_657,x_658,x_659,x_660,x_661,x_662,x_663,x_664,x_665,x_666,x_667,x_668,x_669,x_670,x_671,x_672,x_673,x_674,x_675,x_676,x_677,x_678,x_679,x_680,x_681,x_682,x_683,x_684,x_685,x_686,x_687,x_688,x_689,x_690,x_691,x_692,x_693,x_694,x_695,x_696,x_697,x_698,x_699,x_700,x_701,x_702,x_703,x_704,x_705,x_706,x_707,x_708,x_709,x_710,x_711,x_712,x_713,x_714,x_715,x_716,x_717,x_718,x_719,x_720,x_721,x_722,x_723,x_724,x_725,x_726,x_727,x_728,x_729,x_730,x_731,x_732,x_733,x_734,x_735,x_736,x_737,x_738,x_739,x_740,x_741,x_742,x_743,x_744,x_745,x_746,x_747,x_748,x_749,x_750,x_751,x_752,x_753,x_754,x_755,x_756,x_757,x_758,x_759,x_760,x_761,x_762,x_763,x_764,x_765,x_766,x_767,x_768,x_769,x_770,x_771,x_772,x_773,x_774,x_775,x_776,x_777,x_778,x_779,x_780,x_781,x_782,x_783,x_784,x_785,x_786,x_787,x_788,x_789,x_790,x_791,x_792,x_793,x_794,x_795,x_796,x_797,x_798,x_799,x_800,x_801,x_802,x_803,x_804,x_805,x_806,x_807,x_808,x_809,x_810,x_811,x_812,x_813,x_814,x_815,x_816,x_817,x_818,x_819,x_820,x_821,x_822,x_823,x_824,x_825,x_826,x_827,x_828,x_829,x_830,x_831,x_832,x_833,x_834,x_835,x_836,x_837,x_838,x_839,x_840,x_841,x_842,x_843,x_844,x_845,x_846,x_847,x_848,x_849,x_850,x_851,x_852,x_853,x_854,x_855,x_856,x_857,x_858,x_859,x_860,x_861,x_862,x_863,x_864,x_865,x_866,x_867,x_868,x_869,x_870,x_871,x_872,x_873,x_874,x_875,x_876,x_877,x_878,x_879,x_880,x_881,x_882,x_883,x_884,x_885,x_886,x_887,x_888,x_889,x_890,x_891,x_892,x_893,x_894,x_895,x_896,x_897,x_898,x_899,x_900,x_901,x_902,x_903,x_904,x_905,x_906,x_907,x_908,x_909,x_910,x_911,x_912,x_913,x_914,x_915,x_916,x_917,x_918,x_919,x_920,x_921,x_922,x_923,x_924,x_925,x_926,x_927,x_928,x_929,x_930,x_931,x_932,x_933,x_934,x_935,x_936,x_937,x_938,x_939,x_940,x_941,x_942,x_943,x_944,x_945,x_946,x_947,x_948,x_949,x_950,x_951,x_952,x_953,x_954,x_955,x_956,x_957,x_958,x_959,x_960,x_961,x_962,x_963,x_964,x_965,x_966,x_967,x_968,x_969,x_970,x_971,x_972,x_973,x_974,x_975,x_976,x_977,x_978,x_979,x_980,x_981,x_982,x_983,x_984,x_985,x_986,x_987,x_988,x_989,x_990,x_991,x_992,x_993,x_994,x_995,x_996,x_997,x_998,x_999,x_1000
0,100,28,31,28,30,28,29,29,39,29,34,34,32,29,34,32,27,15,26,25,22,32,30,34,29,28,33,25,33,35,27,26,18,25,31,41,30,38,32,37,28,28,32,27,29,32,28,29,26,29,26,26,30,28,38,22,34,26,41,28,33,29,28,29,39,24,23,30,33,26,28,32,30,27,33,23,33,29,35,26,32,25,23,35,31,31,27,31,31,28,29,32,30,32,30,40,25,31,26,26,29,30,29,24,22,31,29,23,29,31,32,25,36,38,32,28,32,32,25,37,36,33,34,31,34,25,24,27,35,36,27,21,26,34,36,32,30,30,32,30,34,20,20,27,32,32,34,38,26,26,38,34,32,26,29,28,32,27,27,33,38,26,37,30,31,32,37,29,31,31,39,27,30,29,32,34,27,35,23,42,27,41,34,26,32,23,27,30,29,33,32,36,28,28,32,24,30,32,23,27,26,31,30,27,24,34,32,31,31,22,31,32,29,30,27,22,33,34,32,32,36,26,33,22,34,28,28,32,34,34,29,23,30,29,26,23,25,28,28,26,28,35,31,31,30,36,33,23,32,28,30,28,22,38,25,34,34,29,30,36,33,32,28,39,33,33,29,30,40,25,24,27,30,27,34,32,24,34,35,27,28,34,33,34,32,31,33,24,31,25,37,34,25,25,29,29,41,24,32,31,42,31,30,29,30,27,30,23,34,27,24,28,24,34,34,31,28,27,34,32,28,27,20,35,21,23,22,34,30,33,33,23,31,31,33,29,25,30,31,27,37,37,32,35,35,33,24,27,33,32,32,24,30,28,24,32,34,28,35,38,30,32,34,32,26,33,27,29,33,25,34,33,31,25,21,29,22,26,30,32,21,28,33,32,29,33,31,30,27,24,33,32,38,27,27,25,35,39,28,30,29,33,18,28,27,30,24,31,29,26,40,30,25,32,27,31,32,32,28,33,31,31,32,34,35,33,33,36,26,33,35,31,32,31,28,25,25,34,31,30,31,37,35,42,27,22,34,32,37,26,32,21,33,36,32,26,32,34,30,31,31,25,38,28,26,33,28,32,27,34,36,37,34,32,30,30,33,22,33,29,30,32,26,17,25,30,33,36,26,28,23,28,26,35,29,26,40,28,36,35,34,34,34,28,23,30,38,34,27,28,32,26,33,43,35,28,22,25,28,27,29,34,29,34,25,41,38,30,29,26,26,35,30,31,34,21,29,26,28,31,31,36,26,26,29,35,29,28,25,27,33,33,27,37,34,22,35,28,24,37,35,36,30,35,28,24,35,31,28,30,37,30,36,25,27,28,30,26,32,24,22,38,24,40,34,27,27,31,28,37,32,33,25,28,25,26,31,32,31,33,37,28,21,31,26,26,44,37,33,25,32,33,30,31,26,33,24,27,23,34,31,27,38,37,39,24,27,28,34,32,26,23,32,34,30,36,35,29,29,30,34,30,27,27,34,19,26,31,24,31,31,21,22,34,25,25,26,33,31,27,28,20,33,22,36,32,20,22,31,31,38,36,34,32,28,32,28,35,30,30,35,35,29,27,40,33,29,30,25,39,35,30,25,24,25,31,27,29,30,27,35,23,30,28,35,33,27,38,34,41,29,23,31,30,28,23,34,39,32,26,30,34,26,32,35,22,29,27,22,32,32,31,30,36,31,26,41,28,23,32,30,27,27,32,34,34,28,29,34,31,29,31,31,29,26,30,25,29,36,28,26,25,37,31,34,32,25,29,24,25,28,33,26,28,34,31,24,30,37,30,29,28,30,38,31,24,33,38,38,31,27,30,21,36,16,34,24,29,27,30,21,30,28,27,29,31,18,39,25,30,31,23,41,37,27,32,30,30,30,31,34,32,35,25,39,36,27,32,31,26,42,33,36,24,26,23,29,24,28,32,32,27,33,36,29,27,28,35,38,33,32,28,29,30,34,27,26,32,26,26,28,36,28,30,32,30,32,26,33,32,32,35,29,23,29,36,23,31,24,37,33,31,29,36,32,35,24,32,29,31,36,26,27,39,34,36,18,22,29,26,37,25,19,37,31,35,33,24,27,40,23,33,25,23,33,25,20,22,27,32,33,39,30,29,30,27,31,28,32,34,21,26,32,37,33,32,24,27,25,36,33,32,38,28,23,27,27,31,26,25,26,34,20,33,29,33,31,28,33,34,25,27,29,34,28,22,24,34,28,25,29,38,32,26,33,36,31,33,32,32,45,29,43,24,32,29,34,31,27,30,30,24,29,36,31,33,40,36,29,29,30
1,100,32,25,36,27,22,26,30,32,23,38,35,21,32,32,30,34,25,36,32,27,33,36,28,31,31,25,33,27,28,25,26,23,28,31,36,35,31,32,30,27,30,33,27,35,34,22,22,28,37,24,33,26,33,38,29,23,23,29,25,28,28,22,30,33,40,29,27,26,30,36,27,29,39,28,28,33,21,23,26,30,22,23,26,23,25,28,35,22,32,35,33,28,20,32,34,24,33,29,30,30,31,27,26,31,26,30,33,32,36,30,31,28,31,33,28,30,27,15,26,29,26,24,33,39,31,27,32,21,33,32,33,35,25,34,35,34,30,40,24,29,30,31,34,40,25,27,28,29,38,38,33,34,30,27,29,33,31,39,33,33,34,23,28,38,34,22,30,34,32,27,36,26,40,34,28,27,29,20,39,30,30,27,33,32,36,26,24,30,27,32,25,32,31,25,34,26,36,39,25,36,24,36,32,30,27,24,40,29,27,29,33,23,24,30,30,31,27,31,34,28,32,27,30,31,25,30,32,33,23,29,30,29,26,34,26,38,28,33,33,26,35,39,23,30,33,41,26,28,26,25,31,26,20,25,36,41,33,40,25,39,25,31,28,39,28,31,36,30,33,29,32,36,31,32,31,23,21,27,33,33,31,31,30,28,31,28,25,32,23,26,28,34,24,29,25,29,33,33,31,25,24,26,27,25,31,32,25,26,30,35,31,30,30,33,30,30,31,20,33,35,32,33,31,33,23,36,31,23,40,25,32,29,35,38,28,37,24,25,31,30,19,32,29,26,33,25,25,38,36,31,35,38,26,34,34,34,36,20,29,31,33,36,30,30,28,32,25,32,29,39,25,26,31,27,33,16,33,33,30,21,23,26,28,29,31,35,33,29,19,26,28,26,27,35,21,33,30,34,36,30,27,34,28,29,34,27,30,27,36,31,28,29,28,28,24,32,34,32,25,32,31,26,25,33,24,31,25,29,26,26,30,31,31,22,33,38,23,29,28,41,35,33,35,29,26,31,40,27,26,25,35,29,27,29,31,23,35,28,32,35,27,32,27,33,33,38,25,29,28,27,33,27,38,32,31,32,44,32,24,26,27,28,32,32,29,23,27,32,27,28,28,30,28,22,29,39,28,28,41,25,31,29,39,29,16,24,28,30,33,34,31,41,31,31,23,29,24,29,34,31,37,34,28,26,32,23,30,19,32,32,23,36,29,34,25,34,32,33,24,36,36,30,30,31,30,29,33,26,36,38,18,28,25,24,30,43,32,24,26,20,26,21,24,28,37,39,36,29,23,34,28,29,28,39,29,25,31,24,40,30,30,35,24,28,26,36,35,23,42,33,37,19,32,30,30,32,30,39,24,32,30,27,30,30,23,33,32,24,27,34,30,40,27,30,25,40,35,36,30,31,38,25,26,33,31,27,36,28,25,32,35,29,29,33,32,20,29,27,20,26,27,27,29,35,28,31,35,28,27,36,23,30,30,33,30,39,36,26,32,38,32,23,28,34,38,36,28,43,34,33,25,22,33,42,33,28,28,30,31,32,38,30,35,36,25,26,33,24,35,27,32,33,30,31,35,25,29,28,28,39,31,28,32,29,30,35,37,20,33,32,36,30,25,26,28,30,23,25,24,24,26,23,27,29,29,20,30,30,32,35,28,28,36,31,22,24,40,30,34,29,30,30,30,41,23,33,28,30,30,26,32,35,28,36,25,27,29,30,40,26,29,25,25,27,25,32,37,30,29,29,31,32,29,32,28,33,25,31,22,38,26,33,30,30,36,35,28,21,34,39,29,28,28,32,28,26,35,32,35,29,30,33,32,30,26,28,29,31,40,30,32,28,29,31,24,31,28,33,28,32,30,29,25,31,23,29,22,36,31,27,32,31,27,44,30,34,34,39,25,22,37,25,30,32,25,25,30,29,27,35,34,40,22,44,28,28,33,19,34,31,34,32,37,33,37,28,32,30,23,26,30,24,37,27,26,23,31,31,28,23,27,32,31,29,23,31,33,29,22,28,45,27,30,25,35,28,21,32,30,22,30,19,32,43,28,25,26,28,31,21,32,33,25,31,26,26,25,30,32,29,25,28,25,30,31,26,34,40,22,34,32,36,35,41,25,31,30,20,29,28,31,30,29,27,27,25,32,27,25,35,30,41,25,27,34,22,32,28,34,30,31,29,33,26,34,48,32,28,30,30,33,24,32,34,31,24,31,36,27,33,27,32,37,33,29,33,28,28,31,32,31,29,27,37,26,37,26,31,25,33
2,100,36,39,32,30,28,22,31,27,29,29,32,39,26,33,44,27,32,32,32,26,32,24,33,32,32,25,24,29,19,38,32,32,22,34,31,31,38,28,36,31,23,30,24,36,27,28,30,27,31,41,30,32,29,34,24,39,26,36,28,38,26,29,25,28,26,30,26,29,27,32,25,31,27,33,25,33,33,29,25,31,35,22,32,27,37,35,26,31,31,29,27,35,29,24,29,39,34,24,29,29,24,33,29,35,25,31,24,26,30,28,32,22,30,32,32,26,37,31,37,30,28,29,33,31,26,29,36,27,35,30,25,34,27,36,32,36,36,28,36,30,33,28,33,26,39,28,30,29,30,26,26,29,28,33,28,38,28,28,36,25,25,28,29,39,32,26,26,33,30,35,27,35,28,29,30,40,40,26,36,38,22,34,34,32,30,31,26,28,25,26,28,27,30,36,22,22,34,35,35,35,26,28,23,34,36,30,29,29,26,33,32,26,34,23,35,26,34,26,31,33,33,21,29,29,33,31,32,30,34,29,39,37,36,25,34,33,27,33,32,28,27,31,29,40,37,34,27,32,26,24,31,24,34,31,27,28,32,26,30,27,33,31,30,31,24,40,30,22,27,32,34,32,31,34,35,32,36,25,35,39,35,30,28,27,29,25,21,34,31,35,38,35,26,35,32,25,31,36,29,41,36,37,28,26,32,32,24,38,23,28,32,25,28,29,30,31,33,31,22,26,27,30,32,28,23,28,32,32,25,22,29,32,32,37,31,19,36,32,28,25,34,27,30,27,26,40,28,24,30,28,24,32,27,25,28,29,38,34,34,33,27,25,30,23,38,28,26,29,34,27,32,29,34,32,31,34,27,36,27,35,26,29,34,24,38,43,41,36,31,31,37,37,26,31,27,29,33,33,30,31,34,41,32,18,36,27,32,28,26,30,37,37,27,27,38,37,35,34,34,35,30,41,25,31,22,37,22,40,43,33,24,24,37,31,27,28,35,26,31,36,33,30,28,27,29,29,27,27,29,28,29,33,39,32,41,24,25,37,29,28,23,34,25,36,29,27,21,33,30,30,30,26,27,26,30,27,29,26,38,29,24,29,31,25,25,32,31,27,32,33,31,29,29,28,26,25,34,30,31,29,33,32,33,27,31,25,33,34,38,32,32,30,21,31,29,30,25,35,24,27,33,34,25,34,34,38,25,25,24,29,29,32,39,35,28,30,29,20,31,27,32,34,36,28,33,26,29,31,22,31,33,32,33,26,28,30,32,35,36,31,33,27,33,28,29,25,36,27,27,25,39,31,33,29,31,37,33,24,25,30,36,26,35,33,30,29,33,23,36,27,31,30,26,33,24,33,28,28,28,37,32,25,27,39,28,33,23,33,28,29,20,25,37,23,31,31,30,21,20,33,31,32,31,30,34,30,26,33,24,34,29,30,24,30,24,33,34,33,24,31,39,32,32,23,34,37,26,26,21,33,21,28,34,32,36,29,35,29,34,29,32,23,28,36,31,27,28,28,27,38,29,26,31,31,27,26,32,31,26,27,24,25,34,29,28,34,29,29,33,39,34,26,29,30,30,33,32,33,36,32,18,24,31,28,28,34,31,38,30,18,20,34,32,31,34,36,31,37,20,34,25,37,24,26,33,35,23,31,44,33,27,26,34,40,39,31,33,22,25,29,26,28,44,31,33,31,30,37,26,30,32,35,32,32,37,28,31,32,28,27,27,34,30,26,32,33,26,30,22,33,32,32,26,27,37,26,32,25,31,28,22,30,31,31,20,29,28,35,30,28,30,31,25,33,26,24,36,31,30,29,28,31,28,22,27,30,30,30,33,32,36,22,31,23,32,25,30,32,23,31,31,28,33,39,28,28,31,30,29,31,28,31,30,37,34,30,29,24,30,23,31,19,30,24,28,31,32,34,34,35,27,40,21,32,24,33,34,32,30,35,36,32,33,40,31,34,21,31,31,31,32,24,20,34,28,25,23,34,31,26,32,40,39,24,34,24,33,25,35,41,28,23,26,28,40,24,28,29,25,25,26,24,28,32,24,28,23,29,31,29,25,30,30,32,27,32,36,26,33,32,30,31,36,23,33,34,30,25,26,34,32,25,27,32,23,24,20,30,29,24,31,32,24,24,36,30,30,29,28,28,34,30,37,29,26,25,27,26,25,26,34,28,31,30,32,34,28,40,24,24,33,31,30,38,20,27,33,28,32,20,31,26,31,36,41,27,39,37,33,27,27,26,31,37,31,32,27,29,27,27
3,100,31,34,31,35,31,39,28,28,37,35,21,25,31,30,24,22,22,29,27,26,26,32,39,30,26,27,32,31,25,24,27,25,31,28,29,32,30,32,32,29,31,27,26,31,30,28,29,31,25,24,30,29,25,25,29,34,31,34,25,23,38,26,33,34,30,32,28,29,24,30,31,42,31,30,26,30,34,31,29,26,25,28,37,38,29,26,30,23,30,26,35,29,31,30,30,26,23,35,27,24,23,30,33,27,38,40,29,32,26,27,38,29,30,34,26,34,26,37,28,19,33,32,24,29,32,25,32,26,33,26,31,30,36,30,28,34,28,24,38,19,31,32,35,25,23,31,34,29,38,36,26,27,30,32,32,38,28,22,37,34,33,27,28,44,32,35,24,27,34,39,37,31,25,32,31,36,36,24,28,31,37,29,25,30,30,27,26,30,39,22,31,28,25,28,28,32,26,29,32,24,33,24,26,30,32,33,40,36,27,32,35,27,37,29,33,22,24,29,37,37,28,32,29,22,31,32,29,33,35,35,20,40,35,39,25,32,26,30,31,30,27,38,29,24,18,34,32,26,30,27,32,31,32,30,26,31,32,32,32,28,26,27,24,29,35,34,33,25,23,26,22,33,30,25,27,25,31,24,29,33,27,30,32,31,31,36,32,35,25,31,31,25,29,35,31,34,31,23,31,31,31,30,33,30,29,34,24,36,26,23,32,33,32,36,32,27,26,29,39,28,29,35,33,25,33,39,20,39,40,28,24,32,28,34,22,21,36,34,25,31,35,32,36,30,34,26,30,25,44,30,28,37,37,32,31,29,26,38,37,36,30,36,29,23,25,34,28,31,30,34,28,27,36,37,34,27,30,32,32,34,32,30,34,30,35,24,26,29,26,35,30,21,39,35,33,28,28,25,35,42,29,30,25,35,27,23,32,26,32,30,34,24,24,30,31,32,29,28,31,32,26,35,35,29,28,38,27,24,32,39,30,28,31,29,37,30,30,29,22,29,32,29,38,26,31,28,26,28,23,31,28,32,35,34,26,21,37,27,26,32,22,30,34,25,34,28,29,28,38,28,33,31,22,38,37,27,29,34,30,32,38,32,24,25,28,25,39,30,25,31,30,29,37,33,33,29,32,28,22,28,28,29,31,29,35,30,36,37,31,33,33,33,23,35,26,34,34,18,23,27,31,27,27,31,26,33,28,28,28,34,36,28,26,33,29,21,31,35,32,36,40,24,36,34,25,30,34,20,28,29,23,33,31,22,22,20,33,27,23,21,29,32,27,35,38,27,35,22,32,29,29,24,28,27,31,35,34,36,25,32,31,24,36,29,27,37,30,40,27,25,27,32,35,22,29,30,28,24,22,16,37,35,20,31,36,26,31,29,26,26,35,35,20,32,33,27,22,19,33,23,33,23,26,32,27,26,23,26,37,27,32,45,30,32,31,31,25,35,29,30,35,36,27,31,23,28,35,28,30,31,32,30,23,33,34,24,34,36,29,30,36,27,33,28,28,39,27,32,26,28,27,26,25,33,26,23,34,29,27,32,32,25,26,26,28,35,26,35,23,30,29,27,36,31,24,28,29,31,31,27,30,23,33,28,29,26,26,29,30,29,38,31,30,28,29,27,31,29,23,25,31,26,30,30,26,34,28,33,35,32,25,28,34,32,28,26,38,33,22,25,26,30,31,27,39,34,28,34,36,29,30,24,25,28,27,31,33,30,28,33,32,33,30,27,30,27,23,28,29,32,32,28,23,20,25,34,29,37,33,33,32,33,30,31,28,31,35,28,28,34,28,27,35,26,30,26,28,36,30,40,30,27,28,31,26,26,30,28,30,26,37,31,28,30,29,27,31,34,24,28,41,34,36,39,31,37,28,39,33,26,35,32,27,37,33,33,34,29,37,34,29,28,28,28,26,30,26,24,33,41,27,31,30,35,33,27,29,27,30,24,24,28,31,35,25,28,35,29,28,32,33,28,24,30,30,24,31,33,29,22,23,31,21,36,32,28,32,22,31,29,29,32,33,31,36,28,36,30,38,24,32,29,30,36,36,21,35,38,36,27,39,33,32,19,36,32,29,36,29,28,28,27,32,31,29,28,26,28,32,24,26,31,29,35,24,29,35,33,37,33,36,31,29,27,41,34,31,34,27,26,28,23,26,35,33,37,34,31,27,23,27,21,32,39,35,34,32,27,31,31,30,29,35,32,35,26,28,34,30,25,28,26,27,22,30,24,35,29,27,31,21,31,27,32,36,30,31,35,34,43
4,100,22,24,38,26,28,35,31,26,22,25,37,29,32,30,27,21,20,28,32,30,43,36,37,33,37,27,31,27,33,29,28,28,40,27,27,27,36,30,24,23,31,28,30,33,30,29,24,35,32,28,43,29,36,27,24,36,23,41,24,33,32,26,25,36,31,25,36,29,29,26,34,26,21,30,30,28,28,30,28,26,35,30,29,24,31,27,25,26,30,30,33,30,37,27,34,31,36,23,31,28,28,29,30,35,20,33,39,35,41,21,29,37,32,23,32,30,23,28,29,32,22,33,27,35,31,34,31,29,43,30,33,37,26,31,36,21,25,34,27,38,35,31,23,31,29,28,27,28,24,31,32,32,24,24,29,28,29,29,24,33,26,29,32,34,32,31,30,30,27,21,32,27,28,27,25,33,32,21,30,29,26,29,29,27,31,28,25,26,31,27,26,25,30,31,28,25,30,32,32,38,36,25,29,38,32,33,25,19,34,17,29,18,26,44,38,34,28,26,29,23,27,28,31,29,32,29,28,33,25,21,29,32,27,20,36,31,22,30,22,23,30,34,30,35,28,39,24,23,39,33,25,31,24,31,28,28,22,23,33,26,29,30,30,33,26,28,32,38,26,29,32,34,29,25,27,29,29,34,36,35,31,24,29,27,25,23,25,35,31,40,24,20,35,33,28,33,31,32,29,28,34,31,27,30,24,29,32,29,30,27,27,25,25,26,37,28,31,29,33,35,31,28,30,26,30,29,27,25,33,27,25,27,26,30,34,34,33,25,37,23,30,31,36,25,36,37,30,36,28,29,19,28,27,29,27,32,26,33,31,26,30,34,27,26,31,27,40,26,19,25,26,28,29,32,33,24,20,39,34,32,27,34,27,21,31,31,29,33,29,28,28,35,26,35,31,19,31,34,39,29,47,30,37,35,32,39,33,28,29,32,27,23,25,30,26,35,31,26,38,28,24,20,30,31,36,37,29,39,33,24,36,38,20,16,31,29,25,26,30,32,29,26,31,28,30,33,31,27,32,37,32,30,25,26,27,37,28,34,32,29,25,20,27,41,33,32,28,28,31,25,31,42,31,21,27,34,33,32,32,28,34,27,26,36,39,29,29,32,23,27,25,31,38,32,19,36,33,36,32,32,32,33,30,35,32,35,38,33,30,36,28,32,30,31,31,23,31,31,29,27,32,24,36,37,25,27,27,28,38,24,29,27,29,29,25,24,37,38,30,28,25,27,26,38,29,35,25,31,37,36,25,33,30,28,26,25,32,29,23,31,38,29,28,30,33,23,23,32,32,29,29,32,28,32,26,31,29,31,36,24,23,32,36,28,24,29,30,26,22,34,35,27,31,24,26,32,31,30,34,33,34,24,25,21,30,33,23,34,34,36,35,34,28,26,31,26,27,35,22,28,32,29,31,30,30,34,26,31,32,30,33,28,26,30,29,31,16,33,29,37,35,27,33,32,26,17,22,34,23,24,37,25,24,29,23,27,29,38,36,34,37,27,26,26,43,36,31,31,30,31,23,34,29,29,29,19,25,31,19,25,32,28,34,24,29,31,30,34,29,37,28,36,36,38,23,33,33,26,27,35,19,32,38,27,31,34,27,30,33,31,36,22,26,38,28,29,32,28,30,28,29,26,30,30,27,35,28,23,33,28,32,35,33,23,29,36,33,30,30,31,37,22,31,39,39,37,28,30,26,28,29,32,34,30,36,31,30,34,31,35,35,29,35,24,30,33,38,26,30,24,33,25,32,27,32,39,34,34,34,31,22,27,35,25,31,23,30,32,36,34,27,19,31,30,33,25,25,22,30,23,28,26,35,42,26,28,28,33,31,30,26,30,33,22,24,35,36,24,19,29,25,29,30,23,32,27,30,32,26,35,30,32,30,32,34,32,27,34,27,27,38,32,29,25,29,28,24,33,31,30,21,24,31,34,27,27,18,27,28,33,37,30,42,24,26,22,30,25,21,33,34,30,30,30,33,25,23,35,35,32,31,26,34,22,28,31,33,38,39,27,28,26,34,34,32,22,31,27,33,34,29,37,31,31,30,35,32,30,28,30,35,18,28,30,34,35,27,35,32,24,30,27,28,23,22,31,24,29,35,29,22,33,32,37,35,30,24,24,40,34,31,22,28,33,28,37,27,26,34,28,32,27,36,27,23,31,36,35,35,24,25,33,34,31,25,35,26,34,30,31,31,39,29,31,26,26,25,28,30,37,34,31,25,44,34,30,26,22,32,36,27,32,34,32,25,25,31,27,25,38
5,100,38,28,32,44,33,28,28,35,35,30,39,25,28,28,32,28,29,29,15,40,28,21,30,29,30,38,33,27,29,32,25,19,25,27,33,21,25,22,19,25,35,32,25,21,32,29,34,31,40,27,35,34,29,29,44,21,30,35,32,33,24,29,32,28,25,31,33,28,25,25,24,30,27,24,31,28,33,32,33,29,30,30,33,25,35,28,32,25,19,28,30,31,31,31,28,20,29,31,33,29,31,32,35,24,34,34,26,31,32,32,26,16,36,32,28,26,30,30,28,24,32,36,39,30,32,26,30,37,26,32,24,20,27,37,39,24,24,33,31,30,31,29,27,25,32,31,34,32,28,30,26,33,31,24,34,29,25,35,36,28,35,31,35,28,30,32,26,26,39,39,25,30,33,32,28,31,27,35,30,29,30,33,38,27,28,25,33,29,28,27,32,31,30,29,24,27,33,24,31,36,32,35,28,30,25,30,29,31,28,23,19,31,34,29,26,36,28,25,38,34,38,29,26,31,40,29,31,26,23,36,32,26,35,44,29,27,29,26,26,40,29,30,37,30,25,21,30,26,23,36,30,28,30,26,30,25,33,28,35,33,37,23,31,29,31,37,22,30,27,28,31,40,28,32,24,35,34,32,27,36,33,25,30,24,31,27,27,33,31,34,35,31,36,28,28,29,27,34,36,29,30,30,33,24,32,29,26,25,32,30,38,26,22,30,30,29,29,31,25,20,27,33,34,30,30,26,23,34,28,27,28,28,30,30,30,31,23,35,32,34,36,29,28,32,28,26,29,26,33,31,26,38,30,32,27,33,27,27,26,22,31,33,28,29,25,32,26,28,26,38,31,27,28,22,26,29,29,33,30,35,25,31,31,28,26,30,28,31,29,21,32,28,32,36,30,24,37,25,27,34,27,34,36,25,33,27,26,24,33,25,34,33,33,25,35,26,19,27,33,33,31,31,33,33,31,26,21,29,30,36,33,27,30,30,27,33,29,33,36,38,34,34,33,34,29,29,34,28,37,24,40,27,31,28,28,38,30,40,26,35,25,31,26,32,25,27,21,32,27,26,34,34,37,26,27,39,41,24,29,38,26,28,27,31,29,28,39,30,32,35,44,42,34,28,30,31,27,30,25,36,23,30,26,28,27,32,27,27,27,30,37,26,18,29,31,30,31,29,34,33,22,29,18,26,31,34,33,32,28,33,30,30,27,33,28,28,35,28,37,34,22,25,40,27,30,27,30,28,23,32,34,31,26,24,25,29,26,32,35,30,25,34,34,25,43,37,25,28,31,26,28,35,36,22,30,27,30,26,21,37,26,36,34,25,38,31,28,35,36,28,30,37,33,36,22,31,29,29,28,31,28,36,26,35,22,40,32,25,30,24,31,20,18,37,29,31,29,33,27,19,31,31,30,31,35,36,29,25,32,30,23,34,26,23,24,21,30,38,26,27,32,23,24,26,38,26,37,29,31,24,30,25,22,31,25,25,30,26,33,35,38,24,24,28,27,28,28,32,25,38,31,35,33,29,30,31,26,30,32,36,28,28,34,25,33,30,36,33,31,27,32,25,34,37,24,29,25,27,27,32,27,27,33,25,31,31,30,31,32,32,23,27,24,33,37,31,33,36,24,35,30,31,17,29,31,31,24,20,30,28,29,24,33,37,28,26,23,26,27,29,36,32,20,23,27,31,31,26,38,32,32,23,33,23,37,29,30,27,32,37,29,31,32,31,32,24,30,36,34,31,21,31,28,35,24,32,29,38,23,42,36,35,34,28,28,27,31,27,29,27,29,31,34,27,31,35,34,31,28,33,19,30,46,24,32,38,30,26,26,33,33,27,33,28,28,34,26,34,27,29,24,26,35,28,29,38,42,34,24,36,34,30,23,27,28,28,26,36,30,27,30,29,36,29,23,28,35,30,27,27,29,28,33,36,29,26,32,39,26,27,30,28,27,35,22,35,33,33,22,30,33,20,32,29,37,36,37,31,32,25,33,28,34,26,28,30,30,28,29,25,31,31,28,36,33,30,23,35,23,32,33,25,28,31,33,28,35,31,29,37,37,29,27,27,34,36,27,31,30,33,22,35,32,26,28,24,33,31,27,26,31,24,29,25,36,34,34,26,34,28,30,22,26,29,36,35,23,31,38,30,27,31,25,22,33,30,40,37,27,31,23,36,30,27,24,27,36,25,22,27,32,37,33,25,29,22,23,30,27,26,31,37,24,33,26,23,23,35,29,31,40,39,36,37,25,33,27,29,34,24
6,100,26,32,30,26,38,32,28,34,31,24,25,31,31,25,24,28,31,28,31,34,24,33,30,36,32,40,33,35,21,37,33,30,20,31,30,26,32,28,26,37,29,35,29,34,29,37,38,28,29,29,27,36,29,20,33,27,34,32,23,28,37,29,19,23,35,29,31,28,30,35,24,31,20,25,28,29,27,38,22,32,35,23,29,28,28,35,27,29,35,23,40,24,37,33,29,30,26,39,26,28,31,28,27,29,38,33,25,38,34,30,30,29,31,22,37,33,21,30,19,34,24,30,30,23,27,32,29,30,27,35,29,24,29,33,23,31,27,29,24,30,28,32,31,28,35,27,31,32,32,24,28,31,28,33,28,28,31,20,25,34,33,26,38,32,32,29,24,33,29,30,25,38,30,37,25,38,26,33,27,33,31,35,29,29,22,26,34,21,30,24,31,31,24,34,30,35,26,23,33,23,28,31,29,31,30,38,34,29,36,34,29,25,27,25,34,26,33,39,26,34,25,31,28,33,29,29,37,26,35,36,35,31,35,33,32,41,37,29,34,32,26,27,33,30,26,27,40,26,37,28,20,28,37,23,24,26,39,37,35,36,35,26,32,25,27,33,30,28,28,28,38,31,31,29,27,31,28,29,34,32,30,28,26,32,29,35,25,27,34,27,26,30,33,32,30,25,29,23,26,20,26,33,30,31,29,28,32,34,24,31,38,32,23,33,36,26,25,37,22,35,30,25,25,31,27,38,34,29,26,30,30,40,37,30,24,32,31,25,36,27,28,40,32,29,32,37,27,21,29,29,38,36,34,34,23,29,32,28,20,30,29,27,31,38,26,29,32,31,35,32,21,29,32,35,31,31,23,25,31,33,27,29,31,36,35,31,28,32,30,27,30,34,28,27,25,34,37,23,28,33,29,29,30,34,31,37,39,33,29,30,28,27,35,34,20,30,32,35,30,38,22,39,36,31,34,35,31,25,45,32,27,28,30,32,27,26,34,30,23,29,27,31,31,30,27,26,33,34,36,35,31,31,31,30,31,26,32,31,31,27,24,34,32,33,35,31,21,34,24,31,35,29,37,35,33,33,34,28,32,42,36,26,33,25,27,47,35,28,38,27,32,27,36,35,28,28,24,33,29,33,36,28,35,30,26,34,29,29,29,27,34,32,28,30,36,34,28,25,32,27,37,38,27,34,28,28,26,31,31,30,28,24,33,33,34,28,32,29,29,40,24,30,31,35,29,30,25,28,31,35,31,26,27,26,33,35,25,30,33,32,33,28,35,25,22,31,34,31,28,31,28,31,37,33,32,30,25,38,32,22,26,33,29,32,30,25,37,32,29,32,28,31,16,23,29,38,27,18,36,29,24,28,30,21,34,22,24,31,23,29,25,33,27,30,26,24,27,28,27,31,39,32,32,28,32,23,23,26,28,30,30,25,28,29,27,34,26,27,31,25,28,25,28,23,26,29,29,31,36,36,28,33,26,24,33,26,36,28,25,25,35,29,29,26,29,25,36,24,34,40,31,26,22,27,37,30,17,32,23,28,31,29,31,32,30,33,24,27,31,24,32,33,31,37,35,29,25,22,26,36,31,41,32,35,22,35,33,34,32,32,32,27,39,30,29,35,33,28,33,35,32,26,29,31,35,37,27,20,35,30,31,32,34,24,40,35,38,31,33,30,32,28,38,19,32,33,32,27,36,28,35,21,33,34,25,28,31,27,31,30,28,22,26,35,30,27,23,24,25,28,28,30,37,27,28,34,24,34,28,30,30,33,27,30,39,29,31,31,23,29,30,30,26,34,23,31,36,27,25,36,29,37,29,27,26,26,29,34,25,35,31,23,23,31,26,38,24,35,29,39,25,26,32,39,33,33,23,26,33,37,31,30,25,24,32,40,36,31,25,28,37,39,30,29,30,37,31,27,35,28,23,29,26,27,31,29,32,34,32,24,35,30,26,37,34,32,32,23,25,33,35,32,32,30,26,26,30,27,43,35,35,23,29,30,30,29,30,21,26,30,36,28,33,34,24,28,34,27,27,34,27,32,26,30,26,21,32,18,20,38,33,33,27,27,37,29,38,30,32,20,29,26,33,32,26,25,36,21,29,33,25,27,39,24,34,37,36,31,28,28,37,24,18,34,35,36,32,35,31,31,29,33,26,36,32,33,26,33,26,32,34,39,40,33,28,28,28,32,24,29,26,26,27,26,26,32,28,38,24,36,29,28,30,25,33,32,26,30,36,33,33,28,36,34,25,31,33,30,32,30
7,100,27,24,39,29,21,34,27,23,31,28,23,26,26,36,24,30,29,31,37,31,27,33,35,28,41,24,20,31,22,33,28,31,25,33,31,26,35,33,37,28,38,28,32,29,25,26,33,32,35,26,29,27,31,39,26,27,32,29,24,32,34,26,28,33,32,24,32,20,30,33,33,22,24,36,46,31,27,42,36,30,32,26,28,28,26,31,28,31,38,33,32,30,32,27,35,26,31,28,33,26,32,24,34,30,31,23,35,31,31,24,35,31,25,38,32,35,28,32,29,32,25,34,29,28,29,34,33,32,32,34,26,37,31,32,20,36,22,14,34,36,26,24,29,24,34,28,40,28,26,31,30,23,27,25,33,23,33,34,29,35,35,23,28,30,34,31,31,34,29,30,31,34,33,27,28,31,35,30,34,26,33,26,29,27,28,35,26,27,29,26,24,40,41,32,24,35,36,33,28,31,24,27,30,40,27,34,27,28,35,28,38,36,27,37,22,30,29,27,27,37,30,24,28,36,23,35,31,28,33,29,26,35,26,31,34,24,30,32,24,27,28,33,28,28,25,32,27,26,27,18,36,27,32,25,30,35,35,24,31,19,30,34,26,29,25,25,31,35,27,27,36,36,28,26,26,29,32,37,35,31,30,39,34,36,30,24,30,35,25,44,32,22,26,35,23,27,29,35,27,35,22,22,30,33,27,33,42,28,30,32,32,37,28,36,25,29,29,25,26,23,31,36,30,39,30,24,27,22,28,26,30,35,38,34,24,30,25,34,31,26,35,34,20,26,34,28,30,22,21,27,28,32,31,25,19,30,34,35,22,27,27,34,31,25,24,29,24,33,32,26,34,28,31,27,30,28,25,27,23,25,34,34,38,34,31,31,32,22,34,34,32,26,35,28,31,36,31,28,37,29,29,33,25,33,29,33,32,27,30,31,30,29,29,30,31,34,36,30,22,29,22,37,28,26,36,29,24,32,25,32,28,40,22,28,37,24,26,34,31,28,22,23,37,37,30,32,28,27,32,26,32,29,32,29,30,36,38,29,33,33,26,35,31,22,30,28,23,37,22,42,35,25,33,22,41,30,28,26,37,19,41,22,25,34,25,22,25,31,32,32,33,33,23,34,26,30,41,30,35,24,25,30,35,27,36,29,27,29,36,33,37,27,36,28,34,23,20,32,25,29,25,28,25,27,34,31,30,31,26,28,26,28,33,28,29,28,27,31,33,25,26,31,31,24,25,33,40,25,30,34,26,21,29,35,33,30,26,31,23,29,32,26,32,22,30,23,29,32,36,33,29,30,30,25,35,22,38,31,34,30,35,41,35,32,23,32,27,26,18,39,30,27,37,29,31,21,25,25,23,36,29,30,33,26,27,27,34,31,33,35,32,31,29,27,34,34,34,27,31,31,34,38,29,29,40,27,31,33,32,28,40,28,32,30,32,21,34,29,33,32,25,21,29,30,30,22,23,31,34,29,34,31,31,34,38,25,35,32,24,34,30,27,24,31,38,36,28,30,25,33,28,41,31,24,27,22,31,31,28,33,23,28,30,27,32,30,32,36,23,32,35,35,32,29,33,37,24,27,34,31,23,22,28,19,30,34,33,25,26,33,25,33,28,36,33,30,27,25,30,26,26,38,29,31,32,17,34,34,25,17,36,31,28,38,29,37,29,30,28,30,35,31,37,29,29,23,30,25,35,33,28,32,38,32,25,27,31,31,31,26,38,26,23,35,32,23,25,32,23,31,32,33,31,26,22,26,29,30,23,32,35,34,33,32,25,25,34,32,24,37,28,30,28,33,29,23,32,28,29,27,33,37,34,35,35,29,24,25,27,32,26,33,28,35,26,40,33,31,24,23,31,33,36,30,28,29,29,36,27,25,27,26,34,28,29,32,31,24,37,33,38,29,24,31,29,32,26,27,33,30,29,34,37,34,32,27,26,26,29,38,40,31,28,29,35,30,30,23,32,33,30,37,34,29,34,33,21,27,25,31,33,35,30,29,25,25,30,26,26,33,31,36,31,36,27,34,29,31,32,34,32,21,29,29,27,35,30,22,29,34,26,29,25,36,33,35,21,34,23,26,28,28,27,23,40,35,33,28,33,30,32,22,30,30,21,27,39,34,29,33,29,30,28,35,30,31,29,25,27,31,28,29,31,34,34,27,29,30,24,34,20,40,30,31,29,25,25,38,31,33,35,29,26,36,29,31,26,32,32,35,32,23,27,31,27,30,26,25,28,28,24,31,30,33,31,20,29,36,36,28
8,100,29,28,34,34,38,35,29,35,26,33,26,21,30,32,25,28,22,33,30,32,33,25,28,24,33,22,34,33,33,29,36,32,31,36,30,28,33,32,37,34,30,24,29,33,25,33,32,33,26,29,32,33,23,34,30,29,34,35,23,37,22,35,22,26,39,37,28,28,29,32,37,28,33,22,26,34,36,23,23,31,25,27,27,31,28,30,20,37,29,33,29,28,30,38,29,34,26,32,27,34,27,26,35,36,38,29,31,23,33,33,29,33,32,25,29,30,32,33,32,28,27,29,34,31,27,23,34,27,30,23,30,31,27,39,30,30,31,28,26,28,34,31,32,30,29,24,37,29,25,25,34,30,24,39,29,27,30,36,26,38,35,28,17,37,22,31,28,30,32,36,38,29,34,27,28,29,29,29,31,28,31,30,28,37,26,29,30,31,37,39,24,30,27,32,29,41,30,28,29,33,31,29,28,39,29,24,37,26,27,22,28,38,29,28,29,42,26,25,25,34,38,23,33,33,33,35,30,27,25,33,31,32,38,27,31,33,26,25,32,36,28,27,36,24,34,38,35,29,28,39,33,31,31,19,29,27,27,30,33,29,28,39,39,30,37,37,29,28,25,32,25,35,30,28,30,25,28,35,28,28,28,30,30,32,32,30,30,30,32,36,25,27,31,37,36,31,27,30,30,25,33,27,30,30,27,36,28,27,33,25,24,29,29,30,33,32,29,30,28,28,37,38,32,29,30,29,26,34,22,32,39,31,33,30,40,35,28,25,27,36,34,28,31,26,36,30,25,23,32,31,38,30,22,29,34,30,39,30,33,24,35,26,27,27,29,26,30,35,26,31,33,28,32,28,35,25,33,36,35,31,34,37,36,24,39,20,34,30,37,30,27,31,32,26,24,29,31,30,33,26,22,38,25,29,22,27,23,31,29,22,26,28,29,33,31,36,29,26,29,28,31,30,25,34,23,27,32,26,27,31,26,35,27,32,25,30,38,33,19,33,25,31,27,26,34,30,29,31,31,33,33,25,35,27,36,24,33,35,24,35,30,18,28,33,30,29,35,30,27,31,28,27,30,26,34,37,35,38,24,33,39,32,29,26,26,28,27,30,30,29,28,35,30,28,39,27,31,32,29,26,34,28,24,25,33,29,30,30,32,28,27,29,32,30,17,31,34,34,35,29,33,38,40,36,22,38,32,31,29,32,33,27,26,33,32,25,22,28,31,32,29,24,28,32,33,29,31,28,22,26,30,33,25,23,34,31,38,28,38,37,32,26,32,28,42,31,27,26,33,33,28,23,32,30,23,37,36,33,25,24,31,29,32,29,28,33,29,23,24,32,31,24,28,32,26,37,36,28,40,36,37,39,36,32,33,33,35,28,36,36,26,31,28,34,23,28,40,32,28,27,34,33,36,26,18,27,36,35,28,30,30,26,33,35,29,29,33,32,34,27,29,23,26,26,25,27,36,30,31,27,37,37,28,29,27,39,33,30,30,28,28,40,30,23,29,30,26,31,31,24,29,31,23,28,28,32,30,30,36,35,29,34,28,28,31,34,29,25,31,35,33,30,35,21,39,33,18,28,30,23,37,32,31,27,34,31,38,29,25,33,30,35,34,27,38,31,36,42,25,32,28,38,37,28,33,30,34,17,30,30,24,30,28,33,32,32,30,28,25,24,34,27,29,36,27,29,39,26,27,28,27,30,32,22,29,36,36,27,34,25,30,28,30,32,34,35,23,26,24,37,27,32,27,26,35,28,33,33,32,30,28,35,35,27,29,32,29,32,28,29,30,26,32,24,27,34,32,37,32,25,29,36,28,38,26,28,31,24,32,43,32,37,23,29,30,31,36,28,29,25,30,32,32,30,28,33,34,39,28,26,31,33,32,27,26,29,32,32,30,30,28,32,33,32,35,28,29,29,24,29,28,30,38,45,32,32,25,35,32,35,33,34,32,28,31,26,25,26,25,33,31,39,28,25,28,26,21,29,32,25,39,43,23,33,34,26,37,36,31,32,28,30,31,23,33,30,22,34,29,34,26,27,32,33,31,28,36,28,29,28,39,33,27,23,30,24,25,28,20,27,31,20,37,25,27,27,42,37,26,34,32,32,34,32,32,29,31,39,34,30,31,33,29,34,32,28,23,35,35,25,25,28,40,31,31,38,21,40,34,27,33,25,39,37,28,29,28,27,25,23,27,35,31,33,26,28,27,37,27,40,20,30,27,23,20,23,37,34,31,32,31,28,30,35,22,27,25,22,24,29
9,100,22,27,27,31,38,30,28,38,27,29,38,24,37,29,36,38,27,32,29,26,31,33,42,34,34,24,32,33,24,33,28,35,25,29,33,31,30,31,28,29,20,32,25,33,24,41,32,33,35,26,24,33,32,37,33,29,30,32,38,25,32,31,30,33,28,28,29,26,36,34,27,35,31,32,31,27,40,34,38,26,25,32,23,31,23,33,30,29,39,32,19,30,29,36,27,30,19,33,31,33,37,38,21,28,35,31,29,27,26,27,33,28,31,26,28,30,23,35,28,32,33,35,25,23,30,24,26,31,31,26,31,28,29,29,25,29,26,32,33,30,31,27,32,34,35,29,26,22,28,25,33,24,35,26,33,35,33,32,40,29,29,32,28,22,37,34,33,36,25,19,28,29,22,34,32,33,23,26,27,29,28,32,31,26,36,32,37,22,31,18,41,26,35,26,25,23,28,28,35,37,28,22,29,32,29,31,25,22,33,25,33,27,21,30,31,38,33,32,27,29,27,20,33,37,33,24,26,29,37,27,33,29,37,32,28,33,34,28,38,30,31,27,35,25,34,28,25,31,26,31,33,29,27,25,34,32,38,35,22,28,26,28,32,31,31,31,38,31,27,33,25,31,31,34,27,15,25,27,29,29,34,32,23,34,31,34,30,39,36,27,30,35,32,33,31,26,25,40,35,22,32,26,31,29,30,32,34,30,30,36,30,21,34,30,28,39,31,27,28,40,17,33,32,30,29,31,26,30,31,27,25,31,30,28,26,35,21,31,38,34,22,24,29,32,26,31,31,25,28,31,28,32,27,27,33,30,39,30,24,32,25,26,24,36,26,28,34,22,32,25,33,26,38,33,24,34,24,37,27,29,30,35,21,34,31,32,29,36,25,21,21,27,30,38,28,24,37,32,32,46,24,29,34,31,25,29,35,29,33,36,31,29,29,29,37,28,36,37,30,27,30,26,39,31,29,33,28,31,23,32,33,41,23,32,31,28,24,24,33,29,26,23,29,24,33,30,28,39,27,29,33,29,29,33,30,29,37,26,34,30,27,30,20,38,30,27,23,37,30,38,30,24,29,33,27,35,28,24,28,34,35,28,26,23,35,30,22,31,37,36,28,40,29,33,30,24,34,37,32,29,29,30,31,26,30,33,32,34,32,28,30,33,31,27,20,33,26,22,30,28,37,38,34,27,30,28,23,33,27,27,31,33,29,37,36,27,28,29,28,34,33,29,29,38,24,26,32,34,34,29,29,37,32,33,34,38,25,32,36,24,31,34,33,27,36,35,24,34,27,37,31,28,39,39,33,24,28,32,35,22,25,25,21,37,27,21,38,26,36,24,32,26,28,31,30,29,39,23,34,37,29,40,24,28,34,25,28,31,33,27,31,26,36,33,38,35,30,35,27,32,34,32,31,32,27,23,26,33,27,29,27,36,28,36,33,29,26,30,21,29,26,30,31,32,33,35,26,29,24,30,35,39,32,37,30,31,34,29,30,35,27,27,30,27,36,32,35,23,30,31,26,38,21,33,31,36,25,38,26,17,30,24,34,31,38,30,35,31,26,30,32,33,30,34,38,36,27,21,29,36,26,32,32,25,36,29,30,27,31,25,23,26,23,26,31,32,29,30,26,29,36,28,28,28,29,39,34,33,26,25,34,25,30,32,28,30,28,28,30,31,33,25,30,32,27,34,33,34,28,27,31,29,30,25,32,23,25,31,21,29,37,26,33,29,30,34,23,25,28,28,30,23,24,28,31,31,36,25,28,35,28,33,35,23,23,37,27,40,29,37,23,26,33,20,33,26,21,31,35,36,27,30,35,29,26,32,23,32,27,21,27,37,40,32,34,25,31,33,40,30,25,35,31,25,27,28,37,35,18,28,29,31,25,31,26,26,32,34,28,21,33,25,24,23,34,32,36,36,32,31,23,30,33,29,33,31,37,26,26,29,30,37,32,31,25,31,30,30,37,20,29,21,28,36,34,29,21,25,26,31,32,33,25,29,32,30,26,29,37,30,24,37,29,30,35,36,24,26,27,27,34,38,28,26,28,22,24,20,30,27,32,32,27,24,34,28,40,30,33,31,24,37,40,35,21,27,36,26,34,36,30,33,20,34,42,34,30,38,18,28,30,21,26,31,36,30,32,36,34,26,35,23,40,21,23,26,26,34,22,38,27,28,40,32,30,24,31,30,32,24,34,33,30,28,27,31,26,27,34,25,29,22,28,26,30,29,29,34,40,21,27,33,34,33,30,27,31,29,22,36
10,100,32,35,21,21,32,32,21,30,29,25,34,33,20,35,26,30,30,22,27,30,36,35,30,24,31,28,33,27,31,31,37,33,32,26,27,35,33,33,30,26,27,26,32,31,26,25,38,31,30,30,32,34,35,26,28,25,31,23,28,31,27,22,29,33,27,30,33,30,32,28,29,36,31,37,29,35,31,30,33,28,26,29,36,24,22,40,30,34,32,28,28,29,29,34,34,32,31,28,25,32,26,22,32,28,27,27,22,33,27,32,27,30,34,28,30,22,28,32,27,25,31,28,24,26,21,25,30,30,33,29,25,23,28,24,28,24,19,36,33,33,27,32,39,22,26,34,31,32,37,36,28,28,30,35,31,24,32,32,33,34,32,27,30,40,27,32,27,36,30,31,30,21,22,29,30,33,30,31,25,23,33,34,37,26,31,31,21,26,33,27,36,32,28,23,27,26,32,26,31,28,29,34,26,31,35,36,33,23,26,37,26,37,30,31,24,31,31,30,29,22,23,28,21,24,29,38,39,30,21,23,28,28,38,29,23,25,37,22,36,28,33,30,37,35,29,30,27,25,31,23,32,29,31,27,28,34,35,23,33,25,36,29,30,28,29,19,31,26,39,32,27,28,30,28,36,27,28,37,33,26,31,28,27,33,27,29,28,35,24,24,33,30,32,37,26,34,31,27,31,33,29,25,31,33,31,30,30,30,30,27,39,26,29,36,42,37,28,31,31,42,24,39,36,22,20,34,28,22,23,30,33,30,33,32,29,30,35,27,26,34,33,30,29,28,23,26,32,36,28,26,31,30,39,35,33,30,30,35,30,24,27,28,30,32,30,34,25,29,27,30,33,26,33,27,27,37,36,34,34,33,28,35,30,34,30,25,31,29,34,41,30,26,27,40,30,22,31,33,21,25,25,19,36,33,33,40,37,27,33,28,23,27,31,27,25,31,32,31,30,27,30,22,32,32,30,31,27,28,30,32,29,27,32,28,30,23,27,36,29,30,29,36,34,39,29,24,34,39,35,26,30,29,26,31,42,32,32,31,38,26,32,27,25,33,26,32,27,31,38,22,26,25,27,28,37,33,34,29,30,29,22,35,35,36,32,25,29,35,22,36,32,27,35,28,28,28,27,30,30,26,27,35,23,28,24,33,30,28,31,42,21,30,27,30,37,30,29,33,30,27,36,33,19,34,32,24,42,32,29,38,34,27,22,38,31,23,28,28,29,34,24,29,32,26,32,32,31,31,30,31,27,33,33,29,35,36,32,33,32,24,23,27,41,27,25,23,25,27,27,33,30,33,27,29,26,27,30,36,25,22,30,38,28,33,30,31,36,39,29,31,34,30,31,32,34,25,23,37,29,32,31,25,29,32,28,27,33,17,31,33,27,34,26,22,29,27,27,31,26,32,32,35,18,31,27,29,32,34,23,26,31,29,26,30,28,37,32,26,38,38,23,24,26,31,35,31,40,31,25,44,31,23,25,34,26,30,28,31,30,29,29,34,41,34,30,23,34,33,33,37,29,29,21,25,33,35,28,31,31,37,32,30,25,27,30,30,29,27,32,30,34,22,30,29,25,25,26,31,34,31,34,35,28,33,24,25,29,30,37,31,28,40,32,34,30,31,23,29,31,28,31,32,28,35,29,36,30,29,35,34,34,32,27,37,22,41,25,30,38,27,28,28,32,32,31,24,26,35,27,32,31,34,38,33,26,23,38,40,37,27,22,33,29,25,29,29,29,33,22,32,31,32,26,24,29,32,38,32,23,30,28,31,35,34,28,27,25,29,29,31,24,27,28,38,29,25,29,29,30,34,32,36,25,28,41,38,27,24,34,35,31,28,33,31,34,29,28,30,34,40,19,29,34,34,30,35,27,31,35,28,29,31,34,34,31,27,25,35,35,39,27,30,31,29,26,35,39,23,27,30,34,35,28,36,22,30,37,33,30,26,33,28,20,35,31,33,29,32,41,23,35,19,23,34,28,28,34,37,24,34,38,32,37,37,29,22,28,27,34,30,29,29,26,33,27,32,30,25,29,27,29,31,22,31,23,27,31,29,26,29,31,29,27,21,33,26,28,26,32,34,34,33,27,31,33,29,29,28,29,30,32,33,37,30,25,23,33,29,31,33,31,32,32,31,32,25,32,29,31,29,23,24,25,38,32,30,31,26,26,21,33,30,32,26,33,26,34,27,25,20,28,29,25,30,29,24,34,38,31,26,32,41,32,31,31,35,40,22,32,32,26,33,34,25,33,34,36,28,29,29
11,100,33,25,33,37,27,23,30,28,39,29,31,25,41,30,37,32,37,29,35,31,40,32,25,27,28,27,27,33,32,32,38,34,26,22,26,35,36,33,26,30,16,32,33,31,29,30,23,36,30,36,29,34,29,25,31,31,35,27,27,30,34,27,24,31,27,24,29,27,26,45,24,34,25,43,34,31,32,28,28,22,28,28,33,25,28,29,29,31,35,36,35,32,30,30,27,23,37,33,28,33,27,35,24,35,30,29,29,30,31,26,27,25,32,29,28,26,25,34,37,32,27,23,26,31,27,31,28,31,33,29,30,30,36,31,28,32,26,33,36,35,26,36,28,31,32,26,29,30,31,32,27,29,34,32,23,41,25,36,25,27,28,29,28,32,24,27,41,35,22,36,29,21,34,27,27,29,26,24,31,30,23,27,35,38,33,32,30,23,39,31,28,33,28,31,32,28,29,32,28,45,36,34,29,27,29,25,28,39,30,34,32,28,25,33,27,22,31,26,29,31,35,31,23,35,17,33,33,26,32,30,34,32,29,35,40,32,29,29,28,33,27,40,32,27,28,26,27,23,28,30,33,37,26,29,32,23,37,30,33,26,19,29,29,17,33,29,32,23,32,34,28,32,22,29,34,41,28,34,26,35,26,20,32,37,28,23,29,31,32,28,38,38,27,32,30,20,30,29,33,31,28,34,30,31,26,29,25,31,35,34,28,29,26,31,28,34,24,32,20,32,27,30,30,23,25,30,33,28,26,30,24,31,30,35,28,26,27,27,37,34,20,34,31,27,26,29,30,22,25,30,29,29,26,24,29,20,24,31,32,29,22,28,30,36,23,32,31,31,32,22,26,29,13,37,34,36,30,35,25,31,23,37,32,38,33,30,28,25,36,24,38,29,34,22,24,31,30,31,32,24,32,29,36,33,25,20,32,37,20,32,28,35,29,35,25,28,27,32,34,26,34,35,25,36,32,34,32,32,27,28,31,28,34,23,24,28,24,31,23,30,27,26,29,27,41,21,31,40,27,30,26,34,26,34,30,28,26,35,22,40,28,35,33,22,29,26,23,26,31,29,34,24,28,28,28,30,28,30,29,29,40,37,28,26,34,34,33,27,42,36,38,20,27,27,29,33,23,33,32,27,30,36,37,37,30,24,30,31,25,27,29,33,25,23,32,32,32,31,28,28,42,30,30,33,34,34,33,27,26,25,28,33,25,28,25,30,28,29,32,30,33,20,43,36,35,32,37,26,28,33,35,41,28,24,30,27,22,32,35,30,29,37,32,42,29,28,31,29,24,21,30,36,25,33,27,25,27,36,33,35,37,33,30,36,33,30,35,35,29,35,30,29,21,31,38,28,33,28,38,32,30,30,20,27,30,31,25,28,23,24,31,29,34,29,41,28,29,33,30,34,30,27,31,41,30,34,24,28,29,35,29,31,31,20,24,30,34,33,31,26,31,32,30,38,25,33,34,31,24,28,40,30,25,27,26,26,30,28,33,25,27,34,28,35,36,30,32,28,33,35,36,34,33,30,28,23,35,32,32,30,25,34,38,36,31,34,32,31,39,30,28,28,28,39,21,36,25,31,29,28,30,33,25,32,28,29,27,36,23,33,24,24,29,28,27,27,27,29,33,24,30,30,26,30,27,34,30,24,24,31,39,39,36,31,29,34,32,28,44,31,29,27,37,30,28,26,26,35,24,31,24,36,26,33,25,26,31,43,23,36,37,33,28,31,36,32,32,27,26,30,44,33,31,25,15,33,31,28,31,27,41,26,30,26,25,33,25,36,24,33,30,29,32,39,23,28,33,32,23,27,32,34,27,31,29,25,30,26,30,28,21,30,28,32,26,36,29,27,26,31,28,29,24,27,24,35,27,32,32,32,27,24,29,19,26,33,30,35,27,27,27,32,29,31,32,29,33,22,36,31,28,32,32,28,42,30,35,37,28,38,37,32,26,36,28,26,34,35,25,26,33,25,31,39,29,31,35,26,33,33,29,35,36,38,33,23,24,35,35,27,30,39,29,30,30,29,36,30,24,25,29,29,31,35,25,32,25,28,26,29,34,27,35,34,32,36,33,38,24,24,34,32,28,35,26,32,27,28,35,30,28,27,30,32,23,34,35,29,31,35,40,28,37,34,28,41,37,24,29,24,31,39,31,25,32,29,25,29,29,28,32,30,27,20,32,30,26,31,32,23,29,33,25,26,24,27,31,31,30,31,25,29,39,18,28,23,32,29,25,27,28,30,30,22,25,32,29,32,26,23
12,100,32,32,30,30,31,40,29,22,35,30,31,28,25,38,29,28,33,21,31,28,34,26,38,27,28,29,31,29,33,29,29,26,26,35,30,32,32,24,35,28,30,29,32,30,27,27,23,36,24,28,31,26,36,32,25,31,24,32,29,30,30,32,31,35,31,37,25,35,35,32,23,37,29,25,23,34,31,28,31,25,30,28,32,32,25,34,30,27,32,29,24,37,36,34,24,40,37,27,33,30,21,32,37,29,30,31,32,31,25,23,23,34,35,37,29,33,26,29,40,34,32,29,30,37,31,24,30,34,24,34,23,25,27,30,28,32,27,28,30,31,43,30,30,30,28,36,35,23,37,38,39,29,27,35,31,31,35,34,28,29,32,36,32,29,32,40,23,32,27,35,31,25,23,30,32,40,30,28,38,33,29,36,28,27,29,32,21,32,36,26,32,26,27,33,28,31,34,37,29,27,32,33,31,31,37,22,32,36,30,23,31,35,29,32,29,23,34,33,37,29,31,22,30,32,35,23,30,35,22,29,40,30,31,30,30,28,30,34,27,36,29,45,27,28,37,26,36,31,35,29,27,28,35,35,39,26,24,25,33,30,34,39,24,31,23,31,29,29,26,30,28,27,25,29,35,34,36,42,32,36,22,33,31,34,26,34,32,34,30,26,33,27,32,31,35,27,30,29,32,35,26,25,32,38,31,30,39,38,33,38,33,31,33,31,29,27,29,36,33,27,30,29,31,31,34,28,24,25,26,28,35,30,30,33,29,27,40,33,28,34,23,35,35,30,31,22,24,27,35,28,20,26,38,34,37,34,31,29,30,26,30,32,25,18,34,34,30,25,36,28,33,32,24,30,33,31,28,30,32,34,25,22,30,37,25,32,29,26,33,26,34,29,26,29,24,35,26,32,28,31,23,33,27,31,37,34,33,25,29,28,32,27,29,35,21,25,29,28,35,26,40,33,32,32,30,31,27,32,20,35,34,26,30,30,28,25,27,32,31,32,32,28,26,25,33,28,24,29,26,27,29,32,28,27,35,34,34,24,39,35,34,26,26,27,30,33,21,27,31,31,32,28,35,24,28,31,32,36,26,28,28,26,38,28,26,38,23,26,38,34,28,33,28,32,32,32,26,33,28,31,24,29,32,24,31,36,31,33,28,23,32,35,26,28,28,36,34,32,34,28,30,26,28,34,26,32,27,35,32,34,28,30,29,24,32,29,30,27,32,38,30,28,31,30,26,33,31,31,34,29,34,27,31,32,30,35,33,35,26,36,25,24,32,27,39,30,31,27,21,33,22,29,26,27,28,28,31,26,38,35,22,38,35,32,36,39,29,32,28,21,27,36,32,29,25,29,29,24,24,19,32,30,27,40,32,23,27,23,48,28,34,30,25,35,29,22,28,41,37,35,33,20,34,32,35,29,35,32,23,37,26,30,32,30,29,31,36,42,37,33,31,31,32,34,29,33,28,33,33,32,34,29,33,25,32,22,30,29,36,17,24,40,32,20,27,42,37,30,29,28,33,28,31,29,32,30,26,29,25,33,24,35,29,29,30,27,19,32,24,27,34,29,24,31,37,28,28,26,35,26,32,29,42,23,29,24,31,28,27,27,40,29,25,28,33,37,27,23,25,31,25,26,31,28,35,34,30,35,30,23,30,31,30,30,32,28,36,35,33,39,37,26,40,25,21,36,32,27,35,27,27,31,34,37,36,44,24,33,35,31,31,33,35,26,33,28,30,29,33,28,27,29,25,32,26,35,25,33,22,34,34,38,26,33,30,28,36,34,33,32,28,34,32,34,24,34,28,27,31,35,29,24,29,33,34,28,35,35,24,27,32,25,43,32,26,27,34,23,34,29,30,25,29,32,35,27,31,20,32,28,41,34,31,33,35,31,29,28,36,30,28,27,33,27,23,32,24,33,35,32,28,25,37,25,22,27,38,31,31,30,32,37,31,28,25,36,28,23,28,23,25,29,33,29,30,23,40,28,26,34,25,37,23,28,39,30,31,32,36,23,38,29,24,27,27,28,32,41,28,28,34,29,29,32,28,27,36,28,33,28,25,31,31,23,27,27,28,33,37,32,27,39,28,30,23,34,28,30,31,30,27,24,29,29,28,30,30,31,28,26,31,31,29,28,38,33,29,26,32,39,31,42,29,30,34,26,29,33,30,31,31,34,33,34,27,25,31,29,28,32,29,36,27,33,33,25,27,34,33,33,36,32,32,34,28,27,25,28,31,32,28,32,29,26,28,33,34,28,31,22
13,100,34,31,29,25,32,31,34,32,25,25,35,31,23,19,25,27,24,29,31,28,32,37,28,28,23,38,30,34,22,28,18,32,30,32,31,31,32,30,31,28,32,43,35,29,32,22,36,34,30,30,28,27,27,27,36,30,29,42,29,34,27,28,33,29,27,29,29,28,33,22,31,43,29,34,23,26,31,28,30,31,24,29,30,34,30,31,39,38,32,30,22,30,29,25,31,32,18,32,33,22,42,26,30,37,29,32,28,32,38,36,30,34,37,34,34,31,32,28,29,36,29,30,29,22,38,23,25,35,31,36,32,38,29,37,26,37,27,24,24,26,25,22,39,36,30,29,31,29,28,26,32,27,30,33,33,27,42,31,24,31,31,31,32,35,25,36,30,33,33,28,31,39,34,28,33,35,21,33,39,28,27,25,19,33,29,31,29,31,35,34,35,34,39,34,31,21,26,25,26,22,29,36,30,37,29,39,36,28,42,27,24,34,34,26,34,24,24,35,25,40,24,35,33,32,33,31,36,26,30,31,31,26,21,24,25,28,31,34,33,28,30,34,29,29,26,31,26,27,28,24,32,28,41,35,31,33,26,34,37,17,34,33,22,34,31,32,27,25,37,36,30,39,38,37,28,32,36,31,26,21,31,25,28,28,28,29,34,29,30,25,29,23,32,25,23,35,27,39,32,39,34,35,25,21,32,38,23,28,26,27,33,31,34,33,26,30,30,35,35,21,31,25,30,32,23,26,23,33,31,30,26,22,34,31,27,31,32,25,33,27,32,20,27,34,23,30,30,29,38,31,29,35,31,31,29,33,30,38,28,29,30,33,27,33,29,23,37,27,36,29,29,31,34,30,24,37,33,28,30,28,30,34,32,29,28,23,27,26,27,32,34,23,36,17,33,30,27,30,32,31,38,28,29,37,34,32,31,25,31,24,30,28,24,37,28,27,28,30,30,28,29,32,30,24,31,27,27,30,28,24,27,29,33,34,28,33,28,28,29,37,30,30,30,31,35,32,32,26,26,32,30,31,27,28,32,23,29,30,33,33,32,33,37,32,27,32,29,27,30,35,28,35,32,20,31,25,37,27,37,29,29,29,26,27,36,34,31,32,33,31,28,28,32,30,33,36,29,26,33,27,30,28,28,25,26,27,31,32,36,24,28,30,22,27,31,27,28,27,26,33,33,27,29,24,23,24,32,23,35,29,26,28,31,26,26,43,33,37,29,26,27,29,30,36,35,33,29,23,29,30,28,36,29,37,28,27,31,27,34,28,30,36,32,21,22,22,40,36,30,34,34,37,33,28,28,22,27,30,26,25,31,31,36,31,26,31,29,27,30,28,30,29,31,33,39,37,31,32,38,25,24,34,29,34,34,31,36,27,21,31,34,27,31,33,29,27,33,33,30,31,42,24,34,33,28,35,36,25,27,38,29,30,26,38,31,25,29,31,28,35,23,31,28,33,30,36,28,33,25,32,27,36,26,25,33,25,27,37,23,25,24,26,24,36,31,41,33,32,30,33,25,33,30,28,29,24,29,31,32,32,35,30,26,26,37,33,29,26,26,35,34,33,28,30,25,38,26,32,26,23,25,32,28,34,30,34,25,30,38,31,33,30,23,31,28,29,25,38,37,33,27,30,34,33,30,31,32,24,23,27,32,28,32,29,27,33,33,20,36,31,25,36,32,33,27,27,33,40,35,27,31,23,30,27,32,32,31,32,39,36,21,28,29,31,38,33,24,24,36,22,35,32,31,30,26,35,31,32,35,18,26,26,29,24,33,37,31,30,25,32,26,27,28,28,28,32,25,27,32,31,30,26,22,32,32,24,25,24,32,32,16,39,30,31,24,31,25,27,25,27,26,23,25,41,36,26,37,26,35,34,37,30,24,35,23,30,36,29,30,32,21,32,23,29,34,38,29,32,24,28,31,27,28,28,22,23,30,29,30,24,38,24,31,35,28,31,33,29,33,26,41,26,28,27,29,31,30,23,35,37,31,22,34,28,33,26,39,23,32,28,36,34,34,39,27,37,36,24,29,27,31,31,28,35,34,33,34,28,35,28,32,35,35,28,23,24,31,31,28,25,35,20,34,29,28,34,31,26,31,30,38,30,36,28,38,32,29,32,31,27,27,22,33,36,27,27,35,36,32,32,35,34,30,27,31,35,28,25,31,33,28,33,30,34,32,31,31,31,29,39,23,33,35,36,29,25,37,30,35,30,36,37,32,31,29,33,25,18,36,27,27,28,33,28,33,27,24,21,23,36
14,100,31,33,34,25,28,26,29,32,32,26,31,28,25,35,22,31,28,34,28,29,33,34,32,32,37,30,28,31,26,26,23,33,27,26,34,31,31,25,35,31,28,32,24,23,29,37,25,31,33,32,33,31,24,25,31,34,32,33,27,27,29,31,36,37,30,30,28,37,31,29,31,27,28,21,30,36,34,30,27,30,22,27,34,38,40,29,39,28,26,29,37,35,33,36,29,31,26,34,34,31,30,34,33,37,29,32,35,33,25,27,29,25,28,25,27,29,29,26,31,24,38,28,29,37,30,33,23,35,26,32,29,34,31,24,27,34,26,30,26,27,31,30,30,22,30,31,34,37,26,24,31,29,38,30,28,30,25,37,35,27,24,32,37,31,33,39,25,26,30,32,32,27,24,25,36,29,30,31,34,29,29,19,32,40,32,26,28,32,23,30,26,26,29,28,29,40,37,30,27,27,37,31,27,27,31,22,29,23,34,30,28,27,26,36,26,23,28,23,30,34,37,20,32,28,32,27,24,37,31,33,30,28,24,36,28,30,28,29,26,31,38,34,30,26,25,32,21,33,36,30,29,32,29,31,28,22,28,27,30,33,26,21,27,31,27,25,33,29,35,35,25,36,23,25,39,33,28,23,41,37,24,34,32,27,29,36,21,26,29,36,25,31,32,25,26,35,43,23,32,28,33,25,27,30,34,27,25,34,25,33,33,36,32,32,26,34,31,36,32,27,33,28,31,33,21,43,30,28,33,34,27,24,25,26,29,34,27,30,29,20,25,39,24,29,28,33,29,36,26,28,23,28,34,25,29,28,28,31,28,22,34,19,24,33,22,36,30,26,32,26,27,31,31,22,33,29,29,32,30,30,22,31,31,25,29,32,25,23,29,28,25,28,32,32,27,34,26,26,27,26,34,31,36,39,26,26,33,19,37,29,34,29,26,39,28,30,25,27,31,32,37,33,37,24,35,25,31,24,23,25,32,35,22,32,28,37,21,38,36,25,35,32,25,30,30,23,34,27,35,34,27,27,37,34,26,17,26,26,28,30,28,39,33,26,22,29,23,34,27,36,29,28,26,33,20,22,23,35,24,34,33,36,25,31,29,24,27,36,36,29,28,29,30,27,26,27,26,30,23,25,35,26,30,25,37,25,28,39,38,29,33,26,23,26,26,32,24,29,30,36,32,22,34,29,38,21,40,24,35,27,28,34,34,31,26,25,36,38,27,27,27,28,24,29,32,29,34,26,34,31,31,32,33,29,25,32,34,29,31,38,26,23,29,27,25,34,32,29,34,34,27,26,28,38,30,36,30,34,32,31,33,34,36,31,32,32,28,29,34,33,24,37,29,22,25,37,28,27,40,27,29,33,26,22,28,30,29,33,33,34,26,27,24,31,24,26,27,27,30,30,28,34,21,30,37,36,40,26,25,23,29,38,33,35,25,34,25,39,29,35,31,37,21,28,22,35,34,32,26,27,26,30,30,38,25,28,31,28,22,30,30,28,30,26,32,36,28,30,22,33,33,32,25,29,35,28,29,27,32,23,28,30,24,25,28,34,32,33,18,33,32,24,37,27,31,30,26,33,23,28,26,33,30,27,32,26,26,32,31,29,29,24,31,28,25,39,30,33,28,26,32,35,37,22,25,36,33,25,37,23,25,33,35,33,32,30,29,30,30,32,30,32,39,31,31,28,30,34,24,30,34,36,26,29,27,23,25,35,33,17,24,33,33,25,22,30,30,34,34,34,34,28,24,34,30,32,30,30,30,31,40,36,30,30,26,21,31,31,29,33,26,23,26,35,31,33,29,32,28,28,33,28,27,37,38,34,28,36,39,31,36,27,26,35,35,42,29,33,39,35,32,34,35,21,31,24,30,31,33,20,36,32,33,27,27,23,27,36,35,29,24,31,30,30,38,29,35,32,25,32,25,44,25,35,26,31,29,38,27,29,40,33,23,25,24,30,35,28,33,27,33,29,31,36,27,36,34,20,23,32,45,28,26,34,36,26,30,26,27,30,39,30,21,34,26,30,31,27,30,33,29,33,21,36,36,23,32,32,39,26,32,28,37,30,27,31,33,31,27,31,34,27,40,28,33,27,28,31,28,27,24,26,34,32,38,27,31,28,28,28,35,28,41,35,16,34,24,29,25,26,19,37,25,31,23,23,28,26,24,19,28,31,27,33,37,27,23,28,38,31,29,37,25,36,34,35,32,35,34,32,35,28,29,31,39,32,31,38,30,34,31,26,32,33,33,27,31,34,23,29
15,100,27,40,26,31,22,32,27,20,25,35,34,30,27,35,29,33,24,34,29,35,31,29,23,37,32,26,28,35,24,32,33,29,38,36,26,23,28,32,26,29,39,31,28,25,37,30,33,33,19,25,28,31,30,38,40,32,29,35,36,23,30,32,28,33,28,21,32,35,27,36,29,31,26,25,32,23,34,26,29,26,30,34,31,37,34,31,32,32,31,29,26,25,33,26,29,33,27,29,20,34,29,35,34,25,26,34,36,27,21,33,24,35,28,29,32,27,34,31,25,30,28,34,31,23,35,34,30,39,28,29,27,32,20,27,31,27,26,40,32,31,25,35,33,27,29,24,32,32,25,23,32,32,24,29,33,34,28,31,40,35,32,27,31,25,27,31,37,34,31,27,26,30,31,29,27,29,28,25,23,31,30,25,27,31,30,29,40,29,30,22,29,28,29,20,34,30,28,27,34,26,32,32,29,35,34,29,22,18,36,25,28,30,30,39,27,38,33,27,24,27,30,33,37,31,26,35,36,26,31,27,25,35,29,33,37,33,35,25,34,30,25,35,27,27,27,29,42,33,34,28,35,38,37,25,26,31,24,30,32,28,29,29,30,37,30,36,32,32,22,27,30,31,30,26,23,30,33,35,28,14,38,23,39,27,32,29,32,26,29,32,36,31,30,36,32,42,37,30,35,33,38,34,34,35,30,32,29,29,30,27,34,24,25,27,25,34,35,31,25,28,29,31,34,36,31,28,25,38,31,37,18,27,29,25,30,36,29,33,28,33,34,35,31,40,30,22,19,27,34,36,28,29,26,30,27,24,34,40,31,38,32,32,29,34,30,34,36,32,32,34,34,27,28,28,31,24,33,28,29,28,26,25,26,25,28,32,32,21,32,31,29,37,25,23,27,37,21,27,30,30,27,30,29,37,27,35,23,35,28,25,31,37,29,32,28,34,33,23,32,25,33,31,35,34,26,39,31,22,25,23,26,33,31,29,42,25,37,26,29,36,30,21,33,38,30,33,28,34,31,30,32,32,31,34,25,26,22,27,31,32,29,36,33,31,20,32,36,28,23,38,34,28,19,28,32,28,33,30,26,24,32,28,34,33,34,29,39,38,26,39,31,24,27,44,35,31,32,34,31,32,36,30,21,41,20,19,17,34,33,30,32,24,24,27,31,29,29,36,35,28,34,28,27,37,35,27,26,29,30,39,33,36,22,39,19,24,27,33,35,35,27,25,33,33,29,35,31,25,31,30,26,34,29,36,30,32,36,30,22,27,29,32,32,28,32,35,28,26,25,42,37,31,20,37,34,32,26,40,40,29,30,34,22,25,35,28,28,32,26,24,32,39,38,27,28,31,26,32,32,35,32,37,28,30,34,30,31,36,27,32,26,22,32,32,32,30,28,34,26,35,39,29,29,29,26,36,29,26,28,36,29,27,33,29,24,27,39,29,29,30,33,38,24,27,28,34,38,35,34,31,29,30,30,32,34,36,38,33,33,22,24,30,29,33,27,26,26,36,32,30,28,23,24,32,31,34,35,30,41,27,36,26,30,23,27,22,34,29,33,33,26,36,36,40,27,36,33,35,33,30,35,27,25,29,25,29,35,30,29,32,33,26,33,33,27,33,29,37,31,29,30,35,31,30,24,32,31,31,28,35,35,26,36,26,29,29,27,24,32,32,31,29,34,38,29,38,38,22,26,32,23,31,33,31,22,32,26,35,28,28,29,29,27,33,36,33,32,32,33,29,29,24,28,31,24,29,36,26,28,33,32,32,29,33,35,37,34,24,27,34,36,25,30,28,31,34,32,32,32,24,26,26,33,22,25,23,38,31,31,28,38,24,25,27,25,25,24,30,33,33,30,30,24,30,27,32,35,27,28,32,30,25,31,27,33,23,30,18,29,27,38,32,31,22,36,27,35,30,29,29,29,26,27,30,25,34,23,22,33,36,32,29,30,28,28,31,35,26,28,33,29,22,30,33,39,37,38,28,30,28,35,30,33,23,31,35,31,31,33,28,25,33,35,28,28,29,39,36,20,24,24,29,28,24,28,23,34,37,26,35,36,32,27,33,28,31,25,37,24,35,26,26,30,44,26,29,32,31,26,37,28,34,28,30,31,29,35,30,35,30,31,27,29,24,24,36,27,30,35,29,40,27,33,26,25,34,23,29,36,41,32,33,32,34,21,33,31,27,36,31,32,29,29,30,29,26,28,25,33,25,28,29,22,23,24,30,34,26,28,32,39,31,21,23,26,27,28,31,35,30
16,100,31,26,35,27,27,25,29,22,20,32,24,23,34,35,32,24,36,36,24,25,32,37,25,32,30,28,28,27,35,24,32,26,29,34,27,41,32,34,31,29,31,33,32,30,32,39,31,39,33,29,48,24,20,31,20,29,30,29,29,32,29,23,27,28,28,30,28,29,40,27,29,32,32,32,31,19,28,28,29,30,21,31,29,33,22,36,25,33,44,27,30,36,35,29,35,34,21,26,25,34,33,28,32,26,29,35,35,25,37,31,33,28,39,31,21,33,32,24,22,23,24,32,26,34,31,33,38,40,32,31,29,26,30,33,31,25,29,22,31,28,30,27,24,24,30,28,27,30,30,28,34,35,30,33,35,34,32,25,34,29,23,28,36,31,27,29,29,27,31,31,29,30,31,27,26,29,28,30,29,20,34,32,29,28,28,25,30,32,29,30,17,26,25,25,41,22,22,29,29,32,32,34,28,32,27,31,30,22,23,39,31,22,33,14,35,27,40,27,24,33,23,31,33,29,28,30,28,34,29,28,28,28,35,28,31,25,25,26,24,29,30,31,20,28,21,37,29,26,25,41,24,36,24,26,31,32,36,29,29,33,20,26,37,24,28,33,31,23,30,31,34,25,32,29,29,35,25,36,27,32,24,26,33,30,36,31,22,38,30,24,32,31,36,28,25,31,29,28,33,29,24,19,30,25,31,31,29,30,27,28,30,34,22,28,30,23,31,28,30,35,33,33,33,44,33,25,28,24,24,36,30,27,34,35,25,45,35,32,27,36,26,31,20,26,27,29,41,32,30,29,27,26,35,20,30,30,24,31,26,27,22,27,30,44,38,24,33,29,30,34,32,29,32,25,27,28,26,31,26,33,27,27,25,27,27,32,26,31,29,32,25,34,24,28,37,29,28,27,32,25,29,30,32,24,33,27,32,28,24,43,31,39,26,31,22,21,30,36,30,30,23,29,23,25,36,29,25,32,23,27,27,36,30,31,30,40,32,35,23,27,24,24,25,32,33,26,34,30,40,25,35,28,22,26,38,21,27,19,32,42,30,21,37,31,38,30,30,32,26,27,26,25,24,31,29,29,20,29,24,42,27,20,28,27,29,31,23,23,29,31,28,27,30,39,31,28,29,31,35,33,30,23,30,26,32,28,28,27,29,23,33,22,35,32,30,38,31,33,26,32,27,27,35,32,34,29,31,28,26,30,34,25,34,30,26,23,34,39,32,37,24,34,26,39,27,34,31,37,36,30,28,30,25,23,30,26,30,31,27,23,34,31,34,28,26,36,36,35,28,24,38,28,36,33,37,23,35,31,24,32,22,30,31,30,27,29,30,21,32,31,36,34,32,40,29,30,31,28,24,33,23,29,30,31,30,24,22,33,31,31,33,35,25,25,32,32,36,38,39,33,31,29,31,25,35,28,31,30,35,26,32,24,31,27,32,26,36,31,28,25,24,30,29,31,34,22,26,36,28,35,31,37,34,36,26,36,29,36,34,28,24,23,23,32,18,27,28,28,33,27,31,23,27,33,27,27,31,25,33,31,30,27,36,31,34,30,30,37,33,35,33,26,26,32,34,37,27,30,33,31,32,34,35,30,29,31,25,28,34,31,33,37,27,30,34,27,39,27,19,30,35,34,31,41,22,28,31,28,29,40,28,31,30,38,32,29,30,27,34,34,41,33,32,33,29,24,22,29,27,34,33,28,31,27,32,27,35,33,28,32,28,32,29,27,31,25,26,26,37,29,32,37,31,30,24,33,25,29,38,43,31,28,26,36,27,34,22,32,25,29,33,43,33,29,37,32,23,31,31,41,33,37,31,27,32,37,24,32,23,27,26,26,32,33,31,26,31,32,39,25,45,37,31,37,30,35,34,29,25,25,24,25,32,35,38,26,24,36,27,26,34,35,25,34,29,33,35,26,27,33,28,34,29,33,26,21,37,32,36,28,28,36,27,30,34,25,31,32,37,22,22,27,33,33,25,34,22,29,38,25,33,28,28,35,31,26,36,28,33,30,37,34,26,27,33,29,27,31,32,31,35,39,33,28,32,35,36,35,33,31,30,26,19,23,33,37,28,25,44,36,30,30,37,34,26,27,36,28,33,27,35,34,23,26,35,23,32,31,39,30,27,25,27,25,32,31,29,27,34,26,24,20,22,32,32,26,28,32,28,32,27,37,23,34,25,32,30,34,24,28,32,33,35,44,32,35,37,24,26,32,29,33,21,24,32,29,32,38,27,27,32,33,31,29,35,26,32,37,22,29
17,100,35,36,23,33,29,26,30,23,31,39,32,32,25,30,31,33,36,30,28,28,27,29,34,33,30,29,26,34,29,35,31,22,24,30,33,28,25,27,22,34,29,23,26,31,31,28,23,33,30,38,35,36,33,24,25,38,24,33,26,26,31,31,29,28,34,23,29,30,21,30,30,29,29,27,30,27,32,33,34,31,32,25,32,33,24,43,28,25,30,25,25,35,30,33,30,29,31,34,33,31,31,25,32,25,39,26,25,28,31,37,34,25,35,34,32,28,36,28,31,19,32,34,23,40,25,27,27,29,30,37,33,33,37,34,32,26,39,35,26,25,27,29,28,27,37,34,41,33,31,32,31,30,25,21,32,22,36,41,37,41,23,28,37,34,30,26,26,32,33,31,29,25,31,29,29,28,28,39,34,29,34,33,24,28,27,31,26,36,22,32,29,29,21,29,31,34,37,29,24,32,34,31,30,37,35,30,26,25,33,35,33,39,29,24,32,32,32,33,34,39,32,24,30,27,34,34,25,22,26,31,23,37,30,36,24,31,30,30,37,28,31,29,26,30,30,21,33,34,28,30,28,34,31,26,29,31,29,34,33,34,34,25,25,39,22,29,34,34,31,30,25,33,19,26,30,32,35,24,28,29,28,27,17,26,27,28,24,24,22,36,37,26,30,36,25,24,21,26,31,24,28,39,29,36,26,25,29,38,29,27,32,37,22,33,30,25,41,25,30,31,34,20,22,31,31,27,35,33,37,24,34,31,27,39,31,29,27,23,31,30,30,34,32,33,25,22,35,34,37,36,31,24,28,30,29,31,33,28,32,20,33,27,32,33,37,28,32,34,29,24,34,34,22,30,28,30,35,28,24,35,26,36,24,32,32,23,29,34,30,26,34,19,26,31,33,38,29,26,37,25,25,35,28,28,28,33,23,26,33,34,32,28,33,32,20,29,35,33,28,24,31,24,33,30,27,28,30,25,30,34,26,33,29,29,30,17,29,30,31,35,27,29,31,27,29,32,32,30,27,43,28,21,28,30,28,27,28,30,31,31,31,26,28,29,24,26,33,35,29,30,24,29,32,30,25,39,25,27,28,28,28,32,28,29,25,38,33,32,38,28,31,28,36,29,34,31,30,35,35,28,20,25,28,33,26,30,28,25,32,30,27,28,31,29,22,26,32,31,27,35,27,31,31,32,26,34,27,32,24,26,38,37,30,31,27,32,36,29,31,30,28,25,36,29,29,27,39,26,31,30,29,36,24,32,38,33,32,22,31,38,30,33,34,39,36,23,30,40,25,33,27,28,32,25,34,25,32,35,27,30,34,28,31,36,36,36,33,43,24,30,33,32,37,31,32,29,36,23,31,32,30,22,36,25,27,29,34,32,28,29,30,26,38,33,28,37,31,26,31,23,23,26,31,30,21,29,19,34,22,25,32,27,30,31,27,32,29,26,32,30,30,26,28,29,26,28,30,27,27,28,27,27,36,36,24,31,35,22,28,31,21,23,32,37,30,26,28,29,34,32,32,24,30,37,27,19,29,35,32,37,28,31,32,29,30,35,34,28,25,31,37,22,27,35,26,22,32,38,28,27,30,28,32,27,29,25,33,33,33,26,33,27,38,29,30,31,41,33,29,43,32,33,33,33,27,34,28,27,30,31,31,28,24,34,21,27,31,39,27,35,28,22,34,25,34,25,25,26,21,31,35,27,32,32,35,34,29,40,32,28,29,25,35,34,30,31,35,27,35,41,28,29,25,39,33,30,25,34,28,29,32,28,30,22,36,33,28,28,32,31,29,32,25,25,27,32,36,26,33,29,30,35,27,26,30,33,30,24,36,32,27,32,28,34,35,28,31,25,26,25,32,23,21,31,33,30,24,18,26,31,29,22,28,34,32,27,31,28,32,28,39,21,29,28,29,31,24,31,29,29,32,30,27,41,31,33,31,34,28,38,39,35,36,32,27,27,29,26,30,30,28,31,33,23,35,29,23,25,27,34,29,32,23,28,37,35,24,24,24,27,33,34,35,32,33,24,35,31,33,30,33,35,26,31,25,29,34,32,31,32,19,31,30,39,31,27,30,27,32,29,32,23,29,37,23,31,28,18,30,25,34,29,35,32,36,24,24,28,36,31,27,24,40,22,33,30,33,26,30,39,29,26,28,23,36,39,35,28,24,26,33,21,26,30,24,33,33,27,29,32,39,32,28,30,29,28,25,23,32,30,33,25,26,34,31,24,32,26,26,36,32,32,27,30,28,23,34,34,28,24
18,100,32,33,35,29,33,32,34,29,32,31,31,27,28,32,22,35,24,34,33,28,28,24,26,24,33,32,23,28,33,33,38,24,27,26,31,31,29,29,33,28,28,32,40,28,32,38,30,36,28,36,28,30,31,28,27,39,31,23,28,25,28,34,37,34,33,33,27,28,28,26,34,34,32,22,28,36,32,35,29,29,31,25,30,31,28,34,28,28,25,25,29,30,36,29,28,30,33,27,38,39,29,39,25,28,30,24,23,28,26,34,23,38,31,33,34,34,27,34,28,33,29,29,28,38,26,27,30,29,24,40,34,29,24,22,34,35,30,27,33,38,22,29,31,27,29,33,22,35,30,33,34,27,24,35,39,30,39,31,28,29,39,28,30,32,39,29,28,31,21,29,35,39,37,33,37,34,29,36,36,24,29,25,34,30,31,46,25,24,35,30,25,29,27,36,26,23,27,25,38,18,19,29,33,31,31,30,24,28,36,34,36,27,25,24,34,30,35,41,26,25,28,36,35,22,26,28,35,33,46,34,28,29,35,30,36,22,31,25,27,29,30,28,34,36,27,35,33,25,28,33,27,39,25,30,40,28,28,38,34,34,28,32,32,34,38,29,30,29,29,29,24,35,28,27,33,29,30,39,29,35,29,35,31,31,31,28,31,23,26,24,21,31,33,37,31,29,25,35,28,44,40,31,32,26,34,25,18,38,36,30,39,29,25,30,33,25,32,29,27,31,30,29,34,34,29,34,32,32,22,26,26,32,39,32,26,34,28,32,39,37,28,30,29,32,35,28,27,31,35,32,29,23,21,29,27,37,24,28,35,32,23,35,26,32,30,32,39,34,26,38,28,36,26,37,30,29,36,25,33,34,29,35,29,34,32,37,25,22,25,26,33,29,36,32,29,19,34,38,38,31,29,33,24,31,24,31,27,27,27,27,30,25,23,31,32,30,23,31,37,33,31,34,31,29,27,38,31,33,29,34,33,29,27,30,36,32,33,36,29,28,35,32,28,31,29,33,21,27,38,35,23,40,31,28,26,27,36,35,27,32,27,27,37,32,29,26,33,36,37,30,30,29,34,28,31,33,21,35,32,22,32,36,33,27,35,30,28,32,36,26,24,28,28,28,29,34,34,41,28,27,32,29,27,31,24,27,34,30,31,38,26,27,35,30,32,29,28,33,30,33,32,25,32,29,27,25,30,36,37,30,29,25,34,38,28,25,30,30,40,31,24,23,39,28,21,34,31,27,36,29,34,27,35,29,32,32,27,27,32,27,42,23,37,31,29,32,34,36,33,23,34,34,28,26,29,21,32,27,35,32,29,42,26,35,34,32,28,39,26,36,31,31,30,33,40,28,26,30,31,40,24,33,33,35,35,26,34,26,35,29,33,29,32,26,38,25,31,39,24,37,23,34,23,29,29,28,34,29,33,30,23,28,36,33,23,34,26,35,36,31,32,36,30,22,27,29,28,38,33,39,29,31,31,28,39,38,28,27,34,34,25,27,22,32,35,30,33,32,32,27,36,22,31,31,25,26,33,22,25,30,30,34,28,30,25,29,35,26,33,32,37,32,29,35,29,29,33,34,34,27,29,35,24,29,20,32,30,29,27,30,34,34,18,29,25,28,35,27,38,37,30,26,22,31,23,26,27,26,32,26,36,35,36,25,29,31,33,33,28,34,27,32,33,28,30,35,30,38,30,24,36,30,28,27,31,26,22,28,29,36,29,31,30,27,32,36,30,35,38,29,31,30,29,33,27,34,33,22,24,25,29,28,24,24,29,28,30,34,32,30,29,29,29,33,29,33,34,33,27,30,31,35,26,24,28,33,28,32,29,35,19,25,33,32,29,29,30,33,26,27,30,35,30,25,34,32,30,28,35,29,27,25,30,29,28,29,26,39,30,38,31,31,24,30,36,30,36,29,27,25,32,25,24,32,34,29,30,27,27,36,30,23,24,24,35,25,31,29,31,28,36,29,31,35,31,26,24,33,34,20,36,39,24,34,20,35,36,37,27,30,30,26,33,34,35,26,24,27,38,28,35,31,33,26,35,28,31,32,32,36,37,29,32,31,22,28,27,24,30,20,40,30,34,30,38,30,27,22,25,28,28,29,33,31,33,37,24,35,21,25,32,37,24,33,31,25,33,33,28,44,26,27,31,44,28,28,31,33,22,34,34,28,32,25,23,28,28,22,30,27,27,30,28,21,33,36,23,26,27,28,31,32,32,31,35,33,31,29,28,35,29,26,33,30,28,23,33,30,33,33
19,100,23,33,26,26,40,26,23,36,25,33,29,23,20,25,29,29,24,33,32,37,33,29,37,33,29,29,28,32,20,26,29,28,30,36,23,38,27,33,23,28,36,33,26,27,24,30,23,31,37,27,34,33,31,32,26,25,35,31,32,29,28,26,33,33,29,37,23,32,34,30,21,31,30,33,29,31,31,28,21,26,40,25,20,25,29,26,25,31,35,32,24,28,39,30,33,33,28,29,31,27,29,30,30,31,27,34,27,23,19,34,35,32,40,23,25,30,27,30,35,35,33,35,27,29,29,28,27,36,36,32,26,29,25,24,38,27,34,32,34,31,29,39,29,33,27,28,27,34,25,32,27,24,33,24,28,28,23,28,38,33,30,42,23,22,26,31,23,27,39,27,28,35,29,28,31,27,32,27,34,32,38,30,36,28,32,30,31,29,25,30,28,25,23,36,32,32,35,28,30,28,31,39,28,33,27,33,38,29,26,33,28,30,28,23,29,29,31,30,27,28,22,29,31,34,30,28,26,34,19,25,25,34,34,27,23,33,31,23,27,29,34,30,25,29,31,23,32,32,31,34,33,32,24,30,32,25,26,26,25,28,31,26,25,29,32,15,33,28,38,36,30,27,26,21,30,23,35,32,28,32,25,32,26,33,28,36,26,43,31,26,31,36,28,26,32,36,30,34,26,28,38,36,30,27,33,28,30,33,27,25,34,27,31,35,33,28,25,28,25,29,33,29,33,26,30,26,33,31,31,19,34,31,28,27,24,24,26,27,18,28,37,24,24,26,37,30,29,24,27,32,32,23,31,29,25,30,24,27,29,28,36,30,26,30,33,23,36,28,33,37,27,37,31,34,28,33,33,29,24,35,26,24,29,34,26,26,28,25,35,28,31,35,26,28,29,19,32,29,29,24,26,27,28,29,35,29,30,26,41,34,31,33,37,39,29,42,29,28,37,31,28,30,30,35,26,38,35,33,30,33,32,30,31,31,28,36,31,27,26,35,34,33,32,35,32,39,29,30,29,29,37,22,29,33,31,24,27,30,27,41,37,26,36,28,30,22,29,31,38,37,39,31,34,28,30,26,33,29,30,24,22,27,32,36,25,29,28,32,30,22,30,26,30,32,35,39,29,30,21,24,36,26,28,26,34,28,35,26,27,34,30,23,29,32,31,36,32,27,29,27,30,32,27,34,29,35,23,38,30,27,37,31,29,39,32,28,30,30,33,33,30,28,23,33,25,26,31,25,37,26,27,31,31,28,30,27,28,23,32,27,28,28,30,27,23,34,26,29,33,26,30,28,29,32,34,27,30,28,38,33,32,31,37,34,27,25,26,29,38,37,36,37,34,29,27,28,28,31,35,21,28,31,36,40,27,26,34,31,28,34,29,25,24,23,32,27,32,32,34,28,33,24,26,30,27,28,29,29,36,35,27,30,36,26,18,28,33,28,29,27,33,26,31,32,31,27,24,32,27,33,29,34,28,22,42,28,19,33,28,31,26,30,38,26,33,28,32,27,23,27,34,15,32,29,24,31,32,32,24,29,41,31,34,27,21,29,37,32,27,19,25,30,38,33,34,21,36,34,30,35,29,28,31,33,27,25,27,28,29,28,34,32,30,32,29,34,31,32,29,26,28,27,31,29,26,36,34,36,32,20,25,28,45,33,20,34,34,38,27,28,39,34,35,32,26,35,27,30,27,25,25,33,25,33,31,27,23,34,30,36,32,28,47,34,30,30,28,28,36,32,23,34,32,34,23,30,29,38,32,27,19,27,33,24,33,28,31,20,34,29,23,24,28,34,27,32,36,37,24,28,25,29,37,32,34,30,31,30,26,23,35,29,31,30,28,28,26,40,37,39,19,31,31,35,30,30,25,25,24,30,28,34,39,24,29,32,38,28,31,29,26,29,31,28,32,30,36,33,22,34,26,25,34,39,35,28,26,30,30,34,34,29,26,29,36,41,34,35,31,26,25,29,35,30,29,30,18,30,27,32,37,37,26,28,29,22,25,31,31,34,25,26,32,24,28,31,28,35,31,37,28,32,30,29,35,32,32,32,31,33,30,33,30,24,25,30,29,25,32,28,23,30,30,33,31,27,36,31,34,28,26,25,40,30,34,36,27,40,30,29,35,33,28,35,40,29,27,29,28,35,29,24,35,30,33,32,30,33,26,32,28,28,35,38,27,35,25,28,33,30,38,32,29,26,29,36,35,27,29,29,28,34,37,25,31,35,29,34,36,27,27,32,20,32,33,23,19,29,30,29
20,100,27,22,35,30,31,31,30,30,29,26,27,35,33,37,25,25,26,35,28,28,29,28,26,27,33,30,33,34,31,31,32,37,34,27,24,26,29,38,32,36,31,27,30,24,27,28,38,34,39,36,16,26,24,34,23,28,32,23,24,27,30,25,30,34,26,29,22,31,37,27,30,37,27,24,37,31,31,27,32,36,21,27,29,32,30,25,40,32,38,39,34,32,32,25,28,28,31,35,33,31,18,19,32,26,34,27,36,25,34,38,27,31,29,33,36,25,34,33,27,34,33,36,38,24,32,34,26,35,29,35,32,27,33,28,19,25,31,33,33,27,29,24,22,30,27,38,25,32,37,32,31,30,35,35,37,27,28,29,27,31,32,40,22,27,42,27,32,34,27,29,23,32,30,25,26,26,26,29,18,38,28,25,30,27,36,43,27,34,31,24,37,27,27,31,34,33,27,27,34,30,27,28,32,31,28,33,30,30,32,35,33,29,33,32,31,29,36,40,34,31,33,27,33,23,28,34,25,30,28,29,27,32,31,21,35,24,26,30,27,30,31,33,36,28,33,27,28,32,23,34,39,26,38,30,30,25,33,40,27,30,32,37,18,28,25,36,32,35,29,34,30,30,28,32,32,23,35,30,39,35,34,29,34,30,30,25,33,26,31,28,38,31,38,27,42,29,23,25,25,33,33,38,31,37,32,29,29,34,41,33,32,35,36,29,33,33,34,28,32,36,25,26,31,33,28,25,32,33,29,35,31,30,32,23,24,24,26,33,33,30,34,24,28,27,25,28,37,28,26,27,23,27,34,33,27,23,40,28,29,30,27,32,30,25,27,24,24,31,22,30,32,26,33,26,29,31,26,18,31,29,28,31,37,32,31,28,34,33,33,28,35,38,32,34,33,29,35,31,31,30,34,26,30,32,32,25,25,20,32,32,28,19,41,22,28,31,32,31,25,35,38,20,40,34,33,30,24,27,32,30,36,34,31,30,38,24,34,34,32,29,34,36,38,31,32,27,27,33,32,29,31,28,29,31,29,36,31,26,29,30,27,26,30,32,27,24,31,31,22,29,31,29,33,26,35,27,31,29,34,25,31,28,33,34,44,26,30,30,25,28,34,26,28,27,34,28,30,23,28,34,28,37,38,26,32,36,32,30,33,37,34,36,28,32,31,25,28,31,36,25,30,27,27,30,32,24,39,27,27,31,35,17,37,33,35,35,37,26,37,26,25,31,31,31,38,25,28,24,29,34,31,28,24,32,35,32,29,30,33,30,24,21,29,26,38,29,22,30,25,28,27,38,38,20,22,34,32,30,34,31,24,32,24,32,31,30,28,31,32,33,35,31,21,29,34,23,24,25,39,26,24,31,29,26,35,31,34,35,26,34,26,30,37,27,22,37,26,28,43,29,29,36,30,25,23,41,31,30,35,34,26,36,30,38,36,36,37,41,34,35,27,29,28,23,30,28,33,31,28,36,30,31,27,27,33,31,29,21,32,32,35,29,30,36,35,27,35,26,34,33,33,23,34,29,41,31,31,28,27,32,38,29,30,25,29,27,40,22,33,19,23,40,25,34,24,33,21,40,41,36,29,41,25,24,35,26,29,28,30,35,30,42,30,37,29,33,30,25,28,31,28,34,27,36,28,39,20,43,24,31,34,34,32,25,31,25,39,20,34,32,29,28,19,25,32,35,30,41,28,27,26,30,27,27,23,31,42,31,35,28,32,28,31,34,27,19,29,34,34,31,27,31,30,29,26,26,36,32,21,32,29,25,30,30,23,35,31,29,29,35,29,28,31,35,36,32,30,38,37,30,31,33,34,30,37,32,30,24,34,24,31,24,26,28,24,31,24,29,21,33,28,26,21,32,33,27,34,28,33,27,32,24,29,30,25,32,22,26,32,24,32,30,27,32,29,32,40,32,28,32,27,31,29,28,36,32,33,28,31,37,35,33,22,35,26,25,31,31,40,25,30,32,32,29,25,34,22,24,24,27,30,26,33,31,32,29,30,32,38,25,25,30,30,28,26,22,27,33,32,29,28,30,32,37,26,29,33,31,32,32,26,34,33,28,27,24,22,32,28,36,40,30,29,39,33,25,22,31,27,37,31,31,33,36,38,32,31,25,27,34,33,25,35,28,29,31,21,27,34,26,29,33,25,24,26,28,33,27,35,32,31,32,25,33,29,33,28,35,25,29,36,25,32,34,37,28,21,31,32,33,38,30,26,27,37,30,32,25,23,26,37,27,24,28,27,29,26,36,21,32
21,100,26,32,26,34,32,32,32,30,28,30,31,30,29,29,27,34,34,31,32,40,25,38,38,35,35,34,27,30,26,35,26,22,26,34,25,24,27,28,31,33,24,36,27,32,26,34,40,29,39,41,34,31,31,29,28,34,24,37,35,32,27,27,24,25,29,29,24,36,28,35,27,26,31,23,29,24,25,45,29,35,28,31,31,30,32,29,30,34,29,33,22,33,31,19,36,32,34,28,37,33,26,28,31,24,34,32,30,26,36,32,36,26,22,22,35,28,38,34,30,34,19,27,32,24,26,31,29,36,22,35,29,41,30,33,29,27,24,28,22,31,27,34,32,31,27,35,35,30,28,29,18,35,34,41,34,28,28,36,29,30,35,31,38,25,28,37,31,32,30,38,38,29,34,37,28,26,25,34,27,23,25,32,31,30,27,32,30,25,23,25,27,33,27,38,21,32,37,18,25,34,27,27,36,33,29,26,34,29,27,37,31,35,27,28,27,30,32,33,30,34,23,34,30,27,23,36,22,27,32,27,26,31,38,38,38,33,28,31,31,36,29,26,31,31,31,35,28,32,26,26,29,34,20,29,29,30,34,24,26,32,30,36,25,34,35,28,30,35,34,32,35,21,35,24,38,24,30,31,28,28,32,28,40,30,27,26,30,25,26,34,32,28,27,25,31,27,33,27,23,21,28,24,31,22,34,35,31,33,32,31,32,27,26,38,27,34,21,33,30,37,29,31,40,29,31,39,36,28,29,31,29,33,33,27,30,32,27,34,26,36,31,29,33,35,32,31,27,32,24,24,27,27,38,22,25,28,25,37,39,22,34,35,30,32,33,33,28,26,32,30,38,31,27,35,22,28,27,28,31,37,40,37,29,33,28,25,26,33,29,41,32,36,28,34,27,29,30,32,30,25,34,36,30,24,32,32,23,33,30,37,26,33,37,30,22,29,28,38,28,26,33,32,32,35,37,31,26,25,34,27,28,32,20,36,31,30,39,27,42,32,30,21,34,27,35,29,34,37,38,28,22,28,30,25,32,26,37,30,33,32,32,30,32,34,40,35,28,25,21,22,32,29,31,38,30,33,28,34,38,25,30,33,37,27,31,40,34,30,22,28,32,34,25,31,36,26,37,28,31,28,33,19,30,30,31,26,37,39,31,31,24,23,30,33,26,31,30,41,29,28,21,28,28,29,29,24,35,34,23,22,29,29,31,35,26,35,30,25,28,26,37,24,31,23,25,31,26,30,32,26,26,33,27,36,32,24,26,29,29,33,39,29,32,32,38,31,38,33,30,29,29,33,34,37,29,29,29,32,27,34,34,27,33,30,29,25,33,38,26,27,33,28,27,24,29,32,27,24,32,26,30,36,27,29,32,30,38,35,28,39,31,22,25,21,31,30,27,27,35,25,20,36,37,26,38,33,33,30,28,30,31,35,33,21,32,22,28,34,30,22,36,26,40,33,23,37,27,27,40,26,26,28,29,29,27,39,29,42,37,32,29,36,35,36,27,35,33,30,38,32,26,31,29,37,33,24,24,26,33,35,43,25,27,30,30,21,30,31,30,28,26,29,28,22,26,39,25,26,23,34,31,25,28,24,33,39,32,31,31,27,36,33,25,32,36,41,19,33,25,38,27,35,34,26,29,34,29,34,29,25,30,31,30,30,21,29,36,32,27,26,26,32,25,30,27,33,36,26,21,33,31,27,27,23,34,35,30,23,38,31,29,35,26,24,31,29,38,29,39,28,36,24,37,26,37,26,24,23,31,24,28,32,30,33,23,33,30,37,35,28,32,33,34,31,32,37,22,37,26,19,23,33,35,27,27,32,34,27,33,30,38,34,28,34,30,27,24,27,29,28,30,30,33,31,28,19,29,28,27,28,29,30,31,36,30,30,31,27,26,32,29,35,32,35,30,35,27,28,32,33,36,28,31,44,39,27,30,32,34,28,35,30,35,41,29,37,31,29,40,34,25,27,20,34,30,23,27,27,27,26,23,26,41,27,23,28,26,36,20,31,26,20,39,35,24,22,29,33,27,36,28,32,34,32,32,32,31,31,36,30,27,26,30,28,31,33,27,30,28,30,23,36,31,28,33,34,23,23,31,34,30,36,34,31,33,33,28,29,31,19,35,21,32,32,32,30,20,26,33,20,25,33,33,26,24,32,26,17,32,30,31,31,33,36,36,26,26,30,37,32,30,28,34,25,27,27,40,27,23,31,34,30,29,23,24,43,26,37,30,34,41,34,23,25,27,30,28,37,28,31
22,100,35,33,26,32,34,30,29,23,24,30,29,33,32,27,27,23,31,28,32,33,36,28,29,27,35,23,23,35,32,30,28,34,27,31,31,32,34,33,33,30,37,28,27,33,28,28,24,29,39,33,19,28,27,25,27,31,23,34,28,28,33,25,33,29,32,26,34,23,27,29,32,31,33,29,28,24,31,22,30,29,36,32,31,28,28,36,31,26,17,19,32,23,37,23,35,26,35,32,36,38,39,28,24,31,25,29,30,30,26,24,30,32,29,24,33,24,35,32,29,29,34,43,30,26,28,32,34,26,29,27,34,23,29,27,33,27,34,24,29,26,29,37,27,38,27,28,32,27,31,20,35,40,31,30,25,27,27,30,28,25,27,36,34,29,31,35,37,21,27,35,25,31,29,33,26,35,31,31,34,24,27,32,24,38,22,28,35,31,27,27,34,27,24,29,36,24,30,29,33,30,31,28,34,40,33,33,31,33,34,33,26,27,31,32,34,36,27,25,35,27,33,34,37,31,35,29,23,27,29,23,31,28,28,26,26,36,29,26,21,30,32,28,28,41,24,32,31,29,29,28,34,31,34,27,33,29,33,32,26,27,21,26,33,29,31,26,30,38,31,27,31,30,25,23,30,25,31,25,28,34,36,37,42,31,29,31,32,26,33,36,25,34,27,30,38,39,27,30,33,27,30,31,25,29,24,24,34,28,31,24,29,33,26,25,29,32,29,22,27,38,33,31,31,26,35,35,29,29,22,30,33,29,22,37,26,33,28,35,28,24,29,33,34,25,23,38,28,35,28,20,27,27,26,24,37,30,25,37,35,30,31,36,39,33,33,29,34,27,35,26,41,33,24,28,33,24,33,32,32,32,24,31,27,35,29,29,33,30,35,38,30,35,24,34,22,31,36,23,34,20,30,22,29,29,32,31,34,30,27,34,25,24,34,38,30,34,37,21,26,25,26,28,31,35,30,31,35,29,34,30,37,29,36,32,37,30,35,35,31,25,27,25,27,37,27,30,31,28,32,35,26,26,35,36,29,27,26,34,23,31,32,31,26,32,25,32,27,40,29,30,20,23,25,26,23,30,33,31,21,25,29,25,33,35,25,29,27,27,24,24,24,32,24,27,32,43,31,31,31,23,30,31,29,26,28,25,26,35,28,29,34,22,42,38,23,30,23,30,30,32,20,33,35,31,42,26,32,37,27,25,27,34,25,26,30,29,35,33,24,28,26,25,23,27,29,31,32,29,33,27,29,25,29,35,35,34,35,32,27,28,35,30,26,26,37,29,24,31,27,27,20,29,27,34,31,45,34,33,25,30,35,24,36,29,25,30,26,28,41,34,28,29,25,30,34,27,38,27,32,35,33,24,28,35,21,34,33,34,32,35,32,31,29,26,30,30,31,36,40,39,27,31,34,33,33,31,27,32,29,25,21,30,32,33,33,30,21,30,34,33,41,31,24,34,38,24,19,26,26,35,32,36,24,30,29,31,29,25,28,31,34,23,34,28,25,29,26,15,27,29,37,33,38,30,38,32,32,34,28,32,29,36,35,26,30,28,32,34,27,31,30,21,27,30,36,30,33,31,23,33,36,34,34,36,34,28,22,24,29,33,25,40,30,35,30,26,37,28,34,36,35,39,34,37,30,27,34,29,32,31,27,26,34,31,27,32,26,26,33,31,26,39,32,34,31,34,37,42,31,29,29,29,32,27,33,24,31,31,38,38,33,26,29,28,31,20,34,27,28,30,22,28,31,31,37,29,36,21,25,25,33,32,21,29,25,37,26,27,20,28,34,29,32,34,31,28,27,36,28,29,35,31,29,25,36,35,29,35,36,29,35,27,33,32,29,26,35,29,27,30,36,29,23,46,38,30,39,34,28,32,30,40,32,24,27,23,20,32,34,37,26,28,27,31,32,26,28,34,26,34,21,30,25,28,30,33,31,29,37,35,20,23,28,24,30,30,32,32,28,29,24,23,21,22,31,29,21,37,28,25,31,29,37,37,28,26,31,28,36,39,31,32,18,29,34,27,43,33,32,31,30,20,28,27,36,21,32,30,33,33,34,27,22,33,25,38,23,31,29,32,27,21,25,26,30,22,36,25,30,35,39,31,33,22,30,25,37,30,33,31,29,31,26,30,31,28,27,35,28,35,32,37,29,31,30,26,31,32,31,29,42,32,32,32,32,34,30,28,22,26,30,29,35,25,29,35,31,34,31,34,29,24,39,25,37,31,33,26,25,28,33,30,28,20,37,28,30,31,27,27
23,100,30,28,26,29,35,27,28,22,23,31,34,27,30,27,39,29,30,29,23,31,32,30,30,23,29,25,35,35,24,34,27,30,28,33,35,25,28,28,29,31,29,31,37,22,27,40,32,32,31,26,32,26,31,30,31,20,27,28,34,35,27,26,29,28,32,26,20,18,26,30,21,29,29,33,32,28,27,31,36,23,29,22,37,30,29,35,25,29,44,33,28,29,28,30,21,34,32,23,32,27,25,31,34,29,28,33,26,31,28,36,23,32,24,31,28,27,27,30,35,30,34,36,29,29,32,28,20,38,29,21,34,36,17,38,28,20,21,31,19,37,31,29,33,30,24,31,27,28,34,24,19,25,24,31,27,30,27,26,28,20,27,23,25,35,34,27,27,40,27,28,27,26,31,30,27,36,28,33,23,36,32,30,35,39,27,35,25,31,34,25,30,28,27,30,39,34,33,35,27,30,24,37,27,28,29,30,25,32,40,37,30,31,24,24,21,34,33,29,29,31,25,28,33,31,33,37,31,31,20,34,35,30,34,21,29,31,33,32,28,36,29,23,33,23,29,33,28,23,35,27,39,36,34,31,30,33,30,23,31,27,27,30,34,27,32,35,32,35,27,37,33,23,29,25,34,33,30,39,23,32,29,29,29,29,37,26,27,25,32,37,29,30,32,34,25,27,27,26,41,30,31,21,35,29,28,21,31,29,34,37,23,22,36,23,29,37,24,31,33,26,29,20,34,28,32,32,32,28,28,39,34,32,36,37,24,28,27,34,35,38,34,39,27,25,30,33,32,25,31,25,34,27,31,33,28,38,30,32,27,24,26,32,29,33,26,26,33,23,30,24,31,29,31,36,29,39,25,27,31,30,30,29,30,32,22,33,23,29,36,30,30,29,23,23,28,34,29,29,30,20,34,32,24,33,25,35,34,32,39,33,33,32,31,32,29,31,34,26,29,37,35,27,28,21,36,25,30,31,37,25,29,38,25,34,28,33,29,36,34,33,25,25,28,29,34,30,23,27,31,33,28,19,22,31,32,28,34,28,28,39,44,27,27,31,25,26,26,22,28,33,36,26,26,18,25,36,26,34,27,30,35,40,30,35,26,30,26,35,33,27,23,35,23,27,32,28,24,32,29,22,29,25,29,23,23,33,22,35,19,26,26,23,27,37,30,30,20,24,24,36,38,19,30,28,35,30,28,22,29,25,22,29,31,34,32,35,31,38,26,29,29,30,32,26,30,31,26,26,38,31,39,32,29,25,26,34,35,34,26,34,33,32,34,24,27,28,29,28,29,29,29,42,32,31,25,31,37,26,29,31,31,31,34,31,24,31,29,30,36,21,30,28,27,23,35,27,41,34,28,26,28,34,33,37,35,28,24,35,24,36,33,36,36,27,32,32,32,36,19,32,29,35,30,29,27,31,33,37,27,26,31,27,29,39,33,35,31,31,31,23,37,22,32,28,27,37,25,39,29,30,27,24,30,34,31,30,34,28,35,32,32,25,43,29,36,32,30,28,31,30,36,30,20,31,36,33,35,39,29,29,31,27,28,23,32,22,28,38,27,33,36,30,29,27,35,31,32,36,28,27,29,31,26,29,30,30,31,27,33,32,28,31,34,33,25,38,34,32,28,28,33,22,33,33,35,35,22,24,26,34,34,31,34,29,30,27,25,40,22,27,26,33,30,28,37,27,29,37,31,29,29,29,24,44,35,34,27,38,31,37,26,33,36,36,32,31,34,23,36,23,30,29,45,25,31,31,19,29,32,34,27,26,35,36,37,30,40,24,39,33,24,28,34,31,38,32,30,33,25,24,19,22,22,27,34,31,31,26,36,31,34,23,25,27,38,34,29,28,34,32,29,28,30,29,32,23,37,25,33,37,23,21,38,27,27,30,41,27,25,27,30,23,30,34,29,34,29,32,34,24,30,34,32,26,25,31,38,27,35,31,39,25,23,26,35,29,33,31,30,30,30,32,23,35,25,38,23,38,30,28,32,34,30,29,39,20,19,29,31,39,36,31,21,32,25,37,29,35,20,35,35,35,33,35,26,31,27,30,33,39,32,29,29,37,28,29,34,24,35,34,28,29,34,25,29,38,33,32,37,36,30,34,32,30,34,24,32,32,34,30,26,38,21,26,34,30,33,34,31,26,25,34,32,30,32,28,32,40,36,30,29,38,31,39,26,30,33,35,25,25,28,29,25,24,30,31,28,29,34,33,27,31,35,43,19,27,22,32,28,26,29,26,34,28,34,37,29,38,27,30
24,100,22,28,32,34,31,36,42,24,33,35,38,31,32,32,36,33,26,33,31,33,24,34,21,28,33,30,40,24,21,31,31,24,31,31,29,32,20,37,26,27,31,29,32,28,33,28,28,30,37,37,28,35,29,32,32,19,28,34,24,30,29,31,34,30,32,37,26,37,29,33,31,30,30,27,30,34,26,27,32,28,30,28,25,31,22,34,38,26,26,36,28,22,27,25,30,26,27,37,39,32,27,26,27,30,31,29,24,40,41,30,30,23,20,32,29,28,24,23,22,34,25,33,31,34,35,32,35,33,41,25,34,29,21,28,30,26,30,27,23,31,25,26,22,24,33,29,26,26,24,29,36,32,28,32,22,36,32,42,32,25,22,26,30,36,36,30,33,24,31,31,29,32,26,31,29,28,24,29,34,34,32,32,26,30,31,30,32,26,30,34,29,40,24,27,31,35,36,26,26,27,30,29,40,34,30,32,26,30,27,29,35,38,27,31,32,30,29,28,27,31,23,26,29,27,20,27,29,37,30,30,31,25,28,37,26,33,30,28,38,28,31,33,30,25,25,27,38,30,27,21,26,39,26,34,35,27,29,33,34,23,31,31,25,39,32,40,39,26,33,32,29,19,30,38,39,30,34,31,30,32,38,32,34,29,30,30,31,40,33,36,32,29,34,32,37,19,29,34,30,30,21,38,29,34,36,29,33,31,34,29,28,39,27,30,20,25,30,30,31,30,31,29,25,33,28,33,28,30,33,35,34,37,32,32,32,33,38,21,25,36,33,29,40,28,25,20,32,32,24,37,31,28,31,42,32,34,31,33,36,28,21,30,27,38,35,29,32,25,33,33,31,33,28,33,35,20,29,26,24,29,26,25,27,28,31,34,39,29,30,27,33,35,29,31,29,29,32,26,29,31,29,35,24,25,28,29,31,34,28,23,33,33,34,37,24,31,30,29,31,22,36,29,30,43,40,35,26,34,29,26,43,35,28,23,32,33,29,35,26,38,30,29,38,35,23,37,30,25,31,30,33,25,29,28,25,28,28,34,32,34,29,34,29,31,26,25,23,32,28,29,27,26,29,19,36,37,39,26,33,27,26,26,39,30,32,27,19,35,33,31,33,25,36,31,19,34,30,27,31,25,42,26,38,31,24,39,29,29,27,29,29,24,35,31,31,31,22,28,26,37,27,25,40,35,20,25,31,28,32,29,23,33,26,26,33,29,21,19,23,26,28,34,25,35,31,30,31,31,17,32,32,21,33,28,33,29,35,34,32,34,35,27,21,33,30,25,31,31,34,28,34,24,24,33,27,34,29,21,27,28,34,28,21,24,33,23,36,28,34,27,35,25,30,27,31,28,36,16,32,24,19,29,27,28,26,30,24,27,30,29,27,32,28,29,36,28,34,39,29,24,36,30,37,32,36,25,37,41,27,41,31,27,44,34,23,34,29,37,30,32,37,29,34,33,35,31,29,30,35,35,27,32,30,29,31,28,29,30,37,32,26,34,32,26,23,22,29,30,33,33,35,26,27,32,23,30,35,29,33,25,31,29,37,34,27,25,31,36,33,35,34,31,28,29,17,36,29,38,20,25,29,31,25,36,34,32,24,34,34,27,25,36,30,29,21,31,22,27,24,27,28,22,36,30,27,30,28,25,27,34,37,35,32,32,31,36,30,34,25,39,25,37,34,19,28,35,20,35,32,28,29,27,29,28,40,35,40,30,22,31,32,23,35,47,23,31,31,30,31,32,35,24,38,23,31,34,28,36,35,32,30,33,29,31,32,29,32,24,35,26,27,28,35,32,25,29,35,29,34,20,38,32,28,41,27,35,28,38,34,33,26,28,28,30,32,32,32,36,29,37,36,24,35,28,32,35,33,29,38,33,31,25,24,24,34,28,30,29,32,28,37,29,34,36,22,25,32,35,25,26,27,29,30,22,35,31,27,28,27,30,31,32,32,31,35,25,29,28,31,31,33,25,36,27,34,35,29,27,33,24,27,28,30,29,31,34,29,34,24,19,25,35,34,30,34,30,31,27,34,26,37,30,29,23,33,29,35,30,30,25,36,28,32,35,34,23,37,30,28,33,35,35,25,38,27,25,31,38,32,28,28,34,28,33,28,35,23,31,35,26,33,24,39,32,26,30,36,33,31,28,32,27,22,33,31,31,29,32,29,25,29,32,28,31,28,30,35,33,24,36,39,33,34,34,28,29,34,37,32,28,34,35,18,33,36,30,39,18,22,24,27,33,31,31,28,32,27,36,29,36
25,100,30,27,37,29,23,23,28,26,27,34,24,27,32,29,25,31,27,37,34,32,28,25,28,34,25,31,33,19,33,25,30,21,26,39,25,25,30,35,36,31,27,36,25,27,24,28,37,36,31,36,24,27,30,23,32,28,22,30,30,33,40,32,34,28,36,36,30,27,27,31,30,32,31,30,35,28,32,39,27,28,29,29,30,34,30,25,40,45,30,27,23,29,30,37,28,24,28,26,34,21,35,32,28,35,31,30,23,36,30,29,36,28,34,18,23,27,34,35,43,29,29,20,31,33,25,32,31,32,31,29,27,37,42,28,33,20,32,30,35,29,23,27,31,24,30,27,30,35,23,31,34,29,35,36,33,32,33,34,31,37,27,25,34,26,32,36,31,26,30,30,29,34,28,34,26,34,29,40,35,34,36,27,36,20,31,28,38,29,28,29,25,27,25,35,38,31,33,32,25,23,23,21,30,27,28,35,34,26,26,30,34,25,33,20,29,30,28,37,20,35,28,27,30,21,26,40,31,28,36,26,27,21,32,20,23,20,21,33,37,27,29,34,25,30,30,31,33,36,30,23,26,28,33,41,28,23,33,28,31,43,32,34,31,30,23,25,25,35,34,33,25,26,31,30,29,33,32,34,30,28,28,26,27,32,35,24,35,23,22,26,24,31,23,34,26,34,24,31,21,28,31,29,35,26,27,26,39,27,32,30,33,26,31,29,32,33,28,32,36,31,26,29,33,28,42,36,31,32,39,25,26,28,35,40,28,32,34,36,25,29,26,30,27,27,32,40,27,32,19,28,32,23,29,33,42,33,27,30,29,34,30,28,23,29,28,28,31,22,33,33,32,27,33,30,31,29,24,33,26,29,25,29,16,19,33,24,26,28,28,26,33,30,36,29,27,27,25,29,30,36,31,36,26,28,29,26,31,28,32,27,31,33,32,31,34,27,26,28,35,24,18,27,31,29,28,27,29,25,30,32,38,26,25,33,34,23,30,20,29,31,34,43,32,26,34,31,27,35,29,31,31,36,25,36,34,23,36,30,30,27,35,28,27,39,27,28,29,21,33,26,26,26,31,37,29,27,22,24,21,31,27,35,34,28,22,35,22,28,32,31,37,24,30,32,29,24,33,35,31,38,20,37,31,35,25,29,26,26,34,30,42,32,31,26,30,36,32,28,34,27,29,35,29,26,28,32,20,31,32,35,33,32,22,39,24,33,30,37,31,34,24,30,29,36,33,30,24,24,24,27,31,27,26,24,32,26,34,28,28,28,25,27,33,32,29,39,26,34,33,37,31,34,28,33,33,28,27,35,29,32,28,28,21,30,42,31,31,29,23,25,33,26,35,28,33,41,27,29,34,22,22,25,25,34,34,32,38,32,27,30,23,35,26,36,36,30,30,30,28,31,34,42,28,36,28,24,22,41,34,51,23,29,36,26,30,29,32,28,31,31,32,29,17,33,29,29,38,34,35,35,32,33,37,33,29,30,32,29,24,32,28,31,31,35,30,31,30,25,33,27,29,32,36,37,25,33,21,32,30,23,28,24,29,31,32,21,31,23,22,31,28,34,24,25,22,31,29,28,37,23,25,39,40,24,29,30,29,30,26,30,29,28,31,22,37,35,29,33,28,31,34,29,28,24,34,23,31,25,35,31,27,35,30,25,29,28,29,25,36,37,32,30,24,28,32,35,36,40,27,34,28,35,26,30,26,36,29,32,29,28,32,38,33,28,37,27,33,34,31,25,40,21,27,38,28,29,34,30,28,30,33,23,34,32,28,36,29,32,33,31,39,40,28,32,31,26,27,28,22,31,32,33,36,24,25,30,38,28,24,24,26,34,34,32,30,32,26,32,31,28,41,37,32,31,26,33,37,30,23,30,24,25,25,32,26,32,33,28,29,38,37,33,33,38,23,21,29,25,35,31,23,29,38,29,22,28,30,31,31,28,27,39,33,37,31,25,36,30,31,29,27,30,38,29,31,38,35,28,28,32,32,28,33,26,33,29,23,30,21,19,37,35,27,29,26,28,26,24,30,24,25,31,26,19,32,29,32,29,29,31,30,19,30,32,31,33,41,33,30,30,27,23,35,34,31,35,26,22,36,26,31,34,30,25,33,24,27,26,17,32,28,28,24,28,26,38,19,28,23,33,31,28,32,22,31,28,35,29,28,34,25,22,31,30,28,25,38,31,36,27,25,34,33,29,33,33,24,22,31,26,29,29,35,25,34,38,36,31,33,29,29,29,30,29,30,25,34,27,20,28
26,100,29,28,36,31,35,35,39,23,23,27,34,30,32,22,29,32,30,30,31,33,24,28,29,27,35,33,33,23,29,32,30,24,30,29,32,27,38,27,26,29,34,35,29,33,26,25,33,27,30,36,30,32,20,40,23,32,30,35,33,28,31,36,25,35,35,23,34,27,34,35,33,26,30,27,29,19,38,30,30,27,32,29,34,25,27,29,27,29,31,25,37,30,24,28,35,30,23,31,28,29,29,31,28,31,36,35,31,35,28,35,33,28,23,32,21,30,25,31,26,33,34,28,33,35,29,30,36,34,25,28,30,31,25,35,31,38,23,25,30,23,32,31,24,27,33,25,25,32,26,22,33,37,32,29,27,25,35,28,27,27,29,26,27,33,27,27,22,33,35,28,34,35,29,25,31,35,32,31,33,25,34,32,28,20,27,37,29,34,23,23,24,25,30,34,31,31,34,38,23,37,25,30,28,32,32,30,35,23,31,30,32,26,31,31,29,23,36,26,32,29,29,19,37,41,31,37,34,28,25,33,24,29,26,27,31,32,35,40,26,31,32,29,42,37,35,32,36,31,28,38,33,31,32,35,29,29,27,27,38,25,29,35,32,40,26,28,28,26,28,32,30,31,33,30,30,28,32,24,36,30,28,32,28,41,35,35,29,27,31,29,34,27,28,32,25,28,27,31,23,26,31,26,35,35,36,27,28,35,35,42,32,25,34,33,23,31,37,23,33,29,36,25,32,23,25,29,30,36,40,33,29,27,31,29,22,30,36,26,32,35,27,24,27,22,28,32,25,33,30,23,30,32,29,23,42,42,27,29,25,29,30,30,25,34,37,31,28,31,31,31,32,24,24,32,27,35,23,32,31,30,24,27,22,34,28,35,27,28,19,30,30,28,29,32,34,25,29,20,36,27,32,26,33,36,27,29,30,23,25,26,32,28,36,31,23,28,30,31,29,27,24,29,35,30,29,36,26,30,38,24,29,29,31,25,28,40,27,33,24,22,34,25,33,36,30,32,33,25,32,26,36,30,36,34,27,32,26,35,22,38,34,32,37,34,31,31,30,29,21,24,30,20,30,27,27,26,30,30,32,29,27,28,27,26,33,33,29,34,30,27,25,33,32,26,34,30,38,28,31,29,28,30,41,29,27,24,29,37,36,33,37,30,29,31,40,32,32,30,28,23,34,29,33,30,32,27,36,29,25,35,28,36,33,32,29,30,38,28,22,35,27,34,32,20,29,34,31,35,37,31,34,37,26,34,30,25,29,34,28,27,23,33,24,35,44,36,35,25,29,30,26,29,36,36,30,29,32,18,31,40,34,25,34,38,26,32,33,27,29,30,21,26,31,34,32,35,28,31,24,25,23,29,28,24,26,32,32,36,23,25,27,25,34,32,30,28,32,33,36,29,31,39,30,24,26,22,39,36,26,34,33,32,26,25,34,26,29,40,25,23,33,36,34,26,30,32,32,28,28,29,35,28,25,31,27,27,31,32,33,38,31,22,36,30,30,33,25,25,31,34,31,34,31,33,34,31,25,33,29,28,29,33,34,33,26,33,27,27,26,26,24,33,35,30,29,30,35,19,37,29,36,35,25,32,37,28,29,38,28,34,24,34,33,29,26,25,30,37,37,31,24,34,29,31,35,25,37,32,29,26,30,30,28,23,34,31,17,33,22,29,33,32,32,31,37,29,27,26,32,24,28,45,35,36,29,25,30,35,28,32,30,30,29,31,31,28,22,28,34,33,26,37,29,26,28,29,27,24,28,37,28,31,33,29,32,32,29,24,25,21,29,24,32,26,44,29,25,28,28,28,36,33,28,24,34,28,31,29,19,37,29,31,32,36,32,27,30,32,31,29,33,30,32,31,31,35,26,28,28,20,37,35,25,27,36,31,23,30,30,38,34,33,29,28,27,34,31,35,27,37,31,36,32,30,35,26,28,33,24,36,26,28,33,37,34,29,25,33,31,24,30,35,27,32,29,34,33,24,37,30,31,33,27,33,26,29,35,33,35,34,28,27,26,32,28,21,23,25,29,29,34,36,24,33,33,24,27,30,30,30,28,32,33,32,28,32,28,30,36,32,22,36,39,27,28,26,31,29,30,29,26,29,31,37,34,20,28,31,23,33,37,33,34,36,30,36,30,23,28,32,30,38,24,31,37,30,30,29,29,39,24,42,22,30,27,34,22,28,28,35,35,23,27,31,35,31,29,27,28,39,33,25,28,31,25,30,28,37,29,41,20,23,30,29,33,36,33,29,30,27
27,100,36,42,31,26,35,34,27,29,31,22,40,31,26,25,25,27,32,27,26,32,27,22,35,29,27,25,33,35,30,21,26,31,33,25,28,34,33,26,16,26,28,35,28,22,30,36,29,30,30,28,30,29,30,22,23,42,34,35,24,30,27,36,27,27,28,29,31,25,37,27,38,29,31,29,21,31,24,43,27,27,28,24,35,28,26,20,31,31,36,32,35,33,26,34,30,40,36,32,32,31,26,34,27,35,27,34,26,32,28,26,24,27,36,27,33,32,21,35,33,35,29,32,19,33,31,29,31,30,26,32,34,32,29,38,28,37,31,29,30,28,27,32,32,22,32,29,29,34,29,35,20,30,35,24,28,25,22,30,25,37,20,29,22,30,31,36,24,30,35,32,30,32,29,26,28,33,22,32,28,29,30,28,33,27,25,33,21,26,27,38,33,26,37,32,34,29,23,35,30,31,31,34,24,27,36,33,27,32,27,26,25,31,19,29,22,23,33,27,30,31,27,25,36,28,36,29,35,36,38,37,30,31,41,38,37,29,40,25,25,32,36,22,28,26,24,33,36,35,37,37,29,27,31,22,23,32,31,27,33,30,34,30,30,34,29,21,25,31,26,25,35,29,27,27,32,22,23,33,28,30,30,36,29,38,33,25,31,30,36,34,28,27,29,28,19,21,38,30,33,28,36,36,29,34,27,28,35,29,29,36,32,37,34,34,40,26,30,24,26,33,28,36,28,31,32,32,24,30,26,26,25,32,30,37,31,34,23,35,30,40,29,32,32,34,29,36,31,38,30,36,29,32,31,33,34,35,20,31,29,32,28,24,37,30,27,32,33,37,24,33,31,26,35,40,31,33,31,29,25,29,25,37,24,26,34,32,33,28,29,39,29,39,24,20,34,30,30,33,37,28,28,30,26,35,38,35,25,33,26,26,31,30,37,28,25,22,43,42,30,23,37,27,30,32,23,26,23,28,38,30,31,34,32,27,30,26,23,29,34,26,28,31,25,40,29,30,25,32,37,34,26,21,24,35,32,25,38,31,30,20,33,30,33,30,28,28,28,26,33,32,25,20,30,28,35,28,34,33,31,31,30,31,31,30,33,32,35,34,31,39,29,32,36,26,29,33,31,26,24,23,29,30,20,24,34,30,23,32,27,23,35,31,35,31,38,27,32,34,37,34,27,32,21,19,36,21,35,21,25,32,27,40,37,31,30,27,31,31,34,35,31,28,32,32,23,29,35,33,33,26,34,25,26,25,33,32,27,37,29,25,29,26,27,32,34,30,24,29,41,22,29,39,21,31,31,23,33,37,27,23,34,31,28,25,23,32,27,25,33,33,37,38,29,34,25,30,39,36,32,33,31,24,32,30,38,23,28,26,40,32,25,36,35,23,29,31,26,34,22,25,29,31,27,22,30,26,23,29,32,32,34,26,28,22,27,37,31,37,33,28,27,26,42,27,39,38,33,25,27,33,27,29,26,23,25,24,26,26,37,31,29,29,32,25,23,29,27,32,30,23,31,23,24,29,36,33,25,35,29,38,28,22,24,28,28,28,29,27,29,33,33,27,31,17,30,29,32,31,21,31,20,32,24,28,26,27,35,36,26,36,27,25,27,33,32,32,36,31,38,30,34,26,18,31,32,29,25,32,41,30,35,28,22,33,28,31,25,23,28,30,36,22,20,33,30,33,29,31,33,28,29,22,33,32,27,31,24,30,29,30,35,36,32,30,26,35,26,26,26,29,27,29,32,31,32,29,35,31,28,28,26,32,27,35,35,25,25,34,33,21,35,21,35,32,34,29,20,33,31,34,28,27,35,22,29,28,29,25,28,34,26,33,24,32,32,25,23,31,23,24,34,28,41,29,28,31,39,31,28,30,28,31,27,26,30,26,20,32,40,25,34,26,34,39,30,32,27,37,31,37,36,33,25,31,24,28,37,30,30,29,32,26,22,28,26,32,30,33,29,28,26,29,36,26,33,34,33,29,29,24,29,33,32,35,29,34,28,24,35,28,29,32,29,27,26,23,34,28,32,36,22,26,21,25,19,31,43,36,32,29,23,28,32,35,26,35,26,41,36,41,30,36,26,25,31,31,36,31,26,23,26,26,33,28,24,37,29,19,33,28,34,29,29,20,33,43,40,23,33,33,24,27,32,29,28,36,34,28,23,26,30,31,31,42,28,24,28,37,31,28,32,39,27,30,34,30,28,30,33,22,33,25,30,24,30,39,37,37,27,38,29,27,23,27,28,27,26,26,32,22
28,100,34,35,36,29,36,21,33,20,35,31,29,30,37,29,31,28,33,29,32,27,28,34,35,31,28,30,22,29,25,30,28,36,25,35,25,25,33,26,13,29,28,34,27,29,30,31,24,25,35,30,29,27,29,34,32,26,27,35,34,29,28,33,31,36,28,27,27,29,30,28,32,42,29,27,29,22,37,23,28,22,28,30,33,32,38,28,35,38,24,28,32,34,35,26,27,28,26,26,32,26,26,21,34,28,31,37,19,32,31,43,32,34,28,29,30,27,27,27,23,30,36,40,35,29,26,26,35,34,36,30,27,37,25,28,34,27,31,34,27,40,25,28,31,26,32,38,30,34,24,28,30,33,30,28,28,30,34,27,33,31,32,30,27,23,28,24,23,29,26,35,23,36,29,27,26,29,26,23,25,34,27,30,24,33,19,21,21,29,26,34,30,26,25,34,24,22,29,36,34,29,31,26,25,31,32,30,25,23,26,27,28,31,25,30,29,38,31,31,27,32,38,33,35,34,31,34,29,35,39,31,32,34,26,35,26,31,31,28,26,30,32,29,24,24,30,23,36,32,21,37,37,26,27,29,36,25,30,28,28,32,27,36,34,26,28,41,25,33,26,30,34,31,32,31,27,33,28,31,23,21,23,31,32,20,26,28,30,30,30,30,29,34,31,37,27,24,30,29,36,28,31,37,34,23,31,41,27,32,36,29,34,23,38,36,34,31,27,25,25,27,29,34,33,33,31,34,33,33,27,28,35,36,30,20,31,28,26,32,28,27,26,31,34,33,28,35,30,34,37,30,32,36,26,27,32,36,28,23,30,37,25,32,25,27,30,31,38,31,33,35,31,25,34,30,25,32,24,27,31,28,31,34,29,29,31,31,35,34,23,26,23,32,29,32,28,25,28,28,34,25,30,22,26,34,25,25,40,31,30,27,33,28,39,23,36,39,27,33,31,34,30,34,29,32,33,42,29,31,28,40,34,33,25,31,24,26,34,25,31,25,28,29,28,40,28,30,38,37,29,30,25,33,39,23,35,24,38,28,31,26,29,35,32,33,28,34,25,25,32,25,31,30,35,31,26,31,29,28,27,36,27,34,31,35,29,23,36,35,28,35,28,35,27,27,36,33,41,30,30,31,30,37,25,34,26,29,30,29,35,23,32,34,34,36,31,30,20,34,26,32,31,34,33,29,30,29,30,23,25,31,29,33,28,34,27,29,35,24,34,28,27,27,36,39,27,28,38,26,30,42,31,30,27,35,28,30,43,32,37,37,34,39,30,26,35,34,40,36,34,33,33,34,24,28,29,28,18,31,25,34,33,30,31,26,26,24,26,29,32,28,26,26,30,30,37,33,31,34,27,34,34,22,33,31,23,28,30,31,30,27,31,33,33,30,30,28,28,30,35,32,25,27,29,29,26,29,24,27,36,23,33,28,35,26,21,35,29,33,30,29,32,34,17,29,19,29,33,28,30,38,30,28,33,29,33,31,27,29,23,38,28,29,30,26,25,38,27,26,23,22,32,27,28,21,22,32,30,27,24,23,28,30,31,25,25,34,34,41,31,32,36,30,25,24,35,34,36,30,22,30,33,22,30,34,35,32,31,33,33,21,35,25,39,28,29,35,37,39,37,34,33,23,32,29,27,31,37,38,34,30,30,35,25,35,24,21,24,37,27,27,25,26,35,23,37,24,26,35,24,27,35,33,31,27,26,26,33,32,33,23,26,25,38,29,32,26,33,24,26,31,29,33,36,29,36,33,30,34,27,24,28,31,21,31,30,37,37,25,31,30,41,24,32,31,21,28,24,38,29,24,25,34,25,40,32,34,28,30,28,28,27,29,29,29,32,41,29,29,25,30,30,31,27,36,24,29,19,25,40,38,41,24,33,27,30,25,30,29,23,23,25,28,26,29,28,32,37,33,29,27,30,36,29,38,23,32,26,26,35,30,31,33,35,31,37,27,28,34,29,35,34,30,29,24,29,31,40,35,31,26,23,33,28,35,29,32,32,31,32,21,37,32,30,26,32,33,30,34,29,28,30,16,29,32,33,32,31,16,37,33,32,33,31,29,34,29,31,27,34,34,30,26,24,34,33,36,25,25,34,30,33,27,28,31,36,35,36,33,38,31,31,27,29,28,27,35,22,29,35,22,25,40,34,24,40,27,27,30,29,25,28,32,30,26,29,32,39,32,26,38,36,30,29,26,35,23,31,20,22,41,30,33,28,30,34,29,30,30,31,24,30,33,38,33,20,28,28,40,28,29
29,100,31,30,31,24,31,30,28,26,28,31,22,34,34,38,30,37,30,31,27,37,27,28,27,36,35,22,25,27,37,30,35,30,34,30,28,30,30,32,27,31,25,37,36,28,30,24,34,32,30,34,30,27,33,38,26,28,34,30,37,25,33,33,30,32,27,26,29,35,32,39,29,38,28,31,26,33,29,31,29,22,34,33,29,25,32,23,29,21,34,28,27,33,34,30,27,27,33,23,28,36,37,29,32,38,31,26,32,32,28,35,30,30,35,24,27,35,30,34,27,23,22,30,37,23,40,35,34,30,40,27,36,26,32,34,28,29,35,32,24,23,28,31,34,26,23,32,31,30,33,28,34,28,32,29,35,26,31,30,27,26,31,29,25,32,34,25,38,36,26,29,31,30,23,30,27,28,27,32,35,27,27,32,30,32,29,30,23,28,38,32,34,26,29,23,34,35,31,18,33,25,25,25,27,27,29,41,34,29,37,30,31,29,28,31,27,30,32,25,24,30,31,36,32,38,32,34,36,36,23,33,27,28,31,32,25,23,28,34,23,28,29,28,30,33,28,27,29,31,27,36,32,27,31,30,35,32,21,38,33,35,32,39,38,32,27,32,28,33,27,29,27,38,28,29,32,31,30,36,32,34,30,41,34,24,22,29,33,31,37,39,27,24,27,30,28,33,27,33,28,26,37,31,29,33,35,32,36,29,30,25,28,29,38,33,33,29,25,31,32,26,25,28,28,26,25,25,31,35,33,35,33,34,28,28,32,31,26,26,28,23,27,29,31,32,28,24,20,31,37,37,28,28,34,36,31,30,21,24,29,22,30,27,34,22,31,27,41,37,29,26,26,30,31,31,25,28,24,31,33,31,33,29,26,35,29,31,35,26,21,37,31,32,32,23,29,24,28,29,33,30,25,34,29,33,31,30,36,32,35,23,32,33,27,30,26,28,34,29,25,32,29,31,31,36,32,30,36,34,28,31,27,32,20,30,31,25,23,43,24,35,21,29,25,22,30,31,41,33,28,28,32,24,27,32,30,26,25,26,30,30,31,29,39,29,31,26,37,30,28,32,35,33,29,25,26,35,25,36,30,39,25,26,24,29,28,32,28,35,22,24,25,37,29,23,35,32,20,35,37,31,37,29,29,28,27,28,35,31,30,32,24,30,26,42,31,32,28,31,30,28,29,25,30,43,32,28,38,20,33,31,30,27,37,40,33,26,26,33,32,30,26,36,35,24,30,33,36,37,31,27,33,30,29,30,29,31,31,27,40,26,33,32,44,27,32,38,28,33,27,28,24,30,28,34,32,42,31,35,31,28,30,34,31,34,26,28,31,42,32,28,29,39,32,27,39,29,29,30,34,30,25,39,30,40,26,34,30,29,29,25,29,25,28,34,34,27,26,37,25,31,31,25,25,29,29,32,42,29,34,25,32,35,31,29,30,30,30,27,28,23,29,33,30,21,34,26,30,38,25,34,26,23,33,31,32,38,32,28,25,31,31,33,30,35,27,34,30,28,31,32,26,37,36,25,28,33,29,26,29,32,36,32,38,30,24,29,35,28,29,32,31,35,30,29,30,26,34,35,30,27,34,32,23,35,26,28,18,33,33,34,27,31,27,30,38,28,33,30,25,32,25,36,24,31,28,23,32,31,27,27,28,33,25,33,36,28,27,26,27,31,24,31,35,29,34,32,27,29,38,27,35,31,32,30,27,34,38,30,25,30,29,26,25,25,37,27,28,31,39,30,27,28,31,34,30,38,30,29,35,21,26,35,24,28,28,33,23,26,26,25,29,33,30,34,29,21,38,32,32,35,24,25,36,33,32,19,24,24,35,30,32,33,29,31,31,29,32,32,28,28,40,34,29,31,31,27,29,25,31,25,28,27,33,32,33,18,34,28,32,30,25,31,31,33,33,30,31,29,34,21,34,22,27,30,32,32,29,31,29,41,33,33,28,35,30,30,34,35,45,28,30,35,23,36,24,28,34,25,22,27,29,25,32,22,28,19,31,37,31,25,29,25,41,35,21,24,26,35,27,31,23,28,38,28,21,29,31,27,24,25,37,27,28,29,38,27,22,27,31,35,32,28,30,33,38,25,38,30,33,25,29,25,30,33,41,30,25,25,32,33,36,22,35,30,28,21,34,26,22,25,28,30,31,35,31,39,34,34,35,22,20,25,30,28,23,31,17,25,31,31,39,39,36,43,37,26,25,26,33,28,32,32,25,31,39,32,32,35,31,27,30,27,32,37,26,34,31,31,33,23
30,100,27,28,31,27,30,23,26,33,37,25,31,30,25,21,27,22,28,28,27,26,25,26,29,39,38,35,21,32,34,29,33,32,28,20,32,24,33,25,41,32,43,26,32,23,29,26,27,29,26,34,32,32,25,26,32,29,22,27,28,32,29,34,33,28,33,27,26,33,32,28,32,30,34,23,24,28,26,28,31,31,24,21,30,31,28,25,33,33,31,30,34,29,35,27,28,33,29,23,37,34,33,26,39,32,37,34,24,37,26,28,31,28,26,23,29,40,33,25,32,22,34,35,35,38,26,42,29,29,31,27,30,39,32,29,27,29,31,30,25,33,25,25,32,29,22,25,31,26,24,25,21,27,22,28,36,34,29,29,29,33,29,35,26,30,20,29,35,28,34,44,33,27,31,33,33,20,34,33,40,30,36,31,27,36,29,28,32,25,27,33,29,38,25,30,23,35,33,33,37,29,35,30,32,33,32,35,24,33,31,27,31,32,24,23,26,34,28,30,39,36,23,36,39,29,30,34,35,31,38,34,29,28,29,26,31,26,34,28,25,20,29,30,24,31,31,32,29,34,35,30,30,37,23,29,28,35,33,28,33,32,29,32,33,34,23,39,25,32,32,35,30,30,33,29,36,32,35,24,24,25,36,33,30,34,30,42,32,35,18,33,32,30,25,28,27,22,36,35,32,24,31,35,31,32,32,37,36,28,28,32,24,26,31,31,31,21,25,29,42,36,25,30,29,39,27,30,29,27,33,29,38,30,24,37,34,34,21,29,32,22,28,21,33,28,27,38,26,17,32,31,24,27,29,24,31,32,26,36,27,43,28,26,24,29,23,40,24,20,26,29,25,26,30,28,40,34,39,26,26,19,29,29,29,39,31,30,32,30,31,31,28,35,33,27,35,37,34,37,42,23,34,25,27,32,38,34,25,27,23,31,25,30,25,24,30,38,33,26,32,31,36,28,35,29,42,26,29,25,28,31,30,23,29,31,27,24,30,31,30,32,23,24,28,28,31,24,31,23,27,26,31,31,23,27,29,26,30,27,33,22,23,29,27,28,26,31,23,28,28,33,33,32,28,26,35,33,29,35,29,23,27,29,33,31,31,27,22,27,27,30,21,30,24,30,22,29,31,35,30,30,29,23,29,28,39,37,32,26,29,26,32,34,33,26,27,29,30,32,41,26,30,36,26,34,37,32,25,38,22,34,29,26,24,30,27,34,31,30,25,30,31,30,40,36,25,38,25,19,33,27,21,29,25,26,30,41,37,36,31,26,27,22,29,23,25,27,35,33,33,31,33,33,30,31,34,37,28,30,33,29,23,30,31,25,34,37,31,21,30,41,28,25,33,28,24,31,21,34,27,25,34,35,30,34,36,32,25,31,28,31,31,35,29,32,35,39,33,24,30,22,25,32,36,27,30,30,29,35,24,29,28,31,30,27,25,33,37,32,24,29,30,23,24,23,30,31,30,30,26,19,37,35,28,26,34,35,28,28,33,29,33,25,40,29,29,23,35,32,32,35,23,30,29,31,38,23,27,27,27,27,29,24,28,30,38,28,29,39,31,24,29,33,34,36,42,36,25,29,31,29,37,30,26,34,36,24,30,29,27,31,34,24,26,28,36,33,30,33,30,23,26,28,29,23,35,26,33,24,27,21,33,28,26,25,34,31,34,28,23,33,30,26,33,35,29,31,26,27,26,30,30,30,26,29,29,27,22,33,30,28,34,28,24,32,34,29,29,26,31,30,35,29,27,34,28,29,28,25,24,30,32,29,31,39,37,26,26,28,32,32,27,31,38,32,26,34,27,30,36,37,38,33,31,39,19,24,29,31,29,25,30,30,33,34,20,34,35,24,31,28,29,24,34,30,33,25,27,31,29,30,33,23,38,30,40,24,33,33,34,35,25,33,37,37,30,28,27,39,37,28,29,37,28,23,32,27,34,25,35,41,31,37,32,18,25,28,28,36,25,31,27,33,23,28,33,33,40,22,23,29,32,33,31,32,31,36,33,32,29,31,30,36,34,24,35,28,30,33,32,38,30,23,32,30,27,32,37,32,31,39,30,29,30,26,30,29,23,34,31,31,31,28,42,21,30,44,23,30,28,28,30,24,23,36,36,39,32,24,26,24,34,28,30,34,24,35,28,37,37,35,25,28,26,27,27,29,33,29,29,24,26,35,24,27,35,33,28,38,34,44,28,35,30,26,27,30,35,33,39,31,21,28,27,28,19,38,30,25,26,30,34,35,33,39,34,30,34,31,27,34
31,100,32,32,34,27,33,31,28,26,26,33,33,38,28,25,30,31,31,35,34,32,26,31,27,29,34,33,30,25,25,30,27,22,29,34,30,31,24,37,25,30,42,31,28,29,28,30,28,33,39,30,34,32,27,30,30,30,36,33,27,32,31,28,36,31,35,22,25,34,30,25,29,33,30,29,30,34,35,26,31,24,31,28,29,31,33,34,35,27,34,27,35,40,37,31,34,25,23,28,31,24,29,36,29,22,30,24,31,30,25,29,26,38,23,36,37,29,26,34,33,29,29,28,26,31,27,24,25,34,36,32,33,23,28,32,33,26,35,22,31,39,33,25,24,26,25,31,24,26,30,31,28,29,30,29,30,21,25,27,19,29,28,33,35,29,33,33,32,28,21,32,34,39,22,23,30,28,25,31,31,26,28,36,29,30,34,37,29,24,26,23,26,28,32,27,41,30,29,32,30,36,32,30,21,27,33,30,30,33,29,26,33,34,32,32,26,33,30,34,35,31,38,32,30,25,28,26,29,37,30,34,25,30,29,23,31,36,38,19,31,31,31,29,31,37,34,32,26,31,29,34,32,33,24,29,30,22,32,31,33,36,19,27,28,30,30,33,27,33,27,33,25,36,32,33,30,23,25,43,37,32,31,38,34,29,31,32,30,31,26,27,29,31,30,29,37,29,38,37,25,44,31,35,30,28,31,31,34,38,34,26,32,35,30,28,30,34,25,32,20,29,21,26,24,35,22,29,30,30,34,31,31,27,28,33,34,31,29,42,33,26,29,29,32,32,30,29,33,29,29,32,33,25,30,30,24,29,33,31,29,27,27,29,37,29,26,36,30,29,31,30,31,31,28,30,31,29,31,27,33,27,33,29,31,29,35,32,32,32,26,38,30,31,32,31,30,33,29,39,29,24,37,36,38,33,36,24,25,40,34,34,21,32,28,25,34,30,30,35,30,34,40,31,30,37,28,23,35,41,36,37,30,28,35,35,34,29,22,30,29,22,29,24,34,24,29,28,25,22,31,26,41,24,25,23,18,36,28,35,26,25,36,34,32,32,31,29,24,26,17,37,31,24,24,24,28,30,38,23,32,27,32,32,26,26,31,29,30,29,27,32,37,30,31,32,35,30,39,29,34,30,33,31,30,36,37,30,34,31,27,36,23,28,37,32,21,34,32,20,31,34,25,27,34,40,28,31,30,33,26,35,28,28,27,24,31,34,27,26,35,27,30,30,35,33,24,26,35,26,27,33,34,27,22,36,26,29,30,27,29,34,33,30,28,29,20,25,40,29,31,33,29,27,26,37,37,25,27,31,29,33,25,27,28,32,25,28,30,32,37,31,31,30,26,29,19,30,35,37,24,27,36,29,37,27,35,27,19,31,33,25,24,34,34,27,31,32,29,33,27,30,29,28,36,26,22,34,26,32,39,26,26,26,33,33,21,29,32,23,27,26,20,34,27,27,24,31,34,25,28,30,32,20,30,39,20,22,26,22,32,37,27,31,38,22,32,34,32,39,32,30,34,30,32,31,33,38,32,33,29,19,37,27,27,25,26,30,26,27,24,30,30,31,32,34,34,21,34,35,34,35,36,33,29,28,29,26,36,27,20,29,27,28,33,29,37,30,30,35,32,30,32,33,27,30,28,31,29,34,22,29,24,22,33,34,40,28,28,31,40,26,29,31,27,34,26,38,21,27,33,31,35,23,28,25,26,35,36,35,31,37,30,37,34,29,32,30,26,30,36,33,28,29,35,31,31,29,41,32,30,20,38,25,25,22,38,34,25,25,25,26,26,28,40,33,27,33,33,34,24,30,34,31,31,36,27,27,32,32,36,35,26,27,34,29,28,33,30,26,30,23,28,22,28,42,36,39,30,28,33,36,24,29,34,24,28,29,32,33,32,23,30,24,20,27,28,29,35,34,28,31,35,28,37,29,32,29,27,30,30,34,35,25,33,25,27,26,32,36,30,36,26,34,26,25,30,35,32,27,34,30,33,33,33,33,32,33,30,28,28,26,42,22,25,29,28,34,29,29,31,24,28,28,28,38,29,23,23,34,32,34,32,24,25,34,28,36,31,28,25,29,30,30,34,28,29,17,29,33,26,29,16,36,31,25,32,25,29,25,36,36,35,32,34,33,30,30,22,33,29,24,33,35,23,28,38,32,31,39,32,32,32,34,31,25,32,30,33,34,26,35,36,29,31,27,32,27,29,18,33,30,30,33,38,34,27,25,25,33,26,23,35,20,23,26,27,28,27,33,31,25
32,100,28,27,26,37,36,27,35,29,25,25,28,26,22,30,33,26,29,36,27,21,37,33,30,29,31,34,21,34,35,33,31,31,25,28,31,40,29,28,29,38,30,28,32,36,30,29,34,37,25,33,32,34,26,30,31,26,23,29,25,25,30,25,25,37,23,32,43,33,30,29,30,28,26,27,38,37,24,34,34,29,35,26,28,31,30,31,30,22,36,36,26,24,30,34,25,30,33,31,36,25,33,40,33,26,31,34,27,27,31,32,32,40,33,22,24,32,26,30,33,31,30,29,26,28,27,34,33,30,28,28,30,26,38,26,28,28,27,22,36,36,30,31,22,33,35,26,33,32,36,34,19,31,28,30,29,32,35,33,32,34,30,28,27,37,26,38,26,24,30,30,31,25,28,25,26,25,35,29,19,23,31,27,30,32,32,33,38,26,27,20,29,28,34,30,31,28,25,27,26,32,26,35,36,35,27,26,24,24,27,39,29,32,32,36,27,30,27,24,26,24,24,26,37,27,27,35,29,26,37,31,33,25,31,25,34,34,32,32,26,29,37,31,21,20,28,31,26,19,25,40,34,36,36,25,28,32,27,31,24,28,34,30,40,31,38,26,33,24,27,37,26,27,33,28,30,30,31,33,33,26,29,27,42,32,38,28,38,26,33,32,30,34,35,30,34,40,30,32,33,31,34,33,24,35,30,25,36,25,25,27,36,25,32,26,32,35,27,29,31,32,27,23,38,33,33,33,23,27,34,32,31,39,24,35,29,41,31,19,28,28,29,30,43,30,30,36,31,26,23,21,30,28,27,40,31,31,34,24,34,36,29,27,35,30,27,36,25,30,20,31,29,30,33,36,25,32,24,29,32,29,32,32,24,27,29,33,24,37,24,25,29,34,32,27,23,28,33,24,34,30,36,39,30,35,32,35,29,33,32,39,32,27,31,35,31,32,25,29,33,39,39,26,27,41,29,32,25,35,25,28,30,33,36,32,27,28,27,31,28,34,31,34,28,23,42,23,26,30,33,32,30,32,31,27,26,33,35,30,35,34,33,26,30,28,30,28,36,36,33,26,24,30,34,34,26,28,39,25,31,32,30,26,37,24,30,33,28,26,23,39,34,23,38,34,26,24,26,24,29,28,31,34,23,27,24,26,26,28,23,25,28,27,35,23,30,33,25,29,22,35,27,30,27,27,23,39,33,27,18,29,27,36,24,29,19,37,21,29,30,27,22,35,28,31,21,31,37,27,33,28,23,30,32,29,22,33,23,31,30,29,31,37,34,36,31,33,29,29,33,24,35,32,28,41,21,25,35,33,30,34,31,29,36,35,33,27,28,35,30,35,29,33,26,24,27,29,31,38,25,29,26,31,27,35,31,33,26,29,25,42,27,22,36,29,32,26,37,31,33,35,28,27,33,27,23,28,31,36,36,35,29,27,31,37,30,22,34,28,27,25,30,37,40,35,37,42,30,33,36,33,34,24,24,39,28,39,29,27,27,37,26,28,21,30,33,33,23,29,29,26,20,31,30,20,27,25,28,42,35,25,34,31,27,32,25,29,29,30,35,33,37,25,29,36,32,33,30,28,27,32,28,27,29,30,21,21,29,34,29,39,31,28,31,29,23,29,31,25,34,31,32,36,26,22,23,33,28,30,33,40,33,28,33,34,32,30,32,28,30,37,34,24,24,33,27,34,33,33,35,24,33,29,25,21,32,33,27,27,33,31,32,29,36,29,38,33,27,25,32,31,33,36,34,29,30,29,30,23,28,27,30,30,28,30,30,32,30,31,27,27,35,31,33,34,27,31,30,28,35,31,29,30,35,30,33,24,26,24,19,33,27,32,27,29,33,34,31,29,33,30,37,28,26,28,29,36,25,28,32,26,27,28,28,32,28,28,28,26,36,31,30,31,36,36,31,31,31,31,25,23,27,33,35,36,26,32,35,29,32,34,27,29,30,26,28,31,31,33,31,27,30,34,44,29,32,31,33,34,31,36,39,30,36,28,30,34,25,26,31,25,19,26,24,24,23,27,32,38,29,38,24,33,32,26,30,27,30,28,32,37,29,24,39,27,29,30,33,32,35,33,39,20,27,33,23,34,30,28,27,25,38,29,34,38,26,40,36,23,27,33,34,30,33,25,28,29,39,35,26,24,22,30,21,32,26,34,28,24,33,31,23,23,23,35,40,33,28,28,23,22,33,27,32,21,25,26,24,27,24,28,32,30,28,30,40,34,35,30,27,36,29,26,29,32,28,30,38,29,31,25
33,100,29,33,38,35,26,28,26,29,31,37,32,28,32,28,35,29,31,40,33,28,30,31,31,32,24,33,28,26,31,31,38,23,22,38,22,37,25,29,33,35,26,22,36,28,20,26,28,35,30,26,27,33,28,30,25,30,26,32,20,35,31,25,34,33,26,35,29,26,41,30,30,28,28,38,32,28,26,27,33,23,39,29,22,30,24,26,26,29,29,33,34,31,31,25,34,29,30,29,36,27,25,28,28,28,18,34,30,33,34,29,33,27,26,31,31,31,23,36,23,18,34,31,28,34,32,33,24,31,32,28,33,30,17,32,31,26,25,29,28,32,30,33,21,28,35,32,31,37,32,37,32,38,28,33,32,38,33,29,24,28,30,35,29,37,34,31,31,20,31,32,26,34,28,33,25,29,25,35,30,30,30,23,30,33,33,28,25,31,34,30,34,33,41,26,21,28,38,31,29,18,25,27,34,27,24,29,36,35,25,27,31,28,32,31,35,30,31,34,35,32,29,26,26,37,31,24,21,24,33,32,31,25,37,23,40,31,32,27,26,29,28,28,30,30,35,28,26,26,30,29,34,30,31,30,27,36,25,31,24,30,29,32,28,32,34,29,24,28,28,32,26,28,29,33,28,23,24,24,28,24,34,36,27,25,25,32,22,24,30,29,29,31,31,31,31,24,23,21,27,28,28,26,25,34,31,34,25,32,38,25,32,27,33,31,29,33,32,37,27,29,32,31,30,32,34,28,24,34,29,26,36,29,31,22,21,30,26,26,33,31,29,27,36,26,22,33,27,26,42,31,29,26,31,31,37,30,33,25,32,32,30,37,25,29,24,26,33,27,23,32,34,28,33,26,29,33,33,36,40,24,24,33,27,27,28,36,26,36,33,37,26,35,24,27,27,29,34,29,30,30,30,33,28,33,32,25,45,29,30,25,25,31,33,30,23,33,36,26,30,28,28,29,34,33,29,31,22,32,35,35,27,31,24,32,36,32,36,30,31,31,34,34,33,28,25,31,32,24,32,24,31,42,30,34,24,34,39,35,31,31,31,33,30,34,25,33,37,38,31,32,35,27,29,33,29,29,36,35,24,26,36,30,31,25,31,21,34,30,26,35,34,32,31,35,32,30,34,27,27,33,34,34,28,41,25,25,25,20,35,27,27,38,39,29,27,31,36,17,33,29,22,26,33,27,39,31,31,23,32,36,31,33,36,27,34,36,22,39,23,40,25,29,25,30,26,27,27,30,35,25,40,26,32,33,37,22,25,24,31,30,31,25,27,32,31,34,25,34,42,29,35,34,33,23,29,34,34,24,24,24,33,25,23,30,29,23,26,33,26,33,22,30,28,29,28,35,35,37,32,26,28,32,32,33,35,24,30,32,19,27,26,35,36,21,30,28,26,25,34,28,33,42,31,32,28,35,23,29,27,39,39,30,38,32,33,34,31,31,34,34,34,30,25,25,32,23,33,26,29,30,25,28,29,32,32,38,36,34,33,33,30,33,29,30,34,31,31,33,24,29,37,30,24,28,29,27,34,24,26,26,33,29,30,29,28,30,27,34,31,28,23,30,23,28,20,26,30,35,25,36,33,35,35,32,25,44,34,30,26,28,31,25,31,30,35,19,28,29,27,38,38,31,34,33,31,38,38,35,31,29,31,40,27,30,23,31,34,37,22,27,34,30,28,28,31,27,35,27,31,29,37,31,32,27,26,26,30,29,35,29,33,22,40,27,32,24,29,27,29,18,34,27,34,26,27,26,26,36,29,29,27,18,30,34,30,28,31,30,35,26,24,32,34,29,30,30,30,33,27,38,25,28,28,36,24,35,25,18,30,31,32,31,38,30,29,36,33,30,28,32,37,28,28,25,28,25,30,26,29,40,27,25,32,34,29,36,26,33,27,33,36,23,32,23,34,30,21,29,26,27,34,31,29,32,34,28,34,21,28,30,21,25,30,27,31,28,34,36,37,35,28,32,32,23,25,27,30,34,28,31,35,34,35,35,30,35,33,27,35,27,31,26,34,31,28,26,31,31,30,35,23,28,37,32,28,22,28,26,33,38,28,29,31,34,32,29,35,37,27,30,36,39,26,33,26,32,39,31,27,30,27,26,25,28,34,30,28,30,35,27,33,22,25,33,29,29,27,34,31,30,25,35,31,33,26,29,39,27,29,18,28,20,37,33,25,25,27,35,31,22,24,33,32,25,32,34,34,24,27,30,32,29,37,28,32,29,30,33,34,33,32,24,34,30,21,33,26,35,25,27
34,100,34,35,28,42,27,28,22,29,27,38,32,36,30,30,30,35,29,25,38,33,25,30,29,30,32,31,25,24,33,30,37,31,36,22,25,33,26,27,31,26,30,39,29,32,30,31,34,30,34,29,24,34,28,26,26,30,29,27,31,37,33,18,27,36,34,37,38,30,33,33,26,34,29,40,31,33,42,36,29,26,28,32,28,28,21,30,31,29,27,27,30,31,22,19,32,28,31,31,29,31,35,33,35,29,37,28,28,30,27,31,22,34,31,31,25,27,31,32,32,30,37,27,25,24,29,26,25,27,28,31,36,39,35,33,29,30,32,37,36,30,35,34,25,32,37,26,27,30,32,36,25,25,24,29,27,20,37,28,29,34,38,29,34,31,27,34,38,36,27,28,23,32,29,27,29,28,26,28,29,34,19,27,19,24,31,27,30,33,39,24,36,27,36,35,29,24,21,28,36,23,22,34,30,28,33,41,32,31,31,20,30,25,17,29,34,32,27,32,34,33,32,28,32,27,30,34,29,27,26,30,33,26,29,34,31,36,29,34,31,24,21,32,26,39,27,22,30,28,24,32,31,31,28,30,26,30,33,36,31,26,29,31,28,29,29,35,21,30,25,24,32,28,36,31,27,31,26,30,31,28,31,34,35,25,31,24,35,28,28,27,28,30,23,38,23,24,34,35,22,38,28,27,38,27,28,34,31,36,25,26,29,33,29,34,24,29,25,27,30,31,33,30,32,35,40,29,32,29,28,37,25,36,40,28,34,34,27,36,25,26,25,29,34,21,29,35,31,29,31,21,26,26,27,31,27,30,33,34,27,34,26,35,28,30,28,26,33,29,36,39,28,33,25,29,23,36,35,30,20,35,25,35,26,25,26,32,28,32,37,26,28,32,25,34,36,26,29,26,30,32,34,24,31,16,38,32,26,28,21,33,32,26,36,34,28,23,33,32,23,22,37,37,34,35,31,25,28,30,35,25,27,31,24,28,20,33,26,31,26,28,27,35,25,26,30,31,24,36,25,31,35,29,23,16,30,27,29,20,28,26,36,25,34,31,36,18,29,26,34,20,27,34,37,28,37,27,26,24,32,37,35,25,29,31,26,27,38,31,38,33,38,22,33,30,24,34,23,31,34,30,22,27,28,25,27,27,31,36,29,30,32,29,33,31,37,28,28,37,34,29,28,31,31,30,28,33,26,30,28,33,34,29,31,32,31,37,29,32,29,35,26,27,27,31,28,30,35,32,30,26,40,27,36,33,28,34,30,29,30,31,33,28,28,28,37,25,33,34,30,33,34,32,31,18,33,32,31,37,34,37,32,28,33,34,37,32,28,33,26,29,21,23,31,25,36,28,33,38,33,26,31,37,35,36,29,21,21,35,25,29,31,28,38,33,26,27,29,35,25,31,25,34,28,26,33,35,32,26,29,29,31,34,26,25,28,33,24,39,33,32,41,30,31,37,31,31,33,32,26,33,33,35,28,29,28,24,32,28,32,29,34,31,30,34,29,31,26,29,26,28,31,24,31,32,26,31,38,35,33,32,25,29,25,36,31,26,29,36,29,26,28,27,35,33,27,27,29,30,28,32,42,36,25,30,28,28,32,30,30,27,27,32,27,22,28,25,27,33,28,37,29,28,30,23,27,33,27,34,24,38,21,31,37,24,26,26,29,27,23,26,27,30,32,35,28,34,27,26,35,42,32,29,37,31,29,30,30,24,27,30,28,23,32,31,26,36,31,28,30,33,26,33,34,33,37,37,31,30,24,24,24,35,25,31,33,24,25,31,26,30,26,30,40,38,34,35,26,30,29,24,24,31,31,21,28,39,29,30,25,34,33,31,28,28,32,30,35,35,32,35,26,27,31,29,32,27,26,32,24,31,26,25,20,28,28,27,23,30,21,31,33,24,34,29,27,40,32,23,27,31,33,29,31,28,30,34,40,37,23,25,28,32,23,32,37,35,33,40,25,24,32,32,29,28,33,40,27,24,35,31,27,22,27,20,31,28,37,33,32,22,27,29,29,21,33,27,24,32,27,43,27,38,19,31,29,22,39,34,29,26,30,21,22,22,31,25,22,27,33,27,34,27,31,29,33,28,34,29,40,33,28,25,45,36,31,22,38,31,38,32,28,25,25,28,40,31,30,29,26,25,31,31,24,32,28,33,31,34,34,33,25,26,26,28,31,38,25,21,32,29,32,29,36,26,37,30,25,26,31,35,37,39,24,27,30,31,28,29,33,28,38,38,27,28,33,31,29,26,32,31
35,100,34,18,33,31,29,27,19,39,33,32,32,34,32,32,33,31,19,32,24,35,23,26,26,33,41,29,20,34,29,27,34,21,20,27,36,27,27,28,33,31,26,32,31,33,29,33,34,30,26,29,34,25,27,31,31,29,32,20,33,34,32,38,28,28,33,20,27,35,31,34,31,30,37,35,30,29,32,28,25,34,21,30,22,34,33,35,29,26,19,24,31,29,44,26,32,33,29,29,29,30,28,31,32,37,27,29,42,35,24,28,29,29,27,36,32,29,30,33,37,31,22,27,32,30,30,33,27,36,31,28,36,26,32,27,27,32,26,32,31,25,32,31,40,26,29,32,33,29,33,24,36,29,38,29,25,27,29,23,34,25,36,24,33,22,30,26,33,37,27,32,33,29,27,34,22,24,31,23,29,26,33,35,27,35,34,30,32,26,22,31,21,32,31,29,31,33,36,29,26,31,24,31,36,32,33,29,26,28,22,32,32,35,24,32,33,23,26,33,38,30,35,28,31,26,26,28,29,30,31,25,33,33,31,32,35,26,32,25,34,33,28,27,36,34,31,34,33,27,31,24,29,25,22,36,32,36,25,35,30,28,28,19,34,28,31,33,32,32,36,36,30,25,28,25,22,36,36,39,32,32,31,32,28,36,31,28,30,32,32,33,33,32,31,33,36,29,34,28,34,28,26,38,23,33,32,31,33,34,29,29,35,23,39,38,26,32,36,28,25,28,28,35,43,28,27,25,33,31,30,27,26,29,30,29,33,32,27,34,25,28,29,28,32,38,33,38,26,25,28,28,26,29,35,25,37,19,34,30,30,34,31,26,27,29,37,31,35,23,29,31,30,31,35,29,35,39,25,24,31,24,34,32,33,34,31,36,25,34,25,34,32,31,34,32,30,24,25,34,38,29,27,37,39,25,25,29,23,26,28,29,32,34,33,28,27,23,31,26,22,38,36,31,28,21,27,27,23,29,19,37,33,32,31,37,34,28,30,30,27,24,29,24,35,27,28,35,25,36,27,40,29,29,25,34,27,33,30,29,30,28,25,32,32,26,33,32,35,35,33,33,31,26,32,34,26,35,31,26,34,25,35,19,31,27,28,39,24,31,23,28,33,32,24,27,32,38,21,28,26,28,40,24,31,30,28,35,36,22,41,22,29,31,37,27,30,32,25,35,28,31,33,23,32,22,26,24,34,25,37,21,35,35,34,34,24,33,28,28,29,25,37,24,33,32,28,27,29,35,27,22,34,24,23,28,38,30,35,36,30,30,26,24,28,34,38,28,26,31,22,35,33,30,25,34,26,29,29,22,28,29,19,32,18,37,31,24,39,22,33,33,32,29,36,33,30,37,31,25,26,38,24,23,28,29,32,37,29,24,29,31,30,32,22,23,21,38,31,34,21,25,31,30,30,34,34,29,31,27,38,29,38,26,22,27,40,34,29,27,31,28,27,27,32,23,24,20,33,31,39,32,28,31,37,34,30,33,28,34,29,29,26,29,37,40,33,28,22,30,27,30,33,34,25,32,39,44,37,20,34,25,24,22,27,39,26,41,28,34,27,30,28,21,31,35,26,35,29,26,37,32,32,33,26,25,32,33,25,31,24,35,36,34,39,25,29,31,33,36,32,31,28,27,37,29,18,27,29,29,30,23,34,25,35,39,23,25,25,35,32,18,29,40,30,34,30,28,28,31,31,26,28,33,28,24,24,19,31,29,27,31,25,33,25,21,37,27,31,35,25,29,27,33,31,30,35,33,31,29,36,35,36,37,24,25,30,29,21,31,29,33,26,28,33,25,31,30,33,29,32,23,26,29,33,31,39,28,27,36,39,31,25,31,34,29,34,31,25,27,32,29,39,36,23,30,23,32,27,37,34,28,26,28,30,30,31,32,28,35,30,30,27,20,32,28,29,31,31,32,31,29,26,27,35,25,32,26,25,32,31,28,29,27,25,26,27,28,22,28,31,29,33,27,33,22,43,34,28,29,27,27,32,38,30,38,34,23,27,34,25,35,29,23,31,25,30,36,30,24,28,27,36,29,27,27,23,38,37,28,29,31,23,25,33,30,39,33,24,31,29,35,34,30,23,25,29,34,32,27,29,28,26,34,29,27,34,28,31,26,36,26,32,45,29,28,30,23,30,34,21,26,24,22,28,24,35,34,29,29,31,37,38,33,23,42,31,35,27,31,30,29,37,24,25,32,39,32,40,26,35,30,34,22,31,40,27,29,26,24,35,25,33,22,37,37,33,33,33,28,28,27
36,100,38,29,32,34,31,27,26,30,26,35,24,33,32,30,28,29,33,34,29,32,36,22,25,32,36,33,32,32,29,33,26,26,28,31,23,27,32,35,30,33,25,32,39,22,32,34,27,30,26,31,26,33,38,28,32,30,27,34,31,33,31,27,35,27,33,40,32,28,37,31,24,35,36,32,29,33,35,32,37,23,33,27,30,31,38,32,26,32,27,32,36,35,25,34,33,33,29,27,33,29,33,29,25,32,26,38,26,24,31,39,23,31,25,23,39,30,34,25,34,25,32,30,31,26,31,29,24,20,28,34,35,33,36,39,31,19,30,36,38,24,22,28,29,33,34,30,26,35,20,31,28,34,26,26,22,30,30,27,30,23,27,29,35,29,25,35,29,27,26,34,29,30,40,39,27,27,32,34,31,31,24,23,33,31,28,22,32,24,28,23,36,30,32,32,23,28,31,32,35,25,28,32,25,30,39,32,42,28,26,32,30,22,28,28,26,31,42,29,21,30,30,33,25,24,20,32,28,35,31,31,26,29,34,25,33,29,30,28,27,44,37,35,30,40,37,39,25,28,26,35,32,26,22,27,33,27,28,29,25,34,31,34,32,23,26,28,26,40,35,30,35,29,34,26,26,28,26,25,23,20,28,31,32,33,25,34,33,28,28,33,27,34,25,29,29,29,25,23,33,37,37,30,32,29,37,26,37,29,22,29,28,31,23,37,37,30,28,29,32,27,26,28,34,40,34,29,29,22,31,33,25,29,31,24,31,28,30,27,33,38,31,22,40,30,41,31,22,33,38,28,34,31,29,33,30,32,36,25,28,23,34,24,28,32,39,31,23,34,31,39,26,34,28,35,29,24,25,21,35,35,30,32,35,31,30,34,26,29,26,25,32,31,32,31,24,37,21,33,35,33,31,20,28,22,32,24,30,34,34,30,25,24,25,29,28,30,26,30,33,29,20,20,34,34,36,30,25,30,33,28,27,38,28,24,27,35,36,29,33,30,28,33,24,29,21,17,30,32,28,38,33,24,33,26,37,23,30,27,33,24,31,30,28,27,21,24,34,28,27,31,31,28,30,37,26,22,30,27,30,27,26,41,32,31,34,30,28,38,26,30,33,27,33,28,27,29,31,34,24,28,29,29,29,31,25,29,33,32,32,25,38,37,36,23,33,30,40,22,25,27,29,26,28,29,30,26,28,22,25,31,26,24,29,33,29,30,33,30,21,30,28,24,25,29,27,25,33,32,25,25,26,28,30,24,26,29,21,32,30,32,30,33,15,34,27,31,37,27,31,34,34,24,36,33,28,28,27,29,34,28,29,31,23,27,34,28,32,22,30,31,31,28,33,28,25,26,27,38,28,30,42,29,35,27,37,28,35,29,33,34,27,34,29,28,36,34,27,25,25,28,23,17,36,26,28,33,29,32,24,38,33,33,27,26,34,26,24,30,25,34,25,27,36,40,32,23,31,23,33,36,30,30,26,31,30,33,23,30,33,29,36,35,30,38,38,37,23,31,39,43,25,30,30,38,31,34,29,27,35,27,25,22,31,38,29,28,33,35,35,46,39,24,35,30,31,26,32,30,34,35,33,28,32,33,40,29,34,39,28,24,24,26,30,29,33,27,24,31,27,30,30,23,30,28,30,29,28,35,30,32,34,34,28,25,33,27,23,39,24,26,41,28,28,31,27,27,35,33,31,28,28,30,24,32,30,28,26,32,28,32,25,34,35,27,24,32,31,40,36,29,29,21,24,31,27,36,24,27,32,28,35,27,30,32,39,40,33,38,35,33,36,33,35,24,25,30,36,34,28,32,25,30,36,27,28,25,29,29,30,43,35,27,29,27,24,28,30,29,28,25,27,28,27,27,30,32,29,24,32,34,32,26,23,28,29,29,26,27,28,39,35,30,34,23,37,39,29,23,27,24,30,19,30,30,31,28,25,33,24,24,34,29,31,25,31,30,26,35,35,25,28,30,31,36,36,26,28,23,36,30,28,29,23,23,21,35,29,33,27,25,36,22,41,33,34,23,28,30,22,21,25,33,25,33,38,28,29,32,25,33,35,27,28,27,24,35,26,26,22,31,34,32,29,30,29,31,29,29,32,29,32,29,35,29,25,34,29,32,21,26,41,30,32,36,21,25,28,30,27,36,24,32,35,19,30,30,37,25,28,35,38,22,22,19,34,36,23,34,33,27,25,36,27,30,27,29,28,28,23,27,30,32,30,24,25,22,32,29,33,33,28,35,33,26,38,29,24,33,30,27
37,100,31,32,33,25,26,31,23,31,33,32,29,35,32,34,31,23,33,35,32,30,41,28,25,24,30,37,33,36,26,32,26,25,26,27,27,32,36,26,24,29,32,35,30,25,30,33,33,34,22,25,35,30,29,30,34,27,25,24,28,26,34,36,30,32,28,31,30,35,31,31,29,32,29,24,22,30,37,32,33,32,30,35,31,30,37,31,30,34,22,27,28,32,24,25,29,34,24,33,40,29,27,34,38,24,35,25,29,36,27,32,31,27,27,37,26,45,29,37,35,25,29,30,29,32,26,39,33,32,28,25,31,26,29,30,25,32,36,40,32,26,35,30,22,32,33,34,36,31,31,40,32,29,26,36,34,20,30,27,34,35,29,33,30,30,27,28,31,27,25,33,34,34,31,26,34,21,23,28,35,32,30,29,37,24,34,31,28,39,36,26,26,37,30,30,24,27,34,38,25,30,22,27,29,28,30,31,25,30,35,27,32,31,26,30,32,22,31,31,29,28,31,29,30,28,31,26,35,31,27,31,27,44,26,33,25,28,34,29,29,33,30,33,36,32,26,38,30,31,33,29,32,25,35,25,27,36,34,23,37,32,33,24,27,24,28,23,29,31,26,35,33,33,34,37,30,26,33,30,33,34,34,38,30,28,36,31,31,31,27,27,34,30,31,34,28,27,32,38,29,33,30,28,29,23,26,33,36,22,30,31,30,30,33,31,21,32,31,28,33,32,34,28,38,26,30,31,28,23,33,23,38,24,22,33,33,29,36,31,34,21,27,24,18,32,21,27,29,34,35,30,31,22,29,38,34,26,35,35,30,24,28,41,18,32,26,35,35,33,28,33,29,31,33,38,36,35,34,36,28,29,30,28,39,36,31,29,30,25,38,37,27,24,30,32,32,32,33,31,29,36,35,27,39,34,26,34,30,33,27,30,30,32,33,32,41,29,29,23,29,40,25,33,31,26,33,29,38,30,30,29,35,25,30,35,34,28,33,22,27,29,28,29,29,30,32,26,27,32,22,25,29,38,33,30,34,30,27,26,33,30,33,25,32,40,32,24,28,31,34,29,36,24,26,32,34,37,33,29,30,38,26,33,28,26,36,24,28,28,25,22,26,31,25,26,28,28,30,34,22,29,32,26,22,26,26,26,29,28,21,26,32,27,26,32,32,22,33,19,24,33,32,33,22,32,33,34,29,36,25,33,33,35,37,18,19,34,34,34,33,32,37,31,26,38,24,37,35,36,28,32,27,26,25,36,39,32,26,26,35,31,23,29,29,34,32,25,29,25,32,30,22,37,24,29,21,37,33,23,29,29,31,33,38,36,30,27,27,35,30,25,33,16,31,27,23,34,36,29,40,24,31,33,36,28,26,26,35,36,37,28,33,29,25,31,34,26,34,34,30,27,22,36,28,31,25,33,25,28,30,32,32,28,37,29,28,32,29,29,32,25,36,30,30,31,34,24,26,24,31,26,24,27,33,37,31,22,29,31,35,31,35,26,30,39,32,32,32,22,28,39,37,30,32,33,25,26,34,31,27,37,28,27,35,32,34,28,28,27,29,30,38,36,30,24,32,27,41,27,34,21,31,28,34,33,29,37,34,38,28,25,29,28,24,28,27,31,31,29,22,33,35,27,31,33,32,27,30,28,27,27,30,23,30,25,25,31,31,36,28,39,32,31,22,32,27,29,40,28,23,26,32,29,35,27,30,27,28,26,23,32,29,28,42,21,30,29,25,24,28,32,36,25,31,28,29,32,26,30,20,30,34,20,25,36,31,32,35,26,33,36,25,25,18,25,24,31,38,30,29,36,25,32,25,28,25,28,28,29,30,30,25,39,27,35,26,33,25,31,29,30,30,32,31,29,31,34,31,31,26,32,29,33,33,30,25,35,28,25,33,30,31,33,36,25,37,31,27,31,28,31,22,31,43,27,30,31,19,36,27,32,38,19,32,22,32,20,31,28,33,26,30,34,27,35,32,37,32,33,31,23,32,34,30,30,28,21,30,39,23,34,24,28,26,30,32,24,37,33,17,30,26,40,37,41,31,30,28,19,24,31,29,30,26,31,34,29,28,30,23,29,23,30,25,27,32,26,32,28,28,33,35,27,25,21,37,30,31,31,24,29,28,32,32,29,30,26,24,29,37,31,32,27,24,26,27,25,27,25,36,24,29,32,30,26,33,30,27,35,31,26,27,29,27,33,37,31,25,28,28,28,24,38,40,33,27,27,37,23,20,39,36,37,22,32,30,38,32,26,31,19
38,100,25,25,34,26,30,30,39,34,22,31,26,34,26,24,26,35,28,34,34,25,22,28,35,34,23,20,22,28,29,33,31,37,32,30,29,29,32,30,31,29,38,34,29,31,36,29,24,31,28,28,32,31,34,32,32,27,30,29,23,28,27,19,28,32,28,32,28,31,27,29,33,33,32,26,24,23,35,28,21,30,22,25,28,35,33,27,26,26,43,29,24,29,30,40,32,29,34,33,31,31,29,24,44,31,24,21,36,22,31,28,30,33,32,26,32,26,23,34,29,32,27,29,34,36,36,36,28,45,29,26,32,28,28,30,31,31,33,32,28,28,39,37,28,29,29,28,21,23,34,27,34,30,41,30,26,29,28,30,27,24,31,32,38,28,32,26,29,28,34,36,31,27,37,33,37,30,29,28,32,29,35,28,34,24,43,38,32,25,22,29,39,34,35,33,25,29,34,22,24,28,30,30,25,24,39,35,33,33,28,27,30,33,37,33,30,24,24,29,32,30,27,25,30,31,36,29,31,26,30,31,29,25,25,35,30,34,31,32,22,26,37,34,33,27,34,33,33,24,33,31,31,21,32,25,29,30,31,33,31,25,39,21,34,21,38,32,36,35,24,25,32,28,23,23,28,34,28,29,22,36,23,38,16,26,30,28,31,27,32,32,25,35,32,26,26,26,36,26,33,24,27,33,29,32,35,34,32,28,30,37,35,23,22,27,27,37,32,30,27,33,27,29,33,26,37,21,26,32,34,31,24,26,34,23,32,29,24,27,45,34,33,42,32,28,27,30,29,28,38,31,26,30,27,22,27,32,41,33,27,36,29,34,32,29,35,31,37,22,32,40,36,33,31,28,28,24,32,29,30,27,35,33,29,33,29,26,31,27,27,26,27,24,29,29,29,36,33,34,34,30,45,34,29,31,22,29,33,35,22,34,33,28,26,23,33,28,15,30,29,29,31,34,26,29,29,25,28,29,26,32,32,29,23,28,28,33,28,28,24,25,27,30,39,32,38,34,27,25,38,32,31,30,29,31,35,28,28,34,29,34,27,26,24,30,31,35,21,30,32,25,25,32,20,28,38,27,24,22,30,25,30,32,28,24,25,29,32,34,32,38,35,29,33,35,25,25,32,32,29,35,29,30,33,31,26,30,28,28,26,24,33,26,29,32,27,37,28,25,27,43,34,30,29,26,31,31,33,31,38,29,28,35,27,29,22,25,23,27,30,33,31,27,24,32,28,28,32,31,30,36,28,29,34,36,28,26,32,28,31,26,27,30,31,22,25,29,32,29,32,29,39,25,29,28,26,29,31,30,28,24,27,32,26,35,25,27,35,28,34,31,36,30,34,23,32,33,30,28,24,23,28,42,23,29,29,35,19,30,31,29,22,28,33,22,27,28,27,32,31,34,33,40,24,29,22,37,30,30,34,36,31,36,30,33,35,34,26,26,34,31,28,31,31,30,30,24,33,33,33,36,36,24,23,27,33,20,23,31,31,26,34,25,32,35,26,34,35,26,25,25,30,24,32,44,36,24,31,29,26,27,23,31,30,31,38,31,39,33,34,26,27,23,18,36,27,27,33,30,38,29,26,33,31,28,31,36,26,28,33,37,32,32,30,36,25,41,32,27,25,32,26,29,25,26,29,35,27,38,37,27,28,32,35,27,23,28,35,38,35,25,30,34,22,27,28,34,32,23,34,33,33,28,34,30,28,36,36,26,26,33,23,35,37,25,28,27,25,32,27,29,32,30,36,28,31,31,29,28,25,28,32,35,28,28,25,34,30,23,29,30,30,32,32,23,26,30,22,30,37,26,32,31,25,34,39,28,25,31,34,25,30,32,26,31,31,30,32,29,29,26,33,31,22,29,39,26,37,34,31,35,46,33,24,36,28,22,29,35,28,27,30,31,38,34,24,44,38,28,29,29,36,22,27,30,27,29,32,23,41,27,27,40,25,31,38,39,30,29,34,30,33,23,28,40,25,35,37,28,36,24,35,30,36,40,32,26,36,32,40,33,35,30,30,33,36,32,34,27,26,34,33,36,41,33,36,29,22,30,33,32,24,34,23,30,42,37,26,35,33,23,24,22,32,36,27,22,27,31,28,25,29,25,44,32,30,26,33,41,38,29,34,26,32,23,34,26,37,26,24,29,30,24,27,29,24,36,30,29,34,28,35,33,26,30,37,32,29,32,31,30,21,24,33,28,31,33,28,32,33,30,35,31,33,35,35,32,31,30,33,24,30,34,31,33,24,31,34,29,32,20
39,100,29,34,38,32,23,32,29,36,36,28,28,30,34,36,31,37,30,33,39,32,36,32,33,28,30,38,30,32,25,22,33,29,27,30,27,33,37,30,27,34,24,33,35,28,25,29,34,31,30,32,30,28,42,32,33,30,41,29,35,26,30,37,32,24,32,27,40,25,28,25,23,36,29,32,26,23,32,34,31,39,29,27,27,31,23,27,24,27,27,32,22,29,39,38,27,33,30,34,30,41,31,33,30,32,36,34,34,22,20,31,28,28,35,30,35,41,27,30,28,33,41,26,33,32,36,21,36,22,29,30,29,27,35,23,29,29,37,28,31,27,24,33,25,35,28,30,27,24,28,34,29,28,31,28,25,28,30,33,30,19,28,28,29,35,28,31,34,38,22,36,23,33,26,28,24,26,30,37,41,30,27,30,31,35,30,21,27,32,32,23,26,27,38,26,25,26,35,37,36,26,26,26,31,29,24,32,27,22,28,24,34,23,29,24,33,26,25,35,34,33,27,33,22,26,30,40,27,37,40,22,29,32,25,37,42,31,29,20,33,28,31,25,26,31,25,29,31,36,27,33,20,38,28,25,25,33,28,33,27,35,24,34,39,30,29,37,37,37,32,27,27,28,27,19,27,26,28,26,29,29,26,40,32,29,35,32,22,31,30,37,30,32,25,29,27,26,22,28,20,22,31,36,30,24,34,29,31,35,33,26,39,27,32,32,35,22,36,32,28,28,26,30,25,34,31,20,31,31,28,28,31,23,34,32,27,32,29,33,29,27,35,28,38,32,29,35,38,26,27,28,28,27,30,28,30,16,33,30,35,34,37,31,32,35,37,38,30,30,30,35,23,38,31,22,35,26,37,26,31,28,34,28,29,28,19,33,27,32,26,32,33,29,34,29,20,25,32,29,30,23,31,33,35,37,33,34,25,30,35,23,36,32,34,28,31,36,20,25,33,15,31,34,29,26,29,28,30,27,25,23,25,34,23,38,34,31,25,25,35,31,31,22,26,37,29,34,31,37,24,27,34,37,26,27,29,30,32,28,22,31,39,38,32,34,28,31,34,32,35,28,32,33,28,35,35,36,27,26,27,28,32,36,21,24,24,40,23,29,27,30,22,35,28,28,30,27,26,25,40,24,33,24,30,34,25,37,27,30,30,42,29,36,23,39,29,33,27,30,35,30,24,42,31,38,30,36,29,34,30,33,24,30,31,32,33,37,26,31,28,28,31,33,29,35,23,30,21,34,30,24,24,36,20,35,25,28,29,34,43,34,26,30,28,30,31,32,32,38,35,38,35,29,33,26,36,33,22,38,19,39,31,35,28,35,31,32,32,28,25,28,31,28,38,28,34,30,29,23,32,35,34,26,25,30,23,31,22,30,30,31,29,31,33,35,23,28,31,25,33,29,38,22,22,31,34,30,35,30,32,20,27,22,38,25,34,31,27,31,34,28,29,34,38,30,35,32,35,28,26,23,25,38,25,25,29,29,34,29,27,31,43,36,28,31,25,32,41,23,28,29,22,26,35,27,30,27,24,21,28,36,33,31,28,35,28,33,34,41,25,29,33,31,22,30,30,31,29,30,35,31,31,27,31,30,27,27,26,27,31,38,24,37,34,21,29,28,27,36,32,30,28,33,31,27,24,30,33,26,29,35,19,38,34,36,35,29,32,36,26,34,26,28,30,33,31,33,25,33,23,30,36,26,28,33,33,24,38,34,28,25,39,33,28,30,30,31,25,32,31,31,37,39,27,29,22,27,30,26,20,24,23,36,27,32,33,35,26,31,33,24,30,26,23,33,31,30,26,23,33,25,27,31,38,29,33,34,35,38,26,28,30,28,29,31,31,28,34,31,36,23,28,34,37,28,29,31,26,27,25,29,23,34,28,22,19,30,32,28,38,29,27,33,30,21,35,28,38,30,30,33,34,26,29,30,31,37,22,30,24,33,20,27,31,28,29,31,31,22,29,28,34,33,24,27,37,33,36,24,28,30,21,32,36,27,26,29,35,27,35,32,34,36,31,22,37,25,25,29,29,25,29,32,31,25,28,29,31,33,29,25,32,36,23,33,36,31,21,31,29,34,23,23,29,27,33,30,19,29,24,21,35,30,21,31,34,29,27,31,33,36,27,30,33,35,28,34,21,23,26,37,22,29,21,21,30,31,28,30,23,30,24,30,36,36,31,26,33,31,23,31,33,35,35,31,27,34,32,26,28,29,28,28,31,26,36,27,28,40,32,26,28,32,32,25,30,28,28,25,37,37
40,100,20,38,27,28,28,31,32,27,26,35,26,34,29,25,28,26,34,29,30,33,30,35,27,26,36,38,30,30,31,31,28,34,29,35,32,25,29,23,35,34,33,31,36,32,28,28,31,30,28,29,31,31,29,29,33,38,35,29,32,32,28,35,28,30,32,26,37,25,24,26,26,32,33,32,34,29,35,32,36,28,29,26,29,27,29,31,28,37,34,30,29,32,24,35,25,26,25,38,25,30,28,34,35,27,25,32,26,35,22,30,25,23,28,33,26,29,38,29,34,31,35,35,26,28,26,32,23,29,25,23,34,23,29,39,18,30,32,30,25,39,24,25,29,33,34,35,27,37,37,33,33,35,42,28,23,31,31,32,31,36,33,26,33,31,23,28,35,32,28,22,32,29,25,24,26,30,35,27,27,26,33,34,31,37,33,28,29,27,29,32,38,28,25,27,35,22,31,28,27,28,34,28,42,29,31,32,33,26,37,24,25,29,28,27,39,24,29,37,32,34,28,27,29,30,28,27,30,30,32,29,32,30,32,35,32,32,26,26,25,32,24,36,31,18,35,28,43,32,33,37,31,28,27,33,27,31,20,32,23,33,29,39,32,25,27,32,24,33,35,34,28,34,28,39,31,34,25,35,28,35,27,28,30,38,32,25,37,38,25,26,29,27,29,33,33,32,30,39,31,31,30,33,32,30,28,27,27,27,27,33,33,29,29,30,23,32,33,37,25,27,16,34,26,34,32,36,21,27,32,30,33,34,28,26,30,29,32,36,42,27,32,32,30,26,31,30,34,28,24,31,32,22,28,27,32,34,32,31,37,31,35,25,27,24,28,34,26,29,28,31,26,28,30,23,28,28,42,30,35,30,24,31,33,36,27,30,27,26,23,31,24,30,25,30,32,30,27,31,26,27,35,28,34,31,30,30,26,33,36,29,26,26,25,30,22,31,33,34,33,29,38,29,29,35,38,36,31,31,25,29,29,30,22,39,33,30,29,36,26,25,27,36,23,32,23,37,37,28,29,26,33,27,23,28,22,23,26,36,36,24,27,28,37,28,44,34,23,29,27,29,31,24,32,38,32,30,27,24,30,34,25,30,41,32,35,26,26,29,31,35,24,26,40,22,33,29,40,27,27,25,22,40,29,29,29,21,27,29,22,30,37,34,36,26,36,29,28,30,44,28,34,27,25,21,30,26,22,32,30,29,29,36,37,29,27,26,27,31,30,25,38,26,24,25,33,22,27,30,34,38,41,22,33,26,28,29,30,28,36,36,35,32,28,28,28,24,35,32,27,37,32,29,32,30,28,33,32,23,29,34,32,29,26,25,29,30,35,30,25,30,43,25,26,36,31,34,34,37,31,31,27,25,31,33,23,24,29,26,31,33,32,33,33,20,29,31,36,31,32,30,33,26,35,34,25,27,42,32,20,24,31,26,24,36,27,39,29,30,25,33,36,37,28,24,24,34,30,24,32,35,29,28,31,25,30,28,25,28,33,26,34,29,31,28,31,24,40,31,31,32,31,34,28,25,30,27,29,24,35,25,33,28,31,41,29,33,35,29,30,27,28,34,30,29,32,29,30,30,30,28,32,26,28,31,30,26,39,25,23,25,26,30,32,30,23,26,27,36,29,31,28,23,38,34,25,35,29,25,35,34,33,32,33,31,35,34,29,33,37,24,32,37,23,31,34,31,28,40,27,32,25,35,28,29,18,28,36,28,42,25,38,35,26,30,23,35,24,38,28,35,30,32,34,28,27,28,28,24,34,34,33,29,32,26,23,33,22,31,26,30,31,20,30,33,37,22,32,24,22,27,29,26,30,29,31,33,29,38,30,37,31,27,35,26,32,29,26,22,27,19,32,37,33,29,27,28,27,32,36,39,31,25,31,34,34,35,35,43,33,27,18,24,28,25,31,28,25,33,36,31,30,30,35,30,28,29,31,31,26,28,33,29,23,34,33,24,28,33,26,24,38,35,29,26,33,27,38,33,27,28,28,36,31,36,28,28,30,34,31,28,38,23,24,33,31,32,33,29,33,27,37,25,23,33,31,15,30,32,33,25,30,30,32,33,32,35,35,24,32,36,30,28,31,42,24,37,31,36,30,28,31,23,35,38,31,36,29,33,32,32,29,29,27,30,35,30,24,30,33,31,33,37,38,32,27,37,30,33,27,22,39,29,27,28,29,34,35,25,38,35,34,25,37,33,29,24,27,24,35,35,28,31,26,25,27,30,33,37,27,29,29,29,30,32,28,30,33,37,23,26
41,100,27,33,37,34,32,28,25,24,42,32,36,26,35,30,32,23,31,34,34,28,27,27,29,33,35,34,27,33,24,29,31,24,28,30,30,30,27,36,29,26,26,32,29,24,36,28,34,26,22,41,34,33,31,29,24,27,32,33,32,35,26,39,28,26,28,26,25,30,29,30,20,31,22,32,36,30,40,22,31,32,30,24,31,33,32,32,24,36,25,27,26,36,33,28,26,28,33,35,30,29,35,29,29,29,34,31,13,27,32,33,22,35,26,19,33,31,26,32,32,31,22,29,30,30,31,32,36,29,30,35,30,27,33,39,30,24,35,25,26,31,25,31,36,43,34,37,32,26,32,31,34,25,30,31,32,30,28,40,33,30,25,35,33,30,37,32,36,25,36,26,29,26,25,27,33,26,32,35,27,36,31,25,31,30,34,26,26,32,28,25,33,34,28,31,36,38,34,26,25,29,30,28,31,32,28,31,30,30,27,34,28,31,34,30,30,26,24,32,37,37,38,30,32,31,31,34,27,29,29,31,34,33,32,36,33,28,30,38,40,29,33,27,29,30,31,24,32,26,30,33,26,27,26,39,26,30,27,25,25,35,26,23,32,26,35,19,30,31,23,25,37,36,29,28,30,36,30,37,25,34,41,32,31,26,28,26,38,27,37,25,30,30,29,27,27,25,31,37,27,25,32,34,39,33,29,33,26,28,33,31,28,36,36,37,30,30,25,26,40,25,34,27,33,27,33,26,27,21,30,31,25,28,32,21,27,21,33,22,24,30,31,25,36,31,34,27,32,26,27,34,33,36,21,30,23,26,32,29,38,36,23,37,29,35,30,29,32,41,36,35,32,31,31,33,38,30,29,30,24,28,31,32,30,31,36,26,33,33,27,45,32,25,33,34,32,32,25,45,32,26,26,32,28,31,35,26,32,35,29,30,28,24,30,32,33,29,26,28,36,20,34,36,32,30,34,27,26,28,28,30,27,32,25,27,34,33,17,26,39,24,27,30,32,27,33,34,28,30,29,33,30,32,33,31,35,31,30,34,33,29,32,29,24,27,26,33,29,24,23,26,26,29,27,31,28,27,30,31,28,31,29,32,34,33,30,26,31,29,33,29,24,25,27,23,40,29,29,28,33,32,23,30,27,27,38,32,22,22,31,23,25,40,21,35,28,38,32,29,31,23,27,31,28,31,38,37,23,26,32,27,24,28,23,26,32,26,22,27,32,32,30,25,29,26,33,27,31,29,24,32,32,28,31,30,33,20,30,33,34,29,27,34,32,22,31,31,32,35,26,22,33,35,24,30,27,27,24,32,38,31,27,28,25,31,24,30,35,31,38,28,24,30,31,32,30,23,25,38,28,30,30,29,27,33,39,34,30,27,36,37,22,30,28,36,32,37,26,28,29,35,30,22,28,38,26,38,29,36,31,24,31,26,40,32,31,40,25,37,24,26,28,25,32,25,35,32,38,29,24,30,33,39,29,33,38,30,27,33,31,35,35,32,38,41,28,28,32,27,38,27,29,33,28,21,34,29,35,39,33,29,32,29,35,36,29,30,20,29,32,29,33,35,27,27,25,24,26,22,36,23,29,28,33,30,33,30,31,31,28,24,25,25,25,35,27,32,39,30,28,31,24,35,39,32,27,33,31,27,28,28,35,35,32,33,27,29,31,25,27,33,38,40,28,28,24,29,33,20,25,36,29,27,30,37,34,27,31,31,24,31,29,21,28,25,33,26,25,31,28,20,30,35,37,24,30,28,25,26,31,34,31,29,38,25,33,29,25,29,28,20,33,26,29,29,28,32,25,22,26,35,30,40,31,35,34,30,26,32,32,23,29,27,25,26,27,24,37,33,29,29,31,33,31,28,23,29,32,29,41,24,29,31,43,28,35,26,29,32,31,34,26,29,28,25,41,30,29,27,27,42,30,33,26,29,30,30,30,34,28,31,38,31,25,31,23,33,21,25,40,35,27,32,42,33,36,26,25,28,28,31,31,32,23,32,30,42,37,32,29,35,21,37,31,27,28,36,26,23,20,30,28,29,35,32,32,37,26,37,31,30,34,38,30,28,27,34,29,27,31,40,24,32,29,23,32,35,32,30,23,33,30,31,34,32,28,43,21,26,27,23,27,32,27,28,23,24,32,40,34,34,27,26,30,33,28,31,30,35,32,23,25,28,41,30,35,30,33,27,35,28,31,31,38,29,35,34,26,39,29,22,27,28,26,23,24,29,33,36,25,25,25,28,32,32,30,25,25,30,23,34
42,100,31,28,35,33,40,30,35,28,28,35,30,29,27,23,41,33,31,34,37,34,25,17,34,21,20,34,37,30,30,25,33,29,28,20,32,37,28,25,30,28,32,28,24,32,28,33,31,15,31,34,32,31,33,30,28,36,32,29,26,33,32,26,20,31,26,32,31,26,34,28,28,30,26,31,25,32,39,34,37,41,26,33,32,34,27,33,25,29,31,29,29,34,36,27,30,25,26,25,32,33,31,24,23,31,30,37,34,32,26,34,25,33,31,30,19,26,28,22,32,40,27,36,29,30,32,27,33,28,26,31,31,33,31,39,31,25,28,35,29,26,30,36,31,31,26,32,32,25,19,27,32,27,25,25,27,33,32,32,24,26,29,32,36,28,27,29,26,29,26,34,40,33,23,37,26,25,35,23,32,24,30,39,37,30,24,26,31,28,33,39,29,35,24,29,31,33,34,28,28,39,34,36,27,29,36,33,29,36,36,34,35,33,28,24,32,24,35,29,26,33,28,24,31,29,28,22,28,31,31,27,34,28,36,32,40,32,40,34,35,29,35,38,37,35,25,33,36,33,29,27,36,24,29,38,36,32,30,30,30,26,21,26,31,30,33,34,33,26,30,38,37,35,31,25,36,27,28,28,35,26,29,35,35,27,32,31,35,22,27,26,37,24,37,24,23,37,36,32,27,31,25,25,32,30,22,24,31,30,33,35,30,30,22,28,18,28,21,33,37,26,29,41,31,32,28,32,28,30,21,29,38,29,25,29,28,34,25,40,39,24,33,41,34,27,30,29,23,25,30,34,29,37,32,29,46,26,33,28,34,30,30,30,31,32,30,38,31,30,29,28,31,27,27,29,31,28,27,30,25,32,31,31,31,26,27,37,33,28,31,32,36,31,34,28,28,30,27,40,40,29,22,19,24,35,30,28,33,26,25,36,43,35,31,29,33,34,25,28,32,41,35,25,32,30,28,31,32,28,29,29,29,27,27,29,37,22,22,29,31,36,34,32,30,26,26,30,38,36,27,33,23,28,29,24,25,32,40,33,29,33,39,31,26,30,29,23,26,33,31,34,36,23,28,33,30,32,31,31,24,24,37,33,30,32,28,30,18,28,33,29,27,31,26,30,27,24,33,28,28,33,33,23,29,32,30,32,34,30,26,25,35,32,28,31,28,29,26,34,33,30,37,33,30,30,33,27,37,32,24,31,23,32,29,26,34,33,28,27,24,33,25,29,24,25,29,29,27,32,25,27,33,34,28,30,28,23,30,25,30,32,26,33,37,30,30,26,31,33,24,27,28,24,26,25,26,31,28,31,38,25,33,25,37,37,31,33,28,30,24,29,34,27,35,26,35,27,21,28,29,32,30,29,31,31,35,35,34,33,32,39,27,29,27,39,24,32,26,35,24,27,30,30,33,28,29,26,30,29,27,25,26,44,28,28,33,35,30,39,28,34,35,32,33,23,29,34,34,27,31,28,24,28,27,40,29,33,24,25,30,24,34,35,30,28,36,33,36,32,30,26,28,26,31,35,23,37,21,21,26,31,34,34,24,37,35,30,32,27,35,25,27,33,32,37,27,33,32,26,33,34,33,30,31,32,32,37,35,33,26,27,34,29,25,30,30,19,31,32,31,38,30,36,29,38,25,29,32,30,27,26,28,21,32,26,20,34,32,27,26,28,27,33,28,22,27,31,32,28,23,25,29,30,23,33,30,31,42,37,29,28,32,30,28,36,27,32,23,27,27,32,31,34,33,29,27,29,37,34,27,30,29,20,33,34,27,32,30,25,34,27,21,30,34,28,34,34,32,28,33,35,31,24,38,27,29,31,21,27,22,28,40,22,34,26,29,29,38,29,29,37,31,31,34,31,33,29,33,26,36,34,33,31,28,29,26,25,31,32,29,38,27,35,30,24,27,39,27,28,32,21,31,31,28,26,28,29,26,23,33,32,29,36,29,34,25,29,24,34,30,29,26,32,33,27,26,29,23,31,26,26,29,28,29,30,27,24,27,35,32,40,27,30,32,40,38,37,30,21,31,27,28,37,27,33,34,29,31,36,28,36,34,28,34,21,27,24,31,28,36,30,29,33,26,28,23,24,27,32,27,34,28,25,22,23,26,30,38,25,28,27,29,28,29,26,32,30,26,23,28,31,34,32,29,28,32,35,33,29,34,34,35,34,35,35,29,24,35,21,38,28,35,26,35,32,23,34,38,38,33,29,30,25,30,36,32,27,25,25,30,32,33,27,24,31,25,28,27,26,33,32
43,100,22,38,33,31,26,28,24,25,36,31,33,30,34,36,31,42,32,27,29,31,31,26,24,27,30,36,34,30,37,35,31,20,36,37,29,29,24,35,39,27,33,25,35,26,30,36,33,33,25,27,26,36,32,33,29,26,32,26,27,30,28,30,41,29,29,29,34,27,32,29,24,28,30,39,31,33,21,29,30,38,24,30,32,26,25,27,25,33,35,33,35,39,30,30,38,29,30,24,41,32,28,30,27,31,33,38,25,32,28,34,24,33,24,25,31,26,25,36,33,31,32,33,24,31,28,32,33,28,36,32,26,32,21,25,25,28,30,32,27,32,38,30,36,30,32,32,29,30,31,27,27,23,32,23,29,38,25,34,27,23,27,31,30,29,32,28,28,28,33,29,35,30,27,29,33,25,37,34,27,44,25,26,35,33,32,28,31,41,29,29,25,24,25,25,25,34,31,32,36,22,24,20,21,23,22,34,37,22,33,35,26,33,30,30,27,38,28,31,34,22,24,44,32,27,20,28,34,27,31,29,37,33,34,33,32,27,27,34,25,26,33,26,36,29,33,25,29,33,23,33,26,30,38,27,35,25,30,27,33,33,25,23,24,29,29,37,33,30,35,26,27,28,30,42,28,33,36,38,34,31,29,28,22,27,32,34,24,36,33,31,31,29,30,28,26,27,26,28,27,40,32,31,27,28,26,34,29,34,33,26,25,39,26,31,32,31,31,31,32,19,38,34,38,24,34,31,24,34,28,36,30,29,30,29,33,33,32,28,40,30,28,40,34,29,30,33,30,31,33,32,33,28,34,29,24,25,27,31,33,36,19,28,34,20,19,33,29,24,30,28,29,33,28,29,27,27,34,25,30,34,27,30,33,24,27,33,26,31,38,30,24,33,32,27,28,31,27,34,29,30,29,23,27,24,19,34,25,23,36,25,29,30,30,34,26,29,28,28,26,35,26,37,19,26,33,28,28,24,33,33,30,28,33,26,26,34,29,23,21,31,29,40,27,29,26,21,37,29,35,29,26,37,31,32,33,28,30,28,27,32,33,32,34,30,37,31,31,32,28,36,29,27,37,38,24,38,28,23,32,31,22,28,34,34,37,21,32,30,32,28,31,34,33,29,27,32,30,28,37,34,23,37,29,21,32,33,43,38,40,31,38,34,27,26,35,27,25,30,29,36,40,36,29,29,24,24,19,27,30,37,40,25,36,35,33,40,32,35,32,26,37,32,25,22,27,28,29,22,22,25,29,31,26,21,33,26,33,27,27,33,25,31,27,28,30,33,30,23,32,32,29,22,34,28,26,28,25,28,29,31,29,27,33,35,27,22,29,30,32,26,34,36,26,27,25,23,39,32,32,33,30,32,26,32,35,38,22,33,33,30,28,31,28,33,25,35,28,27,25,18,37,30,24,32,31,30,31,26,32,36,33,30,36,21,26,35,27,30,35,26,27,33,26,32,34,36,32,32,35,17,36,27,31,31,25,28,33,28,34,32,34,28,29,32,36,31,32,30,22,37,29,37,25,23,27,31,30,34,26,29,33,25,27,24,22,31,27,28,26,26,35,30,23,37,32,21,31,25,35,25,25,33,21,33,30,36,25,32,38,34,32,34,34,30,25,19,25,28,35,30,22,36,30,29,33,27,26,35,33,35,28,21,29,33,33,33,26,30,36,31,33,34,23,33,30,28,30,30,29,28,30,31,19,24,24,37,32,34,30,33,24,21,35,31,39,30,33,27,29,31,34,28,28,21,25,22,36,33,35,30,39,29,27,30,35,25,37,38,29,31,32,39,31,28,31,30,27,26,34,32,31,26,21,25,27,26,30,34,29,22,26,33,30,38,30,22,26,31,31,29,33,36,33,32,35,26,29,30,29,33,34,36,28,25,26,30,25,36,38,32,32,33,27,37,27,29,30,31,31,24,33,31,29,32,30,34,32,34,35,30,27,33,35,29,32,29,29,27,27,24,16,31,27,35,35,23,22,30,28,41,26,35,37,27,26,27,21,19,23,29,36,29,39,35,22,19,28,42,28,30,27,27,33,28,27,32,22,29,31,33,37,30,31,29,35,30,31,31,35,34,30,29,30,29,18,31,25,41,34,30,32,34,34,33,31,35,32,29,24,29,41,30,36,28,32,28,27,39,29,32,29,35,25,28,34,37,36,27,27,33,27,25,33,31,31,32,29,38,29,31,27,34,29,27,22,38,28,18,30,32,22,32,27,33,27,30,32,40,24,30,31,30,33,28,29,23,28,25,28,22
44,100,31,34,36,27,33,36,30,32,27,29,22,36,29,34,29,28,30,35,27,28,29,29,32,29,25,36,28,27,32,24,24,22,30,24,34,30,35,27,31,30,32,32,24,33,31,30,27,26,39,28,26,33,32,19,26,28,33,17,34,28,22,29,27,30,37,30,34,33,26,26,30,38,29,31,26,31,25,28,27,28,33,29,29,28,30,35,31,25,33,29,35,29,29,34,29,28,22,33,31,29,30,20,32,28,30,22,35,32,38,34,24,38,32,32,32,23,25,30,34,28,35,22,25,28,33,33,29,27,34,32,25,31,32,28,30,26,29,27,31,27,40,19,35,24,28,35,24,35,28,34,44,30,32,31,31,31,33,32,24,35,34,30,32,28,29,22,24,33,29,27,30,40,34,26,32,31,36,29,31,30,37,30,33,19,22,31,38,28,31,30,30,31,30,29,33,22,33,29,29,38,36,40,32,26,40,35,35,28,32,30,26,30,25,33,30,28,27,31,28,23,35,38,32,37,31,27,26,29,26,31,24,33,34,32,26,27,27,25,27,25,36,32,29,30,24,29,20,26,31,33,25,32,24,32,27,26,32,34,30,31,30,28,29,32,31,30,35,25,28,28,23,37,34,37,27,28,26,26,30,27,32,30,23,39,40,32,37,30,32,26,29,31,26,40,28,23,25,29,36,35,27,33,25,38,23,33,30,32,29,35,34,28,31,31,29,25,29,33,30,26,26,28,28,28,30,24,26,28,27,28,29,28,28,32,29,34,38,32,18,17,34,29,32,31,30,29,31,30,21,37,27,25,34,33,32,41,28,39,30,24,37,32,27,30,35,31,21,32,28,37,28,35,28,25,23,30,41,27,32,31,31,37,26,28,40,32,26,36,24,26,26,28,32,34,30,32,35,31,32,26,23,35,34,32,29,29,33,30,29,24,37,24,32,28,30,42,29,30,24,30,36,32,23,32,24,22,27,30,37,31,34,32,27,33,32,30,25,36,28,26,33,37,22,23,26,34,38,29,30,23,34,36,28,33,28,22,28,29,26,35,31,28,33,43,34,28,43,24,25,23,24,28,33,28,33,22,34,32,30,25,36,32,31,30,29,26,30,25,27,27,28,24,27,25,39,30,34,23,34,35,36,30,34,30,31,31,40,35,30,23,31,32,32,37,36,29,39,25,29,28,33,25,27,29,33,30,33,31,29,32,33,32,28,38,29,27,22,21,29,30,30,30,21,34,34,34,35,34,31,27,27,35,33,36,32,25,44,27,16,40,37,40,32,36,34,26,21,28,31,27,27,34,27,27,24,24,29,28,32,27,26,35,40,31,36,33,34,31,35,28,26,30,31,29,26,29,35,26,40,31,35,33,24,30,37,27,34,27,29,36,21,24,30,26,27,29,25,29,28,37,29,33,31,26,21,32,29,27,32,34,33,24,35,32,42,28,27,29,31,28,26,32,33,25,30,33,25,26,31,25,36,30,32,32,25,24,31,31,26,29,24,29,28,29,39,33,32,28,35,29,28,33,28,27,25,26,34,31,30,27,35,26,43,36,24,24,23,33,36,29,30,30,33,33,29,29,32,34,23,28,22,28,30,20,27,40,31,29,27,31,41,33,26,40,30,32,25,30,24,32,27,26,43,36,22,32,35,26,32,29,30,33,34,27,33,26,33,37,37,34,35,26,30,34,19,25,34,33,24,29,26,34,28,30,28,28,33,24,39,34,30,34,32,30,30,30,30,25,35,21,27,26,32,38,28,29,24,39,37,28,29,27,28,30,39,21,28,33,33,28,26,28,30,40,35,29,26,32,32,38,34,32,24,27,33,34,35,36,32,33,37,33,26,21,25,35,43,34,35,29,35,30,28,29,35,35,31,41,27,40,30,30,32,28,34,30,31,33,26,27,32,44,32,30,26,31,36,36,27,28,31,34,32,27,34,31,31,27,30,26,30,38,28,29,18,23,33,28,28,33,31,24,36,24,29,36,32,28,27,33,31,34,24,36,40,36,32,31,26,36,29,27,29,38,27,30,31,34,26,30,32,36,33,31,39,24,26,30,20,28,34,35,32,33,32,35,27,25,25,30,32,26,23,24,37,24,32,32,29,26,29,27,37,28,33,30,29,21,31,29,28,31,26,36,35,35,33,30,28,28,22,33,37,29,39,34,23,25,32,30,21,29,25,28,28,36,28,40,32,26,33,27,24,28,34,43,27,33,33,30,23,21,33,24,32,21,31,30,30,35,30,29,27,32,27,30,25,32,30,34
45,100,29,34,31,40,35,29,31,26,32,44,24,38,24,32,34,27,30,36,31,35,29,23,32,23,26,28,33,33,27,32,30,32,33,25,40,26,35,32,35,28,29,35,30,28,30,26,21,23,30,37,30,28,27,29,30,31,28,25,31,35,31,26,32,31,30,35,24,30,33,32,33,29,27,25,28,26,28,32,26,31,34,23,37,29,27,25,31,24,28,32,31,26,33,35,35,31,28,31,24,30,31,34,27,31,23,28,40,23,26,31,28,29,28,24,27,17,29,30,26,29,31,38,33,32,31,26,35,30,34,31,38,33,32,34,23,28,30,32,36,39,36,29,26,34,41,19,27,28,44,29,23,25,23,31,26,31,30,32,23,34,34,29,25,36,37,28,30,33,26,30,31,27,38,28,38,32,30,32,26,20,21,39,37,32,35,30,24,26,28,27,29,26,26,22,32,27,29,21,30,34,34,37,37,20,28,31,25,34,26,32,29,32,32,24,33,37,26,37,23,23,26,30,32,32,29,21,23,30,32,27,30,21,32,24,26,28,31,33,31,25,24,27,33,29,36,23,34,32,36,25,35,36,24,23,30,27,30,27,32,23,32,21,29,29,27,32,25,27,32,29,28,33,23,29,33,30,23,26,38,35,29,28,29,26,32,26,29,32,30,23,25,30,27,32,25,29,30,31,33,25,37,31,33,28,30,32,39,30,28,26,31,34,32,31,26,25,27,28,34,37,27,36,33,31,28,29,33,30,38,31,18,28,33,31,22,36,27,18,27,26,33,29,44,32,23,37,34,32,36,37,26,25,29,27,25,29,32,32,29,29,32,30,27,32,38,26,26,29,35,30,31,26,28,23,30,31,32,28,16,29,38,28,26,33,25,29,30,31,29,24,27,23,26,25,28,29,31,25,33,45,32,32,26,31,37,27,36,27,27,31,30,16,38,24,25,34,39,29,29,41,24,39,29,32,28,33,39,33,33,28,20,33,34,26,32,28,30,29,19,20,26,32,23,28,41,33,37,23,31,24,33,26,48,30,27,27,30,20,32,25,34,28,34,21,31,21,23,30,36,37,32,26,29,27,36,26,33,30,34,30,26,19,29,28,28,26,31,29,31,22,31,27,22,25,26,31,32,24,24,35,29,30,29,28,34,27,31,25,26,33,27,24,22,30,29,31,26,30,29,25,33,32,28,28,28,29,38,33,27,23,33,28,27,30,26,32,38,30,23,32,37,35,28,31,27,31,32,24,33,27,30,29,26,35,31,32,31,33,32,33,31,34,24,32,32,26,37,30,30,28,35,25,40,21,35,27,32,33,32,42,29,29,34,27,34,34,36,25,30,21,20,33,33,28,22,30,24,35,27,37,36,35,32,28,28,27,34,32,31,28,33,33,35,33,24,35,38,30,27,39,31,24,35,31,35,32,28,27,27,23,30,32,36,35,29,26,29,28,32,29,32,28,38,24,29,34,29,31,31,28,26,29,31,34,26,35,35,32,22,25,36,26,21,26,29,29,19,35,33,31,32,33,33,28,32,36,38,34,26,30,36,36,26,34,37,29,30,37,29,23,32,33,29,34,20,26,25,27,41,33,28,35,35,30,34,30,32,32,33,36,32,22,34,35,32,29,23,37,31,37,20,33,32,35,28,29,27,34,24,30,38,35,37,38,28,26,27,20,35,30,36,33,25,25,26,31,34,25,30,26,35,29,22,33,37,31,22,34,31,30,38,29,32,30,33,34,30,26,30,26,35,32,30,40,33,26,29,26,36,30,27,34,28,26,31,27,32,36,25,32,34,31,31,21,17,38,22,32,30,36,29,26,32,36,26,27,38,25,30,30,28,38,27,37,31,40,30,35,32,28,31,29,29,26,36,37,32,34,35,31,33,24,34,32,31,25,38,23,40,30,34,32,28,22,28,34,23,34,33,34,30,37,31,36,27,25,29,25,40,33,21,28,26,31,29,29,38,34,25,30,30,30,33,26,28,30,29,30,34,25,30,24,29,35,31,30,33,21,36,23,30,34,29,35,32,35,28,29,25,28,36,26,38,30,29,36,31,24,29,34,29,31,30,32,28,34,32,34,26,34,35,27,28,27,36,26,28,25,28,29,27,34,27,37,23,31,43,37,33,22,27,28,26,23,29,25,25,39,30,46,26,26,36,29,33,33,32,30,30,31,29,23,32,30,24,30,24,31,30,34,32,29,24,31,37,42,31,26,30,28,27,33,33,26,33,34,30,34,29,26,26,34,32,26,23,28,34,23,32,34
46,100,34,32,26,32,37,27,28,26,30,19,25,26,31,31,35,34,32,38,32,24,26,26,28,34,32,26,22,31,34,25,25,37,40,35,24,31,28,22,17,30,24,35,35,27,23,33,30,29,44,26,33,30,30,36,25,27,29,36,37,34,29,28,23,30,27,28,32,38,33,31,31,27,27,30,29,33,26,37,25,31,32,33,28,24,31,28,25,25,30,35,37,28,40,25,37,26,25,27,36,38,29,29,25,29,24,34,30,34,24,26,32,33,31,25,34,37,33,33,32,31,34,28,40,31,27,33,29,40,23,26,27,28,30,29,23,24,37,26,30,28,36,30,31,32,34,25,29,39,29,34,28,22,34,27,24,32,32,26,33,29,31,22,22,40,25,28,27,30,33,22,36,27,20,26,28,22,24,30,27,31,28,29,31,31,30,34,29,29,26,33,33,32,29,25,30,35,29,30,26,34,31,31,23,24,29,29,38,38,32,26,38,26,23,38,28,31,26,31,30,29,27,30,37,26,29,31,35,33,29,27,37,38,30,27,27,24,34,25,26,26,35,27,29,26,33,44,29,29,35,25,31,33,33,26,29,34,30,34,27,37,33,28,35,31,37,31,30,25,27,28,35,34,31,24,26,32,25,25,25,38,37,33,21,31,32,38,27,23,32,38,22,31,30,20,29,33,28,35,28,29,34,36,26,24,29,30,34,41,20,32,31,32,29,22,37,28,26,30,26,30,27,41,40,35,28,36,22,22,28,23,30,32,27,28,25,39,27,23,27,31,32,30,39,39,31,30,32,34,42,31,30,19,31,37,29,33,30,31,34,21,30,25,31,27,19,33,33,29,28,25,16,31,31,33,28,34,22,26,27,32,21,34,24,28,32,24,28,29,38,33,33,24,25,23,29,26,32,29,30,29,30,25,31,31,29,23,21,35,28,28,28,29,33,25,31,34,29,36,34,39,30,21,18,30,29,25,34,29,35,28,33,20,30,31,26,30,29,36,28,30,23,24,34,22,38,22,34,29,27,26,28,27,35,29,33,30,33,31,30,29,30,32,32,37,22,32,27,29,28,27,32,29,36,22,32,21,32,26,27,34,26,31,40,27,31,33,32,37,34,38,26,25,21,33,31,25,25,37,34,43,31,30,33,23,29,26,27,30,28,31,27,38,25,24,35,27,28,26,26,42,26,24,30,31,30,28,24,23,28,36,33,26,33,28,37,29,33,33,39,30,29,31,23,20,27,27,34,30,23,35,31,30,24,30,29,32,31,24,30,31,33,23,21,34,22,33,25,26,26,25,34,39,32,37,23,27,37,20,31,35,27,25,36,27,27,19,31,28,30,23,24,28,21,27,34,30,28,35,30,29,28,26,30,28,24,29,34,26,36,31,27,31,43,30,31,26,29,26,25,28,23,39,34,35,31,28,33,37,27,30,26,25,28,28,25,25,38,28,36,17,34,27,32,33,32,25,31,22,33,30,23,35,27,28,27,24,19,31,30,29,35,30,25,24,27,26,34,23,26,30,31,31,33,25,27,34,35,30,25,32,34,32,24,25,27,24,24,27,35,33,32,34,38,28,33,22,32,31,25,26,28,35,32,30,26,30,35,28,36,29,34,21,34,29,40,34,31,30,27,34,32,34,27,35,27,28,30,29,30,23,34,35,27,34,37,38,23,34,34,25,37,41,37,28,30,31,36,20,31,26,34,28,32,28,26,34,33,29,27,28,34,32,30,31,28,27,30,32,31,21,25,30,35,22,28,26,37,36,40,37,40,25,36,31,25,28,26,29,31,27,27,35,28,35,33,21,41,39,31,28,33,29,32,24,27,32,34,41,30,36,23,26,25,29,29,26,25,30,23,28,26,32,34,26,31,33,31,30,37,25,38,25,30,23,26,27,31,35,30,28,31,37,34,34,29,30,27,32,33,28,22,27,36,32,35,24,28,31,35,33,31,32,23,25,34,35,28,32,26,31,29,30,34,30,22,25,25,32,28,27,25,34,32,30,28,31,34,26,22,29,35,40,27,33,25,26,27,30,28,30,34,32,38,35,30,25,27,26,31,25,29,29,26,32,30,30,29,36,30,24,25,27,21,35,37,39,30,25,30,27,32,23,34,40,24,36,28,25,21,28,31,34,38,30,31,31,29,25,33,37,28,33,33,30,25,34,27,36,25,30,35,30,33,21,24,25,35,21,37,33,32,31,31,27,24,33,29,39,33,33,24,31,33,29,30,24,27,26,35,30,31,30,32,25,31,21,33,24,37,32
47,100,26,30,29,23,36,32,29,30,28,33,30,26,30,32,26,30,32,34,31,27,26,29,29,21,30,32,29,30,39,26,23,26,34,26,27,33,25,31,27,33,26,27,21,31,27,27,30,29,28,31,36,31,25,27,34,31,33,28,31,30,24,29,29,24,27,28,25,26,29,33,28,29,25,31,30,28,30,29,32,36,24,32,30,42,31,29,25,35,32,25,32,34,21,33,35,40,19,35,24,26,32,25,25,30,30,28,29,30,33,35,25,27,28,30,30,33,31,31,31,23,24,27,37,28,36,23,31,30,23,35,32,32,31,37,38,27,36,26,25,34,29,31,31,25,34,23,30,36,22,29,30,31,27,34,31,32,29,32,27,30,34,37,34,27,27,35,34,19,29,30,40,32,29,38,36,28,27,25,40,27,31,34,30,23,30,30,35,28,28,24,29,29,28,26,26,33,31,33,27,23,23,30,28,35,36,25,27,28,37,41,34,27,31,20,36,31,26,43,24,30,30,31,32,32,32,29,24,25,32,31,30,29,30,35,23,27,28,30,31,34,32,26,32,27,33,20,30,39,27,24,25,34,37,22,28,27,33,32,26,31,36,34,26,35,25,23,35,24,32,34,27,31,30,34,32,35,34,29,28,30,31,31,28,33,23,34,31,31,31,31,34,31,16,29,20,26,21,32,25,37,43,30,34,30,36,30,31,37,33,29,24,24,27,30,29,34,28,26,27,24,31,28,31,29,25,31,28,27,35,25,30,34,41,25,31,25,28,30,30,26,31,29,25,35,24,28,30,32,24,32,28,36,33,28,26,32,32,36,30,49,36,31,29,35,34,26,27,28,27,38,29,26,30,32,29,23,32,37,31,28,22,35,32,32,40,38,25,27,26,33,34,34,30,33,31,27,23,36,38,29,23,22,26,31,25,38,22,30,23,31,40,29,34,23,27,31,30,36,30,30,26,33,28,30,33,29,35,25,30,35,28,33,33,28,26,29,30,31,23,30,39,33,22,30,27,25,36,35,36,30,33,30,34,28,36,29,29,28,25,34,32,25,33,32,32,28,25,33,27,36,32,31,31,30,36,30,30,28,31,36,30,30,34,23,30,31,40,29,28,36,21,33,28,25,32,28,32,29,20,33,30,32,26,33,32,33,36,25,26,32,22,35,26,33,27,30,29,26,31,27,27,25,31,27,35,21,28,29,30,31,25,36,31,33,28,26,27,28,28,29,27,29,30,29,24,32,25,32,28,42,33,27,37,31,25,23,28,29,32,35,29,36,28,37,35,29,23,26,27,23,28,28,29,30,23,30,38,32,30,37,35,31,28,29,37,31,29,38,34,32,30,24,28,31,26,29,33,29,26,31,27,24,27,40,33,26,30,28,40,24,39,28,30,26,28,26,26,27,33,33,23,40,27,30,30,31,26,30,22,24,36,27,30,30,27,32,32,30,25,31,31,30,33,31,34,25,30,22,26,29,27,26,31,24,26,33,25,30,27,27,28,31,24,41,32,34,31,28,26,29,26,38,28,27,36,33,21,23,29,26,24,29,35,20,26,24,34,29,26,23,27,38,37,36,22,32,22,24,31,29,38,28,28,36,22,29,31,25,35,32,31,32,27,32,30,29,29,30,31,30,26,24,30,33,34,30,30,28,27,32,36,26,27,26,27,43,34,33,32,17,31,28,35,28,27,24,36,30,30,37,30,24,24,30,28,31,36,18,29,32,32,27,27,38,28,33,29,29,24,41,31,26,37,25,38,23,22,34,26,30,29,42,26,35,37,27,30,30,33,23,26,32,24,31,30,35,31,34,27,34,25,33,30,27,35,28,32,35,26,30,39,27,31,32,28,29,32,32,29,34,24,37,32,26,27,32,31,27,28,29,25,25,27,21,31,29,33,30,29,38,33,31,33,29,33,25,34,27,29,36,30,31,28,18,31,35,27,31,35,27,39,28,25,38,28,18,25,32,32,26,34,31,35,24,31,30,24,25,29,34,28,28,26,41,33,27,29,20,32,29,30,36,31,25,28,27,28,31,29,26,20,30,40,30,22,29,33,25,33,30,31,29,29,34,29,30,28,32,35,35,24,31,27,30,29,29,32,26,29,32,28,33,32,27,29,31,29,40,30,23,27,25,25,23,23,26,30,29,40,31,28,35,26,23,28,34,30,35,37,27,31,23,31,26,34,27,38,29,30,44,25,26,27,28,26,37,31,22,29,27,30,25,22,30,33,23,25,30,30,32,35,34,30,33,27,33,25,28,33,34
48,100,31,32,26,36,34,36,26,28,30,17,29,26,27,34,27,31,28,29,31,25,27,29,33,29,30,31,29,34,27,26,34,29,33,33,26,34,26,26,31,31,35,26,25,30,26,35,36,38,32,31,33,35,34,26,28,32,34,31,27,19,23,23,28,22,30,30,26,32,29,37,33,34,29,40,28,34,38,36,32,33,29,25,29,24,28,37,33,22,35,29,24,24,32,39,28,28,32,37,31,24,32,33,27,27,32,32,32,38,31,26,28,34,22,27,39,26,27,30,31,43,29,32,28,29,22,31,25,29,37,37,30,24,27,32,35,27,33,30,32,29,35,28,29,26,28,30,26,21,29,24,27,23,32,34,44,35,27,39,23,30,30,32,22,33,23,30,30,29,24,29,20,31,30,33,28,31,32,29,28,28,30,35,20,32,35,38,41,35,32,26,22,27,38,30,27,31,31,25,21,33,19,27,34,28,34,35,28,30,27,34,33,33,25,32,23,31,34,29,35,25,33,30,37,22,37,40,35,31,33,30,38,32,33,32,23,36,33,28,30,34,40,37,30,28,28,24,36,35,37,37,26,27,21,26,33,30,31,29,23,41,34,33,29,25,40,31,37,31,27,29,26,31,31,34,29,29,27,26,25,32,30,33,27,30,34,41,33,29,22,32,31,27,29,30,34,36,29,24,25,35,31,30,35,32,27,22,33,31,34,29,27,38,30,32,30,30,26,26,36,34,30,35,31,22,18,29,34,22,29,34,32,32,48,22,28,34,35,26,34,32,22,28,44,26,22,23,31,31,30,30,25,28,31,32,26,24,22,24,22,27,29,28,38,25,26,28,31,30,38,31,24,29,28,26,28,32,34,37,32,34,39,22,26,27,31,35,28,24,31,37,34,28,29,34,35,35,26,21,30,26,30,23,33,34,25,24,36,20,26,32,26,28,29,30,42,26,37,28,30,30,32,23,22,32,27,28,29,17,29,27,27,28,29,32,40,30,20,27,25,31,25,32,36,35,26,33,28,26,29,19,31,31,30,32,37,28,34,25,28,27,22,26,31,27,30,27,21,26,33,30,25,24,33,32,24,29,26,29,26,19,19,27,36,26,32,24,22,28,27,26,29,26,35,37,28,32,24,25,36,26,33,27,29,32,28,30,37,31,34,35,37,28,25,38,31,32,33,32,34,32,30,29,32,20,30,30,26,33,33,28,33,34,35,38,26,37,27,31,27,29,25,26,31,24,28,32,28,26,35,26,38,31,32,28,32,29,32,30,33,29,39,29,29,34,28,31,31,38,34,31,37,29,27,34,27,27,34,33,34,35,28,40,25,26,30,26,27,32,30,35,29,29,31,33,28,25,26,33,30,25,24,32,27,37,33,28,35,28,25,20,32,25,30,28,25,28,26,27,21,29,22,27,25,29,25,38,24,33,34,37,26,30,25,31,29,32,32,27,18,31,27,24,37,32,23,22,32,34,33,39,30,23,37,28,20,31,25,21,32,34,36,28,36,24,27,21,29,29,29,25,27,21,34,30,32,31,25,27,33,33,26,29,33,31,32,35,36,32,31,29,32,28,35,35,27,37,31,33,33,34,36,35,32,29,29,27,37,30,27,30,36,36,27,40,36,19,36,38,32,30,28,27,25,33,22,32,30,33,31,30,27,32,27,33,27,30,36,37,27,33,34,27,29,26,24,29,29,35,24,38,20,24,31,36,32,28,30,27,24,32,31,25,29,34,26,32,23,27,27,20,27,27,31,33,21,31,25,34,33,30,33,26,28,34,30,29,34,35,24,31,24,29,32,40,27,29,37,29,26,35,35,30,34,27,28,28,34,27,33,26,36,25,30,29,32,33,31,30,23,30,33,23,30,40,38,34,33,26,30,38,34,33,35,28,39,23,24,30,26,31,29,33,30,33,28,26,22,32,30,35,31,30,26,28,36,24,41,25,35,28,28,29,36,31,39,32,25,27,40,29,29,31,32,24,34,32,24,31,36,32,29,34,26,34,24,28,32,25,21,29,26,31,29,24,30,37,34,40,30,38,33,34,32,28,25,25,19,34,34,30,32,29,30,33,26,31,32,29,37,28,28,36,24,27,26,30,25,26,23,32,35,28,36,25,27,24,27,24,36,26,29,26,28,26,30,31,33,32,22,28,35,31,34,30,29,34,24,33,28,38,37,32,32,34,19,28,24,29,26,27,21,38,31,37,31,28,29,31,26,30,32,23,34,37,36,26,28,34,27,36,35,27,30,27,24,36,29,25,37,30
49,100,32,30,30,29,25,30,28,27,39,28,25,30,21,26,33,32,33,39,29,31,30,33,37,28,44,21,27,26,28,39,24,37,22,32,29,23,32,34,26,34,34,33,30,32,31,32,29,31,30,29,33,34,31,35,26,29,36,25,29,35,23,29,45,29,27,29,33,30,41,22,24,26,33,24,22,22,30,23,24,34,28,24,30,37,33,33,24,39,33,40,23,33,34,21,31,28,32,36,28,27,34,30,31,33,34,28,39,27,31,26,22,33,27,35,30,30,24,25,37,32,29,38,36,33,29,29,29,31,27,35,34,19,34,28,24,33,28,34,27,33,27,36,28,31,32,28,32,33,27,29,33,31,23,32,30,29,29,37,30,28,31,33,29,29,19,25,35,36,30,30,28,35,33,31,20,27,32,41,33,32,30,27,29,31,38,31,30,33,24,32,33,27,32,23,26,35,40,28,31,23,34,27,32,25,25,30,28,18,26,28,23,26,32,21,38,32,38,27,38,29,25,35,28,28,23,26,25,30,29,29,32,19,32,32,28,27,26,33,28,23,24,35,25,23,28,26,32,26,29,30,30,31,31,34,26,28,25,28,34,34,34,30,30,30,37,35,33,27,33,31,25,33,25,27,33,30,28,28,26,37,30,32,31,25,39,28,30,36,36,23,32,28,25,30,32,29,31,26,33,21,27,21,30,31,31,30,25,30,35,26,35,35,30,23,22,27,34,37,25,31,26,36,29,28,29,29,30,36,26,35,28,33,24,33,35,27,35,32,21,31,24,30,36,33,38,28,30,26,22,29,29,34,31,30,35,32,32,28,26,29,25,26,36,33,25,25,24,18,30,29,35,40,29,28,32,21,32,26,32,25,22,30,28,23,34,27,28,22,33,33,40,31,38,31,26,27,36,35,33,28,30,31,26,31,26,27,26,24,30,32,28,31,33,26,40,30,28,31,35,34,31,36,24,33,37,31,32,34,37,31,29,33,25,34,27,31,26,21,29,32,25,35,27,35,32,31,33,32,37,25,34,31,22,26,24,27,30,27,31,32,32,34,35,29,30,18,26,25,33,33,33,36,32,27,23,31,36,31,28,22,27,41,26,35,25,27,34,35,34,32,34,31,24,24,30,34,29,28,27,30,26,26,34,32,31,29,27,35,30,31,28,27,28,28,30,31,21,30,33,21,30,24,32,27,33,34,29,32,25,31,26,37,31,35,34,26,44,28,27,25,33,28,30,26,33,23,26,29,32,18,28,34,25,30,33,23,35,27,30,32,31,26,30,27,26,34,32,30,26,26,20,28,26,27,28,40,33,27,31,29,36,30,29,32,30,25,33,31,28,30,36,31,38,27,35,34,34,36,21,26,23,26,37,28,26,28,37,27,31,29,28,29,30,28,33,34,22,29,26,30,32,30,23,27,29,34,32,31,26,29,27,35,34,28,32,28,28,31,33,28,27,30,25,33,28,26,24,32,32,32,35,26,29,25,38,26,27,29,27,29,25,37,24,27,27,29,37,27,31,29,30,29,39,25,37,37,39,30,32,26,36,43,32,38,35,34,31,29,35,24,27,21,36,28,30,36,28,37,26,32,35,29,28,32,38,29,31,30,33,28,38,32,31,34,34,28,28,28,31,32,31,28,33,29,31,34,32,34,38,24,29,33,31,35,29,25,29,32,23,30,33,31,37,29,25,28,30,24,28,36,38,34,32,34,27,31,32,24,36,33,25,25,35,28,29,30,29,29,29,35,34,20,31,30,27,29,24,20,31,32,26,19,37,31,30,25,31,32,27,32,39,35,37,27,34,29,23,30,31,30,33,22,28,31,34,30,47,33,31,28,35,24,43,24,24,35,27,35,26,27,27,39,23,32,27,25,44,26,33,29,37,32,27,33,41,41,39,32,39,22,31,31,34,31,29,21,25,29,26,31,35,37,30,31,23,25,39,34,33,27,34,28,35,32,31,32,27,31,29,28,25,25,24,28,27,23,29,23,31,26,24,26,27,23,30,32,28,23,35,30,31,27,29,37,30,28,35,29,37,24,33,36,30,33,30,30,34,24,41,27,25,32,29,32,23,41,28,29,28,32,25,31,27,33,31,36,36,29,27,34,25,27,31,27,29,33,30,22,27,28,29,28,28,28,30,36,30,38,29,22,34,32,19,30,34,30,33,32,32,27,31,32,31,32,35,33,31,33,27,26,33,27,32,41,32,40,36,31,37,21,24,31,32,20,42,27,32,30,32,39,28,31,37,28,30,32,26,26,32,29
50,100,27,28,40,33,29,22,33,30,32,24,28,24,29,28,29,28,31,35,29,24,26,33,41,27,30,30,31,33,34,25,37,28,31,36,32,34,32,37,33,28,33,24,28,36,20,42,31,41,34,29,32,23,29,24,35,27,26,26,32,20,25,26,36,33,37,33,31,31,30,30,37,32,25,23,29,27,27,35,19,29,38,28,28,34,31,20,28,36,30,26,30,34,35,29,25,32,34,33,36,27,34,31,34,22,26,35,35,32,28,31,23,32,34,29,36,35,40,33,25,23,27,35,27,29,34,33,33,32,29,33,36,23,29,29,34,30,30,29,32,38,42,30,26,28,27,18,36,34,33,24,30,26,30,31,27,23,28,30,32,30,29,20,32,35,36,35,34,30,35,31,26,29,27,29,28,25,28,33,27,32,37,29,30,30,28,36,33,33,25,42,21,25,25,32,28,33,30,26,31,29,33,31,34,29,27,31,34,28,19,27,23,27,34,23,33,30,24,32,30,26,25,31,26,28,36,36,18,25,30,35,30,30,28,31,29,27,26,30,33,28,35,26,27,32,32,28,30,25,27,34,34,36,29,22,37,37,25,22,35,33,40,26,28,36,29,41,33,35,30,33,33,42,20,29,35,28,25,28,33,33,28,29,35,32,33,30,27,31,29,25,30,34,37,33,27,23,27,24,24,32,37,28,36,29,26,22,23,28,31,26,30,34,33,33,32,34,24,35,33,31,38,30,26,34,30,33,33,25,29,35,32,34,38,33,25,44,27,25,27,26,30,27,24,32,26,28,35,34,31,28,25,31,28,32,27,33,32,22,32,27,27,25,32,34,38,35,29,41,32,30,36,30,34,31,33,28,34,29,23,27,33,28,31,27,25,34,32,25,33,29,31,29,28,32,31,23,28,30,31,35,35,32,29,26,32,29,29,31,24,22,36,33,34,36,26,33,33,21,27,33,32,31,32,28,28,31,33,31,27,25,27,30,24,27,36,29,30,31,27,25,25,33,37,31,24,33,31,35,28,26,33,23,32,30,29,21,28,30,31,33,31,29,35,30,30,24,37,27,32,29,36,32,37,34,27,28,25,32,26,28,33,21,31,31,27,29,33,29,37,36,34,20,31,27,21,31,34,23,22,34,33,30,28,32,32,33,35,24,33,33,30,31,32,28,31,27,28,26,27,34,32,25,30,32,28,34,33,20,27,25,31,29,29,32,27,19,27,27,25,31,21,29,34,29,38,35,37,22,32,35,27,27,30,29,31,31,30,29,37,32,27,24,28,30,31,34,32,31,28,38,27,30,33,32,29,30,25,26,30,39,27,43,34,25,35,28,25,29,30,30,34,29,29,24,31,36,30,26,30,36,33,32,28,35,25,24,24,36,41,31,40,30,25,30,28,32,27,31,25,30,31,26,36,32,27,34,23,33,33,24,37,41,30,25,36,36,21,35,26,30,34,29,27,28,28,34,31,32,27,30,24,32,26,34,29,25,36,31,32,38,25,34,37,30,36,28,22,29,28,26,29,29,25,25,34,25,33,26,31,31,29,28,31,31,30,30,27,26,38,30,24,33,35,37,27,28,30,21,33,26,29,31,25,29,34,31,42,29,25,34,28,22,32,33,30,26,24,30,29,33,26,33,38,25,29,26,34,34,28,23,32,28,31,29,26,28,30,26,31,28,24,35,26,29,35,29,30,34,30,22,26,32,26,23,33,35,27,26,32,38,30,24,31,29,32,32,44,27,34,32,34,31,31,31,28,19,22,34,30,30,42,35,36,30,31,30,33,33,35,28,34,25,32,23,30,31,22,25,28,26,33,30,28,31,31,36,26,20,26,34,30,28,30,35,32,34,20,33,34,26,25,33,27,21,27,24,30,33,27,29,30,24,39,29,34,25,30,33,33,23,36,34,24,33,35,22,23,30,28,35,42,34,34,31,39,33,31,24,27,28,33,40,28,25,22,35,27,26,28,32,40,36,27,31,21,34,29,35,27,25,29,31,21,33,30,30,35,29,27,26,25,27,29,32,42,32,26,33,32,27,23,26,27,31,22,31,27,35,25,31,25,30,30,29,35,34,34,39,31,32,33,27,30,22,23,22,34,22,24,28,31,32,49,27,30,40,31,27,25,38,26,38,25,24,39,21,31,29,32,24,36,28,30,34,28,30,30,37,25,29,37,35,33,25,23,16,31,28,35,29,37,25,33,32,24,35,24,34,27,39,34,36,30,21,27,29,29,29,33,30,30,32,24,36,30,32,38,24,21,28
51,100,29,30,27,30,26,29,28,27,30,26,48,34,26,32,31,31,29,26,29,29,36,28,32,35,34,29,34,28,24,38,36,29,24,28,27,25,35,29,27,33,30,26,27,22,26,33,31,29,37,32,30,28,32,29,37,34,26,33,31,38,29,34,30,38,35,24,31,38,23,23,25,28,35,30,33,31,26,29,33,33,27,29,27,30,30,28,33,34,34,26,34,36,30,31,26,32,36,38,37,31,34,29,25,32,24,29,31,29,27,29,32,29,27,23,24,26,23,33,25,31,33,24,23,28,30,37,42,38,27,28,33,29,31,26,20,30,28,31,29,25,35,28,27,20,31,37,18,31,31,30,28,35,26,26,21,35,35,30,28,30,32,24,22,31,31,36,31,35,24,26,26,21,27,31,32,36,26,25,20,34,25,28,31,26,35,37,32,30,28,24,25,35,34,26,35,23,33,38,35,35,37,28,28,33,19,26,20,30,33,30,28,26,36,24,27,35,25,30,27,31,36,42,32,39,32,33,31,28,32,29,31,35,29,32,30,22,41,29,40,28,28,33,24,28,28,34,32,39,25,29,32,25,19,35,28,32,25,26,35,28,35,31,35,34,34,27,27,33,33,26,35,33,22,33,29,25,26,28,31,29,40,23,33,29,24,32,26,24,39,26,29,31,32,27,30,33,31,26,23,27,26,31,20,25,27,28,28,35,34,27,33,25,35,34,27,31,38,32,36,37,31,23,26,34,20,30,26,29,24,26,38,37,26,30,33,27,24,32,28,29,30,25,33,35,32,29,33,34,22,35,28,32,31,23,34,33,38,34,24,32,24,22,30,27,31,32,34,24,31,26,32,23,32,23,34,29,23,31,33,32,35,32,36,33,30,29,37,28,31,26,30,27,24,23,36,27,21,24,36,35,33,26,29,31,26,30,38,23,29,24,27,32,32,35,39,33,32,32,31,34,35,33,34,33,39,21,24,25,27,32,29,35,29,22,30,28,31,22,39,25,33,26,30,24,31,30,21,34,32,32,37,36,30,42,36,27,39,31,30,29,38,34,34,26,29,28,37,21,27,39,34,25,30,34,27,33,33,31,39,35,30,28,27,19,27,25,31,29,28,31,35,27,27,30,28,30,33,36,39,40,23,35,29,35,24,26,31,30,29,25,28,26,33,25,29,28,29,32,38,27,36,31,37,30,21,33,31,28,31,37,28,30,33,24,23,21,28,33,31,32,28,30,22,27,21,27,34,24,34,33,25,36,30,33,24,30,30,29,36,38,38,28,34,29,24,25,30,25,28,32,31,39,31,22,29,32,22,26,29,31,35,25,36,25,30,23,38,33,34,26,28,26,24,23,25,32,31,25,29,31,32,24,27,28,27,22,31,29,28,38,40,28,30,29,32,25,38,28,41,26,32,36,34,24,30,31,29,35,24,32,35,28,36,33,32,31,24,38,23,21,27,35,30,31,33,38,35,26,31,36,38,28,32,37,41,28,25,33,32,33,27,32,22,25,32,24,31,31,28,31,36,38,22,30,30,27,28,28,39,34,35,39,31,29,28,34,31,39,31,23,29,35,31,30,25,31,26,20,38,31,32,31,30,31,28,34,32,28,30,25,25,33,39,21,38,33,36,33,39,37,29,25,28,28,31,28,33,27,29,37,28,26,38,27,25,30,32,25,25,32,34,35,22,32,27,30,31,23,28,36,27,27,25,26,31,29,39,34,35,31,32,34,30,33,29,30,30,29,28,33,26,31,26,30,27,28,27,28,30,27,34,31,30,35,29,36,27,26,34,27,29,26,35,28,39,35,32,32,30,28,29,33,34,23,32,23,23,35,25,35,30,29,33,28,37,30,24,29,31,27,34,33,37,28,25,27,29,37,32,30,29,35,25,31,33,24,33,33,31,29,39,31,28,28,25,27,28,33,22,32,28,21,30,26,33,27,32,30,31,32,36,24,33,33,39,26,40,31,30,35,23,23,31,34,29,33,29,35,31,29,28,38,27,32,27,33,33,22,31,33,33,26,27,26,25,32,27,28,29,33,21,25,28,27,22,28,38,30,26,26,25,26,33,32,28,30,26,30,34,28,29,28,32,30,29,24,25,42,31,20,26,25,31,32,27,27,29,27,37,22,31,24,30,30,30,23,32,21,31,30,30,32,33,30,32,27,28,36,35,27,30,25,34,31,23,39,37,27,34,24,29,23,34,27,33,25,32,30,34,28,33,26,27,32,32,25,28,32,26,30,24,21,28,27,33,30,28,21,36,42
52,100,29,32,34,30,27,21,35,25,32,32,30,37,36,25,27,31,30,27,26,36,27,28,21,32,28,22,34,26,25,33,29,30,32,36,21,27,32,38,36,23,24,33,29,34,26,38,31,31,28,33,36,19,38,34,32,19,26,33,27,33,31,33,31,29,30,32,28,32,35,32,30,26,31,30,26,26,23,37,24,24,38,29,37,23,32,20,36,37,28,36,27,32,45,35,29,26,28,42,27,35,25,34,31,25,35,38,28,39,28,27,27,30,30,31,25,36,32,27,33,37,20,23,33,20,29,24,35,33,31,32,30,35,32,28,26,32,26,31,34,40,33,26,26,29,27,27,33,28,30,27,23,25,31,35,30,35,30,34,32,33,26,32,32,26,27,28,28,36,37,37,27,27,37,23,32,27,27,28,32,29,29,26,32,26,32,28,24,33,25,40,35,33,27,21,20,21,25,38,23,29,31,28,33,26,26,30,29,26,34,19,27,32,28,25,32,26,27,35,35,21,36,25,32,20,33,34,21,30,31,31,27,41,36,20,31,30,32,29,32,28,24,32,33,31,34,30,21,33,37,35,32,29,28,30,29,22,34,21,30,28,25,29,27,29,36,32,28,37,33,36,31,31,33,25,34,30,25,33,38,34,24,27,26,29,34,31,28,31,33,25,29,33,23,28,33,31,32,39,32,31,31,28,30,31,36,43,31,29,31,29,31,29,28,24,37,30,30,33,37,32,33,31,29,26,29,24,27,34,35,22,27,31,20,26,29,29,23,27,27,33,24,27,34,23,40,20,36,26,29,30,32,29,30,31,35,35,30,31,34,36,30,32,32,30,24,29,27,36,25,39,27,30,37,28,30,23,36,31,34,29,36,27,33,24,31,29,37,29,28,34,28,32,35,27,31,31,36,36,32,34,27,32,34,25,28,32,30,23,33,31,30,36,30,31,30,24,29,31,42,24,26,32,30,26,34,40,33,16,30,22,39,30,35,39,30,26,35,21,26,27,32,38,39,34,28,32,31,26,28,38,28,22,34,28,31,23,31,31,34,29,34,32,34,28,32,27,35,24,27,27,28,29,33,32,30,30,26,33,39,31,25,26,35,28,32,33,23,38,40,28,40,26,36,28,25,27,28,34,26,32,28,28,34,30,34,37,29,27,23,33,28,28,31,27,21,38,29,34,26,27,31,29,33,28,31,35,29,19,24,28,26,26,34,31,26,35,26,33,32,19,26,26,38,24,39,30,29,21,25,36,30,24,32,20,31,35,33,28,37,30,27,33,26,31,29,22,30,32,34,29,31,24,27,32,33,21,29,35,30,25,34,29,36,38,31,28,34,29,28,27,28,24,30,26,30,22,36,30,36,27,29,33,35,30,28,32,30,26,29,22,33,34,18,33,25,22,29,32,30,34,30,27,35,30,30,27,34,36,31,35,24,27,29,37,37,30,24,28,27,21,24,31,31,35,30,46,32,35,25,23,26,31,28,25,34,28,32,34,31,31,34,24,31,26,30,28,21,34,17,37,28,24,26,33,26,31,33,21,27,29,33,28,32,31,28,26,34,30,34,30,33,34,34,36,29,41,39,32,29,29,28,25,34,27,25,30,37,36,34,40,33,21,33,27,36,28,35,30,29,32,33,23,24,30,28,30,30,34,27,28,31,22,24,39,21,32,30,26,29,29,31,28,32,38,34,30,30,34,35,36,27,32,31,30,29,29,36,36,27,25,26,21,33,38,25,34,29,39,33,23,32,28,23,23,29,31,29,32,37,39,28,28,33,30,31,43,37,29,27,29,25,24,25,33,41,28,30,31,28,33,34,28,34,34,32,31,21,31,26,33,32,27,20,29,29,35,30,29,35,31,25,30,30,36,34,27,30,28,37,22,29,27,23,24,30,30,31,32,28,34,36,28,25,32,34,32,40,35,28,24,27,44,33,29,28,34,33,29,35,32,31,31,25,35,26,29,26,36,26,30,26,28,30,35,29,34,29,27,24,31,36,32,33,28,32,20,39,39,33,28,34,36,26,37,32,35,24,30,33,30,35,32,34,36,28,31,34,27,26,30,35,35,28,31,27,32,41,34,27,25,32,21,30,30,40,26,26,23,35,26,27,30,27,27,26,25,31,31,27,28,27,21,21,31,30,30,25,34,29,28,31,28,29,33,29,33,23,36,26,42,32,28,24,30,32,32,33,25,21,28,25,29,31,30,36,33,29,24,27,22,33,24,28,33,35,23,28,23,32,31,24,29,27,29,32,31,32,40,29,40
53,100,31,34,27,31,33,30,29,34,27,29,29,37,30,28,28,30,23,27,20,28,29,31,30,24,35,28,30,39,30,31,30,29,30,31,28,25,27,31,27,29,30,37,28,34,29,30,30,28,34,23,20,27,32,35,27,27,21,25,25,34,28,34,28,31,29,30,31,33,23,41,29,32,32,32,29,22,26,28,35,26,26,30,34,25,32,23,32,27,28,22,31,38,34,23,22,36,33,30,30,27,35,32,30,19,31,19,34,25,27,31,30,35,31,34,40,26,28,32,40,32,31,38,29,25,38,36,39,34,23,27,32,31,35,29,23,31,33,32,29,28,29,25,29,35,27,32,27,23,37,28,29,25,32,24,39,29,27,25,23,29,26,28,23,24,29,35,27,23,31,22,31,33,27,35,31,29,30,32,25,24,22,31,24,23,36,31,32,32,27,29,34,31,31,28,29,28,34,35,33,30,32,23,23,27,25,32,28,36,31,34,30,24,28,24,26,33,25,27,35,30,24,32,29,37,26,32,27,32,34,36,27,29,29,37,25,35,27,34,37,34,20,29,37,22,33,30,34,33,33,30,25,26,24,29,30,44,34,29,29,33,32,27,33,28,32,36,31,32,30,25,29,23,32,34,26,26,33,32,20,32,31,28,33,28,25,26,39,22,35,28,29,37,21,28,27,25,36,36,31,25,39,33,38,33,34,24,28,23,24,25,33,33,32,29,30,37,27,32,31,30,37,28,26,25,32,27,34,25,21,28,26,31,32,27,33,25,35,37,37,36,22,29,27,22,30,27,27,35,19,34,26,29,27,25,26,32,27,33,31,29,28,31,27,35,30,32,31,31,35,26,23,31,36,31,35,32,34,24,39,36,27,28,35,30,39,34,40,24,29,31,29,35,35,27,25,37,25,23,27,25,31,28,33,29,35,28,31,35,31,30,27,24,26,33,31,29,36,30,29,28,36,30,27,34,27,30,21,32,31,23,33,22,27,25,35,27,27,32,33,28,33,30,29,38,32,37,31,32,28,21,33,30,35,35,41,30,26,32,26,17,25,28,30,36,30,27,24,30,37,28,40,35,32,30,25,33,26,25,29,27,32,28,26,31,33,39,28,24,33,30,29,38,40,26,23,34,31,20,26,24,29,36,20,34,38,25,32,34,29,31,37,30,35,27,33,16,32,36,32,31,24,29,24,32,30,33,37,40,34,32,26,33,32,26,26,38,34,25,28,29,25,27,25,33,23,31,24,28,24,26,23,32,29,34,31,22,24,30,28,35,31,26,34,28,30,34,28,30,25,34,29,31,26,30,29,26,22,24,23,32,30,24,31,31,29,24,35,27,37,25,34,33,37,34,23,33,26,23,27,31,38,32,25,36,44,37,22,29,27,33,25,29,34,37,26,33,23,28,23,18,29,31,39,26,29,33,23,32,31,26,28,37,20,31,22,31,22,35,31,25,27,34,27,34,28,28,24,31,36,25,31,31,28,27,26,32,34,39,24,31,28,30,30,26,37,32,30,28,31,29,33,27,34,23,34,34,34,39,34,29,36,41,33,27,25,37,30,30,30,24,29,29,39,28,33,33,29,27,24,39,39,31,28,37,23,29,33,36,31,28,29,37,29,28,33,30,29,33,37,46,26,40,30,38,27,28,25,28,35,27,26,41,30,35,29,31,34,27,26,23,26,30,33,23,29,35,35,29,31,30,31,30,21,31,33,36,33,32,32,32,25,30,31,31,39,30,26,40,35,30,28,27,24,43,25,28,26,33,28,39,32,30,31,31,39,26,28,35,20,29,28,33,30,32,30,28,24,29,21,24,31,36,26,30,33,35,32,34,28,26,27,24,33,33,37,35,21,32,38,28,40,24,24,37,31,31,27,23,35,28,24,39,26,32,21,36,23,35,37,27,35,34,22,27,28,24,27,30,32,30,30,33,31,31,24,31,30,33,31,27,39,27,31,19,26,33,37,29,28,37,35,30,33,36,29,29,31,26,26,25,19,38,21,31,40,29,35,39,24,29,29,27,28,28,29,25,27,27,24,31,26,27,32,34,28,34,29,32,34,30,39,23,34,29,34,27,25,30,31,34,34,31,35,35,33,36,25,21,28,29,27,35,33,35,26,26,28,34,32,27,33,22,27,27,30,27,35,30,39,24,27,30,36,32,28,22,30,34,31,31,36,33,35,34,30,27,26,31,24,33,31,34,24,26,35,34,26,25,27,28,27,27,40,27,31,35,31,27,23,25,30,31,35,32,28,29,26,28,34,29
54,100,30,28,28,28,31,29,27,33,37,32,34,33,33,32,41,29,25,35,35,30,33,25,26,33,24,34,33,26,23,33,34,34,28,37,28,32,42,26,27,28,38,28,27,30,23,28,29,24,30,24,21,24,35,30,23,36,30,39,31,21,34,29,37,34,39,25,29,28,33,32,20,31,25,22,31,34,27,27,31,35,29,29,33,26,42,36,27,26,36,28,31,28,33,35,29,35,35,27,33,35,27,26,26,28,27,28,36,27,24,23,32,33,39,30,28,25,30,27,33,31,22,36,30,29,33,26,24,29,33,29,26,35,31,31,21,33,34,27,31,24,28,36,29,37,31,32,33,27,31,35,25,37,23,39,40,33,36,20,29,32,27,30,38,36,40,33,33,23,30,36,27,28,30,34,26,36,29,20,28,31,27,29,23,24,29,18,27,21,35,34,27,46,32,27,26,29,28,31,39,31,39,32,35,31,30,31,29,30,29,28,30,30,31,33,31,27,32,45,26,22,38,40,30,25,29,24,30,22,30,30,28,29,31,31,26,26,33,33,34,35,27,27,33,22,34,31,44,25,26,28,23,25,30,35,33,34,33,31,30,41,37,27,23,30,17,25,23,33,36,40,26,38,21,29,28,27,32,31,33,31,29,31,33,32,39,28,30,30,29,27,27,35,36,32,33,37,33,35,39,32,31,30,37,32,25,32,29,21,31,32,31,36,33,26,27,27,29,29,31,29,40,38,32,28,31,27,28,28,30,29,33,38,28,26,28,40,31,37,33,28,29,34,24,32,30,22,28,32,33,32,33,31,31,33,42,41,31,25,36,24,26,37,25,31,28,34,36,29,32,31,33,23,24,27,29,24,32,23,30,37,31,27,32,34,30,32,38,22,31,33,28,28,37,26,33,26,33,29,31,37,31,33,38,30,27,29,33,24,34,33,33,36,24,28,22,35,33,26,31,31,28,31,27,22,30,33,33,28,31,30,23,35,25,29,28,30,32,23,25,30,29,31,32,31,34,31,35,34,36,27,28,35,29,40,27,28,31,29,30,28,35,31,29,22,36,27,31,33,29,31,41,27,34,21,26,34,30,28,23,26,32,35,32,36,38,27,28,26,32,27,28,27,31,41,36,35,24,35,24,23,28,30,26,27,31,27,23,27,27,30,26,21,30,36,33,37,29,31,25,25,27,23,29,25,28,28,36,35,28,32,34,29,32,30,33,27,39,32,34,31,31,32,33,33,20,34,27,42,26,36,27,26,35,29,27,26,25,30,29,32,39,34,32,34,39,31,32,28,31,34,27,34,41,28,28,29,27,26,30,27,36,32,29,36,29,37,32,24,30,37,32,32,34,27,26,34,28,29,31,30,36,34,36,23,30,28,33,37,31,23,33,32,36,35,23,45,28,26,35,35,29,29,29,33,31,30,25,33,28,25,41,39,27,28,34,29,35,27,32,34,30,27,32,33,31,28,30,32,27,35,32,25,30,27,21,34,25,27,28,31,36,27,24,30,33,38,21,30,30,29,31,28,28,31,32,36,36,33,26,38,26,31,38,38,28,33,31,33,35,23,29,30,32,23,28,33,28,28,43,28,34,21,26,32,33,29,25,32,23,39,27,27,30,27,27,34,27,27,29,31,30,26,31,31,37,27,34,33,27,35,38,24,32,29,33,28,29,30,33,19,31,26,29,24,26,32,25,26,32,37,34,31,37,28,33,29,35,35,30,37,36,31,28,25,32,26,23,29,28,30,36,32,32,30,36,35,35,23,30,30,24,31,26,32,33,33,24,27,32,31,30,33,32,29,35,33,25,30,22,33,27,31,31,35,29,28,31,29,31,28,26,29,29,24,30,34,30,30,39,35,28,25,30,28,31,23,30,28,34,37,22,28,37,34,24,34,28,31,25,30,34,28,38,30,31,27,30,18,27,31,36,39,35,37,33,24,26,41,34,28,33,26,32,33,31,35,34,22,27,19,31,34,42,26,36,29,27,33,35,34,30,32,30,32,37,30,29,35,29,39,33,37,28,35,30,30,30,29,38,34,26,33,32,27,26,30,25,38,23,19,29,25,26,27,29,33,33,26,23,39,40,19,21,27,36,31,32,27,32,33,30,25,30,30,31,28,33,28,30,32,29,29,29,19,32,37,32,35,33,36,23,38,26,21,20,33,36,32,28,32,30,37,35,25,28,27,29,34,27,31,35,20,32,34,30,18,27,29,22,32,33,34,33,33,27,29,32,25,25,26,40,32,31,25,33,31,31,33,32,38
55,100,31,29,29,32,29,28,22,35,28,36,30,27,33,27,30,31,21,27,29,30,35,35,28,23,27,24,30,29,31,33,42,31,26,34,34,24,31,27,35,34,38,34,37,33,21,35,29,21,27,30,29,37,34,34,31,31,21,31,26,30,28,31,31,33,23,35,31,29,33,28,36,24,30,23,20,30,35,33,40,30,30,29,35,24,31,35,26,37,30,29,25,39,28,30,29,21,26,32,30,29,34,31,31,29,30,26,33,34,35,25,29,34,34,30,42,25,29,35,28,31,31,34,22,28,22,36,27,31,37,34,32,29,29,26,34,25,29,33,34,31,28,27,26,27,34,26,36,29,31,39,35,37,29,30,26,30,23,33,42,29,30,30,33,29,27,27,25,28,29,39,35,21,32,40,22,30,29,24,31,35,36,27,35,28,22,32,33,25,38,30,32,31,30,28,31,27,28,32,33,31,37,35,30,40,24,38,24,29,30,30,26,29,35,30,25,32,18,29,30,30,29,32,25,21,25,22,34,35,25,41,19,27,27,33,33,30,33,38,23,30,36,28,27,27,36,36,28,27,26,39,40,32,33,30,28,35,31,31,34,29,28,37,30,29,27,27,27,27,31,29,43,34,26,37,31,27,35,31,32,30,24,38,36,32,36,24,37,29,37,29,27,23,31,28,24,28,31,28,31,27,26,40,37,21,32,32,37,27,19,27,28,30,32,27,28,26,33,29,26,25,27,33,27,27,36,33,35,31,32,35,37,29,36,33,36,33,33,29,28,31,32,28,25,30,30,28,31,34,32,30,33,31,39,28,35,29,35,35,24,26,33,30,35,30,33,33,27,27,30,35,24,22,34,33,28,29,32,32,32,24,38,44,30,29,32,33,32,34,32,31,24,28,31,17,36,32,26,24,31,26,26,30,32,25,29,29,29,36,35,30,36,30,30,27,36,35,33,29,31,28,23,35,26,40,25,31,29,34,39,30,28,23,29,31,34,32,35,23,24,32,28,29,37,39,35,22,32,21,30,29,28,39,36,31,34,33,34,31,27,31,24,41,30,29,25,28,36,32,37,26,20,27,31,39,26,26,31,28,29,36,24,33,34,28,37,26,36,23,37,26,34,32,26,35,28,27,33,36,32,33,36,26,27,33,31,32,26,39,33,33,23,29,27,38,37,31,33,28,28,25,32,31,23,31,31,40,24,21,34,32,24,31,36,26,26,25,21,29,28,27,28,37,35,31,39,23,36,33,22,31,28,38,31,31,30,29,25,26,27,28,20,35,30,28,27,27,31,29,23,27,28,34,26,30,31,28,30,35,30,27,34,30,33,29,31,32,34,28,28,37,39,25,23,27,25,24,26,35,32,26,25,34,35,29,25,33,38,35,30,24,26,24,29,30,31,25,25,23,31,33,25,33,36,25,32,27,26,26,41,27,24,29,33,30,33,22,27,24,26,38,33,32,31,27,31,29,25,30,27,23,27,25,26,33,31,28,27,34,35,30,31,21,34,27,28,26,33,34,25,21,30,34,28,31,27,36,29,29,24,27,32,29,38,23,39,29,33,37,32,33,27,25,28,23,27,25,29,30,28,35,32,39,28,33,26,29,24,33,39,35,32,32,32,24,29,29,36,33,26,23,34,32,28,31,28,32,31,29,26,33,27,29,29,31,31,19,24,35,31,32,27,28,30,33,41,30,36,31,32,25,30,34,30,30,39,32,35,36,34,21,26,23,33,27,26,24,38,33,36,34,29,28,24,29,27,31,26,36,39,35,28,30,31,29,29,24,36,29,33,34,30,35,35,29,26,34,33,37,34,34,25,38,33,26,28,35,27,29,32,33,34,33,24,31,25,30,34,19,35,31,35,35,31,23,27,31,18,34,26,29,23,32,34,32,28,29,31,38,41,22,23,31,38,28,22,32,27,38,31,27,37,31,30,30,25,28,32,29,32,25,26,25,27,29,21,32,27,25,29,26,21,28,33,30,27,24,29,26,30,33,34,32,28,27,26,33,35,35,23,31,22,32,31,31,26,32,29,33,20,29,29,38,29,29,26,25,30,26,25,26,30,36,31,39,31,33,27,29,35,21,28,24,19,33,34,29,30,33,24,24,38,26,24,26,33,29,30,30,28,30,40,33,33,35,30,29,33,27,37,31,35,33,35,31,31,29,28,37,28,21,25,35,36,30,25,33,26,29,27,28,28,28,45,35,22,25,39,29,25,26,29,28,25,22,23,23,24,27,30,30,29,20,26,30,27,25,40,28,28,34
56,100,38,40,23,32,30,29,33,34,20,30,24,31,28,28,21,25,28,30,31,38,35,30,24,35,33,28,26,34,25,35,27,20,33,32,26,32,27,32,28,32,28,30,35,20,33,31,32,34,28,35,29,38,38,27,34,24,24,36,27,34,30,32,39,29,24,26,33,26,34,31,25,27,32,33,27,28,39,31,33,31,30,33,22,34,31,31,27,29,33,28,34,32,26,32,27,41,34,28,35,42,28,29,36,25,28,22,27,25,28,22,30,34,29,31,29,38,39,37,28,32,33,38,33,31,29,29,25,30,28,25,19,27,21,32,40,25,28,28,25,31,28,23,22,35,26,34,33,39,25,33,31,22,25,26,30,29,31,20,35,27,30,29,26,26,29,29,32,26,25,31,23,29,33,38,25,25,34,37,24,30,32,35,31,36,33,30,31,27,29,34,28,31,35,26,34,29,34,31,29,34,26,25,39,24,30,31,26,33,28,32,23,37,27,27,30,29,26,25,26,32,31,30,33,31,38,31,30,27,28,35,31,37,33,33,23,35,30,38,31,27,29,31,32,41,27,28,36,27,35,25,35,32,32,32,29,36,36,42,25,36,35,30,34,33,21,36,26,32,28,22,28,26,33,25,34,30,31,31,36,34,28,24,30,36,28,29,30,31,26,28,22,36,31,28,28,28,27,31,27,30,28,33,37,41,33,30,23,26,32,32,31,26,25,35,27,26,38,31,33,33,29,34,29,26,38,28,34,21,34,35,30,36,22,39,26,28,29,21,33,31,26,32,32,25,32,34,27,26,27,34,29,31,33,32,28,39,34,33,29,29,34,26,30,34,31,30,21,20,34,22,28,30,33,34,27,30,32,30,36,36,23,34,20,27,32,30,30,26,27,33,32,28,37,28,23,26,34,32,37,34,38,30,26,33,26,33,26,31,28,33,32,31,39,25,32,26,27,26,37,23,26,35,35,37,36,32,31,32,25,37,27,23,33,30,26,35,30,35,34,32,26,30,26,19,23,31,39,25,36,32,38,34,37,34,36,26,25,32,32,31,27,33,24,28,26,28,37,32,33,40,33,36,24,27,31,36,29,29,25,28,31,31,30,28,30,34,20,37,29,32,29,27,26,38,28,27,26,25,35,34,36,32,39,32,32,35,26,27,30,27,35,26,29,34,33,39,27,28,23,34,23,27,33,37,24,33,35,29,32,25,33,32,33,39,26,23,30,36,24,27,32,32,37,31,41,29,33,27,31,28,37,31,27,33,36,27,32,35,28,27,31,26,39,31,40,28,29,33,35,28,31,30,29,39,29,32,29,32,32,34,27,30,27,29,26,28,35,32,25,30,31,27,26,27,23,28,25,31,31,27,22,33,33,33,30,36,31,22,28,26,36,33,24,24,31,37,29,32,30,29,27,32,14,30,36,29,32,30,29,24,33,34,32,31,27,42,36,29,36,33,31,28,38,40,23,28,27,24,30,23,27,32,33,35,39,31,37,23,29,29,36,30,28,28,24,29,29,29,34,28,28,27,27,28,25,30,32,29,36,25,34,31,36,27,25,27,23,41,30,35,31,37,31,25,27,27,28,29,32,30,25,26,34,37,29,30,30,27,38,31,29,29,33,29,36,36,36,34,29,34,31,25,27,30,29,28,29,29,32,26,46,31,32,36,31,30,22,26,29,13,34,28,29,29,32,29,31,28,26,32,35,26,37,33,23,26,29,30,25,37,30,26,25,25,31,30,35,30,26,31,36,31,33,29,32,31,35,35,34,34,29,34,28,39,32,31,26,24,34,31,26,28,40,32,41,24,28,29,32,29,29,30,33,35,30,28,33,30,26,35,29,32,25,29,32,38,30,32,37,20,24,27,31,28,26,32,32,36,39,27,42,33,29,32,32,30,31,27,27,32,30,33,29,21,32,30,26,37,33,31,24,30,25,36,24,37,24,35,29,25,21,33,37,33,37,33,30,32,28,26,37,25,32,37,34,23,23,29,31,34,25,32,33,40,30,30,32,25,28,33,38,25,32,20,26,31,29,29,33,36,32,30,27,39,30,25,31,34,25,27,30,27,33,27,39,34,38,37,30,26,24,41,39,38,28,31,37,26,27,34,33,34,33,35,29,35,27,31,29,27,24,32,34,36,26,25,41,26,37,29,17,28,25,29,18,26,28,30,28,26,24,23,32,33,34,31,29,37,36,29,32,35,27,36,30,37,30,30,29,37,26,25,28,30,33,37,29,26,33,37,27,33,31,22,40,35,32,33,31,29
57,100,32,35,27,35,29,29,32,28,29,33,27,27,39,31,34,26,32,23,20,35,35,30,25,37,35,29,25,35,25,31,30,30,31,24,33,33,29,32,30,30,28,28,33,34,26,25,25,32,39,34,29,29,36,38,29,31,31,25,33,32,29,29,31,33,23,30,29,27,20,30,34,22,25,18,30,24,22,28,31,35,30,31,36,25,31,22,27,34,40,32,33,22,36,35,24,20,30,31,32,34,32,34,27,23,26,27,39,32,33,30,39,28,33,33,35,33,35,34,24,34,37,33,24,22,30,22,34,31,29,34,21,27,30,35,26,27,25,22,22,34,27,30,28,27,22,26,29,30,29,29,35,33,29,28,24,34,28,28,32,28,31,29,30,26,26,29,27,31,31,31,30,29,26,31,27,31,39,34,27,37,27,24,22,30,29,23,36,32,27,24,30,28,25,34,24,26,33,32,27,25,38,29,32,38,28,28,32,24,24,35,29,26,31,29,25,35,22,41,42,24,33,27,26,29,34,32,31,35,26,21,35,42,34,33,25,28,19,29,36,27,34,31,29,26,33,33,32,33,32,21,34,25,33,30,26,37,35,42,27,27,23,29,29,37,31,25,38,39,27,36,38,26,36,25,32,31,27,27,29,32,28,35,28,31,27,31,25,29,27,29,26,36,27,23,36,26,36,33,33,42,32,30,28,32,37,23,34,34,32,43,32,36,30,35,29,31,38,34,27,28,35,37,27,41,38,29,29,28,27,34,27,27,30,34,25,22,27,32,33,38,39,32,32,32,29,29,33,29,36,31,36,33,35,25,30,26,28,24,29,28,29,28,30,30,24,24,31,26,30,29,34,38,31,25,25,29,30,30,32,36,29,30,33,22,32,24,28,40,20,29,23,28,29,26,35,35,26,36,25,36,29,39,29,30,33,27,28,27,31,31,24,31,32,39,34,32,32,27,31,24,18,33,27,24,24,29,28,29,25,25,39,27,30,31,30,32,27,33,31,32,40,32,30,30,27,34,33,35,37,28,31,39,32,25,36,32,34,36,27,36,26,36,27,24,28,27,38,25,26,24,25,33,21,24,23,36,35,32,36,33,31,22,31,29,29,35,37,23,30,34,34,33,30,25,22,36,31,30,26,37,18,22,24,35,37,32,39,33,32,34,21,22,34,30,27,28,22,29,33,25,23,36,35,22,30,27,22,24,26,34,25,19,26,39,31,26,40,26,23,33,25,36,34,33,34,27,28,31,27,36,27,31,31,30,38,34,33,26,22,25,33,32,36,34,31,25,26,26,30,30,32,31,26,35,33,41,28,33,30,34,39,24,31,31,32,32,25,34,37,40,36,37,25,29,38,35,27,32,32,27,27,33,31,29,31,26,37,31,33,32,26,29,23,29,35,39,24,25,33,26,27,32,30,23,26,37,40,25,26,28,29,26,32,28,29,27,33,23,31,29,30,22,22,26,32,37,31,19,34,24,36,21,33,30,31,27,31,31,38,23,33,38,29,23,26,32,39,26,37,28,35,25,32,25,35,40,34,28,33,29,28,28,30,22,25,30,22,33,26,34,24,28,34,26,32,35,24,28,24,28,25,30,33,26,26,31,26,29,38,31,30,29,40,33,37,28,26,29,27,31,29,29,29,24,30,31,28,39,29,27,29,32,30,29,35,35,25,33,30,34,29,28,35,29,26,33,23,26,32,20,31,28,23,32,32,27,23,15,34,28,30,30,19,38,31,37,40,29,22,30,26,33,38,33,33,30,26,33,31,32,17,39,33,34,33,34,32,28,22,30,35,29,26,24,30,29,42,29,40,29,31,29,22,32,32,33,29,33,28,32,37,30,36,29,28,23,32,24,37,27,24,24,28,27,27,31,33,28,23,23,30,31,25,22,34,26,34,22,27,28,23,29,31,25,26,24,31,31,30,36,29,31,20,26,31,33,33,33,18,31,25,31,27,31,38,29,34,36,32,25,22,37,28,30,35,26,29,37,30,33,27,36,36,37,36,38,25,33,27,24,22,38,24,27,25,19,30,26,30,24,18,38,33,33,28,37,26,39,30,34,32,24,29,40,30,34,30,27,29,24,33,35,29,25,35,28,34,28,34,27,34,29,27,26,31,34,32,24,25,19,26,31,35,30,28,31,32,31,39,24,30,31,41,22,30,29,35,27,34,34,32,29,31,28,26,29,24,28,31,41,31,30,31,30,31,32,37,34,29,31,37,32,24,31,24,35,31,33,24,32,27,32,28,29,25,25,32,30,33,25
58,100,34,21,28,29,31,25,26,29,31,30,36,36,32,36,31,22,37,36,30,26,33,31,26,30,36,31,31,28,31,27,27,31,33,32,33,28,37,18,30,26,38,34,36,29,26,31,31,32,26,26,28,34,28,37,23,26,35,31,28,32,30,26,32,24,38,26,30,30,29,26,21,33,31,24,32,22,29,29,32,29,34,19,30,30,21,28,28,33,31,23,41,31,35,25,22,27,28,26,33,24,25,33,30,39,36,25,32,32,27,30,31,29,30,25,32,30,34,26,32,28,32,41,33,32,36,24,31,30,29,23,33,25,34,25,34,27,32,34,28,29,29,24,24,33,32,37,33,35,29,30,35,28,36,40,31,33,34,28,26,32,36,41,32,37,33,31,27,26,36,26,32,25,26,32,33,39,23,33,24,35,32,28,26,29,32,36,21,31,20,28,27,40,32,33,34,22,27,26,24,34,35,28,21,28,29,34,32,22,30,27,26,24,23,36,34,20,34,30,30,41,24,16,23,32,29,24,34,35,18,27,26,21,20,31,31,29,34,23,33,30,31,26,27,34,25,27,28,33,26,36,33,34,25,24,26,34,31,25,28,26,23,30,34,29,40,29,35,30,34,24,27,28,23,29,31,29,27,30,30,35,24,31,25,32,29,26,38,21,29,31,32,33,37,39,31,28,27,36,26,20,39,29,28,32,23,30,34,30,30,27,32,21,24,33,30,33,29,28,17,23,22,30,37,30,31,29,29,33,35,26,34,27,31,20,26,34,30,36,38,20,30,27,19,23,32,25,31,30,28,26,22,37,40,29,31,29,25,33,34,36,30,38,33,27,38,28,25,30,30,22,29,36,27,27,32,28,25,35,37,32,29,19,35,29,31,31,31,32,33,28,29,30,32,35,37,37,33,32,18,38,30,27,23,32,32,34,30,29,25,23,33,28,36,29,29,31,27,24,31,33,27,33,40,29,30,28,28,32,26,34,25,37,29,37,35,36,25,27,29,33,21,31,32,30,31,31,33,34,29,30,26,22,23,27,36,34,35,24,30,39,33,30,29,24,30,34,28,39,28,28,30,27,25,20,30,28,32,29,30,28,33,32,24,39,33,23,28,29,26,29,28,33,31,30,30,30,35,31,35,31,33,24,25,32,39,29,33,34,35,22,31,27,24,34,27,32,31,29,34,35,29,29,38,23,28,27,36,30,30,22,34,32,30,30,28,36,26,29,29,26,21,41,28,37,39,29,24,23,22,24,27,27,29,34,31,26,31,30,35,34,34,30,26,30,37,38,34,29,25,34,28,29,26,36,32,28,28,35,26,29,28,30,30,26,31,35,35,24,33,30,33,37,28,28,26,29,22,30,26,30,22,28,34,30,33,29,29,30,35,28,35,32,30,27,28,30,27,28,41,28,34,35,29,32,24,29,26,37,23,38,33,37,36,31,27,24,29,31,29,25,29,28,32,34,27,31,29,32,30,36,24,33,25,25,33,31,25,30,23,24,38,36,32,27,28,32,27,27,28,32,36,32,34,22,31,23,23,34,30,26,32,30,26,35,30,31,24,21,38,26,32,30,32,36,40,25,35,25,32,35,21,29,37,25,27,28,29,28,26,35,29,34,36,27,34,37,28,29,31,30,25,31,29,21,34,39,35,31,26,34,27,32,38,26,31,34,22,25,24,24,33,29,39,25,26,24,32,30,15,28,26,23,28,26,32,31,23,37,32,28,37,39,30,22,31,41,32,31,28,31,28,26,24,31,34,31,30,31,31,30,29,28,26,34,30,37,34,27,23,32,29,35,33,29,30,23,29,35,27,19,29,28,31,35,25,31,29,27,36,30,35,22,34,40,25,33,40,35,24,32,26,39,33,25,34,26,29,27,27,28,17,30,26,26,27,36,33,29,36,27,31,28,28,34,32,20,28,32,22,32,35,27,30,36,30,30,36,31,34,28,35,33,24,28,29,34,32,24,35,32,19,36,28,32,35,34,19,30,24,31,37,24,32,34,28,33,23,35,28,32,29,33,30,26,34,31,30,27,26,30,28,27,26,25,31,30,31,35,37,29,37,30,34,24,27,28,29,33,39,27,29,22,35,29,28,31,38,39,33,35,28,29,28,31,32,30,20,35,27,34,25,40,28,30,32,26,24,28,28,31,30,27,31,23,37,33,20,37,31,31,28,37,38,36,30,35,31,32,31,32,31,30,35,26,24,27,26,28,28,30,26,34,27,35,31,18,31,34,34,26,30,31,31,32,28,31,37,25,33,30
59,100,35,26,27,26,32,35,29,32,32,30,29,27,27,26,39,30,29,30,34,27,25,24,27,28,29,35,26,35,37,33,32,30,35,23,36,28,27,26,25,40,30,31,26,22,33,37,32,27,25,32,26,29,36,21,28,27,35,32,22,29,30,33,25,33,30,31,33,24,35,30,28,35,32,32,37,25,36,33,34,36,32,24,30,34,37,26,38,36,32,28,39,32,35,29,37,33,30,35,25,29,25,31,35,35,31,28,34,36,32,28,35,31,34,23,28,29,24,35,29,36,28,33,33,32,24,28,38,16,25,27,33,38,26,24,25,29,26,35,24,27,31,29,35,32,28,30,26,35,24,33,32,32,33,35,31,32,27,30,27,34,17,35,37,26,25,29,26,34,37,26,26,30,27,31,31,29,13,38,45,30,30,39,28,42,22,35,30,23,32,39,27,30,25,26,25,31,28,29,32,28,31,29,28,27,33,28,34,26,40,32,25,33,29,24,44,23,34,29,31,36,31,38,37,28,26,32,30,32,29,28,33,32,31,33,35,29,29,29,43,35,30,28,33,24,25,30,28,35,29,26,30,38,30,33,27,21,33,30,25,32,29,28,30,31,29,32,29,33,28,26,30,29,30,30,25,26,36,27,30,31,30,31,32,25,33,27,27,30,32,28,24,27,30,22,32,36,32,32,31,37,32,26,23,24,36,27,30,31,36,33,31,35,33,32,32,28,33,28,27,38,30,39,29,33,37,37,34,29,35,34,32,36,30,37,36,34,25,25,21,32,33,26,30,34,33,36,29,38,34,36,26,36,36,33,32,32,33,32,30,29,29,31,35,30,26,27,32,24,30,23,36,31,28,37,28,34,27,31,31,23,41,29,32,30,27,32,36,22,26,31,35,29,23,28,37,26,31,25,36,27,35,24,29,27,39,32,26,24,18,34,35,30,32,32,31,35,27,30,29,25,32,22,31,31,29,28,26,29,30,29,27,25,36,30,27,31,29,27,31,24,31,33,30,33,29,31,21,37,28,34,35,19,34,38,32,28,29,24,22,35,28,34,36,34,28,33,27,35,31,29,33,35,39,26,32,33,35,28,29,35,32,32,39,32,28,26,28,34,36,40,32,28,31,36,24,28,27,26,33,31,30,32,31,26,34,34,35,23,39,29,22,27,29,41,25,31,19,32,30,34,25,31,24,30,28,40,24,31,33,22,31,25,33,31,26,37,32,31,41,29,27,29,40,40,26,34,30,31,34,34,30,35,30,33,32,35,27,31,24,32,27,28,27,33,36,25,22,36,37,25,33,27,29,28,30,32,42,25,30,32,23,24,31,33,35,28,26,27,27,34,28,25,35,24,32,35,26,31,36,26,26,24,38,36,33,22,30,34,27,24,27,26,28,32,26,27,28,26,32,36,29,30,35,29,32,34,34,31,31,17,35,29,31,31,38,28,26,33,38,31,30,27,26,30,21,31,33,29,36,26,28,35,24,30,27,28,35,30,33,33,28,34,31,31,30,29,31,27,27,27,23,32,27,31,25,31,39,28,29,33,35,34,33,31,28,23,30,32,31,29,27,33,34,29,24,37,28,27,29,18,30,34,32,29,24,28,32,34,23,32,33,34,30,30,29,25,31,30,28,42,30,30,20,40,35,31,40,39,33,38,29,27,27,26,34,33,34,37,39,24,38,28,32,26,36,30,27,32,26,28,27,31,35,30,25,30,35,33,33,19,32,34,29,42,29,29,28,31,33,27,32,20,34,25,22,35,25,28,27,27,24,35,33,20,42,34,29,26,23,31,30,27,26,29,31,34,31,33,42,45,35,26,37,26,19,35,34,38,34,32,38,27,30,31,38,29,29,26,33,33,30,23,34,26,32,21,36,29,28,21,37,36,26,33,30,33,36,28,28,27,33,36,28,39,31,28,30,32,34,25,32,38,30,37,33,25,33,30,31,24,27,37,26,36,35,31,29,31,34,36,38,34,30,27,26,34,24,27,25,35,34,29,33,24,30,36,32,24,26,30,28,31,25,31,37,31,33,39,28,23,32,26,23,32,34,32,27,34,23,26,34,29,26,31,26,37,26,36,33,37,39,23,31,33,19,32,28,28,32,27,33,34,27,32,32,31,24,30,33,23,33,28,26,32,27,20,24,32,26,23,27,40,25,28,29,33,30,38,35,31,32,41,32,30,29,25,34,33,35,29,36,25,31,24,29,24,29,32,26,27,29,31,21,32,33,25,27,30,42,30,34,24,31,25,27,29,33,25,34,34
60,100,33,36,26,28,28,25,29,30,27,33,31,37,27,31,32,25,28,33,26,28,26,42,42,26,27,26,34,28,37,23,28,32,35,36,29,23,34,29,29,33,30,25,33,30,36,37,36,25,32,24,28,30,33,33,30,27,35,27,27,24,24,31,35,37,33,36,25,29,31,29,28,30,33,37,36,31,32,31,41,32,29,31,31,23,28,25,26,30,32,31,31,26,33,27,28,33,35,31,24,29,21,31,31,35,29,29,28,28,28,35,37,39,30,18,24,30,34,28,23,23,32,35,28,18,27,33,21,28,39,35,24,33,27,31,22,39,33,36,29,29,28,24,31,30,37,34,29,36,25,32,35,36,30,31,27,30,25,30,27,25,29,27,27,24,23,29,31,32,29,30,20,40,27,24,28,25,22,32,29,30,31,30,28,28,30,23,32,30,25,37,28,22,29,36,29,22,31,33,31,21,34,37,31,34,32,34,38,38,27,25,28,27,33,26,27,33,28,25,29,28,31,30,25,32,36,25,37,28,30,38,32,31,30,33,36,31,33,34,27,29,33,22,28,29,22,26,33,32,30,40,27,32,34,31,28,31,26,31,22,22,33,30,34,23,32,31,32,31,25,27,34,36,25,30,40,28,28,32,27,29,28,19,27,30,35,25,31,29,31,25,35,23,29,36,27,36,33,28,33,40,27,21,28,28,36,27,34,34,32,22,26,28,35,29,29,28,30,31,30,28,27,33,28,34,35,33,36,38,29,32,28,29,24,36,25,31,31,37,35,18,36,23,24,35,26,37,23,39,30,35,27,30,26,32,28,30,32,32,25,39,32,29,31,34,25,32,33,38,32,27,19,23,31,29,26,36,25,38,35,30,38,33,29,34,23,24,24,32,36,30,36,28,27,33,28,20,31,24,24,24,42,28,32,28,28,37,40,29,32,26,38,29,28,23,28,28,30,23,29,27,23,35,37,24,40,26,28,29,27,26,30,28,23,45,32,34,31,36,33,48,26,28,29,26,28,24,29,37,27,33,33,30,38,35,38,32,32,23,34,24,34,28,31,27,34,31,30,30,34,35,22,27,33,31,30,29,29,34,33,24,38,35,27,33,31,30,32,25,28,39,37,32,31,24,31,32,24,22,30,30,27,31,30,24,28,35,31,26,37,25,38,35,31,34,27,26,32,26,34,32,28,27,30,22,33,40,31,35,27,36,24,25,33,31,33,32,35,22,28,29,32,38,26,35,31,34,30,37,29,27,35,37,28,27,32,33,29,28,28,26,30,36,41,27,33,35,30,32,31,33,31,28,31,29,31,32,24,34,29,28,21,27,46,22,24,37,30,28,39,31,34,28,28,37,27,32,37,36,34,26,32,25,23,30,21,29,29,31,28,28,36,22,28,28,29,32,28,27,30,25,25,34,34,38,23,27,32,31,27,35,32,26,31,26,33,35,34,38,28,33,35,25,33,21,32,26,27,23,27,30,32,35,32,26,29,31,27,24,32,32,30,30,28,24,25,29,29,26,27,29,35,30,31,28,35,22,22,31,32,28,27,27,23,33,25,27,27,27,29,33,30,25,38,41,23,34,34,40,23,22,27,33,31,27,31,24,25,28,25,30,33,29,31,25,29,35,30,27,25,26,33,28,29,24,27,30,25,23,25,36,26,24,35,30,30,28,34,32,32,29,34,26,33,26,22,19,33,31,31,38,31,31,31,25,39,16,32,26,29,27,33,33,29,29,27,32,27,33,29,25,32,24,28,35,28,24,27,28,36,23,36,27,31,31,29,33,36,31,36,30,31,33,29,29,34,34,24,27,31,24,33,34,22,29,33,24,29,31,26,20,31,28,18,30,31,33,33,40,25,27,29,26,33,23,37,27,32,34,26,30,31,32,25,27,23,29,35,26,32,43,35,33,34,27,23,27,29,25,30,27,32,29,37,29,28,29,21,25,32,29,30,32,27,35,31,26,27,38,25,33,26,38,27,24,26,32,24,24,27,25,25,34,36,29,25,36,33,31,31,26,25,32,36,43,37,38,30,31,19,28,31,28,38,20,28,22,31,35,27,39,29,26,26,30,33,33,25,33,24,25,36,26,26,21,27,33,32,26,33,19,29,26,28,36,28,25,32,27,24,40,39,28,34,30,26,18,23,38,37,25,29,27,30,32,32,39,31,33,37,32,27,27,26,26,24,37,25,28,28,29,34,29,28,23,29,27,28,34,35,31,32,29,26,31,21,32,30,33,41,26,34,36,32,23,27,37,40,28,28,28
61,100,30,33,39,30,38,32,36,26,31,32,26,26,31,32,23,32,26,31,35,33,37,30,25,26,27,23,29,27,31,29,35,26,31,22,32,32,29,29,26,26,29,30,30,32,36,35,29,27,32,26,27,32,24,28,30,33,35,17,25,40,27,27,33,36,27,31,32,20,27,28,17,29,30,29,29,26,32,28,33,34,26,27,31,29,25,28,31,28,28,30,36,25,23,27,38,35,28,29,39,34,30,28,26,34,31,34,21,33,30,33,32,31,18,38,30,32,22,32,32,25,28,33,34,40,28,30,30,31,37,30,30,26,31,33,35,25,27,31,40,30,32,21,26,32,26,36,36,28,37,29,38,32,32,22,31,33,31,30,34,28,35,27,27,37,24,26,25,25,33,24,35,28,22,34,33,34,36,25,22,30,22,37,31,27,30,36,35,32,30,31,27,28,31,40,29,31,29,21,37,31,30,30,27,24,33,28,25,37,29,23,25,35,30,39,27,27,30,35,23,32,27,33,31,34,28,34,28,33,30,23,33,25,26,40,27,27,34,24,25,28,38,32,25,24,30,35,37,32,33,37,33,31,23,34,27,32,28,30,26,28,26,38,20,34,31,31,38,38,32,36,30,38,31,30,30,27,29,31,32,27,31,27,35,36,27,26,32,39,25,33,32,34,33,29,30,33,28,33,31,33,38,26,31,33,24,34,26,29,25,29,26,33,36,25,35,27,30,38,20,27,28,33,30,26,35,27,40,35,28,26,29,31,28,33,35,30,34,28,32,25,33,29,23,29,38,24,31,22,29,28,33,30,35,25,28,28,33,31,32,34,36,33,28,29,33,36,34,29,25,28,33,32,29,31,25,29,32,30,35,24,23,28,29,28,31,27,31,21,26,36,34,37,36,28,31,22,30,34,32,27,27,36,29,25,33,29,29,31,36,24,30,24,28,32,30,28,30,41,31,26,27,27,31,24,36,29,30,30,27,20,26,30,27,29,28,34,25,30,39,27,35,25,29,36,24,23,30,28,28,30,31,30,28,29,30,33,31,35,29,28,33,33,34,34,35,34,29,39,20,29,30,28,26,29,36,40,32,29,28,35,34,22,27,38,31,32,31,27,35,34,30,35,26,34,25,31,29,27,29,25,31,25,37,36,29,38,23,26,36,21,35,35,21,36,30,40,35,30,27,31,33,32,29,28,35,27,31,31,26,33,31,35,29,24,35,34,34,34,25,27,29,30,30,36,34,27,30,34,38,35,39,32,36,30,34,33,25,38,29,32,31,24,33,20,27,32,27,33,25,32,23,26,31,32,28,29,30,34,33,29,29,35,32,29,31,23,29,36,24,33,22,35,25,32,37,35,29,31,25,22,37,33,34,31,28,29,26,31,36,33,34,34,34,32,34,31,31,38,28,37,35,31,30,34,35,26,24,32,28,21,33,31,28,36,26,30,21,33,39,28,31,30,32,28,25,30,30,36,31,37,30,31,41,34,24,27,27,32,33,28,30,31,37,23,26,30,30,30,22,35,28,29,34,34,29,28,32,29,29,23,27,33,32,30,26,26,34,24,29,29,25,32,29,28,30,28,34,37,28,37,30,31,27,22,37,30,33,29,32,35,26,38,23,33,33,36,34,27,27,31,27,30,35,25,29,41,32,28,35,30,33,29,26,23,25,35,29,31,23,38,24,24,27,32,33,22,32,27,29,26,29,38,24,33,31,26,41,37,27,34,29,24,27,39,29,32,26,32,30,34,29,32,27,32,29,29,27,31,26,29,28,23,30,32,30,24,31,38,26,32,34,28,28,30,28,31,33,34,42,26,32,27,39,28,34,33,26,29,34,25,32,26,30,32,28,31,23,34,30,23,25,31,31,27,33,26,37,33,27,35,33,30,33,32,29,34,30,28,35,40,21,30,30,30,29,36,31,24,20,28,33,36,32,25,28,30,37,31,38,25,34,28,26,38,31,28,30,33,27,21,29,37,32,32,30,35,26,31,35,29,27,33,26,30,20,30,31,31,39,33,32,29,37,35,17,34,21,30,28,26,39,23,36,38,23,23,24,25,28,42,38,34,25,28,26,24,38,28,29,30,33,28,29,38,36,26,29,29,31,31,29,29,33,36,30,25,29,38,37,34,26,29,39,27,33,28,23,32,30,30,26,29,27,27,26,30,25,29,36,36,32,27,24,31,33,32,31,21,31,35,30,28,39,34,29,26,35,33,26,26,30,29,25,36,32,23,31,25,20,30,29,31,31,31,33,36,29,34,25,29
62,100,25,23,33,36,33,34,34,28,32,32,35,30,30,34,31,30,31,30,39,31,30,34,27,31,28,26,34,33,33,31,36,29,26,30,37,34,24,38,27,35,38,35,25,37,28,31,33,37,33,31,25,31,35,33,30,38,39,20,31,26,25,28,35,26,39,32,32,30,29,33,36,32,30,33,24,25,29,24,28,27,26,27,35,30,30,39,27,41,40,32,29,31,26,30,31,30,26,28,27,28,36,25,35,33,29,35,35,33,27,29,31,25,30,29,31,30,27,34,32,28,44,31,30,35,25,33,36,34,31,31,28,33,37,28,30,29,24,27,35,30,28,28,29,30,33,29,40,30,22,32,34,31,35,30,22,27,28,33,31,23,28,30,29,32,31,27,25,31,28,26,31,26,28,28,29,39,23,32,30,38,34,37,28,25,22,26,29,31,29,41,37,28,28,30,30,32,33,26,39,24,28,29,31,26,29,29,27,37,27,27,28,32,41,28,25,24,32,34,29,29,32,25,31,23,25,34,28,30,31,30,33,27,25,21,21,23,32,35,25,26,37,39,37,32,21,34,36,30,25,30,34,26,38,37,30,35,39,38,26,34,27,23,33,20,31,33,28,27,25,28,28,27,26,29,32,30,39,28,32,27,34,33,30,41,27,32,27,26,32,21,32,31,21,35,30,36,36,31,24,31,38,25,32,31,34,37,21,34,31,27,27,31,29,30,34,26,33,34,31,27,37,29,25,33,27,34,21,32,27,33,27,32,25,25,28,33,25,34,33,38,30,35,25,26,21,23,36,22,29,34,26,25,28,26,28,24,30,29,25,34,27,30,26,30,31,27,33,22,32,29,32,30,40,25,38,27,25,31,39,31,26,24,28,28,29,31,24,41,33,38,32,36,31,26,39,36,33,26,28,32,27,31,24,31,25,30,28,37,38,35,25,28,31,23,30,28,26,30,25,35,30,32,27,32,19,20,28,28,31,33,24,28,20,29,29,25,22,31,31,31,31,39,30,32,34,29,26,24,23,16,27,33,20,35,18,37,38,31,23,30,24,30,26,34,24,43,39,38,30,38,35,33,26,26,23,35,23,33,34,29,31,26,25,33,37,27,25,29,41,34,31,31,36,29,30,29,24,29,39,35,34,24,25,26,34,34,29,29,33,28,26,35,31,36,35,31,25,29,27,24,29,26,30,27,24,30,32,33,32,27,28,26,33,25,21,25,26,29,33,24,34,36,25,38,22,31,35,37,37,28,30,30,31,37,27,33,26,34,29,30,29,39,26,25,39,24,31,33,30,30,30,23,31,31,38,35,37,26,39,32,29,30,35,26,27,27,22,24,27,34,32,28,27,31,39,33,37,26,34,35,34,41,21,25,29,27,32,26,22,35,29,34,34,33,36,30,34,29,27,34,36,34,34,26,36,30,32,29,31,31,32,29,35,32,30,31,31,25,29,30,35,27,27,38,44,26,33,38,35,25,29,29,25,31,28,24,34,34,34,34,23,34,29,31,27,25,28,31,24,32,28,37,32,33,33,33,32,29,32,31,27,22,39,29,32,27,32,37,21,34,31,37,30,28,30,40,29,28,37,32,36,24,38,30,28,23,33,27,38,31,26,33,23,28,35,27,35,34,31,30,23,29,36,29,28,27,23,32,34,26,23,31,24,27,27,29,30,21,31,41,32,25,40,22,31,24,33,19,30,29,32,36,26,24,32,27,24,32,33,22,30,37,28,33,17,20,29,34,41,34,29,26,25,31,39,21,33,32,30,31,33,36,28,28,27,30,29,26,32,31,36,30,31,26,27,29,30,30,32,32,30,35,27,22,22,28,27,26,26,36,36,34,27,31,29,29,26,24,22,28,35,31,30,35,34,32,30,26,33,31,31,38,24,31,38,29,30,35,25,39,33,37,25,29,37,28,27,21,26,32,29,39,28,34,30,28,32,25,35,29,30,23,32,26,30,39,41,27,34,28,34,28,35,30,26,33,30,32,31,25,24,32,33,40,38,23,27,31,32,35,34,25,26,28,27,37,24,28,28,33,36,30,25,32,30,27,29,32,23,32,31,27,32,26,29,27,28,29,33,23,26,30,40,36,21,30,30,30,26,27,33,28,21,34,27,34,23,34,35,33,35,32,28,35,27,35,26,30,30,27,32,31,30,29,23,28,30,35,25,29,31,30,37,23,31,31,32,32,27,30,36,28,18,28,25,33,28,28,32,25,41,33,29,30,33,22,31,27,32,32,36,28,38,21,31,28,29,31,23,31
63,100,22,36,23,31,30,26,35,33,32,27,29,26,35,27,27,31,25,29,40,36,25,23,27,32,35,28,33,40,33,31,39,27,26,31,26,28,24,31,29,37,32,32,35,24,19,31,26,29,25,28,37,33,23,30,30,30,26,27,27,31,31,29,30,29,34,29,29,34,24,30,31,27,36,30,25,29,34,27,25,33,25,32,29,37,29,34,38,34,23,26,34,20,24,26,26,28,24,27,32,28,34,29,29,39,31,22,34,25,26,32,31,27,31,25,33,30,28,41,30,26,26,25,28,24,27,27,32,31,28,30,33,24,23,22,26,36,27,34,36,33,29,33,35,27,29,30,33,38,27,43,28,25,32,33,33,25,30,30,33,23,36,31,37,29,27,23,32,40,23,31,34,18,29,27,23,30,33,36,34,35,28,28,34,31,28,29,37,26,35,26,35,33,27,24,34,34,30,36,29,42,24,34,32,29,28,31,28,31,28,34,36,28,31,29,31,34,25,28,28,27,24,25,26,36,35,28,36,30,27,27,29,35,29,30,32,31,29,29,25,27,27,37,25,32,32,29,31,33,34,31,24,41,24,23,37,31,32,33,36,27,23,37,28,24,30,26,34,24,33,32,27,31,22,30,33,32,23,30,33,25,28,28,34,30,31,42,27,24,38,31,33,27,31,39,30,35,23,20,26,24,28,25,31,26,35,29,35,38,25,26,37,29,33,30,24,30,30,36,24,31,34,36,39,34,31,35,32,34,31,23,34,35,30,34,27,38,29,30,37,35,34,29,38,28,33,28,30,24,32,24,36,27,22,28,20,28,33,27,30,40,29,29,29,30,27,24,33,30,13,33,26,32,25,29,34,23,37,32,28,31,34,29,29,32,31,34,35,31,27,32,23,32,27,31,35,31,27,24,34,25,37,34,40,31,31,31,35,23,29,26,29,33,33,35,31,21,38,19,27,36,32,32,30,38,33,27,23,25,32,37,38,30,34,32,26,31,33,37,37,35,29,32,31,29,32,32,35,26,28,27,33,30,28,31,36,22,30,30,29,28,30,31,36,30,30,30,29,28,25,26,26,35,26,34,26,35,26,32,31,23,30,36,33,32,35,31,28,32,32,34,29,31,29,32,28,29,31,31,21,24,29,30,29,35,29,29,26,27,36,34,35,25,31,27,33,31,27,23,28,34,28,27,34,27,31,40,23,23,16,34,34,26,28,38,34,35,28,27,21,35,23,31,36,21,28,35,25,30,34,32,35,38,25,21,29,28,34,28,30,25,31,34,34,30,28,32,38,24,35,34,34,25,32,35,30,36,29,38,35,31,30,28,29,30,31,22,34,34,30,33,27,31,30,23,36,21,23,38,24,29,22,31,37,31,26,34,28,33,29,32,17,32,26,31,25,27,30,37,28,34,30,20,44,24,35,32,34,29,32,21,26,31,25,23,28,32,28,35,38,29,24,29,29,28,33,24,30,28,39,27,33,32,37,33,32,34,32,24,26,37,30,29,24,27,34,31,30,32,36,38,35,28,40,35,26,26,34,30,29,24,32,31,33,29,21,34,30,33,25,29,29,25,27,25,23,25,24,31,36,22,39,31,27,36,28,34,35,34,29,37,30,31,23,28,22,39,32,23,37,27,23,34,37,29,27,27,25,27,35,26,21,27,24,28,29,30,29,37,32,32,25,30,26,36,29,24,21,32,33,30,32,35,29,29,34,33,30,32,30,31,35,37,29,22,41,32,33,29,27,22,39,33,27,26,33,31,29,24,28,38,33,34,27,24,29,30,33,38,45,29,29,28,28,32,34,29,28,39,31,26,22,25,31,24,28,29,27,27,34,28,30,35,29,31,40,32,29,20,38,39,32,31,33,32,34,24,35,31,29,28,26,33,31,28,22,30,24,35,30,25,32,30,32,27,31,28,34,29,31,25,25,30,32,31,31,30,32,25,29,35,30,31,30,27,28,26,24,34,40,29,30,31,27,34,26,37,31,31,26,25,35,28,22,34,33,27,29,33,29,26,33,24,33,31,28,25,25,35,31,37,37,30,33,24,19,30,19,25,25,26,34,34,31,34,29,33,37,24,23,27,32,31,35,26,27,30,33,22,24,24,27,21,27,36,29,34,27,22,32,30,30,31,29,28,29,28,29,26,33,30,27,29,36,32,28,38,36,28,38,40,38,24,30,27,28,25,30,31,29,29,23,37,32,32,33,32,33,29,32,31,31,25,31,29,21,26,27,28,24,31,31,25,21,32,21,31,30,31,24,34
64,100,27,25,22,24,32,25,32,32,31,32,25,32,28,29,32,32,26,31,26,34,28,37,35,34,34,26,28,37,41,25,42,23,26,31,29,25,28,31,30,29,30,31,21,35,35,30,38,24,27,28,34,25,25,26,25,27,25,22,28,33,25,22,29,34,36,37,33,29,27,25,28,26,32,31,26,26,30,33,32,33,31,21,27,31,30,28,32,34,29,25,39,30,42,26,32,31,31,32,33,32,31,26,39,31,33,30,21,30,26,26,25,32,32,23,34,34,25,24,34,38,26,27,26,34,24,30,28,22,31,28,27,23,24,36,32,29,44,27,23,32,34,36,34,26,35,24,34,27,33,35,39,30,30,36,34,28,30,29,32,24,28,22,35,33,30,31,32,33,32,34,29,27,30,20,32,30,36,30,30,27,28,31,28,35,34,28,31,32,30,32,27,34,19,24,24,31,24,35,35,27,26,38,38,26,38,30,36,30,26,31,35,34,25,31,23,32,30,38,32,23,31,30,35,26,37,25,33,32,29,32,26,26,36,21,30,32,25,26,22,28,33,32,28,30,27,33,27,27,31,31,38,34,31,23,25,32,23,22,27,28,22,32,32,33,24,28,30,23,34,33,39,39,30,40,26,29,34,27,28,32,34,25,18,28,27,25,35,23,29,31,25,34,25,32,34,38,30,31,32,34,33,31,30,30,33,36,28,31,32,22,36,31,34,32,32,27,33,29,26,28,23,31,26,22,22,32,34,39,37,40,32,32,37,38,33,24,35,29,31,23,29,40,37,23,29,30,39,30,35,27,31,34,29,37,29,35,25,34,34,38,27,32,29,35,27,38,25,29,23,27,27,39,28,34,40,36,23,34,31,34,30,26,29,34,29,30,32,33,35,32,26,41,30,30,37,27,42,23,30,38,37,46,33,29,25,24,29,23,33,32,27,35,28,26,28,31,28,30,24,26,26,26,40,28,27,30,24,29,37,33,31,26,25,34,33,21,31,37,34,32,42,29,32,27,29,24,33,32,26,32,32,23,29,30,29,29,33,37,22,37,35,32,40,26,31,33,29,29,24,27,24,27,31,29,33,30,34,29,26,35,27,17,30,33,20,29,30,31,33,28,36,30,29,27,31,24,28,29,29,27,28,30,29,24,25,30,30,30,34,30,28,30,33,23,25,31,35,35,33,27,26,24,30,32,32,31,28,32,27,28,24,30,30,32,30,35,34,33,41,31,29,32,17,36,33,28,25,36,34,24,30,38,29,29,21,30,25,24,21,31,38,16,25,33,21,31,32,30,31,42,40,27,37,29,37,32,28,25,33,30,30,29,30,27,32,40,35,31,27,34,30,37,39,29,34,31,30,23,33,23,30,27,28,26,32,31,34,38,37,37,29,21,29,37,38,32,24,30,32,26,36,26,36,34,30,30,32,30,37,27,31,27,23,28,26,25,31,37,28,35,22,22,18,35,32,28,32,30,25,30,29,31,37,30,36,31,28,33,33,32,23,29,32,38,27,33,24,35,27,29,27,38,29,32,25,31,17,31,30,26,22,31,30,26,26,26,31,36,26,22,27,30,28,29,33,25,30,30,25,31,26,35,30,26,34,31,30,26,32,27,31,31,33,23,27,28,34,23,29,25,28,33,25,33,31,29,33,25,25,30,34,33,29,30,24,27,22,21,27,29,32,25,29,31,28,20,24,36,25,32,27,32,37,26,35,40,42,29,39,27,38,35,31,25,28,35,23,31,37,30,30,26,22,29,28,43,21,32,34,24,20,27,21,33,33,40,26,24,27,33,29,36,27,26,33,28,26,35,37,33,32,33,30,22,24,32,26,25,30,30,25,30,24,36,29,38,28,26,27,29,26,15,23,24,27,28,23,34,32,21,27,32,28,33,33,28,24,29,33,30,31,34,19,35,43,29,29,31,31,33,26,29,27,26,26,35,29,35,26,29,24,29,32,28,34,28,32,19,26,30,27,30,23,28,32,43,25,25,38,30,21,39,32,33,29,28,20,28,28,38,32,33,33,34,31,22,32,24,36,24,25,28,31,35,34,27,23,29,29,30,23,23,24,32,19,36,32,31,25,30,26,39,34,26,29,36,30,21,36,31,26,30,27,26,35,22,33,28,28,30,37,30,27,34,28,37,33,24,24,27,28,26,31,28,31,33,23,29,33,36,26,29,23,30,34,31,34,27,27,36,36,32,34,25,31,25,33,24,30,38,38,29,31,33,36,34,28,25,25,30,26,29,26,32,29,35,34,34,36,31
65,100,31,24,32,36,26,29,28,28,23,29,32,29,34,33,30,36,21,42,29,28,26,26,37,28,34,30,31,32,22,26,30,29,36,29,25,26,35,29,24,31,42,31,32,34,34,38,34,23,25,37,33,36,25,35,26,30,35,38,28,31,33,27,30,20,31,30,31,28,30,32,32,24,30,28,25,31,35,33,29,30,34,32,34,30,29,33,29,31,30,38,30,28,33,25,29,30,29,28,24,28,31,33,36,31,23,28,31,28,30,32,33,27,34,30,28,28,19,34,29,29,32,22,33,28,34,28,33,29,31,25,38,30,30,36,32,26,31,27,27,33,27,29,21,22,32,26,24,31,30,29,27,29,27,33,31,25,27,29,28,25,31,35,28,25,27,23,34,29,36,33,28,35,30,31,28,29,27,29,22,29,33,26,27,35,29,30,24,33,25,28,28,17,32,31,30,26,34,29,26,34,29,35,31,31,32,27,34,25,31,26,30,32,25,29,41,35,34,36,31,28,31,32,30,30,26,31,30,31,18,31,30,21,37,22,22,29,30,26,32,36,25,35,31,26,32,26,29,27,29,34,31,29,35,32,24,21,32,22,32,24,31,33,26,37,28,28,22,28,32,26,29,30,26,31,30,24,28,30,29,36,30,33,33,29,23,35,34,32,24,35,31,29,27,37,27,29,31,34,28,35,24,29,32,26,33,25,31,19,31,27,32,29,30,26,30,31,20,31,25,32,30,26,30,24,31,23,25,34,26,31,22,32,31,25,33,30,33,33,31,28,37,26,27,30,27,30,37,35,29,29,22,28,33,31,23,32,25,30,30,28,37,33,31,28,27,19,33,30,27,28,23,30,20,35,30,27,28,29,28,41,40,28,27,23,36,30,40,28,38,27,25,24,22,39,32,30,34,33,35,40,29,40,27,33,27,28,32,29,34,27,25,32,31,26,31,29,28,32,28,24,27,25,37,24,25,32,36,34,28,30,37,36,30,38,33,28,25,30,29,23,39,26,27,38,37,36,31,30,29,31,30,24,31,36,31,31,25,31,33,30,32,33,24,35,32,26,31,26,26,35,30,35,30,32,27,30,31,30,30,34,30,28,34,30,29,22,26,30,31,26,26,31,30,27,28,26,31,33,31,22,33,35,31,29,31,26,30,23,32,28,30,40,24,41,39,27,29,32,34,33,33,30,31,28,22,28,33,32,36,24,34,30,35,33,33,32,39,18,30,26,32,30,31,28,28,29,30,29,33,31,39,26,30,32,29,36,34,32,28,31,41,31,31,37,36,34,37,29,28,32,36,34,34,35,30,29,35,27,31,31,22,32,29,35,29,24,28,32,21,32,30,32,32,27,25,30,21,30,36,26,25,20,30,30,28,31,26,30,31,33,33,34,33,20,26,24,38,35,27,28,27,23,33,30,29,23,20,26,30,33,29,30,20,30,23,34,21,37,36,28,24,30,33,21,25,32,27,34,25,30,28,28,27,26,28,29,29,25,32,24,27,26,33,28,27,33,25,43,29,26,31,23,34,33,33,27,22,36,29,25,36,30,30,39,20,32,25,23,29,29,22,34,26,32,29,29,29,24,27,28,34,24,25,26,27,26,35,32,30,34,32,23,29,37,34,37,26,28,29,35,28,31,35,30,32,33,27,25,32,25,26,27,37,38,31,21,35,30,24,36,33,27,37,28,32,37,21,30,39,25,32,33,34,30,34,21,27,32,35,38,30,24,31,35,25,26,27,32,31,38,32,28,26,23,28,30,33,32,28,34,29,31,23,33,30,17,34,27,33,30,35,35,33,25,26,25,31,24,28,29,25,28,32,26,25,33,33,32,34,30,28,30,25,23,36,30,33,29,29,39,23,30,29,33,33,26,35,31,23,32,34,27,29,31,38,26,30,27,33,32,32,29,28,33,26,24,27,34,34,28,26,26,26,33,20,28,34,24,31,19,35,24,28,30,32,35,30,29,39,35,26,36,31,25,29,24,36,26,26,30,28,29,29,28,33,25,34,31,26,25,33,30,22,27,29,35,22,37,35,33,28,35,31,32,33,27,34,27,29,30,35,32,34,28,25,32,26,27,26,34,32,27,36,34,28,24,35,35,32,25,35,23,31,29,23,30,25,30,28,29,19,29,26,30,31,29,39,34,25,28,26,24,30,28,30,27,34,30,33,35,29,26,32,33,31,30,38,32,21,20,25,28,26,23,37,22,27,27,26,28,33,34,32,33,30,30,28,29,34,27,23,33,25,23,22,31,26,27,35,39
66,100,29,31,33,31,34,34,26,28,31,34,24,31,35,29,29,35,26,29,27,26,33,34,23,30,27,30,29,26,29,31,29,26,20,25,29,34,39,31,29,36,32,33,35,40,29,20,30,25,32,25,25,25,37,31,33,32,30,27,29,29,35,31,21,32,27,34,32,32,34,29,30,31,25,28,27,30,31,31,31,27,40,29,27,25,36,29,31,30,26,27,33,35,33,33,27,23,28,29,34,24,30,30,33,36,25,30,27,35,27,29,35,40,40,35,28,38,26,26,26,23,34,28,27,41,37,33,28,31,39,28,27,28,36,30,28,31,29,28,24,35,34,32,27,32,19,32,29,28,33,34,31,32,33,34,37,28,41,19,31,26,32,28,29,27,31,23,36,27,32,28,34,41,26,31,44,24,29,37,34,29,26,25,27,30,32,31,30,32,25,24,34,29,29,26,28,40,34,31,29,33,29,24,27,31,29,30,29,33,33,21,38,30,20,30,29,34,33,30,25,36,35,37,35,34,25,30,28,29,30,36,23,31,27,32,30,29,24,22,27,25,31,32,35,23,34,34,34,30,31,27,31,34,37,32,42,27,31,30,35,29,32,31,34,26,28,24,27,32,36,23,31,32,33,30,29,37,33,30,27,29,30,32,32,32,37,30,32,38,28,33,38,35,29,31,29,29,30,32,30,34,33,28,28,20,30,35,27,39,32,33,31,26,24,37,26,35,32,31,23,27,31,31,33,26,32,25,25,30,28,29,26,25,23,30,34,38,33,30,28,23,25,29,26,30,31,34,31,37,32,32,22,27,28,30,35,31,40,27,29,36,35,29,28,35,28,33,31,31,32,29,24,34,26,30,21,32,28,34,24,28,31,24,28,27,35,34,34,26,28,32,24,25,33,30,32,34,31,35,33,31,31,30,27,32,32,37,24,30,35,44,32,24,30,36,31,36,33,27,36,40,32,31,28,33,28,29,30,32,34,26,37,35,28,30,22,38,28,33,31,31,27,30,23,32,26,39,25,22,36,29,33,30,33,34,26,24,33,29,29,33,29,32,28,25,32,29,25,30,30,30,34,38,30,30,22,35,34,34,32,35,34,24,22,27,30,28,33,34,26,33,26,29,24,39,33,30,34,30,32,27,39,28,30,37,28,29,36,31,29,22,19,31,26,33,33,34,19,31,28,27,35,36,31,35,25,41,27,39,25,28,28,34,27,41,32,36,31,28,29,30,34,31,28,36,35,23,34,34,25,23,19,27,30,28,30,26,30,30,24,29,31,26,24,30,36,39,25,36,39,26,35,32,38,29,26,32,30,31,33,35,25,26,31,31,26,35,38,37,36,32,22,30,30,22,27,27,36,32,37,32,29,35,28,31,32,28,29,32,27,27,32,23,30,31,30,35,29,30,30,29,27,33,40,20,29,40,25,30,29,25,28,30,27,28,37,28,35,33,36,30,32,29,25,29,28,32,26,34,42,30,33,29,29,29,27,30,31,27,33,37,35,31,35,22,28,25,39,30,23,36,30,36,27,32,31,33,26,35,30,29,32,29,35,31,39,25,30,31,38,24,31,27,22,24,32,31,36,23,25,35,35,29,35,25,26,25,35,32,32,34,32,30,40,36,32,29,29,35,35,36,33,32,31,23,28,28,33,29,30,28,27,23,34,29,23,34,31,31,33,36,22,31,29,26,24,34,25,29,25,25,35,32,44,38,30,28,34,28,29,22,33,34,26,30,29,35,27,31,29,30,32,26,32,34,31,34,27,26,29,39,26,28,37,35,31,22,39,37,33,30,26,30,33,36,22,30,22,26,30,22,34,33,36,29,42,33,38,30,31,31,27,35,40,26,31,27,33,30,27,32,27,24,29,33,28,32,32,27,35,30,27,32,29,31,29,31,30,33,30,35,29,29,33,29,28,36,27,28,31,25,41,22,34,23,25,38,33,22,30,23,31,32,31,35,28,33,31,32,33,31,37,30,24,25,26,33,30,31,23,30,29,27,34,24,30,25,29,22,28,32,40,27,29,33,26,23,30,26,28,34,33,26,36,22,34,29,36,31,38,25,32,31,38,33,34,27,37,35,27,36,33,29,31,32,30,37,26,24,25,33,31,31,36,27,30,29,30,31,27,32,28,24,27,30,33,35,22,29,35,29,29,35,35,29,30,27,27,23,28,25,32,35,27,31,31,29,26,26,34,25,31,30,26,31,25,32,28,25,35,32,30,33,33,22,32,29,35,28,34,28,33,27,32,37,25,33,24,28,35,32
67,100,29,24,28,34,32,29,29,23,27,25,27,28,21,35,25,26,32,39,33,32,29,36,29,36,23,33,35,26,31,34,32,24,32,31,35,27,29,32,34,33,32,32,29,28,31,31,30,20,26,31,27,33,29,31,31,35,24,30,27,24,27,29,28,30,32,26,30,33,33,37,32,29,36,26,26,31,20,29,29,29,28,30,30,39,29,24,33,31,36,27,33,34,35,39,34,25,31,30,28,34,32,29,25,20,27,27,33,25,31,28,30,33,28,33,28,33,33,23,29,25,32,34,30,37,28,37,33,38,33,32,29,30,38,35,28,30,32,28,27,34,28,24,30,26,29,31,34,17,24,38,32,40,30,34,28,36,36,23,26,36,27,24,26,28,31,26,28,28,35,20,31,21,25,28,26,26,36,29,35,35,36,26,29,30,28,30,27,30,39,24,36,26,25,26,37,35,32,27,29,27,29,35,35,31,35,28,33,29,23,27,34,30,25,30,27,44,34,34,25,30,34,27,36,30,25,32,23,27,40,26,28,34,37,28,34,38,34,31,29,34,30,35,29,29,29,34,30,29,29,21,25,36,34,28,27,29,37,25,35,40,26,28,35,21,36,32,24,22,42,22,32,36,26,30,22,32,27,24,45,28,38,19,27,25,20,33,30,29,28,30,42,31,30,28,34,25,31,37,33,28,36,32,34,28,33,34,28,32,28,30,26,24,31,34,35,22,26,28,32,30,33,27,28,41,35,27,30,26,23,24,29,24,30,33,33,33,37,22,27,31,34,36,28,33,25,28,38,34,31,29,29,26,40,34,29,30,26,23,34,19,28,32,36,22,38,30,26,40,27,22,31,28,33,22,37,24,23,28,33,29,29,26,28,24,29,25,27,31,31,33,29,30,39,30,28,34,28,32,24,32,26,28,30,31,31,32,27,31,32,36,28,26,32,29,28,26,29,25,29,35,31,27,31,23,33,35,26,31,32,30,29,35,32,31,34,34,32,25,29,31,27,34,33,33,32,31,31,31,31,27,30,28,28,24,28,25,36,26,29,25,27,26,33,28,26,35,24,28,32,23,43,30,37,28,37,33,30,34,35,28,30,18,28,40,26,27,24,42,30,29,35,31,33,26,28,35,26,37,38,21,26,31,29,36,23,29,26,26,15,25,26,23,30,33,24,36,24,27,29,30,26,30,34,35,32,27,30,32,28,33,36,27,26,14,26,33,28,25,37,25,32,35,24,31,33,36,40,31,26,25,32,30,23,27,34,30,32,33,39,36,39,33,31,31,32,27,29,40,29,30,28,21,38,33,33,30,34,24,34,25,36,33,35,27,24,29,38,21,37,39,34,27,23,30,35,26,23,32,28,38,33,30,34,29,34,25,34,36,33,29,26,25,32,30,26,37,31,29,31,26,25,25,21,34,30,32,23,29,39,30,29,30,26,22,27,30,29,27,28,38,35,30,33,34,22,22,29,23,29,25,34,26,33,38,38,28,28,30,32,24,24,32,32,28,28,31,29,28,30,32,32,25,36,21,26,31,29,23,32,26,34,36,35,38,29,32,29,22,28,24,34,37,27,38,28,29,29,29,29,26,22,29,32,26,26,22,29,25,28,29,37,30,32,26,24,28,35,36,31,33,36,24,34,32,25,28,31,27,34,30,22,27,31,27,26,23,31,29,26,32,40,39,32,34,28,31,28,25,22,29,27,35,30,36,40,25,28,33,37,30,36,25,32,28,30,23,22,27,35,28,34,25,33,36,33,26,31,27,32,32,28,34,28,38,32,31,37,27,32,33,31,27,27,31,25,31,27,32,27,28,35,31,27,31,33,25,21,36,37,29,28,24,28,29,24,32,31,34,29,34,37,29,28,28,20,27,36,34,28,29,26,31,30,24,30,34,24,31,32,30,22,30,37,29,28,34,30,38,25,27,23,35,25,25,25,33,30,26,30,30,31,22,36,26,35,33,28,28,31,25,22,28,31,31,31,25,25,32,35,35,29,22,28,30,29,30,33,36,27,38,26,34,34,32,31,36,33,32,40,32,30,20,32,35,33,33,32,27,28,33,31,33,32,24,30,33,29,33,41,36,29,31,30,25,24,34,27,26,33,26,31,30,23,25,33,34,32,27,32,29,26,28,30,36,28,31,34,28,35,29,24,26,35,28,31,28,31,34,31,32,30,37,28,27,37,35,31,29,35,26,27,35,26,25,26,38,30,36,31,29,32,32,33,31,30,33,23,35,34,22,24,29,32,28,33,45,28,28,33,27
68,100,26,24,35,29,29,39,32,23,23,24,33,30,25,29,35,26,29,30,27,31,34,25,30,29,27,29,24,18,29,29,28,35,39,27,37,34,22,31,30,26,33,30,31,32,26,28,25,21,28,22,35,24,28,37,24,29,30,21,38,33,30,28,29,30,23,28,40,36,31,36,29,31,24,27,29,31,33,27,30,23,32,26,33,30,30,31,20,28,28,27,32,35,34,40,22,30,26,32,30,24,37,26,37,30,22,29,28,29,21,31,33,19,38,29,31,31,23,26,22,34,28,28,23,25,26,32,20,23,30,26,34,37,32,26,29,22,40,32,32,25,32,35,34,27,30,33,34,25,33,31,32,33,25,35,24,27,28,30,24,34,24,33,28,27,33,25,26,31,35,36,39,33,23,33,34,29,31,26,27,34,26,38,32,36,29,35,28,27,36,33,20,29,31,29,29,33,32,36,39,26,30,25,24,26,27,31,23,28,37,18,26,31,33,29,33,36,29,35,28,30,31,30,36,38,26,29,24,27,24,29,28,23,32,30,31,29,34,28,35,30,31,36,32,33,30,21,28,28,38,36,28,33,29,41,26,34,30,26,28,33,25,26,34,26,21,23,35,31,36,27,35,28,32,37,27,33,32,35,34,33,34,23,35,24,32,21,42,28,34,39,29,40,30,26,37,25,26,33,34,34,21,28,39,33,34,29,29,35,33,34,30,27,30,35,34,31,27,28,32,25,26,28,31,31,33,25,24,31,29,33,33,30,20,25,32,27,32,31,35,34,28,30,31,30,25,28,32,30,29,30,27,32,32,27,25,31,34,31,31,28,38,35,23,35,26,27,21,25,33,25,31,24,25,26,30,30,28,29,28,29,27,32,40,30,39,28,30,25,37,29,36,33,29,30,21,37,30,34,26,24,27,34,26,32,30,32,37,30,29,20,29,34,35,23,28,31,30,36,30,26,32,30,22,31,28,27,22,30,22,39,39,30,28,40,32,31,32,36,37,25,36,34,32,31,38,17,32,25,35,30,33,30,33,21,33,32,42,29,39,33,27,36,21,33,32,23,28,37,39,31,30,29,40,31,31,36,30,39,28,27,26,32,35,27,27,34,39,31,21,35,28,43,30,38,37,34,32,35,33,33,21,34,27,35,36,29,27,24,28,26,30,36,35,27,34,23,37,33,21,27,30,33,33,28,25,28,30,36,31,26,25,33,37,30,26,31,29,28,28,24,35,34,31,36,33,29,25,29,31,30,29,31,32,31,32,26,37,28,29,31,29,28,34,31,29,29,32,32,37,34,32,37,30,35,38,31,32,36,25,27,31,31,27,37,33,22,34,31,26,35,29,29,35,28,28,33,26,22,33,34,29,28,28,28,26,28,23,29,34,24,34,33,30,27,30,27,32,35,32,29,34,23,32,21,26,34,27,25,27,35,26,25,22,30,39,34,27,37,31,32,31,27,29,35,37,35,29,26,31,30,23,28,38,32,26,34,35,31,30,30,30,30,26,29,30,37,25,32,35,31,36,33,27,30,37,22,30,27,34,27,34,25,35,26,31,29,30,29,33,25,27,31,31,31,27,33,27,30,32,41,29,23,30,28,29,31,31,33,27,29,33,27,31,32,25,21,25,35,32,28,25,33,29,41,33,32,27,33,29,26,25,33,30,29,27,29,31,30,30,26,32,34,34,31,32,32,37,33,27,38,28,30,26,33,30,29,26,41,28,32,27,37,29,37,29,35,33,29,27,31,27,32,26,38,33,23,24,25,31,29,40,30,33,39,31,36,28,29,31,31,34,27,30,29,36,26,36,25,26,43,26,30,19,35,29,30,29,34,27,29,28,40,36,28,30,21,26,34,31,31,32,31,34,22,34,37,29,32,26,26,30,28,26,27,35,25,27,36,30,30,29,30,25,30,26,25,23,31,27,27,27,31,36,34,33,37,35,23,37,33,28,26,36,29,26,36,27,23,37,36,32,27,29,31,29,30,35,32,35,36,28,23,37,42,27,29,22,34,23,29,28,25,21,34,30,29,27,28,31,34,23,26,21,32,31,22,23,35,33,25,29,30,27,32,34,29,33,39,35,35,32,35,35,19,28,28,28,17,31,29,35,31,29,26,27,28,30,34,30,32,34,32,31,33,33,32,22,28,26,29,30,31,29,29,34,27,24,26,30,34,28,34,24,32,27,38,31,36,25,24,29,36,23,31,23,26,28,35,27,27,34,28,29,27,23,25,27,33,35,28,34,35,37,25,28,25,26,30,28,29
69,100,31,28,32,35,25,26,35,28,33,26,22,33,33,26,32,30,36,28,36,22,28,29,30,33,32,39,34,31,32,36,26,27,25,22,27,30,29,34,34,27,30,28,33,31,31,25,23,28,29,37,28,24,32,30,30,35,27,30,30,23,25,24,29,28,37,24,26,20,29,37,30,31,27,34,36,26,30,31,27,25,24,33,39,36,29,30,39,29,27,22,26,21,26,28,41,34,30,39,29,31,38,27,29,26,24,27,34,38,30,22,30,29,20,31,30,38,26,24,23,24,42,27,27,21,27,30,26,29,35,30,29,28,36,24,36,29,31,25,28,29,24,22,26,32,23,33,33,22,37,27,33,27,33,38,38,31,27,26,26,25,29,29,30,26,34,35,34,30,34,27,26,28,31,31,38,27,29,36,43,32,38,37,39,34,23,31,33,23,26,30,25,25,31,26,22,27,26,30,31,29,34,30,26,28,32,30,32,32,26,32,24,33,35,28,33,20,34,27,26,29,22,30,33,20,33,38,22,39,25,23,29,23,27,28,28,28,26,28,34,29,33,37,39,34,32,29,33,29,30,30,30,33,25,23,25,22,26,32,30,23,32,25,29,33,30,29,25,23,34,38,19,34,28,35,30,35,40,30,30,28,23,27,29,28,27,29,27,31,29,37,27,41,28,38,26,26,24,38,28,36,32,39,29,23,27,30,25,34,30,28,20,29,29,25,29,32,31,30,38,30,23,32,28,27,34,31,25,31,33,34,28,25,34,32,26,28,39,27,24,25,31,23,23,36,31,26,29,37,27,33,27,24,33,37,36,24,24,37,30,18,26,31,28,33,25,32,32,34,24,35,29,25,37,23,27,34,26,22,27,31,32,33,29,35,28,31,24,38,32,27,37,32,33,30,32,31,29,36,32,25,32,30,32,40,32,26,32,36,35,37,33,31,36,30,25,31,28,29,24,31,29,36,28,31,32,37,34,25,29,29,28,26,34,27,32,30,30,31,30,29,28,31,33,32,24,29,25,33,28,31,33,33,31,25,38,31,29,24,24,31,32,32,32,37,22,29,34,30,30,27,38,25,30,24,25,24,34,27,26,40,35,29,30,17,28,39,29,28,31,29,39,28,31,27,34,33,26,27,28,32,34,27,29,36,33,30,33,28,26,32,30,28,36,26,34,33,38,14,26,31,36,26,28,33,29,25,28,29,29,30,31,31,34,27,35,37,32,34,39,21,25,37,28,29,22,35,32,37,25,32,31,34,38,29,28,32,32,24,26,36,29,33,31,42,32,31,31,30,30,32,25,32,29,34,34,32,30,34,31,31,27,33,30,25,28,31,29,27,35,26,31,33,30,28,32,28,28,32,22,26,29,23,36,34,33,22,21,34,25,31,25,26,22,25,34,27,36,29,27,22,38,26,33,36,34,26,27,38,22,23,35,21,26,29,30,29,34,22,45,26,31,20,36,29,35,29,41,33,26,24,15,29,26,28,31,27,36,36,26,25,26,31,37,27,27,30,23,26,36,24,29,23,32,22,31,34,28,27,35,35,29,34,23,28,31,27,26,30,28,30,36,34,32,31,21,30,29,25,28,31,31,30,21,32,28,25,22,42,33,36,24,31,29,29,29,32,32,34,29,30,21,35,24,35,34,29,32,37,35,32,30,30,30,28,28,28,27,27,27,28,34,24,25,34,27,42,23,24,28,26,27,33,23,31,33,23,32,32,43,26,26,30,30,33,41,37,24,29,22,27,32,28,35,25,31,39,31,33,32,33,26,30,31,32,31,30,28,32,28,37,26,31,26,28,32,30,29,32,27,34,29,26,34,36,23,39,26,30,28,31,37,33,32,35,24,29,24,24,31,30,38,37,27,34,21,25,28,29,31,27,33,24,30,30,28,27,26,40,26,26,27,31,26,31,28,32,26,30,37,34,36,27,33,26,25,36,24,29,37,25,32,28,27,33,26,35,32,25,27,26,30,30,43,30,35,38,34,34,34,32,33,32,32,38,33,32,22,33,30,27,31,38,36,31,30,24,32,28,28,31,23,34,32,25,30,32,37,32,36,29,30,31,33,30,27,35,26,33,22,33,35,20,24,29,35,28,35,39,25,33,30,31,30,30,32,26,26,31,34,32,31,28,23,30,28,32,30,27,22,29,35,25,27,33,29,23,28,20,31,36,24,35,30,34,32,33,33,24,32,35,31,34,41,32,30,31,28,36,34,27,23,28,39,33,28,28,32,28,31,25,34,28,25,32,28,29,33,20,34,29
70,100,23,23,33,28,34,29,26,24,37,34,25,30,30,28,31,27,26,33,37,29,27,35,25,35,26,33,30,27,20,27,28,26,34,28,22,24,23,28,35,27,30,28,31,34,34,30,31,41,26,36,28,24,31,20,32,28,27,34,21,31,30,30,37,32,38,33,23,29,29,28,34,31,29,28,31,24,31,32,34,31,24,25,26,25,24,27,40,30,31,36,21,26,26,34,31,25,29,29,34,23,30,34,25,23,32,27,22,29,30,32,27,34,28,31,29,35,33,35,39,34,25,25,25,23,33,34,41,25,38,33,32,26,40,25,33,28,29,28,27,28,37,39,34,25,24,36,25,30,33,31,22,30,28,31,40,29,36,34,36,31,31,26,27,41,38,27,24,34,27,28,27,23,38,30,33,38,31,27,33,27,25,29,34,25,23,26,29,34,39,31,26,28,22,22,29,36,26,31,31,34,22,35,28,30,27,36,33,25,25,33,30,31,28,29,28,28,33,35,28,21,36,24,27,32,27,30,25,25,27,34,27,34,27,22,25,26,27,33,25,27,32,33,28,33,23,26,29,29,35,24,30,33,30,37,29,38,23,29,26,35,32,30,38,36,27,30,28,22,29,26,27,25,24,24,24,29,34,38,25,35,33,32,30,26,34,26,28,29,22,37,31,31,30,30,41,36,29,41,36,36,35,27,26,33,23,32,26,32,30,21,33,34,26,23,36,32,27,30,31,21,34,19,28,29,25,26,30,28,27,33,29,33,28,27,20,37,29,34,26,30,30,35,31,37,28,27,19,30,25,35,26,28,33,38,31,29,34,35,32,25,33,30,37,31,27,33,29,29,28,33,29,33,26,33,31,30,28,25,42,30,26,30,32,31,28,24,31,29,27,26,24,30,36,32,31,34,24,33,30,22,28,39,26,31,25,30,27,27,26,36,36,30,29,29,30,34,23,27,28,33,33,21,30,38,28,33,33,26,29,28,25,36,26,26,30,30,39,28,23,26,29,35,33,41,35,36,25,36,26,34,37,31,24,26,27,26,32,34,34,31,27,24,29,38,36,26,24,35,30,29,34,31,47,20,26,35,31,27,28,31,34,29,33,32,24,30,28,35,32,28,26,29,31,35,37,37,33,34,37,29,36,30,34,33,30,25,25,25,40,36,32,30,29,25,32,30,22,29,29,25,21,25,27,32,30,22,21,33,39,26,30,31,32,33,29,24,33,29,26,35,25,27,23,30,22,29,28,31,27,31,28,30,26,33,36,39,22,28,23,25,31,26,30,28,26,34,34,27,33,30,33,25,22,25,32,23,31,29,30,29,30,17,27,25,30,31,26,28,26,31,28,33,33,30,27,32,36,25,30,41,35,33,29,26,36,33,32,33,30,27,28,27,30,34,31,24,31,26,35,25,25,25,22,30,28,33,19,47,28,29,27,36,33,33,27,31,43,34,22,31,33,32,25,25,34,32,30,36,28,28,38,29,27,37,29,25,40,26,33,32,29,24,32,32,30,37,27,26,28,22,27,33,32,30,28,29,30,33,28,28,37,31,27,27,24,33,27,32,30,37,35,19,33,27,29,32,32,31,27,31,38,26,27,16,31,28,30,35,27,31,29,29,26,33,27,27,34,30,31,37,30,26,27,32,30,26,30,29,23,37,32,29,29,32,32,29,28,32,35,27,35,33,20,31,35,28,24,32,28,33,28,28,25,22,33,35,23,29,34,26,35,24,26,33,30,35,29,27,32,30,28,27,26,31,31,35,34,27,28,30,35,32,23,28,32,25,30,32,33,35,33,30,35,30,36,38,29,31,30,29,28,24,28,27,31,39,33,25,25,24,30,32,34,32,25,34,31,35,23,27,28,28,28,23,22,28,27,25,37,29,37,28,31,34,39,28,31,23,29,25,31,31,35,30,32,30,41,30,32,27,29,30,33,32,27,29,23,26,39,27,35,32,22,29,30,26,32,29,30,27,27,32,36,25,26,25,27,35,23,34,25,24,22,31,24,35,29,27,26,39,32,35,24,33,29,33,39,36,28,32,26,31,37,28,30,34,34,28,30,31,23,25,33,26,29,29,33,32,25,33,27,31,28,35,31,19,29,28,28,26,25,36,31,29,27,30,28,24,28,40,34,28,37,24,29,21,35,34,29,33,24,31,29,31,27,30,29,32,29,37,32,35,24,39,25,29,41,25,30,27,26,27,26,22,31,33,32,34,27,30,33,31,26,21,27,37,35,24,26,30,33,29,25,27,29,25,33,33,26,25
71,100,30,26,29,30,35,31,32,31,30,24,26,24,34,32,25,28,32,25,26,34,36,28,35,28,33,28,26,39,28,34,25,26,29,31,37,34,24,20,33,39,30,30,36,28,32,27,33,34,39,31,32,32,35,32,22,33,28,38,34,31,29,24,32,25,32,35,40,26,31,29,34,36,29,31,31,31,29,39,26,21,32,21,30,24,40,29,27,34,33,37,31,26,29,25,22,30,38,35,30,30,37,25,42,28,31,25,30,25,39,30,31,31,25,25,40,33,28,31,33,24,30,34,20,32,35,34,30,36,34,40,35,21,28,31,27,28,28,28,31,30,26,32,30,33,34,35,29,35,33,22,30,25,30,25,23,24,33,31,34,27,24,31,19,35,23,31,32,26,35,33,38,32,35,26,26,35,22,30,25,47,38,26,32,30,36,35,35,20,34,40,35,41,27,21,24,31,27,26,28,32,36,32,29,32,31,29,30,27,23,29,30,30,28,26,21,33,29,21,27,31,33,29,28,31,32,30,32,27,26,31,26,32,36,29,29,35,30,29,36,31,36,28,37,29,27,34,24,39,29,22,35,33,26,31,28,29,28,38,26,28,29,29,33,29,36,32,31,34,32,38,24,29,24,30,28,28,28,32,31,29,27,21,31,34,31,39,21,29,34,23,25,24,40,29,29,34,24,25,31,33,31,36,32,27,36,29,26,30,30,36,31,32,32,29,31,35,30,38,28,28,29,39,36,31,20,25,27,24,27,35,33,34,31,34,32,26,31,25,32,40,31,28,29,29,32,30,27,27,34,37,29,28,29,26,32,29,31,43,26,31,29,34,27,27,29,40,28,30,28,35,26,33,33,33,19,26,18,31,34,30,29,32,28,33,29,25,30,31,29,31,35,31,33,29,30,32,19,25,34,34,29,26,24,28,37,36,22,32,34,30,27,34,23,25,27,26,32,22,30,22,33,34,32,32,29,25,23,27,32,30,27,40,20,38,30,33,26,27,31,28,23,30,31,27,29,29,31,35,34,29,25,31,44,27,26,29,35,29,27,27,29,33,23,35,39,24,34,32,32,36,25,31,31,29,36,25,34,19,30,31,30,32,27,24,23,25,31,38,33,23,26,28,32,27,32,37,31,35,30,33,31,34,25,24,30,28,38,30,28,23,24,30,34,32,33,28,23,31,29,40,28,39,24,32,25,28,35,35,35,30,35,27,35,32,21,28,33,32,27,32,43,31,40,36,32,22,27,33,34,29,29,32,25,29,23,27,32,19,23,33,33,28,30,44,29,27,34,26,33,23,31,34,25,33,32,26,23,27,36,35,29,30,30,31,24,29,31,33,34,28,32,34,34,34,25,27,33,33,31,33,35,30,27,27,34,34,28,25,29,35,28,37,40,29,28,33,35,28,20,23,30,27,28,27,29,28,31,27,29,31,24,26,22,29,32,31,27,33,36,34,18,29,29,38,22,34,27,32,33,31,25,36,28,28,34,33,27,41,27,30,34,32,31,31,39,22,30,32,23,26,33,39,22,33,26,26,33,36,26,34,27,33,37,39,34,29,35,31,31,34,39,26,34,33,34,32,23,28,27,30,32,31,35,29,30,29,37,30,17,33,28,25,23,34,30,29,38,28,25,29,26,45,25,34,26,29,33,27,30,26,40,25,32,28,29,32,30,24,36,39,30,28,22,32,41,24,30,30,30,32,26,33,37,26,34,31,30,26,29,31,28,30,25,31,28,28,33,34,30,33,25,34,35,23,39,27,40,29,31,34,32,36,21,30,26,25,32,27,37,32,33,29,30,29,34,32,27,30,33,30,36,39,28,31,33,29,29,35,27,26,21,27,37,31,32,34,37,32,31,29,34,37,35,34,27,31,29,33,38,37,25,28,27,29,31,30,27,25,36,32,28,30,36,32,33,30,32,34,33,27,29,27,36,31,34,29,22,31,28,35,32,28,24,20,33,28,31,33,34,23,29,27,23,35,27,28,30,32,28,36,32,27,46,34,32,37,25,33,31,28,35,31,34,34,28,30,28,23,27,34,35,20,26,33,34,32,22,23,30,39,34,35,27,29,27,38,34,33,31,26,25,31,25,32,29,31,24,23,29,24,27,30,27,38,29,32,35,34,28,36,27,31,28,35,41,25,31,34,22,30,42,29,33,30,27,26,34,31,28,31,21,28,33,30,25,28,24,31,35,30,37,26,27,32,35,28,29,22,27,31,29,32,26,33,33,31,28,33,36,22,33,30,35,35,29,22,30,27,33,28
72,100,22,34,29,37,26,30,23,25,29,28,17,31,29,30,29,31,33,28,28,36,33,35,28,26,27,28,35,39,35,38,38,33,34,30,30,36,29,28,33,30,31,29,25,35,28,23,32,42,35,39,27,34,34,22,29,25,24,34,30,23,29,36,33,38,26,34,42,26,36,33,30,43,28,28,28,37,31,34,27,18,31,33,33,29,28,31,34,30,28,26,36,32,25,36,27,33,31,32,26,36,28,26,25,27,27,36,37,29,33,25,30,29,29,32,18,31,30,30,40,24,30,32,29,32,28,30,24,32,22,35,21,34,28,32,26,29,31,34,28,30,26,33,32,29,33,29,25,42,30,25,26,28,35,26,34,28,34,32,27,43,31,36,32,27,36,32,25,27,19,24,25,28,34,32,25,30,28,29,45,29,29,28,28,26,27,30,27,32,29,29,39,26,29,29,28,28,30,36,34,29,30,29,27,34,38,32,29,24,27,27,27,36,24,29,23,27,26,37,32,30,30,31,26,33,35,23,31,34,27,25,25,30,27,34,32,29,33,23,32,20,34,29,26,27,29,26,27,41,37,21,32,29,34,19,26,30,28,23,33,30,26,38,31,38,28,38,33,29,35,29,26,25,37,28,34,34,27,23,26,35,29,23,30,27,33,23,32,38,27,33,30,32,29,29,45,33,27,28,34,28,23,37,29,31,27,30,27,33,33,30,26,33,31,29,27,36,25,34,27,32,32,30,25,29,36,29,33,26,31,29,35,29,31,33,31,37,33,19,34,33,28,33,36,34,30,31,28,24,33,43,22,26,29,30,31,37,25,30,33,32,28,30,35,27,20,31,28,23,30,29,33,32,28,32,29,29,30,25,35,36,32,24,27,18,29,33,37,30,31,33,35,33,35,25,26,29,30,23,30,30,27,39,28,35,28,23,38,31,29,36,40,35,37,34,31,30,32,33,32,29,22,29,27,26,35,35,27,31,19,25,31,26,23,31,31,32,32,21,24,38,20,31,24,29,35,32,23,23,30,26,27,40,30,25,29,37,30,33,31,29,30,28,29,22,28,30,29,28,21,40,34,34,27,25,34,36,28,26,28,42,39,28,26,35,28,30,25,31,28,25,30,34,27,24,26,28,30,33,28,36,24,24,30,35,27,25,26,31,36,32,30,33,28,36,29,24,23,31,31,31,26,29,28,27,31,25,36,25,38,28,32,35,31,39,34,29,20,26,33,20,30,25,31,36,23,26,33,26,23,42,26,32,18,27,40,22,34,28,34,28,33,27,31,36,34,32,35,31,29,32,33,30,28,27,24,28,30,34,28,28,34,28,31,27,25,30,33,32,37,23,32,29,24,28,38,30,33,36,33,25,32,30,39,28,27,26,31,33,25,31,31,26,22,31,31,36,27,39,27,33,35,36,31,36,22,28,24,26,22,34,19,26,33,25,32,28,35,23,37,28,32,37,39,29,37,32,24,29,26,33,33,35,24,36,28,35,25,41,29,27,29,31,27,26,28,31,33,27,24,26,34,28,33,33,26,40,29,30,37,28,26,29,34,19,30,37,26,27,27,38,30,31,27,35,28,33,28,32,27,30,30,35,33,26,21,34,31,25,28,30,27,26,23,36,26,33,27,32,25,38,24,30,26,33,24,29,23,25,24,33,33,28,39,35,32,26,34,28,28,26,26,29,31,21,38,25,30,27,23,23,28,36,25,32,28,24,29,30,24,38,26,32,25,29,31,33,31,27,30,32,33,28,28,35,29,27,36,30,29,31,28,23,24,26,31,23,32,39,33,30,33,25,34,26,34,37,31,27,27,24,32,29,28,28,31,25,28,32,23,30,29,30,29,28,26,25,27,24,29,30,22,21,36,33,29,27,27,27,31,38,25,26,34,25,37,24,24,28,23,33,24,31,30,27,31,30,32,28,23,34,35,26,22,25,33,31,30,23,30,31,30,24,26,28,35,33,26,32,29,31,31,36,27,27,25,31,23,33,29,23,32,31,33,25,25,26,32,31,30,25,32,27,36,35,29,30,23,33,27,34,37,29,36,18,33,29,33,33,31,29,29,28,27,32,37,25,27,31,32,29,29,27,24,34,41,21,24,22,28,31,25,34,30,26,28,29,26,39,26,29,29,34,31,17,35,29,34,32,35,27,27,34,33,31,27,35,33,32,27,25,27,17,29,35,32,33,27,28,32,24,40,30,29,38,34,30,30,27,31,29,33,34,33,28,34,27,26,27,24,23,30,37,38,26,35,28,28,34,25,26
73,100,30,25,33,28,38,30,13,29,43,30,34,25,22,31,34,25,31,38,31,34,27,31,28,29,27,25,30,34,27,31,41,32,29,18,29,33,44,31,36,31,28,37,33,33,30,30,28,31,27,38,30,30,23,34,30,29,24,29,35,37,19,33,36,34,26,31,37,35,31,28,24,27,26,24,25,35,22,32,34,37,28,25,25,25,34,25,31,20,29,32,22,31,25,27,27,28,30,31,36,23,20,26,19,31,37,25,37,24,32,27,41,37,29,22,24,25,33,29,29,28,32,25,25,32,31,30,23,36,27,23,27,38,28,32,30,23,35,29,30,29,31,25,29,34,32,33,28,37,26,25,27,33,28,31,35,29,30,31,27,21,32,25,35,33,34,23,25,29,29,35,38,30,36,35,31,34,25,30,31,34,31,31,32,24,34,29,34,32,22,27,28,24,37,33,35,32,25,23,31,35,29,36,31,23,36,41,28,29,31,27,22,28,32,35,31,29,40,23,33,31,41,37,27,32,24,30,26,26,34,34,33,30,29,33,35,34,34,29,27,31,32,27,34,26,32,29,26,31,29,30,43,29,23,39,35,22,23,21,26,30,29,31,25,24,30,30,30,32,30,29,28,37,28,36,32,35,28,21,30,23,26,31,37,26,32,30,30,25,28,35,26,32,20,33,36,27,23,36,27,36,30,29,25,26,31,20,31,41,29,36,22,38,28,26,30,40,32,27,33,35,27,23,28,32,27,32,31,28,32,33,35,35,33,33,25,32,26,30,32,23,30,36,26,18,30,33,29,34,29,34,31,33,29,34,28,36,30,26,33,30,28,30,36,32,31,27,32,30,27,24,29,27,21,30,27,34,34,29,23,28,23,25,27,28,30,36,31,35,37,35,27,23,22,30,33,29,28,34,35,20,29,34,32,30,31,28,36,34,33,40,34,25,38,27,33,25,29,27,29,38,26,33,24,31,25,32,28,30,31,32,29,29,23,29,21,28,35,29,26,33,24,28,33,40,30,31,36,27,39,27,28,28,32,35,23,22,33,26,30,29,22,27,28,25,24,24,26,38,35,30,32,33,28,28,34,26,28,23,39,33,34,30,29,23,20,29,34,35,34,35,34,32,25,32,31,30,28,28,37,32,24,42,37,33,30,36,37,33,33,26,28,37,31,37,35,33,26,29,30,34,25,33,26,29,35,27,24,27,29,31,25,34,28,35,27,29,23,29,31,24,27,32,36,41,33,29,39,27,38,26,27,27,25,24,34,32,40,33,32,29,30,32,32,30,33,28,29,29,34,32,26,29,32,37,22,29,34,39,29,29,39,26,35,25,30,29,35,39,28,24,32,29,30,28,33,37,25,19,25,27,31,35,27,39,33,27,23,34,33,22,32,28,35,31,38,33,28,32,27,28,22,29,32,42,30,33,27,31,31,26,33,33,37,30,36,28,25,30,33,29,35,35,34,24,34,22,32,37,24,32,38,34,31,30,31,36,27,26,26,26,23,22,25,33,33,21,28,30,25,30,30,32,32,25,27,30,34,33,32,31,36,27,27,26,33,33,31,28,40,22,34,34,42,36,27,32,33,27,31,31,31,39,21,32,24,33,27,32,25,26,29,30,33,28,30,34,35,29,28,34,29,34,29,24,35,27,33,34,24,38,21,38,39,28,26,32,36,40,32,34,23,32,35,23,29,27,30,26,34,31,38,40,31,28,24,33,22,35,30,25,33,34,31,40,30,28,33,34,32,39,23,23,26,32,36,31,28,38,32,36,31,28,31,26,29,29,28,32,25,35,37,28,21,28,36,39,25,26,27,36,32,36,24,37,32,35,35,30,35,31,34,25,31,37,32,29,28,27,29,33,34,26,25,28,32,30,35,31,35,30,27,24,25,31,27,31,28,23,29,33,31,29,26,35,25,28,31,39,27,28,36,25,29,28,37,25,16,24,37,23,34,37,26,28,28,33,33,37,26,28,27,27,33,35,31,33,37,38,28,32,27,29,24,28,25,34,24,32,38,30,26,30,29,27,25,32,31,27,26,31,35,26,29,36,24,29,29,35,33,37,38,29,37,32,35,24,25,28,34,30,35,27,32,37,24,31,29,27,24,33,35,35,22,36,31,29,31,35,40,28,27,26,29,37,34,36,32,35,24,27,25,29,29,36,33,34,35,36,24,31,33,24,34,31,34,33,35,25,35,26,36,32,28,40,35,33,27,36,39,33,29,32,31,23,31,30,29,29,38,24,31,36,30,34,21,30,24,32,32,30
74,100,31,35,30,24,39,30,35,36,37,30,27,35,29,30,25,26,28,40,33,31,33,27,33,31,23,33,28,32,34,33,30,29,33,23,24,30,28,35,34,25,29,28,30,20,26,31,28,32,22,31,33,31,33,26,27,27,29,21,32,17,28,27,35,19,17,33,29,28,36,34,40,33,23,29,28,37,26,26,39,29,23,29,25,19,24,31,36,30,24,28,24,28,25,23,31,40,31,31,25,31,34,29,31,36,24,24,21,23,31,27,28,36,24,27,29,18,29,31,30,24,34,27,36,36,32,23,29,28,33,27,25,33,27,28,40,33,25,32,32,26,33,35,25,32,28,36,28,36,40,26,28,31,33,30,36,32,27,25,33,29,28,28,27,32,28,30,31,39,26,24,36,35,26,32,38,28,37,22,40,28,30,24,31,28,37,33,23,37,28,35,27,38,30,31,29,25,30,32,35,35,26,32,26,30,28,32,34,23,34,34,31,28,28,24,22,29,28,24,29,32,23,28,28,29,42,28,38,29,28,34,36,34,33,26,35,31,35,33,31,37,31,27,23,31,35,28,29,30,34,25,34,31,30,36,19,35,26,32,33,33,23,26,31,30,28,30,30,33,26,27,29,25,28,29,25,29,31,22,26,25,16,31,32,26,29,28,28,22,32,26,31,35,32,20,23,33,32,25,36,29,23,28,31,31,34,40,30,31,32,29,31,35,24,23,30,36,21,28,33,28,34,25,28,30,28,23,30,28,31,23,31,28,38,29,29,35,32,35,33,32,33,34,32,34,28,21,26,33,29,32,26,31,32,19,32,28,33,34,26,34,31,36,23,23,29,24,26,37,34,38,26,26,34,29,29,23,28,33,22,31,40,25,33,18,24,32,30,31,28,20,35,37,28,39,30,23,34,32,31,30,29,33,29,28,29,30,30,30,26,23,32,28,35,37,31,27,36,33,32,36,31,26,31,29,34,37,32,29,35,28,33,27,24,25,28,34,32,33,36,37,26,22,32,30,29,30,31,39,37,30,30,37,37,39,32,36,28,28,34,33,29,23,30,22,33,31,34,30,25,26,25,29,31,28,35,25,33,38,33,35,26,26,34,26,32,32,24,40,20,35,30,27,35,26,29,22,23,30,30,25,28,27,24,32,28,32,29,33,29,32,31,28,23,32,25,24,30,31,29,32,33,32,31,31,41,24,30,34,29,26,20,25,29,25,31,33,24,29,36,32,28,29,29,23,26,25,18,31,37,32,19,41,28,23,30,26,29,27,32,35,34,33,26,26,33,25,28,24,35,26,31,29,28,29,27,29,27,34,31,25,27,27,34,34,29,26,21,27,28,24,24,30,24,25,27,25,26,25,31,26,30,32,27,32,33,29,25,38,34,19,41,28,30,36,35,33,30,26,28,31,33,27,33,36,34,23,36,27,27,29,19,24,28,39,23,27,23,43,31,30,35,33,35,26,21,30,39,29,29,34,28,24,25,47,20,34,28,31,23,20,28,26,28,36,32,26,34,26,20,32,36,29,33,26,30,27,38,33,21,27,27,24,29,31,33,32,35,27,32,34,29,25,29,20,29,27,33,34,30,26,25,31,29,40,32,32,26,33,30,29,32,21,26,29,32,26,30,28,24,25,33,37,29,33,37,28,33,29,25,40,22,31,25,33,25,31,37,31,22,28,36,29,25,25,34,30,32,29,34,29,41,36,24,32,34,25,19,31,38,32,32,36,25,31,34,29,24,29,30,31,28,33,30,31,35,29,26,36,27,25,23,31,36,32,29,35,28,31,26,20,34,37,23,28,34,27,28,30,35,29,37,29,26,26,30,28,32,21,32,24,33,25,36,27,27,36,30,23,35,29,22,29,31,31,29,32,32,26,29,34,24,27,20,32,30,22,20,33,27,39,35,29,32,26,23,33,32,33,24,28,31,32,37,23,29,36,35,30,38,31,24,35,31,36,34,23,35,34,29,24,25,27,34,30,33,32,37,24,25,26,40,32,30,22,31,33,27,29,34,35,34,38,35,27,31,21,31,26,28,26,37,24,37,29,30,33,31,34,32,34,34,26,30,28,26,31,25,33,27,34,29,33,30,36,37,27,35,34,28,29,36,34,31,30,33,31,31,35,39,31,29,28,32,22,31,27,30,29,37,39,27,25,31,30,24,35,26,31,36,36,29,35,32,35,26,36,35,21,33,37,35,32,28,30,30,22,29,26,29,32,36,26,27,28,32,28,32,31,31,29,27,29,31,36,32,31,25,27,37,32
75,100,36,30,24,25,28,35,29,29,39,22,33,29,25,26,34,33,27,31,29,34,27,34,27,28,24,27,28,33,37,27,32,31,37,30,39,27,30,24,28,32,32,30,35,27,27,30,36,25,29,29,33,25,30,32,24,23,29,31,29,29,31,35,30,39,33,32,29,28,23,29,26,34,31,25,32,25,26,30,23,35,35,25,31,29,35,28,24,29,23,26,26,27,33,37,37,37,31,29,33,33,32,29,31,25,31,21,31,29,25,22,28,23,26,27,29,36,29,33,32,34,25,24,28,35,30,30,37,27,29,33,24,29,29,32,26,31,23,29,27,27,27,34,30,26,30,33,31,38,25,27,32,26,29,37,33,27,32,25,29,34,33,35,32,27,30,26,29,29,23,36,24,29,26,27,27,26,31,32,32,27,37,25,35,30,35,25,28,28,23,29,29,41,31,22,33,23,30,29,31,23,23,38,28,32,34,32,29,34,28,33,29,28,26,32,26,31,39,31,29,29,37,33,23,29,30,29,32,25,36,33,28,27,33,31,23,25,26,32,30,28,26,33,32,34,23,30,31,32,30,40,31,31,29,26,27,30,34,25,32,36,26,35,24,25,34,21,28,38,29,33,36,30,25,29,25,27,22,29,28,26,32,21,25,29,28,24,30,28,25,36,23,34,36,32,32,28,30,27,27,32,29,31,28,29,27,37,24,31,26,35,33,24,28,22,24,32,28,28,37,32,31,32,23,27,31,33,31,28,32,31,32,29,31,31,24,29,38,36,26,32,34,33,24,26,30,37,25,29,25,32,28,31,32,31,39,31,30,27,26,36,36,28,32,28,39,21,24,30,30,24,24,23,37,32,27,29,38,30,33,36,28,32,33,32,42,23,26,30,30,25,26,30,34,25,33,32,31,30,34,30,32,34,20,42,22,33,26,31,29,26,31,24,28,31,38,30,40,33,40,31,34,26,31,28,28,25,28,33,33,36,26,29,27,26,27,30,31,39,33,24,37,31,30,30,29,34,34,37,28,33,32,29,32,31,33,32,25,27,28,35,30,22,17,31,35,33,35,35,29,33,35,20,34,23,33,37,28,29,37,31,22,37,26,39,25,27,27,37,21,24,34,26,24,29,30,29,27,30,32,24,38,29,36,26,28,21,35,28,24,28,28,29,38,29,29,40,34,27,30,32,33,33,26,26,22,29,32,28,32,37,32,30,27,34,29,18,38,36,28,35,28,26,24,42,29,25,34,39,27,28,29,24,32,33,22,27,25,29,35,34,31,27,26,34,27,36,31,31,23,28,35,29,28,30,29,37,29,38,23,35,30,28,28,34,36,33,28,31,27,37,27,27,28,28,35,36,27,23,32,29,28,28,26,28,31,31,30,31,26,33,27,24,30,33,28,24,29,26,30,33,32,33,28,31,35,39,31,29,27,31,36,33,30,30,36,35,33,29,29,38,23,24,28,26,39,27,35,31,25,27,32,31,30,27,32,33,28,30,32,29,28,28,30,31,25,32,32,31,35,40,30,24,31,34,19,39,26,32,32,29,34,34,27,22,24,27,26,29,26,31,34,30,29,25,34,25,32,24,21,28,31,28,34,30,28,23,30,37,34,30,28,35,35,29,33,22,23,31,36,24,37,27,36,25,32,33,31,30,34,36,29,29,26,31,32,30,29,33,36,33,29,23,29,29,30,34,33,26,30,30,29,29,31,22,29,30,27,31,35,24,33,20,24,23,40,22,25,27,34,41,35,30,31,29,36,29,32,30,39,26,34,33,24,30,30,29,34,29,31,28,34,36,30,30,38,31,22,36,34,34,32,30,26,25,26,23,34,28,24,30,32,26,31,29,32,29,27,30,34,26,22,32,33,30,29,34,44,27,31,27,29,29,25,33,33,23,25,29,27,34,30,29,38,28,27,29,40,32,29,23,24,31,21,29,23,27,34,25,30,32,42,30,27,29,29,24,27,28,29,36,32,34,28,24,33,32,32,32,28,30,29,25,30,29,30,32,31,32,23,29,36,32,36,31,30,31,32,28,32,29,27,26,36,25,27,30,27,39,34,30,28,29,37,32,31,23,31,25,27,33,27,30,31,34,18,33,32,33,26,27,36,37,27,34,26,26,26,31,26,23,30,28,33,34,34,32,36,32,31,32,32,29,36,30,33,25,23,35,28,30,33,37,30,24,36,38,14,25,35,30,41,28,24,27,28,24,30,29,21,30,26,31,33,26,30,32,35,24,35,34,29,34,24,32,30,31,31,35,26,33
76,100,33,31,27,25,22,28,30,27,39,33,22,34,25,34,29,21,19,24,36,24,28,42,37,25,32,30,34,37,32,34,30,26,32,27,33,31,29,31,24,29,28,27,30,31,28,37,26,32,28,29,35,28,33,25,30,24,36,28,36,32,30,28,27,25,26,28,28,31,38,27,28,30,36,34,27,33,36,23,34,21,32,33,31,35,29,28,31,31,28,24,32,26,36,32,26,23,28,31,30,27,26,25,26,32,28,27,34,21,33,28,26,22,27,28,24,26,27,25,27,20,23,40,33,36,31,29,36,26,28,25,25,23,20,23,31,34,19,36,24,31,32,27,32,31,32,26,37,32,22,34,30,27,21,26,29,24,31,32,34,24,26,29,31,31,32,35,20,35,29,31,30,41,25,29,26,27,30,24,27,30,31,27,37,28,28,38,33,30,25,31,30,23,30,26,34,30,29,30,28,35,30,29,25,30,35,33,31,25,22,40,32,28,27,29,34,32,29,36,29,24,34,38,29,26,26,30,29,27,33,29,39,33,21,33,34,30,16,25,26,20,35,25,29,33,30,29,32,25,32,33,26,39,33,22,32,30,26,29,21,23,29,31,28,27,31,23,38,31,36,31,26,32,26,31,30,15,33,34,35,38,32,24,28,29,34,33,30,31,29,32,31,37,24,40,30,27,37,27,37,28,25,27,28,37,29,33,28,23,29,33,35,35,23,30,26,35,28,29,26,29,32,28,34,33,34,25,27,34,32,35,34,24,34,32,30,28,35,35,28,28,27,25,32,25,30,31,33,28,33,25,27,30,23,32,27,23,30,33,29,39,29,31,30,36,26,27,31,26,27,33,35,25,29,25,30,29,20,30,37,21,19,30,40,30,25,29,31,27,30,28,23,36,31,35,29,22,31,27,33,35,30,31,29,34,34,29,31,28,31,33,26,31,28,27,25,30,29,28,31,26,31,29,37,32,26,29,35,30,31,30,28,39,36,28,29,36,36,32,33,32,25,34,39,26,30,21,29,33,40,35,28,31,25,29,33,26,33,38,28,28,30,31,33,36,32,29,30,25,34,30,26,28,26,33,32,30,30,31,28,24,24,27,32,37,30,29,30,36,30,24,28,31,34,30,25,39,25,31,20,24,32,35,27,33,22,28,24,28,32,26,32,35,24,25,29,29,38,21,29,27,30,26,30,41,32,30,24,30,27,28,25,35,29,29,35,31,31,26,26,40,26,29,33,31,28,25,31,27,35,28,31,35,35,27,31,25,37,40,34,32,27,28,23,38,29,23,35,30,26,33,22,26,32,28,41,31,38,28,23,34,33,28,36,28,29,31,27,39,31,26,26,37,23,27,29,29,31,28,29,33,29,36,27,23,36,29,33,34,34,35,37,31,30,25,34,32,32,33,29,27,28,34,29,36,33,33,27,29,22,30,26,27,26,34,28,27,45,32,33,28,30,26,29,38,31,25,28,35,24,27,29,26,35,30,28,26,37,34,29,25,30,27,35,28,22,35,38,30,27,35,38,30,36,29,28,32,33,31,26,39,22,30,38,24,25,20,23,27,36,25,33,22,29,35,28,35,28,25,27,26,32,34,31,24,35,36,33,27,31,31,18,32,31,29,30,30,37,24,25,29,36,32,41,39,36,26,34,35,39,37,23,34,38,28,35,31,30,20,28,28,36,27,35,29,35,26,25,33,31,35,32,27,38,31,24,27,36,20,28,22,30,36,28,30,26,35,23,37,23,26,31,31,33,32,24,29,33,29,29,21,33,24,25,32,33,29,31,27,34,28,31,33,37,26,28,29,26,27,31,31,30,34,30,26,40,32,27,19,31,25,32,31,30,29,31,30,31,25,34,32,30,26,29,25,21,32,24,38,30,36,30,21,28,31,30,31,29,33,27,35,25,36,26,25,36,39,26,26,33,29,24,29,32,27,31,30,25,33,29,21,31,32,26,28,26,30,38,31,32,29,29,32,28,34,32,26,33,32,25,26,32,43,34,28,39,25,27,28,31,29,21,33,30,32,27,30,30,27,24,29,23,30,32,27,23,28,27,26,35,27,27,24,30,24,26,24,23,24,26,28,31,27,32,30,28,25,35,25,22,38,28,33,34,26,24,28,29,31,25,32,20,26,30,38,23,34,25,33,33,25,30,29,33,22,34,32,33,29,35,35,32,29,35,28,35,30,41,32,29,26,22,27,26,33,28,24,29,26,33,33,32,33,36,37,29,33,28,35,31,33,32,25,26,30,33,29,33,32,26,30
77,100,28,35,42,29,29,26,33,27,30,23,26,38,32,30,28,29,30,29,34,29,32,32,24,27,33,36,33,22,30,33,36,23,29,30,28,36,34,38,31,32,39,28,27,34,30,31,37,30,32,26,38,23,34,29,32,31,30,30,25,28,32,33,37,34,29,25,22,28,32,34,23,20,37,28,28,22,25,26,33,26,34,34,40,38,26,26,34,32,40,27,22,30,32,27,32,30,32,31,23,36,35,27,25,31,34,32,35,21,33,38,24,41,34,22,32,31,25,19,30,26,25,28,27,33,28,26,31,29,32,41,30,30,31,25,36,34,33,28,28,35,24,28,35,24,30,38,23,25,24,28,28,27,35,35,26,32,30,29,22,25,31,27,26,21,28,37,35,37,35,27,30,29,22,33,32,29,23,28,36,19,29,39,25,25,32,36,24,35,24,34,34,39,30,32,28,34,34,28,26,29,31,30,30,21,34,22,28,32,30,33,34,21,26,35,30,29,35,31,20,27,29,32,31,32,34,29,28,35,31,32,31,30,24,32,36,27,29,25,32,34,33,33,28,31,31,24,25,29,29,30,36,31,32,29,32,36,37,38,28,29,36,35,27,37,42,33,33,35,30,25,32,39,37,25,28,28,26,22,43,33,25,25,27,25,27,32,29,29,33,37,33,31,22,26,33,30,31,25,36,25,36,36,27,30,31,23,31,23,41,34,26,29,30,28,36,33,25,35,34,24,25,34,32,26,31,27,24,25,21,33,31,31,37,41,39,22,31,29,31,37,26,32,30,26,24,17,30,30,27,25,25,29,22,31,22,20,30,26,27,28,30,29,36,27,29,29,29,29,31,29,32,31,33,30,25,30,31,34,27,29,31,31,32,32,28,29,29,27,28,27,30,34,34,29,25,29,31,25,28,31,36,22,28,36,32,33,25,31,32,23,27,29,31,30,23,27,26,32,28,22,30,29,39,35,31,33,29,38,31,28,32,25,29,29,27,28,24,25,25,29,27,38,24,31,28,27,29,27,27,35,27,16,29,28,31,34,27,32,22,32,28,24,29,26,32,30,28,35,32,33,26,25,28,20,30,18,33,26,35,26,35,38,27,30,27,30,28,32,30,25,32,35,31,21,40,20,24,23,30,25,23,35,27,35,31,32,26,32,28,24,30,32,24,21,25,28,27,32,35,34,40,32,26,29,30,32,35,31,37,37,31,36,19,35,24,32,27,29,34,28,32,22,32,29,26,30,28,32,38,32,28,27,24,29,28,32,27,33,35,29,28,25,36,28,30,33,27,36,24,31,35,29,39,26,31,27,30,35,33,26,26,39,23,28,29,29,27,40,24,27,33,25,30,28,29,24,28,37,36,29,35,26,24,30,27,19,22,37,30,38,28,29,36,33,32,32,25,35,25,34,32,33,30,27,31,27,28,27,25,25,23,29,30,31,34,39,26,27,29,29,28,36,37,25,36,39,26,27,25,23,19,32,31,31,31,33,28,34,34,30,34,24,27,26,37,30,30,30,30,34,31,26,35,26,36,25,25,32,43,34,30,31,36,29,22,27,33,29,31,24,29,30,29,39,22,31,30,31,30,42,30,19,41,32,33,31,30,25,37,27,31,34,30,35,36,32,29,33,33,36,36,30,39,32,21,26,29,30,29,24,26,37,21,27,24,27,31,37,29,29,22,27,26,34,27,26,31,36,27,28,27,28,25,34,21,36,34,32,31,34,35,29,27,27,25,28,22,37,34,31,27,36,23,27,33,37,37,26,26,28,30,37,34,28,36,23,31,36,33,35,29,30,28,29,30,26,26,29,26,31,27,31,35,34,35,33,31,25,35,31,32,34,20,35,27,31,26,31,30,25,29,36,35,29,37,27,35,25,37,30,35,22,29,25,33,29,28,32,23,36,37,23,27,33,23,33,32,30,31,30,28,26,25,17,30,35,26,26,31,31,27,29,38,38,30,28,33,26,31,25,26,26,29,36,27,30,26,25,30,29,26,29,30,29,36,32,30,27,26,38,37,34,25,32,41,26,43,28,27,36,38,34,35,38,29,26,27,35,21,29,34,32,27,31,28,31,31,30,27,41,29,35,30,35,26,30,20,28,37,38,31,24,24,24,31,35,36,25,27,29,32,28,27,31,35,33,32,25,32,35,32,28,25,34,35,25,33,27,34,23,33,33,38,31,39,29,23,27,37,30,30,33,37,32,34,33,32,34,32,24,28,32,28,29,20,30,28,32,26,35,33,27,21,26,32,23,30,35,31,32
78,100,32,31,28,33,33,36,21,25,32,37,32,31,34,23,31,29,24,33,34,35,40,32,33,32,19,32,30,32,36,24,30,31,30,24,25,31,29,23,33,23,32,21,30,30,29,26,34,29,33,29,32,24,29,22,29,25,29,30,36,31,25,33,22,35,31,29,30,31,44,38,29,29,31,26,33,31,28,30,31,26,24,25,23,26,25,35,39,29,30,27,30,27,23,26,31,21,29,29,24,32,32,34,33,24,31,25,30,31,24,31,33,25,34,34,33,20,33,24,33,27,24,22,28,31,26,34,35,38,28,31,31,23,26,37,36,30,31,24,35,30,32,42,25,30,36,30,27,28,27,27,41,29,33,30,22,25,39,37,24,36,34,35,21,38,35,29,30,25,36,33,23,30,29,27,25,27,27,40,31,23,33,31,23,37,32,29,24,28,31,32,34,34,36,20,30,23,33,29,35,25,30,33,32,28,24,35,37,31,31,24,33,33,27,32,24,31,33,27,34,33,31,25,26,26,40,40,30,34,35,28,26,29,28,37,40,32,30,34,35,32,19,34,31,34,31,27,33,21,42,24,27,28,36,30,22,24,31,38,34,29,33,37,33,29,23,33,20,30,30,27,26,26,27,33,27,33,38,30,28,29,25,27,31,31,37,39,29,33,22,34,28,32,23,23,34,33,34,36,34,28,27,28,38,29,33,34,36,34,37,30,33,35,30,26,30,27,35,31,23,29,34,27,25,30,21,29,30,24,26,26,28,19,33,40,32,29,26,29,33,30,31,28,28,39,30,29,37,28,31,34,34,34,30,31,29,26,34,33,27,38,23,33,36,26,30,30,20,28,32,31,33,20,27,24,31,30,42,25,36,31,38,24,39,26,36,32,30,33,35,32,32,32,36,31,33,23,40,24,25,26,30,34,27,25,34,43,36,29,34,24,26,30,24,35,26,35,30,28,30,33,26,18,32,28,32,36,28,31,23,30,30,20,26,32,28,26,27,18,28,24,39,26,26,26,27,29,30,32,25,30,29,33,34,27,26,22,27,27,24,29,32,25,28,24,25,33,30,30,32,29,28,28,31,24,31,33,26,30,29,34,29,34,28,29,21,37,34,26,20,34,30,21,26,25,36,33,39,25,24,30,28,31,35,27,22,28,31,24,26,31,28,31,27,26,31,35,33,35,28,30,31,27,27,32,26,38,32,30,40,27,28,32,34,35,30,25,22,24,41,28,29,33,36,33,30,19,25,39,37,30,38,30,26,28,30,29,23,37,30,31,30,32,27,34,29,29,31,25,32,27,27,26,26,36,33,23,33,37,26,35,32,31,33,29,29,38,33,32,27,36,33,39,37,22,27,28,26,25,30,33,35,35,35,26,39,26,26,29,31,33,33,30,33,30,32,31,32,36,38,30,19,26,28,29,22,29,31,25,31,21,30,33,34,34,25,28,28,29,30,26,28,26,30,26,20,33,25,26,25,28,33,26,26,27,33,35,28,29,27,35,32,38,28,21,36,25,33,29,33,37,28,27,34,33,25,28,32,26,37,33,37,26,27,33,30,27,27,35,29,32,27,33,29,29,30,34,30,20,31,21,27,21,27,34,26,34,30,38,27,26,24,29,27,31,35,30,34,33,34,29,32,31,24,37,22,35,30,33,35,38,33,35,27,31,25,36,33,19,27,36,26,37,37,36,30,28,34,29,17,26,26,16,31,33,28,30,36,24,32,28,39,30,28,25,33,28,32,33,26,24,29,22,31,26,36,31,38,33,35,31,26,28,31,29,29,28,28,28,23,34,28,27,23,35,28,28,28,25,31,32,29,32,32,28,26,30,27,35,29,39,27,36,29,27,37,26,28,30,25,34,24,27,30,23,29,29,27,33,20,27,31,33,31,25,27,40,27,31,23,24,33,27,30,22,36,30,37,22,33,37,31,32,24,36,22,30,30,36,23,22,35,34,32,29,23,27,23,26,31,25,39,29,33,22,38,29,35,31,28,35,32,28,30,35,27,21,23,22,40,30,27,31,26,39,26,26,35,29,31,28,32,34,37,27,23,28,41,34,37,31,33,32,28,34,32,35,25,31,27,34,33,30,27,33,25,30,29,34,36,27,34,33,32,28,32,26,26,27,31,29,33,43,26,32,36,31,29,25,32,34,26,27,18,30,31,22,24,25,33,29,27,32,30,30,33,30,24,33,30,38,31,29,33,31,25,28,26,30,31,36,38,29,26,32,38,36,33,34,35,41,32,31,30,38,24,25,35,38,27,30
79,100,23,34,26,28,36,32,34,27,27,37,28,27,33,38,25,29,23,34,33,37,25,36,30,36,35,44,42,34,28,40,27,34,23,35,33,30,31,28,29,35,35,20,28,39,28,33,32,32,31,23,16,36,37,28,32,39,31,32,29,34,32,30,32,31,32,31,36,28,30,28,32,26,32,29,34,26,30,35,28,34,33,32,24,27,30,26,30,34,26,28,34,37,27,30,29,35,26,33,23,48,31,31,30,38,27,35,33,27,26,29,29,29,25,36,31,35,34,29,26,37,31,32,23,30,29,30,32,24,29,40,37,29,29,27,31,29,26,30,39,21,29,40,28,24,33,25,30,38,30,23,30,36,29,32,26,26,25,28,30,37,22,24,33,33,26,35,25,29,27,32,28,28,27,24,33,39,29,29,30,30,29,25,31,35,30,27,29,26,27,33,38,31,31,26,32,24,29,29,31,32,21,32,37,28,35,36,23,20,21,24,29,26,33,29,29,27,32,26,32,31,23,29,34,30,35,33,30,25,34,28,27,32,34,43,36,27,38,32,31,33,33,31,35,29,35,22,32,31,31,34,30,28,26,22,31,30,26,28,35,28,35,28,31,24,28,33,31,30,25,25,32,29,28,32,38,36,30,28,32,36,22,39,31,36,34,36,25,25,31,34,34,24,32,33,29,22,36,37,24,29,35,32,29,26,33,28,34,26,30,27,32,26,32,29,30,30,30,30,31,30,28,35,25,25,30,32,32,28,28,32,27,27,28,32,20,34,41,20,32,30,27,39,31,32,30,24,24,32,37,32,34,38,33,31,30,33,31,28,37,32,32,27,40,33,30,28,30,27,32,30,23,32,33,23,26,28,29,25,27,30,32,33,29,33,27,28,31,33,19,23,30,32,33,23,21,30,29,31,34,24,31,28,30,33,28,27,34,30,35,27,31,33,33,33,28,25,30,35,25,36,33,35,33,25,28,24,37,31,36,36,30,33,21,26,28,22,31,34,32,35,31,26,34,36,32,34,22,32,36,36,27,28,27,39,30,31,30,28,29,25,21,35,24,33,26,29,31,30,30,25,30,34,34,29,24,28,24,36,27,28,27,31,39,30,29,34,22,31,26,24,36,30,30,27,33,36,41,31,35,34,24,38,31,28,28,28,25,38,34,28,27,31,30,35,28,30,25,26,37,24,25,30,28,30,34,43,27,32,23,29,24,35,36,35,24,21,33,22,35,30,32,30,26,27,37,37,27,27,27,27,31,29,28,29,27,27,32,32,27,26,38,31,38,28,29,35,26,33,32,27,35,27,30,27,31,25,40,31,30,30,29,27,25,30,27,28,25,29,27,28,33,26,22,36,26,28,25,26,37,31,30,32,35,27,25,33,29,26,27,36,33,32,30,26,24,31,22,31,32,23,33,27,27,27,38,29,30,29,32,32,35,36,31,27,26,35,30,24,26,27,30,33,26,39,32,23,36,26,31,21,41,28,32,37,28,29,33,33,34,39,28,27,27,26,18,23,33,25,29,31,31,22,26,27,25,29,23,28,26,30,25,33,38,27,25,33,41,29,30,30,34,30,31,32,25,24,26,33,25,29,31,30,30,29,29,19,29,30,27,25,22,36,25,43,26,25,35,32,24,35,26,34,25,32,27,29,33,28,25,37,27,31,23,30,35,22,37,31,28,34,32,30,33,36,34,41,31,35,31,30,34,23,27,30,34,32,29,33,30,29,22,40,28,34,20,32,31,33,33,38,28,35,28,29,24,31,39,20,37,32,28,23,27,30,23,27,37,28,24,34,38,38,28,30,28,31,34,38,28,40,28,41,25,20,29,27,22,27,27,28,20,35,33,29,31,34,35,27,30,33,36,36,38,25,29,27,31,38,27,28,31,32,29,34,32,26,37,36,20,30,30,26,28,25,37,31,24,27,26,25,24,23,31,31,28,29,33,37,33,30,34,31,33,35,33,39,30,34,24,27,35,36,30,41,26,35,32,27,28,26,29,26,36,32,39,36,23,33,35,30,30,20,24,33,33,35,40,24,25,33,36,32,32,34,37,38,31,28,34,36,30,29,29,34,38,37,27,27,33,34,26,32,32,25,34,34,40,37,23,35,34,31,32,22,33,35,32,42,25,28,37,31,18,29,30,28,34,30,26,30,28,29,35,22,31,29,26,28,32,42,31,25,37,28,31,36,28,31,32,29,27,29,27,28,28,33,29,26,18,30,29,27,32,32,35,28,35,30,26,18,37,27,27,26,27,27,33,28,26,36
80,100,35,30,29,34,34,32,22,25,41,25,25,31,35,34,41,26,29,31,28,38,20,34,27,24,29,35,33,39,35,34,25,27,38,28,26,30,32,34,32,25,29,28,29,35,18,30,26,30,34,32,31,26,32,36,29,28,28,33,29,37,38,27,29,22,23,31,28,30,30,38,29,24,40,29,29,29,37,24,33,43,29,29,36,32,36,29,24,37,30,35,32,25,31,28,34,23,35,34,27,23,29,40,27,28,32,34,31,33,36,29,33,32,29,37,37,25,32,31,34,28,31,42,32,30,32,36,31,34,34,32,30,39,30,25,33,38,31,26,30,21,27,36,29,33,33,25,29,25,27,30,29,31,37,26,29,22,28,32,30,35,37,29,30,25,32,27,32,22,31,30,34,31,19,36,27,37,25,37,30,28,28,34,27,30,32,32,29,36,26,34,26,35,24,32,25,30,31,30,34,38,30,24,31,25,31,30,22,30,31,35,29,35,37,34,37,26,21,29,38,32,40,23,28,30,31,29,32,34,41,27,34,30,28,27,37,28,26,27,32,27,22,29,28,22,27,31,27,29,32,31,36,33,34,30,35,31,27,21,33,30,34,26,29,32,31,27,25,30,32,27,30,30,28,33,32,26,35,27,36,30,26,28,25,36,33,28,32,36,33,37,32,28,20,24,33,36,25,32,33,19,25,28,26,36,29,35,32,30,26,32,34,31,30,37,28,29,17,30,36,26,29,32,28,24,32,20,34,25,26,31,25,29,26,31,23,28,27,32,28,39,27,26,29,32,23,31,25,24,36,20,33,31,36,38,26,24,47,34,27,32,31,25,32,38,26,29,32,31,28,30,30,38,32,24,26,34,23,28,37,25,26,32,24,34,26,27,30,24,30,25,32,32,29,23,28,31,32,36,32,38,34,26,34,33,24,30,19,30,31,31,33,17,27,30,26,30,36,28,32,27,31,27,32,30,28,29,27,27,31,34,31,32,39,32,34,29,27,34,30,40,27,28,35,25,35,27,22,30,34,27,35,31,25,29,20,37,27,33,26,32,32,18,32,29,36,31,30,30,29,30,32,27,34,33,27,31,27,41,27,32,40,30,31,39,28,36,34,18,29,28,31,27,31,28,30,35,24,33,32,29,27,27,31,28,32,29,31,25,32,29,31,34,32,36,30,29,24,30,25,30,26,30,30,32,28,26,24,32,27,33,31,25,23,29,23,25,33,28,34,30,28,26,24,31,31,30,24,30,25,36,32,32,26,22,28,29,29,31,34,33,28,24,29,22,28,26,24,36,28,33,23,29,27,33,30,29,32,32,30,25,32,32,35,33,27,41,23,35,30,29,29,29,26,19,27,31,30,26,27,28,28,29,34,29,29,29,27,35,21,25,30,35,33,26,28,27,21,33,28,26,29,31,23,31,41,29,37,34,28,36,28,35,41,36,32,26,27,19,24,29,27,27,25,38,39,33,28,31,24,38,28,27,30,37,31,33,30,29,32,23,32,35,33,28,36,27,26,33,33,34,27,32,30,36,36,25,34,26,26,37,29,25,30,33,28,30,16,34,29,29,28,28,34,36,25,26,29,35,35,31,33,34,37,35,26,29,30,26,25,39,33,34,33,31,32,28,27,24,37,34,30,27,17,33,33,34,27,36,30,32,30,31,17,28,36,34,30,32,32,23,28,43,30,28,36,19,28,26,22,31,34,26,26,33,30,30,28,27,23,33,32,35,29,37,28,27,31,33,33,21,28,26,31,38,27,28,22,18,27,30,28,24,29,37,28,35,30,29,27,31,25,30,28,29,30,44,34,35,34,32,24,36,39,27,33,27,23,36,32,32,33,39,29,28,27,30,32,26,23,31,27,32,25,29,35,24,34,37,30,30,25,28,30,28,31,39,28,36,36,32,20,30,26,38,31,29,31,36,26,26,36,29,33,28,34,31,28,36,29,30,29,27,26,24,26,32,23,31,25,34,32,28,24,25,36,27,30,32,31,36,30,33,37,34,25,31,29,23,32,22,37,23,30,31,32,21,27,41,31,24,29,25,28,29,35,22,31,33,32,33,26,25,29,39,30,28,34,32,43,28,29,28,21,29,32,46,21,30,24,34,43,31,35,33,30,37,32,30,21,26,33,33,31,32,32,28,28,28,31,20,31,27,31,41,23,32,32,27,33,35,29,28,29,33,24,29,30,32,42,25,33,41,26,41,33,22,41,35,28,23,28,21,30,32,31,37,33,21,39,30,32,35,33,31,36,21,25,22,24,31
81,100,26,32,38,22,31,21,31,34,36,33,29,28,29,28,33,36,33,24,41,24,27,24,33,32,29,32,31,29,27,34,25,36,32,23,30,32,27,32,25,27,36,41,34,33,37,27,31,24,36,32,28,29,31,24,36,31,25,38,27,33,27,33,32,32,25,23,30,28,27,24,35,28,28,32,31,23,34,36,29,25,31,37,27,35,37,31,23,25,30,24,25,33,25,30,29,28,26,34,32,39,26,30,32,27,22,36,28,36,30,28,29,35,33,23,28,33,27,25,28,33,30,29,25,32,31,32,35,30,23,28,33,35,25,20,16,37,34,25,30,29,38,27,28,26,27,27,42,31,27,31,36,34,33,32,17,32,33,21,25,33,39,31,33,29,45,30,19,32,34,30,24,28,32,32,37,23,25,36,24,20,23,35,29,34,21,37,30,32,36,33,35,30,40,30,29,35,35,38,21,35,29,31,28,29,30,29,32,44,35,27,32,28,23,25,30,39,28,36,30,39,27,32,28,22,33,31,15,22,27,30,14,27,31,24,20,27,29,27,34,31,36,41,25,32,38,29,35,31,29,25,26,34,30,41,25,31,33,30,23,34,32,18,31,26,31,39,34,30,34,29,38,32,27,35,37,37,32,28,30,31,35,29,28,36,26,33,22,29,27,31,28,27,37,30,31,25,29,24,21,34,29,38,31,32,36,31,30,36,41,31,31,37,33,28,27,28,31,22,31,30,32,30,24,30,29,32,39,31,28,28,31,31,25,29,26,29,23,33,32,35,26,35,36,33,27,30,39,32,23,36,32,22,28,29,36,30,35,29,21,29,35,27,24,31,37,32,29,28,32,31,37,30,32,31,33,25,31,29,36,34,40,17,26,26,31,30,28,30,30,32,33,26,27,29,37,27,28,24,29,35,26,28,28,25,35,27,29,33,33,27,32,40,31,33,24,23,34,24,29,31,32,34,33,29,24,22,37,29,32,34,25,40,29,29,22,24,27,19,21,31,25,39,27,32,34,29,31,30,30,35,30,38,32,36,31,31,22,18,27,30,33,23,32,31,31,37,24,25,35,30,27,29,28,33,36,26,33,29,35,36,26,38,34,39,28,21,32,26,29,32,31,26,27,27,31,30,23,28,26,26,34,37,34,29,39,28,25,34,29,20,34,26,24,35,31,25,37,26,28,41,28,37,24,36,33,26,28,28,29,34,29,30,24,38,26,27,35,33,31,32,36,24,31,28,25,32,26,39,33,37,24,25,31,31,32,35,33,38,38,28,28,34,34,27,33,30,26,30,35,34,27,35,31,21,27,27,36,31,27,33,25,17,36,33,33,37,31,27,24,22,24,32,27,30,28,27,29,34,31,25,23,27,26,20,28,35,28,21,34,32,35,35,30,31,33,27,33,38,25,34,34,34,36,35,35,26,39,36,30,28,28,24,31,28,28,32,33,30,34,30,34,21,30,36,28,29,31,27,36,30,39,33,30,24,25,28,29,28,30,26,36,25,29,31,28,28,32,37,25,38,35,35,28,29,33,25,27,35,29,26,27,27,31,34,30,29,29,27,33,27,30,32,24,32,35,29,28,29,34,25,26,37,28,24,34,31,22,32,24,29,22,28,33,33,24,32,31,32,24,27,37,41,28,36,26,30,32,33,30,30,36,33,35,36,24,22,40,30,31,29,26,30,29,31,29,37,39,33,33,29,32,29,28,28,31,33,33,33,32,31,24,30,35,19,31,33,26,31,30,26,18,29,25,36,26,34,24,29,34,30,30,33,31,26,32,23,37,26,26,33,36,28,39,26,33,35,27,32,26,32,26,28,36,32,33,32,30,26,19,27,25,32,29,29,30,29,34,25,20,27,28,25,26,35,27,24,33,30,33,35,38,28,20,28,22,28,38,29,30,24,38,30,34,30,31,30,36,31,35,29,39,27,27,29,29,27,22,37,32,27,35,37,31,25,25,31,26,30,32,33,32,38,24,30,31,28,31,29,29,26,26,32,24,35,25,37,29,30,28,32,24,32,32,36,29,32,35,30,31,33,35,29,44,38,27,33,25,28,32,31,29,27,27,26,20,34,31,24,23,28,21,37,27,27,21,25,35,31,23,37,24,35,29,23,27,26,26,28,35,38,27,29,32,35,38,23,29,30,27,21,35,30,35,34,28,31,33,33,28,24,33,29,29,35,28,23,32,33,29,40,32,32,31,32,26,24,32,29,29,36,28,29,25,23,31,29,29,36,23,28,23,31,27,31,29,22,33,30,37,33
82,100,26,31,35,32,33,35,26,26,37,28,28,28,36,31,30,25,28,25,32,33,31,24,30,27,39,32,32,24,37,38,25,26,35,27,23,34,39,30,29,35,32,28,21,32,30,32,26,34,31,25,24,31,35,37,30,21,30,30,31,37,27,28,22,34,38,28,30,29,29,34,33,24,29,34,32,31,34,29,37,34,36,33,37,27,35,29,35,29,33,28,31,28,26,29,37,23,33,33,28,32,31,25,21,34,32,31,37,18,48,33,31,25,30,25,34,32,31,36,38,24,33,24,30,31,33,41,28,35,20,31,27,26,28,23,26,31,29,31,30,31,37,32,34,22,24,26,27,30,39,31,25,38,30,31,46,26,35,30,35,28,35,35,33,34,33,32,28,23,31,38,25,23,27,29,28,35,25,31,26,24,25,31,37,24,33,37,29,23,30,33,31,37,35,30,26,33,24,24,36,29,35,24,31,30,27,34,33,27,32,26,31,29,33,33,31,29,30,32,35,29,25,26,32,23,35,30,34,33,29,27,28,29,19,41,33,26,36,32,29,29,28,37,31,33,32,19,31,35,23,23,32,40,24,30,37,40,35,28,34,25,31,28,22,31,26,30,29,28,33,29,34,33,24,33,27,38,26,28,22,29,37,40,24,27,26,22,36,34,34,27,32,38,31,30,26,37,30,33,36,30,30,34,29,30,34,31,29,27,34,36,34,26,31,29,32,35,16,30,18,37,32,31,27,31,34,28,35,27,24,30,37,27,31,19,33,39,25,27,28,33,26,32,34,36,31,22,17,31,34,23,38,34,29,28,28,25,27,35,34,27,32,35,31,30,21,41,34,30,36,33,33,30,32,30,31,26,33,28,32,36,27,33,31,24,33,27,31,28,39,31,33,23,36,33,36,29,32,34,33,33,29,29,33,32,32,33,33,27,26,27,32,33,36,31,36,25,33,34,30,36,31,40,35,29,22,33,28,22,28,33,30,31,25,31,36,25,34,31,35,33,23,29,36,33,29,36,35,31,32,22,24,31,37,27,33,41,29,29,31,26,25,29,24,31,30,23,25,32,36,30,26,28,40,35,25,29,29,35,36,25,29,35,31,29,32,25,33,33,29,28,23,20,31,27,23,20,35,29,38,36,34,27,36,28,25,31,23,24,33,39,30,31,28,24,33,31,26,35,32,25,34,37,26,20,31,30,34,36,21,33,32,30,25,28,24,35,31,32,32,30,28,36,33,29,32,30,28,33,21,34,35,29,29,27,28,29,32,39,41,27,23,46,24,30,34,22,30,27,24,35,25,34,34,24,37,38,28,33,30,33,27,30,32,27,38,29,37,25,24,34,30,26,29,31,37,26,37,37,34,22,35,24,43,33,36,28,29,30,34,29,28,26,25,26,34,33,27,35,32,32,32,22,38,31,34,31,27,28,24,30,22,33,35,30,35,30,31,32,39,23,33,28,27,31,39,31,31,34,33,34,37,29,33,29,33,30,41,41,33,30,40,35,27,29,32,33,25,31,30,41,22,28,33,35,32,22,27,35,29,32,26,32,22,28,22,26,36,32,26,26,21,30,29,27,25,37,26,29,33,23,28,35,32,35,35,31,34,24,32,28,28,22,22,40,33,39,36,23,36,35,37,32,20,39,30,25,24,24,28,28,33,29,44,28,35,29,23,29,35,28,37,28,29,25,36,23,29,33,29,28,35,27,29,41,26,29,28,35,24,34,39,33,29,34,34,30,31,35,26,28,27,25,35,30,23,27,32,30,19,34,29,28,40,37,29,33,33,26,29,33,29,22,24,32,26,29,29,37,28,36,31,30,27,20,32,32,27,33,37,36,25,31,31,34,33,23,26,32,28,38,34,36,26,28,35,31,25,35,34,29,26,33,34,27,26,31,28,31,29,25,28,31,24,26,32,28,38,19,29,29,33,29,30,33,34,24,23,25,30,33,31,34,32,27,28,27,39,34,28,26,36,29,25,28,30,29,26,27,28,23,30,30,28,31,28,31,36,31,30,27,27,23,31,27,34,27,25,29,36,25,29,28,26,27,23,23,31,27,31,29,27,38,41,28,22,35,23,27,27,28,37,26,32,29,33,25,35,23,26,39,25,32,27,34,33,34,34,25,28,35,31,32,31,33,30,34,34,25,29,37,21,24,40,29,34,20,26,38,29,33,30,27,25,32,34,25,22,27,31,31,26,36,31,30,25,29,30,37,31,25,33,21,23,31,37,28,29,35,32,28,25,28,27,23,26,30,30,32,25,29
83,100,26,30,31,35,31,30,39,40,28,26,25,35,30,32,40,28,33,24,32,34,30,23,29,33,33,33,23,33,33,38,30,22,26,20,27,41,28,35,32,39,32,30,25,40,31,34,23,39,26,38,30,33,35,35,31,32,26,29,31,38,26,30,36,28,27,35,28,27,34,24,28,32,35,31,34,27,32,30,23,36,29,31,28,32,34,23,31,32,33,22,35,31,28,29,24,34,26,27,28,26,25,32,29,30,31,32,25,33,32,35,33,23,28,29,22,33,30,24,28,21,31,30,35,30,32,30,28,28,22,31,24,22,27,33,27,30,27,31,30,36,29,32,38,32,30,29,38,41,36,29,33,26,32,31,28,35,28,31,29,30,24,25,35,25,40,24,33,32,29,27,20,27,33,29,33,29,36,25,37,37,32,31,34,23,33,38,36,31,30,30,26,33,28,31,35,29,24,28,32,34,26,28,28,28,28,25,28,27,29,32,24,32,30,27,28,31,29,31,29,33,30,27,28,30,32,37,30,33,22,24,23,36,32,31,34,22,33,34,33,26,24,34,32,27,30,24,31,31,28,36,28,33,29,22,25,31,30,28,31,35,32,35,36,31,28,31,34,31,36,28,30,32,21,21,32,28,35,35,24,23,30,33,29,28,31,19,30,24,25,27,33,41,32,25,33,23,25,24,20,32,26,29,36,33,31,38,29,22,26,28,38,34,32,31,22,38,25,30,25,33,26,37,28,27,30,31,35,34,34,21,32,26,30,28,29,28,23,25,26,36,35,33,26,25,39,38,36,30,31,34,33,36,26,31,34,21,30,28,28,33,30,29,32,25,26,25,27,25,34,41,33,26,40,22,30,28,33,20,39,32,28,27,40,37,20,31,25,29,27,30,33,33,33,30,29,30,26,36,25,31,28,24,28,25,32,34,27,22,32,34,34,32,33,26,24,25,33,35,31,40,27,27,22,25,35,24,30,25,30,23,34,28,24,25,31,33,33,33,37,25,37,34,37,31,30,31,25,31,34,30,27,35,31,34,35,26,30,35,22,26,28,38,35,31,33,39,33,24,27,29,28,30,29,27,26,28,27,24,32,33,29,27,29,31,35,23,30,32,25,27,31,26,31,25,26,29,29,31,27,29,31,22,22,32,33,30,32,30,36,30,32,31,36,31,37,32,37,26,26,27,30,32,23,32,35,32,27,29,36,30,32,31,29,28,31,40,27,24,32,38,33,32,33,31,36,24,28,24,33,33,29,32,27,26,29,33,34,33,32,32,28,26,30,27,30,24,18,35,29,30,26,26,24,20,29,30,40,38,32,25,33,41,25,39,30,21,34,36,26,31,33,28,32,30,32,33,30,26,27,24,21,33,34,33,29,24,31,31,32,29,22,28,25,31,34,25,35,33,40,27,30,28,36,31,29,30,28,24,36,27,29,29,25,32,31,31,33,36,26,35,33,30,31,24,27,21,25,27,36,33,26,21,34,31,20,31,29,29,28,23,36,31,23,25,35,28,32,25,30,25,27,29,29,33,32,26,34,36,32,28,32,31,40,28,28,30,24,29,27,23,36,35,23,35,23,35,28,27,31,20,25,30,28,24,29,34,23,34,39,37,30,32,25,31,26,35,26,30,33,23,28,23,32,33,27,24,36,24,17,34,34,27,34,29,29,37,28,23,33,30,24,32,25,23,31,26,24,33,29,33,32,21,31,23,32,32,26,31,29,33,23,25,32,35,28,33,34,32,26,33,30,35,36,19,28,27,27,27,30,28,36,34,27,32,29,33,27,27,28,29,27,37,29,29,26,25,32,21,26,39,33,37,26,28,36,29,35,38,26,22,31,28,26,24,35,35,31,29,25,35,31,25,22,26,31,26,34,31,33,34,30,25,31,39,30,28,28,31,38,28,32,26,30,31,29,33,30,36,27,25,28,32,29,30,31,24,27,26,27,34,33,33,34,18,28,29,34,40,36,34,29,43,35,23,28,26,26,34,27,34,29,29,34,32,33,38,27,34,26,30,23,32,32,36,30,26,25,29,33,33,32,30,26,31,41,32,37,30,28,24,30,28,29,36,28,39,27,31,32,27,30,22,39,28,30,31,31,31,32,24,28,32,37,33,27,24,30,22,31,31,26,31,31,23,32,22,31,30,29,29,18,32,29,29,31,29,31,22,36,30,27,28,26,29,31,35,27,28,38,35,27,32,34,28,35,32,28,34,32,26,34,26,35,35,30,22,31,40,23,31,34,27,43,33,24,30,28,30,29,31
84,100,40,36,32,27,28,32,34,25,33,26,29,30,33,30,25,33,25,25,29,27,28,31,35,31,26,35,32,31,30,28,33,24,29,26,31,29,33,34,26,32,32,33,29,28,31,34,30,30,30,34,29,24,31,26,34,28,29,33,26,35,35,31,21,31,31,34,33,27,28,37,33,36,30,36,35,40,24,28,34,29,27,25,27,21,28,34,29,36,32,36,37,27,33,27,26,23,38,26,30,36,35,23,27,33,37,31,31,29,34,30,25,28,41,35,25,24,30,34,29,30,28,32,31,27,26,25,28,28,33,29,38,20,35,31,35,38,35,32,32,26,36,40,27,37,32,32,33,26,31,30,31,25,33,25,42,32,32,24,31,23,31,37,29,24,24,32,30,30,36,24,29,30,26,35,33,31,27,35,28,34,27,22,33,36,32,29,30,31,24,30,27,25,25,26,38,25,26,39,31,32,30,27,38,33,33,38,28,25,32,30,31,35,28,30,37,31,33,33,34,34,29,28,34,27,26,28,24,33,33,32,28,31,25,27,31,42,39,31,29,34,31,33,37,26,29,31,27,26,37,28,29,20,25,27,28,26,30,35,19,31,33,34,43,29,27,28,26,33,41,27,28,34,37,37,27,32,35,29,35,31,29,28,25,35,39,26,29,30,29,38,31,27,32,31,33,21,32,25,33,36,33,27,29,33,36,31,27,31,26,39,25,29,26,30,29,25,25,22,40,27,32,25,30,26,30,32,43,26,27,22,29,33,26,31,26,26,24,33,35,30,29,36,27,31,24,26,30,25,28,26,30,25,24,30,31,23,30,37,22,29,33,35,22,33,26,28,29,28,29,34,33,33,30,32,33,25,31,30,30,31,30,36,32,28,24,30,40,31,34,33,26,26,29,24,22,31,34,27,24,21,26,27,28,33,31,32,34,21,27,31,28,27,27,30,34,33,27,31,36,33,28,26,32,24,32,28,38,35,34,25,20,28,33,39,35,25,29,21,28,32,41,35,28,21,27,27,34,33,26,29,27,27,29,41,20,33,31,28,34,31,36,31,46,28,36,33,26,24,32,26,25,28,28,36,15,33,29,43,33,35,38,36,33,31,34,22,33,38,23,26,31,25,31,33,30,34,22,26,37,29,27,33,32,28,26,32,31,33,27,27,35,34,26,34,29,31,32,37,31,25,21,25,22,34,33,27,29,34,33,33,29,34,28,28,25,31,31,25,39,32,38,24,30,25,30,30,35,26,24,33,35,35,32,23,32,32,28,39,29,29,32,30,32,29,22,24,25,31,24,34,32,35,29,24,30,33,21,28,31,29,31,26,22,29,30,30,33,30,38,35,27,32,28,28,28,22,22,31,31,29,18,35,34,29,23,23,30,38,34,35,36,30,29,37,32,22,21,28,37,28,30,28,34,26,35,33,23,24,28,27,27,30,31,32,29,30,44,28,33,35,36,26,27,25,28,34,27,38,27,29,26,30,41,30,30,27,29,32,29,35,26,35,32,28,31,26,35,18,23,31,27,38,31,25,37,29,24,30,27,29,31,34,31,29,28,23,22,33,31,34,30,25,32,31,30,27,28,27,32,29,28,27,29,30,29,32,24,29,28,26,35,34,26,28,33,35,32,33,30,31,22,33,35,28,25,27,30,29,32,24,29,31,30,32,33,28,26,28,43,36,35,34,24,26,36,28,32,29,30,27,27,28,27,36,21,37,34,29,39,32,34,33,35,35,26,33,30,31,28,27,23,25,31,32,25,34,34,28,27,34,31,22,32,31,25,44,33,27,33,32,24,22,35,28,31,23,30,25,22,40,27,30,39,28,27,33,28,32,27,30,30,29,28,32,33,30,28,38,40,33,30,30,35,32,28,33,28,24,30,36,34,27,29,31,24,36,36,40,37,27,44,29,31,26,25,27,28,29,17,27,34,30,27,36,27,28,29,30,28,35,21,33,26,26,32,27,28,25,37,25,24,27,39,32,31,35,26,25,31,26,20,29,28,31,28,34,31,40,30,30,27,28,39,31,33,26,37,28,20,26,32,21,38,31,38,34,29,32,25,30,30,27,26,28,23,24,27,29,23,34,26,29,34,32,27,33,24,30,33,27,21,27,23,33,29,32,34,26,32,30,33,27,23,30,29,27,29,30,37,28,26,37,25,37,27,27,27,32,32,31,29,40,26,29,22,27,31,31,31,35,23,22,25,31,29,25,34,38,24,37,34,26,29,32,32,19,19,23,44,35,33,33,30,24,32,25,22,33,35,29
85,100,27,30,24,25,22,31,28,29,36,31,30,32,31,30,28,35,31,27,26,30,31,25,33,14,26,24,31,25,24,21,27,32,33,37,31,32,29,25,28,31,30,31,28,26,41,33,29,32,30,33,24,32,35,24,31,31,23,25,33,30,30,33,38,37,21,37,21,26,30,30,29,28,36,27,31,33,30,31,27,31,29,31,41,31,26,25,32,32,30,34,35,30,27,27,33,29,29,28,31,19,41,25,31,39,25,31,28,26,29,30,28,35,29,28,28,28,32,31,29,31,28,28,20,37,29,28,27,27,24,33,25,29,28,32,24,25,35,36,34,34,43,32,26,28,33,28,32,29,26,32,30,32,30,31,25,33,25,26,30,21,32,35,31,19,28,37,31,31,23,32,12,33,30,32,23,31,38,34,28,32,26,34,22,36,28,24,27,38,31,26,32,35,32,34,24,32,34,32,35,28,39,28,33,22,40,33,28,28,26,33,32,33,29,31,29,27,26,31,24,30,35,36,35,29,35,23,26,41,31,26,31,30,32,35,37,31,21,32,31,29,29,27,32,30,30,26,35,31,23,28,28,19,33,28,35,32,26,23,26,31,25,34,29,37,26,20,28,33,24,23,30,32,20,35,24,29,29,32,33,32,29,29,26,27,28,24,28,28,37,28,25,28,37,32,39,34,31,34,31,34,34,24,23,38,32,29,40,33,34,28,32,37,34,33,26,25,29,34,32,37,22,27,31,34,32,29,34,31,23,30,33,33,25,39,34,24,35,28,31,33,43,21,24,19,24,31,36,41,29,25,32,30,29,26,25,32,31,31,21,27,28,29,31,28,32,23,27,37,31,25,29,26,32,35,28,27,44,21,27,32,32,26,32,34,30,29,31,28,32,29,33,31,27,27,41,32,35,31,30,35,31,26,34,29,32,27,28,29,24,33,33,32,26,27,25,35,34,20,31,37,28,32,29,23,29,33,31,35,34,28,34,35,28,29,35,32,26,26,29,32,41,28,21,28,33,24,33,31,34,31,30,31,32,39,30,29,25,27,19,30,29,33,22,30,35,34,33,27,20,41,28,30,35,30,26,29,32,34,27,25,26,23,37,32,35,29,32,23,26,29,35,21,21,35,29,33,24,38,37,25,29,31,28,30,34,28,31,26,22,32,29,30,30,25,29,28,28,27,36,37,25,24,26,24,36,24,35,22,30,25,28,32,28,30,31,37,29,32,33,24,31,35,24,31,27,32,31,23,35,33,24,29,26,28,40,32,37,28,24,21,39,31,24,33,33,35,35,36,25,31,26,29,26,32,32,27,22,36,28,26,29,26,33,33,28,38,34,31,34,36,31,32,25,25,31,31,32,34,28,34,35,26,28,37,28,27,32,37,26,35,27,24,34,22,25,25,30,32,31,21,26,27,32,29,28,29,34,26,38,41,29,34,34,27,34,32,39,24,27,26,29,41,23,32,32,26,28,31,24,25,29,40,32,30,27,31,32,28,29,24,30,34,39,25,32,27,30,31,34,19,26,34,33,34,28,33,31,26,34,25,29,27,34,26,30,31,35,27,27,33,25,27,28,34,27,28,33,27,25,30,27,26,29,32,36,32,31,23,28,32,31,25,22,32,28,35,24,23,24,27,25,32,34,35,31,32,25,37,30,29,30,26,29,23,30,31,21,33,28,29,34,25,30,19,37,32,25,35,38,29,31,29,36,33,30,25,30,26,32,28,29,29,31,30,33,28,34,30,33,41,33,31,29,39,35,31,25,30,31,26,29,29,41,38,29,28,30,27,25,31,34,32,21,40,24,35,33,25,26,30,22,35,35,30,28,29,37,26,25,28,30,28,23,33,42,28,24,33,27,39,33,34,37,28,27,27,28,24,26,28,28,31,32,29,34,25,34,28,38,35,17,28,25,38,37,37,29,26,29,35,37,36,31,34,25,41,34,37,30,28,37,37,37,29,29,27,26,30,25,34,32,22,29,30,24,30,33,34,35,30,29,28,32,33,34,35,22,25,32,29,35,23,31,34,31,33,25,37,36,24,27,25,23,42,25,29,26,45,24,30,26,30,29,34,29,33,33,31,34,26,33,25,19,31,33,22,31,22,28,20,39,33,24,39,35,40,30,29,28,29,28,32,29,38,28,27,36,38,39,28,24,26,30,31,26,26,34,38,27,32,29,21,27,27,36,31,26,30,35,27,30,33,33,26,35,31,21,24,29,30,28,32,36,34,27,26,29,29,30,36,32,22,31,29,31,26,29,26,30,34
86,100,27,33,32,26,33,28,25,26,28,22,28,35,29,34,32,30,34,39,23,26,32,23,38,28,29,27,25,31,31,25,25,32,38,31,34,42,32,31,29,37,37,38,24,38,34,32,32,28,23,32,34,30,28,26,29,34,25,30,39,36,20,27,38,27,42,27,25,29,36,29,33,31,33,24,24,26,39,34,29,28,29,32,36,26,30,28,32,25,26,23,23,23,30,36,28,29,31,29,34,26,32,34,31,30,26,37,26,28,36,28,28,30,28,37,37,34,32,27,27,36,30,35,26,35,28,28,30,33,31,26,27,36,41,33,34,33,29,28,31,26,27,37,24,39,33,27,24,26,30,34,29,38,36,29,28,34,41,19,40,25,30,33,30,32,29,37,31,31,32,27,27,27,22,22,29,27,32,34,25,25,32,25,30,30,32,30,32,31,39,37,29,27,28,33,24,28,37,33,34,27,37,34,28,31,26,29,33,35,37,27,40,28,28,36,29,23,32,30,35,25,30,37,34,36,38,31,27,30,36,34,34,36,25,32,32,23,33,31,33,24,25,32,28,29,26,31,36,29,29,31,24,31,37,30,33,35,27,26,27,23,32,30,22,26,30,28,35,29,27,31,30,30,35,33,31,37,24,30,31,28,33,29,19,31,33,24,29,33,30,22,28,33,28,21,29,34,24,31,23,34,36,33,25,30,36,30,31,23,27,31,26,29,26,32,30,25,24,24,25,30,31,31,20,33,29,31,26,33,30,34,34,38,29,27,38,28,31,45,28,25,28,30,20,31,28,35,39,32,21,27,34,30,28,32,29,28,28,31,25,38,35,32,26,31,30,20,24,29,42,23,31,32,30,30,31,30,32,32,28,26,21,25,34,31,26,32,29,30,32,28,29,28,29,29,36,30,33,25,22,30,31,28,32,24,30,36,33,37,29,25,25,31,26,34,28,34,35,29,28,32,32,19,35,31,26,29,28,36,28,33,34,24,37,31,30,31,39,21,32,28,29,34,39,29,33,26,31,34,35,25,26,31,38,25,32,36,36,34,27,31,26,28,33,33,40,35,27,24,26,31,33,47,28,37,31,29,34,33,32,34,34,31,22,41,29,26,33,23,31,27,25,24,28,31,29,25,32,29,30,26,37,29,36,23,33,41,30,31,35,31,23,28,23,32,28,23,33,35,36,31,29,29,41,35,24,30,37,33,26,34,29,26,27,25,31,33,29,33,39,29,34,37,29,17,26,39,36,39,29,23,29,28,34,22,22,25,28,27,23,39,26,33,29,23,36,30,22,28,33,36,36,30,22,33,28,28,24,26,28,32,26,34,25,33,26,30,30,24,32,30,27,25,30,28,28,33,23,36,30,35,31,32,26,25,38,37,29,31,24,37,28,33,27,33,38,31,21,30,29,33,30,26,30,27,34,31,26,34,36,28,29,37,33,29,29,39,24,23,30,47,36,26,37,26,32,28,26,34,37,42,21,35,30,31,27,30,24,29,33,30,24,30,25,27,39,32,30,35,28,27,27,27,31,22,28,25,23,33,28,42,34,25,28,36,29,32,28,31,25,24,27,29,32,32,27,27,27,28,30,24,36,34,30,30,29,27,34,37,30,30,27,32,24,35,37,36,37,30,26,22,30,32,31,35,26,28,25,34,30,41,35,26,31,31,38,28,34,35,26,39,33,34,32,38,37,28,22,28,31,38,27,27,25,38,26,33,28,32,32,35,35,27,26,25,30,39,31,28,30,29,31,26,28,30,29,39,28,31,35,28,29,32,30,33,29,32,33,27,24,29,29,29,31,31,41,24,24,32,27,29,24,29,25,38,30,36,35,34,32,21,30,38,29,31,28,27,25,27,28,43,32,30,34,32,28,35,34,37,29,30,18,29,30,31,35,28,30,35,29,30,39,31,38,27,27,26,33,32,31,32,37,25,29,28,24,32,29,25,24,33,27,33,31,27,24,34,33,36,32,35,36,23,16,28,29,24,28,45,26,32,29,36,36,30,31,33,36,31,32,32,32,25,38,29,32,29,29,30,27,32,31,29,28,27,26,25,26,36,31,22,25,26,34,28,27,30,32,30,35,27,23,41,33,28,34,31,33,27,32,33,30,30,31,29,28,35,24,30,28,28,21,30,29,29,25,25,31,22,23,33,28,33,32,29,27,26,29,32,34,28,31,27,33,29,30,24,39,23,27,34,30,28,30,30,29,32,32,33,37,31,28,32,26,24,28,30,33,24,29,26,38,27,30,33,33,23,23,38,28,27
87,100,32,28,30,26,33,29,36,30,30,37,26,34,30,32,34,36,34,30,23,31,30,32,33,25,26,31,30,37,37,31,23,24,28,36,32,30,31,25,24,28,34,30,32,35,13,29,32,31,31,31,30,30,26,26,33,26,31,36,30,27,34,33,27,38,31,31,30,30,25,31,34,27,35,29,31,28,35,36,26,29,30,33,40,25,24,30,30,29,28,32,29,32,32,25,27,28,26,21,25,35,28,33,24,26,27,29,30,25,31,30,38,25,36,20,25,28,31,26,25,30,28,32,26,25,23,23,29,30,27,31,26,31,29,25,33,26,28,30,31,29,25,33,26,30,26,30,41,24,25,36,33,32,35,23,27,33,35,32,36,37,33,24,33,35,26,27,38,34,31,30,38,34,38,27,33,24,40,31,33,45,35,28,22,32,35,33,37,36,25,24,23,35,27,33,32,28,32,17,22,33,33,26,28,27,29,29,23,26,22,29,29,39,25,29,33,33,27,23,24,28,26,33,24,35,32,31,35,29,32,26,37,33,34,33,28,23,35,31,28,34,39,26,29,30,26,33,24,35,25,31,27,31,37,38,25,29,34,39,35,16,35,30,28,38,35,31,25,42,32,28,23,25,34,24,28,37,35,27,31,29,33,33,22,34,26,28,33,29,32,28,30,28,35,33,26,26,34,36,33,27,30,25,32,25,32,30,31,26,30,35,31,29,29,41,29,31,27,27,31,28,31,28,32,35,30,24,29,28,27,30,27,31,23,29,27,29,45,31,27,30,28,35,29,24,26,36,34,32,34,26,37,26,27,28,20,31,28,30,20,33,40,30,34,30,36,32,29,38,25,29,38,36,26,30,34,30,22,26,26,24,36,24,33,32,34,25,32,31,30,30,28,30,28,19,28,35,37,33,36,36,24,39,29,31,27,28,36,22,32,26,29,28,29,26,42,24,30,25,34,33,33,31,25,39,26,34,33,38,39,32,28,28,27,43,28,33,25,31,33,22,26,31,31,28,33,30,28,37,35,26,35,26,33,23,28,22,31,33,36,38,34,40,28,33,25,28,32,24,25,32,28,30,31,31,34,28,25,29,31,27,22,21,32,32,26,31,29,31,34,27,25,31,33,36,35,31,30,21,27,30,36,29,33,26,27,30,31,31,26,25,28,35,24,30,31,23,30,27,35,25,30,32,30,36,23,35,30,34,26,27,25,30,28,27,36,24,33,33,34,33,25,32,33,21,38,35,31,32,30,30,31,29,25,22,31,29,36,33,32,25,29,27,28,32,30,30,34,28,28,29,27,19,29,24,27,29,30,25,33,30,29,36,27,29,27,34,25,28,32,27,29,28,31,36,34,33,30,41,34,33,28,28,37,30,29,18,28,37,33,29,30,29,30,26,29,31,29,31,33,32,32,30,29,28,28,33,30,30,29,24,35,28,31,33,32,35,29,26,29,23,24,23,21,34,27,25,27,29,29,38,33,35,24,28,31,38,32,28,32,31,35,26,31,26,31,36,29,25,34,34,29,26,19,29,35,32,34,24,27,22,35,31,33,32,36,32,32,30,36,45,35,29,39,32,33,31,31,23,20,32,26,33,34,34,28,31,36,26,35,26,29,22,22,33,30,34,26,28,30,35,35,32,35,35,33,36,36,33,28,37,29,29,36,26,33,29,42,24,26,30,30,35,25,30,30,28,35,34,37,28,35,29,24,34,29,34,23,28,27,31,24,21,29,28,31,24,40,40,29,25,28,37,27,31,27,27,35,27,26,33,32,28,30,36,41,30,37,26,27,21,31,29,32,24,33,41,29,33,29,31,37,29,25,32,22,36,22,33,39,32,34,32,24,28,31,36,26,27,33,31,29,27,28,32,33,31,35,27,26,29,25,42,35,33,27,31,34,26,40,40,36,25,27,26,25,28,37,28,32,31,32,33,37,27,24,35,35,34,24,25,38,27,27,30,29,31,33,34,35,33,31,33,33,29,39,30,36,28,35,25,31,25,34,29,32,31,32,31,31,29,33,35,25,31,34,30,28,33,26,35,26,22,36,31,26,35,31,27,33,23,26,29,35,29,34,25,31,23,32,41,25,35,29,35,36,16,31,36,34,26,30,32,33,28,39,38,29,26,31,21,36,22,33,35,30,34,29,30,36,24,30,22,28,30,34,30,29,34,22,28,32,28,32,30,34,34,23,29,34,36,35,31,26,37,41,33,27,24,30,25,26,23,22,27,34,36,17,33,29,31,25,29,22,37,40,34,26,29,38,31
88,100,30,29,31,33,25,37,32,35,26,21,32,42,27,35,26,27,24,25,37,30,35,24,30,25,31,26,31,32,29,31,30,29,34,37,30,24,34,24,31,32,27,33,26,34,29,35,30,41,32,29,32,29,26,26,31,33,29,41,32,26,27,29,31,40,36,31,33,35,31,36,33,34,27,27,29,36,39,27,26,26,28,36,38,32,32,45,27,42,32,26,30,27,22,27,20,27,25,27,34,30,30,22,24,36,27,35,34,27,31,31,31,32,31,25,36,32,32,23,32,28,26,29,28,33,26,34,29,27,27,21,30,30,33,30,25,22,30,30,27,44,23,28,29,35,33,27,33,36,30,32,35,29,25,31,32,28,30,27,30,34,30,27,29,33,31,38,39,24,27,36,26,28,31,25,32,28,23,38,35,32,29,33,29,35,32,20,30,34,30,27,25,28,31,21,24,29,34,29,28,43,22,31,27,27,35,31,35,29,28,31,33,31,29,35,28,27,29,34,31,32,35,29,34,26,24,27,40,33,31,28,33,31,31,29,37,24,28,28,23,27,28,30,25,34,33,25,31,35,31,28,38,33,27,28,30,23,32,26,30,33,30,25,28,44,29,29,34,25,18,33,32,28,26,30,31,30,38,38,24,34,28,24,31,30,33,27,26,29,27,36,29,27,39,37,24,27,33,27,33,29,31,35,29,32,34,32,24,36,35,30,39,26,25,26,32,35,28,21,21,30,31,27,34,26,37,24,28,30,27,29,31,35,36,38,28,27,32,26,26,33,35,26,33,26,26,28,38,35,32,28,36,36,33,25,30,30,25,22,40,33,29,22,31,26,33,28,27,30,27,29,32,32,25,31,22,35,32,29,38,23,28,26,30,26,36,31,32,30,38,25,29,25,33,33,26,25,32,35,37,24,30,34,32,29,34,31,34,36,31,30,30,32,28,27,38,27,30,28,30,28,31,33,15,28,32,31,34,26,28,30,33,31,31,44,29,33,29,36,35,27,33,38,39,30,34,28,22,33,34,29,35,33,29,27,25,23,33,35,30,30,39,34,27,25,32,30,33,30,31,29,24,24,25,30,25,27,35,28,34,29,34,30,32,30,35,36,33,31,27,31,29,24,33,27,32,31,25,26,26,31,33,30,29,33,27,29,28,36,27,32,33,31,35,26,34,24,32,36,35,30,28,32,23,25,27,24,33,30,36,24,34,30,20,35,27,22,25,33,34,27,31,32,29,29,31,31,37,28,27,33,29,29,26,25,27,33,27,27,22,27,28,24,22,30,25,36,19,28,28,30,34,34,21,26,30,32,26,35,26,26,36,28,29,41,39,38,32,24,19,35,30,26,30,43,24,30,30,24,20,27,34,26,22,34,33,37,26,31,36,27,27,22,27,22,29,29,19,30,31,37,27,24,29,29,20,27,31,34,34,35,32,29,35,26,28,22,27,26,29,27,24,29,33,31,31,31,25,26,33,34,27,28,22,28,32,32,31,36,26,27,36,33,31,34,32,31,28,36,30,27,23,30,26,37,28,38,29,35,37,31,34,35,26,25,28,33,26,23,35,23,23,26,23,30,33,23,27,34,25,35,33,21,28,27,22,27,27,28,32,33,29,33,31,26,36,25,29,32,23,25,24,31,39,34,33,30,19,34,27,28,37,21,37,25,23,30,29,30,26,28,29,23,30,30,36,28,26,32,26,29,35,30,28,33,35,33,27,37,27,24,32,28,26,34,23,23,33,27,29,28,27,34,36,28,30,30,29,33,23,28,20,29,27,36,31,22,39,26,29,33,22,32,25,32,29,32,26,32,40,33,34,24,29,30,34,31,24,27,27,35,31,26,31,23,34,31,33,31,33,32,34,36,30,25,27,34,31,23,26,25,36,34,27,38,31,27,34,31,26,28,33,31,29,24,25,33,36,27,32,32,27,27,27,29,32,29,28,27,31,28,30,28,33,43,22,25,29,28,33,35,23,30,32,39,27,29,27,33,27,30,30,24,28,23,26,25,33,30,28,30,28,29,26,29,27,30,32,24,31,27,29,34,27,31,25,29,32,32,29,31,28,31,32,31,37,20,31,29,33,32,25,24,29,36,18,26,31,36,32,38,26,35,29,29,32,37,29,31,35,42,30,32,27,35,22,32,38,33,30,28,36,35,36,26,27,30,31,35,24,25,34,28,26,22,34,36,29,26,21,33,33,22,19,30,27,24,29,28,29,40,29,26,35,32,32,29,35,32,28,32,32,26,36,32,27,27,32,35,31,31
89,100,28,29,34,26,36,26,35,29,27,30,29,35,21,30,24,29,41,26,32,24,28,35,34,36,30,34,33,33,33,28,41,34,33,34,40,34,36,32,38,41,28,31,28,32,39,33,30,37,31,24,38,29,28,32,33,24,27,30,25,37,38,31,29,32,35,27,31,22,32,21,28,30,41,32,28,28,30,29,27,29,32,30,31,30,35,28,36,32,28,34,29,26,33,29,30,22,27,29,34,25,19,35,29,31,26,27,34,26,32,31,34,24,30,27,35,25,29,29,36,34,27,33,28,30,29,23,30,28,32,33,29,33,30,37,27,40,25,34,30,24,35,22,23,31,28,26,26,27,29,33,30,34,33,36,27,32,25,28,30,35,35,26,27,33,23,23,26,20,27,32,31,33,30,30,25,38,30,35,33,28,32,28,29,22,28,26,32,26,31,28,27,32,37,29,34,37,26,29,28,33,24,25,26,29,30,33,27,28,36,23,28,32,24,25,28,27,28,28,27,37,31,29,31,32,32,26,31,31,30,28,21,29,31,37,36,26,30,37,32,30,30,35,36,39,26,33,27,34,36,26,28,33,26,32,23,26,22,34,22,30,32,27,31,28,36,23,26,36,30,28,38,23,32,24,29,26,29,34,28,24,23,33,35,29,37,35,32,27,30,29,30,23,31,24,33,32,25,22,26,37,25,28,27,29,35,30,31,33,28,38,31,36,26,25,32,32,34,29,36,34,34,33,34,24,30,38,28,25,26,41,34,32,23,32,28,28,27,28,30,32,24,27,33,25,22,27,27,32,30,28,31,25,33,32,27,33,33,33,25,29,30,31,37,25,35,25,36,29,35,41,31,30,25,35,35,30,37,33,34,26,24,22,25,32,23,31,25,28,29,39,27,40,22,38,33,27,33,28,30,31,30,42,28,17,30,32,29,31,27,32,36,32,32,31,25,27,29,28,34,35,31,32,23,34,32,32,31,25,30,34,26,29,36,41,19,30,30,37,29,31,26,35,35,40,37,31,33,38,31,33,30,40,39,34,24,38,29,37,28,38,22,33,24,35,26,27,28,36,35,33,32,29,38,33,32,32,31,38,33,29,25,26,27,34,31,26,24,27,24,40,31,40,26,23,31,31,26,26,40,31,25,29,24,31,34,32,23,29,25,38,33,31,27,29,34,34,30,28,28,28,31,38,22,29,34,27,31,28,31,28,25,30,34,31,23,27,31,31,31,31,31,29,43,28,35,25,33,36,20,26,26,27,31,27,27,30,30,31,27,28,33,35,36,46,30,26,42,35,25,25,31,36,24,34,30,32,31,32,32,33,32,28,26,43,29,26,28,33,32,33,34,32,24,24,32,30,26,34,24,28,24,34,26,29,31,35,26,24,32,30,32,24,36,25,34,30,27,34,35,31,37,37,22,28,29,29,28,33,33,25,25,26,24,37,28,27,31,26,32,34,31,34,27,31,40,30,34,33,30,24,22,32,28,35,27,37,28,27,28,30,25,26,28,32,29,30,35,25,30,27,29,23,27,26,21,31,34,23,36,36,40,25,21,25,27,21,27,32,31,25,23,37,38,30,28,29,36,27,30,34,31,36,36,28,19,28,32,32,31,31,26,37,33,37,26,31,31,33,29,40,31,26,26,31,28,23,27,37,34,30,37,36,24,31,28,33,30,27,29,32,37,31,29,28,34,27,31,28,29,28,31,36,34,25,33,38,24,31,34,28,26,22,29,25,42,18,33,27,30,25,28,33,33,27,27,34,31,42,39,31,28,34,35,35,39,27,31,27,39,38,26,27,30,33,34,37,31,26,28,30,33,28,34,27,29,25,27,23,28,37,37,29,31,25,32,37,34,25,25,42,28,33,19,30,33,27,36,34,33,22,34,30,26,29,33,22,32,35,29,21,29,32,33,21,29,34,31,34,33,25,26,30,32,33,30,25,24,33,41,25,37,31,33,28,28,32,25,27,37,41,24,38,31,35,30,25,21,31,30,29,21,26,28,31,24,29,39,32,33,26,32,31,30,39,33,33,25,31,24,27,25,32,29,30,25,34,26,31,27,34,32,33,35,32,34,34,21,34,29,27,30,29,32,30,34,33,24,23,34,29,29,30,22,36,29,30,32,27,27,27,26,32,36,36,33,34,36,31,33,27,29,34,29,32,27,28,28,36,30,26,29,31,32,29,38,29,40,27,28,30,38,30,24,37,22,31,28,22,36,34,27,33,38,29,27,24,30,35,28,29,36,33,29,27,31,27,34,28,30,34
90,100,32,16,27,31,30,32,30,20,30,25,45,34,32,30,34,32,29,32,31,30,36,37,32,35,30,31,33,40,30,36,31,33,26,24,35,30,25,32,25,23,36,27,32,27,39,28,34,31,32,30,39,35,33,26,27,31,38,29,32,32,33,31,35,28,25,32,25,29,34,35,33,29,26,18,29,31,35,33,30,35,30,39,34,37,27,23,26,33,34,33,36,32,34,28,27,40,29,21,31,30,31,31,40,30,31,28,33,34,33,25,25,26,34,35,28,26,37,35,35,27,31,27,38,31,25,24,32,26,34,34,33,29,29,38,26,33,26,32,30,25,33,26,32,23,18,27,29,28,36,27,26,27,35,24,19,27,26,29,26,31,29,25,34,36,29,29,33,34,26,35,30,32,31,33,30,34,23,43,32,24,26,30,36,33,27,33,28,22,29,29,26,25,25,20,35,24,27,28,23,22,31,30,42,36,27,26,31,36,27,29,32,27,26,30,30,31,28,33,31,23,29,34,25,36,29,30,25,24,31,28,37,33,27,22,28,25,21,21,27,24,34,25,28,24,41,39,29,30,29,28,28,22,30,30,33,31,31,26,25,36,36,17,33,33,24,32,30,38,34,29,30,31,42,35,29,35,34,25,28,32,31,37,20,27,37,30,29,31,16,29,17,39,45,29,29,31,33,29,23,35,29,28,31,33,30,33,39,28,26,25,25,31,23,32,27,28,24,32,35,25,23,27,26,28,30,28,23,34,46,29,24,33,35,34,30,33,27,36,28,26,32,32,32,30,33,21,28,24,37,38,22,31,27,31,32,26,24,34,37,32,28,27,34,32,27,33,31,31,26,27,27,33,34,23,27,29,28,21,33,28,29,33,34,23,25,34,32,31,30,18,26,30,30,36,33,33,28,32,30,36,32,34,33,31,24,33,27,30,20,33,33,32,34,33,34,24,26,30,31,19,29,29,27,33,26,31,37,22,44,31,34,38,21,31,31,32,38,39,43,24,24,34,31,40,30,31,38,30,31,30,33,37,33,28,36,26,28,31,33,25,37,27,30,30,28,29,28,28,32,28,34,32,26,35,32,27,38,31,23,27,33,35,17,30,26,34,30,31,40,31,25,32,33,39,24,24,28,21,32,34,31,33,26,25,31,33,25,32,26,22,29,24,25,29,30,39,24,36,28,33,33,29,27,26,29,29,27,28,29,28,26,26,30,32,21,27,27,27,28,28,32,27,31,33,28,38,37,38,31,38,33,33,39,33,28,30,27,31,32,25,28,34,31,27,35,24,36,30,29,29,31,31,37,30,31,34,25,27,36,32,25,36,32,28,27,21,38,25,34,31,30,21,27,28,27,31,30,33,24,27,29,32,27,30,25,30,30,27,39,29,26,36,27,37,23,37,36,27,26,26,25,33,32,29,23,27,31,25,30,35,33,37,26,31,25,28,35,34,33,26,33,41,29,28,29,29,33,28,28,35,32,38,35,34,29,34,31,33,40,29,20,37,26,31,27,28,31,33,26,19,33,19,35,20,25,35,29,34,32,33,35,32,29,23,33,36,32,38,32,35,34,27,37,30,38,30,32,26,30,32,34,24,25,24,25,28,36,27,33,26,38,34,26,28,18,24,22,30,31,29,25,30,35,24,32,31,35,34,33,29,27,29,29,30,23,32,31,28,34,32,34,27,27,40,26,37,33,30,23,26,31,30,29,31,27,24,31,30,26,25,29,31,33,26,31,37,20,28,22,36,34,25,29,37,23,29,34,26,33,32,32,37,36,33,32,33,32,27,36,30,28,26,31,26,24,28,30,26,18,31,35,41,28,32,28,37,18,26,35,25,32,26,26,28,28,27,31,30,25,20,28,31,36,30,30,30,16,30,36,29,31,21,29,37,30,23,28,28,36,29,30,38,27,34,31,25,26,31,31,27,42,32,30,28,28,28,31,26,29,23,30,28,25,31,26,23,24,26,26,29,26,35,26,26,32,34,31,32,29,27,40,38,30,29,36,29,28,29,33,28,24,35,30,34,26,26,35,27,31,35,32,36,28,28,26,27,34,29,34,34,31,26,28,28,33,25,33,23,30,26,32,38,29,33,28,28,41,25,34,32,35,35,22,26,25,29,24,34,30,31,36,21,28,25,37,21,34,27,37,32,28,26,31,33,36,32,30,35,32,24,33,39,20,30,28,28,27,25,37,24,30,25,33,24,19,28,31,23,29,31,33,32,31,26,29,24,27,31,25,32,29,20,36,29,21,27,24,38,29,32
91,100,30,35,26,31,34,29,31,37,31,28,30,27,27,37,36,23,31,32,31,27,31,25,27,27,25,27,30,26,35,30,32,32,32,28,24,33,32,37,24,31,35,30,33,35,36,28,33,23,24,28,32,37,36,23,38,38,27,37,34,22,26,33,23,23,29,42,38,32,33,32,38,28,28,33,25,26,26,37,31,30,33,33,23,31,29,27,23,26,31,27,35,32,44,37,34,23,30,33,29,29,40,33,26,22,28,20,24,28,30,26,32,30,34,29,23,24,32,29,27,30,27,31,36,28,35,28,30,29,27,21,22,34,31,28,27,30,33,28,34,28,38,32,28,28,26,32,33,27,39,27,33,39,23,21,25,29,28,28,28,24,30,25,20,29,28,24,33,33,33,29,29,31,35,31,28,30,29,31,33,28,24,30,29,27,28,26,25,23,37,29,32,36,35,27,30,29,30,30,34,29,28,30,30,37,27,36,30,27,28,31,30,25,23,26,28,22,29,28,29,27,26,30,31,39,33,27,32,32,31,36,20,27,26,29,28,27,26,27,23,32,25,24,30,27,19,24,34,35,36,28,28,32,37,26,33,33,34,18,33,34,34,34,29,23,30,29,29,25,35,30,35,28,27,26,33,26,29,26,33,39,28,31,37,25,34,35,34,27,31,39,25,30,23,23,27,32,28,23,27,33,32,27,39,32,31,32,30,27,29,36,30,32,36,25,28,29,27,30,31,33,28,25,28,29,34,27,26,34,35,29,33,35,23,24,26,30,26,25,34,28,35,33,27,28,34,24,31,35,22,26,38,28,29,28,29,34,31,29,28,28,34,29,28,38,27,29,23,27,27,26,29,32,32,22,31,28,25,28,36,30,31,34,35,37,27,21,28,29,38,32,32,32,35,29,26,35,32,33,36,22,29,28,25,32,25,23,28,28,23,34,37,35,31,18,27,29,24,36,21,25,26,26,34,29,30,34,28,32,34,32,30,27,25,27,27,30,27,33,36,32,30,37,39,40,21,31,26,31,30,32,35,33,33,28,29,38,24,29,26,23,29,31,36,35,31,27,36,28,28,28,28,23,22,33,28,43,29,25,30,33,28,28,27,31,32,26,33,33,34,32,34,29,34,22,27,38,26,34,35,23,25,35,33,25,27,28,25,32,23,26,31,29,32,34,40,24,26,32,22,35,33,22,24,31,31,27,32,29,29,35,32,21,26,32,35,41,29,26,27,29,31,35,32,30,24,30,34,31,31,26,32,27,34,21,30,23,31,23,24,28,26,34,27,29,25,27,21,33,32,22,27,27,30,29,27,24,34,24,28,23,33,33,32,28,30,32,26,27,30,17,29,32,29,31,28,33,26,29,37,27,32,28,28,31,29,36,35,29,32,28,35,33,33,35,27,30,29,29,33,41,22,30,33,28,26,33,21,28,29,29,30,27,36,27,28,37,33,39,29,36,29,31,31,30,27,36,32,31,31,32,29,29,38,28,19,36,27,35,21,41,26,29,31,36,37,36,39,33,32,27,27,25,27,31,33,33,34,34,23,17,28,32,26,22,34,30,34,28,27,35,31,34,34,29,25,26,29,31,41,33,28,28,33,32,33,29,28,34,36,29,39,29,46,31,29,28,29,38,32,36,28,35,29,29,28,29,26,26,28,33,26,31,32,38,35,33,35,30,28,24,25,36,28,26,29,29,27,34,39,32,30,29,36,33,26,26,30,29,35,27,29,27,26,24,27,33,35,33,33,25,29,25,28,27,27,27,30,27,27,29,26,29,26,33,26,29,26,30,26,38,28,30,29,33,26,29,27,22,41,24,27,43,37,35,31,32,31,29,26,29,32,31,35,24,34,29,25,33,25,24,29,27,29,31,35,28,26,27,33,34,35,31,33,34,29,30,24,28,39,23,34,26,28,30,31,32,32,31,27,39,26,28,32,33,29,28,23,25,22,36,32,34,39,35,22,27,24,30,28,21,31,29,25,34,30,29,34,29,29,32,21,28,34,34,35,32,27,37,28,29,29,26,26,35,31,34,32,23,25,31,34,31,28,29,28,29,35,27,30,34,33,23,24,37,26,29,24,27,27,30,26,25,25,29,35,34,33,26,26,30,23,27,27,31,33,35,29,27,36,31,30,37,29,24,21,25,32,36,45,35,29,33,31,21,39,23,30,37,27,24,26,26,29,24,27,32,28,28,32,33,25,25,29,28,33,29,27,32,24,32,26,32,33,24,26,27,28,28,32,31,27,27,24,27,37,24,33,31,31,33
92,100,29,30,35,31,29,30,34,36,35,35,37,37,39,26,33,33,31,33,26,37,35,26,28,32,29,25,29,30,25,29,30,27,34,31,27,27,25,26,31,35,34,25,40,33,27,24,22,27,28,34,27,22,25,30,28,33,30,17,25,30,33,27,30,27,32,33,30,31,34,31,33,24,31,33,33,30,31,30,38,27,35,39,30,25,32,32,28,26,30,32,32,27,35,27,32,25,32,32,24,32,31,38,32,38,34,34,30,22,39,35,26,36,24,35,32,37,23,30,39,26,27,27,27,27,25,30,33,32,31,20,34,40,37,27,33,25,32,31,21,19,27,27,35,30,29,32,36,31,30,21,33,34,21,30,28,30,33,30,31,25,24,25,23,36,30,21,22,33,36,32,37,25,31,34,31,31,37,28,24,23,30,27,24,35,28,32,31,27,31,29,29,29,31,30,28,39,31,31,33,23,23,28,26,26,29,35,35,23,32,33,38,25,31,29,22,29,25,22,29,29,19,31,29,40,25,24,33,38,27,31,37,34,23,23,31,24,35,23,29,38,35,30,34,33,32,24,35,23,36,31,36,37,21,26,31,28,31,32,23,33,33,20,31,29,26,27,30,35,23,30,29,30,32,28,34,29,27,32,28,35,31,24,27,24,33,39,32,33,24,26,29,28,31,28,30,30,36,22,27,22,32,37,30,25,22,28,40,32,30,27,31,32,25,31,34,27,30,24,30,18,21,28,25,28,22,31,34,31,27,25,31,27,33,30,25,32,30,30,31,33,31,27,29,23,20,26,37,22,32,32,27,32,28,34,33,25,25,32,24,25,44,32,31,30,22,34,38,23,26,38,30,33,32,26,31,30,31,28,23,34,29,26,31,36,30,21,32,31,31,26,38,36,31,23,31,24,35,30,27,28,30,25,30,30,30,32,29,30,29,28,28,24,34,21,33,30,30,35,33,30,35,30,29,34,37,25,38,31,29,34,34,33,22,32,41,31,26,30,33,21,25,25,29,36,31,32,35,30,30,30,31,30,32,25,27,35,32,31,30,27,28,21,32,33,35,32,19,36,23,26,34,35,24,33,31,25,27,35,34,29,22,34,31,31,36,23,22,25,26,36,23,28,28,28,28,29,37,25,37,30,31,26,26,26,28,25,30,24,33,32,24,36,36,31,32,27,30,30,31,27,27,29,32,34,24,39,28,32,36,28,37,32,42,27,28,35,29,22,29,32,26,26,23,37,32,29,31,30,26,37,36,32,27,30,31,31,29,25,23,27,37,37,28,34,26,35,31,30,21,34,27,30,31,30,33,28,33,34,33,33,21,30,36,26,27,25,39,27,25,23,36,26,28,24,29,38,30,32,36,33,36,25,28,32,28,27,23,21,34,35,38,30,31,36,36,23,37,30,36,28,34,30,26,30,31,20,24,32,28,26,29,21,36,30,29,23,16,32,23,30,23,34,37,29,32,29,32,27,39,27,32,38,34,27,31,26,27,44,29,24,37,26,27,31,31,36,30,34,33,25,21,26,29,25,27,28,34,27,30,29,33,33,30,22,27,32,28,27,28,22,34,30,23,26,27,34,28,26,36,22,21,32,31,37,26,30,26,21,24,30,32,25,31,33,27,26,37,26,26,26,30,39,29,33,30,30,36,31,31,19,31,31,28,30,28,28,32,25,26,22,27,30,29,27,25,24,26,35,38,27,29,30,36,26,27,34,26,34,25,37,35,31,24,21,29,35,28,38,25,30,22,29,33,37,24,29,22,35,25,22,29,30,28,34,25,27,29,28,26,32,30,33,33,35,29,34,37,32,20,36,28,33,21,27,33,24,29,29,39,35,29,30,31,36,31,24,26,29,40,25,36,35,27,34,24,29,30,28,34,29,33,32,18,33,32,37,22,27,27,38,28,31,28,25,26,33,30,32,27,33,30,34,22,27,30,28,35,33,26,23,32,35,36,24,26,32,23,33,26,29,27,29,29,29,26,28,32,30,32,29,28,30,24,26,27,21,31,35,39,31,39,32,26,28,23,29,31,42,26,38,28,25,22,32,34,30,27,34,31,19,19,26,25,28,30,40,32,30,30,30,30,32,35,30,25,37,34,33,28,31,33,38,33,19,33,38,31,24,25,34,29,37,27,28,29,31,23,35,29,36,30,29,29,30,35,30,32,38,33,31,28,24,31,31,35,33,24,30,28,25,36,28,33,30,28,30,29,28,28,18,26,28,33,28,37,23,24,25,33,32,26,33,25,27,25,27,33,27,29,31
93,100,24,31,40,29,29,31,32,29,42,33,25,39,26,34,43,22,35,35,24,28,26,30,27,31,24,34,26,28,37,32,28,35,30,39,29,30,34,30,38,27,31,27,36,28,30,25,34,26,35,34,33,33,32,30,41,21,29,30,26,39,33,27,38,32,31,37,19,45,29,31,32,25,27,34,34,36,30,28,28,28,24,36,30,34,30,35,24,31,33,36,31,30,36,30,36,25,33,35,31,32,27,33,27,37,28,25,27,30,32,23,29,29,34,30,24,31,34,33,30,32,34,37,31,32,34,24,30,37,24,25,32,22,27,34,27,34,31,24,29,31,34,47,29,32,32,32,33,25,33,27,31,31,35,31,29,33,25,23,32,27,26,30,26,31,26,32,26,30,33,36,27,29,38,31,21,33,33,35,37,39,30,34,33,27,27,29,23,31,25,26,32,30,34,35,24,33,22,28,28,39,32,31,30,39,27,28,24,38,27,29,36,32,30,25,29,30,34,31,36,29,32,39,31,31,27,40,29,29,27,33,24,36,34,26,31,40,28,29,36,28,37,32,29,38,21,19,32,27,34,28,28,25,24,21,31,37,28,29,32,31,40,29,27,32,26,32,34,25,27,24,34,39,23,31,30,34,32,31,37,33,26,25,31,42,26,32,32,25,29,31,35,25,32,31,36,27,29,27,26,27,27,24,36,27,37,28,31,32,36,20,31,32,35,30,23,32,29,37,30,26,30,31,34,32,26,27,20,31,28,31,34,29,37,32,32,24,30,26,30,31,27,34,32,33,29,27,41,23,38,29,33,32,35,36,30,29,28,33,32,28,26,26,32,37,29,28,31,31,39,30,28,26,31,31,29,31,22,25,37,33,28,32,32,31,30,30,34,28,28,26,31,37,33,23,27,33,23,29,33,25,30,28,30,26,23,29,33,34,36,32,27,35,29,31,29,30,42,31,31,29,38,32,30,28,33,30,31,37,25,36,36,29,31,35,32,35,31,26,25,31,32,30,23,26,24,36,32,32,26,33,35,29,35,25,33,33,32,34,39,30,31,31,32,23,27,43,28,23,33,26,36,32,27,34,34,25,29,20,36,31,32,38,27,37,26,27,25,37,31,29,28,34,30,30,35,27,30,31,23,31,31,35,31,27,35,27,25,34,35,25,27,26,31,31,26,28,31,31,31,30,31,27,31,30,29,24,37,32,22,31,43,23,29,32,27,35,34,28,29,22,23,34,28,33,28,30,28,34,29,34,30,28,30,30,29,26,23,30,26,31,28,29,27,34,22,32,28,39,30,23,34,24,25,27,35,35,31,31,31,30,31,26,28,23,29,23,30,34,30,31,33,20,28,35,36,30,27,24,21,27,30,28,27,24,29,33,26,24,28,35,30,26,35,27,29,26,26,35,26,26,33,23,25,27,29,32,31,30,36,24,28,40,24,31,22,22,32,27,38,34,24,26,29,32,24,35,26,39,33,27,25,20,22,34,32,28,27,33,34,28,27,28,29,32,29,34,27,25,33,28,30,36,34,31,39,26,28,34,31,24,28,31,28,30,28,33,31,28,24,22,24,34,29,37,27,30,31,36,39,31,32,30,29,28,35,30,34,31,29,27,28,26,30,40,26,35,28,28,22,35,27,30,34,22,24,37,30,29,33,28,35,37,34,29,31,24,32,26,37,28,25,30,36,27,24,25,29,28,33,30,30,25,30,23,29,25,36,23,36,28,29,27,29,28,28,25,22,32,33,36,31,24,30,28,29,23,25,29,21,25,27,33,32,31,33,34,27,27,20,35,32,25,18,26,33,25,32,26,22,27,24,37,32,31,27,29,29,30,24,29,37,28,35,24,25,33,33,30,26,33,41,32,22,31,29,32,27,24,24,35,26,20,23,22,30,38,24,29,35,33,26,31,25,33,31,31,29,38,29,29,33,30,36,35,28,23,33,32,29,34,35,40,32,27,26,36,28,29,32,28,37,34,34,35,23,33,35,36,28,29,23,25,35,22,27,25,35,30,31,34,35,28,25,29,24,31,26,29,31,24,37,29,30,38,25,34,25,31,33,34,28,25,25,34,25,32,33,33,29,36,22,38,28,32,25,32,27,27,30,27,40,30,26,31,37,34,30,23,32,28,23,32,35,34,34,33,31,26,31,35,39,32,30,37,32,22,29,36,37,28,26,30,29,28,35,33,27,30,31,33,32,30,42,24,31,24,36,38,38,22,23,35,31,31,25,32,35,31,29,19,31,29,28,24,25,28,28,26,26,36
94,100,26,35,33,29,28,22,28,29,28,37,29,23,32,23,29,35,23,25,31,24,31,26,27,24,32,27,28,35,31,23,31,28,24,37,27,27,26,25,21,32,26,35,30,24,24,19,33,30,36,30,31,35,29,28,33,27,35,30,29,31,31,23,22,28,29,30,39,33,24,36,27,29,28,31,27,24,31,35,30,33,25,33,22,44,32,35,24,34,31,31,27,35,28,31,29,31,29,27,30,27,34,29,30,28,35,36,24,34,33,39,35,30,27,32,27,30,43,27,33,36,31,32,40,29,36,32,28,15,34,28,31,31,27,27,31,33,23,22,34,34,31,31,26,27,29,31,21,32,28,24,26,30,26,25,32,31,27,33,34,27,32,34,30,30,27,24,32,28,33,27,24,36,31,33,24,32,29,27,31,26,34,32,36,32,36,18,29,26,32,35,36,35,36,38,25,32,28,25,25,26,35,34,40,25,35,38,30,26,30,32,38,27,43,28,30,30,33,23,24,23,32,22,33,30,31,28,37,26,26,30,29,29,29,23,31,28,29,28,33,35,33,26,32,32,31,40,32,31,30,24,36,28,33,24,36,36,30,28,33,27,32,29,34,33,28,31,32,34,27,32,24,25,28,32,35,29,34,26,28,30,26,35,28,20,31,39,32,24,28,34,32,32,28,27,24,34,29,26,23,30,36,29,33,26,35,31,28,35,29,34,32,27,31,32,32,36,33,27,28,23,29,29,35,25,32,30,28,24,31,26,29,31,24,29,31,35,29,33,23,28,27,31,29,25,32,25,35,32,32,32,31,29,20,33,37,25,37,24,30,33,34,31,31,41,24,33,34,36,22,30,30,33,31,23,36,27,27,25,35,39,30,31,33,30,32,19,23,29,23,33,26,33,30,26,23,39,28,22,36,34,35,26,34,35,29,34,32,35,29,27,34,27,31,32,33,29,34,37,34,26,34,25,37,33,31,27,26,23,36,33,29,33,25,33,27,33,26,30,28,30,27,30,32,32,31,21,35,31,28,31,28,26,24,31,34,33,33,33,30,25,25,27,25,26,40,24,33,30,33,31,29,35,32,38,39,30,35,37,33,30,27,32,30,36,29,31,31,31,23,28,30,26,35,27,24,26,31,33,37,24,27,32,27,28,30,25,18,35,26,24,25,29,26,34,31,39,39,26,23,30,37,28,24,35,31,33,30,24,21,27,34,25,34,38,24,27,27,26,34,35,36,27,17,30,40,26,31,25,35,35,25,23,34,34,32,32,32,35,33,34,33,30,25,40,29,39,26,32,26,27,24,29,22,27,30,28,34,22,29,24,33,24,39,26,29,25,37,32,23,32,26,32,26,31,25,26,28,36,34,24,35,31,33,30,27,26,19,29,32,27,24,33,29,32,25,25,39,34,30,33,23,29,40,30,36,33,23,31,26,34,32,43,34,28,29,22,37,26,25,31,29,31,34,25,28,32,22,37,31,34,22,27,35,31,30,23,25,38,29,43,25,34,28,29,30,34,30,31,33,28,31,31,29,23,29,29,34,28,37,27,35,25,26,28,34,29,29,27,30,32,19,28,24,33,39,28,24,30,32,28,32,30,26,25,27,31,31,33,33,25,25,29,30,33,39,31,35,39,28,28,29,37,30,38,29,31,24,34,29,31,32,24,24,39,36,29,23,30,29,31,37,34,31,35,38,42,35,30,33,29,30,21,33,31,33,32,30,32,33,27,34,26,37,28,30,24,33,32,33,40,25,27,26,24,23,30,35,34,35,30,42,35,35,39,30,32,33,29,28,24,29,39,30,28,25,39,29,30,26,38,31,25,26,28,28,32,25,31,34,30,42,27,26,36,25,35,27,30,24,30,25,30,37,32,24,35,27,26,39,33,37,31,35,28,27,36,35,25,29,36,25,32,25,31,32,31,37,34,30,37,34,35,25,30,26,25,31,27,31,26,37,30,38,27,22,30,23,27,26,29,30,30,27,29,37,31,29,25,29,29,29,29,25,33,21,33,32,18,36,33,35,27,24,31,30,31,32,32,29,33,29,22,24,32,31,30,23,32,27,32,35,31,32,27,26,31,33,21,28,28,35,27,29,33,32,26,27,24,29,21,32,34,31,36,32,25,32,33,26,35,31,30,32,33,34,27,33,33,36,26,37,24,36,26,25,30,38,29,33,28,25,31,40,34,27,29,24,40,36,26,35,30,22,34,30,36,34,28,27,29,39,34,39,35,28,25,27,34,28,23,32,38,38,28,24,35,30,30,29,35
95,100,35,32,28,29,41,39,19,28,28,27,29,32,30,33,20,32,40,26,21,31,37,32,31,23,30,29,31,44,34,30,29,42,30,34,29,33,26,19,26,27,34,31,30,31,31,33,34,26,27,26,32,31,30,31,35,33,31,34,28,23,32,21,32,31,33,36,33,28,25,36,31,34,29,28,22,24,29,33,38,28,24,33,32,32,29,36,34,33,25,30,34,29,25,27,27,27,35,24,28,27,26,32,24,24,36,41,27,29,33,34,35,24,28,28,25,22,27,28,29,33,27,26,26,36,32,33,24,36,37,34,28,35,27,32,22,40,28,29,32,25,28,36,32,42,34,35,25,32,37,25,27,33,38,28,26,27,27,29,22,25,24,27,28,28,32,29,40,32,24,31,32,27,31,35,25,26,33,30,26,35,33,31,24,39,30,31,27,28,23,31,38,29,27,26,31,30,35,36,26,32,28,32,30,31,42,40,29,34,28,27,30,29,30,27,33,29,37,31,25,22,29,22,35,27,35,39,28,39,33,27,27,41,25,30,32,23,28,28,31,29,28,30,28,35,26,27,34,36,33,25,38,24,38,36,39,30,22,30,26,20,30,24,24,39,31,26,29,32,28,23,36,37,32,33,38,23,29,21,21,39,29,26,38,31,31,38,21,34,30,41,37,25,25,29,30,28,35,31,33,24,33,26,34,29,34,24,24,30,32,34,26,27,20,33,37,37,30,24,33,30,29,35,34,32,30,30,29,26,33,24,31,23,30,28,29,31,31,30,24,34,31,24,24,25,29,29,35,21,24,29,35,30,33,34,26,34,40,36,34,38,37,36,24,30,27,29,38,26,24,33,26,20,33,30,41,35,27,31,27,31,23,25,25,28,31,27,29,34,35,34,37,28,28,29,32,31,35,26,29,25,28,29,27,34,26,26,31,30,31,24,34,26,30,29,31,31,24,24,36,18,23,34,27,27,29,23,29,29,37,27,35,28,30,24,36,26,35,27,26,28,33,39,27,33,37,29,32,23,32,28,32,30,30,30,27,30,29,32,30,31,31,37,33,36,35,39,30,21,24,21,30,28,38,22,31,29,31,22,28,32,32,41,30,31,29,35,32,24,30,30,33,27,33,34,31,35,29,32,38,27,27,39,24,35,37,26,40,30,31,27,29,34,29,23,29,36,22,34,30,37,25,33,30,30,26,28,28,36,26,33,27,33,26,23,29,33,24,28,35,24,31,29,25,38,29,32,33,33,40,31,35,34,32,38,27,25,25,31,34,32,28,32,20,31,29,32,33,38,24,20,26,33,24,32,33,34,37,35,32,22,28,28,30,34,35,23,24,34,27,31,30,29,39,28,28,35,38,30,29,26,38,32,31,36,30,32,26,34,39,28,33,32,32,32,18,36,37,26,38,31,35,23,29,26,31,32,29,31,27,36,25,35,33,22,30,22,34,32,21,31,29,30,26,30,24,31,40,29,30,33,35,40,30,33,32,26,30,24,27,35,25,34,28,26,35,33,20,25,30,17,20,33,24,29,35,28,30,32,35,35,30,31,37,21,32,33,27,30,26,27,23,31,28,31,24,27,28,42,26,27,30,31,22,27,25,25,30,28,40,30,21,22,27,31,34,31,32,31,32,32,22,29,32,33,31,33,28,28,31,25,27,30,26,39,30,30,32,27,31,32,25,36,34,31,33,28,39,29,34,33,31,26,38,35,26,26,31,29,31,35,31,37,34,31,31,40,33,37,30,27,26,31,23,27,28,29,25,30,38,28,33,37,28,25,34,25,26,28,34,26,33,32,33,30,35,36,29,23,36,33,35,34,28,30,25,29,28,32,33,23,26,37,27,43,23,40,35,29,31,29,28,37,38,21,28,28,30,27,35,35,28,34,34,25,32,36,26,38,33,31,17,30,25,24,34,35,31,29,28,38,29,30,31,28,39,28,31,29,32,26,23,20,28,26,31,26,30,30,37,31,26,27,36,26,38,30,33,33,30,28,33,32,28,36,26,28,31,26,22,27,30,33,31,29,28,26,23,26,27,40,26,25,30,34,32,28,30,24,36,37,28,35,23,25,34,22,41,34,32,29,36,30,24,22,26,37,27,25,27,28,31,34,30,37,34,36,38,26,38,20,32,28,28,27,32,26,23,29,23,36,22,31,35,33,29,32,31,25,32,21,34,31,31,21,21,35,43,31,30,30,31,35,26,40,26,27,23,26,22,24,30,32,28,31,35,39,30,30,28,29,29,32,24,26,32,29,33,28,24,32
96,100,30,23,27,24,26,44,32,33,34,29,34,23,33,40,29,32,28,35,33,28,20,23,34,25,36,34,29,29,36,32,23,26,28,28,37,31,29,26,29,35,19,40,35,29,34,31,26,31,23,29,39,36,35,31,35,27,30,30,30,32,21,30,31,34,31,34,28,39,28,30,35,33,22,27,29,25,23,27,24,29,30,31,29,26,32,22,28,32,27,26,36,34,24,23,39,22,30,38,32,28,41,29,29,28,30,32,32,28,30,27,28,33,23,37,30,35,27,34,26,33,27,37,25,30,32,28,34,30,30,36,20,28,33,25,26,23,35,27,30,32,34,26,32,34,24,27,37,25,25,32,27,36,27,32,30,29,33,35,29,29,30,37,27,20,30,27,38,37,35,31,27,29,36,28,28,31,31,30,34,27,25,32,19,31,25,38,29,30,26,34,29,30,26,29,34,20,26,38,26,35,25,31,34,21,28,35,30,36,31,33,35,22,30,43,24,29,28,31,32,33,38,37,33,26,28,21,34,28,25,23,27,23,23,34,32,33,28,34,26,32,30,31,29,33,35,26,32,34,33,28,28,34,28,32,29,24,22,21,26,31,29,31,28,33,27,24,25,31,28,17,25,33,31,38,36,26,19,31,26,29,28,25,27,23,26,39,31,23,29,33,27,34,31,33,26,27,27,30,31,33,26,31,35,26,39,32,33,27,36,33,29,32,36,30,32,36,31,29,30,27,32,36,32,25,31,29,30,21,27,20,34,24,21,36,30,34,41,22,40,25,21,33,29,25,31,31,23,24,18,17,24,28,21,31,27,26,34,30,30,25,26,26,28,24,37,31,30,24,28,27,33,34,26,31,37,28,26,33,24,25,32,26,26,29,34,28,23,36,29,23,22,29,26,32,28,21,35,23,37,32,37,25,30,20,26,35,25,32,30,33,31,23,24,33,31,23,34,24,32,27,29,27,30,32,26,25,32,28,37,30,30,23,26,31,30,33,24,30,34,32,30,35,30,30,19,23,19,25,31,30,34,26,33,37,33,21,30,29,32,36,31,26,33,26,23,36,31,37,38,33,24,25,35,29,38,35,31,29,31,31,33,28,26,32,37,34,28,29,27,31,31,32,26,27,34,29,29,24,33,34,19,29,35,36,30,25,30,26,32,28,29,33,35,32,31,30,22,26,26,22,24,41,38,38,23,29,22,27,31,25,39,29,20,35,25,25,26,37,36,29,39,32,20,27,31,29,29,30,41,32,20,32,26,26,30,33,29,33,26,30,29,41,31,25,31,26,36,37,32,21,30,25,29,32,40,30,36,27,31,30,28,30,25,29,39,26,31,30,29,28,28,26,29,33,35,22,23,33,28,28,27,30,27,33,28,37,34,28,27,21,23,26,27,33,22,28,36,36,34,28,28,27,30,33,29,35,35,32,30,29,30,32,36,39,30,23,26,31,30,28,35,30,30,31,35,30,32,30,26,38,24,28,33,34,27,32,31,33,32,26,24,30,29,29,33,35,41,27,29,28,22,26,27,29,26,33,32,27,33,29,26,27,33,24,24,36,23,24,27,29,31,28,24,31,31,29,31,34,36,27,33,41,23,30,34,32,29,25,26,29,30,30,32,38,18,31,30,35,31,30,30,31,34,37,28,32,30,36,34,35,31,36,24,34,28,33,26,30,32,32,37,37,30,28,31,35,37,33,27,15,25,27,28,29,26,30,22,30,29,35,33,21,24,36,25,32,24,31,30,38,27,29,32,38,31,28,35,27,30,31,36,29,30,28,34,19,30,31,32,34,28,25,25,27,28,30,25,25,28,30,28,33,28,28,29,26,38,30,26,35,37,27,38,29,27,27,26,30,26,28,25,30,35,31,30,33,30,35,27,30,31,38,27,29,28,32,43,30,25,22,33,24,26,23,23,23,33,29,40,33,28,29,40,33,27,26,25,28,37,31,32,29,31,27,31,21,33,26,33,35,27,35,36,34,29,26,31,40,30,28,28,27,37,24,36,31,30,20,28,30,25,21,36,35,25,30,29,25,30,32,33,29,23,30,33,27,36,32,24,28,30,37,24,27,32,25,31,26,29,27,28,31,32,29,29,44,31,24,30,34,22,32,32,30,31,28,36,32,26,31,30,30,30,30,29,26,27,36,27,24,33,32,37,33,36,32,29,28,33,34,22,29,26,25,31,35,31,29,25,35,27,31,33,34,30,29,20,29,37,31,28,40,26,21,23,20,32,25,34,38,34,40,25,35,30,37,34,31,26,32
97,100,27,34,32,35,37,33,32,33,21,35,31,41,33,28,30,28,38,34,35,30,27,31,37,23,25,35,20,27,33,30,28,31,31,30,37,30,35,29,36,30,30,35,33,31,29,29,20,33,25,33,29,31,39,27,42,36,23,32,26,39,28,23,24,34,30,30,42,22,34,24,27,34,24,35,35,30,27,25,26,27,32,33,23,25,26,29,31,27,28,31,28,20,36,25,27,35,28,21,30,42,36,31,31,26,29,28,26,37,30,31,30,22,21,33,29,39,34,33,26,31,21,34,32,30,29,36,26,32,22,26,26,31,35,25,22,29,28,29,32,29,31,30,26,30,24,32,43,32,25,32,36,35,30,32,36,36,29,28,27,30,32,28,37,25,30,34,30,32,30,32,24,32,28,34,30,34,29,32,28,24,27,31,28,35,30,22,34,24,24,28,26,27,23,36,26,28,31,30,32,33,35,30,24,27,32,28,25,31,37,36,33,33,26,24,34,33,29,35,28,36,38,31,31,34,26,24,30,33,30,28,24,39,24,33,27,31,31,29,36,24,34,24,34,34,28,37,27,33,26,26,31,22,36,39,29,31,29,28,31,30,37,24,31,25,25,31,24,35,25,35,33,26,29,39,30,25,30,27,25,30,40,35,26,23,33,23,41,38,32,37,34,34,28,27,28,29,27,34,27,33,25,25,31,31,25,24,30,28,21,31,28,32,30,25,33,32,35,27,28,24,33,32,27,26,27,32,37,25,25,27,20,32,23,42,27,28,33,38,23,26,28,32,35,37,28,36,29,24,37,29,29,29,31,16,22,33,31,31,28,29,32,26,26,30,38,40,31,27,29,27,29,28,32,22,27,23,33,31,30,28,36,31,34,32,28,25,29,37,30,29,28,33,37,32,34,27,25,29,39,30,29,30,39,25,29,32,26,27,31,29,30,27,35,25,25,27,26,24,33,29,30,20,26,25,33,34,23,32,32,28,32,34,24,33,25,30,26,37,37,35,36,29,34,25,26,36,39,28,31,32,32,36,29,29,39,28,29,37,40,29,25,31,30,34,33,30,36,28,29,27,34,31,35,31,35,22,33,27,28,29,32,30,24,25,38,23,36,26,38,31,22,27,33,30,28,23,31,33,34,36,36,40,27,33,29,21,30,33,28,37,27,43,22,35,37,35,31,32,35,33,26,37,27,38,32,30,31,36,30,31,35,37,29,34,26,26,28,42,29,34,37,34,30,24,25,25,29,24,28,29,31,19,32,27,31,27,26,33,28,26,34,38,27,24,30,37,28,37,32,28,36,24,24,24,30,24,34,36,29,35,26,31,20,38,28,35,31,27,34,38,26,28,30,28,34,27,29,31,34,19,30,23,29,35,33,32,34,28,22,27,41,33,33,35,30,28,30,27,39,27,37,35,34,26,38,27,37,31,32,23,30,26,24,30,28,30,23,27,41,22,21,35,28,40,31,46,21,28,24,33,34,30,27,37,20,25,32,26,28,23,27,30,31,27,30,33,27,33,35,30,31,28,22,26,23,43,21,28,28,28,36,27,24,28,30,38,37,32,26,32,30,38,25,26,29,26,26,28,33,39,26,41,30,35,29,26,39,24,27,28,24,38,24,27,28,32,25,35,25,33,34,28,28,35,30,26,31,24,26,32,33,24,34,28,24,29,33,23,39,24,17,37,26,28,34,26,26,37,25,31,29,34,20,25,22,29,20,31,30,18,34,33,33,24,24,33,25,24,29,34,28,39,27,26,23,25,20,26,24,27,33,33,33,38,29,36,30,28,22,32,33,21,25,31,29,28,20,21,32,31,26,31,29,26,29,22,34,27,28,33,25,31,24,29,30,28,34,41,30,36,35,27,32,34,30,38,35,30,32,22,31,25,31,33,26,32,24,29,27,26,32,16,25,32,30,29,30,29,27,24,33,28,30,37,39,21,32,33,30,35,31,23,32,33,27,28,27,21,30,37,33,22,23,23,33,27,28,28,34,29,24,29,25,35,33,32,21,30,34,31,35,28,25,29,24,40,30,37,33,30,25,34,23,37,36,29,29,32,28,39,24,36,29,30,25,28,26,23,34,30,35,27,38,26,31,31,29,45,31,32,35,27,35,32,30,36,28,27,31,38,25,29,30,29,34,26,23,31,25,32,33,38,32,27,31,33,25,33,32,30,38,28,35,28,34,33,30,34,29,30,36,34,29,41,33,34,38,31,34,27,35,32,33,29,33,29,36,27,26,30,33,33,32,28,34,31,28,27,25,27
98,100,27,30,26,32,28,35,32,29,34,30,29,34,27,25,35,27,37,27,24,28,32,32,34,33,30,30,29,21,23,25,30,31,29,33,34,24,36,28,32,34,31,28,22,31,30,32,32,25,33,42,34,31,32,22,39,28,25,29,29,34,29,33,37,36,25,38,22,40,29,37,29,32,37,28,21,34,32,26,33,23,31,33,25,27,25,30,23,27,30,31,26,35,39,37,30,36,38,26,36,28,31,31,37,35,29,31,24,20,41,31,25,28,25,25,34,33,38,31,30,38,18,31,35,33,29,29,32,29,28,21,27,34,30,24,24,31,28,27,30,29,27,32,28,35,30,17,23,32,30,30,32,30,32,29,28,30,30,33,34,27,30,34,25,27,22,30,36,34,32,28,34,42,29,26,41,31,30,31,32,23,35,38,37,35,29,32,31,25,27,34,31,27,33,25,29,36,31,34,26,28,31,28,31,34,33,29,32,28,30,32,31,28,32,26,21,30,31,33,30,23,28,34,29,29,30,28,39,34,43,32,34,31,28,31,41,23,38,27,38,21,38,27,26,34,26,29,37,24,23,35,28,23,35,29,31,25,29,27,31,27,34,33,30,36,31,36,27,35,35,28,27,26,33,30,36,30,33,22,30,35,29,24,28,29,36,27,23,30,29,32,24,31,33,37,32,25,33,28,33,24,27,37,30,30,31,28,31,23,31,41,26,34,40,33,21,30,23,28,25,26,39,35,33,31,23,25,30,32,29,28,34,31,29,25,30,27,31,31,28,28,31,30,36,23,41,24,24,28,31,32,28,36,27,35,19,28,26,29,23,32,32,34,32,38,35,25,33,31,32,26,30,30,31,32,34,30,36,28,29,26,32,35,32,36,33,18,36,28,29,32,31,36,36,16,35,28,30,29,33,28,25,32,26,30,26,32,29,25,23,30,36,32,37,24,31,27,29,29,28,29,21,24,33,37,38,25,37,28,29,30,41,29,35,35,31,24,33,22,28,27,33,23,20,38,36,30,30,29,31,31,36,23,32,22,32,26,29,28,31,28,30,33,28,48,29,37,29,31,31,30,31,25,29,34,38,20,28,33,32,34,36,24,23,33,27,37,33,25,33,24,23,29,29,32,31,27,29,36,35,31,34,43,32,33,38,27,33,27,24,32,20,22,41,30,31,31,36,29,28,32,23,31,32,35,35,30,39,27,23,29,33,34,30,29,20,33,32,26,26,25,31,35,30,33,19,32,33,26,31,25,36,26,19,37,30,36,29,35,26,29,31,32,25,30,39,25,33,31,21,33,32,29,24,32,27,38,30,40,32,30,28,25,36,23,30,29,18,34,32,31,28,31,26,29,39,28,28,36,29,23,27,38,28,26,29,30,35,30,31,27,29,26,42,23,36,36,32,27,23,26,31,29,27,25,28,33,35,31,38,29,27,33,27,35,20,29,29,33,25,32,39,37,27,32,34,42,33,32,26,36,29,26,22,31,32,30,27,28,32,37,29,35,25,26,29,31,26,38,32,28,35,28,30,31,33,27,28,30,31,24,25,27,30,32,27,23,40,27,29,32,33,26,29,32,32,31,18,25,40,22,28,23,25,27,36,31,34,33,23,27,31,39,25,26,29,28,35,28,24,28,38,31,34,40,24,33,24,22,26,35,26,33,27,28,33,26,26,35,26,28,28,28,27,32,30,30,30,28,23,33,28,34,39,35,35,34,30,24,25,30,35,39,25,30,17,28,31,32,30,37,28,26,26,30,33,29,31,28,31,18,37,35,28,31,31,28,26,31,30,31,36,30,29,35,29,35,32,26,34,31,27,28,25,35,23,26,24,46,32,20,39,34,30,33,36,31,34,23,26,34,28,36,27,32,29,38,19,26,24,30,37,28,24,37,26,30,26,33,36,31,32,37,31,30,32,33,24,29,24,19,25,22,24,27,31,31,23,30,36,34,31,36,33,32,35,33,32,29,31,32,36,29,37,27,28,27,33,33,20,31,29,27,38,34,34,22,35,26,28,28,34,35,30,19,32,35,28,30,33,21,26,30,29,34,25,31,37,34,28,27,19,32,26,28,35,27,29,25,28,28,24,30,31,34,31,42,30,28,27,27,36,35,28,25,28,35,26,34,22,39,30,33,30,32,35,38,29,24,29,28,28,26,30,33,36,30,32,28,34,29,34,37,29,25,27,40,37,31,33,22,29,31,36,31,41,27,45,27,37,31,31,25,34,24,27,27,38,37,29,29,26,25,34,31,31,32,29,26,24,26
99,100,26,31,31,29,30,27,37,29,31,27,30,37,32,32,29,27,30,30,26,29,29,27,39,22,26,29,35,29,31,31,31,34,26,29,28,27,33,30,36,28,30,27,30,40,39,25,30,37,28,35,38,29,35,32,34,37,33,36,35,33,32,33,22,23,32,37,36,32,24,34,31,34,29,31,30,22,31,31,31,42,24,33,36,35,35,28,35,28,28,26,28,39,33,34,32,37,31,32,36,30,35,30,30,34,30,32,34,28,30,39,30,36,31,38,26,32,25,28,25,24,34,25,43,35,30,31,28,38,34,31,29,30,31,31,36,27,31,40,33,34,25,29,37,27,35,35,35,28,30,31,38,30,21,23,26,25,30,33,30,24,32,31,34,28,25,36,35,29,31,27,36,35,35,36,27,31,37,25,23,30,24,26,24,24,31,24,22,32,31,33,31,32,26,29,30,38,14,33,29,42,32,35,35,27,24,22,30,23,25,31,33,31,23,32,30,25,36,24,22,40,33,37,25,30,35,27,32,29,27,25,22,31,29,29,29,31,28,28,31,31,23,31,29,34,30,25,31,29,34,29,22,35,28,33,33,30,36,36,35,33,28,38,27,23,25,26,28,33,27,31,28,37,27,37,40,32,25,32,34,32,31,29,23,30,33,28,37,38,30,27,38,28,34,36,43,34,27,35,37,27,29,29,30,28,27,29,33,24,29,32,25,34,25,31,31,26,31,26,24,31,33,31,29,31,33,28,30,29,23,35,28,28,28,36,36,32,19,30,37,33,31,28,18,32,18,33,32,34,27,28,23,37,35,35,32,28,24,34,26,26,27,27,27,40,28,33,28,35,32,34,32,34,34,32,33,28,26,24,30,26,31,26,27,29,28,31,30,35,25,39,23,23,30,35,35,26,26,35,25,33,27,34,25,29,24,28,28,33,31,31,34,21,30,30,35,26,26,21,27,33,32,28,35,24,28,24,41,37,22,19,37,31,18,27,33,33,28,28,26,29,26,32,34,36,31,24,37,30,33,28,23,33,30,27,39,25,27,29,37,30,30,22,39,27,28,32,34,31,24,30,31,31,28,23,30,27,24,31,27,33,23,35,28,24,34,28,25,32,27,35,37,29,33,26,22,22,29,34,23,28,37,28,25,32,34,25,30,30,44,26,37,29,23,27,37,33,31,33,25,32,33,27,30,31,35,32,29,24,24,32,30,31,31,33,30,31,31,20,24,31,40,27,31,35,35,30,33,27,34,30,29,34,23,30,36,32,30,30,30,27,28,32,26,37,27,31,30,24,33,24,31,28,38,28,38,30,27,24,22,30,27,35,30,26,25,34,27,24,32,28,35,30,28,30,25,30,19,29,35,36,34,32,33,36,29,28,37,27,26,28,31,37,37,37,28,29,26,24,17,28,31,23,28,34,31,31,24,35,33,28,36,27,26,29,31,32,29,35,27,34,37,38,31,23,29,26,35,24,28,31,28,38,26,36,29,32,34,29,33,27,33,33,24,31,31,30,28,26,38,32,30,39,29,33,28,35,31,31,41,27,28,36,35,29,25,30,33,22,30,26,34,27,26,41,26,30,32,27,30,31,31,22,31,30,22,36,29,29,33,36,28,31,31,24,37,30,30,30,30,30,36,30,35,26,30,26,28,31,36,23,33,26,33,25,31,30,36,28,30,29,24,36,28,37,26,23,26,23,23,37,37,26,26,28,32,32,28,29,31,29,29,34,25,30,30,36,26,27,38,26,38,26,30,33,28,25,33,32,25,37,34,43,29,24,27,30,34,37,27,35,24,28,23,37,41,36,25,31,31,39,36,30,31,26,33,35,29,29,33,26,28,29,32,27,30,25,38,25,37,34,39,32,20,29,26,26,35,29,37,27,33,31,25,26,31,34,32,32,32,30,30,28,28,32,30,24,32,25,23,29,20,35,29,25,33,27,33,34,29,26,25,30,26,32,24,41,25,23,28,35,35,44,29,36,27,29,31,32,31,35,28,33,29,22,24,24,34,34,18,30,28,32,33,35,31,31,29,30,28,27,34,28,31,28,36,34,25,31,30,35,21,35,42,33,28,22,25,31,24,26,37,36,30,28,31,26,31,37,29,25,29,42,34,33,31,36,28,37,21,32,30,30,35,26,28,29,28,30,28,33,33,32,31,34,28,27,34,41,28,31,24,38,30,31,26,24,26,32,37,34,28,28,31,30,29,31,30,34,23,26,35,26,27,31,29,31,31,26,37,26,43,26,27,36,39,34,33,33,27,40
