,repl,rho1,rho2,p1,p2,dsid,ss,n_trials
0,0,0.5779360738329856,0.42206392616701455,0.30307873831685667,0.1965101937711705,0,100,100
1,1,0.5681589485530288,0.43184105144697116,0.31067530913373975,0.2037486772653243,0,100,100
2,2,0.6745214531995856,0.32547854680041455,0.2922490825394852,0.1956249490946163,0,100,100
3,3,0.6437103325572657,0.356289667442734,0.30067166220038194,0.214304683272126,0,100,100
4,4,0.6465123979199524,0.3534876020800473,0.31765148520902936,0.21311745065847215,0,100,100
5,5,0.7439472899307144,0.2560527100692865,0.3020274153348903,0.21053291278285297,0,100,100
6,6,0.597862894752977,0.40213710524702323,0.315129470516602,0.22528580763349518,0,100,100
7,7,0.6196306019634764,0.38036939803652364,0.2949621900385929,0.202782876404045,0,100,100
8,8,0.7953252724579967,0.20467472754200286,0.2838493204645955,0.18882380999650838,0,100,100
9,9,0.41438482014410055,0.5856151798558993,0.32880383742484615,0.2557117474360266,0,100,100
10,10,0.6726280131429889,0.32737198685701085,0.2956057948600142,0.19539625898930124,0,100,100
11,11,0.4557912612803436,0.5442087387196564,0.31000089182935564,0.21922526050528032,0,100,100
12,12,0.677282973850299,0.3227170261497013,0.30492230793158115,0.20321615278017746,0,100,100
13,13,0.8746614165642309,0.12533858343576937,0.2799548592774655,0.16462836617988677,0,100,100
14,14,0.775533019771465,0.22446698022853465,0.28998420330142005,0.18046162106509164,0,100,100
15,15,0.6474068130837712,0.3525931869162286,0.3151208279035634,0.22005141321425617,0,100,100
16,16,0.6492451872232026,0.35075481277679743,0.3053853481660541,0.20849331154079873,0,100,100
17,17,0.6539875981540665,0.3460124018459336,0.29998669881802326,0.19742766154448582,0,100,100
18,18,0.7041439963160492,0.2958560036839505,0.3051748693068114,0.19202905211876092,0,100,100
19,19,0.6548188162005443,0.3451811837994556,0.30983323594263046,0.2103688457788334,0,100,100
20,20,0.8362579387183505,0.1637420612816494,0.28926181862952294,0.2046053869159904,0,100,100
21,21,0.7582673243330662,0.24173267566693366,0.3066146527689228,0.19816984820703504,0,100,100
22,22,0.7643901601656874,0.23560983983431238,0.3012426988537306,0.20386688946535939,0,100,100
23,23,0.5589377723198075,0.4410622276801922,0.30821988721985766,0.21363031549595987,0,100,100
24,24,0.41873775867737656,0.5812622413226236,0.3205722808723738,0.2397614565437687,0,100,100
25,25,0.6466074695670622,0.3533925304329377,0.30386822436487965,0.19586304293639817,0,100,100
26,26,0.5616356027899544,0.43836439721004544,0.3079091277872607,0.22051807132583776,0,100,100
27,27,0.7043751823796093,0.2956248176203906,0.3059420834977108,0.20195188489000648,0,100,100
28,28,0.4805352822282742,0.5194647177717259,0.321351851122508,0.22884922393999355,0,100,100
29,29,0.5790721528986965,0.4209278471013028,0.3078696458654162,0.21528929953342943,0,100,100
30,30,0.6532457879258196,0.34675421207418033,0.3080305215011101,0.19575929264353012,0,100,100
31,31,0.5244114597383395,0.47558854026166036,0.3221228575813163,0.21547004051930396,0,100,100
32,32,0.7026403136455476,0.2973596863544521,0.3157840172947843,0.19948036591966037,0,100,100
33,33,0.6568732154423468,0.3431267845576533,0.3036265844198576,0.20708330680146003,0,100,100
34,34,0.6171046599744963,0.38289534002550374,0.30197744568832746,0.21010522367072756,0,100,100
35,35,0.678562345079902,0.32143765492009835,0.3029065014985528,0.20240022600763857,0,100,100
36,36,0.801562424026569,0.19843757597343084,0.3058053369846802,0.18281785910928106,0,100,100
37,37,0.4876697453988508,0.512330254601149,0.3098817031002887,0.23203796316473346,0,100,100
38,38,0.7141688118128512,0.2858311881871487,0.3095491725945288,0.21526564543484114,0,100,100
39,39,0.6351491972441581,0.3648508027558418,0.3033237062585986,0.19280262214964242,0,100,100
40,40,0.5606126641278721,0.43938733587212775,0.2998051135918805,0.21148870020491456,0,100,100
41,41,0.7465385828461861,0.2534614171538143,0.3028200728315808,0.17412169657423843,0,100,100
42,42,0.6811081921762729,0.3188918078237271,0.312367608055138,0.20835863936607096,0,100,100
43,43,0.6903937684122393,0.3096062315877607,0.3022267203255613,0.19523042326888768,0,100,100
44,44,0.7318216755980774,0.2681783244019231,0.292547997736189,0.19206262929231105,0,100,100
45,45,0.7197888381900337,0.28021116180996636,0.2929812733497672,0.2020453049708627,0,100,100
46,46,0.8134631061027278,0.1865368938972721,0.29740410694717884,0.19766991196575975,0,100,100
47,47,0.76402504106045,0.23597495893954984,0.2976689836797316,0.19821358474588266,0,100,100
48,48,0.6833831584809917,0.3166168415190084,0.29547604369275293,0.20237915234819287,0,100,100
49,49,0.6656570010850633,0.3343429989149361,0.30828725848912025,0.19915604112391538,0,100,100
50,50,0.6450109049415391,0.35498909505846066,0.2962588043611676,0.20482274389338853,0,100,100
51,51,0.7537311361749475,0.24626886382505264,0.2911530571308329,0.1898286073272259,0,100,100
52,52,0.7475102888377804,0.25248971116221947,0.30508246998991223,0.20019712686835497,0,100,100
53,53,0.7640853425848261,0.23591465741517362,0.2879486914775573,0.18770612182687554,0,100,100
54,54,0.5615977685281112,0.43840223147188906,0.3083537452313606,0.22634288248860102,0,100,100
55,55,0.6655835153512694,0.3344164846487308,0.29352073674163853,0.19298521207408662,0,100,100
56,56,0.4135782091351088,0.5864217908648908,0.3088928707165044,0.22688215510927223,0,100,100
57,57,0.633550663854903,0.36644933614509717,0.3097421859471415,0.20565634873869615,0,100,100
58,58,0.6503046134795735,0.34969538652042687,0.313400328332321,0.20959476002465735,0,100,100
59,59,0.6669960449694166,0.3330039550305831,0.2993254653267568,0.1890400925197463,0,100,100
60,60,0.7031273710047087,0.29687262899529154,0.2980961892063917,0.19301344947397103,0,100,100
61,61,0.796145403902446,0.20385459609755432,0.29260663901475015,0.20378529595273126,0,100,100
62,62,0.6322557861615371,0.3677442138384629,0.30605673250099463,0.2093679712289724,0,100,100
63,63,0.7005890559720992,0.2994109440279002,0.3028365083675034,0.1894922601213833,0,100,100
64,64,0.5625622331696034,0.4374377668303968,0.3122597599154501,0.2174811123929446,0,100,100
65,65,0.5664352066420528,0.43356479335794723,0.3137271599781401,0.21702382838745574,0,100,100
66,66,0.8302838960586303,0.16971610394136996,0.2995152689387706,0.18629520029160937,0,100,100
67,67,0.6220394350840605,0.3779605649159392,0.3071831296976516,0.22838356047731356,0,100,100
68,68,0.6179700097649388,0.38202999023506146,0.3106939821413789,0.20548239360444823,0,100,100
69,69,0.680373449053566,0.3196265509464337,0.30368016465993347,0.20675403456154412,0,100,100
70,70,0.6171626895923341,0.38283731040766555,0.3003344655966793,0.2088217926041418,0,100,100
71,71,0.6368785419845179,0.36312145801548223,0.30878068597286384,0.22704305984888404,0,100,100
72,72,0.622468104618551,0.3775318953814494,0.317711378261105,0.19848601263835003,0,100,100
73,73,0.7211091327711191,0.2788908672288805,0.3085668658364118,0.19215263485420178,0,100,100
74,74,0.6475705066831474,0.35242949331685247,0.30535223479031537,0.19936724914459436,0,100,100
75,75,0.7792943605964411,0.22070563940355825,0.30807655482189833,0.20034684349167153,0,100,100
76,76,0.6637403100438486,0.3362596899561519,0.3116053591806132,0.21583009933661348,0,100,100
77,77,0.6882231083022685,0.3117768916977314,0.29719330806513783,0.2029165709244175,0,100,100
78,78,0.518289583670346,0.48171041632965406,0.30507252634511844,0.21108965860879647,0,100,100
79,79,0.5640492087150936,0.43595079128490655,0.30204566572877484,0.19665380351112374,0,100,100
80,80,0.6927245202767434,0.3072754797232565,0.2930620066715585,0.1874173691599842,0,100,100
81,81,0.46902553394331487,0.5309744660566853,0.3168019585174701,0.23355509573376848,0,100,100
82,82,0.762979722205347,0.2370202777946529,0.28983508670690394,0.18378894187586875,0,100,100
83,83,0.5732767271796159,0.42672327282038447,0.30704932889010617,0.21882041969266142,0,100,100
84,84,0.6761638668541476,0.3238361331458527,0.30533951198195497,0.2036229071609625,0,100,100
85,85,0.6983502755312871,0.30164972446871297,0.28973394465089675,0.19878758393660995,0,100,100
86,86,0.7840809285713438,0.21591907142865643,0.2947097123279768,0.1927747040753629,0,100,100
87,87,0.8337584692928253,0.16624153070717487,0.2903489163475026,0.17576313103579116,0,100,100
88,88,0.5687272839615695,0.43127271603843065,0.294778217976825,0.1967469342796259,0,100,100
89,89,0.7906497769515155,0.20935022304848475,0.2979399340876764,0.1754660541255888,0,100,100
90,90,0.6773316581586429,0.3226683418413571,0.2970325446520728,0.192490077115367,0,100,100
91,91,0.598860460756281,0.40113953924371865,0.31875292637058855,0.21890506184419062,0,100,100
92,92,0.628355011489834,0.3716449885101662,0.3005004175549843,0.1920624759684751,0,100,100
93,93,0.5994386376863239,0.4005613623136762,0.2974001680144194,0.20228323563145156,0,100,100
94,94,0.799533061968777,0.20046693803122317,0.28747465222445245,0.19032819797263337,0,100,100
95,95,0.592193739667509,0.4078062603324909,0.2981917679993252,0.2018426634826609,0,100,100
96,96,0.6638256306795887,0.33617436932041117,0.30169447515503695,0.1836174330673822,0,100,100
97,97,0.48512013526841,0.51487986473159,0.3234390607100086,0.2151826216296695,0,100,100
98,98,0.6195324409757987,0.3804675590242013,0.306993676689596,0.1937286277584338,0,100,100
99,99,0.8175946736415053,0.18240532635849493,0.2926880223840268,0.17872192940289,0,100,100
100,100,0.7541456093334585,0.24585439066654152,0.29041342690697225,0.19314680155958686,0,100,100
101,101,0.42473291454006445,0.5752670854599359,0.32642935015123614,0.24293882659236465,0,100,100
102,102,0.6560050500432654,0.343994949956735,0.3015016785347046,0.19306497462554514,0,100,100
103,103,0.4360618288728584,0.5639381711271416,0.3258543883294352,0.23195333491502385,0,100,100
104,104,0.7898073442330044,0.21019265576699594,0.2918095610337532,0.1832921585083376,0,100,100
105,105,0.6413738923883924,0.3586261076116073,0.3018130836748469,0.20083581819905577,0,100,100
106,106,0.7695245347067308,0.23047546529326934,0.29253603155638674,0.18477605144403908,0,100,100
107,107,0.5570835997384254,0.44291640026157447,0.30187136696636047,0.21320595077683147,0,100,100
108,108,0.5790190873632521,0.4209809126367477,0.3080947570455896,0.19052468305913026,0,100,100
109,109,0.615291544131086,0.38470845586891345,0.29728801928563775,0.1962036300751012,0,100,100
110,110,0.6317652852028877,0.3682347147971125,0.29168519898853296,0.22546330841537357,0,100,100
111,111,0.6442610186724339,0.3557389813275661,0.303580731579116,0.20749699217119844,0,100,100
112,112,0.7447383425607279,0.2552616574392721,0.2997127546615338,0.18918791146903158,0,100,100
113,113,0.623594554683485,0.37640544531651476,0.307705032000418,0.2101904172223211,0,100,100
114,114,0.7016348816339445,0.2983651183660562,0.2951264188861932,0.19918216426634777,0,100,100
115,115,0.7043708193001308,0.2956291806998692,0.29948461864994147,0.1835129186683074,0,100,100
116,116,0.5121267637761632,0.4878732362238368,0.31351131320647874,0.22309579144532926,0,100,100
117,117,0.7629415422155694,0.23705845778443124,0.303341829868177,0.18884758181709807,0,100,100
118,118,0.6132015343184092,0.386798465681591,0.3104907332374315,0.2298525301295954,0,100,100
119,119,0.8175542214259859,0.182445778574014,0.2801787060841721,0.16628894526549332,0,100,100
120,120,0.7600333957779557,0.2399666042220445,0.3040298993648569,0.18722239835558954,0,100,100
121,121,0.8038475999228238,0.19615240007717613,0.29307076397875914,0.17953269883147216,0,100,100
122,122,0.5597593337188846,0.44024066628111536,0.2999025988894204,0.21085448977087853,0,100,100
123,123,0.7811366393223206,0.21886336067767928,0.2865377532049552,0.19269951028771684,0,100,100
124,124,0.7069089472213819,0.293091052778618,0.29928889213604454,0.2024285756340333,0,100,100
125,125,0.5153833366279434,0.4846166633720566,0.3194617202748776,0.20893782722055135,0,100,100
126,126,0.6536340086468776,0.34636599135312257,0.30269564046169467,0.20656714836689916,0,100,100
127,127,0.7744219000479172,0.2255780999520827,0.30087647554043906,0.19636067571125707,0,100,100
128,128,0.6488417351347122,0.3511582648652874,0.3073867533959911,0.20633045785470666,0,100,100
129,129,0.6871560508577386,0.3128439491422613,0.3087317913728346,0.20889993763724482,0,100,100
130,130,0.621423585900276,0.3785764140997239,0.31131625487376974,0.202180415093518,0,100,100
131,131,0.4929591237988087,0.5070408762011912,0.31803474608224996,0.22191873577677657,0,100,100
132,132,0.709375439274027,0.2906245607259731,0.29522991838383866,0.19912682814924032,0,100,100
133,133,0.7483035753176323,0.25169642468236836,0.2959454807032107,0.18889000410192416,0,100,100
134,134,0.6598712795618663,0.34012872043813397,0.29864289830424035,0.20561077133924963,0,100,100
135,135,0.5807944497455442,0.4192055502544557,0.3095255492047269,0.2118991003662386,0,100,100
136,136,0.6757908275686861,0.32420917243131336,0.3061807143497409,0.20322028883367094,0,100,100
137,137,0.7792078371000356,0.22079216289996478,0.2926867839552148,0.21484532559239355,0,100,100
138,138,0.7593757410784323,0.240624258921568,0.3162587444192751,0.2117026014433682,0,100,100
139,139,0.635762130812377,0.36423786918762274,0.31776987087179837,0.20391605615371153,0,100,100
140,140,0.3980006458914427,0.6019993541085573,0.33371781293392627,0.22936917450897784,0,100,100
141,141,0.41687088077421536,0.5831291192257848,0.30905183326763913,0.22253268750001973,0,100,100
142,142,0.7875793717231343,0.2124206282768664,0.2890241495365066,0.20134834475434515,0,100,100
143,143,0.546667158078842,0.453332841921158,0.3156888434119715,0.21380157838120512,0,100,100
144,144,0.6501675615670749,0.34983243843292494,0.29546576044373496,0.21609701874524703,0,100,100
145,145,0.7985738313754561,0.20142616862454407,0.30050660895690423,0.1778482218882553,0,100,100
146,146,0.6153770260012726,0.38462297399872747,0.31129435144664513,0.20731108952434132,0,100,100
147,147,0.5712664488805322,0.4287335511194673,0.31125423799247814,0.20360173943722232,0,100,100
148,148,0.6667026696785311,0.333297330321469,0.29639977915758325,0.20759084951799095,0,100,100
149,149,0.7188210776461925,0.2811789223538076,0.30433835603732434,0.19075105095072092,0,100,100
150,150,0.7111182563363141,0.28888174366368613,0.29958494322351475,0.19613450414590158,0,100,100
151,151,0.5779796710399583,0.42202032896004177,0.30751249377804,0.21601810090556794,0,100,100
152,152,0.8429473426382897,0.15705265736171006,0.28990498730151254,0.1994576969459167,0,100,100
153,153,0.6755606586028382,0.3244393413971616,0.29490215049660207,0.19811317798367475,0,100,100
154,154,0.7774017143133668,0.22259828568663317,0.3121697328744232,0.19685108702213566,0,100,100
155,155,0.6485012664166444,0.3514987335833552,0.3007344830605092,0.21386508598125017,0,100,100
156,156,0.7814616484646119,0.21853835153538828,0.2930113724501949,0.2005270450623677,0,100,100
157,157,0.6685383621528824,0.3314616378471176,0.29674618692872723,0.20247830382866508,0,100,100
158,158,0.8503377482966186,0.14966225170338127,0.2932109708075298,0.18088491252499264,0,100,100
159,159,0.601264162944075,0.3987358370559248,0.3115201911549637,0.21692074046733148,0,100,100
160,160,0.6867988528088677,0.3132011471911328,0.3043352428533174,0.19822055217807727,0,100,100
161,161,0.6188255526374474,0.38117444736255246,0.3006549533132194,0.20475410380414863,0,100,100
162,162,0.7699904037474333,0.23000959625256662,0.29764034844180903,0.1822523434445487,0,100,100
163,163,0.7218496510026478,0.27815034899735147,0.29489107589342367,0.18706782130635397,0,100,100
164,164,0.5591738647350687,0.44082613526493153,0.301606513731744,0.2185658071961756,0,100,100
165,165,0.7453091205124284,0.2546908794875713,0.2940165763804782,0.1663458233252437,0,100,100
166,166,0.6877169588905525,0.3122830411094472,0.2907280771157873,0.20065569593281704,0,100,100
167,167,0.6911277034561073,0.3088722965438929,0.30570045684997665,0.19044098797456857,0,100,100
168,168,0.7274178952959341,0.27258210470406646,0.3078156524048859,0.20540374816343518,0,100,100
169,169,0.5907293255701306,0.4092706744298696,0.3032317538908778,0.20712969638170362,0,100,100
170,170,0.6523201464138069,0.34767985358619363,0.31396598284022675,0.2064935985337736,0,100,100
171,171,0.7731139781365041,0.22688602186349635,0.2924372066548316,0.19001923280181052,0,100,100
172,172,0.6476050178560291,0.3523949821439702,0.30387086333489305,0.2128625772924131,0,100,100
173,173,0.5394256604882791,0.46057433951172094,0.30346290887135313,0.21495839315176685,0,100,100
174,174,0.8065970446810866,0.1934029553189136,0.2790608879799181,0.17533502739604795,0,100,100
175,175,0.5901762436256769,0.4098237563743231,0.3058929746668181,0.2109912661594807,0,100,100
176,176,0.6988306415666543,0.3011693584333459,0.29529884715773486,0.20797639412154653,0,100,100
177,177,0.5980332992046854,0.4019667007953145,0.29593088056996864,0.20355785440510712,0,100,100
178,178,0.7351117457121523,0.2648882542878476,0.2922639541321792,0.18933770621122703,0,100,100
179,179,0.6973389895715302,0.30266101042846955,0.3003877850327429,0.19569050345067426,0,100,100
180,180,0.5374096847623321,0.4625903152376681,0.31324270421829575,0.21241330359772334,0,100,100
181,181,0.7623916522186585,0.23760834778134146,0.2952716716947078,0.1863879900552222,0,100,100
182,182,0.6695006072784225,0.3304993927215774,0.2965378907337792,0.21835956029567824,0,100,100
183,183,0.6859836691055229,0.31401633089447706,0.3022795736416515,0.2214571095062428,0,100,100
184,184,0.6440368315065339,0.355963168493466,0.30862270792648344,0.2122006312499932,0,100,100
185,185,0.6714688144993555,0.3285311855006444,0.3131623162324975,0.20582907729275496,0,100,100
186,186,0.566310663589522,0.43368933641047774,0.30617159353904827,0.22184488668076857,0,100,100
187,187,0.8409574642430689,0.1590425357569315,0.28264313166756455,0.17925486770844945,0,100,100
188,188,0.7400855733157123,0.25991442668428766,0.29599391149137844,0.1879048305974444,0,100,100
189,189,0.7634075437345347,0.2365924562654656,0.29829884610119445,0.20109014188372382,0,100,100
190,190,0.6812130127641965,0.31878698723580295,0.2937625595413188,0.20353754819214637,0,100,100
191,191,0.5761628766356602,0.4238371233643399,0.3159716786761533,0.22638141726926855,0,100,100
192,192,0.6586726349509953,0.34132736504900535,0.3025403377863759,0.21101431032622567,0,100,100
193,193,0.8079293437548912,0.1920706562451085,0.2992162832831668,0.18511096541931454,0,100,100
194,194,0.7377793015571268,0.262220698442873,0.2894913235723737,0.1888458606890413,0,100,100
195,195,0.7790956507274204,0.2209043492725797,0.2969066258381563,0.19230648593939642,0,100,100
196,196,0.6281685199605763,0.37183148003942423,0.3045643730627531,0.22586105009598803,0,100,100
197,197,0.6665394948070813,0.33346050519291864,0.30020459425404145,0.18083635233581777,0,100,100
198,198,0.7965686063093341,0.2034313936906664,0.3009526840808348,0.21909371541960376,0,100,100
199,199,0.7170789959375589,0.2829210040624412,0.30056208428107956,0.19218524466576295,0,100,100
200,200,0.7868424039136586,0.2131575960863418,0.28900907677592674,0.20170711279436204,0,100,100
201,201,0.5117434192621115,0.4882565807378885,0.32143432001278943,0.23984951074593025,0,100,100
202,202,0.6885899183155841,0.31141008168441575,0.3102180928139075,0.2074015987533371,0,100,100
203,203,0.8651639107666241,0.13483608923337592,0.2894856234856529,0.16054667557860075,0,100,100
204,204,0.7008986485164855,0.29910135148351435,0.29835954732918846,0.1888329699108515,0,100,100
205,205,0.49974936675217335,0.5002506332478267,0.3155527683506923,0.25227894869515305,0,100,100
206,206,0.5919094671636479,0.4080905328363521,0.32033837286241057,0.2212467017536699,0,100,100
207,207,0.7561861128070155,0.24381388719298416,0.30445956946395913,0.2033186141727599,0,100,100
208,208,0.6673858902532424,0.3326141097467573,0.2977172304084261,0.2011571944169307,0,100,100
209,209,0.5119418161651806,0.48805818383481925,0.30926871288549235,0.2253264407498448,0,100,100
210,210,0.8157371153178967,0.1842628846821036,0.2865149046822281,0.19471722816473372,0,100,100
211,211,0.830145250582228,0.1698547494177719,0.2898319528995569,0.18367093614043292,0,100,100
212,212,0.7217665134161535,0.2782334865838468,0.3064320687419502,0.20424426564520795,0,100,100
213,213,0.6629178801508334,0.33708211984916725,0.29748507325570106,0.2017070080467023,0,100,100
214,214,0.5743494223760037,0.4256505776239963,0.30838054556754046,0.22525944241989176,0,100,100
215,215,0.6360450240701551,0.3639549759298448,0.30531589909701085,0.20223749221120324,0,100,100
216,216,0.6532050132956929,0.346794986704307,0.31131448232515097,0.2140971533044823,0,100,100
217,217,0.7520835896731203,0.24791641032688008,0.29797086571192927,0.19119751546445224,0,100,100
218,218,0.6195815676507934,0.38041843234920636,0.3084159048831415,0.20638114110095374,0,100,100
219,219,0.0002714505050411816,0.9997285494949592,0.3405234807227393,0.2772828332943165,0,100,100
220,220,0.721971889324648,0.2780281106753517,0.2990092064847103,0.2022232864590491,0,100,100
221,221,0.6926196326755211,0.30738036732447965,0.3107805085090634,0.20120777033379378,0,100,100
222,222,0.4662908339079567,0.5337091660920436,0.31655970935154515,0.22857225787980764,0,100,100
223,223,0.7069630801918939,0.2930369198081066,0.3009585041160453,0.20077145555141154,0,100,100
224,224,0.5593299045722939,0.4406700954277062,0.29997955348747,0.21311286140954133,0,100,100
225,225,0.8945720812274841,0.1054279187725162,0.2783340563513203,0.16798324523056415,0,100,100
226,226,0.5164840245648419,0.4835159754351583,0.32203290240931914,0.2239329329788777,0,100,100
227,227,0.7894054625363972,0.21059453746360315,0.30182150101778044,0.1967784107068378,0,100,100
228,228,0.6836002729673473,0.3163997270326526,0.2931267055315687,0.2130801588132937,0,100,100
229,229,1.87802482652535e-07,0.9999998121975169,0.3577318600671167,0.2855999864534551,0,100,100
230,230,0.6893111208611189,0.3106888791388816,0.3056682022928736,0.2082453322604276,0,100,100
231,231,0.692408128143193,0.30759187185680636,0.3018500088889217,0.2087070766131975,0,100,100
232,232,0.5394092869305824,0.4605907130694177,0.30272322183055944,0.21517646787661646,0,100,100
233,233,0.6454756577746307,0.35452434222536944,0.30564322820900325,0.1966430169218528,0,100,100
234,234,0.8187243072298507,0.18127569277014896,0.2889105832806464,0.185142764257621,0,100,100
235,235,0.24976004026600504,0.7502399597339949,0.33172429246749585,0.2530504072635892,0,100,100
236,236,0.6738851661672208,0.3261148338327793,0.2995674367180867,0.19050328805588726,0,100,100
237,237,0.5718380031878517,0.42816199681214834,0.3077560585696168,0.21303476412598515,0,100,100
238,238,0.7115362932281841,0.288463706771816,0.303371860352314,0.20709680147885076,0,100,100
239,239,0.5961054638616929,0.4038945361383069,0.2841404871345476,0.19193699388948138,0,100,100
240,240,0.6281667889341375,0.37183321106586253,0.2958531991800392,0.21852498232276085,0,100,100
241,241,0.6411133894307498,0.35888661056924986,0.30376039036321,0.2021673264554254,0,100,100
242,242,0.5388388290054814,0.4611611709945184,0.3034398872608546,0.20599047025131034,0,100,100
243,243,0.6592186730126066,0.34078132698739344,0.3005716464622629,0.19736280349780072,0,100,100
244,244,0.7878748971392606,0.21212510286073974,0.30516727399777926,0.20160916747702096,0,100,100
245,245,0.6996319390947616,0.30036806090523893,0.3050031499140595,0.20977614798896685,0,100,100
246,246,0.6958675895874343,0.3041324104125658,0.3065824933894913,0.1978058807798265,0,100,100
247,247,0.719195930035698,0.2808040699643019,0.3019040215995084,0.2007515646457351,0,100,100
248,248,0.5973118221690313,0.4026881778309685,0.3199279823150173,0.2019012188499933,0,100,100
249,249,0.7498469490328847,0.2501530509671148,0.2916602317632713,0.19587794299789807,0,100,100
250,250,0.648926266285038,0.35107373371496203,0.2990591519579429,0.20859624087121287,0,100,100
251,251,0.6064782757511099,0.39352172424889004,0.3070581303598207,0.2255934274364695,0,100,100
252,252,0.6923275099781218,0.3076724900218785,0.3018502952101668,0.20483058698716577,0,100,100
253,253,0.827482908372144,0.17251709162785647,0.29931458003946426,0.19373327289132575,0,100,100
254,254,0.6840873394710687,0.3159126605289309,0.3092128367568469,0.19964826058919743,0,100,100
255,255,0.8004242251245843,0.19957577487541614,0.29301158986286624,0.18622713731009605,0,100,100
256,256,0.7585834764126969,0.24141652358730353,0.29396686646495773,0.185992208899602,0,100,100
257,257,0.7235752508631671,0.27642474913683335,0.293173588089127,0.20138156089778889,0,100,100
258,258,0.6287649326979649,0.37123506730203465,0.31378671829928695,0.22519940207861747,0,100,100
259,259,0.7894209094401724,0.21057909055982776,0.2957304635561019,0.18493853500290344,0,100,100
260,260,0.7831069342013833,0.21689306579861686,0.2925278237447959,0.19373340786111096,0,100,100
261,261,0.6767964565570517,0.32320354344294794,0.29937769040725193,0.19765327842519226,0,100,100
262,262,0.6683190754461186,0.33168092455388143,0.29352653888902047,0.1930488314843952,0,100,100
263,263,0.7681580308409852,0.23184196915901464,0.2967062504589649,0.19790511215749515,0,100,100
264,264,0.6850484740276841,0.3149515259723155,0.3026111945509635,0.21367308109211428,0,100,100
265,265,0.5526435999360053,0.44735640006399485,0.3101165401858557,0.20524145584785541,0,100,100
266,266,0.8470988195790364,0.1529011804209642,0.29510127937713965,0.18587204170115787,0,100,100
267,267,0.6697183265767106,0.3302816734232894,0.31246066207177525,0.20327912106159668,0,100,100
268,268,0.18119366676955512,0.8188063332304446,0.35078943001571233,0.2554195887644542,0,100,100
269,269,0.5933597513202933,0.40664024867970683,0.3076368088836872,0.20598231448009363,0,100,100
270,270,0.5394314298996791,0.4605685701003209,0.30687511209766094,0.21182930363503424,0,100,100
271,271,0.536160763509245,0.463839236490755,0.3172712606258085,0.22355072729038647,0,100,100
272,272,0.4745915561107069,0.5254084438892932,0.3156372939376661,0.2124084734486405,0,100,100
273,273,0.7494700385790654,0.25052996142093475,0.30204155016216677,0.20168808337691274,0,100,100
274,274,0.713450928602816,0.28654907139718416,0.3002756797938614,0.20683381427565906,0,100,100
275,275,0.646452162625826,0.3535478373741743,0.3038498144853621,0.19679269099543942,0,100,100
276,276,0.6712506049191646,0.328749395080835,0.2931249389826649,0.20240252419211793,0,100,100
277,277,0.8226651243602067,0.17733487563979392,0.2862635761460761,0.19060514412657353,0,100,100
278,278,0.0010711414375991495,0.9989288585624009,0.37690876383780864,0.268283647136337,0,100,100
279,279,0.676544011751432,0.32345598824856764,0.3032738288709145,0.19762165326595152,0,100,100
280,280,0.5058346660610734,0.49416533393892675,0.3195095364171828,0.2118339615381102,0,100,100
281,281,0.772758829033734,0.22724117096626612,0.3111295614980354,0.2111056028052263,0,100,100
282,282,0.7490933396280323,0.2509066603719678,0.29941122576624557,0.18697409187580769,0,100,100
283,283,0.5480421906323187,0.45195780936768126,0.3036140338992724,0.20467994542355772,0,100,100
284,284,0.7521462230281099,0.24785377697189026,0.30260836492327414,0.19081517273634793,0,100,100
285,285,0.39326396794752744,0.6067360320524724,0.31822099496854367,0.2268781505670582,0,100,100
286,286,0.7692821759940869,0.23071782400591315,0.2992297053062891,0.18510889379233225,0,100,100
287,287,0.6674940667923464,0.3325059332076534,0.3129276162993912,0.21480119796863947,0,100,100
288,288,0.7123849328539135,0.28761506714608603,0.3032487872028075,0.19147165562966073,0,100,100
289,289,0.7343006091858112,0.265699390814189,0.2974038678814913,0.18523248581635895,0,100,100
290,290,0.7387743722609873,0.26122562773901303,0.3021206969421405,0.1883466495816951,0,100,100
291,291,0.7081192555904126,0.2918807444095874,0.3024744872994284,0.20766012277049037,0,100,100
292,292,0.7073052842618666,0.2926947157381335,0.2921830143305263,0.18462038119199933,0,100,100
293,293,0.7285425851457178,0.2714574148542824,0.30121660890265156,0.19100923468629166,0,100,100
294,294,0.5833342002770425,0.41666579972295736,0.3106029949396134,0.19323556288224475,0,100,100
295,295,0.6505556961338802,0.34944430386611985,0.3054627289343923,0.19310511285651008,0,100,100
296,296,0.6784689021796082,0.3215310978203913,0.29401303279106455,0.19600374844909432,0,100,100
297,297,0.6847687918241292,0.3152312081758711,0.29821666258482854,0.20934011147508658,0,100,100
298,298,0.6880917130554862,0.3119082869445141,0.2860358447716708,0.19134184013009153,0,100,100
299,299,0.589636505630932,0.4103634943690676,0.29961693570199166,0.21136119122434258,0,100,100
300,300,0.6626528824882791,0.33734711751172064,0.29820429889910954,0.2169695781128637,0,100,100
301,301,0.6367484919041584,0.3632515080958416,0.30475609580517643,0.2110026080806576,0,100,100
302,302,0.6024871974385961,0.3975128025614038,0.3035379524177155,0.21212466413223358,0,100,100
303,303,0.5128828910475585,0.4871171089524415,0.318915189060465,0.22711962647670325,0,100,100
304,304,0.6640391198322803,0.3359608801677198,0.30312286326531496,0.20006662871791644,0,100,100
305,305,0.7839089819303746,0.21609101806962577,0.29510561935607355,0.18956851948121692,0,100,100
306,306,4.247800011155803e-05,0.9999575219998889,0.3711939090436589,0.2720957905101099,0,100,100
307,307,0.669305649345662,0.3306943506543382,0.3036225622775547,0.2022523326040684,0,100,100
308,308,0.7324677067069844,0.2675322932930159,0.29135103386629513,0.20294662640139427,0,100,100
309,309,0.7276569665055004,0.27234303349449945,0.3020567558026693,0.18691977065447896,0,100,100
310,310,0.7223882768250915,0.27761172317490873,0.298435518924619,0.18988275832800627,0,100,100
311,311,0.7932596351052204,0.20674036489477957,0.3013829521351451,0.19892133489882952,0,100,100
312,312,0.668486232825608,0.3315137671743916,0.29746922909139834,0.20706806914309045,0,100,100
313,313,0.7639449453382965,0.23605505466170396,0.3023168371092554,0.1764274035961992,0,100,100
314,314,0.6534350576686188,0.3465649423313809,0.3098311088843749,0.2026907021410103,0,100,100
315,315,0.8152376519925404,0.18476234800745975,0.2995316699547179,0.17433478755861423,0,100,100
316,316,0.5832147979987424,0.4167852020012576,0.30697113937457793,0.20195028171359553,0,100,100
317,317,0.5416319797799012,0.4583680202200989,0.31433322346210624,0.23310324706840474,0,100,100
318,318,0.4707154623230055,0.5292845376769947,0.3159789730453925,0.21720606485721353,0,100,100
319,319,0.7680445343899416,0.23195546561005867,0.29513689224169126,0.19280305768745185,0,100,100
320,320,0.861899245548266,0.1381007544517338,0.2886708312081265,0.19112732928008624,0,100,100
321,321,0.7477555611420043,0.25224443885799563,0.28137340188948995,0.19307253789292403,0,100,100
322,322,0.46482748493825776,0.5351725150617423,0.3094196993390552,0.23464063611597819,0,100,100
323,323,0.8015072946540225,0.19849270534597732,0.2937140204248819,0.19993717158584157,0,100,100
324,324,0.04804382160925332,0.9519561783907464,0.3276350658402297,0.27307891397195316,0,100,100
325,325,0.8141570782879594,0.1858429217120409,0.29461416372036703,0.18745827348300012,0,100,100
326,326,0.7247004796913257,0.27529952030867433,0.30057096250279935,0.1906144959282895,0,100,100
327,327,0.6207948756268032,0.37920512437319653,0.2971139424728146,0.20477884407273214,0,100,100
328,328,0.7140907210252172,0.2859092789747822,0.29335903331105667,0.2004658141532442,0,100,100
329,329,0.7508263552296427,0.24917364477035786,0.29421538400994296,0.1801769027888209,0,100,100
330,330,0.7808662205745197,0.21913377942548037,0.2877938412098804,0.18925202229681895,0,100,100
331,331,0.7974528200086983,0.20254717999130212,0.28990161888960697,0.18473294218662015,0,100,100
332,332,0.7091522501880699,0.2908477498119307,0.30241309663317806,0.18374930550708174,0,100,100
333,333,0.7105602244994906,0.2894397755005091,0.29089453421919215,0.2045396641051218,0,100,100
334,334,0.6341030845312957,0.3658969154687042,0.3107808265637153,0.22993612601240546,0,100,100
335,335,0.6816531646634679,0.31834683533653174,0.30304856731952057,0.20112021836885988,0,100,100
336,336,0.6356168796346169,0.3643831203653829,0.3027609640077998,0.20489429012883134,0,100,100
337,337,0.5569053702269788,0.44309462977302116,0.30567114619174246,0.20801447584593297,0,100,100
338,338,0.691067124653217,0.30893287534678304,0.29899002445951983,0.2106536037115296,0,100,100
339,339,0.7239115995217853,0.2760884004782155,0.29053859226621076,0.1947772628499216,0,100,100
340,340,0.6196760091108017,0.38032399088919844,0.2987495941625346,0.2115881345737488,0,100,100
341,341,0.7347167553597795,0.26528324464022035,0.2839763565769346,0.18304138568101927,0,100,100
342,342,0.6753133629442807,0.32468663705571954,0.3047283989627898,0.20454442078075086,0,100,100
343,343,0.6506028874311742,0.34939711256882544,0.30177248941624646,0.1976717739042324,0,100,100
344,344,0.7605737612658817,0.23942623873411897,0.29176777686271355,0.1887390654184889,0,100,100
345,345,0.6957248754260332,0.3042751245739662,0.3060445605292041,0.208289081599235,0,100,100
346,346,0.7120516865100721,0.2879483134899275,0.2968696513130677,0.18619127668809365,0,100,100
347,347,0.7008998477698785,0.29910015223012176,0.3028436874364183,0.18835465364257423,0,100,100
348,348,0.5190805030560108,0.4809194969439895,0.3105740257563986,0.21705728118233417,0,100,100
349,349,0.6101074624949644,0.3898925375050354,0.30040684653469335,0.2144681754611013,0,100,100
350,350,0.7000535477943263,0.29994645220567334,0.30221177389682646,0.1958202041277516,0,100,100
351,351,0.5925499092749412,0.4074500907250587,0.3013964401438912,0.21820480289680552,0,100,100
352,352,0.6396670130502957,0.3603329869497049,0.30184595584684,0.1934851971570172,0,100,100
353,353,0.5558751171443053,0.44412488285569457,0.3168760345077554,0.2142561717909799,0,100,100
354,354,0.621162997917937,0.37883700208206283,0.3126049962533477,0.21096498737953978,0,100,100
355,355,0.6911730878032125,0.3088269121967876,0.29371326756583555,0.20591888665204164,0,100,100
356,356,0.6414557024521857,0.3585442975478142,0.30841525100019146,0.2026675058554365,0,100,100
357,357,0.7633180366404554,0.23668196335954403,0.2896256960763984,0.18558018400250445,0,100,100
358,358,0.7836593334241898,0.21634066657581047,0.30650990257571825,0.210319468733147,0,100,100
359,359,0.8080318825058624,0.19196811749413784,0.29273898141002735,0.1675151592263181,0,100,100
360,360,0.805106402175679,0.19489359782432072,0.2922061895843148,0.18596262994219873,0,100,100
361,361,0.7731446179856603,0.22685538201433977,0.290152605995353,0.18280401334078847,0,100,100
362,362,0.6087712385160444,0.3912287614839559,0.3114843722804834,0.192156815422428,0,100,100
363,363,0.6551742709739837,0.3448257290260168,0.2979414480273827,0.22503085606431658,0,100,100
364,364,0.5490175930934558,0.4509824069065443,0.30780875615217596,0.22752013380758107,0,100,100
365,365,0.6386028076315869,0.361397192368413,0.2922708828573942,0.19273805964518448,0,100,100
366,366,0.2815885650794783,0.7184114349205215,0.33178295649973044,0.24787149077201745,0,100,100
367,367,0.4479429385660461,0.5520570614339537,0.3111384350832298,0.2248458425032342,0,100,100
368,368,0.6403820497942114,0.35961795020578863,0.2997289452270824,0.19954221871227665,0,100,100
369,369,0.6539475360435,0.34605246395650047,0.3046147375590443,0.2147013839498775,0,100,100
370,370,0.6508514719360686,0.3491485280639314,0.31927838238172884,0.2016253519951677,0,100,100
371,371,0.6667355122705727,0.33326448772942735,0.29537348339675557,0.20903520117294916,0,100,100
372,372,0.6808155384560997,0.31918446154390046,0.30895093765957565,0.20195657617221824,0,100,100
373,373,0.7809417221181552,0.21905827788184465,0.2974277118786716,0.18728482153930015,0,100,100
374,374,0.7376586084100412,0.26234139158995856,0.29910549868308983,0.19540284422125717,0,100,100
375,375,0.8888253272579625,0.11117467274203743,0.2867702764414532,0.19708909101005845,0,100,100
376,376,0.5792934843918652,0.4207065156081347,0.29961754002588,0.20497308231330247,0,100,100
377,377,0.6541723031981463,0.3458276968018537,0.30331612035134065,0.19223155220770938,0,100,100
378,378,0.8250704142055447,0.17492958579445556,0.2981924846173766,0.1999101698259957,0,100,100
379,379,0.5626877376743672,0.43731226232563264,0.30526265400163116,0.20633413603243508,0,100,100
380,380,0.6363247003524798,0.36367529964752016,0.3007964510580112,0.18641845756126518,0,100,100
381,381,0.7467070310897839,0.2532929689102162,0.29979467356845163,0.20545856281394612,0,100,100
382,382,0.6778420599791377,0.3221579400208618,0.2979792998387426,0.20026542745458187,0,100,100
383,383,0.8235856033187788,0.17641439668122136,0.28833539418480447,0.1815674968978286,0,100,100
384,384,0.6344694419503587,0.36553055804964124,0.3107799416693442,0.1997633911356042,0,100,100
385,385,0.8026875309484481,0.1973124690515523,0.28844954642667703,0.16504352680854936,0,100,100
386,386,0.656142009307474,0.343857990692526,0.3089822429500136,0.20695686067124672,0,100,100
387,387,0.8586796693529715,0.14132033064702865,0.2900922990813729,0.18117450210976985,0,100,100
388,388,0.8133373229141482,0.18666267708585163,0.2927910638565312,0.2039084649591602,0,100,100
389,389,0.6998516550006978,0.3001483449993026,0.31071494191877763,0.19438932326891048,0,100,100
390,390,0.8101318676329399,0.1898681323670603,0.2830358418729842,0.19910473835227105,0,100,100
391,391,0.624646848882267,0.37535315111773343,0.2985493601735409,0.20090968387295355,0,100,100
392,392,0.48976545627468143,0.5102345437253185,0.3152915184845507,0.21907788675721937,0,100,100
393,393,0.7411554635642115,0.2588445364357888,0.3023857806322632,0.1942676761606796,0,100,100
394,394,0.5561883442739357,0.4438116557260643,0.3045230514708731,0.21727195977179822,0,100,100
395,395,0.33154053736355193,0.6684594626364481,0.33950319608435664,0.2274497354467683,0,100,100
396,396,0.537561696060727,0.46243830393927277,0.3162069284624553,0.22082787338260743,0,100,100
397,397,0.6861904977525246,0.31380950224747545,0.31533494250676347,0.19476834960312941,0,100,100
398,398,0.5563350253104001,0.4436649746895999,0.2983756012511019,0.21278038094399818,0,100,100
399,399,0.6877396789025938,0.3122603210974062,0.30980241320197577,0.21724370096981865,0,100,100
400,400,0.5068985519114119,0.49310144808858813,0.3173227995101652,0.2256118550676726,0,100,100
401,401,0.3927339916468003,0.6072660083532001,0.31438372577748086,0.22812214509138834,0,100,100
402,402,0.7174358604072887,0.28256413959271187,0.29369439907913336,0.20382312554903542,0,100,100
403,403,0.6324536880642091,0.3675463119357911,0.2998812682907116,0.20742688312292343,0,100,100
404,404,0.5912851744326102,0.40871482556738975,0.3149234237179235,0.20745625842254245,0,100,100
405,405,0.6953083503927268,0.30469164960727335,0.28970326668668767,0.193857953156341,0,100,100
406,406,0.7850156440725067,0.21498435592749296,0.29322860325944905,0.21076398306434838,0,100,100
407,407,0.5575955215620444,0.44240447843795555,0.3070162875489959,0.19825543657640818,0,100,100
408,408,0.659165636755697,0.34083436324430316,0.3105784603082875,0.2009109374901864,0,100,100
409,409,0.7192356577586686,0.2807643422413308,0.30791687548263147,0.18818345344524157,0,100,100
410,410,0.6924142273011015,0.30758577269889886,0.29890924093101706,0.17306063424363888,0,100,100
411,411,0.5834011672436606,0.41659883275633947,0.30774079262488796,0.20418603146663905,0,100,100
412,412,0.5971921364595081,0.40280786354049186,0.3133422604870157,0.20574192690351123,0,100,100
413,413,0.5157194485242971,0.484280551475703,0.31790158082772496,0.22002116691623813,0,100,100
414,414,0.6668997363981091,0.33310026360189077,0.30414220768979383,0.20614706551600506,0,100,100
415,415,0.6439610995755196,0.35603890042448044,0.2944800041551285,0.20184966484161884,0,100,100
416,416,0.605177246454213,0.39482275354578683,0.302338941476566,0.19181101195716127,0,100,100
417,417,0.5144393026935391,0.485560697306461,0.30981272425737283,0.22246478919457238,0,100,100
418,418,0.7373039072592331,0.2626960927407672,0.28554434944095225,0.20277056619169076,0,100,100
419,419,0.8179135501286012,0.18208644987139874,0.2918047251775552,0.1627191990763231,0,100,100
420,420,0.6367154356099243,0.3632845643900757,0.30158336615146575,0.21932452809255348,0,100,100
421,421,0.6539693860766255,0.34603061392337425,0.2991828065566328,0.21051202044108042,0,100,100
422,422,0.8031596282379305,0.19684037176206978,0.2939721328113463,0.18183998931983758,0,100,100
423,423,0.6386242223309274,0.3613757776690724,0.3157602113514416,0.20573565019269197,0,100,100
424,424,0.748307447963207,0.2516925520367933,0.29272100808107215,0.21238089504460758,0,100,100
425,425,0.7271484834205837,0.2728515165794161,0.2946580339271689,0.2068519105545848,0,100,100
426,426,0.6055843870548825,0.3944156129451175,0.3064034065525132,0.20827492156807437,0,100,100
427,427,0.6603207875711951,0.33967921242880494,0.30489690920254964,0.18567586852424314,0,100,100
428,428,0.7941598123589065,0.20584018764109374,0.29408677294329255,0.17269758636297358,0,100,100
429,429,0.631400424872051,0.36859957512794916,0.30711749520697806,0.21564290466987848,0,100,100
430,430,0.8073237227974027,0.19267627720259717,0.29808927356030496,0.20160996728453295,0,100,100
431,431,0.8120148049743343,0.1879851950256657,0.29014288889938644,0.19150273323790082,0,100,100
432,432,0.8057075421028059,0.1942924578971942,0.30129126416446134,0.17935516627950363,0,100,100
433,433,0.5882360909456016,0.41176390905439847,0.2979770070068093,0.21133267946304693,0,100,100
434,434,0.6109130926256107,0.38908690737438917,0.30796732920818193,0.2047324774388523,0,100,100
435,435,0.7476830461543428,0.2523169538456569,0.30429228773386274,0.2000888747917981,0,100,100
436,436,0.7210714489980299,0.27892855100197034,0.29330893994498636,0.19540236190954727,0,100,100
437,437,0.5786847855249397,0.42131521447506015,0.3080919489951511,0.207236467077428,0,100,100
438,438,0.6714111790552744,0.3285888209447256,0.3102566003886597,0.2038725782902936,0,100,100
439,439,0.8521100929399364,0.14788990706006366,0.28226648058503323,0.17092365190676828,0,100,100
440,440,0.6586234246953581,0.34137657530464227,0.2960043406463846,0.20401109061638584,0,100,100
441,441,0.7713927808932999,0.22860721910669995,0.2889146890741769,0.1991769758281141,0,100,100
442,442,0.7078359915930666,0.292164008406933,0.2996311541692676,0.20300339251169033,0,100,100
443,443,0.7062443839636495,0.29375561603635053,0.29584532129700153,0.20037371236091514,0,100,100
444,444,0.7577467702145423,0.24225322978545769,0.2952911903989951,0.1946065042934838,0,100,100
445,445,0.4443802186654313,0.5556197813345686,0.30072645183271685,0.21464878966266185,0,100,100
446,446,0.8042061586671443,0.19579384133285552,0.3016010253744631,0.1851467731914201,0,100,100
447,447,0.3909475855123221,0.6090524144876779,0.3279175629579211,0.22395678478551626,0,100,100
448,448,0.6781125779489748,0.3218874220510253,0.29795508660667336,0.20489433134073776,0,100,100
449,449,0.7625245317977885,0.23747546820221138,0.3022248625531542,0.21284778830697917,0,100,100
450,450,0.7028144938988058,0.2971855061011946,0.2913877918772189,0.20259546743514578,0,100,100
451,451,0.541123188214712,0.4588768117852877,0.3093474323469444,0.22621524661167156,0,100,100
452,452,0.6972430037362303,0.3027569962637704,0.29558089531301085,0.19655462776842636,0,100,100
453,453,0.6933972259418293,0.3066027740581707,0.30189571926892717,0.19721395516056428,0,100,100
454,454,0.18117018332277599,0.8188298166772242,0.35586010044285293,0.2656580841770383,0,100,100
455,455,0.5291936616809844,0.4708063383190155,0.31450685298212383,0.20446828984999404,0,100,100
456,456,0.5103578688483722,0.4896421311516279,0.3137505666788863,0.22521536122806712,0,100,100
457,457,0.6596560566993265,0.3403439433006735,0.3061813174908687,0.20457434556859144,0,100,100
458,458,0.646613094776025,0.3533869052239749,0.3028355865972787,0.20171246610522303,0,100,100
459,459,0.6375435579784767,0.3624564420215228,0.296836524638179,0.20486264647435978,0,100,100
460,460,0.7673573029165126,0.23264269708348764,0.3056292690675811,0.17826971968551678,0,100,100
461,461,0.44294972133550053,0.5570502786644991,0.3224251857176782,0.22777450922204076,0,100,100
462,462,0.6289317011851074,0.3710682988148924,0.31456481701248884,0.22788315459288602,0,100,100
463,463,0.6975784245555602,0.3024215754444402,0.3068921352537297,0.18787901523795225,0,100,100
464,464,0.5204760915843419,0.4795239084156582,0.3067828178604744,0.22632214179543386,0,100,100
465,465,0.8214344640698852,0.17856553593011504,0.2958917742599988,0.23097569625189213,0,100,100
466,466,0.5925221515255354,0.40747784847446444,0.30030695807437924,0.2089965758936632,0,100,100
467,467,0.7586218064229244,0.2413781935770751,0.2952849819432209,0.18348953951604802,0,100,100
468,468,0.6848791198799618,0.3151208801200389,0.2988771171866924,0.19835341601327078,0,100,100
469,469,0.525930218103794,0.474069781896206,0.3170280646037445,0.22942901022479065,0,100,100
470,470,0.7200770306475367,0.2799229693524632,0.30821624820010113,0.18633897503805516,0,100,100
471,471,0.6570966862660544,0.34290331373394567,0.309527031208869,0.19396375251855266,0,100,100
472,472,0.297175356271276,0.7028246437287241,0.3359737617715327,0.24978759526182087,0,100,100
473,473,0.826209165539308,0.17379083446069202,0.29743238263371413,0.1838913970291067,0,100,100
474,474,0.6790008624052887,0.32099913759471166,0.29277246378722127,0.189431177465436,0,100,100
475,475,0.5859774905415338,0.41402250945846597,0.3143371910816233,0.20966367673983666,0,100,100
476,476,0.7368194069957055,0.2631805930042946,0.2987913985861167,0.21865099634235208,0,100,100
477,477,0.6261586720332818,0.373841327966718,0.2936462953436872,0.19802739858310847,0,100,100
478,478,0.6967981198689464,0.30320188013105354,0.29703797228295953,0.1950004378534662,0,100,100
479,479,0.674315880480623,0.32568411951937676,0.30093586307697046,0.1896751017894847,0,100,100
480,480,0.6743714131685925,0.32562858683140766,0.2983366372794058,0.19227519588241024,0,100,100
481,481,0.6908624830224103,0.3091375169775896,0.29626003670188134,0.17928932070657028,0,100,100
482,482,0.5555213769031343,0.4444786230968656,0.3051367338872856,0.20651166710261773,0,100,100
483,483,0.673717200332918,0.326282799667082,0.29316194717351973,0.1881550414816522,0,100,100
484,484,0.6425456459297416,0.3574543540702582,0.3066167181459731,0.22096461236702,0,100,100
485,485,0.8363005605433242,0.1636994394566759,0.2945886331082556,0.17859169890200816,0,100,100
486,486,0.6906869434019981,0.3093130565980021,0.29512306302266483,0.19159344363034939,0,100,100
487,487,0.7732409180212783,0.22675908197872235,0.29812723629597837,0.19393191106443847,0,100,100
488,488,0.6481320835666489,0.3518679164333509,0.3015291881293122,0.2096504273232362,0,100,100
489,489,0.9258778730093996,0.07412212699060045,0.276635894784408,0.17766551870037867,0,100,100
490,490,0.5746940442935611,0.4253059557064388,0.30523410309525084,0.22191972054353143,0,100,100
491,491,0.536132951673188,0.4638670483268119,0.3136003386895723,0.2221941074375096,0,100,100
492,492,0.7609430702557165,0.23905692974428328,0.29407655823704554,0.20674774388568146,0,100,100
493,493,0.6782293354062565,0.3217706645937434,0.30392162364503433,0.20533705042085632,0,100,100
494,494,0.6707516396786605,0.3292483603213394,0.30572699381582547,0.20632788432934343,0,100,100
495,495,0.7979676113595692,0.20203238864043116,0.28307904214042395,0.1980479129436175,0,100,100
496,496,0.7110460627218481,0.28895393727815205,0.31007070539993026,0.19423665338730536,0,100,100
497,497,0.6072104102721422,0.39278958972785794,0.3126076915848419,0.21839009378526067,0,100,100
498,498,0.3878590732710084,0.6121409267289917,0.3228931593589529,0.23142213215912916,0,100,100
499,499,0.7026387654132096,0.2973612345867903,0.29691069476367044,0.19396958743941983,0,100,100
500,500,0.6925878622901661,0.3074121377098339,0.30510180208876975,0.2127118193757961,0,100,100
501,501,0.7340325362977015,0.2659674637022987,0.29271023548686864,0.1851398015375026,0,100,100
502,502,0.2659796974966112,0.7340203025033892,0.3222133990861056,0.2542133738608154,0,100,100
503,503,0.6737214985652917,0.3262785014347083,0.309025905282647,0.2071929462107304,0,100,100
504,504,0.6554788775408149,0.34452112245918537,0.3033327002884812,0.21383833179113632,0,100,100
505,505,0.5042677775717518,0.4957322224282482,0.30760838891981435,0.22448208190276578,0,100,100
506,506,0.6593981469392628,0.34060185306073754,0.3037176710761308,0.20384249197643098,0,100,100
507,507,0.5273233651669794,0.4726766348330206,0.2982036413888002,0.22139924973185912,0,100,100
508,508,0.7388055763474037,0.2611944236525963,0.3082486234351573,0.20354262300563605,0,100,100
509,509,0.7809686356408722,0.2190313643591274,0.29740622555391244,0.19510934392021725,0,100,100
510,510,0.7653207300224106,0.23467926997758912,0.2929592652743073,0.1908656066542027,0,100,100
511,511,0.8071449565258412,0.19285504347415863,0.29788342281022,0.1854496361712645,0,100,100
512,512,0.6903865221646329,0.3096134778353666,0.302458667432839,0.19051694036348857,0,100,100
513,513,0.7417769221266959,0.2582230778733044,0.29073144827272923,0.19301962297604155,0,100,100
514,514,0.5200244925676062,0.4799755074323936,0.30659266211446484,0.2061861593487941,0,100,100
515,515,0.6117830072475418,0.38821699275245797,0.2996022240480198,0.23133570160623015,0,100,100
516,516,0.7871091368478141,0.2128908631521859,0.295564492965383,0.1872249774790123,0,100,100
517,517,0.7512164677981431,0.24878353220185687,0.3042080714945259,0.19604949983837092,0,100,100
518,518,0.5605691783425685,0.4394308216574314,0.30585281353715243,0.23109061680903212,0,100,100
519,519,0.7716303841226767,0.22836961587732352,0.2860558963846551,0.19210339617034977,0,100,100
520,520,0.5973166078685207,0.40268339213147974,0.30342129440694987,0.20850480379968303,0,100,100
521,521,0.699743736488056,0.3002562635119445,0.30373885243909254,0.19536858212898411,0,100,100
522,522,0.5485160068785825,0.4514839931214174,0.31295496951762763,0.22977379346311366,0,100,100
523,523,0.5528099395121222,0.4471900604878779,0.30917806880367465,0.21486007623098854,0,100,100
524,524,0.7028219554507131,0.2971780445492867,0.3109723584961519,0.2074237987671768,0,100,100
525,525,0.7608686947026356,0.23913130529736468,0.293549216469055,0.18712560774326129,0,100,100
526,526,0.7328509357725335,0.26714906422746715,0.3039281511316645,0.21248799878711094,0,100,100
527,527,0.6618641782666903,0.3381358217333104,0.30323723216875964,0.20228007242812768,0,100,100
528,528,0.7498614582135965,0.250138541786403,0.3035609066954752,0.2041723577820323,0,100,100
529,529,0.5833134629268426,0.4166865370731576,0.30289945110990696,0.20114562098205013,0,100,100
530,530,0.8267411829302677,0.17325881706973223,0.29406304382625503,0.21231803329351667,0,100,100
531,531,0.7429252910020763,0.25707470899792395,0.29722211079552036,0.1843284274431266,0,100,100
532,532,0.5709610775872894,0.4290389224127105,0.307576484597813,0.2050764961340386,0,100,100
533,533,0.8448897819965834,0.15511021800341668,0.2836937279526134,0.1857393304397515,0,100,100
534,534,0.7900074170751331,0.20999258292486644,0.29411301822571245,0.1849995538043975,0,100,100
535,535,0.5850231657217005,0.41497683427829934,0.30925553790349003,0.21899619133386708,0,100,100
536,536,0.6580793764527609,0.3419206235472387,0.3060446693152014,0.20998532965193092,0,100,100
537,537,0.5953771100183745,0.40462288998162554,0.30518988084239135,0.21772601827149615,0,100,100
538,538,0.6836569091433377,0.31634309085666207,0.2965823205362721,0.21508118685747674,0,100,100
539,539,0.6325289225308142,0.36747107746918595,0.30874052896020376,0.21583381859994,0,100,100
540,540,0.5374860203536265,0.46251397964637353,0.29990500197779274,0.20108636299797736,0,100,100
541,541,0.6184320969173025,0.38156790308269734,0.30922800363721903,0.2203106618925027,0,100,100
542,542,0.2792035962316587,0.7207964037683411,0.31662858340648625,0.26289831615763176,0,100,100
543,543,0.5950850920738551,0.404914907926145,0.3132164875562927,0.21241385777577215,0,100,100
544,544,0.7850060169052024,0.2149939830947983,0.2913229229762627,0.18144578764337935,0,100,100
545,545,0.6022131204862612,0.3977868795137388,0.30425985497633884,0.20983779906978756,0,100,100
546,546,0.6980996093781758,0.3019003906218243,0.30741686332301565,0.19606601924568606,0,100,100
547,547,0.7748900678308346,0.22510993216916553,0.2961051343187435,0.19657538855032222,0,100,100
548,548,0.6484798173245941,0.3515201826754057,0.30759281519531717,0.21202841562188834,0,100,100
549,549,0.6283695535199526,0.37163044648004745,0.28936497134561784,0.195010561803179,0,100,100
550,550,0.8373287487011817,0.16267125129881893,0.2972320317865357,0.19437407961034125,0,100,100
551,551,0.6990937796752419,0.30090622032475794,0.2985213267428357,0.2127094524819194,0,100,100
552,552,0.7289674838838152,0.27103251611618495,0.29155891694119246,0.19947064170821935,0,100,100
553,553,0.5472212716984368,0.4527787283015631,0.3200060861386901,0.21552660602675566,0,100,100
554,554,0.5612349559059943,0.43876504409400563,0.3106444215286639,0.2036522575890816,0,100,100
555,555,0.7268743493765912,0.2731256506234086,0.2959367861653534,0.17937217170059716,0,100,100
556,556,0.6607453260130122,0.33925467398698794,0.30086513716916624,0.1983900945688698,0,100,100
557,557,0.629920979919588,0.37007902008041216,0.30244290463404744,0.2204525647670254,0,100,100
558,558,0.8131450542195623,0.18685494578043815,0.29993055829706156,0.18577485207280212,0,100,100
559,559,0.7008820076395055,0.29911799236049463,0.29850097781606355,0.20288326658994013,0,100,100
560,560,0.5896240771888422,0.4103759228111577,0.30932321649869476,0.20838353120980785,0,100,100
561,561,0.8380218856434694,0.1619781143565309,0.30390392251606196,0.20510092941024274,0,100,100
562,562,0.784444456386506,0.21555554361349433,0.29156966144998187,0.18732895822654022,0,100,100
563,563,0.715032886038022,0.28496711396197816,0.30449725476468087,0.18484395761534625,0,100,100
564,564,0.6895569134035402,0.3104430865964592,0.30559740445921557,0.18835399969134578,0,100,100
565,565,0.5004433104357863,0.4995566895642139,0.30553295918164475,0.2245952797825034,0,100,100
566,566,0.49502449741622684,0.5049755025837732,0.3112138372498887,0.22246926049202062,0,100,100
567,567,0.6719238078806746,0.32807619211932526,0.3018292981369657,0.20176321920300502,0,100,100
568,568,0.5837369569010125,0.41626304309898754,0.3172177118286386,0.22276370616931584,0,100,100
569,569,0.0003084021002711597,0.9996915978997292,0.3699358306143442,0.27327018811282844,0,100,100
570,570,0.7156488740475065,0.28435112595249384,0.30054590031046197,0.19874957292297005,0,100,100
571,571,0.7037807591369695,0.2962192408630308,0.3028519492078304,0.19836194674326268,0,100,100
572,572,0.6302647977493134,0.36973520225068646,0.313286990544283,0.20216154104914583,0,100,100
573,573,0.7550398611107603,0.24496013888923973,0.30073770263450195,0.1977099090149312,0,100,100
574,574,0.7152343997314655,0.28476560026853426,0.3112598443696699,0.21447903817790745,0,100,100
575,575,0.7693417338632375,0.23065826613676205,0.2924656096930184,0.19073238293276373,0,100,100
576,576,0.7604228261304212,0.2395771738695785,0.29176530982664683,0.19048141272275806,0,100,100
577,577,0.6319661291178484,0.36803387088215156,0.3021155786001814,0.20289759490575626,0,100,100
578,578,0.7950843477851717,0.20491565221482838,0.3003896729058168,0.18819876578216232,0,100,100
579,579,0.6833280493607315,0.31667195063926806,0.29535408267557656,0.20392166304659867,0,100,100
580,580,0.7234544090407694,0.276545590959231,0.2936816015046011,0.19647664730027184,0,100,100
581,581,0.6711210455893607,0.3288789544106388,0.29968757462116047,0.18539757790027425,0,100,100
582,582,0.7016270823493174,0.29837291765068275,0.3006849227601568,0.18778954664698982,0,100,100
583,583,0.5576847553108496,0.44231524468915034,0.30944680098430877,0.21845558721189312,0,100,100
584,584,0.8087939723296423,0.1912060276703575,0.28209750605991674,0.17332736783094832,0,100,100
585,585,0.7442761844463205,0.25572381555367935,0.2984457485454772,0.1977678023411558,0,100,100
586,586,0.73638526030347,0.26361473969652977,0.2963890067784948,0.18186958797343108,0,100,100
587,587,0.7740744405289587,0.22592555947104176,0.291552530003732,0.20191003868425,0,100,100
588,588,0.7678040272563083,0.23219597274369225,0.29180639539897485,0.1793738019715591,0,100,100
589,589,0.6955728727644354,0.3044271272355638,0.30130411410256003,0.20701516435220174,0,100,100
590,590,0.5632530756950558,0.4367469243049444,0.3042308291269722,0.1951726389570615,0,100,100
591,591,0.6389886299760513,0.36101137002394895,0.3036225316593967,0.19137528676872043,0,100,100
592,592,0.7650872575478744,0.23491274245212496,0.28720310676394656,0.20928861573680796,0,100,100
593,593,0.6735797166174932,0.3264202833825069,0.292266330660146,0.1934172936891941,0,100,100
594,594,0.8779428386244895,0.12205716137551059,0.29287986052477516,0.1865373864044537,0,100,100
595,595,0.8497021974709412,0.1502978025290589,0.2912797319401064,0.1822978861347461,0,100,100
596,596,0.7064312592076337,0.293568740792367,0.29782317025212734,0.19589416319448816,0,100,100
597,597,0.7604931287219145,0.23950687127808545,0.29594412348197885,0.18302826709062459,0,100,100
598,598,0.7806548579900433,0.21934514200995714,0.2920036305269156,0.1802909648057697,0,100,100
599,599,0.6365842597631156,0.36341574023688417,0.29653413904285125,0.19572909680947917,0,100,100
600,600,0.737370841468637,0.2626291585313634,0.2988308113118897,0.1810570976661677,0,100,100
601,601,0.7318045960998386,0.2681954039001618,0.3008153552911162,0.19225512320766622,0,100,100
602,602,0.6851142144241451,0.31488578557585517,0.3031945545255358,0.2053986045774634,0,100,100
603,603,0.6091974966483346,0.39080250335166533,0.2987953494442955,0.21103913204505662,0,100,100
604,604,0.689220900912174,0.31077909908782625,0.28866067881203433,0.21124016088577965,0,100,100
605,605,0.5984637342960171,0.40153626570398315,0.31274912552436124,0.20777946493725485,0,100,100
606,606,0.6035639158082459,0.39643608419175425,0.29672966678370577,0.19247662718473005,0,100,100
607,607,0.7402122547855968,0.25978774521440345,0.3058666039336005,0.18820668926605646,0,100,100
608,608,0.7736879406137885,0.22631205938621174,0.29515760312162276,0.19150602050051563,0,100,100
609,609,0.6503848557454063,0.3496151442545938,0.29094148065186454,0.19700538780358395,0,100,100
610,610,0.7448425294442689,0.2551574705557307,0.3015950488940388,0.1899187227728524,0,100,100
611,611,0.7418796227723984,0.2581203772276018,0.2972175802796814,0.18906036859598438,0,100,100
612,612,0.7640845479710832,0.23591545202891698,0.30112427983825635,0.2022571660580304,0,100,100
613,613,0.580763081299091,0.41923691870090884,0.3058169738211071,0.21155768495991006,0,100,100
614,614,0.7597042949004442,0.2402957050995557,0.28982536422804944,0.20107902471601266,0,100,100
615,615,0.4664802841068871,0.5335197158931129,0.3162070024676709,0.21704102810605905,0,100,100
616,616,0.6273646525626543,0.3726353474373457,0.30031940967852966,0.22056473830096607,0,100,100
617,617,0.6349677330110493,0.3650322669889507,0.3128675196716946,0.19707633216833317,0,100,100
618,618,0.5956221894484647,0.4043778105515355,0.30954354110224597,0.2077982424516355,0,100,100
619,619,0.6303817770251862,0.3696182229748136,0.29795403081047217,0.2028450003964938,0,100,100
620,620,0.7457102469563318,0.2542897530436689,0.29207082185386724,0.19387252029045746,0,100,100
621,621,0.7155408787000307,0.2844591212999694,0.29688813044263485,0.19322427073627338,0,100,100
622,622,0.7556292434837687,0.24437075651623158,0.30730130964996366,0.20908452629941807,0,100,100
623,623,0.6656910262668447,0.3343089737331554,0.3196399251364854,0.2034601986314847,0,100,100
624,624,0.746590278788073,0.253409721211927,0.2905020893856288,0.17171387067931335,0,100,100
625,625,0.28724624566035556,0.7127537543396444,0.31669747571030127,0.24991778437861603,0,100,100
626,626,0.5854451969773142,0.41455480302268555,0.31697898785126477,0.21788717284456027,0,100,100
627,627,0.7950001420521063,0.20499985794789374,0.2899688830506739,0.18621816213027234,0,100,100
628,628,0.35485070051255313,0.645149299487447,0.31094886389347876,0.23135664557397662,0,100,100
629,629,0.6687485422977546,0.3312514577022451,0.30539107758128736,0.20005998614002277,0,100,100
630,630,0.7001599371725731,0.2998400628274273,0.2966556003363701,0.19008011460896046,0,100,100
631,631,0.7103607656649207,0.2896392343350789,0.3000632050548266,0.20489928460702164,0,100,100
632,632,0.7635653601107418,0.23643463988925764,0.2883009322190336,0.1842513215927888,0,100,100
633,633,0.6707255501729757,0.3292744498270245,0.292256414105719,0.19186473742663152,0,100,100
634,634,0.6153569259469086,0.3846430740530912,0.3013394914037449,0.20738357787868647,0,100,100
635,635,0.7512082552191004,0.24879174478089985,0.29068818193886803,0.20391608281685022,0,100,100
636,636,0.520394343593033,0.479605656406967,0.3106645271706082,0.22003897555341334,0,100,100
637,637,0.7451186395274233,0.2548813604725762,0.29122729759980265,0.1949970453980472,0,100,100
638,638,0.7728813383670331,0.22711866163296687,0.286159727768135,0.17494153201742296,0,100,100
639,639,0.723688089517491,0.27631191048250864,0.2976516124382002,0.2011968038428709,0,100,100
640,640,0.6929106131835122,0.30708938681648745,0.3044213672921738,0.19200664775384194,0,100,100
641,641,0.6894324966873225,0.3105675033126773,0.30144494958730694,0.1898912640993998,0,100,100
642,642,0.6300947010684934,0.36990529893150687,0.30058893082468574,0.21329920851480216,0,100,100
643,643,0.30757826740749034,0.6924217325925097,0.3119706796221995,0.24023595888166677,0,100,100
644,644,0.6853534588932881,0.31464654110671203,0.2960333819492968,0.19962875648414868,0,100,100
645,645,0.7322340316451611,0.2677659683548391,0.28293083944772457,0.19430553880355594,0,100,100
646,646,0.49346803205415307,0.5065319679458471,0.3245217962767252,0.22201731568631927,0,100,100
647,647,0.7716153959817865,0.22838460401821314,0.30077287454968704,0.2172607891721367,0,100,100
648,648,0.5743106441948251,0.4256893558051748,0.29956681492803877,0.20520971066813828,0,100,100
649,649,0.6045673097125313,0.3954326902874687,0.2944524389497101,0.2093496141800996,0,100,100
650,650,0.637728832414676,0.36227116758532424,0.29692518089166914,0.20548765051225437,0,100,100
651,651,0.7580458841655083,0.24195411583449178,0.28749369156700916,0.2007264485523464,0,100,100
652,652,0.7662682956353681,0.23373170436463162,0.3017560827287773,0.2078189645767406,0,100,100
653,653,0.6236959678625196,0.3763040321374806,0.29957752577802066,0.19838933079182064,0,100,100
654,654,0.7642362740832445,0.23576372591675562,0.28683216463024924,0.19465443650118774,0,100,100
655,655,0.7367038248848158,0.2632961751151838,0.3178216949242842,0.20873657467246393,0,100,100
656,656,0.595677330829115,0.4043226691708851,0.3046604910938276,0.21027921098385863,0,100,100
657,657,0.6775807690309371,0.3224192309690627,0.30277957167765157,0.200181561074414,0,100,100
658,658,0.7136046351760353,0.2863953648239645,0.30896872165588374,0.18966259504700583,0,100,100
659,659,0.8783950657566999,0.12160493424330002,0.29216413773558114,0.16910878781333374,0,100,100
660,660,0.6352538845173293,0.36474611548267094,0.2941232100084046,0.21071393238485722,0,100,100
661,661,0.33142432734421834,0.6685756726557817,0.33020775003168407,0.22459853791182174,0,100,100
662,662,0.6194803884687747,0.3805196115312251,0.3019840968563765,0.20032285343002518,0,100,100
663,663,0.5233800703259402,0.4766199296740599,0.3121818999634934,0.22808575234561324,0,100,100
664,664,0.7665662207372201,0.23343377926278014,0.2990820163250326,0.20320036459614207,0,100,100
665,665,0.7391908952115286,0.260809104788471,0.3078447547244404,0.19801440678596371,0,100,100
666,666,0.6107902948596268,0.3892097051403733,0.3024436184137465,0.20418394526414355,0,100,100
667,667,0.658498361868344,0.34150163813165646,0.3060401655382638,0.21456134947993485,0,100,100
668,668,0.8723035552341508,0.12769644476584918,0.2860654821635922,0.17043593436633844,0,100,100
669,669,0.6346281353674716,0.36537186463252813,0.29940792621207307,0.20140386602509952,0,100,100
670,670,0.7138979946726871,0.2861020053273127,0.30285286199076517,0.1897712988127923,0,100,100
671,671,0.6927849624600971,0.3072150375399029,0.2988297460627607,0.19750089734480916,0,100,100
672,672,0.8008577649437261,0.19914223505627376,0.28004681770114237,0.1849046812488309,0,100,100
673,673,0.6973529403076462,0.3026470596923536,0.2989987820187462,0.19095615952644399,0,100,100
674,674,0.5922999831342604,0.40770001686573965,0.31678800381565986,0.21551745658078814,0,100,100
675,675,0.002240956569144748,0.9977590434308553,0.35697838984085073,0.28794529984348205,0,100,100
676,676,0.8443799692067547,0.15562003079324507,0.2974359357381576,0.18410903528542277,0,100,100
677,677,0.6736377583562501,0.32636224164374966,0.3085011857657851,0.20186757033740066,0,100,100
678,678,0.7745490483928209,0.22545095160717904,0.28666832539149745,0.18124262094421317,0,100,100
679,679,0.8681452449570942,0.13185475504290617,0.29451994760058425,0.17833189207237035,0,100,100
680,680,0.5910834910015478,0.4089165089984524,0.31071466046270385,0.20234373513312398,0,100,100
681,681,0.7455546106209142,0.25444538937908606,0.30270936055315534,0.19420135960045798,0,100,100
682,682,0.7300614355091681,0.2699385644908317,0.2915636531160676,0.1913050881084479,0,100,100
683,683,0.7988251814238652,0.2011748185761346,0.3016773780300593,0.17851396122955038,0,100,100
684,684,0.7167149585315403,0.2832850414684598,0.30131851595660963,0.21335582005343054,0,100,100
685,685,0.7840813941049882,0.2159186058950122,0.29831069229591983,0.1959077881818073,0,100,100
686,686,0.7552876518444923,0.24471234815550777,0.2916710542016933,0.17164828288232847,0,100,100
687,687,0.6221612418947529,0.377838758105247,0.31579021873762564,0.2110094944515329,0,100,100
688,688,0.6240796394165267,0.3759203605834736,0.2967957347877173,0.2021061714651338,0,100,100
689,689,0.7263078755725624,0.27369212442743795,0.2909479637315093,0.1884679826572074,0,100,100
690,690,0.7363876920133983,0.26361230798660196,0.29409119323650523,0.18601128811328435,0,100,100
691,691,0.7037734037332419,0.2962265962667583,0.2880865516843834,0.1777434829109485,0,100,100
692,692,0.6596218235898651,0.3403781764101352,0.30526960036533185,0.20106315346729922,0,100,100
693,693,0.6168829833518654,0.38311701664813436,0.30365271523937226,0.1967592245830061,0,100,100
694,694,0.585492732676387,0.4145072673236133,0.3089495554991874,0.209434881690144,0,100,100
695,695,0.7090359342910554,0.29096406570894495,0.30192325314329743,0.2045804659015575,0,100,100
696,696,0.6610112849525233,0.33898871504747674,0.2922949697062384,0.18935652911139064,0,100,100
697,697,0.6536549791425549,0.346345020857445,0.30637197908951597,0.20741868966537777,0,100,100
698,698,0.6378579954870363,0.3621420045129633,0.31460828472641617,0.20523603783756258,0,100,100
699,699,0.5508011673209987,0.4491988326790014,0.3187495152874168,0.219351404608613,0,100,100
700,700,0.7948578243968933,0.20514217560310702,0.297240957404797,0.19613567593929773,0,100,100
701,701,0.49685261494014754,0.5031473850598525,0.3197602525943692,0.23159472910845796,0,100,100
702,702,0.6212927410736713,0.3787072589263288,0.30497933016462414,0.2044284976493387,0,100,100
703,703,0.647181172141013,0.3528188278589873,0.29345047279342534,0.20005842511451058,0,100,100
704,704,0.5217072373790868,0.4782927626209134,0.31878973031564867,0.21134564097997272,0,100,100
705,705,0.72121930830672,0.27878069169327985,0.30101378203083856,0.21487516932785056,0,100,100
706,706,0.5767903059038068,0.4232096940961933,0.301943947451894,0.2177210481442229,0,100,100
707,707,0.7391549962232123,0.2608450037767881,0.29450268827753706,0.19443296142981173,0,100,100
708,708,0.7736889302292201,0.2263110697707798,0.29579287613094135,0.18756628272678702,0,100,100
709,709,0.4739863066658729,0.5260136933341272,0.3209114440541061,0.23686145711579504,0,100,100
710,710,0.4839118940801517,0.5160881059198483,0.3200892966514508,0.22535877275318522,0,100,100
711,711,0.6211449647629249,0.37885503523707487,0.30442128359736914,0.1942966192352831,0,100,100
712,712,0.487938025675493,0.5120619743245072,0.32152517319586305,0.22676091490490988,0,100,100
713,713,0.6663249793995272,0.33367502060047316,0.30573085000511563,0.21063577831526112,0,100,100
714,714,0.6335437490560707,0.36645625094392914,0.307128368994,0.21154160003106684,0,100,100
715,715,0.5791531219047498,0.4208468780952503,0.30893385238907833,0.19859953649908632,0,100,100
716,716,0.8019309390369952,0.19806906096300486,0.2904581327598219,0.17303377255565033,0,100,100
717,717,0.7446361320033459,0.25536386799665406,0.3028682491333915,0.18512156331883647,0,100,100
718,718,0.5887938073622517,0.411206192637748,0.3103717356161697,0.19784489033849464,0,100,100
719,719,0.6234180626493385,0.3765819373506616,0.30041942806800526,0.20955094853139591,0,100,100
720,720,0.6038162101599202,0.3961837898400801,0.30400398034654785,0.199496977767617,0,100,100
721,721,0.7313479560094123,0.26865204399058823,0.28247025916595647,0.18542927344068205,0,100,100
722,722,0.5691661990132193,0.4308338009867805,0.3022141962353164,0.22697823248067373,0,100,100
723,723,0.7111170978374508,0.2888829021625487,0.30101624710833264,0.18776535249524887,0,100,100
724,724,0.671013114476662,0.32898688552333744,0.29645403875360815,0.19294219602639287,0,100,100
725,725,0.7324023056740017,0.2675976943259987,0.314010173686108,0.2059742141128225,0,100,100
726,726,0.6367644772724537,0.36323552272754633,0.3068498678218297,0.20017013691099864,0,100,100
727,727,0.6600236142892374,0.3399763857107627,0.2900502611305828,0.2016610011890166,0,100,100
728,728,0.5917991899328701,0.4082008100671301,0.3087709674008321,0.2074214198729168,0,100,100
729,729,0.58910041974708,0.4108995802529199,0.31515475140466986,0.22010780251114556,0,100,100
730,730,0.5498768760620579,0.450123123937942,0.3086435123631633,0.21679417122852912,0,100,100
731,731,0.7870819787562294,0.21291802124376982,0.29570033447024174,0.19190294643731862,0,100,100
732,732,0.7765838119632238,0.22341618803677604,0.29996371963062335,0.19628403628193758,0,100,100
733,733,0.6409111663978205,0.35908883360217947,0.2980461076761192,0.2113096102927871,0,100,100
734,734,0.6906354188913194,0.30936458110868076,0.3040870995286247,0.21168124160469504,0,100,100
735,735,0.7581040318024946,0.24189596819750545,0.3015518775426367,0.19716039995497056,0,100,100
736,736,0.584247516994168,0.41575248300583206,0.3100995980275521,0.2259158602071309,0,100,100
737,737,0.8146685080779281,0.18533149192207232,0.2928334570227443,0.1809611745103789,0,100,100
738,738,0.7284099709951137,0.27159002900488644,0.3009821885815595,0.20862906106262466,0,100,100
739,739,0.7612212098314589,0.23877879016854073,0.29558038444072365,0.19892027311160376,0,100,100
740,740,0.8455963555665362,0.15440364443346385,0.2871426081541874,0.17676562698434542,0,100,100
741,741,0.6490446995302901,0.3509553004697099,0.30612822178050286,0.20062127622092518,0,100,100
742,742,0.7372029660740341,0.26279703392596565,0.30055002300288636,0.2040876595424681,0,100,100
743,743,0.7769526985245157,0.22304730147548457,0.29326022166043386,0.18449306106288518,0,100,100
744,744,0.7240951924004808,0.2759048075995196,0.29708007845541284,0.2047291017649392,0,100,100
745,745,0.7035603730983392,0.29643962690166076,0.30161937071753375,0.1912448871860593,0,100,100
746,746,0.7827838708400536,0.21721612915994604,0.28853104987684774,0.1806612983650049,0,100,100
747,747,0.697798479866663,0.30220152013333706,0.30000461054867367,0.19972513301559341,0,100,100
748,748,0.6475777887850405,0.35242221121496003,0.3039667054685776,0.20815348940546857,0,100,100
749,749,0.7122983599640744,0.28770164003592497,0.30179624868988353,0.20657173524441752,0,100,100
750,750,0.7379138737384704,0.26208612626152983,0.3046834819242817,0.20249004533788625,0,100,100
751,751,0.7188698402044783,0.28113015979552175,0.30376087941067925,0.1982550189499841,0,100,100
752,752,0.7778107700497661,0.22218922995023418,0.29812523228034987,0.20079723719618917,0,100,100
753,753,0.6788494496725802,0.32115055032742007,0.3012471512809411,0.1896261335234,0,100,100
754,754,0.6416055741399453,0.3583944258600544,0.308523239170187,0.2096845390838775,0,100,100
755,755,0.8271086184815036,0.17289138151849648,0.291957884525655,0.20023622444997077,0,100,100
756,756,0.8446681505150209,0.15533184948497936,0.29436974862047327,0.18705274521297038,0,100,100
757,757,0.750288672463693,0.24971132753630632,0.3111756729044018,0.19593991973169858,0,100,100
758,758,0.5421097136113234,0.45789028638867635,0.31323260075891085,0.2111719059853112,0,100,100
759,759,0.7599681142176423,0.2400318857823577,0.29942415097513203,0.21016871349313895,0,100,100
760,760,0.5411858459461818,0.4588141540538182,0.306120000622612,0.22892098592426133,0,100,100
761,761,0.6818263275624412,0.31817367243755845,0.3040732149579498,0.19666893258554108,0,100,100
762,762,0.7001325743230978,0.29986742567690244,0.302875541280115,0.20224593400617163,0,100,100
763,763,0.6657385951569478,0.3342614048430522,0.30524851750041915,0.22163576085104775,0,100,100
764,764,0.6232264427384048,0.3767735572615956,0.30333433008248695,0.21433039274087595,0,100,100
765,765,0.5075533722398944,0.49244662776010556,0.3061013513830364,0.21390587511478662,0,100,100
766,766,0.6274752667513799,0.3725247332486207,0.3044661694174015,0.20657691224138394,0,100,100
767,767,0.6911038762819178,0.3088961237180819,0.30296215099433116,0.20175611895340162,0,100,100
768,768,0.620537804415975,0.37946219558402555,0.3183361052246649,0.21151095716933285,0,100,100
769,769,0.6638563182648316,0.336143681735169,0.3033365477864265,0.20356805708235817,0,100,100
770,770,0.827179075361922,0.17282092463807813,0.2954692915753036,0.18917839182590915,0,100,100
771,771,0.47657505157193136,0.5234249484280687,0.30457026771049345,0.2245773903433815,0,100,100
772,772,0.7161815376699914,0.283818462330009,0.30373009635354364,0.20320775499729168,0,100,100
773,773,0.6769856239165937,0.3230143760834067,0.2964999129195144,0.19000337447866225,0,100,100
774,774,0.5343492200048904,0.4656507799951096,0.3133563009342929,0.20714730685763258,0,100,100
775,775,0.6893433713384435,0.31065662866155663,0.30074050435000976,0.2024309833795689,0,100,100
776,776,0.6934124941183408,0.30658750588165945,0.3073330797958692,0.2002410451695707,0,100,100
777,777,0.677865131833706,0.32213486816629383,0.29882161620666803,0.21059268163508946,0,100,100
778,778,0.6618268678554088,0.3381731321445911,0.31062565200308623,0.20853104802276695,0,100,100
779,779,0.7695826567156588,0.2304173432843415,0.29514897541959145,0.16820985268394992,0,100,100
780,780,0.5891529118392448,0.4108470881607553,0.3049882598543001,0.21617599634855736,0,100,100
781,781,0.6653737215398049,0.33462627846019516,0.3042507468946092,0.21414799993358208,0,100,100
782,782,0.7782242840452126,0.2217757159547874,0.29653695701970134,0.1967200905769643,0,100,100
783,783,0.7713852304471364,0.2286147695528635,0.3012940334866733,0.18802911391337473,0,100,100
784,784,0.7052034790099009,0.29479652099009906,0.30449000199645077,0.21395297019292026,0,100,100
785,785,0.6968681955727799,0.3031318044272199,0.3032854078866102,0.20865525866550685,0,100,100
786,786,0.6339223247706517,0.3660776752293486,0.2987052736617287,0.19352193070697174,0,100,100
787,787,0.8283459001683307,0.1716540998316688,0.2887283433506806,0.17671037599926442,0,100,100
788,788,0.7160671387126183,0.28393286128738227,0.30161585527115925,0.2047061310976368,0,100,100
789,789,0.6569547401376109,0.34304525986238926,0.3079698784366352,0.21011142544386807,0,100,100
790,790,0.7337529511367635,0.2662470488632362,0.3011552678016834,0.1987869301316435,0,100,100
791,791,0.6333351533069186,0.3666648466930812,0.3107155841663885,0.21303623342031577,0,100,100
792,792,0.6476754262369333,0.35232457376306636,0.31675212547684745,0.2113035469685776,0,100,100
793,793,0.640608179700568,0.3593918202994321,0.2977742834563915,0.19517238387595798,0,100,100
794,794,0.7778542667165453,0.22214573328345477,0.3007136598113195,0.18361188420293326,0,100,100
795,795,0.6526786071608156,0.34732139283918495,0.302089814659241,0.20480293468036714,0,100,100
796,796,0.78225757668908,0.21774242331091997,0.3093242559049917,0.1971538504616954,0,100,100
797,797,0.6237454899678105,0.3762545100321896,0.3077651250748776,0.2193538922845208,0,100,100
798,798,0.5698639981252362,0.4301360018747633,0.31423049133391145,0.21674855271181082,0,100,100
799,799,0.5383578581335497,0.46164214186645014,0.30345810101934495,0.19697280307710038,0,100,100
800,800,0.500805877755898,0.49919412224410203,0.3184714440437703,0.21456107785078546,0,100,100
801,801,0.723408229251871,0.27659177074812896,0.29865286315884176,0.18638320641941822,0,100,100
802,802,0.6641442003894731,0.33585579961052703,0.2933078983964638,0.1994941294128648,0,100,100
803,803,0.6046789971719435,0.3953210028280564,0.30431182706562593,0.19045036576299024,0,100,100
804,804,0.6932294349557483,0.3067705650442519,0.29551256460605163,0.20159037033719981,0,100,100
805,805,0.5878488857854467,0.4121511142145534,0.3044917613376575,0.2094010046079414,0,100,100
806,806,0.5266200053186219,0.4733799946813781,0.31243668586257634,0.21856561745698028,0,100,100
807,807,0.71150629412435,0.2884937058756498,0.29042291661862496,0.18531519329208856,0,100,100
808,808,0.5768051374699829,0.42319486253001715,0.3084665640807611,0.20717383140322154,0,100,100
809,809,0.6161352724315358,0.3838647275684643,0.306901791427753,0.20738290187065123,0,100,100
810,810,0.6863108027066873,0.3136891972933128,0.29579014948811216,0.20114184873598076,0,100,100
811,811,0.718714724067734,0.2812852759322657,0.2941719982890878,0.20574931705682514,0,100,100
812,812,0.6032357074573721,0.3967642925426279,0.311222665811763,0.20556127793054677,0,100,100
813,813,0.7236722054142207,0.2763277945857791,0.29842511416615713,0.2075000799913642,0,100,100
814,814,0.6907162145535275,0.3092837854464718,0.29611742244260914,0.2116725738227344,0,100,100
815,815,0.614062465642361,0.3859375343576393,0.31695779470453267,0.21964206000398206,0,100,100
816,816,0.7172069247361427,0.28279307526385716,0.30368793434006447,0.20613273673020835,0,100,100
817,817,0.6236204473234506,0.3763795526765497,0.3115102993787025,0.19829931574346601,0,100,100
818,818,0.7999810448876754,0.20001895511232434,0.2941797410765764,0.19379055013564664,0,100,100
819,819,0.709551909892404,0.290448090107596,0.29618734777594435,0.2149771467820026,0,100,100
820,820,0.7177666421339045,0.28223335786609527,0.29337949539407526,0.2034556976333709,0,100,100
821,821,0.6991433951569184,0.30085660484308213,0.3005891399764247,0.18528789872723372,0,100,100
822,822,0.7683460545284007,0.23165394547159962,0.28841070867510143,0.1916685244248919,0,100,100
823,823,0.64041484047499,0.35958515952501,0.29635267950690514,0.22334443984099883,0,100,100
824,824,0.5863333061219022,0.41366669387809774,0.30980473170457,0.20318572573362495,0,100,100
825,825,0.6910538417477454,0.30894615825225463,0.29844848519212175,0.19827412028918484,0,100,100
826,826,0.6256300341897847,0.37436996581021476,0.3104705723462981,0.21545607974586764,0,100,100
827,827,0.5557180061356636,0.4442819938643366,0.31378214504583785,0.2091590775171741,0,100,100
828,828,0.6573017878584949,0.3426982121415052,0.301643350335715,0.1894649117746139,0,100,100
829,829,0.38129409367647155,0.6187059063235283,0.31546075810372026,0.23584173782244106,0,100,100
830,830,0.537747414110028,0.462252585889972,0.3109580265224832,0.20331552101505712,0,100,100
831,831,0.3833344341025037,0.6166655658974961,0.3326129994605918,0.22621335094916803,0,100,100
832,832,0.7246485821770164,0.27535141782298367,0.303290407532773,0.20526873128295467,0,100,100
833,833,0.7026785301645116,0.29732146983548796,0.29260455200034874,0.2000967623154419,0,100,100
834,834,0.589516130197643,0.4104838698023569,0.3094955636993239,0.21474016266967658,0,100,100
835,835,0.5320974773148407,0.4679025226851591,0.31858485836925493,0.2160317494569894,0,100,100
836,836,0.7246445947019844,0.27535540529801633,0.28566904785050323,0.19680553771159576,0,100,100
837,837,0.670199798089862,0.32980020191013826,0.29807333093759636,0.19324219154667302,0,100,100
838,838,0.6789756225711944,0.3210243774288057,0.3118240827283343,0.21175665798748722,0,100,100
839,839,0.6968092154801918,0.30319078451980813,0.30334909254835213,0.19665359189325676,0,100,100
840,840,0.7094161913556348,0.2905838086443654,0.29999896599747583,0.20708612916932723,0,100,100
841,841,0.8240286283270428,0.17597137167295687,0.28820554833256123,0.17963363603270713,0,100,100
842,842,0.7308076356770428,0.26919236432295707,0.2969674431844365,0.20236058741982602,0,100,100
843,843,0.7828360079098534,0.21716399209014675,0.29549566658938614,0.18730246953472482,0,100,100
844,844,0.8691365263021634,0.13086347369783666,0.30365081813575967,0.16571455811075847,0,100,100
845,845,0.6796826583302656,0.32031734166973436,0.30427360935071657,0.21382078154038195,0,100,100
846,846,0.68151092906432,0.3184890709356797,0.3087758705234546,0.21622679046598736,0,100,100
847,847,0.6315200015375777,0.3684799984624221,0.308203938031515,0.21103736676328827,0,100,100
848,848,0.7033211430009247,0.29667885699907537,0.30699107084179755,0.19578978344469697,0,100,100
849,849,0.6172734933543412,0.3827265066456584,0.3057714719750867,0.20969379944238423,0,100,100
850,850,0.6447773876421636,0.35522261235783636,0.30433257798311575,0.20824472547689057,0,100,100
851,851,0.7627112141658968,0.2372887858341028,0.30075711889233825,0.2014809613211672,0,100,100
852,852,0.7554068605956035,0.24459313940439653,0.29065148790845,0.18455085086015025,0,100,100
853,853,0.5987560826451024,0.4012439173548977,0.3133562144918342,0.1913451075956449,0,100,100
854,854,0.5799022726441464,0.42009772735585377,0.29697460881598653,0.21038854455676587,0,100,100
855,855,0.6188176474870414,0.38118235251295873,0.3014870997023706,0.20314283099413813,0,100,100
856,856,0.5944253734926788,0.4055746265073212,0.3164857120137544,0.21740231431745152,0,100,100
857,857,0.31144464460441634,0.6885553553955839,0.32278246061053467,0.25120875164966067,0,100,100
858,858,0.6386720731355225,0.361327926864478,0.3097689973286026,0.21132933993133948,0,100,100
859,859,0.684610636467723,0.31538936353227714,0.29618640788845096,0.20618207936408117,0,100,100
860,860,0.6699754352849346,0.33002456471506525,0.3119416863708495,0.20303559205668675,0,100,100
861,861,0.5606398035574338,0.43936019644256613,0.32109171602803194,0.20844674629987037,0,100,100
862,862,0.7716474726674545,0.22835252733254485,0.2987720131395652,0.18415969224568943,0,100,100
863,863,0.5612461723479922,0.4387538276520082,0.3039676129570203,0.20398532176704273,0,100,100
864,864,0.703440223184879,0.2965597768151211,0.29946849903484857,0.20954228138910885,0,100,100
865,865,0.5486628379573957,0.4513371620426042,0.3173227301200937,0.21092171961442538,0,100,100
866,866,0.6513889377358771,0.34861106226412303,0.3011601087378685,0.20173667531965836,0,100,100
867,867,0.6075898507807542,0.39241014921924616,0.30253799217315547,0.21019075741060947,0,100,100
868,868,0.7934781320404878,0.2065218679595116,0.3017282359737602,0.1979705265094955,0,100,100
869,869,0.6496531017649485,0.35034689823505116,0.29639548098095797,0.20278688576812087,0,100,100
870,870,0.7763111068193764,0.22368889318062365,0.30186769613692993,0.1839910516508821,0,100,100
871,871,0.8137438119234963,0.18625618807650393,0.293462136399484,0.19272918039279513,0,100,100
872,872,0.7539881232377433,0.24601187676225666,0.2872315257977634,0.18832765937477305,0,100,100
873,873,0.7553674883586103,0.24463251164139027,0.28839040098870694,0.19318473583636336,0,100,100
874,874,0.7878829690614699,0.21211703093853024,0.2968022454656052,0.19873258376251698,0,100,100
875,875,0.8346206402951161,0.16537935970488393,0.30410601280790467,0.17648420531289458,0,100,100
876,876,0.7545018551594026,0.24549814484059748,0.28905339359135107,0.19433417033021613,0,100,100
877,877,0.6490255597477941,0.35097444025220637,0.2991733227078215,0.197247602184939,0,100,100
878,878,0.7263685775898174,0.2736314224101822,0.2882780229297741,0.20028365913305946,0,100,100
879,879,0.7062189304596419,0.29378106954035876,0.29387698168568843,0.19626353868694238,0,100,100
880,880,0.7602278799073652,0.23977212009263443,0.305129284918427,0.19865616824179286,0,100,100
881,881,0.7744896138022155,0.22551038619778438,0.29057899011838534,0.18912472672885217,0,100,100
882,882,0.7944986568812117,0.2055013431187882,0.29793332706396203,0.18730958748664342,0,100,100
883,883,0.8249305553660217,0.1750694446339783,0.2899968125117676,0.18205785976489886,0,100,100
884,884,0.7022370603835911,0.29776293961640943,0.2964369288524846,0.1969049693323908,0,100,100
885,885,0.8131049879576184,0.1868950120423815,0.2957020581493958,0.19295957219668644,0,100,100
886,886,0.6396872542480982,0.3603127457519017,0.3050784167864659,0.21826934007397247,0,100,100
887,887,0.7040332212025275,0.29596677879747263,0.28927177190051956,0.20658758687154583,0,100,100
888,888,0.516390351088701,0.48360964891129915,0.31683786647315315,0.21564495896330108,0,100,100
889,889,0.25131987345110046,0.7486801265488999,0.32509052205510897,0.24856849345633453,0,100,100
890,890,0.7181683023818468,0.2818316976181529,0.29834181242371377,0.19564998368936648,0,100,100
891,891,0.6807891743848234,0.31921082561517655,0.3048047549338432,0.20548245008173663,0,100,100
892,892,0.7253477723533192,0.27465222764668096,0.29286517073846613,0.19104487611321688,0,100,100
893,893,0.5539179874871636,0.4460820125128366,0.3100154600715258,0.22479467329875308,0,100,100
894,894,0.6210605312447862,0.3789394687552133,0.310717367525545,0.20854440662303303,0,100,100
895,895,0.7274629879725778,0.2725370120274224,0.3097770413952821,0.18767604253376322,0,100,100
896,896,0.6259691345628046,0.37403086543719555,0.3055638633958693,0.19898478910136314,0,100,100
897,897,0.6748829041686115,0.32511709583138865,0.3042141199507247,0.19743991337769345,0,100,100
898,898,0.6219240461579686,0.378075953842031,0.30804534405250106,0.20635851720774362,0,100,100
899,899,0.6127141988472231,0.3872858011527774,0.30214950593912854,0.20261188843705683,0,100,100
900,900,0.592406981927102,0.40759301807289816,0.3153715257299042,0.2192670195361835,0,100,100
901,901,0.3214898374562255,0.6785101625437744,0.33242692382528544,0.2427791526006929,0,100,100
902,902,0.6641576614665773,0.3358423385334226,0.3006317097657381,0.18381585522798802,0,100,100
903,903,0.674978393395216,0.32502160660478396,0.3026333703149701,0.18930745730956694,0,100,100
904,904,0.7594312759474806,0.24056872405251917,0.2916221977655373,0.19467610530321938,0,100,100
905,905,0.7525787448376967,0.24742125516230312,0.28765296589326195,0.18922582842972072,0,100,100
906,906,0.7624432273404644,0.23755677265953537,0.2950571207681904,0.1857901001836332,0,100,100
907,907,0.7571613827776966,0.2428386172223034,0.2985014992893375,0.21860687828028846,0,100,100
908,908,0.8598716717210274,0.14012832827897312,0.29277625891901443,0.19303726188202783,0,100,100
909,909,0.7542766418020836,0.24572335819791694,0.29637607222736073,0.18984947899124924,0,100,100
910,910,0.6785113617224208,0.32148863827757945,0.2944191257650532,0.22064007748474138,0,100,100
911,911,0.6154623785851683,0.3845376214148316,0.30968461179834733,0.2088242287345344,0,100,100
912,912,0.7272642948625797,0.27273570513742074,0.29342409839695704,0.1943388012102881,0,100,100
913,913,0.5619969941962495,0.4380030058037505,0.3109868727172004,0.21170245653516867,0,100,100
914,914,0.5611728564602525,0.4388271435397475,0.3177594321495578,0.21895188847802455,0,100,100
915,915,0.6380678994064769,0.3619321005935236,0.2991524706025816,0.21722420131131065,0,100,100
916,916,0.4941158874536442,0.5058841125463558,0.32477632112143656,0.2412071398149914,0,100,100
917,917,0.6155761358709819,0.38442386412901774,0.306302710699186,0.21186863912707815,0,100,100
918,918,0.46875879355498684,0.5312412064450133,0.32148279502934357,0.22683126118875818,0,100,100
919,919,0.7519340829297217,0.24806591707027842,0.2967292822120871,0.1789005915265938,0,100,100
920,920,0.6556887820629018,0.3443112179370981,0.3072260689521473,0.1959137824057674,0,100,100
921,921,0.7154487612042343,0.28455123879576544,0.2945628583402319,0.18926421874535201,0,100,100
922,922,0.6839313999879322,0.3160686000120679,0.30203788192081904,0.18801870406055984,0,100,100
923,923,0.6631187387212091,0.33688126127879153,0.3033280338819003,0.19638224014692385,0,100,100
924,924,0.7357072223218363,0.26429277767816406,0.29615338417943377,0.1953054366358569,0,100,100
925,925,0.7059873325964999,0.2940126674035001,0.298011178251032,0.19287564608496446,0,100,100
926,926,0.6837099150483978,0.31629008495160227,0.29439292968932224,0.188499854683676,0,100,100
927,927,0.614433527760258,0.3855664722397422,0.2970795578225133,0.1957233439497108,0,100,100
928,928,0.8271249980779082,0.17287500192209207,0.3002191280094069,0.183839502350899,0,100,100
929,929,0.6525811548363094,0.3474188451636905,0.30439462529539313,0.20510632883254434,0,100,100
930,930,0.6367540643025187,0.3632459356974815,0.31594799963193043,0.21120353894340796,0,100,100
931,931,0.5738107426410474,0.4261892573589523,0.31182713100928694,0.2317520694726143,0,100,100
932,932,0.7843935937787098,0.2156064062212901,0.3019996239800046,0.18094745100692058,0,100,100
933,933,0.5554513670604597,0.4445486329395404,0.3088720797995256,0.22278008229082866,0,100,100
934,934,0.7990417362027362,0.2009582637972636,0.30220151351169666,0.18475666170153662,0,100,100
935,935,0.7080590160717289,0.2919409839282712,0.309199883983202,0.2102076712615291,0,100,100
936,936,0.8570542314118726,0.14294576858812813,0.2761014930676652,0.17605310962182674,0,100,100
937,937,0.5817088248988229,0.41829117510117747,0.3026223633618832,0.21339656663582146,0,100,100
938,938,0.7199287340350347,0.28007126596496545,0.309093208311961,0.20378712412533667,0,100,100
939,939,0.8232078633193841,0.1767921366806156,0.29564377950072723,0.17321876723998492,0,100,100
940,940,0.7341721884731305,0.26582781152686913,0.30337165947475825,0.19062326304999672,0,100,100
941,941,0.6759655109977503,0.32403448900224974,0.30535149365464853,0.1940932946720141,0,100,100
942,942,0.47425393469028543,0.5257460653097148,0.3221728088976691,0.23358858170001376,0,100,100
943,943,0.7355345644435347,0.2644654355564651,0.2971320994742438,0.18924616945012188,0,100,100
944,944,0.7057575982298596,0.2942424017701404,0.3019704050992353,0.20283307844696383,0,100,100
945,945,0.685527370269117,0.3144726297308838,0.2987946751317611,0.20373179109843806,0,100,100
946,946,0.6709525174173006,0.3290474825826994,0.30400562362811245,0.1951896456207032,0,100,100
947,947,0.6180743004432349,0.38192569955676525,0.3030559646354043,0.2112685707101259,0,100,100
948,948,0.7311943857993556,0.2688056142006451,0.29552789864415224,0.18753945974761616,0,100,100
949,949,0.7619104808284124,0.23808951917158766,0.3036883968450246,0.1974745788953165,0,100,100
950,950,0.6092395343005111,0.3907604656994888,0.2983907501511499,0.2157550871668017,0,100,100
951,951,0.6886912803879811,0.3113087196120195,0.3070902344531585,0.18409260528016533,0,100,100
952,952,0.5742098661655181,0.4257901338344821,0.3067471447497712,0.21339800020331212,0,100,100
953,953,0.6727892178613835,0.32721078213861654,0.29133444570422135,0.1998507680925827,0,100,100
954,954,0.7857967915779114,0.2142032084220887,0.28920192900319,0.1864867121524926,0,100,100
955,955,0.6510585825585014,0.34894141744149865,0.3069860460970941,0.19325335598515678,0,100,100
956,956,0.42218427366814226,0.5778157263318578,0.3228010779743273,0.24301599101071977,0,100,100
957,957,0.6769300134863068,0.32306998651369334,0.30141021828813214,0.20047166116608292,0,100,100
958,958,0.7646492324109643,0.23535076758903525,0.29528927758593265,0.2001577519262062,0,100,100
959,959,0.8243932618164113,0.17560673818358893,0.298842853841045,0.1795828866115974,0,100,100
960,960,0.7244867420049128,0.27551325799508714,0.30222002719271335,0.2056002587415412,0,100,100
961,961,0.6826923535985604,0.31730764640143977,0.29870609600718695,0.19752323334598249,0,100,100
962,962,0.732836724546823,0.26716327545317664,0.29656373134456954,0.18328569455888283,0,100,100
963,963,0.6506222665778985,0.3493777334221012,0.29415899124808736,0.20125383976588904,0,100,100
964,964,0.7894818167729016,0.21051818322709864,0.2880478146657135,0.18759181442130685,0,100,100
965,965,0.6641921522082737,0.33580784779172673,0.3034159588151465,0.20420458232638283,0,100,100
966,966,0.5662995643296391,0.43370043567036076,0.31016114573690423,0.23462249499456395,0,100,100
967,967,0.5219549199745698,0.4780450800254302,0.31999466951224476,0.23298473833581243,0,100,100
968,968,0.7202033836677205,0.2797966163322795,0.3060992055325553,0.19745169602710097,0,100,100
969,969,0.5652560730963235,0.4347439269036765,0.30855990445430787,0.1869713067002564,0,100,100
970,970,0.7175027961654145,0.28249720383458604,0.300688465028396,0.2186045905204777,0,100,100
971,971,0.7876922468651718,0.21230775313482841,0.28931961695690733,0.19125623184969623,0,100,100
972,972,0.6799044837595959,0.32009551624040383,0.30738789933595156,0.21151683029884633,0,100,100
973,973,0.4663868184196127,0.5336131815803877,0.3125368794420768,0.24181733812506417,0,100,100
974,974,0.7926384604350905,0.2073615395649095,0.2963930963587943,0.18454450376318307,0,100,100
975,975,0.70252312503077,0.29747687496923,0.29162487671214216,0.20548414152123826,0,100,100
976,976,0.6852969852185334,0.31470301478146684,0.30198512356826995,0.20416234424202961,0,100,100
977,977,0.5824451997976573,0.4175548002023428,0.30209602895979676,0.21708675845782743,0,100,100
978,978,0.7289182703786236,0.2710817296213764,0.3152847920399564,0.20135312986894344,0,100,100
979,979,0.7692534629039774,0.2307465370960227,0.29066566888567175,0.19503836646384026,0,100,100
980,980,0.6060029746820457,0.3939970253179543,0.30729806226961487,0.2139012599970116,0,100,100
981,981,0.714519850134217,0.2854801498657827,0.3024956325990394,0.20372998247486981,0,100,100
982,982,0.6060470462062084,0.39395295379379164,0.3091680181740854,0.2039066721815099,0,100,100
983,983,0.6333256133731545,0.3666743866268458,0.3027519963269526,0.2145211367226893,0,100,100
984,984,0.7293531672217761,0.27064683277822427,0.2958734166757084,0.20433930773600248,0,100,100
985,985,0.7824183198890037,0.21758168011099638,0.2928889329027282,0.1955051233286918,0,100,100
986,986,0.7382781233412079,0.26172187665879193,0.29711070600319583,0.1839726436401497,0,100,100
987,987,0.6172812076158216,0.38271879238417883,0.3071745020453706,0.20324832220561928,0,100,100
988,988,0.627445601965246,0.372554398034754,0.2972339297305316,0.2104441081605944,0,100,100
989,989,0.7439375038934251,0.25606249610657505,0.30145815855566577,0.20555126500791032,0,100,100
990,990,0.534083617752671,0.4659163822473291,0.30571260303384873,0.21876008413241438,0,100,100
991,991,0.6466192593310613,0.3533807406689383,0.3139023352672243,0.20919279394592866,0,100,100
992,992,0.8342519961071153,0.16574800389288455,0.29515117252325973,0.18443386617718013,0,100,100
993,993,0.5948196939041026,0.40518030609589767,0.30218020708790133,0.1985715013924043,0,100,100
994,994,0.7286784738765316,0.27132152612346827,0.29864492099240764,0.20044069306733503,0,100,100
995,995,0.7315741935985004,0.26842580640149966,0.3056968240625153,0.19171067469522998,0,100,100
996,996,0.7346956520733654,0.26530434792663476,0.2951258722530362,0.21248164714180875,0,100,100
997,997,0.6691627578455385,0.3308372421544613,0.30184164813928893,0.19773714069327172,0,100,100
998,998,0.5904937221940556,0.4095062778059444,0.30645172080698363,0.20107672866233986,0,100,100
999,999,0.5818608660194691,0.4181391339805313,0.297829195931335,0.19157462102851416,0,100,100
1000,0,0.6794229204305063,0.32057707956949266,0.30011332497706505,0.1938258604371095,0,500,100
1001,1,0.6153194972197011,0.3846805027802992,0.3016127234542352,0.21387049786628481,0,500,100
1002,2,0.6978212835979685,0.3021787164020316,0.30112301914427003,0.19461975667937703,0,500,100
1003,3,0.6359458601468406,0.3640541398531601,0.3029430337518168,0.20800376519753627,0,500,100
1004,4,0.721044587750126,0.2789554122498748,0.3017309000953276,0.19930987207191275,0,500,100
1005,5,0.7355551475148107,0.2644448524851882,0.300135420536853,0.18912769903659357,0,500,100
1006,6,0.7305112062859515,0.26948879371404705,0.2968009508532898,0.18725668948925597,0,500,100
1007,7,0.7336764767771097,0.26632352322288994,0.29548440856969527,0.1931111437534387,0,500,100
1008,8,0.659203341638551,0.3407966583614486,0.3020014787125544,0.20270039144466756,0,500,100
1009,9,0.6979184029124558,0.3020815970875442,0.30500425884895044,0.201243357320524,0,500,100
1010,10,0.648093912838501,0.3519060871614982,0.303433844730358,0.20001464836489113,0,500,100
1011,11,0.7271880862745622,0.27281191372543867,0.2986966135348224,0.19651407629094764,0,500,100
1012,12,0.7105984522631262,0.2894015477368748,0.2962499823890047,0.200569836219985,0,500,100
1013,13,0.6909194019927667,0.30908059800723325,0.30004960785112245,0.20140346814613577,0,500,100
1014,14,0.7012089799281701,0.2987910200718291,0.2993365775332091,0.20155392822137458,0,500,100
1015,15,0.5456648339603937,0.4543351660396063,0.30892507057254687,0.21334569697688394,0,500,100
1016,16,0.6530503106383111,0.346949689361688,0.30593949397104064,0.20828990669695593,0,500,100
1017,17,0.5841070511554323,0.41589294884456895,0.30672127269910776,0.2178972789244167,0,500,100
1018,18,0.5949358354984836,0.4050641645015165,0.30506282667496076,0.21050292720299116,0,500,100
1019,19,0.7497610779327405,0.25023892206725773,0.30114386453315717,0.20250267662665405,0,500,100
1020,20,0.693178093780999,0.30682190621900285,0.2998799164879406,0.20308136369249094,0,500,100
1021,21,0.7629951687955403,0.2370048312044598,0.29793938383241886,0.19110871838249702,0,500,100
1022,22,0.7362990174599807,0.2637009825400186,0.29832217563553476,0.2005516804815319,0,500,100
1023,23,0.7300769982800528,0.2699230017199485,0.3022752825006394,0.20070823439451535,0,500,100
1024,24,0.7045130237118149,0.2954869762881841,0.2959532147989979,0.1984422680867582,0,500,100
1025,25,0.6461486837148032,0.3538513162851988,0.2986710710515986,0.2042498565077199,0,500,100
1026,26,0.5331040651428709,0.4668959348571289,0.3157547886438114,0.22730940807641,0,500,100
1027,27,0.737762365600134,0.26223763439986625,0.2929447002450697,0.194847795489423,0,500,100
1028,28,0.67600623692025,0.3239937630797499,0.2974858243746783,0.2076513038023983,0,500,100
1029,29,0.5964580347401036,0.4035419652598963,0.30728082335562934,0.21960512565503756,0,500,100
1030,30,0.6919881733802971,0.30801182661970244,0.3031350522656229,0.20088231537799242,0,500,100
1031,31,0.6697124238187171,0.33028757618128113,0.3054650562985046,0.19887595383955525,0,500,100
1032,32,0.7657828542628636,0.23421714573713895,0.2954323917366786,0.18710389316828596,0,500,100
1033,33,0.7040182128962399,0.2959817871037593,0.29571530259656503,0.1981576019045204,0,500,100
1034,34,0.6959819853451339,0.30401801465486566,0.3065802123423442,0.2029014471937481,0,500,100
1035,35,0.7403180909804405,0.259681909019562,0.3027423630471218,0.19698850768304593,0,500,100
1036,36,0.6021823362014408,0.39781766379856,0.30844197767231885,0.20984912662139274,0,500,100
1037,37,0.6686589251952451,0.3313410748047571,0.2998442932245973,0.20645323616102235,0,500,100
1038,38,0.6649733446539782,0.33502665534602116,0.307833711165438,0.20242803492464628,0,500,100
1039,39,0.5669726853494778,0.43302731465052247,0.3061172599369963,0.21610617144837968,0,500,100
1040,40,0.6203864272569634,0.3796135727430373,0.31092682550833306,0.20464288730034863,0,500,100
1041,41,0.6986486675035566,0.30135133249644447,0.2990007455346328,0.19898212180749705,0,500,100
1042,42,0.5777634096042774,0.4222365903957223,0.3094940768719248,0.21652705846374837,0,500,100
1043,43,0.7408700137959441,0.2591299862040543,0.2992116276130732,0.19180750962281878,0,500,100
1044,44,0.6108298097290205,0.3891701902709789,0.3076412525834218,0.2155446494020075,0,500,100
1045,45,0.7474997600279082,0.25250023997209187,0.29594257999788126,0.1972393866835467,0,500,100
1046,46,0.6492219972941781,0.35077800270582105,0.30267527058012333,0.20330965953479602,0,500,100
1047,47,0.6508396595191546,0.3491603404808454,0.30516820207288387,0.20564887514981306,0,500,100
1048,48,0.7155488896749098,0.28445111032509085,0.306381598227207,0.20301902673432445,0,500,100
1049,49,0.6249023973269994,0.37509760267300113,0.30523354542061626,0.20863589946817437,0,500,100
1050,50,0.6747714024763424,0.3252285975236584,0.30113047972506024,0.20565769546966722,0,500,100
1051,51,0.6221327821522209,0.37786721784777805,0.3056121404471265,0.21671281586835678,0,500,100
1052,52,0.6291656505568882,0.37083434944311205,0.3013680450166427,0.21327468185947865,0,500,100
1053,53,0.7009720816786529,0.2990279183213484,0.30076198544318183,0.20076468214440468,0,500,100
1054,54,0.6276541409636274,0.37234585903637224,0.30565394293407133,0.21365898152179677,0,500,100
1055,55,0.6649028414500266,0.335097158549974,0.300636254240853,0.20264600453852366,0,500,100
1056,56,0.6399927050552306,0.3600072949447696,0.30662464081016383,0.20655822183470787,0,500,100
1057,57,0.7512449270056336,0.24875507299436353,0.29717696030376334,0.19041748808843667,0,500,100
1058,58,0.6392178195370705,0.36078218046292976,0.3060583475614534,0.20262101173303437,0,500,100
1059,59,0.6979223434981097,0.30207765650189033,0.3002261944465976,0.20122451788131862,0,500,100
1060,60,0.6583653968576655,0.3416346031423336,0.30405967193907485,0.2118568574427012,0,500,100
1061,61,0.6756572509632095,0.32434274903679033,0.2969239151217151,0.19714084545905997,0,500,100
1062,62,0.6424426045879781,0.3575573954120216,0.303705132933229,0.2103351359436307,0,500,100
1063,63,0.6734348902723214,0.32656510972767794,0.3064730395824201,0.2097295766669683,0,500,100
1064,64,0.5814650768843557,0.4185349231156449,0.30675611016354193,0.2069409983144434,0,500,100
1065,65,0.5574082942014247,0.4425917057985758,0.3086768756679734,0.2149180565931787,0,500,100
1066,66,0.7680107758175031,0.2319892241824978,0.29469149001132877,0.1901543499920539,0,500,100
1067,67,0.6607612387111208,0.3392387612888795,0.3037107392739608,0.21901894531502955,0,500,100
1068,68,0.7337432642087239,0.2662567357912762,0.2977740982366597,0.19751711071922187,0,500,100
1069,69,0.6733042061371521,0.3266957938628494,0.3000641875323589,0.2037538336085249,0,500,100
1070,70,0.5609646322801105,0.4390353677198897,0.3102774394035571,0.20824137876404492,0,500,100
1071,71,0.6764244577459565,0.3235755422540436,0.3035445492174768,0.2087149183877585,0,500,100
1072,72,0.6250061144843232,0.37499388551567703,0.3084284664633168,0.21811108324320863,0,500,100
1073,73,0.6749227138485812,0.3250772861514176,0.30380208843656736,0.2036348672133646,0,500,100
1074,74,0.6659002651595954,0.3340997348404052,0.3045185151071152,0.20628881994500417,0,500,100
1075,75,0.5969513470105358,0.4030486529894635,0.30889353984581547,0.2100629407348523,0,500,100
1076,76,0.7436411789977048,0.256358821002294,0.2959473944695289,0.2034700052506233,0,500,100
1077,77,0.6760333216413572,0.3239666783586431,0.30768854962350245,0.20147839925300381,0,500,100
1078,78,0.6641725417695077,0.335827458230493,0.3006840358451874,0.20068019452099994,0,500,100
1079,79,0.7291428170348818,0.27085718296511824,0.30018832207092355,0.1915394697541165,0,500,100
1080,80,0.7010047493957747,0.2989952506042259,0.301036530496104,0.20305326675897106,0,500,100
1081,81,0.6658783768021331,0.3341216231978666,0.301134120608728,0.21357881566097334,0,500,100
1082,82,0.5958191406496279,0.4041808593503718,0.3064707544632724,0.20955682705406636,0,500,100
1083,83,0.5809902368054222,0.41900976319457817,0.31265349496747985,0.20861416510767378,0,500,100
1084,84,0.6795134761781287,0.3204865238218722,0.3006924173208855,0.20767004319617666,0,500,100
1085,85,0.6187470581576098,0.3812529418423908,0.3092706922864453,0.21355813959083736,0,500,100
1086,86,0.749510131900254,0.25048986809974527,0.29753353369699437,0.19240539459594175,0,500,100
1087,87,0.774862021413313,0.22513797858668935,0.29089427527087436,0.18645043412738574,0,500,100
1088,88,0.7116694759788119,0.2883305240211875,0.3036663470139666,0.19647565980217682,0,500,100
1089,89,0.6585182421044189,0.3414817578955811,0.3048116214846126,0.19830045172621372,0,500,100
1090,90,0.7084232257918478,0.29157677420815187,0.29857425194506093,0.20078096226175748,0,500,100
1091,91,0.5878881394167074,0.41211186058329374,0.30569617717745967,0.21252686842930923,0,500,100
1092,92,0.6370633722567296,0.3629366277432708,0.30364292200925813,0.20989949847878747,0,500,100
1093,93,0.6606010403200018,0.3393989596799992,0.3059581768698306,0.20619895279397113,0,500,100
1094,94,0.6107309758880848,0.38926902411191555,0.30188690143383645,0.2113405202665982,0,500,100
1095,95,0.6728984084372968,0.3271015915627024,0.30291809804837166,0.20142639362171247,0,500,100
1096,96,0.7246548007581142,0.27534519924188783,0.30067527252611315,0.20227053330888659,0,500,100
1097,97,0.6661874365835488,0.3338125634164512,0.3002915155790489,0.2009198345387959,0,500,100
1098,98,0.6926415067633687,0.3073584932366332,0.3013800236888126,0.20266785416547364,0,500,100
1099,99,0.7679241330327053,0.23207586696729524,0.29685398562392534,0.19251747730728222,0,500,100
1100,100,0.7791299573695708,0.2208700426304275,0.2976499650982342,0.19482947922440366,0,500,100
1101,101,0.7070204421290861,0.29297955787091345,0.2992222743478814,0.1975009304955833,0,500,100
1102,102,0.6122400744205152,0.38775992557948485,0.30424420462200896,0.20556406235401853,0,500,100
1103,103,0.6960243241970484,0.3039756758029512,0.2985670103663996,0.1944566723177905,0,500,100
1104,104,0.6523695897470994,0.347630410252901,0.3044660919314045,0.20532030112924077,0,500,100
1105,105,0.6171781697687034,0.38282183023129646,0.30372751442112267,0.21306519665269008,0,500,100
1106,106,0.6823150655856762,0.317684934414323,0.3026033763469594,0.19632393816961918,0,500,100
1107,107,0.6173745353443618,0.38262546465563846,0.30012654081528334,0.2092634278581435,0,500,100
1108,108,0.6452604458270618,0.35473955417293823,0.3046493968885437,0.20466224724226528,0,500,100
1109,109,0.7382217575754153,0.261778242424584,0.29565783042287563,0.18969856441983257,0,500,100
1110,110,0.7188853131055551,0.28111468689444635,0.29911309141311115,0.19775555749027565,0,500,100
1111,111,0.6847204668059915,0.31527953319400653,0.2991867045466905,0.19963471578065528,0,500,100
1112,112,0.6281055089205726,0.37189449107942824,0.302871336665921,0.2102877209044086,0,500,100
1113,113,0.6735319681528156,0.32646803184718476,0.30545755976750244,0.1948263302313481,0,500,100
1114,114,0.7982864213494264,0.20171357865057418,0.294925623647032,0.19197953649737098,0,500,100
1115,115,0.7767075035812001,0.22329249641880164,0.29647218977974005,0.1943093757774544,0,500,100
1116,116,0.6831413960941094,0.31685860390588977,0.3010773478708646,0.19984182049224894,0,500,100
1117,117,0.650657332353369,0.3493426676466303,0.30129954394307584,0.19956692656057756,0,500,100
1118,118,0.7817304806278652,0.21826951937213393,0.29625004477723754,0.18991341635562986,0,500,100
1119,119,0.6910992673674468,0.3089007326325516,0.30094551895732746,0.19998907676454178,0,500,100
1120,120,0.5549995001479664,0.4450004998520338,0.30540286081664186,0.2104751903293324,0,500,100
1121,121,0.6753884401207261,0.3246115598792742,0.30479643627722114,0.20863092606301067,0,500,100
1122,122,0.6469451385388483,0.353054861461152,0.3023511754661562,0.20913287129113356,0,500,100
1123,123,0.7132930735962815,0.2867069264037204,0.29706264332695126,0.1951375043235004,0,500,100
1124,124,0.6945098274901323,0.30549017250986743,0.30036533571749346,0.20489471720994945,0,500,100
1125,125,0.6114795138038548,0.38852048619614626,0.3095223701002363,0.20064170201912054,0,500,100
1126,126,0.7887308400865898,0.21126915991341144,0.29119923854354246,0.18858493102971657,0,500,100
1127,127,0.6301165752968079,0.3698834247031927,0.3052039703052068,0.2114880371486389,0,500,100
1128,128,0.6953538782607441,0.30464612173925587,0.3050014450156904,0.2040270920842626,0,500,100
1129,129,0.6416051674007227,0.35839483259927757,0.2991392898894971,0.21147259653449788,0,500,100
1130,130,0.6722777610965844,0.32772223890341434,0.30230029456872637,0.2002617674287302,0,500,100
1131,131,0.6472112304041072,0.3527887695958923,0.30337743209280815,0.20882387776334946,0,500,100
1132,132,0.7722943477139087,0.22770565228609027,0.29414280931346093,0.18688675717657324,0,500,100
1133,133,0.6761942899375798,0.3238057100624193,0.2994455511021834,0.20264197374667292,0,500,100
1134,134,0.6692085394228104,0.33079146057718856,0.30282415495487613,0.20643667596964976,0,500,100
1135,135,0.722244581446547,0.2777554185534526,0.30016908099318584,0.1973121101302111,0,500,100
1136,136,0.7027968548383147,0.29720314516168495,0.2956016090803261,0.20158642271638225,0,500,100
1137,137,0.6692054627152995,0.33079453728470126,0.3060597273155124,0.20884008282109956,0,500,100
1138,138,0.7508575432775022,0.2491424567224972,0.29762910813275517,0.1886588888858817,0,500,100
1139,139,0.6407031826356363,0.35929681736436353,0.3023583810345855,0.20689864029381666,0,500,100
1140,140,0.6716783927778561,0.3283216072221445,0.30548575768916253,0.20306862476372872,0,500,100
1141,141,0.6218895103750901,0.3781104896249096,0.30523224114686365,0.20988381221904423,0,500,100
1142,142,0.6411178137505232,0.3588821862494762,0.3026210629114172,0.20832531849156843,0,500,100
1143,143,0.6936889896891582,0.3063110103108422,0.2960451550315287,0.19599927355821745,0,500,100
1144,144,0.6976535881980445,0.302346411801955,0.3057303939802415,0.2047522021165335,0,500,100
1145,145,0.6219166761396742,0.3780833238603259,0.3059635515668,0.21068415336697868,0,500,100
1146,146,0.7425749157122952,0.257425084287705,0.2960227552073522,0.19874103428786416,0,500,100
1147,147,0.7482795363450893,0.25172046365490924,0.29539352259262985,0.19252734232002425,0,500,100
1148,148,0.719907653217297,0.2800923467827011,0.2943951262846634,0.19008979049007702,0,500,100
1149,149,0.6735266443801633,0.3264733556198371,0.3049738047802981,0.19907295809510128,0,500,100
1150,150,0.5990809571367322,0.4009190428632684,0.306184919085939,0.21473274254653887,0,500,100
1151,151,0.6891128344221569,0.310887165577844,0.3029693769243908,0.2029672527884357,0,500,100
1152,152,0.7768788668638996,0.22312113313609994,0.29304452291386424,0.189493045789683,0,500,100
1153,153,0.6397362549372364,0.36026374506276354,0.30449436729000723,0.20597108323370128,0,500,100
1154,154,0.7746640788581239,0.22533592114187664,0.2952202307474063,0.19563455158142265,0,500,100
1155,155,0.6405869364167959,0.359413063583205,0.3062919940983161,0.20570579464887165,0,500,100
1156,156,0.6778692617629856,0.3221307382370153,0.3001264810754899,0.1992156482459553,0,500,100
1157,157,0.7112105914537302,0.2887894085462705,0.30273057632412653,0.19998935574583582,0,500,100
1158,158,0.6719863552254008,0.3280136447745981,0.30301445554760537,0.20309649155520196,0,500,100
1159,159,0.6836016599944056,0.31639834000559564,0.29833409446990505,0.19898434924257846,0,500,100
1160,160,0.6786787482469703,0.32132125175303045,0.30441176220327903,0.20167419964500807,0,500,100
1161,161,0.6313885923071247,0.36861140769287487,0.3075059430182513,0.2101515414199393,0,500,100
1162,162,0.6462402609057996,0.35375973909420033,0.30247718991722217,0.20224761034999922,0,500,100
1163,163,0.7352420328104393,0.26475796718955924,0.30057029320484996,0.20089324293517768,0,500,100
1164,164,0.7777893353648101,0.22221066463519176,0.2969312897465365,0.18914488000847182,0,500,100
1165,165,0.6474550168344805,0.35254498316551935,0.30409974213697066,0.19693684395091648,0,500,100
1166,166,0.7189941732145201,0.2810058267854794,0.30023888965438883,0.19469342821799476,0,500,100
1167,167,0.6706184429479065,0.3293815570520948,0.3054359541814806,0.20544263799143223,0,500,100
1168,168,0.7018009033975201,0.29819909660247995,0.29821986879327783,0.1909765231304663,0,500,100
1169,169,0.691524829762643,0.30847517023735693,0.29896023578010544,0.19865966456622666,0,500,100
1170,170,0.690261706040748,0.3097382939592525,0.2992598216238535,0.19620565542491167,0,500,100
1171,171,0.6247296246612455,0.3752703753387545,0.31076560802800557,0.204800387639614,0,500,100
1172,172,0.7617978464305188,0.2382021535694797,0.29914426157879587,0.19534897170294627,0,500,100
1173,173,0.6185847306761976,0.381415269323803,0.3051854684965155,0.21073338072251596,0,500,100
1174,174,0.7440672473421883,0.2559327526578144,0.2954420649808623,0.19493884796880134,0,500,100
1175,175,0.7513770168352315,0.2486229831647667,0.2939882498794858,0.18994215747803478,0,500,100
1176,176,0.555580045440302,0.444419954559698,0.31524054887020275,0.2205540964765579,0,500,100
1177,177,0.7248313203424485,0.2751686796575504,0.29757546508720456,0.1935830153548562,0,500,100
1178,178,0.6960364186875857,0.3039635813124134,0.2961805245387028,0.2002462536869203,0,500,100
1179,179,0.6135137329018691,0.38648626709813133,0.3076107844899973,0.21340100890500266,0,500,100
1180,180,0.6291895833522143,0.37081041664778613,0.30565722991608,0.208957600385071,0,500,100
1181,181,0.7201866480315011,0.2798133519684979,0.30200344024978854,0.1946338667879369,0,500,100
1182,182,0.7065143285198734,0.29348567148012444,0.3025176883406882,0.1976482131616502,0,500,100
1183,183,0.5989938032729056,0.4010061967270946,0.3071226392439915,0.21674338939749452,0,500,100
1184,184,0.7630552443985977,0.2369447556014043,0.2967220073572592,0.19770311454526682,0,500,100
1185,185,0.6703121965406353,0.32968780345936466,0.30013254515826165,0.1996358182226368,0,500,100
1186,186,0.517734672107884,0.4822653278921162,0.3120553903647337,0.22099474838020824,0,500,100
1187,187,0.6521410856309262,0.3478589143690746,0.29750797722428035,0.2021590416236549,0,500,100
1188,188,0.6973679413913735,0.3026320586086244,0.2990509718215695,0.1963818363558135,0,500,100
1189,189,0.6803985736252688,0.3196014263747298,0.30493490512547305,0.20657831929279302,0,500,100
1190,190,0.672617199492824,0.32738280050717733,0.30355374775101385,0.20411740686633104,0,500,100
1191,191,0.6077863007322751,0.3922136992677247,0.3086829090976329,0.215359016622761,0,500,100
1192,192,0.6957720130170308,0.30422798698296927,0.30142523018453443,0.2039811045518916,0,500,100
1193,193,0.7100312249242704,0.2899687750757271,0.3003902738151887,0.19710234632241994,0,500,100
1194,194,0.6718751870407358,0.32812481295926493,0.3018782594854673,0.20435969879850163,0,500,100
1195,195,0.6884550513408739,0.3115449486591252,0.299592069618417,0.19979244278371536,0,500,100
1196,196,0.6921518149041952,0.3078481850958069,0.3009880759956864,0.20948818299836347,0,500,100
1197,197,0.6493174076039342,0.350682592396067,0.30481263560155325,0.20497125093992336,0,500,100
1198,198,0.6357919279593359,0.3642080720406637,0.30615489426095704,0.20628095665944293,0,500,100
1199,199,0.6796995085140006,0.3203004914859975,0.30290005849686796,0.1983730303254748,0,500,100
1200,200,0.6433849222794387,0.3566150777205637,0.30223040405529045,0.2085428228435105,0,500,100
1201,201,0.6863710099928819,0.313628990007117,0.29321985492303965,0.20190222856971776,0,500,100
1202,202,0.6919774003236993,0.3080225996763012,0.3005823676257807,0.20986705110308035,0,500,100
1203,203,0.7670426642467592,0.23295733575324204,0.29094357232058027,0.1879909340487177,0,500,100
1204,204,0.6387658821707514,0.36123411782924886,0.3042477498364419,0.20085842974432416,0,500,100
1205,205,0.7087086097156813,0.29129139028431683,0.29916442667649923,0.19403112134053305,0,500,100
1206,206,0.7538958989595855,0.24610410104041525,0.29665806264582334,0.19800849710349053,0,500,100
1207,207,0.6531253659646318,0.34687463403536806,0.3005357905073572,0.20247214684557002,0,500,100
1208,208,0.6695200489405485,0.3304799510594504,0.30770165192558463,0.20269784817186717,0,500,100
1209,209,0.690221885491184,0.30977811450881687,0.30102873714077827,0.1967969156256424,0,500,100
1210,210,0.7408457839470126,0.25915421605298694,0.30048709569909976,0.19666051664935594,0,500,100
1211,211,0.7432608206715026,0.25673917932849766,0.2990244896963122,0.19874961243119424,0,500,100
1212,212,0.614498132244747,0.38550186775525236,0.3111392382028383,0.20291865176115373,0,500,100
1213,213,0.7538083917448627,0.2461916082551369,0.29946415948428107,0.19700672942378758,0,500,100
1214,214,0.712189762596865,0.28781023740313555,0.29725386072409204,0.19936345564920588,0,500,100
1215,215,0.623838160591045,0.37616183940895404,0.3103753728366992,0.20612404075496393,0,500,100
1216,216,0.6990266235723096,0.3009733764276893,0.29602564597953057,0.20111477273691472,0,500,100
1217,217,0.6260459826050131,0.3739540173949872,0.3114732356910942,0.2062377418589004,0,500,100
1218,218,0.6203454763800325,0.3796545236199682,0.29869280386184494,0.21089507780284802,0,500,100
1219,219,0.7691937584516434,0.23080624154835752,0.2972630103494537,0.1989857272167043,0,500,100
1220,220,0.6262188671180651,0.373781132881935,0.3077070048078118,0.20811127475909771,0,500,100
1221,221,0.6865362451986545,0.31346375480134536,0.3003455607956936,0.20660087629679064,0,500,100
1222,222,0.7046463250494451,0.29535367495055537,0.29603711386091236,0.2009744271832786,0,500,100
1223,223,0.6870556717500137,0.3129443282499891,0.3032975343911372,0.21025371872601567,0,500,100
1224,224,0.7348514019191292,0.2651485980808715,0.29447113808045094,0.19704977410788968,0,500,100
1225,225,0.7626085364702168,0.23739146352978294,0.292715235449844,0.19062548424527534,0,500,100
1226,226,0.722843888441931,0.27715611155807085,0.29341858197226983,0.19239760208165144,0,500,100
1227,227,0.7482476578116767,0.2517523421883239,0.2950147388396183,0.1894556858090851,0,500,100
1228,228,0.7134207643916608,0.2865792356083398,0.30082134222504087,0.1998323708377551,0,500,100
1229,229,0.6593846554603229,0.34061534453967635,0.304075473352901,0.20338866078651582,0,500,100
1230,230,0.7439608926800076,0.2560391073199915,0.2926658566214938,0.18804958568590793,0,500,100
1231,231,0.5911127421924905,0.40888725780750934,0.3080577262141628,0.22192707395807787,0,500,100
1232,232,0.6830699770072728,0.3169300229927286,0.3023971073036342,0.20478216059868284,0,500,100
1233,233,0.7865012765555491,0.2134987234444524,0.2939070360775271,0.19101632215135048,0,500,100
1234,234,0.6534857612553353,0.34651423874466447,0.3035497321704023,0.2052284271243859,0,500,100
1235,235,0.7464903539315129,0.2535096460684861,0.2943812507510435,0.1948140305584655,0,500,100
1236,236,0.7625450515617745,0.2374549484382257,0.29505571070097103,0.19315970533191223,0,500,100
1237,237,0.6799038729065544,0.3200961270934455,0.3020432220405488,0.2016882994982618,0,500,100
1238,238,0.7515867224370536,0.24841327756294648,0.2940827441452681,0.19689492720520715,0,500,100
1239,239,0.7384605205998717,0.2615394794001269,0.2936476863596223,0.18579518766871678,0,500,100
1240,240,0.5847942119890409,0.415205788010959,0.3118731234098947,0.2182493721705002,0,500,100
1241,241,0.7359938540912982,0.2640061459087024,0.29988732363629367,0.19918010886755852,0,500,100
1242,242,0.6746545401922306,0.32534545980776974,0.30468593055297966,0.20274527162208272,0,500,100
1243,243,0.6895214027137354,0.3104785972862642,0.30292113234581974,0.20030171630780064,0,500,100
1244,244,0.7245712888474615,0.27542871115253753,0.29853910421872915,0.1953577615772567,0,500,100
1245,245,0.6989411194576304,0.3010588805423709,0.3041942809213037,0.19792177747060108,0,500,100
1246,246,0.6125977744427373,0.38740222555726284,0.3071460996718403,0.21637197048026113,0,500,100
1247,247,0.6647265713479007,0.3352734286520996,0.3030899675743926,0.19896609556120823,0,500,100
1248,248,0.5912333147419,0.40876668525809984,0.3090585736319717,0.21267456032351173,0,500,100
1249,249,0.6854778047797583,0.31452219522024355,0.3016465025976088,0.20586152126580545,0,500,100
1250,250,0.6499749611546786,0.35002503884532055,0.3030931239531177,0.202319979067602,0,500,100
1251,251,0.6670832263512952,0.3329167736487047,0.3009828680396743,0.2047339837059398,0,500,100
1252,252,0.7017508053785887,0.2982491946214103,0.29688032953001564,0.19481692054527122,0,500,100
1253,253,0.6739644226882385,0.32603557731176064,0.30453434954568154,0.20493065042351788,0,500,100
1254,254,0.6475291989856116,0.3524708010143894,0.3000599960000404,0.20166887849404114,0,500,100
1255,255,0.7419257578965747,0.258074242103426,0.29203928349263286,0.1908308743164654,0,500,100
1256,256,0.6661258110013695,0.3338741889986307,0.30211472696751274,0.2065855485570079,0,500,100
1257,257,0.7891674872385677,0.21083251276143017,0.2904438598609327,0.19053583531081136,0,500,100
1258,258,0.7077320670455706,0.29226793295442793,0.29653523558247424,0.20054374141178538,0,500,100
1259,259,0.6732754030090633,0.3267245969909349,0.3034704728655433,0.2064148083775002,0,500,100
1260,260,0.6682780451545589,0.33172195484544104,0.3004658065980175,0.20470546835685938,0,500,100
1261,261,0.6719526198646025,0.328047380135395,0.3005155628678135,0.20621344451208876,0,500,100
1262,262,0.7241083887436103,0.27589161125639183,0.29749290288701696,0.18878027204466802,0,500,100
1263,263,0.7314017272052058,0.2685982727947949,0.2984132508986025,0.19687406148081046,0,500,100
1264,264,0.6519847015980295,0.3480152984019686,0.3042390895072135,0.2032691331042432,0,500,100
1265,265,0.6919400302991374,0.3080599697008624,0.301082235440938,0.19869231612890742,0,500,100
1266,266,0.6685710376859036,0.3314289623140971,0.2976094490580603,0.20066726019886535,0,500,100
1267,267,0.670550850692315,0.32944914930768515,0.3046261035342555,0.2072329137151825,0,500,100
1268,268,0.6532654150149385,0.34673458498506204,0.3051352560534517,0.20386108966198968,0,500,100
1269,269,0.615381278433941,0.38461872156605836,0.30873146445279465,0.20959051702950193,0,500,100
1270,270,0.7085384272984893,0.29146157270151213,0.2985566293942364,0.19591315184436997,0,500,100
1271,271,0.7240945085104358,0.2759054914895632,0.29752205017461647,0.19211620987180927,0,500,100
1272,272,0.6770100830188367,0.3229899169811625,0.3026435453014746,0.20801661209211014,0,500,100
1273,273,0.7493201711327242,0.25067982886727647,0.29722215283608,0.19142124753020362,0,500,100
1274,274,0.7738799966322953,0.22612000336770402,0.29395588050677285,0.1900469818828632,0,500,100
1275,275,0.7959175685380888,0.20408243146191019,0.29734637563210287,0.18706556669190047,0,500,100
1276,276,0.7772569836061981,0.2227430163938022,0.2951831524755188,0.1952332064078123,0,500,100
1277,277,0.5450273047671876,0.4549726952328126,0.3116627791755159,0.21314526450888358,0,500,100
1278,278,0.6635488412509896,0.3364511587490116,0.3022477095794604,0.20592552807781733,0,500,100
1279,279,0.6450054044333606,0.3549945955666391,0.2975719446302247,0.20125514134016978,0,500,100
1280,280,0.6839425129664799,0.31605748703352055,0.2986880101725177,0.19950349008173734,0,500,100
1281,281,0.7037376512602272,0.296262348739774,0.2983608075285981,0.1987166655909801,0,500,100
1282,282,0.6273845117077189,0.37261548829228097,0.3003817856462382,0.2146049281336295,0,500,100
1283,283,0.7547215357253151,0.2452784642746843,0.29319022441390735,0.19097895002403045,0,500,100
1284,284,0.7059901393523784,0.29400986064762075,0.2952423667084544,0.20176806401697836,0,500,100
1285,285,0.6983851295746745,0.3016148704253246,0.2962355413041649,0.19618894459090383,0,500,100
1286,286,0.7626206277272957,0.2373793722727069,0.2964319019282708,0.19291868722466915,0,500,100
1287,287,0.6352794463394107,0.36472055366058925,0.29956778169379095,0.20862752247095315,0,500,100
1288,288,0.7097403573389518,0.2902596426610467,0.29982811037712304,0.20409275384472086,0,500,100
1289,289,0.5948668370048342,0.4051331629951663,0.30900443055265914,0.2068542381401141,0,500,100
1290,290,0.7236164528291914,0.27638354717080826,0.3030509892739523,0.19272969994225286,0,500,100
1291,291,0.7026261131183156,0.29737388688168487,0.29878105007026134,0.1888821937417497,0,500,100
1292,292,0.6840842879158963,0.3159157120841024,0.3004968609592081,0.2064943792108416,0,500,100
1293,293,0.7157748399330959,0.28422516006690385,0.2993176207672536,0.189342765761821,0,500,100
1294,294,0.603286876018397,0.39671312398160163,0.3089622413246529,0.21811008860806103,0,500,100
1295,295,0.7263157307856163,0.273684269214385,0.30031104223064886,0.20081302464704429,0,500,100
1296,296,0.7216918088570483,0.27830819114295213,0.291409275580944,0.18983384057542713,0,500,100
1297,297,0.6220790839169766,0.3779209160830224,0.31215001016893873,0.20808059115774397,0,500,100
1298,298,0.7301778179760529,0.269822182023949,0.2967515675861718,0.1939002475871783,0,500,100
1299,299,0.7119233775718582,0.28807662242814136,0.2973934621323745,0.19244408485370948,0,500,100
1300,300,0.7060511942544637,0.293948805745538,0.29851248355334264,0.19300947436544622,0,500,100
1301,301,0.6509355019585464,0.34906449804145306,0.2988672314418624,0.19542723211665325,0,500,100
1302,302,0.6839596010846385,0.3160403989153619,0.29957413894432317,0.2072627159602754,0,500,100
1303,303,0.5585447418536365,0.4414552581463634,0.30859823321806773,0.21713203710203843,0,500,100
1304,304,0.7223316112575604,0.27766838874243815,0.2961565833341658,0.19158370247555345,0,500,100
1305,305,0.7470389240048054,0.2529610759951953,0.29712973987287716,0.19122514657732229,0,500,100
1306,306,0.6779389069611269,0.32206109303887354,0.30534964195520525,0.2058354732215831,0,500,100
1307,307,0.6839246939828296,0.3160753060171672,0.3009580524398912,0.20282304521409278,0,500,100
1308,308,0.691976083135133,0.3080239168648687,0.3068882833698563,0.2044667451628194,0,500,100
1309,309,0.6591709410780351,0.3408290589219645,0.3004004890161546,0.20375236540737351,0,500,100
1310,310,0.621593381528982,0.37840661847101853,0.3068089196038752,0.20800272071933132,0,500,100
1311,311,0.7506429661781745,0.24935703382182364,0.2993910017863196,0.2018962513326757,0,500,100
1312,312,0.6645750705465144,0.3354249294534865,0.3053721022690622,0.20391243341108198,0,500,100
1313,313,0.6158244010077063,0.38417559899229387,0.30968353440650914,0.2137286260177323,0,500,100
1314,314,0.6950922735210512,0.30490772647894926,0.2976873961564341,0.19789525081526055,0,500,100
1315,315,0.6360095168187874,0.36399048318121163,0.30260178654565295,0.20677019710190622,0,500,100
1316,316,0.7274887773520498,0.27251122264794914,0.2959391191657906,0.20119395999432527,0,500,100
1317,317,0.5411324538778701,0.4588675461221305,0.3097409407022408,0.22091151476721935,0,500,100
1318,318,0.7215266617719628,0.27847333822803566,0.29735327367942155,0.1953209790970422,0,500,100
1319,319,0.624138128637857,0.3758618713621434,0.30617534058793,0.2112592469212839,0,500,100
1320,320,0.703046325672885,0.2969536743271163,0.3006179976314361,0.18639816954447014,0,500,100
1321,321,0.6869148283607911,0.31308517163920946,0.3048372433223901,0.19797417105608248,0,500,100
1322,322,0.5448623692618674,0.4551376307381321,0.3084077233942727,0.22749214773741874,0,500,100
1323,323,0.6612377621004791,0.3387622378995207,0.30182677863562424,0.20173658308767406,0,500,100
1324,324,0.6301687558506273,0.3698312441493721,0.30656526902799064,0.2131570738728025,0,500,100
1325,325,0.6941481198173252,0.30585188018267406,0.29354218296811274,0.19937181870253973,0,500,100
1326,326,0.6606136802183011,0.3393863197816987,0.3023619636325991,0.20995410331350348,0,500,100
1327,327,0.6663949646045672,0.33360503539543335,0.2987520378090753,0.19721868484596525,0,500,100
1328,328,0.6956316513996943,0.30436834860030393,0.3032812301193496,0.2041210176394918,0,500,100
1329,329,0.7124586905746552,0.287541309425344,0.2986885398244562,0.19724732470740042,0,500,100
1330,330,0.6492283587522273,0.35077164124777155,0.29855121151280994,0.19583135826401502,0,500,100
1331,331,0.6836443745623944,0.3163556254376044,0.30309570377562384,0.19190531881892692,0,500,100
1332,332,0.7220900807300352,0.27790991926996633,0.2979481898029304,0.201340663617981,0,500,100
1333,333,0.7418775750353702,0.2581224249646321,0.29405230822921297,0.1928898143746364,0,500,100
1334,334,0.7156794555724025,0.2843205444275964,0.2976463532201549,0.20083184663719963,0,500,100
1335,335,0.7662384044503984,0.23376159554960224,0.2936360786043128,0.19029969202841301,0,500,100
1336,336,0.7033898528058076,0.29661014719419304,0.300914971276224,0.20086791773831633,0,500,100
1337,337,0.6912852483229335,0.3087147516770658,0.29906892473770963,0.2020572834895517,0,500,100
1338,338,0.6432050919277825,0.35679490807221803,0.306319658724003,0.21276546843481126,0,500,100
1339,339,0.749713203757818,0.2502867962421836,0.29621817752748053,0.19258435458149456,0,500,100
1340,340,0.704170458453321,0.2958295415466779,0.2962409527421586,0.19888437168003992,0,500,100
1341,341,0.6249076104750276,0.3750923895249736,0.30744946238773674,0.21550021641285827,0,500,100
1342,342,0.642057404529105,0.3579425954708951,0.3029474837998404,0.1991669215815592,0,500,100
1343,343,0.6753430031787513,0.32465699682124805,0.30118052314196003,0.2076648329235966,0,500,100
1344,344,0.7883667955612018,0.2116332044387992,0.2913867418010425,0.19042554406412723,0,500,100
1345,345,0.7223642790201642,0.2776357209798367,0.2992709028311572,0.19794783556921733,0,500,100
1346,346,0.6972540253927949,0.30274597460720654,0.300967506786252,0.1953095972871951,0,500,100
1347,347,0.6681499655838884,0.3318500344161104,0.30236770649566014,0.20404707032918082,0,500,100
1348,348,0.7056608389485961,0.2943391610514042,0.29944550924220004,0.20905485532050322,0,500,100
1349,349,0.7100914032160597,0.28990859678393893,0.30209789476687116,0.2022116027144394,0,500,100
1350,350,0.5745589192404129,0.4254410807595867,0.3095849304964152,0.2139079205947379,0,500,100
1351,351,0.6934673652507826,0.30653263474921777,0.30408734248722835,0.19732108409518648,0,500,100
1352,352,0.7335258995284916,0.2664741004715093,0.30109598308870156,0.19235752393852387,0,500,100
1353,353,0.5937359931869165,0.4062640068130838,0.3069520451903421,0.21432251227763183,0,500,100
1354,354,0.7502641749208138,0.24973582507918704,0.2922113592413778,0.18909696132424858,0,500,100
1355,355,0.7222922025016718,0.2777077974983278,0.2998714591662017,0.19583599661720483,0,500,100
1356,356,0.5305817413337264,0.4694182586662735,0.3120839965063609,0.2190667444070914,0,500,100
1357,357,0.7007369561078253,0.2992630438921742,0.30167234201917137,0.2104070068011945,0,500,100
1358,358,0.7109023249348562,0.28909767506514467,0.30112379337143275,0.19305030795031244,0,500,100
1359,359,0.6839095423090632,0.3160904576909369,0.30613790819589987,0.20218694290599779,0,500,100
1360,360,0.7561957003909796,0.24380429960902011,0.29620766080158684,0.18748250359928928,0,500,100
1361,361,0.6414855578896591,0.35851444211034283,0.3038862968303473,0.20540686983007908,0,500,100
1362,362,0.7373892687243193,0.2626107312756808,0.2958210586915049,0.19330788811111504,0,500,100
1363,363,0.674064586678969,0.3259354133210323,0.30018897170071074,0.2049278542162819,0,500,100
1364,364,0.6572844827703251,0.34271551722967497,0.30088864946302657,0.19920475214572966,0,500,100
1365,365,0.6797430327299877,0.32025696727001046,0.30170374961807045,0.20220942826203941,0,500,100
1366,366,0.6377973496257634,0.3622026503742352,0.29689667368447364,0.20579663990399003,0,500,100
1367,367,0.7451308652545157,0.2548691347454857,0.29648155268953885,0.1921081741080033,0,500,100
1368,368,0.6949278165257725,0.30507218347422604,0.29641842764574744,0.199790713804253,0,500,100
1369,369,0.6888825934324311,0.3111174065675701,0.2968720103720503,0.20239960300558318,0,500,100
1370,370,0.5786705782666252,0.42132942173337534,0.312363468434702,0.215234081490063,0,500,100
1371,371,0.7082295218965661,0.29177047810343437,0.29603407357283207,0.19919743075519988,0,500,100
1372,372,0.5756451481326404,0.42435485186735966,0.3139861781046778,0.2207948832940821,0,500,100
1373,373,0.6815719375341899,0.3184280624658105,0.3055851730110533,0.2073991878659463,0,500,100
1374,374,0.7170023701952722,0.2829976298047262,0.2995919469288212,0.20145703693687442,0,500,100
1375,375,0.6019313479656582,0.3980686520343417,0.3087896663446258,0.2125508237509099,0,500,100
1376,376,0.6679434827791153,0.3320565172208846,0.30051817872044484,0.20114299103667346,0,500,100
1377,377,0.6981638545419006,0.3018361454580997,0.29745864139884004,0.19548728421719103,0,500,100
1378,378,0.8041047278180289,0.19589527218197084,0.29521142678211726,0.18662571899455113,0,500,100
1379,379,0.5801366398143162,0.4198633601856837,0.3051212001291125,0.20861075418023967,0,500,100
1380,380,0.6531708240733987,0.3468291759266016,0.30449821147228806,0.1975919473922017,0,500,100
1381,381,0.6929975917495578,0.30700240825044117,0.2964579476357151,0.19991815889393555,0,500,100
1382,382,0.716666550801679,0.2833334491983226,0.2997288601224804,0.19388586767900995,0,500,100
1383,383,0.7163926254819997,0.28360737451800094,0.29777312481397966,0.19723580676137747,0,500,100
1384,384,0.7864138489589496,0.2135861510410508,0.29490977855110734,0.1865236381657317,0,500,100
1385,385,0.7287682805766085,0.2712317194233895,0.294039950502883,0.19537910596828395,0,500,100
1386,386,0.6841626832433969,0.31583731675660387,0.30522621401561106,0.1987593330247097,0,500,100
1387,387,0.6810946588729553,0.31890534112704616,0.2998796484091954,0.20110535915498517,0,500,100
1388,388,0.6543947812434294,0.3456052187565693,0.3065172511004554,0.20768410493632172,0,500,100
1389,389,0.625329709587338,0.37467029041266076,0.3039823059147263,0.20618350293419496,0,500,100
1390,390,0.5972969449640968,0.4027030550359031,0.3040560132263382,0.21422303884497187,0,500,100
1391,391,0.6942953482199417,0.3057046517800594,0.3008106282472349,0.1991091066439482,0,500,100
1392,392,0.6916944857120464,0.3083055142879524,0.2955970287205518,0.20336050552300666,0,500,100
1393,393,0.7192021644357807,0.28079783556421933,0.3009990350941268,0.2002182187560509,0,500,100
1394,394,0.6111946169441271,0.38880538305587364,0.30501826868027493,0.2086763189215907,0,500,100
1395,395,0.6350489353679398,0.3649510646320606,0.30861650514415034,0.21201038843177544,0,500,100
1396,396,0.6166192313729812,0.38338076862701814,0.30408172799188654,0.2081412661799626,0,500,100
1397,397,0.6359227413910852,0.364077258608915,0.30597548060508345,0.20271311055557759,0,500,100
1398,398,0.7380719819467328,0.26192801805326776,0.30290809213968933,0.19376325016300777,0,500,100
1399,399,0.5996591180885332,0.40034088191146644,0.3073628780203929,0.2109378568332489,0,500,100
1400,400,0.6590216470107163,0.3409783529892828,0.3029652159894497,0.2054070698554774,0,500,100
1401,401,0.6608635310674466,0.3391364689325534,0.30143590619741695,0.20714965530242307,0,500,100
1402,402,0.5482557305453327,0.45174426945466745,0.3065528643570162,0.22670046379294867,0,500,100
1403,403,0.6684253401270839,0.33157465987291734,0.30338921749141057,0.2094459182557296,0,500,100
1404,404,0.6453399523579172,0.3546600476420826,0.3042157807378865,0.20678224976188073,0,500,100
1405,405,0.7316891413066973,0.2683108586933028,0.3004376802650527,0.1958661381303213,0,500,100
1406,406,0.6100757214159596,0.38992427858404,0.30431999458964976,0.21419994687870383,0,500,100
1407,407,0.7519430584521101,0.24805694154788882,0.2960564304597838,0.19948009475922093,0,500,100
1408,408,0.598315629431627,0.40168437056837264,0.310654940213584,0.21417386439092528,0,500,100
1409,409,0.767493209010465,0.23250679098953614,0.29558046479018113,0.19278576925263557,0,500,100
1410,410,0.6746594527184251,0.32534054728157474,0.30126139745677166,0.19589058603097714,0,500,100
1411,411,0.7602917942800661,0.2397082057199346,0.29559336578222745,0.18940857454497603,0,500,100
1412,412,0.6520065126955562,0.3479934873044446,0.29986762364932423,0.20375196381784474,0,500,100
1413,413,0.7080811346803689,0.2919188653196295,0.3019275728744537,0.20105169134411552,0,500,100
1414,414,0.6122076423870915,0.3877923576129074,0.3065037136893142,0.21185586163970882,0,500,100
1415,415,0.6736600687430797,0.3263399312569219,0.2961461859312676,0.20272768880206865,0,500,100
1416,416,0.5808720886922563,0.4191279113077445,0.30860642708153097,0.20909879240408732,0,500,100
1417,417,0.6908325359961534,0.3091674640038483,0.29739644225652984,0.20108474803452966,0,500,100
1418,418,0.663644864741615,0.33635513525838295,0.3019440218346439,0.20019435831797547,0,500,100
1419,419,0.6673405471903335,0.33265945280966663,0.2997607377949633,0.2050069662465021,0,500,100
1420,420,0.7565221548570437,0.2434778451429563,0.2940264589760579,0.1897604672955727,0,500,100
1421,421,0.7840642346739398,0.21593576532605976,0.2910684552022686,0.19312981511485774,0,500,100
1422,422,0.6807334038471407,0.3192665961528592,0.295550916164389,0.20574848612669766,0,500,100
1423,423,0.7418052133623915,0.2581947866376105,0.3010766401326693,0.1884615075371385,0,500,100
1424,424,0.6737099364327693,0.3262900635672306,0.3028694415871359,0.20010982573929575,0,500,100
1425,425,0.6718184096948657,0.3281815903051345,0.2980121877848519,0.19272843998922992,0,500,100
1426,426,0.6112059438694986,0.38879405613050033,0.3096769177033041,0.20520793968561865,0,500,100
1427,427,0.5832021573064528,0.41679784269354736,0.3103540495435734,0.21948493827655458,0,500,100
1428,428,0.7121268774989403,0.28787312250105884,0.29722002489746613,0.19286841111540604,0,500,100
1429,429,0.7208395388575671,0.2791604611424333,0.29393025977324366,0.19359277050769813,0,500,100
1430,430,0.6720846074747658,0.32791539252523455,0.3064676345318836,0.20294204437749275,0,500,100
1431,431,0.6543800452644382,0.345619954735563,0.3028250094641467,0.20536243821324973,0,500,100
1432,432,0.5414071888630141,0.4585928111369858,0.30682588499128094,0.21775801476014484,0,500,100
1433,433,0.7394259388388118,0.26057406116118814,0.29852304236062865,0.19957596280200926,0,500,100
1434,434,0.6635362986415445,0.3364637013584552,0.3019012950067882,0.2091682754245433,0,500,100
1435,435,0.6822661322036212,0.3177338677963803,0.2957089876612901,0.19496748382574972,0,500,100
1436,436,0.7754123776477033,0.22458762235229768,0.2950490263834824,0.19001640643580067,0,500,100
1437,437,0.6550685336608253,0.34493146633917426,0.2991128016674746,0.2030566139872972,0,500,100
1438,438,0.8036094273284805,0.19639057267152016,0.2960845757735974,0.1829193893225662,0,500,100
1439,439,0.718799859372118,0.2812001406278838,0.2983868120031469,0.20263006044881732,0,500,100
1440,440,0.7306800236791843,0.26931997632081556,0.29452848041195484,0.19788328993061644,0,500,100
1441,441,0.6761469678569472,0.32385303214305283,0.30303847393530325,0.20386239482693858,0,500,100
1442,442,0.7583511702513767,0.24164882974862473,0.29731061988544016,0.19232099542985323,0,500,100
1443,443,0.7244096920232914,0.2755903079767088,0.2987171310958338,0.192337732955637,0,500,100
1444,444,0.737211911589576,0.2627880884104252,0.3002405302359524,0.19528702795666777,0,500,100
1445,445,0.6863824605671165,0.31361753943288523,0.3023554432691521,0.1992507402362023,0,500,100
1446,446,0.6961804737015352,0.30381952629846276,0.29954387580523056,0.19868177461451578,0,500,100
1447,447,0.6088048310936858,0.3911951689063136,0.3063945954174447,0.21330910175132667,0,500,100
1448,448,0.6671164962367114,0.33288350376328824,0.3020362888260384,0.2048963330743335,0,500,100
1449,449,0.6681244275185835,0.33187557248141575,0.30327550041078605,0.2093381847545343,0,500,100
1450,450,0.7048311581557232,0.29516884184427766,0.29958932492728396,0.20943982011836404,0,500,100
1451,451,0.6723898769845206,0.32761012301547915,0.30367728027205737,0.20222351576036998,0,500,100
1452,452,0.6059433110068525,0.3940566889931478,0.3053227732737752,0.22055635715450433,0,500,100
1453,453,0.6568813908790637,0.3431186091209362,0.30737388520813647,0.20550274129761611,0,500,100
1454,454,0.6945111487757158,0.30548885122428365,0.30318094478250934,0.19626724023448217,0,500,100
1455,455,0.6839257606286159,0.31607423937138523,0.30107110463957787,0.2109305582406005,0,500,100
1456,456,0.6285956802642558,0.3714043197357429,0.3033859145276058,0.21527192987904126,0,500,100
1457,457,0.7164841656399505,0.28351583436004946,0.29967273663534116,0.193037646205269,0,500,100
1458,458,0.6747499039715126,0.3252500960284871,0.2999871875124402,0.20742091964636308,0,500,100
1459,459,0.6403738534318828,0.359626146568119,0.3101328374280624,0.20693445271041322,0,500,100
1460,460,0.7383388152394992,0.26166118476050115,0.2952931629144436,0.1910623312020257,0,500,100
1461,461,0.6740092986772674,0.32599070132273195,0.3008946128519158,0.20103098876747721,0,500,100
1462,462,0.6915619970651748,0.3084380029348239,0.3068684814520574,0.203805690390041,0,500,100
1463,463,0.6371623385503603,0.36283766144963914,0.304714795135584,0.20733020998967738,0,500,100
1464,464,0.7479137932185053,0.2520862067814948,0.2939443189582016,0.19467542488541964,0,500,100
1465,465,0.7244227530513813,0.27557724694861685,0.29283111589751687,0.18661365338336874,0,500,100
1466,466,0.6059909216374544,0.3940090783625451,0.3128640095367045,0.21250081561984152,0,500,100
1467,467,0.6859175565383386,0.3140824434616614,0.2929108006101378,0.20493771842953323,0,500,100
1468,468,0.7829205091720677,0.21707949082793157,0.2917438080558303,0.19277633778080797,0,500,100
1469,469,0.6879340375639493,0.3120659624360515,0.29243367791895397,0.19817899634668387,0,500,100
1470,470,0.7446015117899208,0.2553984882100801,0.2968949491539797,0.19432993658259445,0,500,100
1471,471,0.696693318527874,0.30330668147212586,0.29600565489725816,0.19865977793222472,0,500,100
1472,472,0.7321899123310637,0.2678100876689353,0.2998526016818811,0.19174389698785907,0,500,100
1473,473,0.7343807928831095,0.26561920711689085,0.29448518474640867,0.19213872779593158,0,500,100
1474,474,0.8026660057549383,0.19733399424506107,0.2970942837460262,0.19921817365198644,0,500,100
1475,475,0.7825994962582153,0.21740050374178724,0.2931549704790995,0.19363831754256364,0,500,100
1476,476,0.6120769966141688,0.38792300338583086,0.30865807913137044,0.21116945690146793,0,500,100
1477,477,0.6381018787777853,0.3618981212222143,0.3012852959868533,0.2099189858352999,0,500,100
1478,478,0.6828225960441151,0.3171774039558857,0.29859805226777014,0.20055181101631114,0,500,100
1479,479,0.5794841286985679,0.420515871301431,0.3044337112894564,0.20713961591361507,0,500,100
1480,480,0.7089094692583959,0.29109053074160324,0.2922402307218727,0.20010315345747828,0,500,100
1481,481,0.6920255325513116,0.3079744674486889,0.2991225414764525,0.1970279044212197,0,500,100
1482,482,0.748101733228455,0.25189826677154253,0.2938997762682469,0.19139896671855705,0,500,100
1483,483,0.669739429886047,0.3302605701139533,0.3040878495503249,0.20541470325532274,0,500,100
1484,484,0.6821323445631532,0.3178676554368472,0.3035725457095437,0.2039947963910627,0,500,100
1485,485,0.5978547061012363,0.4021452938987641,0.3075710989663914,0.2082758950383213,0,500,100
1486,486,0.6145760303357346,0.3854239696642651,0.30386377919966506,0.19986459296695291,0,500,100
1487,487,0.635927304296772,0.3640726957032281,0.3047760737365434,0.21266239937333298,0,500,100
1488,488,0.6584360460415793,0.3415639539584205,0.3079285790403892,0.2033842363878384,0,500,100
1489,489,0.6084984695968383,0.39150153040316316,0.3067756909829946,0.20640394801042325,0,500,100
1490,490,0.7080764815683828,0.2919235184316183,0.2969969030101076,0.19800897916841587,0,500,100
1491,491,0.5658382226810733,0.4341617773189272,0.3059687718959058,0.22247737815840926,0,500,100
1492,492,0.6827379055977837,0.3172620944022161,0.2960190353471221,0.19906753723299023,0,500,100
1493,493,0.7145447497845618,0.28545525021543716,0.30126717744606735,0.19887922898826488,0,500,100
1494,494,0.6226662851288278,0.3773337148711732,0.3050736260876905,0.20798814275048655,0,500,100
1495,495,0.7036127969074506,0.2963872030925496,0.30172678276250914,0.20055243228575945,0,500,100
1496,496,0.7385074887116265,0.2614925112883738,0.29448658633466224,0.1939613888628561,0,500,100
1497,497,0.764308374500318,0.23569162549968342,0.2960816829132377,0.18779746679342474,0,500,100
1498,498,0.6708837045361589,0.3291162954638422,0.30090716664518313,0.20742298774173107,0,500,100
1499,499,0.617612148331496,0.38238785166850514,0.3059233182967498,0.2152213826954666,0,500,100
1500,500,0.6338186761582878,0.3661813238417114,0.3075216086002956,0.20456275694517204,0,500,100
1501,501,0.7720714752694384,0.22792852473056144,0.29098522439066155,0.19531828486899416,0,500,100
1502,502,0.7396002271946335,0.26039977280536714,0.29741058807519327,0.19944357450847655,0,500,100
1503,503,0.6036262865661397,0.39637371343385963,0.30508419765942485,0.20597520953027165,0,500,100
1504,504,0.635250602242798,0.3647493977572024,0.3010906997158784,0.20675003753119667,0,500,100
1505,505,0.6876465671141735,0.312353432885829,0.2999334762337653,0.1962257118129217,0,500,100
1506,506,0.6526298252828666,0.34737017471713344,0.3051899998849355,0.20198597577973296,0,500,100
1507,507,0.7539648101793557,0.24603518982064512,0.30256254156351525,0.19199892022404194,0,500,100
1508,508,0.7821377730883737,0.21786222691162657,0.30024784684916794,0.1896832611904574,0,500,100
1509,509,0.7388823279758546,0.26111767202414243,0.29467453380182407,0.20301266497353931,0,500,100
1510,510,0.7232412395433403,0.27675876045665965,0.29725931441561626,0.18944225971288364,0,500,100
1511,511,0.7236743840567722,0.2763256159432281,0.2972887550568617,0.20222426034038665,0,500,100
1512,512,0.7148219077942876,0.28517809220571305,0.3005724514944728,0.19848729036129403,0,500,100
1513,513,0.6425684289326161,0.3574315710673836,0.3021374896919138,0.21463125850335088,0,500,100
1514,514,0.64087249534217,0.35912750465782955,0.29979292020750137,0.21672236776979376,0,500,100
1515,515,0.7192222372666839,0.28077776273331634,0.29994354374732246,0.19714500490884213,0,500,100
1516,516,0.6972578699117087,0.30274213008828904,0.30348085211536185,0.2095367019996591,0,500,100
1517,517,0.7130654931705371,0.2869345068294624,0.293321348916949,0.19608191534288977,0,500,100
1518,518,0.5780796610470922,0.42192033895290704,0.30863215307256164,0.20867927292172203,0,500,100
1519,519,0.7188030435712315,0.2811969564287684,0.2909907915505668,0.20197563339074712,0,500,100
1520,520,0.7304898900917229,0.26951010990827806,0.2948062052141976,0.1999444383480175,0,500,100
1521,521,0.6616453670019611,0.3383546329980399,0.304525310422409,0.20177716681235722,0,500,100
1522,522,0.6354625058514174,0.3645374941485823,0.30479197366909844,0.21571478904385064,0,500,100
1523,523,0.738207241611304,0.2617927583886955,0.2986398986080693,0.19328977823873436,0,500,100
1524,524,0.7807793594775003,0.21922064052249962,0.28959149160708175,0.18489564019282556,0,500,100
1525,525,0.640332509973418,0.35966749002658255,0.3006972885635847,0.20083480568827655,0,500,100
1526,526,0.7419445317493113,0.2580554682506866,0.29970082185130975,0.19630901220598668,0,500,100
1527,527,0.5997089787510268,0.4002910212489742,0.2999583770724936,0.21632328336483156,0,500,100
1528,528,0.7492265451327208,0.2507734548672795,0.2934983839741446,0.18025520203858297,0,500,100
1529,529,0.747120077441316,0.2528799225586844,0.29896023971886576,0.18641575840575883,0,500,100
1530,530,0.6221209871575956,0.3778790128424049,0.3043447733002957,0.21065136324827655,0,500,100
1531,531,0.6260422505867667,0.3739577494132331,0.30428445833199674,0.20859327827717733,0,500,100
1532,532,0.6930695094439453,0.3069304905560551,0.3049121930529965,0.20309046463371164,0,500,100
1533,533,0.6302470455639726,0.3697529544360267,0.3087228366095127,0.22011546723910444,0,500,100
1534,534,0.7078396969714701,0.2921603030285295,0.2983297047922066,0.19465475484786474,0,500,100
1535,535,0.6460674174242983,0.3539325825757018,0.3049396991489733,0.2080859455343531,0,500,100
1536,536,0.6867755362068572,0.3132244637931432,0.3005673999005494,0.2045104076203442,0,500,100
1537,537,0.688143530667338,0.31185646933266115,0.3007994538785899,0.19972906740869192,0,500,100
1538,538,0.7521946437857341,0.24780535621426514,0.29882201546436316,0.1942156588448977,0,500,100
1539,539,0.7096038107916658,0.2903961892083347,0.297777947491815,0.19034558904088128,0,500,100
1540,540,0.65390370855294,0.34609629144706006,0.3046093942095027,0.20674820630745455,0,500,100
1541,541,0.8007572628439885,0.19924273715601132,0.29350047843849253,0.1880990031413093,0,500,100
1542,542,0.6925313624960705,0.30746863750392955,0.29926584660366323,0.19907401288120907,0,500,100
1543,543,0.7572702196513914,0.2427297803486097,0.29740959854898413,0.1954460137204615,0,500,100
1544,544,0.7294627205431482,0.2705372794568533,0.3006654305214846,0.19485587045288785,0,500,100
1545,545,0.7959086293047138,0.2040913706952858,0.2937002000859998,0.18992217157923633,0,500,100
1546,546,0.7189851560070809,0.28101484399291793,0.2993149574190976,0.19784360091020015,0,500,100
1547,547,0.7012553007033095,0.2987446992966886,0.2975928485004122,0.2040251682496182,0,500,100
1548,548,0.6636273338127887,0.33637266618721134,0.2968997023359684,0.213481205066183,0,500,100
1549,549,0.6501223083447094,0.3498776916552902,0.3059102484118354,0.2117337713236677,0,500,100
1550,550,0.6952524794790893,0.3047475205209122,0.3000252140324703,0.1988752063809558,0,500,100
1551,551,0.6590693099578215,0.3409306900421793,0.3044602458316454,0.21136142323014082,0,500,100
1552,552,0.7145951466365582,0.28540485336344357,0.30112010494835106,0.2004907547116962,0,500,100
1553,553,0.6407770606443898,0.3592229393556112,0.3072441231753402,0.20523470462018328,0,500,100
1554,554,0.7254723024913675,0.2745276975086323,0.30143038384215376,0.19284249230084086,0,500,100
1555,555,0.6159978312980362,0.3840021687019631,0.3083082418843493,0.2015686314730299,0,500,100
1556,556,0.6889159474059428,0.3110840525940568,0.30365508117983425,0.2048551558106565,0,500,100
1557,557,0.7485197860342503,0.2514802139657513,0.293670761007189,0.18379825624245189,0,500,100
1558,558,0.7340538734956811,0.2659461265043213,0.2944282083462975,0.19151936471682346,0,500,100
1559,559,0.6958827122367872,0.3041172877632145,0.3005505710252566,0.20581550602070284,0,500,100
1560,560,0.7514993543089074,0.24850064569109412,0.2907380732532011,0.18499157436536,0,500,100
1561,561,0.6767432722558853,0.3232567277441144,0.3011287153250381,0.20173800643166986,0,500,100
1562,562,0.7410694936156991,0.2589305063843005,0.2959161602827844,0.19451381627386571,0,500,100
1563,563,0.7183498378869423,0.2816501621130562,0.29698108859435385,0.1969240235356029,0,500,100
1564,564,0.7191094186056713,0.2808905813943287,0.3015665305807333,0.19765941331160802,0,500,100
1565,565,0.6229559519102729,0.3770440480897256,0.3057216353296352,0.20986642819204795,0,500,100
1566,566,0.7218332908100924,0.2781667091899086,0.2996774621846683,0.20161589951921818,0,500,100
1567,567,0.7122088186921206,0.28779118130788167,0.2949127380166125,0.19139067079683872,0,500,100
1568,568,0.6180495120390999,0.3819504879609014,0.30807367245429557,0.20797255029468872,0,500,100
1569,569,0.6886104415246872,0.31138955847531247,0.3023910342406019,0.1982416388678183,0,500,100
1570,570,0.6981906992812185,0.30180930071878154,0.3021986656026021,0.19968802219658602,0,500,100
1571,571,0.5820546813239581,0.41794531867604184,0.30890793645224984,0.21634095526245053,0,500,100
1572,572,0.7481950742886859,0.2518049257113161,0.2904093794804079,0.19378942889095618,0,500,100
1573,573,0.6136582058475101,0.3863417941524908,0.30520092757101225,0.2050799255037475,0,500,100
1574,574,0.715482356012908,0.2845176439870913,0.2948642976385786,0.19306288654615175,0,500,100
1575,575,0.593784766338731,0.4062152336612685,0.30987403122314927,0.2196902365560654,0,500,100
1576,576,0.741694591940334,0.258305408059668,0.29570860529996024,0.1926964171315507,0,500,100
1577,577,0.6182847939141347,0.3817152060858644,0.30472498214466315,0.20542324739496967,0,500,100
1578,578,0.6669559078167041,0.3330440921832964,0.29795819512145405,0.19875753101457977,0,500,100
1579,579,0.7224475586241617,0.2775524413758353,0.3016902649791284,0.19342148222164904,0,500,100
1580,580,0.6550184872135336,0.34498151278646727,0.30464814271807483,0.20601055937853724,0,500,100
1581,581,0.5941465434187195,0.4058534565812802,0.3048866122979467,0.22025849901965527,0,500,100
1582,582,0.7500919980230867,0.2499080019769116,0.29451589468688,0.18905350661450876,0,500,100
1583,583,0.7142773925946566,0.2857226074053413,0.3012762620510107,0.19839234146117926,0,500,100
1584,584,0.6894329100319928,0.31056708996800775,0.3025681247202906,0.20343294357968048,0,500,100
1585,585,0.7361817709305667,0.2638182290694302,0.2936014335492689,0.19693853940726638,0,500,100
1586,586,0.7041387651512647,0.29586123484873644,0.30134037191434143,0.1920311143805657,0,500,100
1587,587,0.7750834492241809,0.22491655077581926,0.2970810854781299,0.19739484451101852,0,500,100
1588,588,0.722939801981997,0.27706019801800075,0.2995355982588756,0.1984904158070219,0,500,100
1589,589,0.7845111486759404,0.2154888513240608,0.2934246167082188,0.1932588003534833,0,500,100
1590,590,0.5421521643091302,0.45784783569087,0.31447485591614915,0.2193889943646642,0,500,100
1591,591,0.6236544335319573,0.3763455664680417,0.3047202128109207,0.2073623160385879,0,500,100
1592,592,0.6880649472835608,0.3119350527164392,0.30290727148362084,0.19965734428515858,0,500,100
1593,593,0.7174840368258746,0.28251596317412436,0.3016345132784162,0.195889999082581,0,500,100
1594,594,0.7619967091879478,0.23800329081205157,0.2961391990834648,0.1953036223921465,0,500,100
1595,595,0.6795388705202602,0.32046112947973987,0.3023435919638294,0.20784354444482453,0,500,100
1596,596,0.6618067911455541,0.3381932088544489,0.297822023859659,0.204023499734618,0,500,100
1597,597,0.6957108357765526,0.3042891642234481,0.30177531247185746,0.19754776775203267,0,500,100
1598,598,0.7048427511246294,0.29515724887537004,0.3008722108056013,0.20108739807332981,0,500,100
1599,599,0.7081866606473638,0.29181333935263654,0.30467216298423516,0.19332645460669384,0,500,100
1600,600,0.5964063077424557,0.40359369225754493,0.31166246419666604,0.22216041079585327,0,500,100
1601,601,0.549475274966049,0.45052472503395047,0.308360506381274,0.2209058025838191,0,500,100
1602,602,0.7589934128741506,0.2410065871258494,0.2973161486205356,0.19459634782269164,0,500,100
1603,603,0.6708781962281578,0.3291218037718432,0.30229878905654767,0.20598554364627936,0,500,100
1604,604,0.7267848010855837,0.2732151989144143,0.29979180016959434,0.19587444753912037,0,500,100
1605,605,0.6266581173514179,0.3733418826485815,0.3072134968779924,0.20876888461736468,0,500,100
1606,606,0.6824124930240398,0.3175875069759592,0.30233514564960157,0.2039208662366286,0,500,100
1607,607,0.7094702023002499,0.2905297976997499,0.3051698896575192,0.20029290320462337,0,500,100
1608,608,0.7209682218844647,0.2790317781155331,0.30181187767586465,0.19489976222673222,0,500,100
1609,609,0.6828693183969538,0.317130681603046,0.30360676844424916,0.2062123180299235,0,500,100
1610,610,0.6877325863324122,0.31226741366758815,0.3032469419430071,0.20138891721531,0,500,100
1611,611,0.6821758328534105,0.31782416714658973,0.3066460708550168,0.20248133362863938,0,500,100
1612,612,0.7089116438965636,0.2910883561034365,0.2986025962582906,0.19642538568061377,0,500,100
1613,613,0.6490474550241006,0.35095254497590017,0.29836530699215635,0.2025537578994851,0,500,100
1614,614,0.6725057495198907,0.32749425048011,0.3019863933824712,0.20040783640413573,0,500,100
1615,615,0.6753867599581219,0.3246132400418781,0.303840757911465,0.19965290067217986,0,500,100
1616,616,0.6307868407073989,0.36921315929260146,0.30991583122459715,0.21236830260020514,0,500,100
1617,617,0.7183935181628561,0.28160648183714226,0.2967553862735937,0.19528262866100723,0,500,100
1618,618,0.5987518631818176,0.4012481368181815,0.3056812676163004,0.21491133182266922,0,500,100
1619,619,0.6990579512147466,0.3009420487852548,0.3008499981813829,0.19960127503227723,0,500,100
1620,620,0.6519468270927483,0.3480531729072512,0.3031563438000449,0.21157164846804954,0,500,100
1621,621,0.7509779023944737,0.2490220976055243,0.29365607257984316,0.18878155408946573,0,500,100
1622,622,0.7894223103165341,0.210577689683465,0.2967140715210219,0.19350241812273458,0,500,100
1623,623,0.5655961247413135,0.4344038752586863,0.3089670865892666,0.21599580136485136,0,500,100
1624,624,0.7470606362271588,0.25293936377284404,0.29208587779938994,0.1952014805515271,0,500,100
1625,625,0.7792435168380951,0.22075648316190438,0.29316269154453445,0.19204361578827311,0,500,100
1626,626,0.7458046916854876,0.2541953083145111,0.295609758511051,0.19108478247106522,0,500,100
1627,627,0.6363146299941203,0.3636853700058796,0.30418731940158233,0.20661034125421113,0,500,100
1628,628,0.7198875119264397,0.2801124880735614,0.2948875160398032,0.19233044606633257,0,500,100
1629,629,0.5988649953471045,0.4011350046528954,0.30592047697366287,0.20814671871588983,0,500,100
1630,630,0.6732241498757364,0.32677585012426336,0.30108571987311666,0.2011220295921646,0,500,100
1631,631,0.7314590684508838,0.2685409315491163,0.2970405870561145,0.19582478021683875,0,500,100
1632,632,0.6611100718571111,0.3388899281428892,0.3082971242375364,0.20744690297299048,0,500,100
1633,633,0.6927507044249044,0.30724929557509517,0.3027496228443749,0.19602969438041956,0,500,100
1634,634,0.6150883036877229,0.3849116963122764,0.3094720991255138,0.21315884213516934,0,500,100
1635,635,0.6859186760576771,0.31408132394232374,0.30658203905513304,0.19908746207311262,0,500,100
1636,636,0.6290958089035874,0.370904191096412,0.30375762077289514,0.2107481007916881,0,500,100
1637,637,0.7016108204428048,0.2983891795571956,0.2992647586215266,0.19535764420291024,0,500,100
1638,638,0.7366907345926664,0.2633092654073332,0.2969603656543736,0.18986058087943095,0,500,100
1639,639,0.6365054024366829,0.3634945975633168,0.30416027336551504,0.21953653047713031,0,500,100
1640,640,0.677029117985815,0.32297088201418506,0.3008701164682167,0.20225405464373997,0,500,100
1641,641,0.7449754222738657,0.2550245777261342,0.29596284545985935,0.18741312955919262,0,500,100
1642,642,0.7146525428934143,0.28534745710658677,0.298306411836187,0.20366245702393435,0,500,100
1643,643,0.69529138824468,0.3047086117553179,0.30283121485108516,0.19698840763504596,0,500,100
1644,644,0.6941266436180598,0.30587335638194146,0.29957865192595534,0.19823392451122876,0,500,100
1645,645,0.6856478850867854,0.31435211491321347,0.30165906458782027,0.19986536551678158,0,500,100
1646,646,0.7631367623275137,0.2368632376724879,0.29328213270411396,0.19034453485776834,0,500,100
1647,647,0.6675424914838302,0.33245750851617134,0.30817987095706134,0.20976166676881147,0,500,100
1648,648,0.6114538551615766,0.3885461448384232,0.3099758321120393,0.2130611345599676,0,500,100
1649,649,0.7221503079355467,0.27784969206445553,0.2960292145345865,0.19349458754648943,0,500,100
1650,650,0.6957750713074043,0.3042249286925971,0.3077961046237169,0.2085402522072687,0,500,100
1651,651,0.6413783557081233,0.3586216442918759,0.30241822359049486,0.21453110330044692,0,500,100
1652,652,0.7159354508983091,0.28406454910169016,0.2966109953922473,0.20032655765180973,0,500,100
1653,653,0.6224040870801768,0.377595912919822,0.30841648045388675,0.20710055211646833,0,500,100
1654,654,0.6818333004049573,0.3181666995950427,0.302157738584972,0.20561168702121935,0,500,100
1655,655,0.7796071890518214,0.22039281094817995,0.2966446553660248,0.1937163644275397,0,500,100
1656,656,0.6673189904917899,0.33268100950820945,0.30179937810283836,0.2021261862009121,0,500,100
1657,657,0.7381644528223643,0.2618355471776348,0.292953931837091,0.1901644820194467,0,500,100
1658,658,0.5394589329904318,0.46054106700956815,0.3074736999260815,0.21464006794686577,0,500,100
1659,659,0.7590312751536453,0.24096872484635645,0.3014122519378435,0.19437656938489462,0,500,100
1660,660,0.5929864962311641,0.40701350376883494,0.3072963408333453,0.21826651627517585,0,500,100
1661,661,0.6260659095446633,0.3739340904553362,0.30575345276370197,0.2022233019915139,0,500,100
1662,662,0.6471160407054737,0.3528839592945267,0.30563835675314116,0.21082430847497655,0,500,100
1663,663,0.6606704108498397,0.3393295891501599,0.30406403852593017,0.2070373141297838,0,500,100
1664,664,0.6636782194842428,0.3363217805157554,0.30428626021819377,0.21155881280051825,0,500,100
1665,665,0.6997373819880643,0.30026261801193566,0.3003798274447916,0.21052572697958125,0,500,100
1666,666,0.6627641658501174,0.33723583414988434,0.3067341553938433,0.20379682822233441,0,500,100
1667,667,0.7122252672527158,0.28777473274728405,0.30069010478175456,0.19821375287892085,0,500,100
1668,668,0.7058002403715088,0.2941997596284916,0.29471652165506146,0.1931646995434841,0,500,100
1669,669,0.6586289772182408,0.34137102278175857,0.3029122934993144,0.19894244506257439,0,500,100
1670,670,0.6811961232717291,0.31880387672827004,0.29776261034055557,0.1988848593418638,0,500,100
1671,671,0.6770162823036701,0.3229837176963292,0.29595563325318264,0.20333290457027886,0,500,100
1672,672,0.6132242378490712,0.3867757621509281,0.3099046137935749,0.20864538913127037,0,500,100
1673,673,0.7329491872665104,0.26705081273348996,0.2956106105146627,0.19072191825437518,0,500,100
1674,674,0.647886297354294,0.3521137026457065,0.30405033427227784,0.20791566522096327,0,500,100
1675,675,0.6522966915039631,0.3477033084960369,0.3002465988589965,0.21026586501345385,0,500,100
1676,676,0.6568005166600043,0.3431994833399973,0.3042843960725366,0.20141595428772896,0,500,100
1677,677,0.7049011923128646,0.2950988076871359,0.303102688834369,0.20244932101100643,0,500,100
1678,678,0.7699073264039151,0.23009267359608687,0.29354354725915016,0.19521991571725997,0,500,100
1679,679,0.7074759346959398,0.2925240653040593,0.30030460183213403,0.19308401538386136,0,500,100
1680,680,0.6167791505269812,0.3832208494730176,0.3052690993403952,0.21010439368686587,0,500,100
1681,681,0.6750549044008642,0.3249450955991354,0.30499944933886347,0.20436875885691613,0,500,100
1682,682,0.6248533433621717,0.375146656637828,0.30271560170988204,0.21273585348978777,0,500,100
1683,683,0.5538007579664042,0.4461992420335959,0.3072000315205069,0.22503935515219797,0,500,100
1684,684,0.6906674761267008,0.3093325238732996,0.3022732847161403,0.195742990702706,0,500,100
1685,685,0.6850576624776968,0.3149423375223014,0.30306813004487415,0.20353203625864477,0,500,100
1686,686,0.6823741834802676,0.3176258165197326,0.3029173203446204,0.21137148611985748,0,500,100
1687,687,0.7388950373902212,0.2611049626097805,0.3015385242300987,0.19959283938350342,0,500,100
1688,688,0.587954205390554,0.4120457946094458,0.3058182620307399,0.21520148467440112,0,500,100
1689,689,0.7427797881647358,0.25722021183526356,0.292767424397784,0.19640087442519036,0,500,100
1690,690,0.6783361712920988,0.3216638287079014,0.29788687188649515,0.19888017904688807,0,500,100
1691,691,0.7488404369579437,0.2511595630420554,0.3007675229360634,0.19395286451283875,0,500,100
1692,692,0.7310365334981401,0.26896346650186004,0.29666182127606683,0.1891311530696215,0,500,100
1693,693,0.7011667530497324,0.2988332469502668,0.2994360057212905,0.1902915043843341,0,500,100
1694,694,0.6048372401026284,0.39516275989737154,0.31232862144692414,0.20931126865412392,0,500,100
1695,695,0.5418012986852477,0.45819870131475215,0.3080712086250647,0.22397841544493677,0,500,100
1696,696,0.6850013020109834,0.3149986979890167,0.30121545709820946,0.20294375852982716,0,500,100
1697,697,0.6691950359607428,0.33080496403925713,0.30167254516171277,0.2048404276185448,0,500,100
1698,698,0.7035577273063554,0.29644227269364304,0.303436347361342,0.2084554692784104,0,500,100
1699,699,0.6752709563365833,0.32472904366341676,0.3002098157054369,0.20237497054644815,0,500,100
1700,700,0.607339999282343,0.3926600007176563,0.3080555936293456,0.20925359302210353,0,500,100
1701,701,0.6456212863070891,0.35437871369291185,0.3046586062660916,0.21413791462576515,0,500,100
1702,702,0.5494913776456264,0.4505086223543737,0.3102883254133215,0.21286882390864514,0,500,100
1703,703,0.6326817546851925,0.3673182453148079,0.30312137061512767,0.20271424114210448,0,500,100
1704,704,0.6772062160724986,0.32279378392750246,0.3064973680833507,0.20625575968045187,0,500,100
1705,705,0.7008568221469201,0.29914317785308003,0.3038181145998185,0.20106426000609906,0,500,100
1706,706,0.6349096457340928,0.3650903542659074,0.3086409467986679,0.21299079775848317,0,500,100
1707,707,0.6714478863160792,0.32855211368392157,0.3052345277849366,0.19939278659196716,0,500,100
1708,708,0.7894659292974151,0.21053407070258506,0.2960348181712124,0.1836785705944066,0,500,100
1709,709,0.6882942177790501,0.3117057822209523,0.3040470564964001,0.20283925639842842,0,500,100
1710,710,0.7171584535998569,0.2828415464001445,0.30533866805319027,0.2016103847560682,0,500,100
1711,711,0.6126952665676026,0.3873047334323975,0.3059500568920522,0.21426499903760107,0,500,100
1712,712,0.5809241091280969,0.4190758908719034,0.30443398749654677,0.21878365952881754,0,500,100
1713,713,0.6561827267220371,0.3438172732779623,0.3030539458526275,0.21465249480611404,0,500,100
1714,714,0.6331077459299096,0.3668922540700908,0.30698747692850603,0.20688321874078852,0,500,100
1715,715,0.6901210755088824,0.3098789244911183,0.3025641354060346,0.20315713166539265,0,500,100
1716,716,0.7668146649647567,0.23318533503524153,0.2961767790872432,0.18760743409212582,0,500,100
1717,717,0.7506773595944616,0.2493226404055366,0.2956305796050451,0.1941132061171179,0,500,100
1718,718,0.704658229116649,0.29534177088335095,0.2956229438531299,0.194712924373017,0,500,100
1719,719,0.6212347180777574,0.37876528192224307,0.30637892966892727,0.21323699889352477,0,500,100
1720,720,0.741414232004851,0.2585857679951477,0.29510077133096324,0.19439619066954097,0,500,100
1721,721,0.7152808758855917,0.28471912411440925,0.3006440981215812,0.19996909706312405,0,500,100
1722,722,0.6368178739211623,0.3631821260788384,0.3062644300556611,0.21175418962546397,0,500,100
1723,723,0.6878062037826538,0.312193796217347,0.3013660430287022,0.19557904972884285,0,500,100
1724,724,0.7363492412557245,0.26365075874427524,0.29460526651319874,0.19149436843470388,0,500,100
1725,725,0.5798997206107589,0.42010027938924077,0.3057017405828956,0.21481453470337128,0,500,100
1726,726,0.6774514745725769,0.3225485254274223,0.3014577577882502,0.20888949151363492,0,500,100
1727,727,0.6623058253788315,0.33769417462116985,0.3041601882004369,0.20614194954538997,0,500,100
1728,728,0.8054454432069539,0.1945545567930434,0.2953647323677513,0.18873791925322558,0,500,100
1729,729,0.7116316996828539,0.28836830031714583,0.29665887859443146,0.19873244714071606,0,500,100
1730,730,0.7505768051554289,0.2494231948445714,0.29929746911869254,0.19570859024640777,0,500,100
1731,731,0.6302346073115065,0.3697653926884925,0.30153672456577985,0.2053224079497537,0,500,100
1732,732,0.6604399306240166,0.33956006937598265,0.3041214898638068,0.20045355880083643,0,500,100
1733,733,0.6762890169882964,0.323710983011704,0.2984094306642371,0.19717891213390862,0,500,100
1734,734,0.6545255887786116,0.3454744112213882,0.305290980230945,0.20186514297538186,0,500,100
1735,735,0.5560589504742657,0.44394104952573377,0.3128273405114476,0.21829375197242495,0,500,100
1736,736,0.6969454754012459,0.3030545245987538,0.30265341665465084,0.19371784904231817,0,500,100
1737,737,0.7202801061330898,0.27971989386690865,0.30290808567182026,0.19484253032664764,0,500,100
1738,738,0.7462282618856202,0.253771738114378,0.30032913132599537,0.20217347573140554,0,500,100
1739,739,0.5991241312942004,0.40087586870580055,0.3091380435801487,0.225376345255545,0,500,100
1740,740,0.689576478298027,0.3104235217019731,0.3008467791779293,0.20302307364351624,0,500,100
1741,741,0.0026271466562171482,0.9973728533437852,0.37965755565101067,0.27386205971661315,0,500,100
1742,742,0.7786561489487172,0.2213438510512842,0.2930813971875864,0.19404364626986437,0,500,100
1743,743,0.7626504245497397,0.23734957545026078,0.3016878542436663,0.19253301714518753,0,500,100
1744,744,0.7000541466760023,0.2999458533239968,0.2976931280280788,0.19609769775166114,0,500,100
1745,745,0.6722749015076175,0.3277250984923839,0.29980084252081296,0.20941764435541144,0,500,100
1746,746,0.5984909868979106,0.40150901310208875,0.307233541225053,0.2169901343707214,0,500,100
1747,747,0.6448072948409974,0.3551927051590023,0.30882319047425677,0.20931892149318254,0,500,100
1748,748,0.6739477113557947,0.3260522886442061,0.2987755228141038,0.20040012742129557,0,500,100
1749,749,0.7477766384358924,0.25222336156411,0.29997082338361547,0.19510019118053035,0,500,100
1750,750,0.6867911472545722,0.3132088527454302,0.2973682935908956,0.2046241283596991,0,500,100
1751,751,0.5945651085212963,0.4054348914787037,0.30417606631984273,0.2056742669947089,0,500,100
1752,752,0.7005366171273553,0.29946338287264235,0.29709817190912735,0.18971218167337384,0,500,100
1753,753,0.6105256860256827,0.38947431397431675,0.3018629156732179,0.21229881755013064,0,500,100
1754,754,0.7240575123099137,0.27594248769008717,0.2942091186075712,0.19567728744532004,0,500,100
1755,755,0.7057044158153729,0.29429558418462637,0.2983898455545049,0.20131110197206104,0,500,100
1756,756,0.690834792222384,0.3091652077776153,0.2985795667452752,0.20096325680465735,0,500,100
1757,757,0.6465963131343748,0.3534036868656262,0.30427333709286414,0.21170685205417605,0,500,100
1758,758,0.6079507883502313,0.39204921164976875,0.30387242492386934,0.2138010158390956,0,500,100
1759,759,0.7724580691724539,0.22754193082754626,0.29263078497191286,0.18482302891263636,0,500,100
1760,760,0.6635668241475915,0.3364331758524096,0.30189883489766284,0.20434949299786115,0,500,100
1761,761,0.7170257325701953,0.2829742674298046,0.2978976973852677,0.20326825412004143,0,500,100
1762,762,0.5234866869313392,0.47651331306866046,0.3112071909011586,0.22128905068125504,0,500,100
1763,763,0.7040750182244031,0.2959249817755943,0.2994377227381847,0.19793320440399798,0,500,100
1764,764,0.536491654776907,0.46350834522309287,0.3126421606561474,0.21188418911699647,0,500,100
1765,765,0.7050540821034751,0.29494591789652536,0.3009320371739712,0.20460238671941253,0,500,100
1766,766,0.7197189104970143,0.2802810895029836,0.3018942980786314,0.19880386793270566,0,500,100
1767,767,0.7108389368286819,0.28916106317131823,0.3001301545322251,0.19627746356866616,0,500,100
1768,768,0.6863682165609744,0.31363178343902726,0.298368449967713,0.19803279641035992,0,500,100
1769,769,0.715533931519496,0.2844660684805041,0.2954711184383864,0.18673717135075235,0,500,100
1770,770,0.6023000956865757,0.39769990431342406,0.302248716139519,0.21034847743411764,0,500,100
1771,771,0.6926617259807942,0.30733827401920466,0.29689725454161714,0.2043046393444649,0,500,100
1772,772,0.7107456091014637,0.28925439089853555,0.2975409771796441,0.19845526549654074,0,500,100
1773,773,0.6992508265572454,0.30074917344275387,0.3043663895776998,0.20353023687760888,0,500,100
1774,774,0.712091942916638,0.28790805708336026,0.29622169676076565,0.1972953344724083,0,500,100
1775,775,0.7118613135044309,0.2881386864955688,0.2978551296594958,0.19910015161202899,0,500,100
1776,776,0.722805213792297,0.2771947862077011,0.29848462557635075,0.19904326900012473,0,500,100
1777,777,0.7133550869738372,0.2866449130261614,0.30137488074285584,0.19338454379230727,0,500,100
1778,778,0.6527831537111907,0.34721684628880967,0.3034045462667892,0.2041451162156273,0,500,100
1779,779,0.7501506539904456,0.24984934600955727,0.29556603530389597,0.19251979678017683,0,500,100
1780,780,0.6011966627349655,0.3988033372650344,0.3051687226441905,0.20880863973281868,0,500,100
1781,781,0.6367819977630585,0.3632180022369406,0.3038697393025416,0.20313205813806934,0,500,100
1782,782,0.6413866643741759,0.3586133356258254,0.3055504225767904,0.21009824839298877,0,500,100
1783,783,0.6065479358650941,0.3934520641349065,0.30605018867554673,0.2129506931726157,0,500,100
1784,784,0.7201115396845972,0.27988846031540415,0.29979829435324173,0.20533818576766924,0,500,100
1785,785,0.6410128239272636,0.3589871760727369,0.3028118088953683,0.21330496565131404,0,500,100
1786,786,0.6660547999993368,0.3339452000006627,0.3019033131488548,0.20433247473347962,0,500,100
1787,787,0.6448239194136799,0.35517608058631894,0.3077665374999143,0.2071219855331702,0,500,100
1788,788,0.6589248732861234,0.34107512671387635,0.30108265807156726,0.20484973018907832,0,500,100
1789,789,0.6248402920330715,0.3751597079669292,0.30486857297672026,0.20051682052207961,0,500,100
1790,790,0.6613086041592758,0.3386913958407237,0.30685643197903656,0.1989811436554488,0,500,100
1791,791,0.6249239675844463,0.37507603241555476,0.3064417029380548,0.20901691494848398,0,500,100
1792,792,0.7213193775254139,0.27868062247458725,0.2996722683229198,0.19822184069048585,0,500,100
1793,793,0.584955011947892,0.4150449880521085,0.30759050148032274,0.21379223237452877,0,500,100
1794,794,0.6703117161315589,0.3296882838684405,0.30571189266254306,0.20812913271411584,0,500,100
1795,795,0.7467318631706392,0.25326813682936117,0.2995132826509494,0.18543149165796619,0,500,100
1796,796,0.6253519878593767,0.37464801214062343,0.3078542327863746,0.2139147705554513,0,500,100
1797,797,0.7574174045077784,0.24258259549222222,0.2980662212572489,0.1965493700285771,0,500,100
1798,798,0.6608444752899534,0.33915552471004656,0.3008975734439531,0.2000070646627483,0,500,100
1799,799,0.6965597216992541,0.30344027830074555,0.3040157167931416,0.19481559023545347,0,500,100
1800,800,0.5564249814248377,0.44357501857516135,0.3105602903143617,0.21866988033299986,0,500,100
1801,801,0.6820977556620548,0.317902244337946,0.2991883492047749,0.20133327029660217,0,500,100
1802,802,0.7029892745576922,0.2970107254423071,0.29841178003810254,0.19554754847675077,0,500,100
1803,803,0.705911676014972,0.2940883239850297,0.3029816312853563,0.19634145305457126,0,500,100
1804,804,0.6754936880586209,0.32450631194137974,0.299208584216658,0.2065491100857209,0,500,100
1805,805,0.609151441278366,0.3908485587216343,0.2982533439271926,0.2102567448360138,0,500,100
1806,806,0.7435958001121652,0.25640419988783447,0.2993278027866462,0.20007902761924054,0,500,100
1807,807,0.8090760964813039,0.1909239035186983,0.2926761567180525,0.1898280776867674,0,500,100
1808,808,0.61418199097883,0.38581800902117075,0.3066897039874703,0.2025740249672455,0,500,100
1809,809,0.6334154768112685,0.3665845231887305,0.30815438610271156,0.21149349656355168,0,500,100
1810,810,0.6317872497405583,0.3682127502594407,0.299066660064778,0.2064933854001697,0,500,100
1811,811,0.6565738424231472,0.3434261575768529,0.2974143506862208,0.19854491416514736,0,500,100
1812,812,0.5624255016064784,0.4375744983935212,0.3108238720229464,0.213962943932869,0,500,100
1813,813,0.7657442660057385,0.23425573399426375,0.2978325021144024,0.18909449310145712,0,500,100
1814,814,0.7448322206120035,0.25516777938799573,0.29895359879716904,0.1932443322829426,0,500,100
1815,815,0.6449412532380788,0.35505874676192106,0.30975233338060293,0.20686137881668354,0,500,100
1816,816,0.7148501449056018,0.28514985509439933,0.3004942789017895,0.19769121455485203,0,500,100
1817,817,0.6914802742351058,0.30851972576489295,0.2981822134727354,0.19918623064857743,0,500,100
1818,818,0.7291984013874802,0.2708015986125195,0.2961383710412146,0.19503715457317808,0,500,100
1819,819,0.6365519615487076,0.36344803845129087,0.30995892177722456,0.21052539083503516,0,500,100
1820,820,0.6678563925571018,0.33214360744289767,0.302019559510865,0.2022447670167407,0,500,100
1821,821,0.7465433478842936,0.2534566521157074,0.2899318982040763,0.1873033106844974,0,500,100
1822,822,0.6765341288243196,0.32346587117568093,0.30270914324641046,0.2012791434533527,0,500,100
1823,823,0.641739873574193,0.3582601264258072,0.3045078833951279,0.20600994630349936,0,500,100
1824,824,0.680093950598282,0.3199060494017194,0.3023244654003412,0.21065859832723322,0,500,100
1825,825,0.6521561922160327,0.34784380778396656,0.3015054888841257,0.2061020688964513,0,500,100
1826,826,0.5649868194568736,0.43501318054312643,0.3086676313181137,0.21775629095657034,0,500,100
1827,827,0.6327939037884719,0.3672060962115284,0.3041171559305931,0.20897397532700202,0,500,100
1828,828,0.7732802221888374,0.22671977781116073,0.29641019935506746,0.1943891071575752,0,500,100
1829,829,0.7236574585558031,0.2763425414441967,0.3008627839063959,0.1950420016498173,0,500,100
1830,830,0.6363585237761465,0.363641476223853,0.30228707036401115,0.20392900973950384,0,500,100
1831,831,0.6978793155670167,0.3021206844329834,0.30652328415291036,0.19701974514497822,0,500,100
1832,832,0.7362334420530415,0.2637665579469576,0.2965623030488917,0.1966167176263717,0,500,100
1833,833,0.7107440508972755,0.28925594910272495,0.3017908984782927,0.2021182778538022,0,500,100
1834,834,0.6869769814790453,0.3130230185209537,0.3054635483506085,0.20130651700939425,0,500,100
1835,835,0.6800390764127261,0.31996092358727457,0.30110560858937857,0.20463880182020927,0,500,100
1836,836,0.647961815622152,0.35203818437784834,0.3028296946715051,0.2011086420681037,0,500,100
1837,837,0.7004675528983666,0.2995324471016316,0.29443856200225466,0.1951552880530913,0,500,100
1838,838,0.7500075339494422,0.24999246605055794,0.29271552351168206,0.1916103825808732,0,500,100
1839,839,0.6756654419084819,0.3243345580915161,0.29968625420478323,0.19946179956738685,0,500,100
1840,840,0.6676888268366445,0.3323111731633557,0.303083857025317,0.20328625855873034,0,500,100
1841,841,0.8156823594895256,0.18431764051047422,0.2931964862662973,0.18134345793325682,0,500,100
1842,842,0.6310970932374069,0.3689029067625918,0.3005658074080817,0.20139118249349253,0,500,100
1843,843,0.7631458649902023,0.23685413500979752,0.29629239066022517,0.1933919677513453,0,500,100
1844,844,0.6927753887403592,0.30722461125964085,0.30495315667277745,0.19606488585483298,0,500,100
1845,845,0.6029484410991861,0.3970515589008143,0.3042443763319774,0.21351465742165215,0,500,100
1846,846,0.7362949481905116,0.2637050518094906,0.2970517468535464,0.189007753543438,0,500,100
1847,847,0.6930436346323146,0.3069563653676867,0.30225072701676203,0.2036349938636072,0,500,100
1848,848,0.6248124422576152,0.37518755774238427,0.307750286100544,0.2029219534735078,0,500,100
1849,849,0.7263516732139077,0.273648326786094,0.30251619588513223,0.19246181974902837,0,500,100
1850,850,0.6272018088201036,0.37279819117989543,0.30457215893860917,0.21108415453519955,0,500,100
1851,851,0.6252782405910776,0.3747217594089221,0.3071015353626925,0.21241385184343198,0,500,100
1852,852,0.6269625924801902,0.37303740751981024,0.3042058601459652,0.2103121662699559,0,500,100
1853,853,0.7222697833380354,0.2777302166619653,0.296076137304838,0.20067370820189578,0,500,100
1854,854,0.6975423689252067,0.3024576310747939,0.3013540256929314,0.196830209975041,0,500,100
1855,855,0.6957050498650756,0.3042949501349249,0.30354820565188323,0.1973085009260937,0,500,100
1856,856,0.6914191946121143,0.30858080538788435,0.2998154732542243,0.20351825471248128,0,500,100
1857,857,0.6952365256043772,0.3047634743956224,0.29666067777101296,0.19513710171790652,0,500,100
1858,858,0.7358331857612266,0.26416681423877464,0.3017376507447015,0.19946268928689756,0,500,100
1859,859,0.5694563040971045,0.4305436959028959,0.30440463525162187,0.21093064960372007,0,500,100
1860,860,0.7426752431508797,0.2573247568491216,0.3022438349198953,0.1926397872361654,0,500,100
1861,861,0.774706393580552,0.2252936064194462,0.28984294868549837,0.18392361495584536,0,500,100
1862,862,0.7143666483769657,0.2856333516230355,0.2960620855096841,0.1949461431816283,0,500,100
1863,863,0.6348881413943926,0.3651118586056065,0.3041524238764009,0.2037108112252644,0,500,100
1864,864,0.6055772133188857,0.3944227866811138,0.30297187128722636,0.21993439882571325,0,500,100
1865,865,0.6684451083332428,0.33155489166675844,0.2988686930846943,0.20787714434586127,0,500,100
1866,866,0.5823098365856222,0.4176901634143773,0.30758757016553556,0.21051185779040452,0,500,100
1867,867,0.48226873353729505,0.517731266462705,0.30895316427049985,0.22448238357128128,0,500,100
1868,868,0.7998579037517796,0.2001420962482176,0.29505318577346534,0.19435879837946493,0,500,100
1869,869,0.7087967943935897,0.29120320560641055,0.30024484946283103,0.19679526895392802,0,500,100
1870,870,0.694862999659304,0.3051370003406973,0.29889486997039594,0.20518329143856032,0,500,100
1871,871,0.7521123147435284,0.24788768525647267,0.3009130647700733,0.1921014279912386,0,500,100
1872,872,0.6249473328076741,0.375052667192326,0.308236987045699,0.21044542267617747,0,500,100
1873,873,0.6698223801154468,0.33017761988455374,0.3008705427073157,0.20034724643144836,0,500,100
1874,874,0.7291861550571358,0.2708138449428624,0.29909941600593154,0.19607877460623527,0,500,100
1875,875,0.6169214205835238,0.3830785794164766,0.30762069494926136,0.20377595633229878,0,500,100
1876,876,0.7060242069535506,0.2939757930464487,0.29819122143053195,0.20154645644458305,0,500,100
1877,877,0.6204770896188407,0.37952291038116026,0.2990928956436862,0.20631089308072784,0,500,100
1878,878,0.6654230991142189,0.33457690088578207,0.30109265645772515,0.20983514173722023,0,500,100
1879,879,0.7562283375151069,0.24377166248489593,0.2951535534703469,0.19951670531211807,0,500,100
1880,880,0.631328132646771,0.3686718673532293,0.3016601865557273,0.20287264733502358,0,500,100
1881,881,0.7092315092709535,0.2907684907290473,0.295011761675808,0.19406629264574216,0,500,100
1882,882,0.607460787309933,0.3925392126900675,0.30362359159800356,0.21012059772772432,0,500,100
1883,883,0.7607954191134515,0.23920458088654917,0.2956617241594826,0.1928136763992655,0,500,100
1884,884,0.6899354054813405,0.31006459451865975,0.2955340845477525,0.2044753663100812,0,500,100
1885,885,0.7145043308605775,0.2854956691394231,0.2936605971887541,0.19355190806255723,0,500,100
1886,886,0.5994534740486437,0.400546525951357,0.30807800242657696,0.2063719588407083,0,500,100
1887,887,0.6929641632750757,0.3070358367249258,0.2970706985206432,0.19639613606448186,0,500,100
1888,888,0.6016288555847155,0.3983711444152841,0.30778595835124206,0.2112278644970772,0,500,100
1889,889,0.7328877733811736,0.26711222661882544,0.29519335546984893,0.19675774358237802,0,500,100
1890,890,0.6187360088010391,0.38126399119896043,0.30787722994605105,0.21760584124810672,0,500,100
1891,891,0.7100895745622966,0.2899104254377037,0.2999653952036461,0.1985361514665496,0,500,100
1892,892,0.6476609764400917,0.3523390235599086,0.3035410913254999,0.21231903195564159,0,500,100
1893,893,0.6469980031870732,0.3530019968129268,0.30239089429743155,0.21131238882804215,0,500,100
1894,894,0.6316017261064962,0.3683982738935042,0.30676915933238735,0.21374711834884627,0,500,100
1895,895,0.676925632155237,0.32307436784476184,0.3059198429029524,0.20111473834194282,0,500,100
1896,896,0.6378069031968484,0.36219309680315126,0.3067329749642789,0.21398417533009798,0,500,100
1897,897,0.5808889689309854,0.41911103106901454,0.3047353281651955,0.21169237468880692,0,500,100
1898,898,0.6234694342983419,0.3765305657016579,0.30576388209470484,0.21322456319565652,0,500,100
1899,899,0.709259108163613,0.29074089183638563,0.30131378003405707,0.19835688310432542,0,500,100
1900,900,0.7411145298285873,0.25888547017141245,0.2995053041725988,0.19341474546177734,0,500,100
1901,901,0.6064038575156292,0.3935961424843709,0.306726081550733,0.2138743546002225,0,500,100
1902,902,0.7383568479862305,0.2616431520137702,0.3015798596210418,0.200068089041073,0,500,100
1903,903,0.7270144239043695,0.27298557609563107,0.2981446348980216,0.2001004990838808,0,500,100
1904,904,0.7693862538130102,0.23061374618698988,0.2975224574369064,0.19708413656541154,0,500,100
1905,905,0.6902499038107612,0.3097500961892403,0.30120899478590757,0.1978062995811264,0,500,100
1906,906,0.6363721405971415,0.3636278594028577,0.29936401205960017,0.20970088197616313,0,500,100
1907,907,0.7226780399933264,0.2773219600066745,0.30032341439098836,0.20230227538586198,0,500,100
1908,908,0.7073449220413428,0.29265507795865814,0.29938866342299225,0.19165547921545179,0,500,100
1909,909,0.7850901549490965,0.2149098450509007,0.2992017689621125,0.1916135430405122,0,500,100
1910,910,0.7595087945323624,0.24049120546763894,0.2925380336685917,0.18559843220340447,0,500,100
1911,911,0.708673752260273,0.2913262477397268,0.30251735787714534,0.19735224448675512,0,500,100
1912,912,0.7791531261804023,0.2208468738195984,0.29951193033565554,0.1902419645974577,0,500,100
1913,913,0.7056419816786852,0.294358018321314,0.29927698225200805,0.19968063893104449,0,500,100
1914,914,0.7521093208157972,0.24789067918420207,0.2954548036776228,0.19728732211797928,0,500,100
1915,915,0.6537493647582018,0.34625063524179883,0.30256311694047255,0.20378173299705427,0,500,100
1916,916,0.6496872556917433,0.3503127443082571,0.3072483993220268,0.20246089182065713,0,500,100
1917,917,0.7176545003501815,0.28234549964982053,0.2979751009329652,0.20052321674465381,0,500,100
1918,918,0.6893116405928976,0.3106883594071021,0.2961811235098333,0.19079859945159583,0,500,100
1919,919,0.5879137207176169,0.4120862792823835,0.3104534729558899,0.20816063993728806,0,500,100
1920,920,0.004796376352026435,0.995203623647975,0.3434086076797172,0.27030938863441956,0,500,100
1921,921,0.7308790699261203,0.2691209300738792,0.293346057042241,0.19760449938945016,0,500,100
1922,922,0.6075089577130699,0.3924910422869295,0.30455829918274463,0.21008913890153103,0,500,100
1923,923,0.7768115296955552,0.223188470304444,0.29744374048685734,0.18675818198484426,0,500,100
1924,924,0.6893857213197048,0.31061427868029523,0.29903459706415486,0.20382134032074856,0,500,100
1925,925,0.6571761489490844,0.34282385105091595,0.3022937922269471,0.20803607903724305,0,500,100
1926,926,0.618576788557213,0.3814232114427872,0.30796861010998505,0.21560766024348926,0,500,100
1927,927,0.7757750450707743,0.22422495492922528,0.2910313513215988,0.1876915989335892,0,500,100
1928,928,0.6298450568448133,0.37015494315518777,0.3052245978841612,0.20806366960477576,0,500,100
1929,929,0.6817752511702381,0.31822474882976187,0.30036335250710594,0.20381727109738584,0,500,100
1930,930,0.6988722974005429,0.30112770259945626,0.29678497503050866,0.19946754200280561,0,500,100
1931,931,0.7521056793559886,0.24789432064401065,0.29775888618362156,0.19917298022122926,0,500,100
1932,932,0.6706208817950509,0.32937911820494764,0.2999900120737438,0.20517522161604482,0,500,100
1933,933,0.7249651858539957,0.2750348141460067,0.29744174882497454,0.1941030172784785,0,500,100
1934,934,0.7689235507988424,0.2310764492011551,0.29681816371179504,0.19235851931600312,0,500,100
1935,935,0.5741857767957164,0.4258142232042839,0.30638891675657876,0.21017579252534796,0,500,100
1936,936,0.7519700710196175,0.24802992898038265,0.2945779742461539,0.18734101959517876,0,500,100
1937,937,0.8134763134396197,0.1865236865603773,0.2888327440754264,0.18250445708327223,0,500,100
1938,938,0.7380882664389732,0.2619117335610266,0.2970855412506804,0.19695432187340986,0,500,100
1939,939,0.7434395069216261,0.2565604930783724,0.29920053463015256,0.19489556425430463,0,500,100
1940,940,0.7397268880925149,0.2602731119074871,0.29848381285957687,0.19342565814209642,0,500,100
1941,941,0.5533239122001504,0.44667608779984924,0.31375883589533904,0.22183800776778292,0,500,100
1942,942,0.6605068192324111,0.3394931807675893,0.30416382058599295,0.2084216306766045,0,500,100
1943,943,0.6613102685797796,0.3386897314202178,0.3019941774947775,0.20073873833229489,0,500,100
1944,944,0.6141613483919623,0.3858386516080381,0.30431346349792465,0.20817622233939298,0,500,100
1945,945,0.6550795924866046,0.3449204075133962,0.3087456825610213,0.211779304717106,0,500,100
1946,946,0.7445913648378165,0.2554086351621844,0.2985012962936091,0.19129546013923673,0,500,100
1947,947,0.6971483619025673,0.30285163809743293,0.2986199179550825,0.19744853863691905,0,500,100
1948,948,0.6603923347269726,0.3396076652730258,0.3004880662369405,0.2025277737029225,0,500,100
1949,949,0.7135502051333804,0.2864497948666185,0.2992288171886916,0.1980982955132249,0,500,100
1950,950,0.6897783754165406,0.310221624583459,0.3068689708114296,0.20536421319270917,0,500,100
1951,951,0.6971670584295582,0.30283294157044216,0.30030055099613906,0.2011681685001747,0,500,100
1952,952,0.6138415579991102,0.3861584420008905,0.310685272856602,0.20563701171692042,0,500,100
1953,953,0.7834354567705016,0.21656454322950122,0.2971123909419767,0.1921441879158402,0,500,100
1954,954,0.7393279670323479,0.26067203296765057,0.29541709332091076,0.19438173091139935,0,500,100
1955,955,0.75240401421288,0.24759598578711878,0.29576328385745987,0.19477907856845542,0,500,100
1956,956,0.7105471711983412,0.28945282880166034,0.29900579015392215,0.1937527502024694,0,500,100
1957,957,0.68462876061791,0.3153712393820902,0.3026627387566499,0.20112291914788505,0,500,100
1958,958,0.6197132116362893,0.38028678836371055,0.30413843228501825,0.204480927883967,0,500,100
1959,959,0.7722183030860141,0.22778169691398667,0.2974329415237823,0.19122185498104782,0,500,100
1960,960,0.7067962837339092,0.2932037162660909,0.30510035413258274,0.20073484839386282,0,500,100
1961,961,0.714214777695231,0.2857852223047685,0.2982700730623852,0.2015188385534908,0,500,100
1962,962,0.6280036858520119,0.3719963141479881,0.3074987921821588,0.21029677483159445,0,500,100
1963,963,0.7304655689031514,0.269534431096849,0.2969999061580982,0.19385944263746863,0,500,100
1964,964,0.7047131045224783,0.29528689547752257,0.2984385628550156,0.20152074058344088,0,500,100
1965,965,0.7482509328883131,0.25174906711168665,0.29719702101436446,0.19218363876959177,0,500,100
1966,966,0.6901241014218956,0.30987589857810355,0.3014701311345159,0.20062288461450478,0,500,100
1967,967,0.6829648934394646,0.3170351065605349,0.30005211033336227,0.1978170276480522,0,500,100
1968,968,0.7077359721584547,0.2922640278415461,0.30057360309845416,0.19849602852048145,0,500,100
1969,969,0.7298185102288002,0.27018148977120104,0.29623328373335767,0.1932903184069359,0,500,100
1970,970,0.6833095289560622,0.3166904710439409,0.2972487306523398,0.1959866669513758,0,500,100
1971,971,0.7000796007586279,0.29992039924137165,0.30176558105733553,0.19545210208762248,0,500,100
1972,972,0.730764578881397,0.2692354211186027,0.29733955015311714,0.19646296400306182,0,500,100
1973,973,0.6749986563092136,0.32500134369078476,0.29908622750188607,0.20903666903073498,0,500,100
1974,974,0.65728433784491,0.3427156621550899,0.30524242985495104,0.2068447387692997,0,500,100
1975,975,0.7416371453308643,0.258362854669135,0.3018823541013469,0.2000784235981397,0,500,100
1976,976,0.6978348398838137,0.30216516011618577,0.30351006028971295,0.20571566109971165,0,500,100
1977,977,0.7248859267650798,0.2751140732349192,0.3022177593398699,0.20284894472991602,0,500,100
1978,978,0.7815369750204881,0.21846302497951228,0.2948345007744819,0.19031108873885977,0,500,100
1979,979,0.7513757608291243,0.24862423917087376,0.29856258846069367,0.19365492319171063,0,500,100
1980,980,0.6632108587789174,0.33678914122108233,0.3039385583653046,0.21427248939462767,0,500,100
1981,981,0.6574865124048687,0.3425134875951339,0.30811537032137964,0.20605991385801695,0,500,100
1982,982,0.7064792191022518,0.29352078089774725,0.29904298819436537,0.20023230737763306,0,500,100
1983,983,0.6766876897735551,0.32331231022644297,0.29909481228932505,0.20421808994045798,0,500,100
1984,984,0.6445724941883298,0.35542750581167026,0.3055046393104682,0.21292700034770523,0,500,100
1985,985,0.6641470906408558,0.3358529093591447,0.29204959946940995,0.21008038407109664,0,500,100
1986,986,0.7517036109336598,0.24829638906634235,0.2950095072154547,0.19637936882503523,0,500,100
1987,987,0.6761966322113317,0.3238033677886685,0.3048247266324689,0.2003640261046576,0,500,100
1988,988,0.6714047498222769,0.32859525017772356,0.30125391200169316,0.19968849989168058,0,500,100
1989,989,0.7338012404222457,0.266198759577752,0.2912425201497709,0.19746852890590932,0,500,100
1990,990,0.7409497331468297,0.25905026685317273,0.298782594422777,0.19068544878791566,0,500,100
1991,991,0.7272282213274983,0.2727717786725018,0.29955336739817506,0.20447986850329317,0,500,100
1992,992,0.7883439437248367,0.21165605627516107,0.29661328431721967,0.1845764036602758,0,500,100
1993,993,0.7279012307336414,0.2720987692663602,0.29745011571454655,0.2007568605944127,0,500,100
1994,994,0.6133816820459963,0.38661831795400287,0.3084258107891906,0.21296781235678985,0,500,100
1995,995,0.6309058626026792,0.3690941373973212,0.30908426756233154,0.20611794078640422,0,500,100
1996,996,0.6096359667740289,0.390364033225971,0.30386859288120116,0.2097805372330519,0,500,100
1997,997,0.6892786057986198,0.31072139420138223,0.30154149448295353,0.1943023564487133,0,500,100
1998,998,0.6959133620368155,0.3040866379631838,0.2972516626199127,0.2065154737339898,0,500,100
1999,999,0.5972377512188268,0.4027622487811732,0.30146950539937434,0.21633365787855993,0,500,100
2000,0,0.6463036209216689,0.3536963790783304,0.30390007158901305,0.21475561477784963,0,1000,100
2001,1,0.6419831571911764,0.35801684280882173,0.30619499506787984,0.21146482873883324,0,1000,100
2002,2,0.6612112090419463,0.338788790958052,0.30328982120050474,0.2049990214773584,0,1000,100
2003,3,0.7026545390327295,0.29734546096727105,0.2993495211276759,0.1963060072700743,0,1000,100
2004,4,0.6916514167343909,0.308348583265608,0.29822645488970284,0.203280486337986,0,1000,100
2005,5,0.6759852728697273,0.32401472713027224,0.3040595448267573,0.2034173761340778,0,1000,100
2006,6,0.6629979428135757,0.3370020571864225,0.3040275091954451,0.19765572768547351,0,1000,100
2007,7,0.7112622814878353,0.28873771851216423,0.2990161790476708,0.19748396774277477,0,1000,100
2008,8,0.629938963824973,0.37006103617502845,0.30586075759965486,0.20644267786900808,0,1000,100
2009,9,0.74869237980164,0.25130762019835445,0.29666405877962365,0.19358696641299425,0,1000,100
2010,10,0.7548225308859069,0.24517746911409352,0.29340508662086495,0.1948434744622053,0,1000,100
2011,11,0.603885334721131,0.39611466527886935,0.30412393792201475,0.21487216054304517,0,1000,100
2012,12,0.7207541862305041,0.2792458137694938,0.300534300018089,0.19906706713245081,0,1000,100
2013,13,0.6348144358550826,0.3651855641449178,0.3072971588254379,0.2092452029402691,0,1000,100
2014,14,0.6833026097612256,0.31669739023877114,0.3048405496841053,0.20449065523077628,0,1000,100
2015,15,0.6570469451201703,0.34295305487982547,0.30461513057339146,0.20385751934435614,0,1000,100
2016,16,0.688472867703256,0.3115271322967449,0.29925623712124655,0.19847452706672694,0,1000,100
2017,17,0.6960261716686517,0.30397382833135067,0.3019060732902394,0.2034565671122994,0,1000,100
2018,18,0.6815384403851398,0.3184615596148578,0.30020760263399193,0.20795909807500942,0,1000,100
2019,19,0.6304319897771579,0.3695680102228436,0.30578883719119593,0.20838095502766854,0,1000,100
2020,20,0.7476809083198033,0.2523190916801967,0.29874357127373524,0.19429816011500556,0,1000,100
2021,21,0.636102761180538,0.3638972388194623,0.3077167772484978,0.20967597494881968,0,1000,100
2022,22,0.7356015127635819,0.2643984872364214,0.2962894259049038,0.19697181565918817,0,1000,100
2023,23,0.684932131906785,0.315067868093218,0.3022923188827335,0.20325867552338592,0,1000,100
2024,24,0.698370916744999,0.30162908325500276,0.2996939907757546,0.19382226769407435,0,1000,100
2025,25,0.7610576836841401,0.23894231631585802,0.297526198693105,0.19237028039234386,0,1000,100
2026,26,0.6229696641064398,0.37703033589356183,0.30752552954033263,0.21221349196869926,0,1000,100
2027,27,0.6724293264826692,0.32757067351733116,0.3032645566359721,0.20971357935549,0,1000,100
2028,28,0.6671637092137158,0.3328362907862839,0.30373634289813367,0.20832504377833735,0,1000,100
2029,29,0.7783882778164901,0.22161172218351383,0.2947721079137842,0.19282755511131086,0,1000,100
2030,30,0.7483831895373902,0.2516168104626069,0.2950762490462028,0.18941459234956604,0,1000,100
2031,31,0.7574204931819714,0.2425795068180295,0.29449592994806256,0.1905467947600758,0,1000,100
2032,32,0.7513855934629953,0.2486144065370017,0.29819814674439005,0.19620024928700378,0,1000,100
2033,33,0.6258951280650369,0.3741048719349646,0.30406740222649664,0.20928809063105525,0,1000,100
2034,34,0.7367341780110744,0.2632658219889252,0.2966844346912292,0.19517321500714335,0,1000,100
2035,35,0.6852625369504493,0.31473746304955147,0.29991428824879857,0.2000396564073082,0,1000,100
2036,36,0.6402219902543888,0.3597780097456143,0.30331812291031635,0.20306707383753142,0,1000,100
2037,37,0.7155874831821929,0.28441251681781077,0.3002219490094651,0.19927017188406707,0,1000,100
2038,38,0.6960103804344662,0.30398961956553516,0.3011490389111257,0.19986584721816686,0,1000,100
2039,39,0.6502950316071353,0.3497049683928652,0.30611738773659547,0.208785662960077,0,1000,100
2040,40,0.6456753601479,0.35432463985210005,0.30329625101245217,0.2099461215203042,0,1000,100
2041,41,0.7266742193957731,0.2733257806042241,0.291468315129404,0.19484985831561644,0,1000,100
2042,42,0.6474642987650153,0.3525357012349841,0.3038893505935874,0.20421334481462924,0,1000,100
2043,43,0.7126691904096424,0.2873308095903584,0.30293665250924395,0.20181052353383286,0,1000,100
2044,44,0.6412951215591307,0.35870487844087057,0.30224998266365966,0.21014088504762046,0,1000,100
2045,45,0.6391778134256672,0.36082218657433446,0.30469270730100256,0.2116199735541159,0,1000,100
2046,46,0.7167390478600295,0.2832609521399716,0.2988380512260534,0.20119645602169098,0,1000,100
2047,47,0.7356111275923505,0.2643888724076513,0.2995045909058725,0.19558724122441337,0,1000,100
2048,48,0.7442227688161775,0.2557772311838248,0.2960531160311096,0.19392081946114953,0,1000,100
2049,49,0.7323123570134097,0.2676876429865913,0.298864448511026,0.19723686418361375,0,1000,100
2050,50,0.633016138424337,0.36698386157566243,0.3029678832612926,0.21204322211127383,0,1000,100
2051,51,0.6733319094628504,0.3266680905371505,0.29897254028021286,0.2048325211872999,0,1000,100
2052,52,0.6927676986848655,0.3072323013151355,0.300767432603649,0.2041062661946271,0,1000,100
2053,53,0.680142743972184,0.31985725602781573,0.29919645056160005,0.2056970848351611,0,1000,100
2054,54,0.7087592094238838,0.29124079057611935,0.2999571034108266,0.1994316812922009,0,1000,100
2055,55,0.7821872844160314,0.21781271558396764,0.2939478122049808,0.19093356831741087,0,1000,100
2056,56,0.6351017051323822,0.36489829486761877,0.30364812782517686,0.2093256047844395,0,1000,100
2057,57,0.6695917832719962,0.33040821672800513,0.2996848875709377,0.2000660345748164,0,1000,100
2058,58,0.6360118816419696,0.3639881183580308,0.2996269540375928,0.2071872497159902,0,1000,100
2059,59,0.6550793617703675,0.34492063822963465,0.3004322079516005,0.20269317985332733,0,1000,100
2060,60,0.6734756362290581,0.32652436377094085,0.3041518425134488,0.2049193009069093,0,1000,100
2061,61,0.6240818054268534,0.3759181945731474,0.3051478070381455,0.21002656110125098,0,1000,100
2062,62,0.7295841413414587,0.2704158586585432,0.2991264596191928,0.1983318547672274,0,1000,100
2063,63,0.7353459968503231,0.26465400314967713,0.2995319212838957,0.1976935928885649,0,1000,100
2064,64,0.7210575979025914,0.2789424020974108,0.29617720163605127,0.19240236705230593,0,1000,100
2065,65,0.747621858150722,0.25237814184927776,0.2918541425066357,0.1926215294002586,0,1000,100
2066,66,0.6435115593062244,0.35648844069377583,0.3025344134509619,0.21042928547805584,0,1000,100
2067,67,0.6988736043371038,0.3011263956628983,0.2972334136562596,0.19663308737276744,0,1000,100
2068,68,0.6423718719674105,0.35762812803258753,0.30739442815939705,0.21029795996371603,0,1000,100
2069,69,0.7043244021288758,0.29567559787112624,0.3023332944978957,0.20271974941686655,0,1000,100
2070,70,0.7326724178807076,0.2673275821192942,0.2988648306630209,0.19477968373417115,0,1000,100
2071,71,0.6605479688521104,0.3394520311478926,0.30406648043045464,0.20801025616750762,0,1000,100
2072,72,0.6610085060260201,0.33899149397398115,0.3032719494849585,0.20408966885953628,0,1000,100
2073,73,0.712177303433118,0.28782269656688464,0.2982571477855514,0.19942148220091999,0,1000,100
2074,74,0.6516625721257215,0.3483374278742787,0.3039222614002487,0.20668246260241743,0,1000,100
2075,75,0.6790186570044366,0.3209813429955626,0.2995017826933758,0.20142199276050418,0,1000,100
2076,76,0.6402421402538806,0.3597578597461196,0.303476121899483,0.20447586121131583,0,1000,100
2077,77,0.6899132045345322,0.3100867954654668,0.3031715585817507,0.2030977759004546,0,1000,100
2078,78,0.7216000520771515,0.2783999479228472,0.3007051686049273,0.1973819861850115,0,1000,100
2079,79,0.7068382753150103,0.2931617246849852,0.3001483642292381,0.1994245597797741,0,1000,100
2080,80,0.6379139825115138,0.36208601748848657,0.3065066770654246,0.21250504369247364,0,1000,100
2081,81,0.7141791359446747,0.28582086405532403,0.2996460147012346,0.19767300164788068,0,1000,100
2082,82,0.6939715964066047,0.306028403593399,0.3025851624907781,0.2057798916632401,0,1000,100
2083,83,0.7155676777670356,0.28443232223296155,0.29810670294763314,0.19524672304819451,0,1000,100
2084,84,0.6265644913811802,0.37343550861881886,0.3030879951059126,0.20985102566321043,0,1000,100
2085,85,0.7183739800622935,0.2816260199377086,0.2985851477713669,0.19367599279377742,0,1000,100
2086,86,0.6394501620613019,0.3605498379386984,0.30691384652661624,0.21190937579255878,0,1000,100
2087,87,0.6785938106425905,0.3214061893574097,0.30281121447734616,0.20514285737412116,0,1000,100
2088,88,0.6805024253118659,0.31949757468813594,0.30126982450793566,0.19951686272201682,0,1000,100
2089,89,0.6025925079402962,0.39740749205970444,0.3058401202238102,0.21739156068198517,0,1000,100
2090,90,0.6606898650276826,0.3393101349723193,0.3029037082447243,0.19956547979014277,0,1000,100
2091,91,0.7138032545752642,0.2861967454247371,0.2970945536763896,0.19354846466545492,0,1000,100
2092,92,0.7085884593540583,0.29141154064594466,0.3016328197276009,0.2068430949748615,0,1000,100
2093,93,0.7163248791768714,0.28367512082312435,0.29841114437685057,0.19846884314653598,0,1000,100
2094,94,0.6491612576904668,0.3508387423095339,0.3004848044621013,0.21422065853890238,0,1000,100
2095,95,0.6227256884843552,0.3772743115156443,0.30464759264972335,0.20252669156068706,0,1000,100
2096,96,0.6881006385291005,0.3118993614708986,0.30050204854401225,0.20511214968784502,0,1000,100
2097,97,0.6409247870459744,0.35907521295402506,0.30223430592613065,0.21488685114610273,0,1000,100
2098,98,0.7615936215247475,0.23840637847525264,0.2977460808563184,0.19533237442583848,0,1000,100
2099,99,0.6620163455302271,0.3379836544697736,0.30593797434884284,0.20410472326207826,0,1000,100
2100,100,0.7454010610294226,0.2545989389705773,0.2985428529026137,0.19633169284109878,0,1000,100
2101,101,0.718093838018822,0.2819061619811775,0.29608980437689375,0.20449973697489862,0,1000,100
2102,102,0.6539419127330222,0.3460580872669773,0.3049863529163115,0.20501367726078998,0,1000,100
2103,103,0.6792679223431285,0.3207320776568726,0.2992652533715873,0.19582922160965321,0,1000,100
2104,104,0.6140497283153632,0.38595027168463547,0.3055547885668065,0.21283613750689312,0,1000,100
2105,105,0.7449865913199774,0.2550134086800183,0.29763575886164473,0.19412842174446174,0,1000,100
2106,106,0.6283183126594559,0.37168168734054335,0.3042067510197123,0.20980675173331978,0,1000,100
2107,107,0.7289762092685719,0.2710237907314287,0.29896243691190677,0.1915459004029188,0,1000,100
2108,108,0.7022676727932888,0.29773232720671,0.3015282983591849,0.20090671440070085,0,1000,100
2109,109,0.7127847250819128,0.28721527491808535,0.29984468532319475,0.20136564262164786,0,1000,100
2110,110,0.7067609817663473,0.293239018233653,0.3003409395531046,0.19506525100709246,0,1000,100
2111,111,0.7183131292193496,0.281686870780648,0.3009014865065271,0.20341207768025796,0,1000,100
2112,112,0.6777950264022834,0.3222049735977159,0.30001368408327517,0.1982036973627363,0,1000,100
2113,113,0.79162673545428,0.20837326454572042,0.2920982031562933,0.1907502533493281,0,1000,100
2114,114,0.6194131088680075,0.3805868911319943,0.3033281217100896,0.2093203601614098,0,1000,100
2115,115,0.6660617305893134,0.33393826941068727,0.30260481596320293,0.2023023977279038,0,1000,100
2116,116,0.7477022411979563,0.25229775880204425,0.29618734017165976,0.19215415217868306,0,1000,100
2117,117,0.6400882237722746,0.3599117762277267,0.30643056008487296,0.21218368536352358,0,1000,100
2118,118,0.6955920706157781,0.3044079293842196,0.2993994721519986,0.2064338512851408,0,1000,100
2119,119,0.688697474367951,0.31130252563204786,0.2970122218545823,0.20214559077080915,0,1000,100
2120,120,0.60595307255579,0.3940469274442078,0.30696789866954727,0.21117245898833795,0,1000,100
2121,121,0.6796938654778842,0.3203061345221165,0.3051581266284695,0.20953670909250693,0,1000,100
2122,122,0.6775109945260891,0.3224890054739104,0.30140088218362887,0.2046816711277585,0,1000,100
2123,123,0.7235663988359637,0.276433601164035,0.29435181803737864,0.19638319944926344,0,1000,100
2124,124,0.6600075793623011,0.33999242063769897,0.301014101199726,0.20697053064084575,0,1000,100
2125,125,0.7044934543193705,0.2955065456806302,0.2987595135547963,0.1987633747662764,0,1000,100
2126,126,0.6493900325814674,0.3506099674185346,0.3050702628120113,0.2052434864379375,0,1000,100
2127,127,0.7476391759123493,0.2523608240876501,0.29692195980903785,0.19313421896721536,0,1000,100
2128,128,0.6526086789640344,0.34739132103596504,0.3064600854106768,0.21008437484072115,0,1000,100
2129,129,0.7106272869958425,0.2893727130041571,0.301765114930493,0.19883517858205405,0,1000,100
2130,130,0.6855568021176205,0.31444319788238034,0.3015385477827327,0.2034014343372845,0,1000,100
2131,131,0.6605847864563078,0.3394152135436877,0.3001790559899325,0.20825902782090447,0,1000,100
2132,132,0.7034147256522472,0.29658527434775256,0.30174001700592923,0.1985993028447068,0,1000,100
2133,133,0.6512376828143565,0.34876231718564393,0.30671294149467565,0.20500200614785724,0,1000,100
2134,134,0.7080149450087272,0.29198505499127103,0.30097975876420024,0.20035899663280096,0,1000,100
2135,135,0.5782660261988324,0.42173397380116906,0.30621225515431044,0.2188532624171491,0,1000,100
2136,136,0.6272956721590093,0.37270432784099006,0.3058688204598187,0.206704904993866,0,1000,100
2137,137,0.7531838878669527,0.2468161121330443,0.29831085697445914,0.19458644144416712,0,1000,100
2138,138,0.6014282215039594,0.3985717784960398,0.3071407112989914,0.21453327321526866,0,1000,100
2139,139,0.7025480976339037,0.2974519023660922,0.2990998277298771,0.19804205169696162,0,1000,100
2140,140,0.6663493161710171,0.33365068382898183,0.30527174113618466,0.19949722051726657,0,1000,100
2141,141,0.6422485788256725,0.35775142117432757,0.30599308495895355,0.2034831219277141,0,1000,100
2142,142,0.6485730913687401,0.35142690863125825,0.29974583717967057,0.20047672510301054,0,1000,100
2143,143,0.644349725862768,0.35565027413723316,0.3039258676633532,0.21278052061704344,0,1000,100
2144,144,0.7293477230286171,0.2706522769713826,0.30031729242541777,0.19369601161325242,0,1000,100
2145,145,0.7008146748133378,0.29918532518666185,0.3006728088984728,0.2001905780948178,0,1000,100
2146,146,0.7710414495843252,0.2289585504156757,0.2928033059448173,0.190368581833236,0,1000,100
2147,147,0.6331676761395483,0.3668323238604538,0.306771505829627,0.21233733638384764,0,1000,100
2148,148,0.6845096347076853,0.3154903652923134,0.30088096378953677,0.19535963112160762,0,1000,100
2149,149,0.696055633473037,0.3039443665269602,0.3023781138173793,0.20055647398568954,0,1000,100
2150,150,0.7386378213793088,0.2613621786206891,0.30057795182821756,0.1988113076695816,0,1000,100
2151,151,0.6149457751190001,0.3850542248810004,0.308208359793327,0.20781117598038706,0,1000,100
2152,152,0.6703414759435543,0.3296585240564435,0.30496917179097804,0.20098529365801446,0,1000,100
2153,153,0.7156082002351771,0.28439179976482415,0.29586269619581684,0.19314279984165333,0,1000,100
2154,154,0.67710541568374,0.3228945843162593,0.3010170431935576,0.2011484025911088,0,1000,100
2155,155,0.6580631762156139,0.3419368237843893,0.30160361107079076,0.2045575816214592,0,1000,100
2156,156,0.7142481412792483,0.28575185872075304,0.3000729742747909,0.19822595775815868,0,1000,100
2157,157,0.6989077314541907,0.30109226854580806,0.2990538117878004,0.1978429373439623,0,1000,100
2158,158,0.6844609542326981,0.3155390457672987,0.30103246365421804,0.2065514032145417,0,1000,100
2159,159,0.7193471226269786,0.28065287737302175,0.2991434310007476,0.19537313912506893,0,1000,100
2160,160,0.7209675504280886,0.2790324495719118,0.30076428331616595,0.20248079206545289,0,1000,100
2161,161,0.700171844741653,0.2998281552583498,0.3005910079839792,0.20039692194794956,0,1000,100
2162,162,0.690870820850508,0.3091291791494949,0.30090509099549123,0.20419765277260504,0,1000,100
2163,163,0.76259343711133,0.23740656288867054,0.2953420222317473,0.19074498864682463,0,1000,100
2164,164,0.6791596848900372,0.32084031510996447,0.3060414658154502,0.20901043714070222,0,1000,100
2165,165,0.6778681817860898,0.3221318182139139,0.30474902710791735,0.2080525030556656,0,1000,100
2166,166,0.6780495249978349,0.3219504750021641,0.30304099913441745,0.20087932618084794,0,1000,100
2167,167,0.6439928387886598,0.35600716121134013,0.30376009121646236,0.20238546972384103,0,1000,100
2168,168,0.684300606789175,0.3156993932108231,0.3019346723469513,0.20318670824765697,0,1000,100
2169,169,0.6741618066336688,0.32583819336633124,0.3021680771837523,0.19862565069533447,0,1000,100
2170,170,0.6280829644001095,0.37191703559988976,0.30320595349689494,0.2126321150531666,0,1000,100
2171,171,0.7179935820378953,0.2820064179621046,0.30028621381343107,0.1937772413209428,0,1000,100
2172,172,0.7235209287068417,0.2764790712931579,0.29702725929301244,0.19388289049999502,0,1000,100
2173,173,0.6571969354637381,0.3428030645362626,0.3035542195884048,0.21063142255478856,0,1000,100
2174,174,0.6531443582706239,0.34685564172937383,0.2998068490906001,0.20003378811902361,0,1000,100
2175,175,0.7426049718389742,0.25739502816102044,0.29668614680391053,0.1928141062484692,0,1000,100
2176,176,0.6929770418391934,0.3070229581608042,0.30082382390464113,0.20430392818687454,0,1000,100
2177,177,0.7363199245766388,0.26368007542336175,0.2936499289177316,0.19629737440060976,0,1000,100
2178,178,0.6263616014679456,0.3736383985320552,0.3058996799459597,0.21107623544679863,0,1000,100
2179,179,0.6424466300670695,0.3575533699329306,0.3035272350675846,0.21219196091337866,0,1000,100
2180,180,0.659491066522163,0.34050893347783395,0.30743258942693047,0.2064291030406643,0,1000,100
2181,181,0.6918639583347335,0.3081360416652659,0.3014394151824957,0.19674729605175217,0,1000,100
2182,182,0.6853365486120245,0.3146634513879736,0.29793622342795956,0.20070146898475938,0,1000,100
2183,183,0.7274018940020541,0.27259810599794815,0.2979891349758353,0.19744135282784922,0,1000,100
2184,184,0.7288115987946879,0.27118840120531607,0.2987629984276488,0.19756767331169076,0,1000,100
2185,185,0.714287372269209,0.2857126277307878,0.29896912346010734,0.19425158367989656,0,1000,100
2186,186,0.7243663357824862,0.27563366421751745,0.297533375987948,0.1996013034866515,0,1000,100
2187,187,0.7273823011300428,0.2726176988699583,0.2977510337923027,0.19353537240982174,0,1000,100
2188,188,0.6831258667699566,0.316874133230044,0.2999735362292397,0.19954395586290438,0,1000,100
2189,189,0.6153904823299635,0.38460951767003554,0.30640053012928176,0.20957367479069058,0,1000,100
2190,190,0.6634522309661073,0.33654776903389394,0.3017446320687886,0.2038547183624499,0,1000,100
2191,191,0.6397789470782901,0.3602210529217099,0.3047486638807893,0.20542447505120057,0,1000,100
2192,192,0.7289409769842368,0.27105902301576296,0.2971361310947874,0.19119562125565356,0,1000,100
2193,193,0.7090487394137577,0.29095126058624426,0.2974421348028933,0.20009890712336217,0,1000,100
2194,194,0.6118219692637824,0.38817803073621715,0.30482015773766136,0.21231065206173635,0,1000,100
2195,195,0.7448424720467564,0.25515752795324437,0.295833656003118,0.19509723560705533,0,1000,100
2196,196,0.6296554858749182,0.3703445141250828,0.30593707909708384,0.21932291883913027,0,1000,100
2197,197,0.667135878786233,0.3328641212137654,0.30364044067715606,0.20678277827847677,0,1000,100
2198,198,0.6572820905150525,0.3427179094849504,0.30567074262859545,0.20401062605938733,0,1000,100
2199,199,0.760840907913591,0.23915909208640623,0.2972097778534399,0.19029442861720092,0,1000,100
2200,200,0.7317249910417069,0.26827500895829287,0.29917945041884086,0.1942145842235752,0,1000,100
2201,201,0.784256113433058,0.21574388656693938,0.2949640612066414,0.1878738368935054,0,1000,100
2202,202,0.6265219033091055,0.3734780966908932,0.308422015043731,0.2047425345418828,0,1000,100
2203,203,0.7144483126265994,0.285551687373399,0.2970977952911906,0.19404186323952766,0,1000,100
2204,204,0.6138373569861977,0.3861626430138021,0.306573285948848,0.21271830902516742,0,1000,100
2205,205,0.6332293155938548,0.366770684406144,0.3065313919624016,0.2077465285509061,0,1000,100
2206,206,0.6417990230341435,0.35820097696585534,0.30434462025448367,0.2065095429988894,0,1000,100
2207,207,0.760807006391576,0.23919299360842144,0.29427436465019474,0.1954237909210056,0,1000,100
2208,208,0.7118816728180785,0.2881183271819229,0.29829361972952,0.19762796609615496,0,1000,100
2209,209,0.7250549474687731,0.27494505253122425,0.29780539965494307,0.1971838412735601,0,1000,100
2210,210,0.7729792401192421,0.22702075988075704,0.29252964236917445,0.18725450197352211,0,1000,100
2211,211,0.6511401006581495,0.3488598993418495,0.3011418534439073,0.20450749246545405,0,1000,100
2212,212,0.6985427234263729,0.30145727657362753,0.30530860645833136,0.19995833321463796,0,1000,100
2213,213,0.7393935304085508,0.26060646959145306,0.29727793024206645,0.19452556847589192,0,1000,100
2214,214,0.6855057748043742,0.3144942251956269,0.3030268736272256,0.20328935505207818,0,1000,100
2215,215,0.6487398480338338,0.3512601519661669,0.30333534221204284,0.2010028060252876,0,1000,100
2216,216,0.6919635181560553,0.308036481843946,0.30166943955387343,0.19697586767295855,0,1000,100
2217,217,0.6495799834049661,0.35042001659503297,0.30136353118523,0.2057824296526163,0,1000,100
2218,218,0.6978279673615622,0.3021720326384398,0.29817180245431096,0.19392058443373375,0,1000,100
2219,219,0.7240156487507071,0.27598435124929005,0.29704485795882996,0.1963693746096577,0,1000,100
2220,220,0.6632991667279476,0.3367008332720534,0.30088273047055664,0.20090456842259638,0,1000,100
2221,221,0.7284540390805044,0.2715459609194942,0.30289022821685796,0.19605664424961722,0,1000,100
2222,222,0.7361792807142227,0.2638207192857781,0.29831027926021886,0.19494357123953845,0,1000,100
2223,223,0.6568481950672815,0.34315180493271796,0.30241417224962946,0.2033496423215568,0,1000,100
2224,224,0.5932830151648909,0.4067169848351127,0.3077489314774638,0.21923792057867333,0,1000,100
2225,225,0.7213538793334725,0.2786461206665307,0.29870212755821285,0.20226393744835675,0,1000,100
2226,226,0.7391596610946976,0.26084033890530234,0.2953987336700802,0.1945372880037663,0,1000,100
2227,227,0.7455868407542552,0.25441315924574576,0.29657650638963345,0.19046365251969413,0,1000,100
2228,228,0.685462335277297,0.3145376647227012,0.3001312764193267,0.20010740027379992,0,1000,100
2229,229,0.6362560354977179,0.36374396450228197,0.3070370394137899,0.20543524523870602,0,1000,100
2230,230,0.6929610296936857,0.30703897030631183,0.3009915635361449,0.19858904601604715,0,1000,100
2231,231,0.6217443351399385,0.3782556648600601,0.3050671182929606,0.21027113339680228,0,1000,100
2232,232,0.69468820125735,0.3053117987426472,0.2970294598535365,0.20001565306481417,0,1000,100
2233,233,0.7547353250040685,0.24526467499593102,0.299211392313346,0.2016784218040679,0,1000,100
2234,234,0.7188381940186197,0.2811618059813825,0.2954012244902663,0.19716162045210175,0,1000,100
2235,235,0.7621468521928251,0.23785314780717443,0.29705929623097566,0.1877931525176072,0,1000,100
2236,236,0.6445740509860708,0.35542594901393,0.3052187685018662,0.20612986236100955,0,1000,100
2237,237,0.7184192271599503,0.2815807728400509,0.29901333341713365,0.19771617051270474,0,1000,100
2238,238,0.7556086256449275,0.24439137435507544,0.2969907921377639,0.19117366906618202,0,1000,100
2239,239,0.6277481888730743,0.3722518111269261,0.30637902101035286,0.20814169907591654,0,1000,100
2240,240,0.6302856488689957,0.36971435113100665,0.3021507047568944,0.20656148932941018,0,1000,100
2241,241,0.7128032829716422,0.2871967170283611,0.29914351162332403,0.20177641107752442,0,1000,100
2242,242,0.6687838250355741,0.331216174964427,0.29793221364442707,0.20191572638246683,0,1000,100
2243,243,0.7358582109080092,0.26414178909198954,0.30017335242938836,0.18734246515539818,0,1000,100
2244,244,0.6562054839541418,0.3437945160458562,0.3017771426921445,0.2045180500320262,0,1000,100
2245,245,0.7355230906847162,0.26447690931528123,0.29520507951459385,0.18946775981060107,0,1000,100
2246,246,0.6205310925115961,0.37946890748840356,0.3063331652033735,0.2077660244831119,0,1000,100
2247,247,0.6419186244521496,0.3580813755478522,0.30479733590183805,0.2014204544731327,0,1000,100
2248,248,0.681979592152131,0.31802040784786906,0.3005414195533595,0.20139237510447855,0,1000,100
2249,249,0.7166077515306775,0.2833922484693242,0.29694822417302813,0.19374065822510464,0,1000,100
2250,250,0.6432672776887076,0.35673272231129344,0.30357258218121996,0.21091895072551747,0,1000,100
2251,251,0.7387426790527384,0.2612573209472639,0.2998219224216029,0.19531988465051986,0,1000,100
2252,252,0.6921427686952654,0.30785723130473563,0.29767455169167606,0.19914007334561099,0,1000,100
2253,253,0.6870551654348359,0.31294483456516337,0.3041447374656165,0.2050386521751803,0,1000,100
2254,254,0.6976317238716143,0.30236827612838607,0.2991647345832752,0.19652587649719178,0,1000,100
2255,255,0.7163897456500615,0.2836102543499344,0.2985908618531854,0.19266781643283495,0,1000,100
2256,256,0.7263384832289916,0.27366151677101397,0.2994889668425767,0.19710348285791549,0,1000,100
2257,257,0.6846003074488922,0.31539969255110784,0.30282207675748796,0.20034234224648967,0,1000,100
2258,258,0.7587868698204666,0.24121313017953624,0.29282066636750553,0.18954823526491807,0,1000,100
2259,259,0.6840893122612617,0.31591068773873837,0.3035560770109044,0.20297044238627424,0,1000,100
2260,260,0.6141029916867062,0.38589700831329393,0.3012271010897759,0.21271358490816025,0,1000,100
2261,261,0.7522080617860495,0.24779193821395326,0.29716846401572905,0.19466931009329924,0,1000,100
2262,262,0.6028467927835263,0.39715320721647457,0.3114799451498761,0.21882062758375165,0,1000,100
2263,263,0.6363145372121466,0.3636854627878535,0.3005875133850737,0.2162357409773638,0,1000,100
2264,264,0.6466138184350132,0.35338618156498713,0.3034248513568301,0.20841589767295277,0,1000,100
2265,265,0.6772827232593203,0.32271727674067874,0.30340228385327056,0.20216108541713992,0,1000,100
2266,266,0.747021947205888,0.25297805279411584,0.2937267412152745,0.19384953472954916,0,1000,100
2267,267,0.7553409833771876,0.24465901662281575,0.2953743369225603,0.19378667722523735,0,1000,100
2268,268,0.5746491181466139,0.42535088185338493,0.30636545061460785,0.21358216909737068,0,1000,100
2269,269,0.6935805832274258,0.3064194167725735,0.30300066675324483,0.20303746247634666,0,1000,100
2270,270,0.6885285650218749,0.31147143497812124,0.3003216429419362,0.20066035957540015,0,1000,100
2271,271,0.7644602435672694,0.235539756432736,0.29648949067231184,0.19472539345436718,0,1000,100
2272,272,0.7546804325736467,0.24531956742635141,0.2936391917172427,0.19295748916753608,0,1000,100
2273,273,0.7693822137114951,0.230617786288507,0.2995089454977676,0.19123912858724143,0,1000,100
2274,274,0.6956030801620972,0.3043969198379028,0.3011984200172082,0.20465204223895062,0,1000,100
2275,275,0.6317547347733131,0.36824526522668743,0.3018931987112621,0.2064318254615009,0,1000,100
2276,276,0.6102401391391483,0.38975986086084924,0.31095219197329205,0.21345063835163924,0,1000,100
2277,277,0.684522720736487,0.31547727926351316,0.3045859004641058,0.20161208079650678,0,1000,100
2278,278,0.694897063197158,0.3051029368028442,0.29945428176459954,0.19852348743239476,0,1000,100
2279,279,0.64686213460485,0.3531378653951521,0.30634239529605195,0.2053835381761617,0,1000,100
2280,280,0.7165610530165986,0.2834389469833997,0.29681297174965976,0.19872140019408188,0,1000,100
2281,281,0.6587970490251873,0.34120295097481357,0.29989077928911256,0.2031718640662817,0,1000,100
2282,282,0.7068047235231251,0.29319527647687427,0.29847171736568007,0.19515587363970066,0,1000,100
2283,283,0.6609184686348413,0.3390815313651598,0.30369050757779176,0.20182560376327266,0,1000,100
2284,284,0.6654942774917746,0.334505722508228,0.30423066462878356,0.20727966365454448,0,1000,100
2285,285,0.6536497385827021,0.3463502614172991,0.3028069031310927,0.2077675548239958,0,1000,100
2286,286,0.7027904237641327,0.2972095762358674,0.30495514815568253,0.19952399565871617,0,1000,100
2287,287,0.7019441393201868,0.29805586067981443,0.29996639255762775,0.19526658062824184,0,1000,100
2288,288,0.61761486585274,0.3823851341472593,0.3079107298509883,0.2121676515207278,0,1000,100
2289,289,0.6960185602112804,0.303981439788724,0.29914197680246796,0.2063995487711304,0,1000,100
2290,290,0.6742483121925491,0.32575168780745317,0.3046221881778649,0.2044471487252586,0,1000,100
2291,291,0.6467053039332102,0.3532946960667904,0.30170517087827425,0.20610461062562585,0,1000,100
2292,292,0.723480388687745,0.27651961131225405,0.29735658873921306,0.2005945955762808,0,1000,100
2293,293,0.63262428674039,0.36737571325961166,0.30642611152774174,0.21083973970101608,0,1000,100
2294,294,0.6598850464798791,0.34011495352012255,0.29658306128141615,0.20154736541777105,0,1000,100
2295,295,0.6648779703408156,0.33512202965918464,0.30274135863673707,0.20465363020489735,0,1000,100
2296,296,0.791116226322986,0.20888377367701494,0.29625690126388493,0.19123724905382505,0,1000,100
2297,297,0.7148892594226801,0.2851107405773213,0.2967440995633548,0.19669841378667607,0,1000,100
2298,298,0.7256498451375233,0.27435015486247505,0.29990567812261065,0.19396195034458022,0,1000,100
2299,299,0.6838876338402602,0.31611236615973953,0.3058745064369795,0.20143535766828977,0,1000,100
2300,300,0.6845955963569013,0.31540440364309585,0.30294660963839615,0.20026380221937204,0,1000,100
2301,301,0.7236329160423957,0.2763670839576071,0.3054894005815982,0.20063103551651879,0,1000,100
2302,302,0.7130620281857266,0.2869379718142721,0.29121379420440874,0.19306089367913948,0,1000,100
2303,303,0.6922692651071578,0.30773073489284275,0.29975306017033726,0.20495245411291568,0,1000,100
2304,304,0.5998334265278118,0.40016657347218804,0.3055785115358615,0.20884751474121868,0,1000,100
2305,305,0.6716692761418797,0.3283307238581181,0.30035939434535897,0.20463458986760152,0,1000,100
2306,306,0.7243251385869968,0.2756748614129978,0.301125207414403,0.1987756233073021,0,1000,100
2307,307,0.6803765037721338,0.3196234962278657,0.3013488841245144,0.19594710821597164,0,1000,100
2308,308,0.6173625281679195,0.38263747183208136,0.3078905901003873,0.2144324404603003,0,1000,100
2309,309,0.6416727657783162,0.3583272342216851,0.3050140787505295,0.21354997661015712,0,1000,100
2310,310,0.7254474997143486,0.2745525002856502,0.2965276236215257,0.19542629111628132,0,1000,100
2311,311,0.6362778286238036,0.36372217137619856,0.3041673770091937,0.20695752896662398,0,1000,100
2312,312,0.6432119569930306,0.35678804300696887,0.3062815244845103,0.21106666190615164,0,1000,100
2313,313,0.7327994676575795,0.26720053234242186,0.2969815257904565,0.19255985587139993,0,1000,100
2314,314,0.6335476702311944,0.3664523297688074,0.3052209428643472,0.20782507452080506,0,1000,100
2315,315,0.6238433690606785,0.3761566309393192,0.30413239359996197,0.20523105692257299,0,1000,100
2316,316,0.6232583089051242,0.3767416910948759,0.30457790435062776,0.21428286890667142,0,1000,100
2317,317,0.7117762600466947,0.28822373995330397,0.3018764733518574,0.19846211422694107,0,1000,100
2318,318,0.7029964826504514,0.29700351734954866,0.29976515131727083,0.19931128604483592,0,1000,100
2319,319,0.7229400040560996,0.277059995943901,0.2980103343273068,0.20059340397850345,0,1000,100
2320,320,0.6958680842665844,0.304131915733416,0.30239764357192533,0.1974180543863194,0,1000,100
2321,321,0.7750692074381315,0.2249307925618727,0.29680477012942263,0.19012853493666923,0,1000,100
2322,322,0.7070258619604145,0.29297413803958466,0.2977585422621382,0.1955019319599334,0,1000,100
2323,323,0.6625445599535454,0.3374554400464526,0.30156507574465363,0.20201096649683972,0,1000,100
2324,324,0.6546266867670403,0.34537331323295994,0.3045418920092582,0.20313888642835112,0,1000,100
2325,325,0.6712035522036035,0.3287964477963939,0.30312822758718366,0.20374081690743231,0,1000,100
2326,326,0.6546557134772958,0.3453442865227071,0.2981108204380541,0.20304389239175635,0,1000,100
2327,327,0.7332896847259321,0.2667103152740685,0.3012692474720106,0.1992512679872247,0,1000,100
2328,328,0.63849515224186,0.36150484775813496,0.30281511117529647,0.20728358126784097,0,1000,100
2329,329,0.7721639439686085,0.22783605603139143,0.29369542818873995,0.1907906088325376,0,1000,100
2330,330,0.6601768811601484,0.33982311883985217,0.30426382879559083,0.20567186451143019,0,1000,100
2331,331,0.6921875532873336,0.3078124467126633,0.3029940484126233,0.19746209621399563,0,1000,100
2332,332,0.6814146714865706,0.3185853285134321,0.30038613711020656,0.20237114923894317,0,1000,100
2333,333,0.7333570006212995,0.26664299937870173,0.2984464759779619,0.19828830178929036,0,1000,100
2334,334,0.7067299026698717,0.2932700973301284,0.2984811436620106,0.2040591623072623,0,1000,100
2335,335,0.6903905842259614,0.3096094157740407,0.3011623366442048,0.20277276871699193,0,1000,100
2336,336,0.7324934305205281,0.2675065694794709,0.29780833550941915,0.19262087949975068,0,1000,100
2337,337,0.6193020671659305,0.38069793283406894,0.307785021496348,0.21273585422881908,0,1000,100
2338,338,0.7249182805109329,0.27508171948906474,0.2971214643096606,0.19841819765823987,0,1000,100
2339,339,0.7120507132990261,0.28794928670097303,0.2983952405596148,0.2012418810909169,0,1000,100
2340,340,0.6470440722663994,0.3529559277336018,0.30421992457896757,0.20327269071961873,0,1000,100
2341,341,0.6513830233195758,0.34861697668042513,0.3003125324842021,0.20300650680749288,0,1000,100
2342,342,0.6168404601203376,0.3831595398796618,0.30513583911595826,0.20633668321383072,0,1000,100
2343,343,0.7534960450245266,0.24650395497547214,0.29690076218623773,0.19531714991223037,0,1000,100
2344,344,0.7344558895556458,0.2655441104443562,0.2964767870186548,0.19722100998579226,0,1000,100
2345,345,0.7261176319232111,0.2738823680767901,0.2950799860272436,0.19266380559105303,0,1000,100
2346,346,0.6070371915966497,0.3929628084033513,0.30827605385264123,0.20947267342487108,0,1000,100
2347,347,0.6396698456743027,0.36033015432569615,0.3060215712902659,0.20569255120612057,0,1000,100
2348,348,0.6772773888334492,0.32272261116655243,0.29753951645400817,0.20163822109037002,0,1000,100
2349,349,0.6621763570920417,0.3378236429079587,0.30542613197145363,0.2116312403566985,0,1000,100
2350,350,0.6243556127142782,0.37564438728571975,0.30649784560072824,0.2123986209160738,0,1000,100
2351,351,0.6564640439629634,0.3435359560370357,0.30045734184378825,0.21191539649787242,0,1000,100
2352,352,0.5472910390268352,0.4527089609731646,0.3093455855914246,0.22020313631303062,0,1000,100
2353,353,0.7450410278492668,0.25495897215073293,0.2992003349505931,0.19490773161019015,0,1000,100
2354,354,0.6569316744268076,0.34306832557318906,0.3042947183916965,0.20447577318746854,0,1000,100
2355,355,0.6833032318364651,0.3166967681635318,0.3015828712485027,0.19772051913407304,0,1000,100
2356,356,0.6857903016069696,0.31420969839303114,0.3026570544144567,0.2073797457649642,0,1000,100
2357,357,0.7258250908267796,0.274174909173218,0.29829525394755063,0.19779278991594298,0,1000,100
2358,358,0.7621335831668444,0.23786641683315174,0.299140428600204,0.19336497305175468,0,1000,100
2359,359,0.6651545087977369,0.3348454912022628,0.30686201655835055,0.20280800515968933,0,1000,100
2360,360,0.6499264416582275,0.350073558341775,0.30200546451218746,0.20278213363075157,0,1000,100
2361,361,0.589942315064963,0.41005768493503714,0.31158013279548563,0.21993416644458275,0,1000,100
2362,362,0.7287660437263412,0.27123395627366015,0.29520111705900026,0.1957256773696652,0,1000,100
2363,363,0.7502992897173373,0.24970071028266186,0.29761019691119533,0.19744950100094433,0,1000,100
2364,364,0.656241430595462,0.3437585694045406,0.3009930284909644,0.2076629086148586,0,1000,100
2365,365,0.7025275078488729,0.2974724921511279,0.3006817969248887,0.20012864423306823,0,1000,100
2366,366,0.6776984154574875,0.32230158454251273,0.30309848335853645,0.20543069372226067,0,1000,100
2367,367,0.7273202238993416,0.2726797761006596,0.29603190368186316,0.19741108160837004,0,1000,100
2368,368,0.783275514862364,0.21672448513763629,0.29629155368552895,0.19163538771921237,0,1000,100
2369,369,0.7510366145195025,0.24896338548050254,0.29739136243042275,0.1929528628484869,0,1000,100
2370,370,0.7253372928312602,0.27466270716874347,0.29861965904480076,0.1966048666704342,0,1000,100
2371,371,0.6899119006393043,0.3100880993606973,0.30329505453352323,0.19850207924515273,0,1000,100
2372,372,0.7189070372380131,0.28109296276198537,0.2995654759188732,0.20032615080459218,0,1000,100
2373,373,0.683582652217731,0.3164173477822669,0.30186771466705836,0.20532523720441637,0,1000,100
2374,374,0.6692564550241593,0.33074354497583947,0.3061404536554,0.20642436196928962,0,1000,100
2375,375,0.7133121700910751,0.2866878299089256,0.30237268264913153,0.19813846155008985,0,1000,100
2376,376,0.6367340603934476,0.3632659396065521,0.306768069025927,0.20428648469063818,0,1000,100
2377,377,0.7437767581516808,0.2562232418483212,0.2973388738897476,0.19415200567660154,0,1000,100
2378,378,0.6921654693921039,0.3078345306078972,0.3015229170891128,0.19882840446674627,0,1000,100
2379,379,0.6732731024760664,0.3267268975239353,0.30100867285583394,0.2052140716368113,0,1000,100
2380,380,0.70885983746576,0.29114016253423997,0.29541728821569013,0.19440996597023508,0,1000,100
2381,381,0.7467347448499985,0.25326525515000176,0.29596383986602665,0.19613238114085824,0,1000,100
2382,382,0.7486855650755115,0.2513144349244859,0.2984069629625669,0.19548027285684627,0,1000,100
2383,383,0.6975783662333053,0.3024216337666913,0.3000049011981825,0.19311803336544006,0,1000,100
2384,384,0.714787486278857,0.28521251372114487,0.3009348302008042,0.19345416674444665,0,1000,100
2385,385,0.5735032635240933,0.42649673647590636,0.30901586400141384,0.21601195421966907,0,1000,100
2386,386,0.7722967972715362,0.22770320272846425,0.290021828421136,0.19115704236899886,0,1000,100
2387,387,0.6521345256675664,0.34786547433243253,0.3063247920392736,0.21268286881655066,0,1000,100
2388,388,0.7400211799454331,0.259978820054566,0.2957453287572638,0.19871692947470193,0,1000,100
2389,389,0.674912162987319,0.3250878370126834,0.29949435601456065,0.20119982642465792,0,1000,100
2390,390,0.6661219299719445,0.3338780700280576,0.30368000827026886,0.2049313594970855,0,1000,100
2391,391,0.7100240537787434,0.2899759462212584,0.3017760041955107,0.19647070355443264,0,1000,100
2392,392,0.745275812142972,0.25472418785702894,0.2954504939084402,0.19263146392633101,0,1000,100
2393,393,0.6875876510559414,0.3124123489440562,0.3049952583545825,0.20703095426088275,0,1000,100
2394,394,0.5685466798983243,0.4314533201016764,0.308660693517961,0.20901910654899294,0,1000,100
2395,395,0.6223682752890191,0.377631724710982,0.30738101948470004,0.20312330778202853,0,1000,100
2396,396,0.6875422800215975,0.3124577199784047,0.30177620186133336,0.20737558387253158,0,1000,100
2397,397,0.6700048020989754,0.32999519790102355,0.29901444316899084,0.20590871507228606,0,1000,100
2398,398,0.6138816318051912,0.38611836819480805,0.3077761603726926,0.2134626975272277,0,1000,100
2399,399,0.6255172032444913,0.37448279675551005,0.30364852227326183,0.20778691638833524,0,1000,100
2400,400,0.7133963370464357,0.28660366295356005,0.3006074640505256,0.19890791230666535,0,1000,100
2401,401,0.74331069084577,0.2566893091542281,0.2954820900801677,0.19679434120727904,0,1000,100
2402,402,0.7074187755469445,0.29258122445305473,0.2975381144408193,0.19818753411852208,0,1000,100
2403,403,0.7053101586699893,0.2946898413300114,0.3003476749245645,0.1987911543825153,0,1000,100
2404,404,0.7006209144627296,0.29937908553727094,0.2993833594087179,0.200233616348184,0,1000,100
2405,405,0.7063863175035514,0.2936136824964498,0.299260291777844,0.20079658418753585,0,1000,100
2406,406,0.696524977388833,0.30347502261116605,0.2992502426904641,0.20494184642045415,0,1000,100
2407,407,0.7124729838737371,0.28752701612626386,0.30289392403576715,0.1973945367279449,0,1000,100
2408,408,0.7462431040120365,0.25375689598796275,0.2961754380774446,0.1914080859472164,0,1000,100
2409,409,0.7475125918752576,0.2524874081247417,0.2963977238013321,0.19212431073542244,0,1000,100
2410,410,0.745513606289832,0.25448639371017,0.2977732573877454,0.18997473430054035,0,1000,100
2411,411,0.7481420628150061,0.25185793718499516,0.2965276482980907,0.19056454625581568,0,1000,100
2412,412,0.6602723225939648,0.33972767740603654,0.3019655366531432,0.20654929944618555,0,1000,100
2413,413,0.6874325219185697,0.31256747808142693,0.2998226680526628,0.2009234855708253,0,1000,100
2414,414,0.6552826114740383,0.3447173885259614,0.3035877985521056,0.20574591509989998,0,1000,100
2415,415,0.6217570432809262,0.37824295671907476,0.3068767942466879,0.21091520764761204,0,1000,100
2416,416,0.6515604910842978,0.3484395089157015,0.30517243711292125,0.20414360366499565,0,1000,100
2417,417,0.7335222597098296,0.26647774029017146,0.3014917173006888,0.19453450102568984,0,1000,100
2418,418,0.6899010473019079,0.3100989526980921,0.30067620136407264,0.20068811338668505,0,1000,100
2419,419,0.6260403080834311,0.3739596919165693,0.3028732471449475,0.20566157452153014,0,1000,100
2420,420,0.6579428810474939,0.3420571189525064,0.30081901650309467,0.21183090657481932,0,1000,100
2421,421,0.6593914046885263,0.3406085953114756,0.29955413021937277,0.20086569228188134,0,1000,100
2422,422,0.6603532952055386,0.33964670479446035,0.3013958823671855,0.20736911303193842,0,1000,100
2423,423,0.7115694706510773,0.28843052934892177,0.2979508912070079,0.19358991639981624,0,1000,100
2424,424,0.7113262096187789,0.2886737903812251,0.2976434163452215,0.195994367062048,0,1000,100
2425,425,0.6528993009111173,0.3471006990888823,0.30048425103377224,0.20626303189010894,0,1000,100
2426,426,0.5481783659941342,0.4518216340058657,0.3061485675303433,0.22003368368695894,0,1000,100
2427,427,0.5774978120206299,0.4225021879793704,0.3130962725719666,0.21627719391203806,0,1000,100
2428,428,0.7493739286974754,0.25062607130252235,0.29784239605621904,0.19417243099158474,0,1000,100
2429,429,0.7050907250387941,0.2949092749612038,0.3028321211856315,0.1980130333841437,0,1000,100
2430,430,0.7561839065704061,0.2438160934295955,0.2993269883717509,0.19311173404839735,0,1000,100
2431,431,0.7686606533142791,0.23133934668571984,0.29185231837484454,0.18814182243643163,0,1000,100
2432,432,0.7240547233842751,0.2759452766157274,0.2990561973705226,0.19843408232273005,0,1000,100
2433,433,0.6963301963555514,0.30366980364444945,0.2996741668265743,0.20208735881693954,0,1000,100
2434,434,0.6525311927107997,0.3474688072892012,0.3002548729431975,0.20745554170319952,0,1000,100
2435,435,0.6149731118501636,0.38502688814983826,0.3036361119520163,0.21386027287200793,0,1000,100
2436,436,0.6639022847501314,0.33609771524987087,0.3027123608946178,0.2029129294415336,0,1000,100
2437,437,0.6721106771551247,0.32788932284487504,0.30145621473872364,0.19905515316280667,0,1000,100
2438,438,0.6912513774819569,0.30874862251804147,0.29812986780435013,0.20297197668652564,0,1000,100
2439,439,0.7557026219094292,0.2442973780905683,0.29732665689654164,0.19492417885084087,0,1000,100
2440,440,0.6787543395814217,0.32124566041857766,0.3035602768358192,0.20114558026699866,0,1000,100
2441,441,0.665160200657591,0.3348397993424082,0.29941742315392333,0.1995564651089385,0,1000,100
2442,442,0.667577262089636,0.33242273791036353,0.30351316048969934,0.21142210594229946,0,1000,100
2443,443,0.7734942024325285,0.22650579756747463,0.29550941465487407,0.19198264003495047,0,1000,100
2444,444,0.6520126675591286,0.3479873324408737,0.3052579687873438,0.20290375796733998,0,1000,100
2445,445,0.7519308379413219,0.24806916205867882,0.29542187179678764,0.19544220648505914,0,1000,100
2446,446,0.6700296857839929,0.3299703142160089,0.3043397481287446,0.20966532808896468,0,1000,100
2447,447,0.6661052768355857,0.33389472316441393,0.30192778623854816,0.2004054084145166,0,1000,100
2448,448,0.7504001264274965,0.24959987357250166,0.29151926281972806,0.19140197324718614,0,1000,100
2449,449,0.7469123328865513,0.2530876671134494,0.30008438203309734,0.198560738759008,0,1000,100
2450,450,0.7170074535533602,0.2829925464466422,0.294652322044096,0.19919990683644223,0,1000,100
2451,451,0.6675948860263374,0.33240511397366196,0.29892631554669646,0.20272949364933524,0,1000,100
2452,452,0.6693226432682582,0.33067735673174287,0.30141793282757195,0.1999657706379873,0,1000,100
2453,453,0.7573223666988523,0.242677633301148,0.2965544980424448,0.1917879495287028,0,1000,100
2454,454,0.6743013908495967,0.325698609150405,0.3013289077144329,0.20041073738459236,0,1000,100
2455,455,0.7047634011011972,0.29523659889880155,0.29512296455875453,0.19434628351809255,0,1000,100
2456,456,0.6452691617691544,0.35473083823084434,0.3075540535093176,0.21369682453152267,0,1000,100
2457,457,0.7365578732711117,0.26344212672888945,0.29502577001802277,0.19851208660022734,0,1000,100
2458,458,0.7008845083258285,0.2991154916741755,0.2982918782061438,0.19628486400782846,0,1000,100
2459,459,0.6850757157996452,0.3149242842003535,0.3034718683930319,0.2051248372275097,0,1000,100
2460,460,0.6920485381794379,0.30795146182056476,0.29880521864761495,0.19968174487952697,0,1000,100
2461,461,0.7417834831848984,0.2582165168150985,0.29716027960289215,0.19480323471324204,0,1000,100
2462,462,0.7175743330261418,0.28242566697386107,0.2984792129801276,0.20171317442224726,0,1000,100
2463,463,0.7736376415308172,0.22636235846917938,0.2939634839333308,0.1888952910846112,0,1000,100
2464,464,0.7581681631913251,0.24183183680867307,0.29637699593951,0.19478989200932598,0,1000,100
2465,465,0.6383940917915226,0.3616059082084762,0.30336718617648645,0.2072758740941246,0,1000,100
2466,466,0.7141713993807248,0.2858286006192689,0.29819721365414725,0.20287010644684209,0,1000,100
2467,467,0.5665619752476727,0.43343802475232573,0.31001765693770117,0.21789916557895062,0,1000,100
2468,468,0.7637375677815607,0.2362624322184387,0.29350232745067295,0.19275703660110505,0,1000,100
2469,469,0.6299529469645704,0.3700470530354288,0.3056457123368435,0.20618346277983995,0,1000,100
2470,470,0.7217619919666008,0.2782380080333973,0.29698207733794013,0.19835400875772569,0,1000,100
2471,471,0.6590353632784668,0.34096463672153254,0.2997273036425278,0.20019409700607366,0,1000,100
2472,472,0.7145331520182833,0.28546684798171407,0.30222607900343207,0.19438140554627467,0,1000,100
2473,473,0.7228284097614912,0.27717159023850974,0.3018442061445263,0.19453087681329473,0,1000,100
2474,474,0.6170797125147992,0.3829202874852026,0.3056054351036074,0.2113157453597521,0,1000,100
2475,475,0.6230537693382646,0.3769462306617365,0.30528560696375656,0.21456814069880575,0,1000,100
2476,476,0.6107178511643829,0.3892821488356173,0.3048969148550865,0.21345446119631847,0,1000,100
2477,477,0.7611363960116339,0.23886360398836431,0.2937061620743411,0.19605142654804658,0,1000,100
2478,478,0.7188527675791342,0.2811472324208634,0.2960567353904922,0.19615628412640929,0,1000,100
2479,479,0.648247074140052,0.351752925859949,0.30494001661425335,0.2045285800131087,0,1000,100
2480,480,0.6646383774330556,0.3353616225669427,0.3014886602625967,0.20324050649234932,0,1000,100
2481,481,0.6715479419542714,0.32845205804573074,0.3028329616695824,0.20198731050617666,0,1000,100
2482,482,0.691733957527018,0.3082660424729812,0.3012754711259591,0.1984244698557231,0,1000,100
2483,483,0.6496015600813668,0.3503984399186331,0.30305544617885904,0.2064355919731133,0,1000,100
2484,484,0.6424844228001998,0.3575155771997973,0.3051060113381366,0.2117785776093123,0,1000,100
2485,485,0.6196845028267115,0.3803154971732908,0.3071412630034266,0.20769419002182474,0,1000,100
2486,486,0.680243727067722,0.31975627293227993,0.3021325428179996,0.20658307153531996,0,1000,100
2487,487,0.649236613244409,0.3507633867555891,0.3071750664367855,0.21316563534481595,0,1000,100
2488,488,0.7056636907918393,0.29433630920816145,0.3020730210584118,0.1931737107944401,0,1000,100
2489,489,0.6468917464565815,0.3531082535434212,0.30489918680697914,0.20578174490137524,0,1000,100
2490,490,0.7292524499938003,0.2707475500062029,0.2974633588182318,0.1981333415471032,0,1000,100
2491,491,0.6922066820948106,0.30779331790519115,0.30191380004680773,0.20414104704611555,0,1000,100
2492,492,0.6049893120762951,0.39501068792370375,0.3081754803226351,0.21236673013017196,0,1000,100
2493,493,0.7517127070184232,0.24828729298157895,0.2972959673322437,0.19090321958013307,0,1000,100
2494,494,0.6977491721977931,0.3022508278022119,0.30290836528794884,0.20223580300183072,0,1000,100
2495,495,0.659439637592599,0.34056036240739973,0.30120112981812447,0.20065763269451292,0,1000,100
2496,496,0.7332208027580465,0.26677919724195387,0.29987935824242856,0.19957409261799033,0,1000,100
2497,497,0.649926692189249,0.35007330781075163,0.3060417516489011,0.20542924888721711,0,1000,100
2498,498,0.7586737867571937,0.24132621324280765,0.2928306609978226,0.19254872033075765,0,1000,100
2499,499,0.6392618844664425,0.3607381155335577,0.3048510359268002,0.20837928972574546,0,1000,100
2500,500,0.7257988521487792,0.2742011478512241,0.2998979174659647,0.19607662536323897,0,1000,100
2501,501,0.7419199697835259,0.2580800302164732,0.2945701610912817,0.19626669658067333,0,1000,100
2502,502,0.6281345695857892,0.3718654304142099,0.30864679776331577,0.20883435291741417,0,1000,100
2503,503,0.5949142995736716,0.4050857004263287,0.3091897329563692,0.21649395792197426,0,1000,100
2504,504,0.6998176578127212,0.3001823421872785,0.3022636575605866,0.19784826346311535,0,1000,100
2505,505,0.7160861931819219,0.2839138068180775,0.30003025650473597,0.199505886715902,0,1000,100
2506,506,0.5709793870344887,0.4290206129655106,0.30422028093467,0.21287203390342446,0,1000,100
2507,507,0.6606149691707687,0.3393850308292293,0.303870427370959,0.2111131619899795,0,1000,100
2508,508,0.7203528386202496,0.27964716137974727,0.2972619280114296,0.19838043794016225,0,1000,100
2509,509,0.7121679486202008,0.2878320513798024,0.2980540731403499,0.19898910451138743,0,1000,100
2510,510,0.7186999092986958,0.2813000907013028,0.29485914040040323,0.19642639431997377,0,1000,100
2511,511,0.6684154235989589,0.3315845764010431,0.3012522238934341,0.2044979531078367,0,1000,100
2512,512,0.7088099074960325,0.2911900925039693,0.2962205964307933,0.1974171097345515,0,1000,100
2513,513,0.767638119026472,0.23236188097352822,0.29733460377968796,0.1888632672846997,0,1000,100
2514,514,0.6579558268612131,0.34204417313878926,0.3036379299081833,0.2026921088133936,0,1000,100
2515,515,0.6491748939142485,0.3508251060857519,0.3020025756819467,0.2073326814645455,0,1000,100
2516,516,0.7050716507427809,0.29492834925721706,0.29804164922037907,0.19831692186048652,0,1000,100
2517,517,0.6309698317402793,0.3690301682597199,0.30790283976556715,0.21012536012012967,0,1000,100
2518,518,0.5786207295814088,0.4213792704185925,0.3095231317469118,0.2161556253011647,0,1000,100
2519,519,0.6546444494023281,0.34535555059767087,0.30005080538483664,0.20490015461936392,0,1000,100
2520,520,0.6578858699798216,0.34211413002017893,0.304713811301459,0.20511602123225184,0,1000,100
2521,521,0.658158345643512,0.34184165435648795,0.3027622504736984,0.20642451616307744,0,1000,100
2522,522,0.6574574721210035,0.3425425278789967,0.30261070843841703,0.1972786532865306,0,1000,100
2523,523,0.7529159490730711,0.24708405092692956,0.2976392381173821,0.19464093441501873,0,1000,100
2524,524,0.6553867304501076,0.3446132695498907,0.30037197671704036,0.2039102915345207,0,1000,100
2525,525,0.7376574935173774,0.2623425064826247,0.29536737180477557,0.19806186021599204,0,1000,100
2526,526,0.66151520691676,0.33848479308324003,0.303421946018075,0.20819773897327434,0,1000,100
2527,527,0.7173097140947333,0.28269028590526474,0.29953688336700257,0.1973512590025234,0,1000,100
2528,528,0.6494075429604503,0.3505924570395501,0.3062630325984746,0.20836294402183222,0,1000,100
2529,529,0.681501131157333,0.3184988688426713,0.3005737306071182,0.2066213385127536,0,1000,100
2530,530,0.66646711540559,0.3335328845944071,0.3065008877115616,0.20473914462936016,0,1000,100
2531,531,0.6971371324946941,0.3028628675053081,0.30545361392865716,0.2017974140542801,0,1000,100
2532,532,0.7342650586774624,0.26573494132253744,0.2946738669943928,0.19542509352436108,0,1000,100
2533,533,0.7749903318302845,0.22500966816971482,0.29309144657647007,0.19184492343024206,0,1000,100
2534,534,0.5919468177137006,0.40805318228630033,0.30729796469990256,0.21373671739877054,0,1000,100
2535,535,0.7327077397258785,0.2672922602741211,0.29394146428258106,0.19804843596857508,0,1000,100
2536,536,0.6370130189827022,0.36298698101729704,0.30605542947293424,0.21049985506713662,0,1000,100
2537,537,0.7225130019589305,0.27748699804106897,0.29838923939865664,0.196297106799118,0,1000,100
2538,538,0.6755435884892752,0.324456411510726,0.30269922525181225,0.20515384125262456,0,1000,100
2539,539,0.6841221403330229,0.31587785966697235,0.30486361919539134,0.20918227189470995,0,1000,100
2540,540,0.7079333250294682,0.29206667497053707,0.3028768982197234,0.19753486211503182,0,1000,100
2541,541,0.6651710231318702,0.33482897686812774,0.30357016271517756,0.2081179619704221,0,1000,100
2542,542,0.715840959078845,0.2841590409211576,0.30171679384539235,0.19798335728170677,0,1000,100
2543,543,0.6212568899331776,0.3787431100668228,0.3056478745591549,0.2060081093565699,0,1000,100
2544,544,0.7050178855379508,0.2949821144620502,0.2994054220844249,0.1998555828069562,0,1000,100
2545,545,0.6794929085437879,0.32050709145621586,0.30072401875151367,0.1991536647115909,0,1000,100
2546,546,0.687804231757346,0.312195768242657,0.2996922348193772,0.20202199735582266,0,1000,100
2547,547,0.7564288853564611,0.24357111464353814,0.2929436846656004,0.18667622062956005,0,1000,100
2548,548,0.6744282208613153,0.3255717791386876,0.3024698054127076,0.2047346592741568,0,1000,100
2549,549,0.671638878698877,0.32836112130112255,0.3034939403904685,0.201764660571633,0,1000,100
2550,550,0.6559863961954934,0.3440136038045054,0.3004212164172654,0.2066132505101839,0,1000,100
2551,551,0.674724569839187,0.32527543016081334,0.3017223922291161,0.20462808598685853,0,1000,100
2552,552,0.7173757473125465,0.282624252687449,0.29930787488247607,0.20020854205398853,0,1000,100
2553,553,0.7189852493732328,0.28101475062676734,0.3006503774086323,0.1999425770333425,0,1000,100
2554,554,0.641324023755452,0.3586759762445471,0.30412887613043443,0.213270055666208,0,1000,100
2555,555,0.69340064940674,0.3065993505932625,0.2969264945176894,0.19912297843174104,0,1000,100
2556,556,0.6227571624750164,0.3772428375249843,0.31177029542003853,0.21323881457362806,0,1000,100
2557,557,0.7670499594983266,0.23295004050167264,0.29782026748290236,0.19049997069710797,0,1000,100
2558,558,0.6630507602549771,0.3369492397450221,0.3022427209511953,0.20168537594327896,0,1000,100
2559,559,0.642458692154125,0.35754130784587523,0.3021323242477507,0.20115846904410717,0,1000,100
2560,560,0.7316837116363903,0.2683162883636105,0.2980494822095653,0.19231798755233367,0,1000,100
2561,561,0.6063731107385572,0.39362688926144135,0.30875074226264326,0.21061023581724897,0,1000,100
2562,562,0.6410456871632237,0.3589543128367747,0.30367698466778253,0.20921653815630434,0,1000,100
2563,563,0.6251869969922816,0.37481300300771797,0.304907607165678,0.20723861790458717,0,1000,100
2564,564,0.6477021570111648,0.3522978429888352,0.3031191510426979,0.20999013621720108,0,1000,100
2565,565,0.6473237372534135,0.35267626274658864,0.3060854501570568,0.20362476886356864,0,1000,100
2566,566,0.6358613205943568,0.3641386794056429,0.30599654954037075,0.20818615049541042,0,1000,100
2567,567,0.7326969220736314,0.26730307792636965,0.2974354417835905,0.19461043132425937,0,1000,100
2568,568,0.6410807941453417,0.35891920585465686,0.3036049425393047,0.20997678892940067,0,1000,100
2569,569,0.7008801746086648,0.2991198253913373,0.30072685306874997,0.19850409659065163,0,1000,100
2570,570,0.6741846062156546,0.32581539378434665,0.30405169175916813,0.1986800843577944,0,1000,100
2571,571,0.6733192825169252,0.3266807174830774,0.30118471340008734,0.19776656965293601,0,1000,100
2572,572,0.6745908727113397,0.32540912728865995,0.30374245019904245,0.1988515687310353,0,1000,100
2573,573,0.6333185439003479,0.3666814560996537,0.3079239135283615,0.21308979265885394,0,1000,100
2574,574,0.6633915336019758,0.3366084663980204,0.30280215135999977,0.20267944285940945,0,1000,100
2575,575,0.6580458723912094,0.34195412760879174,0.30201881018111404,0.20306164765834775,0,1000,100
2576,576,0.6696048103311462,0.3303951896688566,0.3031088114414208,0.2070759016607988,0,1000,100
2577,577,0.7289361529292834,0.271063847070718,0.2987264849296554,0.1957747810000092,0,1000,100
2578,578,0.5734083390280991,0.42659166097190065,0.30655466968016,0.22041920796849654,0,1000,100
2579,579,0.6952110079974044,0.3047889920025937,0.300903622487805,0.19688535634407484,0,1000,100
2580,580,0.6588376474078507,0.34116235259215155,0.3028129000751617,0.21138165088204844,0,1000,100
2581,581,0.6060752589515871,0.3939247410484137,0.30776575890434327,0.21547463038171236,0,1000,100
2582,582,0.6893112739814176,0.3106887260185819,0.3001183627084324,0.20169714511135894,0,1000,100
2583,583,0.6290229784932492,0.37097702150674877,0.3053715400645322,0.2114532161666781,0,1000,100
2584,584,0.6000971773173139,0.39990282268268507,0.30676927292283585,0.21202307266182838,0,1000,100
2585,585,0.6929361894445122,0.3070638105554821,0.2998837284139672,0.1949422559699368,0,1000,100
2586,586,0.7091878273954955,0.2908121726045035,0.30232397809120587,0.20355239699143657,0,1000,100
2587,587,0.7024854427258493,0.2975145572741487,0.3049695139863757,0.19973259962078707,0,1000,100
2588,588,0.7314237413604906,0.26857625863950657,0.2970594954943734,0.19928653660592674,0,1000,100
2589,589,0.6051399083580428,0.3948600916419559,0.3016906312164945,0.209884363670558,0,1000,100
2590,590,0.6427692326820929,0.357230767317908,0.3028789388500497,0.20854513019448062,0,1000,100
2591,591,0.7374586886009697,0.26254131139902964,0.2953027594895725,0.19561269795181596,0,1000,100
2592,592,0.6912843384924516,0.30871566150754914,0.29969587039961143,0.20149589488955746,0,1000,100
2593,593,0.6612750680745251,0.3387249319254772,0.3035679186643725,0.20771457099430568,0,1000,100
2594,594,0.7630594520113193,0.23694054798867725,0.2938879066395721,0.19285873774984696,0,1000,100
2595,595,0.6948618751695338,0.3051381248304697,0.30133387878527507,0.20018663996540417,0,1000,100
2596,596,0.6269505346819341,0.37304946531806815,0.30752513800469033,0.20891854176328647,0,1000,100
2597,597,0.6923065261876438,0.307693473812355,0.29987247971707265,0.19810730631541582,0,1000,100
2598,598,0.7126600579755284,0.28733994202447327,0.30128891953363324,0.19935766929645343,0,1000,100
2599,599,0.6907241989924823,0.3092758010075182,0.30286763844267023,0.20855816337979224,0,1000,100
2600,600,0.6716405687562089,0.3283594312437922,0.302447230022783,0.2050928464386282,0,1000,100
2601,601,0.6943454254336552,0.3056545745663464,0.2984163067956337,0.20047467828211796,0,1000,100
2602,602,0.7276843075885815,0.2723156924114193,0.2995630220051115,0.1885043395718581,0,1000,100
2603,603,0.6795069946867429,0.320493005313257,0.3070915440544161,0.2171315649708308,0,1000,100
2604,604,0.7054432900389773,0.29455670996102096,0.29792370991055767,0.1964705469032979,0,1000,100
2605,605,0.6186733661526809,0.3813266338473202,0.3069051219054962,0.20469583871888897,0,1000,100
2606,606,0.7761502311485845,0.22384976885141888,0.2911350197636863,0.1859974541345354,0,1000,100
2607,607,0.7216864279044761,0.2783135720955285,0.2976604006436865,0.19701708514604296,0,1000,100
2608,608,0.6648091987534811,0.3351908012465196,0.3057521008982091,0.2029685496489278,0,1000,100
2609,609,0.6045676200267522,0.3954323799732484,0.30448479536422507,0.20766724246980814,0,1000,100
2610,610,0.6458058756896105,0.35419412431038816,0.30087050122242226,0.20476359575441422,0,1000,100
2611,611,0.7321894522975142,0.2678105477024871,0.29845167325154187,0.19579823600872423,0,1000,100
2612,612,0.7416030001198777,0.25839699988011594,0.2970515670313853,0.1918585228242307,0,1000,100
2613,613,0.8020913528348148,0.19790864716518342,0.290881197914585,0.18213810748952455,0,1000,100
2614,614,0.7438490003272048,0.2561509996727953,0.29947090845903573,0.1939436667400308,0,1000,100
2615,615,0.6250640462530069,0.3749359537469926,0.30184956936691465,0.20378063519442174,0,1000,100
2616,616,0.6494906698581006,0.35050933014189645,0.3033865794663651,0.20767848675230086,0,1000,100
2617,617,0.635257479929125,0.3647425200708763,0.2986596936342577,0.2045941768757769,0,1000,100
2618,618,0.7046825878155213,0.2953174121844783,0.30067342865586744,0.1973831132280306,0,1000,100
2619,619,0.6821841867701958,0.3178158132298056,0.303249621972919,0.20338164608347253,0,1000,100
2620,620,0.7154869797518916,0.2845130202481105,0.3003066066713965,0.19666774105574666,0,1000,100
2621,621,0.676875062813879,0.32312493718612184,0.3026890569561188,0.2097248394069909,0,1000,100
2622,622,0.6467055017550558,0.35329449824494213,0.3067477238539779,0.2072620991737724,0,1000,100
2623,623,0.6165079619963933,0.38349203800360515,0.3054167203412255,0.2073528321390102,0,1000,100
2624,624,0.6461048052386931,0.35389519476130665,0.30464123943628274,0.2068121647588662,0,1000,100
2625,625,0.681736746621733,0.3182632533782649,0.29941111019703526,0.19757368519430063,0,1000,100
2626,626,0.6477658198909197,0.3522341801090819,0.30173433887701717,0.20647288847880182,0,1000,100
2627,627,0.644130138867627,0.35586986113237384,0.30424634071365436,0.20809787620255923,0,1000,100
2628,628,0.6832057255942829,0.3167942744057167,0.29989552168156575,0.2062842285570378,0,1000,100
2629,629,0.7086706747677511,0.29132932523224936,0.299149280578616,0.19799475191891805,0,1000,100
2630,630,0.7351059808787762,0.2648940191212257,0.2988142736401304,0.19872038051226554,0,1000,100
2631,631,0.6607213432120125,0.339278656787986,0.3031492508703066,0.20293884803452614,0,1000,100
2632,632,0.6055465743061261,0.39445342569387215,0.3067162835377759,0.21525736548093508,0,1000,100
2633,633,0.6930833253633977,0.306916674636609,0.30017310832597593,0.19847414275842398,0,1000,100
2634,634,0.7010327769187685,0.29896722308123075,0.2996018736071918,0.20025361294812444,0,1000,100
2635,635,0.6647251102660432,0.33527488973395597,0.3031059292191104,0.2059739034806135,0,1000,100
2636,636,0.6737505808967624,0.3262494191032397,0.3062482506280847,0.20344883194936017,0,1000,100
2637,637,0.6515485586378786,0.3484514413621237,0.3025399989306282,0.20746219181603986,0,1000,100
2638,638,0.7364341146079119,0.26356588539208886,0.298483861527698,0.1962177374896777,0,1000,100
2639,639,0.7120849255231,0.2879150744769001,0.30098297355363796,0.19844241152409872,0,1000,100
2640,640,0.7091671968232384,0.29083280317676213,0.30019646943469536,0.19939467158221097,0,1000,100
2641,641,0.7056774050350202,0.29432259496497765,0.30035236914018665,0.19970644644535815,0,1000,100
2642,642,0.7108938268578071,0.2891061731421929,0.3002186178119191,0.19918785290482297,0,1000,100
2643,643,0.6562267977837309,0.34377320221626667,0.3021579214655964,0.20683949276217958,0,1000,100
2644,644,0.7478318766226933,0.2521681233773017,0.29771675768298383,0.19529795336670272,0,1000,100
2645,645,0.6207220985267576,0.3792779014732419,0.30980445941557294,0.21239709855413516,0,1000,100
2646,646,0.7071094998779166,0.2928905001220788,0.29843548185289814,0.20264718608637705,0,1000,100
2647,647,0.7645808082472317,0.2354191917527727,0.2943254204715707,0.1974963544049881,0,1000,100
2648,648,0.645787821695017,0.3542121783049829,0.3073122806680774,0.209652508399342,0,1000,100
2649,649,0.7590665005635922,0.2409334994364088,0.29370791134894114,0.18708964776571055,0,1000,100
2650,650,0.642366845141727,0.3576331548582727,0.30290509953207306,0.20804504790873482,0,1000,100
2651,651,0.7506178711391234,0.2493821288608748,0.29788358161960554,0.19260907081353304,0,1000,100
2652,652,0.6238946476926409,0.37610535230735825,0.3017863381717039,0.2104386932606912,0,1000,100
2653,653,0.5642517126300025,0.43574828736999827,0.3062335688950669,0.21635698181438692,0,1000,100
2654,654,0.6842798921069715,0.31572010789302885,0.30035688279260075,0.20449069614206397,0,1000,100
2655,655,0.6890109806015173,0.3109890193984808,0.3011987235355863,0.20399682362910393,0,1000,100
2656,656,0.7235683995790617,0.27643160042094533,0.2986822599363625,0.19911961986752777,0,1000,100
2657,657,0.6749884277979139,0.32501157220208693,0.3025874048433194,0.20041441260699486,0,1000,100
2658,658,0.7625920673889669,0.23740793261103185,0.2949288287740365,0.1946001307727729,0,1000,100
2659,659,0.7681332758219537,0.23186672417804316,0.2949061592151584,0.1888272929942696,0,1000,100
2660,660,0.660630766861403,0.3393692331385967,0.30487788813368605,0.20540544090715854,0,1000,100
2661,661,0.6800480833316482,0.319951916668353,0.2987064461699579,0.20101537278796267,0,1000,100
2662,662,0.6406324616359433,0.35936753836405827,0.30334192227025836,0.20071183375932802,0,1000,100
2663,663,0.7555830056124078,0.24441699438759448,0.2946801595836927,0.19640483448251803,0,1000,100
2664,664,0.6426701304923711,0.3573298695076287,0.30590937583796113,0.2118523749936939,0,1000,100
2665,665,0.7658828561658612,0.23411714383413537,0.2899034005382858,0.18489870017468324,0,1000,100
2666,666,0.6815586561316693,0.31844134386833317,0.3014382270900018,0.19891313818854026,0,1000,100
2667,667,0.6093991005305652,0.39060089946943394,0.3045281609281463,0.2154393724091903,0,1000,100
2668,668,0.7304048415953839,0.26959515840461934,0.29801775212767634,0.1981355721693036,0,1000,100
2669,669,0.7787955839392073,0.22120441606079302,0.295939500736858,0.1853653034742869,0,1000,100
2670,670,0.6834993185104683,0.31650068148953064,0.3024200523286146,0.1969856748367023,0,1000,100
2671,671,0.6647613686076659,0.3352386313923331,0.3015541489818162,0.2073998778862622,0,1000,100
2672,672,0.6961193959045165,0.30388060409547785,0.3004641450806132,0.20241858153009487,0,1000,100
2673,673,0.7622195199203872,0.2377804800796134,0.2974809389365986,0.1939361108314698,0,1000,100
2674,674,0.6640960939300652,0.3359039060699347,0.30420573637445625,0.2039218880305108,0,1000,100
2675,675,0.7058083404008031,0.294191659599197,0.3010293462786642,0.19688177690022948,0,1000,100
2676,676,0.6800167152113007,0.31998328478870053,0.29832695762638844,0.20467532314749026,0,1000,100
2677,677,0.6490254677359993,0.3509745322640022,0.30834185988453394,0.20585049205652367,0,1000,100
2678,678,0.7458061896875615,0.2541938103124421,0.2922407964165957,0.18767178120759392,0,1000,100
2679,679,0.6887078128844882,0.3112921871155116,0.302550007204179,0.2036718198349679,0,1000,100
2680,680,0.759756860489127,0.24024313951087045,0.29724375025811256,0.19383288779313693,0,1000,100
2681,681,0.6852365778182167,0.31476342218178305,0.29956695895584506,0.2003274770003937,0,1000,100
2682,682,0.6977272449643808,0.30227275503562023,0.30171503103943326,0.20708185433760837,0,1000,100
2683,683,0.5875722380840419,0.41242776191595765,0.3110965080178642,0.2127604798381498,0,1000,100
2684,684,0.5977603754861766,0.4022396245138221,0.3066732965395006,0.21440666173354803,0,1000,100
2685,685,0.6804038263226316,0.3195961736773676,0.30369358595696583,0.19923806143411427,0,1000,100
2686,686,0.6372000590730222,0.3627999409269772,0.3064251525908406,0.21239219188066463,0,1000,100
2687,687,0.7695850208751177,0.2304149791248815,0.29870168448703915,0.19796307549904069,0,1000,100
2688,688,0.7010499547115232,0.2989500452884775,0.30173472185275235,0.19939413908672698,0,1000,100
2689,689,0.7521736514831037,0.2478263485168971,0.2939708156103652,0.19506762893530466,0,1000,100
2690,690,0.7751857587589633,0.2248142412410395,0.2949847861387902,0.1871411459630076,0,1000,100
2691,691,0.7270417260385144,0.27295827396148226,0.29853341248226983,0.197076834228197,0,1000,100
2692,692,0.6982813538425375,0.3017186461574623,0.299587416510394,0.1993038679271779,0,1000,100
2693,693,0.6788644307936157,0.3211355692063832,0.30216534947875795,0.2111590820914919,0,1000,100
2694,694,0.7574007315032968,0.24259926849670088,0.2941925084285217,0.18478365244558403,0,1000,100
2695,695,0.6006458512305972,0.39935414876939945,0.3062143958832523,0.21109983152903108,0,1000,100
2696,696,0.7258321698853109,0.27416783011469154,0.3034589416168192,0.20148147181256376,0,1000,100
2697,697,0.685674466971257,0.3143255330287433,0.30299539994001473,0.20225461813047885,0,1000,100
2698,698,0.7353958280921415,0.26460417190786045,0.2985573507042649,0.19558334803527835,0,1000,100
2699,699,0.7191984425533289,0.28080155744667157,0.3016111571094034,0.1988654409825168,0,1000,100
2700,700,0.642236502246259,0.35776349775374133,0.3022829864659429,0.21165611516824354,0,1000,100
2701,701,0.667620755249187,0.33237924475081315,0.30488825514102774,0.2104231053553749,0,1000,100
2702,702,0.605995820246715,0.39400417975328433,0.30638613913730534,0.20934113022078127,0,1000,100
2703,703,0.6583579469745703,0.3416420530254306,0.29989837089477095,0.2078769975996316,0,1000,100
2704,704,0.7013341649383112,0.29866583506169,0.30255388382322984,0.20353390781184125,0,1000,100
2705,705,0.7136862833272503,0.2863137166727531,0.29768802733299,0.18945700126444762,0,1000,100
2706,706,0.604403023563587,0.39559697643641256,0.3073307947065843,0.20793469956755972,0,1000,100
2707,707,0.6913131536471837,0.30868684635281723,0.30657645140955125,0.20619494252551257,0,1000,100
2708,708,0.7011317012585243,0.2988682987414775,0.2993830228205936,0.20505042568896967,0,1000,100
2709,709,0.6444273178379464,0.35557268216205534,0.30581983052309303,0.21081863324973904,0,1000,100
2710,710,0.6266129922675591,0.37338700773244216,0.30496648297331785,0.21091799642693776,0,1000,100
2711,711,0.6687113451776412,0.3312886548223583,0.3036037734439951,0.20428321729142004,0,1000,100
2712,712,0.6760263391278752,0.32397366087212426,0.301351712492266,0.20334463251301194,0,1000,100
2713,713,0.6727368464065934,0.327263153593405,0.3005625540124149,0.2002379264094974,0,1000,100
2714,714,0.7269079044354114,0.2730920955645888,0.29629255091254325,0.19961252486507108,0,1000,100
2715,715,0.6491432035474112,0.3508567964525903,0.3041697184837698,0.2067803595508667,0,1000,100
2716,716,0.7422311752945456,0.2577688247054556,0.2962979812262773,0.19408243496545838,0,1000,100
2717,717,0.7511717013657528,0.24882829863424316,0.29952864700865695,0.19307513205860372,0,1000,100
2718,718,0.7396132421450592,0.26038675785494875,0.29374789965857045,0.19390449797125045,0,1000,100
2719,719,0.7119570287844488,0.28804297121555056,0.29678837155673665,0.19892668294208007,0,1000,100
2720,720,0.6872839635576028,0.31271603644239326,0.3010467596673267,0.1976406151177697,0,1000,100
2721,721,0.6691217842774941,0.3308782157225067,0.3041879390274947,0.2091138678656833,0,1000,100
2722,722,0.6962547422508604,0.3037452577491456,0.29686957370700817,0.19346195529754323,0,1000,100
2723,723,0.7550339109354683,0.24496608906452946,0.297622967797268,0.19498440303394338,0,1000,100
2724,724,0.6889239316457506,0.3110760683542505,0.30160642414149014,0.20125661482751445,0,1000,100
2725,725,0.7633691471072916,0.23663085289271096,0.2928602424627071,0.19219609756564546,0,1000,100
2726,726,0.6870639213966936,0.3129360786033072,0.30422592509167923,0.2023651066333299,0,1000,100
2727,727,0.7473616656662296,0.2526383343337712,0.2953009424281529,0.19095833544545196,0,1000,100
2728,728,0.6285876916389284,0.3714123083610725,0.3024870435012057,0.2018790597052593,0,1000,100
2729,729,0.6572263662312839,0.34277363376871206,0.30156189393726757,0.20449522760283803,0,1000,100
2730,730,0.732746031254294,0.26725396874570884,0.29633795928717727,0.1968148000540014,0,1000,100
2731,731,0.7541697426612213,0.24583025733877664,0.29538328770673355,0.19302287048577232,0,1000,100
2732,732,0.7408429549726151,0.2591570450273851,0.2992489723045243,0.19869614997329768,0,1000,100
2733,733,0.665246678803658,0.3347533211963428,0.3034405182268895,0.20004940592007753,0,1000,100
2734,734,0.6716130307761006,0.3283869692239023,0.30289161220256694,0.20623244123246443,0,1000,100
2735,735,0.7478817315369078,0.25211826846309343,0.2967701896512423,0.19154104535729752,0,1000,100
2736,736,0.673132170177733,0.3268678298222653,0.30066257685485026,0.1976466977052872,0,1000,100
2737,737,0.6457838509165006,0.35421614908350035,0.30405226033083765,0.20309057232375785,0,1000,100
2738,738,0.6821024115247984,0.317897588475205,0.30094822883763933,0.20265170199853516,0,1000,100
2739,739,0.6918030993366419,0.30819690066336086,0.3029808193448442,0.19872662575728298,0,1000,100
2740,740,0.7707990305759171,0.22920096942407958,0.2959341077869943,0.19255711140460055,0,1000,100
2741,741,0.6504358105242347,0.3495641894757655,0.30452648595517623,0.2096469560899592,0,1000,100
2742,742,0.7681501602143791,0.2318498397856218,0.29441865416544083,0.1906503954179405,0,1000,100
2743,743,0.7163892521324676,0.28361074786753554,0.2982709583172992,0.19657890844206008,0,1000,100
2744,744,0.6648126494100088,0.33518735058999,0.30157351768479845,0.2037669697136606,0,1000,100
2745,745,0.63382753873628,0.366172461263721,0.30339848749639065,0.2089116236372527,0,1000,100
2746,746,0.6224924348288537,0.3775075651711454,0.3027859745476332,0.2078581430182528,0,1000,100
2747,747,0.7379558559904386,0.2620441440095642,0.2969551464903376,0.19802087498304793,0,1000,100
2748,748,0.7352919640052102,0.26470803599478826,0.29746839686752574,0.19743971142162176,0,1000,100
2749,749,0.6601133987068013,0.3398866012931989,0.302155282075227,0.20428357442726613,0,1000,100
2750,750,0.6401672859419839,0.3598327140580161,0.30611298190496583,0.2091151811454203,0,1000,100
2751,751,0.5553663600896848,0.4446336399103158,0.3090806734330998,0.215001706665005,0,1000,100
2752,752,0.7311239123361771,0.26887608766381926,0.2938794120787712,0.1951000363836776,0,1000,100
2753,753,0.6166821496915367,0.38331785030846427,0.30472454434553026,0.20724788283482276,0,1000,100
2754,754,0.7336053150018177,0.2663946849981826,0.29604066264044604,0.1937838828528472,0,1000,100
2755,755,0.6178993042231624,0.38210069577683736,0.3069630852861222,0.21472801302468428,0,1000,100
2756,756,0.6676364572575211,0.3323635427424757,0.30415880170080273,0.20448240089148867,0,1000,100
2757,757,0.7903863555327351,0.20961364446726108,0.2901380037056326,0.19096505263908434,0,1000,100
2758,758,0.7090056035418776,0.2909943964581275,0.302030483851843,0.19422605794649028,0,1000,100
2759,759,0.6537516348295344,0.34624836517046514,0.3043352506009145,0.2087528481118197,0,1000,100
2760,760,0.7060968478008866,0.2939031521991155,0.29840985544514587,0.1981392213106047,0,1000,100
2761,761,0.6814213278287186,0.31857867217128427,0.29898837462439926,0.20297323834448724,0,1000,100
2762,762,0.693900307686356,0.30609969231364514,0.3021910337927,0.20208954868142573,0,1000,100
2763,763,0.6715362731381233,0.3284637268618748,0.3058561282609945,0.20351262573132023,0,1000,100
2764,764,0.7845543590362305,0.21544564096377086,0.2935815163367592,0.18352351641302683,0,1000,100
2765,765,0.6642647793913083,0.335735220608694,0.3041676926491356,0.20296385532895986,0,1000,100
2766,766,0.7234641787272403,0.2765358212727564,0.2968404653031607,0.19435658031233538,0,1000,100
2767,767,0.69497751288842,0.3050224871115813,0.3008547266150584,0.20140393889670355,0,1000,100
2768,768,0.6184474407342715,0.3815525592657273,0.304957971684223,0.21029743067322962,0,1000,100
2769,769,0.7421574297784898,0.2578425702215104,0.2982452890232253,0.19486713466986938,0,1000,100
2770,770,0.6924417997448513,0.30755820025514685,0.3005546329114573,0.20797172376504242,0,1000,100
2771,771,0.7516926205026436,0.2483073794973602,0.30127978238034525,0.19294718898421856,0,1000,100
2772,772,0.6789363410225479,0.32106365897744665,0.29771922307038184,0.2084558565415808,0,1000,100
2773,773,0.598437647260715,0.40156235273928564,0.3100121362367251,0.21567526432054682,0,1000,100
2774,774,0.6823716837485893,0.31762831625141297,0.3010120777472566,0.20419426845938637,0,1000,100
2775,775,0.7118877644971047,0.28811223550289616,0.2983188258510682,0.19572399575135455,0,1000,100
2776,776,0.6965192003263205,0.303480799673682,0.3002443573335066,0.19959760351465056,0,1000,100
2777,777,0.759924021677344,0.2400759783226527,0.2996517014391927,0.19513603263091966,0,1000,100
2778,778,0.7270610261035765,0.2729389738964226,0.29849106986656493,0.19575356240745703,0,1000,100
2779,779,0.7212171563476949,0.2787828436523028,0.29718898587269493,0.19636145465003402,0,1000,100
2780,780,0.6362068012580309,0.3637931987419699,0.3038289945007605,0.2042422110588395,0,1000,100
2781,781,0.6795920844837608,0.3204079155162407,0.305000085484987,0.2053768117167421,0,1000,100
2782,782,0.7405362385617251,0.2594637614382691,0.29706898012982846,0.1931277592813643,0,1000,100
2783,783,0.6704339735756112,0.3295660264243905,0.3013239428988214,0.20497316535256074,0,1000,100
2784,784,0.5712801338588583,0.42871986614114277,0.30939907277597456,0.22211813309669318,0,1000,100
2785,785,0.7530791118357871,0.24692088816421198,0.2959570735658803,0.19516740870233346,0,1000,100
2786,786,0.77563360103852,0.22436639896148275,0.2951045300596902,0.18909698984965473,0,1000,100
2787,787,0.7516076382884259,0.2483923617115766,0.29502295316812766,0.19875206543489513,0,1000,100
2788,788,0.7198300169562588,0.28016998304374224,0.2985855975564752,0.2025167851017414,0,1000,100
2789,789,0.6507273689026636,0.34927263109733553,0.30464171894035075,0.20030569116210967,0,1000,100
2790,790,0.6845134376903037,0.3154865623096958,0.3053222358150214,0.20315548874647016,0,1000,100
2791,791,0.7331845808680586,0.2668154191319414,0.29811323687423114,0.19848167524740604,0,1000,100
2792,792,0.5932446579924037,0.40675534200759744,0.30521882083834073,0.21010311652481684,0,1000,100
2793,793,0.7307706706966556,0.2692293293033414,0.29481086666335404,0.1925156719510291,0,1000,100
2794,794,0.7131319962654634,0.28686800373453486,0.29668667216738226,0.19626880822867795,0,1000,100
2795,795,0.6501572234062567,0.34984277659374224,0.3037343948200515,0.2093079923609466,0,1000,100
2796,796,0.5728147247281974,0.42718527527180317,0.30671983602851743,0.21942788523552462,0,1000,100
2797,797,0.6756627012276619,0.3243372987723368,0.30443236561008324,0.20647149052619282,0,1000,100
2798,798,0.7470642253239399,0.25293577467606265,0.29354043666850166,0.19189235346860897,0,1000,100
2799,799,0.6760362937643367,0.32396370623566634,0.30227382535342784,0.20434981490779303,0,1000,100
2800,800,0.7138152027484309,0.2861847972515724,0.3009183176964056,0.19333637067445797,0,1000,100
2801,801,0.7137571852160441,0.2862428147839581,0.30031310072408685,0.19902461686827622,0,1000,100
2802,802,0.7144035605720849,0.28559643942790974,0.29834724177307675,0.19937107165800064,0,1000,100
2803,803,0.7467554792621678,0.25324452073782805,0.29898946510128116,0.19119062695961472,0,1000,100
2804,804,0.7435396596897239,0.2564603403102799,0.29894172737590974,0.19502028929443027,0,1000,100
2805,805,0.7422147961267421,0.2577852038732549,0.29710897760849286,0.19353834125179992,0,1000,100
2806,806,0.653841510057922,0.3461584899420745,0.3038697126863191,0.20585185765119682,0,1000,100
2807,807,0.6999897201376647,0.30001027986233814,0.30101038865816643,0.20187915664900646,0,1000,100
2808,808,0.7807571644425413,0.2192428355574594,0.29280233099085046,0.19075871832745248,0,1000,100
2809,809,0.7211625169194081,0.2788374830805897,0.2983757897423802,0.1953200978572436,0,1000,100
2810,810,0.6916196637448077,0.30838033625519407,0.302744342505433,0.2023996095007138,0,1000,100
2811,811,0.6462823524557634,0.3537176475442389,0.3008115589890998,0.20191471504600847,0,1000,100
2812,812,0.6643860244114429,0.33561397558855854,0.30186770968472654,0.20387503930485903,0,1000,100
2813,813,0.6583843543147065,0.3416156456852919,0.30023294880451273,0.20622979288905957,0,1000,100
2814,814,0.7361052303818469,0.2638947696181508,0.2985246570208324,0.18997890197505993,0,1000,100
2815,815,0.7302622433481245,0.2697377566518733,0.29951122137902064,0.1982602073644394,0,1000,100
2816,816,0.7165031217363618,0.2834968782636387,0.2981151516645193,0.19887190130902543,0,1000,100
2817,817,0.7396369530609196,0.2603630469390825,0.296461124065832,0.1897212299351023,0,1000,100
2818,818,0.7346118129153673,0.2653881870846316,0.2979613536755223,0.19373156869756036,0,1000,100
2819,819,0.6825541532784534,0.31744584672154724,0.3073718409197069,0.20571090802990086,0,1000,100
2820,820,0.6480490263757532,0.3519509736242458,0.30682776938754736,0.2042630030059474,0,1000,100
2821,821,0.6033450982760593,0.39665490172393986,0.3057635222783036,0.20768450671787256,0,1000,100
2822,822,0.6779990946443635,0.3220009053556394,0.30288386678601176,0.2005429533354254,0,1000,100
2823,823,0.7019427480253074,0.2980572519746938,0.2993488626429417,0.1978285592701157,0,1000,100
2824,824,0.6311049463677698,0.3688950536322322,0.3045623714740649,0.2069943202907404,0,1000,100
2825,825,0.6764785075428223,0.3235214924571762,0.3038130045390654,0.20823046903515738,0,1000,100
2826,826,0.698990206719092,0.3010097932809086,0.29840351705323714,0.19580380853007964,0,1000,100
2827,827,0.6350235389422032,0.36497646105779724,0.3035911958053986,0.20752692989690122,0,1000,100
2828,828,0.7041259660189414,0.2958740339810568,0.2996556335442143,0.2003375786651716,0,1000,100
2829,829,0.7418439361289357,0.2581560638710641,0.3001668202656348,0.19187255885483995,0,1000,100
2830,830,0.6579931876571469,0.3420068123428537,0.30534383304465085,0.2079953831217451,0,1000,100
2831,831,0.7480014263172828,0.2519985736827138,0.2938157245864084,0.19537975241443573,0,1000,100
2832,832,0.7024308548539742,0.29756914514602417,0.2984731756938158,0.19660382469325935,0,1000,100
2833,833,0.5969455493922121,0.40305445060778516,0.30707228521804886,0.2152676043312572,0,1000,100
2834,834,0.7876449218875812,0.21235507811241777,0.2914165022716547,0.19254200179684453,0,1000,100
2835,835,0.6517764779161801,0.348223522083822,0.3031894861602668,0.20316899945723793,0,1000,100
2836,836,0.6572955465997279,0.34270445340027184,0.30434674988884,0.20689616365489563,0,1000,100
2837,837,0.6279381084008208,0.37206189159917835,0.30670985080930446,0.2093071024290816,0,1000,100
2838,838,0.6520187752276607,0.34798122477233806,0.3009226812059696,0.20593858766013567,0,1000,100
2839,839,0.66475861804264,0.3352413819573596,0.2969832928351758,0.20772434556421562,0,1000,100
2840,840,0.6769072594549095,0.3230927405450891,0.30277959410791594,0.2079164472101952,0,1000,100
2841,841,0.6850659822760015,0.314934017723998,0.2989654458455059,0.20026081536399187,0,1000,100
2842,842,0.7411994495341016,0.2588005504658975,0.29530967162883165,0.19890465400457738,0,1000,100
2843,843,0.6952951112517239,0.3047048887482738,0.2979611495346301,0.19710569670329056,0,1000,100
2844,844,0.7168513987033605,0.2831486012966398,0.2993731451037591,0.20061530213471115,0,1000,100
2845,845,0.64310620745039,0.35689379254961123,0.30143949977384776,0.2033444908252648,0,1000,100
2846,846,0.6509972621705066,0.349002737829493,0.3031507086801463,0.20988293409882156,0,1000,100
2847,847,0.7412546842696489,0.25874531573035575,0.29558138169587295,0.19416357777620777,0,1000,100
2848,848,0.6075445498783479,0.39245545012165006,0.3069435263840173,0.21036307025258072,0,1000,100
2849,849,0.6241326818915428,0.37586731810845586,0.3054569201918564,0.21333153837862595,0,1000,100
2850,850,0.6879248684588551,0.3120751315411445,0.3034683398820981,0.20263255804105357,0,1000,100
2851,851,0.6549078572799489,0.34509214272005134,0.3051427789831845,0.2038574274603034,0,1000,100
2852,852,0.6935407229570123,0.30645927704298664,0.29878943140312786,0.20507573580141383,0,1000,100
2853,853,0.6160375208415015,0.38396247915849663,0.30328352265504527,0.20889012584586292,0,1000,100
2854,854,0.6662103426088114,0.3337896573911884,0.30332019546753214,0.20505413257064808,0,1000,100
2855,855,0.7152982559750714,0.2847017440249297,0.29646350084347867,0.19673281271326323,0,1000,100
2856,856,0.6132819493950964,0.38671805060490305,0.307514160743341,0.2123436335704515,0,1000,100
2857,857,0.6077067392678627,0.39229326073213844,0.30673465639878245,0.21401153306269388,0,1000,100
2858,858,0.7180928730738495,0.28190712692615144,0.3023930832324682,0.19844720732651952,0,1000,100
2859,859,0.6564368406720262,0.34356315932797293,0.3015762127512466,0.20169293999764024,0,1000,100
2860,860,0.611557958789396,0.3884420412106045,0.30778826934919795,0.2110987626414653,0,1000,100
2861,861,0.7233802353022064,0.2766197646977917,0.29910224090435134,0.20875352366191055,0,1000,100
2862,862,0.771005752768301,0.22899424723169617,0.29119868850625824,0.1858742587538599,0,1000,100
2863,863,0.723012970283174,0.2769870297168279,0.29591557251708533,0.1967211353437112,0,1000,100
2864,864,0.6197218447654796,0.38027815523452,0.305886599780856,0.20825648542953412,0,1000,100
2865,865,0.702655573550822,0.2973444264491821,0.30256496302508695,0.2043120266106902,0,1000,100
2866,866,0.6935347515837683,0.3064652484162333,0.30075787864196823,0.20215655663847942,0,1000,100
2867,867,0.6607413731730488,0.33925862682695407,0.301173453387625,0.2006205103226715,0,1000,100
2868,868,0.6537542918149185,0.3462457081850822,0.3009840515040994,0.20182310685566365,0,1000,100
2869,869,0.6628705867626847,0.33712941323731194,0.300067144111295,0.20257596469836409,0,1000,100
2870,870,0.7218943839109565,0.2781056160890414,0.29791246312232494,0.1982292438037731,0,1000,100
2871,871,0.686477139246896,0.3135228607531074,0.2972152968900286,0.20112885261076557,0,1000,100
2872,872,0.6982102609160321,0.3017897390839648,0.29916484404611376,0.19639513378275472,0,1000,100
2873,873,0.7336527173265308,0.2663472826734718,0.29638755541816314,0.19844191408738526,0,1000,100
2874,874,0.6308553938833601,0.36914460611663946,0.3073017655435241,0.20866354913675672,0,1000,100
2875,875,0.6579698637275422,0.34203013627245876,0.3046335446989769,0.20074344575555778,0,1000,100
2876,876,0.6726251048316358,0.3273748951683596,0.30225215710988046,0.20407066065349955,0,1000,100
2877,877,0.6517933973533122,0.34820660264668546,0.3013238467367621,0.21041848625202658,0,1000,100
2878,878,0.7438420000681187,0.25615799993188076,0.29844931962103666,0.1929702027157601,0,1000,100
2879,879,0.6112952439614213,0.3887047560385776,0.30983953868490266,0.2113855370541525,0,1000,100
2880,880,0.6334793152381458,0.3665206847618542,0.30806506944103806,0.20756577711604543,0,1000,100
2881,881,0.7374743294676404,0.2625256705323603,0.2946043040522103,0.19692126985518185,0,1000,100
2882,882,0.6635475181770333,0.3364524818229657,0.30367582342528066,0.20845933623605142,0,1000,100
2883,883,0.640479695857285,0.35952030414271746,0.30497595341461414,0.21450553202305156,0,1000,100
2884,884,0.6471592602017877,0.3528407397982116,0.30501900645265234,0.20333288462564492,0,1000,100
2885,885,0.7233514139803621,0.2766485860196361,0.29871399759058065,0.19380112596462318,0,1000,100
2886,886,0.6239086890133501,0.37609131098665055,0.30521817690294345,0.21274548240834001,0,1000,100
2887,887,0.7076562878720524,0.29234371212794874,0.3014907405984564,0.19763784642309432,0,1000,100
2888,888,0.712068084731893,0.2879319152681076,0.3003468517408691,0.1944299661032627,0,1000,100
2889,889,0.6874297811865365,0.31257021881346264,0.30260920399690977,0.20141848878105784,0,1000,100
2890,890,0.7216187257376805,0.27838127426232034,0.29630133764377553,0.1977266841707925,0,1000,100
2891,891,0.5954718852983915,0.4045281147016103,0.30567498016247946,0.212121581060924,0,1000,100
2892,892,0.7428315681795813,0.25716843182041815,0.2943749270558325,0.1920492766268238,0,1000,100
2893,893,0.7878851283494062,0.2121148716505925,0.2910763956908349,0.1891203398869816,0,1000,100
2894,894,0.715280165840748,0.28471983415925395,0.30015671015164513,0.19676837319728935,0,1000,100
2895,895,0.6303098408456496,0.3696901591543519,0.30156892185162737,0.20835864562882933,0,1000,100
2896,896,0.7093279392693935,0.29067206073060287,0.2986949728446776,0.20231497411255978,0,1000,100
2897,897,0.6639806731020181,0.33601932689798125,0.30253584893816654,0.20243491352864304,0,1000,100
2898,898,0.679979005296184,0.32002099470381845,0.30071588674810895,0.20482878166455368,0,1000,100
2899,899,0.6632333201269784,0.33676667987301917,0.3040198048919282,0.2031790539461011,0,1000,100
2900,900,0.6505451910041283,0.34945480899587317,0.3032627687856091,0.21065345864733792,0,1000,100
2901,901,0.6661231377955996,0.333876862204402,0.30174422337839407,0.20642697627035383,0,1000,100
2902,902,0.6697012114736055,0.3302987885263932,0.301341829397088,0.20633140099952701,0,1000,100
2903,903,0.7656778212330313,0.2343221787669699,0.2941220334831941,0.19194632988919474,0,1000,100
2904,904,0.7437412569472895,0.2562587430527068,0.29841659281448807,0.19447246003221857,0,1000,100
2905,905,0.7288809456003937,0.27111905439960343,0.30029258883841325,0.19992122652794822,0,1000,100
2906,906,0.7210729299334803,0.27892707006652057,0.29878770716325015,0.1975866758093617,0,1000,100
2907,907,0.757628551065401,0.24237144893459556,0.2960254352228897,0.1920716265806484,0,1000,100
2908,908,0.6731011901913548,0.3268988098086442,0.3010857406155173,0.20149608278049974,0,1000,100
2909,909,0.6622254442867065,0.3377745557132931,0.30220088488748725,0.20482562576523033,0,1000,100
2910,910,0.7891662017608667,0.21083379823913365,0.2954907921443615,0.18947936356396514,0,1000,100
2911,911,0.6883963201278819,0.31160367987211857,0.3007792883049875,0.20184179078365,0,1000,100
2912,912,0.6419235898870129,0.35807641011298935,0.30494058298523175,0.20847909596816575,0,1000,100
2913,913,0.6827255640152433,0.3172744359847516,0.30057113741805336,0.19494921009812272,0,1000,100
2914,914,0.7515313274606222,0.24846867253937496,0.2991575221930775,0.19178977268795683,0,1000,100
2915,915,0.6921865098608286,0.3078134901391703,0.3009278387411042,0.2018813715855558,0,1000,100
2916,916,0.69321246521404,0.3067875347859626,0.30120752449592403,0.20776329601407056,0,1000,100
2917,917,0.694406140670056,0.30559385932994393,0.30076159838264827,0.20013261830407192,0,1000,100
2918,918,0.7013857021697233,0.29861429783027554,0.30027903604416467,0.20092332447998595,0,1000,100
2919,919,0.7435131788406697,0.2564868211593328,0.2951473627967427,0.19074682215411684,0,1000,100
2920,920,0.6776242218947514,0.32237577810524937,0.3042842788994925,0.20643487133887253,0,1000,100
2921,921,0.6917366194029436,0.30826338059705843,0.30228509538699805,0.21036663484161203,0,1000,100
2922,922,0.6714416373537453,0.32855836264625626,0.30378015618246534,0.20458877989248275,0,1000,100
2923,923,0.7076219296280997,0.292378070371903,0.30021370400240377,0.19885964566037417,0,1000,100
2924,924,0.6891816454491041,0.3108183545508977,0.3026308770517477,0.20250526800683047,0,1000,100
2925,925,0.6956769416888958,0.3043230583111037,0.30304479873733003,0.19899484960413058,0,1000,100
2926,926,0.7081360403311538,0.2918639596688466,0.29817647437582373,0.20153393444788167,0,1000,100
2927,927,0.6827475695552951,0.3172524304447062,0.29689539212160265,0.2042707522396894,0,1000,100
2928,928,0.6606925329186146,0.3393074670813853,0.3000973369886572,0.20541230908459668,0,1000,100
2929,929,0.5892031382470959,0.4107968617529043,0.30935049734322173,0.21433882374699334,0,1000,100
2930,930,0.6990834186514255,0.3009165813485735,0.300320900059805,0.19567096711600723,0,1000,100
2931,931,0.707755869001297,0.2922441309987061,0.30098953140114426,0.20494130177470035,0,1000,100
2932,932,0.6562893881348467,0.3437106118651539,0.3058684571620428,0.2079126303711852,0,1000,100
2933,933,0.6297418675137384,0.3702581324862636,0.3062737493540485,0.20881809291310005,0,1000,100
2934,934,0.7099613194593243,0.2900386805406781,0.30160383071445235,0.20039722385866254,0,1000,100
2935,935,0.6657407187688974,0.33425928123110327,0.3068524373454277,0.20692271445963725,0,1000,100
2936,936,0.704964456672558,0.29503554332743803,0.29927702874846074,0.2006549155606677,0,1000,100
2937,937,0.5591741825945362,0.4408258174054638,0.3084016647828573,0.21300873831961706,0,1000,100
2938,938,0.6825312590371402,0.3174687409628605,0.30017585590667845,0.19973807482003977,0,1000,100
2939,939,0.748022314602484,0.25197768539751286,0.29512406940130703,0.1963690174924426,0,1000,100
2940,940,0.6467760209444167,0.3532239790555854,0.30188452311925784,0.20451139683485783,0,1000,100
2941,941,0.6401238873497946,0.3598761126502055,0.30528642911553455,0.20854083280701957,0,1000,100
2942,942,0.622760562435581,0.37723943756442097,0.3049258209843366,0.2105936344714678,0,1000,100
2943,943,0.7136700757966941,0.28632992420330283,0.2964874546481824,0.19839273148456613,0,1000,100
2944,944,0.601744883668245,0.3982551163317546,0.30675602089751913,0.21489023086196232,0,1000,100
2945,945,0.6266820712096738,0.37331792879032444,0.30854632441414903,0.2091234959032915,0,1000,100
2946,946,0.6519453509541493,0.34805464904584815,0.30655622948180256,0.20830663110537612,0,1000,100
2947,947,0.6418625012591231,0.35813749874087863,0.30290764444998497,0.2042091150464503,0,1000,100
2948,948,0.6642402180800099,0.3357597819199897,0.3041112568723184,0.20385726969186538,0,1000,100
2949,949,0.6614546815612462,0.33854531843875635,0.3039238851533105,0.20055844706458129,0,1000,100
2950,950,0.639225204360775,0.360774795639224,0.3043080368953379,0.20436192832239897,0,1000,100
2951,951,0.7287596519335873,0.2712403480664097,0.29871976505846753,0.19493813648020172,0,1000,100
2952,952,0.6813759008003955,0.3186240991996049,0.30133468757304627,0.2072592938776423,0,1000,100
2953,953,0.6310142636474955,0.36898573635250537,0.3020267637967191,0.2069641086831104,0,1000,100
2954,954,0.663424200417027,0.33657579958297323,0.30457411566404347,0.20378221171231467,0,1000,100
2955,955,0.6812986192022662,0.3187013807977344,0.30246120114142094,0.21074148198534792,0,1000,100
2956,956,0.6376331353602395,0.3623668646397593,0.3006085497398217,0.21260781663878836,0,1000,100
2957,957,0.7128759559870222,0.28712404401297437,0.2957040241181363,0.20109674658582088,0,1000,100
2958,958,0.6125911616225512,0.38740883837744855,0.30512822787997257,0.21546009324096038,0,1000,100
2959,959,0.6391518214322492,0.3608481785677519,0.30415615975802296,0.2018800171860754,0,1000,100
2960,960,0.7976545003460456,0.20234549965395476,0.2916513680613182,0.18534127913862788,0,1000,100
2961,961,0.687146956796451,0.3128530432035505,0.2994096922000484,0.2019208140745934,0,1000,100
2962,962,0.6724636412273101,0.32753635877268905,0.3078397307999758,0.2086759893403086,0,1000,100
2963,963,0.7270823028341852,0.272917697165817,0.29732018624105233,0.19567713953089982,0,1000,100
2964,964,0.6889529889107759,0.31104701108922644,0.30209664699658123,0.19852179866814115,0,1000,100
2965,965,0.6318300580235882,0.3681699419764132,0.30659229287390805,0.21116817246551603,0,1000,100
2966,966,0.6612156221546177,0.33878437784538346,0.3035572408133107,0.20326560095258078,0,1000,100
2967,967,0.7574691850478691,0.2425308149521306,0.2957417986977359,0.188572741838442,0,1000,100
2968,968,0.6886569161202817,0.3113430838797185,0.30207288072982585,0.2055784272303151,0,1000,100
2969,969,0.6285710099428278,0.37142899005717134,0.3023306012156965,0.20502909222434557,0,1000,100
2970,970,0.681222265417884,0.3187777345821142,0.3019106291101793,0.1992352363225188,0,1000,100
2971,971,0.7345020321966808,0.2654979678033207,0.2976660011373497,0.20129614433941115,0,1000,100
2972,972,0.689338879136051,0.31066112086394976,0.29960591409268666,0.1974498605626249,0,1000,100
2973,973,0.7515601330400745,0.24843986695992062,0.2922427391995853,0.19313328667537585,0,1000,100
2974,974,0.674664164454347,0.3253358355456519,0.3027396572117669,0.20561031036693467,0,1000,100
2975,975,0.6513118486052102,0.3486881513947913,0.3004406266317705,0.19590416192551668,0,1000,100
2976,976,0.5806020273419144,0.41939797265808304,0.30773446416130434,0.21096607993644564,0,1000,100
2977,977,0.6609832697876938,0.3390167302123066,0.30082710343180724,0.20830334092556213,0,1000,100
2978,978,0.6528846518683086,0.3471153481316907,0.29937718364573146,0.20287559180882112,0,1000,100
2979,979,0.742261841439323,0.2577381585606809,0.29376165020332795,0.1901617395325861,0,1000,100
2980,980,0.634471095513147,0.36552890448685166,0.30353607757562956,0.20511410017787807,0,1000,100
2981,981,0.651809414533309,0.3481905854666889,0.30152710451840614,0.20474934565614056,0,1000,100
2982,982,0.7086822723880144,0.29131772761198105,0.29701357931717004,0.20459359671648633,0,1000,100
2983,983,0.7339011754066873,0.2660988245933179,0.29834143836651933,0.19623110996485932,0,1000,100
2984,984,0.6504246505107962,0.3495753494892042,0.30335661601010183,0.2097384130735346,0,1000,100
2985,985,0.6677962148875609,0.3322037851124397,0.30452507473945956,0.20541399830089516,0,1000,100
2986,986,0.6875676989034581,0.3124323010965426,0.30558100128865745,0.20786062736604122,0,1000,100
2987,987,0.7151154203996334,0.2848845796003701,0.2993929942535648,0.19853462454513465,0,1000,100
2988,988,0.6708193855164276,0.32918061448357155,0.30445323461830087,0.20234140561210523,0,1000,100
2989,989,0.6909124195186983,0.3090875804813049,0.3016973988951018,0.2093695258350977,0,1000,100
2990,990,0.5798291129797889,0.4201708870202127,0.31256275859271226,0.2165000378293612,0,1000,100
2991,991,0.6646985428903677,0.33530145710963266,0.3001482363773836,0.2036433280590056,0,1000,100
2992,992,0.6145275812869171,0.38547241871308274,0.30683331985388884,0.2076217602264427,0,1000,100
2993,993,0.7250986320207858,0.27490136797920933,0.297349369257003,0.19255043912151645,0,1000,100
2994,994,0.6963249323430087,0.30367506765699115,0.3007418731167542,0.1991139279750299,0,1000,100
2995,995,0.6452810218842877,0.35471897811571185,0.30431979391146863,0.20023798214151878,0,1000,100
2996,996,0.7405396170138514,0.2594603829861487,0.294366086561675,0.19513673113807842,0,1000,100
2997,997,0.6733601681394138,0.3266398318605847,0.3022998558602416,0.2051902789921633,0,1000,100
2998,998,0.6763578663214439,0.32364213367855393,0.30068929360643665,0.20428870060631707,0,1000,100
2999,999,0.5915342557170638,0.40846574428293664,0.30785048489903516,0.21462238576948495,0,1000,100
3000,0,0.008966580556221565,0.9910334194437777,0.45819325079113554,0.30341214272595224,1,100,100
3001,1,3.051894042448167e-16,1.0,0.3556535583299811,0.2903,1,100,100
3002,2,4.9460328113340614e-17,1.0,0.3867941191404117,0.3049,1,100,100
3003,3,0.1509337510903731,0.8490662489096266,0.36876179553326527,0.30296976151353694,1,100,100
3004,4,5.1936109169607427e-17,1.0,0.31813904427514106,0.2915,1,100,100
3005,5,0.0086418402566164,0.9913581597433838,0.41993043665662433,0.3026867992141173,1,100,100
3006,6,5.4207281011629346e-17,1.0,0.345613020379503,0.3007,1,100,100
3007,7,0.9573171557573885,0.0426828442426117,0.31097086658737766,0.2319961251615836,1,100,100
3008,8,0.8428539513799612,0.15714604862003867,0.3054155885279801,0.2874985708701711,1,100,100
3009,9,3.567297659833085e-16,0.9999999999999999,0.346732735005316,0.2944,1,100,100
3010,10,0.8586698244094833,0.14133017559051678,0.31490774376226716,0.26815379518293414,1,100,100
3011,11,0.009617698966813675,0.9903823010331868,0.4575668115741869,0.30149898664139096,1,100,100
3012,12,5.256353588428701e-17,1.0,0.3531001899920381,0.3003,1,100,100
3013,13,0.08148603522743102,0.9185139647725691,0.3481973362092183,0.2910426948835233,1,100,100
3014,14,7.750661990004507e-15,0.9999999999999933,0.35491020619599456,0.30009999999999953,1,100,100
3015,15,0.7672451959334168,0.23275480406658278,0.32071530977750123,0.25448548548097905,1,100,100
3016,16,5.602678201480122e-17,1.0,0.3563074205134212,0.3015,1,100,100
3017,17,0.05363160866702655,0.9463683913329737,0.3822677794225443,0.2975568146896384,1,100,100
3018,18,1.4369571429673844e-15,0.9999999999999993,0.3528553983808927,0.2995,1,100,100
3019,19,0.9932093752366488,0.006790624763350209,0.30253495759901944,0.19430373814095872,1,100,100
3020,20,0.009255867882281407,0.9907441321177178,0.43638862082285745,0.2988267454559652,1,100,100
3021,21,0.38636225744701946,0.6136377425529804,0.33659241932165956,0.29113820849424893,1,100,100
3022,22,5.364225750681191e-17,1.0,0.3393585194469926,0.3017,1,100,100
3023,23,4.591687436637133e-17,1.0,0.34771095012823283,0.3007,1,100,100
3024,24,0.2872478342134729,0.7127521657865266,0.321708810831306,0.2915316863499361,1,100,100
3025,25,5.720057643062614e-17,1.0,0.33964415096423495,0.2983,1,100,100
3026,26,5.210883746657731e-17,1.0,0.37341660924050013,0.2987,1,100,100
3027,27,5.657134894878731e-16,0.9999999999999997,0.36930567168622375,0.30389999999999995,1,100,100
3028,28,1.0468882815591156e-13,0.9999999999998956,0.34226139458400723,0.3060999999999962,1,100,100
3029,29,1.5050063705457014e-07,0.999999849499363,0.3882978082104186,0.3022999870572732,1,100,100
3030,30,0.9785314880383528,0.021468511961646498,0.3023667245452982,0.25267885855794125,1,100,100
3031,31,0.8911276745615592,0.10887232543844098,0.30624857124281946,0.2644696230619867,1,100,100
3032,32,0.9977385407383137,0.002261459261686249,0.2924979210567105,0.2049787425936032,1,100,100
3033,33,0.5814154373756149,0.4185845626243849,0.3174691659224572,0.27836317066112215,1,100,100
3034,34,5.2954805872314877e-17,1.0,0.3375106280447235,0.2933,1,100,100
3035,35,2.37532064431771e-15,0.9999999999999984,0.3387763530810719,0.2961999999999999,1,100,100
3036,36,1.8717740131107354e-15,0.9999999999999986,0.3603947632066207,0.2985999999999998,1,100,100
3037,37,6.119992425793754e-17,1.0,0.33589638542796474,0.3073,1,100,100
3038,38,5.183361570154908e-17,1.0,0.33634805860659067,0.2943,1,100,100
3039,39,0.3977172571405334,0.6022827428594665,0.3041128316069525,0.2964539178133211,1,100,100
3040,40,0.9827414319340468,0.017258568065953217,0.3019596097177579,0.21159233754327228,1,100,100
3041,41,5.455112615456902e-17,1.0,0.3629288323902202,0.3046,1,100,100
3042,42,0.9934386311013443,0.006561368898655684,0.2918193979698523,0.18217795256968342,1,100,100
3043,43,0.0037652580613715676,0.9962347419386285,0.3240583914085894,0.30010982747659676,1,100,100
3044,44,1.9141460968864643e-16,1.0,0.36018944059366714,0.2898,1,100,100
3045,45,5.801859193437096e-17,1.0,0.3681420903057676,0.3026,1,100,100
3046,46,0.6581196361712016,0.3418803638287989,0.31920258815392755,0.2759050205833602,1,100,100
3047,47,0.5061715854276233,0.4938284145723767,0.3238855787576158,0.2676199246605823,1,100,100
3048,48,0.3431385352166971,0.6568614647833034,0.3260804607177756,0.28424445390187675,1,100,100
3049,49,5.3639238098113e-17,1.0,0.33083463175271927,0.2884,1,100,100
3050,50,0.6108122153745301,0.3891877846254698,0.31496842022735605,0.2741952488837929,1,100,100
3051,51,1.4828524188252752e-16,1.0,0.34478585252435506,0.3009,1,100,100
3052,52,0.9059422914261102,0.09405770857388987,0.2991816163582543,0.23346008803292698,1,100,100
3053,53,1.518673535662976e-15,0.9999999999999993,0.3513800314079262,0.30389999999999995,1,100,100
3054,54,0.01571786766289698,0.9842821323371028,0.4217385909235435,0.29734479477403675,1,100,100
3055,55,5.396960104786713e-17,1.0,0.35143578156533967,0.3033,1,100,100
3056,56,1.4419280310568035e-15,0.9999999999999991,0.3512778461685804,0.2965,1,100,100
3057,57,8.3792563425577e-14,0.9999999999999162,0.38250099058948256,0.299299999999993,1,100,100
3058,58,5.494279278450352e-17,1.0,0.35649550514887796,0.2955,1,100,100
3059,59,5.53321748189174e-17,1.0,0.34036833644821773,0.3002,1,100,100
3060,60,0.2148062703778036,0.7851937296221959,0.33861334484388755,0.29032800657185376,1,100,100
3061,61,6.16637809601706e-17,1.0,0.35845782777786506,0.3003,1,100,100
3062,62,0.38389043912072224,0.6161095608792784,0.3266852041152022,0.2845089326122612,1,100,100
3063,63,0.49262154539522923,0.5073784546047709,0.3246336639392171,0.281798451403149,1,100,100
3064,64,0.9650883591959888,0.03491164080401035,0.3098649661812231,0.22780161667248328,1,100,100
3065,65,5.056821712011081e-17,1.0,0.3750930641468262,0.2965,1,100,100
3066,66,0.09714867312526505,0.9028513268747344,0.36504051031604584,0.2926692257301048,1,100,100
3067,67,7.393753042046641e-17,1.0,0.33921868348914697,0.303,1,100,100
3068,68,0.5917586268810522,0.40824137311894804,0.31836210691796757,0.2741184116257101,1,100,100
3069,69,0.009417635047980513,0.9905823649520192,0.45762825897781234,0.30354893717885706,1,100,100
3070,70,5.72869168541834e-17,1.0,0.3857427258669636,0.3069,1,100,100
3071,71,0.052775685405591695,0.947224314594408,0.329315320525258,0.29657194596509534,1,100,100
3072,72,6.9314402420782e-15,0.9999999999999943,0.3474033230895795,0.2952999999999997,1,100,100
3073,73,9.660300522098985e-17,1.0,0.37984817231623325,0.296,1,100,100
3074,74,5.346312253233112e-17,1.0,0.3666200084809736,0.3026,1,100,100
3075,75,0.917525030989266,0.08247496901073374,0.30037115417127236,0.24252143044901975,1,100,100
3076,76,5.159660287416281e-17,1.0,0.33359467335817844,0.2999,1,100,100
3077,77,5.788744872511931e-17,1.0,0.38062774151935463,0.3015,1,100,100
3078,78,0.04168781541199907,0.958312184588001,0.41277964321883764,0.3020853987702568,1,100,100
3079,79,0.10053495635352384,0.8994650436464764,0.35629804999189246,0.29415216629497976,1,100,100
3080,80,6.745760416770087e-17,1.0,0.3770253914990422,0.2966,1,100,100
3081,81,5.011002668298194e-17,1.0,0.3778610807645155,0.3022,1,100,100
3082,82,4.4143593868860644e-17,1.0,0.34514034545664923,0.3018,1,100,100
3083,83,5.3372231015940487e-17,1.0,0.37276523605170037,0.3099,1,100,100
3084,84,0.9870005316649059,0.012999468335094189,0.3004584888445613,0.17287720614825988,1,100,100
3085,85,0.5975806517875433,0.40241934821245684,0.31279392054581934,0.2732980051122797,1,100,100
3086,86,0.03248338955670136,0.9675166104432988,0.3666080052121397,0.2890816822503329,1,100,100
3087,87,0.6872113358489723,0.3127886641510273,0.3058574030856569,0.26794873041096023,1,100,100
3088,88,4.888169724528756e-17,1.0,0.3554416935070251,0.2991,1,100,100
3089,89,5.430632057645319e-17,1.0,0.33455916002658204,0.2884,1,100,100
3090,90,0.009243427184405604,0.9907565728155945,0.46165389898896586,0.2998039517983436,1,100,100
3091,91,0.8902445147351515,0.10975548526484874,0.3065476014154731,0.23686906647010025,1,100,100
3092,92,1.3804673933766848e-16,1.0,0.40200598493760276,0.2963,1,100,100
3093,93,0.14247680958565,0.8575231904143499,0.30465035179706756,0.2949125955586238,1,100,100
3094,94,0.0017746998015878029,0.9982253001984123,0.34356317485677124,0.3030280623438661,1,100,100
3095,95,5.571315809397941e-17,1.0,0.37587884404315736,0.3082,1,100,100
3096,96,0.9858951591108568,0.014104840889143384,0.3041043326293404,0.204540456625515,1,100,100
3097,97,5.459718514707153e-17,1.0,0.3942301652180672,0.301,1,100,100
3098,98,0.9767181270279215,0.02328187297207886,0.29540880832979904,0.18765079707323676,1,100,100
3099,99,0.017721011160629702,0.9822789888393707,0.3177231936488154,0.29693155106980956,1,100,100
3100,100,0.912368209511178,0.08763179048882225,0.3101075035885494,0.2232953598891726,1,100,100
3101,101,5.327177855061444e-17,1.0,0.35099412686397213,0.2983,1,100,100
3102,102,0.4653138804939484,0.5346861195060516,0.339082037985764,0.2822598447823362,1,100,100
3103,103,0.9744605001666864,0.025539499833313616,0.29970728037617966,0.22111214776667604,1,100,100
3104,104,0.5711073155108417,0.4288926844891586,0.31456743634450773,0.2789701018674875,1,100,100
3105,105,4.9440080162549356e-17,1.0,0.35831607446948704,0.2985,1,100,100
3106,106,5.01806771353625e-17,1.0,0.39324213994106877,0.3008,1,100,100
3107,107,5.3050723648574224e-17,1.0,0.3375249056968832,0.2974,1,100,100
3108,108,0.9737304652823507,0.02626953471764919,0.31231878077671005,0.22404996286147819,1,100,100
3109,109,5.498931045282303e-17,1.0,0.39193998856370227,0.3013,1,100,100
3110,110,5.342459131179847e-17,1.0,0.3249750326300203,0.3015,1,100,100
3111,111,5.247903839147865e-17,1.0,0.33252594856352136,0.2942,1,100,100
3112,112,7.22492828968274e-16,1.0,0.3190661197049186,0.29860000000000003,1,100,100
3113,113,0.008565704257043439,0.9914342957429565,0.40422721511003007,0.29920037111529046,1,100,100
3114,114,0.32256192903783726,0.6774380709621626,0.33684831577200514,0.2848165252912279,1,100,100
3115,115,7.026878488444132e-14,0.9999999999999298,0.41966808761627056,0.30189999999999173,1,100,100
3116,116,7.709012322812326e-17,1.0,0.3479847038355006,0.3066,1,100,100
3117,117,5.729850290629593e-17,1.0,0.36793016018971564,0.2985,1,100,100
3118,118,0.0677846582269602,0.9322153417730403,0.3107447118630843,0.30629862341403435,1,100,100
3119,119,0.3625195538376607,0.6374804461623395,0.31516583677115256,0.28321844623744163,1,100,100
3120,120,0.8804614122705016,0.11953858772949841,0.3051171128085528,0.25227130854953156,1,100,100
3121,121,6.137198569067569e-17,1.0,0.3750532807209261,0.3015,1,100,100
3122,122,0.9085039919842672,0.09149600801573253,0.3058490426694436,0.2889188759546593,1,100,100
3123,123,0.08844931331296932,0.9115506866870301,0.3718503739825605,0.2980745818464397,1,100,100
3124,124,0.006356995847660007,0.9936430041523403,0.43545803839556313,0.29832826661016965,1,100,100
3125,125,1.6782654242913845e-14,0.9999999999999833,0.37242226849801985,0.30329999999999885,1,100,100
3126,126,0.06390402015305374,0.9360959798469463,0.3512756375413142,0.2946835372846975,1,100,100
3127,127,4.876086912431684e-17,1.0,0.3683018360038773,0.2965,1,100,100
3128,128,0.9542259997028728,0.04577400029712687,0.3072703839696342,0.2183468915238658,1,100,100
3129,129,0.007979296673935926,0.9920207033260638,0.40229205855843575,0.3015965204275116,1,100,100
3130,130,5.242280281497639e-17,1.0,0.3375454893723329,0.3012,1,100,100
3131,131,0.9834784693509327,0.016521530649067438,0.30546668817344275,0.1743233807241963,1,100,100
3132,132,0.991784677605405,0.008215322394595,0.29740429383421896,0.23601974798233838,1,100,100
3133,133,0.9941926721456589,0.005807327854341179,0.2967478566840473,0.21962862124902624,1,100,100
3134,134,7.902005196111621e-17,1.0,0.3778965001563755,0.3044,1,100,100
3135,135,1.0479561458252672e-16,1.0,0.3520585902543142,0.302,1,100,100
3136,136,0.9651771025184023,0.034822897481597274,0.30282157843185203,0.2619984840123472,1,100,100
3137,137,0.2923428384691114,0.7076571615308882,0.341440831481786,0.280477933305982,1,100,100
3138,138,0.3628795062206548,0.6371204937793451,0.325210719013645,0.28626876179222543,1,100,100
3139,139,0.7311981970731746,0.26880180292682476,0.30520942079336144,0.277272774864667,1,100,100
3140,140,0.018168434150209415,0.9818315658497901,0.32310047525407554,0.30038733785889093,1,100,100
3141,141,0.5273935022385872,0.4726064977614127,0.31500776564006616,0.2790206056652741,1,100,100
3142,142,0.06437545774602095,0.9356245422539788,0.3899330073001455,0.28996448031514516,1,100,100
3143,143,0.010710853189568294,0.9892891468104313,0.439965872577449,0.29656404406771664,1,100,100
3144,144,5.963602098407449e-17,1.0,0.38763747350237443,0.2943,1,100,100
3145,145,0.15190866376334836,0.8480913362366516,0.3370831179983893,0.2927681764436719,1,100,100
3146,146,1.4707003936387212e-09,0.9999999985292992,0.3726453360879322,0.299299999892131,1,100,100
3147,147,0.04510528670112875,0.954894713298871,0.36692973366107984,0.3021794184692857,1,100,100
3148,148,5.406425418170007e-17,1.0,0.34046559042952984,0.2954,1,100,100
3149,149,5.351702489011563e-15,0.9999999999999954,0.3515599559516127,0.30149999999999966,1,100,100
3150,150,5.54469439521516e-17,1.0,0.3535103358904475,0.2979,1,100,100
3151,151,4.887619763640482e-17,1.0,0.3908544690787983,0.3044,1,100,100
3152,152,0.022326649285742347,0.9776733507142576,0.41399875040388456,0.29606697869337323,1,100,100
3153,153,0.2607633288401269,0.739236671159873,0.30634955287040017,0.29302560229453645,1,100,100
3154,154,0.08999895483320625,0.910001045166794,0.35095727625522943,0.3011141727817429,1,100,100
3155,155,0.9956874956152717,0.0043125043847281105,0.30893040108037667,0.1859389712617957,1,100,100
3156,156,0.939868349494035,0.06013165050596511,0.2991034458035419,0.23585146832514942,1,100,100
3157,157,0.9069061152127587,0.09309388478724155,0.31447856496045545,0.2556286740897912,1,100,100
3158,158,5.528451986228611e-17,1.0,0.3615153760345521,0.3104,1,100,100
3159,159,0.2423577617562519,0.7576422382437482,0.3246363151284403,0.2863117423119249,1,100,100
3160,160,0.824303324987399,0.17569667501260086,0.31366008831725056,0.2507101872080955,1,100,100
3161,161,0.03399179064068571,0.966008209359314,0.4136987043704946,0.30956014385327635,1,100,100
3162,162,0.9034102605074793,0.09658973949252112,0.2979691837269963,0.23824044072274564,1,100,100
3163,163,0.6980755037261234,0.30192449627387635,0.31130082947334187,0.2616167870770779,1,100,100
3164,164,0.3410875085074829,0.6589124914925172,0.3237147275855992,0.27952869687361387,1,100,100
3165,165,4.9077779180140275e-17,1.0,0.35409266157894564,0.3021,1,100,100
3166,166,5.3152929347383497e-17,1.0,0.35268271048338196,0.3025,1,100,100
3167,167,0.4294683855919926,0.5705316144080075,0.331925792624622,0.27509144408765707,1,100,100
3168,168,4.8573427859749125e-17,1.0,0.3528971357730958,0.2908,1,100,100
3169,169,5.2373883027218236e-17,1.0,0.3491205068055338,0.2991,1,100,100
3170,170,8.516511730040566e-17,1.0,0.3529317734271217,0.3035,1,100,100
3171,171,7.440398300004976e-16,0.9999999999999997,0.34402048952889397,0.3034,1,100,100
3172,172,1.1045727831934098e-14,0.9999999999999898,0.3925329099335671,0.30329999999999896,1,100,100
3173,173,0.12313703008484761,0.8768629699151523,0.34522287814660063,0.2925089653318386,1,100,100
3174,174,4.0316727819829855e-15,0.9999999999999968,0.3371095085483761,0.2975999999999998,1,100,100
3175,175,0.9801711036475933,0.01982889635240703,0.312857633401441,0.204045051849008,1,100,100
3176,176,5.236373645978035e-17,1.0,0.3583496221479164,0.3057,1,100,100
3177,177,0.9816889328312216,0.018311067168778162,0.3029568722408138,0.1906274147681816,1,100,100
3178,178,0.6339082301795963,0.36609176982040365,0.31133116584571685,0.27109216824972165,1,100,100
3179,179,0.8878560728463089,0.11214392715369033,0.3017006110921612,0.24195050903823426,1,100,100
3180,180,0.8045477737996517,0.19545222620034897,0.307914121382595,0.2612831795930009,1,100,100
3181,181,0.8779278704437539,0.12207212955624681,0.3027977775014571,0.24956877654048767,1,100,100
3182,182,5.32679374933318e-17,1.0,0.3783108900067912,0.2979,1,100,100
3183,183,6.538944430430044e-17,1.0,0.3292252038808638,0.3005,1,100,100
3184,184,5.161731286094259e-17,1.0,0.37968025510575437,0.2947,1,100,100
3185,185,5.903168371797228e-17,1.0,0.35641347160371084,0.3033,1,100,100
3186,186,5.5251905283168414e-17,1.0,0.3663848980876533,0.3021,1,100,100
3187,187,0.11586107156622838,0.8841389284337718,0.3587064956671486,0.2888006316909552,1,100,100
3188,188,2.4165874068182577e-06,0.9999975834125935,0.35530956502445904,0.29289984918146666,1,100,100
3189,189,4.854350374271438e-17,1.0,0.36036696228194637,0.296,1,100,100
3190,190,3.814655888821828e-16,1.0,0.35876282182455727,0.3057,1,100,100
3191,191,7.184116057527418e-16,0.9999999999999997,0.35835052949534124,0.30300000000000005,1,100,100
3192,192,1.773837949063675e-14,0.9999999999999829,0.37670647805803126,0.29579999999999856,1,100,100
3193,193,7.340218192023805e-13,0.9999999999992657,0.37944343204902453,0.3014999999999428,1,100,100
3194,194,5.15074635198565e-17,1.0,0.3626868500212906,0.2955,1,100,100
3195,195,0.009086718991696564,0.9909132810083032,0.40054427662888836,0.30866511992180873,1,100,100
3196,196,0.2722103519501603,0.7277896480498396,0.31880078355982333,0.2889833993500149,1,100,100
3197,197,0.00015927261671063144,0.9998407273832902,0.360403307328708,0.2970899159104761,1,100,100
3198,198,0.15319885793338314,0.8468011420666173,0.34645106751807975,0.2879354786076179,1,100,100
3199,199,0.9412259121815747,0.058774087818425205,0.29908430027081156,0.2363985078142159,1,100,100
3200,200,0.035263989763661754,0.9647360102363394,0.3956447060540718,0.2959856231195409,1,100,100
3201,201,5.698117270580041e-17,1.0,0.3518277449120834,0.3003,1,100,100
3202,202,2.8416260206149343e-14,0.999999999999972,0.38025837050682476,0.3077999999999979,1,100,100
3203,203,5.18999446614214e-17,1.0,0.38835572284736336,0.3043,1,100,100
3204,204,0.9124108820034936,0.08758911799650683,0.31753803679691045,0.21320958817302108,1,100,100
3205,205,0.004359865873868253,0.9956401341261312,0.36839484629267805,0.3022114492658862,1,100,100
3206,206,5.148119653472816e-17,1.0,0.3562394900080822,0.3026,1,100,100
3207,207,1.707673996852411e-09,0.9999999982923264,0.36118320788105623,0.2953999998876638,1,100,100
3208,208,9.882287203372216e-06,0.9999901177127967,0.403230886205085,0.301098990703276,1,100,100
3209,209,4.7805862796515977e-17,1.0,0.3734391922694828,0.3049,1,100,100
3210,210,6.434827578071427e-17,1.0,0.35314751546800666,0.2977,1,100,100
3211,211,2.758837221960845e-13,0.9999999999997244,0.40297368288605284,0.30549999999997307,1,100,100
3212,212,0.9355643690071667,0.06443563099283374,0.3118237832433428,0.23075399060138402,1,100,100
3213,213,5.5216434768338775e-17,1.0,0.384038574837615,0.293,1,100,100
3214,214,0.006845821399251158,0.9931541786007491,0.42889881400255103,0.3004204601357582,1,100,100
3215,215,5.013091283873769e-17,1.0,0.35678047391634155,0.3012,1,100,100
3216,216,5.922495361504733e-16,0.9999999999999997,0.3659754104526839,0.29949999999999993,1,100,100
3217,217,0.023624749266963663,0.9763752507330357,0.38554673069280454,0.2935260341160017,1,100,100
3218,218,4.8298431577900533e-17,1.0,0.3505772482595801,0.2997,1,100,100
3219,219,5.529449860257377e-17,1.0,0.40302129587185714,0.2964,1,100,100
3220,220,9.744397823501517e-17,1.0,0.3786149811162774,0.2998,1,100,100
3221,221,0.12981711235185758,0.8701828876481429,0.3341271363205077,0.29870109340690276,1,100,100
3222,222,5.61232815207606e-17,1.0,0.38257546926520614,0.2976,1,100,100
3223,223,1.0572659186868297e-16,1.0,0.3573900486060155,0.3113,1,100,100
3224,224,5.0445788761295e-17,1.0,0.3461830216739529,0.3027,1,100,100
3225,225,5.0605824890950294e-17,1.0,0.35331203178608256,0.3063,1,100,100
3226,226,0.3274759092644709,0.6725240907355294,0.32976069803958885,0.286698005656458,1,100,100
3227,227,0.5512404469896517,0.4487595530103483,0.3216386468556523,0.2843388350892691,1,100,100
3228,228,1.065064500264346e-16,1.0,0.3724667543468911,0.2992,1,100,100
3229,229,5.5329244174305414e-17,1.0,0.37106574012228943,0.2988,1,100,100
3230,230,1.2615533534207306e-13,0.9999999999998735,0.3692549078380405,0.30599999999999217,1,100,100
3231,231,0.09783739075492692,0.9021626092450731,0.3601328741129456,0.28272679077794505,1,100,100
3232,232,0.12579821052818965,0.8742017894718103,0.3655288254699438,0.29377328089728355,1,100,100
3233,233,5.372922399838326e-17,1.0,0.36310757186871745,0.2992,1,100,100
3234,234,5.3434323480751547e-17,1.0,0.3427695973796838,0.3062,1,100,100
3235,235,0.17269769056125622,0.8273023094387433,0.34756118413765275,0.2882585766410815,1,100,100
3236,236,4.50872586819916e-17,1.0,0.3491208718768445,0.2983,1,100,100
3237,237,5.386453300480034e-17,1.0,0.33236130594804586,0.2953,1,100,100
3238,238,0.8432109944982531,0.1567890055017472,0.31990392844595583,0.272043886079196,1,100,100
3239,239,2.199637940350102e-14,0.9999999999999784,0.3500640389348367,0.30659999999999904,1,100,100
3240,240,5.591440343500425e-17,1.0,0.3793260116435017,0.3034,1,100,100
3241,241,5.386336326441142e-17,1.0,0.32855850626068256,0.2948,1,100,100
3242,242,0.012571748451387123,0.9874282515486129,0.4581024611585895,0.30072144545960877,1,100,100
3243,243,6.567104413969858e-16,0.9999999999999999,0.3489868054454782,0.3017999999999999,1,100,100
3244,244,0.9735380795624258,0.026461920437574716,0.3039123918101344,0.1900736469147753,1,100,100
3245,245,5.698986257297792e-17,1.0,0.3942238539787937,0.307,1,100,100
3246,246,2.4581265093044873e-16,1.0,0.3583561467761331,0.30289999999999995,1,100,100
3247,247,5.192783862051336e-17,1.0,0.3508421200040594,0.3052,1,100,100
3248,248,1.7078026230548027e-14,0.9999999999999828,0.34941911192005115,0.30229999999999924,1,100,100
3249,249,0.9679880544927889,0.03201194550721151,0.3020804739682272,0.23396608936339905,1,100,100
3250,250,0.11976366573962446,0.8802363342603756,0.376238392627729,0.285764517001309,1,100,100
3251,251,0.8401406701952173,0.15985932980478243,0.30555721525937435,0.26516410672288926,1,100,100
3252,252,0.00965832555505954,0.99034167444494,0.4162173892095807,0.3027036473259145,1,100,100
3253,253,0.9353259922737012,0.0646740077262986,0.3079181315652686,0.24424291318856695,1,100,100
3254,254,0.007060038059814359,0.9929399619401857,0.4017782322075898,0.2937372263868852,1,100,100
3255,255,0.08057892129758647,0.9194210787024133,0.3447899077738734,0.2985761448331327,1,100,100
3256,256,0.9573031081164732,0.04269689188352674,0.3037962723957587,0.22659457807218647,1,100,100
3257,257,0.010278431171281452,0.9897215688287193,0.31338187909436044,0.30430672161851596,1,100,100
3258,258,0.016174695251675558,0.9838253047483246,0.3836760332429472,0.2982177381196529,1,100,100
3259,259,5.285699630955211e-17,1.0,0.3503793043751021,0.3003,1,100,100
3260,260,2.535373137559783e-14,0.9999999999999747,0.34087454131275746,0.2979999999999989,1,100,100
3261,261,4.780559275492018e-17,1.0,0.3409868036106427,0.2995,1,100,100
3262,262,0.12462796523792896,0.8753720347620709,0.31459316169760687,0.2943809993312185,1,100,100
3263,263,5.34153091640155e-13,0.9999999999994651,0.4025324855874374,0.3084999999999498,1,100,100
3264,264,0.49562581214988427,0.5043741878501159,0.3203425980585763,0.2788206515294652,1,100,100
3265,265,0.1503897159112623,0.8496102840887377,0.34515444829051783,0.2948320250675283,1,100,100
3266,266,0.1524030380604148,0.8475969619395848,0.3059496193134709,0.2920873476901939,1,100,100
3267,267,5.2059060949860876e-17,1.0,0.3570430682100471,0.2934,1,100,100
3268,268,0.9641893373885745,0.03581066261142571,0.3114042774207871,0.24426568669222512,1,100,100
3269,269,0.25592718363797556,0.7440728163620243,0.3466033480526613,0.28585210562228613,1,100,100
3270,270,5.1619138251460266e-17,1.0,0.36157410513692445,0.3014,1,100,100
3271,271,7.313219882979235e-06,0.999992686780117,0.4027060337574197,0.2985992386441161,1,100,100
3272,272,2.5837837048043196e-15,0.9999999999999983,0.3451970330454902,0.30429999999999996,1,100,100
3273,273,0.9771330245038189,0.022866975496181708,0.30247402089450676,0.20302838607995044,1,100,100
3274,274,0.8719671746999791,0.12803282530002116,0.3019008368871585,0.2604986661958767,1,100,100
3275,275,0.3382467961511035,0.6617532038488967,0.3370850226482546,0.2855778709638973,1,100,100
3276,276,0.5490059980907249,0.4509940019092753,0.3298535793903154,0.2820623021248335,1,100,100
3277,277,5.547768309778034e-17,1.0,0.38216393539714233,0.3006,1,100,100
3278,278,5.260126292603106e-17,1.0,0.34833484934216263,0.3082,1,100,100
3279,279,5.290639365636617e-17,1.0,0.3490304704657389,0.3029,1,100,100
3280,280,5.0954869079478406e-17,1.0,0.33718025125590395,0.2987,1,100,100
3281,281,0.0718665383975507,0.9281334616024498,0.370335573380133,0.29573900268803033,1,100,100
3282,282,0.37485168699069965,0.6251483130093003,0.320813965035142,0.27856164748829926,1,100,100
3283,283,0.011916871679002903,0.9880831283209968,0.43166858848705336,0.29922164679153823,1,100,100
3284,284,2.5314547834924304e-13,0.9999999999997469,0.3673105088666266,0.30529999999998436,1,100,100
3285,285,5.263514969797398e-17,1.0,0.36616062033515456,0.2989,1,100,100
3286,286,0.9875604435133128,0.012439556486687105,0.29742451704414263,0.24722039241871507,1,100,100
3287,287,5.572677655820905e-17,1.0,0.3266298166731286,0.293,1,100,100
3288,288,0.015462451850431132,0.9845375481495695,0.39155634156399,0.2949055416601816,1,100,100
3289,289,0.033446697719789295,0.9665533022802112,0.4122316878558364,0.2965301661787467,1,100,100
3290,290,0.011446947041633333,0.9885530529583668,0.4651107700838992,0.30122399678522593,1,100,100
3291,291,0.9812710760469714,0.018728923953028942,0.30555190943886396,0.2173509298734152,1,100,100
3292,292,0.7948140519320495,0.2051859480679511,0.316672810508562,0.2617333245705248,1,100,100
3293,293,0.9495720315307535,0.050427968469246576,0.30777110114545597,0.21117587247931008,1,100,100
3294,294,0.0012711380917281975,0.998728861908271,0.42127655495427835,0.29864411723713613,1,100,100
3295,295,0.08963229958572475,0.9103677004142746,0.3337457941459976,0.29590856186027104,1,100,100
3296,296,5.49025893058534e-17,1.0,0.34842724881209025,0.2949,1,100,100
3297,297,5.379567736289467e-17,1.0,0.35147244536063016,0.3033,1,100,100
3298,298,5.620568198939449e-17,1.0,0.38683722263396003,0.3014,1,100,100
3299,299,5.0813980876370754e-17,1.0,0.34964890214873695,0.3011,1,100,100
3300,300,2.617141090973086e-11,0.9999999999738286,0.41009290849754904,0.2974999999970533,1,100,100
3301,301,0.015856732997554333,0.9841432670024459,0.41948496407218594,0.3039682828287594,1,100,100
3302,302,8.621271037950347e-17,1.0,0.34261006273386574,0.2983,1,100,100
3303,303,6.533630306315304e-17,1.0,0.3841972479169279,0.3026,1,100,100
3304,304,0.07789721179442387,0.922102788205576,0.3479890174620685,0.29421082906881,1,100,100
3305,305,4.4640250760910183e-07,0.9999995535974925,0.3561118889290764,0.30239997602286733,1,100,100
3306,306,5.088455652882462e-17,1.0,0.375495289089115,0.3,1,100,100
3307,307,0.05260195778889308,0.9473980422111071,0.3806270542037224,0.2890846925567504,1,100,100
3308,308,6.435660845164073e-17,1.0,0.36265304924015646,0.2981,1,100,100
3309,309,0.08499077784190227,0.9150092221580973,0.3536962834034661,0.2928266418143863,1,100,100
3310,310,0.0034935472945814288,0.9965064527054187,0.4001563993474723,0.2948320443846662,1,100,100
3311,311,0.19864160585689117,0.8013583941431084,0.3142539687165149,0.2993368370013137,1,100,100
3312,312,3.53614369199792e-14,0.9999999999999654,0.33357287316408646,0.2975999999999987,1,100,100
3313,313,0.46175228303047855,0.5382477169695215,0.3319339446859093,0.28263704318616395,1,100,100
3314,314,0.9542099910200161,0.04579000897998364,0.3003347584504922,0.1925654314636981,1,100,100
3315,315,4.8554537558123214e-17,1.0,0.36392543633666874,0.2899,1,100,100
3316,316,0.7208748754213068,0.2791251245786935,0.31843722573231126,0.2638479953457233,1,100,100
3317,317,6.175270612270776e-06,0.9999938247293878,0.4241797476839388,0.2982992226536932,1,100,100
3318,318,5.187023149089248e-17,1.0,0.3986844602258036,0.3039,1,100,100
3319,319,1.1230929831957027e-16,1.0,0.35014360713957837,0.2981,1,100,100
3320,320,5.203598144168656e-17,1.0,0.36457158680485674,0.3087,1,100,100
3321,321,5.220118380068603e-17,1.0,0.36746807955229865,0.2932,1,100,100
3322,322,0.42676233350352255,0.5732376664964778,0.32390814186440503,0.2815031442776764,1,100,100
3323,323,0.9794342983653085,0.020565701634690927,0.31316041775440695,0.17407361171119004,1,100,100
3324,324,0.0018397661938206436,0.9981602338061798,0.3864939797848428,0.2930280445320481,1,100,100
3325,325,0.6475875029182601,0.35241249708173966,0.3186719272686159,0.26994514427762284,1,100,100
3326,326,0.7062299263952532,0.29377007360474655,0.31167017315287676,0.26173257068416905,1,100,100
3327,327,1.8005189127935047e-16,1.0,0.38679791728104357,0.2959,1,100,100
3328,328,0.1581663452577738,0.8418336547422267,0.33689935872822147,0.29164177308336187,1,100,100
3329,329,0.011905693563269239,0.9880943064367304,0.46104535691505555,0.3074715978856363,1,100,100
3330,330,5.4581184898056035e-17,1.0,0.354021726449087,0.3008,1,100,100
3331,331,0.002076208904348822,0.9979237910956513,0.39839027771822405,0.29678905463594385,1,100,100
3332,332,4.2233215964877337e-13,0.9999999999995773,0.3766618656301373,0.29909999999996734,1,100,100
3333,333,5.097909306686085e-17,1.0,0.3594603809958381,0.2995,1,100,100
3334,334,0.9902053901311261,0.009794609868874258,0.2986127286968493,0.16458710496875534,1,100,100
3335,335,0.8880591265925233,0.11194087340747733,0.30338685728100817,0.2990376212406928,1,100,100
3336,336,2.930457183355926e-15,0.9999999999999978,0.34904589579207984,0.3037999999999999,1,100,100
3337,337,0.014204885536319671,0.9857951144636802,0.42796748758777764,0.30180791775115945,1,100,100
3338,338,5.633877671533048e-17,1.0,0.3665500902248108,0.2995,1,100,100
3339,339,5.0590488128912274e-17,1.0,0.35874595504029627,0.3053,1,100,100
3340,340,0.22257128496775103,0.7774287150322488,0.34236970149776774,0.2888989450232744,1,100,100
3341,341,0.10707520926179769,0.8929247907382024,0.36534623075000644,0.30168327577368603,1,100,100
3342,342,0.11174943873428525,0.8882505612657142,0.33140927762154104,0.29300876417527083,1,100,100
3343,343,5.300721582794785e-17,1.0,0.3620737392750581,0.3009,1,100,100
3344,344,0.9841673614742112,0.015832638525788673,0.2970415101997777,0.19967869873491254,1,100,100
3345,345,0.6727491212862078,0.3272508787137922,0.323549539640097,0.2757283093301737,1,100,100
3346,346,5.494553114897816e-17,1.0,0.3526214949419742,0.2981,1,100,100
3347,347,0.01944281103399868,0.9805571889660013,0.40270088622060585,0.2988814584848763,1,100,100
3348,348,0.47993693375992896,0.5200630662400711,0.3128688010813189,0.27216450489977273,1,100,100
3349,349,0.1655480136757345,0.8344519863242654,0.3193927743430096,0.2978303901221185,1,100,100
3350,350,0.05873486177866413,0.9412651382213358,0.33431384014529686,0.3027458589902254,1,100,100
3351,351,0.022389499558816753,0.9776105004411835,0.373998408562314,0.29707778574946786,1,100,100
3352,352,0.9282539921844443,0.0717460078155561,0.3068285235176728,0.2562539531945273,1,100,100
3353,353,5.107350103746309e-17,1.0,0.3958443868488127,0.2991,1,100,100
3354,354,5.210385359077923e-17,1.0,0.35005519718901146,0.3022,1,100,100
3355,355,2.621439969445358e-07,0.9999997378560025,0.4043353890147482,0.29709997188887916,1,100,100
3356,356,3.876683685310506e-16,0.9999999999999999,0.3703010243186304,0.30369999999999997,1,100,100
3357,357,0.9819796563147218,0.018020343685278422,0.2972827136561143,0.23719986090792636,1,100,100
3358,358,4.6543395805981263e-17,1.0,0.3470475720862982,0.3046,1,100,100
3359,359,3.219870752799736e-16,0.9999999999999999,0.3585501251538278,0.3096,1,100,100
3360,360,2.412375132756233e-15,0.999999999999998,0.36650085508001456,0.30269999999999986,1,100,100
3361,361,0.054989995196024814,0.9450100048039752,0.382624427556046,0.28704403465345224,1,100,100
3362,362,5.076689239784136e-17,1.0,0.33514268395907065,0.3066,1,100,100
3363,363,0.04257419146338545,0.9574258085366141,0.38503698988361035,0.29987426588284816,1,100,100
3364,364,2.871640999008062e-06,0.999997128359001,0.36006483616362295,0.30379983842712566,1,100,100
3365,365,4.779451202609841e-17,1.0,0.34829752347261006,0.3091,1,100,100
3366,366,1.6217577580177038e-08,0.9999999837824227,0.39469497278024995,0.2932999983556191,1,100,100
3367,367,1.4358824933042665e-16,1.0,0.3300120907997751,0.2949,1,100,100
3368,368,0.9911733184564866,0.008826681543513442,0.30423090812444603,0.15344851976196386,1,100,100
3369,369,0.06202409607764659,0.9379759039223527,0.3722785593062148,0.2859452548283652,1,100,100
3370,370,3.984782947070199e-15,0.9999999999999968,0.33662297044217127,0.29979999999999984,1,100,100
3371,371,0.00041879192217830785,0.9995812080778225,0.43498421124361614,0.30194428395312356,1,100,100
3372,372,1.837201717461226e-15,0.9999999999999984,0.3974732468720849,0.3099999999999999,1,100,100
3373,373,0.37835222403061874,0.6216477759693813,0.34674418600283613,0.28811904904967,1,100,100
3374,374,0.00629269725275053,0.9937073027472495,0.3470458027594253,0.29607928312189463,1,100,100
3375,375,0.876185446807247,0.12381455319275363,0.3097378978376613,0.2504726689252105,1,100,100
3376,376,9.737581860478341e-05,0.9999026241813956,0.3654220431539379,0.2958932295748611,1,100,100
3377,377,0.003013141185789632,0.9969868588142107,0.31455051947744617,0.2920321489703883,1,100,100
3378,378,5.276744363622134e-17,1.0,0.34769322357536786,0.2928,1,100,100
3379,379,2.11990319812742e-13,0.9999999999997887,0.4022488367303516,0.29869999999997804,1,100,100
3380,380,4.543488483326766e-17,1.0,0.351183543959935,0.2992,1,100,100
3381,381,0.37871505257856264,0.621284947421437,0.3232273468307309,0.279564053613473,1,100,100
3382,382,0.3399173573552495,0.6600826426447501,0.3357512501183607,0.2871948299859647,1,100,100
3383,383,0.006539390529819953,0.9934606094701793,0.43693796975134225,0.3070506158680723,1,100,100
3384,384,0.011202528426202132,0.9887974715737977,0.4107686951570354,0.2952053988885264,1,100,100
3385,385,9.629427517721045e-12,0.9999999999903706,0.40258778315484045,0.30999999999910854,1,100,100
3386,386,0.011544734511546646,0.9884552654884531,0.47542963384875225,0.2950171861891921,1,100,100
3387,387,4.9627877283521905e-17,1.0,0.32544014415005906,0.2988,1,100,100
3388,388,0.006966302329844654,0.9930336976701557,0.4152350441163231,0.30573720494788803,1,100,100
3389,389,6.282848366399251e-17,1.0,0.3826989489732146,0.3042,1,100,100
3390,390,0.21326681833246336,0.7867331816675371,0.32771641334871016,0.29070715274145337,1,100,100
3391,391,1.1056057076080799e-15,0.9999999999999991,0.37452165278905636,0.29589999999999994,1,100,100
3392,392,0.09264585717037012,0.9073541428296303,0.3601565469324257,0.3035562136025223,1,100,100
3393,393,1.969366531080207e-14,0.9999999999999803,0.34634486627529654,0.3038999999999992,1,100,100
3394,394,0.04240029000182597,0.9575997099981735,0.37424484848273626,0.29869673821558274,1,100,100
3395,395,5.5068700475161936e-17,1.0,0.3863377766368447,0.294,1,100,100
3396,396,1.266919477373151e-16,1.0,0.3710866113298992,0.3007,1,100,100
3397,397,0.035002261422392766,0.9649977385776074,0.3841175563996666,0.29456547462272403,1,100,100
3398,398,0.00012211546684018227,0.9998778845331602,0.3973696640388479,0.29988809599280974,1,100,100
3399,399,6.365040430943343e-17,1.0,0.4049100200984213,0.2995,1,100,100
3400,400,0.2011469507419163,0.7988530492580839,0.3344219454921259,0.290706839785815,1,100,100
3401,401,0.880607120698167,0.11939287930183286,0.3088252766482646,0.25249631726985206,1,100,100
3402,402,5.0283690445972703e-17,1.0,0.35218593491672345,0.2983,1,100,100
3403,403,0.6058051638101776,0.3941948361898227,0.3088115762817572,0.2659100090130945,1,100,100
3404,404,4.721368986050305e-17,1.0,0.3495050831938246,0.3016,1,100,100
3405,405,5.4469076658864025e-17,1.0,0.35727641597619425,0.292,1,100,100
3406,406,0.011638141866703167,0.9883618581332968,0.4016958936209663,0.2900000681371003,1,100,100
3407,407,6.887258283367048e-09,0.9999999931127413,0.354466231559246,0.2982999996131686,1,100,100
3408,408,5.636028771065149e-17,1.0,0.3687844836664804,0.2943,1,100,100
3409,409,0.7341980742084323,0.26580192579156753,0.3132188077400642,0.26461566951376464,1,100,100
3410,410,0.03345723796816964,0.9665427620318305,0.411692976518625,0.29923755210456743,1,100,100
3411,411,0.11922350217184953,0.8807764978281503,0.3432441617011875,0.29119445123067467,1,100,100
3412,412,5.3703657754224747e-17,1.0,0.37899706833478675,0.3,1,100,100
3413,413,0.43447103313114277,0.5655289668688571,0.32282494689437985,0.2814036435364354,1,100,100
3414,414,9.61810516920422e-10,0.9999999990381896,0.3344180542376261,0.29649999996353005,1,100,100
3415,415,0.029820007465836688,0.9701799925341631,0.4339226720179249,0.3000066224006167,1,100,100
3416,416,0.7417041911588259,0.25829580884117426,0.3005843335746894,0.28864324328550894,1,100,100
3417,417,0.007109747938272563,0.9928902520617278,0.4154362801168304,0.30078485728288634,1,100,100
3418,418,1.9119469002796025e-14,0.9999999999999813,0.3379956590687245,0.29769999999999924,1,100,100
3419,419,3.1716729718864195e-16,1.0,0.3635368617112637,0.30579999999999996,1,100,100
3420,420,5.551132126044209e-17,1.0,0.3698142920774313,0.3015,1,100,100
3421,421,9.432627700491801e-17,1.0,0.3568497212099827,0.3034,1,100,100
3422,422,5.042193158382742e-17,1.0,0.33670495809821327,0.2883,1,100,100
3423,423,5.4486508656515236e-17,1.0,0.3324536468917588,0.291,1,100,100
3424,424,1.262613472322993e-12,0.9999999999987375,0.3937700602048959,0.3013999999998835,1,100,100
3425,425,6.169024375449794e-16,0.9999999999999997,0.3535456192043418,0.30999999999999994,1,100,100
3426,426,5.066429497288874e-17,1.0,0.35573353729561774,0.3027,1,100,100
3427,427,4.898824891269525e-17,1.0,0.35862113838186577,0.2974,1,100,100
3428,428,2.0055948305942056e-16,1.0,0.3948438796167417,0.29939999999999994,1,100,100
3429,429,0.1577374449243372,0.842262555075663,0.35761729993956093,0.283866781689369,1,100,100
3430,430,0.8091858228017184,0.19081417719828192,0.31202014459491184,0.243785463157263,1,100,100
3431,431,4.985003561991776e-17,1.0,0.3621466485907217,0.2959,1,100,100
3432,432,3.4674540880101382e-15,0.9999999999999978,0.3224088129679382,0.2976999999999999,1,100,100
3433,433,0.03916047463409524,0.9608395253659053,0.4039570414036615,0.293369332844111,1,100,100
3434,434,6.429925660269588e-17,1.0,0.35669166829114435,0.3009,1,100,100
3435,435,0.14912189384512525,0.850878106154875,0.3689310736186276,0.2853338190834633,1,100,100
3436,436,0.9999780729536478,2.192704635248429e-05,0.30030203788864107,0.20736254168882992,1,100,100
3437,437,7.662775616596323e-15,0.9999999999999926,0.3343039800578311,0.30669999999999986,1,100,100
3438,438,5.5244914918798573e-17,1.0,0.3615444424388785,0.3015,1,100,100
3439,439,4.898267152784085e-17,1.0,0.34338619817600136,0.2986,1,100,100
3440,440,0.22130758949898946,0.7786924105010109,0.32894787409182397,0.2906171112780194,1,100,100
3441,441,1.0240733115431341e-16,1.0,0.3464685475778009,0.2953,1,100,100
3442,442,6.162503716080311e-17,1.0,0.40386991547430884,0.2943,1,100,100
3443,443,0.009957753092755376,0.9900422469072444,0.4325873703521401,0.3056358480865296,1,100,100
3444,444,2.309598073572312e-14,0.9999999999999776,0.4214970273083392,0.30039999999999717,1,100,100
3445,445,1.549565546956176e-14,0.9999999999999852,0.3808472289786476,0.29519999999999874,1,100,100
3446,446,0.010736952888267554,0.9892630471117322,0.4804692889728261,0.29753585230885005,1,100,100
3447,447,3.1042138107522286e-16,1.0,0.3544237746634548,0.3017999999999999,1,100,100
3448,448,5.1067615492991986e-17,1.0,0.34617715314385566,0.2951,1,100,100
3449,449,0.4559170810633161,0.544082918936684,0.31562525985349543,0.27624659327935003,1,100,100
3450,450,6.092099117185493e-17,1.0,0.34767024604731556,0.2971,1,100,100
3451,451,0.010595345047709903,0.9894046549522906,0.4030321675170388,0.3067801769483964,1,100,100
3452,452,0.06285635774459886,0.9371436422554018,0.3619886765809782,0.3005373963456656,1,100,100
3453,453,5.676830930507452e-17,1.0,0.3832473718591604,0.3063,1,100,100
3454,454,5.064065845723706e-17,1.0,0.34509838608603166,0.3005,1,100,100
3455,455,0.00683227781635596,0.9931677221836438,0.32191778905759527,0.2984395904243099,1,100,100
3456,456,0.018453512627549448,0.9815464873724506,0.4049139705165494,0.2967031298859862,1,100,100
3457,457,5.792367719976908e-17,1.0,0.3506102632765367,0.3036,1,100,100
3458,458,0.3809513773000475,0.6190486226999526,0.333998780141553,0.282146988594783,1,100,100
3459,459,5.60684233353261e-17,1.0,0.3810583196307779,0.3033,1,100,100
3460,460,0.02918764717727668,0.9708123528227236,0.4069909580692026,0.29853440849702234,1,100,100
3461,461,0.013987826361390931,0.9860121736386089,0.3935853900757628,0.29897662907890954,1,100,100
3462,462,0.7296629838307521,0.2703370161692477,0.3119679786004398,0.2665876648931997,1,100,100
3463,463,5.584396706893482e-17,1.0,0.3374364565049775,0.2989,1,100,100
3464,464,0.05256971079152633,0.9474302892084739,0.35944934226526526,0.2961736132241876,1,100,100
3465,465,5.1084959257172213e-17,1.0,0.33912437048770805,0.3023,1,100,100
3466,466,4.260225903086696e-15,0.9999999999999964,0.3434123351039583,0.2976999999999998,1,100,100
3467,467,0.021382825513797242,0.9786171744862031,0.4150626464636502,0.29063948116657834,1,100,100
3468,468,4.981324430217286e-17,1.0,0.3414188183452358,0.2968,1,100,100
3469,469,0.9492753164077867,0.050724683592212896,0.30651970958349384,0.2055883834336392,1,100,100
3470,470,0.019590439441956133,0.980409560558044,0.3677089006039563,0.29099718375661365,1,100,100
3471,471,0.9300862214368745,0.06991377856312521,0.30637629390421006,0.22089537687990635,1,100,100
3472,472,0.00957159631017309,0.9904284036898271,0.46377369823049464,0.2941766858621992,1,100,100
3473,473,5.38765108329737e-07,0.9999994612348917,0.40635750709467133,0.2947999398966753,1,100,100
3474,474,5.674830320293397e-16,0.9999999999999996,0.39733166787923174,0.30049999999999993,1,100,100
3475,475,0.12603520323050815,0.8739647967694918,0.34722189979805734,0.2857527193497898,1,100,100
3476,476,4.558443916645625e-17,1.0,0.3517296151883465,0.2983,1,100,100
3477,477,5.2052174049740433e-17,1.0,0.3512654785373725,0.2992,1,100,100
3478,478,4.681176583439463e-17,1.0,0.3649757173201725,0.3024,1,100,100
3479,479,6.677948181738772e-16,0.9999999999999997,0.3558586888620278,0.2992,1,100,100
3480,480,2.641932796733581e-13,0.9999999999997352,0.34369904871559215,0.29729999999998774,1,100,100
3481,481,5.55855890364695e-17,1.0,0.34883869355577435,0.2924,1,100,100
3482,482,5.789396450528565e-17,1.0,0.3830966939765689,0.3006,1,100,100
3483,483,0.22288029877457682,0.7771197012254234,0.35132641329668224,0.28720963280828116,1,100,100
3484,484,0.30928532694038824,0.6907146730596117,0.33662511961705127,0.28606137603484844,1,100,100
3485,485,5.583355574445874e-17,1.0,0.39264789795492866,0.3076,1,100,100
3486,486,0.10038559440461427,0.8996144055953857,0.3896547415098081,0.29288579142591825,1,100,100
3487,487,0.8445182586895459,0.15548174131045422,0.30774815411181117,0.2546991334210675,1,100,100
3488,488,0.15317060991379644,0.8468293900862035,0.34635871504486276,0.2878360472855188,1,100,100
3489,489,5.342245494747486e-17,1.0,0.33690526168646473,0.2942,1,100,100
3490,490,5.198992876923123e-17,1.0,0.34721143402194077,0.2983,1,100,100
3491,491,3.262177763522624e-16,1.0,0.36837224219700315,0.3081,1,100,100
3492,492,6.513905931983526e-17,1.0,0.3597612481466067,0.2926,1,100,100
3493,493,5.339490937319363e-17,1.0,0.37647747637966666,0.2983,1,100,100
3494,494,5.300565495265245e-17,1.0,0.3584114159644031,0.2977,1,100,100
3495,495,5.3566613742629543e-17,1.0,0.3393524639414982,0.3004,1,100,100
3496,496,0.011535529763788195,0.9884644702362118,0.4129678597095444,0.29038595276392687,1,100,100
3497,497,5.3853044709700256e-17,1.0,0.3307302307265762,0.2887,1,100,100
3498,498,0.010261943303356785,0.9897380566966432,0.4949689328710892,0.30404070535421146,1,100,100
3499,499,0.07493637540170252,0.9250636245982978,0.3576046610652919,0.2936040242539578,1,100,100
3500,500,0.030368207467436927,0.9696317925325628,0.4255539529757873,0.2958614718254602,1,100,100
3501,501,0.013155958771519266,0.9868440412284804,0.45193129953345057,0.29827855077216586,1,100,100
3502,502,5.871278542057891e-17,1.0,0.4007537452281895,0.297,1,100,100
3503,503,0.8665960842869516,0.1334039157130486,0.31230102666298326,0.25532348876722133,1,100,100
3504,504,0.027023498139953174,0.9729765018600465,0.3971863342973299,0.29195631681839057,1,100,100
3505,505,0.9826087116290768,0.017391288370923214,0.3099323891341089,0.22756993825877464,1,100,100
3506,506,0.005780472696644,0.9942195273033556,0.4228981856978382,0.30300697211330707,1,100,100
3507,507,4.0805988086113553e-14,0.9999999999999593,0.3669128056331764,0.29599999999999715,1,100,100
3508,508,0.8614703049710557,0.13852969502894488,0.30637886305813194,0.24517275806843813,1,100,100
3509,509,4.707743524000442e-17,1.0,0.36545375908455685,0.2988,1,100,100
3510,510,0.5276397303899294,0.47236026961007044,0.3200083671824012,0.27722668446576826,1,100,100
3511,511,9.098523213470594e-17,1.0,0.34117258898721375,0.3002,1,100,100
3512,512,0.9956323899533711,0.0043676100466287565,0.3045159331061503,0.18638883369890039,1,100,100
3513,513,0.7595504572178392,0.24044954278216069,0.3061737446891276,0.26718949634884304,1,100,100
3514,514,0.18925894578677532,0.8107410542132238,0.33572725150000665,0.29067309849987993,1,100,100
3515,515,0.005372132533766985,0.9946278674662327,0.4364527733041716,0.29926299834665054,1,100,100
3516,516,0.8536683272263141,0.14633167277368536,0.31409538901116424,0.2806413259339555,1,100,100
3517,517,6.985660238922545e-16,0.9999999999999994,0.38291944985279025,0.2956999999999999,1,100,100
3518,518,1.0131426356203864e-16,1.0,0.36723538470632255,0.3043,1,100,100
3519,519,0.0013083735057964113,0.9986916264942033,0.4095247516881587,0.29094485320250135,1,100,100
3520,520,0.09299898217058936,0.9070010178294108,0.3063644923154433,0.2921809444885291,1,100,100
3521,521,5.769995699986266e-17,1.0,0.3524216548232251,0.308,1,100,100
3522,522,0.8672245045308702,0.13277549546913034,0.31440188150083914,0.2541356292638103,1,100,100
3523,523,0.008310712532668452,0.9916892874673318,0.39195202935419576,0.2947925353757254,1,100,100
3524,524,3.287705152797584e-15,0.9999999999999973,0.3596482748208718,0.3083999999999998,1,100,100
3525,525,0.10117783763769916,0.898822162362301,0.3450042129915733,0.29626908514776673,1,100,100
3526,526,5.581302393397754e-17,1.0,0.37091729035485194,0.3013,1,100,100
3527,527,5.15173669040814e-17,1.0,0.33025509618239196,0.2982,1,100,100
3528,528,0.01533214578931415,0.9846678542106857,0.3321785220046488,0.2979755957482152,1,100,100
3529,529,4.724092430424943e-17,1.0,0.36281976923648723,0.304,1,100,100
3530,530,0.002094652366254696,0.9979053476337448,0.39287606872775,0.3042142843836273,1,100,100
3531,531,5.259701268893204e-17,1.0,0.33240848669411877,0.2951,1,100,100
3532,532,0.08412999176486323,0.9158700082351369,0.3427833762464614,0.2985812778237037,1,100,100
3533,533,5.92698839758143e-17,1.0,0.3196035848576205,0.301,1,100,100
3534,534,0.4579750456599092,0.5420249543400906,0.3242521230507471,0.28744178269466786,1,100,100
3535,535,0.220616105205188,0.7793838947948122,0.30960594273501296,0.2950996861770821,1,100,100
3536,536,0.6457370853457247,0.35426291465427534,0.3162704665641711,0.2604631388808174,1,100,100
3537,537,0.035841684478684945,0.9641583155213149,0.33693743206439747,0.2962413851261081,1,100,100
3538,538,0.5659640843768038,0.4340359156231967,0.3023170615660258,0.2928315295677939,1,100,100
3539,539,0.04585720187850995,0.9541427981214906,0.3832438455547358,0.2946367254033443,1,100,100
3540,540,0.0004573721484030304,0.9995426278515965,0.35408850316435364,0.29847456373304115,1,100,100
3541,541,4.831853200959161e-16,0.9999999999999997,0.37637300089992326,0.30369999999999997,1,100,100
3542,542,7.164466519090946e-17,1.0,0.3577602543958465,0.2967,1,100,100
3543,543,0.013426494546293535,0.9865735054537065,0.4006972201627607,0.2933588215767774,1,100,100
3544,544,5.223093872219398e-17,1.0,0.3740668797329692,0.2983,1,100,100
3545,545,9.425675841790767e-16,0.9999999999999999,0.33455559119822326,0.30499999999999994,1,100,100
3546,546,5.769083669515617e-17,1.0,0.37466101715124284,0.2884,1,100,100
3547,547,5.364845816347819e-17,1.0,0.33223515734592457,0.2991,1,100,100
3548,548,0.007973159657701208,0.9920268403422995,0.3276229249173999,0.295241820282856,1,100,100
3549,549,6.91327349535393e-11,0.9999999999308674,0.3813456931064221,0.3031999999945975,1,100,100
3550,550,1.0261116991798253e-05,0.9999897388830079,0.3561211643273151,0.28559927636665716,1,100,100
3551,551,0.4201345154307813,0.5798654845692188,0.3266507976436829,0.2850018320018935,1,100,100
3552,552,5.245505158077795e-17,1.0,0.33874671552697017,0.2994,1,100,100
3553,553,5.517954444801328e-17,1.0,0.36714348075941927,0.3037,1,100,100
3554,554,0.0623966083447414,0.9376033916552591,0.31293311693425924,0.29871269382900495,1,100,100
3555,555,8.873767422563146e-17,1.0,0.3668089014699169,0.303,1,100,100
3556,556,5.140504283051158e-17,1.0,0.35262451970556563,0.2968,1,100,100
3557,557,5.103885847434468e-17,1.0,0.343972629671912,0.3049,1,100,100
3558,558,0.046415587996356165,0.9535844120036435,0.39187282312074784,0.2960524406034226,1,100,100
3559,559,0.9983177471208512,0.0016822528791492833,0.29654615077635793,0.20966814440209142,1,100,100
3560,560,0.009381002645158834,0.9906189973548412,0.40306563391976685,0.2976107272415062,1,100,100
3561,561,5.4421058491755664e-17,1.0,0.35072805316315747,0.2988,1,100,100
3562,562,0.00028649985218054863,0.999713500147819,0.3634828463676904,0.2891787118764518,1,100,100
3563,563,2.970238011699642e-16,0.9999999999999999,0.40740239709221093,0.3071,1,100,100
3564,564,0.0018991851238977576,0.9981008148761019,0.3434106716345669,0.2932046494695742,1,100,100
3565,565,0.9898929057171025,0.010107094282898021,0.2914082687632409,0.1223914657705786,1,100,100
3566,566,0.002947014791940308,0.9970529852080608,0.39988305666100865,0.291681127313697,1,100,100
3567,567,0.9973560645780196,0.002643935421980389,0.3050329380968093,0.1791077380932149,1,100,100
3568,568,5.614447431741319e-17,1.0,0.37261046294948835,0.2929,1,100,100
3569,569,5.4022849077133807e-17,1.0,0.3400723065226456,0.3039,1,100,100
3570,570,5.571758972561804e-17,1.0,0.3845391746868525,0.2922,1,100,100
3571,571,0.39294856044043697,0.6070514395595634,0.32158718312984574,0.29261569573397395,1,100,100
3572,572,0.010453244627741156,0.9895467553722583,0.49470074377330003,0.29582106203530534,1,100,100
3573,573,8.172396808483323e-13,0.9999999999991832,0.3810447388794441,0.29889999999993294,1,100,100
3574,574,0.007251228453349596,0.9927487715466503,0.4191059531584651,0.295201540799608,1,100,100
3575,575,6.045971133403155e-17,1.0,0.3952922572097506,0.3028,1,100,100
3576,576,4.9915326134313157e-17,1.0,0.357956814201998,0.3016,1,100,100
3577,577,5.3031151533775335e-17,1.0,0.37928551844929653,0.2966,1,100,100
3578,578,5.4197556816979916e-17,1.0,0.342010514540888,0.3044,1,100,100
3579,579,0.0996363745131209,0.9003636254868786,0.3577265117285166,0.293278648569742,1,100,100
3580,580,2.2190595232133879e-16,1.0,0.3386134662151203,0.29729999999999995,1,100,100
3581,581,0.997398920421106,0.0026010795788939415,0.2921169548662365,0.24715298406523212,1,100,100
3582,582,4.5974342166995396e-17,1.0,0.35256192578954326,0.296,1,100,100
3583,583,0.969070026245064,0.030929973754935967,0.2978353093547578,0.17706865806842328,1,100,100
3584,584,5.5262319750880517e-17,1.0,0.35472286333682523,0.297,1,100,100
3585,585,4.738547629330632e-17,1.0,0.3675026748048453,0.2989,1,100,100
3586,586,0.43204478682247244,0.5679552131775275,0.3132824877862823,0.2721128898254418,1,100,100
3587,587,0.4341704919451842,0.5658295080548157,0.30930191502503174,0.2903882407244066,1,100,100
3588,588,0.9868165336123238,0.013183466387676151,0.2958603556003358,0.16233283343201288,1,100,100
3589,589,0.014254868939922583,0.9857451310600773,0.38256059301613454,0.2968786146275575,1,100,100
3590,590,0.8957201387214017,0.10427986127859878,0.3000629077654886,0.25247071014806444,1,100,100
3591,591,0.16227180480454215,0.8377281951954575,0.35399327752735105,0.2959872586228382,1,100,100
3592,592,0.2702621149178295,0.7297378850821703,0.3417203556645567,0.2859190104185559,1,100,100
3593,593,3.749302741852681e-15,0.999999999999997,0.3465590095420397,0.2976999999999998,1,100,100
3594,594,5.477125813451598e-17,1.0,0.38544171992025006,0.2976,1,100,100
3595,595,0.9009593955256854,0.09904060447431434,0.2958528831916075,0.2256505330695352,1,100,100
3596,596,5.918269080813107e-17,1.0,0.3509219327008075,0.2967,1,100,100
3597,597,5.384707602953532e-11,0.9999999999461529,0.35353036596076637,0.3033999999973007,1,100,100
3598,598,0.14630114536271785,0.8536988546372821,0.3411303413569709,0.29189712389549427,1,100,100
3599,599,0.03385419365760414,0.966145806342396,0.4037543523123663,0.2922242379083104,1,100,100
3600,600,5.517971160451712e-17,1.0,0.34625586188471735,0.3007,1,100,100
3601,601,0.8042719598476218,0.1957280401523785,0.308970249099772,0.26314008039840203,1,100,100
3602,602,0.027558106918931367,0.9724418930810682,0.3828159083570294,0.30330893842172246,1,100,100
3603,603,0.08570410989277633,0.9142958901072232,0.3808789245848177,0.29416856588953766,1,100,100
3604,604,1.20371160577091e-16,1.0,0.3984723267913905,0.2981,1,100,100
3605,605,0.8756829353729829,0.12431706462701726,0.3050711804237498,0.26186568454219317,1,100,100
3606,606,5.993206155918063e-17,1.0,0.3951053121045854,0.3011,1,100,100
3607,607,0.14859212320567328,0.8514078767943267,0.33366562600877986,0.2882518741952994,1,100,100
3608,608,0.9375626436359881,0.06243735636401221,0.30411634272761556,0.21416470071906918,1,100,100
3609,609,5.6567247030574e-17,1.0,0.3522192277506557,0.2955,1,100,100
3610,610,2.6449709002958095e-14,0.9999999999999741,0.3568368175968824,0.3023999999999985,1,100,100
3611,611,0.03341445167128902,0.9665855483287119,0.3970865556916643,0.2937469642148678,1,100,100
3612,612,5.301367973390902e-17,1.0,0.32906964671684535,0.2965,1,100,100
3613,613,0.28917076972240435,0.7108292302775955,0.33203167593850746,0.27655889252031784,1,100,100
3614,614,2.1826576420080374e-15,0.9999999999999984,0.34690890124599527,0.29439999999999994,1,100,100
3615,615,0.006513981385779808,0.9934860186142194,0.35905312118518323,0.3020285429589021,1,100,100
3616,616,4.688484097585365e-17,1.0,0.36307436954900046,0.3096,1,100,100
3617,617,5.111069096792682e-17,1.0,0.33793639830744837,0.2942,1,100,100
3618,618,0.13073228830404182,0.869267711695958,0.3470808854333814,0.2978660292299743,1,100,100
3619,619,5.2190224774382163e-17,1.0,0.3715995672487851,0.3035,1,100,100
3620,620,5.576482235022984e-17,1.0,0.3474197274152989,0.3047,1,100,100
3621,621,4.8427006674674956e-17,1.0,0.3395674731186376,0.299,1,100,100
3622,622,5.2484531682026986e-17,1.0,0.34275602006972633,0.2982,1,100,100
3623,623,4.747322306529401e-15,0.9999999999999961,0.33808583783690643,0.2971999999999998,1,100,100
3624,624,0.4317152103559362,0.568284789644064,0.3152469999876428,0.2773311514900288,1,100,100
3625,625,0.9503869512340277,0.049613048765972466,0.3030666172297815,0.23924031933951026,1,100,100
3626,626,0.09895920362502869,0.9010407963749717,0.31031549064152325,0.30386129826208846,1,100,100
3627,627,5.199984537845323e-17,1.0,0.32486085283029126,0.2962,1,100,100
3628,628,0.2885652912939326,0.7114347087060672,0.30840213401321565,0.2932185424888968,1,100,100
3629,629,0.9055550969809805,0.09444490301901975,0.30836344402386595,0.2431037653451269,1,100,100
3630,630,0.0034640141974590036,0.9965359858025407,0.4384134904699557,0.2985153909972289,1,100,100
3631,631,0.0005417094707124478,0.9994582905292879,0.36959283802622894,0.3046648278819903,1,100,100
3632,632,7.132994084230935e-17,1.0,0.35715047224323593,0.3029,1,100,100
3633,633,5.436342104515357e-17,1.0,0.35355616169747844,0.2943,1,100,100
3634,634,0.9074230654454226,0.09257693455457745,0.2977272140865439,0.2239808309362257,1,100,100
3635,635,2.3087193201440354e-16,1.0,0.35320585624987805,0.2985,1,100,100
3636,636,0.4397710667449944,0.5602289332550057,0.32695444794786527,0.2852671187837452,1,100,100
3637,637,2.6203299431887633e-15,0.9999999999999983,0.3348472093163326,0.29849999999999993,1,100,100
3638,638,0.036441884757810135,0.9635581152421896,0.37767900494782786,0.2989302468319193,1,100,100
3639,639,0.009388465825471261,0.9906115341745284,0.4378708513728067,0.30313503741519193,1,100,100
3640,640,0.062252237261638595,0.9377477627383621,0.39783232861225587,0.2921191160072213,1,100,100
3641,641,0.012009622582326818,0.9879903774176729,0.47212205482192354,0.2997296320666564,1,100,100
3642,642,0.8329330907074441,0.16706690929255621,0.31101906436928034,0.23907744277482462,1,100,100
3643,643,6.85662585943873e-17,1.0,0.35922630369510183,0.3014,1,100,100
3644,644,0.17762205243970983,0.8223779475602901,0.3363223739327041,0.29434365352182723,1,100,100
3645,645,0.05195204499578285,0.948047955004217,0.3405901314860461,0.3009400997681054,1,100,100
3646,646,5.447322794576973e-17,1.0,0.36551384129879566,0.3003,1,100,100
3647,647,5.73085426789475e-17,1.0,0.3516161388056291,0.3009,1,100,100
3648,648,5.2380116914905494e-17,1.0,0.34795248494907327,0.3058,1,100,100
3649,649,0.006449393689070631,0.9935506063109288,0.4026649333059471,0.3001387683990851,1,100,100
3650,650,0.9796053527941659,0.020394647205834806,0.30356717380196563,0.1727890448621992,1,100,100
3651,651,7.928941376659036e-17,1.0,0.35934872116158584,0.294,1,100,100
3652,652,0.9379071624372668,0.0620928375627334,0.30854546379037195,0.24178311320229362,1,100,100
3653,653,0.9866568441549519,0.013343155845048077,0.3025638495239676,0.17786699794779692,1,100,100
3654,654,6.220761523873056e-17,1.0,0.4073284860570645,0.3049,1,100,100
3655,655,2.106325646423713e-15,0.9999999999999983,0.3950249795704048,0.2997999999999998,1,100,100
3656,656,5.1552875434237145e-17,1.0,0.36793680405482493,0.3091,1,100,100
3657,657,4.895213617314396e-17,1.0,0.3524558547231073,0.3057,1,100,100
3658,658,0.2705152673068587,0.7294847326931412,0.3261516773659603,0.2774163498496335,1,100,100
3659,659,0.011320885932080171,0.9886791140679194,0.3912766394558166,0.29804452992276925,1,100,100
3660,660,0.011570614104296065,0.9884293858957044,0.4543393004668456,0.2881774048267097,1,100,100
3661,661,0.01580980971118839,0.9841901902888123,0.41633875503888423,0.2929492351705264,1,100,100
3662,662,0.8112823459965515,0.18871765400344911,0.3054097176481545,0.2460103058265685,1,100,100
3663,663,0.27130332897120507,0.7286966710287944,0.3339378610396659,0.2917558911450192,1,100,100
3664,664,0.13705511184428498,0.8629448881557151,0.3112844903685853,0.29496306525569466,1,100,100
3665,665,0.10907148691060996,0.8909285130893901,0.3559467465109169,0.297191475193582,1,100,100
3666,666,0.013407271198366126,0.9865927288016345,0.4559141669082858,0.29757713243811323,1,100,100
3667,667,6.313601221726848e-17,1.0,0.3873050214455642,0.2968,1,100,100
3668,668,0.002838819367742043,0.9971611806322573,0.4273020935393384,0.3092649137679514,1,100,100
3669,669,0.887285215657167,0.1127147843428327,0.30711970758539386,0.26169791473680143,1,100,100
3670,670,0.2663361635532239,0.7336638364467758,0.3228988439375616,0.30381811071598186,1,100,100
3671,671,5.503649354488776e-17,1.0,0.38443672285387703,0.3109,1,100,100
3672,672,0.027279075372041675,0.972720924627959,0.4066818047731119,0.29752222766858544,1,100,100
3673,673,0.03511687439359543,0.9648831256064051,0.4126320566348933,0.3037773634108997,1,100,100
3674,674,0.007944979287430064,0.9920550207125699,0.3500556970395933,0.30070793303711946,1,100,100
3675,675,5.532545360979296e-17,1.0,0.3437424055627664,0.2967,1,100,100
3676,676,5.828476500977828e-17,1.0,0.3683993817537612,0.2978,1,100,100
3677,677,5.692569778177746e-17,1.0,0.33428001369502525,0.3038,1,100,100
3678,678,2.5834780343651427e-16,1.0,0.3300977592092046,0.3003,1,100,100
3679,679,1.6379855621692737e-14,0.9999999999999838,0.3605938602490605,0.2942999999999989,1,100,100
3680,680,0.21414481926792164,0.7858551807320788,0.3469411281335576,0.2884810845276094,1,100,100
3681,681,0.14252183259352477,0.8574781674064755,0.3485879026277685,0.29005824608902936,1,100,100
3682,682,0.0004962885950737677,0.9995037114049259,0.38356085435919557,0.30105905529805305,1,100,100
3683,683,0.9899741385904638,0.010025861409535337,0.2957637713534307,0.16971262204980928,1,100,100
3684,684,0.010859158847852666,0.9891408411521472,0.466165281624179,0.3028262757895919,1,100,100
3685,685,0.9939638782150294,0.006036121784970773,0.3034661393220926,0.1931073119453473,1,100,100
3686,686,0.024670466939676772,0.9753295330603236,0.4171185326634535,0.29396166250639627,1,100,100
3687,687,5.161571341973241e-17,1.0,0.36114634330786727,0.2961,1,100,100
3688,688,4.896329936924646e-17,1.0,0.3328104365701418,0.2878,1,100,100
3689,689,2.282811648578012e-16,1.0,0.3469340515237031,0.3034,1,100,100
3690,690,0.14311861583133123,0.8568813841686688,0.33617735843341073,0.2880057454236856,1,100,100
3691,691,0.817463690911305,0.1825363090886948,0.3064889627947459,0.23971341082046296,1,100,100
3692,692,0.6644534262783119,0.3355465737216883,0.3180577988552028,0.2675199594515197,1,100,100
3693,693,0.9694545726008487,0.030545427399151316,0.3021711230380381,0.2671045638427383,1,100,100
3694,694,4.5201699201956434e-14,0.9999999999999553,0.3840346659149273,0.30579999999999646,1,100,100
3695,695,0.7528783790392288,0.2471216209607721,0.31179901886438577,0.29197469574227675,1,100,100
3696,696,0.32088296233492275,0.6791170376650776,0.3304286752526438,0.28208844311016285,1,100,100
3697,697,0.00867409541460447,0.9913259045853962,0.4413840593456567,0.302192640350744,1,100,100
3698,698,0.1966284340888386,0.8033715659111615,0.35576230098550077,0.2994218691030684,1,100,100
3699,699,0.15279714847826895,0.8472028515217318,0.34892629975831074,0.2927103655546367,1,100,100
3700,700,0.00684464873960158,0.9931553512603978,0.4320479138901263,0.2984858143436809,1,100,100
3701,701,3.3537928052267426e-16,1.0,0.3289053461063495,0.2902,1,100,100
3702,702,0.9155566969266354,0.08444330307336498,0.30631063649215745,0.2386837639715984,1,100,100
3703,703,5.185595791119176e-17,1.0,0.33649729968268316,0.3046,1,100,100
3704,704,0.3129233741564548,0.6870766258435451,0.3342671158641347,0.28352006007348357,1,100,100
3705,705,9.084448055349944e-16,0.9999999999999993,0.38630620176408165,0.2940999999999999,1,100,100
3706,706,0.11542249259338279,0.8845775074066176,0.3496638054273732,0.2914848386364885,1,100,100
3707,707,5.558882945743887e-17,1.0,0.3638712709524355,0.3075,1,100,100
3708,708,5.702245178577875e-17,1.0,0.3398919946003018,0.2974,1,100,100
3709,709,0.011883421584405172,0.9881165784155957,0.3978167025371377,0.2958887471347167,1,100,100
3710,710,3.793787959602443e-15,0.9999999999999971,0.37413815228256647,0.3060999999999997,1,100,100
3711,711,1.88941912936014e-16,1.0,0.3721133096855654,0.3057,1,100,100
3712,712,0.008731859530078547,0.9912681404699218,0.32641592935240554,0.3010787593910075,1,100,100
3713,713,5.3374155233898956e-17,1.0,0.3587477396110113,0.3047,1,100,100
3714,714,0.8306928079634848,0.16930719203651512,0.29600908653015073,0.25756366403004294,1,100,100
3715,715,0.9388173211542638,0.0611826788457361,0.2977261380411397,0.23192094420039694,1,100,100
3716,716,5.626895203361263e-17,1.0,0.33996603524007896,0.2982,1,100,100
3717,717,0.5559544388596868,0.44404556114031324,0.31827559916590514,0.2667592657807444,1,100,100
3718,718,0.8118883926921383,0.18811160730786167,0.30500910368175727,0.2523323772236174,1,100,100
3719,719,4.9053227360150765e-17,1.0,0.33928584544331525,0.2987,1,100,100
3720,720,0.9759185617197454,0.02408143828025398,0.3057626797728079,0.2201083368385108,1,100,100
3721,721,3.603940626380386e-15,0.999999999999997,0.3804349884095694,0.2998999999999997,1,100,100
3722,722,6.764671667469091e-16,0.9999999999999994,0.39768606037667686,0.3041,1,100,100
3723,723,5.362121722259968e-17,1.0,0.3701935519011781,0.3013,1,100,100
3724,724,1.0977789499651674e-16,1.0,0.35353519704960573,0.3077,1,100,100
3725,725,0.0009846794280322954,0.9990153205719667,0.3623048407656267,0.290128929865337,1,100,100
3726,726,1.042750485978529e-09,0.999999998957249,0.35158396656102814,0.29349999993943293,1,100,100
3727,727,4.9713834278445726e-15,0.9999999999999959,0.35195145622159285,0.3001999999999998,1,100,100
3728,728,0.0014868880944728976,0.9985131119055274,0.33017795089442825,0.301256997779132,1,100,100
3729,729,0.9882703237863274,0.011729676213672909,0.30032454028818323,0.2556054637656968,1,100,100
3730,730,0.9629967731971426,0.037003226802856795,0.3044350269653599,0.2440341603796549,1,100,100
3731,731,4.596590496378693e-17,1.0,0.35941645397670924,0.3067,1,100,100
3732,732,4.513457668163835e-17,1.0,0.3624732669003537,0.3046,1,100,100
3733,733,0.02004654470804817,0.9799534552919522,0.4086756102283374,0.29461344776059367,1,100,100
3734,734,4.9769088704206357e-17,1.0,0.3707978718112473,0.2983,1,100,100
3735,735,0.3156904525494488,0.6843095474505507,0.32733330881505496,0.2819834975627175,1,100,100
3736,736,0.02968007322497955,0.9703199267750204,0.38790331259543853,0.2985479255700398,1,100,100
3737,737,0.03462463146062138,0.965375368539378,0.3331624673104603,0.2860694206137692,1,100,100
3738,738,5.446596017432132e-17,1.0,0.35700511774955396,0.2869,1,100,100
3739,739,0.006078147268430024,0.9939218527315704,0.40298063211913987,0.2988671831243856,1,100,100
3740,740,0.009204433040253545,0.9907955669597461,0.41073613330484865,0.2990721967731832,1,100,100
3741,741,5.399592570549387e-17,1.0,0.352511380047807,0.3047,1,100,100
3742,742,5.075667709508396e-17,1.0,0.3654458788034899,0.2981,1,100,100
3743,743,4.8866100682088957e-17,1.0,0.3696339512840011,0.3015,1,100,100
3744,744,4.5658734024849445e-14,0.9999999999999547,0.36839866896117174,0.2942999999999966,1,100,100
3745,745,4.6953230692481616e-17,1.0,0.33738164063077336,0.2947,1,100,100
3746,746,5.658203704275423e-17,1.0,0.38562647627808877,0.2972,1,100,100
3747,747,0.0345218336903975,0.9654781663096023,0.3825362358567214,0.288452041074845,1,100,100
3748,748,4.9767674844203224e-17,1.0,0.3641760233875151,0.2984,1,100,100
3749,749,1.329573009362387e-15,0.9999999999999991,0.3739012299004507,0.31079999999999997,1,100,100
3750,750,0.9131720915003347,0.08682790849966521,0.30692491973075364,0.2317771954160682,1,100,100
3751,751,5.678207384094923e-17,1.0,0.38222597943260533,0.297,1,100,100
3752,752,5.494870000707055e-17,1.0,0.3557485941704369,0.3025,1,100,100
3753,753,4.9119887630050406e-17,1.0,0.3540237866019661,0.3077,1,100,100
3754,754,5.582470855256218e-17,1.0,0.38773426499800034,0.3048,1,100,100
3755,755,0.5371061709780326,0.46289382902196735,0.3183846886349177,0.2829884754913198,1,100,100
3756,756,0.07648292580166795,0.9235170741983323,0.36195682481065605,0.29811737185648735,1,100,100
3757,757,6.469274568426802e-16,0.9999999999999997,0.36625032225438087,0.3017999999999999,1,100,100
3758,758,7.142343492133072e-16,0.9999999999999999,0.3618787741724266,0.30519999999999997,1,100,100
3759,759,0.6723629686203233,0.32763703137967687,0.31855072436685694,0.27566569300245525,1,100,100
3760,760,4.7177393449138044e-17,1.0,0.369415689982937,0.3014,1,100,100
3761,761,0.11824156062717467,0.881758439372825,0.34528659424356545,0.2904114809665305,1,100,100
3762,762,5.191996174998977e-17,1.0,0.3423663990445334,0.2932,1,100,100
3763,763,5.412124340546405e-17,1.0,0.3441807603994369,0.3057,1,100,100
3764,764,0.135492300424006,0.864507699575994,0.3404746868768092,0.2857907472195968,1,100,100
3765,765,0.02644369269611871,0.9735563073038814,0.36312143351737874,0.29931266041270355,1,100,100
3766,766,0.035569032079413795,0.9644309679205867,0.32272833259800354,0.2906593368619082,1,100,100
3767,767,5.2192776223008905e-17,1.0,0.3623070156699398,0.3108,1,100,100
3768,768,0.013445350552628448,0.9865546494473721,0.3892095679515196,0.3006087306836775,1,100,100
3769,769,0.4822584271268285,0.5177415728731716,0.3217403192042744,0.2822605472963663,1,100,100
3770,770,0.9877392458451857,0.01226075415481514,0.29808018861391566,0.17735444897135935,1,100,100
3771,771,0.034859133973817305,0.9651408660261827,0.42376591032645344,0.29397562298506635,1,100,100
3772,772,5.0373051906169674e-17,1.0,0.39081839277962066,0.3012,1,100,100
3773,773,7.050495030297017e-06,0.9999929495049699,0.41273668319296314,0.30059920937529816,1,100,100
3774,774,5.316754744645195e-17,1.0,0.33886569296798413,0.3008,1,100,100
3775,775,0.5579362180416356,0.44206378195836427,0.32894228840612405,0.2822470167087285,1,100,100
3776,776,5.650184281871713e-17,1.0,0.3579731570578375,0.2948,1,100,100
3777,777,1.205437211245177e-14,0.9999999999999883,0.36111900558613397,0.30119999999999936,1,100,100
3778,778,0.0019437116821448446,0.9980562883178553,0.3571886556209284,0.3027942730030626,1,100,100
3779,779,5.5478711839273896e-17,1.0,0.3239157359292894,0.2973,1,100,100
3780,780,5.931791382673616e-17,1.0,0.3702848697679782,0.305,1,100,100
3781,781,0.6748678825240781,0.3251321174759215,0.31495488500008,0.24958181400024568,1,100,100
3782,782,0.045005440855302295,0.9549945591446982,0.32172705544182834,0.29667240438365095,1,100,100
3783,783,5.0123144959923674e-17,1.0,0.3498883271145389,0.3005,1,100,100
3784,784,7.404362942684953e-16,0.9999999999999994,0.41589301088715175,0.3035999999999999,1,100,100
3785,785,1.7985830725313856e-15,0.9999999999999989,0.3334961820936942,0.2941,1,100,100
3786,786,4.6164142889794213e-17,1.0,0.36726481745118633,0.3009,1,100,100
3787,787,4.565528175641528e-17,1.0,0.3415883142587037,0.2917,1,100,100
3788,788,0.03027450228052023,0.9697254977194789,0.4051217916070485,0.297646230892033,1,100,100
3789,789,0.8041622981051222,0.19583770189487823,0.3025796030770526,0.2495785569218844,1,100,100
3790,790,5.2933943915286626e-17,1.0,0.3628547684890034,0.3084,1,100,100
3791,791,4.606374940840632e-16,0.9999999999999999,0.34008870412707076,0.3023,1,100,100
3792,792,4.759948664795858e-17,1.0,0.3747700457457309,0.2977,1,100,100
3793,793,0.974135552927049,0.02586444707295055,0.30451212961044904,0.1841875156076323,1,100,100
3794,794,8.145318407863986e-17,1.0,0.3930082536608313,0.3019,1,100,100
3795,795,6.684431631379808e-17,1.0,0.380393402449757,0.2931,1,100,100
3796,796,0.5229464226214893,0.4770535773785107,0.3148462068562072,0.2759696367272886,1,100,100
3797,797,5.845098990290036e-17,1.0,0.3677457778885849,0.2944,1,100,100
3798,798,6.013775286601058e-17,1.0,0.3836101897185287,0.2972,1,100,100
3799,799,5.0109955574196074e-17,1.0,0.3556817882178464,0.3006,1,100,100
3800,800,5.343227607611144e-17,1.0,0.3387415645410858,0.2955,1,100,100
3801,801,0.983045548559151,0.016954451440849713,0.30499279376533395,0.20514917622101936,1,100,100
3802,802,0.21862148297391262,0.7813785170260878,0.3267638773416806,0.28291332783836387,1,100,100
3803,803,6.244073660652012e-17,1.0,0.36266528094549777,0.3037,1,100,100
3804,804,1.0333443650340596e-14,0.9999999999999905,0.3788460491383012,0.2999999999999992,1,100,100
3805,805,0.7405376085735423,0.25946239142645744,0.3077033729052407,0.2676074929280092,1,100,100
3806,806,1.7486769942632507e-06,0.999998251323005,0.39509733389406615,0.30519984279832546,1,100,100
3807,807,0.034071367876044055,0.965928632123956,0.3206344245313852,0.3041379422847131,1,100,100
3808,808,0.030697639434618028,0.9693023605653821,0.40515248876971843,0.2981141764837554,1,100,100
3809,809,5.0862486305758585e-17,1.0,0.3648786254911083,0.2925,1,100,100
3810,810,0.681503983170327,0.31849601682967255,0.32264408647714293,0.2788630476561771,1,100,100
3811,811,4.9275452339149125e-17,1.0,0.34090789381050257,0.2977,1,100,100
3812,812,5.3885721034829195e-17,1.0,0.3641224165257127,0.3032,1,100,100
3813,813,5.3057375780993994e-17,1.0,0.3624211645666945,0.3023,1,100,100
3814,814,0.9336030210467776,0.06639697895322301,0.308467262149455,0.24269224921502927,1,100,100
3815,815,0.050148666095479334,0.94985133390452,0.39387129135308147,0.3017818366870379,1,100,100
3816,816,5.0379524172487965e-17,1.0,0.3707103360783147,0.3073,1,100,100
3817,817,0.011344504176208612,0.9886554958237912,0.4213507553152584,0.29729262198838063,1,100,100
3818,818,0.9950913124537144,0.004908687546285261,0.3016773243071559,0.24518069368217305,1,100,100
3819,819,2.451790338873491e-13,0.9999999999997544,0.34589789415414635,0.3030999999999896,1,100,100
3820,820,4.516749246915176e-17,1.0,0.3266273452539987,0.2845,1,100,100
3821,821,0.8966699204667479,0.1033300795332525,0.3039979037350874,0.24208075662761272,1,100,100
3822,822,4.602622564698602e-17,1.0,0.3863861898588358,0.3044,1,100,100
3823,823,5.2753507514399107e-17,1.0,0.36900692884222047,0.302,1,100,100
3824,824,4.982275406015732e-17,1.0,0.3835164819380889,0.2913,1,100,100
3825,825,0.017070759796764767,0.9829292402032351,0.39159531712942636,0.29372935364507974,1,100,100
3826,826,1.137088864023423e-13,0.9999999999998872,0.3556288352919845,0.2974999999999934,1,100,100
3827,827,2.812045164912038e-16,1.0,0.33296965260069694,0.2986,1,100,100
3828,828,0.821238640926541,0.17876135907345886,0.31101852589914825,0.26392487018528216,1,100,100
3829,829,5.177365919633073e-17,1.0,0.37640531760187396,0.2991,1,100,100
3830,830,5.1533621051162466e-17,1.0,0.3723917503221346,0.2993,1,100,100
3831,831,3.3788362020837867e-14,0.9999999999999666,0.37291267569200237,0.29619999999999735,1,100,100
3832,832,0.9881736583424018,0.011826341657598365,0.28970473816215003,0.2893040933738242,1,100,100
3833,833,0.14087934284088344,0.8591206571591163,0.35487569456733453,0.29763612739181644,1,100,100
3834,834,5.680289010194816e-17,1.0,0.36113887585296356,0.2995,1,100,100
3835,835,0.8178540165032696,0.18214598349673053,0.30509392300283766,0.2639515225009229,1,100,100
3836,836,0.05512333858478293,0.9448766614152169,0.3793840476164897,0.3019305019792463,1,100,100
3837,837,0.006527840805136664,0.993472159194863,0.3995582799626923,0.30055371395411434,1,100,100
3838,838,5.1470163300294263e-17,1.0,0.3503944834971473,0.299,1,100,100
3839,839,5.3015383961158604e-17,1.0,0.3557332043217369,0.3015,1,100,100
3840,840,5.324892463801714e-17,1.0,0.36129599509729093,0.3012,1,100,100
3841,841,0.01210886927364286,0.9878911307263578,0.37017059439293126,0.30440363650440266,1,100,100
3842,842,0.9383714642898611,0.06162853571013947,0.2927315762462014,0.2646345879558177,1,100,100
3843,843,1.024187774540477e-15,0.9999999999999993,0.3734485390695295,0.3078999999999999,1,100,100
3844,844,0.8000571475120961,0.199942852487904,0.29911426440123035,0.2560306317829977,1,100,100
3845,845,0.95717863094983,0.04282136905017005,0.30440693161381144,0.22484544889195432,1,100,100
3846,846,8.419419957914647e-16,0.9999999999999997,0.330671274645341,0.2985,1,100,100
3847,847,5.4942731731884546e-17,1.0,0.31834158737498114,0.293,1,100,100
3848,848,0.0010136028530803,0.9989863971469201,0.4432833573816394,0.29975451875967357,1,100,100
3849,849,5.417824935559099e-17,1.0,0.35933051633595514,0.3075,1,100,100
3850,850,0.12511045947792204,0.8748895405220775,0.34736366857490364,0.2996277354764444,1,100,100
3851,851,0.3604194321632126,0.6395805678367875,0.3151145739258257,0.2722512111151821,1,100,100
3852,852,1.8402927839755202e-15,0.9999999999999986,0.36761530739564413,0.3043999999999999,1,100,100
3853,853,0.01403506358285305,0.9859649364171466,0.4205842600006839,0.2938208677294957,1,100,100
3854,854,0.9726009242936555,0.027399075706343604,0.30180807624045014,0.2248683917399948,1,100,100
3855,855,0.019197040117913577,0.9808029598820864,0.3914467779396067,0.2993316624321369,1,100,100
3856,856,1.108678406709664e-15,0.9999999999999994,0.34841011186988174,0.30079999999999996,1,100,100
3857,857,5.0315007142098826e-17,1.0,0.34754834314897404,0.298,1,100,100
3858,858,0.27831559751617596,0.7216844024838235,0.3253716146357552,0.3107230860000097,1,100,100
3859,859,4.985535208362194e-17,1.0,0.3633046866215275,0.2952,1,100,100
3860,860,0.3061684905828687,0.6938315094171312,0.32238629141802966,0.2899774268553353,1,100,100
3861,861,5.802533500107627e-17,1.0,0.3540581120720828,0.305,1,100,100
3862,862,0.979517278626665,0.02048272137333504,0.29259559396553264,0.23910690242091184,1,100,100
3863,863,0.012971494003513474,0.987028505996487,0.4323980978135942,0.29471403196547175,1,100,100
3864,864,0.36334917294177965,0.636650827058221,0.3428217349451127,0.27414714427955394,1,100,100
3865,865,0.6881998118696994,0.31180018813030097,0.31945498114358123,0.2702087595949127,1,100,100
3866,866,5.585768833866578e-17,1.0,0.3556260628588748,0.2959,1,100,100
3867,867,0.9983312016080024,0.001668798391997624,0.3060233468555963,0.23210977156226573,1,100,100
3868,868,5.383224145558542e-17,1.0,0.39249462961112225,0.3029,1,100,100
3869,869,0.33665995069648696,0.6633400493035134,0.31825669872257417,0.2824429426444992,1,100,100
3870,870,0.7279201110019732,0.2720798889980265,0.2996843968555082,0.2839375628234666,1,100,100
3871,871,7.932081426928558e-17,1.0,0.36497282875458553,0.294,1,100,100
3872,872,4.8042528040890813e-17,1.0,0.35731840718295477,0.2968,1,100,100
3873,873,5.736647162522493e-17,1.0,0.3848362349842906,0.3032,1,100,100
3874,874,1.1191892441839414e-15,0.9999999999999994,0.35556647471651537,0.2978999999999999,1,100,100
3875,875,5.747649162898092e-17,1.0,0.3712126147780597,0.3015,1,100,100
3876,876,2.7149773427297394e-16,0.9999999999999999,0.36497592765687853,0.30210000000000004,1,100,100
3877,877,0.9514184000849396,0.04858159991505986,0.3076847287769197,0.2338969411538839,1,100,100
3878,878,6.281729694445861e-17,1.0,0.4030556455028556,0.2955,1,100,100
3879,879,0.004460807005868214,0.9955391929941322,0.4245429219820874,0.3030580795638338,1,100,100
3880,880,0.027336310806279275,0.9726636891937206,0.37384074064094547,0.2994668933958493,1,100,100
3881,881,4.842580884077809e-17,1.0,0.3560735382287928,0.2998,1,100,100
3882,882,6.042226275904106e-17,1.0,0.41064130838854696,0.3043,1,100,100
3883,883,5.034388048645976e-16,0.9999999999999997,0.3712814619617187,0.3035999999999999,1,100,100
3884,884,4.541755128017621e-15,0.9999999999999961,0.3438939087637841,0.30499999999999977,1,100,100
3885,885,7.737201100074073e-05,0.9999226279889989,0.39364093873474587,0.30049279294063885,1,100,100
3886,886,0.025936757671135215,0.9740632423288647,0.3759111984107657,0.2961307539449958,1,100,100
3887,887,0.909695502063703,0.09030449793629776,0.29592582764718917,0.24027159378239918,1,100,100
3888,888,0.009665956171229777,0.9903340438287696,0.43135052297748544,0.29043794519922034,1,100,100
3889,889,0.010860010970333005,0.9891399890296664,0.41783715912216046,0.29557220121585015,1,100,100
3890,890,0.004338588260308794,0.9956614117396907,0.426853715847968,0.2936219622780612,1,100,100
3891,891,0.9379599039831283,0.06204009601687142,0.3080544220201486,0.22980789547015001,1,100,100
3892,892,5.600189843657514e-17,1.0,0.3537587673352293,0.2982,1,100,100
3893,893,0.31467475560008507,0.6853252443999149,0.32363080660296983,0.27893552235178076,1,100,100
3894,894,2.133075863562188e-08,0.9999999786692411,0.3799439804641922,0.29399999816674965,1,100,100
3895,895,0.8778795784732121,0.12212042152678769,0.30853869093106595,0.25745230543494785,1,100,100
3896,896,2.5343091467245442e-14,0.9999999999999755,0.3788166935323988,0.29579999999999784,1,100,100
3897,897,5.013175264700652e-15,0.9999999999999956,0.3794945374513128,0.3057999999999996,1,100,100
3898,898,4.7444186067246053e-17,1.0,0.3466143018003971,0.3029,1,100,100
3899,899,5.0086320357007434e-17,1.0,0.3496427290142625,0.302,1,100,100
3900,900,0.49497197629365863,0.5050280237063413,0.3194421925467809,0.27876684071971963,1,100,100
3901,901,0.14962536866440404,0.8503746313355962,0.3713884545610205,0.29414196561314304,1,100,100
3902,902,5.2283864892306826e-17,1.0,0.3589067624935621,0.2893,1,100,100
3903,903,0.22798974436424702,0.7720102556357529,0.33713295112526903,0.2863137413558851,1,100,100
3904,904,0.399197696908224,0.6008023030917763,0.32425744616298857,0.2850474663713665,1,100,100
3905,905,4.924188233242155e-17,1.0,0.34589639420287893,0.2948,1,100,100
3906,906,5.4441419999363315e-17,1.0,0.3551541298436644,0.2881,1,100,100
3907,907,5.474839781518382e-17,1.0,0.3535679981124151,0.2986,1,100,100
3908,908,5.554804861777942e-17,1.0,0.38155931711918556,0.2984,1,100,100
3909,909,0.04165213959741779,0.9583478604025819,0.40471053195774614,0.29503163945874117,1,100,100
3910,910,0.33115955366471184,0.6688404463352882,0.30782230541964667,0.2980706442344063,1,100,100
3911,911,0.875347008254149,0.12465299174585123,0.30406339801771176,0.24900336358464148,1,100,100
3912,912,0.04272761954499837,0.9572723804550013,0.3668633198522545,0.2969111085282152,1,100,100
3913,913,0.0003040965123908663,0.9996959034876088,0.3834812985565931,0.29487305454202606,1,100,100
3914,914,0.9068284361798007,0.09317156382019949,0.30022551104151474,0.2881455265981212,1,100,100
3915,915,5.4684580630398856e-17,1.0,0.36908711803771654,0.3051,1,100,100
3916,916,0.01946536778328312,0.9805346322167172,0.35697977760150823,0.2945854718917774,1,100,100
3917,917,0.5290482660408276,0.47095173395917234,0.3210002438107328,0.2861766246834391,1,100,100
3918,918,4.1753382831663616e-14,0.9999999999999584,0.3515134351124818,0.30009999999999787,1,100,100
3919,919,5.993755309104415e-17,1.0,0.36634232358252306,0.3058,1,100,100
3920,920,0.9920340054047151,0.007965994595285053,0.3018831672274999,0.2035693637052827,1,100,100
3921,921,4.714978221199196e-17,1.0,0.3538914114202799,0.2971,1,100,100
3922,922,4.976102822854686e-17,1.0,0.3551444941578305,0.3042,1,100,100
3923,923,0.0029413793921585947,0.9970586206078415,0.3863349456272479,0.2944296717213024,1,100,100
3924,924,0.007125895599081792,0.9928741044009181,0.37823042850913613,0.2985320778739546,1,100,100
3925,925,5.0018120983532114e-17,1.0,0.3482267336605906,0.2989,1,100,100
3926,926,0.9910587613565279,0.008941238643472923,0.3047145429146145,0.23598324749581703,1,100,100
3927,927,0.032171427130647606,0.9678285728693524,0.36986789143531695,0.291994708572084,1,100,100
3928,928,0.011951754905204488,0.9880482450947952,0.3145200674849798,0.2942578307122612,1,100,100
3929,929,5.1934553056532476e-17,1.0,0.3778032142086152,0.3017,1,100,100
3930,930,4.623877150585507e-15,0.9999999999999956,0.3782399727813143,0.29509999999999964,1,100,100
3931,931,5.017168549644273e-17,1.0,0.37330863388813496,0.2991,1,100,100
3932,932,0.0007032499447010678,0.9992967500552992,0.4083487498438376,0.2944198795282507,1,100,100
3933,933,2.1281871099035482e-16,1.0,0.3651534447491494,0.3021,1,100,100
3934,934,0.012963682895433428,0.9870363171045669,0.45794153417187594,0.3052201686459646,1,100,100
3935,935,2.0101033960862795e-15,0.9999999999999987,0.37412831451696493,0.2964999999999998,1,100,100
3936,936,0.6992853365891284,0.3007146634108712,0.31041326309090084,0.2651435614525047,1,100,100
3937,937,2.0538590035310027e-16,1.0,0.33004416801831066,0.2878,1,100,100
3938,938,0.007609103875215858,0.9923908961247844,0.3883482266303425,0.2954934584234042,1,100,100
3939,939,5.508368702052885e-17,1.0,0.3785163098536272,0.3041,1,100,100
3940,940,5.76696719190057e-17,1.0,0.3731051212946066,0.298,1,100,100
3941,941,1.0612724274417383e-16,1.0,0.40771963983896314,0.3049,1,100,100
3942,942,7.398189285299265e-17,1.0,0.42654769564976613,0.311,1,100,100
3943,943,0.008545246740024272,0.9914547532599751,0.462506940442771,0.3034407400698149,1,100,100
3944,944,4.6321179712964513e-17,1.0,0.3552396136130985,0.2913,1,100,100
3945,945,4.9994579306084287e-17,1.0,0.3365001120547255,0.2935,1,100,100
3946,946,3.3297352921366882e-12,0.9999999999966698,0.3639839229764686,0.2880999999997473,1,100,100
3947,947,5.8948386000503234e-15,0.9999999999999946,0.38548072755065277,0.30409999999999954,1,100,100
3948,948,5.5420176250685485e-17,1.0,0.35660862282505784,0.2959,1,100,100
3949,949,0.6797966314924483,0.320203368507552,0.31879048397108234,0.27822100454421017,1,100,100
3950,950,3.500227611117732e-16,0.9999999999999997,0.36286515357495075,0.30169999999999997,1,100,100
3951,951,0.0052049481494108405,0.9947950518505893,0.38346719698193266,0.30629834010118634,1,100,100
3952,952,5.446297138356326e-17,1.0,0.38131045349654247,0.3048,1,100,100
3953,953,5.1255289812599834e-17,1.0,0.39681138966537444,0.299,1,100,100
3954,954,0.9012521419050518,0.0987478580949484,0.3137931821840069,0.25715213404472437,1,100,100
3955,955,5.1946428261338036e-17,1.0,0.33308799351505175,0.3044,1,100,100
3956,956,0.07757794286949263,0.922422057130508,0.36555219912546405,0.29448690030836355,1,100,100
3957,957,0.2167455821236662,0.7832544178763341,0.3315563896799464,0.28654369792196266,1,100,100
3958,958,5.895850754249066e-17,1.0,0.368906958977637,0.2927,1,100,100
3959,959,0.7670831878364743,0.23291681216352575,0.317073138544017,0.2618038841503967,1,100,100
3960,960,0.1481181828142819,0.8518818171857183,0.3310943221614381,0.28649386069489763,1,100,100
3961,961,0.7971666796318584,0.20283332036814128,0.31259867071296776,0.26083858172013014,1,100,100
3962,962,4.790615604034471e-17,1.0,0.36364718599696344,0.3057,1,100,100
3963,963,0.4741031311550061,0.525896868844994,0.30839066195480624,0.286350861679398,1,100,100
3964,964,0.022095799270848326,0.9779042007291511,0.3664471921899866,0.2958398748898838,1,100,100
3965,965,0.8339485752404621,0.16605142475953769,0.30734229038555105,0.243251961736084,1,100,100
3966,966,1.225215685767201e-16,1.0,0.3687317620357242,0.3071,1,100,100
3967,967,5.850762072879645e-16,1.0,0.32207896572431904,0.29529999999999995,1,100,100
3968,968,0.978795878004806,0.02120412199519461,0.3027908827386142,0.21833170357429624,1,100,100
3969,969,5.457508426745801e-17,1.0,0.35783049626555274,0.306,1,100,100
3970,970,0.0423530391242439,0.9576469608757564,0.3968633039875322,0.2955072636584646,1,100,100
3971,971,5.4524104566870555e-17,1.0,0.33469496375293345,0.299,1,100,100
3972,972,0.010992729882865067,0.9890072701171344,0.4530955787968659,0.2991072478730411,1,100,100
3973,973,6.241120608051684e-17,1.0,0.3587319676524286,0.3023,1,100,100
3974,974,5.3437018766393515e-17,1.0,0.3501047454324561,0.2987,1,100,100
3975,975,5.36705742463951e-17,1.0,0.3306623239458552,0.2976,1,100,100
3976,976,4.980032632302366e-17,1.0,0.3414527355475286,0.2926,1,100,100
3977,977,2.1547017322544396e-15,0.9999999999999987,0.35368140862417713,0.31339999999999996,1,100,100
3978,978,0.41155559343015624,0.5884444065698436,0.32087176322578986,0.28846128737988475,1,100,100
3979,979,0.9662334774773476,0.03376652252265271,0.3117983007413997,0.23484928297812144,1,100,100
3980,980,0.172399541592559,0.8276004584074407,0.3417721908046261,0.2990315296011595,1,100,100
3981,981,0.01068920390471362,0.9893107960952865,0.4383360024990427,0.29628155100237985,1,100,100
3982,982,0.7118355371711274,0.2881644628288731,0.29723540981376917,0.2759440619718506,1,100,100
3983,983,0.36469390746430536,0.6353060925356948,0.3365994950517895,0.2885919355302729,1,100,100
3984,984,5.06728192847587e-17,1.0,0.32595240382437574,0.2913,1,100,100
3985,985,5.1117013533491357e-17,1.0,0.3385834167347435,0.3023,1,100,100
3986,986,0.03534244712339679,0.9646575528766037,0.379586054510087,0.29210832289595273,1,100,100
3987,987,0.009616910807988403,0.990383089192011,0.44601502622705813,0.2953510782503285,1,100,100
3988,988,0.4146182091788599,0.58538179082114,0.317255138770296,0.28453266760591933,1,100,100
3989,989,0.0062674427374556875,0.9937325572625442,0.3916388367940203,0.29811383742191483,1,100,100
3990,990,0.10272968992509003,0.8972703100749098,0.3475278013817287,0.2958958674354679,1,100,100
3991,991,5.557173899848726e-17,1.0,0.32514557577708264,0.2917,1,100,100
3992,992,5.4137817910059077e-17,1.0,0.3789649536659291,0.303,1,100,100
3993,993,2.7786411602581846e-15,0.9999999999999979,0.3661136423737844,0.28949999999999976,1,100,100
3994,994,0.9897502414015947,0.010249758598405115,0.30128284330492183,0.14685546926237347,1,100,100
3995,995,0.09654415074875794,0.9034558492512417,0.35016276127778445,0.2988456312639508,1,100,100
3996,996,0.08403697509407893,0.9159630249059209,0.34003289954386184,0.2939252528425121,1,100,100
3997,997,0.5124504444543839,0.487549555545616,0.3247098095945653,0.2693107034168586,1,100,100
3998,998,5.684337030208451e-17,1.0,0.36784335843171856,0.3,1,100,100
3999,999,5.155576828483302e-17,1.0,0.3568043950703471,0.3031,1,100,100
4000,0,0.0036224824644010487,0.9963775175355977,0.328537862906304,0.29949479198487483,1,500,100
4001,1,9.545437009206379e-18,1.0,0.35745964341381214,0.30042,1,500,100
4002,2,9.067799258576006e-16,0.9999999999999997,0.37292604740060964,0.30056,1,500,100
4003,3,9.641601822738226e-14,0.9999999999999059,0.39780571873637843,0.3038599999999909,1,500,100
4004,4,1.0945386856759329e-17,1.0,0.4113636693833366,0.29976,1,500,100
4005,5,2.3864738293734327e-16,1.0,0.3575415498598739,0.29922,1,500,100
4006,6,0.991695812478543,0.008304187521458782,0.29884888566263457,0.22070931319297743,1,500,100
4007,7,1.1217582889012665e-17,1.0,0.4030298344162706,0.30032,1,500,100
4008,8,0.5420025113072511,0.45799748869274987,0.3100832706863766,0.2854908417660238,1,500,100
4009,9,0.003935571876432869,0.9960644281235659,0.32380293015612216,0.30060871750901,1,500,100
4010,10,0.07440273432034485,0.9255972656796534,0.3457888313498234,0.2927540686403873,1,500,100
4011,11,0.6691597126251544,0.3308402873748462,0.31343497685515326,0.273793562687556,1,500,100
4012,12,1.7265078331582095e-14,0.9999999999999848,0.36466450088634045,0.2954199999999988,1,500,100
4013,13,0.005622737760085789,0.9943772622399136,0.40524591364702567,0.29870092547183946,1,500,100
4014,14,0.0002548074480367421,0.9997451925519585,0.38102871017821616,0.2972386496685107,1,500,100
4015,15,1.091283805340159e-17,1.0,0.38772604434860974,0.29838,1,500,100
4016,16,1.0796379343723469e-17,1.0,0.37023845057778776,0.29994,1,500,100
4017,17,0.05111505649644632,0.9488849435035568,0.3274329864425145,0.30001871812620295,1,500,100
4018,18,1.7234276277953202e-17,1.0,0.3785438267633436,0.30142,1,500,100
4019,19,1.1846926140785329e-17,1.0,0.4101552059130645,0.29926,1,500,100
4020,20,1.0628010475695274e-17,1.0,0.39549378800872564,0.3038,1,500,100
4021,21,1.2974259744049175e-16,1.0,0.38163930974228816,0.30012,1,500,100
4022,22,0.8608703156832769,0.13912968431672543,0.3011203740920142,0.2992489252111159,1,500,100
4023,23,0.08179720917380714,0.9182027908261952,0.36216848445847294,0.2921311407464063,1,500,100
4024,24,1.1711447575338865e-17,1.0,0.40092585436864525,0.30362,1,500,100
4025,25,0.7444620029681751,0.2555379970318241,0.3046875324806429,0.2980054245339712,1,500,100
4026,26,0.30064380748912145,0.6993561925108817,0.33236309361663996,0.29189288127030444,1,500,100
4027,27,1.580533291203002e-14,0.9999999999999861,0.3862585325321548,0.3006799999999986,1,500,100
4028,28,1.0532038949209425e-17,1.0,0.4036641571636183,0.3012,1,500,100
4029,29,1.0539911165224769e-15,0.9999999999999998,0.38978450934612036,0.2993799999999999,1,500,100
4030,30,1.082319423434598e-17,1.0,0.37016817743863156,0.29832,1,500,100
4031,31,1.093406445765081e-17,1.0,0.359339504643944,0.29786,1,500,100
4032,32,0.8961853000735565,0.10381469992644397,0.30384740161412743,0.25156769924083233,1,500,100
4033,33,0.0067062329646044505,0.9932937670353962,0.4017929687531944,0.2983865323474233,1,500,100
4034,34,0.0024514502223185433,0.9975485497776818,0.4552229776630051,0.3003804111559118,1,500,100
4035,35,0.9965750879006193,0.0034249120993800376,0.2984021662731116,0.16929921113691418,1,500,100
4036,36,0.011367640385245344,0.9886323596147533,0.39402953972597937,0.29806915687653707,1,500,100
4037,37,0.8158201709826759,0.18417982901732333,0.3055292413805975,0.2811550121039741,1,500,100
4038,38,0.36325173347635387,0.636748266523647,0.31959089771065907,0.28386108279515315,1,500,100
4039,39,1.7956294330210616e-15,0.9999999999999991,0.390585026234077,0.3016799999999999,1,500,100
4040,40,1.0611555652732082e-17,1.0,0.3745563656194962,0.30028,1,500,100
4041,41,0.07284067045923846,0.9271593295407624,0.37634081786803414,0.29318270748562175,1,500,100
4042,42,8.148141095112512e-14,0.9999999999999213,0.37752942003998635,0.2987999999999936,1,500,100
4043,43,0.6806665580758068,0.31933344192419527,0.30569122090882067,0.2885579671041052,1,500,100
4044,44,0.16203977629148883,0.8379602237085126,0.3269325143671842,0.2930496240295866,1,500,100
4045,45,0.11232560253017342,0.8876743974698285,0.3413206948491983,0.298195991739239,1,500,100
4046,46,0.038978146816020215,0.961021853183979,0.3182887773369958,0.29863388887174913,1,500,100
4047,47,0.05577771515758092,0.9442222848424207,0.3233557581757621,0.29561254707358625,1,500,100
4048,48,9.860225328552348e-17,1.0,0.39173856649681277,0.30128,1,500,100
4049,49,1.0413444414100654e-17,1.0,0.36768209486922426,0.30158,1,500,100
4050,50,1.0804722249843653e-17,1.0,0.3558946903228266,0.30112,1,500,100
4051,51,0.016758890507316538,0.9832411094926843,0.42257140480687877,0.29866343998455824,1,500,100
4052,52,1.114497151252882e-17,1.0,0.3841743868395263,0.29832,1,500,100
4053,53,0.00110785760922659,0.9988921423907737,0.440167282712423,0.3030280692788744,1,500,100
4054,54,6.316642259272451e-16,0.9999999999999998,0.4014156388005573,0.30404,1,500,100
4055,55,1.1033882648662099e-17,1.0,0.37089572431919776,0.29856,1,500,100
4056,56,0.001660372688416852,0.9983396273115821,0.4418167521244633,0.3007257363307952,1,500,100
4057,57,0.0931660392629907,0.9068339607370094,0.3613503377266412,0.2946894710807653,1,500,100
4058,58,0.30440913794137975,0.6955908620586206,0.31254826171361905,0.29908019848188905,1,500,100
4059,59,0.002979548640187265,0.9970204513598124,0.47391809242143634,0.29948025397566164,1,500,100
4060,60,0.04800159615211243,0.9519984038478868,0.31713154021793627,0.2991361946914184,1,500,100
4061,61,8.262775128099981e-16,0.9999999999999998,0.36921894541581884,0.2971999999999999,1,500,100
4062,62,1.910580090931747e-17,1.0,0.36414177841154766,0.29944,1,500,100
4063,63,5.858152180850092e-15,0.9999999999999963,0.3718781521081385,0.30117999999999967,1,500,100
4064,64,1.1585469927866146e-17,1.0,0.38525648379349975,0.29954,1,500,100
4065,65,9.363757791756977e-18,1.0,0.36564307933513834,0.29898,1,500,100
4066,66,0.9725018853866805,0.027498114613319947,0.3001202494031266,0.22665159776880675,1,500,100
4067,67,4.6531486453435635e-09,0.9999999953468519,0.362576229303161,0.30035999971049865,1,500,100
4068,68,0.11991879441195974,0.880081205588041,0.3426065884335218,0.29153563253975295,1,500,100
4069,69,5.237795299259321e-15,0.9999999999999954,0.42648200215187626,0.30195999999999934,1,500,100
4070,70,0.9801666029721785,0.019833397027818063,0.3048449141362689,0.22493353364779867,1,500,100
4071,71,1.144911098725138e-17,1.0,0.35816051538036775,0.3024,1,500,100
4072,72,8.293407819183468e-06,0.9999917065921798,0.40579140163027444,0.3019991392084393,1,500,100
4073,73,6.718763085512041e-05,0.9999328123691419,0.373558961182698,0.3024952253959528,1,500,100
4074,74,0.0020393337784025364,0.9979606662215974,0.4249679694384728,0.2993838921491543,1,500,100
4075,75,0.028696969106787783,0.9713030308932108,0.37580901255101185,0.29932514481027644,1,500,100
4076,76,2.3676538735386e-08,0.9999999763234593,0.4731319848724479,0.2981399958567954,1,500,100
4077,77,1.0842178424388066e-17,1.0,0.351336935626268,0.29826,1,500,100
4078,78,0.005839645250625964,0.994160354749373,0.42017782461243275,0.2984893826679428,1,500,100
4079,79,2.1028042749844766e-15,0.9999999999999991,0.3744099130608987,0.2993599999999998,1,500,100
4080,80,0.8767121931204651,0.12328780687953474,0.30107585369467066,0.271260628753064,1,500,100
4081,81,3.4836887500663238e-09,0.9999999965163157,0.401654085761053,0.29837999964022527,1,500,100
4082,82,9.652639420382098e-18,1.0,0.3868216488238398,0.30128,1,500,100
4083,83,0.008745304677308096,0.991254695322692,0.40036653209704476,0.2990338145109298,1,500,100
4084,84,3.1920023973919333e-15,0.9999999999999982,0.3765790729503909,0.29881999999999975,1,500,100
4085,85,0.8165371227997353,0.18346287720026264,0.30816305405643113,0.27369802138647537,1,500,100
4086,86,2.8835857803060137e-17,1.0,0.4344641883793644,0.30176,1,500,100
4087,87,0.9700392010269597,0.029960798973041238,0.30175013763075476,0.26803482744614765,1,500,100
4088,88,0.4634034507576527,0.5365965492423479,0.30922473422764096,0.296058913020598,1,500,100
4089,89,2.1752741288783883e-17,1.0,0.38416041147904756,0.2984,1,500,100
4090,90,1.0871688890051636e-17,1.0,0.38395718868766576,0.30176,1,500,100
4091,91,0.8743253736896431,0.12567462631035373,0.3064294979399377,0.2579750237257101,1,500,100
4092,92,0.9351070410632344,0.06489295893676368,0.3054108101081837,0.2466862555398332,1,500,100
4093,93,3.148206030381695e-15,0.9999999999999983,0.3513547598805263,0.30067999999999984,1,500,100
4094,94,3.1506313109352152e-12,0.9999999999968482,0.37872686815727785,0.29943999999975013,1,500,100
4095,95,0.19676242371510605,0.8032375762848922,0.33917472084466177,0.2909763770573557,1,500,100
4096,96,0.003037914591625038,0.9969620854083748,0.34757301402243135,0.30099851063656635,1,500,100
4097,97,3.221457687147682e-17,1.0,0.3960361362888454,0.30044,1,500,100
4098,98,0.35862076546136795,0.6413792345386323,0.32407915022036565,0.28507079311575373,1,500,100
4099,99,0.03816545249963071,0.9618345475003692,0.337877244010912,0.29577307535097264,1,500,100
4100,100,0.9951341639372541,0.00486583606274307,0.30173363070907905,0.18795447704665194,1,500,100
4101,101,0.07149311750521004,0.928506882494787,0.35258359562688896,0.2958650116080091,1,500,100
4102,102,7.725426415707442e-15,0.9999999999999939,0.3857094766183694,0.29915999999999926,1,500,100
4103,103,9.750061935495747e-18,1.0,0.3673722099358256,0.30254,1,500,100
4104,104,1.4128460152128333e-14,0.9999999999999887,0.3694413259105742,0.298819999999999,1,500,100
4105,105,1.1773464020800843e-17,1.0,0.35909882066737775,0.2986,1,500,100
4106,106,9.461604709552146e-18,1.0,0.3879673543003,0.30046,1,500,100
4107,107,1.0234833128328846e-17,1.0,0.35516259664012423,0.30238,1,500,100
4108,108,6.712539518917501e-16,0.9999999999999999,0.3607423923832814,0.2981,1,500,100
4109,109,0.8134966308376355,0.18650336916236107,0.30824689283779677,0.26660210715547866,1,500,100
4110,110,0.9799682133255588,0.020031786674439382,0.3044426889129036,0.20746237734726292,1,500,100
4111,111,1.0077643559909253e-17,1.0,0.3986749638311429,0.30226,1,500,100
4112,112,2.809819208021446e-15,0.9999999999999983,0.3986778668647348,0.3031799999999997,1,500,100
4113,113,1.414378610570886e-17,1.0,0.40447899390589337,0.29826,1,500,100
4114,114,0.6595193295110651,0.34048067048893405,0.30291282893524535,0.3008779735226005,1,500,100
4115,115,9.733329380786581e-18,1.0,0.3787365536785233,0.29982,1,500,100
4116,116,1.7984197322092576e-17,1.0,0.40553828794453434,0.30134,1,500,100
4117,117,8.656491023440828e-18,1.0,0.38469582302055044,0.29704,1,500,100
4118,118,0.9745375134086948,0.025462486591309095,0.300566943791073,0.24374045177175382,1,500,100
4119,119,0.9603962550598497,0.03960374494015299,0.3035689711771551,0.23516707682982016,1,500,100
4120,120,0.014893799244812293,0.9851062007551876,0.4003972179190541,0.29630974203021226,1,500,100
4121,121,1.0212104046159933e-17,1.0,0.3675695013754189,0.29624,1,500,100
4122,122,5.488790435667051e-16,1.0,0.3625011962000595,0.3015,1,500,100
4123,123,1.0497276354238025e-17,1.0,0.36738662681311557,0.30022,1,500,100
4124,124,0.7851433904042779,0.21485660959572317,0.2997515031398323,0.2915064547647064,1,500,100
4125,125,0.46810958256503143,0.5318904174349687,0.31231234114365486,0.2897657023049863,1,500,100
4126,126,1.2193477138627432e-17,1.0,0.43906636271691174,0.29726,1,500,100
4127,127,0.20928052052007182,0.7907194794799245,0.31285480240613667,0.2942960052764787,1,500,100
4128,128,0.011817893806297334,0.9881821061937021,0.40697469010857273,0.29752655354479207,1,500,100
4129,129,1.0316290093405566e-16,1.0,0.38265156926015503,0.30144,1,500,100
4130,130,0.0005550895033435633,0.9994449104966576,0.44728667206318123,0.30275977463628745,1,500,100
4131,131,1.0826786930639194e-17,1.0,0.3923674001799601,0.30132,1,500,100
4132,132,1.0122784984959731e-17,1.0,0.3524735961271841,0.30122,1,500,100
4133,133,0.978047369215427,0.0219526307845742,0.29987511526331345,0.19805974355469716,1,500,100
4134,134,9.335127059548353e-18,1.0,0.3868400264133603,0.30004,1,500,100
4135,135,1.210857268544549e-17,1.0,0.40819469182041596,0.30318,1,500,100
4136,136,0.48411677830781963,0.5158832216921801,0.31823094397450574,0.2847525456698384,1,500,100
4137,137,0.009515444648952197,0.9904845553510486,0.3933223265961075,0.29938615556400955,1,500,100
4138,138,1.0020623639413962e-17,1.0,0.37272797583512735,0.30056,1,500,100
4139,139,2.701047858805828e-16,0.9999999999999999,0.4061029694327157,0.30106,1,500,100
4140,140,0.9548522763027374,0.04514772369726689,0.3040018826007758,0.24016959240382343,1,500,100
4141,141,0.0006487275553404611,0.9993512724446597,0.38497523866890154,0.30130572127852684,1,500,100
4142,142,1.158932742601941e-14,0.9999999999999898,0.4167831361136498,0.3063999999999988,1,500,100
4143,143,0.04568110914780145,0.9543188908521971,0.34393298178905163,0.3007891415237871,1,500,100
4144,144,6.88392659471004e-16,0.9999999999999999,0.3703346863456189,0.30204,1,500,100
4145,145,0.8404387917557267,0.1595612082442751,0.3067112002445324,0.2682858190883177,1,500,100
4146,146,4.3121255883244705e-17,1.0,0.3648982501942268,0.29734,1,500,100
4147,147,5.650479798655886e-15,0.9999999999999954,0.40412724616005924,0.2998199999999994,1,500,100
4148,148,0.9039855979105509,0.09601440208944763,0.306332909528515,0.25266481998800605,1,500,100
4149,149,0.01174806712922001,0.9882519328707822,0.4188665566935096,0.300246442940757,1,500,100
4150,150,0.0007636879984215043,0.9992363120015787,0.4165984446516494,0.2974890375753167,1,500,100
4151,151,4.013571553829859e-16,1.0,0.3652030112057137,0.29845999999999995,1,500,100
4152,152,0.9427731052247248,0.05722689477527445,0.30135891072785037,0.23217971197179832,1,500,100
4153,153,1.141778146829316e-17,1.0,0.39566223414773816,0.30082,1,500,100
4154,154,1.1507120072148522e-17,1.0,0.3904916879549628,0.29734,1,500,100
4155,155,0.013778711199406747,0.986221288800594,0.3553631213477054,0.299165671569361,1,500,100
4156,156,0.3054390237716301,0.6945609762283691,0.31368187364374484,0.29787062881484727,1,500,100
4157,157,0.02378716623587753,0.9762128337641229,0.3774657787642247,0.29841971821748337,1,500,100
4158,158,0.959287433108591,0.040712566891410264,0.30504723254340566,0.2306910134555767,1,500,100
4159,159,1.1451726167703044e-15,0.9999999999999996,0.3891154165885028,0.2987199999999999,1,500,100
4160,160,0.004962723597436074,0.9950372764025605,0.4132104529316741,0.30033985441729594,1,500,100
4161,161,5.456173943869875e-15,0.9999999999999968,0.3627913566993351,0.3008399999999997,1,500,100
4162,162,0.029453347787614284,0.9705466522123835,0.37759279580765526,0.30133392083349386,1,500,100
4163,163,0.004328506829245546,0.9956714931707531,0.42549527689590205,0.29716451943994965,1,500,100
4164,164,0.1883950844035747,0.8116049155964242,0.31158272453786257,0.2993320292219576,1,500,100
4165,165,1.0281136000557045e-17,1.0,0.39253851947823865,0.29724,1,500,100
4166,166,0.013373161593246035,0.9866268384067529,0.40533805645592297,0.2997276550358822,1,500,100
4167,167,0.9843654436831742,0.015634556316824026,0.2989775817374371,0.2594765095661387,1,500,100
4168,168,0.009179935822161528,0.9908200641778385,0.39822763888254814,0.30076530200236196,1,500,100
4169,169,1.0620730129135815e-17,1.0,0.3727477348378186,0.30206,1,500,100
4170,170,0.9930594281143605,0.006940571885644966,0.302529997277626,0.21464137834586133,1,500,100
4171,171,1.2143661759381886e-16,1.0,0.3569812662727209,0.30128,1,500,100
4172,172,1.0047152727640278e-17,1.0,0.370166423515545,0.30048,1,500,100
4173,173,1.2054270658144406e-15,0.9999999999999997,0.3738180772920824,0.3007399999999999,1,500,100
4174,174,7.056621576156001e-16,0.9999999999999999,0.36631308135020413,0.30389999999999995,1,500,100
4175,175,0.19720860795356013,0.8027913920464403,0.3272948589502239,0.29491426891430067,1,500,100
4176,176,0.025707940455446554,0.974292059544553,0.3861779193701404,0.2947906207691825,1,500,100
4177,177,2.1053546706937118e-14,0.9999999999999815,0.3574523624315041,0.2977999999999987,1,500,100
4178,178,1.0020792234223173e-17,1.0,0.3603113166929364,0.3031,1,500,100
4179,179,1.020757192186631e-17,1.0,0.353579210082318,0.29918,1,500,100
4180,180,0.020698114440091515,0.9793018855599106,0.30894997538640684,0.29756433879077027,1,500,100
4181,181,0.9788572149684416,0.021142785031559384,0.30226255651569195,0.21038457011076137,1,500,100
4182,182,1.0598002025987723e-17,1.0,0.37002910004636846,0.29948,1,500,100
4183,183,1.080063608445114e-17,1.0,0.37247221584513207,0.30098,1,500,100
4184,184,0.042345354995416716,0.9576546450045842,0.31454024867529207,0.301445498140007,1,500,100
4185,185,1.0974522381806545e-17,1.0,0.40748132429975,0.30208,1,500,100
4186,186,0.0037668296938304004,0.9962331703061712,0.36529351232095353,0.2987292638121696,1,500,100
4187,187,0.0020045601229431026,0.9979954398770563,0.4569681315314311,0.2952157576415089,1,500,100
4188,188,0.9947746962906332,0.00522530370936498,0.302924783970788,0.20249349806344155,1,500,100
4189,189,9.077151197395118e-18,1.0,0.3874250673342898,0.3009,1,500,100
4190,190,0.9184283892548685,0.08157161074513176,0.3017584086272204,0.26451004979912457,1,500,100
4191,191,0.037925964174938764,0.962074035825061,0.3634953768078308,0.295397315361192,1,500,100
4192,192,0.9992664740628507,0.0007335259371500584,0.30217504180901367,0.1726066050295767,1,500,100
4193,193,4.839719517773726e-05,0.9999516028048202,0.40238245598824524,0.3020351434715306,1,500,100
4194,194,8.674861750341586e-18,1.0,0.38889902795884496,0.29954,1,500,100
4195,195,0.13944312138715817,0.8605568786128401,0.31183567456093186,0.2998949477870136,1,500,100
4196,196,1.4645900067177644e-17,1.0,0.40994641654429204,0.30458,1,500,100
4197,197,1.6899085989029327e-17,1.0,0.35995860533043156,0.3004,1,500,100
4198,198,2.780552717541308e-17,1.0,0.3789857919216135,0.2984,1,500,100
4199,199,0.0016198888317836212,0.9983801111682158,0.439410821148895,0.30163682143655585,1,500,100
4200,200,1.736176374126357e-17,1.0,0.3844812223713561,0.29976,1,500,100
4201,201,1.045039118635825e-17,1.0,0.37699202428635964,0.29988,1,500,100
4202,202,6.153543937129558e-14,0.999999999999941,0.4218398836926596,0.30409999999999276,1,500,100
4203,203,1.8191131797828707e-17,1.0,0.37653021732174696,0.3004,1,500,100
4204,204,0.0583215757231811,0.9416784242768171,0.35520457914290693,0.2975791969063111,1,500,100
4205,205,0.00015235219489602892,0.9998476478051025,0.39192992241466207,0.3009261353733004,1,500,100
4206,206,1.1753201230405465e-17,1.0,0.39755387942581116,0.29708,1,500,100
4207,207,1.0458104405470041e-17,1.0,0.39730882413868474,0.30164,1,500,100
4208,208,0.0020611527261468372,0.9979388472738567,0.4757995338623041,0.298674919117451,1,500,100
4209,209,9.187675199480467e-18,1.0,0.3839477424594423,0.30006,1,500,100
4210,210,0.4028885135769262,0.5971114864230751,0.31149187915678545,0.2923130835429436,1,500,100
4211,211,0.0011360587311485927,0.9988639412688481,0.3740107213480028,0.30117725690680175,1,500,100
4212,212,0.8488422434708156,0.1511577565291852,0.30941610785356605,0.25545852049025203,1,500,100
4213,213,2.9406059493706334e-06,0.9999970593940499,0.34804942104819764,0.29457984276704,1,500,100
4214,214,1.1733001883709621e-15,0.9999999999999996,0.3731640521093878,0.30135999999999996,1,500,100
4215,215,3.851802493935837e-05,0.9999614819750596,0.4104697207895126,0.29885570084839636,1,500,100
4216,216,1.183245904171968e-17,1.0,0.39772080408692506,0.29748,1,500,100
4217,217,1.9768998657936023e-13,0.9999999999998037,0.3704727099858473,0.2983799999999857,1,500,100
4218,218,0.01788135334749913,0.9821186466525001,0.40978121363026676,0.2983881411097979,1,500,100
4219,219,0.8780520378114717,0.12194796218852663,0.30776562123913176,0.26097827738576657,1,500,100
4220,220,9.777096358100811e-18,1.0,0.4106341124715832,0.29728,1,500,100
4221,221,1.077382748513967e-17,1.0,0.36844669970703686,0.3025,1,500,100
4222,222,0.016011894203485262,0.9839881057965131,0.39839650387820946,0.2998622804388667,1,500,100
4223,223,1.0184732032170067e-17,1.0,0.40327778447360013,0.30348,1,500,100
4224,224,0.009331090652498996,0.990668909347502,0.3876735032375567,0.29816478604569385,1,500,100
4225,225,0.03406519785357025,0.965934802146429,0.3630642012745735,0.2960366947278546,1,500,100
4226,226,1.1624381056724516e-17,1.0,0.40308860147519077,0.30078,1,500,100
4227,227,1.0204020839642213e-17,1.0,0.3706408254518998,0.3011,1,500,100
4228,228,4.917186862347419e-12,0.9999999999950803,0.4022317760105866,0.2992599999994937,1,500,100
4229,229,5.477743963801543e-16,0.9999999999999999,0.3824256556226707,0.29912,1,500,100
4230,230,1.0816606882515643e-17,1.0,0.40874011649716835,0.29856,1,500,100
4231,231,4.347774622819476e-05,0.9999565222537765,0.38308903236494674,0.2995363673184324,1,500,100
4232,232,1.014229582451469e-17,1.0,0.37717816803756515,0.30056,1,500,100
4233,233,9.531787727136125e-18,1.0,0.38935844604582986,0.30076,1,500,100
4234,234,0.004332999158270087,0.995667000841727,0.41532396777286773,0.29839333968692766,1,500,100
4235,235,0.043780365248467755,0.9562196347515309,0.32222159426704017,0.29956822732099453,1,500,100
4236,236,0.0073588979110817705,0.9926411020889182,0.39294154325868064,0.2990490547625395,1,500,100
4237,237,1.2734126835640032e-17,1.0,0.3722955536796029,0.30074,1,500,100
4238,238,9.186365255280414e-18,1.0,0.3862071467554499,0.30042,1,500,100
4239,239,1.1179084247889588e-05,0.9999888209157514,0.38764221325819004,0.30077902894914454,1,500,100
4240,240,7.470866609177084e-05,0.9999252913339075,0.3859010344204107,0.29971356104883057,1,500,100
4241,241,0.9947120981567847,0.005287901843213581,0.3011498409382593,0.16691116569312264,1,500,100
4242,242,3.776022136475999e-13,0.9999999999996214,0.3779851774750754,0.3020399999999713,1,500,100
4243,243,0.0017828123179248509,0.9982171876820738,0.46304380520014904,0.29804583959448566,1,500,100
4244,244,0.74720738334712,0.25279261665287883,0.3037261560420926,0.2908058576356819,1,500,100
4245,245,0.0006116269393260806,0.9993883730606731,0.4330578271806128,0.30169965780490926,1,500,100
4246,246,0.009822240580798105,0.9901777594191998,0.4433087932304701,0.299143978506495,1,500,100
4247,247,4.2040444825806208e-16,1.0,0.37403581171672756,0.2998199999999999,1,500,100
4248,248,0.9997733788917932,0.0002266211082054095,0.30213140565247765,0.2518022347821182,1,500,100
4249,249,0.862965307803813,0.13703469219618816,0.30753198009885335,0.2636600232789975,1,500,100
4250,250,0.0022300141417168173,0.9977699858582867,0.4684457684727756,0.3011268765047349,1,500,100
4251,251,0.004362437598858014,0.9956375624011402,0.4356229560667366,0.29826076601746765,1,500,100
4252,252,0.00040559922544011105,0.9995944007745596,0.41330058657485125,0.3016547165215828,1,500,100
4253,253,1.1816322952947517e-17,1.0,0.4021630625506479,0.29872,1,500,100
4254,254,1.2646369429529802e-17,1.0,0.40551322885301466,0.30342,1,500,100
4255,255,0.26772859169489327,0.7322714083051067,0.32327884458320205,0.2945752186532321,1,500,100
4256,256,3.8702180296518943e-14,0.9999999999999633,0.3679175175545799,0.3006999999999974,1,500,100
4257,257,1.0403529510760984e-17,1.0,0.35921927019236993,0.29818,1,500,100
4258,258,0.9699402148274553,0.03005978517254294,0.3012107992335628,0.22899473976732326,1,500,100
4259,259,0.0030111553519803842,0.996988844648021,0.37920148283422306,0.29546786506872474,1,500,100
4260,260,1.04104802314064e-17,1.0,0.39144576816598664,0.30286,1,500,100
4261,261,9.602779083341397e-18,1.0,0.37278012144417255,0.29962,1,500,100
4262,262,0.9862857302562665,0.013714269743731751,0.29952321407831856,0.25262213291703345,1,500,100
4263,263,0.8543956074701476,0.14560439252985355,0.30584768922160754,0.2590929924482132,1,500,100
4264,264,0.9950670632612604,0.0049329367387388676,0.3017773224566722,0.1969062316499389,1,500,100
4265,265,0.9899360393792006,0.010063960620799926,0.29984997042257217,0.23725330035312636,1,500,100
4266,266,0.986243170491284,0.013756829508715512,0.30075306803664126,0.21838902943869223,1,500,100
4267,267,0.02865157723516096,0.9713484227648382,0.37910354385040335,0.29622541076890957,1,500,100
4268,268,1.0798689432247634e-17,1.0,0.3752425056643523,0.30242,1,500,100
4269,269,1.0062968305281261e-17,1.0,0.37401282485454174,0.3028,1,500,100
4270,270,0.07557820135002054,0.9244217986499783,0.3582091566498502,0.2966039924996555,1,500,100
4271,271,3.5351062033738544e-11,0.9999999999646471,0.37692647028280185,0.298399999997224,1,500,100
4272,272,0.6189367828034205,0.3810632171965785,0.31366651302139975,0.27549302273174087,1,500,100
4273,273,1.1361612179358739e-17,1.0,0.3890583260427934,0.29712,1,500,100
4274,274,0.2433142210121094,0.7566857789878901,0.3208212582079876,0.2958686837942826,1,500,100
4275,275,0.9709399059088228,0.029060094091176204,0.3013447547495134,0.22203479992685501,1,500,100
4276,276,1.0011182000670514e-17,1.0,0.372145347834482,0.302,1,500,100
4277,277,0.06767718673729353,0.932322813262707,0.3617638958736096,0.29772610228506374,1,500,100
4278,278,0.6024668351598591,0.3975331648401416,0.310119056480017,0.28949422010111,1,500,100
4279,279,6.874323973264064e-05,0.9999312567602658,0.4015197969857613,0.3017131389669809,1,500,100
4280,280,0.9425517879479614,0.05744821205204152,0.30054703248199577,0.2398483204169989,1,500,100
4281,281,9.859304850803944e-18,1.0,0.39351452240792933,0.29852,1,500,100
4282,282,0.018880185626639134,0.9811198143733624,0.3131050141323357,0.300481668898761,1,500,100
4283,283,1.2445084877129678e-17,1.0,0.4082172280519924,0.29784,1,500,100
4284,284,0.005307878061703851,0.9946921219382966,0.4299187888710516,0.29988982209988935,1,500,100
4285,285,1.0047332370148237e-17,1.0,0.3546229101249177,0.29712,1,500,100
4286,286,4.957933309365149e-16,0.9999999999999998,0.4034661454360918,0.29999999999999993,1,500,100
4287,287,0.8839587991693161,0.1160412008306865,0.3071478613731071,0.25589139961186225,1,500,100
4288,288,1.0078275364859765e-17,1.0,0.3692402501340439,0.2964,1,500,100
4289,289,1.1013110635602482e-17,1.0,0.3773085014791886,0.29822,1,500,100
4290,290,7.0710148786328224e-15,0.9999999999999936,0.4003271907388712,0.3008799999999993,1,500,100
4291,291,1.1377358143945588e-17,1.0,0.3782699049808966,0.29758,1,500,100
4292,292,1.0245530606669845e-17,1.0,0.36612884661094364,0.2984,1,500,100
4293,293,0.992528731481967,0.007471268518036088,0.3026737257350591,0.24194431493102428,1,500,100
4294,294,1.1159078161696069e-17,1.0,0.378112013207874,0.2999,1,500,100
4295,295,8.681108781928456e-18,1.0,0.36243835004986874,0.30164,1,500,100
4296,296,2.4649686832120804e-14,0.999999999999978,0.3785901562736855,0.297619999999998,1,500,100
4297,297,6.967215507988545e-05,0.9999303278449175,0.40768892911778265,0.3016326108277449,1,500,100
4298,298,0.2408403155658816,0.759159684434117,0.32177466249577763,0.29382973479378677,1,500,100
4299,299,0.039560537642136843,0.9604394623578636,0.37188192396783676,0.2982261374863374,1,500,100
4300,300,3.697338537717836e-15,0.9999999999999969,0.41248185529664594,0.30047999999999964,1,500,100
4301,301,0.3366928040800482,0.6633071959199554,0.32368233022944504,0.28710451171837764,1,500,100
4302,302,5.674916712255853e-07,0.9999994325083288,0.41252286680738337,0.30203993730185774,1,500,100
4303,303,1.0336584627662123e-17,1.0,0.3894714600514725,0.29776,1,500,100
4304,304,0.608407523090159,0.3915924769098399,0.29860584610335994,0.29828447602916175,1,500,100
4305,305,1.1753157934016357e-17,1.0,0.4047425236357903,0.30166,1,500,100
4306,306,1.3252113332943642e-14,0.9999999999999882,0.37858435745566027,0.30371999999999894,1,500,100
4307,307,0.4146201867314953,0.5853798132685051,0.3121786237653596,0.29680634142594103,1,500,100
4308,308,0.12609498823289586,0.8739050117671061,0.3165929201517973,0.2963242182753996,1,500,100
4309,309,0.004225047712128309,0.995774952287871,0.3280419757730012,0.2994793214225845,1,500,100
4310,310,6.692244420742159e-17,1.0,0.35842702695147954,0.29714,1,500,100
4311,311,9.328668621053047e-18,1.0,0.38189715708384225,0.30036,1,500,100
4312,312,0.020690900483537184,0.9793090995164637,0.374224004625249,0.3000043280582315,1,500,100
4313,313,0.0016593942581806553,0.9983406057418198,0.4588908575771152,0.30069749484219543,1,500,100
4314,314,1.683183770180986e-14,0.9999999999999845,0.41018185510905636,0.29891999999999813,1,500,100
4315,315,4.800461024806646e-05,0.9999519953897514,0.42348384504192615,0.30045409400475254,1,500,100
4316,316,0.0022940640765286608,0.9977059359234698,0.4482129597534942,0.30216495652233866,1,500,100
4317,317,0.09238053577720355,0.9076194642227998,0.3129567941117502,0.2973370386188577,1,500,100
4318,318,1.4662565804819902e-05,0.9999853374341962,0.4592071799879816,0.2985176438791027,1,500,100
4319,319,0.6153398198039229,0.3846601801960762,0.3139878967576028,0.27980734614562935,1,500,100
4320,320,1.098526067923617e-17,1.0,0.38033564524740093,0.29752,1,500,100
4321,321,0.9976938924410389,0.0023061075589635226,0.3039218108591132,0.18171985283774533,1,500,100
4322,322,0.011774308353337965,0.9882256916466617,0.38461315455161443,0.2975549498531928,1,500,100
4323,323,0.919879916556002,0.08012008344399592,0.30623225823567884,0.23219017065066602,1,500,100
4324,324,0.9917149342261972,0.008285065773804426,0.30146450574739025,0.18022156395128627,1,500,100
4325,325,1.0244693079675532e-17,1.0,0.3934940950626535,0.2997,1,500,100
4326,326,0.20195812819508438,0.7980418718049149,0.3185178687236554,0.2953638596716437,1,500,100
4327,327,1.1201277411036447e-17,1.0,0.43289844367112423,0.29968,1,500,100
4328,328,1.3355001017531119e-17,1.0,0.40984731598175095,0.3012,1,500,100
4329,329,2.163835247595511e-15,0.9999999999999987,0.3895679950415777,0.30047999999999986,1,500,100
4330,330,1.0144790756876998e-17,1.0,0.37716985442015577,0.29718,1,500,100
4331,331,0.06712106462167966,0.9328789353783172,0.353471231659926,0.2954237941990668,1,500,100
4332,332,1.0281295994104044e-17,1.0,0.3762362925751767,0.29778,1,500,100
4333,333,0.0011809818969636195,0.998819018103042,0.4211332930584091,0.3020994231545179,1,500,100
4334,334,9.319393572571029e-18,1.0,0.3697754260776406,0.29842,1,500,100
4335,335,1.0666753912154145e-17,1.0,0.40742505031874593,0.3003,1,500,100
4336,336,9.966752553085926e-18,1.0,0.3566427710817428,0.29996,1,500,100
4337,337,1.0149713189214654e-17,1.0,0.4105928877319439,0.29938,1,500,100
4338,338,1.6853071880019395e-15,0.9999999999999991,0.39191481848248266,0.30037999999999987,1,500,100
4339,339,3.0131500731311426e-16,1.0,0.3943720087876233,0.29838,1,500,100
4340,340,0.8793860437751292,0.1206139562248707,0.30869991139717773,0.25530715653909736,1,500,100
4341,341,9.8963587160313e-18,1.0,0.38442366493854135,0.30342,1,500,100
4342,342,0.05766900607276312,0.9423309939272373,0.3735044441014032,0.29535308902977986,1,500,100
4343,343,7.618481882268942e-16,0.9999999999999999,0.3711197152342657,0.30438,1,500,100
4344,344,0.009902983717621015,0.9900970162823771,0.4133372431257277,0.2961595916251204,1,500,100
4345,345,0.0013438640853452664,0.9986561359146557,0.4109544777542826,0.30063174123659697,1,500,100
4346,346,1.4058145972950104e-17,1.0,0.3652289573570956,0.29672,1,500,100
4347,347,0.9570015192212411,0.04299848077876094,0.3065736442745302,0.24206801002197734,1,500,100
4348,348,0.9914497981000114,0.008550201899990555,0.2996570078917811,0.2087810378422365,1,500,100
4349,349,0.1937129905208435,0.8062870094791571,0.33690904387608767,0.2932657215077675,1,500,100
4350,350,0.0010990104928066907,0.9989009895071933,0.37855085797153093,0.301295095105981,1,500,100
4351,351,2.398227379610884e-17,1.0,0.39151160345399066,0.30002,1,500,100
4352,352,1.0624821307687272e-17,1.0,0.43070416889255386,0.30194,1,500,100
4353,353,5.851274394593049e-07,0.9999994148725593,0.3840171882392017,0.29977995071048086,1,500,100
4354,354,0.07165841440298226,0.9283415855970164,0.3024391012739698,0.2976142594878623,1,500,100
4355,355,0.01892244564260348,0.9810775543573957,0.3728772435728232,0.29280483418590375,1,500,100
4356,356,1.0281798011101074e-17,1.0,0.39453340369568896,0.29962,1,500,100
4357,357,3.929572910114755e-17,1.0,0.405348832108682,0.30084,1,500,100
4358,358,0.9316528840353856,0.06834711596461501,0.3063654173010738,0.23898265745707267,1,500,100
4359,359,1.046345231342065e-17,1.0,0.3836174693955293,0.30166,1,500,100
4360,360,1.8184149548569986e-17,1.0,0.4105238262912945,0.29874,1,500,100
4361,361,1.047888532754466e-17,1.0,0.3687078601497102,0.29776,1,500,100
4362,362,3.902162589461718e-15,0.9999999999999971,0.3880140875206272,0.30131999999999964,1,500,100
4363,363,0.003634505203732596,0.9963654947962675,0.39578474723283047,0.30025278859922333,1,500,100
4364,364,1.99756166834468e-14,0.999999999999983,0.3685404253070956,0.2975999999999986,1,500,100
4365,365,1.177443980393195e-17,1.0,0.38178585296166506,0.29968,1,500,100
4366,366,1.1106177022511674e-17,1.0,0.40818222755838723,0.30126,1,500,100
4367,367,6.089475680854958e-16,0.9999999999999997,0.4108582587083032,0.30097999999999997,1,500,100
4368,368,0.06256251674927953,0.9374374832507192,0.36016908931941627,0.2954937478671257,1,500,100
4369,369,0.008574147269200636,0.9914258527308012,0.4108317852517698,0.30206743847308115,1,500,100
4370,370,1.154964276769353e-17,1.0,0.38875776108200355,0.30018,1,500,100
4371,371,1.0110006207234536e-17,1.0,0.3652048213402213,0.29704,1,500,100
4372,372,2.293359154385287e-13,0.9999999999997702,0.4118976828019679,0.30321999999997507,1,500,100
4373,373,0.0002352586907606143,0.9997647413092395,0.45085984339223223,0.30258511708201535,1,500,100
4374,374,0.9921364106381468,0.007863589361852337,0.29868887887886786,0.18565158280896252,1,500,100
4375,375,0.003153529543259794,0.9968464704567407,0.32293579466313915,0.29852301357360095,1,500,100
4376,376,1.0513791378263553e-17,1.0,0.37010694606597133,0.29774,1,500,100
4377,377,3.875626266722277e-14,0.9999999999999635,0.37522486402756566,0.298179999999997,1,500,100
4378,378,1.1178536601724773e-17,1.0,0.3727104872420251,0.30174,1,500,100
4379,379,3.8631301546237416e-13,0.9999999999996185,0.37287493810795336,0.30009999999997194,1,500,100
4380,380,1.5746454615685256e-15,0.9999999999999991,0.40633651546595906,0.30317999999999984,1,500,100
4381,381,0.3714656218322644,0.628534378167736,0.30293777355288193,0.2976910063633204,1,500,100
4382,382,8.412545989868148e-13,0.9999999999991593,0.38525429817411533,0.29935999999992774,1,500,100
4383,383,0.310524520485412,0.6894754795145864,0.3220629373868029,0.2884679248373931,1,500,100
4384,384,7.589056759903887e-17,1.0,0.4013079246733242,0.30288,1,500,100
4385,385,5.281390887243003e-07,0.99999947186091,0.3820322401740036,0.29821995573545645,1,500,100
4386,386,1.1536706810337646e-17,1.0,0.4105331236113464,0.30106,1,500,100
4387,387,1.0364643909397205e-17,1.0,0.3671761250519038,0.30288,1,500,100
4388,388,4.427266365064542e-17,1.0,0.3687159595599613,0.29974,1,500,100
4389,389,1.0420458013527952e-17,1.0,0.36993756599790917,0.30096,1,500,100
4390,390,0.05142889371993175,0.9485711062800657,0.3212668310429465,0.29886805576687003,1,500,100
4391,391,0.9446671592740736,0.055332840725926306,0.3054783333422046,0.2390018377575293,1,500,100
4392,392,0.08029981994886888,0.9197001800511341,0.35906345911388965,0.297626634005572,1,500,100
4393,393,0.1399434639330152,0.8600565360669854,0.33220773164416295,0.2988753512226854,1,500,100
4394,394,0.6237097622385479,0.3762902377614522,0.3122078064844245,0.27747980885641055,1,500,100
4395,395,0.12688756859767067,0.8731124314023277,0.34567591803665143,0.29290388504354914,1,500,100
4396,396,0.007740456212203183,0.9922595437878007,0.4381765537926313,0.2960397966552334,1,500,100
4397,397,0.0016311439480144446,0.9983688560519868,0.38605498754872863,0.2979763310324743,1,500,100
4398,398,1.0119387430833954e-17,1.0,0.35916452671012994,0.30048,1,500,100
4399,399,0.17218263818956084,0.8278173618104374,0.3056406438194759,0.29875428931368414,1,500,100
4400,400,1.0453880334600404e-17,1.0,0.3818375698102701,0.3012,1,500,100
4401,401,0.9971368224227746,0.002863177577226538,0.3011962868658881,0.2256554375631998,1,500,100
4402,402,1.02444196131279e-17,1.0,0.3806012272969185,0.30112,1,500,100
4403,403,0.004448445260301493,0.9955515547396977,0.4092303808832792,0.29935120851647906,1,500,100
4404,404,1.1007164397665958e-17,1.0,0.39948043039208136,0.29654,1,500,100
4405,405,2.900828312737281e-17,1.0,0.38680356100705016,0.30066,1,500,100
4406,406,8.371843040816737e-13,0.9999999999991601,0.38664532157707354,0.30219999999992936,1,500,100
4407,407,1.107148890306091e-17,1.0,0.3710034087238409,0.29854,1,500,100
4408,408,1.04008915074081e-17,1.0,0.3626761871832703,0.29742,1,500,100
4409,409,0.5473086892150278,0.45269131078497277,0.31211755844860745,0.2776623831956055,1,500,100
4410,410,0.0688432647615324,0.9311567352384635,0.354264328631015,0.2980715023850502,1,500,100
4411,411,1.828662231525976e-15,0.999999999999999,0.3843644042535643,0.30047999999999986,1,500,100
4412,412,0.0001552946328267495,0.9998447053671733,0.43627861228936715,0.29759846371724713,1,500,100
4413,413,1.0766406450539892e-17,1.0,0.39517431698727346,0.30082,1,500,100
4414,414,1.0387668054316841e-17,1.0,0.3806190519187894,0.29778,1,500,100
4415,415,0.9914072206907645,0.008592779309239141,0.30208031022888987,0.20661524597338807,1,500,100
4416,416,9.118072896625948e-18,1.0,0.37862975412075217,0.30184,1,500,100
4417,417,0.0016205882512207042,0.998379411748777,0.3883262935357905,0.30288152921881956,1,500,100
4418,418,0.9474456150392779,0.052554384960722,0.3030559426272317,0.2574661668354999,1,500,100
4419,419,9.938361750821336e-18,1.0,0.3670081215506708,0.30122,1,500,100
4420,420,1.0089024860920477e-17,1.0,0.3538817114450364,0.30242,1,500,100
4421,421,0.00824978646014909,0.9917502135398506,0.4134710611053933,0.2999837539500309,1,500,100
4422,422,0.017458109108155272,0.9825418908918462,0.3820590243021494,0.2994579412801502,1,500,100
4423,423,0.18720065493179328,0.8127993450682088,0.33290897001433684,0.2932571540896669,1,500,100
4424,424,0.011580337543397346,0.9884196624566027,0.3988671469898536,0.2995296381165266,1,500,100
4425,425,0.0029642444776037205,0.9970357555223963,0.4829233548608389,0.2973298554944239,1,500,100
4426,426,1.134564617369516e-17,1.0,0.3682324744397854,0.2974,1,500,100
4427,427,5.596423455519016e-17,1.0,0.4022163755497413,0.30222,1,500,100
4428,428,3.443830589373721e-15,0.9999999999999971,0.4255936546264709,0.30285999999999963,1,500,100
4429,429,0.958774526521973,0.041225473478024216,0.3022317211537252,0.2233552188508819,1,500,100
4430,430,1.4875514987021444e-15,0.9999999999999993,0.3765793183088144,0.30189999999999995,1,500,100
4431,431,1.0968281363780201e-17,1.0,0.39434184694841606,0.30432,1,500,100
4432,432,9.083107710406e-18,1.0,0.3690239217692867,0.29874,1,500,100
4433,433,1.1583206345614418e-17,1.0,0.40804687380431254,0.29954,1,500,100
4434,434,1.0303189326015025e-17,1.0,0.3680877362948987,0.2979,1,500,100
4435,435,9.616890326137828e-18,1.0,0.3607269386388631,0.30068,1,500,100
4436,436,0.004082914626489611,0.9959170853735109,0.43306023900157525,0.2987717114065123,1,500,100
4437,437,1.1012764016548494e-17,1.0,0.37012419818205855,0.29652,1,500,100
4438,438,1.1187455778625385e-17,1.0,0.37030696593414364,0.30126,1,500,100
4439,439,0.06608256405570086,0.933917435944301,0.35923200161152685,0.29555185246494436,1,500,100
4440,440,2.569732658639731e-17,1.0,0.40340665860754754,0.29984,1,500,100
4441,441,0.8391427512194002,0.16085724878059857,0.3101156529712796,0.26699883340699937,1,500,100
4442,442,7.530209784450195e-15,0.9999999999999941,0.3847748633785262,0.3006599999999993,1,500,100
4443,443,0.9628287964052491,0.03717120359475056,0.30341215201518773,0.23260056238026203,1,500,100
4444,444,0.03511227744137613,0.9648877225586249,0.3804420111119201,0.2982334709290485,1,500,100
4445,445,1.6409413827885978e-15,0.9999999999999996,0.3486632057793231,0.3024999999999999,1,500,100
4446,446,0.001079876631534405,0.9989201233684634,0.33703740881252464,0.3027629878537473,1,500,100
4447,447,0.0018196406913903484,0.9981803593086145,0.46056066962748826,0.30088945576200665,1,500,100
4448,448,0.5543359010913986,0.4456640989086014,0.3163439563153097,0.2873446351966477,1,500,100
4449,449,0.0038560629746337447,0.9961439370253667,0.42247941873014194,0.30165408992318954,1,500,100
4450,450,1.4252875446045575e-09,0.9999999985747126,0.38931124449645177,0.30073999987376054,1,500,100
4451,451,0.2376081627138466,0.7623918372861537,0.2999216989317785,0.2964566842207317,1,500,100
4452,452,1.0044793218960126e-17,1.0,0.3540374358417798,0.29752,1,500,100
4453,453,1.056986815511013e-17,1.0,0.39334759363631666,0.297,1,500,100
4454,454,9.681982909139265e-18,1.0,0.38593876994483095,0.30266,1,500,100
4455,455,5.827041059734492e-15,0.9999999999999962,0.36686805919437004,0.2999999999999996,1,500,100
4456,456,0.9888077318041243,0.011192268195874003,0.2960169998702443,0.20693765931156693,1,500,100
4457,457,2.3830134470948265e-12,0.999999999997618,0.4090522981861831,0.30115999999974286,1,500,100
4458,458,0.027209703157818038,0.9727902968421814,0.3684449657806797,0.3023413399638691,1,500,100
4459,459,0.9290215777087029,0.0709784222912947,0.2972335629011613,0.24491395954451128,1,500,100
4460,460,1.0712150221686714e-17,1.0,0.3948865873909751,0.3024,1,500,100
4461,461,0.08460043365544805,0.9153995663445529,0.3552898877659093,0.29884471380516364,1,500,100
4462,462,0.003204573766788631,0.996795426233213,0.41732314097069934,0.29558989683931053,1,500,100
4463,463,0.00830662311805532,0.9916933768819433,0.4340166706490752,0.2986959417045977,1,500,100
4464,464,1.0651842778174034e-17,1.0,0.3765121983942884,0.3004,1,500,100
4465,465,0.035598868624309894,0.9644011313756904,0.37236140856535316,0.2955039618516386,1,500,100
4466,466,0.00023468303472016163,0.9997653169652795,0.3416059183024607,0.29782972647045236,1,500,100
4467,467,9.798459750672094e-18,1.0,0.38957392176887023,0.29924,1,500,100
4468,468,0.003104469334135899,0.9968955306658627,0.4803967005451879,0.2962683792730647,1,500,100
4469,469,1.0549306517292787e-17,1.0,0.37713529345573266,0.29902,1,500,100
4470,470,1.2344107371615951e-17,1.0,0.3777682694208357,0.30084,1,500,100
4471,471,0.35672649529178097,0.6432735047082191,0.3201290984834346,0.2827746943185469,1,500,100
4472,472,9.896816341528998e-18,1.0,0.37274333246752245,0.30124,1,500,100
4473,473,1.1259979379751825e-17,1.0,0.4053104979318094,0.302,1,500,100
4474,474,0.026447980161837716,0.973552019838159,0.3860800833612501,0.2965316241266399,1,500,100
4475,475,0.9061823902170604,0.09381760978293853,0.2955249590670608,0.27863091251516353,1,500,100
4476,476,1.1484626314554232e-14,0.9999999999999891,0.4258942327664995,0.2987799999999985,1,500,100
4477,477,0.0017928113647405627,0.9982071886352616,0.40493750804263673,0.29792815241109016,1,500,100
4478,478,0.02532906563453365,0.9746709343654648,0.36188222051478175,0.2958063601971566,1,500,100
4479,479,2.511363646180584e-14,0.9999999999999774,0.41061698014142456,0.3025399999999973,1,500,100
4480,480,0.048653588463700444,0.9513464115362986,0.3599019002581102,0.29502342958785516,1,500,100
4481,481,0.0002740639675616254,0.9997259360324374,0.422220990132988,0.3035874868313994,1,500,100
4482,482,0.7907183500989455,0.20928164990105416,0.3104763049338738,0.2651005878637743,1,500,100
4483,483,8.914183052113647e-15,0.9999999999999926,0.3928672166693151,0.2989199999999992,1,500,100
4484,484,0.7927900567549973,0.20720994324500402,0.3082944764259444,0.2671068949214544,1,500,100
4485,485,6.465556788195309e-16,0.9999999999999998,0.3796775897161498,0.29666,1,500,100
4486,486,0.9774706763218115,0.022529323678186906,0.2981724626071065,0.22216207580776814,1,500,100
4487,487,0.1493954791441824,0.8506045208558191,0.31296908279980074,0.29577062871084053,1,500,100
4488,488,8.536698499356557e-06,0.9999914633015001,0.3914820925349515,0.30509926257582515,1,500,100
4489,489,1.5691986491026535e-17,1.0,0.40293160582891435,0.29942,1,500,100
4490,490,0.980867281287764,0.019132718712237654,0.30252498328649957,0.2165474851985033,1,500,100
4491,491,0.3707580580081187,0.6292419419918815,0.2996071203244478,0.2985151391982808,1,500,100
4492,492,1.0503085359086267e-17,1.0,0.382842525427452,0.29778,1,500,100
4493,493,0.0007453200265970363,0.9992546799734022,0.41933145493181484,0.2943668613858146,1,500,100
4494,494,1.598376725855431e-10,0.9999999998401644,0.44188232079964956,0.2971399999768647,1,500,100
4495,495,0.004917151026538142,0.9950828489734587,0.41440420185934107,0.302228414713081,1,500,100
4496,496,0.011045438352414618,0.9889545616475844,0.3096758152395119,0.3025209716158335,1,500,100
4497,497,1.2597409728617714e-17,1.0,0.4030659798491077,0.3021,1,500,100
4498,498,1.3075667509858567e-17,1.0,0.36977517954191497,0.30088,1,500,100
4499,499,0.9411414639226378,0.05885853607736045,0.3019906964698272,0.2406453639069948,1,500,100
4500,500,0.00499563020515487,0.9950043697948455,0.40771366179415636,0.3000823135858692,1,500,100
4501,501,3.4906788099764126e-17,1.0,0.3688470723011318,0.2964,1,500,100
4502,502,0.978446221428578,0.021553778571420205,0.2980072809080235,0.22250864373722018,1,500,100
4503,503,0.9245387688017563,0.07546123119824226,0.30160102261979616,0.28144467749205254,1,500,100
4504,504,9.995005147854363e-18,1.0,0.3626433770704006,0.30066,1,500,100
4505,505,0.23228485374017052,0.7677151462598314,0.3303168565215377,0.29340621764774477,1,500,100
4506,506,1.0653789404044503e-17,1.0,0.39464838735577407,0.29758,1,500,100
4507,507,2.4131292961314777e-15,0.9999999999999987,0.3667345959114391,0.2973199999999998,1,500,100
4508,508,0.007003579760362056,0.99299642023964,0.3856141907109427,0.297905726777181,1,500,100
4509,509,7.594324673058506e-17,1.0,0.35802104199350454,0.29764,1,500,100
4510,510,1.144117829062512e-06,0.9999988558821735,0.4199960059213511,0.30099986385439226,1,500,100
4511,511,0.13057226424038862,0.8694277357596107,0.35679833352996976,0.2905267721797569,1,500,100
4512,512,1.024701528946458e-17,1.0,0.3975339568017364,0.29912,1,500,100
4513,513,0.017761480103666544,0.9822385198963315,0.3544116144018947,0.30068574911261214,1,500,100
4514,514,2.6168532765540296e-14,0.9999999999999766,0.379494229187617,0.301159999999998,1,500,100
4515,515,0.8281637767341521,0.17183622326584674,0.3108594508660748,0.26756560557150433,1,500,100
4516,516,0.4637944566825151,0.5362055433174848,0.3013165736829052,0.29774224718294506,1,500,100
4517,517,3.788900873560273e-17,1.0,0.3757060843454499,0.30262,1,500,100
4518,518,9.517921574018511e-18,1.0,0.3731517348091469,0.29568,1,500,100
4519,519,0.15200719415291808,0.8479928058470833,0.33892707297872177,0.2958523290341267,1,500,100
4520,520,0.2674918737213458,0.7325081262786521,0.3258440473106178,0.28772290392825045,1,500,100
4521,521,0.0495627041528548,0.9504372958471409,0.37062672520796913,0.29587510769632297,1,500,100
4522,522,0.020517003734733037,0.9794829962652661,0.3793250253276794,0.29607189521862426,1,500,100
4523,523,0.9843800848920646,0.015619915107934236,0.2969303666333809,0.2360871016851478,1,500,100
4524,524,0.4520964873957923,0.5479035126042074,0.3015294576404776,0.2943576517475007,1,500,100
4525,525,0.9630256176440253,0.036974382355973674,0.3012412397626509,0.23575698800855224,1,500,100
4526,526,0.00035645007753254843,0.9996435499224654,0.4119091800661109,0.3017207233160482,1,500,100
4527,527,2.408395876409283e-07,0.9999997591604106,0.43753100743244244,0.2967799661015772,1,500,100
4528,528,0.0075505303355544425,0.9924494696644456,0.39030949351250926,0.2989098844793372,1,500,100
4529,529,5.5710502334588576e-14,0.9999999999999473,0.4008315035279794,0.2992199999999943,1,500,100
4530,530,0.04464719604104422,0.9553528039589537,0.3636537932231195,0.29576914060644516,1,500,100
4531,531,0.9759047234158842,0.024095276584117604,0.3000856529199213,0.2292977989616267,1,500,100
4532,532,1.0612696795727172e-17,1.0,0.3835558975490528,0.30118,1,500,100
4533,533,9.935685933161126e-18,1.0,0.3764791664433873,0.30168,1,500,100
4534,534,1.5051747754873724e-15,0.9999999999999996,0.3753920792683603,0.2979599999999999,1,500,100
4535,535,4.724767535814157e-16,1.0,0.3723437376540083,0.3017599999999999,1,500,100
4536,536,6.982361276776263e-16,0.9999999999999999,0.37327083619635965,0.30054,1,500,100
4537,537,9.841427822539523e-18,1.0,0.3777735722706517,0.301,1,500,100
4538,538,8.982833481039677e-18,1.0,0.3702061456522931,0.2982,1,500,100
4539,539,5.704862759997843e-16,0.9999999999999998,0.38922021400086715,0.29871999999999993,1,500,100
4540,540,0.9563615923586383,0.04363840764136175,0.3004501745400259,0.299758707054001,1,500,100
4541,541,0.33736426904256894,0.6626357309574314,0.30552173682874556,0.2951363372687155,1,500,100
4542,542,0.016948141639091557,0.9830518583609096,0.39875569909036446,0.301206726190546,1,500,100
4543,543,5.034168395699936e-13,0.9999999999994965,0.3938028669801525,0.302439999999954,1,500,100
4544,544,4.2452626042289526e-15,0.9999999999999973,0.38806466134226747,0.3017399999999996,1,500,100
4545,545,3.215692487857238e-14,0.9999999999999697,0.42876942970706355,0.30091999999999586,1,500,100
4546,546,0.1284853842043765,0.8715146157956218,0.3595323501927413,0.2950327432166449,1,500,100
4547,547,0.0002476651769186946,0.9997523348230839,0.4522284768305715,0.3024228983749084,1,500,100
4548,548,0.015128156756143894,0.9848718432438536,0.30918190440188575,0.30142261627286815,1,500,100
4549,549,1.1211796905924708e-17,1.0,0.36277399380965747,0.2994,1,500,100
4550,550,4.911385099252047e-16,1.0,0.35503212478392737,0.29797999999999997,1,500,100
4551,551,9.638350948482246e-18,1.0,0.36130009640554184,0.29952,1,500,100
4552,552,1.176989479580856e-17,1.0,0.3899573151949792,0.2989,1,500,100
4553,553,0.6846224665127657,0.31537753348723396,0.3032030637648029,0.2920321229376385,1,500,100
4554,554,0.08752910092729602,0.9124708990727067,0.3328355627197352,0.2978804066132238,1,500,100
4555,555,0.011793873740157466,0.9882061262598428,0.4011570534868879,0.2987522506853732,1,500,100
4556,556,1.3325378557082025e-17,1.0,0.3729863372076779,0.30028,1,500,100
4557,557,8.436582163315608e-06,0.9999915634178366,0.4098511507148143,0.30041907676731683,1,500,100
4558,558,2.316236327888699e-14,0.999999999999979,0.37329382206298056,0.3016599999999983,1,500,100
4559,559,2.2886249572303352e-17,1.0,0.4281125586288592,0.30314,1,500,100
4560,560,1.919544608253544e-15,0.999999999999999,0.3820656699537299,0.30017999999999984,1,500,100
4561,561,9.867177026544612e-18,1.0,0.3768176416606491,0.29752,1,500,100
4562,562,0.03468293178494222,0.965317068215056,0.3873448023297068,0.29874717451830957,1,500,100
4563,563,1.0418718197317393e-17,1.0,0.41024192221548994,0.29772,1,500,100
4564,564,0.001325254240615683,0.9986747457593824,0.444212726097432,0.3001691055810771,1,500,100
4565,565,1.975629459641933e-17,1.0,0.42338139720131496,0.30542,1,500,100
4566,566,0.9592275666679596,0.04077243333203782,0.299238592565521,0.2703319890296731,1,500,100
4567,567,3.626106463533873e-15,0.9999999999999971,0.4006656864663446,0.29841999999999963,1,500,100
4568,568,1.1790402224646326e-17,1.0,0.38514481047614363,0.30396,1,500,100
4569,569,4.972037751968381e-17,1.0,0.3963658959978749,0.30264,1,500,100
4570,570,1.002285395582299e-17,1.0,0.3564262093030644,0.29614,1,500,100
4571,571,9.983562924451641e-18,1.0,0.40004460945420584,0.30454,1,500,100
4572,572,0.9722694404224148,0.02773055957758502,0.29875882182195473,0.21946645068163165,1,500,100
4573,573,4.2578748738435385e-16,1.0,0.36833417212004094,0.2990399999999999,1,500,100
4574,574,0.043815488717151505,0.9561845112828479,0.35605629046592857,0.2971175712115044,1,500,100
4575,575,9.70474974902531e-18,1.0,0.3733773384851383,0.30104,1,500,100
4576,576,0.0018709079176168135,0.9981290920823855,0.4315282298475841,0.2984309873151331,1,500,100
4577,577,2.210089059874832e-15,0.9999999999999988,0.3842664178582555,0.2988199999999998,1,500,100
4578,578,0.6716026946343944,0.3283973053656047,0.31219988860914993,0.27029976219419344,1,500,100
4579,579,0.9985426747556534,0.0014573252443472187,0.3024879230057617,0.20098483964430588,1,500,100
4580,580,0.29596558993808997,0.7040344100619085,0.31547530273130986,0.29582384460145333,1,500,100
4581,581,0.5463624224738248,0.4536375775261753,0.30077553527015993,0.2987573266483066,1,500,100
4582,582,1.6908115136103187e-14,0.9999999999999849,0.3784990724789197,0.3050599999999987,1,500,100
4583,583,3.673745139887826e-15,0.9999999999999981,0.3571188876095943,0.29659999999999975,1,500,100
4584,584,1.104744204554165e-17,1.0,0.3858780391320026,0.29984,1,500,100
4585,585,0.00020581702225367404,0.9997941829777505,0.3507647848978748,0.2983092037484872,1,500,100
4586,586,0.10470072695270692,0.8952992730472913,0.3476855633795212,0.29580842600462265,1,500,100
4587,587,1.3887541914114512e-15,0.9999999999999999,0.3432102267492437,0.29691999999999996,1,500,100
4588,588,0.9937852859395441,0.006214714060457635,0.2999412297745024,0.16779842054573954,1,500,100
4589,589,0.0019059892741519861,0.9980940107258456,0.4410233504880318,0.30257612106568493,1,500,100
4590,590,9.688766596088764e-18,1.0,0.3742122202023263,0.29778,1,500,100
4591,591,8.917195612941564e-17,1.0,0.40621386643166163,0.30164,1,500,100
4592,592,3.4661546640455275e-13,0.9999999999996557,0.36908821052367274,0.2981199999999754,1,500,100
4593,593,0.06870878016709751,0.931291219832905,0.35798553613734835,0.2972037581801753,1,500,100
4594,594,0.9453324371515114,0.05466756284848674,0.30297182385814847,0.2658049235560492,1,500,100
4595,595,0.013593760796879678,0.9864062392031201,0.40526489386369785,0.29765720684273145,1,500,100
4596,596,0.39532823627182534,0.6046717637281748,0.3205110105394441,0.2834479097237778,1,500,100
4597,597,0.3090867907666251,0.6909132092333743,0.3284045715892621,0.292185012815695,1,500,100
4598,598,1.1296063492428755e-17,1.0,0.3748905766209346,0.29884,1,500,100
4599,599,3.149160681978035e-16,1.0,0.35130212796862714,0.30044000000000004,1,500,100
4600,600,0.03311582764550133,0.9668841723544983,0.32723209152321703,0.2964609894885581,1,500,100
4601,601,0.00510897201929906,0.9948910279807031,0.43790884719215933,0.30297060429269324,1,500,100
4602,602,0.00011640613623244507,0.9998835938637691,0.3409827481748227,0.30179543835667466,1,500,100
4603,603,9.322639552281277e-18,1.0,0.39227964150421085,0.29894,1,500,100
4604,604,1.0394066390949336e-14,0.9999999999999911,0.396026310993033,0.30331999999999903,1,500,100
4605,605,0.03125730281620344,0.9687426971837941,0.3580087579676992,0.293689555202264,1,500,100
4606,606,0.000461639687050209,0.999538360312951,0.4237688939362444,0.30010291087428054,1,500,100
4607,607,0.742184415030272,0.25781558496972923,0.30895098049740705,0.2697331011803198,1,500,100
4608,608,1.0385234339177516e-15,0.9999999999999996,0.39550115704156985,0.3014199999999999,1,500,100
4609,609,2.5066004821328414e-17,1.0,0.37234340064885535,0.2973,1,500,100
4610,610,0.05130814979950417,0.9486918502004942,0.35509357509559614,0.2999296405845787,1,500,100
4611,611,9.873417840950991e-18,1.0,0.3849424379410423,0.29864,1,500,100
4612,612,0.9891689763577587,0.01083102364224213,0.30368496018906693,0.20351343209494227,1,500,100
4613,613,1.1003316077087537e-17,1.0,0.37452729828171516,0.29646,1,500,100
4614,614,1.01773684537631e-17,1.0,0.36657512024959826,0.2974,1,500,100
4615,615,1.0352857425591495e-17,1.0,0.37768156586769647,0.29894,1,500,100
4616,616,1.0919017315917903e-17,1.0,0.37339510159925043,0.30228,1,500,100
4617,617,9.89896284117641e-18,1.0,0.4069643245841591,0.30482,1,500,100
4618,618,0.002914565970975175,0.9970854340290213,0.40344462327367436,0.2977720101978652,1,500,100
4619,619,0.828686904632878,0.17131309536712105,0.30256640173693217,0.2729924702982704,1,500,100
4620,620,9.535520784429771e-18,1.0,0.4016373304639467,0.3002,1,500,100
4621,621,3.1839506529326585e-16,1.0,0.39169184912452576,0.29814,1,500,100
4622,622,0.1212293746400351,0.8787706253599654,0.3496401512975779,0.2905574398376788,1,500,100
4623,623,0.009218507658529433,0.9907814923414703,0.3955972073893836,0.296587276190977,1,500,100
4624,624,1.0431509116845203e-17,1.0,0.3741553565055122,0.29952,1,500,100
4625,625,9.142064492423108e-18,1.0,0.38322189577567406,0.3,1,500,100
4626,626,0.010468830557467876,0.9895311694425304,0.4124076986656406,0.29929585123520863,1,500,100
4627,627,0.01996391149905748,0.9800360885009404,0.3741736462654546,0.29618300167361405,1,500,100
4628,628,0.9966137902472803,0.0033862097527209947,0.3055659017838599,0.173884223322678,1,500,100
4629,629,0.010945287305369035,0.989054712694632,0.3985121064174308,0.2968270275976484,1,500,100
4630,630,0.6456341108200099,0.35436588917999,0.3125185587454304,0.27657108430056304,1,500,100
4631,631,2.1929278251350014e-11,0.9999999999780688,0.38885442753040267,0.2988599999980264,1,500,100
4632,632,0.0005901730379618416,0.9994098269620405,0.3928071022463007,0.3003454316149485,1,500,100
4633,633,6.369286182285303e-16,0.9999999999999998,0.40830827513808265,0.3028799999999999,1,500,100
4634,634,0.004283437302856465,0.9957165626971414,0.3886889308266834,0.29823253570284464,1,500,100
4635,635,0.46255387821890825,0.5374461217810914,0.3029478680569975,0.30289601531145127,1,500,100
4636,636,1.6091340863078417e-12,0.9999999999983935,0.39807119385369705,0.29827999999983945,1,500,100
4637,637,0.5295277314181244,0.4704722685818754,0.3121231516108305,0.28478221683139415,1,500,100
4638,638,4.081089864264871e-11,0.9999999999591873,0.3679400031523075,0.30355999999737265,1,500,100
4639,639,0.018660575867787847,0.9813394241322088,0.3589523914216756,0.29867519276130033,1,500,100
4640,640,0.7778759621724775,0.22212403782752058,0.2978316828280881,0.2872444323391782,1,500,100
4641,641,0.9189832560073001,0.08101674399269918,0.30340220593838446,0.24807776660040765,1,500,100
4642,642,0.00016077379981433787,0.9998392262001855,0.431149142634757,0.30105908492710426,1,500,100
4643,643,1.6491537166324775e-17,1.0,0.3820231202880462,0.3008,1,500,100
4644,644,0.007505887571806868,0.9924941124281927,0.40815562377584397,0.29861782157179356,1,500,100
4645,645,1.0001517033641717e-17,1.0,0.393625238053518,0.29802,1,500,100
4646,646,1.0182231070831868e-17,1.0,0.3776158745520701,0.2999,1,500,100
4647,647,1.1520307294412362e-17,1.0,0.40944307185458884,0.29954,1,500,100
4648,648,0.0007925222889767626,0.9992074777110219,0.3635733565596768,0.30077022712010165,1,500,100
4649,649,2.78098476837635e-15,0.999999999999998,0.4060245392128529,0.3005399999999997,1,500,100
4650,650,9.428473210977162e-18,1.0,0.3718838568226232,0.29944,1,500,100
4651,651,1.0324572577953663e-17,1.0,0.3689426787374505,0.3013,1,500,100
4652,652,0.0030570431648413374,0.9969429568351615,0.42623643069907335,0.2982086134363274,1,500,100
4653,653,0.09930227073967529,0.9006977292603257,0.32568891934449395,0.29765629694049506,1,500,100
4654,654,1.0040911571395221e-17,1.0,0.3655729049651153,0.29906,1,500,100
4655,655,1.1874659862904683e-17,1.0,0.4252309445009444,0.29904,1,500,100
4656,656,0.0037044207689859773,0.9962955792310166,0.3953323091068465,0.3016730466830695,1,500,100
4657,657,0.0018613760650072254,0.998138623934992,0.3569483072999222,0.298611413101432,1,500,100
4658,658,0.005010007971975824,0.9949899920280245,0.3092211682669335,0.30180283408661784,1,500,100
4659,659,0.9628035405830907,0.037196459416910924,0.3060219202136122,0.2435987689242033,1,500,100
4660,660,3.205858424492621e-17,1.0,0.3858306691054353,0.2986,1,500,100
4661,661,0.026565271219343798,0.973434728780656,0.31251451489284443,0.3007268576893484,1,500,100
4662,662,6.026643887577161e-16,0.9999999999999999,0.38270795863223883,0.2943799999999999,1,500,100
4663,663,5.605693990470415e-08,0.9999999439430579,0.37675489047875865,0.30129999577022953,1,500,100
4664,664,0.0009587188023126208,0.9990412811976879,0.3817544739920283,0.30296446253458137,1,500,100
4665,665,0.9802603713543632,0.019739628645636366,0.3018567706425652,0.22805747741790672,1,500,100
4666,666,4.718167260541487e-16,1.0,0.3776302838338801,0.29796,1,500,100
4667,667,9.946423934276402e-18,1.0,0.3598402902746865,0.299,1,500,100
4668,668,0.2240875434023618,0.7759124565976373,0.3357617460025067,0.2916565821898668,1,500,100
4669,669,1.5755844016554436e-09,0.9999999984244122,0.3768933070393462,0.2984799998764532,1,500,100
4670,670,0.002522392616296355,0.9974776073837001,0.42055426962920506,0.29935428605634057,1,500,100
4671,671,0.5743107099207988,0.42568929007920125,0.31427107147461736,0.2776455987695921,1,500,100
4672,672,1.0160971198299941e-17,1.0,0.35893767753054157,0.30186,1,500,100
4673,673,0.12096708885575415,0.8790329111442484,0.3042830912249128,0.29554270036183167,1,500,100
4674,674,1.0062207465712237e-14,0.9999999999999916,0.37954514734310923,0.29955999999999916,1,500,100
4675,675,1.2279707236723112e-13,0.9999999999998815,0.3722933253438249,0.298659999999991,1,500,100
4676,676,0.0020812780967119954,0.9979187219032877,0.4467038289810809,0.3014777441305293,1,500,100
4677,677,0.9785877681384652,0.021412231861532405,0.30353622773934485,0.22245043759039776,1,500,100
4678,678,4.0343455832487275e-16,0.9999999999999999,0.3493545228883898,0.29896,1,500,100
4679,679,1.0127332249757544e-17,1.0,0.3781854612496529,0.29898,1,500,100
4680,680,0.006608653492738816,0.9933913465072604,0.34604959421504566,0.2995728513106739,1,500,100
4681,681,0.03570518392027278,0.9642948160797288,0.362522011484747,0.29865978754880973,1,500,100
4682,682,1.896963115612605e-16,1.0,0.39695110913825804,0.30188,1,500,100
4683,683,1.0707386382049872e-17,1.0,0.4293096332939086,0.3021,1,500,100
4684,684,0.9503967104947614,0.04960328950523793,0.3014755114812217,0.24592452869951079,1,500,100
4685,685,1.1004969445926552e-17,1.0,0.3814091104925201,0.2973,1,500,100
4686,686,0.48992971573079996,0.5100702842692002,0.32024538045272266,0.28271059153602834,1,500,100
4687,687,0.005426014360527672,0.994573985639469,0.42590931260937526,0.2978049036372704,1,500,100
4688,688,5.4495177380203506e-17,1.0,0.36342976364875,0.29718,1,500,100
4689,689,1.3428351428584781e-16,1.0,0.4214717824257083,0.30407999999999996,1,500,100
4690,690,0.9200223030986406,0.07997769690135863,0.30365082005781524,0.2912621155038788,1,500,100
4691,691,0.00968381827499401,0.9903161817250075,0.39150684813807973,0.29916578593429866,1,500,100
4692,692,2.1099851806895785e-17,1.0,0.37058439505301716,0.29894,1,500,100
4693,693,9.806772189100774e-18,1.0,0.36560830789902404,0.3001,1,500,100
4694,694,1.0210778501428039e-17,1.0,0.38870245513748264,0.30314,1,500,100
4695,695,0.045653525579477966,0.9543464744205208,0.3861710150977874,0.2932582025350037,1,500,100
4696,696,2.141236551370467e-16,0.9999999999999999,0.40085687767421707,0.29886,1,500,100
4697,697,1.0703058453414587e-17,1.0,0.3908600845466321,0.3017,1,500,100
4698,698,1.0011105812382579e-17,1.0,0.3673410210875544,0.30526,1,500,100
4699,699,9.817468439089154e-18,1.0,0.36694951897897987,0.30296,1,500,100
4700,700,0.41873544745043256,0.5812645525495672,0.3084510508743893,0.295666767295088,1,500,100
4701,701,1.150073160232051e-15,0.9999999999999992,0.4016780163575528,0.3021399999999999,1,500,100
4702,702,6.178939570140034e-05,0.999938210604295,0.4516445502421535,0.30051066152834643,1,500,100
4703,703,0.031542160509841835,0.9684578394901568,0.3735332685724243,0.2993810797582678,1,500,100
4704,704,0.002193775275869291,0.9978062247241315,0.4982247029010731,0.30367319771804635,1,500,100
4705,705,1.0943500387103866e-17,1.0,0.3855331603049714,0.30078,1,500,100
4706,706,1.0674421808957676e-17,1.0,0.39805845339491347,0.29942,1,500,100
4707,707,0.03823253764899679,0.9617674623510053,0.31975179014466953,0.2980087067453294,1,500,100
4708,708,1.0491654705567868e-17,1.0,0.3921172278046882,0.30072,1,500,100
4709,709,0.41036011619325397,0.5896398838067458,0.3234129736765379,0.28662276617482185,1,500,100
4710,710,1.706692624156693e-06,0.9999982933073741,0.411317936171399,0.3021998137689053,1,500,100
4711,711,0.5273600446305966,0.4726399553694037,0.3159863213249219,0.2846594706075515,1,500,100
4712,712,1.7585489885347565e-13,0.9999999999998247,0.3810051643967897,0.301739999999986,1,500,100
4713,713,9.86241497022945e-18,1.0,0.3628437800407828,0.2998,1,500,100
4714,714,1.056382890600817e-17,1.0,0.3912799818648318,0.29898,1,500,100
4715,715,0.01788284276011547,0.9821171572398837,0.33742084319127646,0.30131431259065583,1,500,100
4716,716,1.0049873641010362e-17,1.0,0.37086027211862627,0.3002,1,500,100
4717,717,0.0128788115496825,0.9871211884503157,0.3574643850068939,0.29878426985524836,1,500,100
4718,718,0.004418185439838456,0.9955818145601619,0.4260959450518886,0.2989984597409592,1,500,100
4719,719,0.34225071678144425,0.657749283218556,0.31123798709882194,0.2948214171772489,1,500,100
4720,720,3.5252534778870245e-17,1.0,0.43051982036053776,0.30054,1,500,100
4721,721,7.187263295937647e-14,0.9999999999999295,0.4359450803426918,0.2980799999999901,1,500,100
4722,722,1.6581024968323614e-16,0.9999999999999999,0.41587407885856453,0.29407999999999995,1,500,100
4723,723,0.0156267404192785,0.9843732595807193,0.3767005943040141,0.30065160214031006,1,500,100
4724,724,9.595544531582216e-18,1.0,0.38349324958497877,0.30086,1,500,100
4725,725,1.1669669204683123e-17,1.0,0.43674426084481954,0.3003,1,500,100
4726,726,1.0941252724167346e-14,0.9999999999999911,0.376713527927613,0.3039399999999992,1,500,100
4727,727,9.847938081564503e-18,1.0,0.36751481838556677,0.29838,1,500,100
4728,728,0.5142890626025042,0.48571093739749577,0.31680405885187224,0.2831542939537501,1,500,100
4729,729,1.5532719890998799e-15,0.9999999999999997,0.3589586244977059,0.29833999999999994,1,500,100
4730,730,0.9919952546767379,0.008004745323263627,0.3026321749810646,0.18867789608432384,1,500,100
4731,731,0.31920777575881215,0.6807922242411906,0.32779773558098013,0.29043283234734957,1,500,100
4732,732,0.885239877058117,0.11476012294188193,0.3065820861098971,0.26456325599467306,1,500,100
4733,733,0.00701291797474941,0.9929870820252501,0.39511254641526,0.3002144876982547,1,500,100
4734,734,0.003410344761244992,0.996589655238752,0.424904267730477,0.29824805866092047,1,500,100
4735,735,9.322721174564478e-18,1.0,0.3999102289136,0.30196,1,500,100
4736,736,0.0016223221679470396,0.9983776778320554,0.4363663726930834,0.29975837782160114,1,500,100
4737,737,1.0084617041454042e-15,0.9999999999999996,0.38351656715514026,0.29915999999999987,1,500,100
4738,738,0.00011162287687805673,0.99988837712312,0.37313288199333144,0.3005118938363802,1,500,100
4739,739,0.9891784740187675,0.010821525981234282,0.30134859612221193,0.20444949667631843,1,500,100
4740,740,1.0795481174838271e-17,1.0,0.39363096936385156,0.30038,1,500,100
4741,741,1.0322882095425136e-17,1.0,0.37634210615691094,0.29994,1,500,100
4742,742,0.8513768032711023,0.14862319672889904,0.30895811506142673,0.26913852302141766,1,500,100
4743,743,3.6243953249917843e-14,0.9999999999999664,0.37975389724276776,0.30037999999999715,1,500,100
4744,744,0.10728166130410718,0.8927183386958933,0.3293759587716501,0.2991581872726829,1,500,100
4745,745,0.00036043816459353084,0.9996395618354057,0.3748219026131747,0.2999730216067082,1,500,100
4746,746,7.804112194095062e-15,0.9999999999999948,0.37215696506991236,0.30291999999999947,1,500,100
4747,747,0.0035761917758025254,0.9964238082241986,0.35707223050538023,0.2997951662338099,1,500,100
4748,748,0.7824757498792237,0.2175242501207766,0.3106775468558457,0.2668316453044088,1,500,100
4749,749,0.07253389335787894,0.9274661066421214,0.3096095262679576,0.30101673111255167,1,500,100
4750,750,8.964945756574739e-17,1.0,0.4008244500048524,0.30372,1,500,100
4751,751,1.1008316136427378e-17,1.0,0.37632317913173685,0.29896,1,500,100
4752,752,0.0030124043227811766,0.9969875956772218,0.38141453271408904,0.29748717687045706,1,500,100
4753,753,9.954788583328794e-18,1.0,0.3807485112962224,0.29754,1,500,100
4754,754,1.1003494214004628e-17,1.0,0.35508103147178355,0.2988,1,500,100
4755,755,0.020321373753290205,0.9796786262467091,0.3603478448352444,0.2971762667511683,1,500,100
4756,756,8.011263053969701e-17,1.0,0.3746352156384548,0.29996,1,500,100
4757,757,0.917123685280379,0.08287631471962223,0.3028889660193966,0.2817856384243724,1,500,100
4758,758,0.8735135655410378,0.1264864344589609,0.3016097201119071,0.2778149145678897,1,500,100
4759,759,0.9999587639771534,4.1236022847295415e-05,0.2990836881670289,0.20964327237859984,1,500,100
4760,760,7.5732302857642e-17,1.0,0.3837080321641756,0.30388,1,500,100
4761,761,0.002677830390282221,0.9973221696097159,0.3692500546074088,0.2997739547885066,1,500,100
4762,762,1.3038613833207825e-17,1.0,0.38014923687090674,0.29802,1,500,100
4763,763,0.9353735686170318,0.06462643138297024,0.3038145258575655,0.25716912407603026,1,500,100
4764,764,0.03504464156634682,0.9649553584336532,0.3745141953592974,0.29795708345392136,1,500,100
4765,765,0.008575854974014483,0.9914241450259875,0.4397292054096469,0.30000171732631403,1,500,100
4766,766,1.1090680126924268e-17,1.0,0.37280496369120314,0.30142,1,500,100
4767,767,0.00444644082172854,0.9955535591782732,0.3188823302544959,0.29961432595914794,1,500,100
4768,768,2.866255649107633e-09,0.9999999971337451,0.3675129223076203,0.3001599998069493,1,500,100
4769,769,2.2428096515095937e-15,0.9999999999999988,0.3803771554041106,0.2985199999999998,1,500,100
4770,770,2.3029205612303448e-12,0.9999999999976992,0.38983844246688054,0.2972799999997868,1,500,100
4771,771,1.1541321372967067e-17,1.0,0.3705184859602136,0.29964,1,500,100
4772,772,9.34285320296614e-14,0.9999999999999072,0.3978376370398759,0.30175999999999104,1,500,100
4773,773,0.002745342982988261,0.9972546570170105,0.4676863850680897,0.2987562287808217,1,500,100
4774,774,0.010599574296402408,0.989400425703598,0.39974299653229983,0.2986282264823924,1,500,100
4775,775,1.1297870828670453e-17,1.0,0.38272768809272545,0.29784,1,500,100
4776,776,1.1038205167283593e-17,1.0,0.4107028352898458,0.2991,1,500,100
4777,777,1.0485445963874943e-17,1.0,0.3858028457495151,0.30066,1,500,100
4778,778,0.004365210824339852,0.9956347891756588,0.32818070689025813,0.2997559198117654,1,500,100
4779,779,0.8913120498902282,0.10868795010976923,0.3051723267893269,0.26604814802772303,1,500,100
4780,780,0.975292304308033,0.024707695691968568,0.3024637846090002,0.2221736339720478,1,500,100
4781,781,0.537698796974808,0.4623012030251914,0.32097154389279714,0.27937194655895853,1,500,100
4782,782,0.0752837010806906,0.9247162989193058,0.3455784612156302,0.29788982280061915,1,500,100
4783,783,1.5804704096382015e-13,0.9999999999998441,0.40622829640130537,0.2992799999999831,1,500,100
4784,784,1.1641888875733577e-14,0.9999999999999899,0.4049259282735773,0.2983399999999987,1,500,100
4785,785,1.155810410974153e-17,1.0,0.41180574244338364,0.30074,1,500,100
4786,786,0.0003075407110877135,0.9996924592889161,0.3593447300161345,0.30080199572586735,1,500,100
4787,787,1.0329482940706416e-17,1.0,0.3919519504471895,0.30222,1,500,100
4788,788,0.0052463422129146444,0.9947536577870854,0.3461276760281642,0.3031344427855697,1,500,100
4789,789,0.0031097911486078784,0.9968902088513917,0.456968167133237,0.29963071337897046,1,500,100
4790,790,0.1026340514880485,0.8973659485119514,0.32284421836814353,0.298323320952065,1,500,100
4791,791,1.0188949937327602e-17,1.0,0.3850629076713658,0.3022,1,500,100
4792,792,7.80058196003645e-06,0.9999921994180428,0.39576620697128384,0.29833924001295914,1,500,100
4793,793,2.359674983099023e-11,0.9999999999764024,0.4125262615194494,0.29993999999734333,1,500,100
4794,794,2.9512885164438566e-15,0.9999999999999986,0.3640158184968837,0.29887999999999987,1,500,100
4795,795,1.0382102093605411e-17,1.0,0.3904105546378175,0.29902,1,500,100
4796,796,0.00469386597385581,0.99530613402614,0.41842517652629335,0.29801480987708573,1,500,100
4797,797,0.004425443670921067,0.9955745563290775,0.4243278995708105,0.3010946381431681,1,500,100
4798,798,5.44900620598918e-15,0.9999999999999971,0.35713561173881025,0.3034999999999997,1,500,100
4799,799,0.7283201575230308,0.2716798424769705,0.29962098122335085,0.29667272707225845,1,500,100
4800,800,0.004930858565480813,0.9950691414345207,0.4307939406923249,0.3020049597501819,1,500,100
4801,801,1.0303083380396296e-17,1.0,0.3966182355461882,0.30252,1,500,100
4802,802,1.0889040840041742e-17,1.0,0.3556525312971612,0.2996,1,500,100
4803,803,8.15461304450782e-18,1.0,0.4029016497265654,0.3005,1,500,100
4804,804,3.244764610344609e-14,0.9999999999999694,0.3736685979134387,0.3010799999999976,1,500,100
4805,805,1.0310581494089149e-17,1.0,0.3728036687184352,0.2969,1,500,100
4806,806,1.0368813216757375e-17,1.0,0.3774585109092568,0.2988,1,500,100
4807,807,0.024322057952246953,0.9756779420477483,0.3430278802998487,0.29773846829663464,1,500,100
4808,808,5.516475025776923e-06,0.9999944835249713,0.4280459548495895,0.29793928226979,1,500,100
4809,809,0.20976329223405568,0.7902367077659452,0.3007267371867436,0.29806078005511466,1,500,100
4810,810,0.0015072950442783664,0.9984927049557231,0.44262294093990995,0.29880322124924075,1,500,100
4811,811,1.0905755376861298e-15,0.9999999999999998,0.3672421384817098,0.30329999999999996,1,500,100
4812,812,1.0112583337555985e-17,1.0,0.36398742211665347,0.2996,1,500,100
4813,813,4.48755276047552e-15,0.9999999999999968,0.3899168845450946,0.2971199999999996,1,500,100
4814,814,3.849790361483022e-16,1.0,0.3900833690415803,0.3020399999999999,1,500,100
4815,815,0.5868180429643197,0.4131819570356796,0.3033849033379879,0.28948085152700376,1,500,100
4816,816,0.9531138799092099,0.046886120090791295,0.3021207162497549,0.2398268808012433,1,500,100
4817,817,0.0014460592634415383,0.9985539407365568,0.3305718593152959,0.29921465562512817,1,500,100
4818,818,1.0306409425626473e-17,1.0,0.4100645656615607,0.30148,1,500,100
4819,819,0.0018626776852541838,0.9981373223147476,0.4216120181881827,0.30209738275551823,1,500,100
4820,820,0.9451201201318645,0.05487987986813625,0.3003347896533759,0.2945988140256547,1,500,100
4821,821,1.2444436276309344e-17,1.0,0.4089017242160571,0.30098,1,500,100
4822,822,2.3794679036230105e-17,1.0,0.37251470228214434,0.29888,1,500,100
4823,823,0.30281082774086276,0.6971891722591357,0.308747934359263,0.2959710085065591,1,500,100
4824,824,0.8316094714714652,0.1683905285285342,0.30188329123300794,0.28440433170525037,1,500,100
4825,825,0.2837947301092634,0.7162052698907345,0.30320079218818813,0.2961905223685398,1,500,100
4826,826,8.387431273175916e-18,1.0,0.376544825229471,0.29964,1,500,100
4827,827,0.942648057605157,0.05735194239484171,0.3028693120155394,0.2563266509638468,1,500,100
4828,828,0.9800517755399797,0.019948224460022167,0.29923377399829915,0.22535381534570167,1,500,100
4829,829,0.027139580030704488,0.9728604199692946,0.3378061946151015,0.29662228601661417,1,500,100
4830,830,4.410915237444171e-16,1.0,0.35922742337862257,0.29939999999999994,1,500,100
4831,831,0.000821781236403184,0.9991782187635978,0.4201695537320813,0.30328394560043176,1,500,100
4832,832,8.925325357546577e-18,1.0,0.40353551765489315,0.29984,1,500,100
4833,833,9.884556140639565e-16,0.9999999999999994,0.38894835072569295,0.30107999999999996,1,500,100
4834,834,0.5219025906053573,0.4780974093946422,0.3150062650285005,0.28177817235045116,1,500,100
4835,835,0.16547034038559041,0.8345296596144093,0.3318892751422735,0.2940844173055243,1,500,100
4836,836,0.0071620516616454875,0.9928379483383546,0.4227925004618163,0.2992552196124174,1,500,100
4837,837,0.1109223596520777,0.8890776403479203,0.3040499970104855,0.29774009025330944,1,500,100
4838,838,3.632009406093237e-14,0.9999999999999667,0.37865657473903663,0.2983999999999971,1,500,100
4839,839,0.00020742485357921813,0.9997925751464182,0.39393421010054125,0.2989202917518985,1,500,100
4840,840,0.043798268631152326,0.9562017313688487,0.3568765398271539,0.2949894527347263,1,500,100
4841,841,0.9853851438337595,0.01461485616623862,0.2990834168596152,0.1989512744033805,1,500,100
4842,842,1.0650425527385259e-17,1.0,0.3708554512391399,0.2993,1,500,100
4843,843,1.722621412369912e-17,1.0,0.4041598493581877,0.30308,1,500,100
4844,844,1.6600049291860325e-14,0.9999999999999866,0.3717377726490013,0.30241999999999886,1,500,100
4845,845,9.223254107328274e-17,1.0,0.38267795376834185,0.30062,1,500,100
4846,846,0.02493868246218305,0.975061317537817,0.37559389125781806,0.29624104455357253,1,500,100
4847,847,9.710836630808206e-18,1.0,0.3869865327348693,0.30144,1,500,100
4848,848,0.06322372003635755,0.9367762799636413,0.34504691202223164,0.29920148132462854,1,500,100
4849,849,4.6298514439439734e-17,1.0,0.3905451358925765,0.29616,1,500,100
4850,850,3.9453779416813045e-17,1.0,0.3696536256799567,0.30208,1,500,100
4851,851,0.00010224451134795212,0.9998977554886491,0.43861909776033225,0.29616543489485064,1,500,100
4852,852,0.5568451707594996,0.44315482924050076,0.3138501960818383,0.27772242532217556,1,500,100
4853,853,1.5608213350091002e-07,0.9999998439178662,0.36958604817375745,0.30133998934800954,1,500,100
4854,854,0.0041256991648154825,0.9958743008351851,0.4386961655206664,0.2987626765213056,1,500,100
4855,855,0.007920962649456305,0.9920790373505415,0.4286557018851603,0.29860991215684296,1,500,100
4856,856,0.10015422864204147,0.8998457713579591,0.348229777616728,0.2940318481836325,1,500,100
4857,857,1.0655216906398502e-17,1.0,0.40002726224681534,0.2998,1,500,100
4858,858,0.010824435027510876,0.9891755649724892,0.3827804974062777,0.2984471390417312,1,500,100
4859,859,0.8160104132507446,0.183989586749258,0.29964784646937714,0.29036554685910315,1,500,100
4860,860,0.20556468219692026,0.7944353178030777,0.32403078109068295,0.2962742342749374,1,500,100
4861,861,1.0049160288399325e-17,1.0,0.38623042376949224,0.3016,1,500,100
4862,862,0.6244220370586802,0.37557796294132006,0.31145583119561465,0.2873441098243862,1,500,100
4863,863,1.3638376548651824e-17,1.0,0.3762981827520199,0.29918,1,500,100
4864,864,0.0013509751461376737,0.9986490248538635,0.4425892312132561,0.30102875531538653,1,500,100
4865,865,0.9765926097107822,0.023407390289220942,0.301365503729175,0.21483284442167003,1,500,100
4866,866,0.009821618621218846,0.9901783813787831,0.3997227472038463,0.29838469631232584,1,500,100
4867,867,0.73839949390087,0.2616005060991282,0.3087263662776478,0.2785797645174077,1,500,100
4868,868,1.0497227614160324e-17,1.0,0.40325679776618634,0.3027,1,500,100
4869,869,0.03490603316722961,0.965093966832773,0.3243000488523689,0.3008825893830725,1,500,100
4870,870,0.27431710738967274,0.7256828926103249,0.3130660952583994,0.2907338955835455,1,500,100
4871,871,7.735727441541055e-17,1.0,0.40879009386999615,0.29822,1,500,100
4872,872,0.9888074290798938,0.011192570920105987,0.2995453295521386,0.18828138840510966,1,500,100
4873,873,1.1706693706646908e-17,1.0,0.41324859113674345,0.29848,1,500,100
4874,874,0.0010979805087512461,0.9989020194912498,0.41049683365396156,0.2992578617770656,1,500,100
4875,875,0.35006465462844105,0.6499353453715588,0.31620832566684776,0.2918546329810024,1,500,100
4876,876,1.0152256920672046e-17,1.0,0.3589056384816877,0.30138,1,500,100
4877,877,0.0013342325302503968,0.9986657674697522,0.4243026384800545,0.29805155169302927,1,500,100
4878,878,0.9755912703345373,0.0244087296654669,0.3008456556404109,0.2162179151261896,1,500,100
4879,879,9.132982006873311e-18,1.0,0.36948517348219606,0.29752,1,500,100
4880,880,1.0108464858201084e-17,1.0,0.36701084996412503,0.30004,1,500,100
4881,881,0.9572769952433083,0.04272300475669255,0.30270519660044526,0.23751323231078508,1,500,100
4882,882,1.0203646059429269e-17,1.0,0.38335033466973073,0.30004,1,500,100
4883,883,0.23171059740180527,0.7682894025981949,0.30525866804168855,0.297476876412818,1,500,100
4884,884,2.281086504014552e-15,0.9999999999999991,0.3587006203054849,0.29935999999999985,1,500,100
4885,885,0.7148187396919565,0.28518126030804375,0.31290467642852676,0.27221239385711327,1,500,100
4886,886,3.820032791979428e-14,0.9999999999999636,0.3854984049287162,0.3020999999999968,1,500,100
4887,887,0.002784754396002007,0.9972152456040029,0.37161250968225423,0.3011638176952967,1,500,100
4888,888,1.0965874693226248e-17,1.0,0.3780333061623834,0.30268,1,500,100
4889,889,0.0018050106011960544,0.998194989398808,0.36632888494448435,0.30052121646074687,1,500,100
4890,890,0.9993927691762223,0.0006072308237793809,0.30159846589262873,0.20531565161648038,1,500,100
4891,891,0.00038120305169769353,0.9996187969483011,0.3494530426180943,0.29886071404995734,1,500,100
4892,892,0.07359792119617162,0.9264020788038276,0.36033649938498596,0.2987471520697712,1,500,100
4893,893,0.8547099918785084,0.14529000812149373,0.3082889988245677,0.26472785579486063,1,500,100
4894,894,0.10795931473553419,0.8920406852644629,0.35290431611368445,0.295458151426149,1,500,100
4895,895,0.004893801438840596,0.9951061985611587,0.3778563133913345,0.30022006360910963,1,500,100
4896,896,0.995602117984076,0.004397882015924006,0.3025502360015899,0.17743637446605967,1,500,100
4897,897,0.9957370593708056,0.004262940629194098,0.2997272376503178,0.19950589105405842,1,500,100
4898,898,4.5967672137139654e-17,1.0,0.3840756417047585,0.29874,1,500,100
4899,899,9.480602830750431e-18,1.0,0.3804339609487246,0.29822,1,500,100
4900,900,0.0002245717283342316,0.9997754282716681,0.3349787819132224,0.30015217892957596,1,500,100
4901,901,2.4305390570552434e-14,0.9999999999999775,0.38834629101528556,0.29877999999999777,1,500,100
4902,902,2.0703371390082036e-17,1.0,0.38344876390518606,0.30272,1,500,100
4903,903,0.2575727624656779,0.7424272375343272,0.3212999060271053,0.29061689107905503,1,500,100
4904,904,0.012854897178052582,0.9871451028219451,0.33409588825616254,0.3005487550520426,1,500,100
4905,905,9.508255189061097e-18,1.0,0.4019521441272922,0.30256,1,500,100
4906,906,9.920302104012293e-15,0.9999999999999913,0.39421923859172636,0.295919999999999,1,500,100
4907,907,2.1945650532117574e-15,0.9999999999999988,0.37256053368726466,0.2992999999999998,1,500,100
4908,908,1.1836388601765825e-17,1.0,0.36751307002239175,0.30162,1,500,100
4909,909,1.054868659300682e-15,0.9999999999999997,0.36191323973836087,0.29819999999999997,1,500,100
4910,910,0.059034932633019004,0.9409650673669842,0.3440022104451201,0.297728217971669,1,500,100
4911,911,9.686475822275787e-18,1.0,0.3818850927788206,0.30216,1,500,100
4912,912,0.9987679690234896,0.0012320309765124695,0.29959634611682995,0.1889285792917814,1,500,100
4913,913,2.9504863695375494e-08,0.9999999704951381,0.3954122111103271,0.2948599970332206,1,500,100
4914,914,1.4161089706090521e-16,1.0,0.3945090326877414,0.30072,1,500,100
4915,915,0.1870582195607026,0.8129417804392962,0.30758649109595004,0.3026827068498066,1,500,100
4916,916,2.3217511629859403e-16,1.0,0.3686637194801895,0.29649999999999993,1,500,100
4917,917,6.087015271519371e-14,0.9999999999999413,0.41563270154776416,0.2988799999999929,1,500,100
4918,918,0.1795660805881016,0.8204339194118982,0.30642875876144865,0.30232268917833893,1,500,100
4919,919,0.6840351059593007,0.31596489404069944,0.3066025798379663,0.2943145696469791,1,500,100
4920,920,9.673214528751096e-18,1.0,0.37828427471634357,0.30064,1,500,100
4921,921,6.301599152190324e-13,0.999999999999372,0.3992472960064927,0.2987799999999367,1,500,100
4922,922,1.0643491566456256e-17,1.0,0.36075605893179463,0.30098,1,500,100
4923,923,0.9892157878018764,0.01078421219812524,0.3032708224485685,0.19841175367346817,1,500,100
4924,924,8.978711742702178e-18,1.0,0.38105198068792656,0.29794,1,500,100
4925,925,0.070589018993297,0.9294109810067024,0.34172402574154653,0.29224750062911636,1,500,100
4926,926,9.894340591656464e-18,1.0,0.4262296751156923,0.3029,1,500,100
4927,927,3.473441571777618e-16,1.0,0.36656916084722274,0.29984,1,500,100
4928,928,0.923769545862195,0.0762304541378052,0.30259693026675843,0.24780347122206203,1,500,100
4929,929,0.20440497046122266,0.7955950295387768,0.31245461273591446,0.29861011606742743,1,500,100
4930,930,0.18240086747126366,0.817599132528737,0.33307104161840834,0.29514164518852853,1,500,100
4931,931,1.003625102458918e-17,1.0,0.38825143175763877,0.29968,1,500,100
4932,932,0.0017529304947522454,0.9982470695052467,0.4191611706403534,0.30147370204745333,1,500,100
4933,933,0.40085243584093816,0.5991475641590618,0.323723281599714,0.28579726310440823,1,500,100
4934,934,2.584894971253893e-06,0.9999974151050303,0.349752579573566,0.29723986426014626,1,500,100
4935,935,0.9243987544287854,0.07560124557121638,0.30359871718540293,0.24911922872878628,1,500,100
4936,936,9.55336553549346e-18,1.0,0.3653719345307193,0.29598,1,500,100
4937,937,0.9229030635062606,0.0770969364937402,0.3064936206195881,0.24327942766674804,1,500,100
4938,938,9.771909327236918e-18,1.0,0.392846074916805,0.3023,1,500,100
4939,939,3.632166406619774e-15,0.9999999999999976,0.3783174034716019,0.3021599999999997,1,500,100
4940,940,1.084096993359351e-17,1.0,0.3537235111712739,0.29996,1,500,100
4941,941,0.00403826959299805,0.9959617304070034,0.4319925217492088,0.3000672501873035,1,500,100
4942,942,0.3455481926452366,0.6544518073547653,0.32680366534452987,0.28963719247184583,1,500,100
4943,943,0.5886622824270239,0.41133771757297505,0.30613995150343787,0.2915048931407925,1,500,100
4944,944,0.18161890381750337,0.8183810961824955,0.34020114529670076,0.29083399167455565,1,500,100
4945,945,1.0339656345347805e-17,1.0,0.3818365082195868,0.30044,1,500,100
4946,946,9.21088428180848e-14,0.9999999999999093,0.3707582778651755,0.3024399999999937,1,500,100
4947,947,0.17165011049280138,0.8283498895071992,0.3342214114113291,0.29317425025149946,1,500,100
4948,948,0.0005136788230727404,0.9994863211769277,0.41963825903200586,0.300478790304346,1,500,100
4949,949,1.0645188189836022e-17,1.0,0.40135534655751737,0.30204,1,500,100
4950,950,1.7902647229583723e-15,0.9999999999999992,0.37396804548252355,0.29863999999999985,1,500,100
4951,951,0.13233383556551961,0.8676661644344803,0.31775511051181776,0.30086484659174256,1,500,100
4952,952,0.6904850252862663,0.309514974713735,0.31280527042324674,0.2740179050159666,1,500,100
4953,953,0.08681235739203999,0.9131876426079588,0.31861503309514655,0.2915504606655819,1,500,100
4954,954,7.311274225019888e-15,0.9999999999999952,0.367230897049497,0.3001799999999995,1,500,100
4955,955,2.7364470869232676e-07,0.9999997263552928,0.38963292541222644,0.301059975762481,1,500,100
4956,956,0.0019369402731230145,0.9980630597268775,0.45750211750520586,0.3015178678248212,1,500,100
4957,957,1.4762604479875983e-17,1.0,0.3995279408767541,0.2976,1,500,100
4958,958,5.621742267643916e-10,0.9999999994378255,0.3929752536136288,0.30285999994933954,1,500,100
4959,959,0.12695153555834707,0.8730484644416511,0.34214212158586166,0.29403239652870405,1,500,100
4960,960,0.9995008767712601,0.0004991232287412864,0.29855852456268106,0.1813037880347752,1,500,100
4961,961,0.0012476609209884793,0.9987523390790087,0.3542927358853705,0.2974490783899369,1,500,100
4962,962,1.898562263381695e-05,0.9999810143773666,0.40998759307959376,0.29805787494461,1,500,100
4963,963,0.013012744280804765,0.986987255719196,0.3908905259473187,0.29776822328866326,1,500,100
4964,964,0.3252668468665616,0.6747331531334391,0.3126788416376757,0.2966445893003875,1,500,100
4965,965,0.04997556775732034,0.9500244322426761,0.3594558831084359,0.29786180076436386,1,500,100
4966,966,0.013336867520938057,0.9866631324790619,0.38584642802742153,0.29902203456683024,1,500,100
4967,967,1.2712641458820798e-12,0.9999999999987284,0.3894887847667516,0.30269999999988967,1,500,100
4968,968,0.12486477787300006,0.8751352221269976,0.3300330980250801,0.2977488323359315,1,500,100
4969,969,1.0594423410352806e-17,1.0,0.4141803640582434,0.29568,1,500,100
4970,970,0.00024711496718829207,0.9997528850328103,0.4273858869354792,0.2972678458845551,1,500,100
4971,971,0.9901340632864136,0.009865936713587342,0.29576693306956975,0.20384124006154858,1,500,100
4972,972,0.05643465209112683,0.9435653479088711,0.35355120965572473,0.29694547506183094,1,500,100
4973,973,0.005280507852731807,0.994719492147268,0.39807613470679953,0.296584070357212,1,500,100
4974,974,0.9906246463814606,0.009375353618537993,0.29863249409644355,0.20556996739682915,1,500,100
4975,975,0.09077651707778303,0.9092234829222161,0.31276364986009575,0.3049067807907485,1,500,100
4976,976,5.0278303990268356e-17,1.0,0.36350970730181964,0.29646,1,500,100
4977,977,0.011871500667140943,0.9881284993328592,0.39842247905073364,0.3032299214894038,1,500,100
4978,978,0.0022820251286370494,0.9977179748713616,0.3248430468245904,0.3035313662093025,1,500,100
4979,979,1.018776554361113e-15,0.9999999999999997,0.3927114515590885,0.3027399999999999,1,500,100
4980,980,0.9890585019212269,0.01094149807877577,0.30081592872573865,0.21527657031245456,1,500,100
4981,981,0.03204906689905064,0.9679509331009492,0.3951106837701593,0.29662358022994606,1,500,100
4982,982,0.05466836907377855,0.9453316309262207,0.35380700133597004,0.2943284019783248,1,500,100
4983,983,2.2610016575266144e-17,1.0,0.41460257072834306,0.3014,1,500,100
4984,984,0.06483623815714558,0.9351637618428522,0.3570019594869779,0.2948075483473047,1,500,100
4985,985,2.5752547520144795e-15,0.9999999999999984,0.3828307081508727,0.2962399999999998,1,500,100
4986,986,0.8888049381267554,0.11119506187324471,0.30648564701259695,0.25229576743443904,1,500,100
4987,987,9.920511572516734e-18,1.0,0.3519444777071568,0.30026,1,500,100
4988,988,1.1850870570036355e-14,0.9999999999999901,0.3663228131454207,0.29985999999999924,1,500,100
4989,989,0.0003500137802392995,0.9996499862197624,0.4357770583887124,0.3009728166577595,1,500,100
4990,990,0.003892101103856688,0.9961078988961466,0.3753451353982425,0.3002677913864973,1,500,100
4991,991,1.0218827454398938e-17,1.0,0.371374452342575,0.2985,1,500,100
4992,992,6.024932918475727e-15,0.9999999999999952,0.3957136486314293,0.30055999999999944,1,500,100
4993,993,0.9966733830865377,0.003326616913464082,0.3005398714688558,0.1983725712666012,1,500,100
4994,994,0.004975898247196353,0.9950241017528048,0.43263928169168303,0.30130650144899096,1,500,100
4995,995,0.9824740227714062,0.01752597722859319,0.30207237350507726,0.21920261473876793,1,500,100
4996,996,7.190120977534504e-12,0.9999999999928123,0.3663308228456916,0.2988399999995147,1,500,100
4997,997,0.9621531051499591,0.037846894850042584,0.30250444322987136,0.2342176461197932,1,500,100
4998,998,0.16084628954216845,0.839153710457835,0.3350484097959666,0.29437837596230026,1,500,100
4999,999,0.014226520026851144,0.9857734799731513,0.39510082333953184,0.2965377910471858,1,500,100
5000,0,4.919990785170825e-18,1.0,0.4005409060822419,0.30248,1,1000,100
5001,1,0.5827434410374669,0.41725655896253316,0.3062148399347195,0.29690440526023826,1,1000,100
5002,2,0.0016539566533095382,0.9983460433466892,0.42977115232816987,0.298082192168176,1,1000,100
5003,3,5.189519655278307e-11,0.9999999999481012,0.41397714988544604,0.3015999999941682,1,1000,100
5004,4,2.1777954627720246e-14,0.9999999999999813,0.40345672106992536,0.29840999999999773,1,1000,100
5005,5,0.00780411665567153,0.9921958833443317,0.4105398392970944,0.2984452003612695,1,1000,100
5006,6,0.00196888216425016,0.998031117835755,0.43010134060398153,0.2997533601862094,1,1000,100
5007,7,0.003518661908491339,0.9964813380915131,0.4055245733693491,0.30111260960029507,1,1000,100
5008,8,0.016225325729454745,0.9837746742705444,0.31522144648693046,0.2979904209988026,1,1000,100
5009,9,2.9185726961670836e-08,0.9999999708142672,0.35909765197496785,0.30067999829503833,1,1000,100
5010,10,4.9551643973112504e-18,1.0,0.39834724813984235,0.30194,1,1000,100
5011,11,0.008498586328447019,0.991501413671553,0.3984114882378719,0.29777472982077724,1,1000,100
5012,12,0.0033601169700500253,0.9966398830299453,0.4217523751005831,0.30130528368413845,1,1000,100
5013,13,8.277530531395605e-05,0.9999172246946776,0.34741034836091794,0.2983959428176164,1,1000,100
5014,14,5.392436757416598e-18,1.0,0.40252930550004185,0.30404,1,1000,100
5015,15,0.14533650375764073,0.8546634962423602,0.3360930641953154,0.2914052258083523,1,1000,100
5016,16,0.0898117915172417,0.9101882084827561,0.30370605122308547,0.2981730733442791,1,1000,100
5017,17,1.1592290476958307e-13,0.9999999999998885,0.43028328376163627,0.301559999999985,1,1000,100
5018,18,5.2095625724673006e-18,1.0,0.3785708926707954,0.29842,1,1000,100
5019,19,5.332669979146246e-18,1.0,0.40394358037272793,0.30087,1,1000,100
5020,20,0.8836758510330394,0.11632414896696665,0.29939930486305094,0.2989754473623619,1,1000,100
5021,21,1.1631320740714962e-15,0.9999999999999997,0.3737969238409056,0.3010899999999999,1,1000,100
5022,22,5.803412229176329e-18,1.0,0.4046085968799073,0.30133,1,1000,100
5023,23,0.6956446419907769,0.3043553580092215,0.3027518282590567,0.293086060328112,1,1000,100
5024,24,0.0020385098480861586,0.9979614901519136,0.43778404445296326,0.2996784704272729,1,1000,100
5025,25,0.47785037322726615,0.5221496267727339,0.3175350287497787,0.28201833430263235,1,1000,100
5026,26,5.17961722158037e-18,1.0,0.36672457711209244,0.30029,1,1000,100
5027,27,5.000500613134929e-18,1.0,0.4009948284455801,0.3003,1,1000,100
5028,28,0.012911775413129156,0.9870882245868661,0.326613986249792,0.2991858541179115,1,1000,100
5029,29,5.179045219408989e-15,0.9999999999999962,0.3990681301210747,0.3008799999999995,1,1000,100
5030,30,0.0986079259618035,0.9013920740381941,0.348924648073977,0.29440381358980944,1,1000,100
5031,31,0.001511309397754076,0.998488690602246,0.42520369050043644,0.30123264138842765,1,1000,100
5032,32,5.084070399708838e-18,1.0,0.39832886816244445,0.29859,1,1000,100
5033,33,5.2423771240102266e-18,1.0,0.3782343166775455,0.29914,1,1000,100
5034,34,5.0270032999578415e-18,1.0,0.3670087084852289,0.29714,1,1000,100
5035,35,5.3004706649047526e-18,1.0,0.37238449806513335,0.29813,1,1000,100
5036,36,1.0591313680958238e-17,1.0,0.37931770418196964,0.29681,1,1000,100
5037,37,1.5376786818896006e-14,0.9999999999999879,0.4040542937691413,0.3000499999999984,1,1000,100
5038,38,6.274662606977164e-18,1.0,0.426521080097137,0.30046,1,1000,100
5039,39,5.722549854447316e-18,1.0,0.42591489379761266,0.29811,1,1000,100
5040,40,6.695804511281954e-07,0.9999993304195516,0.356927647723829,0.29977996173502663,1,1000,100
5041,41,0.003380278128052614,0.9966197218719505,0.39676314627899706,0.3002136358014586,1,1000,100
5042,42,0.9286593727373246,0.07134062726267452,0.3041244498673134,0.24799304170672778,1,1000,100
5043,43,1.0629774622655166e-05,0.9999893702253752,0.4692921591208431,0.29816818099068,1,1000,100
5044,44,0.0011021702157127265,0.9988978297842891,0.4411659791732964,0.29992432765848226,1,1000,100
5045,45,4.3070578025460103e-16,0.9999999999999999,0.39849610103252175,0.30058999999999997,1,1000,100
5046,46,4.9191902653567467e-17,1.0,0.43147722973331876,0.30083,1,1000,100
5047,47,0.14795718949690695,0.8520428105030917,0.31961148346320595,0.29562033746534677,1,1000,100
5048,48,0.3215825327936654,0.6784174672063346,0.3079457897298192,0.29474478863133863,1,1000,100
5049,49,1.423128076678182e-06,0.9999985768719274,0.44019711193527683,0.29961979994048044,1,1000,100
5050,50,0.994385117927322,0.005614882072675062,0.3035835529080293,0.20499681486713242,1,1000,100
5051,51,2.6262719143342406e-14,0.9999999999999774,0.3960332087247623,0.3018299999999976,1,1000,100
5052,52,9.979234411786806e-06,0.9999900207655923,0.3789047599551273,0.2972391850400846,1,1000,100
5053,53,0.9009213292419693,0.09907867075803141,0.29968587693555654,0.27409129723283104,1,1000,100
5054,54,0.3492907458408964,0.6507092541591044,0.3217955049167987,0.28567260553192014,1,1000,100
5055,55,5.152561117590707e-18,1.0,0.3997559538171932,0.3024,1,1000,100
5056,56,0.0017987395667334017,0.9982012604332621,0.44135208473923526,0.30162867397265525,1,1000,100
5057,57,3.842267376426546e-06,0.9999961577326232,0.41994408236147207,0.30032954040894777,1,1000,100
5058,58,2.849749114633348e-06,0.9999971502508888,0.39811123550158883,0.3004797217746802,1,1000,100
5059,59,0.001768322669067606,0.9982316773309328,0.43789925320978346,0.29743160787849016,1,1000,100
5060,60,5.491949166848073e-18,1.0,0.4079009318893338,0.30174,1,1000,100
5061,61,0.0016879853603068023,0.9983120146396884,0.4895607233823748,0.30257436977252944,1,1000,100
5062,62,2.6304838244778093e-09,0.9999999973695148,0.43058565504194446,0.30087999965881135,1,1000,100
5063,63,5.396867200720575e-18,1.0,0.3914417814624691,0.29928,1,1000,100
5064,64,1.2045805114225139e-15,0.9999999999999998,0.38106125032191357,0.3026799999999999,1,1000,100
5065,65,1.1599410008275896e-10,0.999999999884004,0.4237641651028595,0.29997999998564173,1,1000,100
5066,66,4.969792746450585e-18,1.0,0.3849761671600005,0.30204,1,1000,100
5067,67,4.605689735675483e-18,1.0,0.37702466006985036,0.29906,1,1000,100
5068,68,0.0262965354597378,0.9737034645402592,0.32844196769319545,0.2998378097462523,1,1000,100
5069,69,4.601190232479161e-14,0.9999999999999568,0.4196129411144977,0.2999599999999945,1,1000,100
5070,70,1.4128083535595203e-15,0.9999999999999994,0.39252224617828096,0.2989199999999999,1,1000,100
5071,71,0.001959835248784943,0.9980401647512148,0.4515602256136637,0.2966263551394139,1,1000,100
5072,72,0.034657428878130586,0.9653425711218726,0.3349456371690814,0.30111760746649535,1,1000,100
5073,73,7.152285122142107e-17,1.0,0.44554403106029583,0.30059,1,1000,100
5074,74,5.032018797646369e-18,1.0,0.38992892697035103,0.29998,1,1000,100
5075,75,0.9443640575070972,0.05563594249290009,0.3031662748552489,0.24427853595036775,1,1000,100
5076,76,0.044016704053093964,0.9559832959469138,0.3043481649931339,0.3000822274914807,1,1000,100
5077,77,6.082890411716349e-16,0.9999999999999999,0.3803851697075897,0.30254,1,1000,100
5078,78,1.2491986899258647e-15,0.9999999999999994,0.3928875251768513,0.30225999999999986,1,1000,100
5079,79,5.200943960081388e-18,1.0,0.3752792822301529,0.298,1,1000,100
5080,80,0.0022880700997443327,0.9977119299002503,0.4269045038137895,0.3000597703580699,1,1000,100
5081,81,0.0012161045768661043,0.9987838954231355,0.45539921539951506,0.30041151875274996,1,1000,100
5082,82,0.007482444996588571,0.9925175550034174,0.39210487104909425,0.30089754620859493,1,1000,100
5083,83,2.1656106941844165e-16,1.0,0.40370968541279056,0.29789999999999994,1,1000,100
5084,84,0.5049894428121535,0.4950105571878477,0.3150751716949074,0.2795705315620751,1,1000,100
5085,85,4.663952088172219e-18,1.0,0.37875054136993197,0.29849,1,1000,100
5086,86,2.0927847894689784e-05,0.9999790721521072,0.43948673225989937,0.2995870722011937,1,1000,100
5087,87,0.005566812181471429,0.9944331878185294,0.3998514223260703,0.30000416909442357,1,1000,100
5088,88,0.0006288775278980949,0.9993711224721018,0.4778226224693106,0.3006285666402119,1,1000,100
5089,89,4.8367003787880964e-18,1.0,0.3757011903373919,0.30206,1,1000,100
5090,90,0.9911015377591925,0.00889846224080692,0.3006498796319765,0.2152553910773352,1,1000,100
5091,91,6.545186339257624e-18,1.0,0.4021257788525739,0.30255,1,1000,100
5092,92,0.10561731347373741,0.8943826865262635,0.3447724263618334,0.2925437472230834,1,1000,100
5093,93,0.24677690495114044,0.7532230950488669,0.31828443090040454,0.29369087950484773,1,1000,100
5094,94,0.004514498645736356,0.9954855013542632,0.4197404486915562,0.3024002679127838,1,1000,100
5095,95,5.197466053344591e-18,1.0,0.3760791465296356,0.29752,1,1000,100
5096,96,5.1306728599066395e-18,1.0,0.39755794291919466,0.30037,1,1000,100
5097,97,0.3105054259656103,0.6894945740343857,0.3059319418102352,0.29669047414653554,1,1000,100
5098,98,4.971515027874619e-18,1.0,0.3979790504842393,0.30008,1,1000,100
5099,99,0.15687771744854734,0.8431222825514565,0.30868343410322374,0.2982419663761666,1,1000,100
5100,100,1.9878969670438245e-17,1.0,0.3981110596526387,0.30011,1,1000,100
5101,101,0.005588280203220975,0.9944117197967749,0.3966133508253069,0.29863245530124904,1,1000,100
5102,102,0.0010291817018031957,0.9989708182981994,0.43675025156900765,0.299058289952619,1,1000,100
5103,103,0.001508098662235433,0.9984919013377703,0.4322728218260733,0.30092190986538875,1,1000,100
5104,104,0.00014601095145901622,0.9998539890485447,0.37561759985426024,0.29908882596090985,1,1000,100
5105,105,6.1845861684721225e-18,1.0,0.43642893064673605,0.29907,1,1000,100
5106,106,0.3457768318618856,0.6542231681381151,0.3128025004669548,0.29077255538266183,1,1000,100
5107,107,1.8100950506380493e-11,0.9999999999819053,0.40389992830981836,0.2990799999981027,1,1000,100
5108,108,0.00708916516003973,0.9929108348399603,0.4036311323794668,0.298978097350178,1,1000,100
5109,109,3.210875598658748e-15,0.9999999999999981,0.402952981503134,0.30122999999999966,1,1000,100
5110,110,0.0017754693407063087,0.9982245306592948,0.46129646387633333,0.2998433449373625,1,1000,100
5111,111,0.3510925905010622,0.6489074094989403,0.31138232426347723,0.295906581320071,1,1000,100
5112,112,0.4221485779552674,0.5778514220447326,0.3141249185747852,0.2872755971352265,1,1000,100
5113,113,0.0044181688365348805,0.9955818311634637,0.42735084061417006,0.29742596998549753,1,1000,100
5114,114,8.889354070511569e-10,0.9999999991110625,0.3815715341146546,0.2982899999259681,1,1000,100
5115,115,0.0023043279526053758,0.9976956720473973,0.43144223632904855,0.2988945666998207,1,1000,100
5116,116,0.922896027919248,0.07710397208075664,0.30106391274165606,0.2988083513618367,1,1000,100
5117,117,0.9982377422417599,0.0017622577582387185,0.2987747791711814,0.2393174320881493,1,1000,100
5118,118,7.562869010901757e-12,0.9999999999924396,0.3680268730902634,0.29760999999946747,1,1000,100
5119,119,0.09101885660038234,0.9089811433996146,0.3183646119293283,0.2973029957799252,1,1000,100
5120,120,0.4159784968806759,0.5840215031193241,0.30220832507377293,0.30126944684609763,1,1000,100
5121,121,0.9449704896074768,0.05502951039252585,0.3005992714429536,0.29643293521138847,1,1000,100
5122,122,0.9496361045938299,0.050363895406167085,0.3003067647118136,0.2817068390257843,1,1000,100
5123,123,0.3642845343161205,0.6357154656838829,0.3148315959724979,0.2894560988463675,1,1000,100
5124,124,0.0010264479993477179,0.9989735520006588,0.48501471112521344,0.30146159226837543,1,1000,100
5125,125,2.3495829194134028e-05,0.9999765041708029,0.34385344851311206,0.29731890663235233,1,1000,100
5126,126,0.7761296117942897,0.22387038820570787,0.29650412036790386,0.2945202922633323,1,1000,100
5127,127,0.8791927290853737,0.12080727091462415,0.30674688731416866,0.26141114491469636,1,1000,100
5128,128,5.254324103984835e-13,0.999999999999473,0.41443842050553387,0.30118999999994045,1,1000,100
5129,129,3.3570607374260217e-12,0.9999999999966487,0.40130398459211003,0.30096999999966323,1,1000,100
5130,130,5.157930947886708e-18,1.0,0.4026925918936604,0.30037,1,1000,100
5131,131,0.10141066254520235,0.8985893374548023,0.3432390378339239,0.2977577082315907,1,1000,100
5132,132,4.807843377058613e-18,1.0,0.39468630035561203,0.30224,1,1000,100
5133,133,0.9752896350589018,0.024710364941102073,0.3016624465504285,0.2509773776162471,1,1000,100
5134,134,0.00043766671977400203,0.9995623332802271,0.372237807627306,0.30060865030167305,1,1000,100
5135,135,7.228649039283812e-05,0.9999277135096083,0.3640680058972565,0.3013954696223087,1,1000,100
5136,136,0.24282583324917137,0.7571741667508275,0.3147102118642689,0.29342024639510395,1,1000,100
5137,137,0.005512037084728759,0.9944879629152745,0.40603099085905214,0.2981252193859842,1,1000,100
5138,138,4.98868713812268e-18,1.0,0.39715609947658626,0.30016,1,1000,100
5139,139,0.0014965666497797731,0.9985034333502166,0.4021493923086701,0.2984447991644715,1,1000,100
5140,140,4.434665663137833e-18,1.0,0.3881456265602584,0.30272,1,1000,100
5141,141,0.0030752122074789224,0.9969247877925197,0.341286861901666,0.301106436665813,1,1000,100
5142,142,5.549687940869956e-18,1.0,0.3911603338796136,0.29976,1,1000,100
5143,143,1.9191678615627107e-17,1.0,0.4225467450865171,0.29703,1,1000,100
5144,144,5.5944691130158435e-18,1.0,0.4442775736009457,0.29998,1,1000,100
5145,145,0.977320496008225,0.022679503991772355,0.30167179458633064,0.2173756571124185,1,1000,100
5146,146,9.310071435265453e-16,0.9999999999999998,0.3748531695092597,0.2985499999999999,1,1000,100
5147,147,0.9678761298366005,0.032123870163398564,0.30053389304076883,0.2534071603940376,1,1000,100
5148,148,5.089964719817704e-18,1.0,0.42262110012507603,0.29903,1,1000,100
5149,149,5.960450799958014e-18,1.0,0.4042429393109518,0.29918,1,1000,100
5150,150,0.9934811241519135,0.006518875848081157,0.30249042670509996,0.19811250619289622,1,1000,100
5151,151,0.279522825637462,0.7204771743625378,0.32182337638949843,0.28914589925730594,1,1000,100
5152,152,5.138958058929038e-18,1.0,0.3858776028711505,0.30154,1,1000,100
5153,153,7.76941745870833e-09,0.9999999922305807,0.4059528625878811,0.29951999917307864,1,1000,100
5154,154,0.5544377483761143,0.4455622516238847,0.31222132106566286,0.28452301174820166,1,1000,100
5155,155,0.015637967464923824,0.984362032535076,0.38607406247451415,0.29818560313226355,1,1000,100
5156,156,0.14400105739747215,0.855998942602526,0.3163761617436508,0.2982030531456953,1,1000,100
5157,157,2.276460431114804e-15,0.999999999999999,0.38674596783696685,0.30118999999999985,1,1000,100
5158,158,0.0023506867004710916,0.9976493132995354,0.42816832982417713,0.2992168755313876,1,1000,100
5159,159,4.7482907974158774e-18,1.0,0.38453106648042923,0.30182,1,1000,100
5160,160,2.1102996438001468e-14,0.9999999999999811,0.4183568904176004,0.2985399999999975,1,1000,100
5161,161,6.958673504365896e-17,1.0,0.3930646899745261,0.30218,1,1000,100
5162,162,5.743470832171113e-18,1.0,0.4403837118447065,0.30098,1,1000,100
5163,163,2.4656979456348887e-16,1.0,0.4108873016074803,0.29912999999999995,1,1000,100
5164,164,1.6853348884559776e-17,1.0,0.37159946063523064,0.30056,1,1000,100
5165,165,0.9959869253633761,0.004013074636620392,0.3008141153048508,0.1951307320503538,1,1000,100
5166,166,0.06517695081488699,0.9348230491851163,0.3566441664169152,0.29679950761685475,1,1000,100
5167,167,0.027968094957818664,0.9720319050421777,0.3383074725664856,0.299062389798518,1,1000,100
5168,168,4.62883640210687e-18,1.0,0.3798965863998406,0.30088,1,1000,100
5169,169,0.999108266427597,0.0008917335723967455,0.30116706082116496,0.19232197057286105,1,1000,100
5170,170,0.989995241197306,0.010004758802691681,0.30081141046441623,0.22170800777136349,1,1000,100
5171,171,5.971214362508683e-16,0.9999999999999997,0.3997939143260118,0.30032999999999993,1,1000,100
5172,172,0.9827928426099382,0.017207157390067233,0.3016759500719894,0.22519904908490376,1,1000,100
5173,173,0.006569309397623773,0.9934306906023815,0.39088118518327253,0.297828709497002,1,1000,100
5174,174,0.209188687475825,0.7908113125241749,0.33396963805490565,0.28995201020408823,1,1000,100
5175,175,2.3056540464747526e-15,0.9999999999999988,0.38631564195900325,0.30078999999999984,1,1000,100
5176,176,4.693811873733568e-05,0.9999530618812662,0.4173317462367424,0.2995944736339187,1,1000,100
5177,177,0.08671507535741133,0.9132849246425807,0.3077709522277531,0.2982219582693057,1,1000,100
5178,178,5.366773587715319e-18,1.0,0.4048392780534765,0.29952,1,1000,100
5179,179,2.3472198149286426e-05,0.9999765278018569,0.3597534104946297,0.29934858216590027,1,1000,100
5180,180,0.00010931702493135667,0.9998906829750653,0.34168380473241095,0.2975051705231426,1,1000,100
5181,181,0.8962002261113714,0.10379977388862986,0.30646089357007034,0.25105717394115606,1,1000,100
5182,182,2.332174518739409e-16,1.0,0.3839898783407895,0.30043,1,1000,100
5183,183,0.005122708437935792,0.9948772915620738,0.4073163805411244,0.2983618577467299,1,1000,100
5184,184,6.543364630792596e-16,0.9999999999999996,0.4053692893269123,0.29895999999999995,1,1000,100
5185,185,4.839977471898229e-18,1.0,0.3679614590475598,0.29794,1,1000,100
5186,186,0.00010543370810536756,0.9998945662918908,0.41010269969220564,0.3015685568428634,1,1000,100
5187,187,1.0219173376382264e-17,1.0,0.39499857195689875,0.29876,1,1000,100
5188,188,0.6885536853573383,0.3114463146426625,0.30757853479781583,0.2855569712879539,1,1000,100
5189,189,0.007510053581882238,0.9924899464181216,0.4000488773853991,0.2993638500498165,1,1000,100
5190,190,0.7994782783332413,0.20052172166675483,0.30659158563249633,0.273370318743679,1,1000,100
5191,191,0.005321131707533852,0.9946788682924658,0.4296649150677955,0.2987634560961033,1,1000,100
5192,192,3.664634585983061e-06,0.9999963353654084,0.44756347828954246,0.2996794580591048,1,1000,100
5193,193,4.537363114757282e-18,1.0,0.36481771042323047,0.29921,1,1000,100
5194,194,5.775701996142028e-18,1.0,0.40218736969588725,0.29935,1,1000,100
5195,195,5.453938173970149e-18,1.0,0.40743409915680384,0.30057,1,1000,100
5196,196,5.4740721531133086e-18,1.0,0.4061139949277074,0.29979,1,1000,100
5197,197,1.5026054036601243e-09,0.9999999984973925,0.43820784658705436,0.2970099997878354,1,1000,100
5198,198,0.6351669632160867,0.3648330367839154,0.3049926793248456,0.2891150620566581,1,1000,100
5199,199,0.9916413155523484,0.00835868444765118,0.30033841475887985,0.2096046678840398,1,1000,100
5200,200,3.2127041869409007e-15,0.9999999999999973,0.44557412337658614,0.2996399999999996,1,1000,100
5201,201,5.2493324479733836e-18,1.0,0.4025162648139946,0.29965,1,1000,100
5202,202,8.059762025410259e-14,0.9999999999999255,0.3938852076093144,0.2999299999999925,1,1000,100
5203,203,0.02270950956792267,0.9772904904320789,0.3879871531046863,0.29720846040967924,1,1000,100
5204,204,0.008321561138030177,0.9916784388619606,0.38607812256884727,0.2965550280960792,1,1000,100
5205,205,8.43823519308787e-15,0.9999999999999939,0.40146716735505134,0.2996099999999991,1,1000,100
5206,206,4.56437560451111e-18,1.0,0.38387319462983194,0.30409,1,1000,100
5207,207,0.002770224987489404,0.9972297750125141,0.41451156247770005,0.30139664623255996,1,1000,100
5208,208,5.664355804141775e-18,1.0,0.3941852522361007,0.3007,1,1000,100
5209,209,0.022588466274922846,0.9774115337250694,0.39204491150495296,0.3029167311028417,1,1000,100
5210,210,0.0001584761063747057,0.999841523893629,0.4234757161884512,0.3031409298115935,1,1000,100
5211,211,4.9169660705249535e-18,1.0,0.3694704362964341,0.29773,1,1000,100
5212,212,0.6762376488001892,0.3237623511998121,0.3019167263258633,0.2951626169683064,1,1000,100
5213,213,3.761492591544172e-17,1.0,0.37350400373772624,0.30027,1,1000,100
5214,214,4.8186083727466984e-18,1.0,0.38160666880071265,0.30204,1,1000,100
5215,215,4.783458564542126e-18,1.0,0.379194478117477,0.30122,1,1000,100
5216,216,0.0006551311611361662,0.9993448688388558,0.4411357493256711,0.29858661161789457,1,1000,100
5217,217,2.6355950561896963e-16,1.0,0.4114702536342737,0.29859,1,1000,100
5218,218,4.727234408143486e-18,1.0,0.4111433608417215,0.30054,1,1000,100
5219,219,5.229955274130485e-18,1.0,0.40498150345943856,0.30002,1,1000,100
5220,220,0.01400341511676383,0.9859965848832349,0.38848605739988396,0.3003355924465223,1,1000,100
5221,221,1.7254770496935511e-15,0.999999999999999,0.4214238516197089,0.2999599999999997,1,1000,100
5222,222,4.968282511788007e-18,1.0,0.4043122335940538,0.29954,1,1000,100
5223,223,0.011173686457555272,0.9888263135424451,0.3946207977748508,0.29830378388628115,1,1000,100
5224,224,0.0016228252059627092,0.9983771747940405,0.45203940709342266,0.30135546630275106,1,1000,100
5225,225,5.597062237140625e-18,1.0,0.42183676430609934,0.29913,1,1000,100
5226,226,3.8834208901782084e-05,0.999961165791104,0.3284315499619215,0.2971987871003624,1,1000,100
5227,227,0.008718073906272694,0.9912819260937338,0.3927884795033076,0.3007879324312079,1,1000,100
5228,228,0.9017337126611239,0.09826628733887736,0.30558715735386616,0.25503922796342654,1,1000,100
5229,229,0.0009279986856503586,0.9990720013143538,0.36458662037479833,0.30023027739830455,1,1000,100
5230,230,5.807006089366891e-18,1.0,0.3924566527325636,0.30001,1,1000,100
5231,231,4.864220387423246e-18,1.0,0.3827102559430227,0.30036,1,1000,100
5232,232,4.867565420905212e-18,1.0,0.38488166805329066,0.30138,1,1000,100
5233,233,7.146691099005217e-13,0.9999999999992876,0.3869825078825782,0.2997299999999376,1,1000,100
5234,234,4.7645627946817875e-18,1.0,0.37821535205204726,0.29898,1,1000,100
5235,235,8.383051342378965e-18,1.0,0.41006644735733117,0.30008,1,1000,100
5236,236,0.9538351479078726,0.04616485209212504,0.3025561372025018,0.23288977726087803,1,1000,100
5237,237,0.005787108539915554,0.9942128914600814,0.42969991686170034,0.2992148688644035,1,1000,100
5238,238,5.839056154874377e-16,1.0,0.3801072443771704,0.30043999999999993,1,1000,100
5239,239,5.641506734787195e-18,1.0,0.4043266953035175,0.29672,1,1000,100
5240,240,4.9212282577802926e-18,1.0,0.41447609358008064,0.29913,1,1000,100
5241,241,0.015546647882169003,0.9844533521178239,0.37814302139480394,0.29875579474086933,1,1000,100
5242,242,6.305559923975781e-16,0.9999999999999998,0.38348012577059826,0.29950999999999994,1,1000,100
5243,243,4.0807945259959655e-17,1.0,0.3740340174694941,0.29904,1,1000,100
5244,244,0.036275124186437,0.963724875813563,0.36109161379302435,0.297575961837532,1,1000,100
5245,245,5.796051047770245e-18,1.0,0.4162176405793189,0.29946,1,1000,100
5246,246,1.6958312802862986e-11,0.9999999999830467,0.3727318940052163,0.3000599999987676,1,1000,100
5247,247,2.6671592899963066e-11,0.9999999999733329,0.44339331916921826,0.30163999999621927,1,1000,100
5248,248,4.75108737704287e-18,1.0,0.37942897217115684,0.30228,1,1000,100
5249,249,3.278612707746166e-17,1.0,0.42594612764827655,0.30079,1,1000,100
5250,250,3.709656118930428e-08,0.9999999629034386,0.437659162888462,0.3010199949311568,1,1000,100
5251,251,5.26948994628118e-18,1.0,0.3694189612137936,0.30012,1,1000,100
5252,252,0.9814133368241809,0.018586663175809707,0.3019845721849902,0.22103555133285716,1,1000,100
5253,253,5.020762715295965e-18,1.0,0.39506795449748666,0.29968,1,1000,100
5254,254,0.997520289877007,0.002479710122985987,0.2986381043872736,0.18245340013373773,1,1000,100
5255,255,0.0123331536769249,0.9876668463230794,0.3853780953953999,0.2978707585670374,1,1000,100
5256,256,0.0010520483518073145,0.9989479516481952,0.44299392992173603,0.301561205935839,1,1000,100
5257,257,5.011244879768617e-07,0.9999994988755146,0.465850366209787,0.30000991689328976,1,1000,100
5258,258,5.938146906403883e-18,1.0,0.41703237450781805,0.29917,1,1000,100
5259,259,0.0007141058687811989,0.9992858941312166,0.4305237764398758,0.29840565367315997,1,1000,100
5260,260,0.3960100303781463,0.603989969621855,0.3013687000909516,0.2975297289033948,1,1000,100
5261,261,0.036003418562512816,0.9639965814374869,0.3649944129278054,0.2981431251030005,1,1000,100
5262,262,2.513636448814092e-15,0.9999999999999982,0.41952150321652587,0.3017499999999997,1,1000,100
5263,263,5.2726969703878106e-18,1.0,0.386956912033774,0.29885,1,1000,100
5264,264,0.0006271925365014384,0.9993728074634982,0.45725761486236943,0.30026153322933974,1,1000,100
5265,265,5.15049968059427e-18,1.0,0.3630281730976492,0.29727,1,1000,100
5266,266,9.087343905069118e-09,0.9999999909126591,0.38398514705022735,0.2994899992321635,1,1000,100
5267,267,5.544481565477474e-18,1.0,0.3917982871950333,0.30077,1,1000,100
5268,268,1.3855093828960255e-12,0.9999999999986118,0.38472271811066777,0.29884999999988104,1,1000,100
5269,269,0.8988965691935813,0.10110343080641532,0.3037969948371212,0.2723737798998928,1,1000,100
5270,270,0.001041477127593666,0.9989585228724057,0.5133673969706907,0.2991468942461508,1,1000,100
5271,271,4.7408755354750206e-18,1.0,0.3669945187543233,0.29946,1,1000,100
5272,272,0.0028623018534260905,0.9971376981465713,0.331598408236907,0.29931760259016726,1,1000,100
5273,273,0.2843016515122181,0.7156983484877814,0.3323665006291585,0.28859596420784495,1,1000,100
5274,274,0.8315875804330722,0.16841241956693165,0.3044194414324523,0.27681196780070805,1,1000,100
5275,275,5.182165570499197e-18,1.0,0.3904997560892093,0.2973,1,1000,100
5276,276,5.537031843645648e-18,1.0,0.378704469557532,0.30065,1,1000,100
5277,277,0.9260354258543319,0.07396457414566614,0.301149838867749,0.29479762399764514,1,1000,100
5278,278,1.1800646718175244e-12,0.9999999999988253,0.4371983751416471,0.3013299999998397,1,1000,100
5279,279,5.5123859001350494e-15,0.9999999999999966,0.3935028252238179,0.3015099999999995,1,1000,100
5280,280,0.0009532140360252564,0.9990467859639715,0.44832019892884745,0.3001487609055381,1,1000,100
5281,281,0.006008247962287758,0.9939917520377128,0.38313020149658106,0.29611720433712413,1,1000,100
5282,282,5.490951059254589e-18,1.0,0.4154176694655252,0.30157,1,1000,100
5283,283,4.884721897683585e-18,1.0,0.41782890985186877,0.29834,1,1000,100
5284,284,1.1904981579474985e-10,0.9999999998809572,0.42017509496684774,0.2997699999856658,1,1000,100
5285,285,4.954958885387858e-18,1.0,0.4181873891181235,0.30169,1,1000,100
5286,286,0.9792523468762745,0.020747653123723234,0.30268029897226095,0.23374243097669653,1,1000,100
5287,287,1.0864544607028886e-15,0.9999999999999992,0.4366618742369318,0.3026799999999999,1,1000,100
5288,288,0.9884614247112327,0.011538575288759801,0.30116855743019705,0.21722774099850312,1,1000,100
5289,289,0.007441295955614466,0.9925587040443832,0.4169874744456209,0.300503206084955,1,1000,100
5290,290,0.9323038339546614,0.06769616604534054,0.3026008914900784,0.24290930589316362,1,1000,100
5291,291,0.0002983358852992272,0.9997016641146999,0.39956326062349984,0.30059047286574375,1,1000,100
5292,292,4.5247983771699244e-05,0.9999547520162242,0.42281317587602346,0.30279456940004185,1,1000,100
5293,293,5.0755962292485525e-18,1.0,0.3742084272969638,0.29787,1,1000,100
5294,294,6.066335009565562e-06,0.9999939336649946,0.44313201420169324,0.29931912758285106,1,1000,100
5295,295,0.0013524915975764097,0.9986475084024186,0.42524398995591717,0.29992050103425444,1,1000,100
5296,296,0.00010298905771612307,0.9998970109422858,0.40011223760445924,0.2979494783536911,1,1000,100
5297,297,4.968070143396588e-18,1.0,0.37354955068541407,0.30017,1,1000,100
5298,298,3.1348421405510023e-14,0.999999999999972,0.4162426047374489,0.30061999999999645,1,1000,100
5299,299,7.117442185682935e-18,1.0,0.43725097437988286,0.30181,1,1000,100
5300,300,0.07122191352510442,0.9287780864748968,0.33238812262025524,0.2970856934418279,1,1000,100
5301,301,0.9769839859244134,0.023016014075586077,0.298829307796454,0.28886634045984555,1,1000,100
5302,302,0.604349395005906,0.39565060499409394,0.3067560969689921,0.285888955949164,1,1000,100
5303,303,0.0034915949817122213,0.9965084050182856,0.4156613404589214,0.298882254730301,1,1000,100
5304,304,0.4156404282417963,0.5843595717582055,0.3048475331061335,0.29571354546548595,1,1000,100
5305,305,0.548698499079297,0.4513015009207026,0.30699347295687773,0.2962612397447202,1,1000,100
5306,306,0.012829546913456292,0.9871704530865514,0.3651750446934618,0.29997349364195464,1,1000,100
5307,307,6.689323397680978e-18,1.0,0.444925921021531,0.30036,1,1000,100
5308,308,4.701215336462682e-18,1.0,0.38273870620043976,0.2987,1,1000,100
5309,309,4.874783291534627e-18,1.0,0.39585227270815765,0.29942,1,1000,100
5310,310,5.249978521369417e-14,0.9999999999999527,0.41214278497345214,0.30380999999999436,1,1000,100
5311,311,4.958507775948967e-18,1.0,0.3982309704376409,0.30085,1,1000,100
5312,312,1.2064903859577238e-15,0.9999999999999997,0.39534499745408136,0.3026399999999999,1,1000,100
5313,313,0.0029358489039636626,0.997064151096035,0.4378046965043113,0.2977387876550221,1,1000,100
5314,314,0.8612379844352873,0.13876201556471104,0.30704143770324865,0.2636474463523478,1,1000,100
5315,315,5.100452369211125e-18,1.0,0.3730708855112398,0.30249,1,1000,100
5316,316,0.001733745665767999,0.9982662543342319,0.4731308099751878,0.299218480252119,1,1000,100
5317,317,5.532234345152839e-18,1.0,0.4416971983916803,0.30053,1,1000,100
5318,318,5.366975933767225e-18,1.0,0.4015404054822699,0.30019,1,1000,100
5319,319,0.005999519967526352,0.9940004800324784,0.38547579503761653,0.29966517748657673,1,1000,100
5320,320,0.0029477772285980224,0.9970522227713992,0.4128373298679536,0.2974699225838857,1,1000,100
5321,321,0.026587426302279716,0.9734125736977155,0.36965835977325046,0.2984569374308541,1,1000,100
5322,322,4.603163143645548e-18,1.0,0.39409728523447957,0.29941,1,1000,100
5323,323,0.13563168640491183,0.864368313595088,0.32777330327534493,0.29793266373585836,1,1000,100
5324,324,1.964055601605891e-15,0.9999999999999986,0.44416821562888226,0.2998099999999997,1,1000,100
5325,325,7.416098025903574e-06,0.9999925839019725,0.43517529416189404,0.3030590202127616,1,1000,100
5326,326,0.14254907371796036,0.8574509262820359,0.3029089204007885,0.3007176341788053,1,1000,100
5327,327,0.024489434158398188,0.9755105658416007,0.3682112931348079,0.29821585123418676,1,1000,100
5328,328,5.546693453863449e-18,1.0,0.40480277282814564,0.30176,1,1000,100
5329,329,0.135660272600082,0.864339727399922,0.3082617910379105,0.3014221296750177,1,1000,100
5330,330,0.0385436494905086,0.9614563505094892,0.3334129504667493,0.29949258533580275,1,1000,100
5331,331,0.008698011015376124,0.9913019889846274,0.39321261745591624,0.30003957989294117,1,1000,100
5332,332,1.7914987803977021e-10,0.9999999998208569,0.43002246916653014,0.29981999997667425,1,1000,100
5333,333,0.9946081478484327,0.0053918521515700256,0.30025217966959716,0.22380726649126165,1,1000,100
5334,334,0.1619860416706967,0.8380139583293047,0.30382927541339494,0.30151514282154507,1,1000,100
5335,335,2.9652495838990917e-09,0.999999997034746,0.37751091354666966,0.30244999977742565,1,1000,100
5336,336,0.5835850658281976,0.4164149341718024,0.30243049186342585,0.2940962762082449,1,1000,100
5337,337,1.9209991244492445e-14,0.9999999999999815,0.4466507682329852,0.29799999999999716,1,1000,100
5338,338,3.7264495081012167e-16,1.0,0.3897433107205696,0.30095999999999995,1,1000,100
5339,339,0.9886353897674854,0.011364610232518817,0.30158048468967896,0.21970484877772392,1,1000,100
5340,340,0.9540601538216612,0.04593984617833698,0.3006993734973814,0.26479647798095673,1,1000,100
5341,341,0.01698563545673731,0.9830143645432514,0.3502521600197284,0.2969445361336055,1,1000,100
5342,342,0.25532205500864086,0.7446779449913625,0.3176637995285119,0.29358117475207923,1,1000,100
5343,343,5.2671753914230004e-18,1.0,0.38852749080235954,0.30158,1,1000,100
5344,344,5.5336964833603045e-18,1.0,0.4086994629843712,0.29948,1,1000,100
5345,345,5.2413265767357994e-15,0.9999999999999961,0.4211249990009542,0.29925999999999936,1,1000,100
5346,346,1.1723447039983266e-16,1.0,0.41976580996608326,0.2999799999999999,1,1000,100
5347,347,4.431927573858051e-10,0.9999999995568017,0.3987906226062972,0.30132999995680615,1,1000,100
5348,348,4.574583590023682e-15,0.9999999999999968,0.4126727866634174,0.30050999999999944,1,1000,100
5349,349,6.987564630896443e-16,0.9999999999999999,0.37836818423691043,0.2985399999999999,1,1000,100
5350,350,0.22996806187925004,0.770031938120755,0.30807750122977257,0.2995875920375289,1,1000,100
5351,351,0.0008172245839565818,0.9991827754160391,0.4375485555303151,0.3004279416633807,1,1000,100
5352,352,8.191921543071363e-15,0.9999999999999941,0.38927928511798987,0.3008799999999993,1,1000,100
5353,353,0.2868736031618469,0.7131263968381515,0.32050830687059384,0.28999715629887834,1,1000,100
5354,354,4.430433853510881e-18,1.0,0.38821541737637416,0.3004,1,1000,100
5355,355,2.5149450892044e-06,0.9999974850549068,0.4214163215643612,0.299699693889365,1,1000,100
5356,356,2.8647526341231923e-05,0.9999713524736502,0.41073337088971884,0.30149687064448183,1,1000,100
5357,357,0.002070034044344127,0.9979299659556511,0.40370739374046755,0.30099738678891547,1,1000,100
5358,358,3.846354597877874e-15,0.9999999999999988,0.3599759562805698,0.2975799999999998,1,1000,100
5359,359,0.40530433314199577,0.594695666858005,0.30510856940232123,0.29396241554291547,1,1000,100
5360,360,6.378083871403666e-15,0.9999999999999953,0.3980172089131216,0.3003399999999994,1,1000,100
5361,361,0.0011090763842107633,0.9988909236157865,0.4969251660401273,0.29915065295814197,1,1000,100
5362,362,4.976264149042696e-18,1.0,0.3793264830881627,0.29994,1,1000,100
5363,363,0.18009390768828643,0.8199060923117157,0.3372706304659231,0.2920451701191476,1,1000,100
5364,364,4.790742216173964e-18,1.0,0.39474528350709776,0.29889,1,1000,100
5365,365,0.07102039087476815,0.9289796091252283,0.3219203598709021,0.29757067592875136,1,1000,100
5366,366,5.021746397161078e-18,1.0,0.4090453873128271,0.30202,1,1000,100
5367,367,5.046716268274139e-18,1.0,0.38902711508371196,0.30116,1,1000,100
5368,368,0.9593887976688448,0.040611202331150335,0.3013153845105643,0.277051524934842,1,1000,100
5369,369,0.9551935390814081,0.044806460918588364,0.3027797977687629,0.2394005950702354,1,1000,100
5370,370,0.02041337597855605,0.9795866240214482,0.32535032621677373,0.2991450620907787,1,1000,100
5371,371,0.9617526616456646,0.038247338354331854,0.3019191611969544,0.23788434721160476,1,1000,100
5372,372,0.00047970860973418255,0.9995202913902668,0.4337740012805335,0.30145652616797025,1,1000,100
5373,373,5.040482724490625e-18,1.0,0.3731735446363773,0.29918,1,1000,100
5374,374,4.722927189259281e-18,1.0,0.3831380502967414,0.29814,1,1000,100
5375,375,0.3615028938251072,0.6384971061748943,0.312439360420064,0.2954160093117401,1,1000,100
5376,376,0.2872122477571347,0.7127877522428658,0.3208455976672723,0.2910252232284731,1,1000,100
5377,377,4.7079719317763666e-18,1.0,0.391276726393469,0.30062,1,1000,100
5378,378,4.933539628444298e-18,1.0,0.39629131528051575,0.29989,1,1000,100
5379,379,0.004812851335419806,0.995187148664575,0.4323466577461892,0.3008672089593259,1,1000,100
5380,380,0.0029895152405800757,0.9970104847594186,0.4494679677867979,0.2991205340554781,1,1000,100
5381,381,0.0020294593923310487,0.9979705406076667,0.4521236308158964,0.298598426832817,1,1000,100
5382,382,0.9973718246699644,0.0026281753300393244,0.3005244588139346,0.17707043722487448,1,1000,100
5383,383,0.018527058297429563,0.9814729417025689,0.39090111242816544,0.2993844657518425,1,1000,100
5384,384,0.1860247950065243,0.8139752049934732,0.33638803839209047,0.29137679214364476,1,1000,100
5385,385,0.8681426924878718,0.1318573075121265,0.3022297624052048,0.2739434089555734,1,1000,100
5386,386,0.0027350810150471227,0.9972649189849558,0.44067887857708377,0.29933340868874553,1,1000,100
5387,387,0.25470670192251454,0.7452932980774842,0.3113999333467636,0.2975933777621274,1,1000,100
5388,388,0.6801923544160923,0.3198076455839048,0.30880281322265046,0.28255949684624915,1,1000,100
5389,389,1.300423854955121e-16,1.0,0.38877868765144863,0.30209,1,1000,100
5390,390,5.253776346042161e-18,1.0,0.39797035672585696,0.29934,1,1000,100
5391,391,4.984610613075125e-18,1.0,0.38399465082148243,0.30096,1,1000,100
5392,392,0.11963261290698564,0.8803673870930188,0.31124843653000794,0.29731284928555246,1,1000,100
5393,393,5.362011573896311e-18,1.0,0.4217378758916109,0.30022,1,1000,100
5394,394,0.035633224722003365,0.9643667752779994,0.3696244830255218,0.2953534848310074,1,1000,100
5395,395,0.08076869349860623,0.9192313065013925,0.32360777957771775,0.2985022599827073,1,1000,100
5396,396,0.7618188366593317,0.23818116334066974,0.30047937472257746,0.2796155303577325,1,1000,100
5397,397,1.231710853540162e-05,0.9999876828914553,0.3454937745488434,0.29827941845565153,1,1000,100
5398,398,4.7656162875702814e-18,1.0,0.3939800352196482,0.29863,1,1000,100
5399,399,0.0008928694191667023,0.9991071305808304,0.4020136976246666,0.2995084762225051,1,1000,100
5400,400,0.8895110140777098,0.1104889859222905,0.30324101202273224,0.25553479064027307,1,1000,100
5401,401,4.90543978767443e-18,1.0,0.38647472607072053,0.30036,1,1000,100
5402,402,2.950587843283398e-12,0.9999999999970546,0.41179439137003654,0.2985399999996658,1,1000,100
5403,403,0.019841156218880343,0.9801588437811187,0.3878294675584187,0.2972120455742602,1,1000,100
5404,404,4.972250856345184e-18,1.0,0.37105964409789927,0.30259,1,1000,100
5405,405,5.985241195912226e-15,0.9999999999999949,0.4419075902702238,0.30002999999999913,1,1000,100
5406,406,8.906065358915429e-18,1.0,0.4125148769413337,0.29898,1,1000,100
5407,407,0.005990941205311145,0.9940090587946936,0.42203914378401464,0.29850994382591184,1,1000,100
5408,408,4.9200713530117075e-18,1.0,0.37372418242509736,0.29965,1,1000,100
5409,409,5.664902463808157e-18,1.0,0.39592755786897843,0.30191,1,1000,100
5410,410,0.0016186748873107156,0.9983813251126865,0.4484578850985743,0.29863748948801827,1,1000,100
5411,411,0.8616168414237524,0.13838315857624203,0.30025852935631825,0.29405452761830886,1,1000,100
5412,412,1.6955023063186616e-11,0.9999999999830452,0.39562882663185245,0.3019899999984124,1,1000,100
5413,413,0.9971771535268967,0.0028228464731040195,0.3019432582004205,0.1838857571653108,1,1000,100
5414,414,2.4631436911453182e-05,0.9999753685630948,0.3919456642981525,0.300017735683026,1,1000,100
5415,415,5.5689924012838684e-18,1.0,0.3958636368382463,0.29644,1,1000,100
5416,416,0.9633171651874761,0.036682834812523255,0.30041346429602706,0.2348933291071696,1,1000,100
5417,417,5.251562612144364e-18,1.0,0.38471740606075433,0.29985,1,1000,100
5418,418,4.820524386774837e-18,1.0,0.41238278722149485,0.30184,1,1000,100
5419,419,3.464465368356214e-05,0.9999653553463228,0.3770801000227595,0.3003073402343248,1,1000,100
5420,420,2.5238407001401958e-17,1.0,0.44299884028718944,0.29894,1,1000,100
5421,421,1.4255659900117202e-06,0.9999985744340076,0.43966772634379303,0.29880979919772965,1,1000,100
5422,422,0.022320849767929588,0.9776791502320759,0.33384234656595574,0.30000471531637557,1,1000,100
5423,423,0.002203998270802421,0.9977960017291971,0.34888940701239185,0.30111470463858003,1,1000,100
5424,424,0.004286543931670945,0.9957134560683247,0.32425349319011,0.2989917142748877,1,1000,100
5425,425,0.014431552268892997,0.9855684477311087,0.3235323262112487,0.3004164013217129,1,1000,100
5426,426,0.0054989438806328506,0.9945010561193632,0.35233956408515804,0.3004044115105602,1,1000,100
5427,427,5.175902581493098e-18,1.0,0.4014941541615638,0.30124,1,1000,100
5428,428,0.9992567652327965,0.0007432347672048026,0.29711330400991726,0.18503026700320768,1,1000,100
5429,429,4.740105935719687e-18,1.0,0.39385216076131646,0.2975,1,1000,100
5430,430,0.01043443766970855,0.9895655623302919,0.40279825594130847,0.2979560303317233,1,1000,100
5431,431,4.993783102607406e-18,1.0,0.3845092178684364,0.30253,1,1000,100
5432,432,5.9779596717200174e-18,1.0,0.4086774316922506,0.30044,1,1000,100
5433,433,0.8126681586360155,0.1873318413639858,0.30265620398367243,0.2868756299918302,1,1000,100
5434,434,0.03473360079576869,0.96526639920423,0.363317916373446,0.297742323536454,1,1000,100
5435,435,0.0003197464812125812,0.9996802535187835,0.32592209797670296,0.30117208627084713,1,1000,100
5436,436,1.481272275777517e-17,1.0,0.40945942908731003,0.29898,1,1000,100
5437,437,1.180008745313684e-14,0.9999999999999897,0.41455708766752675,0.30202999999999874,1,1000,100
5438,438,1.1263856310743257e-15,0.9999999999999992,0.41414786404709,0.2979899999999999,1,1000,100
5439,439,5.620013772810849e-17,1.0,0.38746321842938175,0.30058,1,1000,100
5440,440,4.284400317671559e-06,0.9999957155996857,0.37263787338796067,0.29835968176249217,1,1000,100
5441,441,5.5144934227185476e-18,1.0,0.37931174438064424,0.29946,1,1000,100
5442,442,0.005815387069578861,0.9941846129304189,0.4183665336276928,0.29895557907895115,1,1000,100
5443,443,0.4448422608272701,0.5551577391727277,0.31867432636387827,0.28433394881228896,1,1000,100
5444,444,5.4499991224945455e-18,1.0,0.3743523542210186,0.30032,1,1000,100
5445,445,4.91023201925849e-17,1.0,0.3934746978320057,0.29879,1,1000,100
5446,446,0.0016227108420176213,0.9983772891579858,0.45113382447395683,0.2999747124700815,1,1000,100
5447,447,0.005209247511943932,0.9947907524880545,0.44057397518929636,0.29825864421621706,1,1000,100
5448,448,0.07556735361212075,0.9244326463878748,0.33371801854838734,0.29597809375807566,1,1000,100
5449,449,3.1554383249284585e-11,0.9999999999684449,0.4134886731904012,0.2991099999963909,1,1000,100
5450,450,4.551514984112691e-18,1.0,0.38269010771735557,0.29621,1,1000,100
5451,451,0.009723239396268396,0.9902767606037329,0.3165368529485902,0.2990196762978784,1,1000,100
5452,452,0.0015891657481444576,0.9984108342518578,0.42334032450666303,0.299072517858077,1,1000,100
5453,453,0.00906456985771632,0.9909354301422785,0.3896870114506261,0.2968989158252392,1,1000,100
5454,454,5.333489039407069e-18,1.0,0.3964640633788905,0.29954,1,1000,100
5455,455,6.124800891577447e-08,0.9999999387519912,0.42020175502307844,0.29859999255213415,1,1000,100
5456,456,7.7483829620069e-15,0.9999999999999942,0.3997906175954629,0.30061999999999917,1,1000,100
5457,457,0.8677055267242179,0.1322944732757848,0.30466916999427934,0.2725501412165503,1,1000,100
5458,458,0.00018015997780671092,0.9998198400221923,0.3693646417580357,0.2999674974120148,1,1000,100
5459,459,5.728338967859887e-18,1.0,0.3915023392789845,0.30169,1,1000,100
5460,460,5.142967237851333e-18,1.0,0.38817964628993545,0.30065,1,1000,100
5461,461,4.820502858191386e-18,1.0,0.3817411787928948,0.30222,1,1000,100
5462,462,0.059931294748304866,0.9400687052516936,0.33458004081469456,0.29902940432611297,1,1000,100
5463,463,0.4676916132058118,0.5323083867941883,0.3028204173608871,0.2949482562887616,1,1000,100
5464,464,0.002651681088772745,0.9973483189112266,0.3907106076152195,0.29757302884371756,1,1000,100
5465,465,5.361106218326968e-18,1.0,0.42605658628141635,0.29856,1,1000,100
5466,466,0.0037660665424701294,0.9962339334575294,0.4421406223269211,0.3003560297898083,1,1000,100
5467,467,0.00011496873050306335,0.9998850312694916,0.42312696913282904,0.29980582192426125,1,1000,100
5468,468,0.006119558240824146,0.9938804417591771,0.3931516745987848,0.2975751136689321,1,1000,100
5469,469,0.18640888636753297,0.8135911136324661,0.3356407845944956,0.291305511027594,1,1000,100
5470,470,0.003487795362490987,0.9965122046375063,0.4453106394153731,0.3003243173783747,1,1000,100
5471,471,0.7447554511990033,0.2552445488009949,0.3019681745781934,0.29410052534679254,1,1000,100
5472,472,0.955682560457686,0.044317439542313736,0.30158969959039206,0.26820104704923403,1,1000,100
5473,473,0.20710642016516415,0.7928935798348329,0.31036683846708757,0.2986794712052441,1,1000,100
5474,474,6.0663112760508465e-18,1.0,0.428913147100992,0.3013,1,1000,100
5475,475,4.960671498820853e-18,1.0,0.35009474583725064,0.29799,1,1000,100
5476,476,0.0023566178235856134,0.9976433821764201,0.427867518640505,0.29987837851114574,1,1000,100
5477,477,9.923438404428716e-06,0.9999900765615971,0.4105450437275605,0.30026890568153664,1,1000,100
5478,478,0.0016091195771295813,0.9983908804228668,0.45546632788775937,0.3003604160407184,1,1000,100
5479,479,0.7517013893152559,0.2482986106847389,0.3089593097570849,0.2707419805061638,1,1000,100
5480,480,5.7419351625245735e-18,1.0,0.3978743976945819,0.29977,1,1000,100
5481,481,0.09287967518320615,0.9071203248167876,0.33451797061008115,0.29796496909203235,1,1000,100
5482,482,0.0006993330972344371,0.9993006669027652,0.33716091417419136,0.30146503669144153,1,1000,100
5483,483,6.719296794862762e-10,0.9999999993280727,0.3770165721329922,0.30059999994865344,1,1000,100
5484,484,1.1939620323523596e-12,0.9999999999988055,0.3818018035339806,0.2976399999998995,1,1000,100
5485,485,0.0011060158440029774,0.9988939841559904,0.44330981234706607,0.29909049114574005,1,1000,100
5486,486,0.020636421541927522,0.9793635784580708,0.3866594227181142,0.296376891630606,1,1000,100
5487,487,5.0282935828622266e-18,1.0,0.37643073139445304,0.30039,1,1000,100
5488,488,1.980032505506161e-17,1.0,0.3852673683010943,0.29851,1,1000,100
5489,489,4.93428367917473e-18,1.0,0.38578664828889386,0.30063,1,1000,100
5490,490,0.13354550783043773,0.8664544921695625,0.3168646674567029,0.29935114817341524,1,1000,100
5491,491,0.9995713931262921,0.00042860687371258264,0.3020131792068538,0.15460722113974312,1,1000,100
5492,492,0.011407044361902974,0.9885929556380871,0.3799667944527752,0.2987637128457858,1,1000,100
5493,493,0.02988372704524881,0.9701162729547529,0.3067979635144491,0.2972135829884636,1,1000,100
5494,494,0.8995769023538053,0.10042309764619708,0.30490159599354943,0.2642575998490634,1,1000,100
5495,495,0.2867360682800118,0.7132639317199896,0.31563988502687146,0.28978706364221946,1,1000,100
5496,496,0.009327943217170308,0.9906720567828341,0.4001204386949539,0.29734128186114556,1,1000,100
5497,497,0.9220897385219883,0.07791026147801733,0.3032693482326515,0.25219330051877864,1,1000,100
5498,498,0.001167746433372849,0.9988322535666264,0.4789098184313851,0.29870957180470875,1,1000,100
5499,499,5.194586928083875e-18,1.0,0.41923131129745084,0.30086,1,1000,100
5500,500,3.076249028105525e-05,0.999969237509727,0.3977131674188688,0.30213705984091954,1,1000,100
5501,501,0.9934226334359109,0.006577366564084077,0.30091203235074765,0.19265710329819405,1,1000,100
5502,502,0.0028394783404424046,0.9971605216595633,0.3986762677396335,0.29827491252652133,1,1000,100
5503,503,4.971899124643546e-18,1.0,0.3842289519150762,0.29942,1,1000,100
5504,504,0.009335497464746116,0.9906645025352523,0.3948037993782738,0.2975016358995298,1,1000,100
5505,505,0.008793592821329327,0.9912064071786644,0.4010826917446842,0.29916376647035003,1,1000,100
5506,506,0.8272349878623032,0.17276501213769585,0.308123028080829,0.26550428259687325,1,1000,100
5507,507,5.109152224359043e-18,1.0,0.374869971692834,0.29978,1,1000,100
5508,508,0.00016738077706974895,0.9998326192229355,0.4659378544604233,0.30053231429215504,1,1000,100
5509,509,5.477913643693576e-18,1.0,0.38519819697840907,0.3003,1,1000,100
5510,510,0.9576157445882321,0.04238425541176226,0.30233987766123505,0.25798667048625823,1,1000,100
5511,511,5.634307786343823e-15,0.9999999999999961,0.39055866817572604,0.2985399999999995,1,1000,100
5512,512,3.158991770765469e-16,1.0,0.38032877968297735,0.29671000000000003,1,1000,100
5513,513,0.0015778741792270765,0.9984221258207777,0.3577146209905134,0.30046967467732116,1,1000,100
5514,514,0.14992137382804904,0.850078626171956,0.3371828643951808,0.2955009972075055,1,1000,100
5515,515,5.130102394062228e-18,1.0,0.38902473970109946,0.29992,1,1000,100
5516,516,5.391722555234938e-18,1.0,0.35705391765902117,0.29824,1,1000,100
5517,517,0.10554015794949942,0.8944598420504953,0.33492193303741186,0.2971427824833236,1,1000,100
5518,518,6.377458161947325e-17,1.0,0.38676208546535845,0.30136,1,1000,100
5519,519,1.1430274161388447e-14,0.9999999999999908,0.40148464581643684,0.3008799999999988,1,1000,100
5520,520,5.849674432675746e-18,1.0,0.4000666988317351,0.30122,1,1000,100
5521,521,0.9731078893313906,0.02689211066861307,0.2985797151956424,0.24318372140401007,1,1000,100
5522,522,1.7546707176911662e-07,0.9999998245329303,0.38448273967359836,0.29934998506200483,1,1000,100
5523,523,0.16577650373941655,0.8342234962605867,0.3138842706421228,0.3003456078104602,1,1000,100
5524,524,0.9493389791481944,0.050661020851806245,0.303844018633597,0.23862585725343374,1,1000,100
5525,525,3.7327580154090243e-13,0.9999999999996341,0.3756828386979563,0.3024899999999727,1,1000,100
5526,526,5.295483999951954e-18,1.0,0.38870739590890796,0.29829,1,1000,100
5527,527,0.004380065358634591,0.9956199346413679,0.434350149179553,0.29911767291535274,1,1000,100
5528,528,0.5742513964299623,0.4257486035700359,0.3137489314580018,0.2811735305249009,1,1000,100
5529,529,0.0005672679451031998,0.9994327320548971,0.4557713208032505,0.2997615006298943,1,1000,100
5530,530,4.9485106268092755e-18,1.0,0.3942100138665136,0.29999,1,1000,100
5531,531,3.806826824458074e-09,0.9999999961931714,0.3945310353357422,0.2999799996400606,1,1000,100
5532,532,9.126159354883604e-18,1.0,0.3873877350151968,0.29935,1,1000,100
5533,533,0.23304342050324192,0.7669565794967574,0.31106449960599436,0.3006147560087061,1,1000,100
5534,534,0.9907601700876253,0.009239829912378367,0.30208470007592714,0.22689932518104425,1,1000,100
5535,535,4.839041881340601e-18,1.0,0.3877120132650275,0.30143,1,1000,100
5536,536,5.410606731075971e-18,1.0,0.38630586765612923,0.29891,1,1000,100
5537,537,4.915338634569077e-18,1.0,0.39658245062810926,0.29919,1,1000,100
5538,538,0.007238959817267429,0.992761040182734,0.3869446557937035,0.29877171965834565,1,1000,100
5539,539,5.367769076315819e-05,0.9999463223092341,0.3496610548679214,0.3004873604696384,1,1000,100
5540,540,5.452202576420634e-18,1.0,0.44513936257156195,0.29971,1,1000,100
5541,541,0.022130788763248123,0.9778692112367484,0.3686755016933096,0.2963800445085006,1,1000,100
5542,542,2.954085506349498e-07,0.9999997045914515,0.3939864270497813,0.3002999723242202,1,1000,100
5543,543,1.1231770675957801e-12,0.9999999999988807,0.42123929627809087,0.29907999999986284,1,1000,100
5544,544,0.09009217326861824,0.9099078267313816,0.33732369081499686,0.29773320729931696,1,1000,100
5545,545,5.195883656300791e-18,1.0,0.3929169035513075,0.29864,1,1000,100
5546,546,5.457712020046525e-18,1.0,0.41261328724716334,0.3009,1,1000,100
5547,547,0.015768644366579515,0.984231355633422,0.38432135907201975,0.2987405059627311,1,1000,100
5548,548,3.298344461344972e-14,0.9999999999999736,0.35588373862220757,0.2986099999999981,1,1000,100
5549,549,7.658614710280743e-06,0.9999923413852879,0.3938955646866685,0.3017392942106313,1,1000,100
5550,550,0.0869992141891332,0.9130007858108657,0.2983855949895823,0.2981494561023733,1,1000,100
5551,551,0.0016466252485791014,0.9983533747514213,0.35110294066588266,0.2996452684977749,1,1000,100
5552,552,0.799495117329946,0.20050488267005395,0.30374880895702233,0.288443401347212,1,1000,100
5553,553,5.720617974103352e-18,1.0,0.40690600291653795,0.29999,1,1000,100
5554,554,2.161598809118179e-16,1.0,0.38197312070055267,0.29951999999999995,1,1000,100
5555,555,0.002556574686616476,0.9974434253133816,0.3972510294598345,0.2983471448321529,1,1000,100
5556,556,0.008429772981091285,0.9915702270189174,0.40324658855217316,0.29869868490661894,1,1000,100
5557,557,5.1970581021029576e-18,1.0,0.4209900278917136,0.29937,1,1000,100
5558,558,5.20054508308685e-18,1.0,0.3921968735549116,0.30036,1,1000,100
5559,559,0.004205548333654276,0.9957944516663437,0.40869897342955025,0.29718100579705065,1,1000,100
5560,560,0.0020260709789812702,0.9979739290210256,0.43068944648406543,0.3011876201078541,1,1000,100
5561,561,1.2409155415960077e-16,1.0,0.42609991349190385,0.30043,1,1000,100
5562,562,0.9957127194769319,0.004287280523063473,0.298121045372994,0.17425572558874394,1,1000,100
5563,563,0.9934713355244288,0.006528664475565615,0.30243091517577314,0.19813467230380713,1,1000,100
5564,564,0.002576971017599615,0.9974230289824015,0.42220269595822557,0.30001512617395504,1,1000,100
5565,565,2.1108355129583753e-12,0.9999999999978957,0.41223425636886296,0.30289999999976924,1,1000,100
5566,566,5.216555131525342e-18,1.0,0.38363629494909585,0.30327,1,1000,100
5567,567,0.045243445174112745,0.9547565548258871,0.36657518533763056,0.296918491176721,1,1000,100
5568,568,0.9362254294875743,0.06377457051243345,0.30433423850947994,0.24672132979120545,1,1000,100
5569,569,1.0111232562033617e-14,0.9999999999999942,0.3691715158528609,0.30106999999999934,1,1000,100
5570,570,2.1494439420260947e-15,0.9999999999999984,0.4370386942719233,0.2996299999999997,1,1000,100
5571,571,2.2537476931869547e-15,0.999999999999999,0.37995515121232737,0.29772999999999983,1,1000,100
5572,572,4.773320139396157e-18,1.0,0.36790804414051403,0.29881,1,1000,100
5573,573,4.971963424148443e-18,1.0,0.39250829757055017,0.29853,1,1000,100
5574,574,9.494509615061473e-17,1.0,0.38474965644624537,0.30528,1,1000,100
5575,575,2.081503651912778e-14,0.9999999999999833,0.3815646407533662,0.3004999999999982,1,1000,100
5576,576,0.8170882596055179,0.18291174039448302,0.3106919009359762,0.26710858081238364,1,1000,100
5577,577,0.005151879560378134,0.994848120439621,0.411898342078299,0.2987269546422486,1,1000,100
5578,578,5.976172988251434e-18,1.0,0.40384862060907273,0.30034,1,1000,100
5579,579,0.0524322349279538,0.9475677650720399,0.3214289470374885,0.2981916147335405,1,1000,100
5580,580,4.750198345380405e-18,1.0,0.4227097810576248,0.2974,1,1000,100
5581,581,7.691672634219789e-16,0.9999999999999999,0.3835929418636691,0.2983599999999999,1,1000,100
5582,582,5.7872107324902654e-18,1.0,0.41079287460717584,0.30236,1,1000,100
5583,583,0.10526930065086938,0.8947306993491329,0.3147321730817904,0.30066964779798905,1,1000,100
5584,584,5.737748895506851e-18,1.0,0.4191181081383767,0.30043,1,1000,100
5585,585,0.013685063701634529,0.9863149362983605,0.39012950873464597,0.2985365444491312,1,1000,100
5586,586,0.0029592735103209145,0.9970407264896735,0.41724895336832285,0.29962190940470107,1,1000,100
5587,587,0.994789798650899,0.0052102013491047965,0.2996974095973012,0.21190625400601432,1,1000,100
5588,588,0.0011442849477888936,0.9988557150522123,0.3541400944078685,0.3010993062244629,1,1000,100
5589,589,4.666359344386205e-18,1.0,0.3769165018177959,0.30292,1,1000,100
5590,590,5.181795621911874e-18,1.0,0.4122540004085027,0.30272,1,1000,100
5591,591,0.8531265541179945,0.14687344588200463,0.30393398830116675,0.2693873194278628,1,1000,100
5592,592,1.6613455744551174e-17,1.0,0.423018062115399,0.30197,1,1000,100
5593,593,5.201130814429551e-18,1.0,0.40630087514774316,0.30106,1,1000,100
5594,594,0.022235361008422636,0.9777646389915806,0.373409028423817,0.2984021960030254,1,1000,100
5595,595,5.400812071480574e-18,1.0,0.4176786283844584,0.3012,1,1000,100
5596,596,5.434770923310691e-18,1.0,0.40386630776281957,0.30282,1,1000,100
5597,597,0.021335631742630055,0.9786643682573692,0.3293466261144053,0.298256676279424,1,1000,100
5598,598,0.00803312818707929,0.9919668718129139,0.395344494793252,0.29844156635414526,1,1000,100
5599,599,0.00909388011074738,0.9909061198892589,0.40803808512475437,0.3016424508576682,1,1000,100
5600,600,0.002006772911236491,0.9979932270887611,0.43742850594228055,0.298701606616373,1,1000,100
5601,601,0.9821050824334444,0.017894917566553363,0.3015551345541499,0.22135724882416727,1,1000,100
5602,602,5.07330256919529e-18,1.0,0.40404065046582976,0.3026,1,1000,100
5603,603,0.034749071654045845,0.9652509283459632,0.3115320292560434,0.2995744864896026,1,1000,100
5604,604,5.165911293837692e-18,1.0,0.41596445926357656,0.30083,1,1000,100
5605,605,5.500594288204026e-17,1.0,0.38697467619676107,0.29891,1,1000,100
5606,606,5.4071926580316745e-18,1.0,0.40406109739548496,0.29869,1,1000,100
5607,607,8.038064990572008e-18,1.0,0.408924015929061,0.30236,1,1000,100
5608,608,0.013778667531731821,0.9862213324682694,0.34902664876046835,0.3021338801314179,1,1000,100
5609,609,1.1013926007479246e-05,0.9999889860739958,0.44723809393524583,0.29727834835445804,1,1000,100
5610,610,3.9172076841490657e-16,0.9999999999999999,0.4159242070006577,0.30028999999999995,1,1000,100
5611,611,2.0988347804315854e-13,0.9999999999997959,0.39742334881097485,0.2983199999999792,1,1000,100
5612,612,0.004032461312113932,0.9959675386878835,0.4358542727454557,0.29983149340474236,1,1000,100
5613,613,6.086137150476857e-18,1.0,0.44315015292838156,0.29899,1,1000,100
5614,614,4.362829521393924e-18,1.0,0.3720879695949573,0.29723,1,1000,100
5615,615,4.8190892942155315e-18,1.0,0.38128784469746907,0.29855,1,1000,100
5616,616,6.9788302973945074e-15,0.9999999999999959,0.3813991097507542,0.30077999999999944,1,1000,100
5617,617,0.9618797109659428,0.03812028903405946,0.3017221769442845,0.2379194879848326,1,1000,100
5618,618,0.972504346960058,0.02749565303993577,0.3002561899393822,0.2774820467512668,1,1000,100
5619,619,0.9483452082056224,0.051654791794373565,0.3024534641388548,0.2328865563259348,1,1000,100
5620,620,0.972668699240473,0.027331300759521265,0.303366461136161,0.22519743599685435,1,1000,100
5621,621,1.514399978126491e-16,1.0,0.3742886556462207,0.30069,1,1000,100
5622,622,0.9833338365792791,0.016666163420720363,0.3010477106370228,0.20698223213140673,1,1000,100
5623,623,0.0034940373098002755,0.9965059626902074,0.4774607574395983,0.29888605332122387,1,1000,100
5624,624,0.0005372586571094466,0.9994627413428885,0.4088553270314378,0.2987108239121662,1,1000,100
5625,625,1.527911494922216e-11,0.999999999984725,0.410285181314717,0.3021499999983478,1,1000,100
5626,626,0.036531722919044544,0.9634682770809596,0.31756380417572233,0.30058991456799194,1,1000,100
5627,627,5.306859486382171e-18,1.0,0.38856585867883403,0.29874,1,1000,100
5628,628,2.0415536099872513e-14,0.9999999999999846,0.3736867786837294,0.2995499999999985,1,1000,100
5629,629,7.587104010814645e-15,0.9999999999999954,0.38446803438337646,0.30242999999999937,1,1000,100
5630,630,2.4628772456273446e-07,0.9999997537122804,0.3888988158615576,0.2980999776373608,1,1000,100
5631,631,0.005154762178964715,0.9948452378210408,0.43300231082624074,0.30139157797193683,1,1000,100
5632,632,1.1939751505275262e-14,0.9999999999999907,0.3823807436325688,0.299019999999999,1,1000,100
5633,633,5.532548205928549e-18,1.0,0.3929566785530866,0.30099,1,1000,100
5634,634,3.359630490071396e-14,0.9999999999999689,0.42650990015002777,0.29915999999999565,1,1000,100
5635,635,0.0011248013717179645,0.9988751986282838,0.48286437787146463,0.2974914923240569,1,1000,100
5636,636,0.7431874133917451,0.2568125866082546,0.3026923617689912,0.2834862868871744,1,1000,100
5637,637,1.9536070217008906e-17,1.0,0.4084358874247527,0.30023,1,1000,100
5638,638,5.338938598764037e-08,0.99999994661062,0.42775706907688665,0.30057999321009393,1,1000,100
5639,639,1.671455432353373e-16,1.0,0.3681444698968588,0.30014,1,1000,100
5640,640,0.00047182079357771273,0.999528179206422,0.4405899923374157,0.3002237722986698,1,1000,100
5641,641,5.8714590847881944e-18,1.0,0.4431430391534989,0.30053,1,1000,100
5642,642,4.4160250500695235e-18,1.0,0.38924369511111034,0.30062,1,1000,100
5643,643,0.04798099026147612,0.952019009738529,0.3605741915018464,0.2955710866595984,1,1000,100
5644,644,5.540568966871367e-18,1.0,0.4203271881967673,0.2975,1,1000,100
5645,645,0.03937324526633825,0.9606267547336607,0.35948647721270016,0.2949489480347949,1,1000,100
5646,646,0.001359848630954908,0.998640151369039,0.3637829875031212,0.30021355519450454,1,1000,100
5647,647,0.2310086518806665,0.7689913481193368,0.31783328391092736,0.2934594285265119,1,1000,100
5648,648,0.7232268107673395,0.27677318923265903,0.299519016618902,0.2930913108724234,1,1000,100
5649,649,0.001557092970181365,0.9984429070298203,0.4967105104035597,0.2985314167263984,1,1000,100
5650,650,1.0798190260254024e-16,1.0,0.35770722089765883,0.30252,1,1000,100
5651,651,0.0021069842609079247,0.9978930157390846,0.42731241653396623,0.3017754956836055,1,1000,100
5652,652,1.288393316759465e-16,1.0,0.4163831905958066,0.30035,1,1000,100
5653,653,0.9950037827847218,0.0049962172152805875,0.29904473280649674,0.1940187133428376,1,1000,100
5654,654,1.738746989809892e-14,0.9999999999999849,0.42107684413585106,0.3019599999999979,1,1000,100
5655,655,0.1026024814696162,0.8973975185303862,0.3173942462071659,0.2991924506039024,1,1000,100
5656,656,0.6182936961616038,0.3817063038383985,0.30279467989763825,0.2954993330049205,1,1000,100
5657,657,1.3926508311677435e-05,0.9999860734916898,0.41830831462322327,0.3000383529123952,1,1000,100
5658,658,0.0013253503172568695,0.9986746496827396,0.464359629792952,0.2997618502807037,1,1000,100
5659,659,5.29894092006273e-18,1.0,0.3924903881719801,0.29944,1,1000,100
5660,660,1.6984230257530003e-17,1.0,0.37557369456790607,0.29885,1,1000,100
5661,661,0.0008093637912411864,0.9991906362087573,0.4248008527767467,0.30306146855043925,1,1000,100
5662,662,4.694685983646827e-18,1.0,0.39880045529956654,0.30316,1,1000,100
5663,663,4.5140019325761345e-18,1.0,0.37740570537762497,0.29993,1,1000,100
5664,664,1.2159686575889971e-10,0.9999999998784024,0.44020197869895145,0.302549999983262,1,1000,100
5665,665,0.005420896208636899,0.9945791037913632,0.3191153623437452,0.2989707984097456,1,1000,100
5666,666,0.102320735202017,0.897679264797987,0.3423433853679075,0.29723441721432065,1,1000,100
5667,667,0.05675702312608149,0.9432429768739163,0.35601017189357237,0.29842143471198274,1,1000,100
5668,668,1.3604270739643006e-17,1.0,0.40034814845532196,0.29905,1,1000,100
5669,669,5.755444777116016e-18,1.0,0.418553396517374,0.30046,1,1000,100
5670,670,0.026552141623892196,0.9734478583761129,0.3617583492967846,0.2969389049332782,1,1000,100
5671,671,5.175211245584593e-18,1.0,0.39065505739295003,0.30147,1,1000,100
5672,672,9.30551503097151e-17,1.0,0.374013818937664,0.30116,1,1000,100
5673,673,1.7537314346637827e-12,0.9999999999982463,0.3910556322573007,0.3003499999998409,1,1000,100
5674,674,0.12211785070127101,0.8778821492987254,0.3119241204134517,0.298785545466159,1,1000,100
5675,675,5.771666844279036e-18,1.0,0.40697323205822084,0.29854,1,1000,100
5676,676,3.970829278831717e-12,0.9999999999960307,0.4162216433971085,0.29932999999953586,1,1000,100
5677,677,0.0009920105599180943,0.9990079894400831,0.48789508438843615,0.3003339373615189,1,1000,100
5678,678,0.9487499960625747,0.0512500039374243,0.30416673284095874,0.24627926722083673,1,1000,100
5679,679,5.048206763487695e-18,1.0,0.38268534220843503,0.30226,1,1000,100
5680,680,0.0009458108897877526,0.9990541891102179,0.32739788697680544,0.2987729262003779,1,1000,100
5681,681,0.011880039594578007,0.9881199604054209,0.37685963427721547,0.2975275314776196,1,1000,100
5682,682,0.01695103735326622,0.9830489626467306,0.31235130558482643,0.3006109894628777,1,1000,100
5683,683,5.621482127266139e-18,1.0,0.411789213383028,0.3017,1,1000,100
5684,684,0.021231194521177527,0.9787688054788234,0.33183072663786006,0.30019840809179255,1,1000,100
5685,685,0.9156871320385515,0.08431286796144978,0.3030443324967586,0.279983410199019,1,1000,100
5686,686,0.005310118886974028,0.994689881113028,0.40914111955581883,0.29751726405667717,1,1000,100
5687,687,0.6818615496497054,0.3181384503502959,0.3069282003645764,0.2852137538493253,1,1000,100
5688,688,0.01839326957380552,0.9816067304262069,0.3354771853031817,0.2963197670502597,1,1000,100
5689,689,5.7820184337602865e-18,1.0,0.387152995822867,0.29941,1,1000,100
5690,690,0.992206442881571,0.007793557118432766,0.2985659783310672,0.22081222329231928,1,1000,100
5691,691,4.432205703271708e-17,1.0,0.40153729762128765,0.30109,1,1000,100
5692,692,0.9707404740619032,0.02925952593809382,0.3025639310837913,0.22553154550925955,1,1000,100
5693,693,5.111586959239838e-18,1.0,0.386800518478475,0.30049,1,1000,100
5694,694,3.1672329516557717e-16,0.9999999999999999,0.402742277091763,0.30127999999999994,1,1000,100
5695,695,0.9838675800163006,0.016132419983706507,0.29930714116981944,0.2455556785439172,1,1000,100
5696,696,4.949159446639778e-18,1.0,0.3760584510300482,0.30054,1,1000,100
5697,697,0.8677668778583737,0.1322331221416324,0.29937513725960124,0.29411823000109527,1,1000,100
5698,698,5.5865636781841666e-18,1.0,0.3970510840127505,0.3003,1,1000,100
5699,699,0.2779183670692839,0.7220816329307155,0.3101447710976133,0.29515370830921533,1,1000,100
5700,700,0.005605733427930028,0.994394266572068,0.3976720980668038,0.30076677458883516,1,1000,100
5701,701,0.9126295130193602,0.08737048698064473,0.306660309627125,0.24885692771117188,1,1000,100
5702,702,6.013374402079014e-18,1.0,0.3806900681867796,0.29973,1,1000,100
5703,703,0.9673012509844112,0.032698749015585823,0.3002119779508766,0.23195316016513484,1,1000,100
5704,704,0.21258219252890553,0.7874178074710957,0.3025208628698812,0.29945913014424724,1,1000,100
5705,705,0.9792224641679544,0.02077753583204863,0.30420846325251805,0.24652774200599392,1,1000,100
5706,706,0.7587061841668857,0.24129381583311377,0.307536282226322,0.2814838854642361,1,1000,100
5707,707,0.00031031881398688806,0.9996896811860143,0.3342688340627089,0.2977986826258602,1,1000,100
5708,708,3.4638980884221307e-14,0.9999999999999689,0.39765650941004493,0.29782999999999654,1,1000,100
5709,709,0.07449819217847001,0.925501807821528,0.31056657859425213,0.3015913626367551,1,1000,100
5710,710,0.001179470073056497,0.9988205299269413,0.44669214583809647,0.2975841315595056,1,1000,100
5711,711,6.242087232366633e-18,1.0,0.43000689362132116,0.30154,1,1000,100
5712,712,0.002319286002600135,0.9976807139974024,0.3264632454235315,0.29919676122485783,1,1000,100
5713,713,0.004439912595732668,0.9955600874042708,0.41131256186513293,0.3004979929999046,1,1000,100
5714,714,2.9829875387754113e-17,1.0,0.40132381173359266,0.30136,1,1000,100
5715,715,0.004724571465420928,0.9952754285345807,0.42870391500955546,0.2972087416561339,1,1000,100
5716,716,1.4550747205358396e-07,0.9999998544925196,0.4172459890143757,0.2978199826226237,1,1000,100
5717,717,1.0221343882118331e-17,1.0,0.3924626955489507,0.30125,1,1000,100
5718,718,5.887542381403971e-18,1.0,0.4235177499217878,0.30089,1,1000,100
5719,719,5.205967141463808e-18,1.0,0.38584721760765156,0.303,1,1000,100
5720,720,0.0009875802922661677,0.9990124197077356,0.5035397396487911,0.30164060839695,1,1000,100
5721,721,0.8984266460536868,0.10157335394631227,0.30463216651727787,0.260504781301201,1,1000,100
5722,722,0.07263593079781579,0.9273640692021803,0.35453477359379487,0.2987370827922619,1,1000,100
5723,723,0.959914203161576,0.04008579683842324,0.30119813733660333,0.2982510252440194,1,1000,100
5724,724,3.380118899558142e-16,0.9999999999999998,0.4119392885255152,0.30122,1,1000,100
5725,725,0.3051607352958061,0.6948392647041921,0.3055803015064525,0.29727578879456806,1,1000,100
5726,726,0.03395827737433497,0.966041722625665,0.3158166005726578,0.2962971531916417,1,1000,100
5727,727,0.045361713846051116,0.9546382861539471,0.3217418875431654,0.30067433993391096,1,1000,100
5728,728,0.006153103397881099,0.9938468966021193,0.41647883469538455,0.29943984700717113,1,1000,100
5729,729,0.0036693472444846616,0.9963306527555198,0.42016632074780186,0.29806195668819835,1,1000,100
5730,730,4.692091305964116e-18,1.0,0.3648500277111987,0.30049,1,1000,100
5731,731,4.846959489484824e-18,1.0,0.3848868510594934,0.29864,1,1000,100
5732,732,5.078835295295424e-09,0.9999999949211672,0.41312485472682015,0.3006699994288603,1,1000,100
5733,733,4.625394950428401e-18,1.0,0.3827310429152069,0.30085,1,1000,100
5734,734,0.0007977564152562521,0.9992022435847384,0.3944884056767924,0.29836331559271834,1,1000,100
5735,735,5.070866897294742e-18,1.0,0.3872788442545027,0.29818,1,1000,100
5736,736,0.0957513380833188,0.9042486619166831,0.3161611877294977,0.2981449180731332,1,1000,100
5737,737,1.0497980000277444e-14,0.9999999999999934,0.376941933151904,0.29884999999999917,1,1000,100
5738,738,0.004257673006017939,0.9957423269939736,0.39823905164710943,0.2985555803752195,1,1000,100
5739,739,5.027328326803429e-18,1.0,0.3830094736552508,0.30082,1,1000,100
5740,740,0.9978708132924166,0.0021291867075861576,0.2997848152232145,0.23646710676010171,1,1000,100
5741,741,0.9272826369727653,0.07271736302723733,0.3027819811723023,0.2477472411088691,1,1000,100
5742,742,0.0016639893113779627,0.9983360106886217,0.45902491936649015,0.30018569322547384,1,1000,100
5743,743,3.1097757825771395e-17,1.0,0.38187306522435854,0.30043,1,1000,100
5744,744,4.838889958080008e-18,1.0,0.3924335622297376,0.30032,1,1000,100
5745,745,0.003444291858533032,0.9965557081414607,0.40507109114039663,0.30035934217554755,1,1000,100
5746,746,3.338606233281196e-05,0.9999666139376726,0.415069004089529,0.2991861311271799,1,1000,100
5747,747,0.011779842168825886,0.9882201578311768,0.3909663938367877,0.2990370872780485,1,1000,100
5748,748,0.04734275008428966,0.9526572499157112,0.3190563879653018,0.3004385818583614,1,1000,100
5749,749,0.2886672246252604,0.7113327753747354,0.3135398986955854,0.28997863556279063,1,1000,100
5750,750,4.989561948043938e-18,1.0,0.375317832659105,0.2986,1,1000,100
5751,751,5.171527802489141e-18,1.0,0.3873301338390539,0.30012,1,1000,100
5752,752,0.0070185254441566,0.9929814745558456,0.4262506003576222,0.2992587041452316,1,1000,100
5753,753,0.4959743349431108,0.5040256650568894,0.300659686762729,0.29954925370042484,1,1000,100
5754,754,4.706769532336958e-18,1.0,0.41239047114026384,0.30142,1,1000,100
5755,755,6.082890909371914e-17,1.0,0.42965077679317415,0.30209,1,1000,100
5756,756,5.8950965510060896e-05,0.9999410490344938,0.3382595725193455,0.3005077744950567,1,1000,100
5757,757,4.510343093223362e-18,1.0,0.373916863677893,0.30208,1,1000,100
5758,758,0.06032722295427305,0.9396727770457312,0.3427498631989567,0.2965956441363285,1,1000,100
5759,759,8.908078883597557e-05,0.9999109192111697,0.33803787876158586,0.3011467137059158,1,1000,100
5760,760,1.773739717875259e-17,1.0,0.43967412243947684,0.30123,1,1000,100
5761,761,0.004032463458088559,0.9959675365419121,0.4262431971245193,0.2993985034077346,1,1000,100
5762,762,5.2920646928600964e-18,1.0,0.40912922984185524,0.29908,1,1000,100
5763,763,1.2041166441355904e-17,1.0,0.37277857967099876,0.30025,1,1000,100
5764,764,0.9991229506183171,0.0008770493816804783,0.2984976447774858,0.19856623918443814,1,1000,100
5765,765,4.808375548092516e-18,1.0,0.38333634463204297,0.30005,1,1000,100
5766,766,0.9796118842262497,0.02038811577374904,0.30170860712798864,0.23310947106709934,1,1000,100
5767,767,4.924199925881683e-18,1.0,0.39650349398916745,0.29947,1,1000,100
5768,768,4.882290709846888e-17,1.0,0.3912035762196919,0.2989,1,1000,100
5769,769,4.603950260252829e-18,1.0,0.3763715373888253,0.30051,1,1000,100
5770,770,0.007751669483687188,0.9922483305163079,0.43656910134416427,0.2988222317948411,1,1000,100
5771,771,0.9981075314358387,0.001892468564160445,0.30199469198402806,0.1515604975041215,1,1000,100
5772,772,0.708678140298858,0.2913218597011435,0.31193400008923955,0.27433297660107114,1,1000,100
5773,773,0.23662361213896452,0.7633763878610372,0.3366761461744916,0.2909763488933078,1,1000,100
5774,774,5.5559108083297385e-18,1.0,0.4084143100438146,0.3004,1,1000,100
5775,775,0.0005291392952640476,0.9994708607047397,0.4098693423692229,0.30135257951657984,1,1000,100
5776,776,5.413785266209465e-18,1.0,0.398035970734445,0.29882,1,1000,100
5777,777,0.9755123719031457,0.02448762809685738,0.301981642061366,0.2729203520682649,1,1000,100
5778,778,0.0030329555012501104,0.9969670444987522,0.44980763966389026,0.29756826475034914,1,1000,100
5779,779,4.465728010899541e-18,1.0,0.41644447796928485,0.3001,1,1000,100
5780,780,0.022910977068992967,0.9770890229310132,0.3072345068695419,0.30044443276796207,1,1000,100
5781,781,0.00202968841264942,0.9979703115873567,0.4257403222330231,0.3002052028227524,1,1000,100
5782,782,9.667188361604129e-12,0.9999999999903291,0.3856836344049055,0.29980999999916985,1,1000,100
5783,783,0.0009155796664197629,0.9990844203335815,0.471295570099464,0.3000131773239591,1,1000,100
5784,784,0.0017429846347176594,0.99825701536528,0.4904759489366951,0.29937691732419,1,1000,100
5785,785,1.3889882804728916e-15,0.9999999999999996,0.37587146910902874,0.2975599999999999,1,1000,100
5786,786,8.03281725145297e-06,0.9999919671827421,0.44275745476328393,0.29713883027220106,1,1000,100
5787,787,4.35375929054606e-18,1.0,0.39550646665543165,0.29915,1,1000,100
5788,788,0.020275929905782298,0.9797240700942146,0.35475495307587296,0.3009490349760926,1,1000,100
5789,789,0.0940856324065098,0.9059143675934929,0.34123216531051603,0.29281460303359425,1,1000,100
5790,790,0.014815536188720153,0.9851844638112778,0.3896961716633103,0.29729096735149213,1,1000,100
5791,791,4.1054684938236896e-16,0.9999999999999999,0.3816587803127468,0.30069999999999997,1,1000,100
5792,792,3.3703406533470583e-16,0.9999999999999999,0.40255637198929056,0.29729,1,1000,100
5793,793,0.24865425670171096,0.7513457432982903,0.32036561243398987,0.2943248547555077,1,1000,100
5794,794,0.002958984042393074,0.9970410159576034,0.4279574089877785,0.2976644652586692,1,1000,100
5795,795,1.2346821965749974e-13,0.9999999999998804,0.41380715977212074,0.29929999999998586,1,1000,100
5796,796,0.12127305760128951,0.8787269423987061,0.3410223698180112,0.29626174177735565,1,1000,100
5797,797,0.5782911163961592,0.421708883603839,0.30675304660883534,0.29453360611519797,1,1000,100
5798,798,0.43039000331651056,0.5696099966834872,0.3005941256740384,0.2974092699225575,1,1000,100
5799,799,5.150477035025881e-15,0.9999999999999978,0.3705952454692132,0.3005499999999997,1,1000,100
5800,800,5.80711302844134e-05,0.9999419288697199,0.37171608980896825,0.2998858287355508,1,1000,100
5801,801,5.810340254297939e-18,1.0,0.3939316785390106,0.29946,1,1000,100
5802,802,0.017847006225989722,0.9821529937740148,0.3724178626253982,0.2992033399581243,1,1000,100
5803,803,0.1544311043343127,0.8455688956656882,0.33906797832642904,0.2976899445484905,1,1000,100
5804,804,0.9912705463393139,0.008729453660687532,0.30163034103446984,0.18589102059797238,1,1000,100
5805,805,0.00020855078623359434,0.9997914492137683,0.3708890120689079,0.3000152192147769,1,1000,100
5806,806,5.143713928472842e-18,1.0,0.3767908087416738,0.30076,1,1000,100
5807,807,0.9114157223297111,0.08858427767028491,0.30449452296217566,0.25895006441624285,1,1000,100
5808,808,9.171061017171255e-18,1.0,0.3957872174366398,0.29888,1,1000,100
5809,809,0.020441144722379945,0.9795588552776123,0.36896762209573686,0.29828516976252406,1,1000,100
5810,810,5.498847991316458e-18,1.0,0.4176600453782409,0.29945,1,1000,100
5811,811,0.9856301712984685,0.014369828701531704,0.3006936894836549,0.21762453755092268,1,1000,100
5812,812,0.0024576949245186655,0.9975423050754795,0.37870170449949503,0.3023323073201638,1,1000,100
5813,813,5.388458253661906e-18,1.0,0.3819165432719264,0.3013,1,1000,100
5814,814,0.006929618456894667,0.9930703815431066,0.3983948468577868,0.29925298472229495,1,1000,100
5815,815,1.6643383071472377e-11,0.9999999999833582,0.3931812596736228,0.29990999999844764,1,1000,100
5816,816,0.972749518431614,0.02725048156838415,0.2998844752023867,0.2307306440064996,1,1000,100
5817,817,0.028798269038506734,0.971201730961492,0.32626733455948326,0.30044640183250326,1,1000,100
5818,818,5.347356025870666e-18,1.0,0.39542376196460055,0.29724,1,1000,100
5819,819,0.02286879668199727,0.9771312033180043,0.3212495785484878,0.302705929049874,1,1000,100
5820,820,0.006529626752325781,0.9934703732476741,0.39368298732396007,0.29908229277407855,1,1000,100
5821,821,0.22742233844433293,0.7725776615556627,0.32036609184016,0.2909501599914464,1,1000,100
5822,822,0.9435258536679603,0.05647414633204064,0.3032764725436806,0.25198800283135,1,1000,100
5823,823,1.3113244076677611e-14,0.9999999999999896,0.40798772720276777,0.30137999999999865,1,1000,100
5824,824,1.1966723047632815e-16,0.9999999999999999,0.4469325787062335,0.29884999999999995,1,1000,100
5825,825,3.330036962097757e-05,0.9999666996303772,0.4184496807749356,0.30133610007447503,1,1000,100
5826,826,4.9892900343111965e-18,1.0,0.3649842347434189,0.29948,1,1000,100
5827,827,0.01143743742703572,0.98856256257296,0.39758989708893416,0.29908333738725956,1,1000,100
5828,828,8.761517592917189e-06,0.9999912384824073,0.35785426943001303,0.29947948854833034,1,1000,100
5829,829,2.0495971335134525e-15,0.9999999999999984,0.435379422455858,0.30120999999999976,1,1000,100
5830,830,0.004511507548152874,0.9954884924518451,0.33050472876807585,0.3014489144744968,1,1000,100
5831,831,5.220982522530357e-18,1.0,0.4212795576601185,0.29988,1,1000,100
5832,832,1.8110672140223094e-17,1.0,0.3999713528547312,0.3006,1,1000,100
5833,833,2.1708491591571766e-14,0.9999999999999826,0.3956018786544743,0.29945999999999784,1,1000,100
5834,834,4.887704463688837e-18,1.0,0.3732007795416401,0.30061,1,1000,100
5835,835,7.864498582606335e-15,0.9999999999999939,0.3967428618014554,0.29955999999999916,1,1000,100
5836,836,0.989404788478514,0.010595211521487066,0.3027375667049132,0.20197820925857266,1,1000,100
5837,837,0.4129052722169612,0.5870947277830385,0.3191385235393432,0.2906958843039349,1,1000,100
5838,838,2.478259504914966e-14,0.9999999999999798,0.3796694258139119,0.29903999999999803,1,1000,100
5839,839,0.0023261033336820654,0.9976738966663173,0.44291615662112827,0.3014709839122286,1,1000,100
5840,840,4.367298859049291e-05,0.9999563270114095,0.44189269438992207,0.2994237779566381,1,1000,100
5841,841,1.5027234395924082e-16,1.0,0.38969713131601735,0.30078,1,1000,100
5842,842,0.10209528706399988,0.8979047129359974,0.31557512363252843,0.29773901763842847,1,1000,100
5843,843,0.862737341869058,0.13726265813093927,0.3045458091157007,0.2857802602710643,1,1000,100
5844,844,0.9634802342205182,0.03651976577947751,0.30241436572590447,0.24369641723595342,1,1000,100
5845,845,0.0014261995735513626,0.998573800426448,0.47615743790393456,0.2985967630412313,1,1000,100
5846,846,0.9960464405858254,0.003953559414176268,0.30006792729981635,0.1994175365684946,1,1000,100
5847,847,1.0490573222580995e-12,0.9999999999989518,0.3805245179688096,0.3006699999999162,1,1000,100
5848,848,5.030158089712492e-18,1.0,0.38750076204323936,0.29981,1,1000,100
5849,849,0.04341901983270716,0.9565809801672864,0.3630660576434994,0.2968865506743894,1,1000,100
5850,850,0.01694181887580832,0.9830581811241929,0.3908762767924781,0.296724904503776,1,1000,100
5851,851,6.329024522753764e-16,1.0,0.37301348700095993,0.30216999999999994,1,1000,100
5852,852,0.0059956302484973105,0.9940043697515023,0.41496510999743524,0.29877335721237597,1,1000,100
5853,853,5.308953340111921e-18,1.0,0.3920230554311259,0.30043,1,1000,100
5854,854,5.584710953202605e-18,1.0,0.402963544906233,0.30433,1,1000,100
5855,855,5.2079025983369185e-18,1.0,0.3857727722598313,0.29783,1,1000,100
5856,856,4.583241806764314e-16,0.9999999999999998,0.4184276174308294,0.30058999999999997,1,1000,100
5857,857,0.0019192033874204809,0.9980807966125783,0.4259219730911787,0.3009701921186934,1,1000,100
5858,858,3.177598304661649e-11,0.9999999999682181,0.4382640619735914,0.2980099999955433,1,1000,100
5859,859,0.8996470641247543,0.10035293587524366,0.30622352884036663,0.2537733559135862,1,1000,100
5860,860,6.575065182084576e-18,1.0,0.381241839464381,0.29774,1,1000,100
5861,861,0.5993713491776046,0.40062865082239724,0.30993905538030087,0.28617875925379954,1,1000,100
5862,862,5.707714025940323e-18,1.0,0.39132428904720945,0.29955,1,1000,100
5863,863,1.84885534870226e-08,0.9999999815114441,0.3945866596600776,0.3005499982613981,1,1000,100
5864,864,4.36585861139644e-05,0.9999563414138871,0.3570678042402226,0.30023751887009226,1,1000,100
5865,865,9.94266979928868e-06,0.9999900573302046,0.4264864311058129,0.2991787342216069,1,1000,100
5866,866,5.577979338117685e-18,1.0,0.42300323789623534,0.29944,1,1000,100
5867,867,0.5106633985329041,0.48933660146709584,0.3042936764556779,0.28961323678666423,1,1000,100
5868,868,5.303004411641988e-18,1.0,0.3979417716832563,0.30015,1,1000,100
5869,869,5.374740618197764e-18,1.0,0.38429585984907433,0.30054,1,1000,100
5870,870,2.1309014675746295e-14,0.9999999999999808,0.41841204921200714,0.2996399999999975,1,1000,100
5871,871,0.002321965898069778,0.997678034101936,0.44821281163469046,0.2990336109833864,1,1000,100
5872,872,4.704797158353459e-18,1.0,0.40004727230493814,0.2982,1,1000,100
5873,873,4.718392517772669e-18,1.0,0.3718132041191072,0.3002,1,1000,100
5874,874,5.153684839565131e-06,0.9999948463151521,0.34957459489193343,0.2985297369308894,1,1000,100
5875,875,9.154585417670906e-17,1.0,0.4357690203089124,0.30181,1,1000,100
5876,876,0.1836824522030064,0.8163175477969976,0.3227139888353781,0.2942397891834082,1,1000,100
5877,877,9.962874090907362e-06,0.9999900371259125,0.4284757645221075,0.30227874271496114,1,1000,100
5878,878,9.964105999709917e-07,0.9999990035894019,0.36520092975458324,0.30156993659740394,1,1000,100
5879,879,0.002443065563484074,0.9975569344365173,0.42276442875167336,0.29940863370506543,1,1000,100
5880,880,3.5309442977559724e-17,1.0,0.40780860661964485,0.29977,1,1000,100
5881,881,0.17078203532995134,0.8292179646700498,0.3139932929228386,0.2962255966709839,1,1000,100
5882,882,5.3063816837606115e-18,1.0,0.3740662240337584,0.30088,1,1000,100
5883,883,1.0347016036849757e-06,0.9999989652983945,0.33273461475587063,0.2994699655810142,1,1000,100
5884,884,0.9970637960085642,0.0029362039914432323,0.3001652326476921,0.16555856061674784,1,1000,100
5885,885,0.42168731911977886,0.5783126808802206,0.3053116337285717,0.29527963214814407,1,1000,100
5886,886,0.9954968159209019,0.004503184079100658,0.2982545240790444,0.18843798752228372,1,1000,100
5887,887,5.846658366529309e-18,1.0,0.42041832209408087,0.2991,1,1000,100
5888,888,5.077564703646046e-18,1.0,0.3753855475991609,0.29883,1,1000,100
5889,889,1.0980200617606141e-13,0.9999999999998929,0.3827470566635714,0.3032099999999913,1,1000,100
5890,890,0.19019926869015163,0.8098007313098509,0.31430143653374776,0.2937637463456363,1,1000,100
5891,891,0.00814320297766757,0.9918567970223271,0.4125293128303891,0.30149583182687145,1,1000,100
5892,892,1.944771277834269e-14,0.9999999999999827,0.3921873299627756,0.2983399999999981,1,1000,100
5893,893,4.235069154401081e-18,1.0,0.3884459977018828,0.29967,1,1000,100
5894,894,5.281459980985929e-18,1.0,0.37909364718475436,0.30019,1,1000,100
5895,895,4.478809624819863e-18,1.0,0.4151922614983306,0.30011,1,1000,100
5896,896,9.046675503955327e-07,0.9999990953324461,0.44542011949442367,0.3005698689586787,1,1000,100
5897,897,0.3647499394750555,0.6352500605249434,0.3064489486127429,0.29799723967735725,1,1000,100
5898,898,4.859128035103936e-14,0.9999999999999587,0.36980444341797436,0.3003299999999966,1,1000,100
5899,899,5.338011775120085e-18,1.0,0.4021860367457743,0.29822,1,1000,100
5900,900,0.6322471534856721,0.3677528465143292,0.31348857516143264,0.28037237965984857,1,1000,100
5901,901,0.0036519147698861453,0.9963480852301102,0.4313573301312037,0.3007128976674823,1,1000,100
5902,902,6.278035854846699e-18,1.0,0.4294344317944948,0.30242,1,1000,100
5903,903,5.098348772860372e-18,1.0,0.3761342426262888,0.2986,1,1000,100
5904,904,8.024932382716434e-16,0.9999999999999996,0.4107209130375109,0.30032999999999993,1,1000,100
5905,905,0.002158215672851589,0.9978417843271521,0.4365846800990753,0.30052635679422157,1,1000,100
5906,906,5.076386530785541e-18,1.0,0.3850387458914582,0.299,1,1000,100
5907,907,0.038991893515216314,0.9610081064847863,0.3269382239122874,0.29474471409325526,1,1000,100
5908,908,0.005181771198145343,0.9948182288018516,0.4021021789743152,0.3005537995321884,1,1000,100
5909,909,0.0024794007682547724,0.9975205992317557,0.4070420911600441,0.30021513315826,1,1000,100
5910,910,0.007221315949917187,0.9927786840500818,0.4052748932404572,0.2987910464991182,1,1000,100
5911,911,5.9866810699206616e-18,1.0,0.4261665007894251,0.30025,1,1000,100
5912,912,8.880713266256436e-17,1.0,0.3630651472306388,0.29968,1,1000,100
5913,913,0.4463386901512699,0.5536613098487305,0.31804066368539935,0.2852576908416612,1,1000,100
5914,914,4.639529277439619e-18,1.0,0.37787243706750945,0.30166,1,1000,100
5915,915,0.5903580598783019,0.40964194012169947,0.3029186287091044,0.29681908551203307,1,1000,100
5916,916,5.341762811446426e-18,1.0,0.39478240213415877,0.29695,1,1000,100
5917,917,0.002554446045812927,0.9974455539541877,0.43350170107206726,0.2982444927590572,1,1000,100
5918,918,4.641649408114076e-18,1.0,0.3905117555467026,0.29896,1,1000,100
5919,919,5.159337296523179e-18,1.0,0.3817525973607893,0.30052,1,1000,100
5920,920,0.17110578507175656,0.8288942149282431,0.3300255270840809,0.293572712551292,1,1000,100
5921,921,0.0069630294761394255,0.993036970523862,0.3992909641450343,0.3002503774756871,1,1000,100
5922,922,5.2873495082539534e-18,1.0,0.3965055587576353,0.29992,1,1000,100
5923,923,0.10141102775619491,0.8985889722438034,0.30917348634311653,0.2999996742913924,1,1000,100
5924,924,0.9841236332522888,0.015876366747711645,0.30139051272216033,0.20246909404262012,1,1000,100
5925,925,5.452845419056227e-18,1.0,0.3925480269022274,0.29978,1,1000,100
5926,926,5.4614377916269864e-18,1.0,0.40247942509219853,0.29813,1,1000,100
5927,927,0.9893227461035567,0.01067725389644714,0.30232736061401666,0.2136003692729264,1,1000,100
5928,928,0.0011395170985091425,0.9988604829014995,0.4436856228198123,0.2993555333952714,1,1000,100
5929,929,1.0743088955014918e-15,0.9999999999999997,0.38963227463106254,0.29985999999999996,1,1000,100
5930,930,0.924030154608274,0.07596984539172633,0.30169654436602267,0.28871054497461013,1,1000,100
5931,931,4.472244920038413e-15,0.9999999999999963,0.41168446723515306,0.3008199999999995,1,1000,100
5932,932,6.036171987978548e-06,0.9999939638280019,0.4052150433443469,0.3007893696686737,1,1000,100
5933,933,5.3084083948361476e-18,1.0,0.3988721530122505,0.2997,1,1000,100
5934,934,2.4034515679049916e-14,0.9999999999999806,0.3659226484089391,0.29900999999999844,1,1000,100
5935,935,0.9752254422744177,0.02477455772558297,0.2990151581372289,0.23503185095624826,1,1000,100
5936,936,5.218674344470394e-18,1.0,0.4185675281832761,0.30326,1,1000,100
5937,937,8.322363841442203e-17,1.0,0.38719695671469356,0.29924,1,1000,100
5938,938,5.03158522580571e-18,1.0,0.38318475506612354,0.3003,1,1000,100
5939,939,6.7211866234695905e-18,1.0,0.4254336833882926,0.29917,1,1000,100
5940,940,0.001281077275318852,0.9987189227246805,0.4926602830618535,0.2990119214845806,1,1000,100
5941,941,4.973850708057437e-18,1.0,0.4047567731178196,0.30155,1,1000,100
5942,942,4.8237054101765876e-18,1.0,0.3785961422269773,0.30099,1,1000,100
5943,943,0.002596730041555589,0.9974032699584474,0.4150587592447075,0.29980070595047964,1,1000,100
5944,944,1.0846305360768739e-16,1.0,0.4172624512492444,0.29958,1,1000,100
5945,945,5.811736829450494e-18,1.0,0.413695602804245,0.30044,1,1000,100
5946,946,0.9868719781046368,0.013128021895354223,0.3005138488341573,0.21566871047012542,1,1000,100
5947,947,0.00037392159334022313,0.9996260784066586,0.46795656962839555,0.2993369494829668,1,1000,100
5948,948,1.1094069284753425e-15,0.9999999999999993,0.41366212050945766,0.2984199999999999,1,1000,100
5949,949,1.0578291809118579e-07,0.9999998942170817,0.3999691641999706,0.299409989362557,1,1000,100
5950,950,1.1547915479931826e-08,0.9999999884520852,0.39062322312461817,0.299839998951643,1,1000,100
5951,951,5.174889532974655e-18,1.0,0.40496167072332173,0.2996,1,1000,100
5952,952,0.9920897950557943,0.007910204944209971,0.30073281554056286,0.19165655940709792,1,1000,100
5953,953,0.0005592315342005755,0.9994407684658002,0.4565930918896875,0.30119309542156036,1,1000,100
5954,954,4.8619871692819484e-18,1.0,0.3808499191386719,0.29941,1,1000,100
5955,955,0.0009997967613750698,0.9990002032386228,0.4166272035818748,0.29909248917318504,1,1000,100
5956,956,0.05233810215339738,0.9476618978466036,0.3651145743825361,0.2960766880528207,1,1000,100
5957,957,4.4939733048760613e-17,1.0,0.418908987429221,0.29806,1,1000,100
5958,958,0.9376467304571025,0.062353269542901095,0.2995221858410783,0.24255346764684851,1,1000,100
5959,959,3.2784121613970373e-16,1.0,0.3961256252532318,0.2994299999999999,1,1000,100
5960,960,0.00012143194268692117,0.9998785680573165,0.34218521916712213,0.3010850091216493,1,1000,100
5961,961,3.716517742690683e-13,0.9999999999996292,0.40623437361618964,0.2997799999999604,1,1000,100
5962,962,0.0020766554832769043,0.99792334451672,0.4400074470788292,0.2999992512123502,1,1000,100
5963,963,5.053871308205609e-18,1.0,0.3981453230374508,0.30405,1,1000,100
5964,964,5.543499247247897e-18,1.0,0.4233675774726037,0.30392,1,1000,100
5965,965,0.0023430886393536903,0.9976569113606493,0.4553520641295929,0.29861274588407893,1,1000,100
5966,966,0.03242541140145636,0.9675745885985416,0.37314399180825913,0.29689768203785166,1,1000,100
5967,967,0.000988991236534848,0.9990110087634637,0.44740698408201407,0.30076497233547483,1,1000,100
5968,968,5.145505706719168e-18,1.0,0.3896876109715664,0.30087,1,1000,100
5969,969,0.00026961593252742107,0.9997303840674711,0.3419132447752582,0.2991284645415793,1,1000,100
5970,970,2.414132069319403e-07,0.9999997585867899,0.44811956490779653,0.2982799638267414,1,1000,100
5971,971,5.612772371028321e-18,1.0,0.40395107630829313,0.29819,1,1000,100
5972,972,9.353711930400233e-08,0.9999999064628826,0.4158074630104221,0.30131998929117154,1,1000,100
5973,973,4.7101567365672485e-18,1.0,0.36948003286165376,0.29958,1,1000,100
5974,974,0.021803490052947794,0.978196509947047,0.33838370052616723,0.29781547101130695,1,1000,100
5975,975,0.10337238164521802,0.8966276183547832,0.3242437791448923,0.2965580614213615,1,1000,100
5976,976,0.009876083545805018,0.9901239164541986,0.391822115816724,0.29740755389855555,1,1000,100
5977,977,0.019073347069828668,0.9809266529301692,0.34245573381478156,0.29989828704739996,1,1000,100
5978,978,0.015967928047847104,0.984032071952154,0.3551203337925047,0.29835355211466036,1,1000,100
5979,979,1.1123295680466823e-13,0.9999999999998939,0.3825921893185115,0.2998499999999908,1,1000,100
5980,980,0.9838693327820305,0.01613066721796977,0.30133299949810294,0.21745553306598395,1,1000,100
5981,981,0.021326070436753886,0.9786739295632461,0.36539874800350136,0.2970933134924032,1,1000,100
5982,982,0.0004592109515942931,0.9995407890484043,0.34729872683681895,0.29936798968057987,1,1000,100
5983,983,8.213152810837469e-05,0.9999178684718952,0.4658143025948907,0.29892629323276815,1,1000,100
5984,984,0.020984961113991715,0.979015038886014,0.32359327703466084,0.2962052636031503,1,1000,100
5985,985,0.0004090546213698202,0.9995909453786271,0.37321199969598295,0.3000900891445655,1,1000,100
5986,986,0.001996802690878504,0.9980031973091233,0.46631488397207344,0.30031853804978637,1,1000,100
5987,987,0.0012501256066371732,0.998749874393367,0.42959781368225747,0.29912689496358835,1,1000,100
5988,988,0.6045913143794126,0.3954086856205892,0.3077049709111368,0.2873590068397855,1,1000,100
5989,989,0.282269024462842,0.7177309755371594,0.320196191501085,0.293074341999583,1,1000,100
5990,990,0.0023274417303746,0.9976725582696222,0.3267221666110058,0.30147122991620556,1,1000,100
5991,991,8.065897370286172e-10,0.9999999991934159,0.35754086651312533,0.299829999953451,1,1000,100
5992,992,0.9922556713648222,0.007744328635181606,0.30051685939700057,0.2221550767831087,1,1000,100
5993,993,2.4241193529923767e-06,0.9999975758806511,0.3529339147722132,0.30000987170580296,1,1000,100
5994,994,0.0010214081905757133,0.9989785918094181,0.48456868410928466,0.3012227289396809,1,1000,100
5995,995,2.7879734360301155e-16,1.0,0.387648346399674,0.29977000000000004,1,1000,100
5996,996,8.468099303384383e-06,0.9999915319006977,0.35100631318493997,0.30103957687671506,1,1000,100
5997,997,2.1415537471853677e-14,0.9999999999999818,0.39986180626778806,0.2981599999999978,1,1000,100
5998,998,0.9971092540035376,0.0028907459964616004,0.3017029197524855,0.18999481641834332,1,1000,100
5999,999,4.2492590929402425e-13,0.9999999999995806,0.4115901916758,0.30119999999995306,1,1000,100
6000,0,9.483716887263245e-16,0.9999999999999994,0.36195825562469663,0.3042999999999999,2,100,100
6001,1,5.4611042653446786e-14,0.9999999999999454,0.37231598014179806,0.30429999999999624,2,100,100
6002,2,0.9316296976739251,0.06837030232607413,0.31074075139170343,0.23262567496228975,2,100,100
6003,3,0.9517654510597935,0.04823454894020617,0.30082589410650856,0.2608982043317774,2,100,100
6004,4,0.00035800137354575557,0.9996419986264544,0.3446802009445358,0.29598256617986585,2,100,100
6005,5,2.6356752485876975e-16,1.0,0.3598697762357169,0.2998999999999999,2,100,100
6006,6,1.1605100359353362e-15,0.9999999999999996,0.3406939384373409,0.3005,2,100,100
6007,7,0.4367219837065543,0.5632780162934456,0.32813581888583154,0.26469322419522917,2,100,100
6008,8,5.430311152968187e-17,1.0,0.34120704180036926,0.2979,2,100,100
6009,9,0.9516700340809098,0.04832996591909081,0.30475276901760595,0.26848605572134154,2,100,100
6010,10,5.4013194355283074e-17,1.0,0.3502784166281813,0.3002,2,100,100
6011,11,9.938092192239845e-17,1.0,0.3448642033579997,0.2948,2,100,100
6012,12,3.5938762275978796e-14,0.9999999999999639,0.36702509353959745,0.3098999999999979,2,100,100
6013,13,9.06372536753082e-16,0.9999999999999996,0.36090575602418773,0.2943,2,100,100
6014,14,5.112003415074648e-17,1.0,0.34533067941152507,0.3037,2,100,100
6015,15,9.42785055601795e-16,0.9999999999999996,0.3706297923472521,0.3040999999999999,2,100,100
6016,16,4.668957198423238e-15,0.9999999999999959,0.36995790243341986,0.29759999999999964,2,100,100
6017,17,0.5200214838176263,0.47997851618237397,0.31649998837507515,0.2789983340963744,2,100,100
6018,18,5.682500846602285e-17,1.0,0.38305920720667413,0.2954,2,100,100
6019,19,0.0004953162091343231,0.9995046837908659,0.37316098750885296,0.3036655777971093,2,100,100
6020,20,0.9908286448664169,0.009171355133584054,0.3061907852068886,0.1545463240960443,2,100,100
6021,21,0.04145956767262522,0.958540432327375,0.3406773506490917,0.2921897239599986,2,100,100
6022,22,5.4172716625159387e-17,1.0,0.3566131860557063,0.304,2,100,100
6023,23,4.836102864909888e-17,1.0,0.39069693633463565,0.3032,2,100,100
6024,24,0.937454035793499,0.0625459642065009,0.30422565080572656,0.23666492391733474,2,100,100
6025,25,5.496903889931228e-17,1.0,0.3649147517434475,0.3094,2,100,100
6026,26,6.261913686449003e-17,1.0,0.41578033667403613,0.3046,2,100,100
6027,27,0.26588586286136273,0.7341141371386375,0.3279915655111218,0.28904453525426904,2,100,100
6028,28,4.701595103787004e-17,1.0,0.3870484020989305,0.3099,2,100,100
6029,29,4.57625580131009e-12,0.9999999999954238,0.3573578683070657,0.30849999999977634,2,100,100
6030,30,1.6896346510395498e-15,0.9999999999999986,0.38788427914475265,0.3058999999999998,2,100,100
6031,31,0.6740701351522255,0.32592986484777453,0.30690300860885933,0.2636329369465215,2,100,100
6032,32,0.03312660683129708,0.9668733931687034,0.3772855659292267,0.3063501503786411,2,100,100
6033,33,5.198249028280461e-17,1.0,0.34672002939122665,0.3031,2,100,100
6034,34,4.257225576947439e-05,0.9999574277442309,0.4142325332877987,0.30009514091373896,2,100,100
6035,35,0.0035992583023033743,0.9964007416976972,0.42812228676542297,0.30565922380391025,2,100,100
6036,36,0.020700743783575302,0.9792992562164244,0.40049231296717275,0.2979778748831046,2,100,100
6037,37,0.15809181738953743,0.8419081826104623,0.316440292211809,0.2963189861576463,2,100,100
6038,38,0.03177837623929229,0.968221623760708,0.37297214068831225,0.3009099815957406,2,100,100
6039,39,2.4064374914243864e-16,1.0,0.35576601453296774,0.29799999999999993,2,100,100
6040,40,0.32181005851325134,0.6781899414867486,0.3153845523938965,0.28886609304536914,2,100,100
6041,41,5.4710206151546806e-17,1.0,0.3428225351963162,0.3022,2,100,100
6042,42,2.132645984554659e-14,0.9999999999999788,0.33778619304502033,0.2990999999999992,2,100,100
6043,43,0.9045238444467543,0.09547615555324575,0.29051171922375796,0.2757256271824775,2,100,100
6044,44,0.12416796281752601,0.8758320371824739,0.30658796309603753,0.28616399784171476,2,100,100
6045,45,0.0002932997639859823,0.9997067002360137,0.41845985138590064,0.30266603770177536,2,100,100
6046,46,5.127051930236338e-17,1.0,0.3541109752501492,0.3018,2,100,100
6047,47,0.028137524178852936,0.9718624758211472,0.35324071415924163,0.30483806941313596,2,100,100
6048,48,0.9464012398045611,0.05359876019543826,0.3060054717714427,0.22567764784895744,2,100,100
6049,49,0.9559205608779048,0.04407943912209431,0.29722818178778604,0.22399263587159507,2,100,100
6050,50,5.577569363504973e-17,1.0,0.37366301590050277,0.3011,2,100,100
6051,51,1.5791396615063655e-15,0.999999999999999,0.37506418318046036,0.2954999999999999,2,100,100
6052,52,0.0024385754847283795,0.9975614245152719,0.38846565177447984,0.3031920538947158,2,100,100
6053,53,0.11947805138704673,0.8805219486129532,0.35620724584567226,0.2919189609995726,2,100,100
6054,54,2.951114800879206e-15,0.999999999999998,0.344213731244607,0.3000999999999999,2,100,100
6055,55,1.0690538358929795e-13,0.9999999999998929,0.36031762707625625,0.3024999999999938,2,100,100
6056,56,2.503639002849941e-16,1.0,0.3543052746346268,0.2956,2,100,100
6057,57,6.326426129582546e-17,1.0,0.36849608761185443,0.2981,2,100,100
6058,58,5.4021839812251624e-17,1.0,0.31910332977807304,0.2937,2,100,100
6059,59,3.4004601008693075e-14,0.9999999999999665,0.3497026121712067,0.3019999999999984,2,100,100
6060,60,4.88498110046606e-17,1.0,0.3514841561381364,0.3027,2,100,100
6061,61,5.661182058375687e-17,1.0,0.35400507445894225,0.2984,2,100,100
6062,62,0.027699835452148637,0.9723001645478514,0.4229586438910763,0.2965998831186668,2,100,100
6063,63,5.2083187205756706e-17,1.0,0.3481944733602192,0.3007,2,100,100
6064,64,0.000115691454258215,0.999884308545742,0.3768489877654962,0.3008912123344981,2,100,100
6065,65,0.04555432059623812,0.9544456794037616,0.39138644143311946,0.2958478021990006,2,100,100
6066,66,0.3337086190583149,0.6662913809416854,0.3202310123762576,0.2973716256095681,2,100,100
6067,67,0.9672962226709274,0.03270377732907224,0.3070510009521467,0.22904774993688812,2,100,100
6068,68,5.614828607986846e-17,1.0,0.35127059628019225,0.2995,2,100,100
6069,69,1.4037491690039102e-16,0.9999999999999999,0.40805486337448654,0.30799999999999994,2,100,100
6070,70,0.07796981970552891,0.9220301802944709,0.3281628996119691,0.29544932878033325,2,100,100
6071,71,0.782085572005779,0.21791442799422076,0.3206835040760341,0.26431502866531104,2,100,100
6072,72,1.6583267918824628e-14,0.9999999999999839,0.40240525193786847,0.2955999999999982,2,100,100
6073,73,4.729861645286691e-17,1.0,0.35004739488368725,0.3,2,100,100
6074,74,5.3561880059841604e-17,1.0,0.350868511093833,0.2887,2,100,100
6075,75,0.004241858769418799,0.9957581412305814,0.3831508778639001,0.2987419492459246,2,100,100
6076,76,0.27209277368980467,0.7279072263101947,0.3380044356418175,0.28043606136665955,2,100,100
6077,77,0.9261080470878384,0.07389195291216172,0.30153218200460474,0.241550251226927,2,100,100
6078,78,0.05235226722609355,0.9476477327739061,0.3213652756886942,0.30093017621137147,2,100,100
6079,79,5.606825128807091e-17,1.0,0.3817196528542927,0.3066,2,100,100
6080,80,0.4991244288035649,0.5008755711964351,0.32315219371965914,0.2948972846494205,2,100,100
6081,81,5.385538905372971e-17,1.0,0.4065907251171001,0.3073,2,100,100
6082,82,0.9909189704240423,0.009081029575957406,0.29610899809328833,0.1960104260442596,2,100,100
6083,83,5.137091379531113e-17,1.0,0.3405798160092898,0.296,2,100,100
6084,84,0.40000245744621815,0.599997542553782,0.32875171499343653,0.280665326388186,2,100,100
6085,85,1.1577124795827474e-15,0.9999999999999994,0.3216163448112399,0.29589999999999994,2,100,100
6086,86,0.1477295408265485,0.8522704591734509,0.3465949934956439,0.2858220393962191,2,100,100
6087,87,2.3293916222424504e-16,1.0,0.3631997669374556,0.29549999999999993,2,100,100
6088,88,2.1691339452745438e-16,1.0,0.3763608581968552,0.2986,2,100,100
6089,89,0.022666652395049593,0.9773333476049505,0.40837239259773855,0.2991236978106481,2,100,100
6090,90,2.4076717553345884e-16,1.0,0.38443847603400644,0.2992999999999999,2,100,100
6091,91,6.346386337150106e-17,1.0,0.39046301075825385,0.306,2,100,100
6092,92,3.530026869276233e-16,1.0,0.3760064513102814,0.3061,2,100,100
6093,93,0.0074158530871109045,0.9925841469128893,0.4212407557330782,0.3005046386937279,2,100,100
6094,94,0.9991607730717135,0.000839226928285613,0.2992783176391015,0.2059571473310312,2,100,100
6095,95,0.9031098325639165,0.09689016743608338,0.31484467723347737,0.2472972943909941,2,100,100
6096,96,5.671179108389923e-17,1.0,0.35922681511108845,0.3055,2,100,100
6097,97,5.531457411694463e-17,1.0,0.32389381215662794,0.296,2,100,100
6098,98,2.3831849943907707e-15,0.9999999999999984,0.35375109414366157,0.3041999999999999,2,100,100
6099,99,0.09001931102582611,0.9099806889741738,0.35692438679084715,0.29975351775900594,2,100,100
6100,100,4.892296599898882e-17,1.0,0.3432078726782904,0.2987,2,100,100
6101,101,0.005479193507548532,0.994520806492451,0.4053265118844168,0.2985147577301079,2,100,100
6102,102,0.9915904963398858,0.008409503660114446,0.29727864763509765,0.15712202451738858,2,100,100
6103,103,0.3269136475166639,0.6730863524833361,0.3218380717310794,0.28582772678551094,2,100,100
6104,104,5.4582879089712845e-17,1.0,0.3510241569780022,0.3012,2,100,100
6105,105,1.5511013945300883e-13,0.9999999999998457,0.41846999763148557,0.30389999999998224,2,100,100
6106,106,6.341048648580623e-17,1.0,0.39760610395602997,0.3029,2,100,100
6107,107,0.2454176258128525,0.7545823741871477,0.3515130277256205,0.2839087084747596,2,100,100
6108,108,5.872319328916097e-17,1.0,0.35083515796127634,0.2988,2,100,100
6109,109,0.7444584990408784,0.25554150095912165,0.3114042151091198,0.27029850402229266,2,100,100
6110,110,5.752190361997487e-17,1.0,0.37675418002616906,0.3026,2,100,100
6111,111,0.10676695068048674,0.8932330493195134,0.3461749421885509,0.29660787542777595,2,100,100
6112,112,0.1025065515389206,0.8974934484610799,0.30515490981585575,0.2962914358490029,2,100,100
6113,113,6.416226078002928e-17,1.0,0.3416438155296463,0.3062,2,100,100
6114,114,5.866281698899047e-17,1.0,0.4112348049956371,0.3086,2,100,100
6115,115,5.423014505089862e-17,1.0,0.35195590379266867,0.3003,2,100,100
6116,116,5.356849537256579e-17,1.0,0.3750495704831713,0.2973,2,100,100
6117,117,5.292182928374661e-17,1.0,0.3935096463036263,0.3014,2,100,100
6118,118,0.0003896506138507753,0.9996103493861491,0.3876363416202048,0.30136638485839096,2,100,100
6119,119,0.18912641152381773,0.8108735884761825,0.35450017227222697,0.2925914198037139,2,100,100
6120,120,0.9784320502755729,0.02156794972442788,0.29749182913681077,0.24686906940485093,2,100,100
6121,121,4.954132626032365e-17,1.0,0.3634074658108008,0.2926,2,100,100
6122,122,2.3341644509353657e-16,1.0,0.37798539481883386,0.30099999999999993,2,100,100
6123,123,0.0066670896206093575,0.9933329103793903,0.4471580215550749,0.30535458377178837,2,100,100
6124,124,6.454216649386306e-14,0.9999999999999362,0.3944488057461918,0.29949999999999394,2,100,100
6125,125,5.5266687456231175e-17,1.0,0.3326827737598952,0.2897,2,100,100
6126,126,4.4631422208456904e-17,1.0,0.36546442989229877,0.3008,2,100,100
6127,127,0.9636845509675334,0.03631544903246641,0.30852273840969,0.22253348334366332,2,100,100
6128,128,0.89858060992028,0.10141939007972005,0.2929042413706284,0.28201636904403893,2,100,100
6129,129,0.7395804310861334,0.2604195689138666,0.30696592841682907,0.3005688345894443,2,100,100
6130,130,1.1413463437181998e-16,1.0,0.3620119287234735,0.2992,2,100,100
6131,131,0.977377462687768,0.022622537312231805,0.30275368867727137,0.19871192515684294,2,100,100
6132,132,0.9917593287520579,0.00824067124794136,0.30015996088238045,0.18366934337106433,2,100,100
6133,133,0.9812020887908445,0.018797911209156148,0.30216701939677837,0.21880566188515327,2,100,100
6134,134,5.2551750822255314e-17,1.0,0.3732873858513509,0.2946,2,100,100
6135,135,0.5181076087438092,0.48189239125619066,0.32665970551659773,0.2638662145512867,2,100,100
6136,136,0.9787243684279952,0.021275631572004527,0.29878558845533915,0.2571610447917606,2,100,100
6137,137,0.1534054389588515,0.8465945610411483,0.33982884174434236,0.2929010163452712,2,100,100
6138,138,0.42436064346126956,0.5756393565387307,0.3143886782335895,0.28261760833392563,2,100,100
6139,139,0.18591001486511427,0.8140899851348864,0.3470546053397458,0.2973615663901965,2,100,100
6140,140,5.098391603308853e-17,1.0,0.33448354508678685,0.2974,2,100,100
6141,141,5.382134950595166e-17,1.0,0.3587651703306222,0.3066,2,100,100
6142,142,0.09332819189421147,0.906671808105788,0.3569430016973786,0.2976679683094342,2,100,100
6143,143,5.906677282301971e-17,1.0,0.3794549444332128,0.3033,2,100,100
6144,144,5.1347770087641885e-17,1.0,0.37449155900794284,0.2985,2,100,100
6145,145,0.003769707159264983,0.9962302928407348,0.4037518434147343,0.2909748638125936,2,100,100
6146,146,4.849112219807975e-17,1.0,0.35363748944481105,0.2996,2,100,100
6147,147,8.832100579963901e-10,0.9999999991167902,0.36610248513669463,0.3066999999475352,2,100,100
6148,148,5.733846491942835e-15,0.9999999999999948,0.3418609722784368,0.29729999999999973,2,100,100
6149,149,0.007323783872017387,0.992676216127983,0.44745055902310843,0.3000202522973553,2,100,100
6150,150,0.05296800557905876,0.9470319944209409,0.3818475564662361,0.2999627237223833,2,100,100
6151,151,0.007277737847087105,0.9927222621529129,0.4468644860555788,0.304060711565688,2,100,100
6152,152,0.2111709631588826,0.7888290368411174,0.33779054683292875,0.29153141446242686,2,100,100
6153,153,5.3104398661190754e-17,1.0,0.33977690194612714,0.2979,2,100,100
6154,154,0.09080596494397984,0.9091940350560206,0.3697786583001922,0.28940125206733075,2,100,100
6155,155,0.9621735886985467,0.03782641130145268,0.3007889909037433,0.23498864616821888,2,100,100
6156,156,0.03712316879760952,0.9628768312023906,0.3386775826040151,0.2950815781684367,2,100,100
6157,157,1.4152985525748789e-11,0.9999999999858473,0.3444859941064534,0.2968999999993265,2,100,100
6158,158,0.9789351718147091,0.02106482818529062,0.30346188963399184,0.18658984053221014,2,100,100
6159,159,5.1872022642388406e-17,1.0,0.34985931564707684,0.3049,2,100,100
6160,160,5.832857561508377e-17,1.0,0.36829599052490225,0.3007,2,100,100
6161,161,0.9461373612203985,0.053862638779601166,0.2978561071422208,0.27453554263440416,2,100,100
6162,162,5.26355035133298e-17,1.0,0.32178814646569703,0.2905,2,100,100
6163,163,1.0060099845744874e-15,0.9999999999999996,0.33034062598857994,0.2952000000000001,2,100,100
6164,164,8.679756982699061e-17,1.0,0.35087231621185305,0.2995,2,100,100
6165,165,6.872557861617706e-15,0.9999999999999939,0.3530981172270301,0.3004999999999996,2,100,100
6166,166,0.6025989131765376,0.39740108682346253,0.32209731296450117,0.2773130545550438,2,100,100
6167,167,0.0784818536836367,0.9215181463163634,0.31459578836083724,0.3024465014416477,2,100,100
6168,168,4.958633592657351e-17,1.0,0.36963648619316447,0.3022,2,100,100
6169,169,4.6754582021890205e-17,1.0,0.3962517671105571,0.3005,2,100,100
6170,170,0.5642703722564236,0.43572962774357643,0.3216380780881876,0.27932266753492985,2,100,100
6171,171,0.7319136895899342,0.26808631041006625,0.30729307463443584,0.2845650411697063,2,100,100
6172,172,0.08770626700757841,0.9122937329924214,0.348464710942906,0.28854463370681693,2,100,100
6173,173,0.8712108503200143,0.1287891496799856,0.30733127887432354,0.2682652637105834,2,100,100
6174,174,5.504934069470718e-17,1.0,0.3555346768342141,0.2967,2,100,100
6175,175,5.1762162439134076e-17,1.0,0.36399521747461505,0.3017,2,100,100
6176,176,0.9034311409011248,0.09656885909887478,0.29816415715775685,0.23847455109277294,2,100,100
6177,177,5.364352660823442e-17,1.0,0.3445477321093004,0.3009,2,100,100
6178,178,2.41448151842698e-16,1.0,0.37544076948602223,0.30319999999999997,2,100,100
6179,179,5.926673405547991e-17,1.0,0.3976699695227534,0.2994,2,100,100
6180,180,5.2156892426848095e-17,1.0,0.3597248383229653,0.308,2,100,100
6181,181,2.368389904559112e-16,1.0,0.36025853468056485,0.3057,2,100,100
6182,182,5.66827418081695e-17,1.0,0.35269402936571326,0.3078,2,100,100
6183,183,5.37070391409986e-17,1.0,0.3540617006010891,0.2991,2,100,100
6184,184,5.549070505561393e-17,1.0,0.3767486197474299,0.3035,2,100,100
6185,185,4.9619736344466504e-17,1.0,0.36126262494907896,0.2979,2,100,100
6186,186,0.5564970677417379,0.443502932258262,0.32100494136858515,0.28694667417365893,2,100,100
6187,187,0.004019585755974051,0.9959804142440254,0.3489882803948303,0.29990269628528965,2,100,100
6188,188,5.165120499581988e-16,1.0,0.357461604492799,0.30129999999999996,2,100,100
6189,189,5.655089712654365e-17,1.0,0.35857997413283615,0.2994,2,100,100
6190,190,5.30370797195341e-17,1.0,0.32574579134686293,0.2943,2,100,100
6191,191,5.685827504482081e-17,1.0,0.3558174924093149,0.3116,2,100,100
6192,192,4.885728827551367e-17,1.0,0.3600735380325619,0.295,2,100,100
6193,193,1.4769292358375589e-08,0.9999999852307081,0.39480313355884233,0.3016999986249326,2,100,100
6194,194,0.4537513674268653,0.5462486325731348,0.3225325309811598,0.27634013895209314,2,100,100
6195,195,4.835429954172539e-17,1.0,0.3489839969619622,0.2939,2,100,100
6196,196,0.8076973622228187,0.19230263777718126,0.3005282836761581,0.25409998825930974,2,100,100
6197,197,0.02643423300549687,0.9735657669945035,0.3832059455222871,0.3036982757310133,2,100,100
6198,198,4.979785009017009e-17,1.0,0.35041147819911755,0.2992,2,100,100
6199,199,0.8383100790700517,0.16168992092994866,0.31106311263331093,0.2420228622014527,2,100,100
6200,200,0.01564309596165133,0.9843569040383484,0.4285400691210165,0.298363637589609,2,100,100
6201,201,0.9748676077358315,0.025132392264168822,0.30412509712937263,0.2514004255006479,2,100,100
6202,202,0.5942724325185913,0.40572756748140876,0.3137421425451061,0.26976647025874206,2,100,100
6203,203,4.948258535145087e-15,0.999999999999996,0.35231898438763626,0.30459999999999976,2,100,100
6204,204,0.03929999830376687,0.9607000016962324,0.3545133807973438,0.3013090707035614,2,100,100
6205,205,3.4095396293109756e-15,0.9999999999999971,0.3343737029665196,0.3057999999999999,2,100,100
6206,206,5.540222316586364e-17,1.0,0.391187222999798,0.3039,2,100,100
6207,207,5.3127067495516076e-17,1.0,0.3317916608448618,0.2905,2,100,100
6208,208,0.8536188270600737,0.14638117293992614,0.30721456219327103,0.2545126877764219,2,100,100
6209,209,5.447048870332323e-17,1.0,0.34791148252343873,0.2911,2,100,100
6210,210,0.5139354147951752,0.48606458520482504,0.3060614909622916,0.30038016579204097,2,100,100
6211,211,0.11871113853274035,0.8812888614672594,0.34648497057637107,0.2912420500028427,2,100,100
6212,212,5.041526171399173e-17,1.0,0.3825528233977767,0.2921,2,100,100
6213,213,0.9993853991387831,0.0006146008612162038,0.2986432776419109,0.22822742787357342,2,100,100
6214,214,4.9739792342123673e-17,1.0,0.3290546343523264,0.2985,2,100,100
6215,215,0.7339530489274864,0.2660469510725134,0.31177390924271836,0.2667671568839788,2,100,100
6216,216,5.456078067848291e-17,1.0,0.34924351733446385,0.3046,2,100,100
6217,217,5.968860338557154e-17,1.0,0.35221501696581076,0.2961,2,100,100
6218,218,5.209654000481851e-17,1.0,0.3545356705592419,0.3021,2,100,100
6219,219,7.499010979301236e-12,0.9999999999925016,0.43384303410007286,0.30849999999905997,2,100,100
6220,220,0.8989869967617637,0.10101300323823631,0.3063823917256281,0.2649779032780966,2,100,100
6221,221,0.20637864554288382,0.7936213544571165,0.32748474232236796,0.28743448139647515,2,100,100
6222,222,0.28835316317656656,0.711646836823433,0.3242730271638181,0.29044581692668353,2,100,100
6223,223,0.026861771214844805,0.9731382287851561,0.414619590381803,0.29776097048792827,2,100,100
6224,224,0.13761388401945573,0.8623861159805436,0.34458654473327316,0.28813092255768197,2,100,100
6225,225,0.8500082145369672,0.14999178546303268,0.30863906153917714,0.2477086478437582,2,100,100
6226,226,0.47768034817797905,0.5223196518220209,0.32613750299103683,0.2831800861816797,2,100,100
6227,227,0.3244923814574319,0.675507618542568,0.3289961829260551,0.2878475975318202,2,100,100
6228,228,0.11201217310827101,0.8879878268917288,0.3039720976851214,0.29420608803668197,2,100,100
6229,229,5.0327683869168984e-17,1.0,0.34695715781977743,0.2954,2,100,100
6230,230,0.9985114812846791,0.001488518715320862,0.3116622032218872,0.20269264830953965,2,100,100
6231,231,4.9078628890861556e-17,1.0,0.3547227526160188,0.3007,2,100,100
6232,232,0.771382671325092,0.22861732867490786,0.2994965165146643,0.28026561857640664,2,100,100
6233,233,0.03853909643361404,0.9614609035663854,0.35366979847657626,0.2909841518184385,2,100,100
6234,234,7.058377769340318e-17,1.0,0.3425220231436642,0.3012,2,100,100
6235,235,0.02194287656199022,0.9780571234380103,0.44944026771983414,0.2999190749230588,2,100,100
6236,236,0.8802309202829909,0.11976907971700874,0.3074281277627205,0.24039807474996017,2,100,100
6237,237,0.02336426485309992,0.9766357351469012,0.418100198511883,0.2938981094969468,2,100,100
6238,238,0.25063685338293284,0.7493631466170673,0.3459864043458876,0.2958286076680444,2,100,100
6239,239,5.048846426939657e-17,1.0,0.3726843611587133,0.2992,2,100,100
6240,240,0.9792252068732901,0.020774793126710246,0.30860597299578896,0.21686147358421823,2,100,100
6241,241,4.918074419836072e-17,1.0,0.3573722717067334,0.3007,2,100,100
6242,242,0.9103735923098619,0.08962640769013827,0.3098914153836271,0.24527412754532105,2,100,100
6243,243,1.779936194058059e-10,0.9999999998220068,0.3443978133009441,0.30339999999270273,2,100,100
6244,244,5.404185392539929e-17,1.0,0.34864220867885504,0.2999,2,100,100
6245,245,0.00023135264201497505,0.9997686473579849,0.3450582072545551,0.29378813853414526,2,100,100
6246,246,0.8822142820435225,0.11778571795647848,0.30302431905403593,0.23574690043725666,2,100,100
6247,247,0.9568733905746478,0.04312660942535256,0.30089694425367075,0.22676767009395896,2,100,100
6248,248,5.580345476436611e-17,1.0,0.3510700616031999,0.2947,2,100,100
6249,249,0.00013246392034812107,0.9998675360796527,0.3735763110326248,0.29568968283188585,2,100,100
6250,250,0.6569535640347975,0.3430464359652021,0.3041272093420768,0.28801507768116824,2,100,100
6251,251,5.307076227861653e-17,1.0,0.3999407508785523,0.2989,2,100,100
6252,252,0.3509601404219795,0.6490398595780202,0.34336802885854817,0.29442183797405846,2,100,100
6253,253,0.2248824831003595,0.7751175168996407,0.3196864148821867,0.27983901857287874,2,100,100
6254,254,0.08004779315405902,0.9199522068459403,0.35645270145146146,0.2934573621064399,2,100,100
6255,255,0.03334647281936692,0.9666535271806331,0.39533875513837236,0.3056077887689051,2,100,100
6256,256,0.000767124513000972,0.9992328754869991,0.3505200204078817,0.2943569159058103,2,100,100
6257,257,9.477667471937368e-16,0.9999999999999996,0.34767502079006357,0.30739999999999995,2,100,100
6258,258,0.671304076791382,0.3286959232086181,0.3246886359682156,0.2663105588052786,2,100,100
6259,259,5.326906453401066e-17,1.0,0.35482556309800917,0.2988,2,100,100
6260,260,0.9630903547903474,0.03690964520965324,0.3010902501542988,0.1875630100386762,2,100,100
6261,261,8.344891807151644e-16,0.9999999999999997,0.34056524770625884,0.3007,2,100,100
6262,262,0.043158478629755595,0.9568415213702447,0.44216501683027676,0.29348311533153515,2,100,100
6263,263,0.9774435785148006,0.022556421485199266,0.29497751455346166,0.22947445794356466,2,100,100
6264,264,3.8740903194858194e-14,0.9999999999999619,0.34087032041862625,0.29829999999999834,2,100,100
6265,265,0.9463910928871283,0.0536089071128721,0.30156535015747726,0.23505867525044016,2,100,100
6266,266,0.9518548754856185,0.04814512451438199,0.3067824791685528,0.22614130921181208,2,100,100
6267,267,0.9094094911940133,0.0905905088059871,0.3030802774822857,0.23154654213078044,2,100,100
6268,268,4.8681744517769085e-17,1.0,0.3301087907527585,0.2936,2,100,100
6269,269,0.9180269061564832,0.08197309384351627,0.3045985412147952,0.24606053819693338,2,100,100
6270,270,0.009540657473071782,0.9904593425269286,0.40488782821913233,0.29384053581990704,2,100,100
6271,271,4.979987576337974e-17,1.0,0.3355297292257868,0.2969,2,100,100
6272,272,1.4211446081066887e-15,0.9999999999999991,0.3545803877041233,0.2985999999999999,2,100,100
6273,273,0.1165571644897517,0.8834428355102486,0.3441454732065818,0.2843278244777198,2,100,100
6274,274,0.015616239915861078,0.9843837600841385,0.42144992370755074,0.2993939445462518,2,100,100
6275,275,8.880423794793416e-15,0.9999999999999919,0.37788885316068827,0.2980999999999993,2,100,100
6276,276,7.734309401185342e-13,0.9999999999992264,0.35908566329522645,0.29989999999995426,2,100,100
6277,277,0.0007426735133089027,0.9992573264866913,0.34541485142199757,0.30366899645922873,2,100,100
6278,278,4.9003003655080364e-17,1.0,0.39063717867137676,0.3031,2,100,100
6279,279,0.9766559956317952,0.02334400436820534,0.3004448914481814,0.18286046142125914,2,100,100
6280,280,4.773572437940302e-15,0.9999999999999958,0.34415693106783973,0.29169999999999974,2,100,100
6281,281,5.1749373701010097e-17,1.0,0.3799746936657661,0.3073,2,100,100
6282,282,0.9301098980951055,0.06989010190489404,0.2996528248405974,0.2287869267290556,2,100,100
6283,283,0.3875407163763922,0.6124592836236076,0.30773776448430473,0.28889934568192865,2,100,100
6284,284,9.144508716503134e-17,1.0,0.33469999009625445,0.2947,2,100,100
6285,285,4.5010230995291845e-16,0.9999999999999999,0.34985841598609413,0.2936,2,100,100
6286,286,0.8900199501354652,0.10998004986453466,0.299410374519424,0.27476613656206295,2,100,100
6287,287,0.21623164376186765,0.7837683562381319,0.3447384097059097,0.2970988113364073,2,100,100
6288,288,0.9569121638555734,0.04308783614442694,0.30070175308517294,0.2449608920885222,2,100,100
6289,289,0.02721941493792776,0.9727805850620722,0.39218094201804965,0.2905332081544671,2,100,100
6290,290,1.4351500765937028e-15,0.9999999999999989,0.38761028136914155,0.3075999999999999,2,100,100
6291,291,0.010662206474354704,0.989337793525645,0.4814231916189233,0.29834801466296645,2,100,100
6292,292,3.3758286297511217e-16,1.0,0.37502563293753516,0.3103,2,100,100
6293,293,5.1233031593355326e-17,1.0,0.33601957670030347,0.2944,2,100,100
6294,294,0.33426548976638115,0.6657345102336193,0.335311078593029,0.2875276482555122,2,100,100
6295,295,0.0696518059789499,0.9303481940210496,0.3167701054048018,0.3059460876128417,2,100,100
6296,296,0.4760370902234596,0.5239629097765403,0.331553940731396,0.28240171974235784,2,100,100
6297,297,0.03819431013646802,0.9618056898635313,0.37871382145374605,0.29125975215448796,2,100,100
6298,298,6.12806870080855e-17,1.0,0.37164907213599246,0.296,2,100,100
6299,299,3.433046965450553e-16,0.9999999999999999,0.41158465650976894,0.3058,2,100,100
6300,300,5.547782900400559e-17,1.0,0.330023624403568,0.3039,2,100,100
6301,301,0.012909416373529466,0.9870905836264708,0.4263363906857884,0.3096942176211959,2,100,100
6302,302,0.0452666378867969,0.9547333621132031,0.3746141998057536,0.29750974035456584,2,100,100
6303,303,0.9770411214396456,0.022958878560353328,0.3016028247398552,0.24485681528514966,2,100,100
6304,304,5.802655016396658e-17,1.0,0.3613110732184283,0.2974,2,100,100
6305,305,0.9723735780828726,0.027626421917127716,0.30410968714330516,0.1770687278097612,2,100,100
6306,306,5.92911183071903e-17,1.0,0.38679975261809996,0.3,2,100,100
6307,307,5.254281522299776e-17,1.0,0.35117466337845277,0.2917,2,100,100
6308,308,5.651810179546251e-17,1.0,0.33958077355743643,0.2949,2,100,100
6309,309,5.798078495021658e-17,1.0,0.3351903750979689,0.2982,2,100,100
6310,310,5.021307561061874e-14,0.9999999999999503,0.34589533091634295,0.2971999999999976,2,100,100
6311,311,5.2566417198781316e-17,1.0,0.39534751076437413,0.3022,2,100,100
6312,312,0.8868918428160195,0.11310815718398023,0.31610189253215626,0.2550816027140679,2,100,100
6313,313,5.074697745630657e-17,1.0,0.3487960656669389,0.2893,2,100,100
6314,314,5.107388259776647e-15,0.9999999999999954,0.36673312047500933,0.30679999999999974,2,100,100
6315,315,0.9044339414826897,0.0955660585173106,0.3031435586941448,0.2723422602016308,2,100,100
6316,316,0.02122128628888417,0.9787787137111152,0.3833236142405871,0.296047897018768,2,100,100
6317,317,0.0013091000180919066,0.9986908999819089,0.35089241089276857,0.2966289637203248,2,100,100
6318,318,4.9947791457652385e-16,1.0,0.34245058070717105,0.3055,2,100,100
6319,319,5.074117448621162e-17,1.0,0.34664453948965784,0.2927,2,100,100
6320,320,4.0105482619863687e-16,1.0,0.3292952918710856,0.2881,2,100,100
6321,321,4.850091138849303e-17,1.0,0.34441664064432587,0.3025,2,100,100
6322,322,5.871242797379788e-09,0.9999999941287573,0.38716450876515807,0.2994999994853004,2,100,100
6323,323,0.9605255139932081,0.03947448600679159,0.3043322801522482,0.2148496672148561,2,100,100
6324,324,1.5382437815076617e-16,1.0,0.32655511771380874,0.2977,2,100,100
6325,325,1.4767891659526056e-14,0.9999999999999855,0.33438506103468796,0.29239999999999944,2,100,100
6326,326,1.5148119577746157e-16,1.0,0.3941399722117517,0.3008,2,100,100
6327,327,5.3768307539000284e-17,1.0,0.3360733563826211,0.3024,2,100,100
6328,328,0.018295617800793845,0.9817043821992064,0.3867126414144409,0.2941056987717086,2,100,100
6329,329,0.832080540722944,0.1679194592770556,0.3018156046282683,0.28207039676169376,2,100,100
6330,330,0.9364400364570648,0.06355996354293518,0.30561895486075125,0.20934837005121287,2,100,100
6331,331,5.005939053563245e-17,1.0,0.3467261774047924,0.2982,2,100,100
6332,332,4.9283749296591694e-17,1.0,0.3357177821446157,0.293,2,100,100
6333,333,4.813540536016213e-17,1.0,0.3627774248027026,0.2995,2,100,100
6334,334,0.08736512450262245,0.9126348754973773,0.37098363218938546,0.29221869111674725,2,100,100
6335,335,4.869615571918736e-17,1.0,0.3416395350707824,0.2957,2,100,100
6336,336,5.729625098771159e-16,0.9999999999999999,0.3553460997382769,0.30599999999999994,2,100,100
6337,337,4.900185396578609e-17,1.0,0.36363555917506163,0.3095,2,100,100
6338,338,0.028801129781222817,0.9711988702187778,0.410298283751196,0.30084769951889484,2,100,100
6339,339,0.47786295386104854,0.5221370461389516,0.3025456942118672,0.30150057738688335,2,100,100
6340,340,0.554803757053338,0.44519624294666216,0.32425403930535696,0.27381776617614473,2,100,100
6341,341,0.029233847829517923,0.970766152170482,0.3834575074778805,0.30026805212107877,2,100,100
6342,342,5.186955384697498e-17,1.0,0.3610505089513154,0.2972,2,100,100
6343,343,0.1254109117202039,0.8745890882797961,0.36844334108341,0.2957882600459921,2,100,100
6344,344,5.890780509312232e-17,1.0,0.36819441832105004,0.2989,2,100,100
6345,345,0.9727449872858945,0.027255012714105756,0.3028403722593763,0.19862569846080938,2,100,100
6346,346,0.9727774208159312,0.027222579184068722,0.30931985566712017,0.24614231266169542,2,100,100
6347,347,5.441921379505418e-17,1.0,0.35384638386076417,0.2957,2,100,100
6348,348,5.4437772596710936e-17,1.0,0.3577303283853718,0.303,2,100,100
6349,349,5.143146474817511e-17,1.0,0.3528199386639056,0.3076,2,100,100
6350,350,4.757634923753004e-17,1.0,0.37327249828629055,0.2968,2,100,100
6351,351,5.4095115973990294e-17,1.0,0.3404199914809149,0.3049,2,100,100
6352,352,0.021416583789106783,0.9785834162108923,0.36542818967730356,0.2971374455565167,2,100,100
6353,353,0.8732157982787053,0.12678420172129481,0.30983135232504694,0.25121716992570475,2,100,100
6354,354,5.805112678004897e-17,1.0,0.38192796489056374,0.307,2,100,100
6355,355,0.8877848194908217,0.11221518050917798,0.31182213251997853,0.24033329755506547,2,100,100
6356,356,0.019420876879073727,0.9805791231209267,0.4308263079279844,0.3082188557671271,2,100,100
6357,357,0.008464352774339715,0.99153564722566,0.31745379696223897,0.2987416134778096,2,100,100
6358,358,5.643987135201172e-17,1.0,0.3619827202778928,0.301,2,100,100
6359,359,0.009889064106659518,0.9901109358933415,0.4630191615560313,0.2908978816286782,2,100,100
6360,360,5.375103561218966e-17,1.0,0.3824159434832618,0.3063,2,100,100
6361,361,8.499384669564701e-17,1.0,0.3422955784522632,0.2995,2,100,100
6362,362,0.19090297741667467,0.8090970225833253,0.3172417329681162,0.2961790760895821,2,100,100
6363,363,5.258605978499357e-17,1.0,0.3490748091549911,0.2914,2,100,100
6364,364,5.189414443150555e-17,1.0,0.38732880509706485,0.3039,2,100,100
6365,365,8.870748086310668e-17,1.0,0.36616358753977674,0.299,2,100,100
6366,366,5.091765821212764e-17,1.0,0.34807770598240156,0.3003,2,100,100
6367,367,0.47208140518464553,0.5279185948153546,0.32217987651316,0.2650122055700372,2,100,100
6368,368,0.05075272126969134,0.9492472787303085,0.38141293918863867,0.29943963156670966,2,100,100
6369,369,0.07176676972970927,0.9282332302702905,0.3943460502513693,0.2972303175759513,2,100,100
6370,370,4.964996363160982e-16,0.9999999999999999,0.35531297094996256,0.30360000000000004,2,100,100
6371,371,4.822887845999501e-17,1.0,0.3652371496557499,0.2918,2,100,100
6372,372,0.028025143915529536,0.9719748560844702,0.3906298007178017,0.2908023205001764,2,100,100
6373,373,0.4115086768909624,0.5884913231090375,0.3028309988663991,0.30090913728240165,2,100,100
6374,374,0.562242150935307,0.43775784906469306,0.31923175934290526,0.27370028712489436,2,100,100
6375,375,0.02800210331317492,0.9719978966868255,0.4127484843473917,0.305290963396557,2,100,100
6376,376,0.07654831683104586,0.923451683168954,0.3623094500703795,0.29570125476198905,2,100,100
6377,377,8.09103825871941e-16,0.9999999999999996,0.3619302503934832,0.30469999999999997,2,100,100
6378,378,5.3319664679298763e-17,1.0,0.3671610751002666,0.295,2,100,100
6379,379,0.9676836121037146,0.03231638789628607,0.2950193877337234,0.22324813219714865,2,100,100
6380,380,5.0240545147581273e-17,1.0,0.36100938686220635,0.3008,2,100,100
6381,381,1.1034370117696282e-15,0.9999999999999991,0.37450641452707273,0.30329999999999996,2,100,100
6382,382,0.051849445217753996,0.9481505547822464,0.3692230245876163,0.2922067488291879,2,100,100
6383,383,0.5397578122424199,0.46024218775758036,0.3282799290813407,0.2757425265473582,2,100,100
6384,384,8.328280745834944e-08,0.999999916717193,0.3853897681728585,0.3043999932549442,2,100,100
6385,385,0.057757548372843616,0.9422424516271559,0.36584614135366084,0.2966005440649934,2,100,100
6386,386,9.630393087524718e-06,0.9999903696069122,0.3928702357829798,0.2986990930948784,2,100,100
6387,387,0.5156392488816844,0.48436075111831556,0.31995829666546827,0.279991605267016,2,100,100
6388,388,0.02403433674393194,0.9759656632560688,0.4133639374240255,0.3061225237508842,2,100,100
6389,389,8.528052892910273e-17,1.0,0.34091961008019617,0.3019,2,100,100
6390,390,0.012974336811772095,0.9870256631882284,0.38150762928956244,0.3028798567969211,2,100,100
6391,391,5.227587148882909e-17,1.0,0.3650484153248425,0.3012,2,100,100
6392,392,5.240405322384417e-17,1.0,0.35073866086334754,0.306,2,100,100
6393,393,0.6385342331465305,0.36146576685346965,0.3172158135418117,0.2751210567567802,2,100,100
6394,394,5.725319950265257e-17,1.0,0.3744687582117101,0.2946,2,100,100
6395,395,0.8335103722765315,0.16648962772346787,0.31338801765185786,0.25579873846995477,2,100,100
6396,396,0.9169117399114332,0.0830882600885668,0.3029683302451445,0.24317251504997062,2,100,100
6397,397,0.742995334670215,0.25700466532978494,0.30591498081442675,0.26383410729974127,2,100,100
6398,398,1.195812211972464e-15,0.9999999999999993,0.3742210533140449,0.29969999999999986,2,100,100
6399,399,0.02618647132418133,0.9738135286758185,0.4121455398658412,0.29441710778938923,2,100,100
6400,400,0.9986547536756153,0.001345246324384508,0.30291958276504755,0.21402674367677724,2,100,100
6401,401,0.5183032607672119,0.4816967392327882,0.31491734651425424,0.2804198190019836,2,100,100
6402,402,5.682048686088184e-13,0.9999999999994321,0.42097166113991363,0.30009999999993126,2,100,100
6403,403,2.1230542486199231e-16,1.0,0.3219338112499919,0.2933,2,100,100
6404,404,7.744670096303204e-15,0.9999999999999926,0.3877070080927266,0.3032999999999994,2,100,100
6405,405,0.9863352854278058,0.01366471457219413,0.30185396254122554,0.1808150244435942,2,100,100
6406,406,0.00024626374485059476,0.9997537362551491,0.4005857952973046,0.3001752725286406,2,100,100
6407,407,3.1469874200989326e-15,0.9999999999999976,0.38113834764485666,0.2949999999999997,2,100,100
6408,408,0.9574073985764956,0.04259260142350467,0.30284038676659936,0.19624002391358505,2,100,100
6409,409,0.011804217360451478,0.988195782639549,0.43590535680376025,0.30707930933397887,2,100,100
6410,410,0.20894149408999813,0.7910585059100016,0.3315038166369667,0.29660903144631584,2,100,100
6411,411,0.7952402913397413,0.20475970866025847,0.3126290670532193,0.2890449982692974,2,100,100
6412,412,0.03284360626905315,0.9671563937309466,0.3971782723520102,0.2914267382516597,2,100,100
6413,413,0.0400603568778266,0.9599396431221727,0.4256167129565119,0.3011123091506772,2,100,100
6414,414,6.96528008092883e-05,0.9999303471991905,0.4351909994899203,0.30709107748164866,2,100,100
6415,415,4.574987483931681e-17,1.0,0.33170672094324144,0.2986,2,100,100
6416,416,0.7262401086092727,0.2737598913907275,0.29792662395152286,0.27773877275298864,2,100,100
6417,417,0.9907634221895022,0.00923657781049837,0.3047081668954973,0.19555877020536092,2,100,100
6418,418,5.887569367129442e-17,1.0,0.3743018691600884,0.2977,2,100,100
6419,419,0.20728209011127802,0.7927179098887218,0.3015031900838677,0.2938041208339697,2,100,100
6420,420,2.352616471043959e-15,0.9999999999999979,0.407335588160189,0.30919999999999975,2,100,100
6421,421,3.0586946884656055e-15,0.9999999999999974,0.37872359055327415,0.3001999999999998,2,100,100
6422,422,5.1594390292795465e-17,1.0,0.33691361554711036,0.2902,2,100,100
6423,423,0.006423256284554269,0.9935767437154459,0.3995588135179428,0.29915508109471983,2,100,100
6424,424,5.217546136155579e-17,1.0,0.36867608632856186,0.2926,2,100,100
6425,425,6.537669224988252e-17,1.0,0.42490388644695004,0.2991,2,100,100
6426,426,5.2025532775240215e-17,1.0,0.35364533077550747,0.2927,2,100,100
6427,427,8.854613999127017e-16,0.9999999999999997,0.32479588908089546,0.30169999999999997,2,100,100
6428,428,5.4304642802151955e-17,1.0,0.3725611450460278,0.297,2,100,100
6429,429,0.49892153680597845,0.5010784631940215,0.3153295591974531,0.2801463284413813,2,100,100
6430,430,5.543089971458487e-17,1.0,0.38516933670704173,0.2917,2,100,100
6431,431,0.009403396835601695,0.990596603164398,0.4383366466186942,0.3008067518224725,2,100,100
6432,432,5.5176284983820975e-17,1.0,0.3917326569375944,0.3026,2,100,100
6433,433,5.043553264342454e-17,1.0,0.33598652776931714,0.2964,2,100,100
6434,434,6.180048416766248e-17,1.0,0.4026817244428242,0.3029,2,100,100
6435,435,0.010418948059619753,0.9895810519403812,0.4496690887004241,0.3079231564946861,2,100,100
6436,436,0.4815508494971035,0.5184491505028966,0.3150017106685729,0.2779648852635217,2,100,100
6437,437,0.06232844307980468,0.9376715569201959,0.3558714801501125,0.2958595498160653,2,100,100
6438,438,5.368813024562941e-17,1.0,0.38959417262054247,0.3068,2,100,100
6439,439,0.41494258321324595,0.5850574167867537,0.328876633199154,0.2940481999300464,2,100,100
6440,440,5.763108980849662e-17,1.0,0.32449408686408415,0.3007,2,100,100
6441,441,0.979714509145596,0.020285490854404613,0.3003189834186226,0.21064979908987919,2,100,100
6442,442,0.0515725179712441,0.9484274820287558,0.32684021344450337,0.29010549823994436,2,100,100
6443,443,0.0393833747450641,0.9606166252549366,0.30392042741708286,0.29463428018356447,2,100,100
6444,444,0.010904739847674838,0.9890952601523254,0.4258576883421438,0.2972980910364597,2,100,100
6445,445,1.1175869003082585e-16,1.0,0.32859655094092505,0.3049,2,100,100
6446,446,4.5838731183292095e-15,0.9999999999999958,0.4155744074699323,0.30239999999999956,2,100,100
6447,447,3.558815360181161e-15,0.9999999999999969,0.35924303933111246,0.2964999999999998,2,100,100
6448,448,0.796567563051431,0.20343243694856866,0.3032755960634186,0.25423918764669895,2,100,100
6449,449,4.0266752008765266e-14,0.9999999999999598,0.34211331122826816,0.2962999999999981,2,100,100
6450,450,0.985742834883973,0.014257165116025865,0.3022350018394334,0.23665381288466955,2,100,100
6451,451,5.595892568540547e-17,1.0,0.3493077410401278,0.3034,2,100,100
6452,452,3.50466214186114e-14,0.9999999999999656,0.3712668836402509,0.29779999999999746,2,100,100
6453,453,0.9794565820894573,0.02054341791054247,0.2916162888148612,0.1886008692738304,2,100,100
6454,454,0.47024560661845316,0.529754393381547,0.31562979437239563,0.2747999406842976,2,100,100
6455,455,0.11418272128654033,0.8858172787134597,0.32544637311612373,0.29152699285774547,2,100,100
6456,456,0.409593142614588,0.5904068573854118,0.31997308216882253,0.2885149750406762,2,100,100
6457,457,5.4926654515980843e-17,1.0,0.3809836652444221,0.2953,2,100,100
6458,458,5.4532936012627994e-14,0.9999999999999452,0.3259954377271598,0.29459999999999836,2,100,100
6459,459,4.706624021892495e-17,1.0,0.3627255562095837,0.2907,2,100,100
6460,460,5.4208289848024397e-17,1.0,0.3493223914273079,0.2893,2,100,100
6461,461,0.0502899574109566,0.9497100425890433,0.37098117214792287,0.29318777328429463,2,100,100
6462,462,2.887708710432749e-14,0.9999999999999715,0.3365829615554533,0.29859999999999887,2,100,100
6463,463,1.2578244302719562e-16,1.0,0.38945779080869625,0.3041,2,100,100
6464,464,0.957908381036072,0.0420916189639283,0.30542703807774346,0.21925696035154038,2,100,100
6465,465,0.9862017534310451,0.01379824656895461,0.3044216120644158,0.15790936833017366,2,100,100
6466,466,0.6472211292938617,0.35277887070613856,0.3159576505285165,0.2593849581544852,2,100,100
6467,467,0.8383791123541683,0.1616208876458316,0.3160526356036856,0.26746587359496854,2,100,100
6468,468,0.028267603471140556,0.9717323965288591,0.3826350989957463,0.30181542140108886,2,100,100
6469,469,3.4029427783510393e-14,0.9999999999999658,0.33799146936584534,0.30009999999999876,2,100,100
6470,470,2.3805643154664177e-14,0.9999999999999771,0.36179829978782485,0.3021999999999986,2,100,100
6471,471,2.580775541193188e-15,0.9999999999999983,0.33958157472868883,0.2998999999999999,2,100,100
6472,472,1.282462047443617e-14,0.9999999999999877,0.3752141869729192,0.3083999999999992,2,100,100
6473,473,0.19613303762008136,0.8038669623799183,0.3485984612775665,0.29498453845883327,2,100,100
6474,474,0.1690513735116902,0.8309486264883097,0.3387386991663055,0.28562025386260353,2,100,100
6475,475,3.2903032269538737e-16,1.0,0.3510360807504457,0.28989999999999994,2,100,100
6476,476,0.25867797667612263,0.7413220233238771,0.342143966037643,0.2888014714219575,2,100,100
6477,477,0.9835227370441741,0.01647726295582505,0.29626822153980303,0.2010933406140512,2,100,100
6478,478,5.944990144891588e-15,0.999999999999995,0.3351774166487333,0.3053999999999998,2,100,100
6479,479,5.963117084832575e-17,1.0,0.4179939348046015,0.3024,2,100,100
6480,480,0.5712267398335326,0.4287732601664678,0.31849719535025417,0.283053764609368,2,100,100
6481,481,0.009893067302491058,0.9901069326975085,0.4372465108091746,0.3000426328006994,2,100,100
6482,482,4.976347526056804e-17,1.0,0.3741096425274798,0.3039,2,100,100
6483,483,5.624075701327912e-17,1.0,0.3362210646647757,0.3027,2,100,100
6484,484,0.910372720369266,0.08962727963073462,0.30720223433508986,0.23465474252367777,2,100,100
6485,485,0.016226032559415248,0.9837739674405853,0.33780830113740695,0.29785166227688437,2,100,100
6486,486,5.388710913785881e-17,1.0,0.3764203747638347,0.3034,2,100,100
6487,487,5.83012726834383e-17,1.0,0.3734816102936705,0.303,2,100,100
6488,488,5.992540407756231e-17,1.0,0.3741950487573446,0.3015,2,100,100
6489,489,0.010619357676333213,0.9893806423236664,0.45555609006263537,0.29833036377664784,2,100,100
6490,490,5.15726636340398e-17,1.0,0.34622746904088114,0.3026,2,100,100
6491,491,0.3728083643852025,0.6271916356147978,0.32186530475164676,0.2774366115591233,2,100,100
6492,492,4.9526204153242855e-17,1.0,0.3577473050927603,0.3005,2,100,100
6493,493,4.985497636407252e-17,1.0,0.38010561908956003,0.2969,2,100,100
6494,494,5.148634607713952e-17,1.0,0.3763077970314381,0.2999,2,100,100
6495,495,0.3341403473007621,0.6658596526992386,0.3176406374502831,0.2903967019201076,2,100,100
6496,496,1.0763737797846294e-13,0.9999999999998925,0.34737892285427097,0.29809999999999465,2,100,100
6497,497,0.09046970077063494,0.9095302992293659,0.35538904642245234,0.293720901370027,2,100,100
6498,498,0.012775759656016357,0.9872242403439835,0.4193916493652021,0.29490964786736373,2,100,100
6499,499,0.9649802376635885,0.035019762336410964,0.3100429737366964,0.24028311319771065,2,100,100
6500,500,0.012433243556920017,0.9875667564430798,0.4367789229435745,0.2972653943191269,2,100,100
6501,501,6.525245332616327e-15,0.9999999999999939,0.3658360923065986,0.2963999999999995,2,100,100
6502,502,3.321738851444136e-12,0.9999999999966783,0.3635763499781372,0.2974999999997804,2,100,100
6503,503,5.2313408313449086e-17,1.0,0.3474331453153986,0.2971,2,100,100
6504,504,6.430824121268138e-17,1.0,0.40619527669086025,0.2956,2,100,100
6505,505,0.0002638719986035529,0.9997361280013973,0.3938714713211057,0.29567408846032694,2,100,100
6506,506,0.009256229964683676,0.9907437700353162,0.4569599865773608,0.3037821507258661,2,100,100
6507,507,5.227391486102206e-17,1.0,0.36082333828321445,0.3032,2,100,100
6508,508,5.072593781504147e-17,1.0,0.3567415966192078,0.3001,2,100,100
6509,509,1.0222986510426752e-13,0.9999999999998976,0.3521554624100799,0.2975999999999944,2,100,100
6510,510,1.2893869190124232e-09,0.999999998710613,0.3644598518086104,0.2948999999103105,2,100,100
6511,511,0.08941954450218866,0.910580455497812,0.32175701739556095,0.29006622365918,2,100,100
6512,512,0.00860833098815901,0.9913916690118413,0.4568340208380946,0.30811981892731216,2,100,100
6513,513,0.23704768921647315,0.7629523107835268,0.33777262875566877,0.29599724082488627,2,100,100
6514,514,0.026221709910732794,0.9737782900892672,0.2999298314626856,0.2925053165230243,2,100,100
6515,515,6.039923719884767e-05,0.9999396007628011,0.42859185491691326,0.2916917313369633,2,100,100
6516,516,0.012510504580190936,0.9874894954198089,0.4080131885642731,0.3017708547967917,2,100,100
6517,517,0.9134546420673324,0.08654535793266743,0.30930618017180145,0.23644057163497437,2,100,100
6518,518,5.0438070027163454e-17,1.0,0.34199678715013854,0.301,2,100,100
6519,519,0.0503298927150078,0.9496701072849918,0.37589386423370086,0.30018982376512393,2,100,100
6520,520,0.010331796487520162,0.9896682035124801,0.459255888641928,0.29247687315358545,2,100,100
6521,521,5.828637560416349e-17,1.0,0.3531397891612828,0.2891,2,100,100
6522,522,5.004159430760042e-17,1.0,0.3537831359029545,0.2994,2,100,100
6523,523,0.099324005258483,0.9006759947415172,0.3464681447020367,0.2885470443211963,2,100,100
6524,524,3.2458584034422126e-14,0.9999999999999679,0.3417426923734163,0.30169999999999864,2,100,100
6525,525,0.06163213724201235,0.938367862757988,0.35538107407529645,0.3008384196360571,2,100,100
6526,526,0.013624548782559224,0.9863754512174414,0.4397866261029421,0.3101335351373294,2,100,100
6527,527,5.727666601979818e-17,1.0,0.3459129214122006,0.3059,2,100,100
6528,528,0.4235522753817591,0.5764477246182412,0.3156546501106463,0.2964774556513094,2,100,100
6529,529,2.033301612880099e-16,1.0,0.3460972079176783,0.3014,2,100,100
6530,530,0.18665293495204774,0.8133470650479524,0.3461291230795789,0.28597138085339385,2,100,100
6531,531,0.9866196490417959,0.013380350958204052,0.29627644488962285,0.20087947857610203,2,100,100
6532,532,0.9747274808521987,0.025272519147800983,0.3018529613702778,0.23249060932195326,2,100,100
6533,533,0.9322288197647669,0.06777118023523254,0.30403769576737416,0.24003267545758958,2,100,100
6534,534,0.03419871334153942,0.9658012866584613,0.3546064407404986,0.29299289604707335,2,100,100
6535,535,3.5272566153114717e-16,1.0,0.37044680652806006,0.2978,2,100,100
6536,536,5.387887172819277e-17,1.0,0.33164404042317985,0.2995,2,100,100
6537,537,1.0794824329410776e-14,0.9999999999999899,0.3492096712766247,0.2957999999999994,2,100,100
6538,538,0.21650688834481002,0.78349311165519,0.3302174107189942,0.2848852818328054,2,100,100
6539,539,0.9567718438316795,0.04322815616832088,0.3033747117958516,0.2276205717603468,2,100,100
6540,540,5.223552220079405e-15,0.9999999999999959,0.3450803053983273,0.30249999999999977,2,100,100
6541,541,0.5047545708915071,0.495245429108493,0.29704203333896495,0.2870630753345241,2,100,100
6542,542,0.9836736344360978,0.016326365563902073,0.3034164892241021,0.2044055233251057,2,100,100
6543,543,3.3821967841967027e-12,0.9999999999966183,0.4183854597354903,0.3007999999996023,2,100,100
6544,544,5.40872849067589e-17,1.0,0.3475047207153263,0.3005,2,100,100
6545,545,0.9349037959024374,0.06509620409756298,0.30939231793017713,0.25113518938096757,2,100,100
6546,546,0.032118171024333335,0.9678818289756671,0.4105264342661562,0.2897199155717176,2,100,100
6547,547,5.5034837255780745e-17,1.0,0.3480266688899926,0.3092,2,100,100
6548,548,0.9334773702212815,0.06652262977871763,0.3027550498989697,0.23578460820432962,2,100,100
6549,549,5.0350485390845314e-17,1.0,0.3352882873802759,0.2917,2,100,100
6550,550,0.9495046813847793,0.05049531861522071,0.3069494226289966,0.24061807309302147,2,100,100
6551,551,5.581816854231321e-17,1.0,0.36269596506777574,0.2987,2,100,100
6552,552,5.114585624696576e-17,1.0,0.34654023503006703,0.3019,2,100,100
6553,553,0.007952063518131233,0.9920479364818686,0.4010984034109662,0.2998952259042296,2,100,100
6554,554,0.02361478368143174,0.9763852163185684,0.3668140198718172,0.30207111019302896,2,100,100
6555,555,5.224347296637482e-17,1.0,0.3616411854298723,0.3023,2,100,100
6556,556,5.2772897832892123e-17,1.0,0.3629033123622628,0.3007,2,100,100
6557,557,4.9679304142481155e-17,1.0,0.3550164867826616,0.3042,2,100,100
6558,558,0.02061583818727392,0.9793841618127256,0.41927288244538446,0.305964043307138,2,100,100
6559,559,9.928680437705526e-16,0.9999999999999996,0.35642122442909824,0.2986999999999999,2,100,100
6560,560,0.000134179480248454,0.999865820519751,0.4189802414867894,0.30028407340986,2,100,100
6561,561,0.03844678905115328,0.9615532109488466,0.35227794617023,0.3040456220074675,2,100,100
6562,562,4.887768901124516e-17,1.0,0.36841186655195435,0.3052,2,100,100
6563,563,5.021869026148423e-17,1.0,0.35802777218276194,0.2969,2,100,100
6564,564,5.00152509221714e-17,1.0,0.35918254955865103,0.2956,2,100,100
6565,565,0.5567274468234242,0.4432725531765758,0.30498726277214966,0.2689208231571051,2,100,100
6566,566,0.022363825998165745,0.9776361740018343,0.37955860412917036,0.296748038929055,2,100,100
6567,567,0.22561086486631018,0.7743891351336898,0.3527941583913369,0.2971449292942665,2,100,100
6568,568,0.5407148639925733,0.45928513600742654,0.3211657993447404,0.2668078474158612,2,100,100
6569,569,0.9575253806773669,0.042474619322633626,0.30778725926454426,0.23510245799313723,2,100,100
6570,570,5.604306834155203e-17,1.0,0.3484449151704099,0.2946,2,100,100
6571,571,2.9697417306247878e-15,0.9999999999999978,0.35911136116505155,0.2909999999999998,2,100,100
6572,572,4.933713452222314e-17,1.0,0.3714245752154587,0.301,2,100,100
6573,573,0.15512645055317542,0.8448735494468245,0.3028114727182322,0.2923821336484963,2,100,100
6574,574,5.07684508053486e-17,1.0,0.3460866681821595,0.2925,2,100,100
6575,575,4.8714579739425236e-17,1.0,0.3392869195077696,0.3031,2,100,100
6576,576,1.6148353469693379e-15,0.9999999999999989,0.40037279587532554,0.2964999999999998,2,100,100
6577,577,0.7409276059821285,0.25907239401787163,0.3098366574232645,0.2900095452265471,2,100,100
6578,578,4.9769870647046454e-17,1.0,0.3570442642192252,0.301,2,100,100
6579,579,0.015473004365161422,0.9845269956348389,0.432068517316844,0.3046281140844877,2,100,100
6580,580,0.8934220540229173,0.10657794597708238,0.30056531778342344,0.24740875024512943,2,100,100
6581,581,0.9649183944639966,0.035081605536003736,0.3119353544315085,0.24536615396798553,2,100,100
6582,582,5.567923756911526e-17,1.0,0.397541996769061,0.2976,2,100,100
6583,583,5.1997063567673666e-17,1.0,0.34669046757344796,0.2951,2,100,100
6584,584,3.70026267048618e-13,0.9999999999996302,0.3284552168016424,0.2953999999999878,2,100,100
6585,585,1.963939155966619e-16,1.0,0.3283028954193198,0.2934,2,100,100
6586,586,7.963494862854847e-05,0.9999203650513713,0.3657504954872741,0.2970945325859212,2,100,100
6587,587,5.854819999730133e-17,1.0,0.36606472052716976,0.2973,2,100,100
6588,588,4.9351923722031444e-17,1.0,0.3487254609719758,0.2989,2,100,100
6589,589,0.0005412969062503311,0.99945870309375,0.4246902656219699,0.29482970688130966,2,100,100
6590,590,5.4741006636276164e-17,1.0,0.361566444986584,0.2941,2,100,100
6591,591,5.005928264009152e-17,1.0,0.35570022576292837,0.3014,2,100,100
6592,592,5.3192128876850116e-17,1.0,0.35029844592520504,0.3007,2,100,100
6593,593,5.2364845656387806e-17,1.0,0.36497090334626675,0.293,2,100,100
6594,594,0.0003538094588265339,0.9996461905411733,0.4034134342322074,0.29796269052943763,2,100,100
6595,595,4.56480238022737e-17,1.0,0.37531150648427064,0.3143,2,100,100
6596,596,0.016657505228800575,0.9833424947711998,0.42244791767749773,0.3024003062855333,2,100,100
6597,597,5.553402509434392e-17,1.0,0.3557604114411472,0.2902,2,100,100
6598,598,2.3507378978920074e-16,1.0,0.37103452244313334,0.3031999999999999,2,100,100
6599,599,0.5432241279199264,0.45677587208007364,0.32526425301593254,0.2887819122564554,2,100,100
6600,600,0.976513516412223,0.023486483587777718,0.29699946058424315,0.2118670661680862,2,100,100
6601,601,0.9385947244182508,0.06140527558174871,0.3068747598319146,0.24377334394858172,2,100,100
6602,602,1.3705459273400588e-14,0.9999999999999871,0.34860095497144056,0.2962999999999993,2,100,100
6603,603,0.01301756241949835,0.986982437580502,0.4806969620645217,0.2987312499847937,2,100,100
6604,604,0.10905819618089087,0.8909418038191089,0.350041100457013,0.28938494960028976,2,100,100
6605,605,1.107467873443456e-16,1.0,0.3350880926619768,0.2989,2,100,100
6606,606,4.929746562347685e-17,1.0,0.3461781307117473,0.3005,2,100,100
6607,607,1.6582302993564755e-15,0.9999999999999986,0.3930396253295739,0.2991999999999999,2,100,100
6608,608,5.1996102627799694e-17,1.0,0.37099229323914107,0.3079,2,100,100
6609,609,5.1881892086027493e-17,1.0,0.3473260046521512,0.3047,2,100,100
6610,610,0.9546070887504889,0.04539291124951124,0.30575243530712787,0.20766585780928395,2,100,100
6611,611,0.905942561634205,0.09405743836579487,0.30729049902442407,0.24572706369138392,2,100,100
6612,612,5.592766033273546e-17,1.0,0.3592384835488998,0.3031,2,100,100
6613,613,0.7287941853480585,0.27120581465194077,0.30378699067519777,0.2802366450331079,2,100,100
6614,614,5.416936697536269e-17,1.0,0.3521845957048979,0.3013,2,100,100
6615,615,6.341317884693597e-17,1.0,0.34167506200406134,0.3011,2,100,100
6616,616,6.202355212648732e-17,1.0,0.4049354265939025,0.3053,2,100,100
6617,617,0.13452394799601008,0.8654760520039906,0.34775234054462384,0.2887647574377161,2,100,100
6618,618,1.1103905477946232e-15,0.9999999999999994,0.34603991552039864,0.29479999999999995,2,100,100
6619,619,5.438319460085804e-17,1.0,0.35544115902334034,0.2989,2,100,100
6620,620,5.492158245220421e-15,0.9999999999999949,0.34402628617892705,0.2939999999999997,2,100,100
6621,621,0.04582640238158978,0.9541735976184101,0.3992982430324039,0.2961741959218957,2,100,100
6622,622,0.06065048416659717,0.9393495158334038,0.3750850433728475,0.29834572306895335,2,100,100
6623,623,5.4728646938724536e-17,1.0,0.36863989395722857,0.301,2,100,100
6624,624,4.7829551540454074e-17,1.0,0.36398587207387234,0.3124,2,100,100
6625,625,0.7483284128089077,0.2516715871910924,0.3128077149891191,0.2495994872878313,2,100,100
6626,626,0.008853468724995678,0.9911465312750042,0.4621741658830036,0.30157816835855783,2,100,100
6627,627,0.8985838226471071,0.10141617735289264,0.2970296484377187,0.21686838965323113,2,100,100
6628,628,0.011542601606049578,0.9884573983939496,0.4656085242040244,0.2991789699598876,2,100,100
6629,629,8.874809324917381e-06,0.9999911251906758,0.35978660039268345,0.30989955726200447,2,100,100
6630,630,0.5220049007057612,0.4779950992942391,0.3083551693601084,0.2869006201916122,2,100,100
6631,631,4.645691947054387e-15,0.999999999999996,0.3771622823609901,0.3078999999999996,2,100,100
6632,632,6.521039628944797e-16,0.9999999999999996,0.38989643339854396,0.2977999999999999,2,100,100
6633,633,2.36556903773959e-14,0.9999999999999766,0.3431743195802978,0.300499999999999,2,100,100
6634,634,2.510469116147783e-15,0.999999999999998,0.36646103698178,0.30569999999999986,2,100,100
6635,635,4.880209903025444e-17,1.0,0.3745185055484287,0.3001,2,100,100
6636,636,0.012637769618947194,0.9873622303810524,0.4346544088235764,0.29858032710411975,2,100,100
6637,637,4.773054989220922e-17,1.0,0.3597285414741648,0.2923,2,100,100
6638,638,0.02526997394054308,0.9747300260594569,0.37183277704167333,0.30070254078336794,2,100,100
6639,639,5.430422674762724e-17,1.0,0.35984557112648846,0.3002,2,100,100
6640,640,0.7593135888204812,0.24068641117951864,0.3120195269686761,0.25958812086297933,2,100,100
6641,641,1.6721779142976943e-16,1.0,0.4060586692545227,0.30809999999999993,2,100,100
6642,642,5.585796164274295e-17,1.0,0.36604843342953014,0.3003,2,100,100
6643,643,0.06898976748383073,0.9310102325161695,0.3344813711420865,0.29916342296742404,2,100,100
6644,644,3.480149123094164e-05,0.9999651985087686,0.3650252724149931,0.2953975768523635,2,100,100
6645,645,0.05825092807110403,0.9417490719288953,0.3758162665763159,0.2987083949140876,2,100,100
6646,646,0.4128784213236411,0.5871215786763588,0.3024296329601744,0.2960772298197845,2,100,100
6647,647,0.8258195358271145,0.17418046417288618,0.3094448777037743,0.25005315571647785,2,100,100
6648,648,0.6800970272248367,0.31990297277516344,0.3033539464224292,0.27192583453209257,2,100,100
6649,649,0.010303497897316128,0.9896965021026841,0.4845493245081714,0.2944412215610213,2,100,100
6650,650,0.31413481023838197,0.6858651897616187,0.30872779439806514,0.30095980372351744,2,100,100
6651,651,0.9906898329456287,0.009310167054371652,0.2931286276466586,0.1826442893258415,2,100,100
6652,652,0.038857603904455355,0.9611423960955449,0.314815627019925,0.30033741122541374,2,100,100
6653,653,5.672970635109764e-17,1.0,0.3705696795508556,0.2989,2,100,100
6654,654,0.6879480477826253,0.31205195221737425,0.31487278189691265,0.2723388967454208,2,100,100
6655,655,5.2150652067338174e-17,1.0,0.3582352549726169,0.3004,2,100,100
6656,656,5.3852613797725216e-17,1.0,0.34523432391424075,0.2865,2,100,100
6657,657,0.0008703035690917447,0.9991296964309082,0.4352378095192632,0.3029848998206665,2,100,100
6658,658,0.38278266063061445,0.6172173393693854,0.32455182707285757,0.28995813420176475,2,100,100
6659,659,5.819322586941471e-17,1.0,0.3696248155882765,0.3079,2,100,100
6660,660,0.5992222354978923,0.4007777645021074,0.3010302077139414,0.29496647881181404,2,100,100
6661,661,8.120145662426668e-16,0.9999999999999996,0.38304580729151566,0.29769999999999996,2,100,100
6662,662,0.7634597856213547,0.23654021437864547,0.3076701812183989,0.2532600621940001,2,100,100
6663,663,0.581653890900812,0.41834610909918796,0.321859970109444,0.28610017747827343,2,100,100
6664,664,0.05227322001562552,0.9477267799843746,0.36642288778203214,0.2978135700384687,2,100,100
6665,665,0.9689764106446619,0.031023589355337843,0.30648604757113224,0.21023517418150955,2,100,100
6666,666,0.9667041850921345,0.033295814907865436,0.3015139173749381,0.2470350773177882,2,100,100
6667,667,0.6607319818544238,0.33926801814557656,0.3205452711042931,0.2753147445484167,2,100,100
6668,668,0.03645667274038874,0.963543327259611,0.3326989088808275,0.3026027958567224,2,100,100
6669,669,4.4165497759261153e-17,1.0,0.39397189468261845,0.3024,2,100,100
6670,670,3.8508336877724327e-14,0.9999999999999619,0.3626869713025,0.2936999999999973,2,100,100
6671,671,6.162815710633428e-17,1.0,0.40042569538217276,0.3008,2,100,100
6672,672,0.4068665500571791,0.5931334499428209,0.34059520972039614,0.2817632390673161,2,100,100
6673,673,0.2506796227136246,0.7493203772863761,0.327025757016959,0.298699079056022,2,100,100
6674,674,0.17761678452854415,0.8223832154714558,0.3444531682023756,0.2940470224755184,2,100,100
6675,675,5.126723753899538e-17,1.0,0.33492120348310683,0.2974,2,100,100
6676,676,5.3541511806330474e-17,1.0,0.3384884598022516,0.2909,2,100,100
6677,677,5.563351808117699e-17,1.0,0.3769970562204972,0.298,2,100,100
6678,678,0.03834500906528029,0.9616549909347202,0.35307395158755694,0.29133252441537955,2,100,100
6679,679,5.921589464560692e-17,1.0,0.36757347876712193,0.3024,2,100,100
6680,680,5.816115138982806e-17,1.0,0.3550328412941886,0.3022,2,100,100
6681,681,0.06322924632555459,0.9367707536744457,0.3269776058198728,0.2947631011489036,2,100,100
6682,682,0.582760184440084,0.41723981555991585,0.32949188733018375,0.25305649899748983,2,100,100
6683,683,0.8634902479492392,0.13650975205076046,0.3081264294075343,0.25299169145316724,2,100,100
6684,684,5.717991660402193e-17,1.0,0.3618030200516676,0.3089,2,100,100
6685,685,5.3762195404867874e-17,1.0,0.34577840783961755,0.2989,2,100,100
6686,686,3.465538123979105e-15,0.9999999999999971,0.35572557400802585,0.29729999999999984,2,100,100
6687,687,0.03307143927228391,0.9669285607277157,0.33548221315035853,0.2912367384710705,2,100,100
6688,688,7.743347189560512e-17,1.0,0.3600064849006162,0.2995,2,100,100
6689,689,0.007905995473626897,0.9920940045263729,0.42664688835811687,0.29979712635577876,2,100,100
6690,690,0.06250354466521044,0.9374964553347895,0.38669579006805194,0.2883532421646277,2,100,100
6691,691,5.660809353040199e-17,1.0,0.3416222121184091,0.3087,2,100,100
6692,692,0.9693217250400536,0.030678274959946225,0.30500900081347504,0.20040726497061098,2,100,100
6693,693,5.3521011061193533e-17,1.0,0.36336134933184583,0.2953,2,100,100
6694,694,0.8867603954935539,0.11323960450644624,0.3110745492315977,0.2609635544402414,2,100,100
6695,695,0.9798154116572918,0.02018458834270842,0.29569375786225344,0.2117803367165999,2,100,100
6696,696,0.018288354899493073,0.9817116451005069,0.44084182496445856,0.2997190974752937,2,100,100
6697,697,5.390315453398447e-17,1.0,0.34063562965105304,0.3022,2,100,100
6698,698,0.03446250153671708,0.9655374984632832,0.38011561111999226,0.29486194541461774,2,100,100
6699,699,0.01886278206605634,0.9811372179339429,0.47092897300195696,0.30242147988075724,2,100,100
6700,700,4.767289518231785e-17,1.0,0.3397390354506032,0.2983,2,100,100
6701,701,4.879392381396688e-17,1.0,0.3300772942121879,0.2922,2,100,100
6702,702,0.006860840866828837,0.9931391591331713,0.426415421072037,0.3019460353517814,2,100,100
6703,703,5.3448777315466313e-17,1.0,0.3325076072370577,0.2969,2,100,100
6704,704,0.011917973158777044,0.9880820268412226,0.44933649743983317,0.3023481973852958,2,100,100
6705,705,5.009180967519039e-17,1.0,0.35729858323062724,0.3039,2,100,100
6706,706,0.02003179036358496,0.9799682096364153,0.35241073126493205,0.30331655576837996,2,100,100
6707,707,0.08657839487655032,0.9134216051234495,0.3799656601229074,0.28552333509026423,2,100,100
6708,708,0.8891467487193018,0.1108532512806982,0.3148716174575486,0.2546873884839211,2,100,100
6709,709,5.3806066047794124e-17,1.0,0.3774087140820283,0.3012,2,100,100
6710,710,0.11737948666802213,0.882620513331978,0.3555303896659898,0.2927283260058844,2,100,100
6711,711,5.978956512171364e-06,0.9999940210434879,0.36838929327227665,0.2917995420732083,2,100,100
6712,712,0.4366460547120052,0.5633539452879948,0.3228846169026979,0.2799549150607514,2,100,100
6713,713,0.011199379823430921,0.9888006201765692,0.37411770854443843,0.3053296160245403,2,100,100
6714,714,0.9211861024531913,0.07881389754680859,0.3052372006820725,0.26035678247953725,2,100,100
6715,715,2.0191239062984523e-16,1.0,0.394854526654928,0.29879999999999995,2,100,100
6716,716,3.48230709914448e-13,0.9999999999996517,0.3662205203455209,0.2857999999999721,2,100,100
6717,717,0.03112432164226375,0.9688756783577369,0.4193047304967838,0.29905738287602246,2,100,100
6718,718,0.582906663595793,0.4170933364042066,0.31606705939884894,0.269154156000444,2,100,100
6719,719,0.8701015399843257,0.12989846001567432,0.3097397883982967,0.25092624744196135,2,100,100
6720,720,0.04515367078690899,0.954846329213091,0.3581238828109225,0.29484261863020444,2,100,100
6721,721,5.3071589934210445e-17,1.0,0.3431490516124774,0.2975,2,100,100
6722,722,6.801476304324899e-17,1.0,0.37849626714921547,0.3026,2,100,100
6723,723,5.649325948377089e-17,1.0,0.35734080906769644,0.292,2,100,100
6724,724,0.0005556929208629832,0.9994443070791373,0.3942392590057377,0.2970459903886739,2,100,100
6725,725,5.607900936744305e-17,1.0,0.3985644369988302,0.2975,2,100,100
6726,726,0.2694100628772323,0.730589937122768,0.34599256816701845,0.28714619486993587,2,100,100
6727,727,5.5451454810552924e-17,1.0,0.38062503759522837,0.2994,2,100,100
6728,728,0.4398492875484142,0.5601507124515857,0.33316287639013703,0.2766372384032468,2,100,100
6729,729,1.311441966940799e-13,0.9999999999998685,0.3402456966906785,0.3055999999999955,2,100,100
6730,730,0.05201432256014419,0.947985677439855,0.362091658085753,0.2923736658643504,2,100,100
6731,731,0.9782572928159577,0.021742707184041376,0.304919723671379,0.21662696163721995,2,100,100
6732,732,0.9979564119597641,0.0020435880402360175,0.29937155612472577,0.1664895273698096,2,100,100
6733,733,0.31085107876938667,0.6891489212306132,0.33088490638914564,0.28244123135657045,2,100,100
6734,734,0.8392094363924752,0.16079056360752525,0.30235728214055557,0.2422960327495271,2,100,100
6735,735,0.9491477485442544,0.05085225145574548,0.29899038046068993,0.23625214627519942,2,100,100
6736,736,5.1751621899088867e-17,1.0,0.34688371428574033,0.3018,2,100,100
6737,737,0.00014413608763985772,0.9998558639123594,0.41398632890582593,0.3023839140645536,2,100,100
6738,738,0.8487793570589268,0.15122064294107335,0.30917265872067645,0.2564506323781269,2,100,100
6739,739,8.578965084574552e-15,0.999999999999992,0.37438655094199413,0.29629999999999934,2,100,100
6740,740,5.56136324067259e-17,1.0,0.3619802621909226,0.2993,2,100,100
6741,741,0.1720841624718166,0.827915837528184,0.3170597369307575,0.2945215318561116,2,100,100
6742,742,0.940364594169416,0.059635405830583806,0.3029051463323091,0.24245202654385836,2,100,100
6743,743,5.4095030017607266e-17,1.0,0.3471440152698578,0.3048,2,100,100
6744,744,4.9121428558613894e-17,1.0,0.3480470887912795,0.2933,2,100,100
6745,745,6.061201805164577e-17,1.0,0.3540725477027537,0.295,2,100,100
6746,746,8.492181526434677e-17,1.0,0.3841893972192708,0.301,2,100,100
6747,747,1.1550548718233952e-16,1.0,0.3493664242672916,0.2963,2,100,100
6748,748,0.815882834000844,0.1841171659991559,0.31132708174674767,0.25740988346229676,2,100,100
6749,749,5.3649948475552823e-17,1.0,0.33001597614551986,0.3039,2,100,100
6750,750,0.9287108206955546,0.07128917930444509,0.30063477821626816,0.24684290890758337,2,100,100
6751,751,0.7952718620743223,0.20472813792567837,0.30629942852425485,0.2618530294290892,2,100,100
6752,752,7.032763282350734e-16,0.9999999999999999,0.32928937931229263,0.2910999999999999,2,100,100
6753,753,5.63571643855704e-17,1.0,0.3601243109197972,0.2932,2,100,100
6754,754,2.0394432458054895e-09,0.9999999979605566,0.38683835839068575,0.303799999830648,2,100,100
6755,755,6.259397696066184e-16,0.9999999999999999,0.3478498604944806,0.29789999999999994,2,100,100
6756,756,6.275608426052547e-17,1.0,0.37699880116219453,0.2966,2,100,100
6757,757,0.009841969687371022,0.9901580303126292,0.378607385609421,0.2960878451845224,2,100,100
6758,758,0.7758758587829472,0.2241241412170528,0.3144852143696629,0.27082541798839616,2,100,100
6759,759,5.645344441999899e-17,1.0,0.338841510017332,0.2965,2,100,100
6760,760,0.9325975365164432,0.06740246348355729,0.29973051343474316,0.22806379407334126,2,100,100
6761,761,0.9924444614201223,0.007555538579877169,0.29649297990025975,0.17830419814509837,2,100,100
6762,762,0.40994428358860646,0.5900557164113934,0.3385454910613412,0.2789824869520184,2,100,100
6763,763,0.0033401802959914057,0.9966598197040085,0.420542971220024,0.29748897747474895,2,100,100
6764,764,1.072018804217617e-15,0.9999999999999997,0.3225098731397535,0.29209999999999997,2,100,100
6765,765,0.7802359655819643,0.21976403441803571,0.30221349385055213,0.25983397585883217,2,100,100
6766,766,0.9375405191604861,0.0624594808395139,0.3023696884402104,0.23721243151924354,2,100,100
6767,767,0.046283554141355994,0.9537164458586433,0.3429731818835675,0.3028426147220569,2,100,100
6768,768,0.8684587869016285,0.13154121309837194,0.31335083111541256,0.22705976804817482,2,100,100
6769,769,8.780920674120969e-16,0.9999999999999996,0.3446516860969411,0.2980999999999999,2,100,100
6770,770,0.0732323958640565,0.9267676041359426,0.36871641150673107,0.2897145008011954,2,100,100
6771,771,1.4226674774990163e-15,0.9999999999999991,0.3489693345916224,0.2980999999999999,2,100,100
6772,772,5.477018697778937e-16,1.0,0.3348850006879926,0.3041,2,100,100
6773,773,0.02924575797353303,0.9707542420264674,0.3894020757470149,0.29596743305344014,2,100,100
6774,774,0.026625892887696317,0.9733741071123038,0.4341835628298886,0.2996170463458249,2,100,100
6775,775,4.859941468074951e-17,1.0,0.361350153960512,0.2954,2,100,100
6776,776,5.424154115511101e-17,1.0,0.33850386804220817,0.3016,2,100,100
6777,777,4.6464726640783605e-17,1.0,0.3589264150702165,0.3085,2,100,100
6778,778,5.2855959320447955e-17,1.0,0.34926486048735395,0.2958,2,100,100
6779,779,5.1989590267685645e-17,1.0,0.3774573524382045,0.2989,2,100,100
6780,780,5.641333926158105e-17,1.0,0.3569694988111818,0.2993,2,100,100
6781,781,5.203587071274429e-17,1.0,0.37188042684646555,0.3026,2,100,100
6782,782,5.3450297750281055e-17,1.0,0.34768758039137915,0.3028,2,100,100
6783,783,0.8571175029673626,0.14288249703263806,0.31064167675179355,0.25226030097076946,2,100,100
6784,784,0.03625730542276529,0.9637426945772344,0.40835986010409586,0.3065070931192776,2,100,100
6785,785,0.04663760553231473,0.9533623944676851,0.38987854979270964,0.3012673875705217,2,100,100
6786,786,5.492184131488437e-17,1.0,0.3870562367248673,0.2983,2,100,100
6787,787,4.922724784022564e-17,1.0,0.3696595759698057,0.2998,2,100,100
6788,788,6.511272287395928e-17,1.0,0.393908865073428,0.2965,2,100,100
6789,789,0.009045328164972107,0.9909546718350284,0.4250853297635877,0.29825275776425864,2,100,100
6790,790,1.5366093080883746e-14,0.9999999999999851,0.35185122260891477,0.30119999999999925,2,100,100
6791,791,8.504925356107506e-16,0.9999999999999996,0.3506558255267493,0.2973,2,100,100
6792,792,0.9946159036871292,0.0053840963128705425,0.30018130506938673,0.21078746041690782,2,100,100
6793,793,3.5640416715265674e-14,0.9999999999999649,0.3600644207674318,0.29569999999999774,2,100,100
6794,794,5.279064245835187e-17,1.0,0.35995898299258894,0.305,2,100,100
6795,795,3.4795591315242542e-15,0.9999999999999968,0.3598936709749739,0.2907999999999998,2,100,100
6796,796,5.127165792065189e-17,1.0,0.3764595518164702,0.2963,2,100,100
6797,797,0.0164406573727054,0.9835593426272946,0.4132951977656348,0.3015630500417551,2,100,100
6798,798,5.095375026094417e-17,1.0,0.3426266222953391,0.2985,2,100,100
6799,799,5.179094018378685e-17,1.0,0.3598252743963039,0.308,2,100,100
6800,800,3.0429025535061078e-12,0.999999999996957,0.3739106464828685,0.3044999999997887,2,100,100
6801,801,0.010510179760450464,0.9894898202395492,0.42946122505241463,0.28952929021058466,2,100,100
6802,802,1.036650801719065e-16,1.0,0.3355094981181998,0.2932,2,100,100
6803,803,0.038107107435271195,0.9618928925647283,0.39452168475614746,0.29583950767606265,2,100,100
6804,804,2.8600756745982147e-15,0.9999999999999978,0.3496111822174948,0.30239999999999984,2,100,100
6805,805,5.912911494473577e-17,1.0,0.3432779094085502,0.3,2,100,100
6806,806,5.982844274615464e-17,1.0,0.3676025675557447,0.3082,2,100,100
6807,807,5.148369369020207e-17,1.0,0.3335443980976529,0.2941,2,100,100
6808,808,0.05547921380785025,0.9445207861921502,0.40713625452885766,0.2974126189626476,2,100,100
6809,809,9.938264275595648e-17,1.0,0.34566108244722044,0.3017,2,100,100
6810,810,0.6713159733315198,0.3286840266684803,0.31087993434751643,0.2732147807560913,2,100,100
6811,811,5.266319247480671e-17,1.0,0.33900532446433607,0.3001,2,100,100
6812,812,0.0001649950775507935,0.9998350049224493,0.3924711569121256,0.2988845586719656,2,100,100
6813,813,1.3521710984239715e-15,0.9999999999999996,0.34003324538999885,0.3001,2,100,100
6814,814,0.9430291924596063,0.05697080754039392,0.3015939165681213,0.23675515567286246,2,100,100
6815,815,5.1059549877818485e-17,1.0,0.3582309876040162,0.2996,2,100,100
6816,816,5.2922762183030087e-17,1.0,0.3603925749683477,0.295,2,100,100
6817,817,0.4612689420946743,0.5387310579053259,0.30826896740452736,0.29793177350636896,2,100,100
6818,818,5.2547724437528186e-17,1.0,0.32800836128316685,0.2955,2,100,100
6819,819,6.280321197794195e-17,1.0,0.3439399967559026,0.3033,2,100,100
6820,820,5.998004632799091e-17,1.0,0.38882985476136905,0.3015,2,100,100
6821,821,0.9105547871759794,0.08944521282402079,0.30320792306938404,0.24721920202696346,2,100,100
6822,822,0.0270366502506051,0.9729633497493946,0.3853900428832217,0.2979355227256656,2,100,100
6823,823,0.005676630152585239,0.9943233698474154,0.4292958801676654,0.30127326295089446,2,100,100
6824,824,0.18044510784102755,0.8195548921589727,0.35488412144923276,0.29316266516461725,2,100,100
6825,825,0.7225244056400711,0.27747559435992886,0.319617880344962,0.248195813872135,2,100,100
6826,826,2.011262343122744e-16,1.0,0.34641501705561983,0.3051,2,100,100
6827,827,0.2762911641011474,0.7237088358988528,0.34434879381427025,0.2910831821454665,2,100,100
6828,828,0.015350701777445049,0.984649298222554,0.4156409970146728,0.2935254405097056,2,100,100
6829,829,4.9727199405166394e-17,1.0,0.38226500972952476,0.3087,2,100,100
6830,830,4.752825733266999e-17,1.0,0.3719390868165973,0.299,2,100,100
6831,831,5.330060732014719e-17,1.0,0.3641715321754674,0.2957,2,100,100
6832,832,1.7583060711528807e-15,0.9999999999999987,0.36762793288350126,0.30179999999999985,2,100,100
6833,833,0.9599186591213492,0.04008134087865054,0.30601330239128854,0.22584376911601348,2,100,100
6834,834,4.058702556211832e-09,0.9999999959412977,0.34049728106394833,0.3035999998502449,2,100,100
6835,835,0.4046021127868954,0.5953978872131042,0.3248683683376173,0.28192503768977806,2,100,100
6836,836,0.018074692448444996,0.9819253075515556,0.4081048149899862,0.2901683343846058,2,100,100
6837,837,5.461273688459308e-17,1.0,0.34950686275650383,0.3,2,100,100
6838,838,0.6021735166452296,0.39782648335477044,0.310003709673739,0.26726218696174925,2,100,100
6839,839,0.0007761963246737595,0.9992238036753264,0.4446090180027392,0.2959846383027199,2,100,100
6840,840,0.01595452450422689,0.9840454754957729,0.34013138311655483,0.2967071876086936,2,100,100
6841,841,0.014965693179771209,0.9850343068202286,0.4374043267359113,0.30105950523476305,2,100,100
6842,842,5.789676218773629e-17,1.0,0.3581460242721616,0.2966,2,100,100
6843,843,5.3038057644219945e-17,1.0,0.34382708633830034,0.2993,2,100,100
6844,844,0.9419636997308791,0.05803630026912087,0.2991997173288077,0.24751280215851468,2,100,100
6845,845,0.030180806028080664,0.9698191939719194,0.3888668823536071,0.2959971155832302,2,100,100
6846,846,5.798187124788751e-17,1.0,0.3911764448985093,0.3069,2,100,100
6847,847,0.049966166212299754,0.9500338337877002,0.3101848153863271,0.29862226361642674,2,100,100
6848,848,0.9706436746129696,0.02935632538703092,0.31175604112677124,0.19062231339045965,2,100,100
6849,849,0.010465418956711006,0.9895345810432891,0.46941248828919563,0.30073471644900795,2,100,100
6850,850,5.333681364793013e-17,1.0,0.3892011004667548,0.3027,2,100,100
6851,851,4.410008484027312e-14,0.9999999999999563,0.35900432809143934,0.30409999999999765,2,100,100
6852,852,0.7011884576835016,0.2988115423164983,0.3097020251935692,0.27489070193299864,2,100,100
6853,853,0.48785126755507235,0.5121487324449279,0.32439814668197686,0.28437433058441175,2,100,100
6854,854,0.9894484476831275,0.010551552316872157,0.309136661886136,0.1350710996845409,2,100,100
6855,855,5.963195859842806e-17,1.0,0.4073402097694228,0.309,2,100,100
6856,856,5.379830804638038e-17,1.0,0.320898376264431,0.2927,2,100,100
6857,857,5.59639530806339e-17,1.0,0.39875520009795745,0.3044,2,100,100
6858,858,0.5055554008371888,0.4944445991628112,0.3311217951546436,0.2651451514419233,2,100,100
6859,859,5.2506006916965686e-17,1.0,0.3599059585956151,0.2914,2,100,100
6860,860,5.935918562730826e-17,1.0,0.36324194699986995,0.2983,2,100,100
6861,861,4.891472959805094e-17,1.0,0.33684593883743874,0.2991,2,100,100
6862,862,9.395382205556381e-17,1.0,0.34472219684698663,0.2962,2,100,100
6863,863,0.013613334547768068,0.986386665452232,0.419661235609298,0.2919615818923165,2,100,100
6864,864,0.0006452977308788898,0.9993547022691207,0.34385721219367466,0.2925669024795253,2,100,100
6865,865,0.014080610855431143,0.9859193891445688,0.4608195055162006,0.30510747955695705,2,100,100
6866,866,0.10458406188747445,0.8954159381125255,0.3762524291705734,0.2899769611088633,2,100,100
6867,867,0.15023760970415048,0.8497623902958494,0.3484730052615245,0.29131231444227856,2,100,100
6868,868,0.9952892380121346,0.00471076198786532,0.30567772286680533,0.20426676896254198,2,100,100
6869,869,0.014926083842707438,0.9850739161572923,0.3307427181518702,0.3024781202418141,2,100,100
6870,870,5.181497629544387e-16,0.9999999999999997,0.39428729853857064,0.29989999999999994,2,100,100
6871,871,0.03196483980067627,0.968035160199324,0.3866413284427798,0.300961250019077,2,100,100
6872,872,5.604259065239884e-06,0.999994395740934,0.3673209076089312,0.30309964008737933,2,100,100
6873,873,1.1312685834987792e-16,1.0,0.3933410114632603,0.3038,2,100,100
6874,874,0.3496275585603145,0.6503724414396852,0.33047438379189564,0.2874615160726383,2,100,100
6875,875,0.020053390518661264,0.9799466094813388,0.410544096256185,0.29855422334436404,2,100,100
6876,876,1.2640106879289118e-11,0.999999999987361,0.36750820975363024,0.2999999999991467,2,100,100
6877,877,7.480317565651531e-17,1.0,0.3597539368209702,0.2987,2,100,100
6878,878,5.682572198221814e-17,1.0,0.3352669178555985,0.3054,2,100,100
6879,879,0.5887490394154515,0.41125096058454846,0.3234666315572884,0.28415576518433383,2,100,100
6880,880,0.05953267117365977,0.9404673288263398,0.3736873980964242,0.2925709193436457,2,100,100
6881,881,0.5769392273269462,0.4230607726730535,0.31371034980360585,0.2735025335692427,2,100,100
6882,882,5.410030140999481e-17,1.0,0.34701711582702305,0.2945,2,100,100
6883,883,5.142802859008835e-17,1.0,0.3432172652606987,0.3031,2,100,100
6884,884,0.010533743691696457,0.9894662563083031,0.4139805639652082,0.3022227720645687,2,100,100
6885,885,0.009959669986558678,0.9900403300134414,0.45821374979422425,0.29699430755992934,2,100,100
6886,886,0.7802082929342495,0.21979170706575066,0.31528701162771045,0.26620867390642644,2,100,100
6887,887,0.35180128311421294,0.6481987168857871,0.3377563560178091,0.2912330364983065,2,100,100
6888,888,0.0005913872749076424,0.999408612725092,0.4342542425744544,0.30782523149166646,2,100,100
6889,889,0.8103341876484652,0.1896658123515349,0.3114616486570706,0.2584122955220846,2,100,100
6890,890,0.13760941574262933,0.8623905842573705,0.3544540067656132,0.2906151757642035,2,100,100
6891,891,0.13977333613563966,0.8602266638643602,0.31667648194063613,0.2976390786275735,2,100,100
6892,892,0.00015451406288243395,0.9998454859371178,0.34669453728136895,0.2980924903002566,2,100,100
6893,893,0.9264648862742335,0.07353511372576728,0.31162472009988057,0.21745582922545145,2,100,100
6894,894,0.006271425377451794,0.9937285746225476,0.4023325187099063,0.2884860201799854,2,100,100
6895,895,0.3726838636392611,0.6273161363607386,0.32853229644602167,0.28368681134623436,2,100,100
6896,896,0.013483321085690267,0.9865166789143096,0.4049978890613787,0.29592939446705185,2,100,100
6897,897,5.540377419675992e-17,1.0,0.35738031019303645,0.3073,2,100,100
6898,898,5.629796308289181e-17,1.0,0.38986134386637167,0.3062,2,100,100
6899,899,5.914579189765834e-17,1.0,0.374494545277625,0.3016,2,100,100
6900,900,0.8820229486240144,0.11797705137598494,0.3060198947891635,0.22447950471359188,2,100,100
6901,901,0.1052749076823568,0.8947250923176435,0.33706841200666493,0.28926779439362793,2,100,100
6902,902,0.9835564853480514,0.016443514651949057,0.303315125521661,0.17468535467091947,2,100,100
6903,903,5.0863369945158944e-17,1.0,0.34842617920329577,0.2987,2,100,100
6904,904,1.1416970129465703e-07,0.9999998858302989,0.4233893341116073,0.2995999858670071,2,100,100
6905,905,4.45252453084528e-17,1.0,0.35059777153543725,0.2948,2,100,100
6906,906,0.25711839443860646,0.7428816055613935,0.311510497373939,0.29413155397664964,2,100,100
6907,907,0.9967662761957056,0.003233723804294085,0.30552236293904367,0.20583452360791527,2,100,100
6908,908,0.001867404393245935,0.998132595606754,0.3681843480105829,0.3036795434445678,2,100,100
6909,909,0.6300944188811484,0.3699055811188515,0.32241991795618175,0.27154229156498955,2,100,100
6910,910,3.0158091701356874e-15,0.9999999999999978,0.336043181618883,0.29859999999999987,2,100,100
6911,911,4.90609089882122e-17,1.0,0.3768678043264148,0.302,2,100,100
6912,912,5.368494682899351e-17,1.0,0.3530360876080315,0.2906,2,100,100
6913,913,0.1281788127950514,0.8718211872049484,0.3565119179163006,0.2957059651655347,2,100,100
6914,914,0.14772589963764857,0.8522741003623514,0.34030161796620756,0.2833931445706337,2,100,100
6915,915,6.111937613203672e-17,1.0,0.35069584496025835,0.3029,2,100,100
6916,916,4.479877121638815e-17,1.0,0.38146805073660556,0.3077,2,100,100
6917,917,5.143249823855847e-17,1.0,0.333341537819727,0.2982,2,100,100
6918,918,5.448360727085944e-17,1.0,0.3335752052022258,0.2962,2,100,100
6919,919,5.0368729959742524e-17,1.0,0.3475806517876171,0.2995,2,100,100
6920,920,0.08444406035573078,0.9155559396442692,0.353504652312457,0.2972495945030253,2,100,100
6921,921,5.241069988441602e-14,0.999999999999948,0.391051674570313,0.3033999999999955,2,100,100
6922,922,8.74822988469242e-15,0.9999999999999918,0.32674263385352675,0.2917999999999997,2,100,100
6923,923,0.5908824013299546,0.4091175986700453,0.3212248562200627,0.26543440307343324,2,100,100
6924,924,0.9925764478953093,0.0074235521046903275,0.30452041078900166,0.19400582458661564,2,100,100
6925,925,5.0966583398965807e-17,1.0,0.3631139088146308,0.3003,2,100,100
6926,926,5.2247603742432875e-17,1.0,0.37557217570177015,0.2972,2,100,100
6927,927,0.5432707196169478,0.45672928038305216,0.31259183356346787,0.28896332094781746,2,100,100
6928,928,5.240944328142762e-17,1.0,0.3412584220591704,0.2958,2,100,100
6929,929,0.8627385614087539,0.1372614385912459,0.3163195137459604,0.2600800205191074,2,100,100
6930,930,0.889700107386693,0.11029989261330694,0.30364137261263574,0.25430884396084164,2,100,100
6931,931,0.9450294202738965,0.05497057972610371,0.3013417595184505,0.24600744189607246,2,100,100
6932,932,1.2551907264830098e-16,1.0,0.3431665117636132,0.2988,2,100,100
6933,933,0.15832797195632292,0.841672028043677,0.3281208998186062,0.28936364196553477,2,100,100
6934,934,5.51097087303351e-17,1.0,0.3571059108381684,0.2985,2,100,100
6935,935,5.333482577499937e-17,1.0,0.3667495475661811,0.2956,2,100,100
6936,936,0.043579190377555733,0.9564208096224444,0.37286247830765523,0.2996076122458084,2,100,100
6937,937,0.6649983937987781,0.3350016062012221,0.3174302414131938,0.26181784711916967,2,100,100
6938,938,0.9226445348916377,0.07735546510836261,0.30300576053499817,0.24217281837110305,2,100,100
6939,939,0.8644380197918978,0.13556198020810162,0.31192692304972924,0.25640307308696964,2,100,100
6940,940,6.186524425801717e-17,1.0,0.39966068970055296,0.3091,2,100,100
6941,941,0.8904005341050611,0.1095994658949389,0.31052747385644724,0.23545891590987889,2,100,100
6942,942,5.0906724354481866e-17,1.0,0.33060906097704007,0.2965,2,100,100
6943,943,0.035653647072134656,0.9643463529278655,0.3812578278471261,0.29989927071781347,2,100,100
6944,944,0.24487441432797802,0.7551255856720219,0.3392179428913115,0.2809257280246441,2,100,100
6945,945,0.027886185035676313,0.9721138149643238,0.41939898398571235,0.30120399259992586,2,100,100
6946,946,0.012799651094326646,0.9872003489056738,0.31668389782059964,0.29735256569358576,2,100,100
6947,947,5.864212221771017e-17,1.0,0.38051007845352874,0.3014,2,100,100
6948,948,5.687514420430294e-17,1.0,0.34105344198851906,0.294,2,100,100
6949,949,5.770924508022946e-17,1.0,0.3568235669728321,0.3065,2,100,100
6950,950,0.08555703137613607,0.9144429686238641,0.31831771899045325,0.2978487344471948,2,100,100
6951,951,5.485369101519176e-07,0.9999994514630896,0.37676784596749274,0.30409996013898255,2,100,100
6952,952,4.6816497246713765e-17,1.0,0.3501115915356181,0.2979,2,100,100
6953,953,0.9745820006771005,0.025417999322899405,0.3121610767063016,0.21533690596661517,2,100,100
6954,954,5.4300619504047686e-17,1.0,0.344203950645192,0.3038,2,100,100
6955,955,5.35582689552272e-17,1.0,0.3582406645618788,0.3014,2,100,100
6956,956,0.41226246851390025,0.5877375314861002,0.2956764331875576,0.29520609877338694,2,100,100
6957,957,1.0778684842666288e-14,0.99999999999999,0.3809791174436912,0.29379999999999906,2,100,100
6958,958,0.8119078710057316,0.18809212899426836,0.31174768490961147,0.25673376718248087,2,100,100
6959,959,0.7593421310814544,0.24065786891854557,0.313121918533047,0.2669072712288634,2,100,100
6960,960,0.20826861713145345,0.7917313828685469,0.3372774949567807,0.2936042293707913,2,100,100
6961,961,5.306423488339791e-17,1.0,0.3185219846348261,0.2899,2,100,100
6962,962,4.7682934922166676e-17,1.0,0.340079835882847,0.2954,2,100,100
6963,963,0.04459786808648397,0.9554021319135165,0.38260018748281255,0.28839881983194005,2,100,100
6964,964,0.01973523995303375,0.9802647600469659,0.40305375029173524,0.2902742698925434,2,100,100
6965,965,4.8254136177575626e-17,1.0,0.33827447014501993,0.3042,2,100,100
6966,966,0.04758868923691132,0.9524113107630889,0.40830813010532396,0.30792279340796674,2,100,100
6967,967,0.07861108509520622,0.9213889149047937,0.3721556361769266,0.29134759195965915,2,100,100
6968,968,1.6921447513897477e-15,0.999999999999999,0.38603858421159526,0.2999999999999998,2,100,100
6969,969,0.1534993825383471,0.8465006174616525,0.3479235656192371,0.28067781949098247,2,100,100
6970,970,0.9112445731180121,0.0887554268819884,0.3073734717717598,0.22993063798426755,2,100,100
6971,971,0.883226929290324,0.11677307070967621,0.30288731107531336,0.280730566719879,2,100,100
6972,972,4.928310384270474e-17,1.0,0.3624186009868378,0.3047,2,100,100
6973,973,0.9947611827654353,0.00523881723456541,0.3038984247767847,0.189669439494345,2,100,100
6974,974,8.717249078273831e-17,1.0,0.3959870237880325,0.2987,2,100,100
6975,975,0.9883668587866248,0.01163314121337582,0.30325241437085193,0.21278550164723545,2,100,100
6976,976,5.72496051568595e-17,1.0,0.381627421082661,0.2968,2,100,100
6977,977,1.6390954305190493e-16,0.9999999999999999,0.4055907008902942,0.29519999999999996,2,100,100
6978,978,0.08801218742745982,0.9119878125725408,0.34832219676151227,0.2917181544159286,2,100,100
6979,979,8.329802930105132e-17,1.0,0.33060994043487546,0.2987,2,100,100
6980,980,0.8745876133772454,0.1254123866227552,0.3022595429834984,0.253145231794871,2,100,100
6981,981,2.0900746507782966e-12,0.9999999999979106,0.37170276793149537,0.30229999999985496,2,100,100
6982,982,0.7252952372767095,0.2747047627232908,0.32408757747437555,0.25423958035863864,2,100,100
6983,983,0.9657143675177983,0.034285632482201726,0.3049550360750142,0.22168295187192433,2,100,100
6984,984,0.0005762982168828422,0.9994237017831167,0.4167510741785276,0.3006330814078183,2,100,100
6985,985,0.7179813104894476,0.2820186895105524,0.3032121204535437,0.2538816293513818,2,100,100
6986,986,5.134290583538682e-17,1.0,0.3444384753414603,0.299,2,100,100
6987,987,0.47557110345664283,0.5244288965433571,0.3065942357833258,0.2984058315751861,2,100,100
6988,988,0.3139401503386658,0.6860598496613339,0.33255732713303815,0.2910779618166072,2,100,100
6989,989,0.7568613821952291,0.24313861780477086,0.3145353083469132,0.2683258314306028,2,100,100
6990,990,0.7864247151623964,0.21357528483760324,0.31663369147668097,0.26684473071389175,2,100,100
6991,991,0.022301547819318906,0.9776984521806814,0.40133920888250524,0.30546178504755167,2,100,100
6992,992,1.096026877829594e-15,0.9999999999999991,0.4252474618504715,0.31189999999999984,2,100,100
6993,993,0.268222460774676,0.7317775392253238,0.3373727688605346,0.2912210806079993,2,100,100
6994,994,4.970325340775839e-17,1.0,0.36572568078253814,0.3082,2,100,100
6995,995,0.007566617727440159,0.99243338227256,0.394978251940498,0.28909885104823785,2,100,100
6996,996,0.6959839964644992,0.3040160035355007,0.30531722967468916,0.28848512341982335,2,100,100
6997,997,1.8124767137195931e-16,1.0,0.3506770123504098,0.3034,2,100,100
6998,998,2.9327119948433717e-16,1.0,0.358100865225469,0.3075,2,100,100
6999,999,1.0606057125232651e-13,0.9999999999998938,0.3474627677373158,0.30569999999999564,2,100,100
7000,0,5.268538490759885e-15,0.999999999999996,0.3765426845932681,0.2977599999999996,2,500,100
7001,1,0.8991816628807678,0.10081833711923142,0.30363827092351264,0.2879836691059276,2,500,100
7002,2,5.882501724079067e-15,0.9999999999999968,0.35492158518047595,0.2975399999999997,2,500,100
7003,3,9.11727905267836e-16,0.9999999999999997,0.39402357095443385,0.30226,2,500,100
7004,4,0.026200827787905154,0.973799172212095,0.3323011303112896,0.3022321683047044,2,500,100
7005,5,2.585461075409775e-14,0.9999999999999761,0.3866039961938748,0.3007599999999978,2,500,100
7006,6,1.1111533213903518e-17,1.0,0.3767969036759503,0.297,2,500,100
7007,7,0.07872926122028294,0.9212707387797162,0.3500210348620431,0.2970713070473328,2,500,100
7008,8,9.890586869132465e-18,1.0,0.3660631380739315,0.30086,2,500,100
7009,9,5.359049795028942e-13,0.999999999999465,0.3759938732957192,0.297679999999958,2,500,100
7010,10,0.0020021927202215984,0.9979978072797789,0.4257165046036195,0.29960750548000026,2,500,100
7011,11,4.388794525456619e-14,0.999999999999958,0.3906109001600772,0.300139999999996,2,500,100
7012,12,9.591064045557446e-18,1.0,0.35937655124173906,0.30076,2,500,100
7013,13,1.0197521712689593e-15,0.9999999999999997,0.3792570232579328,0.2983399999999999,2,500,100
7014,14,0.001969470881397679,0.9980305291185989,0.3914812588697026,0.29873734355936954,2,500,100
7015,15,0.29978456546728166,0.700215434532721,0.3072143979895469,0.2939978969912181,2,500,100
7016,16,1.393931696210467e-17,1.0,0.3672437314263984,0.30066,2,500,100
7017,17,7.037937283663076e-15,0.9999999999999959,0.3682175578172929,0.3005799999999995,2,500,100
7018,18,0.016381183718250578,0.9836188162817467,0.3864723492297476,0.29866155525139515,2,500,100
7019,19,2.1249770057627583e-08,0.9999999787502346,0.439955491879329,0.29719999696647853,2,500,100
7020,20,1.1534836931734911e-17,1.0,0.41061328034625283,0.30162,2,500,100
7021,21,4.415589012424283e-16,0.9999999999999999,0.3835100189445673,0.3020999999999999,2,500,100
7022,22,0.009292923298800215,0.9907070767011991,0.4054518554197557,0.3003836088434268,2,500,100
7023,23,7.26337190531884e-15,0.9999999999999943,0.3779605578950793,0.3020199999999994,2,500,100
7024,24,8.431326996396032e-17,1.0,0.3802392107776216,0.30076,2,500,100
7025,25,1.0867959878847752e-17,1.0,0.41040247824812165,0.30246,2,500,100
7026,26,9.74438380437277e-18,1.0,0.38714636575151684,0.30096,2,500,100
7027,27,0.9965894043608036,0.0034105956391997433,0.302366864801679,0.2123929030244308,2,500,100
7028,28,0.03709525659412343,0.9629047434058756,0.3616978447300999,0.2988693612851915,2,500,100
7029,29,0.3601441115016005,0.6398558884983995,0.30376897357263666,0.295940689637653,2,500,100
7030,30,9.587077902963354e-17,1.0,0.36273021463088245,0.30094,2,500,100
7031,31,9.047873840830057e-18,1.0,0.3803444191647417,0.3036,2,500,100
7032,32,0.962850950451522,0.03714904954848106,0.29965624757486325,0.2319224130502576,2,500,100
7033,33,0.021041001382602578,0.9789589986174005,0.37904345932423983,0.2966871405835103,2,500,100
7034,34,9.826779039296355e-15,0.9999999999999921,0.3798578542392887,0.3002399999999993,2,500,100
7035,35,2.8821829610894114e-17,1.0,0.3571478878210925,0.29908,2,500,100
7036,36,0.0015089379558104448,0.9984910620441889,0.44708521222451203,0.29745421611059797,2,500,100
7037,37,0.9959600695282236,0.004039930471777655,0.3016244386534984,0.18171181716591814,2,500,100
7038,38,0.6828153659177031,0.317184634082297,0.31081472964953233,0.2750792985107356,2,500,100
7039,39,1.0306710026372715e-17,1.0,0.39135045021873105,0.29916,2,500,100
7040,40,1.1663110597450401e-17,1.0,0.3810777421163462,0.29842,2,500,100
7041,41,0.03081647467954395,0.9691835253204569,0.3713033711623767,0.2956692221624344,2,500,100
7042,42,2.693289469744116e-16,1.0,0.37350728266225364,0.29966000000000004,2,500,100
7043,43,0.004056967395600996,0.9959430326043989,0.41690658838901185,0.2991623153231531,2,500,100
7044,44,0.005392893699252256,0.9946071063007441,0.41604774438778935,0.29804361628104736,2,500,100
7045,45,9.712657404712477e-18,1.0,0.35685668784586244,0.30098,2,500,100
7046,46,0.6262606203659324,0.37373937963406917,0.3110354813977524,0.28980282080543773,2,500,100
7047,47,6.598605792204232e-11,0.9999999999340128,0.41740903857676287,0.29877999999217214,2,500,100
7048,48,1.0689426078621366e-15,0.9999999999999992,0.43396166609768183,0.3005599999999998,2,500,100
7049,49,1.9481674198034064e-17,1.0,0.37365328089936817,0.30066,2,500,100
7050,50,1.0190035315886708e-17,1.0,0.35807070658846074,0.29752,2,500,100
7051,51,0.1895376547640949,0.8104623452359037,0.33619706895270524,0.29481689978155956,2,500,100
7052,52,1.0648054853476481e-17,1.0,0.37103209059323333,0.29704,2,500,100
7053,53,0.009987373497999047,0.990012626502003,0.39329288085306346,0.2999881306101868,2,500,100
7054,54,0.8126475305446108,0.18735246945538825,0.310561616515411,0.265290707943637,2,500,100
7055,55,1.0892946147504572e-17,1.0,0.3926632299212806,0.30198,2,500,100
7056,56,0.9652700662272029,0.03472993377279404,0.30354234620043813,0.23667362667937228,2,500,100
7057,57,1.1738798583587705e-16,1.0,0.3732973857419955,0.30236,2,500,100
7058,58,0.035885784702392086,0.9641142152976124,0.31916955323944635,0.29862265856127646,2,500,100
7059,59,0.00024876860890408987,0.9997512313910951,0.40285746738892814,0.3006545751286665,2,500,100
7060,60,0.007975072827819072,0.9920249271721795,0.32683087524006355,0.2981512781243295,2,500,100
7061,61,9.673557126621522e-17,1.0,0.391570424886018,0.30048,2,500,100
7062,62,1.0267041449738302e-17,1.0,0.38993852080419267,0.30202,2,500,100
7063,63,1.0298771170648046e-17,1.0,0.40061710415672264,0.30236,2,500,100
7064,64,0.710206299287236,0.2897937007127636,0.3080472789104145,0.2811754770345931,2,500,100
7065,65,0.08769754635138301,0.9123024536486157,0.34447722970787914,0.29230458727167713,2,500,100
7066,66,0.9928739233745503,0.00712607662545149,0.3036216345224014,0.2584867672866756,2,500,100
7067,67,7.133055937617198e-07,0.9999992866944067,0.4432461639930897,0.3016798990199913,2,500,100
7068,68,1.3555729442880497e-17,1.0,0.42458197726277486,0.3,2,500,100
7069,69,0.04812803525187076,0.9518719647481289,0.3022249711325627,0.2955381777734928,2,500,100
7070,70,0.0017485379734995172,0.9982514620265,0.45005403021036966,0.2994967448693943,2,500,100
7071,71,0.022447838924065322,0.9775521610759321,0.33255486065684897,0.2968177797645125,2,500,100
7072,72,1.0802557122739952e-17,1.0,0.40429154190869093,0.30134,2,500,100
7073,73,8.803614704371798e-18,1.0,0.38482689449132934,0.29724,2,500,100
7074,74,0.4065994183192617,0.5934005816807397,0.30543185195075523,0.28862726452936927,2,500,100
7075,75,1.2304989831486956e-17,1.0,0.4368179860064485,0.2989,2,500,100
7076,76,0.05104612217455044,0.9489538778254497,0.36163755892983,0.2962839517851448,2,500,100
7077,77,8.587377069648029e-09,0.9999999914126277,0.3747333957989371,0.3007799993649344,2,500,100
7078,78,1.0188393127877735e-17,1.0,0.3893228630325842,0.30312,2,500,100
7079,79,4.3278260219421855e-17,1.0,0.38846658522000427,0.3016,2,500,100
7080,80,0.6794726554026047,0.3205273445973937,0.31474283999489044,0.2694336324040929,2,500,100
7081,81,2.1172618630074867e-17,1.0,0.3812018586797627,0.29946,2,500,100
7082,82,0.002973597002093348,0.9970264029979063,0.4458739254086933,0.29908350444428417,2,500,100
7083,83,1.937309339954342e-15,0.9999999999999988,0.40582233833540515,0.3011799999999998,2,500,100
7084,84,0.010264796692905915,0.9897352033070927,0.31945248216565686,0.30187961812329306,2,500,100
7085,85,0.004447189101351882,0.9955528108986459,0.43993413612676474,0.29694409625307183,2,500,100
7086,86,0.005495478458333133,0.9945045215416692,0.3997748323155577,0.2985235759014974,2,500,100
7087,87,9.461872897526153e-18,1.0,0.391286735316054,0.30068,2,500,100
7088,88,0.08698725341826968,0.9130127465817296,0.3191432656166485,0.3000599990556062,2,500,100
7089,89,1.0725111971079404e-17,1.0,0.3795271780074418,0.29674,2,500,100
7090,90,1.0989636668795491e-17,1.0,0.39574449258833494,0.29984,2,500,100
7091,91,9.59755086041284e-18,1.0,0.39135177710876196,0.30204,2,500,100
7092,92,0.001159457537312296,0.9988405424626882,0.45227120310537056,0.2982013625621096,2,500,100
7093,93,1.767033891894491e-16,1.0,0.39037587914071464,0.30084,2,500,100
7094,94,1.116708040122842e-17,1.0,0.399038285467662,0.30276,2,500,100
7095,95,9.719412955549897e-18,1.0,0.3805215718143038,0.3025,2,500,100
7096,96,0.0008111167738248063,0.9991888832261728,0.4116739194993961,0.2984881931588076,2,500,100
7097,97,1.051796232763724e-17,1.0,0.39213520897325693,0.29918,2,500,100
7098,98,0.005616070614158727,0.9943839293858402,0.40059131184992597,0.3025896155532908,2,500,100
7099,99,0.3150233219810321,0.6849766780189684,0.32033411181285976,0.28577218792177483,2,500,100
7100,100,0.9927672593630776,0.007232740636924276,0.2991863830637676,0.18216531093424818,2,500,100
7101,101,1.0721882826952493e-17,1.0,0.3750370529485848,0.29902,2,500,100
7102,102,1.0683085546311628e-17,1.0,0.38290491116968717,0.29798,2,500,100
7103,103,1.5557144339855026e-17,1.0,0.4024858379993306,0.3009,2,500,100
7104,104,0.09338470128808687,0.90661529871191,0.35832498148323255,0.2960880199369194,2,500,100
7105,105,1.1661591376489703e-14,0.99999999999999,0.3919284294203039,0.2992999999999989,2,500,100
7106,106,0.0135252182581646,0.9864747817418363,0.3189431121980555,0.30188934406386086,2,500,100
7107,107,0.9907057739656607,0.009294226034339215,0.29897500092223084,0.20698230362050482,2,500,100
7108,108,0.020347290233169103,0.979652709766833,0.3365891656749726,0.29756598399656786,2,500,100
7109,109,1.1518345683933104e-17,1.0,0.3881044777743439,0.29782,2,500,100
7110,110,0.9940650386969518,0.00593496130304993,0.30154835322775925,0.17208613965538372,2,500,100
7111,111,0.2755213295161697,0.7244786704838299,0.32277091811093866,0.29053957844245104,2,500,100
7112,112,0.005057965689746106,0.9949420343102557,0.41812637728072394,0.2983139930714629,2,500,100
7113,113,1.0083281706150627e-17,1.0,0.4090741790569023,0.29884,2,500,100
7114,114,9.463717580054977e-18,1.0,0.36935025608558575,0.30162,2,500,100
7115,115,1.0544447710792125e-17,1.0,0.3599583426925818,0.30034,2,500,100
7116,116,0.00010054223123389286,0.9998994577687675,0.36678727136327605,0.2976730511020849,2,500,100
7117,117,0.9855307635019219,0.014469236498081326,0.30223033886525563,0.22134570715639812,2,500,100
7118,118,7.179479059035979e-06,0.9999928205209386,0.34031701194609965,0.2973796917324086,2,500,100
7119,119,0.001536802198197374,0.9984631978017999,0.4014323709980221,0.3021674494503616,2,500,100
7120,120,0.6870113291176856,0.3129886708823147,0.31281967873044203,0.2758864609949397,2,500,100
7121,121,0.9892317747827983,0.010768225217201579,0.29913316612126284,0.20318735328551135,2,500,100
7122,122,9.735191603835233e-18,1.0,0.3944040314686152,0.30192,2,500,100
7123,123,1.0248166869037502e-17,1.0,0.36131787303628904,0.29932,2,500,100
7124,124,1.6790424991198e-05,0.9999832095750111,0.3918611367845939,0.29633839613258817,2,500,100
7125,125,1.1637151723077365e-14,0.9999999999999907,0.3611826105427677,0.29667999999999917,2,500,100
7126,126,0.002106159868673793,0.9978938401313265,0.47739326678513977,0.2950960529239946,2,500,100
7127,127,0.004560729329328813,0.9954392706706691,0.4504961552469665,0.29868764246330576,2,500,100
7128,128,4.377135932333349e-16,1.0,0.37247911331850153,0.29851999999999995,2,500,100
7129,129,8.595455914350767e-17,1.0,0.4155948552549387,0.2988,2,500,100
7130,130,1.0154094346986307e-17,1.0,0.37615386141309065,0.30094,2,500,100
7131,131,5.052431991426446e-16,0.9999999999999997,0.41515720103814446,0.29996,2,500,100
7132,132,0.9485572100659315,0.05144278993407238,0.3038401025191995,0.23191355024741497,2,500,100
7133,133,0.03497965333703564,0.9650203466629673,0.3665792021899911,0.2985192877880725,2,500,100
7134,134,0.006286817250176315,0.9937131827498257,0.4025596206598963,0.29995494314344073,2,500,100
7135,135,1.073028858236842e-17,1.0,0.3821360558599684,0.2995,2,500,100
7136,136,7.045960685123142e-17,1.0,0.3919518338438246,0.30034,2,500,100
7137,137,6.945778494988261e-15,0.9999999999999951,0.3732219642903722,0.3001799999999995,2,500,100
7138,138,9.68063757869389e-18,1.0,0.39389783460529626,0.29856,2,500,100
7139,139,1.8009545346365454e-17,1.0,0.3900583901397997,0.29956,2,500,100
7140,140,1.3157072815515559e-14,0.9999999999999886,0.4132614520207799,0.30177999999999855,2,500,100
7141,141,0.9309271229040135,0.06907287709598864,0.30744056713874024,0.24460016840005389,2,500,100
7142,142,3.709168309792058e-13,0.9999999999996271,0.3681846411511491,0.2996399999999746,2,500,100
7143,143,0.9791730525061109,0.02082694749388672,0.3001669668280752,0.21244567072304188,2,500,100
7144,144,9.702221015303485e-18,1.0,0.38827348393349803,0.2976,2,500,100
7145,145,7.917308276934274e-17,1.0,0.40919238129051333,0.2971,2,500,100
7146,146,1.1361251566700568e-17,1.0,0.41674653783575155,0.30072,2,500,100
7147,147,1.785123942302758e-14,0.9999999999999833,0.42440680387807866,0.2995599999999978,2,500,100
7148,148,0.0009498009234341609,0.9990501990765654,0.41965545849137736,0.29672323886427837,2,500,100
7149,149,1.1230870404693926e-17,1.0,0.3844107689053239,0.30012,2,500,100
7150,150,1.0667531343530317e-17,1.0,0.3922073453685325,0.29996,2,500,100
7151,151,0.2149190404897993,0.7850809595102027,0.3043496286604933,0.3003123015261417,2,500,100
7152,152,0.012967633685102007,0.9870323663148983,0.3983427290067726,0.3015244966284792,2,500,100
7153,153,1.095533361061996e-17,1.0,0.39336356883064927,0.29958,2,500,100
7154,154,0.42124418118641,0.5787558188135894,0.31198812326117087,0.2901686912128544,2,500,100
7155,155,0.00876418848436726,0.9912358115156338,0.40588433228912363,0.300355122111396,2,500,100
7156,156,0.01552039532893672,0.9844796046710633,0.32188754968289546,0.296587330597892,2,500,100
7157,157,0.17941724338572773,0.8205827566142719,0.30844360411722727,0.2973739051209843,2,500,100
7158,158,0.13932650052229872,0.8606734994777022,0.3220783604537091,0.2981455212688043,2,500,100
7159,159,1.0198972977975859e-17,1.0,0.36418979036000276,0.29678,2,500,100
7160,160,0.00013391465606386207,0.9998660853439341,0.3722820018159398,0.3013104958751916,2,500,100
7161,161,2.0926577408256388e-15,0.9999999999999993,0.3525334708889938,0.2988999999999999,2,500,100
7162,162,0.01181871347628221,0.9881812865237157,0.39182951805424016,0.29950888893650746,2,500,100
7163,163,0.021864986953324957,0.9781350130466787,0.3814674821933541,0.2978926371024615,2,500,100
7164,164,0.7731391725068044,0.2268608274931968,0.30881152212540325,0.2597438966194659,2,500,100
7165,165,0.00024871042801512104,0.9997512895719846,0.3781285336634057,0.30020061851486907,2,500,100
7166,166,1.1107149863301123e-17,1.0,0.3749317044138009,0.29844,2,500,100
7167,167,1.0651908869371338e-17,1.0,0.3673616478391136,0.29928,2,500,100
7168,168,1.0784842496075072e-17,1.0,0.3750278955240623,0.29868,2,500,100
7169,169,0.24130337933084406,0.7586966206691543,0.3125042425848967,0.29481042107682565,2,500,100
7170,170,1.0761964718268343e-17,1.0,0.3715811305944733,0.29658,2,500,100
7171,171,0.03337966009884534,0.9666203399011546,0.3653761552900962,0.30159086881826275,2,500,100
7172,172,0.1040146762448703,0.8959853237551265,0.30481568892739463,0.2985703980961311,2,500,100
7173,173,4.2778622708784965e-16,0.9999999999999998,0.4103324272646604,0.30047999999999997,2,500,100
7174,174,0.03142326240067216,0.9685767375993259,0.3613709595955684,0.2966461348481236,2,500,100
7175,175,0.008373454132551852,0.9916265458674466,0.4034985338084166,0.29910587284161944,2,500,100
7176,176,0.935977926330729,0.06402207366927157,0.3029987660518602,0.2386652351959684,2,500,100
7177,177,0.004810400594847298,0.9951895994051524,0.40384445056702456,0.30030191894429004,2,500,100
7178,178,0.003468317742507721,0.996531682257489,0.3849497486608715,0.2995839241964061,2,500,100
7179,179,0.8944843906650699,0.10551560933493263,0.3016720658265452,0.2784331740455035,2,500,100
7180,180,1.0072478784562707e-17,1.0,0.36117751289861477,0.2988,2,500,100
7181,181,0.9523342449336478,0.04766575506635132,0.30202027090740646,0.23613920171978675,2,500,100
7182,182,1.0472839753219177e-17,1.0,0.3640694096146759,0.29978,2,500,100
7183,183,1.1172109182781524e-17,1.0,0.38524701102107256,0.29762,2,500,100
7184,184,0.0019562857101047184,0.9980437142898984,0.474335150839249,0.30270424090348036,2,500,100
7185,185,0.9797070569532736,0.020292943046723053,0.2992303041131223,0.2218485212190999,2,500,100
7186,186,9.436171262538318e-18,1.0,0.3695667628430966,0.30516,2,500,100
7187,187,0.018522630354783385,0.9814773696452219,0.3275877573263313,0.2996831329576295,2,500,100
7188,188,0.002215674433351352,0.9977843255666472,0.3752057054791683,0.30247886099004717,2,500,100
7189,189,7.44130047047592e-15,0.9999999999999934,0.40680671732619145,0.2999999999999992,2,500,100
7190,190,1.0473188121259508e-17,1.0,0.371556133813678,0.29708,2,500,100
7191,191,0.00017236827496749875,0.9998276317250335,0.42963875233773274,0.2998176229558741,2,500,100
7192,192,1.857850791647622e-17,1.0,0.450711629859403,0.304,2,500,100
7193,193,1.0152223882785202e-17,1.0,0.3537230136042516,0.29956,2,500,100
7194,194,2.0559820454353585e-15,0.9999999999999984,0.4153809000963094,0.2971799999999997,2,500,100
7195,195,0.028974316126558767,0.9710256838734422,0.363707332009354,0.2964513025407598,2,500,100
7196,196,2.5537639631354295e-08,0.9999999744623626,0.35456990487436757,0.3027399986763865,2,500,100
7197,197,0.0003457428519576711,0.9996542571480402,0.4227718285049427,0.2990372196434464,2,500,100
7198,198,0.00021364989337295705,0.9997863501066269,0.3379552834709591,0.29749135488597234,2,500,100
7199,199,0.0028732512220657363,0.9971267487779355,0.4479358183391168,0.2997341794599783,2,500,100
7200,200,0.9874673501342608,0.012532649865739653,0.30075293274495535,0.1991836111256602,2,500,100
7201,201,1.0334117741903937e-17,1.0,0.3794643410523447,0.30066,2,500,100
7202,202,1.8690637854387e-17,1.0,0.4055119606839156,0.30164,2,500,100
7203,203,0.14089090661286657,0.8591090933871315,0.34446377571447756,0.2934763329651798,2,500,100
7204,204,0.0943929310884296,0.9056070689115707,0.35199802897769195,0.29363051972092247,2,500,100
7205,205,0.36234492237701965,0.6376550776229809,0.3226473741861886,0.2865034227068034,2,500,100
7206,206,8.426467726412625e-11,0.9999999999157361,0.4096707346929611,0.30157999999089175,2,500,100
7207,207,0.11467054840860585,0.8853294515913919,0.3454957223007761,0.29146417255984003,2,500,100
7208,208,0.6201885109363029,0.3798114890636955,0.2988903443369132,0.2975466663503118,2,500,100
7209,209,1.4112434743452454e-16,1.0,0.41027005023727087,0.2988799999999999,2,500,100
7210,210,0.07197665089376466,0.9280233491062384,0.35575296458331745,0.29416726780277785,2,500,100
7211,211,8.744716272478754e-18,1.0,0.3775751722145734,0.30146,2,500,100
7212,212,8.760855145880007e-05,0.9999123914485438,0.4351585840297078,0.298528029995076,2,500,100
7213,213,1.0805204342359138e-17,1.0,0.3971925008886417,0.29866,2,500,100
7214,214,0.7833496133965948,0.21665038660340655,0.31102746442685936,0.2673281912555165,2,500,100
7215,215,9.96240950394435e-18,1.0,0.39474311752260205,0.2992,2,500,100
7216,216,0.8488996443135886,0.15110035568641242,0.30785554564788487,0.26314654667037757,2,500,100
7217,217,0.11808353344161429,0.8819164665583851,0.3422025417897162,0.29382773146759616,2,500,100
7218,218,0.0001764708621881215,0.9998235291378103,0.38040454507297927,0.30314636618256013,2,500,100
7219,219,1.2914915732143243e-17,1.0,0.3456852536617472,0.29956,2,500,100
7220,220,0.0022128079045174993,0.9977871920954785,0.38693318516827047,0.3001680053242042,2,500,100
7221,221,3.477575929613056e-17,1.0,0.3954239099606982,0.30254,2,500,100
7222,222,0.24272045055494684,0.7572795494450534,0.3117877714892698,0.29582567202662374,2,500,100
7223,223,2.5930215510503805e-17,1.0,0.4052011412894628,0.30118,2,500,100
7224,224,4.2239479518197874e-16,0.9999999999999998,0.404613115557425,0.29877999999999993,2,500,100
7225,225,1.0503764152884026e-17,1.0,0.35386363727488923,0.2971,2,500,100
7226,226,1.0770414200314316e-17,1.0,0.4088897509532352,0.30096,2,500,100
7227,227,0.11319015948606506,0.8868098405139326,0.307603735144031,0.29774397181645706,2,500,100
7228,228,0.9552658757625307,0.044734124237471716,0.3025712952714419,0.22229040606977918,2,500,100
7229,229,0.003992547496466343,0.9960074525035336,0.44864627367560656,0.29938406353659247,2,500,100
7230,230,0.7370241816145496,0.26297581838545414,0.3089356315673586,0.27039356473556175,2,500,100
7231,231,1.0773812691732182e-17,1.0,0.39377079387120195,0.30418,2,500,100
7232,232,1.233467228443489e-14,0.9999999999999893,0.38869275428885247,0.2993199999999989,2,500,100
7233,233,0.0012973334123469093,0.9987026665876554,0.41203040377727196,0.30023496404068173,2,500,100
7234,234,1.126781301283101e-17,1.0,0.39658726784323806,0.30198,2,500,100
7235,235,2.0026299971181233e-10,0.9999999997997359,0.36951382663909926,0.300139999986107,2,500,100
7236,236,0.013889370594879448,0.9861106294051226,0.3727863705872263,0.29595283048743753,2,500,100
7237,237,0.8980989842171606,0.10190101578284086,0.2997091840411676,0.26487946213995306,2,500,100
7238,238,0.006256000231078843,0.9937439997689184,0.34478774875652696,0.3001406879774491,2,500,100
7239,239,9.767700407659843e-18,1.0,0.36606575435381894,0.29872,2,500,100
7240,240,7.271138237039947e-16,0.9999999999999998,0.3770130451147854,0.30077999999999994,2,500,100
7241,241,0.010013252498718948,0.9899867475012797,0.4271085135707709,0.2964314980477894,2,500,100
7242,242,4.797641715108162e-16,0.9999999999999999,0.37026352883980995,0.2987599999999999,2,500,100
7243,243,9.860170281481487e-18,1.0,0.3590778027636462,0.30154,2,500,100
7244,244,0.3829845695687934,0.6170154304312067,0.3197710781119024,0.2864638428332967,2,500,100
7245,245,0.9193065517225768,0.08069344827742138,0.3030546458666123,0.2976682622643409,2,500,100
7246,246,1.4153029428011135e-17,1.0,0.41153575040115936,0.29902,2,500,100
7247,247,1.1233707894345276e-17,1.0,0.40758763657482705,0.3018,2,500,100
7248,248,6.943515630720301e-16,0.9999999999999999,0.35868413125040016,0.3001,2,500,100
7249,249,0.04318004471827394,0.9568199552817274,0.38604278107332246,0.29670227286020423,2,500,100
7250,250,0.055021825952431866,0.9449781740475672,0.3528237224839867,0.29336867470935046,2,500,100
7251,251,1.0535040812421187e-17,1.0,0.3789939154924729,0.30246,2,500,100
7252,252,1.5532407347540587e-11,0.999999999984467,0.42494528555338734,0.3000599999980602,2,500,100
7253,253,1.0512423241543369e-17,1.0,0.3979081986096955,0.30186,2,500,100
7254,254,1.0318016032752659e-05,0.9999896819839641,0.37909168674014776,0.294939131712588,2,500,100
7255,255,9.681792611991648e-18,1.0,0.37222774758626803,0.29666,2,500,100
7256,256,1.1351897626011106e-17,1.0,0.38593464505720637,0.30304,2,500,100
7257,257,4.603225363210612e-13,0.9999999999995419,0.3953800302722967,0.29965999999995596,2,500,100
7258,258,6.091853742754257e-07,0.999999390814626,0.45312864959888494,0.30075990717919054,2,500,100
7259,259,0.05656290049737101,0.9434370995026305,0.3298054536464646,0.3004389450990791,2,500,100
7260,260,0.13232174171632988,0.8676782582836681,0.3386660401018843,0.2921441413260279,2,500,100
7261,261,9.376031875623083e-18,1.0,0.37286863016358873,0.30012,2,500,100
7262,262,4.335200862959711e-16,0.9999999999999998,0.3917925292236505,0.30082,2,500,100
7263,263,2.1339394661065677e-09,0.9999999978660612,0.39335606999973555,0.29851999979762556,2,500,100
7264,264,0.09883630822213596,0.901163691777861,0.3534331243644713,0.29012262385827153,2,500,100
7265,265,1.0186317163276563e-17,1.0,0.3677768532465876,0.299,2,500,100
7266,266,1.5851689000201703e-09,0.9999999984148352,0.35975653742113356,0.29731999990102753,2,500,100
7267,267,1.0789249092786806e-17,1.0,0.3938391679246324,0.3035,2,500,100
7268,268,8.780717080223398e-18,1.0,0.37523844179934346,0.30254,2,500,100
7269,269,1.0961041493901966e-17,1.0,0.3860240868968479,0.29636,2,500,100
7270,270,0.41804670698116986,0.58195329301883,0.3192060576730287,0.2855503366590144,2,500,100
7271,271,1.1203648820875303e-17,1.0,0.3766405553084423,0.3001,2,500,100
7272,272,1.1046835688091522e-17,1.0,0.38431421853151193,0.30066,2,500,100
7273,273,2.228207536002121e-14,0.9999999999999805,0.38395223171171106,0.3014599999999981,2,500,100
7274,274,9.689003157092799e-18,1.0,0.3699633167859059,0.30058,2,500,100
7275,275,1.2280567406159034e-05,0.9999877194325942,0.3865417969422902,0.29769890895892553,2,500,100
7276,276,1.1132622035520097e-17,1.0,0.3938661270990886,0.29508,2,500,100
7277,277,2.0574427775642043e-16,1.0,0.3735556700226451,0.2987,2,500,100
7278,278,1.0189912517387538e-17,1.0,0.37179943718353003,0.30162,2,500,100
7279,279,1.1504417328107639e-17,1.0,0.4018589212893019,0.3028,2,500,100
7280,280,9.94935647836482e-18,1.0,0.38873866295396875,0.30244,2,500,100
7281,281,0.4566924884142285,0.5433075115857715,0.3038039121184946,0.29452019707510646,2,500,100
7282,282,1.0003630465048847e-17,1.0,0.4003081981979876,0.30306,2,500,100
7283,283,0.002143564310139066,0.9978564356898597,0.4310973524956828,0.29961816590810475,2,500,100
7284,284,1.9464162011617184e-14,0.9999999999999817,0.3960217021956364,0.30027999999999816,2,500,100
7285,285,4.3214481237377385e-15,0.9999999999999969,0.3868151936010997,0.29823999999999967,2,500,100
7286,286,4.244727761589022e-15,0.999999999999997,0.38259725305418074,0.2977999999999996,2,500,100
7287,287,0.0055938053619098375,0.9944061946380891,0.45501333539160216,0.2998118330037665,2,500,100
7288,288,4.635975290781534e-17,1.0,0.38050159619464974,0.29584,2,500,100
7289,289,9.672385994701559e-18,1.0,0.38897075736654,0.30188,2,500,100
7290,290,0.0031351896087708645,0.9968648103912291,0.3527556864062364,0.30095760318773906,2,500,100
7291,291,6.774538389380158e-05,0.9999322546161049,0.37049735630565334,0.30117530375093743,2,500,100
7292,292,1.892085944532011e-14,0.9999999999999829,0.40259841386615663,0.3007799999999981,2,500,100
7293,293,0.8536231207038006,0.14637687929619897,0.30629263079835156,0.2611172531694121,2,500,100
7294,294,0.007246298927840708,0.9927537010721572,0.40813329481711697,0.3025146557691064,2,500,100
7295,295,9.736088320493963e-18,1.0,0.3611442066762467,0.29944,2,500,100
7296,296,1.0536283453913085e-17,1.0,0.3914938249776849,0.29816,2,500,100
7297,297,0.47806955110919835,0.5219304488908016,0.3204429353675047,0.28376575853640207,2,500,100
7298,298,0.007824991342715568,0.992175008657285,0.3671288490146193,0.29973262513158344,2,500,100
7299,299,1.6742808520033552e-12,0.9999999999983235,0.3785924558723593,0.3017199999998713,2,500,100
7300,300,0.00351372377268748,0.9964862762273143,0.4112944527545989,0.2918001299572859,2,500,100
7301,301,0.2678492932464337,0.7321507067535656,0.3050433401381045,0.29594229020857504,2,500,100
7302,302,0.9976114985521358,0.002388501447863678,0.30057515929921214,0.16025315969903986,2,500,100
7303,303,3.130554433609164e-16,1.0,0.39167774242314624,0.30235999999999996,2,500,100
7304,304,0.07064629251057798,0.9293537074894248,0.36038857669002994,0.29704501200026406,2,500,100
7305,305,9.61511235675156e-18,1.0,0.390741746728353,0.29712,2,500,100
7306,306,0.4410096247163274,0.5589903752836731,0.31740416574517083,0.2781116005842329,2,500,100
7307,307,0.1854988325640325,0.8145011674359676,0.31075314422086675,0.29953996910705116,2,500,100
7308,308,1.1500149788482684e-17,1.0,0.4044375017422271,0.29984,2,500,100
7309,309,2.3212963962869257e-11,0.9999999999767822,0.3840897268442571,0.30301999999811813,2,500,100
7310,310,0.0021515944211264503,0.9978484055788804,0.4587909918873062,0.2983147201490047,2,500,100
7311,311,3.844891035318449e-13,0.9999999999996189,0.40656500006661067,0.2979799999999583,2,500,100
7312,312,0.7655846428267908,0.23441535717321096,0.3107998170230937,0.2713833848638887,2,500,100
7313,313,9.701311605793154e-18,1.0,0.40539868627292136,0.29568,2,500,100
7314,314,0.002262839167078697,0.9977371608329197,0.4870674618654299,0.2974509282810796,2,500,100
7315,315,9.870793911850154e-18,1.0,0.37199493326988714,0.30104,2,500,100
7316,316,0.006498045326191398,0.9935019546738051,0.4035114844252828,0.29724950484020535,2,500,100
7317,317,9.029742812206795e-12,0.9999999999909723,0.38041300460327326,0.2994799999992692,2,500,100
7318,318,0.9732581647453301,0.026741835254670523,0.3004135226222668,0.239328611780871,2,500,100
7319,319,1.657762923189779e-17,1.0,0.40448444022729435,0.30216,2,500,100
7320,320,0.9253919798776915,0.07460802012230897,0.3031634665377395,0.29159009230365646,2,500,100
7321,321,1.1184052907352513e-17,1.0,0.41215437828310864,0.30042,2,500,100
7322,322,1.3329029295635847e-17,1.0,0.3816127159326513,0.29996,2,500,100
7323,323,9.119224427207924e-18,1.0,0.3658425195467821,0.29956,2,500,100
7324,324,0.1614216613229758,0.8385783386770228,0.3260973467555217,0.29550110359951576,2,500,100
7325,325,0.011768679513428889,0.9882313204865707,0.32289494488103765,0.29928210809142003,2,500,100
7326,326,0.7411053125993924,0.2588946874006079,0.3106238056752916,0.2690478050884743,2,500,100
7327,327,0.9836251614236526,0.0163748385763462,0.29713308118337795,0.2682423424336637,2,500,100
7328,328,1.0332180167204879e-17,1.0,0.39212810848534296,0.30196,2,500,100
7329,329,3.0218173644335475e-07,0.9999996978182616,0.3601217501977707,0.302839982690496,2,500,100
7330,330,7.876196114902448e-12,0.9999999999921232,0.4271392910931462,0.30267999999901973,2,500,100
7331,331,0.07722609640489593,0.9227739035951037,0.3233391903879816,0.296312862171699,2,500,100
7332,332,3.0638694252063704e-16,1.0,0.3816932765268382,0.30184,2,500,100
7333,333,9.013772071181644e-15,0.9999999999999927,0.38836199809127675,0.3016599999999992,2,500,100
7334,334,0.0003113999587800258,0.9996886000412202,0.43397765926125015,0.2998982476767594,2,500,100
7335,335,1.076525150140707e-14,0.9999999999999913,0.3625709117666227,0.29737999999999926,2,500,100
7336,336,2.0340560832437243e-14,0.9999999999999823,0.3841691378422143,0.30319999999999836,2,500,100
7337,337,0.16468609509567916,0.8353139049043192,0.30283595144120085,0.30176335892724826,2,500,100
7338,338,8.879587907542571e-18,1.0,0.38219982913181605,0.29712,2,500,100
7339,339,9.078294947529262e-17,1.0,0.40795951483982074,0.29969999999999997,2,500,100
7340,340,0.732762505747783,0.2672374942522175,0.29201793888774386,0.29180113215594145,2,500,100
7341,341,9.545513135285122e-18,1.0,0.3626304429532473,0.2996,2,500,100
7342,342,0.989559952515533,0.010440047484462341,0.29827549760600325,0.20675315468320332,2,500,100
7343,343,0.03068904113080809,0.9693109588691914,0.37909103970215485,0.29402954426797234,2,500,100
7344,344,0.09650788502412297,0.9034921149758786,0.3446334805568931,0.29419199932923473,2,500,100
7345,345,2.2812457005735048e-05,0.999977187542993,0.43638548807654326,0.2999168868159011,2,500,100
7346,346,1.0807657529947989e-17,1.0,0.383053319633639,0.29796,2,500,100
7347,347,9.942702742152684e-18,1.0,0.38543347792651717,0.30062,2,500,100
7348,348,0.0007685633137719928,0.9992314366862252,0.48657730650773673,0.30233840073605434,2,500,100
7349,349,0.644751112111503,0.35524888788849723,0.30064791241647826,0.2933068270383396,2,500,100
7350,350,0.9771847366824713,0.022815263317530924,0.3029127388551944,0.22258323181916828,2,500,100
7351,351,0.012569682265664604,0.9874303177343366,0.40069052394406357,0.29525470525971753,2,500,100
7352,352,0.016069187393830665,0.9839308126061698,0.3853708586490205,0.2983008558079657,2,500,100
7353,353,1.4389375981775139e-06,0.9999985610624014,0.3940369927083387,0.2977398614344372,2,500,100
7354,354,0.7458203601591958,0.2541796398408049,0.3076493019547686,0.2683491362883719,2,500,100
7355,355,0.0028804328427588055,0.9971195671572385,0.43093986646478954,0.29821770272058923,2,500,100
7356,356,1.0311871073244994e-17,1.0,0.36397505478193337,0.2961,2,500,100
7357,357,0.9885120006505678,0.01148799934943095,0.2988510743144215,0.18994835971916965,2,500,100
7358,358,9.89587442451949e-16,0.9999999999999997,0.37789290553088195,0.3013599999999999,2,500,100
7359,359,1.0437509689820722e-17,1.0,0.3574888278017532,0.29958,2,500,100
7360,360,1.8216986579177758e-14,0.9999999999999833,0.404816597247918,0.3021999999999981,2,500,100
7361,361,1.1381502952595845e-17,1.0,0.4152954413424738,0.30074,2,500,100
7362,362,0.9849007658616906,0.015099234138310028,0.3027420651697904,0.21253449852675413,2,500,100
7363,363,6.304648121874287e-11,0.9999999999369522,0.4000570639691746,0.30251999999385065,2,500,100
7364,364,1.0144738485565605e-17,1.0,0.36512652940188656,0.30144,2,500,100
7365,365,0.00022432790430092873,0.9997756720956987,0.36076989325543607,0.2990061446677176,2,500,100
7366,366,1.956523028296615e-14,0.9999999999999828,0.3703189098756628,0.3002799999999986,2,500,100
7367,367,9.8382394567976e-18,1.0,0.3900170982898409,0.29968,2,500,100
7368,368,9.580538988945333e-18,1.0,0.3851136043970235,0.3017,2,500,100
7369,369,9.688783233429788e-18,1.0,0.3777977940108371,0.30258,2,500,100
7370,370,1.0524000049401952e-17,1.0,0.3606396845034535,0.29802,2,500,100
7371,371,1.3118053610625342e-17,1.0,0.38807009526989816,0.3014,2,500,100
7372,372,0.9628316502781236,0.03716834972187678,0.3005769015862941,0.2420082106817118,2,500,100
7373,373,0.020267837391459962,0.9797321626085387,0.4034999178292025,0.2982875733097045,2,500,100
7374,374,0.0003553220802508114,0.9996446779197468,0.36964762033139276,0.29999525097522595,2,500,100
7375,375,0.13038814365272886,0.8696118563472702,0.3398600778549784,0.2943224307243205,2,500,100
7376,376,0.37646984989660287,0.6235301501033963,0.3150489885333469,0.2891496979686982,2,500,100
7377,377,0.062289002489005096,0.9377109975109942,0.3330502352413124,0.29842311097008223,2,500,100
7378,378,1.038496574636232e-17,1.0,0.40848919634002545,0.29966,2,500,100
7379,379,1.0796697089911082e-17,1.0,0.3839826325074338,0.29684,2,500,100
7380,380,1.1992815829855068e-17,1.0,0.3777473697966047,0.3036,2,500,100
7381,381,4.628194161756231e-15,0.9999999999999972,0.3803062569629262,0.30143999999999965,2,500,100
7382,382,0.9798120277953348,0.02018797220466285,0.2996838361182405,0.2232107707410284,2,500,100
7383,383,0.005015533777385236,0.9949844662226136,0.4338405057520639,0.2968529342078379,2,500,100
7384,384,5.966483814072153e-07,0.9999994033516177,0.3791570363049935,0.30131995355863056,2,500,100
7385,385,1.1027034222038562e-17,1.0,0.38929523965751955,0.2997,2,500,100
7386,386,1.4650882542726078e-15,0.999999999999999,0.4259962281973194,0.3015999999999998,2,500,100
7387,387,0.4357530909792421,0.5642469090207571,0.3125231749907551,0.29518471050942785,2,500,100
7388,388,8.444724480555477e-16,0.9999999999999998,0.38328713451680557,0.3029199999999999,2,500,100
7389,389,0.056538449899476886,0.9434615501005259,0.3702947940044081,0.29871286891460197,2,500,100
7390,390,0.6345253097076439,0.3654746902923564,0.3079257831615051,0.29286103775574024,2,500,100
7391,391,2.2073251264528383e-05,0.9999779267487374,0.33979444746668525,0.3018791630864011,2,500,100
7392,392,0.0003673778711813894,0.9996326221288181,0.3876355353217471,0.3000478222124162,2,500,100
7393,393,0.9469827425343325,0.05301725746566372,0.30515094921983255,0.2389281872803569,2,500,100
7394,394,0.4990768240554067,0.5009231759445935,0.31299847273747977,0.28205865305703837,2,500,100
7395,395,6.759902244509107e-16,0.9999999999999996,0.4125017051272243,0.30132,2,500,100
7396,396,1.3514326231788014e-17,1.0,0.39324821403131255,0.2977,2,500,100
7397,397,1.067409037694694e-17,1.0,0.38213065145737346,0.3027,2,500,100
7398,398,1.0479440250822622e-17,1.0,0.37428602256675847,0.3004,2,500,100
7399,399,0.004400767883771991,0.9955992321162274,0.36568096838693737,0.2980825148968883,2,500,100
7400,400,4.4853902161264374e-08,0.9999999551461005,0.38402068536945905,0.30149999629862506,2,500,100
7401,401,6.869727677312854e-15,0.9999999999999953,0.3733234410648912,0.2984399999999995,2,500,100
7402,402,0.9626754460390395,0.037324553960955846,0.3005114842366142,0.23429544213201006,2,500,100
7403,403,1.0439167346562319e-17,1.0,0.38001721202612737,0.30298,2,500,100
7404,404,0.4411955739368661,0.5588044260631339,0.3150247199506728,0.2937565993053111,2,500,100
7405,405,4.219669710461838e-07,0.9999995780330259,0.45434325654168506,0.30169993558956026,2,500,100
7406,406,1.3927611397544725e-15,0.9999999999999992,0.3882269597710993,0.2955399999999999,2,500,100
7407,407,1.4671036602589234e-17,1.0,0.387954715030414,0.30016,2,500,100
7408,408,1.0908646656571945e-17,1.0,0.4135024876444242,0.299,2,500,100
7409,409,1.242522945175819e-13,0.9999999999998771,0.4455951640951136,0.3063999999999827,2,500,100
7410,410,0.0003960039766352111,0.9996039960233674,0.4238956144193473,0.30119140864656413,2,500,100
7411,411,1.0271721436934054e-05,0.9999897282785671,0.3663981161791837,0.29973931529936604,2,500,100
7412,412,0.003914811486035394,0.9960851885139649,0.4272655957650598,0.302150196799048,2,500,100
7413,413,0.9800790434558169,0.01992095654418202,0.29844243871953835,0.2631811440131115,2,500,100
7414,414,0.3882564447193692,0.611743555280631,0.32678081321032365,0.28656655513115475,2,500,100
7415,415,9.509617326712933e-18,1.0,0.3575860273682079,0.30136,2,500,100
7416,416,0.9810173438083721,0.018982656191626215,0.3016060123641372,0.20857306975011816,2,500,100
7417,417,6.277422337122612e-05,0.9999372257766299,0.45099434928475907,0.3002905396853933,2,500,100
7418,418,0.5040343674436053,0.49596563255639425,0.30410177175951925,0.2989365514471462,2,500,100
7419,419,1.0106654972609203e-17,1.0,0.3792390658284609,0.30078,2,500,100
7420,420,1.0957808144906565e-17,1.0,0.3957752454571957,0.30314,2,500,100
7421,421,0.007427284876981262,0.9925727151230194,0.3495722900595764,0.30027384641506044,2,500,100
7422,422,0.010539676123430673,0.9894603238765678,0.4085588073281399,0.2969233989518065,2,500,100
7423,423,0.15275109892566027,0.8472489010743379,0.3273603153257469,0.29664877909034754,2,500,100
7424,424,0.009969900125182316,0.990030099874818,0.32759961755200223,0.3023886491631035,2,500,100
7425,425,0.8706221626854814,0.1293778373145213,0.30909047650297883,0.26417956576597684,2,500,100
7426,426,1.0397811665522157e-17,1.0,0.36990026122979924,0.30002,2,500,100
7427,427,0.9995488681169752,0.0004511318830224503,0.3051238543720355,0.2079142052962509,2,500,100
7428,428,0.9324758747714685,0.06752412522853098,0.305803077505226,0.24444608115460265,2,500,100
7429,429,0.0014333294397286776,0.9985666705602713,0.4455739046731517,0.29909004036484166,2,500,100
7430,430,0.49178259981391537,0.5082174001860846,0.31667079435335926,0.2833173626385995,2,500,100
7431,431,9.713720350556567e-18,1.0,0.3865029908537484,0.3009,2,500,100
7432,432,1.0081047856178941e-14,0.9999999999999917,0.39774948228539575,0.29841999999999896,2,500,100
7433,433,3.711569006081326e-16,0.9999999999999999,0.3801525346063331,0.29535999999999996,2,500,100
7434,434,1.0179560449807504e-17,1.0,0.374826230545907,0.29932,2,500,100
7435,435,1.5703960800077142e-17,1.0,0.3586477091167921,0.29846,2,500,100
7436,436,1.1875763963312035e-17,1.0,0.36545500221723903,0.3002,2,500,100
7437,437,1.1119680395669704e-17,1.0,0.37134280719037555,0.29986,2,500,100
7438,438,0.2788659671637469,0.7211340328362544,0.32739373341850647,0.2873543896852136,2,500,100
7439,439,0.939469271184661,0.060530728815340926,0.2976712277926366,0.27931315059144246,2,500,100
7440,440,4.1409492551618107e-16,0.9999999999999999,0.3673126880915131,0.30272,2,500,100
7441,441,0.010064408516729574,0.9899355914832679,0.39697981841045377,0.2967714621659655,2,500,100
7442,442,7.868446389794426e-17,1.0,0.37936564903783765,0.30064,2,500,100
7443,443,9.473314235275078e-09,0.9999999905266881,0.3606768042239428,0.29829999940908497,2,500,100
7444,444,0.8517603547826739,0.14823964521732733,0.3093783334989961,0.2640575727190666,2,500,100
7445,445,0.0011209362039106328,0.9988790637960884,0.44984805144196954,0.2998919087306361,2,500,100
7446,446,0.0006028650886928074,0.9993971349113041,0.34715389349602194,0.30361375116823386,2,500,100
7447,447,0.011687004113836398,0.9883129958861632,0.39280638617145425,0.2973848076189076,2,500,100
7448,448,5.2445211727105245e-15,0.9999999999999968,0.35803030890623205,0.2969799999999997,2,500,100
7449,449,0.997420900128403,0.002579099871594831,0.30051935453257184,0.17669532736362537,2,500,100
7450,450,0.0070537810036614065,0.9929462189963366,0.33929279562589343,0.29812964414402643,2,500,100
7451,451,1.0580405712737075e-17,1.0,0.3765211176634554,0.3027,2,500,100
7452,452,8.89173330237301e-16,0.9999999999999999,0.3696917210397326,0.30062,2,500,100
7453,453,1.4636829870699586e-05,0.9999853631701312,0.4729652708356571,0.3001374703488874,2,500,100
7454,454,0.0036307775098131058,0.9963692224901862,0.42762202938942473,0.2995550171722931,2,500,100
7455,455,1.0114236611495623e-17,1.0,0.3548089732576075,0.3005,2,500,100
7456,456,6.059681734300963e-13,0.9999999999993915,0.349891310564718,0.3023799999999712,2,500,100
7457,457,9.428463132316022e-18,1.0,0.4082760907015966,0.2991,2,500,100
7458,458,0.9977325137219478,0.002267486278052736,0.29943941094893783,0.2026754520833372,2,500,100
7459,459,2.695468435050041e-11,0.9999999999730481,0.3925608078090152,0.298439999997463,2,500,100
7460,460,1.03750610672624e-16,1.0,0.3885460684293575,0.2973,2,500,100
7461,461,0.0406796679955552,0.9593203320044436,0.33390705772431145,0.30023002968008383,2,500,100
7462,462,1.0615701799551517e-12,0.9999999999989406,0.4145398538619571,0.2979199999998762,2,500,100
7463,463,5.28517792224195e-05,0.9999471482207773,0.4064435103458896,0.29755424500858874,2,500,100
7464,464,0.517377288265474,0.4826227117345259,0.31613731583079435,0.28303212736303135,2,500,100
7465,465,1.0308691952697405e-17,1.0,0.3742398630343737,0.30116,2,500,100
7466,466,0.022182190580975168,0.9778178094190272,0.3865703006191969,0.2994474237411279,2,500,100
7467,467,2.1610811494988483e-17,1.0,0.42416283162509966,0.30334,2,500,100
7468,468,1.0068319382931935e-17,1.0,0.37850789508737565,0.29898,2,500,100
7469,469,4.0002927422550825e-17,1.0,0.3962330750243554,0.30062,2,500,100
7470,470,9.909578805225296e-18,1.0,0.361438367809243,0.29912,2,500,100
7471,471,3.882735550675904e-16,0.9999999999999998,0.3999171371028569,0.29997999999999997,2,500,100
7472,472,0.01689666864827928,0.9831033313517198,0.3781965513402479,0.3009141854715617,2,500,100
7473,473,0.14561900104083683,0.8543809989591633,0.3506433255345052,0.2928900215698606,2,500,100
7474,474,8.538130536479546e-08,0.9999999146186942,0.40561873497430767,0.3003999910162862,2,500,100
7475,475,1.044233596648046e-17,1.0,0.37173089556691685,0.30044,2,500,100
7476,476,9.801373298388252e-18,1.0,0.36982223394033725,0.30084,2,500,100
7477,477,1.1274988463145952e-17,1.0,0.37652350044263333,0.2983,2,500,100
7478,478,0.9962807454071868,0.003719254592811937,0.29376472891421324,0.1795674069470459,2,500,100
7479,479,8.71090530723684e-18,1.0,0.38496240383776315,0.29738,2,500,100
7480,480,0.5452557269275201,0.45474427307247967,0.30403708588088335,0.29617093760217106,2,500,100
7481,481,0.0020438697429936135,0.9979561302570107,0.488921222739055,0.30291983739634315,2,500,100
7482,482,3.568435956810642e-08,0.9999999643156398,0.3634346040353635,0.3010999977756295,2,500,100
7483,483,2.22126491315004e-16,1.0,0.34339704653229164,0.29901999999999995,2,500,100
7484,484,1.054585015076826e-17,1.0,0.41128242024991507,0.30126,2,500,100
7485,485,0.004798032162945303,0.9952019678370551,0.40490743557030584,0.2999765381794319,2,500,100
7486,486,8.54705532188416e-05,0.9999145294467802,0.42638577612107575,0.30138931648344436,2,500,100
7487,487,1.633421527149098e-12,0.999999999998365,0.37552816439141384,0.29901999999987505,2,500,100
7488,488,0.6858804513282261,0.31411954867177416,0.30683381033071794,0.2902356382247027,2,500,100
7489,489,4.91399922975914e-16,0.9999999999999999,0.3728734502306552,0.30254,2,500,100
7490,490,0.5723341061052897,0.4276658938947116,0.30583729539785165,0.28980306050621013,2,500,100
7491,491,1.8173195720123937e-13,0.9999999999998213,0.3966365457138261,0.3005199999999825,2,500,100
7492,492,0.9922113424105888,0.007788657589407455,0.3002989088745851,0.20029337317811166,2,500,100
7493,493,0.006725880093725001,0.9932741199062742,0.4033160335193239,0.2970250999255985,2,500,100
7494,494,9.504354876420123e-18,1.0,0.39706417445140374,0.30262,2,500,100
7495,495,9.488603500054978e-18,1.0,0.37288496509382757,0.2973,2,500,100
7496,496,0.040726052426918735,0.959273947573081,0.37555082303916676,0.2968133328464474,2,500,100
7497,497,2.447899036024954e-14,0.9999999999999792,0.3719088827659129,0.29727999999999816,2,500,100
7498,498,0.20305187570822697,0.7969481242917739,0.3199027249507625,0.2969618027081637,2,500,100
7499,499,0.9241562643802766,0.07584373561972635,0.30686098012425883,0.24725183656985059,2,500,100
7500,500,0.6033102737688476,0.3966897262311529,0.31363135193092706,0.27977276915759725,2,500,100
7501,501,1.3546117316611496e-11,0.9999999999864572,0.4546751678978718,0.30303999999794595,2,500,100
7502,502,0.9840895046827876,0.01591049531721304,0.301592718054427,0.20651597630205445,2,500,100
7503,503,1.0614649440365505e-14,0.9999999999999915,0.37609032411983717,0.30077999999999916,2,500,100
7504,504,0.9241068234183506,0.07589317658164917,0.29876893224627193,0.2665007843497709,2,500,100
7505,505,0.8252292413282664,0.1747707586717347,0.31083945029107896,0.26998907952345674,2,500,100
7506,506,0.9961988643891012,0.0038011356108996275,0.3020400246633826,0.1810170698223332,2,500,100
7507,507,0.008683299566189432,0.99131670043381,0.34019444284239275,0.3013022877667031,2,500,100
7508,508,1.0685793801640484e-17,1.0,0.3773249048561965,0.29976,2,500,100
7509,509,1.032925427507697e-17,1.0,0.3661368697161381,0.29892,2,500,100
7510,510,1.0733840239395267e-17,1.0,0.376784683944975,0.29966,2,500,100
7511,511,0.005410385025187723,0.9945896149748105,0.4450015890466024,0.29894980360715645,2,500,100
7512,512,0.0019802243007308947,0.998019775699268,0.4567592678047593,0.30201356880640995,2,500,100
7513,513,7.512351102647467e-17,1.0,0.4066579506111871,0.30158,2,500,100
7514,514,0.0025393838732350803,0.9974606161267646,0.435399862151111,0.2981113718216767,2,500,100
7515,515,0.9948005191905075,0.0051994808094922235,0.30412848007324716,0.20633408638708842,2,500,100
7516,516,1.1878368621836572e-17,1.0,0.4128068713140947,0.30134,2,500,100
7517,517,9.665884607975e-18,1.0,0.37940299486275086,0.30498,2,500,100
7518,518,0.8146676833959219,0.18533231660407823,0.3122712585386699,0.26526780712614795,2,500,100
7519,519,1.2108751217441702e-17,1.0,0.4023334393232386,0.2984,2,500,100
7520,520,0.0018466469550197932,0.998153353044978,0.42319094044594907,0.30145519706015955,2,500,100
7521,521,0.001962956405752436,0.9980370435942483,0.42286910456258603,0.30102081712364176,2,500,100
7522,522,0.8230939277605337,0.17690607223946847,0.30506023187597303,0.2659421180183239,2,500,100
7523,523,0.055051836648344066,0.9449481633516561,0.3510049066020128,0.29313410614662083,2,500,100
7524,524,1.0453177954344289e-17,1.0,0.370762497779122,0.29842,2,500,100
7525,525,6.253404193254727e-15,0.999999999999995,0.4124097468143312,0.29659999999999925,2,500,100
7526,526,1.0345301298973514e-17,1.0,0.3860861808667668,0.29942,2,500,100
7527,527,0.9219908020257966,0.07800919797420328,0.3014226586002145,0.2442158327885938,2,500,100
7528,528,0.008137300775347597,0.9918626992246559,0.30842094001896925,0.30277404955383985,2,500,100
7529,529,3.593183032581853e-16,1.0,0.38577983317093734,0.30023999999999995,2,500,100
7530,530,0.007324798924796335,0.9926752010752041,0.3573343160685905,0.30155140136636716,2,500,100
7531,531,1.439143117490168e-13,0.9999999999998583,0.38425920697229077,0.2991399999999878,2,500,100
7532,532,4.196697053130911e-07,0.9999995803302949,0.387792492338617,0.30305996444032496,2,500,100
7533,533,5.180625934315346e-05,0.9999481937406586,0.3779550297779025,0.2992959249660165,2,500,100
7534,534,0.001696592619078581,0.9983034073809215,0.3930442301251414,0.2998218395802687,2,500,100
7535,535,1.1487677792226255e-17,1.0,0.43237356141525385,0.30028,2,500,100
7536,536,0.0002914867754798093,0.9997085132245234,0.3262088592303367,0.29847191504757853,2,500,100
7537,537,0.0001408982371749041,0.9998591017628251,0.37237433338320186,0.29978977296339077,2,500,100
7538,538,1.1474389012223992e-17,1.0,0.39687600609742224,0.30052,2,500,100
7539,539,0.00040186841456329395,0.9995981315854368,0.4110244493024696,0.2996752522747275,2,500,100
7540,540,1.0497214346947215e-17,1.0,0.36629459909672996,0.2986,2,500,100
7541,541,8.516754487879973e-18,1.0,0.3782361214469174,0.30222,2,500,100
7542,542,0.0004419895945441646,0.9995580104054552,0.3500826775296609,0.30051809296936643,2,500,100
7543,543,0.003291802221665997,0.9967081977783325,0.40755600261509006,0.30030695735453977,2,500,100
7544,544,0.004821609551457073,0.9951783904485453,0.356637141642892,0.2979972613932922,2,500,100
7545,545,0.23611628278300384,0.7638837172169974,0.3045496245347504,0.29676097241316024,2,500,100
7546,546,0.0029806362166265358,0.9970193637833761,0.4584769478431859,0.30004778028540724,2,500,100
7547,547,1.0297208858314383e-17,1.0,0.3805329887867222,0.29788,2,500,100
7548,548,1.161205111315801e-17,1.0,0.3537274750821606,0.30032,2,500,100
7549,549,0.13907915216055886,0.8609208478394418,0.33664902676815117,0.2928017592023979,2,500,100
7550,550,9.419633075543799e-18,1.0,0.35757922361957756,0.29806,2,500,100
7551,551,1.1220051005162794e-17,1.0,0.3874014804801228,0.29482,2,500,100
7552,552,0.0027499734466922728,0.9972500265533072,0.3315034662334336,0.3013972085909038,2,500,100
7553,553,1.0185837930475892e-17,1.0,0.40294818739886357,0.30292,2,500,100
7554,554,1.0541602224535826e-12,0.9999999999989463,0.3569925591969707,0.29955999999993943,2,500,100
7555,555,1.3577990739136263e-13,0.9999999999998651,0.3698244689959445,0.29803999999999026,2,500,100
7556,556,0.9522446763213516,0.04775532367864673,0.3006962416879423,0.2773220584146051,2,500,100
7557,557,1.6023736610649646e-15,0.9999999999999993,0.3813935897562364,0.2983399999999999,2,500,100
7558,558,0.35652947279132396,0.6434705272086759,0.2990735939608161,0.2961308112213636,2,500,100
7559,559,1.2633282858757776e-17,1.0,0.4040763209625012,0.3007,2,500,100
7560,560,1.1885071922731233e-17,1.0,0.41872975431268583,0.30278,2,500,100
7561,561,0.0004186124159525147,0.9995813875840486,0.38172969419171904,0.29850516117716824,2,500,100
7562,562,9.505659772203414e-18,1.0,0.3896692082328106,0.30022,2,500,100
7563,563,0.640844802909285,0.3591551970907144,0.3154464443011976,0.27048971130111965,2,500,100
7564,564,0.0015317524245772362,0.9984682475754225,0.41217666830895994,0.29866612995766534,2,500,100
7565,565,1.0716069565155556e-17,1.0,0.36804039179882836,0.29586,2,500,100
7566,566,1.165304032082415e-10,0.9999999998834704,0.3909621416304073,0.29701999998905293,2,500,100
7567,567,0.0011080337763856658,0.9988919662236146,0.35833373852630385,0.30325897530212115,2,500,100
7568,568,5.3133753226485855e-17,1.0,0.4041022979266545,0.29998,2,500,100
7569,569,3.0426955476798306e-14,0.9999999999999724,0.38513888795875667,0.3000399999999974,2,500,100
7570,570,1.0299228336781247e-17,1.0,0.3493060001245343,0.29572,2,500,100
7571,571,1.1400456423256166e-15,0.9999999999999997,0.37935570715825073,0.2992999999999999,2,500,100
7572,572,0.8759724961453191,0.1240275038546806,0.3056231355515714,0.259156542477797,2,500,100
7573,573,0.14915915079351538,0.8508408492064876,0.3393064197045035,0.2947311977462787,2,500,100
7574,574,0.7411178341988448,0.25888216580115575,0.3137018650736544,0.27267213619764924,2,500,100
7575,575,1.01838836743962e-17,1.0,0.40728777321848514,0.30008,2,500,100
7576,576,0.03650470443727569,0.9634952955627264,0.36641046063735433,0.2994973569260376,2,500,100
7577,577,2.0148203223568368e-14,0.9999999999999825,0.3791861530872384,0.3010399999999984,2,500,100
7578,578,0.0021309415320086714,0.9978690584679935,0.4150858413330652,0.2995538079918758,2,500,100
7579,579,1.4055064491377762e-06,0.9999985944935527,0.381592545899878,0.29769988208832,2,500,100
7580,580,0.011363851968629846,0.9886361480313699,0.41739867195045405,0.30057240358019294,2,500,100
7581,581,1.3775196868331439e-14,0.9999999999999879,0.3750971623525224,0.29827999999999893,2,500,100
7582,582,0.474936162984358,0.5250638370156423,0.3119990063220628,0.2910891558466135,2,500,100
7583,583,0.9903978397609781,0.009602160239023843,0.30416750377340934,0.21382285717151742,2,500,100
7584,584,0.9840987266895828,0.015901273310414927,0.30009456836332576,0.22245497691518995,2,500,100
7585,585,0.9006085259186828,0.09939147408131464,0.300156650009334,0.26557974045950355,2,500,100
7586,586,0.6992368266564934,0.3007631733435053,0.31290604698608115,0.2721894697205035,2,500,100
7587,587,9.861747613924638e-15,0.9999999999999923,0.3858411978697094,0.2994799999999992,2,500,100
7588,588,7.271612346453049e-16,0.9999999999999998,0.39105511718364555,0.2985799999999999,2,500,100
7589,589,0.040243305334172204,0.9597566946658262,0.3547273257157289,0.2951004160689516,2,500,100
7590,590,9.34446662262257e-18,1.0,0.38895049464176834,0.30002,2,500,100
7591,591,0.08203950387245178,0.9179604961275473,0.34570696400623563,0.29262519827471206,2,500,100
7592,592,1.3716586996091143e-17,1.0,0.43609886308007806,0.29758,2,500,100
7593,593,0.0788015223910194,0.9211984776089776,0.3657638801508659,0.29724023222354057,2,500,100
7594,594,0.0436657073236367,0.956334292676364,0.3537722866693456,0.2988623173505767,2,500,100
7595,595,0.3362298254905249,0.6637701745094748,0.32060428638947447,0.28540492479305957,2,500,100
7596,596,0.5937597972309683,0.4062402027690307,0.3168893621664471,0.27984388497372453,2,500,100
7597,597,1.0440979540989923e-17,1.0,0.388371045787051,0.2996,2,500,100
7598,598,0.12317917468343556,0.8768208253165636,0.31283866326331833,0.29926842984758883,2,500,100
7599,599,0.00021401952600683132,0.9997859804739953,0.3444865871738612,0.29702984333017673,2,500,100
7600,600,5.822979504003811e-16,1.0,0.3783445925562085,0.30136,2,500,100
7601,601,1.0902839028617588e-17,1.0,0.36895755238343414,0.2975,2,500,100
7602,602,0.9939016216432865,0.006098378356717498,0.30100899390634983,0.18474957789802082,2,500,100
7603,603,0.50541653541607,0.49458346458393,0.3084338817544209,0.28822721802612933,2,500,100
7604,604,1.0270883743677084e-17,1.0,0.3792692335141626,0.29746,2,500,100
7605,605,0.0018608227147497293,0.9981391772852523,0.4350460415842226,0.300349353342919,2,500,100
7606,606,0.17175236660901347,0.8282476333909874,0.33660692205231746,0.29364039776945466,2,500,100
7607,607,0.013444344239058036,0.9865556557609445,0.3888570550761687,0.3036950527242939,2,500,100
7608,608,9.176811016270286e-10,0.9999999990823192,0.4281504860225001,0.2983799998809121,2,500,100
7609,609,0.03698033463302339,0.9630196653669739,0.3684207054736482,0.29323978437993553,2,500,100
7610,610,1.0440876451608657e-17,1.0,0.3832576144692638,0.3016,2,500,100
7611,611,9.926116242784439e-18,1.0,0.3493763132487594,0.29996,2,500,100
7612,612,1.1127485598200782e-17,1.0,0.4285992451375822,0.30336,2,500,100
7613,613,0.05791129753993779,0.9420887024600618,0.3548773721515832,0.29981103708555745,2,500,100
7614,614,2.463771491855462e-14,0.999999999999978,0.38814984203270925,0.30263999999999797,2,500,100
7615,615,5.168220531879161e-06,0.9999948317794679,0.42855394668178803,0.29995933539468966,2,500,100
7616,616,1.725025857095796e-13,0.9999999999998297,0.3928012639994559,0.3008999999999841,2,500,100
7617,617,0.9307668555547186,0.06923314444527982,0.30494679438400457,0.2459173451693339,2,500,100
7618,618,1.0438248744411402e-17,1.0,0.41098261561069,0.297,2,500,100
7619,619,0.28383737052738667,0.7161626294726137,0.3309966867373943,0.2935517187457772,2,500,100
7620,620,9.036490417462777e-18,1.0,0.36278947334425443,0.30098,2,500,100
7621,621,0.18793288833495947,0.8120671116650442,0.32560848169231554,0.2944676051205939,2,500,100
7622,622,1.836521133292085e-05,0.9999816347886626,0.3901490068761621,0.3014183704431102,2,500,100
7623,623,1.0127261731640196e-17,1.0,0.3928230159840167,0.298,2,500,100
7624,624,2.1597292245049064e-17,1.0,0.39032861173724587,0.29718,2,500,100
7625,625,0.08292385288383501,0.9170761471161664,0.34604060108611756,0.29343798871001897,2,500,100
7626,626,1.1145065556509407e-17,1.0,0.3981799459495785,0.29536,2,500,100
7627,627,1.121946685542703e-17,1.0,0.36958278268950845,0.29884,2,500,100
7628,628,8.626154589454706e-16,0.9999999999999999,0.3686628330227246,0.30061999999999994,2,500,100
7629,629,1.0835364465159144e-17,1.0,0.40801762628072646,0.29872,2,500,100
7630,630,9.199838949303366e-18,1.0,0.3732264645224908,0.29708,2,500,100
7631,631,0.07644076441336707,0.9235592355866323,0.3036977892481751,0.3004302248820863,2,500,100
7632,632,0.004152050053116513,0.9958479499468847,0.4253040012397893,0.29871439361292884,2,500,100
7633,633,1.3435163145618687e-16,1.0,0.40706989317991127,0.29713999999999996,2,500,100
7634,634,1.0125600502887786e-17,1.0,0.377965857369458,0.30262,2,500,100
7635,635,0.0034336540492521496,0.9965663459507526,0.44892421794415877,0.2983830938597085,2,500,100
7636,636,0.04962979188027185,0.9503702081197262,0.35975283873468167,0.29538546040986036,2,500,100
7637,637,1.0427967383240154e-17,1.0,0.37005382857654306,0.3002,2,500,100
7638,638,1.4270498856646581e-06,0.9999985729501141,0.3469669435434056,0.29719992897998754,2,500,100
7639,639,7.469440374768932e-17,1.0,0.4323400268510466,0.30104,2,500,100
7640,640,0.0018777260497342672,0.9981222739502648,0.35649352313354826,0.2983708615642915,2,500,100
7641,641,0.027335959717867894,0.9726640402821372,0.39197399176041,0.29780582272452977,2,500,100
7642,642,0.0071934864255699844,0.9928065135744308,0.39338518143748763,0.2980945279778544,2,500,100
7643,643,2.6286173477921134e-07,0.999999737138266,0.38012515735396885,0.29611997791825284,2,500,100
7644,644,1.1284563114194343e-17,1.0,0.363425207180844,0.30216,2,500,100
7645,645,1.1477172283751369e-17,1.0,0.38257208160707273,0.29992,2,500,100
7646,646,1.1105873325147062e-17,1.0,0.396007417197977,0.30144,2,500,100
7647,647,1.2089268564151757e-17,1.0,0.38357488619109603,0.30162,2,500,100
7648,648,9.893364153406608e-16,0.9999999999999996,0.3858203674526372,0.3008799999999999,2,500,100
7649,649,0.0015054787539618287,0.998494521246036,0.4702304122293835,0.2987217974242895,2,500,100
7650,650,5.727200929414003e-17,1.0,0.38619507894287913,0.30348,2,500,100
7651,651,1.093592176773875e-17,1.0,0.4149205416883607,0.29618,2,500,100
7652,652,0.011286085507455607,0.9887139144925438,0.4057196364473223,0.3023129432181726,2,500,100
7653,653,0.0049965683851000645,0.9950034316148989,0.4319751014164974,0.30048299067658685,2,500,100
7654,654,0.11337925634681359,0.8866207436531854,0.33154882884398906,0.29596559997208505,2,500,100
7655,655,1.0249929512925013e-17,1.0,0.3913480813738279,0.299,2,500,100
7656,656,0.009641579611244532,0.9903584203887593,0.43063370399647843,0.30121217199580635,2,500,100
7657,657,1.9477018031466992e-14,0.9999999999999821,0.41408246940326354,0.2957999999999977,2,500,100
7658,658,8.58716977256125e-18,1.0,0.4001644282374874,0.30158,2,500,100
7659,659,1.4714496171795045e-14,0.9999999999999871,0.39943356481961334,0.3037999999999986,2,500,100
7660,660,7.322909677948441e-14,0.9999999999999296,0.40031153051408147,0.3008399999999927,2,500,100
7661,661,2.967588189769783e-15,0.9999999999999979,0.4284648226739317,0.3008999999999996,2,500,100
7662,662,0.9993366442842313,0.00066335571576883,0.3007382532588999,0.2129222331129431,2,500,100
7663,663,2.62271808227458e-17,1.0,0.3662196118439043,0.2989,2,500,100
7664,664,1.084362071255084e-17,1.0,0.39291596100575715,0.3001,2,500,100
7665,665,7.410706556141876e-17,1.0,0.3654549011227341,0.30256,2,500,100
7666,666,0.0006239698771471332,0.9993760301228548,0.3772330711366309,0.2985509046982738,2,500,100
7667,667,0.023946204405997793,0.9760537955940012,0.37184069520599156,0.2995898668968056,2,500,100
7668,668,1.0056289051061845e-17,1.0,0.3795427214925467,0.30066,2,500,100
7669,669,0.0051184361212541635,0.9948815638787448,0.47454197042728613,0.2960463817313342,2,500,100
7670,670,0.003145247748069387,0.9968547522519311,0.311044144836367,0.30142976037893615,2,500,100
7671,671,1.6974097352651244e-13,0.9999999999998296,0.357633009276766,0.30043999999999027,2,500,100
7672,672,1.1523693531386044e-17,1.0,0.43361261816255275,0.2989,2,500,100
7673,673,3.613136479379685e-15,0.9999999999999973,0.40031434090733414,0.2987399999999996,2,500,100
7674,674,0.00014693008319611886,0.9998530699168021,0.38568378844209644,0.30074752030705654,2,500,100
7675,675,1.0287019038097049e-17,1.0,0.3701282159233103,0.29826,2,500,100
7676,676,0.0006570353539791272,0.9993429646460229,0.45374948796699516,0.30055934866259604,2,500,100
7677,677,0.0004350350868382815,0.9995649649131624,0.425852191259304,0.30124579184420985,2,500,100
7678,678,0.3748106086653717,0.6251893913346269,0.3092205901774998,0.2964875043512898,2,500,100
7679,679,9.87381649766201e-18,1.0,0.34719641161624837,0.29864,2,500,100
7680,680,1.0357064192175883e-17,1.0,0.3665529490560074,0.30072,2,500,100
7681,681,0.0024803837480021004,0.997519616252001,0.48000222561488337,0.29718654696178887,2,500,100
7682,682,0.23424865534459763,0.7657513446554024,0.3056725428731345,0.2956790339794893,2,500,100
7683,683,2.896302749815201e-14,0.9999999999999732,0.3843131112155854,0.2978999999999975,2,500,100
7684,684,2.9533932849415347e-10,0.9999999997046625,0.4149757965590936,0.29955999996591315,2,500,100
7685,685,0.07942215318691451,0.9205778468130859,0.3213356877995797,0.2977899465299869,2,500,100
7686,686,9.892039798405355e-18,1.0,0.3756566961963996,0.29868,2,500,100
7687,687,0.005225989857857608,0.9947740101421446,0.4107780422919734,0.3014888558199236,2,500,100
7688,688,8.289502892185596e-13,0.9999999999991735,0.42652605347919287,0.299799999999895,2,500,100
7689,689,1.4150843760397783e-17,1.0,0.3707601196695967,0.30022,2,500,100
7690,690,0.03477301931316961,0.9652269806868311,0.3104084062669281,0.2958953367535168,2,500,100
7691,691,0.9889551246266778,0.011044875373323194,0.3015053540554798,0.19418372158665118,2,500,100
7692,692,1.0469689177510348e-15,0.9999999999999997,0.36672253462881466,0.2959999999999999,2,500,100
7693,693,0.0035255003896317726,0.9964744996103655,0.4344450423143381,0.30062822877171624,2,500,100
7694,694,1.7314688645574383e-16,1.0,0.37935344314255753,0.29899999999999993,2,500,100
7695,695,2.762057345648175e-17,1.0,0.3932005842964753,0.29882,2,500,100
7696,696,6.456453500083338e-14,0.9999999999999386,0.37662882057858516,0.299359999999995,2,500,100
7697,697,9.670879576421165e-18,1.0,0.4023064478070411,0.30256,2,500,100
7698,698,4.815535350365449e-05,0.9999518446464938,0.48546663752060837,0.2999310654689403,2,500,100
7699,699,1.0281254821862772e-17,1.0,0.3912243645497915,0.2996,2,500,100
7700,700,0.8222176626749531,0.1777823373250459,0.30545689390834896,0.2609255077905355,2,500,100
7701,701,1.4968481865028902e-17,1.0,0.3825648633422652,0.30086,2,500,100
7702,702,2.8304997284208796e-13,0.9999999999997183,0.3872063226240785,0.298699999999975,2,500,100
7703,703,8.841182571318063e-18,1.0,0.4002117936732037,0.30048,2,500,100
7704,704,0.9902418754284517,0.009758124571547412,0.29819811373713495,0.20206142986344006,2,500,100
7705,705,1.1610009018302863e-17,1.0,0.38358739219796,0.29854,2,500,100
7706,706,3.6803180767541984e-16,0.9999999999999999,0.39696709571893896,0.30199999999999994,2,500,100
7707,707,0.00599168804322116,0.9940083119567763,0.41386027542642384,0.2975631841084889,2,500,100
7708,708,0.1485824647080872,0.8514175352919153,0.3346838807417399,0.2946989387707388,2,500,100
7709,709,9.846005495266225e-18,1.0,0.37492629233495184,0.29912,2,500,100
7710,710,1.2237949700422569e-12,0.9999999999987798,0.3726679157346446,0.29661999999990696,2,500,100
7711,711,1.3059097748380317e-17,1.0,0.4148929881815463,0.29848,2,500,100
7712,712,0.0277588975856139,0.9722411024143842,0.37899056673648457,0.29776527545804005,2,500,100
7713,713,0.0014536707661545055,0.9985463292338452,0.45015812520879694,0.29821913072548073,2,500,100
7714,714,0.9379261778754976,0.0620738221245054,0.3022493357793863,0.23347097425328212,2,500,100
7715,715,0.6541804971384048,0.345819502861595,0.3029776592152296,0.2976637333087285,2,500,100
7716,716,0.008078622585134632,0.9919213774148645,0.3548051477947149,0.29965445839503,2,500,100
7717,717,9.960175822329967e-05,0.9999003982417788,0.41694799303597924,0.29618797208959063,2,500,100
7718,718,4.5577901563548783e-11,0.9999999999544199,0.36740665369101727,0.2996399999969113,2,500,100
7719,719,9.805890898919984e-18,1.0,0.3643575326337738,0.3009,2,500,100
7720,720,6.01906834533978e-16,0.9999999999999997,0.41354764825069057,0.29807999999999996,2,500,100
7721,721,1.1964710494564715e-17,1.0,0.43787507946262766,0.29766,2,500,100
7722,722,8.894137268545818e-18,1.0,0.4030648827594693,0.30124,2,500,100
7723,723,0.3381442391947602,0.6618557608052409,0.2993995743570888,0.2972849529547064,2,500,100
7724,724,0.02446972726719465,0.9755302727328024,0.353776623225269,0.2991636350747092,2,500,100
7725,725,1.0356111848584043e-17,1.0,0.3577593968266807,0.29934,2,500,100
7726,726,9.60004650224772e-18,1.0,0.3850149298826087,0.29912,2,500,100
7727,727,9.696100190583952e-18,1.0,0.3665967388989898,0.29734,2,500,100
7728,728,0.02419409741860973,0.9758059025813854,0.3284787736838489,0.3002162128498837,2,500,100
7729,729,9.6082533457382e-18,1.0,0.3717699628564703,0.30202,2,500,100
7730,730,0.05054566733929949,0.949454332660701,0.36386097978928306,0.2979484049170304,2,500,100
7731,731,0.2588243100240861,0.741175689975912,0.32971549219290625,0.2899199449403179,2,500,100
7732,732,2.536098721584954e-15,0.9999999999999987,0.3874946273715381,0.3004599999999997,2,500,100
7733,733,0.9959217201779912,0.004078279822008607,0.2997693665168584,0.20920017240097147,2,500,100
7734,734,0.9984366837960059,0.0015633162039969289,0.2992758329438838,0.17400818498938234,2,500,100
7735,735,1.4617178186547945e-17,1.0,0.34852658559630256,0.3005,2,500,100
7736,736,0.04771871440300393,0.952281285596996,0.3612657338386964,0.2987571717793475,2,500,100
7737,737,0.00187810421440645,0.9981218957855933,0.4125057123935522,0.29936751467405265,2,500,100
7738,738,1.1223870325582654e-17,1.0,0.3758160619988685,0.2993,2,500,100
7739,739,0.9886240537263564,0.011375946273646286,0.30063885716499306,0.20404406508701953,2,500,100
7740,740,1.0734016064203566e-17,1.0,0.3809481363755312,0.30134,2,500,100
7741,741,0.99207471937422,0.007925280625780724,0.3000846733941095,0.20612290355001328,2,500,100
7742,742,2.5750022523827903e-14,0.9999999999999768,0.38851741353425934,0.3060999999999978,2,500,100
7743,743,1.1232936700033584e-17,1.0,0.39304064618008255,0.29976,2,500,100
7744,744,0.47404997938481075,0.525950020615189,0.31392007852943976,0.29114209952028036,2,500,100
7745,745,1.7261378540907613e-17,1.0,0.41415074935893864,0.29608,2,500,100
7746,746,0.10496189110409206,0.8950381088959067,0.344290809019902,0.2930183452401066,2,500,100
7747,747,0.30594912670053265,0.6940508732994692,0.3266746266899202,0.28599370865332907,2,500,100
7748,748,0.5283600585026148,0.4716399414973847,0.30462361225263745,0.29872162642039457,2,500,100
7749,749,6.942652521763524e-15,0.999999999999994,0.39510355733921954,0.2985999999999993,2,500,100
7750,750,7.114012794198231e-06,0.9999928859872077,0.4492182715577533,0.29871892934575395,2,500,100
7751,751,0.09888390703050905,0.9011160929694922,0.3411165608357609,0.29255837707103877,2,500,100
7752,752,0.8224139427535302,0.17758605724646861,0.30966075001206944,0.2622428944515825,2,500,100
7753,753,0.011710767697941982,0.9882892323020606,0.3746774148462746,0.3004102747750352,2,500,100
7754,754,0.00029571236296757045,0.999704287637034,0.43419118167677345,0.30040043642257774,2,500,100
7755,755,0.9832287140761391,0.016771285923863125,0.2998992181261246,0.22004737300201327,2,500,100
7756,756,9.189510947982364e-18,1.0,0.3564170889745164,0.30072,2,500,100
7757,757,0.014692281242916477,0.9853077187570849,0.40076450000614205,0.2986801479896732,2,500,100
7758,758,0.17985676227371244,0.8201432377262879,0.3193773993779111,0.296335815287916,2,500,100
7759,759,9.489740930716678e-18,1.0,0.38811317750251667,0.29822,2,500,100
7760,760,1.0502194389631018e-17,1.0,0.385845573722879,0.30008,2,500,100
7761,761,7.860376632362564e-17,1.0,0.3929319918047801,0.297,2,500,100
7762,762,2.9643560735088867e-16,1.0,0.3717244800377199,0.30066000000000004,2,500,100
7763,763,2.3111790273016026e-17,1.0,0.38074825285241,0.30142,2,500,100
7764,764,0.017435093077722615,0.9825649069222785,0.3765117012402476,0.29880517956179004,2,500,100
7765,765,0.9438815701265203,0.0561184298734812,0.3009437070897454,0.2424298267629358,2,500,100
7766,766,1.0272298323094315e-17,1.0,0.41032721913806863,0.29668,2,500,100
7767,767,0.8903764285529249,0.1096235714470725,0.30638155000885336,0.2788185909757932,2,500,100
7768,768,1.0994911943640232e-17,1.0,0.3949170474136265,0.30026,2,500,100
7769,769,1.0146613817837155e-17,1.0,0.3608654980423691,0.2968,2,500,100
7770,770,4.892086332007457e-16,1.0,0.38265630395044614,0.29719999999999996,2,500,100
7771,771,5.129040069768348e-16,0.9999999999999999,0.37212728584879545,0.29808,2,500,100
7772,772,0.0021287959495876366,0.9978712040504123,0.4214110608510479,0.295191303892629,2,500,100
7773,773,1.5005086939208418e-17,1.0,0.434257760996909,0.29882,2,500,100
7774,774,1.2651134137173905e-17,1.0,0.41686866257466904,0.29898,2,500,100
7775,775,0.0015685923450868332,0.9984314076549108,0.43082267519643846,0.29494686624619815,2,500,100
7776,776,1.2890339065598261e-17,1.0,0.4097761450471937,0.2988,2,500,100
7777,777,0.20350379822602524,0.7964962017739727,0.3167183159525124,0.29733552929498935,2,500,100
7778,778,0.005761850024025281,0.9942381499759727,0.3977695737085302,0.3010426741112314,2,500,100
7779,779,4.180230009694654e-14,0.9999999999999608,0.38592356531182126,0.2999399999999964,2,500,100
7780,780,0.003025580641290125,0.9969744193587115,0.46790081083058876,0.30270017214566614,2,500,100
7781,781,9.339657218007186e-18,1.0,0.37995964220563466,0.3,2,500,100
7782,782,0.002209222342568796,0.9977907776574317,0.39117268688784756,0.2977135279379301,2,500,100
7783,783,0.3723080171918058,0.6276919828081943,0.322957775457266,0.2881353210434343,2,500,100
7784,784,0.012996695874549725,0.9870033041254527,0.3882305098242512,0.2997703096817461,2,500,100
7785,785,1.2242376054158021e-14,0.9999999999999897,0.38558330314222783,0.2988799999999989,2,500,100
7786,786,0.5112794883051793,0.48872051169482056,0.3054367207206026,0.2912840085771808,2,500,100
7787,787,1.3826010372492967e-15,0.9999999999999994,0.3842907354218203,0.30049999999999993,2,500,100
7788,788,1.0273217360186296e-17,1.0,0.3990872889225578,0.30246,2,500,100
7789,789,0.0017207835013859191,0.9982792164986113,0.40941549958092455,0.3015543943897458,2,500,100
7790,790,5.517682220321969e-13,0.99999999999945,0.3886808868427571,0.3006399999999514,2,500,100
7791,791,0.7874603892690053,0.21253961073099423,0.31390053899251086,0.26637744925986434,2,500,100
7792,792,9.185055414261301e-18,1.0,0.35830632011232877,0.29686,2,500,100
7793,793,0.027455110687234094,0.9725448893127658,0.3217451844052175,0.30004419698845036,2,500,100
7794,794,9.831349886004437e-18,1.0,0.38086041680474564,0.3013,2,500,100
7795,795,0.016310892350932957,0.9836891076490656,0.34394484752738724,0.29672988177628074,2,500,100
7796,796,0.00047752508673929296,0.9995224749132592,0.4302771128006046,0.29817691884342234,2,500,100
7797,797,7.318107373587817e-06,0.9999926818926235,0.414783960440605,0.29939915560160885,2,500,100
7798,798,0.27186125991414245,0.728138740085857,0.31565736213501067,0.29401675812985545,2,500,100
7799,799,0.006327866456759293,0.9936721335432432,0.39386671856465405,0.29946262349341796,2,500,100
7800,800,1.1569212796609091e-17,1.0,0.41413324371293847,0.30138,2,500,100
7801,801,0.4265024527466542,0.5734975472533457,0.31096756647711926,0.29477296107453255,2,500,100
7802,802,1.0375112216218483e-17,1.0,0.3694771075277641,0.29806,2,500,100
7803,803,0.00013574507232376047,0.9998642549276754,0.38983937142412645,0.3000078058076285,2,500,100
7804,804,2.3267983346624826e-17,1.0,0.3787546927550308,0.29908,2,500,100
7805,805,1.0205342715700447e-17,1.0,0.3904491204747466,0.2974,2,500,100
7806,806,0.6352726743205136,0.36472732567948585,0.30965355578777476,0.28971110761988894,2,500,100
7807,807,6.547179959615883e-15,0.9999999999999956,0.38572649776158086,0.30249999999999944,2,500,100
7808,808,1.2466755663986721e-17,1.0,0.4225309353411039,0.30126,2,500,100
7809,809,0.8737943651877269,0.1262056348122696,0.3087191668335839,0.2589657081791894,2,500,100
7810,810,1.3772782941352316e-17,1.0,0.3886811629270065,0.29934,2,500,100
7811,811,1.041976851573898e-17,1.0,0.3772473013770546,0.29996,2,500,100
7812,812,0.9442355279392174,0.05576447206078006,0.3050278357657717,0.23961278508985448,2,500,100
7813,813,9.55936081484217e-18,1.0,0.37136212734402285,0.29874,2,500,100
7814,814,0.02793900365390941,0.9720609963460896,0.377380860087919,0.2957184331555494,2,500,100
7815,815,1.1423307710460573e-14,0.9999999999999912,0.3779562381337608,0.30053999999999914,2,500,100
7816,816,3.712624418555821e-17,1.0,0.3793286208907723,0.2965,2,500,100
7817,817,0.8293993087753243,0.17060069122467392,0.30809411761295535,0.2579529514104696,2,500,100
7818,818,0.0019303630457409128,0.9980696369542573,0.45943362639839425,0.2976877717794418,2,500,100
7819,819,5.934400770282228e-17,1.0,0.416068608775983,0.30252,2,500,100
7820,820,1.0072627057254732e-17,1.0,0.3815118511090965,0.29724,2,500,100
7821,821,0.18480584477773604,0.8151941552222629,0.33446795735423634,0.29731367066043846,2,500,100
7822,822,0.003588397935725716,0.996411602064276,0.4451099673019813,0.29745013777252693,2,500,100
7823,823,3.855310154205497e-15,0.9999999999999974,0.3921052798736894,0.2989599999999996,2,500,100
7824,824,1.1373480831703797e-17,1.0,0.39532492543333764,0.29508,2,500,100
7825,825,9.91858817802483e-18,1.0,0.3795915232107769,0.30032,2,500,100
7826,826,0.7402037687550924,0.25979623124490897,0.3070470404237521,0.2754567421949248,2,500,100
7827,827,0.06066987643712105,0.9393301235628807,0.3113444644689335,0.29509409190445596,2,500,100
7828,828,8.82706529124046e-16,0.9999999999999994,0.409894841984939,0.3009199999999999,2,500,100
7829,829,1.0232006396828566e-17,1.0,0.395047833206284,0.30206,2,500,100
7830,830,0.03422189566277361,0.9657781043372303,0.36800002378214036,0.3030161278951965,2,500,100
7831,831,5.0843199141109836e-17,1.0,0.3562259562348462,0.29606,2,500,100
7832,832,0.979451222870717,0.020548777129283585,0.3040354145969798,0.2195819901395872,2,500,100
7833,833,1.5968321163483342e-06,0.9999984031678825,0.360586006880988,0.30039990389289783,2,500,100
7834,834,0.00022034997367051165,0.9997796500263311,0.4247283841235217,0.3017729067638012,2,500,100
7835,835,9.120602074431396e-18,1.0,0.3802116217158413,0.29894,2,500,100
7836,836,6.5212796604569195e-15,0.9999999999999949,0.3872572582604536,0.29885999999999935,2,500,100
7837,837,0.953415289447154,0.04658471055284814,0.3040153783831156,0.23628117233849558,2,500,100
7838,838,0.00640243255908455,0.9935975674409167,0.42488188862810206,0.2980076965416783,2,500,100
7839,839,0.0059049735309384815,0.9940950264690639,0.3773713710531941,0.299158153017731,2,500,100
7840,840,3.910319050753986e-06,0.9999960896809469,0.41120708242997117,0.2986595599032786,2,500,100
7841,841,0.18252655419573788,0.817473445804264,0.3078218205925856,0.2997948680031595,2,500,100
7842,842,1.3794112424550415e-05,0.9999862058875749,0.36968295331219125,0.3014990594637027,2,500,100
7843,843,1.7864978643714058e-15,0.999999999999999,0.37791453209512293,0.2999999999999999,2,500,100
7844,844,4.9839458426006305e-05,0.9999501605415753,0.34313612251601877,0.3000978549960552,2,500,100
7845,845,1.0872355288917423e-17,1.0,0.3842067951530266,0.30094,2,500,100
7846,846,0.04805954157376206,0.9519404584262356,0.35967115665314314,0.2951596043711139,2,500,100
7847,847,0.8278499445037226,0.17215005549627813,0.3059644992734647,0.2633011422835884,2,500,100
7848,848,1.3907895160844555e-17,1.0,0.39054115862704486,0.29918,2,500,100
7849,849,1.0439876779902817e-17,1.0,0.3566660996406923,0.30042,2,500,100
7850,850,7.666325088438927e-15,0.9999999999999932,0.40900185844905224,0.29715999999999915,2,500,100
7851,851,1.0681475487829924e-17,1.0,0.373594072205054,0.2988,2,500,100
7852,852,0.025726230763195572,0.9742737692368019,0.3775568011110066,0.2980136546587383,2,500,100
7853,853,1.0117568446637515e-17,1.0,0.3598199437504389,0.29882,2,500,100
7854,854,0.16879425269255766,0.8312057473074417,0.3371720954017823,0.2931251244558026,2,500,100
7855,855,3.243369127863168e-14,0.9999999999999697,0.40325768876845186,0.30255999999999666,2,500,100
7856,856,0.8872801132062125,0.11271988679378456,0.2994834510417989,0.2742576357692828,2,500,100
7857,857,0.9583068383918568,0.04169316160814346,0.3003384604362432,0.29365965687463497,2,500,100
7858,858,0.4214937100259645,0.5785062899740345,0.31002798445520463,0.29317771917003,2,500,100
7859,859,1.7142466273241046e-16,1.0,0.3765542528844081,0.30273999999999995,2,500,100
7860,860,1.0300877817057035e-17,1.0,0.4072312032940341,0.29734,2,500,100
7861,861,0.008111683831154202,0.9918883161688449,0.32006307844144344,0.2982631660027505,2,500,100
7862,862,0.10604064699884139,0.8939593530011589,0.31447051514793234,0.2969635500992518,2,500,100
7863,863,9.890359473602466e-18,1.0,0.3927307659843325,0.30212,2,500,100
7864,864,0.17935068170533675,0.8206493182946638,0.33699904977525547,0.29079289456385227,2,500,100
7865,865,0.0027638385981038093,0.9972361614018945,0.426566240265264,0.29964922184573595,2,500,100
7866,866,0.2642791826166859,0.7357208173833121,0.3027368120771204,0.29602664164225523,2,500,100
7867,867,0.8532706134653892,0.14672938653461132,0.3041333527658005,0.26233291380360413,2,500,100
7868,868,0.030643425956584137,0.9693565740434155,0.36367069423770326,0.29825545289549804,2,500,100
7869,869,0.5875556682269839,0.41244433177301576,0.30822738134649863,0.2935650842056891,2,500,100
7870,870,9.599508765231002e-18,1.0,0.3859772683592421,0.299,2,500,100
7871,871,1.0688023498549615e-17,1.0,0.4086636168214445,0.29954,2,500,100
7872,872,1.2425622308177833e-09,0.9999999987574346,0.40412778939962934,0.30199999987309983,2,500,100
7873,873,0.00226523095878006,0.9977347690412195,0.4455683457995466,0.29824628149903515,2,500,100
7874,874,1.8499869169536075e-17,1.0,0.4255652141566672,0.30112,2,500,100
7875,875,1.1361677156655517e-17,1.0,0.39996591614564075,0.30088,2,500,100
7876,876,0.06585692429793286,0.9341430757020657,0.3602765706348246,0.29637140215733104,2,500,100
7877,877,9.630562848272271e-18,1.0,0.3780121878774301,0.29958,2,500,100
7878,878,3.4553368733780035e-13,0.9999999999996554,0.4362044634762702,0.29735999999995205,2,500,100
7879,879,1.1163488646923035e-14,0.999999999999991,0.3743315036325889,0.30423999999999923,2,500,100
7880,880,2.0614558106697987e-11,0.9999999999793867,0.3887932463212906,0.30063999999818275,2,500,100
7881,881,7.798673970733423e-16,0.9999999999999996,0.40910683996017355,0.3024999999999999,2,500,100
7882,882,9.896930090827763e-18,1.0,0.40824250410481816,0.29822,2,500,100
7883,883,0.3273564936056495,0.67264350639435,0.3120843554275184,0.2945946222840584,2,500,100
7884,884,9.987005366934637e-17,1.0,0.35858997790788616,0.2995,2,500,100
7885,885,2.7486621201566055e-11,0.9999999999725138,0.358114189967359,0.29831999999835646,2,500,100
7886,886,9.770416766992459e-18,1.0,0.36325790703685024,0.29994,2,500,100
7887,887,1.3148172671749825e-17,1.0,0.39130633594690156,0.30122,2,500,100
7888,888,0.8115764380254478,0.188423561974555,0.30552014517021925,0.2589222299296351,2,500,100
7889,889,1.0968363113883565e-17,1.0,0.39367628115468234,0.2984,2,500,100
7890,890,1.0176846351266582e-17,1.0,0.35522197152778956,0.29942,2,500,100
7891,891,0.006657475985100434,0.993342524014898,0.42394779351528467,0.2988471454397164,2,500,100
7892,892,0.4178981853080527,0.5821018146919472,0.31999021438000225,0.28403393688397927,2,500,100
7893,893,1.0445161979900802e-17,1.0,0.3967327998558578,0.30146,2,500,100
7894,894,0.006183935365585152,0.9938160646344147,0.3973082383340864,0.2996561256468292,2,500,100
7895,895,0.9987967413097463,0.0012032586902543073,0.2965378085933553,0.21525138685585937,2,500,100
7896,896,0.9986616501300299,0.0013383498699690033,0.3014333102907019,0.18688158197059898,2,500,100
7897,897,7.834072958374573e-14,0.9999999999999241,0.4036926461042063,0.3002199999999918,2,500,100
7898,898,1.3008738406813393e-16,1.0,0.3835908294819099,0.30078,2,500,100
7899,899,9.943689161243985e-18,1.0,0.37587407564063935,0.29982,2,500,100
7900,900,0.0032951771728194743,0.9967048228271819,0.35881570350423087,0.3030562627637026,2,500,100
7901,901,0.006398901890784237,0.9936010981092183,0.4231954489688526,0.2972742425541834,2,500,100
7902,902,9.144988814832408e-18,1.0,0.37291287980417337,0.29846,2,500,100
7903,903,0.0009664271910281555,0.9990335728089723,0.45232261177602023,0.2971099983099559,2,500,100
7904,904,1.2352003695515628e-10,0.9999999998764788,0.3601871678038919,0.30135999999273366,2,500,100
7905,905,9.2680154827416e-18,1.0,0.384256732939852,0.29852,2,500,100
7906,906,0.15219277916911286,0.8478072208308848,0.3495626318307635,0.29211722368357546,2,500,100
7907,907,2.8266913338891e-15,0.9999999999999982,0.3801687015589591,0.2986799999999998,2,500,100
7908,908,1.0001012100753889e-17,1.0,0.37460695333724325,0.30326,2,500,100
7909,909,0.7156853709448092,0.28431462905519117,0.3099349334415201,0.28427697322413004,2,500,100
7910,910,1.3045194367760476e-15,0.9999999999999993,0.3858257120089834,0.29979999999999984,2,500,100
7911,911,1.0825816894213918e-17,1.0,0.3912054876183116,0.30106,2,500,100
7912,912,0.0031776242163764497,0.9968223757836218,0.4482301630093677,0.3030988271526266,2,500,100
7913,913,1.105462373938245e-17,1.0,0.3957257059855267,0.3005,2,500,100
7914,914,0.017856995648397284,0.9821430043516047,0.34404062198689833,0.29956581353908407,2,500,100
7915,915,1.1984809701741253e-14,0.999999999999989,0.4303649561112791,0.3004999999999985,2,500,100
7916,916,0.9461980580014804,0.053801941998517136,0.30232600026078227,0.24385226968672744,2,500,100
7917,917,0.9702954733534654,0.02970452664653833,0.30257955239877576,0.25748365120110905,2,500,100
7918,918,1.0079783373633164e-17,1.0,0.37827331593599894,0.30038,2,500,100
7919,919,0.9856677954440084,0.014332204555993069,0.3027345236256501,0.21659818494676167,2,500,100
7920,920,0.1649115024924777,0.8350884975075238,0.34169715123286143,0.2926758183381491,2,500,100
7921,921,6.416967781636558e-05,0.9999358303221856,0.4582132407241561,0.298429746744671,2,500,100
7922,922,0.000826788960388476,0.9991732110396131,0.4446415948728503,0.30112133903688265,2,500,100
7923,923,4.020763815186349e-15,0.9999999999999969,0.40605609334537895,0.30007999999999957,2,500,100
7924,924,7.767246243290136e-08,0.999999922327536,0.37610150314901836,0.2950199937021995,2,500,100
7925,925,1.1936678925896833e-17,1.0,0.40219833050087905,0.30204,2,500,100
7926,926,0.022450309155676928,0.9775496908443246,0.3950087919504424,0.292621370740177,2,500,100
7927,927,0.12224735425941824,0.877752645740584,0.3286501386245753,0.29689843868972576,2,500,100
7928,928,1.524283900508996e-05,0.9999847571609917,0.3671366125732129,0.2993989674859813,2,500,100
7929,929,0.10345789512245072,0.8965421048775488,0.3537015574459338,0.29489611243771013,2,500,100
7930,930,0.056583884407352375,0.9434161155926472,0.35522074355484884,0.2965607920867905,2,500,100
7931,931,1.0754061856825191e-17,1.0,0.3806742200108976,0.29976,2,500,100
7932,932,1.8099591128608262e-12,0.9999999999981884,0.3665291535847774,0.2998399999998793,2,500,100
7933,933,0.9596532261288074,0.04034677387118985,0.30231244850920846,0.23855398005219522,2,500,100
7934,934,0.9813869075383397,0.01861309246165757,0.3014618711414705,0.21647485757942636,2,500,100
7935,935,0.9847523884108826,0.015247611589119437,0.30134006615722675,0.2803488338349727,2,500,100
7936,936,0.14421146300778734,0.8557885369922142,0.3098163296035833,0.2987664858690331,2,500,100
7937,937,0.0025032690017088026,0.9974967309982895,0.4796441797376506,0.2996293745182456,2,500,100
7938,938,1.0140116460816745e-17,1.0,0.3579256605336761,0.2987,2,500,100
7939,939,3.4359595772113534e-15,0.9999999999999982,0.37844320511328805,0.29839999999999983,2,500,100
7940,940,1.107730216618185e-17,1.0,0.40551985114434996,0.3007,2,500,100
7941,941,1.911210446498938e-14,0.9999999999999826,0.3912848602239978,0.3001799999999983,2,500,100
7942,942,1.128858877173751e-17,1.0,0.4037585701275565,0.30166,2,500,100
7943,943,9.10758820865897e-18,1.0,0.37067196807187175,0.29984,2,500,100
7944,944,9.167430198515956e-18,1.0,0.36896354598573866,0.29858,2,500,100
7945,945,0.9941536458771986,0.0058463541228010885,0.29883572202856024,0.19693939210271558,2,500,100
7946,946,0.2003531815830465,0.7996468184169528,0.31858840482141826,0.2928665431848809,2,500,100
7947,947,1.1829208377484666e-17,1.0,0.4323855877086155,0.30022,2,500,100
7948,948,0.18790441138650282,0.8120955886134955,0.30811785062490005,0.2993776841661482,2,500,100
7949,949,0.9541697500995635,0.04583024990043473,0.3047896376239517,0.23519286189435865,2,500,100
7950,950,0.9933605149468987,0.006639485053102119,0.3021525140672162,0.17073960173471184,2,500,100
7951,951,8.220154222103203e-16,0.9999999999999999,0.35236420599495916,0.3014599999999999,2,500,100
7952,952,0.029406974454676132,0.9705930255453236,0.30900708807133415,0.2962446966824464,2,500,100
7953,953,1.9678127750514898e-17,1.0,0.36745316832138947,0.30116,2,500,100
7954,954,0.1220425705597082,0.8779574294402935,0.3476921728457441,0.2956940106172544,2,500,100
7955,955,0.002165913678276139,0.9978340863217242,0.33497978016886687,0.29453239445402973,2,500,100
7956,956,0.8605297299463387,0.139470270053662,0.31043815816425263,0.2644200486289144,2,500,100
7957,957,0.0031001698835010907,0.9968998301164974,0.4549255471538241,0.30172505244015113,2,500,100
7958,958,9.986942979133988e-18,1.0,0.4044861769312336,0.29954,2,500,100
7959,959,0.9829909287339123,0.01700907126608528,0.3013503372398356,0.20785097945852224,2,500,100
7960,960,0.010039308802270906,0.9899606911977289,0.4414065512716235,0.2996973374422398,2,500,100
7961,961,3.667180632552668e-17,1.0,0.40048617397040664,0.30092,2,500,100
7962,962,0.00735947119369808,0.9926405288063016,0.4007233221392113,0.30082479970182907,2,500,100
7963,963,3.7855322578871294e-06,0.9999962144677405,0.36619924759029593,0.3003997509138827,2,500,100
7964,964,0.9955006211261583,0.004499378873841517,0.30273647027768774,0.22795497551539273,2,500,100
7965,965,0.26408647095368376,0.7359135290463151,0.32491177816334055,0.2882066802174642,2,500,100
7966,966,0.013715360180389567,0.9862846398196101,0.40467977773080616,0.29714512348514716,2,500,100
7967,967,1.903930341014867e-15,0.9999999999999987,0.38925252196385235,0.2986799999999998,2,500,100
7968,968,1.0346556288800361e-17,1.0,0.3632636924981648,0.29974,2,500,100
7969,969,0.6778606858920756,0.32213931410792424,0.3056658103021342,0.2859668476973768,2,500,100
7970,970,2.0153016870876418e-16,1.0,0.36475245881582724,0.3005999999999999,2,500,100
7971,971,3.150022192871421e-15,0.9999999999999978,0.38620750786928415,0.30173999999999973,2,500,100
7972,972,9.534586160809443e-18,1.0,0.3844529575531343,0.30012,2,500,100
7973,973,0.036763816927155295,0.9632361830728422,0.36341099369877683,0.29847261742305253,2,500,100
7974,974,0.5555420289519041,0.4444579710480962,0.3118353275651039,0.2759369331061656,2,500,100
7975,975,0.020035679866099606,0.9799643201339037,0.4023722811225701,0.30104993796929796,2,500,100
7976,976,0.03362971304262649,0.9663702869573748,0.3456278357698991,0.30023339808699245,2,500,100
7977,977,0.026341998770959395,0.9736580012290371,0.3418513397388373,0.3005315542617461,2,500,100
7978,978,1.1082430710900644e-17,1.0,0.39755208154927685,0.30234,2,500,100
7979,979,1.2317231834065325e-17,1.0,0.4040842905225717,0.3001,2,500,100
7980,980,0.2724719011743354,0.7275280988256625,0.3226899889162529,0.29158467634787094,2,500,100
7981,981,9.835224701736684e-18,1.0,0.35300847952206316,0.29708,2,500,100
7982,982,9.772456915756996e-18,1.0,0.3696202480675689,0.2967,2,500,100
7983,983,0.00019038514186339855,0.9998096148581407,0.4181073678072968,0.29767707186102166,2,500,100
7984,984,0.7700782927618618,0.22992170723813593,0.31004264510049195,0.2700175199783978,2,500,100
7985,985,0.007254073960483336,0.9927459260395166,0.42317754548511904,0.2991402240967888,2,500,100
7986,986,0.003089227433800751,0.9969107725661975,0.4647750992943747,0.29543687571412475,2,500,100
7987,987,2.7657443109363986e-14,0.999999999999973,0.4380148628332449,0.29671999999999615,2,500,100
7988,988,1.0306288445030968e-17,1.0,0.37867610906137616,0.30206,2,500,100
7989,989,0.013781275228908452,0.986218724771092,0.352072903270803,0.3009758169905769,2,500,100
7990,990,1.6512608037273715e-13,0.9999999999998386,0.3717098326088945,0.30359999999998877,2,500,100
7991,991,0.12634810702889412,0.8736518929711057,0.3414481994141844,0.2927008668017054,2,500,100
7992,992,0.09512045715223554,0.9048795428477616,0.32105559900802805,0.29982006643365444,2,500,100
7993,993,6.454454712776492e-17,1.0,0.4072970497499228,0.30186,2,500,100
7994,994,0.9779018379971895,0.022098162002808085,0.30238431240063024,0.2315950585056057,2,500,100
7995,995,1.0493995051795707e-15,0.9999999999999993,0.3931261295490386,0.2980999999999999,2,500,100
7996,996,1.133294563419944e-17,1.0,0.3811443366442676,0.29716,2,500,100
7997,997,8.670576458089541e-15,0.9999999999999928,0.3915490166770055,0.29947999999999925,2,500,100
7998,998,0.2850594871816151,0.7149405128183869,0.32777759944513263,0.2858473983897229,2,500,100
7999,999,0.07080867666794136,0.9291913233320576,0.300528640837547,0.29610690256429933,2,500,100
8000,0,1.9457421854140596e-17,1.0,0.4204912565940157,0.29899,2,1000,100
8001,1,0.0007007797236988222,0.9992992202763014,0.3569366786562715,0.2970980663137761,2,1000,100
8002,2,5.33507816133519e-18,1.0,0.36101778984687355,0.29645,2,1000,100
8003,3,0.06885822405529231,0.9311417759447039,0.3539866867511506,0.2990899051098273,2,1000,100
8004,4,6.194988558083733e-18,1.0,0.44418117410152463,0.29885,2,1000,100
8005,5,6.61222533791536e-11,0.9999999999338802,0.4410842187746941,0.30146999999076846,2,1000,100
8006,6,7.28378155237851e-15,0.9999999999999957,0.3693917361541781,0.29755999999999955,2,1000,100
8007,7,0.009237578233984974,0.9907624217660141,0.3489752620977434,0.30214742418374096,2,1000,100
8008,8,0.0010411975516241715,0.9989588024483785,0.3422672917326185,0.3005565708995922,2,1000,100
8009,9,5.4618103014127535e-18,1.0,0.417473137696788,0.30345,2,1000,100
8010,10,1.1854379696439098e-14,0.9999999999999911,0.3886975629728358,0.30061999999999894,2,1000,100
8011,11,5.3580631155983724e-18,1.0,0.37815230830058155,0.30114,2,1000,100
8012,12,5.074790681041786e-18,1.0,0.37445522249270075,0.29935,2,1000,100
8013,13,0.03220532692680187,0.9677946730731921,0.37686757238509655,0.30010793064290864,2,1000,100
8014,14,1.1520589447841158e-11,0.9999999999884805,0.4021216573123381,0.3003399999988275,2,1000,100
8015,15,0.9947201313188484,0.005279868681161375,0.30053997467512805,0.1982695002114877,2,1000,100
8016,16,1.2148815205132793e-15,0.9999999999999992,0.4122812730277432,0.29900999999999983,2,1000,100
8017,17,0.9567125811212389,0.04328741887876223,0.3008912135540038,0.2731414981605286,2,1000,100
8018,18,4.5284347059427294e-18,1.0,0.40802790993560945,0.30158,2,1000,100
8019,19,0.1527206003514619,0.8472793996485346,0.3198261229315609,0.29879867562320994,2,1000,100
8020,20,7.07544091205516e-18,1.0,0.3736698953376914,0.29968,2,1000,100
8021,21,0.25577372096111806,0.7442262790388823,0.3192882815269818,0.2938816517699668,2,1000,100
8022,22,0.853834723464026,0.1461652765359705,0.3069781616109403,0.2620416228747795,2,1000,100
8023,23,0.9970502348914769,0.002949765108526634,0.2984283414178235,0.24813911079579995,2,1000,100
8024,24,0.19675344162441658,0.8032465583755819,0.3075600327793846,0.2932679917370915,2,1000,100
8025,25,3.9863608578700684e-17,1.0,0.40995280134421036,0.30009,2,1000,100
8026,26,5.133270312117147e-18,1.0,0.4187525630060306,0.30088,2,1000,100
8027,27,2.7235243363944043e-13,0.9999999999997301,0.4266181748761696,0.30052999999996566,2,1000,100
8028,28,0.0005716189203302348,0.9994283810796669,0.4563838266588261,0.3010612146562242,2,1000,100
8029,29,0.0077572513989750454,0.9922427486010238,0.40041761495364675,0.299214945450416,2,1000,100
8030,30,0.0007939662216121634,0.9992060337783859,0.4499607734251341,0.3021626532849909,2,1000,100
8031,31,5.946787622312574e-07,0.9999994053212415,0.44803638460544293,0.29898991136522773,2,1000,100
8032,32,4.7053893097985226e-14,0.9999999999999548,0.42746352332042425,0.29809999999999387,2,1000,100
8033,33,0.008948898011323668,0.9910511019886774,0.3330799967770033,0.3014267382174243,2,1000,100
8034,34,0.971889081430254,0.02811091856974569,0.30273440810345664,0.22253752311503827,2,1000,100
8035,35,0.9571023444708343,0.04289765552916561,0.3045951228936684,0.25552197734059423,2,1000,100
8036,36,0.02118975298957215,0.9788102470104306,0.3597746800618896,0.29729609419841513,2,1000,100
8037,37,2.731469200475668e-17,1.0,0.4156959255227898,0.30071,2,1000,100
8038,38,5.297309338695427e-10,0.9999999994702693,0.48364932113230197,0.3022599999039124,2,1000,100
8039,39,0.9930813743454282,0.006918625654571203,0.30084183745217896,0.19795471973268228,2,1000,100
8040,40,0.9815804249832383,0.018419575016759827,0.2996368299925274,0.22054542906705601,2,1000,100
8041,41,4.92676314622557e-18,1.0,0.38167460419931876,0.30126,2,1000,100
8042,42,0.14994373114979465,0.8500562688502098,0.3075700099273777,0.29526493047478336,2,1000,100
8043,43,1.7120100354235154e-05,0.9999828798996488,0.3683038980735035,0.29824880064970166,2,1000,100
8044,44,4.824439860349567e-18,1.0,0.3978724885546805,0.30045,2,1000,100
8045,45,0.002251909604881448,0.997748090395116,0.37100940927906906,0.30074176361381405,2,1000,100
8046,46,0.7551778616764302,0.24482213832356445,0.310453635082288,0.2736774058411705,2,1000,100
8047,47,3.7685813719476597e-16,1.0,0.3862875563800994,0.30213999999999996,2,1000,100
8048,48,0.1650649442097021,0.8349350557903106,0.3126096679620983,0.29807001259859506,2,1000,100
8049,49,0.840881327943526,0.1591186720564749,0.3095571050709406,0.26658851450531573,2,1000,100
8050,50,0.9942820080462921,0.005717991953707271,0.29945736562664815,0.18099521455471282,2,1000,100
8051,51,4.599265046463761e-18,1.0,0.39591007451224886,0.2994,2,1000,100
8052,52,5.340225342985797e-18,1.0,0.3834893056018933,0.29978,2,1000,100
8053,53,0.997085525556797,0.0029144744432007793,0.3012764072573337,0.1961434704945866,2,1000,100
8054,54,0.1689044987073507,0.8310955012926478,0.3130849898236853,0.29633000823369104,2,1000,100
8055,55,0.0026533519237662657,0.9973466480762353,0.46891227419426723,0.2994002248778448,2,1000,100
8056,56,0.0023165896271310897,0.9976834103728656,0.4892097087956384,0.30099398139824823,2,1000,100
8057,57,4.925675581585257e-18,1.0,0.3974651680247391,0.30039,2,1000,100
8058,58,5.0893151414775764e-18,1.0,0.38147956352183787,0.29911,2,1000,100
8059,59,0.05577601856194447,0.9442239814380564,0.3540614974957635,0.29711367732509875,2,1000,100
8060,60,4.643116533337021e-18,1.0,0.3960726371473327,0.29972,2,1000,100
8061,61,0.9969803752570519,0.00301962474295402,0.3020322518808519,0.19862474020888463,2,1000,100
8062,62,2.438737134148691e-16,1.0,0.3861385252204646,0.29852999999999996,2,1000,100
8063,63,0.0940983669459667,0.9059016330540364,0.3203225639814658,0.2974143770169458,2,1000,100
8064,64,5.1355161600887805e-18,1.0,0.3994954292325126,0.29961,2,1000,100
8065,65,5.353320807942223e-18,1.0,0.3903931978455101,0.30122,2,1000,100
8066,66,4.945705964562856e-18,1.0,0.40028454520358814,0.29914,2,1000,100
8067,67,5.272513889872414e-18,1.0,0.39462392243703454,0.30078,2,1000,100
8068,68,1.2328038457157243e-11,0.9999999999876783,0.39580583124607854,0.2991399999988083,2,1000,100
8069,69,4.991896916148734e-18,1.0,0.3929338200908184,0.30013,2,1000,100
8070,70,0.00043297928175019837,0.9995670207182523,0.4577645375416238,0.30167241534504446,2,1000,100
8071,71,1.3038289374456304e-17,1.0,0.3775138237485363,0.30101,2,1000,100
8072,72,5.081872986834406e-18,1.0,0.40093529078067014,0.30158,2,1000,100
8073,73,2.2717670476596175e-11,0.9999999999772862,0.4195795723936169,0.301479999997317,2,1000,100
8074,74,4.687936729924553e-18,1.0,0.37256130656340747,0.29988,2,1000,100
8075,75,5.521145807231802e-18,1.0,0.3990945924527728,0.29976,2,1000,100
8076,76,4.9263648898933906e-18,1.0,0.3739479585655226,0.29998,2,1000,100
8077,77,0.012050871027330028,0.9879491289726633,0.37898627762071,0.2970425061788613,2,1000,100
8078,78,3.601191959757322e-17,1.0,0.38526516641480524,0.29985,2,1000,100
8079,79,0.00475672922419026,0.99524327077581,0.40718144485671215,0.3002714581418356,2,1000,100
8080,80,4.605170896797451e-18,1.0,0.3803251508888518,0.29839,2,1000,100
8081,81,0.0023706628914977406,0.9976293371084994,0.34073520969657706,0.299933272361258,2,1000,100
8082,82,5.396197939977018e-18,1.0,0.42291184554075945,0.29994,2,1000,100
8083,83,7.622803490187801e-18,1.0,0.40119903817174807,0.30163,2,1000,100
8084,84,5.0948306171452895e-18,1.0,0.3764503786394483,0.30039,2,1000,100
8085,85,1.0784666359317562e-17,1.0,0.41232782307902627,0.3017,2,1000,100
8086,86,4.518251078886991e-18,1.0,0.3891525658018477,0.30065,2,1000,100
8087,87,0.0018355148799052427,0.9981644851200852,0.33330775668261753,0.2980753303572246,2,1000,100
8088,88,5.279832018506173e-18,1.0,0.39237318197100035,0.29893,2,1000,100
8089,89,1.0682178583953424e-12,0.9999999999989337,0.4169959727205986,0.30011999999987515,2,1000,100
8090,90,5.8293068883211164e-18,1.0,0.3993419599389767,0.3012,2,1000,100
8091,91,0.015281814098992033,0.984718185901009,0.3987258912996864,0.30045829282820435,2,1000,100
8092,92,0.9989429853869773,0.0010570146130245031,0.29914585942038835,0.17061459910070473,2,1000,100
8093,93,5.0900593921819136e-18,1.0,0.40155854122496576,0.29941,2,1000,100
8094,94,5.2981654139821485e-18,1.0,0.37482332501044,0.30052,2,1000,100
8095,95,3.4208741700067164e-17,1.0,0.39052545856363724,0.29883,2,1000,100
8096,96,0.0018549516595360801,0.9981450483404598,0.41505127463918134,0.30108860475637583,2,1000,100
8097,97,0.0018457682115560338,0.9981542317884442,0.48604050750727873,0.30001664306442055,2,1000,100
8098,98,5.050470063665782e-18,1.0,0.38455044128729904,0.29886,2,1000,100
8099,99,4.73032265968124e-18,1.0,0.3959347045299952,0.3002,2,1000,100
8100,100,0.981450390431758,0.01854960956823939,0.30165891307857434,0.21761870334588326,2,1000,100
8101,101,5.4705045632527696e-11,0.9999999999453026,0.4194297603718301,0.29937999999343273,2,1000,100
8102,102,0.006863310123668202,0.9931366898763326,0.42422121835641724,0.3009640478135988,2,1000,100
8103,103,7.183082628284804e-18,1.0,0.3856780658836207,0.30051,2,1000,100
8104,104,0.0010796201486587978,0.9989203798513386,0.4842052720076171,0.2986596812417144,2,1000,100
8105,105,0.01361432083328698,0.9863856791667129,0.3513770536293217,0.29863191070178696,2,1000,100
8106,106,0.0003343070507178949,0.9996656929492842,0.4642383436771859,0.3000851224207359,2,1000,100
8107,107,0.014073840969146453,0.9859261590308601,0.3951762719990109,0.3004569351160056,2,1000,100
8108,108,6.680833255859512e-13,0.9999999999993355,0.3821464769533611,0.30024999999994534,2,1000,100
8109,109,1.5982910371790948e-14,0.9999999999999858,0.4419100965601474,0.30081999999999776,2,1000,100
8110,110,4.77471605908254e-18,1.0,0.3818516013950425,0.30271,2,1000,100
8111,111,5.674395479475336e-18,1.0,0.44386501003293694,0.2998,2,1000,100
8112,112,4.637187422369214e-18,1.0,0.3831060404631893,0.29837,2,1000,100
8113,113,0.9293591157351353,0.07064088426486989,0.3028400758773036,0.24522364143343756,2,1000,100
8114,114,4.896074812511125e-18,1.0,0.3876811088952065,0.29922,2,1000,100
8115,115,4.728348859676258e-18,1.0,0.3665856413842429,0.3016,2,1000,100
8116,116,2.014851424184134e-05,0.9999798514857601,0.4014765548086055,0.29799791505915324,2,1000,100
8117,117,0.40823163515542377,0.5917683648445758,0.30553323338136334,0.2971292130301411,2,1000,100
8118,118,0.0015145768898341151,0.9984854231101665,0.4339971787315214,0.2981642706164901,2,1000,100
8119,119,0.0034228670482310147,0.9965771329517665,0.4452910669793818,0.30164833000890606,2,1000,100
8120,120,0.05078205194378087,0.949217948056221,0.3441573311348182,0.3002292414687886,2,1000,100
8121,121,4.466735102408149e-18,1.0,0.3905666481692193,0.30074,2,1000,100
8122,122,0.008631386384001948,0.9913686136159938,0.33783654062590585,0.29982188078263633,2,1000,100
8123,123,5.885970069010486e-18,1.0,0.4054113776620303,0.30184,2,1000,100
8124,124,0.005667841590549464,0.9943321584094504,0.379589341337971,0.29877193977015376,2,1000,100
8125,125,0.99359722528479,0.006402774715209738,0.30002778561519017,0.2269679582751837,2,1000,100
8126,126,0.29131340190273136,0.7086865980972706,0.31397106419357346,0.2921404493137222,2,1000,100
8127,127,0.006829715043895929,0.9931702849561052,0.40606863179768204,0.30052919572573517,2,1000,100
8128,128,0.9796400734481777,0.020359926551819972,0.3004842646212152,0.22807414970931217,2,1000,100
8129,129,4.8078897383262195e-18,1.0,0.39395167795971364,0.30083,2,1000,100
8130,130,0.0008082546064964856,0.9991917453935029,0.4503645000629578,0.3021802293806107,2,1000,100
8131,131,0.005941957668900086,0.9940580423310972,0.42329832321425037,0.30184834939668703,2,1000,100
8132,132,0.004423005847919448,0.9955769941520827,0.4112839748777683,0.29966631443513114,2,1000,100
8133,133,5.023563702713681e-18,1.0,0.36936521172799053,0.30155,2,1000,100
8134,134,0.010106143972009717,0.9898938560279971,0.32749763942008814,0.3023054036382115,2,1000,100
8135,135,0.0013893050673268726,0.9986106949326741,0.4584697066744411,0.2997194474604345,2,1000,100
8136,136,6.900243785712064e-13,0.9999999999993135,0.3919643048900996,0.3010799999999373,2,1000,100
8137,137,5.07431744994407e-18,1.0,0.38968193051131506,0.30087,2,1000,100
8138,138,0.9995213747389992,0.00047862526099579924,0.30081668543885326,0.20327599409270158,2,1000,100
8139,139,6.734635647166274e-05,0.9999326536435315,0.442657628636587,0.2975402268717305,2,1000,100
8140,140,1.1706410320451493e-15,0.9999999999999994,0.3935219916424734,0.2997299999999999,2,1000,100
8141,141,4.8162495145365675e-18,1.0,0.3690944614899667,0.29724,2,1000,100
8142,142,0.2900503219009358,0.7099496780990648,0.32458068962199205,0.29067590684014355,2,1000,100
8143,143,0.8853591245056854,0.11464087549431883,0.30608899700010006,0.26004087518196445,2,1000,100
8144,144,0.0011399957868173127,0.9988600042131806,0.4602091506167853,0.30062807824984594,2,1000,100
8145,145,0.001982264432976994,0.9980177355670263,0.3837079725519172,0.298751593992427,2,1000,100
8146,146,2.1171418514975047e-17,1.0,0.391153412643722,0.2987,2,1000,100
8147,147,5.454421434899455e-18,1.0,0.392946879647419,0.29864,2,1000,100
8148,148,2.1041190769653743e-14,0.9999999999999817,0.41106595815205094,0.30083999999999766,2,1000,100
8149,149,5.765681476866702e-17,1.0,0.44328086519009013,0.30033,2,1000,100
8150,150,0.19894827674866206,0.8010517232513319,0.3242631229839029,0.29856799945260404,2,1000,100
8151,151,6.471489909556815e-18,1.0,0.3830465869663212,0.30301,2,1000,100
8152,152,5.640121301187184e-18,1.0,0.4470108910491852,0.29889,2,1000,100
8153,153,0.9941357599872028,0.005864240012802496,0.2984804344826457,0.1960912960205604,2,1000,100
8154,154,0.9841685927146409,0.01583140728535826,0.29792486797179535,0.2243453086313796,2,1000,100
8155,155,0.0013064446613148197,0.9986935553386882,0.3220151137306408,0.3021540526227475,2,1000,100
8156,156,6.813222567005289e-08,0.9999999318677755,0.4691666312707497,0.2997999884606737,2,1000,100
8157,157,3.4157356805334056e-14,0.9999999999999725,0.3770090005193472,0.3002699999999974,2,1000,100
8158,158,0.0007455511276969576,0.9992544488723079,0.44434659840764307,0.29878147375716346,2,1000,100
8159,159,0.9685933734862187,0.031406626513783384,0.30178058009973235,0.22980277316334236,2,1000,100
8160,160,1.4012161791243215e-17,1.0,0.3796274548052847,0.30133,2,1000,100
8161,161,0.049527795901474964,0.950472204098529,0.34907443315834685,0.29853699192522304,2,1000,100
8162,162,5.0410836996394826e-18,1.0,0.3739597410723428,0.29973,2,1000,100
8163,163,4.642688546479129e-18,1.0,0.3772158852197116,0.30081,2,1000,100
8164,164,5.96097032826127e-18,1.0,0.4114213921851182,0.29958,2,1000,100
8165,165,0.0009378799746997643,0.9990621200253034,0.47047074845866177,0.299789921870678,2,1000,100
8166,166,8.53068724798752e-17,1.0,0.39128148629164483,0.30064,2,1000,100
8167,167,0.03961356472314551,0.9603864352768574,0.3746672657732055,0.2995336912840943,2,1000,100
8168,168,4.894483278149127e-18,1.0,0.3761795412070343,0.30033,2,1000,100
8169,169,4.9768084207084936e-18,1.0,0.40170515611958035,0.29753,2,1000,100
8170,170,4.838868527030882e-15,0.999999999999998,0.3752385717607317,0.29841999999999963,2,1000,100
8171,171,4.135791570021245e-10,0.9999999995864187,0.4222378397110166,0.3016299999501191,2,1000,100
8172,172,0.985699236347402,0.01430076365260276,0.3014605499011188,0.22380386469909141,2,1000,100
8173,173,4.957624300531469e-18,1.0,0.3778397638929367,0.29954,2,1000,100
8174,174,5.292379601679783e-18,1.0,0.3679089076594264,0.30214,2,1000,100
8175,175,4.1956901697377796e-15,0.9999999999999969,0.4163441399450308,0.29917999999999945,2,1000,100
8176,176,5.031267653496887e-09,0.9999999949687258,0.38537380522769804,0.2999899995704112,2,1000,100
8177,177,0.10087811147920038,0.8991218885208002,0.315629764474522,0.2989359605908066,2,1000,100
8178,178,3.2952992963469577e-13,0.9999999999996744,0.38106737702025917,0.3001999999999734,2,1000,100
8179,179,1.6775925048243584e-15,0.9999999999999992,0.38668019392086084,0.2990999999999998,2,1000,100
8180,180,0.9864347090318613,0.013565290968138778,0.29846649376803147,0.2198471872941438,2,1000,100
8181,181,0.9935793869304874,0.006420613069516502,0.30268429444551354,0.19143410107926634,2,1000,100
8182,182,0.0010800480058392422,0.9989199519941615,0.35237484183559314,0.30083433377705143,2,1000,100
8183,183,0.008899208834657805,0.9911007911653422,0.4032807280699966,0.29851769186263793,2,1000,100
8184,184,0.32574732731440015,0.6742526726855979,0.3094651873262776,0.29243123582478603,2,1000,100
8185,185,0.49937678692193954,0.5006232130780605,0.3024657498480193,0.2960023063570066,2,1000,100
8186,186,8.176263410628177e-06,0.9999918237365836,0.46925953389255276,0.3001086169775472,2,1000,100
8187,187,0.001708168652132502,0.9982918313478641,0.3848522953094439,0.29947415974525166,2,1000,100
8188,188,5.685692850792916e-18,1.0,0.4178702014639529,0.30237,2,1000,100
8189,189,5.2940601076118276e-18,1.0,0.40572836981220395,0.30228,2,1000,100
8190,190,1.242414374042451e-16,1.0,0.3777609398427896,0.30001,2,1000,100
8191,191,6.719693560147154e-16,0.9999999999999997,0.4204982530996767,0.2988599999999999,2,1000,100
8192,192,1.5666144391361943e-13,0.9999999999998477,0.3749490084948215,0.30104999999998844,2,1000,100
8193,193,0.003350373653204858,0.996649626346795,0.41188942120691713,0.2992225237953239,2,1000,100
8194,194,0.0012767156817650536,0.9987232843182382,0.40159129202007626,0.2973469095621801,2,1000,100
8195,195,0.06101050906327434,0.938989490936721,0.33262083217350763,0.29701784353925,2,1000,100
8196,196,8.336877840551331e-18,1.0,0.37908840169269825,0.29889,2,1000,100
8197,197,0.05532421435789935,0.9446757856421004,0.35563192323375425,0.29648790357861105,2,1000,100
8198,198,5.7264214302077024e-18,1.0,0.4451813842842912,0.29976,2,1000,100
8199,199,4.826963892978167e-18,1.0,0.37298147988356695,0.2989,2,1000,100
8200,200,0.5402280524649428,0.459771947535057,0.3146553232480209,0.2808878797768486,2,1000,100
8201,201,0.0012529522390940814,0.9987470477609096,0.35963792628223407,0.2989439533507159,2,1000,100
8202,202,0.001491465651850765,0.9985085343481492,0.4613067341764427,0.30030987872003073,2,1000,100
8203,203,5.3399358779371476e-18,1.0,0.36658276905056314,0.29859,2,1000,100
8204,204,6.735075436984038e-17,1.0,0.375110046244972,0.30052,2,1000,100
8205,205,0.9423554933598212,0.05764450664017272,0.30388584238838967,0.2453227184213078,2,1000,100
8206,206,0.053578147299919436,0.9464218527000839,0.3089987475899657,0.298719243199603,2,1000,100
8207,207,1.895207867195099e-12,0.9999999999981093,0.42220935754168004,0.29820999999976505,2,1000,100
8208,208,0.006641963413960779,0.9933580365860349,0.3961002770200861,0.29822994886105536,2,1000,100
8209,209,0.9303724234359069,0.06962757656409146,0.30430439291972455,0.2469364201015438,2,1000,100
8210,210,5.862743909502754e-16,0.9999999999999998,0.40596354882489144,0.29928999999999994,2,1000,100
8211,211,2.653264874070718e-16,1.0,0.3988090959540645,0.29913999999999996,2,1000,100
8212,212,5.092981967494246e-18,1.0,0.38884779830942834,0.29855,2,1000,100
8213,213,1.0322985751701727e-17,1.0,0.4033283262090438,0.2995,2,1000,100
8214,214,0.000806983762653587,0.9991930162373419,0.43855077933031383,0.29979802878328504,2,1000,100
8215,215,5.4976173519826116e-18,1.0,0.3984127769981235,0.29801,2,1000,100
8216,216,5.3458008725748966e-18,1.0,0.391318898025455,0.29763,2,1000,100
8217,217,0.00025827505467485235,0.9997417249453231,0.34056555611379924,0.2986791817943825,2,1000,100
8218,218,0.0015713869195650464,0.9984286130804328,0.4865502181644404,0.30053770236579863,2,1000,100
8219,219,3.429464992760571e-16,0.9999999999999999,0.400019144483253,0.299,2,1000,100
8220,220,0.8884619659237291,0.11153803407626982,0.3046121748193304,0.25277178810983725,2,1000,100
8221,221,6.236518899016714e-18,1.0,0.3689038510970265,0.30082,2,1000,100
8222,222,6.193802514891509e-18,1.0,0.42025636186019943,0.29904,2,1000,100
8223,223,0.0007803927974041381,0.9992196072025992,0.36639165942570034,0.30206980368706593,2,1000,100
8224,224,0.04776809078067355,0.9522319092193311,0.35844467418414794,0.29663759377198334,2,1000,100
8225,225,5.341252256451874e-15,0.9999999999999972,0.3765233714542514,0.29867999999999956,2,1000,100
8226,226,6.128265970292742e-18,1.0,0.39396220451662717,0.30087,2,1000,100
8227,227,0.010692267614663777,0.9893077323853416,0.401860525240535,0.3009510488738317,2,1000,100
8228,228,0.10248539617080041,0.8975146038292022,0.32383469466581155,0.29677697932368546,2,1000,100
8229,229,9.92636273334891e-16,0.9999999999999993,0.4011272614928121,0.29809999999999987,2,1000,100
8230,230,0.0008609046329152504,0.9991390953670822,0.4229767820534842,0.2997539168644776,2,1000,100
8231,231,1.157959691210604e-16,1.0,0.3953364389791573,0.30155,2,1000,100
8232,232,1.3264422136291157e-15,0.9999999999999994,0.38810903132934865,0.30111999999999994,2,1000,100
8233,233,5.5394558953977515e-18,1.0,0.3878277434069712,0.30264,2,1000,100
8234,234,7.922446933679914e-16,0.9999999999999998,0.38317333469871473,0.29955,2,1000,100
8235,235,7.520785845720806e-18,1.0,0.4092224773969865,0.30014,2,1000,100
8236,236,2.0967925139928788e-17,1.0,0.37696422955724734,0.2992,2,1000,100
8237,237,1.7939279747161534e-17,1.0,0.3851525836550619,0.30111,2,1000,100
8238,238,0.5620925748241811,0.4379074251758196,0.30696257095491847,0.2896927771123451,2,1000,100
8239,239,5.987648439116389e-18,1.0,0.4304603561021741,0.29938,2,1000,100
8240,240,2.211319389799692e-17,1.0,0.3988810034211431,0.30026,2,1000,100
8241,241,6.058056836353699e-18,1.0,0.3959093333509444,0.29889,2,1000,100
8242,242,5.470744534843709e-18,1.0,0.3864364766642381,0.30075,2,1000,100
8243,243,0.846320201333404,0.1536797986665977,0.3052908983710446,0.2631845289770886,2,1000,100
8244,244,0.0015154198973926893,0.9984845801026073,0.4966324681726377,0.30106363109297957,2,1000,100
8245,245,0.002171890679465403,0.9978281093205319,0.39937720404298716,0.30014447736583194,2,1000,100
8246,246,4.426910560028806e-18,1.0,0.38964886512718067,0.29872,2,1000,100
8247,247,0.00019468084038748524,0.9998053191596169,0.46033032086020537,0.3015790941777769,2,1000,100
8248,248,7.243289244941018e-15,0.9999999999999959,0.3691766538603647,0.3013399999999995,2,1000,100
8249,249,0.01652691073878162,0.9834730892612186,0.3866928341251889,0.2996006349989972,2,1000,100
8250,250,0.980041297629209,0.019958702370790588,0.300771984085787,0.21449462728191315,2,1000,100
8251,251,0.9957038154301594,0.004296184569829928,0.29883679489893644,0.2134598998948752,2,1000,100
8252,252,0.726252377908545,0.2737476220914532,0.3099269271181052,0.2696455649135366,2,1000,100
8253,253,0.40459631459295425,0.595403685407045,0.30778974353908073,0.29077650733085075,2,1000,100
8254,254,0.0035032165018109725,0.9964967834981893,0.41591083352079944,0.2997229687548417,2,1000,100
8255,255,0.013793196827353983,0.9862068031726436,0.3894394291342708,0.2991242651669034,2,1000,100
8256,256,0.0018079596270759776,0.9981920403729316,0.4582483974582167,0.29824071256569246,2,1000,100
8257,257,0.030233786553987757,0.9697662134460157,0.34150874958399985,0.2986234139150901,2,1000,100
8258,258,0.4593077973532889,0.5406922026467109,0.3185867562876711,0.28145517534495623,2,1000,100
8259,259,5.403835780877272e-18,1.0,0.4009821036963006,0.29953,2,1000,100
8260,260,6.1062396847073504e-18,1.0,0.41643916117597046,0.30068,2,1000,100
8261,261,4.8098032470683394e-18,1.0,0.3877025845631461,0.30033,2,1000,100
8262,262,5.47340632121163e-18,1.0,0.4022553243908071,0.30003,2,1000,100
8263,263,0.012765258794259328,0.9872347412057372,0.39079695758244803,0.29876519067817403,2,1000,100
8264,264,7.233229159549857e-14,0.9999999999999288,0.445627074402846,0.29875999999998937,2,1000,100
8265,265,6.608254292362071e-16,0.9999999999999998,0.39989797240958674,0.2968599999999999,2,1000,100
8266,266,0.05224287357314848,0.9477571264268478,0.33509540109518626,0.298825137188245,2,1000,100
8267,267,5.291467273300755e-18,1.0,0.39380546959156243,0.30399,2,1000,100
8268,268,7.878909072230087e-05,0.9999212109092778,0.38686790160007667,0.3017632946854049,2,1000,100
8269,269,0.0005930381575748857,0.9994069618424269,0.3238102176095354,0.3039782388798731,2,1000,100
8270,270,6.2800889986464535e-18,1.0,0.44481194190729245,0.29966,2,1000,100
8271,271,0.020193212261852778,0.9798067877381496,0.37458390124161717,0.2973197893891394,2,1000,100
8272,272,1.9063907974341317e-17,1.0,0.3741544360169165,0.30052,2,1000,100
8273,273,0.5645505417162041,0.43544945828379683,0.3144260455355268,0.28154956523871016,2,1000,100
8274,274,2.0599727042248298e-13,0.9999999999997938,0.37729722486560896,0.3011299999999843,2,1000,100
8275,275,0.01009437570250167,0.9899056242975073,0.3833979070302034,0.29643213482207303,2,1000,100
8276,276,0.04893684546730339,0.9510631545326955,0.3373783463061616,0.2973091394143374,2,1000,100
8277,277,0.002803139969713261,0.9971968600302871,0.37282748298005053,0.29979528051419174,2,1000,100
8278,278,1.828651084865407e-16,1.0,0.3995125151341824,0.29847999999999997,2,1000,100
8279,279,0.1138175269056663,0.8861824730943311,0.3458587590841734,0.2976533833504265,2,1000,100
8280,280,2.0281460718698428e-06,0.9999979718539262,0.3518705000108658,0.30076989636051144,2,1000,100
8281,281,0.0015868471842863565,0.9984131528157106,0.4303499760869695,0.30162573429936995,2,1000,100
8282,282,2.0637951298557628e-16,1.0,0.3773139262673161,0.2999799999999999,2,1000,100
8283,283,0.006158953596677925,0.9938410464033236,0.3865836125818886,0.30019795474194527,2,1000,100
8284,284,5.806427882928536e-18,1.0,0.4161911217520699,0.29881,2,1000,100
8285,285,7.894833310794944e-15,0.9999999999999942,0.4123454107161567,0.3009099999999992,2,1000,100
8286,286,0.07408742990855906,0.9259125700914449,0.31648674626537504,0.30174804770334207,2,1000,100
8287,287,6.526715158889146e-17,1.0,0.3865274292304038,0.30047,2,1000,100
8288,288,0.003396770502875305,0.9966032294971237,0.3600612220072279,0.2998454608787907,2,1000,100
8289,289,3.3842000976696036e-11,0.9999999999661499,0.41761035058636414,0.29997999999601915,2,1000,100
8290,290,0.018736889622226215,0.9812631103777719,0.3377787056891453,0.29924805545957595,2,1000,100
8291,291,0.018069184171532946,0.9819308158284681,0.32913496905210404,0.30072668549236187,2,1000,100
8292,292,8.266317904510367e-16,0.9999999999999999,0.3819377180442314,0.29962999999999995,2,1000,100
8293,293,5.114733113413291e-18,1.0,0.37513185604827165,0.30155,2,1000,100
8294,294,0.002131380041096262,0.9978686199589075,0.33006740034403914,0.30011616252951595,2,1000,100
8295,295,4.7270991399821895e-18,1.0,0.3714508089803249,0.29883,2,1000,100
8296,296,0.00017135908898603075,0.9998286409110104,0.3602945433094977,0.2979093097232065,2,1000,100
8297,297,5.02202894289362e-18,1.0,0.3787421282787905,0.29827,2,1000,100
8298,298,5.370827716263355e-18,1.0,0.3897174976206727,0.29897,2,1000,100
8299,299,5.415962131578272e-18,1.0,0.3898174163361421,0.29797,2,1000,100
8300,300,5.367298754749407e-18,1.0,0.36206777041824817,0.29808,2,1000,100
8301,301,0.9435213181502863,0.05647868184971242,0.3011842736598936,0.2409088998657201,2,1000,100
8302,302,5.776936186681599e-18,1.0,0.3919717014965672,0.2989,2,1000,100
8303,303,0.030858023794542708,0.9691419762054582,0.32314630768351793,0.3014092369542114,2,1000,100
8304,304,6.730541297832749e-11,0.9999999999326995,0.3782550656827546,0.3002499999947498,2,1000,100
8305,305,0.3113481794142563,0.6886518205857438,0.3130515350001241,0.29346030675266416,2,1000,100
8306,306,0.9999963913848209,3.608615182689958e-06,0.301570205786616,0.24454372733371482,2,1000,100
8307,307,0.00106640722070678,0.9989335927792915,0.427872825717792,0.298672219540653,2,1000,100
8308,308,5.5799967037736146e-18,1.0,0.37646796394870885,0.30131,2,1000,100
8309,309,0.17692079735459487,0.8230792026454036,0.31329648960224044,0.2952222999563025,2,1000,100
8310,310,5.498763283447045e-18,1.0,0.42187045976176907,0.30053,2,1000,100
8311,311,0.9668570543367837,0.03314294566321781,0.2993253444471929,0.23097461695868748,2,1000,100
8312,312,0.15914918086163438,0.8408508191383667,0.3326545075634471,0.2926063720357277,2,1000,100
8313,313,1.285831867284235e-16,1.0,0.36517310567456884,0.29766,2,1000,100
8314,314,5.196903274177648e-18,1.0,0.3820727318614141,0.29907,2,1000,100
8315,315,0.010240726920957484,0.9897592730790434,0.40624684659088983,0.298668317662688,2,1000,100
8316,316,1.1335903148336161e-15,0.9999999999999997,0.38448623239413604,0.3003699999999999,2,1000,100
8317,317,7.222517172763908e-15,0.9999999999999962,0.3674198095191555,0.2990399999999996,2,1000,100
8318,318,1.6563715588559866e-16,0.9999999999999999,0.4305618537711924,0.30055999999999994,2,1000,100
8319,319,0.1140279699047811,0.8859720300952124,0.31192503265145544,0.29826203625849435,2,1000,100
8320,320,5.410990142704069e-18,1.0,0.39322341853683423,0.30028,2,1000,100
8321,321,8.442012790694956e-11,0.9999999999155832,0.39940353732959955,0.30091999999168606,2,1000,100
8322,322,2.012406334657931e-07,0.9999997987593754,0.3695369642294442,0.2997699859600491,2,1000,100
8323,323,0.0008669959548278487,0.9991330040451724,0.4489066143542506,0.30050133322158284,2,1000,100
8324,324,0.013250661521421599,0.9867493384785803,0.3860221151532306,0.29718282057777884,2,1000,100
8325,325,0.003858941732367635,0.9961410582676313,0.43016810879293155,0.30349116103978635,2,1000,100
8326,326,0.0012003449719716684,0.9987996550280258,0.3413229909758208,0.29937965352578416,2,1000,100
8327,327,1.604660092417175e-07,0.9999998395339881,0.4025383774929154,0.30178998383330735,2,1000,100
8328,328,0.000827688912480082,0.9991723110875202,0.45305471614648346,0.29919265007386037,2,1000,100
8329,329,3.908857322513408e-16,1.0,0.37174420239312106,0.30260999999999993,2,1000,100
8330,330,1.1812480541592771e-10,0.9999999998818838,0.36878651369149895,0.2995599999918226,2,1000,100
8331,331,3.7672219609807257e-16,0.9999999999999999,0.3971986829271913,0.3003799999999999,2,1000,100
8332,332,6.970170905519349e-08,0.9999999302982989,0.429067151974524,0.29719999080863346,2,1000,100
8333,333,0.3815780921802267,0.6184219078197725,0.3152666927880738,0.2940244104207062,2,1000,100
8334,334,4.628020342780563e-18,1.0,0.38584585368126956,0.3,2,1000,100
8335,335,0.03280759897543817,0.9671924010245709,0.36961193105801476,0.2970804151117545,2,1000,100
8336,336,2.5400351013909263e-17,1.0,0.39905878699134634,0.30031,2,1000,100
8337,337,0.016452822310939644,0.9835471776890548,0.3877135682804443,0.3008508633503374,2,1000,100
8338,338,0.001037989095688032,0.998962010904311,0.4486547917027446,0.2998455376169214,2,1000,100
8339,339,0.7486717273787671,0.25132827262123725,0.30682886173889434,0.2794588342161209,2,1000,100
8340,340,8.363080655725296e-08,0.9999999163692005,0.38470151919362955,0.2994899928736914,2,1000,100
8341,341,4.941518746125016e-18,1.0,0.3880989250569545,0.30203,2,1000,100
8342,342,4.8970915887010935e-18,1.0,0.36911213581970764,0.30036,2,1000,100
8343,343,5.39071971364772e-18,1.0,0.39824592277166165,0.29976,2,1000,100
8344,344,0.0066456091973165436,0.9933543908026818,0.38106778828164123,0.2991757777013005,2,1000,100
8345,345,5.385050279777267e-18,1.0,0.3973573971065961,0.2996,2,1000,100
8346,346,0.011486923898813738,0.98851307610119,0.32687549173192754,0.29792747635028943,2,1000,100
8347,347,0.0010777620532132369,0.9989222379467861,0.5320718624010266,0.2985783495521801,2,1000,100
8348,348,4.9988651925914604e-18,1.0,0.396700520940031,0.3025,2,1000,100
8349,349,0.9897051296146911,0.010294870385310574,0.3027706374716311,0.2211146825962229,2,1000,100
8350,350,0.07684513335094754,0.9231548666490531,0.35183273018333994,0.2933130471539514,2,1000,100
8351,351,5.0572380134108575e-18,1.0,0.3958189399390393,0.30219,2,1000,100
8352,352,4.994003447389426e-18,1.0,0.39256362386263877,0.30147,2,1000,100
8353,353,0.4560713546640871,0.5439286453359128,0.3178482869948578,0.2811370617889744,2,1000,100
8354,354,1.0799343906873143e-14,0.9999999999999908,0.40648090621809635,0.29975999999999886,2,1000,100
8355,355,2.4258404053445746e-16,1.0,0.39600061565886185,0.30139999999999995,2,1000,100
8356,356,5.401476636776087e-18,1.0,0.3808539450921192,0.30034,2,1000,100
8357,357,7.244843601790394e-18,1.0,0.4019043523878283,0.30072,2,1000,100
8358,358,2.090349100431382e-15,0.9999999999999986,0.40356014781363936,0.2979499999999998,2,1000,100
8359,359,0.17164677624731803,0.8283532237526845,0.3063693226430365,0.3011549738372593,2,1000,100
8360,360,0.9461580314966643,0.05384196850332654,0.30213596340426474,0.2520641796414131,2,1000,100
8361,361,5.308166975499344e-18,1.0,0.36531442339319903,0.30399,2,1000,100
8362,362,3.238751508446158e-09,0.9999999967612516,0.3852756705189345,0.2983399997184369,2,1000,100
8363,363,6.458555409217851e-15,0.9999999999999959,0.38543359745019273,0.29832999999999943,2,1000,100
8364,364,4.586960350234857e-18,1.0,0.4115616384182531,0.30114,2,1000,100
8365,365,0.9523012305851823,0.04769876941481887,0.3041545468731551,0.242003113837775,2,1000,100
8366,366,0.018931346676379062,0.9810686533236195,0.30540018236535327,0.301231073148076,2,1000,100
8367,367,3.900572121265529e-15,0.9999999999999981,0.380992795260104,0.30097999999999975,2,1000,100
8368,368,1.9430060045774313e-09,0.9999999980569986,0.4125285169603052,0.30192999978510643,2,1000,100
8369,369,5.694860736138812e-18,1.0,0.4161427413162264,0.29826,2,1000,100
8370,370,5.157241030293344e-18,1.0,0.42400911019251925,0.30018,2,1000,100
8371,371,5.828276520319936e-18,1.0,0.418018423364427,0.29889,2,1000,100
8372,372,5.4159445732113145e-18,1.0,0.3886754180477544,0.29991,2,1000,100
8373,373,4.7135567146492674e-14,0.9999999999999555,0.4349815250487111,0.2986499999999936,2,1000,100
8374,374,0.0007224007320642555,0.9992775992679395,0.3632612044219194,0.2988234501191191,2,1000,100
8375,375,0.01683517457450228,0.9831648254255019,0.32875912179931643,0.3003924419933679,2,1000,100
8376,376,7.49825389015677e-15,0.9999999999999942,0.3956435839539475,0.30077999999999927,2,1000,100
8377,377,5.349467782575025e-18,1.0,0.37269559825222937,0.29933,2,1000,100
8378,378,4.7549775726092e-18,1.0,0.37281999645631897,0.30109,2,1000,100
8379,379,0.6943056766419335,0.30569432335806346,0.30179761120694903,0.29683313823186075,2,1000,100
8380,380,6.023396772097778e-10,0.9999999993976619,0.3957752985619571,0.3014699999431961,2,1000,100
8381,381,2.6922081755831103e-17,1.0,0.38845039290448385,0.29961,2,1000,100
8382,382,6.533517641754396e-15,0.9999999999999952,0.39928882183884623,0.30135999999999935,2,1000,100
8383,383,0.06876537220837471,0.9312346277916275,0.35615499853390736,0.2961110559385735,2,1000,100
8384,384,0.9416068569162626,0.05839314308373663,0.3048631442601005,0.2399044169201265,2,1000,100
8385,385,0.6137292505423516,0.38627074945764833,0.31045639679999,0.28726956007325,2,1000,100
8386,386,0.02879531657237067,0.9712046834276277,0.37012154055307056,0.2964897492599231,2,1000,100
8387,387,0.10634994204155054,0.8936500579584494,0.31034352125705666,0.2980528923254717,2,1000,100
8388,388,0.9997351561671223,0.00026484383287900525,0.2995624897232146,0.13912936672860285,2,1000,100
8389,389,0.9989859324798714,0.0010140675201307035,0.30007302395748303,0.1787557003662703,2,1000,100
8390,390,0.003896111758611731,0.9961038882413848,0.4179109285873355,0.29767153388043405,2,1000,100
8391,391,5.651112408077997e-18,1.0,0.41628884456404336,0.3006,2,1000,100
8392,392,0.012137605565518324,0.9878623944344789,0.3709279138077002,0.30158838413878014,2,1000,100
8393,393,5.2773734376243645e-18,1.0,0.3632636962075613,0.29987,2,1000,100
8394,394,4.131808539455213e-16,1.0,0.36409031311047574,0.3002699999999999,2,1000,100
8395,395,0.0011066136419781679,0.9988933863580293,0.5092993972441285,0.297505626123592,2,1000,100
8396,396,0.5421071177132537,0.4578928822867465,0.3008530641695055,0.29390151656385344,2,1000,100
8397,397,0.7943427630594204,0.20565723694057425,0.30450250004675977,0.2794000522867938,2,1000,100
8398,398,2.2908269496183185e-17,1.0,0.3869850596511928,0.3003,2,1000,100
8399,399,0.0013076745100644954,0.9986923254899345,0.33508489828451987,0.2988826592548136,2,1000,100
8400,400,0.013031603304983281,0.986968396695015,0.3943416040083447,0.3012468257803676,2,1000,100
8401,401,0.9970716267762882,0.002928373223708844,0.30315970772681267,0.18032436559881565,2,1000,100
8402,402,0.0001168735103627944,0.9998831264896337,0.35950464302232493,0.30205328545816645,2,1000,100
8403,403,0.0013584560720632077,0.9986415439279428,0.48068028297913146,0.301686845277695,2,1000,100
8404,404,0.0008991849218117153,0.9991008150781872,0.4315888441746524,0.2980499238163388,2,1000,100
8405,405,0.0014746378391191077,0.998525362160877,0.43797715163567635,0.30002657285660406,2,1000,100
8406,406,0.024628351895988877,0.9753716481040107,0.3826701292167973,0.2979433182853556,2,1000,100
8407,407,5.121589182012882e-18,1.0,0.41627746407417554,0.30113,2,1000,100
8408,408,5.1695978894894835e-18,1.0,0.392991603659886,0.29904,2,1000,100
8409,409,0.0007185356297684108,0.9992814643702327,0.45307930681024516,0.30034025154673594,2,1000,100
8410,410,5.2367032642579656e-18,1.0,0.3690572387296303,0.30105,2,1000,100
8411,411,5.086128567719793e-18,1.0,0.41881080471665544,0.30008,2,1000,100
8412,412,0.006027833627586343,0.9939721663724076,0.3194230497104498,0.30102912447894625,2,1000,100
8413,413,0.09975506043603309,0.900244939563961,0.34167524242192976,0.29499323336527833,2,1000,100
8414,414,0.021707795419274017,0.9782922045807282,0.36916844209257316,0.2976576585403769,2,1000,100
8415,415,6.117084687947179e-18,1.0,0.42688337347556676,0.29845,2,1000,100
8416,416,0.3825514970493033,0.6174485029506942,0.3131253920108548,0.2982814139834489,2,1000,100
8417,417,0.3723747585317779,0.6276252414682238,0.2980331070258697,0.2966260459844689,2,1000,100
8418,418,4.517075848709962e-18,1.0,0.38988310760495887,0.29918,2,1000,100
8419,419,0.007143708812032781,0.9928562911879684,0.3656202741992,0.3012098708338926,2,1000,100
8420,420,0.0008217987274300673,0.9991782012725734,0.44049609423703506,0.2996942892558466,2,1000,100
8421,421,7.414544790772689e-16,0.9999999999999996,0.4210805407576685,0.3001999999999999,2,1000,100
8422,422,0.0034842647683812323,0.9965157352316143,0.4266859244966123,0.2989047766484895,2,1000,100
8423,423,0.9800311023275304,0.019968897672476067,0.3007170269482129,0.21973975044878388,2,1000,100
8424,424,0.2670172607444001,0.7329827392556,0.3116889700252199,0.2974744879273179,2,1000,100
8425,425,0.0017337157835726723,0.9982662842164257,0.34249442929915946,0.300046407194095,2,1000,100
8426,426,0.9896155613430945,0.010384438656906293,0.3000891542119742,0.20002074933164796,2,1000,100
8427,427,1.463420567673089e-14,0.9999999999999883,0.40951622881249866,0.3004499999999984,2,1000,100
8428,428,0.20652220929137668,0.7934777907086312,0.33000999950483867,0.29121874426712074,2,1000,100
8429,429,0.002793325854564552,0.9972066741454308,0.3849330067990923,0.30279054934984956,2,1000,100
8430,430,3.6473897941728554e-08,0.9999999635261025,0.3641791763892099,0.2989799976219317,2,1000,100
8431,431,9.822796657001517e-14,0.9999999999999057,0.3801546037763051,0.30043999999999216,2,1000,100
8432,432,0.6782689026820067,0.3217310973179963,0.31364018474055405,0.27795763855134575,2,1000,100
8433,433,0.9780904582734267,0.021909541726579617,0.29991332069677146,0.2536631202399498,2,1000,100
8434,434,1.826786466676148e-15,0.999999999999999,0.39839620129292136,0.30058999999999986,2,1000,100
8435,435,5.810177284016091e-18,1.0,0.42299608684526485,0.2983,2,1000,100
8436,436,0.0004121271609834144,0.9995878728390227,0.3571976996156185,0.29721527961553645,2,1000,100
8437,437,1.6044258157939925e-07,0.9999998395574201,0.3734154558246926,0.2998399881953621,2,1000,100
8438,438,2.0473807430752955e-06,0.9999979526192454,0.37047350923529215,0.29909985387095245,2,1000,100
8439,439,0.012535344155324925,0.9874646558446782,0.3271165289132693,0.2992608190906831,2,1000,100
8440,440,5.003102765590331e-18,1.0,0.3741703520203257,0.29819,2,1000,100
8441,441,4.8976130334885936e-18,1.0,0.37304158612695504,0.30044,2,1000,100
8442,442,5.0390594411843e-18,1.0,0.371030327866516,0.29973,2,1000,100
8443,443,0.5821972608833694,0.41780273911662924,0.3063215690856963,0.2870264129487568,2,1000,100
8444,444,0.15504494555284207,0.8449550544471565,0.2982965791426834,0.29717630755225816,2,1000,100
8445,445,0.050147338336375226,0.9498526616636286,0.3386118742514197,0.2976245971475873,2,1000,100
8446,446,5.091149057366825e-18,1.0,0.38966760675864415,0.29693,2,1000,100
8447,447,5.1286934375020846e-18,1.0,0.375613295031562,0.30247,2,1000,100
8448,448,0.020733451523704777,0.9792665484762922,0.32247884711487595,0.30228123376266747,2,1000,100
8449,449,0.06397273677291614,0.9360272632270854,0.3558939458388908,0.29473766536738577,2,1000,100
8450,450,0.000671491186544429,0.9993285088134553,0.43397666387095407,0.2984489943643935,2,1000,100
8451,451,0.00020696666243137497,0.9997930333375685,0.401389436636558,0.29772854565136814,2,1000,100
8452,452,0.9833018426580625,0.016698157341933795,0.3019456058628857,0.21836717057164615,2,1000,100
8453,453,3.730585051538346e-15,0.9999999999999974,0.4362246302620243,0.2989499999999995,2,1000,100
8454,454,0.025386002268968748,0.9746139977310342,0.3608929838215189,0.29785984048011493,2,1000,100
8455,455,0.0007808207437324331,0.9992191792562626,0.4495551184842674,0.3007538128538694,2,1000,100
8456,456,0.08534554440860669,0.9146544555913934,0.3067538771395359,0.29919487264634115,2,1000,100
8457,457,5.325393984538453e-06,0.9999946746060195,0.3608924976919623,0.29862966842590355,2,1000,100
8458,458,5.4973052403621036e-18,1.0,0.408577587382541,0.29959,2,1000,100
8459,459,6.040596045086905e-15,0.9999999999999949,0.414449248899999,0.29991999999999935,2,1000,100
8460,460,0.9732699560252166,0.026730043974779252,0.30443602504018896,0.25220921084167197,2,1000,100
8461,461,2.9659997005574e-16,1.0,0.37770972763926713,0.3013,2,1000,100
8462,462,0.09808015583022278,0.9019198441697732,0.325018659487288,0.2972238840986126,2,1000,100
8463,463,0.9637383182157582,0.036261681784241266,0.30129986432032696,0.24504587333159408,2,1000,100
8464,464,2.1616179820363163e-17,1.0,0.37871195858865647,0.30035,2,1000,100
8465,465,0.01209181685497934,0.9879081831450234,0.398618546195475,0.30179927915491217,2,1000,100
8466,466,0.8640208474397578,0.1359791525602452,0.3052866978495857,0.2622896814724223,2,1000,100
8467,467,1.035807466739136e-15,0.9999999999999998,0.37409379632095724,0.3011199999999999,2,1000,100
8468,468,0.018383579636863177,0.9816164203631319,0.3402419376523627,0.30148755573372127,2,1000,100
8469,469,5.191107916134481e-14,0.9999999999999526,0.3906405030933653,0.29956999999999523,2,1000,100
8470,470,0.006214719771723496,0.993785280228273,0.4265515442552594,0.2974879056533703,2,1000,100
8471,471,8.589286172858995e-15,0.9999999999999922,0.4444375747959585,0.3004399999999988,2,1000,100
8472,472,0.19471073274157455,0.8052892672584232,0.31750296947561957,0.29345823143814387,2,1000,100
8473,473,1.160783116743169e-15,0.9999999999999996,0.3903715054548921,0.2999699999999999,2,1000,100
8474,474,1.3852395344345258e-08,0.9999999861476048,0.38640239900992285,0.296549998755329,2,1000,100
8475,475,0.11969251579079247,0.8803074842092078,0.35010973268517337,0.29534508107201474,2,1000,100
8476,476,1.3716225147176407e-06,0.9999986283774821,0.4302484750960234,0.3010498227882196,2,1000,100
8477,477,0.9653224957771398,0.03467750422286203,0.2999664815551029,0.2233611544234088,2,1000,100
8478,478,0.8623715505144574,0.13762844948553857,0.30565208758349205,0.2648023388250945,2,1000,100
8479,479,0.0026033126689049314,0.9973966873310931,0.4497688715557293,0.2981252241716059,2,1000,100
8480,480,0.013380821359355165,0.9866191786406481,0.392100083410486,0.30007867801314125,2,1000,100
8481,481,5.244833982674961e-18,1.0,0.40234782439582534,0.3012,2,1000,100
8482,482,0.0008904887379274245,0.9991095112620672,0.40129188188270215,0.2992291142548657,2,1000,100
8483,483,0.00047065695070625457,0.9995293430492935,0.37150986967937566,0.2999263086994685,2,1000,100
8484,484,5.477365315108403e-18,1.0,0.3889655426474933,0.30016,2,1000,100
8485,485,8.015137007186996e-15,0.999999999999995,0.37299049369364884,0.2997399999999995,2,1000,100
8486,486,3.762607800787581e-15,0.9999999999999982,0.3727430256450048,0.30029999999999973,2,1000,100
8487,487,0.00016195181803572268,0.9998380481819665,0.33235131681898095,0.30250516636167213,2,1000,100
8488,488,5.429150752894742e-10,0.9999999994570838,0.3704634657300374,0.2977199999605065,2,1000,100
8489,489,0.9952881824814375,0.004711817518565335,0.2985590313809568,0.18415914665858582,2,1000,100
8490,490,1.773624110617044e-15,0.9999999999999991,0.39942230708624177,0.3000999999999998,2,1000,100
8491,491,0.00379975746241224,0.9962002425375891,0.42459298972376114,0.29924370311279186,2,1000,100
8492,492,2.5910531823139823e-17,1.0,0.40476241102544236,0.29929,2,1000,100
8493,493,0.8985119266963861,0.10148807330361517,0.3079454785681711,0.2446328314855098,2,1000,100
8494,494,0.07347234113448094,0.9265276588655215,0.3192144724679668,0.2979798419853139,2,1000,100
8495,495,0.016539487013528975,0.9834605129864697,0.31796247415444434,0.301029944648124,2,1000,100
8496,496,0.9830375101129962,0.016962489887004346,0.3007078565846754,0.24070153726151472,2,1000,100
8497,497,5.456711952664884e-18,1.0,0.4042809408482561,0.30073,2,1000,100
8498,498,1.3929448707603584e-15,0.9999999999999997,0.37344667957362654,0.30186999999999986,2,1000,100
8499,499,2.715141081427708e-16,1.0,0.39622894752211707,0.30101,2,1000,100
8500,500,0.0035036601890475498,0.9964963398109526,0.41319510323359154,0.2993410942413303,2,1000,100
8501,501,0.45261761543199264,0.5473823845680079,0.30463746152889043,0.2975903558169762,2,1000,100
8502,502,1.123306208328877e-05,0.999988766937907,0.4097554912643256,0.3007487755207946,2,1000,100
8503,503,4.893297864189537e-15,0.9999999999999966,0.4045649270371019,0.2997899999999995,2,1000,100
8504,504,4.6056312237350636e-17,1.0,0.37099045590187096,0.29928,2,1000,100
8505,505,0.8776409198330551,0.12235908016694289,0.3064965454948777,0.2562628768003147,2,1000,100
8506,506,5.045633750944589e-18,1.0,0.3967195536241966,0.30359,2,1000,100
8507,507,0.03395455545411048,0.9660454445458911,0.3814685928575615,0.2989894576290773,2,1000,100
8508,508,0.03661010594757725,0.9633898940524217,0.37833823051249443,0.2960888411409855,2,1000,100
8509,509,4.668815086776056e-18,1.0,0.39959945905926664,0.29973,2,1000,100
8510,510,0.28211222516662937,0.7178877748333703,0.30526539265085745,0.29557670189070084,2,1000,100
8511,511,4.9939669206828075e-18,1.0,0.4023188349483815,0.29888,2,1000,100
8512,512,5.487604477884885e-18,1.0,0.4458177371059089,0.29983,2,1000,100
8513,513,5.0594358521486334e-18,1.0,0.3860085636964049,0.30093,2,1000,100
8514,514,2.2644327458956778e-14,0.9999999999999816,0.3771661309764667,0.3014899999999982,2,1000,100
8515,515,0.2514171572207132,0.7485828427792863,0.30570972687793474,0.2974144166957247,2,1000,100
8516,516,0.013297126220395613,0.9867028737796067,0.3561973611363939,0.298523098043992,2,1000,100
8517,517,4.8873460762932766e-18,1.0,0.4005660940078367,0.30006,2,1000,100
8518,518,0.8958340762358471,0.10416592376415616,0.3049663977840522,0.2569046362871996,2,1000,100
8519,519,2.825706004317648e-15,0.9999999999999992,0.3704080467287674,0.29892999999999975,2,1000,100
8520,520,0.0029923022662330626,0.9970076977337724,0.43835122247469593,0.29853161747910784,2,1000,100
8521,521,4.9112358360936595e-18,1.0,0.379321417642499,0.29861,2,1000,100
8522,522,4.330894315151235e-13,0.9999999999995696,0.39373017948575606,0.3017899999999602,2,1000,100
8523,523,0.9905414747515123,0.009458525248489523,0.29974950774827913,0.25222542376373036,2,1000,100
8524,524,0.0010919558357553251,0.9989080441642447,0.48174143606643294,0.30112277239615887,2,1000,100
8525,525,5.261515531549168e-18,1.0,0.39508605173811634,0.30092,2,1000,100
8526,526,5.274370372526808e-18,1.0,0.400389290904467,0.30241,2,1000,100
8527,527,0.005318400435933279,0.9946815995640673,0.4136940067625936,0.30074931490157,2,1000,100
8528,528,0.9903805935020276,0.009619406497970192,0.29910029881335837,0.24189315058913993,2,1000,100
8529,529,0.9958814080227181,0.004118591977284505,0.2998235897924899,0.17755127069232532,2,1000,100
8530,530,5.089780050851106e-18,1.0,0.3762119758693821,0.29942,2,1000,100
8531,531,0.44224718802374735,0.5577528119762527,0.30033003812665365,0.2997920970885967,2,1000,100
8532,532,0.0017759896612552285,0.9982240103387436,0.4290685791129154,0.30133314318641863,2,1000,100
8533,533,0.002376887288823564,0.9976231127111764,0.40494252554063925,0.29876763425050024,2,1000,100
8534,534,4.995824010493548e-18,1.0,0.38531915645412385,0.29871,2,1000,100
8535,535,5.06388528640475e-18,1.0,0.39913763935505514,0.29884,2,1000,100
8536,536,0.0001732022497433495,0.9998267977502563,0.33810189035427524,0.29922326613481826,2,1000,100
8537,537,1.3242385515919642e-13,0.9999999999998711,0.40111506118161055,0.29836999999998637,2,1000,100
8538,538,0.0026281946166888076,0.9973718053833114,0.42591987153986555,0.3005505049055139,2,1000,100
8539,539,4.798129898840017e-18,1.0,0.3963823796624064,0.30036,2,1000,100
8540,540,0.001692449163658824,0.9983075508363436,0.4291489413822642,0.3010632214303908,2,1000,100
8541,541,0.0032024720834747684,0.9967975279165197,0.4701076729132671,0.2973567700562052,2,1000,100
8542,542,4.701426547748981e-16,0.9999999999999998,0.41909250680311505,0.30091999999999997,2,1000,100
8543,543,0.012665605924597876,0.987334394075396,0.39622792941043716,0.2977831370546932,2,1000,100
8544,544,5.455139921718699e-18,1.0,0.37951038770206275,0.30084,2,1000,100
8545,545,4.88010021960053e-18,1.0,0.3883192399240648,0.2977,2,1000,100
8546,546,5.122076505428715e-18,1.0,0.3800180851267205,0.29854,2,1000,100
8547,547,4.236034313814625e-10,0.9999999995764036,0.4198554191074011,0.2985999999486358,2,1000,100
8548,548,4.977552577303029e-09,0.9999999950224476,0.43772313182275324,0.2990799993098964,2,1000,100
8549,549,5.433287649988185e-18,1.0,0.3891401518452521,0.30257,2,1000,100
8550,550,0.01764163526810779,0.9823583647318934,0.381568267138128,0.29864713564212875,2,1000,100
8551,551,5.1239712316801365e-18,1.0,0.3887013310722688,0.30184,2,1000,100
8552,552,0.9426491799168085,0.057350820083194136,0.3032059038820787,0.24207506256206077,2,1000,100
8553,553,7.479926116190935e-18,1.0,0.3643632032112894,0.29947,2,1000,100
8554,554,0.0020423649676761585,0.9979576350323294,0.452495308322659,0.2999183822312752,2,1000,100
8555,555,1.2415875941313905e-15,0.9999999999999997,0.39042830518120797,0.3006499999999999,2,1000,100
8556,556,4.390762396479088e-15,0.9999999999999967,0.4127118319723897,0.2993999999999995,2,1000,100
8557,557,0.4445441858123682,0.5554558141876336,0.3022295095159168,0.29976394973431697,2,1000,100
8558,558,5.222480991658437e-18,1.0,0.4175542826377558,0.29955,2,1000,100
8559,559,4.706691517359493e-18,1.0,0.3827987822809822,0.29969,2,1000,100
8560,560,0.006584238898128488,0.993415761101876,0.32408575915551546,0.3020750764064694,2,1000,100
8561,561,7.186476798487677e-18,1.0,0.4235892003112213,0.29907,2,1000,100
8562,562,4.681309559060321e-18,1.0,0.3916466219321955,0.29963,2,1000,100
8563,563,2.4138702859781067e-17,1.0,0.4116372659367324,0.29899,2,1000,100
8564,564,6.626228539843412e-05,0.9999337377145995,0.3957047629190665,0.3006437010367872,2,1000,100
8565,565,4.872658296796352e-18,1.0,0.3978407794477145,0.30105,2,1000,100
8566,566,4.682734675434961e-18,1.0,0.3722946140877779,0.30016,2,1000,100
8567,567,9.924210499470884e-17,1.0,0.3633422364944004,0.2995,2,1000,100
8568,568,0.004566881590511641,0.995433118409485,0.4280336363516036,0.30030668614247774,2,1000,100
8569,569,9.277536672575315e-18,1.0,0.4122033408281322,0.30017,2,1000,100
8570,570,0.9974539368308288,0.0025460631691696543,0.30070545537886806,0.18073381344680647,2,1000,100
8571,571,5.1092684956021045e-18,1.0,0.3794356370179024,0.29803,2,1000,100
8572,572,4.527639872737086e-18,1.0,0.39218138184086293,0.3008,2,1000,100
8573,573,4.909473300396967e-18,1.0,0.38050738111175625,0.30049,2,1000,100
8574,574,1.4218293102843184e-06,0.9999985781706927,0.44546139720143496,0.2997497928229701,2,1000,100
8575,575,5.4322867082262305e-14,0.9999999999999515,0.3932649091983946,0.301909999999995,2,1000,100
8576,576,5.472433770682824e-18,1.0,0.4156717592477017,0.30128,2,1000,100
8577,577,0.004244276722255654,0.995755723277745,0.41787044437897425,0.3002005765189307,2,1000,100
8578,578,5.649313152929453e-18,1.0,0.4212972385068212,0.29998,2,1000,100
8579,579,0.00013311534098306343,0.9998668846590171,0.4399572721961196,0.3008514828854231,2,1000,100
8580,580,5.88469238767806e-18,1.0,0.39864459453096773,0.29959,2,1000,100
8581,581,5.300251139093429e-18,1.0,0.43728208714335093,0.30213,2,1000,100
8582,582,5.721270137604388e-16,1.0,0.36902542381980075,0.298,2,1000,100
8583,583,0.0038876439364958454,0.9961123560635049,0.4360501831412537,0.29956941135511733,2,1000,100
8584,584,0.002845298591259306,0.9971547014087441,0.41714678637664987,0.30108978317227686,2,1000,100
8585,585,0.014080121709226916,0.9859198782907734,0.3849070788060967,0.2987367107297562,2,1000,100
8586,586,0.0017764920913687855,0.9982235079086247,0.4485220810158415,0.2995253084118295,2,1000,100
8587,587,5.5902836266275e-18,1.0,0.39660812877372414,0.30063,2,1000,100
8588,588,5.086032731270832e-18,1.0,0.40380183714128054,0.29754,2,1000,100
8589,589,5.3479050506759944e-18,1.0,0.3643453140326193,0.3023,2,1000,100
8590,590,3.5054773277720376e-16,0.9999999999999999,0.39100539119208955,0.29646,2,1000,100
8591,591,0.01005608864872035,0.9899439113512808,0.3740961276041197,0.29688354340853235,2,1000,100
8592,592,0.03326041099496591,0.96673958900503,0.37683122513449,0.29358106547430574,2,1000,100
8593,593,0.017711980666415283,0.9822880193335853,0.36790409824383236,0.2992947933176106,2,1000,100
8594,594,5.243468531414128e-18,1.0,0.39765241456906336,0.30273,2,1000,100
8595,595,0.0069907442559879445,0.9930092557440124,0.39808162720735246,0.2992792981859151,2,1000,100
8596,596,5.275881293437987e-18,1.0,0.41326732528311694,0.3013,2,1000,100
8597,597,4.1450595614489736e-18,1.0,0.3890527627514638,0.29973,2,1000,100
8598,598,0.0010829188952530713,0.998917081104747,0.4993972386702446,0.2962900513891316,2,1000,100
8599,599,5.197308079481685e-18,1.0,0.38422636042022146,0.29944,2,1000,100
8600,600,0.004943642393908432,0.9950563576060887,0.3879233899620066,0.2983873659157429,2,1000,100
8601,601,5.220693428748392e-18,1.0,0.4184020453180995,0.30047,2,1000,100
8602,602,0.0076245722265836004,0.9923754277734184,0.4083345640715667,0.29952033807460643,2,1000,100
8603,603,6.510199460710703e-18,1.0,0.4414290673821623,0.29986,2,1000,100
8604,604,1.4457843751057048e-15,0.9999999999999992,0.4060898542193379,0.30253999999999986,2,1000,100
8605,605,0.03571192077965114,0.9642880792203503,0.3614643641078689,0.2981488825380532,2,1000,100
8606,606,1.0566755643245943e-17,1.0,0.40227427591402565,0.30182,2,1000,100
8607,607,7.957278010789774e-16,0.9999999999999997,0.39359870060835195,0.29932999999999993,2,1000,100
8608,608,0.0427422059574089,0.9572577940425908,0.3612687530750586,0.29753591803862306,2,1000,100
8609,609,0.9960696486578826,0.0039303513421201615,0.3023433584251455,0.19971680165328734,2,1000,100
8610,610,0.029701075456409317,0.9702989245435902,0.38815991053593,0.2965181408846278,2,1000,100
8611,611,0.0019930664168516495,0.9980069335831422,0.34492915727046497,0.30033111313597827,2,1000,100
8612,612,6.434935801243655e-18,1.0,0.3942304169022932,0.29986,2,1000,100
8613,613,5.599717404236984e-14,0.9999999999999509,0.37817496763568853,0.2986299999999955,2,1000,100
8614,614,5.378117138503872e-18,1.0,0.3820831563883536,0.29971,2,1000,100
8615,615,5.2561965184776475e-08,0.9999999474380326,0.442777431557054,0.30206999260414047,2,1000,100
8616,616,7.479211500499895e-06,0.9999925207884897,0.38371220168958414,0.3006193785312014,2,1000,100
8617,617,0.9886434156170371,0.011356584382965669,0.30449196981807547,0.2127416879605861,2,1000,100
8618,618,4.97350678636986e-18,1.0,0.4215431693467577,0.3003,2,1000,100
8619,619,6.496007710690091e-15,0.9999999999999968,0.3611226568963972,0.2995499999999996,2,1000,100
8620,620,0.0056469166228666,0.9943530833771324,0.37300099052728225,0.30021900620287323,2,1000,100
8621,621,0.9656265998267369,0.034373400173267746,0.30254607958294044,0.3023692107567613,2,1000,100
8622,622,5.324429643506035e-18,1.0,0.3867969754885256,0.30038,2,1000,100
8623,623,1.460143712255788e-16,1.0,0.3943277034167358,0.29982,2,1000,100
8624,624,3.279330710312941e-16,1.0,0.38953739647649965,0.29677,2,1000,100
8625,625,0.001431377702051709,0.99856862229794,0.4284845905426396,0.2988544503077539,2,1000,100
8626,626,1.1678348817392305e-17,1.0,0.36226049945270444,0.3005,2,1000,100
8627,627,3.921978717858979e-16,1.0,0.39168287126429246,0.29885999999999996,2,1000,100
8628,628,8.981257113320001e-15,0.9999999999999943,0.37292419868953963,0.2978899999999993,2,1000,100
8629,629,0.0024102933173564974,0.9975897066826468,0.4174865927804198,0.2998264044343104,2,1000,100
8630,630,1.9493282964556816e-06,0.9999980506717022,0.46997971106618036,0.3005996698226927,2,1000,100
8631,631,0.998706582539075,0.0012934174609184363,0.2995787509012867,0.16137828068355684,2,1000,100
8632,632,6.57021856633554e-05,0.9999342978143373,0.4697575592039525,0.29888877354732074,2,1000,100
8633,633,0.05258261906783303,0.9474173809321681,0.3630663909644049,0.297323042554308,2,1000,100
8634,634,5.6371069496672826e-18,1.0,0.3963046823671572,0.30009,2,1000,100
8635,635,5.631056974823545e-05,0.9999436894302547,0.3374370332992249,0.30074793401591576,2,1000,100
8636,636,7.254140899277266e-16,0.9999999999999999,0.3806530248750621,0.3003799999999999,2,1000,100
8637,637,0.002642075199399971,0.9973579248005944,0.3403209672311071,0.30169795509751574,2,1000,100
8638,638,4.996573780086119e-18,1.0,0.3702580031434855,0.3024,2,1000,100
8639,639,0.37594343423853044,0.6240565657614728,0.307889424162426,0.2952152138482137,2,1000,100
8640,640,0.0007901585842498231,0.9992098414157554,0.3671563441454647,0.2995966171017268,2,1000,100
8641,641,5.28128310602116e-18,1.0,0.4001668142968304,0.30038,2,1000,100
8642,642,0.01066917663206735,0.989330823367933,0.37166204184172963,0.30054119916728483,2,1000,100
8643,643,0.9974186096516758,0.0025813903483245123,0.30253385194590604,0.2545550772571337,2,1000,100
8644,644,3.5066808892528557e-17,1.0,0.3990054309635777,0.29986,2,1000,100
8645,645,5.1220523833523936e-18,1.0,0.3991726668301145,0.30215,2,1000,100
8646,646,5.226169476644284e-18,1.0,0.38962588187031244,0.30311,2,1000,100
8647,647,0.9232635331825174,0.07673646681748374,0.3031540530091528,0.24771687710592757,2,1000,100
8648,648,5.473192740671035e-18,1.0,0.4060853000381108,0.29832,2,1000,100
8649,649,4.616870719863569e-18,1.0,0.3804834899266458,0.3012,2,1000,100
8650,650,1.1988366511325037e-14,0.9999999999999911,0.3897257514183499,0.30061999999999894,2,1000,100
8651,651,0.9969185813745911,0.003081418625411363,0.2981659882127878,0.1664123181857141,2,1000,100
8652,652,4.478953221587962e-18,1.0,0.3906263709869804,0.29979,2,1000,100
8653,653,0.9559955451364248,0.044004454863578644,0.30217856358191314,0.26357875392221036,2,1000,100
8654,654,0.0045637487105443415,0.9954362512894512,0.4301837827420828,0.2991118205013353,2,1000,100
8655,655,2.3548431328220352e-05,0.9999764515686645,0.379722402636937,0.3020881718356473,2,1000,100
8656,656,0.0002705792641869625,0.999729420735814,0.39596612298147377,0.300374134790173,2,1000,100
8657,657,1.568861242982196e-16,1.0,0.3819018845737061,0.30166,2,1000,100
8658,658,6.553969964480562e-18,1.0,0.38377711393518804,0.29775,2,1000,100
8659,659,5.1162169716997275e-18,1.0,0.3851709977871371,0.30261,2,1000,100
8660,660,5.063226519208708e-18,1.0,0.38287599657090776,0.30176,2,1000,100
8661,661,1.1322971968528455e-15,0.9999999999999998,0.3771807447583238,0.2994899999999999,2,1000,100
8662,662,0.20464706841148336,0.7953529315885121,0.3009931475043587,0.2967395044108433,2,1000,100
8663,663,0.007129460182656828,0.9928705398173485,0.39416160354978524,0.2986792624509893,2,1000,100
8664,664,1.230204512814467e-14,0.9999999999999917,0.37845958130600993,0.3017199999999991,2,1000,100
8665,665,5.498589589595035e-18,1.0,0.42089676090501615,0.30015,2,1000,100
8666,666,5.511716590909099e-18,1.0,0.3985844757360001,0.30117,2,1000,100
8667,667,0.01029294581271496,0.9897070541872788,0.34178476519558365,0.29902992676480056,2,1000,100
8668,668,0.07961239545330936,0.920387604546688,0.3492061158652908,0.2941791732868594,2,1000,100
8669,669,6.339904344880125e-18,1.0,0.4328264292810371,0.30005,2,1000,100
8670,670,5.608832412890273e-18,1.0,0.3926187073101454,0.29832,2,1000,100
8671,671,4.984712561737744e-18,1.0,0.39328539730097434,0.29954,2,1000,100
8672,672,5.2959668670685305e-18,1.0,0.4093420469911037,0.30013,2,1000,100
8673,673,0.12075023202381464,0.8792497679761792,0.327790331468473,0.2949892634228638,2,1000,100
8674,674,4.72453530029316e-18,1.0,0.381725763397161,0.2998,2,1000,100
8675,675,5.47151718976585e-18,1.0,0.4360955622039646,0.30221,2,1000,100
8676,676,0.0005516867923538022,0.9994483132076375,0.35894137051813835,0.29970732135742045,2,1000,100
8677,677,0.019809556281430715,0.9801904437185758,0.3782833146156347,0.29379635073393834,2,1000,100
8678,678,0.5648328757641189,0.4351671242358795,0.30897021963952576,0.2885407819720175,2,1000,100
8679,679,0.0029223159998958796,0.9970776840001073,0.4462008617337829,0.2990800665463062,2,1000,100
8680,680,0.0008984502356898055,0.9991015497643165,0.42722153610490815,0.30135691690321326,2,1000,100
8681,681,8.760560593586134e-07,0.9999991239439363,0.3932739539537471,0.30193991998626607,2,1000,100
8682,682,1.7040914269884977e-16,1.0,0.38029677798892664,0.29834999999999995,2,1000,100
8683,683,0.007336529186390337,0.992663470813607,0.3951635915099296,0.30215765926356714,2,1000,100
8684,684,0.00017325699233802303,0.9998267430076639,0.3474847048072745,0.299741728195467,2,1000,100
8685,685,5.038739371559271e-18,1.0,0.3997827032251557,0.30126,2,1000,100
8686,686,2.4556171462725324e-16,1.0,0.38357205414405304,0.3001,2,1000,100
8687,687,0.3981308537183102,0.6018691462816904,0.31783026988188084,0.28793960345874947,2,1000,100
8688,688,0.001573286179472142,0.9984267138205336,0.45805862330512137,0.3001916300413032,2,1000,100
8689,689,0.0015323806322763997,0.9984676193677294,0.43651722485149497,0.2999006514088085,2,1000,100
8690,690,0.026717026352693126,0.9732829736473086,0.3147062588342096,0.2970379554735047,2,1000,100
8691,691,0.6227350796510627,0.3772649203489388,0.30863388165511835,0.2898304327456436,2,1000,100
8692,692,0.15611162245347052,0.8438883775465305,0.3382478293123683,0.29047157076312047,2,1000,100
8693,693,5.6327659573654025e-18,1.0,0.36671994806845853,0.29874,2,1000,100
8694,694,0.6715447799603409,0.3284552200396548,0.30104677968254,0.2930189587752587,2,1000,100
8695,695,0.0008701455293627426,0.9991298544706415,0.47435275981543956,0.3009491135924639,2,1000,100
8696,696,0.0019284339563875263,0.9980715660436158,0.4319768316502716,0.297931502435447,2,1000,100
8697,697,5.079967670015978e-18,1.0,0.38273557661484786,0.29722,2,1000,100
8698,698,5.528804776641631e-18,1.0,0.3906156864036785,0.29977,2,1000,100
8699,699,5.215609220834446e-18,1.0,0.3867546285109501,0.2988,2,1000,100
8700,700,0.6106060259513978,0.38939397404860254,0.30437579980521107,0.2898254980984263,2,1000,100
8701,701,5.460303957149772e-18,1.0,0.39026196332761137,0.30055,2,1000,100
8702,702,2.7026711371501783e-17,1.0,0.42447410202767283,0.298,2,1000,100
8703,703,1.3011091957244556e-16,1.0,0.3925700711022826,0.30017,2,1000,100
8704,704,6.855862431341149e-16,0.9999999999999998,0.39455116719044303,0.30326,2,1000,100
8705,705,5.929057126433234e-16,0.9999999999999998,0.39794003378042203,0.29830999999999996,2,1000,100
8706,706,1.3269198824650538e-17,1.0,0.37783073391046346,0.3004,2,1000,100
8707,707,3.115587566866003e-17,1.0,0.3723430763503048,0.2977,2,1000,100
8708,708,0.9764742833563731,0.02352571664362436,0.3029391958056859,0.22901176430457842,2,1000,100
8709,709,0.033962315819349956,0.9660376841806491,0.3711925150620794,0.2968035794761659,2,1000,100
8710,710,5.508962959704717e-18,1.0,0.40262965707707904,0.30127,2,1000,100
8711,711,0.013742255629372127,0.9862577443706273,0.38809824455832725,0.30002974009882094,2,1000,100
8712,712,0.5532366386475512,0.44676336135244904,0.3179520189949718,0.27884402468209823,2,1000,100
8713,713,4.165874182819721e-16,1.0,0.38783247554293887,0.29947999999999997,2,1000,100
8714,714,6.809536841504689e-05,0.999931904631588,0.42039136597712534,0.3013318926012971,2,1000,100
8715,715,1.9310283599092373e-15,0.999999999999999,0.3985687425455289,0.3005399999999998,2,1000,100
8716,716,0.3767515742881358,0.6232484257118641,0.30238078167978544,0.29702050872607577,2,1000,100
8717,717,2.0260477349846236e-17,1.0,0.4173712078063287,0.29835,2,1000,100
8718,718,3.112970525228237e-15,0.9999999999999986,0.38000667808759714,0.2984999999999997,2,1000,100
8719,719,3.185539074468641e-07,0.9999996814460934,0.3605916350613974,0.29859998025231616,2,1000,100
8720,720,5.573199133893967e-18,1.0,0.37901997549786487,0.29936,2,1000,100
8721,721,5.038182242371599e-18,1.0,0.37958311194119493,0.30035,2,1000,100
8722,722,0.2267683456105961,0.7732316543894031,0.3332019483470051,0.290107555925476,2,1000,100
8723,723,5.437054916173826e-18,1.0,0.38478772133019107,0.29783,2,1000,100
8724,724,0.012689626119390295,0.9873103738806136,0.3952206153260771,0.29851281416037895,2,1000,100
8725,725,0.7661980043579495,0.2338019956420489,0.31112997403026477,0.2684871642335133,2,1000,100
8726,726,6.450727153155599e-18,1.0,0.3881983285676833,0.29771,2,1000,100
8727,727,5.612074473163955e-13,0.9999999999994394,0.39875016466276847,0.30073999999994494,2,1000,100
8728,728,4.9219170422186254e-15,0.9999999999999976,0.37705796353588683,0.29870999999999964,2,1000,100
8729,729,3.246287978078709e-15,0.9999999999999981,0.3937941691830953,0.2984399999999997,2,1000,100
8730,730,0.9718519813868447,0.028148018613163527,0.3040022497190902,0.250277341409454,2,1000,100
8731,731,5.0027450244421125e-18,1.0,0.38370588443279097,0.30149,2,1000,100
8732,732,1.2927565031051424e-16,1.0,0.38495027636567014,0.30027,2,1000,100
8733,733,0.6014440079822709,0.39855599201772796,0.30826828063353745,0.2853899879565781,2,1000,100
8734,734,0.883833074814163,0.11616692518583888,0.3058095423121273,0.2627719711262724,2,1000,100
8735,735,0.9981314920613518,0.001868507938647925,0.2992308217700812,0.15964256277129407,2,1000,100
8736,736,0.0006718220225660715,0.9993281779774315,0.45251194776307135,0.3010482433477543,2,1000,100
8737,737,5.0623669855729105e-18,1.0,0.3772698659352918,0.30077,2,1000,100
8738,738,4.580769639274866e-18,1.0,0.38582882579901495,0.30321,2,1000,100
8739,739,6.232309571546557e-18,1.0,0.3803948412695183,0.29715,2,1000,100
8740,740,0.9963439828760151,0.0036560171239780515,0.29835827032634116,0.1839522617773201,2,1000,100
8741,741,0.01090928425807129,0.9890907157419297,0.3869344196559228,0.2977369191114509,2,1000,100
8742,742,3.640547861321785e-13,0.9999999999996407,0.44299689260687863,0.30056999999994816,2,1000,100
8743,743,0.97972639915067,0.02027360084933104,0.30226529442865746,0.22407028405832574,2,1000,100
8744,744,8.853074018088708e-18,1.0,0.37857788647257634,0.2996,2,1000,100
8745,745,5.340114776252511e-18,1.0,0.3820441235837441,0.29883,2,1000,100
8746,746,1.9071475843115408e-07,0.9999998092852447,0.4386943694140715,0.30021997359088903,2,1000,100
8747,747,0.4430295687117839,0.5569704312882162,0.30334182229147766,0.2959952522374558,2,1000,100
8748,748,0.04193359500004971,0.9580664049999481,0.3699601065919627,0.29723017239500454,2,1000,100
8749,749,5.133918934817343e-18,1.0,0.3566303365388162,0.29974,2,1000,100
8750,750,4.682373887256322e-18,1.0,0.40758778447087907,0.30499,2,1000,100
8751,751,0.9268692524727811,0.0731307475272229,0.3023925769502176,0.25039561153150564,2,1000,100
8752,752,5.428636448078007e-18,1.0,0.3987058186714289,0.30013,2,1000,100
8753,753,0.9404649901052877,0.059535009894706815,0.3005893267126108,0.24029998235945202,2,1000,100
8754,754,0.47403666291383617,0.5259633370861635,0.3071977895085597,0.29539508564910283,2,1000,100
8755,755,0.00046286984921033484,0.9995371301507846,0.36382693017643425,0.29844973886931786,2,1000,100
8756,756,0.9874031101345841,0.012596889865406193,0.30199404141054104,0.22943316167695363,2,1000,100
8757,757,4.9709988452151744e-12,0.9999999999950375,0.39570366531146384,0.2990399999995195,2,1000,100
8758,758,4.948602437295884e-18,1.0,0.36557517763768604,0.29996,2,1000,100
8759,759,0.00022714415502392719,0.9997728558449773,0.3914838877382179,0.30215971053524604,2,1000,100
8760,760,0.5458593377798561,0.45414066222014365,0.3037868277943215,0.29709985160620517,2,1000,100
8761,761,4.381599972219045e-18,1.0,0.39112958540919185,0.30131,2,1000,100
8762,762,0.008171546013284164,0.9918284539867211,0.33776058106039314,0.2997493898016091,2,1000,100
8763,763,4.288055674118725e-18,1.0,0.4107352876133782,0.30133,2,1000,100
8764,764,0.007725250812918915,0.992274749187085,0.36645211439243913,0.2983035351326742,2,1000,100
8765,765,0.1807879296701467,0.8192120703298555,0.3382289195299134,0.29346771439392366,2,1000,100
8766,766,0.05738538858827287,0.9426146114117261,0.3511304411197063,0.2982027222877366,2,1000,100
8767,767,4.953267022295868e-14,0.9999999999999556,0.3869829101184189,0.2995699999999957,2,1000,100
8768,768,0.001010247252284157,0.998989752747718,0.3899171943889892,0.30147064711864613,2,1000,100
8769,769,0.0029749310879648707,0.9970250689120311,0.4049836626421183,0.3021440592668449,2,1000,100
8770,770,0.001356398696437293,0.9986436013035609,0.41484085571293255,0.30059503712058794,2,1000,100
8771,771,1.5694331302797666e-13,0.9999999999998469,0.40014425648175983,0.3003799999999844,2,1000,100
8772,772,0.0241174240952033,0.9758825759047939,0.3626749802791064,0.299967660986753,2,1000,100
8773,773,0.00025734765566682476,0.9997426523443342,0.46485359191606884,0.2980270675850603,2,1000,100
8774,774,5.072442461710661e-18,1.0,0.3841125620068419,0.29983,2,1000,100
8775,775,1.3487842689238523e-15,0.999999999999999,0.4356927267414689,0.2991599999999998,2,1000,100
8776,776,4.54754778913337e-18,1.0,0.39042431225861385,0.30011,2,1000,100
8777,777,0.0030778916065339473,0.9969221083934608,0.4328634272549283,0.2999208170559177,2,1000,100
8778,778,1.2206876881046901e-17,1.0,0.3826093396389513,0.2998,2,1000,100
8779,779,0.9608958178606397,0.039104182139364,0.3007747839157506,0.2947707223830542,2,1000,100
8780,780,7.668188057624618e-18,1.0,0.38825988111412535,0.29921,2,1000,100
8781,781,0.02545436961880545,0.9745456303811925,0.37620286562349,0.2981430362507658,2,1000,100
8782,782,1.4310952065189828e-14,0.9999999999999869,0.43191291541464416,0.30049999999999816,2,1000,100
8783,783,6.8718837526768464e-18,1.0,0.39637747942648976,0.29964,2,1000,100
8784,784,0.0015717346188141215,0.9984282653811831,0.4419450434698077,0.2995562025293611,2,1000,100
8785,785,3.5516016234135234e-07,0.9999996448398301,0.44900195270328785,0.2994399468815338,2,1000,100
8786,786,5.012829506186185e-18,1.0,0.38118442979590333,0.30223,2,1000,100
8787,787,7.750820824083696e-18,1.0,0.4253997683309685,0.29983,2,1000,100
8788,788,8.537354775578683e-16,0.9999999999999998,0.38362799891137206,0.30332,2,1000,100
8789,789,0.33591005737394986,0.6640899426260497,0.29966090569893505,0.2978826741324918,2,1000,100
8790,790,6.56036019941541e-18,1.0,0.4181983222427452,0.30043,2,1000,100
8791,791,3.903020434176887e-15,0.999999999999998,0.37465426584775435,0.30028999999999967,2,1000,100
8792,792,1.2570133855209155e-06,0.9999987429866123,0.4428721142828837,0.2969198165360081,2,1000,100
8793,793,0.000925135797861326,0.9990748642021365,0.4643538404513317,0.30232009678327126,2,1000,100
8794,794,8.48550369897828e-11,0.9999999999151499,0.37154217928987937,0.3008999999940057,2,1000,100
8795,795,0.42875446492254343,0.5712455350774547,0.31004324447364584,0.29184923885706515,2,1000,100
8796,796,0.9865467224733329,0.013453277526674792,0.29872551731782765,0.21506431910080973,2,1000,100
8797,797,4.498255387588567e-05,0.9999550174461237,0.42066828907818987,0.2997045587424831,2,1000,100
8798,798,5.273425170324758e-15,0.9999999999999968,0.3855473560996374,0.29727999999999954,2,1000,100
8799,799,4.311498467217682e-18,1.0,0.37593820329084826,0.30017,2,1000,100
8800,800,4.832149496748081e-18,1.0,0.387149435759944,0.29974,2,1000,100
8801,801,4.992507086319165e-18,1.0,0.38948695711754894,0.29946,2,1000,100
8802,802,0.14385953748944263,0.8561404625105511,0.32300871517324675,0.2977573503331226,2,1000,100
8803,803,0.010652646305490154,0.9893473536945137,0.3975222845868856,0.2988387593090362,2,1000,100
8804,804,0.0006474830132538786,0.999352516986738,0.46127445340375955,0.2990549656372525,2,1000,100
8805,805,0.9546240215051478,0.04537597849485876,0.30078405635585,0.2348007661841754,2,1000,100
8806,806,0.9910010852486411,0.008998914751357468,0.3006604271315378,0.2006009025758782,2,1000,100
8807,807,5.1506740960454995e-18,1.0,0.39879760001288367,0.29945,2,1000,100
8808,808,0.0016007662329462539,0.9983992337670546,0.46624782562950917,0.29998385024244495,2,1000,100
8809,809,2.790281059400896e-17,1.0,0.3779801175342005,0.30104,2,1000,100
8810,810,5.134985912259303e-18,1.0,0.37714305348440896,0.30074,2,1000,100
8811,811,4.901665321135792e-18,1.0,0.3882988454109593,0.29734,2,1000,100
8812,812,0.0009216779943381127,0.9990783220056669,0.45655623305530624,0.3003460244882728,2,1000,100
8813,813,7.745759788963845e-17,1.0,0.40093811724583145,0.29866,2,1000,100
8814,814,5.717043196645485e-18,1.0,0.41813061820618386,0.29981,2,1000,100
8815,815,5.2250940563786046e-18,1.0,0.38405240174986655,0.29916,2,1000,100
8816,816,0.2550238522865678,0.7449761477134332,0.3319537839192513,0.287719100674161,2,1000,100
8817,817,0.9866264707755945,0.013373529224405349,0.3040551669083334,0.21693030339757835,2,1000,100
8818,818,5.318939305647101e-18,1.0,0.389243838425883,0.29961,2,1000,100
8819,819,0.9791330286583633,0.020866971341641147,0.3008784668955779,0.23338103890193157,2,1000,100
8820,820,2.655386556223707e-13,0.9999999999997408,0.3766806342972876,0.29918999999997936,2,1000,100
8821,821,4.472039073134234e-05,0.9999552796092717,0.4704695233960654,0.29950235428139493,2,1000,100
8822,822,0.01887260724878245,0.9811273927512186,0.38448512826056597,0.2966625591455126,2,1000,100
8823,823,0.008974456715798693,0.9910255432842001,0.4052975285549777,0.297058614551309,2,1000,100
8824,824,0.8623923798934271,0.13760762010657543,0.30567677769317764,0.27561465111927325,2,1000,100
8825,825,0.0024564292226074867,0.9975435707774003,0.33345107530167256,0.2968701415252814,2,1000,100
8826,826,0.9766900365378749,0.023309963462120026,0.29726945975984326,0.2273654565857826,2,1000,100
8827,827,0.9858748016940249,0.014125198305974302,0.3005739877830269,0.2139212019945779,2,1000,100
8828,828,1.5827501082037145e-13,0.9999999999998451,0.41260995204577144,0.29893999999998205,2,1000,100
8829,829,0.7217602528075577,0.2782397471924434,0.3040248574153225,0.28797805799009735,2,1000,100
8830,830,5.513054774887142e-16,0.9999999999999997,0.4197856890422408,0.30206999999999995,2,1000,100
8831,831,1.508867972263725e-11,0.9999999999849123,0.37005022663085196,0.30015999999894544,2,1000,100
8832,832,5.046294867584031e-18,1.0,0.4134845994866039,0.30008,2,1000,100
8833,833,5.4056667249102205e-18,1.0,0.37623613406006634,0.29985,2,1000,100
8834,834,5.182466172739172e-18,1.0,0.36916492399574935,0.29789,2,1000,100
8835,835,0.01614597281805382,0.9838540271819439,0.3869270213405457,0.29927476911817646,2,1000,100
8836,836,0.09496087765907132,0.905039122340927,0.31301549714702553,0.29992711582226406,2,1000,100
8837,837,5.0536940662309445e-18,1.0,0.3743494205972789,0.30108,2,1000,100
8838,838,1.9670448431157218e-05,0.9999803295515716,0.44848196474375124,0.29803704068087944,2,1000,100
8839,839,3.757134657772973e-17,1.0,0.3770333723621683,0.29881,2,1000,100
8840,840,5.1539765584440324e-18,1.0,0.3883612673905899,0.29938,2,1000,100
8841,841,0.11038466390287867,0.8896153360971244,0.3209134683781589,0.3000241383226684,2,1000,100
8842,842,5.257492516324427e-18,1.0,0.3908525972370297,0.30216,2,1000,100
8843,843,4.5294429627318124e-18,1.0,0.3797806480202692,0.29929,2,1000,100
8844,844,0.3270150241948966,0.6729849758051061,0.3085029071875672,0.2974433628364275,2,1000,100
8845,845,0.002293864048899422,0.9977061359510959,0.444429627578376,0.2965708320245655,2,1000,100
8846,846,1.3807993495702947e-17,1.0,0.38401779020330273,0.29936,2,1000,100
8847,847,0.9009462198682904,0.09905378013170796,0.3018312078229343,0.255985326758162,2,1000,100
8848,848,0.9978313414399465,0.0021686585600516122,0.3007740850543924,0.197445207692017,2,1000,100
8849,849,0.02616899393573553,0.9738310060642585,0.39153786082943665,0.2983822103474576,2,1000,100
8850,850,0.4733294057453282,0.526670594254671,0.3165535665986892,0.28233185990895904,2,1000,100
8851,851,0.8933002557761692,0.10669974422383388,0.3016830145299993,0.27981778376519917,2,1000,100
8852,852,0.0024794193767685205,0.9975205806232349,0.4170879534851556,0.29915760119943363,2,1000,100
8853,853,5.639148250421273e-18,1.0,0.39381238032947846,0.29759,2,1000,100
8854,854,8.267947648628674e-08,0.9999999173205241,0.3940470693407066,0.29762999202828655,2,1000,100
8855,855,3.283403969148897e-13,0.9999999999996756,0.38187327461997556,0.3005899999999733,2,1000,100
8856,856,4.918646617598155e-18,1.0,0.3986818949891342,0.30021,2,1000,100
8857,857,0.0015880287207695994,0.9984119712792253,0.4715967215996639,0.29834487108545693,2,1000,100
8858,858,9.721631824852328e-18,1.0,0.3925528207493655,0.3007,2,1000,100
8859,859,5.251802388494383e-18,1.0,0.39672045684836454,0.29889,2,1000,100
8860,860,0.9959093131042632,0.004090686895737882,0.2992237652445416,0.1882973472352976,2,1000,100
8861,861,0.06386387873789715,0.9361361212620993,0.3071402852941282,0.29746190082808166,2,1000,100
8862,862,2.047081054551899e-17,1.0,0.3815968859962287,0.30064,2,1000,100
8863,863,0.1017141052264889,0.8982858947735126,0.3220558475948338,0.2945302594288658,2,1000,100
8864,864,0.950563034014692,0.049436965985312005,0.2999082885882124,0.2993360732904363,2,1000,100
8865,865,5.014167945419957e-18,1.0,0.39398229928953227,0.29943,2,1000,100
8866,866,0.960940617545675,0.03905938245433295,0.30437594772037185,0.24175468832817412,2,1000,100
8867,867,8.42209315119455e-15,0.9999999999999944,0.3837916495053027,0.2991199999999992,2,1000,100
8868,868,0.9560493135306689,0.04395068646933513,0.29995408878299484,0.28825714331313096,2,1000,100
8869,869,0.9971078885612205,0.0028921114387739813,0.30161440612948126,0.18252973848360216,2,1000,100
8870,870,0.9995382706781031,0.0004617293218976187,0.3010696149862877,0.2152726243925093,2,1000,100
8871,871,0.02231782264274884,0.977682177357252,0.38125030927626546,0.29834984207602394,2,1000,100
8872,872,2.3743093208024467e-07,0.9999997625690665,0.4003022040865198,0.2982899757791416,2,1000,100
8873,873,0.9948595075200579,0.005140492479938526,0.30177359962450423,0.2407678446840705,2,1000,100
8874,874,0.0032532572749576012,0.9967467427250443,0.45198361433890144,0.29837025622518587,2,1000,100
8875,875,4.680046504545186e-06,0.9999953199534976,0.4048764816419595,0.2977394985939369,2,1000,100
8876,876,1.2180997831340371e-15,0.9999999999999994,0.40317906390376845,0.3020299999999999,2,1000,100
8877,877,7.593066604060633e-17,1.0,0.41773967586094823,0.29962,2,1000,100
8878,878,0.9792573745293479,0.020742625470653853,0.29924277026771073,0.21570608055781082,2,1000,100
8879,879,0.9833764236089438,0.01662357639106148,0.3043977504571184,0.22994021929769737,2,1000,100
8880,880,1.2354965955422609e-15,0.9999999999999994,0.38914125261515026,0.29830999999999985,2,1000,100
8881,881,0.02388176810970411,0.9761182318902952,0.36004981184101764,0.30000604877399945,2,1000,100
8882,882,0.0033092082163936444,0.9966907917836094,0.41890341212530896,0.3002172427531414,2,1000,100
8883,883,7.0682753332331005e-15,0.9999999999999958,0.3630549810790326,0.2980899999999995,2,1000,100
8884,884,0.970224030132064,0.029775969867937367,0.3009789296116303,0.22813731870021325,2,1000,100
8885,885,0.004613581343435861,0.9953864186565633,0.39708634128286807,0.2994194056478839,2,1000,100
8886,886,2.0957535898577195e-17,1.0,0.39882323703494393,0.29846,2,1000,100
8887,887,0.8403227723816363,0.1596772276183602,0.3080714484148838,0.262032019220545,2,1000,100
8888,888,4.8972674534548306e-18,1.0,0.41220190714617,0.30178,2,1000,100
8889,889,0.49193289974025767,0.5080671002597424,0.307726276516821,0.29669175663951564,2,1000,100
8890,890,0.03697397474972993,0.9630260252502708,0.344033136466122,0.2984651712029634,2,1000,100
8891,891,2.538797468843171e-17,1.0,0.419083266082593,0.30183,2,1000,100
8892,892,6.187224087252316e-15,0.9999999999999961,0.3746990868741477,0.2988299999999995,2,1000,100
8893,893,0.008229361039902995,0.9917706389600982,0.41277233752301634,0.2980660404679838,2,1000,100
8894,894,7.200292367658276e-08,0.9999999279970655,0.41486651487816895,0.3003099917515954,2,1000,100
8895,895,0.6618499385344152,0.33815006146558063,0.30481744685137746,0.298082428553564,2,1000,100
8896,896,1.2509215069114685e-15,0.9999999999999998,0.37214963295688863,0.3011399999999999,2,1000,100
8897,897,0.020482143717075678,0.9795178562829195,0.33269011056827086,0.29931643559278515,2,1000,100
8898,898,0.22724530205736207,0.7727546979426344,0.3080735511560978,0.2973928640272174,2,1000,100
8899,899,0.9988756120136143,0.0011243879863875356,0.29981672041828,0.18711503753467967,2,1000,100
8900,900,0.9986794996434438,0.0013205003565614542,0.30258525537806985,0.17743922474753537,2,1000,100
8901,901,0.1346738011004061,0.865326198899594,0.307556778752474,0.2983154328153658,2,1000,100
8902,902,0.1931332224612679,0.8068667775387292,0.301188835489017,0.2987735228955778,2,1000,100
8903,903,4.631495983891243e-18,1.0,0.36832876142226306,0.30207,2,1000,100
8904,904,1.971743351494044e-15,0.9999999999999996,0.37407454599685025,0.29964999999999986,2,1000,100
8905,905,0.005260494224351688,0.9947395057756458,0.3879989813035449,0.30014785968210755,2,1000,100
8906,906,0.13096308565279652,0.8690369143472022,0.3097603477652893,0.29900091095550424,2,1000,100
8907,907,2.933776046275186e-09,0.9999999970662279,0.37754125704106223,0.29783999976617437,2,1000,100
8908,908,0.0018866784383250986,0.9981133215616744,0.4446451558989179,0.29855437367113286,2,1000,100
8909,909,0.0751054227365322,0.9248945772634661,0.3514776846410645,0.29256536535568173,2,1000,100
8910,910,0.2807006596093128,0.7192993403906844,0.3206627487357027,0.293910675356557,2,1000,100
8911,911,4.808400921493039e-18,1.0,0.38417335519391926,0.30022,2,1000,100
8912,912,0.04472009268609381,0.9552799073139172,0.36009306726123597,0.29929092244845934,2,1000,100
8913,913,0.12860034004926146,0.8713996599507383,0.341105753607363,0.2931647736789055,2,1000,100
8914,914,0.005615447988711537,0.9943845520112837,0.36752481403488224,0.3025249969076463,2,1000,100
8915,915,0.12523439796085595,0.8747656020391469,0.3021385683835116,0.2987335780906054,2,1000,100
8916,916,6.454483999565566e-16,0.9999999999999996,0.42498611647414886,0.30050999999999994,2,1000,100
8917,917,0.00024341695606986926,0.9997565830439302,0.38163749737631847,0.30115040807772003,2,1000,100
8918,918,2.1720001444842831e-16,1.0,0.39412784310457294,0.30210000000000004,2,1000,100
8919,919,0.0032240794230087785,0.9967759205769877,0.42294849910006715,0.3022107318490259,2,1000,100
8920,920,0.011121826920016122,0.9888781730799834,0.3394728955711226,0.29921222782160556,2,1000,100
8921,921,0.06519602943026041,0.9348039705697397,0.3582533395932915,0.2960976990284798,2,1000,100
8922,922,0.029831295125015842,0.9701687048749847,0.35385568128759637,0.3016836404525761,2,1000,100
8923,923,0.0012553691163575934,0.998744630883641,0.4876941880619158,0.29943366355170054,2,1000,100
8924,924,0.9289971131637568,0.07100288683623783,0.30239348979376623,0.2675570218136523,2,1000,100
8925,925,0.5373867363434495,0.4626132636565499,0.3016288770708806,0.29222820179298964,2,1000,100
8926,926,5.6485120744287575e-18,1.0,0.3815588441642028,0.30167,2,1000,100
8927,927,2.2146600224892483e-14,0.9999999999999826,0.37995010166047977,0.3000699999999983,2,1000,100
8928,928,0.016502073397442238,0.9834979266025503,0.35301761534213083,0.29791062032348997,2,1000,100
8929,929,2.373009625056205e-16,1.0,0.4029200414728205,0.3008199999999999,2,1000,100
8930,930,1.3383054872682975e-10,0.9999999998661595,0.3912066321741081,0.30038999998784593,2,1000,100
8931,931,6.258913673871969e-18,1.0,0.3944422418727975,0.30047,2,1000,100
8932,932,0.0059600269021096875,0.9940399730978942,0.39103224522788177,0.29979623090016555,2,1000,100
8933,933,6.519596627708051e-18,1.0,0.3802300065326954,0.29873,2,1000,100
8934,934,0.9972441356475412,0.0027558643524590786,0.30201176499141963,0.20339842388950005,2,1000,100
8935,935,3.5403314320018114e-16,1.0,0.40237198541095426,0.3017699999999999,2,1000,100
8936,936,8.359678933922756e-05,0.9999164032106566,0.34302779307050396,0.3006664587284569,2,1000,100
8937,937,5.268066973798356e-18,1.0,0.4012819051063241,0.30246,2,1000,100
8938,938,0.07249224121872763,0.927507758781276,0.3149490435775951,0.2982170610893981,2,1000,100
8939,939,0.003427839213482054,0.9965721607865204,0.4225944747185293,0.3009028607135618,2,1000,100
8940,940,1.0217787037274704e-17,1.0,0.3923226846061604,0.30127,2,1000,100
8941,941,0.009763454191863231,0.9902365458081323,0.42116853853504527,0.2975227904020852,2,1000,100
8942,942,0.002383978131374442,0.9976160218686175,0.41531720978420744,0.2989726370829762,2,1000,100
8943,943,2.6451376706372385e-14,0.9999999999999756,0.43995906492600334,0.30172999999999633,2,1000,100
8944,944,0.616402894926736,0.38359710507326544,0.3162067389625316,0.27930151007706394,2,1000,100
8945,945,0.006826426432170786,0.9931735735678278,0.4013899521399477,0.30085369664811906,2,1000,100
8946,946,2.8960453159684584e-15,0.9999999999999979,0.40493033156666786,0.30040999999999973,2,1000,100
8947,947,4.255607489446389e-15,0.9999999999999983,0.3706848112715623,0.29795999999999967,2,1000,100
8948,948,5.394447847930998e-18,1.0,0.3984178716369622,0.30274,2,1000,100
8949,949,0.014654505038126398,0.9853454949618701,0.38695563416470524,0.298706756375834,2,1000,100
8950,950,0.03729988711381819,0.9627001128861845,0.36645142579636497,0.2971968106738181,2,1000,100
8951,951,2.7407574398452176e-12,0.9999999999972573,0.38856493568830985,0.30034999999975825,2,1000,100
8952,952,0.0009154345720642883,0.999084565427932,0.44856737408695574,0.3009949070618003,2,1000,100
8953,953,0.002128502153179619,0.9978714978468188,0.4456742123443251,0.3013027049356228,2,1000,100
8954,954,1.5491953473168903e-16,1.0,0.39084590929502694,0.30043,2,1000,100
8955,955,0.00046334717282004215,0.9995366528271775,0.36789665453487735,0.2985578720711786,2,1000,100
8956,956,5.453171865680589e-18,1.0,0.40468170046318164,0.29922,2,1000,100
8957,957,0.9754939660102989,0.024506033989701064,0.3014051966794135,0.23957566195949978,2,1000,100
8958,958,0.011948930164642735,0.9880510698353587,0.3255631529882269,0.30270689213524277,2,1000,100
8959,959,4.934358372265484e-17,1.0,0.38890422082595505,0.29897,2,1000,100
8960,960,0.1630162510843585,0.8369837489156464,0.30962235362914897,0.2991533885620242,2,1000,100
8961,961,5.241079093659583e-18,1.0,0.39431921980344176,0.29706,2,1000,100
8962,962,0.06641331912231638,0.9335866808776858,0.32165990128710775,0.2993803404138171,2,1000,100
8963,963,2.385576718905438e-16,1.0,0.3772875057143445,0.29895999999999995,2,1000,100
8964,964,5.1177217356112964e-18,1.0,0.37125857594410355,0.29775,2,1000,100
8965,965,5.52706379463461e-18,1.0,0.38024954325666854,0.29887,2,1000,100
8966,966,3.6336851008196235e-16,1.0,0.37151265466526034,0.30011,2,1000,100
8967,967,3.601403792212278e-10,0.9999999996398609,0.3636670623574737,0.297439999976149,2,1000,100
8968,968,0.3402690180776927,0.6597309819223072,0.30797207920775704,0.29287186490717987,2,1000,100
8969,969,4.9009374464407835e-18,1.0,0.3770316230022613,0.29988,2,1000,100
8970,970,5.067882316580138e-18,1.0,0.3932044029870666,0.29961,2,1000,100
8971,971,0.001503812282848101,0.99849618771715,0.4345029894412879,0.2998174582438634,2,1000,100
8972,972,0.0004322573936683101,0.9995677426063316,0.39419637271510194,0.29970915720248753,2,1000,100
8973,973,7.940422313694501e-16,0.9999999999999998,0.3839373865300447,0.3034099999999999,2,1000,100
8974,974,1.9446998409514973e-16,1.0,0.4186616409414541,0.2985399999999999,2,1000,100
8975,975,8.563358646437394e-09,0.9999999914366425,0.3802046774109738,0.3007499993196011,2,1000,100
8976,976,0.7565923279516351,0.24340767204836666,0.3081112765959337,0.27117210980522116,2,1000,100
8977,977,7.246019542228393e-05,0.9999275398045808,0.4295022648638501,0.30203076339009244,2,1000,100
8978,978,5.068589582531729e-18,1.0,0.3777533348203299,0.29693,2,1000,100
8979,979,0.004326001140715808,0.9956739988592848,0.4173798146369251,0.29926905270916976,2,1000,100
8980,980,0.031654256633659256,0.968345743366341,0.36482001246083534,0.2971375623547471,2,1000,100
8981,981,0.9975277198735264,0.0024722801264712084,0.30135745961899546,0.19317408018245283,2,1000,100
8982,982,5.873520556850196e-18,1.0,0.40912010800957194,0.30067,2,1000,100
8983,983,4.9171187550818145e-18,1.0,0.3956562923022769,0.29961,2,1000,100
8984,984,0.11530934721835052,0.8846906527816479,0.31680829121299386,0.29549203659484063,2,1000,100
8985,985,2.194456532803739e-16,0.9999999999999999,0.39642345843459886,0.29844,2,1000,100
8986,986,3.1235680190830565e-16,1.0,0.3864620669166376,0.29814,2,1000,100
8987,987,8.323288556888672e-11,0.9999999999167654,0.3974463422126776,0.30047999999192926,2,1000,100
8988,988,0.9408730908314771,0.05912690916852498,0.2989897085576647,0.28698656874120837,2,1000,100
8989,989,0.003403702367490893,0.9965962976325038,0.3582030322697492,0.30111569168369345,2,1000,100
8990,990,4.837651011481246e-18,1.0,0.39831856982741903,0.29942,2,1000,100
8991,991,3.151363766555752e-05,0.999968486362335,0.4426184710698817,0.2996454944014173,2,1000,100
8992,992,7.651302599267518e-16,1.0,0.36474909597139477,0.2989699999999999,2,1000,100
8993,993,1.1138164210143787e-14,0.9999999999999919,0.3900411721964668,0.30063999999999896,2,1000,100
8994,994,0.0003758661162498877,0.9996241338837523,0.3753260621379401,0.2980009361051895,2,1000,100
8995,995,0.5959886638843376,0.4040113361156634,0.30994300553017823,0.28520853736833096,2,1000,100
8996,996,2.6518784918648976e-14,0.9999999999999756,0.39611479985126624,0.3002599999999975,2,1000,100
8997,997,0.005641810952302298,0.9943581890477015,0.4195308913908403,0.30001571798571675,2,1000,100
8998,998,2.1239221940921636e-13,0.9999999999997927,0.3943681447764797,0.29987999999997994,2,1000,100
8999,999,1.2799406404674532e-14,0.9999999999999913,0.36456371867040394,0.29891999999999913,2,1000,100
