r0,r1,r2,r3,r4,r5,r6,r7,r8,r9,r10,r11,r12,r13,r14,r15,r16,r17,r18,r19,r20,r21,r22,r23,r24,r25,r26,r27,r28,r29,r30,r31,r32,r33,r34,r35,r36,r37,r38,r39,r40,r41,r42,r43,r44,r45,r46,r47,r48,r49,r50,r51,r52,r53,r54,r55,r56,r57,r58,r59,r60,r61,r62,r63,r64,r65,r66,r67,r68,r69,r70,r71,r72,r73,r74,r75,r76,r77,r78,r79,r80,r81,r82,r83,r84,r85,r86,r87,r88,r89,r90,r91,r92,r93,r94,r95,r96,r97,r98,r99,r100,r101,r102,r103,r104,r105,r106,r107,r108,r109,r110,r111,r112,r113,r114,r115,r116,r117,r118,r119,r120,r121,r122,r123,r124,r125,r126,r127,r128,r129,r130,r131,r132,r133,r134,r135,r136,r137,r138,r139,r140,r141,r142,r143,r144,r145,r146,r147,r148,r149,r150,r151,r152,r153,r154,r155,r156,r157,r158,r159,r160,r161,r162,r163,r164,r165,r166,r167,r168,r169,r170,r171,r172,r173,r174,r175,r176,r177,r178,r179,r180,r181,r182,r183,r184,r185,r186,r187,r188,r189,r190,r191,r192,r193,r194,r195,r196,r197,r198,r199,r200,r201,r202,r203,r204,r205,r206,r207,r208,r209,r210,r211,r212,r213,r214,r215,r216,r217,r218,r219,r220,r221,r222,r223,r224,r225,r226,r227,r228,r229,r230,r231,r232,r233,r234,r235,r236,r237,r238,r239,r240,r241,r242,r243,r244,r245,r246,r247,r248,r249,r250,r251,r252,r253,r254,r255,r256,r257,r258,r259,r260,r261,r262,r263,r264,r265,r266,r267,r268,r269,r270,r271,r272,r273,r274,r275,r276,r277,r278,r279,r280,r281,r282,r283,r284,r285,r286,r287,r288,r289,r290,r291,r292,r293,r294,r295,r296,r297,r298,r299,r300,r301,r302,r303,r304,r305,r306,r307,r308,r309,r310,r311,r312,r313,r314,r315,r316,r317,r318,r319,r320,r321,r322,r323,r324,r325,r326,r327,r328,r329,r330,r331,r332,r333,r334,r335,r336,r337,r338,r339,r340,r341,r342,r343,r344,r345,r346,r347,r348,r349,r350,r351,r352,r353,r354,r355,r356,r357,r358,r359,r360,r361,r362,r363,r364,r365,r366,r367,r368,r369,r370,r371,r372,r373,r374,r375,r376,r377,r378,r379,r380,r381,r382,r383,r384,r385,r386,r387,r388,r389,r390,r391,r392,r393,r394,r395,r396,r397,r398,r399,r400,r401,r402,r403,r404,r405,r406,r407,r408,r409,r410,r411,r412,r413,r414,r415,r416,r417,r418,r419,r420,r421,r422,r423,r424,r425,r426,r427,r428,r429,r430,r431,r432,r433,r434,r435,r436,r437,r438,r439,r440,r441,r442,r443,r444,r445,r446,r447,r448,r449,r450,r451,r452,r453,r454,r455,r456,r457,r458,r459,r460,r461,r462,r463,r464,r465,r466,r467,r468,r469,r470,r471,r472,r473,r474,r475,r476,r477,r478,r479,r480,r481,r482,r483,r484,r485,r486,r487,r488,r489,r490,r491,r492,r493,r494,r495,r496,r497,r498,r499,r500,r501,r502,r503,r504,r505,r506,r507,r508,r509,r510,r511,r512,r513,r514,r515,r516,r517,r518,r519,r520,r521,r522,r523,r524,r525,r526,r527,r528,r529,r530,r531,r532,r533,r534,r535,r536,r537,r538,r539,r540,r541,r542,r543,r544,r545,r546,r547,r548,r549,r550,r551,r552,r553,r554,r555,r556,r557,r558,r559,r560,r561,r562,r563,r564,r565,r566,r567,r568,r569,r570,r571,r572,r573,r574,r575,r576,r577,r578,r579,r580,r581,r582,r583,r584,r585,r586,r587,r588,r589,r590,r591,r592,r593,r594,r595,r596,r597,r598,r599,r600,r601,r602,r603,r604,r605,r606,r607,r608,r609,r610,r611,r612,r613,r614,r615,r616,r617,r618,r619,r620,r621,r622,r623,r624,r625,r626,r627,r628,r629,r630,r631,r632,r633,r634,r635,r636,r637,r638,r639,r640,r641,r642,r643,r644,r645,r646,r647,r648,r649,r650,r651,r652,r653,r654,r655,r656,r657,r658,r659,r660,r661,r662,r663,r664,r665,r666,r667,r668,r669,r670,r671,r672,r673,r674,r675,r676,r677,r678,r679,r680,r681,r682,r683,r684,r685,r686,r687,r688,r689,r690,r691,r692,r693,r694,r695,r696,r697,r698,r699,r700,r701,r702,r703,r704,r705,r706,r707,r708,r709,r710,r711,r712,r713,r714,r715,r716,r717,r718,r719,r720,r721,r722,r723,r724,r725,r726,r727,r728,r729,r730,r731,r732,r733,r734,r735,r736,r737,r738,r739,r740,r741,r742,r743,r744,r745,r746,r747,r748,r749,r750,r751,r752,r753,r754,r755,r756,r757,r758,r759,r760,r761,r762,r763,r764,r765,r766,r767,r768,r769,r770,r771,r772,r773,r774,r775,r776,r777,r778,r779,r780,r781,r782,r783,r784,r785,r786,r787,r788,r789,r790,r791,r792,r793,r794,r795,r796,r797,r798,r799,r800,r801,r802,r803,r804,r805,r806,r807,r808,r809,r810,r811,r812,r813,r814,r815,r816,r817,r818,r819,r820,r821,r822,r823,r824,r825,r826,r827,r828,r829,r830,r831,r832,r833,r834,r835,r836,r837,r838,r839,r840,r841,r842,r843,r844,r845,r846,r847,r848,r849,r850,r851,r852,r853,r854,r855,r856,r857,r858,r859,r860,r861,r862,r863,r864,r865,r866,r867,r868,r869,r870,r871,r872,r873,r874,r875,r876,r877,r878,r879,r880,r881,r882,r883,r884,r885,r886,r887,r888,r889,r890,r891,r892,r893,r894,r895,r896,r897,r898,r899,r900,r901,r902,r903,r904,r905,r906,r907,r908,r909,r910,r911,r912,r913,r914,r915,r916,r917,r918,r919,r920,r921,r922,r923,r924,r925,r926,r927,r928,r929,r930,r931,r932,r933,r934,r935,r936,r937,r938,r939,r940,r941,r942,r943,r944,r945,r946,r947,r948,r949,r950,r951,r952,r953,r954,r955,r956,r957,r958,r959,r960,r961,r962,r963,r964,r965,r966,r967,r968,r969,r970,r971,r972,r973,r974,r975,r976,r977,r978,r979,r980,r981,r982,r983,r984,r985,r986,r987,r988,r989,r990,r991,r992,r993,r994,r995,r996,r997,r998,r999
38,33,28,39,34,31,23,40,39,32,35,29,35,17,40,35,47,38,16,34,34,33,15,35,30,38,45,37,36,41,33,35,31,38,34,23,32,31,40,36,14,36,34,12,34,44,37,34,17,13,26,34,28,33,37,35,34,37,25,11,27,32,31,40,33,42,37,33,34,26,29,36,10,38,32,12,40,36,32,40,11,35,30,37,39,42,36,37,12,38,36,35,42,35,21,40,40,30,35,37,42,18,31,39,27,39,21,35,17,31,31,39,35,41,14,34,34,31,27,14,23,9,33,43,29,43,43,39,30,37,42,39,15,35,44,37,31,17,30,36,45,26,35,31,33,36,40,34,37,35,14,31,39,34,36,39,39,39,32,35,44,44,18,45,14,33,24,39,30,11,39,32,33,35,34,13,46,31,11,38,38,10,15,33,32,13,37,38,39,39,41,37,13,16,10,15,13,35,42,34,41,34,40,37,37,36,14,36,35,41,37,10,29,37,14,45,12,17,43,24,37,44,32,8,34,36,14,40,15,16,32,28,36,36,15,38,40,28,33,42,38,42,38,9,17,11,16,30,34,36,17,16,33,35,29,33,34,34,35,35,20,40,37,37,14,13,19,16,14,32,36,35,30,36,38,29,31,31,30,37,32,36,32,34,36,35,33,33,33,37,12,32,40,41,38,12,33,18,33,31,13,28,35,11,38,31,42,30,36,19,27,32,35,39,11,30,31,39,35,28,35,30,31,34,42,34,16,14,8,32,32,31,13,32,14,28,38,39,31,37,38,20,27,34,32,29,34,32,29,29,11,31,33,30,30,35,33,37,39,39,40,23,32,34,29,38,9,35,35,17,21,21,38,28,31,41,42,33,31,32,40,9,40,36,30,33,42,13,18,17,34,30,32,31,37,15,32,21,35,38,34,30,23,32,33,12,35,45,29,41,19,33,37,22,30,32,30,23,16,30,27,37,16,35,32,34,31,12,35,34,19,35,35,44,34,43,27,35,35,13,15,26,39,24,26,42,35,36,14,36,36,33,38,33,19,35,21,15,38,35,30,27,30,47,20,27,32,34,36,11,31,15,32,35,42,43,33,39,19,33,21,33,13,34,17,22,12,28,45,33,30,41,18,34,46,11,34,31,25,33,36,36,11,13,39,32,37,8,35,15,40,36,13,12,41,23,45,26,36,15,14,13,49,36,27,20,11,40,34,38,17,32,14,33,43,34,39,14,38,40,44,31,45,26,31,36,26,43,41,39,33,46,36,41,34,30,38,15,40,40,40,36,38,32,33,27,40,35,38,28,37,16,40,28,19,38,13,27,46,15,39,21,37,17,34,17,14,35,36,17,45,31,33,34,35,30,18,28,37,37,33,40,30,20,42,36,34,31,30,42,12,32,23,40,34,12,32,14,36,13,32,18,29,11,26,30,36,27,18,14,42,10,38,32,9,32,31,47,37,29,31,15,34,10,38,40,45,35,46,11,18,33,42,28,30,34,17,33,9,21,35,36,7,39,42,30,36,37,37,21,33,31,15,36,19,17,33,33,11,29,30,32,18,34,36,23,42,37,31,11,13,35,35,37,34,16,17,13,33,33,37,11,46,45,32,38,34,42,37,38,17,39,28,33,12,30,33,34,37,19,36,14,32,14,31,40,18,29,35,32,12,42,16,17,21,27,31,16,35,30,31,31,36,15,41,38,43,11,25,38,14,36,29,33,42,16,34,34,20,40,42,37,37,37,33,17,27,31,38,29,21,34,31,41,11,29,35,34,39,17,31,42,31,17,33,35,42,39,37,27,15,27,32,34,45,37,36,41,40,33,35,36,14,34,33,40,34,27,36,22,36,18,31,37,38,41,36,20,30,24,31,36,35,37,16,39,33,35,30,37,40,33,38,15,35,38,32,30,44,8,35,28,40,32,35,37,29,12,32,35,30,41,31,36,30,22,35,33,37,36,34,27,28,15,19,40,32,30,33,45,39,35,32,40,35,29,41,14,12,12,39,32,39,36,36,34,35,30,39,38,34,38,10,34,33,33,29,14,38,11,13,12,36,39,17,16,12,30,41,27,35,43,34,31,12,21,36,38,16,21,34,37,39,29,35,20,37,45,38,19,16,30,25,43,13,38,18,17,32,32,37,36,33,16,38,39,33,49,17,33,29,17,32,18,38,19,15,15,11,18,27,39,28,33,35,28,29,27,42,30,35,28,12,39,29,40,34,14,32,9,20,33,31,34,18,38,15,33,17,13,31,36,39,34,35,15,39,36,9,19
41,29,34,31,32,30,38,34,43,43,35,32,43,33,16,42,30,37,21,40,36,41,36,37,13,33,29,26,20,34,31,16,38,29,13,42,35,35,39,31,28,25,18,39,28,28,31,15,13,28,18,18,14,34,37,18,32,28,18,31,32,12,28,19,37,41,38,36,29,18,30,36,40,38,17,40,38,31,20,30,15,37,28,36,28,41,32,43,11,41,47,28,32,13,32,18,37,14,32,36,35,39,36,32,21,36,39,35,14,36,19,38,25,46,37,32,37,38,18,30,29,35,40,34,9,36,35,34,34,25,24,38,12,35,16,23,41,28,38,15,35,29,33,33,16,13,33,14,14,45,17,30,31,15,32,29,43,46,15,14,16,38,36,35,39,36,38,26,24,33,36,27,33,14,32,47,12,23,37,33,11,22,40,30,36,31,33,16,38,15,31,14,41,30,36,38,39,37,43,15,33,12,26,34,15,36,16,40,46,36,11,33,14,31,13,11,40,26,34,34,29,32,36,21,30,31,18,31,30,30,43,32,35,37,29,19,33,35,44,34,42,36,30,36,43,39,36,44,37,35,33,19,33,35,34,13,11,7,38,32,30,15,39,32,17,25,21,35,37,13,43,32,27,32,25,9,28,35,29,36,11,33,17,12,26,37,15,33,38,38,41,40,13,26,32,36,21,40,35,39,11,45,17,19,38,35,37,33,38,34,40,36,39,10,30,14,8,19,36,17,13,29,35,17,11,32,35,22,31,15,46,36,34,19,40,35,36,41,17,9,47,18,37,38,40,38,30,38,8,37,16,24,31,33,42,36,22,31,11,39,29,44,31,35,18,11,34,34,40,34,38,35,36,35,11,32,36,41,19,38,34,37,14,40,40,30,34,14,12,29,47,31,30,11,35,10,13,35,35,42,25,37,38,22,29,16,13,39,40,16,32,33,16,39,17,27,45,33,38,31,28,33,28,14,11,7,17,37,39,13,31,48,18,18,38,39,38,36,18,30,15,40,7,28,35,34,30,19,33,34,37,35,33,11,14,37,39,40,38,35,35,33,15,37,43,25,36,35,13,35,32,41,42,31,26,37,30,39,39,34,40,35,38,15,15,18,32,29,37,12,37,34,31,42,35,42,11,28,37,44,13,33,36,41,33,9,10,45,39,37,34,35,36,35,14,36,32,21,42,37,29,29,29,13,42,14,12,32,35,32,16,41,7,25,19,37,35,39,41,35,35,36,31,16,25,14,18,30,35,42,34,16,34,14,18,35,15,32,33,41,14,37,14,33,31,35,14,36,14,37,17,35,35,35,38,42,29,7,18,31,15,29,29,12,34,14,29,42,27,35,11,18,38,43,34,37,15,30,18,39,36,37,35,12,36,44,40,33,31,29,22,39,35,27,33,33,30,37,34,31,37,36,38,36,38,34,14,28,40,24,38,32,35,42,37,37,27,34,17,37,25,39,27,34,30,29,33,33,32,35,33,18,36,23,13,39,16,33,40,30,14,16,34,36,38,33,12,11,32,42,35,42,35,36,36,36,28,40,28,38,9,34,39,38,31,34,24,12,31,24,35,37,29,35,34,43,43,28,37,31,41,32,33,33,36,39,33,35,37,37,46,14,32,12,30,28,46,42,41,35,40,36,10,39,33,9,41,35,47,36,38,31,18,36,12,29,34,33,30,31,37,29,20,35,24,20,36,33,13,38,14,32,42,39,33,28,36,31,35,13,40,22,14,28,35,37,19,31,29,13,37,16,16,18,35,33,15,14,15,36,29,34,38,34,30,29,20,31,28,28,11,37,34,14,17,11,18,29,34,17,43,38,31,22,34,30,16,13,19,34,33,34,42,10,36,36,42,16,16,38,19,12,33,40,39,35,32,38,36,13,12,38,45,39,26,28,42,31,16,13,35,38,35,17,18,29,31,30,45,20,36,40,31,18,12,17,13,15,49,9,41,43,15,12,38,34,39,40,34,40,30,22,35,30,36,35,36,34,32,12,14,34,27,34,32,30,32,43,35,38,32,20,28,38,14,32,36,45,14,38,41,16,28,15,35,33,40,39,15,37,33,40,17,38,28,35,37,31,12,17,39,35,14,12,14,37,34,37,33,13,33,36,43,17,37,22,24,31,32,13,39,32,29,33,40,39,16,30,45,37,42,12,30,15,25,7,34,35,37,39,15,39,39,18,27,39,16,38,40,38,16,33,38,31,34,28,33,16,31,35,38,16,40,17,12,29,30,17,17,39,34,31,16,35,30,33,10,34,11,31
27,36,34,34,33,12,39,35,46,22,18,12,42,16,29,39,16,37,42,34,33,31,13,43,35,33,37,35,15,17,30,34,31,40,10,26,37,32,16,38,39,26,34,35,18,35,38,26,35,34,35,13,36,34,10,29,23,34,10,35,31,38,17,15,35,28,48,39,37,32,28,37,12,12,16,36,33,31,32,34,36,40,34,40,33,8,30,14,27,30,41,30,40,37,20,38,33,35,35,42,40,30,34,27,27,32,37,43,33,38,13,33,11,36,29,36,32,29,29,32,12,12,32,37,33,37,37,35,28,35,29,32,32,36,28,37,33,37,36,33,37,33,23,21,26,39,31,14,37,29,32,31,44,41,32,35,41,35,35,15,19,30,37,29,35,33,25,38,31,18,18,33,18,35,13,35,34,11,31,39,26,24,33,13,38,9,30,32,27,12,11,39,36,13,19,17,24,31,41,32,41,14,36,35,31,14,36,40,37,37,38,35,21,32,27,11,38,25,13,35,37,33,36,29,29,10,36,34,33,39,40,34,17,33,33,32,39,31,33,30,43,38,33,27,33,13,27,15,32,33,32,12,15,16,33,37,17,36,27,25,20,32,35,15,34,27,14,31,29,18,42,40,34,34,17,35,31,32,33,26,45,36,32,15,34,40,35,17,40,38,37,42,44,34,32,28,27,35,36,29,36,41,9,28,39,29,30,15,37,18,38,31,43,31,8,36,26,36,29,32,36,13,34,48,35,28,14,34,34,34,34,35,28,32,36,17,34,32,42,33,33,32,30,13,30,32,7,39,41,40,40,32,18,26,18,12,30,13,13,42,36,34,17,32,40,31,22,33,41,39,37,28,32,41,31,28,29,32,33,37,30,33,18,42,39,43,34,42,36,32,36,34,30,38,16,42,36,29,32,39,38,28,33,12,37,25,36,34,33,11,41,11,10,32,42,31,44,37,18,45,20,35,43,18,23,33,38,13,31,15,35,40,25,38,37,37,35,11,35,37,32,39,37,40,45,30,10,38,34,35,14,29,18,11,15,31,39,34,13,16,36,40,30,12,34,38,16,38,11,44,34,31,40,21,38,30,38,34,39,36,32,22,29,23,40,31,13,45,17,38,45,31,11,13,39,31,15,30,37,18,36,31,35,13,43,27,37,35,38,41,35,35,31,17,33,36,35,18,10,9,19,37,38,20,35,34,36,33,35,16,34,34,11,39,28,25,33,12,37,33,12,16,34,38,42,39,33,26,43,38,27,10,17,45,36,44,40,32,38,34,29,42,8,10,34,33,29,19,39,37,11,26,18,32,32,25,13,43,31,38,33,36,8,42,16,15,13,40,37,12,38,34,39,30,35,39,35,36,36,12,13,16,25,29,31,35,15,14,29,32,39,36,33,28,43,13,19,9,37,20,27,28,4,47,27,26,35,9,23,33,32,14,18,39,38,25,16,35,32,31,38,20,34,26,29,31,33,31,43,36,34,35,17,28,13,42,40,41,31,7,34,15,40,31,40,24,36,9,20,30,35,21,13,43,44,39,28,39,36,36,32,17,35,32,37,42,33,41,40,37,38,41,12,43,14,45,33,15,43,14,38,39,32,27,41,35,36,36,11,37,37,32,36,27,42,36,40,39,34,28,27,37,31,36,39,30,43,31,44,30,27,15,33,12,28,18,37,30,35,28,17,35,31,16,33,18,24,33,30,14,29,16,9,29,21,35,43,43,32,32,32,36,28,18,27,40,35,25,31,24,12,30,13,30,31,15,41,33,18,16,30,45,31,38,40,20,30,27,29,15,37,37,19,15,13,13,43,25,32,33,46,27,34,38,15,20,15,12,36,28,34,44,29,35,33,36,22,47,40,15,14,37,42,37,14,35,35,38,42,32,39,50,38,33,15,16,15,38,36,40,38,32,36,36,34,34,40,39,7,48,30,37,32,40,34,15,36,32,34,33,36,10,36,39,15,12,36,36,19,32,30,15,33,12,10,15,11,7,36,34,12,16,12,27,35,42,42,35,13,18,42,38,44,11,41,32,39,31,30,19,33,36,27,37,33,23,35,14,40,13,31,33,35,18,35,30,45,32,41,23,15,35,42,38,12,45,30,38,30,42,42,36,15,31,37,33,37,32,38,39,34,33,15,34,15,41,36,39,45,31,34,33,17,22,14,33,35,38,39,36,23,10,32,42,14,13,16,44,40,35,30,16,30,32,31,43,31,34,30,35,39,35,38,30,15,28,11,32,41,11,34,30,12,30,33,12,35,34,15,40
12,34,20,27,37,41,37,15,27,43,44,33,33,37,42,34,38,35,31,13,14,35,52,15,23,39,12,36,36,33,26,36,38,40,28,31,36,44,17,14,29,47,30,26,31,46,36,35,38,39,24,34,35,14,38,44,29,37,43,36,41,34,30,39,32,37,28,43,37,35,43,31,33,38,13,33,20,33,42,15,35,36,42,36,10,35,33,14,41,14,41,13,30,32,34,28,17,39,38,36,32,33,15,18,30,25,28,36,33,34,15,15,39,35,29,34,39,34,35,28,37,38,15,41,27,41,28,13,31,37,33,20,25,40,29,33,9,36,37,36,35,32,35,16,33,36,28,44,16,18,19,27,14,43,32,40,32,38,15,37,38,44,12,35,15,22,13,38,36,19,42,26,18,33,33,37,33,36,31,42,13,31,26,31,18,36,36,37,37,29,37,33,39,40,40,15,17,10,20,36,32,22,15,31,21,36,40,21,18,33,31,37,21,31,39,13,30,43,34,11,31,35,44,33,29,37,34,39,32,23,32,31,46,37,34,19,36,11,40,36,39,27,43,12,35,28,19,18,15,38,36,39,12,39,32,31,13,40,34,26,20,39,30,32,15,33,16,16,45,41,27,13,38,32,39,8,37,23,37,36,45,9,42,32,29,35,8,29,34,16,14,30,28,18,33,43,14,29,36,37,30,32,37,16,16,38,37,17,35,39,31,40,13,33,39,40,32,11,36,16,41,15,13,32,16,43,34,36,33,33,29,37,28,18,38,39,20,35,30,34,36,41,29,32,30,39,16,38,40,37,30,32,28,34,35,37,28,28,31,43,30,32,38,39,38,31,32,40,18,23,42,13,42,39,34,18,21,20,34,32,30,31,13,9,37,41,35,32,40,40,31,36,32,32,12,32,14,31,39,36,13,32,21,39,40,44,17,37,41,15,34,13,37,42,10,33,12,46,27,41,33,36,28,30,40,32,37,34,34,42,47,33,33,34,35,4,40,14,40,42,20,39,30,38,39,35,33,33,35,28,34,31,31,39,13,33,19,42,30,22,32,45,9,27,12,17,32,37,34,31,29,41,27,33,34,34,34,19,31,36,37,37,13,42,33,39,33,13,40,33,39,14,36,38,38,32,41,18,10,42,34,32,41,37,20,33,37,33,14,18,37,12,39,42,36,35,36,41,44,35,33,44,38,33,33,17,17,10,42,39,30,20,30,40,19,17,44,42,37,36,32,13,16,37,11,37,34,36,31,17,17,33,30,42,28,19,39,40,28,36,17,34,7,35,34,43,38,38,19,34,15,33,34,41,33,18,31,36,36,20,39,18,29,37,27,17,44,12,27,33,34,37,13,31,29,33,35,34,30,35,44,29,28,44,27,34,28,43,32,30,13,33,40,32,33,31,35,33,35,36,37,31,11,30,35,34,43,27,15,39,34,17,15,18,36,30,33,17,14,35,39,27,35,36,41,31,11,33,34,30,28,30,15,10,43,37,17,31,30,14,14,27,30,38,35,13,34,15,30,40,20,10,33,15,39,32,27,28,41,26,44,32,24,13,31,42,14,33,38,43,28,33,22,31,43,34,29,16,37,37,37,33,17,41,33,16,31,18,30,33,31,36,40,33,37,29,33,40,9,39,41,15,34,21,28,9,33,19,38,32,38,14,35,40,35,21,29,36,40,32,31,31,38,17,38,30,39,31,35,44,15,30,32,42,32,35,13,28,41,14,33,15,19,41,15,10,38,25,35,36,15,36,13,29,43,30,16,35,28,25,34,40,28,10,37,17,17,12,37,36,29,29,15,36,44,32,43,29,29,29,31,25,30,33,37,36,43,32,18,36,42,33,14,16,36,35,19,16,12,13,31,10,14,18,16,35,10,37,33,28,36,31,36,29,29,14,39,16,40,32,18,31,34,15,30,38,35,36,34,39,41,39,39,15,19,39,14,37,12,36,40,35,38,44,11,33,21,27,28,12,15,38,27,41,40,34,20,41,12,17,20,30,11,21,40,35,39,15,39,35,42,13,42,39,30,24,33,38,30,25,34,37,34,33,36,35,33,39,38,36,38,37,37,21,32,22,43,32,23,30,39,17,24,36,36,49,29,12,17,37,46,26,36,36,17,18,22,47,34,33,42,36,34,41,22,40,13,14,30,28,36,36,39,12,31,22,36,41,19,29,38,7,35,20,31,29,35,45,40,32,34,31,46,37,17,45,38,40,30,32,30,27,38,37,18,16,18,32,35,32,37,38,36,40,17,35,16,42,38,31
32,35,42,33,13,36,36,11,14,45,28,30,36,30,33,36,16,36,46,47,30,37,22,33,22,18,33,18,29,39,36,38,35,34,43,36,31,18,34,35,31,18,18,36,33,31,32,33,38,10,10,39,19,37,15,34,35,35,36,35,12,12,16,36,36,27,17,17,16,13,34,13,18,28,30,41,32,30,30,16,17,20,34,36,41,11,14,33,37,10,37,34,33,33,33,31,32,13,37,30,32,36,32,33,15,13,35,36,50,36,34,21,15,38,35,37,44,36,32,35,32,32,16,30,32,32,13,28,35,41,31,37,37,39,29,36,5,41,32,36,18,23,41,14,34,40,19,37,12,32,31,37,35,33,38,29,42,19,37,13,19,27,34,15,35,30,41,45,41,23,19,38,33,28,8,8,37,35,26,33,17,32,18,42,44,40,45,32,25,17,32,18,33,32,11,31,34,32,35,35,18,34,27,16,29,29,39,32,42,13,36,30,32,39,34,34,34,37,12,37,33,20,36,34,35,44,28,36,33,43,33,37,38,34,35,34,34,40,20,35,16,38,34,30,46,28,25,40,36,40,38,41,36,44,13,19,11,38,37,47,15,41,43,38,30,30,33,31,35,36,13,11,36,30,39,37,37,14,13,22,38,18,7,15,29,13,11,34,34,33,39,41,32,39,42,35,25,37,33,14,42,19,37,38,35,41,12,15,21,15,13,30,10,34,38,34,33,14,28,36,33,15,15,33,31,17,13,40,35,40,11,28,36,39,17,35,33,31,34,34,36,15,37,36,22,14,15,13,15,7,34,35,10,13,36,33,37,42,31,35,33,33,32,12,38,30,41,35,33,13,18,39,33,42,36,35,35,34,32,36,31,32,34,33,30,36,36,28,13,16,39,39,47,35,38,36,33,34,31,37,18,32,14,22,37,15,8,38,31,14,30,33,16,13,14,33,15,31,35,38,38,36,33,30,32,32,11,28,13,28,25,35,43,32,46,13,38,36,29,34,40,32,36,38,11,16,12,40,30,46,34,31,36,39,16,34,37,33,9,10,20,16,15,38,15,18,34,34,17,25,41,47,41,40,40,33,34,38,39,21,15,14,27,13,20,19,39,33,35,39,30,32,36,42,36,35,29,17,40,36,12,31,26,17,38,39,17,32,33,12,35,40,30,35,34,21,13,17,32,33,31,31,31,36,17,12,39,11,38,31,30,11,15,19,41,15,39,31,9,33,33,11,37,11,31,21,31,31,39,32,33,37,33,17,17,44,34,29,34,36,18,43,37,27,15,37,36,11,37,14,36,39,38,13,33,44,10,13,39,15,13,39,32,36,30,37,39,14,35,34,13,34,13,43,14,32,31,36,32,10,27,31,35,38,26,29,35,37,44,36,31,31,29,44,9,27,15,41,16,15,32,33,38,36,33,33,35,34,32,40,9,14,35,15,21,36,38,18,36,28,36,35,39,28,29,14,34,19,34,16,37,22,31,8,45,15,30,41,39,36,11,38,15,37,11,33,37,31,29,35,36,37,38,28,44,16,42,14,39,23,27,15,32,30,36,37,28,34,14,35,45,30,16,27,40,15,34,37,18,41,33,42,18,35,40,35,41,35,35,32,33,24,33,20,35,38,31,12,35,36,15,30,31,21,35,35,32,30,36,27,25,36,37,20,46,32,35,35,36,37,34,14,44,18,36,33,16,41,33,42,30,35,37,9,41,16,20,36,36,30,29,13,37,38,43,46,38,35,30,36,41,36,37,33,39,31,20,31,31,12,20,36,14,17,32,33,35,40,41,37,39,44,16,36,15,36,19,42,33,21,28,36,36,30,34,45,38,39,42,37,37,34,28,33,40,18,24,41,38,32,13,42,35,15,30,29,19,31,38,39,35,41,37,12,31,32,36,8,44,31,41,14,39,12,30,16,34,36,33,38,26,42,25,34,27,31,34,34,36,15,36,33,33,38,33,34,29,41,16,42,38,33,38,36,37,38,35,20,16,35,29,17,40,27,29,40,31,38,35,33,36,31,35,36,35,34,36,36,34,43,10,19,36,34,33,20,35,35,10,31,43,9,30,38,41,39,29,32,34,33,12,43,38,39,10,38,34,11,26,39,18,40,33,15,12,20,25,35,32,15,28,38,13,36,16,37,29,34,40,36,37,40,20,13,33,44,38,43,29,28,32,38,41,34,30,38,30,36,14,40,36,36,35,13,14,30,39,43,41,28,37,28,33,34,40,39,38,29,32,13,34,14,11,16,42,35,40,37,39,40
42,22,20,35,38,17,37,25,35,41,37,16,25,30,33,21,32,17,37,18,26,28,34,32,32,14,16,30,38,26,10,14,33,30,33,34,29,25,36,14,35,25,12,35,44,34,35,37,36,43,34,9,37,34,30,38,29,29,35,38,14,36,43,19,38,43,14,33,33,20,36,31,38,43,16,40,30,19,36,14,28,27,36,32,36,39,35,29,17,12,31,41,15,44,29,19,32,37,45,31,18,38,30,34,40,36,29,27,15,36,13,51,31,24,39,45,36,11,36,18,32,16,12,37,31,28,31,26,40,16,10,32,40,11,32,30,30,34,18,13,14,42,15,36,34,33,11,33,39,34,34,34,38,36,17,34,29,13,15,33,32,33,18,40,35,33,38,33,29,39,32,36,19,16,40,35,38,27,43,34,28,18,43,42,14,41,16,42,33,31,30,36,35,31,31,15,31,7,34,29,33,32,37,14,32,12,37,35,37,29,17,44,47,38,33,43,33,32,39,31,26,36,16,29,13,35,32,42,45,16,40,27,31,30,31,35,27,30,13,22,27,37,37,38,31,12,37,12,20,19,40,36,34,17,15,19,35,31,38,39,35,36,36,18,17,39,30,33,47,15,12,34,16,10,42,27,17,41,19,12,30,16,38,39,7,35,37,18,31,11,30,41,29,29,32,32,38,46,32,11,28,38,34,39,36,30,12,36,40,14,32,50,35,31,17,14,32,12,36,42,39,18,13,38,39,29,15,31,41,39,31,32,11,36,41,35,15,40,40,25,39,14,36,15,31,17,40,34,9,41,14,34,32,39,32,40,29,39,15,31,19,38,38,30,38,44,32,34,35,33,35,35,27,36,35,13,22,42,36,32,35,34,40,31,42,36,38,36,14,30,14,34,14,32,36,34,15,40,38,32,32,12,41,38,36,33,29,41,33,32,41,34,33,42,31,35,42,36,31,42,16,37,42,30,31,40,27,18,39,34,36,31,12,46,36,30,38,15,36,17,19,44,13,34,29,38,12,30,31,33,17,18,43,31,41,35,33,37,45,44,10,14,13,12,30,15,38,27,11,35,15,28,15,28,42,44,36,41,12,37,14,41,27,38,29,21,12,42,40,46,44,46,36,31,36,32,28,30,34,33,34,35,46,18,32,45,11,36,29,28,39,42,33,22,13,13,15,21,40,39,19,19,38,41,49,30,33,35,23,38,36,43,34,35,39,41,38,39,35,14,13,33,30,42,35,32,31,38,20,39,29,12,36,27,32,16,30,35,30,15,21,22,10,31,12,35,35,12,36,31,27,41,34,34,36,35,30,34,25,29,40,37,35,43,35,38,36,40,9,19,13,19,22,34,29,13,34,16,37,11,26,30,32,19,36,26,39,37,37,13,32,41,19,19,37,30,8,36,35,26,15,37,38,19,21,25,35,38,31,42,36,44,39,32,33,30,32,30,23,32,31,33,36,37,20,35,30,16,35,35,28,13,11,37,41,35,15,41,9,34,17,33,42,39,32,13,40,33,28,35,37,32,32,35,13,16,45,33,19,41,38,30,37,40,17,15,16,43,16,23,32,15,13,38,38,44,39,31,35,15,14,30,37,31,35,37,12,30,40,42,32,18,42,27,35,28,33,36,46,32,38,9,33,35,36,34,44,38,36,15,31,28,44,35,29,32,13,37,32,34,37,11,36,35,14,37,37,37,36,29,48,14,19,36,29,34,34,41,32,37,37,42,43,34,34,30,16,35,12,13,40,20,41,14,24,43,32,31,47,33,33,40,13,14,32,42,32,37,14,34,43,12,42,39,35,36,41,17,28,40,18,9,38,30,29,35,34,33,35,34,37,43,20,29,9,10,18,34,31,35,46,16,40,35,31,39,11,42,29,41,33,30,12,32,31,19,19,34,15,25,33,29,15,17,17,41,14,32,16,32,31,39,35,33,28,40,30,34,34,43,33,34,32,36,34,37,13,32,37,34,33,8,44,18,40,33,16,12,36,33,18,35,46,30,36,39,41,7,10,30,34,38,36,32,35,22,31,30,13,43,35,25,17,18,32,14,42,33,34,39,38,15,31,19,30,17,29,37,39,12,30,33,14,35,16,28,15,37,17,30,41,13,36,14,36,18,25,38,38,38,30,31,34,35,33,32,38,13,14,41,12,47,34,31,37,39,40,30,32,32,37,40,36,37,16,34,14,29,27,39,43,30,21,32,29,48,36,32,38,30,30,22,30,38,18,38,45,19,37,39,26,34,33,28,34,37,14,34,29,33
38,9,12,40,16,38,41,13,17,40,10,12,37,35,39,28,46,38,32,35,40,16,29,41,31,41,22,33,31,30,38,29,42,18,35,36,36,38,32,34,40,34,38,36,29,37,34,29,41,34,19,28,37,37,40,18,33,39,38,36,39,36,43,29,37,14,38,41,41,31,41,39,35,12,7,35,38,16,11,38,47,35,36,16,35,27,41,39,38,14,40,40,37,31,27,16,37,31,36,41,15,20,27,34,21,41,31,39,18,34,32,15,33,35,24,41,37,30,42,18,33,38,14,35,14,35,13,16,36,31,38,33,31,32,38,32,35,42,36,14,36,37,17,10,40,15,31,12,37,35,23,38,40,10,23,35,13,41,39,35,31,23,20,35,40,30,24,39,36,37,38,39,35,34,38,36,41,39,36,41,48,33,37,18,38,41,47,40,44,48,35,16,36,23,27,8,44,16,30,33,14,17,38,42,33,9,29,30,18,42,28,35,27,41,36,44,35,17,33,35,35,34,15,14,29,42,34,34,34,35,36,46,16,34,16,27,40,15,11,36,36,13,32,35,34,14,11,33,37,15,44,14,30,13,16,30,32,22,37,15,12,28,34,12,17,11,33,33,36,27,34,31,28,35,40,42,40,33,29,31,32,15,16,18,38,13,7,40,14,16,34,41,30,32,34,28,15,32,32,9,32,39,28,32,34,33,35,36,32,30,33,40,42,37,23,34,14,37,36,41,36,15,38,16,15,17,13,38,21,39,24,36,44,43,33,29,31,37,15,27,33,39,13,33,13,34,27,16,33,16,35,34,26,43,41,32,39,35,29,38,26,16,31,42,38,48,18,34,29,19,45,39,36,39,37,33,30,41,38,12,10,26,18,34,35,10,36,23,15,28,29,42,25,34,31,39,35,17,15,15,17,36,34,32,42,35,19,35,38,34,12,37,26,35,37,33,12,38,31,41,39,39,35,32,14,35,37,37,14,34,12,39,44,37,19,34,34,41,16,14,24,10,38,16,41,44,32,31,41,14,33,10,14,32,15,41,33,41,35,34,35,32,25,22,36,28,17,31,36,26,10,37,33,35,19,17,27,14,13,34,35,42,34,35,38,38,31,39,39,36,32,36,32,13,29,36,22,41,39,33,33,43,16,35,42,40,34,30,33,15,35,16,44,15,31,36,31,39,38,32,35,37,33,32,28,11,46,36,33,39,42,14,28,33,13,11,32,34,45,29,36,48,29,10,32,21,36,34,29,21,38,19,31,43,32,30,37,33,33,21,15,31,39,42,18,31,38,14,11,16,38,27,35,32,37,34,18,17,17,34,34,33,32,39,34,41,30,14,19,28,12,30,40,42,34,32,29,13,41,41,33,28,39,34,38,31,38,16,28,39,28,38,35,42,29,34,37,33,17,18,12,29,35,38,29,41,35,39,11,31,32,32,17,43,37,17,29,28,40,17,33,36,34,33,33,35,29,38,17,9,15,35,31,40,34,32,51,30,42,32,35,40,35,38,33,26,15,38,15,34,42,19,8,30,17,32,26,19,41,28,9,38,8,40,20,34,38,35,17,31,27,34,42,33,29,40,34,37,16,32,29,15,35,15,18,34,33,32,38,37,15,43,13,42,27,21,39,29,13,38,29,22,36,35,16,36,36,35,39,42,30,20,28,42,15,29,26,36,28,35,29,39,35,13,37,38,35,41,36,18,31,11,37,35,30,32,35,40,35,27,30,9,43,41,18,20,33,40,34,27,27,35,26,20,36,28,30,35,39,36,39,36,30,34,38,29,39,15,11,30,31,40,16,9,40,44,33,31,18,45,30,37,17,38,30,42,34,33,34,29,13,40,34,34,31,33,32,37,11,35,30,20,19,25,32,7,39,33,37,42,12,36,32,37,13,37,34,19,9,35,37,36,37,43,35,41,8,28,36,9,38,32,15,38,38,12,30,33,31,37,34,35,38,39,37,35,16,37,15,33,13,38,32,12,27,36,32,37,35,35,19,14,37,21,32,31,15,32,30,10,40,42,44,11,39,19,34,36,14,38,37,42,41,29,19,29,44,18,34,29,40,24,33,34,18,13,37,11,32,13,34,16,11,28,12,14,28,32,10,39,37,33,38,36,37,42,32,9,26,36,29,41,36,35,33,35,32,41,34,32,15,35,32,13,34,33,27,34,22,34,35,16,34,27,42,36,39,12,8,17,29,33,37,30,30,11,14,38,29,27,19,35,11,36,31,17,13,32,36,20,19,39,18,34,35,28,31,37,33,37
28,40,35,16,14,34,44,34,15,30,17,14,38,41,36,28,36,33,39,35,40,34,25,38,17,15,19,30,33,38,31,41,10,19,29,31,22,11,31,39,35,12,33,35,37,30,34,39,8,38,31,16,15,38,41,38,32,31,38,21,36,44,18,32,35,28,34,16,38,12,34,35,33,28,36,48,36,17,34,33,34,32,26,34,37,28,10,35,23,41,25,33,36,13,35,30,21,37,30,33,13,41,15,38,35,38,39,29,44,43,38,29,12,40,27,34,36,35,42,11,31,38,17,30,17,34,35,12,16,36,15,31,28,35,31,15,31,33,30,35,27,31,32,19,20,35,13,36,32,28,40,32,40,11,15,17,35,34,33,17,37,13,28,13,28,31,33,44,13,34,28,41,33,33,31,31,36,33,11,28,15,11,35,41,36,38,43,10,16,38,41,34,22,6,26,13,17,35,24,38,39,34,42,41,12,31,32,29,34,32,39,11,15,37,34,16,13,21,35,18,19,36,28,36,38,14,31,37,33,14,46,28,31,33,34,40,35,38,14,36,36,20,35,30,19,18,33,12,17,14,15,44,35,35,37,31,39,32,33,16,40,16,27,35,20,34,27,35,19,33,37,40,30,14,20,16,9,41,12,34,32,30,14,31,39,19,44,28,16,31,37,15,29,28,17,37,9,17,37,41,14,26,32,39,33,37,34,15,39,35,15,36,32,36,38,34,37,35,36,8,41,35,38,10,37,42,39,39,43,34,16,9,32,12,41,16,34,14,27,32,14,11,13,32,39,38,36,47,8,28,41,17,27,39,39,33,14,36,32,22,32,36,31,35,32,46,37,9,29,39,33,36,13,44,14,29,15,16,27,36,39,33,32,34,11,36,25,19,37,23,40,31,16,36,31,40,32,35,44,44,40,19,11,42,20,31,31,36,30,17,30,36,32,40,39,11,27,27,41,33,34,38,42,41,36,35,44,34,35,32,24,32,36,30,37,43,14,31,13,31,33,40,26,38,32,17,35,22,33,36,36,18,15,33,36,12,44,40,9,36,39,43,33,35,27,39,31,36,17,37,20,38,38,12,9,25,13,33,31,36,33,40,35,12,12,31,35,14,18,34,16,12,10,28,40,32,31,11,28,36,38,41,15,19,38,36,37,33,27,14,19,45,29,10,24,32,41,31,38,34,18,38,31,16,40,17,18,32,12,42,39,17,34,31,33,35,36,20,33,39,17,32,39,14,32,15,31,21,17,21,46,39,11,27,30,7,34,17,45,11,48,17,38,35,47,32,17,28,26,15,36,41,34,10,14,32,36,41,35,14,33,13,8,13,39,17,22,15,21,43,35,43,36,32,32,16,34,38,12,32,38,30,30,40,21,21,30,31,29,34,33,30,31,33,13,39,32,32,42,36,31,36,34,16,12,11,30,30,36,27,20,11,36,37,37,32,30,27,41,18,17,14,37,47,36,41,36,39,11,28,16,37,27,9,37,35,37,36,35,39,15,29,41,36,35,30,34,27,44,15,34,35,26,36,29,30,29,13,26,37,36,43,20,13,16,40,35,10,43,11,39,32,33,38,39,35,33,11,32,33,11,35,19,34,28,16,12,37,33,44,32,35,38,37,40,38,34,42,39,14,15,39,44,14,20,37,36,14,42,44,40,34,38,36,30,25,13,12,37,36,38,36,41,35,14,42,34,13,32,37,37,32,26,37,46,35,32,14,16,39,40,36,31,35,31,30,36,36,36,33,40,37,36,30,37,32,29,33,38,45,41,39,34,23,39,36,33,35,35,31,30,35,35,38,41,35,14,31,35,29,44,34,36,39,34,17,32,36,35,7,32,39,36,35,34,40,37,13,39,35,15,34,35,28,27,33,35,35,30,28,13,31,14,32,45,34,14,35,11,30,35,31,39,41,40,17,15,36,40,10,10,31,37,30,14,34,15,39,32,29,33,13,36,37,36,18,37,28,19,9,11,27,10,27,33,31,38,34,43,29,37,35,40,29,35,33,12,35,47,35,38,39,37,29,19,10,42,30,41,32,32,43,11,11,42,31,30,34,34,32,31,30,37,45,37,29,37,42,33,29,34,14,30,32,14,13,30,34,38,38,45,12,29,19,41,11,38,35,34,35,12,15,42,46,32,31,14,13,32,36,30,37,35,36,32,31,36,43,35,13,34,17,18,12,27,40,17,32,9,39,38,38,31,12,14,34,33,34,42,13,34,37,29,36,9,29,40,34,42,12,32,36,44,33,43,31,28,31,33,34
34,29,38,13,17,35,35,31,35,42,17,35,25,26,42,38,34,32,33,31,40,39,17,30,17,28,42,41,41,37,17,38,43,35,31,37,38,39,15,14,34,31,28,37,41,42,30,30,36,16,32,34,19,20,41,35,33,43,29,29,37,10,29,39,40,40,13,44,15,37,13,35,39,20,31,26,40,43,38,28,35,18,14,31,10,40,39,38,16,29,35,36,39,33,21,38,33,17,38,35,41,16,18,35,39,34,29,35,32,41,40,31,18,28,15,33,30,30,45,31,12,36,18,22,34,33,40,38,34,31,18,29,14,27,35,30,30,13,8,36,16,36,31,30,38,33,42,16,14,34,11,27,38,33,38,32,27,11,39,41,27,17,38,32,34,38,46,38,48,38,29,32,16,27,37,31,31,29,32,37,28,33,33,37,11,38,34,30,35,18,29,18,41,16,39,16,38,34,33,31,25,31,37,17,17,34,39,36,18,34,35,19,15,20,35,13,41,38,40,43,29,34,13,32,10,17,35,42,8,40,17,12,35,34,12,36,32,32,15,15,17,39,32,31,40,44,40,20,37,32,33,11,37,31,37,7,17,43,28,38,29,18,10,36,36,17,43,7,13,10,37,45,28,15,33,31,36,42,11,27,18,43,35,44,44,13,30,36,41,30,29,38,31,13,38,16,15,30,39,41,36,36,34,25,12,40,39,13,36,41,31,29,30,34,32,35,34,32,32,43,27,30,32,14,33,32,28,47,42,45,31,46,20,32,31,34,43,32,37,31,42,12,35,20,31,42,41,13,18,29,17,16,33,41,18,30,36,36,33,17,39,36,37,32,41,30,15,32,13,34,34,11,32,29,33,35,39,13,32,35,31,38,13,36,41,37,36,34,33,41,15,14,40,33,39,28,19,16,29,42,33,31,35,13,38,37,41,16,32,28,42,32,34,29,31,31,32,39,34,38,26,39,10,35,36,28,20,34,9,39,29,16,33,20,13,36,34,32,43,40,39,8,34,30,16,35,34,11,41,11,34,33,33,33,43,35,28,17,36,36,36,13,18,26,20,43,41,32,35,12,39,35,36,31,35,32,32,42,17,29,13,16,34,41,15,30,14,36,40,39,27,35,36,33,15,26,12,16,17,35,30,14,21,33,34,33,34,38,38,40,38,20,10,30,34,34,35,30,13,12,14,37,34,39,34,38,34,23,46,35,37,28,42,17,33,31,31,34,36,43,36,28,39,46,25,18,19,15,30,40,33,10,39,33,10,13,32,30,41,36,27,17,17,14,17,41,30,38,31,17,29,38,41,19,38,39,38,44,33,15,12,19,18,41,29,35,27,33,13,17,19,39,15,16,29,40,39,33,39,36,40,13,30,33,39,7,29,12,8,32,33,30,19,35,33,15,25,18,42,30,26,40,33,16,21,34,38,18,30,37,15,13,21,37,25,34,37,30,36,35,35,30,40,23,38,36,28,40,36,27,29,30,36,36,37,12,37,30,31,34,32,40,40,12,30,33,27,33,33,31,36,37,41,44,39,31,40,32,37,37,33,8,43,35,11,12,36,30,34,34,33,28,40,22,36,36,36,15,35,21,13,27,31,39,39,38,37,31,23,32,30,30,42,45,27,32,32,9,37,19,33,35,36,43,40,27,22,41,35,41,44,27,34,48,34,32,30,16,42,13,6,34,16,34,13,19,37,17,39,38,36,26,34,41,36,45,15,29,34,31,42,14,32,42,32,28,19,23,39,20,15,37,29,29,30,46,36,15,20,32,18,36,33,33,43,37,20,28,33,30,34,41,43,29,39,17,14,36,32,26,35,36,36,30,31,9,33,39,33,39,17,28,27,37,39,16,33,33,34,38,38,17,26,26,34,13,27,15,16,28,14,12,40,39,36,33,16,10,36,42,15,21,37,35,39,29,38,13,13,38,15,16,35,35,17,34,43,18,18,14,35,33,30,35,33,13,35,14,30,14,15,42,37,37,14,12,32,37,46,42,45,12,36,14,34,45,17,36,19,18,11,37,32,34,37,44,37,32,28,26,8,10,33,35,39,32,35,38,27,40,32,40,29,26,34,41,36,33,35,13,36,35,38,36,29,36,16,9,12,18,14,33,18,26,9,29,29,45,13,31,32,31,32,34,12,36,33,35,36,12,43,36,41,39,35,31,40,30,27,39,34,39,35,28,36,15,30,34,43,19,43,34,47,41,38,32,27,34,25,35,30,32,36,22,12,37,13,38,37,34,31,30,41,30,31,37,37,27,40,27
44,29,13,33,40,33,29,38,32,26,26,34,35,14,15,35,37,38,37,29,37,31,45,31,38,23,33,33,38,15,38,8,33,14,38,33,33,35,17,28,37,40,12,38,35,32,12,35,40,13,32,36,34,17,29,29,11,12,27,44,34,36,17,34,40,33,34,34,41,41,41,37,37,13,39,15,31,15,40,31,31,32,33,16,34,29,38,14,29,15,22,28,43,32,35,36,44,32,40,38,9,24,34,41,46,15,41,37,37,19,12,35,19,26,33,39,38,45,33,31,18,35,33,38,48,38,19,17,31,38,14,32,29,8,15,34,34,13,39,32,9,40,34,16,11,10,37,13,30,29,12,33,18,23,32,33,38,15,34,16,33,39,27,34,33,33,18,36,29,12,21,35,35,14,32,35,31,24,40,42,34,16,36,36,35,34,18,16,26,14,29,9,45,38,7,16,38,12,13,34,10,41,29,30,13,32,36,28,34,18,12,32,35,31,15,37,38,33,14,12,32,37,40,41,27,16,39,36,31,38,31,38,20,39,29,19,37,39,13,29,37,14,36,32,21,37,29,21,38,32,34,32,35,11,30,41,41,32,12,25,44,34,35,35,44,32,13,39,33,13,17,23,36,11,47,32,33,14,40,23,35,33,30,36,10,31,16,10,12,27,38,33,38,34,32,31,30,38,37,15,31,37,37,30,30,30,38,42,13,40,42,37,28,40,33,17,16,36,13,33,36,21,36,38,27,32,35,40,36,17,15,11,32,37,15,32,11,13,39,26,13,9,16,40,32,33,41,36,31,36,13,33,41,16,42,41,38,40,36,37,35,37,41,15,28,17,37,36,43,38,29,28,35,20,31,44,33,30,20,30,28,46,34,32,33,43,31,33,31,16,14,29,22,40,36,26,35,31,40,16,34,15,17,44,32,36,34,37,43,39,40,37,36,35,36,22,34,34,16,17,37,28,11,14,15,40,39,40,37,38,35,40,42,14,17,22,36,15,15,14,37,31,6,34,44,25,39,39,36,44,33,37,44,36,34,15,30,31,13,19,43,29,38,30,10,29,37,19,32,40,41,23,33,39,41,33,34,32,34,12,41,35,12,17,29,32,37,32,17,42,39,38,29,38,39,42,30,38,11,36,34,36,45,21,17,9,26,35,35,10,29,25,29,36,34,35,36,19,36,34,42,21,40,30,32,35,40,32,42,35,32,28,18,15,36,26,35,34,39,36,33,35,33,37,32,39,32,39,35,6,15,33,39,34,35,41,33,17,34,37,36,11,31,31,38,41,35,39,15,35,33,31,33,30,31,17,36,32,27,31,37,20,27,14,27,33,31,36,41,24,16,40,31,38,17,28,7,15,37,16,14,20,36,35,26,33,44,32,9,41,42,37,17,35,10,33,35,35,34,35,43,31,9,37,36,12,35,35,32,42,34,41,36,17,43,32,33,13,37,42,38,12,32,12,34,34,37,37,24,33,28,31,28,46,16,32,28,38,44,19,12,12,32,32,33,32,41,36,42,21,10,33,40,38,11,31,10,45,39,35,32,14,38,34,27,13,40,11,12,35,38,39,32,34,37,12,18,36,10,39,14,21,43,40,41,26,31,35,35,41,24,42,37,34,34,41,18,35,33,29,31,31,14,27,34,12,38,26,22,32,14,27,33,17,29,30,36,32,38,38,16,12,31,14,37,37,37,9,27,33,39,33,14,40,12,39,40,28,44,29,45,44,33,41,29,38,39,13,10,33,31,34,13,36,35,31,27,28,38,13,20,31,34,37,32,34,38,41,39,33,39,40,35,22,38,16,34,40,16,23,33,36,19,37,25,11,18,41,36,45,15,38,35,29,31,36,39,37,38,32,32,33,36,33,12,25,35,40,13,28,34,45,13,37,12,29,40,14,28,40,39,35,39,15,35,46,36,13,32,14,14,16,30,35,40,37,41,33,32,15,33,10,38,30,15,33,38,28,39,18,34,35,29,15,11,37,24,35,33,39,32,33,42,36,37,22,35,16,33,36,15,33,22,35,38,36,34,32,10,16,33,38,31,41,39,38,35,30,39,35,27,48,34,28,33,21,39,26,34,31,36,12,35,33,34,40,29,34,42,32,38,39,31,34,37,10,15,41,30,37,37,27,13,33,28,32,32,35,40,32,32,33,41,8,41,38,19,36,15,36,33,17,7,34,34,29,11,30,32,16,31,18,19,8,39,39,34,42,36,36,15,38,34,35,35,38,17,40,9,13,32,33,51,38,16,33,39,32,36,29
37,41,41,38,16,31,35,38,41,39,9,37,30,40,32,32,39,32,43,35,33,32,18,40,37,8,30,19,32,15,32,33,34,34,32,43,41,21,25,13,17,35,38,8,31,33,32,38,29,43,11,40,15,13,42,38,44,35,26,36,33,25,17,34,33,11,28,17,32,20,17,32,12,38,17,13,33,17,20,34,39,35,33,35,15,28,16,35,31,43,43,33,14,21,34,31,36,35,28,30,33,35,29,15,30,7,39,36,31,42,29,39,41,32,32,27,33,8,41,15,36,26,39,13,30,39,33,16,30,38,42,10,22,15,20,34,35,8,42,26,36,17,43,37,29,34,35,10,14,46,18,40,10,43,16,32,41,34,33,35,28,36,33,42,35,43,14,11,17,26,27,28,39,37,20,18,36,36,35,39,28,34,31,40,27,38,37,37,39,32,31,35,36,34,31,44,37,13,42,37,28,38,34,38,32,43,31,19,11,30,41,25,31,33,37,25,17,31,15,33,38,35,17,41,38,41,33,15,14,24,38,32,22,29,21,31,25,37,37,42,26,14,35,36,34,30,39,19,33,27,29,32,34,36,14,11,18,16,29,38,40,18,14,30,11,35,38,34,16,33,41,13,11,46,49,36,13,35,9,11,38,34,35,42,27,34,32,22,34,16,41,14,11,14,45,32,40,18,37,33,47,14,10,33,27,39,31,11,35,41,30,35,40,30,28,34,39,31,32,32,43,15,27,35,33,36,18,31,36,43,34,38,16,30,19,30,16,40,23,37,30,32,36,15,45,29,35,35,39,30,40,39,29,40,40,33,30,38,42,36,12,10,37,37,15,12,34,36,32,34,14,33,15,39,31,25,34,29,34,16,37,31,17,35,41,36,33,33,35,35,39,28,38,33,31,35,33,16,27,44,10,33,13,42,12,29,35,34,16,45,35,37,38,34,35,15,11,33,14,33,17,34,33,33,19,40,41,46,16,18,31,13,31,29,42,13,37,36,14,37,16,31,27,35,34,14,26,34,32,19,13,15,34,23,13,43,26,13,33,12,35,11,37,39,43,34,11,12,39,36,28,34,38,40,31,14,34,18,36,14,44,43,11,31,41,30,32,38,36,36,33,35,36,26,15,39,41,37,32,38,14,28,33,41,35,30,37,36,27,10,36,16,42,29,12,36,37,32,39,35,35,35,30,10,37,34,36,40,36,31,19,15,32,40,26,39,37,36,31,33,13,34,33,32,18,39,22,31,12,40,34,34,38,29,31,11,44,35,31,29,33,16,39,26,29,44,9,32,38,23,29,13,28,29,37,35,33,32,37,36,33,18,14,36,31,30,37,32,27,37,13,31,11,26,41,17,37,12,31,32,35,35,41,30,34,43,17,41,14,35,43,14,33,36,16,12,43,37,29,13,13,40,17,38,48,35,21,43,17,36,15,39,31,34,40,46,16,29,38,15,27,15,36,37,40,17,35,36,39,9,43,41,32,32,40,41,30,34,34,14,32,31,31,43,14,47,39,30,37,18,18,36,41,40,42,27,36,38,33,31,43,35,21,27,23,14,14,36,38,20,21,13,33,24,28,18,42,38,15,38,41,28,29,35,38,39,31,38,17,32,45,12,13,33,41,10,38,35,33,35,35,31,28,33,6,16,20,42,35,13,39,21,41,37,32,30,34,37,40,15,13,42,31,33,27,26,17,10,37,40,12,33,36,40,29,35,33,44,37,17,30,22,13,33,33,29,39,37,40,35,15,30,31,37,41,36,39,32,30,44,32,33,32,41,32,43,11,33,9,15,35,42,36,35,25,14,37,42,36,8,41,15,23,21,30,35,28,38,36,35,35,36,35,41,28,14,26,34,15,34,28,12,37,39,18,33,33,15,10,39,30,30,38,17,22,36,35,41,46,16,37,31,19,12,32,33,36,39,37,36,12,31,36,37,32,12,33,16,35,21,35,31,30,14,34,39,36,39,30,18,8,38,34,40,42,18,35,33,31,16,24,12,34,35,17,34,20,34,14,38,18,44,27,44,34,29,30,41,35,32,34,8,34,34,35,37,33,41,14,44,15,37,36,12,29,20,11,30,28,33,48,41,40,32,37,15,11,32,43,31,36,33,26,30,43,44,36,38,40,38,29,35,25,35,38,43,27,15,44,14,42,38,33,46,30,19,29,29,16,17,42,36,29,11,29,10,47,17,35,35,26,30,9,13,31,38,36,32,17,18,30,17,16,16,17,44,35,31,12,18,28,46,36,37,37,15,12,43,26,13
30,33,42,35,34,14,30,27,11,18,43,33,26,34,14,30,10,28,19,31,15,12,28,29,35,37,36,40,35,31,35,38,40,12,10,23,17,30,39,17,16,32,8,15,40,16,12,34,42,33,11,38,33,19,39,13,23,42,32,41,42,29,10,38,17,13,31,26,44,37,35,29,33,12,30,38,34,15,35,33,17,32,10,12,14,40,30,36,38,39,29,37,38,15,39,34,30,28,17,36,15,18,40,15,21,32,35,30,36,27,36,30,22,35,44,33,15,32,32,12,30,34,34,35,47,35,16,28,30,45,33,33,35,9,48,39,40,30,34,36,9,35,33,31,31,13,29,26,7,37,33,34,36,17,34,37,35,16,10,15,29,33,13,42,33,25,11,34,40,28,34,19,32,33,15,9,39,24,36,33,31,27,37,29,12,38,36,41,13,28,39,40,37,29,32,32,40,14,35,9,29,33,36,35,32,15,36,39,32,29,17,37,38,30,42,14,36,15,28,40,31,36,43,44,33,16,17,31,35,11,40,39,10,44,28,14,30,28,35,40,16,35,24,14,35,39,28,45,36,37,33,33,34,36,42,33,32,15,33,30,42,35,41,14,34,15,38,32,36,44,19,29,18,17,30,14,35,38,12,42,29,44,33,36,37,18,39,11,10,18,18,21,32,33,37,36,14,48,28,18,35,16,32,42,32,38,38,12,34,37,29,37,28,37,35,41,33,38,36,39,41,37,13,8,40,26,31,44,35,35,28,41,37,31,40,36,40,28,35,10,31,23,34,39,35,36,38,15,34,37,26,12,38,35,39,38,46,44,38,10,18,25,28,34,33,15,30,14,42,36,12,43,29,37,31,31,38,25,31,31,32,31,33,15,40,33,38,38,15,16,28,28,43,18,38,16,32,12,32,17,8,30,36,14,35,28,33,22,35,42,31,31,39,14,37,39,38,24,33,36,41,33,39,36,27,36,44,36,33,26,47,46,18,36,14,17,30,14,40,13,33,23,34,33,37,11,33,28,36,37,39,38,41,36,34,34,32,39,34,15,14,14,35,31,11,13,39,35,28,28,35,38,41,17,31,16,17,16,35,30,43,28,31,37,29,9,11,38,32,33,36,31,40,36,43,37,35,19,11,29,37,33,34,38,14,34,36,11,30,30,31,38,32,37,43,31,9,39,33,15,44,39,39,30,38,33,37,34,7,45,35,32,28,41,29,47,31,33,37,18,28,35,34,34,21,35,39,41,17,35,45,31,13,27,17,41,16,48,30,38,29,16,38,33,18,32,32,31,18,38,24,36,36,28,39,8,27,36,37,29,11,18,13,33,38,14,37,29,38,42,10,31,17,32,33,20,29,40,40,39,27,32,24,37,13,29,11,42,28,33,39,44,15,37,12,42,33,38,41,34,21,33,33,10,31,36,37,39,41,14,16,31,19,37,32,35,12,22,34,41,36,36,34,37,20,32,36,38,9,34,36,29,38,39,16,35,22,40,11,37,28,34,40,15,15,38,30,37,26,30,34,26,34,37,13,33,32,16,12,37,31,42,38,14,37,44,20,30,42,33,35,39,32,18,18,35,29,34,11,31,40,35,41,37,33,40,36,39,40,15,13,27,13,29,8,11,35,32,40,22,40,15,13,29,32,31,40,35,36,38,28,42,27,33,17,38,38,44,34,37,29,21,27,32,27,35,38,34,32,17,46,40,37,31,31,34,32,27,22,32,18,30,27,35,37,11,36,37,30,37,20,39,38,29,27,31,34,38,13,17,34,47,41,39,42,39,40,31,16,39,34,37,40,33,27,41,16,30,18,39,19,30,31,28,47,35,35,30,36,40,32,35,31,29,35,33,34,32,15,37,35,19,31,14,26,31,39,32,23,28,36,43,40,37,29,13,39,40,31,35,36,13,28,42,29,25,34,38,38,13,33,19,17,33,36,15,15,17,12,30,13,16,7,31,36,41,33,46,28,44,30,43,31,17,38,41,41,33,37,13,44,31,33,17,45,39,17,38,30,35,40,37,39,36,15,43,36,32,38,11,33,34,28,32,32,39,14,36,29,35,42,35,39,27,34,40,33,39,34,35,38,15,37,31,28,16,31,43,15,35,31,36,37,20,43,33,9,46,21,15,34,36,13,29,15,28,35,39,43,33,33,39,14,13,10,35,35,44,39,39,37,29,37,38,31,24,35,37,37,20,36,31,39,19,43,46,32,15,11,30,13,40,30,32,33,13,37,27,43,33,35,36,17,19,12,14,32,32,35,24
35,37,26,31,45,31,33,16,20,34,36,18,30,15,37,10,36,15,31,31,34,33,39,46,33,43,22,39,43,41,29,36,16,11,41,33,6,11,31,24,36,38,41,29,36,27,39,31,37,14,38,12,15,41,30,21,36,17,30,33,38,32,29,36,31,35,41,34,14,36,34,33,44,30,36,35,38,32,16,34,40,11,19,16,34,13,43,42,40,32,37,37,40,38,33,33,17,38,33,42,40,39,16,32,17,49,30,38,36,35,44,37,41,37,30,41,31,35,35,33,28,32,37,19,26,10,14,15,16,20,16,40,41,31,37,41,13,17,10,11,37,34,44,35,31,29,40,40,50,28,31,19,31,15,36,43,18,37,27,22,37,34,37,37,18,37,37,39,37,19,20,32,37,36,38,37,30,44,16,34,31,31,38,9,39,29,27,31,29,30,18,35,26,27,30,33,31,35,16,34,19,36,30,33,13,13,9,15,34,34,37,12,31,33,44,44,36,36,35,41,30,12,41,21,14,39,38,10,31,36,36,30,33,15,36,32,38,28,30,30,16,30,35,31,16,30,11,33,34,13,17,43,33,41,35,33,36,32,28,39,16,38,37,43,34,13,14,40,23,36,27,30,42,12,37,17,33,10,32,39,48,44,28,41,27,14,8,24,38,31,13,30,36,43,29,46,38,33,28,11,39,43,33,48,46,25,23,43,37,19,30,11,32,29,14,38,17,35,43,34,22,40,37,47,33,39,27,10,35,33,34,35,15,37,32,18,26,34,32,36,39,38,35,45,24,30,41,38,23,31,12,44,10,32,38,42,47,34,36,30,36,38,34,39,36,13,11,41,32,33,36,13,6,34,33,34,39,18,33,34,34,36,31,33,37,36,29,39,34,36,13,36,31,16,30,45,27,34,15,16,37,33,18,29,12,25,34,18,16,33,9,31,43,41,42,33,31,19,14,28,37,33,36,17,29,37,35,15,36,26,40,30,41,36,33,44,39,33,39,38,42,33,23,38,14,37,38,44,36,34,12,26,46,36,47,41,36,39,36,32,16,47,42,39,31,30,37,17,35,29,13,16,40,37,41,45,33,16,12,31,15,34,29,31,31,31,12,35,34,21,29,19,31,30,32,9,34,28,39,18,44,44,23,30,17,38,33,18,34,29,41,39,42,34,33,33,38,29,14,43,35,35,25,38,30,38,39,28,36,29,31,43,28,28,35,33,12,14,39,11,36,17,17,46,9,15,28,36,37,38,26,38,34,38,30,10,36,30,37,18,27,36,36,29,14,42,36,32,11,12,18,32,45,35,22,15,17,13,46,48,41,35,42,42,36,13,41,14,37,45,17,41,39,24,37,26,36,47,34,26,28,29,13,39,18,26,37,44,38,42,45,36,16,39,34,35,10,29,36,20,33,34,30,35,34,34,36,34,30,34,36,39,37,32,15,40,35,31,31,40,17,27,33,38,37,43,33,10,40,38,33,35,11,16,13,31,34,38,33,37,32,28,36,36,29,42,23,32,18,47,21,29,42,12,34,10,14,37,14,11,16,16,21,31,31,37,41,42,39,30,38,15,32,35,34,37,30,33,30,35,38,31,17,36,33,37,34,39,40,12,15,32,13,33,36,15,31,36,42,31,34,43,25,36,30,15,14,15,27,40,16,32,19,14,22,43,18,15,15,21,38,43,36,18,36,35,29,44,13,33,41,40,16,44,32,34,38,18,31,37,35,30,33,17,39,12,16,36,35,29,20,37,41,35,11,28,18,30,20,37,33,28,15,15,35,13,29,36,34,34,17,29,42,30,34,18,36,32,35,38,33,26,36,14,13,28,14,14,30,33,45,35,12,8,47,35,12,31,40,34,32,19,34,38,31,35,35,39,30,17,35,43,36,33,25,37,39,21,18,12,17,45,33,31,40,31,36,40,41,31,37,17,31,22,38,41,14,12,39,14,37,42,37,34,34,35,16,33,18,44,33,34,13,48,33,37,34,39,30,18,27,37,23,9,42,33,44,37,17,43,17,14,36,38,45,37,37,39,42,43,38,13,29,32,27,18,40,32,17,33,32,10,38,10,10,8,36,11,42,13,28,23,38,37,32,29,34,39,31,47,15,30,33,15,35,20,21,18,19,29,38,17,36,7,27,28,39,35,36,37,14,43,37,34,35,15,44,17,39,34,35,15,37,46,17,36,37,32,39,29,28,29,41,36,14,19,31,37,33,36,19,29,35,16,22,35,29,35,15,30,38,32,31,30,33,44,38,36,18,32
32,11,40,39,40,32,14,38,21,30,38,14,24,14,33,40,37,29,32,39,33,35,22,34,36,12,12,41,36,29,9,35,41,11,36,29,33,32,38,35,44,41,36,43,51,16,21,37,33,14,21,32,39,19,33,32,14,16,26,41,13,34,28,30,33,43,34,35,32,31,36,15,32,35,35,31,37,33,37,33,32,40,11,14,39,36,36,41,40,45,20,32,35,33,19,27,27,36,33,36,27,15,36,27,39,9,31,44,13,35,37,37,38,27,31,37,33,32,26,38,35,20,34,14,43,17,28,27,16,30,16,34,17,36,38,33,34,16,36,13,40,39,34,36,16,46,38,37,24,14,38,38,14,17,30,35,40,37,37,39,32,37,31,37,32,30,38,18,34,35,38,39,16,34,31,37,21,38,34,14,32,39,39,14,25,29,37,21,31,31,12,34,33,8,34,40,31,24,40,10,16,18,34,12,34,11,30,33,35,43,40,44,34,32,34,17,36,33,27,42,19,16,28,29,23,31,37,39,33,37,37,40,37,38,29,32,39,40,16,32,32,40,29,33,35,32,36,39,35,18,13,29,39,36,25,35,17,39,43,13,19,35,36,17,36,33,12,25,29,34,35,41,16,16,12,20,29,28,34,47,10,14,42,38,41,38,35,30,46,32,38,39,14,31,15,35,40,39,31,42,38,20,38,40,35,39,31,34,31,43,31,15,34,13,42,36,35,35,17,15,38,42,30,35,38,31,40,18,34,39,38,38,40,14,36,33,12,39,17,13,17,35,32,32,34,39,30,34,36,39,26,28,14,14,32,33,11,15,30,31,17,30,28,33,29,11,37,10,11,34,13,40,34,20,32,18,14,37,36,30,32,15,42,36,32,12,41,30,34,37,34,9,38,18,9,37,14,17,19,46,32,43,38,14,28,32,13,30,24,30,28,39,36,19,32,37,42,28,44,32,33,30,42,32,35,14,27,22,40,41,44,37,16,31,14,31,36,15,32,42,31,36,35,15,43,26,42,29,31,35,15,16,33,16,41,33,15,34,38,29,16,14,33,40,12,42,15,20,39,36,36,15,41,40,39,44,7,10,29,11,38,20,38,33,16,36,34,27,14,18,33,13,37,32,36,12,35,34,10,18,31,12,11,34,37,33,22,35,37,18,34,31,37,16,40,28,32,33,33,45,31,28,29,40,40,31,42,16,22,34,42,28,26,41,17,34,38,40,36,37,36,26,33,32,33,46,29,43,31,13,41,41,14,21,37,36,36,39,15,17,40,33,7,12,34,40,37,24,36,26,15,33,44,35,21,30,14,15,17,29,16,31,35,32,30,32,17,41,26,42,37,32,38,24,32,9,13,28,32,37,41,28,30,11,14,15,35,36,43,37,13,41,34,37,24,17,36,14,30,45,18,34,36,33,31,34,39,32,38,33,39,14,39,32,37,32,34,32,38,27,43,36,28,35,36,29,35,12,32,32,41,13,30,40,33,33,35,36,35,38,36,33,40,32,34,36,21,15,33,33,19,28,17,36,18,19,13,19,31,37,38,18,41,37,34,13,20,17,17,35,43,47,33,38,32,32,40,32,33,39,41,32,39,33,31,32,12,40,30,18,29,26,40,13,29,36,34,32,30,26,30,34,31,16,36,39,37,41,30,37,37,19,33,31,12,18,36,30,30,33,28,15,35,28,33,34,33,8,47,35,35,31,40,36,27,37,32,34,22,39,13,40,21,31,14,11,38,10,38,31,33,14,14,20,34,34,38,38,28,18,19,38,36,38,13,41,34,14,30,28,35,32,16,40,18,33,17,31,31,8,31,40,40,18,30,35,27,11,16,11,35,39,40,12,14,23,33,29,12,46,33,19,12,41,21,35,11,44,29,32,33,39,27,48,38,41,38,34,33,29,21,35,32,31,30,20,34,36,10,33,36,37,13,13,16,18,44,32,32,38,10,43,11,27,33,33,36,32,13,45,37,35,12,36,10,11,36,14,18,13,15,28,16,14,41,39,29,14,12,36,13,38,40,16,13,27,34,33,33,30,33,31,36,34,36,26,28,40,12,31,30,32,36,15,41,33,40,36,39,35,29,28,36,34,39,15,17,30,34,41,34,34,31,28,46,35,29,15,37,10,39,46,34,40,37,7,34,17,39,13,33,33,32,11,42,12,35,39,36,31,16,29,35,40,29,30,10,33,18,34,11,31,36,12,41,33,34,37,30,44,36,41,39,34,35,23,34,41,41,35,27,14,11,34,37,28,13,10,41,40
25,35,30,39,43,36,27,46,27,20,35,12,12,39,35,36,25,25,32,29,13,35,45,32,6,19,31,34,33,13,34,37,14,10,16,37,35,29,37,26,37,18,36,38,41,32,32,31,30,38,39,50,39,15,33,8,40,14,32,13,20,33,15,29,37,39,29,33,25,12,14,40,34,38,29,14,33,13,34,27,30,15,24,35,20,33,26,39,15,45,33,30,31,39,35,38,13,39,33,31,16,14,10,16,29,28,16,36,30,33,41,33,24,35,34,30,38,13,30,35,33,34,32,37,33,36,32,30,36,29,13,37,35,9,38,36,38,32,36,13,9,15,33,33,16,17,31,16,11,12,39,33,31,41,46,35,31,30,35,35,33,36,20,10,31,34,32,29,26,34,36,38,14,34,34,17,32,17,41,30,29,18,8,30,34,23,31,38,34,35,10,35,28,47,29,37,37,14,42,36,37,13,13,37,34,20,43,19,38,45,13,41,28,31,39,33,44,26,30,38,45,16,20,40,27,37,31,38,9,36,37,17,34,35,15,33,32,40,11,40,26,12,17,14,28,43,36,21,41,12,29,37,34,40,40,34,29,33,11,29,29,31,29,34,18,31,9,15,35,43,38,34,39,34,16,10,37,30,38,36,36,29,15,33,31,11,13,27,36,32,33,34,31,41,33,15,28,23,40,36,38,28,38,33,37,36,41,35,29,39,39,42,36,17,36,29,37,41,39,33,19,40,34,16,35,35,37,33,35,34,38,28,11,21,29,34,37,17,14,11,25,30,37,18,12,33,33,33,15,33,31,39,32,48,16,23,33,31,36,18,33,45,34,37,40,41,11,19,32,34,15,12,37,37,29,34,12,26,10,33,15,17,36,12,33,36,35,15,11,17,29,43,9,15,43,37,34,31,34,34,10,39,36,40,12,33,11,33,35,12,34,35,26,39,35,31,34,31,37,36,16,34,11,31,21,34,35,34,36,32,39,41,41,35,36,16,34,40,12,37,32,38,34,34,34,35,39,41,34,26,33,14,20,16,39,8,36,32,33,34,33,32,32,19,27,12,15,32,28,36,26,31,19,17,34,17,14,8,42,21,43,14,18,18,31,27,35,18,30,36,14,44,37,36,35,13,34,34,34,38,38,14,18,31,36,16,36,13,10,32,37,28,33,28,19,39,13,16,40,15,28,30,10,29,43,32,35,36,23,13,29,41,29,35,30,36,13,16,16,15,26,32,18,34,39,26,38,37,18,38,38,33,15,12,22,40,30,43,34,36,32,15,37,38,15,30,18,34,42,13,39,10,43,35,34,33,20,42,12,20,37,37,38,30,38,17,35,43,28,10,16,35,35,37,10,40,38,37,33,36,9,37,38,5,18,38,31,41,14,36,33,32,13,36,13,33,31,38,38,37,34,28,36,42,38,36,36,33,27,40,15,32,38,17,30,36,31,37,35,20,33,31,13,14,15,39,40,31,9,38,39,45,32,15,38,14,34,32,33,48,17,37,27,15,18,42,32,29,35,39,36,28,27,41,31,33,41,36,38,34,35,36,37,35,32,39,32,16,33,29,33,40,30,37,32,29,12,15,27,38,17,32,17,32,40,40,17,23,38,35,38,33,16,11,35,31,12,12,15,29,16,36,35,41,38,29,7,30,36,37,18,35,43,15,24,33,36,39,14,32,36,14,42,16,13,16,14,33,36,32,29,38,39,32,43,16,31,37,37,42,33,35,27,34,36,11,38,39,40,33,41,38,33,40,39,37,35,16,37,17,29,39,36,31,32,34,40,15,35,11,36,38,40,41,16,33,34,46,30,40,36,38,11,38,30,39,10,35,40,14,34,39,34,33,33,38,42,38,33,34,40,33,40,32,9,32,31,18,38,18,8,41,43,34,33,13,11,37,38,37,16,40,35,30,27,30,45,31,34,39,35,42,19,30,31,14,18,18,32,35,30,35,40,19,36,34,33,33,41,46,28,32,30,38,39,30,27,36,32,25,40,43,18,34,33,38,16,35,35,41,23,36,34,12,19,14,30,34,40,42,33,32,31,41,27,13,33,36,31,36,31,38,29,33,19,36,43,15,31,12,38,33,32,35,44,35,45,31,38,29,15,33,38,17,39,40,29,34,26,28,15,28,33,45,28,33,15,38,34,35,30,31,36,13,34,33,14,45,9,32,30,38,11,39,29,33,36,11,17,30,16,14,11,40,33,41,31,22,38,37,15,29,44,40,30,14,43,18,34,17,14,33,42,39,33,36,43,50,33,34
39,38,27,17,30,32,44,13,32,14,42,37,37,14,32,15,15,35,9,27,15,36,26,43,13,37,21,39,30,35,30,38,36,20,14,31,38,17,39,36,42,14,35,32,36,28,32,13,34,37,17,29,33,18,18,38,39,27,36,40,41,39,16,21,16,35,30,31,45,43,45,28,27,28,45,29,16,38,38,12,34,24,39,36,28,25,32,39,17,15,28,35,39,38,39,18,40,39,41,26,37,29,31,29,38,42,31,42,26,12,30,14,44,35,27,38,36,34,38,40,43,12,32,30,41,32,30,16,40,17,15,39,32,36,37,38,40,45,37,29,33,33,35,20,33,27,31,11,15,15,14,37,12,34,13,35,41,10,43,15,13,27,34,35,15,32,15,37,35,39,30,33,37,40,11,33,20,30,42,36,14,28,43,26,35,36,32,22,33,32,18,40,12,39,31,31,18,26,37,36,20,37,31,44,37,31,35,36,37,32,14,42,37,26,30,18,13,33,11,37,39,38,31,15,32,36,36,41,17,40,10,32,42,34,15,34,29,36,37,39,35,15,23,15,14,34,25,31,34,15,38,35,32,36,37,15,34,35,17,11,39,30,20,37,31,28,40,36,14,14,34,19,37,36,35,40,15,32,13,37,36,35,37,41,28,13,13,11,39,33,19,41,38,34,42,37,11,35,14,39,13,35,33,11,21,35,41,33,13,38,44,38,42,30,33,14,20,31,34,15,32,17,15,37,33,32,40,32,36,13,11,33,34,17,38,34,28,41,37,15,16,42,32,31,35,16,29,34,34,12,14,20,33,19,38,43,19,34,38,35,18,34,42,12,36,35,40,37,33,32,31,15,47,37,41,41,20,33,16,19,25,26,39,42,49,41,38,33,32,44,30,40,8,31,27,13,24,35,25,38,37,24,17,44,15,43,14,18,31,39,37,16,13,43,16,30,37,22,26,37,31,16,38,35,17,38,40,36,33,36,18,9,11,38,19,40,35,17,39,41,15,30,13,36,44,44,35,33,32,15,16,41,29,28,31,32,14,31,15,25,39,35,12,9,32,34,27,17,17,26,40,34,26,42,40,12,41,7,28,11,37,10,30,32,31,16,34,18,38,34,18,37,40,12,36,13,33,35,40,31,39,33,27,33,12,13,13,39,34,46,46,35,11,31,11,35,11,34,14,34,13,42,29,34,34,35,16,15,13,37,31,37,33,19,36,37,28,19,36,18,32,31,16,31,37,32,39,10,32,32,36,37,14,35,38,27,37,36,34,39,34,16,26,36,35,44,15,28,35,20,33,25,36,41,39,16,29,38,39,29,35,45,35,28,16,44,30,17,36,37,17,43,11,39,39,33,27,44,14,38,42,16,29,32,12,23,38,39,36,39,39,34,34,33,16,17,30,42,14,29,37,39,34,29,34,13,12,30,18,36,35,30,32,11,17,14,31,15,41,34,35,37,40,11,36,36,33,44,33,26,32,41,39,13,37,32,41,40,13,39,37,37,33,40,35,37,32,12,21,37,25,32,44,34,39,35,35,14,37,41,32,34,13,37,34,32,8,16,31,28,34,23,13,38,36,35,39,34,37,30,31,47,39,34,15,33,39,31,35,14,13,14,17,35,31,30,40,33,19,39,38,17,38,14,43,32,24,35,15,17,41,7,29,29,37,35,47,34,26,13,19,15,39,29,15,27,44,14,40,13,35,18,31,39,29,11,31,40,38,33,28,41,39,14,19,32,32,35,14,35,34,18,31,35,30,39,15,36,24,32,38,27,38,33,13,35,23,15,39,35,13,30,17,15,33,36,30,19,38,35,19,37,32,35,33,37,42,41,41,42,32,48,17,37,35,38,30,14,35,31,32,30,40,38,40,29,31,11,26,40,15,36,29,38,34,29,17,30,31,35,15,14,26,30,17,37,32,34,26,38,39,33,39,37,32,33,28,30,35,36,19,43,18,19,15,38,18,43,27,39,30,35,41,11,39,32,16,40,36,33,42,14,34,43,30,46,27,39,38,33,39,11,44,33,37,35,32,13,12,37,34,38,34,26,44,39,17,22,28,31,32,34,13,12,29,41,19,35,14,40,44,19,38,19,37,32,17,28,18,44,41,31,30,19,34,16,39,14,18,16,40,33,39,15,28,44,32,42,39,35,38,36,33,35,27,17,15,12,38,33,35,34,33,35,31,39,24,38,34,18,32,17,37,39,19,10,35,16,30,17,12,10,11,41,38,45,9,34,38,40,34,31,16,32,31,36,21,43,34,15
36,12,33,34,40,24,30,38,33,10,36,34,34,13,8,41,32,16,38,44,38,40,30,42,33,16,12,38,31,41,35,11,34,33,28,32,36,32,38,37,35,10,33,34,33,9,35,37,14,41,30,30,28,37,15,36,31,38,29,32,40,36,39,11,32,17,12,9,37,36,26,34,17,29,17,36,38,36,29,37,42,29,34,21,38,39,43,38,16,39,34,37,36,41,41,39,41,38,30,31,13,32,32,38,40,29,34,32,32,32,32,22,38,28,17,38,39,40,13,18,16,43,40,40,35,33,40,38,36,37,12,16,27,36,33,30,44,34,12,36,48,27,42,38,14,41,40,38,43,38,18,39,15,11,31,19,31,36,37,16,40,48,29,20,36,15,9,35,37,11,19,37,36,30,35,39,39,36,38,28,19,37,38,25,33,39,38,33,33,40,14,36,36,30,35,39,16,39,16,43,27,32,38,35,9,32,30,33,34,14,19,30,23,30,30,30,14,35,36,16,33,29,42,34,18,35,32,35,14,36,37,15,40,38,34,16,33,27,30,43,35,33,13,10,39,33,32,37,36,16,33,11,35,27,40,40,44,36,37,14,18,11,43,30,35,36,37,34,38,15,29,37,36,35,33,19,31,14,33,43,34,30,36,11,30,31,36,29,31,36,33,26,35,36,40,40,16,11,41,32,35,30,18,21,31,33,38,34,42,20,33,42,37,38,36,12,34,16,30,16,42,39,38,14,37,32,13,34,22,39,38,31,34,28,38,18,33,37,33,42,9,41,35,9,13,36,41,30,30,37,28,34,37,39,42,33,38,36,45,34,14,37,15,34,33,31,33,29,31,16,37,18,35,13,38,40,33,27,37,31,13,30,36,32,44,34,9,35,44,15,17,32,11,37,33,38,39,35,32,34,37,11,26,15,13,38,38,35,33,8,38,30,17,28,34,34,16,16,28,38,38,34,35,17,14,14,22,35,29,34,29,29,31,33,20,15,32,15,35,42,18,27,41,47,38,33,37,31,43,37,6,34,36,11,28,30,36,32,15,36,38,17,35,28,31,7,13,28,42,13,41,34,30,43,16,38,35,34,35,29,13,20,38,40,43,37,10,7,33,44,35,40,37,31,14,30,13,38,33,33,35,35,40,15,39,14,25,34,37,12,33,19,35,35,41,42,26,33,38,32,29,31,17,37,35,40,12,22,40,35,38,41,38,13,25,33,31,39,40,43,44,34,15,15,36,13,35,17,36,38,16,33,10,40,18,12,16,32,41,28,40,35,40,12,35,37,27,36,28,36,38,25,13,35,12,30,34,39,11,12,31,9,12,16,37,33,30,14,12,39,32,29,13,38,34,36,10,16,14,20,18,18,40,39,42,41,43,14,39,15,36,13,37,31,39,42,35,40,31,25,42,11,12,34,35,14,31,23,16,38,37,30,37,18,14,34,16,15,23,19,35,9,32,28,36,26,38,35,36,43,20,41,30,23,34,41,15,33,16,38,39,30,37,38,38,12,33,15,42,14,48,25,11,10,33,47,32,42,38,13,17,38,16,37,37,35,40,36,33,15,37,34,29,23,40,34,33,16,14,39,8,10,38,33,16,35,17,29,14,36,34,33,18,11,17,39,19,16,17,37,37,16,34,37,38,35,16,16,35,11,32,41,39,18,34,47,39,36,31,38,35,31,9,41,34,34,15,20,16,30,14,41,44,39,32,36,44,32,30,16,28,9,15,11,20,39,46,38,11,14,27,29,45,18,13,28,12,36,37,20,35,31,23,18,33,27,12,15,40,40,29,13,28,37,18,11,18,38,32,10,31,33,34,18,9,15,35,23,36,19,9,16,43,31,29,28,14,35,28,35,35,14,27,29,28,33,23,38,12,38,24,12,12,35,33,35,15,40,40,35,21,33,34,44,21,35,41,33,36,27,42,31,32,42,10,32,34,40,35,45,41,10,12,16,33,31,10,37,46,38,15,40,46,31,32,41,28,44,13,21,35,40,13,36,36,35,35,34,9,36,26,32,47,15,13,28,38,26,36,32,33,13,33,12,42,17,30,38,36,36,39,39,37,41,32,34,38,27,36,36,14,29,37,32,32,21,40,36,35,16,14,32,33,38,34,18,20,15,10,8,31,13,12,37,36,43,39,35,14,28,14,35,42,30,34,37,18,47,19,12,37,28,37,41,36,13,33,15,39,42,42,28,26,35,13,26,38,10,41,44,32,35,36,38,50,32,26,32,34,36,32,39,29,14,38,26,35,31,47,15
35,17,36,35,22,34,38,33,31,12,12,41,31,39,34,37,15,37,16,36,33,32,18,37,35,11,37,10,39,31,18,12,33,47,34,36,31,12,32,34,15,34,33,42,32,37,35,44,13,32,11,32,34,36,17,30,33,30,31,31,13,13,37,32,31,34,34,38,33,38,38,36,15,34,15,35,9,36,17,16,38,39,36,19,13,41,37,42,34,36,35,20,35,32,12,31,29,19,13,18,30,15,37,38,42,29,39,37,36,17,20,31,32,41,33,42,34,40,35,11,32,29,15,11,40,9,33,28,40,31,38,39,45,20,30,31,13,39,30,21,35,35,33,42,31,30,31,37,13,38,32,36,38,9,34,37,35,13,43,15,39,36,25,22,16,33,40,17,18,33,33,37,36,38,32,41,41,38,8,17,32,37,12,15,32,13,37,37,28,37,37,32,32,31,37,10,23,9,37,13,42,38,37,40,34,30,39,38,12,29,27,39,27,36,31,34,27,31,30,34,39,29,38,42,29,36,30,31,33,37,30,42,41,35,21,38,31,18,17,38,33,32,37,37,34,21,40,19,37,34,14,33,15,42,12,30,12,38,38,25,14,34,15,30,32,39,16,35,33,39,14,33,37,43,13,37,33,15,32,21,32,32,34,34,39,16,20,35,15,40,33,37,36,28,39,25,31,17,30,17,27,18,37,39,10,36,9,33,9,42,19,32,15,14,40,38,34,40,29,43,9,31,15,32,42,42,37,35,13,34,19,31,38,34,35,46,39,41,19,13,40,33,33,27,36,31,16,27,14,28,19,36,32,35,37,33,41,29,18,13,39,9,13,40,31,36,38,42,34,29,36,28,35,36,41,34,40,35,22,25,29,36,34,29,34,18,42,11,39,35,36,17,34,36,28,28,16,13,41,31,42,38,32,38,31,43,34,35,36,34,24,39,14,35,36,30,30,35,35,38,14,17,13,21,37,33,37,36,27,37,26,29,34,33,35,37,14,40,40,11,39,34,41,42,34,46,35,34,30,27,12,13,43,19,33,38,33,38,23,35,29,28,17,30,32,33,18,11,13,47,32,34,45,37,39,16,33,36,13,36,10,38,44,16,14,9,37,30,34,39,17,35,33,35,26,31,36,18,33,34,29,32,37,30,40,15,20,38,38,31,16,36,13,13,38,36,9,31,37,35,26,40,13,32,38,33,43,11,21,38,38,30,17,14,35,42,23,37,34,32,37,20,36,32,37,13,18,34,28,12,36,19,39,20,29,39,10,38,13,30,13,32,36,40,31,29,37,38,14,33,17,37,9,36,35,16,37,38,37,36,27,36,31,34,36,31,32,39,14,35,21,34,33,39,30,12,30,15,34,40,30,36,43,31,34,36,18,37,34,35,32,37,32,16,26,30,34,34,16,41,38,10,31,39,21,17,23,30,14,37,16,29,29,33,36,33,27,14,16,26,37,30,19,14,36,33,12,41,41,23,38,30,36,42,34,33,30,15,33,34,16,22,41,36,34,15,14,30,34,13,39,25,12,37,31,8,41,34,18,13,39,16,41,32,33,34,33,39,16,19,28,21,29,26,16,28,14,42,32,35,32,33,38,29,35,30,40,35,32,35,31,33,31,16,36,35,30,40,36,32,19,21,42,33,32,37,15,55,39,28,12,31,18,36,30,15,38,30,31,29,32,37,33,47,37,12,31,33,39,28,35,24,22,41,30,37,36,33,26,37,37,14,37,33,20,35,28,29,38,37,30,33,29,33,37,43,10,27,42,38,16,28,16,31,13,42,17,34,14,43,36,34,37,33,31,13,39,16,38,35,43,43,36,33,33,40,15,14,27,32,31,20,14,39,36,33,12,40,34,33,13,15,41,35,29,11,23,35,28,35,43,16,46,39,29,41,40,16,38,10,20,39,35,42,32,12,46,33,34,17,39,33,33,39,40,35,12,19,28,30,31,37,8,18,32,31,39,29,34,18,14,30,37,30,35,36,34,29,29,19,37,36,17,36,38,39,38,34,44,13,39,14,38,30,39,21,35,32,17,33,12,32,41,18,48,32,38,33,12,16,34,36,28,36,12,38,8,39,36,37,26,16,33,30,36,33,33,44,12,48,29,32,34,37,12,15,32,12,36,37,29,33,32,33,12,15,19,35,35,24,28,28,29,13,38,15,24,43,30,45,31,35,37,34,40,40,39,31,35,36,11,36,12,41,18,37,29,34,37,29,36,38,14,28,14,15,34,9,13,13,39,34,43,33,33,28,31,40,33,35
30,26,18,38,37,37,44,20,15,40,36,41,15,44,9,33,40,14,18,43,33,39,37,40,47,34,40,7,43,37,31,35,33,32,34,30,42,32,28,19,28,22,30,35,13,34,29,42,42,37,15,9,40,40,29,34,18,35,25,45,12,30,33,34,37,32,41,15,36,11,32,37,35,31,34,29,42,34,37,37,38,30,32,39,22,37,36,40,39,37,41,38,34,37,34,42,36,41,33,35,34,40,43,14,37,21,21,42,10,17,36,31,29,44,11,35,37,31,34,21,31,35,33,13,38,33,35,34,35,30,31,30,35,43,37,19,32,35,11,15,33,30,31,31,32,31,36,33,42,25,36,32,32,26,16,33,41,36,38,33,35,17,32,37,29,41,31,26,33,27,38,29,37,45,15,43,28,27,30,37,32,20,16,34,31,44,32,35,34,9,33,28,31,36,42,14,34,31,15,39,40,39,40,29,47,14,28,17,39,33,22,33,37,34,32,37,45,24,14,36,30,14,13,31,36,23,37,34,33,36,33,32,40,31,26,15,16,42,22,36,33,33,34,39,11,38,32,26,23,31,39,35,31,30,11,33,40,38,20,35,10,40,27,26,34,38,38,37,41,36,31,17,38,25,32,33,43,17,35,32,43,13,33,39,26,20,38,31,13,38,29,34,31,42,34,39,13,25,32,8,33,39,23,48,15,13,34,32,31,32,36,33,34,33,37,11,34,40,39,34,31,35,28,46,34,46,36,27,25,13,36,32,15,40,35,28,32,15,43,33,18,42,38,33,35,41,41,23,32,26,12,29,15,17,39,32,35,30,46,40,27,18,30,32,36,39,11,42,12,37,14,34,14,16,43,16,31,34,15,42,35,38,37,33,41,39,33,30,42,30,36,36,42,37,35,42,35,34,10,44,35,12,35,40,30,40,17,33,38,41,14,26,38,31,34,34,31,25,32,43,36,14,37,26,41,32,39,38,32,39,16,28,13,45,38,33,38,36,35,44,38,37,18,32,41,36,34,30,29,14,45,37,38,32,41,37,47,33,35,37,14,36,43,33,33,39,45,37,36,18,32,32,15,31,15,38,35,37,27,40,35,40,29,37,16,31,37,32,13,30,32,39,37,15,14,35,17,39,29,34,36,36,36,36,34,33,21,43,30,39,19,42,36,31,36,31,39,17,39,18,16,29,38,39,30,30,27,38,36,35,28,37,40,15,32,31,17,18,21,33,41,39,33,13,35,32,13,33,39,13,11,34,12,28,32,33,33,16,26,35,45,9,29,36,42,37,10,27,30,36,45,39,29,33,7,41,10,32,16,33,33,36,26,41,38,31,35,13,21,11,31,15,13,44,30,16,13,18,12,14,31,9,16,15,37,38,41,45,17,32,14,37,39,35,16,37,32,37,33,44,41,36,16,34,9,37,8,37,39,36,37,18,40,31,36,38,27,15,38,40,33,30,41,31,32,40,30,37,33,40,13,10,17,30,26,20,34,12,39,28,34,37,21,12,32,18,33,34,42,12,34,37,29,30,37,38,35,31,40,21,14,18,31,34,37,36,33,12,15,21,35,36,18,15,36,28,13,34,36,39,37,17,31,34,35,37,31,31,30,35,35,40,43,34,50,29,15,33,33,27,10,31,24,28,19,34,32,41,30,34,37,29,35,34,35,16,30,41,35,7,34,38,34,37,17,29,11,15,30,28,22,30,25,35,35,14,32,32,35,24,49,42,39,36,29,33,37,32,36,42,26,32,12,34,27,28,23,34,37,16,43,42,35,33,32,34,11,38,11,33,11,31,34,31,40,38,32,22,36,28,13,8,30,40,30,41,30,43,45,17,17,35,35,33,35,31,26,32,18,18,14,14,36,41,23,40,45,14,31,25,40,38,9,38,34,16,19,41,15,25,13,36,43,14,36,12,40,39,42,24,12,33,32,13,27,35,40,40,34,38,11,32,42,33,25,37,31,18,32,34,14,38,36,38,34,30,26,43,35,37,11,11,32,32,37,35,33,31,32,38,35,35,12,36,44,32,38,11,37,31,34,38,19,39,37,37,38,37,28,35,33,14,29,30,12,39,35,28,12,47,30,36,38,36,37,17,33,17,13,41,25,29,36,36,14,39,37,41,32,36,31,37,36,34,12,29,36,10,30,34,42,34,33,32,33,39,43,44,27,38,37,21,19,14,37,32,32,34,41,33,39,33,28,13,33,45,32,30,31,23,31,33,34,17,27,30,12,8,32,18,34,36,41,19,38,26,31,41,26,18
15,39,33,33,42,40,29,30,38,33,43,34,22,30,38,28,27,45,10,42,36,33,30,34,16,14,35,40,33,38,36,35,39,35,37,36,40,39,18,35,36,20,10,17,18,9,31,29,22,29,28,30,26,26,30,16,35,30,26,48,26,39,37,32,29,36,34,34,30,37,19,28,40,28,12,43,29,14,34,34,37,44,32,30,30,31,13,17,13,30,35,13,11,35,34,40,35,38,35,35,39,37,31,33,9,15,12,32,30,32,35,42,45,35,39,17,33,15,14,38,35,15,13,37,31,36,17,36,31,37,12,17,30,40,35,34,20,34,38,14,16,29,37,37,34,36,41,19,17,36,27,40,14,44,40,17,41,25,37,36,36,35,25,12,33,32,29,32,19,44,40,20,13,31,36,40,41,47,36,16,32,38,34,37,31,16,12,35,13,37,36,33,35,27,14,35,12,32,17,32,38,35,43,28,19,38,11,35,16,37,47,28,36,40,16,35,35,39,40,31,8,8,41,38,14,34,15,16,35,22,33,16,16,35,21,29,34,33,41,13,33,39,40,25,38,26,14,36,34,40,39,38,32,16,34,32,43,15,33,12,16,31,36,23,15,29,36,30,13,34,45,39,11,13,30,41,31,36,38,43,33,41,11,14,29,27,28,32,16,26,19,38,39,19,38,13,13,29,26,33,8,36,35,29,36,35,16,14,35,31,14,35,39,11,38,32,14,32,39,38,15,35,32,20,19,35,40,6,38,32,31,42,30,30,10,39,32,32,41,38,40,35,27,37,30,42,15,34,33,38,29,32,32,41,31,13,20,49,28,14,35,32,15,35,33,39,15,36,36,32,10,16,33,30,13,31,37,16,29,33,12,17,14,37,8,39,36,41,33,37,43,34,44,34,29,35,34,17,21,44,14,28,27,43,15,24,15,44,42,37,39,38,13,11,16,39,29,37,28,35,31,42,29,42,34,32,16,17,36,36,35,28,37,35,35,35,38,37,20,32,36,24,7,41,42,16,36,35,40,37,41,46,13,35,34,32,26,35,15,30,45,33,16,32,39,41,35,29,33,35,36,14,34,36,31,29,48,38,39,35,31,39,29,24,32,14,38,11,8,10,25,39,34,36,9,33,32,29,37,36,34,36,19,32,34,32,36,32,22,32,42,14,35,30,32,40,32,14,48,35,35,39,32,13,26,36,18,33,22,34,37,16,33,31,14,38,32,33,28,18,39,9,32,37,35,35,17,20,31,38,29,24,28,38,40,41,36,31,36,15,41,37,33,30,15,39,33,16,44,16,29,32,19,38,20,37,40,37,16,22,13,32,45,16,33,35,27,44,35,47,17,36,33,37,37,15,33,24,42,38,32,36,18,38,36,34,36,30,29,39,15,33,34,32,34,39,45,34,35,41,13,34,34,39,35,13,38,11,42,15,33,33,24,12,38,37,38,35,39,34,28,38,15,18,36,20,44,32,15,30,17,12,43,18,33,18,34,14,39,33,36,35,15,33,33,39,33,43,39,30,33,43,34,9,19,28,19,13,32,39,34,34,36,36,35,44,17,38,40,33,23,26,35,11,34,39,17,18,37,26,30,33,43,39,14,41,17,40,34,9,37,13,29,15,17,36,10,26,26,32,10,42,42,41,24,37,37,35,29,35,44,40,40,10,36,17,28,18,31,32,41,35,30,28,34,11,29,36,45,26,35,40,43,32,17,36,30,37,12,35,32,18,37,41,12,16,36,24,37,31,36,33,29,34,35,15,16,25,14,9,31,32,40,14,38,19,28,16,36,34,14,43,18,42,48,40,15,16,15,40,30,11,36,24,36,33,32,26,18,32,40,13,14,16,13,46,30,12,18,20,37,28,29,34,25,21,32,39,44,31,31,39,35,31,38,34,37,32,9,13,38,15,32,38,42,30,32,26,11,32,44,15,14,31,15,29,35,35,16,33,35,37,31,34,38,38,36,36,28,12,34,22,40,25,36,40,38,32,28,17,20,39,12,19,35,33,31,31,11,34,19,37,14,42,19,34,34,25,33,35,30,23,26,31,37,41,30,31,34,20,31,38,40,13,34,17,39,35,35,41,30,34,23,35,35,39,30,32,40,38,31,36,22,18,40,33,38,38,30,23,35,28,50,34,36,41,47,33,33,37,14,36,33,44,38,28,44,35,37,30,37,32,34,35,28,37,39,43,35,36,42,8,31,36,36,14,15,38,37,13,17,40,36,35,39,32,41,35,34,29,34,13,26,39,39,25,27,39,26,31
36,36,12,34,23,21,18,26,28,14,33,33,37,42,33,36,15,35,36,38,31,20,28,32,45,21,38,41,46,40,13,28,29,25,24,38,34,16,27,20,34,39,34,34,39,38,30,36,31,32,37,38,12,9,36,28,12,33,15,32,12,35,16,41,33,38,38,12,35,34,29,30,17,44,7,37,14,26,29,33,29,27,39,17,44,35,14,30,14,35,35,25,36,37,38,14,34,20,6,38,36,37,37,17,34,14,12,38,31,27,25,43,21,29,32,34,35,38,16,32,31,33,39,40,14,36,14,17,16,33,36,14,7,28,33,39,26,38,36,13,9,16,10,33,21,43,39,39,35,14,49,38,33,42,36,34,27,34,30,37,31,33,42,41,40,36,15,34,15,46,42,38,13,21,14,22,14,27,39,36,12,12,41,17,37,38,37,35,33,40,14,38,31,31,24,32,34,34,41,27,35,38,14,25,30,31,12,26,41,15,36,36,39,34,41,37,43,45,15,35,28,18,37,19,26,35,29,29,36,32,38,17,33,38,16,37,39,15,40,14,38,13,31,35,33,31,32,30,13,38,39,44,34,42,39,32,37,36,35,35,32,28,36,33,38,36,41,15,34,37,28,16,12,18,37,28,31,39,39,34,35,33,35,34,38,30,32,38,33,33,29,17,22,27,36,34,39,18,32,4,26,35,32,39,13,33,40,38,43,13,15,37,21,34,31,36,32,36,13,12,37,17,31,18,39,36,15,28,45,14,37,9,9,44,26,35,13,35,32,18,35,31,39,28,37,41,27,17,34,29,37,38,39,42,29,41,40,27,35,39,36,35,36,14,30,11,35,18,36,13,43,17,23,50,16,34,40,16,31,34,16,16,27,31,12,9,29,12,36,36,27,31,13,18,36,35,17,41,17,35,36,46,21,33,17,42,31,36,33,13,32,13,36,39,34,30,17,42,46,16,12,31,32,35,15,16,39,34,33,32,34,36,38,28,35,38,27,36,35,12,34,20,39,34,31,42,41,40,29,31,24,38,14,36,36,17,9,31,34,29,37,37,14,16,14,36,46,20,33,38,35,11,37,38,34,14,17,32,11,35,19,33,32,36,38,43,40,16,34,29,34,43,12,40,37,29,30,40,27,22,29,41,7,34,12,29,15,20,16,34,31,41,34,41,41,37,41,34,19,43,38,34,19,29,42,34,8,34,21,33,34,30,34,32,40,34,33,37,38,35,25,34,38,34,13,16,34,34,14,40,41,28,38,39,31,29,36,39,12,17,31,34,18,17,39,39,39,26,42,33,38,30,32,34,35,13,39,40,39,35,33,31,10,32,10,34,11,12,31,32,29,42,33,15,38,31,33,34,33,41,28,30,30,32,28,13,45,17,39,42,13,35,37,32,17,35,14,33,41,34,37,42,15,31,38,36,42,33,36,34,36,31,31,31,16,30,14,35,11,12,35,13,9,27,13,30,37,43,32,27,30,36,37,40,18,38,43,30,16,31,18,37,35,11,27,12,30,19,26,29,38,35,43,36,16,15,15,11,38,16,31,31,48,16,15,46,13,38,15,31,31,18,13,15,37,33,20,30,38,21,9,33,38,15,35,39,35,40,24,38,33,35,35,35,36,29,17,40,35,38,12,27,42,31,13,9,39,36,43,35,22,32,27,38,32,14,30,33,29,35,28,33,30,39,31,34,28,39,34,44,8,25,21,44,33,36,16,15,13,15,37,43,36,9,30,27,36,31,18,20,38,40,17,46,43,13,34,37,35,16,32,39,32,33,34,35,48,15,35,15,32,17,39,35,38,28,24,30,26,38,32,37,37,17,32,28,12,18,28,32,24,27,16,39,19,13,31,10,41,12,38,27,34,45,35,36,42,35,31,42,26,51,41,31,31,30,14,30,11,29,31,12,30,20,32,28,20,36,35,10,30,41,27,36,41,35,35,33,17,16,37,34,33,33,35,41,29,37,38,30,32,40,13,17,16,34,41,13,41,16,35,10,15,36,39,13,41,37,38,43,19,37,30,41,26,34,24,36,17,15,14,10,42,35,40,33,41,17,35,40,12,15,16,38,35,39,15,31,38,43,17,38,22,37,31,36,39,17,29,10,12,18,42,10,43,24,32,41,30,35,40,47,45,36,36,38,38,33,31,30,17,46,38,40,10,17,36,13,11,34,34,43,37,37,38,37,25,38,20,36,40,30,42,17,36,14,36,14,34,35,13,46,27,33,43,33,36,37,27,35,30,34,38,36,12,39,19,41,39,16
36,34,17,17,12,22,36,41,43,41,32,12,20,34,28,17,10,33,35,36,10,41,31,36,14,14,35,36,39,37,36,34,38,12,12,27,25,36,34,34,37,28,17,27,35,33,37,40,33,37,16,13,13,35,17,35,12,33,36,23,37,34,33,41,35,17,35,39,15,35,20,40,32,13,29,32,29,37,36,30,37,18,48,40,32,21,40,14,19,35,35,31,33,14,24,32,16,12,19,35,34,36,37,32,17,32,40,25,44,11,42,27,14,38,34,13,28,38,31,13,36,39,42,16,32,39,45,43,20,30,36,31,14,23,16,31,32,48,43,34,35,12,40,19,40,38,30,30,33,14,33,43,28,42,27,37,36,12,45,37,42,37,37,43,41,30,31,36,32,34,38,33,9,40,38,15,38,34,32,24,44,14,20,29,21,34,19,14,37,33,30,37,34,39,36,27,26,41,33,18,41,40,31,15,32,25,40,23,34,6,12,12,32,45,14,35,42,33,29,45,36,31,40,14,36,13,31,13,37,38,19,40,40,39,44,35,32,40,38,33,43,31,19,36,35,36,39,12,36,11,35,38,36,41,40,31,32,39,42,41,37,35,40,31,38,38,38,11,18,33,34,40,48,28,26,35,36,13,36,33,31,36,35,11,36,35,30,26,42,34,14,37,43,11,37,15,39,25,23,33,30,39,26,38,12,13,31,18,38,35,31,31,38,37,36,19,41,31,35,37,41,33,35,43,30,35,35,10,39,16,46,15,43,34,25,29,32,18,40,23,10,24,42,34,33,33,32,33,47,39,32,38,43,34,36,40,34,33,39,18,36,21,34,28,28,40,37,17,16,41,47,31,16,36,23,11,37,34,30,26,33,37,34,29,29,16,37,37,44,34,39,13,39,41,32,38,39,31,33,35,40,35,11,22,42,37,36,45,29,36,42,38,30,24,36,33,38,24,35,10,34,34,18,41,31,13,11,42,34,37,17,31,28,42,37,40,27,32,21,16,33,18,32,33,41,37,11,25,16,30,46,34,51,32,15,13,38,35,29,38,34,29,34,33,37,43,32,37,33,38,18,33,9,34,32,37,40,36,15,13,42,40,42,17,35,17,9,13,43,30,36,28,31,18,39,37,32,13,43,38,34,31,18,22,31,37,17,17,32,36,39,25,38,38,38,42,38,22,37,15,11,35,28,12,42,27,41,41,29,32,37,43,36,31,35,11,42,30,39,22,31,36,16,33,29,44,39,36,37,39,20,30,42,35,29,32,34,36,42,40,41,16,30,35,32,31,33,15,13,10,38,18,16,42,12,36,31,11,36,36,36,37,33,18,21,35,36,25,15,29,12,16,18,39,39,30,17,13,22,29,31,19,33,40,13,36,16,38,28,40,10,15,37,37,32,40,11,39,18,33,31,21,15,29,34,39,28,17,34,11,38,17,31,16,35,32,37,34,40,29,38,39,36,29,20,35,43,18,35,38,33,35,23,14,35,31,18,21,33,37,14,38,33,41,42,36,36,31,35,34,53,39,34,22,17,41,34,40,27,34,14,11,34,40,32,38,29,14,14,17,17,14,27,6,34,37,33,34,38,36,25,40,27,41,29,27,36,27,18,32,16,17,15,34,34,21,33,38,30,28,18,38,36,33,19,41,36,17,32,35,14,35,39,42,41,37,35,38,43,34,35,31,31,38,37,32,17,31,21,32,35,13,16,37,33,13,31,34,31,33,34,36,42,33,38,35,28,33,31,36,31,18,12,41,32,37,40,31,38,46,28,34,42,27,34,17,29,20,30,25,30,37,44,13,16,38,37,35,34,36,32,17,37,32,33,39,33,33,18,13,36,14,41,43,18,31,9,37,26,33,37,33,26,35,13,9,39,17,13,42,43,33,33,38,34,15,18,11,12,35,39,37,37,39,35,38,36,40,40,32,33,29,20,31,36,35,37,27,35,39,32,30,28,9,18,37,35,33,12,35,36,34,33,29,26,27,37,41,32,17,35,38,32,35,38,16,19,33,18,28,33,30,39,39,40,41,17,32,18,29,13,28,29,28,28,17,34,12,26,31,40,30,34,36,30,37,35,31,37,40,20,17,17,35,34,33,15,32,24,37,30,37,38,40,17,40,37,37,35,17,13,16,14,38,17,26,31,47,42,44,42,33,11,37,29,31,19,33,40,29,11,29,36,37,45,35,35,40,41,27,16,28,23,30,38,22,18,34,38,11,14,32,41,30,17,39,40,42,28,34,14,35,35,44,28,14,13,33,41,28
32,36,35,17,34,42,16,39,14,32,25,29,32,36,34,48,34,15,32,33,29,34,16,36,41,13,17,34,33,33,33,38,31,34,33,30,33,32,40,30,4,43,38,35,34,40,40,17,28,36,33,22,47,25,36,34,40,14,43,29,41,35,34,35,37,13,24,18,20,29,40,36,41,41,32,34,29,30,35,31,11,29,40,15,37,10,32,18,14,37,22,36,35,19,13,10,38,28,27,16,34,31,11,37,29,17,43,39,35,40,34,32,36,34,40,11,37,10,37,18,34,12,36,36,14,12,40,12,37,32,39,37,33,36,35,37,28,34,30,35,32,20,34,33,28,42,35,13,33,37,33,20,13,12,38,28,30,36,11,17,18,36,28,15,30,25,33,35,38,46,35,37,29,38,39,17,6,10,13,33,12,17,35,36,35,18,35,18,42,16,36,24,37,35,33,32,30,39,19,39,27,26,31,8,30,13,33,13,20,27,13,15,9,12,26,37,10,39,39,34,49,42,44,36,31,15,39,37,17,13,38,40,19,41,29,37,34,32,35,27,38,36,14,33,35,17,40,41,40,32,31,13,41,20,31,28,35,12,19,34,34,10,9,13,37,31,42,38,46,24,33,34,35,19,13,16,28,26,35,27,36,39,42,40,11,42,34,33,29,26,34,27,34,39,39,33,10,37,44,32,31,16,19,34,35,27,19,34,29,36,14,41,30,13,39,16,16,35,42,32,33,30,33,11,33,12,34,32,36,33,32,39,35,36,16,32,14,25,30,13,23,31,36,15,31,11,43,45,35,14,36,32,33,33,31,45,12,40,16,30,35,37,32,22,32,32,31,24,13,31,17,42,30,36,35,35,30,17,36,37,33,37,37,33,43,32,33,49,36,38,33,29,40,37,28,38,37,29,36,38,40,35,25,16,39,33,39,36,19,35,32,16,43,9,11,40,40,19,35,32,36,9,38,26,11,33,23,14,26,35,15,32,8,34,34,35,13,29,19,9,31,19,41,36,31,30,35,39,37,43,33,37,37,33,32,46,40,32,18,21,25,38,20,41,36,17,38,32,14,44,38,27,31,31,18,40,37,40,15,41,26,48,33,48,12,17,35,33,35,17,40,28,38,30,31,35,32,35,16,34,33,45,40,24,36,28,43,28,40,40,39,18,14,32,19,14,15,33,16,19,35,20,36,38,34,41,40,33,13,13,35,34,39,42,38,29,34,31,40,31,28,31,17,28,31,35,39,25,34,36,40,16,39,38,38,38,41,36,27,36,25,23,30,12,33,15,15,35,16,13,30,42,31,31,40,37,18,15,18,12,36,42,38,32,12,29,35,35,33,15,17,32,36,30,25,36,27,37,20,34,20,33,8,44,49,39,21,31,30,27,37,20,17,27,35,34,36,30,18,33,38,32,33,36,37,38,33,22,41,39,35,39,37,38,32,30,31,38,50,32,33,34,36,31,11,36,38,30,31,17,42,37,18,36,11,36,33,38,39,34,37,35,9,37,40,18,30,30,40,28,33,33,38,14,13,17,33,13,36,30,36,38,19,35,39,37,34,32,40,39,42,29,27,42,20,18,34,34,19,9,17,30,14,44,33,37,35,33,15,36,38,36,33,35,36,33,42,21,24,14,11,14,14,45,36,41,30,18,38,35,36,30,15,17,39,42,32,34,35,44,30,19,35,35,36,33,37,36,33,12,40,12,14,29,14,25,29,10,29,40,18,20,30,34,32,7,34,33,45,38,39,35,17,40,30,44,34,37,36,41,29,20,34,34,39,33,34,47,12,12,33,16,33,24,28,14,42,34,19,29,35,19,30,41,36,40,44,21,35,38,35,39,13,34,41,28,36,30,16,31,41,12,26,14,10,34,25,37,40,42,34,35,36,30,36,28,40,30,33,37,37,30,13,35,33,40,32,37,20,36,29,17,9,33,31,34,38,17,34,19,33,8,14,18,42,19,37,30,32,35,35,27,39,16,35,31,16,40,36,40,25,12,12,12,42,13,39,34,49,38,36,34,10,36,38,45,33,37,34,29,38,40,27,31,41,40,41,37,12,22,35,29,29,7,37,14,15,34,37,27,22,9,37,18,33,36,16,18,19,31,40,41,40,35,30,35,34,39,17,31,13,29,31,33,38,34,34,34,41,31,13,38,13,14,36,38,36,42,15,32,27,13,35,35,35,14,11,39,34,11,38,33,36,42,19,35,37,32,27,36,32,35,40,30,37,9,35,40,40,41,38,15,37,39,37,42,33,32,34,37
36,42,34,22,34,30,41,28,30,39,35,18,37,29,40,34,45,11,34,36,36,47,42,30,18,30,29,37,29,37,12,12,42,9,32,40,34,37,36,33,39,36,40,34,37,36,37,35,33,12,39,29,39,35,29,38,29,19,41,36,37,37,31,38,37,12,33,27,35,35,41,36,15,34,28,30,26,45,34,39,37,14,33,38,31,31,39,34,37,15,39,33,8,38,36,43,20,36,38,20,35,48,28,33,24,34,34,15,31,35,11,39,14,29,28,36,33,37,31,37,30,37,34,28,34,34,46,36,38,41,30,21,37,36,36,41,40,28,30,18,32,37,34,33,37,17,35,16,39,39,35,12,36,38,37,11,20,40,40,37,33,31,41,32,32,30,29,35,18,34,9,44,34,25,39,39,33,34,36,37,17,33,31,33,34,26,41,32,29,32,37,33,34,33,20,18,33,12,26,17,31,31,14,31,37,13,16,34,31,27,25,36,41,36,15,13,29,13,41,29,40,30,33,14,32,33,18,39,9,38,29,36,36,14,40,34,26,26,22,38,18,35,15,16,36,31,43,36,30,39,35,34,46,31,26,36,41,36,16,28,18,33,11,16,36,19,14,40,32,16,28,31,43,16,13,36,18,33,13,42,12,15,33,7,37,28,15,39,39,31,43,36,40,38,39,44,34,41,13,42,19,36,35,41,31,42,33,17,32,33,35,28,41,32,39,35,20,18,39,30,33,25,41,29,31,33,33,35,15,12,38,29,33,37,45,14,34,27,30,38,39,36,39,37,35,13,10,27,12,35,35,19,16,30,37,33,20,28,15,16,37,32,41,19,33,42,40,27,35,20,35,13,14,11,30,17,30,36,36,28,29,46,32,41,16,14,28,23,42,14,16,39,33,34,33,25,38,39,42,43,15,34,26,29,19,12,42,46,35,19,38,35,9,8,32,41,21,31,16,31,43,15,35,10,42,41,36,38,41,33,17,28,31,29,12,39,34,31,35,35,34,34,31,26,25,42,13,37,32,37,40,31,36,37,41,34,41,12,31,37,37,19,41,35,32,16,28,40,42,38,25,39,42,17,38,31,41,33,11,29,39,15,28,39,36,18,40,31,32,38,39,28,33,38,27,31,33,38,20,37,37,32,40,42,27,35,34,36,11,38,32,36,30,17,24,38,17,38,19,44,38,36,18,32,29,33,40,18,32,39,43,35,35,30,33,30,37,43,34,38,39,14,29,34,28,38,33,33,35,21,27,10,43,14,35,37,38,12,39,13,18,32,38,26,14,33,32,32,38,35,37,32,36,34,11,33,27,43,36,43,30,18,17,32,12,28,18,33,26,47,36,35,39,13,31,43,32,31,42,13,34,30,25,14,39,43,37,29,13,42,34,17,10,18,16,47,29,14,26,39,42,39,32,29,22,28,22,33,40,11,18,35,29,40,33,45,38,33,38,28,37,41,32,38,22,40,36,45,27,14,15,41,39,31,39,37,33,29,15,11,34,35,17,38,36,40,34,40,42,33,40,38,33,36,22,33,15,33,25,34,34,43,35,41,40,33,38,30,33,30,15,12,36,31,41,33,31,49,39,19,14,14,38,36,34,46,33,28,38,39,38,33,11,12,28,38,39,33,35,43,30,33,40,33,40,33,35,39,40,30,20,15,37,20,42,12,35,37,31,37,14,11,14,43,35,16,34,17,40,27,32,31,40,33,37,36,14,18,16,39,34,40,13,31,20,37,33,37,33,32,19,43,41,26,15,38,30,28,36,10,34,38,36,37,43,6,39,35,39,31,35,31,12,36,40,13,29,16,36,33,31,33,31,35,27,32,26,12,12,35,37,42,16,23,39,39,35,14,32,15,33,39,25,15,18,39,16,33,41,36,31,33,26,38,29,15,31,35,36,33,37,14,30,36,36,33,38,40,37,39,33,15,31,34,16,17,35,30,36,32,40,32,39,35,36,27,40,29,28,29,34,29,10,32,44,35,27,30,14,10,48,41,35,30,30,48,35,34,45,44,16,37,36,35,32,10,40,30,30,7,13,18,35,14,14,17,34,36,22,34,37,39,31,14,27,37,16,30,34,39,16,14,23,31,39,38,19,25,34,34,31,39,15,34,38,33,40,26,40,19,35,39,33,28,41,14,33,40,41,34,45,15,14,29,34,21,16,36,43,27,12,32,35,32,29,40,32,28,37,43,35,16,12,30,12,30,43,36,18,32,45,14,39,33,43,46,10,33,38,28,26,18,34,32,31,36,35,38,11,30
39,13,34,39,35,41,32,30,28,40,35,20,29,38,31,44,18,31,36,39,32,19,38,37,29,15,35,46,40,14,33,36,42,37,15,13,37,30,41,35,18,15,40,33,32,34,9,36,28,38,42,36,31,32,35,40,38,28,32,10,36,38,35,41,39,29,41,34,36,35,29,12,35,32,33,38,36,34,19,32,38,35,27,35,11,39,32,33,35,42,32,38,20,17,34,43,37,40,32,40,34,36,31,40,33,40,27,26,31,12,28,16,15,36,14,37,14,32,35,43,34,31,35,12,13,37,45,38,29,28,23,22,32,33,34,38,39,37,45,36,42,32,35,30,34,44,17,35,17,31,14,41,15,41,24,35,34,42,22,34,37,38,13,38,39,26,14,20,32,35,38,38,37,34,36,18,17,10,35,20,36,31,17,46,31,37,28,16,14,13,18,31,35,29,40,41,20,32,36,17,36,15,46,38,29,36,31,36,30,11,44,42,25,32,15,42,33,27,34,33,37,19,40,11,15,13,10,43,18,29,34,44,31,43,14,28,13,33,35,30,29,28,39,32,37,22,45,32,32,16,38,28,27,19,31,43,42,31,30,38,42,34,28,39,35,10,35,28,34,32,44,36,32,30,15,31,35,10,31,28,29,18,38,13,18,17,34,37,33,35,44,38,13,12,20,37,34,26,38,35,34,32,33,42,37,40,33,31,32,16,29,37,33,37,19,36,42,39,36,38,26,11,41,25,35,43,42,31,49,33,35,26,26,37,7,39,19,13,33,33,18,12,15,35,36,30,17,12,28,15,37,16,29,32,29,43,37,32,35,39,16,18,18,14,36,30,19,43,17,42,29,36,30,13,40,30,37,41,36,13,37,28,40,30,16,16,31,19,34,34,30,36,27,16,35,39,35,42,36,40,41,39,11,32,10,38,19,34,31,16,45,36,10,36,33,31,17,45,41,39,36,17,10,28,41,37,37,12,18,14,38,39,39,9,14,36,34,28,38,16,31,25,38,33,27,35,17,12,30,33,36,28,36,16,14,37,10,34,31,38,38,34,26,30,37,14,20,34,25,30,40,35,33,13,16,33,36,27,35,11,31,23,40,35,11,41,41,50,36,42,15,46,35,41,28,28,34,37,47,30,27,33,29,32,39,9,14,39,16,36,39,38,33,37,8,32,38,5,34,33,14,36,39,14,13,36,31,29,38,30,11,27,18,35,31,28,19,13,14,19,36,15,18,17,12,20,44,38,26,34,41,12,39,35,32,31,28,12,14,33,26,17,17,42,31,19,45,44,27,27,32,36,13,30,39,40,32,38,35,36,42,18,25,35,29,11,19,32,18,40,32,34,16,38,12,38,8,39,30,35,46,36,34,17,40,14,36,14,32,13,16,17,22,37,39,34,11,21,13,19,31,24,36,40,32,30,32,32,44,22,36,30,41,32,38,34,15,37,46,14,32,17,10,12,11,24,42,23,20,18,29,37,15,38,15,26,18,39,35,36,32,36,42,10,36,34,26,38,18,34,45,30,36,26,17,35,38,38,41,33,38,37,15,17,33,26,28,17,44,42,33,11,31,16,35,36,39,16,14,40,44,16,33,33,18,33,34,43,30,38,10,41,43,39,39,39,38,10,18,24,15,10,16,34,13,37,39,42,42,36,31,36,37,21,17,41,32,31,30,35,38,45,38,13,40,33,42,28,17,31,14,36,17,38,41,37,36,35,31,30,42,32,34,31,33,30,35,29,33,41,34,34,28,32,28,36,38,40,34,17,35,41,8,29,13,36,31,19,22,46,18,41,35,20,33,18,31,10,37,37,32,28,37,39,31,40,12,32,16,38,32,36,31,20,25,35,30,28,42,32,40,14,16,29,12,33,23,41,31,28,32,34,12,42,34,26,18,34,36,33,43,36,45,41,36,32,16,29,39,17,36,27,39,42,44,34,36,26,34,19,22,40,31,33,28,28,32,40,17,36,31,38,39,35,33,35,41,22,30,44,10,16,37,29,37,32,37,33,15,42,37,31,32,34,33,20,31,15,18,33,14,28,37,32,38,39,12,14,10,11,13,13,32,38,34,19,23,37,38,15,30,34,16,37,13,40,19,38,31,29,23,22,33,33,31,33,33,40,16,37,32,31,21,27,42,44,11,31,36,38,11,17,35,36,15,33,35,33,31,36,41,36,31,37,45,41,27,35,17,35,33,22,35,31,15,19,31,10,41,39,26,14,30,37,32,38,35,37,42,25,34,44,38,25,32,47,33,40,8,42
38,39,33,35,41,31,38,41,19,36,19,38,32,31,13,18,31,16,20,29,26,27,28,35,35,16,34,12,44,45,33,36,14,15,29,15,20,40,12,34,36,17,30,38,21,35,12,33,27,37,11,43,37,16,36,34,43,15,35,39,35,11,16,30,15,30,42,37,37,11,33,15,35,12,34,37,15,26,33,40,31,37,35,38,18,29,31,19,17,30,15,37,42,18,37,39,31,32,36,15,23,24,37,13,32,18,8,37,37,22,29,43,12,17,39,38,31,40,35,36,36,31,36,35,43,11,36,14,39,19,38,41,41,39,27,30,33,35,39,32,36,31,18,31,38,18,39,32,40,31,27,44,18,30,33,33,34,13,31,44,37,35,42,31,34,39,36,15,33,37,18,29,34,16,15,25,38,13,36,39,27,36,13,32,40,34,29,25,43,31,31,15,9,12,35,32,41,34,31,47,33,40,37,21,35,9,33,38,35,32,34,41,18,16,35,36,34,33,39,40,38,31,16,17,13,41,11,36,34,15,37,37,35,30,17,42,35,36,35,39,14,41,38,30,42,14,18,29,34,33,32,29,37,35,38,29,37,30,11,30,12,11,36,39,50,35,31,26,30,35,25,39,39,38,39,39,41,19,35,39,37,36,29,36,12,24,15,13,11,31,30,16,39,35,34,37,32,21,28,23,32,45,33,14,24,28,40,15,30,35,40,12,47,35,28,29,35,14,33,48,27,31,28,31,16,19,15,21,34,34,14,29,16,41,34,38,36,32,17,24,41,36,31,35,14,26,36,38,36,26,33,41,17,13,33,32,38,32,33,33,31,38,27,32,27,37,44,32,34,38,31,41,32,46,31,16,31,39,26,36,40,39,18,14,43,10,18,31,36,36,13,31,38,31,30,27,38,14,15,15,10,42,36,11,37,16,29,14,24,37,38,29,40,33,14,36,36,30,32,35,39,32,43,31,29,36,36,46,38,17,45,30,37,15,35,33,35,34,28,34,32,40,27,42,20,12,16,38,29,28,36,15,43,36,37,39,38,36,29,47,36,30,38,27,42,41,34,40,46,21,43,18,31,43,32,9,37,12,13,34,43,38,39,16,35,30,36,30,34,17,21,33,48,39,13,35,31,17,15,15,9,34,13,31,32,29,20,35,35,34,19,36,31,36,20,15,29,28,31,11,19,31,42,14,31,17,48,45,13,15,33,29,14,31,33,39,31,23,38,27,36,19,10,31,38,27,35,13,36,34,31,39,8,16,37,29,34,31,30,37,33,37,33,28,35,43,14,38,32,20,35,39,34,34,35,16,37,23,33,17,33,35,34,35,31,33,47,31,33,27,35,28,35,27,17,32,41,35,19,33,36,39,42,29,37,32,7,27,13,13,35,13,28,15,33,38,32,25,15,35,25,12,17,36,38,17,36,31,12,45,36,14,39,39,36,42,17,28,27,31,39,37,27,31,39,32,47,21,36,11,12,12,41,30,36,43,14,41,31,28,25,42,39,34,29,30,35,32,13,33,35,37,19,18,33,30,12,41,28,31,36,46,17,36,8,34,10,34,38,27,33,30,26,35,40,39,37,31,13,41,37,32,36,31,39,32,39,7,43,29,26,33,39,36,30,42,40,32,39,10,27,10,36,9,16,40,36,34,29,34,32,30,29,31,32,13,33,38,14,31,13,36,34,10,38,33,35,32,34,9,36,10,18,29,38,33,32,18,35,30,33,35,34,35,11,11,39,33,37,31,32,38,37,40,33,33,32,15,36,13,34,32,27,17,14,39,9,33,30,35,14,38,32,26,47,29,18,40,38,14,36,33,9,6,28,29,4,13,43,30,31,38,23,38,39,10,32,40,20,34,33,18,17,40,40,36,34,14,38,33,38,42,25,37,31,46,31,33,46,35,30,40,39,44,34,11,37,44,38,15,23,34,33,28,40,40,40,19,21,34,28,30,33,17,29,13,38,18,41,33,12,10,34,15,13,36,41,39,38,39,34,37,33,19,36,30,43,40,38,36,24,37,30,39,13,37,38,41,43,35,32,35,38,31,27,13,42,27,31,8,14,12,37,31,30,13,29,31,18,15,29,15,35,15,31,29,29,13,22,35,29,33,33,41,38,31,34,38,36,31,39,35,18,30,36,38,17,35,18,29,38,31,31,20,38,30,36,30,39,17,17,25,8,31,19,37,36,31,41,26,36,32,31,16,13,20,16,37,40,41,38,41,34,40,32,35,18,18,38,31,38,47,38,31,34,44,37,36,24,37
14,36,16,42,43,40,14,22,38,38,33,29,17,41,40,33,31,43,44,29,30,13,37,39,43,9,29,36,41,34,37,16,34,40,38,20,38,11,38,49,31,43,30,31,28,11,43,27,25,31,30,33,41,42,28,35,40,36,18,38,28,37,11,37,16,36,36,32,34,38,34,39,39,32,43,18,21,16,15,35,35,10,40,14,34,35,17,10,31,11,18,38,36,11,17,29,39,35,41,28,32,30,35,48,14,41,36,40,15,40,31,31,42,34,36,25,33,38,46,36,28,20,36,29,30,33,18,28,14,28,13,38,32,37,32,26,13,36,10,35,20,6,23,35,20,36,17,28,15,38,36,33,31,39,30,35,13,12,31,37,46,31,18,38,44,42,33,29,28,13,14,15,38,20,13,29,34,32,21,32,38,13,36,33,29,33,13,13,39,39,27,33,30,37,30,7,34,17,20,36,14,36,35,38,30,25,36,37,14,36,29,39,25,11,28,40,13,39,32,46,34,21,32,18,13,29,32,34,31,35,39,30,41,30,10,41,37,32,37,28,41,29,33,17,38,14,21,31,12,26,36,35,32,39,15,36,35,37,35,22,35,29,32,10,39,36,45,29,27,38,32,33,31,29,17,34,25,38,29,28,33,38,18,31,41,17,38,15,40,33,40,33,42,39,31,34,11,35,37,15,35,30,18,37,34,34,33,43,44,36,29,41,34,40,7,35,18,33,41,10,29,30,29,31,11,27,32,14,32,34,42,39,14,42,36,14,39,26,31,32,32,15,13,44,36,32,35,9,17,17,37,42,27,44,39,35,15,44,27,36,15,46,13,13,31,33,41,38,30,36,28,31,14,14,33,20,27,38,33,13,12,40,19,19,41,12,38,20,38,11,39,40,15,38,41,36,38,34,33,40,30,40,33,15,31,40,41,17,40,33,42,32,38,38,37,35,35,30,16,32,37,36,34,39,40,29,33,28,36,18,28,15,39,36,35,39,15,34,16,29,20,34,7,13,31,21,11,39,35,35,38,43,35,37,33,34,37,38,38,35,31,32,37,37,39,11,34,30,13,38,43,34,36,20,34,40,33,36,34,37,35,26,13,32,16,29,36,16,36,32,29,33,34,34,34,12,34,35,41,36,20,11,40,36,37,31,25,28,29,36,37,34,31,34,37,17,37,32,42,39,22,39,14,31,10,14,30,31,33,32,34,37,14,12,22,12,29,35,33,26,31,37,35,34,24,38,32,37,39,16,18,8,35,34,18,15,29,42,13,32,16,13,40,38,37,35,29,18,33,14,11,31,47,36,27,43,34,37,35,32,40,38,41,12,30,34,13,41,39,36,43,46,36,37,19,10,16,46,19,11,35,33,36,31,40,37,27,36,10,40,32,33,36,32,34,18,23,24,11,10,13,30,12,34,37,42,38,36,38,27,30,33,10,38,36,37,36,30,36,40,29,30,29,14,37,39,36,35,33,6,34,16,36,22,32,33,35,42,40,9,38,27,41,36,18,14,40,36,36,44,14,38,13,41,38,36,35,31,33,35,15,42,36,39,10,33,32,37,11,31,13,31,33,33,14,35,40,23,35,33,28,42,37,30,15,43,40,15,34,31,33,39,27,35,32,15,34,29,13,42,34,34,36,29,41,32,31,43,32,40,26,36,11,38,31,32,36,13,11,33,33,18,37,37,31,35,29,16,26,30,40,17,15,36,37,30,27,11,34,30,20,37,34,12,17,41,9,39,16,15,43,11,31,35,16,35,31,34,33,29,19,36,30,45,31,37,13,31,11,22,38,35,41,37,40,39,35,28,27,29,39,17,33,21,38,28,33,34,17,24,13,11,38,35,23,10,14,41,38,34,20,31,30,35,32,41,34,35,32,33,34,36,30,31,42,15,14,29,20,39,21,35,34,31,35,36,37,45,36,33,35,13,31,36,38,43,36,20,29,14,42,31,18,13,12,46,20,36,31,37,19,14,33,30,23,31,30,36,29,34,41,36,19,36,30,35,20,16,18,29,36,33,35,35,33,43,17,35,29,33,44,34,34,13,13,35,31,48,34,15,32,31,35,37,35,16,10,37,23,28,33,46,12,29,33,16,34,40,18,34,18,15,11,47,12,9,15,40,21,39,12,34,33,33,17,35,11,42,27,35,36,31,44,34,42,29,39,29,38,24,39,13,37,37,35,24,13,35,38,47,34,37,28,36,41,34,42,30,39,32,10,35,18,41,10,15,37,38,13,30,36,11,33,32,42,34,42,24,30,32
35,16,29,29,13,29,40,32,28,33,34,39,38,42,33,36,29,33,37,33,37,30,36,34,39,20,34,41,10,33,40,38,38,39,32,12,15,44,11,33,29,18,29,28,36,8,34,35,9,18,41,14,39,39,33,29,33,28,32,38,16,41,28,26,11,21,25,34,43,31,10,39,32,13,38,38,35,29,17,38,35,18,15,38,38,39,24,39,33,35,37,40,37,23,12,33,28,45,31,31,29,14,35,41,32,19,47,41,36,46,26,15,20,14,20,34,37,27,19,9,19,12,46,40,43,7,35,16,15,11,40,37,31,43,26,18,32,33,12,40,38,12,17,12,39,36,31,40,32,31,12,44,40,31,31,36,29,34,35,32,21,21,16,33,13,38,12,34,34,46,14,12,34,31,18,33,33,16,18,9,43,33,28,40,31,40,33,31,12,38,32,39,31,15,33,37,18,11,13,37,32,13,13,26,24,39,40,12,37,16,33,32,15,11,33,41,35,28,35,37,32,34,18,36,10,38,37,41,40,17,39,27,35,38,31,36,27,38,41,35,37,11,37,12,38,30,40,33,36,38,32,34,33,33,28,29,21,33,31,39,35,34,30,17,37,24,10,36,34,32,17,31,39,32,12,39,22,28,36,37,17,36,13,27,22,31,36,30,29,38,40,32,32,39,37,30,32,35,33,33,35,40,19,42,37,31,33,28,21,33,15,19,30,33,15,39,31,41,15,29,7,34,36,38,37,40,38,33,14,19,12,17,30,43,14,35,43,40,22,34,38,25,40,44,37,44,32,36,13,31,35,40,37,26,28,27,34,18,33,13,36,31,41,38,11,37,11,39,38,10,14,38,20,13,46,36,18,37,35,31,34,29,41,31,17,35,29,37,6,45,31,14,41,18,34,12,16,31,14,27,15,12,13,35,39,35,35,27,42,35,22,13,38,44,16,39,33,12,27,28,42,33,40,32,38,35,39,10,34,37,9,36,16,41,13,14,43,39,33,43,31,34,37,14,33,35,36,27,25,16,11,33,29,30,24,15,43,35,15,11,34,40,17,34,36,37,40,20,27,17,8,34,36,38,38,29,32,31,37,28,17,32,31,35,13,35,25,38,34,30,40,28,38,47,35,32,15,35,30,36,32,25,37,39,35,32,33,9,27,30,18,18,31,27,12,27,29,35,37,34,41,32,29,35,31,37,43,34,39,28,40,9,32,43,33,35,13,42,15,36,12,33,44,11,26,15,26,37,31,31,30,37,34,40,29,35,41,33,36,32,37,35,37,26,38,10,36,12,9,14,20,11,31,17,37,37,33,32,27,14,14,10,33,38,43,16,16,33,48,29,15,46,31,33,33,31,15,38,40,10,28,43,37,29,32,33,38,38,33,33,37,12,40,10,27,33,14,35,37,42,35,17,40,14,22,12,33,33,17,31,40,26,35,40,38,32,31,26,37,36,31,34,37,37,28,27,32,31,37,17,42,41,41,10,17,18,14,42,15,38,20,40,13,14,40,39,41,37,36,44,13,34,40,20,30,29,12,13,42,32,33,11,31,14,35,13,34,25,35,26,17,12,32,38,45,29,33,32,40,26,30,34,35,34,39,41,39,30,39,30,35,41,30,34,17,38,34,39,35,12,24,38,36,43,26,16,32,15,34,14,21,39,13,38,38,39,13,12,34,43,36,41,24,11,28,10,18,34,8,37,36,30,40,27,14,11,41,32,12,32,40,35,43,33,15,39,36,39,32,38,33,35,40,35,30,37,31,20,33,43,28,13,14,37,16,31,16,9,30,33,41,33,37,51,37,33,34,35,34,40,39,39,14,17,16,33,18,18,9,30,16,45,16,37,37,26,44,42,39,36,14,31,18,37,28,35,40,38,40,34,12,35,16,40,39,35,31,37,32,39,32,39,21,37,36,40,39,44,9,30,21,41,37,36,16,16,14,14,42,15,39,32,42,17,33,30,44,37,34,39,34,10,34,27,33,32,32,41,15,17,33,22,33,37,30,34,26,30,32,29,38,41,34,15,38,40,40,48,34,39,28,16,41,17,16,27,15,37,17,16,41,17,15,18,34,39,36,20,38,27,40,38,35,39,41,30,29,30,27,39,34,33,15,36,40,15,43,43,36,13,41,39,29,37,34,38,38,13,32,39,29,30,29,25,35,36,39,40,27,33,36,35,33,34,20,17,35,15,34,32,43,40,39,29,39,37,29,37,30,27,35,29,35,30,30,30,9,34,40,28,18,36,39,34,34,26,31,30,17,37
17,7,45,41,32,37,33,41,15,42,34,36,42,14,45,34,34,37,33,35,18,36,12,17,36,30,14,38,17,32,12,32,33,22,29,30,36,37,34,14,20,15,36,38,13,40,43,37,15,37,38,14,33,44,33,35,35,34,21,31,39,30,42,12,14,15,33,37,40,36,33,37,39,12,39,36,20,12,26,29,17,45,18,34,31,33,43,39,37,15,35,37,12,9,17,31,9,32,41,36,45,35,31,35,36,34,33,36,17,30,36,17,30,26,28,15,14,17,29,38,31,41,42,34,28,17,12,37,38,28,32,18,21,6,25,14,11,15,37,33,31,30,29,45,17,13,41,15,40,39,38,32,32,18,35,31,29,31,30,32,35,8,13,37,20,19,34,18,14,35,13,38,12,34,21,31,24,38,27,8,16,14,35,9,37,37,32,36,37,16,33,36,37,14,36,32,40,38,40,36,12,15,36,14,33,39,39,36,35,35,25,13,19,31,34,38,36,36,38,31,16,35,42,36,34,34,27,32,17,31,38,30,37,39,14,20,37,49,21,33,29,32,37,15,25,31,19,43,35,38,13,30,35,38,39,34,32,35,37,34,39,36,44,49,35,29,31,35,32,35,39,35,40,30,39,35,28,42,18,44,15,35,27,14,19,24,33,40,37,32,37,32,15,37,34,37,40,16,16,15,38,38,26,40,17,34,31,29,39,44,31,35,22,42,28,36,42,15,39,30,38,25,30,34,44,34,43,35,47,36,23,18,27,30,35,42,18,37,28,40,37,39,11,40,39,16,33,13,34,26,30,28,35,30,13,16,10,13,37,32,30,36,38,44,18,15,15,44,34,29,17,36,7,8,31,38,34,36,37,38,12,26,32,40,33,31,20,45,17,31,16,13,40,41,32,33,32,34,17,16,12,47,33,18,36,32,32,37,12,41,45,36,13,34,15,32,36,38,32,39,35,33,41,41,39,40,32,39,21,40,34,34,34,40,16,32,29,35,35,32,39,33,29,44,41,31,29,29,37,40,13,29,35,37,39,39,37,35,34,27,47,44,16,27,35,34,32,37,35,26,31,38,32,38,11,37,38,32,26,41,41,33,30,45,38,37,32,35,31,11,43,34,34,30,28,34,31,36,42,37,26,38,32,41,38,11,35,24,12,28,35,46,30,30,32,34,15,43,45,31,31,43,46,16,28,36,33,15,17,37,35,37,36,42,13,33,32,43,33,39,39,40,11,35,42,34,31,38,11,31,32,15,37,23,39,12,14,12,33,16,36,33,30,49,37,38,18,41,41,37,18,32,18,32,18,30,16,37,36,38,35,28,40,34,36,36,12,18,35,21,32,42,42,41,37,27,39,32,34,10,32,34,13,41,33,35,37,36,32,13,39,35,38,40,33,32,13,34,37,22,11,11,13,15,17,44,43,40,33,37,33,39,34,36,25,16,40,14,35,14,12,39,33,32,31,39,31,13,35,16,11,36,36,30,38,38,14,28,30,40,17,37,31,32,40,14,14,36,29,33,33,40,40,18,36,18,35,22,36,44,35,10,17,43,28,14,36,11,27,15,28,8,34,32,32,27,34,12,37,16,32,39,34,36,26,31,25,41,34,19,31,23,24,39,34,41,15,40,13,40,39,40,30,37,36,18,40,31,16,36,38,36,37,30,31,33,32,42,28,32,37,36,33,40,28,38,40,14,47,33,18,39,38,33,39,19,38,38,34,37,12,42,40,35,16,33,32,38,11,31,30,16,32,16,31,33,38,34,19,34,39,39,37,38,17,16,40,30,39,35,35,37,15,37,36,29,40,25,34,36,15,15,36,34,23,17,34,31,36,42,40,32,35,34,36,28,39,43,32,31,33,10,41,34,31,36,13,34,11,36,40,4,32,44,34,35,37,37,36,37,32,39,34,29,42,36,30,18,34,39,36,43,45,31,38,41,30,21,18,15,39,39,44,12,35,36,11,34,19,12,44,7,32,20,30,40,17,30,33,31,13,15,34,14,18,13,38,15,21,30,32,34,34,40,35,15,11,44,41,32,33,36,36,20,18,34,37,18,35,31,34,16,34,23,39,34,35,37,13,44,26,15,33,40,15,40,35,36,35,35,37,36,38,12,49,45,35,34,30,39,37,27,34,7,39,13,11,16,32,9,35,11,11,38,13,14,13,13,36,45,25,29,36,40,15,33,16,15,38,39,35,20,35,30,16,43,16,38,38,39,36,29,42,36,32,43,31,34,24,40,36,17,37,40,37,34,17,33,12,38
41,25,28,14,36,39,43,30,32,41,42,34,13,41,35,28,36,19,34,34,12,30,12,12,17,28,34,30,39,35,12,31,39,36,18,32,32,41,15,41,41,11,11,19,37,11,30,45,37,26,15,18,14,39,12,27,37,48,32,31,31,39,29,43,11,38,38,37,41,29,17,28,46,33,45,15,30,35,35,11,41,39,15,16,49,43,29,39,30,36,39,46,14,37,36,15,34,36,40,26,22,32,37,39,29,29,14,15,40,30,39,24,32,35,41,38,34,37,14,34,40,40,16,36,28,33,35,13,36,35,35,16,13,27,29,19,37,38,20,40,31,31,36,39,35,33,35,43,10,17,39,18,14,17,38,33,37,31,40,39,19,32,19,15,39,29,26,40,15,46,33,27,18,47,36,42,28,33,17,43,17,15,33,15,20,18,40,37,32,29,35,29,27,39,40,18,37,47,34,34,37,18,29,33,31,39,38,45,33,35,33,18,35,28,36,33,18,35,36,42,29,16,12,40,31,22,35,39,34,32,31,34,32,15,37,34,27,13,31,31,14,40,32,18,43,32,34,28,35,35,24,36,29,21,36,21,40,38,35,15,23,38,36,42,32,18,24,15,42,16,41,19,45,11,43,44,30,33,34,33,35,35,33,33,38,23,37,37,34,28,31,31,20,17,31,36,37,28,28,29,36,16,40,36,21,47,46,40,30,32,36,21,18,34,30,33,35,35,41,32,51,30,34,36,24,41,45,15,30,35,42,30,29,39,34,31,33,34,34,46,10,40,38,41,30,13,37,34,29,42,36,14,35,35,15,18,31,34,13,33,32,39,35,31,15,18,33,42,27,40,30,29,29,34,38,29,33,14,15,34,35,29,38,41,18,16,11,19,13,35,8,35,9,37,36,38,36,38,33,33,34,10,41,30,12,34,26,14,30,43,35,17,11,28,32,42,27,29,11,37,35,17,35,38,30,40,40,41,42,14,12,26,13,36,35,9,15,17,16,32,30,32,35,37,22,12,40,38,16,31,29,36,32,39,26,41,36,13,11,39,41,28,40,40,41,15,28,35,38,9,37,19,42,33,16,40,38,14,34,34,31,39,46,16,41,45,33,36,32,36,34,32,44,28,42,38,32,27,38,36,13,38,39,34,35,34,42,32,43,35,14,19,16,22,39,29,34,13,34,35,42,12,38,34,34,19,32,33,41,28,16,36,40,41,44,35,29,12,30,34,35,38,29,35,42,34,15,34,15,17,35,34,40,31,28,39,12,14,36,37,30,31,38,16,41,12,40,29,21,35,36,30,31,38,36,38,31,37,36,34,32,44,27,35,41,17,38,35,33,36,41,14,13,22,31,36,43,39,38,23,35,35,41,33,43,33,39,34,30,29,39,42,12,35,40,32,31,15,40,41,43,38,12,41,15,11,11,33,34,28,44,39,21,36,15,38,40,38,28,41,29,12,37,30,25,39,13,38,26,20,18,35,38,36,21,17,44,34,31,42,40,38,10,33,30,13,14,29,42,36,41,12,12,35,37,36,29,36,36,29,30,34,34,36,33,35,12,35,29,12,38,34,39,42,39,34,15,21,32,36,29,39,33,42,27,15,27,9,15,30,10,32,36,20,34,16,13,17,32,34,30,36,34,31,15,39,30,31,37,30,29,12,20,18,40,31,39,9,15,42,37,22,32,38,39,21,28,33,11,34,29,33,31,16,39,38,29,35,35,41,15,41,34,36,26,35,25,35,12,25,31,19,40,27,36,31,10,32,39,13,50,34,38,34,41,36,18,39,33,36,21,37,13,36,40,26,32,32,35,36,37,34,40,31,37,40,13,36,17,18,15,17,42,37,33,13,37,16,38,40,10,34,36,14,22,36,35,36,18,39,31,33,37,44,41,44,32,30,37,15,39,34,19,36,15,25,36,34,38,14,33,12,39,34,11,8,33,40,35,16,40,31,17,17,19,14,10,37,36,18,32,30,20,17,13,13,35,29,28,33,39,40,18,43,32,14,34,30,32,40,25,41,13,45,41,39,10,38,30,34,33,15,37,27,40,17,28,32,15,32,18,47,12,39,31,36,18,28,36,33,26,41,13,38,16,12,18,35,41,26,13,34,40,39,38,8,42,13,37,27,7,22,37,30,40,37,35,31,28,40,38,37,34,33,39,16,43,39,28,35,32,39,13,21,11,30,35,33,29,35,16,41,8,35,33,35,41,32,36,17,27,33,29,35,22,37,36,29,18,17,31,39,40,13,37,40,46,41,36,35
32,40,39,40,30,38,30,35,38,37,38,37,42,29,29,19,32,40,36,42,34,31,38,35,37,32,41,33,42,28,19,39,37,31,31,36,18,30,35,28,14,30,20,12,37,20,35,16,13,38,18,34,15,36,32,36,31,36,14,42,42,37,13,19,35,13,42,39,9,33,29,38,9,14,37,18,25,35,29,29,45,29,17,45,19,37,23,18,27,37,11,33,30,41,14,33,34,10,11,33,16,38,19,38,28,43,14,30,39,34,37,18,12,20,35,31,40,9,36,35,34,19,19,39,14,11,34,26,18,15,36,34,33,35,39,37,29,39,42,17,37,36,37,19,37,31,36,18,27,15,28,39,15,13,42,45,39,32,21,37,14,42,19,30,14,9,36,36,40,37,33,16,39,23,14,33,40,28,30,28,16,32,42,35,13,13,22,34,38,28,30,31,39,38,15,32,20,35,14,36,29,30,40,32,34,14,32,35,37,35,42,22,25,44,11,36,41,15,12,18,11,30,31,38,37,35,43,46,8,42,38,38,15,38,40,19,30,16,36,48,20,43,38,37,38,35,16,25,33,30,24,32,33,27,40,34,38,40,38,22,19,30,41,30,40,40,38,41,27,41,32,35,10,39,32,30,35,39,32,34,21,33,35,32,39,32,42,18,36,37,29,29,28,28,11,37,37,47,35,39,40,13,32,33,14,36,38,31,34,12,41,33,10,51,35,18,36,12,10,30,27,36,27,36,19,33,34,35,35,11,23,41,13,39,35,30,24,18,45,30,15,15,44,30,39,32,32,27,33,18,31,22,34,35,39,16,34,41,33,27,21,18,38,32,16,44,37,38,40,43,32,28,33,36,36,10,14,15,25,31,34,16,39,7,42,37,13,16,34,18,16,15,32,33,46,12,33,24,39,36,36,37,39,24,37,37,22,43,38,35,40,34,33,27,39,46,37,30,35,36,35,21,33,12,14,39,6,38,34,15,33,32,33,28,34,25,33,38,36,39,19,29,35,12,28,31,22,41,13,36,41,40,38,36,36,13,34,39,35,37,38,13,27,36,23,37,35,33,31,20,30,16,33,18,31,37,19,11,36,16,29,34,12,39,31,36,16,42,40,14,33,39,31,23,32,32,38,37,15,37,39,13,40,40,37,37,33,35,36,19,33,20,18,29,33,17,40,30,29,38,35,14,29,38,17,38,37,36,8,17,42,29,25,18,32,39,32,33,37,35,37,38,12,13,39,42,43,38,16,37,16,16,9,36,35,39,35,26,18,35,35,14,43,40,41,20,34,11,32,32,35,12,38,40,33,15,35,36,35,39,39,38,11,32,35,32,24,37,34,37,38,11,30,17,35,37,35,15,18,16,18,27,12,11,40,43,43,37,35,42,29,40,41,24,37,31,12,34,40,30,19,20,40,27,14,36,38,36,31,34,30,36,41,15,33,33,35,28,22,34,36,33,46,33,44,34,23,38,32,10,14,30,18,28,13,37,31,40,38,30,31,13,35,23,17,43,38,38,13,30,35,36,40,19,40,37,40,34,36,10,36,29,33,12,49,37,34,31,15,15,30,25,11,33,36,38,31,36,28,16,41,31,42,32,36,40,38,29,37,16,29,31,14,22,31,36,43,36,26,33,13,17,40,17,15,31,20,33,38,29,15,35,40,39,45,30,32,31,40,33,28,29,25,9,32,20,36,37,39,30,38,34,43,28,35,33,21,42,17,42,12,13,41,32,9,15,36,25,27,17,35,40,36,37,22,37,37,31,19,40,31,15,34,47,40,32,40,27,40,14,28,17,41,35,36,12,10,30,27,19,11,7,42,33,37,30,36,32,38,10,21,30,35,29,37,21,42,38,13,32,35,10,36,34,12,40,39,38,29,32,22,31,42,21,39,38,29,28,16,28,15,13,45,37,19,16,12,36,10,14,32,32,29,30,33,31,37,37,36,39,12,43,34,13,12,35,42,32,38,40,34,34,29,44,33,11,32,21,17,35,37,31,36,36,34,42,38,33,15,17,18,36,34,10,13,31,26,43,33,26,34,36,39,27,36,30,16,34,15,36,33,31,31,35,11,35,11,35,17,12,12,41,14,38,40,27,36,34,42,32,33,37,43,31,13,16,33,34,36,34,41,42,40,35,32,40,35,35,45,36,11,29,32,38,14,36,29,7,40,43,14,20,18,33,38,27,37,28,39,36,8,36,43,35,28,39,33,28,32,36,26,13,14,30,18,9,17,35,32,33,35,35,42,14,35,32,33,36,49,10
14,35,12,36,40,34,33,17,36,16,15,40,35,39,15,13,32,12,40,35,13,33,10,41,39,40,40,36,28,45,24,17,41,29,19,38,34,26,36,37,32,36,43,42,39,27,40,18,15,39,16,31,38,31,30,34,34,34,29,14,29,29,36,15,18,33,31,39,33,23,36,44,41,32,39,34,37,34,34,32,14,35,30,39,29,38,17,34,39,32,33,33,39,41,34,15,44,31,35,34,27,26,15,31,15,12,39,34,14,41,34,37,15,13,27,15,39,33,28,32,42,11,32,18,41,39,23,28,27,28,35,28,17,31,34,39,9,32,33,8,38,39,35,17,33,37,14,40,32,36,40,34,36,15,37,41,30,12,39,16,38,33,29,12,43,13,33,8,35,39,40,28,35,33,26,30,38,35,28,38,31,14,41,9,29,34,37,30,45,13,10,35,9,30,40,34,37,32,35,34,28,37,37,33,14,38,40,34,12,33,37,36,32,29,39,28,28,36,16,38,34,38,22,38,40,34,18,37,32,12,38,13,25,38,10,44,19,36,28,32,17,34,34,25,35,11,40,39,34,39,36,31,18,35,40,17,29,42,39,38,33,8,36,41,44,29,36,41,45,29,15,46,38,34,40,35,27,37,40,32,34,33,19,38,46,39,42,19,33,15,32,29,38,38,36,36,14,16,15,32,37,34,43,33,13,45,44,40,40,14,45,36,37,15,41,32,29,14,44,41,34,27,31,18,19,15,38,30,18,39,23,10,13,12,29,46,36,26,30,39,20,13,36,26,13,31,30,35,19,19,34,42,38,35,44,34,30,21,44,31,33,37,14,33,45,29,34,38,14,37,19,23,37,16,13,34,28,36,35,37,40,45,43,41,38,33,36,18,37,34,36,18,30,34,31,43,39,30,31,28,38,16,36,35,8,30,30,15,28,29,33,11,29,29,27,20,14,42,34,40,33,12,33,37,37,12,19,34,33,32,35,12,15,32,15,28,49,14,35,33,38,41,34,19,34,37,29,30,38,12,31,25,13,13,27,15,34,32,25,17,22,37,23,31,45,11,6,38,38,43,35,37,30,39,41,32,28,36,34,33,41,36,33,33,29,19,34,34,18,30,17,12,26,19,40,35,23,12,27,46,18,35,38,36,43,37,37,37,15,32,16,16,37,38,36,27,28,37,33,36,39,30,35,14,34,39,30,13,42,12,14,28,42,10,33,33,28,43,34,29,25,13,32,22,34,25,41,15,32,48,13,39,42,45,34,41,38,33,43,43,35,33,26,16,29,36,33,41,36,11,10,30,32,37,39,30,14,45,34,12,35,40,35,45,33,32,40,39,11,38,37,33,33,34,20,36,46,36,35,34,12,14,33,31,31,36,39,12,35,44,16,36,34,44,33,35,32,40,14,14,28,16,42,36,35,34,30,41,37,25,30,17,8,9,27,13,42,26,15,14,31,37,34,42,35,29,38,12,20,33,37,33,36,15,38,32,10,33,15,14,47,35,32,31,37,40,34,38,41,33,37,46,41,40,32,29,28,34,17,14,18,14,36,29,37,16,34,28,17,49,15,16,37,36,33,33,37,38,40,35,11,17,33,39,35,36,15,13,35,32,14,41,33,36,35,33,40,12,22,33,30,28,30,33,14,31,40,30,30,29,15,35,14,12,32,33,42,30,36,50,31,33,27,12,14,29,41,11,17,34,38,34,16,25,32,40,39,37,35,33,38,39,34,36,32,38,40,33,33,38,15,42,13,36,12,32,37,13,38,29,32,39,16,34,34,37,29,13,13,32,35,14,39,39,16,40,40,36,32,32,17,29,37,37,37,34,37,32,17,24,11,19,28,39,31,38,36,16,45,27,36,39,34,32,12,34,12,9,36,13,29,45,38,34,31,29,33,8,42,13,37,40,37,42,41,26,35,12,48,29,12,36,35,37,36,14,12,39,39,35,29,30,30,29,22,20,39,37,34,42,37,27,28,16,37,38,33,30,38,12,36,18,35,34,15,10,37,6,38,29,32,9,35,46,44,35,45,36,37,10,35,38,39,20,34,36,34,27,13,30,26,29,40,34,31,22,38,20,9,20,17,32,38,14,35,35,39,43,41,34,30,27,36,38,17,43,14,34,34,14,30,45,34,14,35,31,13,36,48,35,37,17,36,40,36,45,39,34,40,11,38,34,32,35,37,37,35,32,37,15,46,31,25,38,32,40,23,28,37,44,34,12,37,38,15,35,16,15,28,33,36,32,36,38,22,29,41,30,42,23
44,45,39,38,15,32,8,15,12,38,34,38,37,14,41,15,28,34,27,20,33,37,21,37,31,39,13,14,33,31,35,35,15,39,13,13,12,41,36,12,49,27,35,40,23,36,33,40,32,31,28,35,13,35,39,34,40,17,33,35,43,31,16,33,34,34,37,32,31,38,32,41,37,35,30,37,46,42,33,32,36,34,34,35,8,18,34,25,31,32,42,17,34,30,28,43,26,15,33,32,41,37,37,38,16,33,12,28,16,16,34,38,32,14,29,23,43,31,38,16,32,35,36,39,33,37,36,18,38,37,14,38,38,40,41,11,37,40,34,31,40,36,10,30,13,40,38,12,18,35,39,39,10,35,29,39,11,41,37,17,9,38,35,26,16,26,38,15,37,9,40,24,36,41,28,42,12,29,39,35,34,43,16,18,28,23,17,33,34,32,34,18,32,9,37,37,35,35,20,34,32,34,33,28,42,27,12,38,33,29,36,37,38,28,15,37,11,36,36,32,22,31,43,40,38,34,29,28,35,36,43,21,13,37,41,29,35,38,28,12,18,31,28,33,16,38,36,43,29,38,15,37,15,14,37,45,31,39,37,37,39,27,40,14,35,32,38,16,35,40,34,34,34,15,26,31,12,31,39,26,42,21,32,26,33,40,39,35,36,27,33,31,43,31,36,29,40,44,35,38,30,40,33,36,14,32,30,38,28,40,42,29,20,37,38,40,25,34,15,26,34,39,18,46,38,32,14,12,41,42,33,34,32,34,41,39,16,32,21,37,16,34,13,21,39,39,41,31,35,37,41,34,42,11,44,32,13,17,23,32,42,41,38,12,16,19,38,19,13,12,36,28,37,35,45,17,40,15,14,39,38,34,39,43,32,33,28,40,39,33,13,12,38,18,16,35,45,42,42,30,35,18,16,21,38,18,32,29,40,5,15,34,41,30,39,46,35,16,29,31,14,42,36,30,12,34,38,20,19,14,39,22,18,15,40,38,41,39,32,37,30,25,24,38,36,34,38,30,33,15,34,33,36,38,14,34,13,41,15,35,30,40,15,47,39,14,32,10,36,32,34,35,19,33,38,29,33,41,45,32,10,33,10,28,15,27,35,31,37,34,34,35,10,37,10,45,36,30,9,43,31,30,12,37,17,33,18,16,30,37,31,43,27,36,35,44,13,29,36,32,27,38,27,36,41,37,35,31,42,34,30,9,32,41,34,12,11,37,43,40,31,31,13,12,34,38,34,35,19,17,29,20,35,23,34,43,36,25,18,33,21,35,27,33,40,38,31,12,43,32,34,38,12,30,37,39,22,30,36,28,31,29,29,28,32,17,35,27,32,17,30,37,32,32,35,34,42,37,36,33,22,16,13,36,12,34,34,36,47,37,18,47,39,30,37,40,17,14,41,30,33,33,27,35,43,30,33,34,19,34,18,34,39,34,33,20,41,33,10,32,32,43,38,40,36,31,24,24,45,41,32,46,29,30,38,34,26,35,13,11,15,31,36,18,33,31,31,35,33,41,31,35,29,41,34,29,14,33,24,31,17,41,36,35,31,27,17,17,35,37,33,11,16,39,13,35,34,32,10,11,43,37,16,35,13,25,33,36,25,37,37,39,14,16,12,16,32,33,30,34,9,31,29,26,34,15,26,34,42,37,32,37,37,13,33,19,36,38,43,9,41,36,32,16,12,17,10,13,27,41,42,39,15,36,15,11,32,43,34,30,30,30,15,39,33,16,13,41,40,11,46,32,30,29,13,43,27,40,32,15,19,33,40,16,31,39,14,37,22,37,43,35,21,37,14,23,27,30,24,28,37,17,32,31,14,37,33,37,18,9,15,10,34,12,16,35,13,34,42,30,41,31,32,35,27,41,28,19,40,12,15,35,34,32,13,32,37,13,34,33,35,20,31,36,35,46,34,32,31,39,30,34,40,42,38,44,38,40,43,37,30,33,35,32,38,37,31,12,29,38,38,40,31,36,34,13,30,38,37,40,27,33,34,31,31,37,10,34,37,17,14,19,32,33,32,20,27,34,34,43,32,13,37,36,31,34,13,38,37,11,33,37,39,34,13,36,42,16,13,23,29,40,30,31,27,38,32,37,33,12,40,39,32,43,37,37,34,35,39,38,22,17,11,15,42,13,35,27,32,34,11,16,20,16,34,13,28,46,39,39,36,32,29,32,34,34,29,36,26,31,35,31,35,32,40,18,18,38,33,40,35,13,24,37,38,35,12,43,34,35,32,15,32,17,41,43,9,42,16,43
42,34,34,41,33,37,18,30,40,39,11,21,30,35,33,33,17,35,17,33,20,36,36,11,36,16,33,40,31,41,39,36,29,49,33,29,16,7,43,38,37,16,36,30,12,42,28,35,37,9,26,33,16,36,13,38,43,28,41,37,20,14,38,35,35,36,36,34,33,18,17,40,31,32,38,38,25,14,35,40,32,32,16,9,16,40,42,33,26,37,38,39,36,30,36,32,41,35,30,20,38,31,12,28,21,38,32,35,33,34,35,11,32,14,42,11,36,35,43,29,44,22,36,18,42,31,38,38,14,17,29,19,17,40,14,30,9,37,41,40,35,34,31,37,43,32,32,29,32,37,36,40,33,33,39,35,31,33,43,42,31,36,32,41,33,33,32,31,12,32,34,26,35,32,35,37,28,36,38,16,32,34,40,13,13,28,30,31,38,21,38,12,11,36,36,40,31,30,30,19,25,32,17,38,14,31,13,15,33,40,16,9,42,14,30,41,14,38,34,45,38,35,29,33,35,46,35,36,32,40,26,36,38,38,16,18,33,33,33,29,35,34,45,42,27,31,37,10,19,13,38,33,39,16,34,32,33,35,39,35,38,40,38,32,35,24,12,15,35,20,33,36,12,34,33,28,34,36,24,37,37,19,31,35,38,12,32,17,39,15,41,39,35,37,19,18,31,42,36,32,11,39,35,42,35,38,33,19,41,20,44,35,27,31,32,42,15,36,29,31,35,16,41,33,35,13,38,40,17,30,42,17,39,19,37,36,31,34,9,14,37,18,16,24,43,8,17,40,15,19,17,27,15,36,39,18,15,45,33,34,35,41,34,29,17,35,15,33,36,37,11,29,27,29,43,15,38,35,21,36,38,29,24,29,37,32,31,37,36,23,33,18,37,15,14,17,30,32,34,43,38,32,13,33,11,34,45,12,19,19,36,33,33,44,34,29,42,36,20,23,39,34,37,35,37,39,27,33,31,12,34,22,37,18,12,35,8,35,29,32,34,35,40,10,15,16,38,30,42,36,18,44,36,38,42,14,45,37,44,14,31,13,10,42,21,37,28,29,20,44,30,39,16,15,44,15,29,31,37,26,43,40,33,41,12,34,13,15,35,40,35,18,8,30,34,32,34,19,30,12,39,30,37,16,18,34,33,41,34,9,37,18,29,35,10,40,42,42,39,18,32,14,20,34,10,39,34,18,31,41,30,33,29,33,34,11,37,22,44,41,13,12,27,38,26,15,30,41,15,30,36,13,18,14,17,35,10,14,12,36,10,18,18,33,29,42,38,41,37,29,11,32,37,36,36,33,28,36,34,43,36,37,32,42,29,36,17,33,15,28,41,32,12,40,34,33,27,31,38,15,14,15,35,29,29,31,33,31,29,30,35,34,13,30,29,36,31,37,30,40,29,40,17,33,32,29,35,38,13,37,16,35,33,34,15,28,17,35,32,37,41,41,39,39,37,39,38,36,37,35,37,33,38,14,34,16,36,15,19,33,34,12,40,20,13,39,16,12,15,31,32,19,35,19,15,33,40,18,34,14,34,19,33,28,38,38,23,42,19,13,30,32,38,12,44,40,34,29,42,32,22,39,12,33,35,41,36,17,34,15,25,34,34,34,30,41,43,39,18,36,18,17,31,37,41,33,37,33,15,35,27,39,17,32,33,39,37,17,35,29,20,34,19,35,41,39,35,36,38,31,37,39,47,35,31,41,32,14,25,41,38,42,16,34,17,38,39,30,14,42,31,30,42,28,12,31,19,11,42,27,37,32,30,17,32,35,36,36,28,8,26,34,29,31,19,30,47,15,38,13,39,33,32,13,31,30,38,13,16,31,39,29,34,17,13,37,21,44,25,10,36,33,14,34,45,37,19,43,12,41,34,42,38,29,13,32,20,30,36,41,31,33,33,37,26,41,15,38,35,39,14,28,37,36,37,16,39,34,41,40,46,26,19,33,41,17,30,43,30,12,24,21,31,32,36,35,35,35,31,28,32,28,25,38,31,19,44,29,37,40,40,36,35,10,42,31,15,10,15,28,9,42,20,34,35,30,37,42,36,15,39,9,41,32,21,29,33,40,31,30,15,35,19,33,13,34,15,42,33,16,44,39,21,28,37,18,47,36,40,33,26,36,35,34,15,42,33,34,32,18,19,42,41,41,35,32,36,38,36,6,34,11,16,31,39,42,30,46,31,31,15,36,34,25,12,25,39,43,33,26,34,40,39,43,15,39,36,30,14,32,20,30,39,29,31,19,18,38,43,41
33,16,24,20,16,32,37,35,35,14,41,30,12,36,40,23,27,40,32,37,31,16,38,30,40,41,35,30,39,39,35,36,18,29,12,33,29,36,14,12,34,31,37,33,39,34,30,34,11,33,25,18,12,12,30,9,33,29,16,38,35,32,35,33,42,29,29,42,42,39,38,36,27,35,32,34,34,46,19,21,17,33,11,40,17,15,34,39,16,14,42,32,35,19,43,37,30,18,18,37,35,43,32,41,11,16,44,44,11,30,15,34,13,42,10,31,15,9,40,33,33,32,34,31,30,21,42,41,33,35,40,19,42,39,39,33,38,35,17,29,41,34,50,37,46,15,34,33,13,14,29,40,33,28,24,43,35,33,20,38,37,29,33,36,17,36,31,37,15,34,18,24,19,38,41,31,12,37,12,42,15,35,13,41,41,32,15,38,31,33,38,24,32,16,14,34,14,36,37,25,34,28,22,33,15,36,29,33,40,30,33,36,19,39,19,31,16,35,11,36,30,27,34,35,11,32,37,30,35,18,13,39,38,29,32,16,42,33,22,34,36,13,16,44,35,38,34,28,33,32,15,31,13,7,10,39,39,38,36,35,41,27,41,42,37,28,45,33,31,40,17,30,34,34,13,35,15,34,36,41,32,30,12,43,38,23,13,16,40,9,46,40,30,15,34,13,35,16,32,36,26,34,37,19,37,14,39,39,17,35,17,35,15,31,31,38,34,47,47,40,39,25,34,30,35,38,18,16,18,44,38,4,33,15,33,12,15,38,31,19,39,35,37,36,10,15,16,40,43,40,38,8,32,40,28,34,41,31,14,36,38,41,32,17,16,26,20,36,30,20,37,36,41,10,18,32,34,31,17,31,40,40,25,32,34,11,14,29,33,32,34,34,12,32,31,35,31,31,29,42,5,32,42,20,45,28,34,36,25,38,36,43,36,36,34,31,36,30,34,44,41,36,34,44,34,36,40,29,42,27,29,39,32,36,38,35,31,13,16,12,16,33,42,43,32,33,35,40,9,16,29,36,38,33,38,41,29,33,32,8,32,37,12,29,34,14,39,31,12,37,35,31,39,12,44,36,24,14,32,30,16,37,36,30,31,36,35,30,38,42,33,36,28,34,41,28,32,14,40,32,42,28,11,34,13,18,22,35,14,35,35,38,14,16,35,12,14,20,34,33,38,35,28,17,37,38,38,46,34,35,22,32,15,38,28,37,31,37,12,35,33,37,17,38,15,37,31,6,39,31,43,44,29,38,33,18,31,36,32,15,32,43,33,43,34,28,12,22,12,26,10,24,29,36,36,34,21,31,36,35,33,31,37,30,11,17,11,32,15,12,34,39,38,36,38,12,14,35,37,33,37,36,44,39,37,35,43,32,31,33,18,35,36,32,21,42,42,33,11,45,22,27,27,33,36,19,28,33,23,12,36,37,47,34,31,17,29,37,35,36,30,30,40,25,37,19,38,38,39,36,30,14,15,32,36,17,42,36,44,37,32,28,9,37,41,34,34,38,43,18,18,31,13,32,34,37,39,34,35,38,29,37,35,11,43,41,35,12,35,35,43,43,39,33,34,32,35,31,33,30,34,40,26,28,25,39,32,21,40,32,49,39,38,32,29,13,47,19,40,43,39,30,34,32,40,39,37,33,28,18,14,40,30,34,16,13,31,19,25,34,14,32,30,16,26,40,29,31,32,36,27,31,32,15,28,10,28,8,45,14,33,17,37,40,30,33,27,39,28,15,32,12,36,39,15,16,17,31,27,34,36,36,35,15,41,43,34,31,34,34,29,41,35,16,33,31,31,37,31,35,13,17,33,31,15,27,30,43,13,18,36,33,37,40,36,33,38,18,15,41,39,36,33,39,37,12,15,19,30,39,17,8,40,18,34,47,43,15,42,31,34,18,36,26,37,12,47,37,29,35,31,34,39,38,31,33,38,35,20,31,39,32,14,31,32,34,15,25,28,14,20,29,42,34,31,31,37,36,37,32,38,18,31,18,29,17,33,34,38,33,18,16,26,34,34,32,15,33,32,12,33,41,19,38,18,36,11,36,24,29,32,18,42,41,32,37,18,14,31,15,15,28,15,14,11,36,31,34,15,34,32,30,39,31,37,36,32,10,36,46,38,34,33,18,14,37,32,17,27,35,32,42,35,9,44,41,39,12,29,17,17,36,44,36,40,33,33,13,35,15,37,42,29,34,38,32,41,9,40,29,17,31,13,38,31,8,10,34,24,32,40,40,22,21,33,11,39,22,36,36
33,33,37,30,12,14,37,37,30,37,30,32,32,38,31,31,38,37,51,31,16,21,16,34,13,38,12,31,34,27,32,38,34,33,23,12,30,24,32,41,23,18,20,14,11,33,43,13,40,31,37,38,33,8,39,30,43,11,41,37,35,15,10,18,38,34,44,11,32,11,33,52,32,33,32,11,14,33,36,39,13,12,12,35,38,14,39,44,33,27,29,12,43,32,43,31,38,14,45,30,38,28,28,11,33,38,22,12,35,38,38,10,20,13,26,29,12,38,34,40,32,16,33,41,35,16,15,26,36,39,15,41,41,31,34,12,30,28,32,18,18,37,36,20,18,43,34,35,35,13,31,40,17,13,15,9,27,36,35,29,35,18,15,31,10,33,37,33,38,34,36,32,42,29,34,37,35,15,36,31,45,32,34,28,12,34,39,49,13,31,34,30,16,33,35,33,15,27,24,37,37,42,12,32,30,26,42,37,38,35,36,16,16,34,15,9,45,29,11,31,34,36,46,9,30,31,30,38,19,30,40,17,33,23,35,31,33,38,39,11,10,29,30,37,34,12,29,31,9,12,30,39,26,34,41,33,32,37,34,27,36,15,16,24,34,38,13,15,30,37,33,33,35,35,49,40,38,36,34,15,36,32,31,36,13,39,34,35,36,33,39,34,35,9,14,36,21,42,45,42,14,40,34,13,33,13,31,33,31,24,33,35,15,39,34,32,33,30,29,42,35,39,12,30,22,35,35,13,21,16,39,49,34,34,19,42,12,34,37,42,30,11,31,22,28,35,16,20,28,33,40,31,20,17,33,11,36,33,35,32,32,39,39,35,14,11,39,25,38,30,31,36,43,17,34,33,27,24,19,39,37,37,29,34,7,31,31,40,13,33,31,14,37,39,30,34,14,31,15,14,43,22,19,39,35,36,41,42,37,38,41,32,28,32,33,15,33,32,36,29,39,36,41,48,31,31,44,31,37,42,13,39,32,43,39,11,30,28,34,32,32,32,32,30,32,37,24,28,38,35,31,15,15,42,13,38,25,39,35,40,44,13,31,42,32,40,40,42,47,33,41,37,13,39,35,33,26,38,13,17,48,28,32,37,41,11,13,44,32,30,13,37,38,42,43,14,19,46,22,38,31,25,17,43,34,37,43,49,13,35,35,40,34,46,32,46,31,36,31,30,35,39,10,16,45,33,31,35,32,36,35,19,37,40,17,32,27,19,35,41,35,32,12,46,29,38,18,30,28,40,35,37,26,18,34,42,36,21,32,40,39,24,13,13,34,39,35,37,43,17,37,32,40,47,19,39,32,12,30,31,35,37,31,35,30,26,34,32,36,31,11,38,27,39,31,15,31,35,30,13,13,37,38,38,34,30,29,42,33,13,39,35,35,14,39,32,45,39,11,35,32,33,17,12,34,44,37,29,35,13,15,44,35,9,37,31,25,34,30,31,26,31,34,35,8,32,28,24,32,36,42,34,12,36,39,11,35,31,37,35,11,19,31,19,32,30,39,39,38,31,16,17,30,39,31,43,13,43,31,17,21,37,43,29,29,13,41,35,33,26,41,39,13,33,39,39,34,27,31,29,38,40,37,36,14,46,41,24,40,30,31,12,16,34,38,27,36,39,16,16,38,39,41,32,42,39,13,41,14,41,37,37,36,37,13,39,35,19,40,38,18,29,13,15,28,43,28,34,14,45,30,37,42,34,17,40,38,13,35,18,34,14,27,43,40,34,33,35,16,12,38,15,28,39,8,33,36,39,31,29,33,12,36,32,14,32,34,36,18,19,10,29,11,45,23,34,38,36,42,30,33,15,37,16,18,13,35,39,26,28,14,29,30,32,39,42,33,42,32,20,41,45,40,17,12,37,13,27,20,31,32,33,13,16,34,30,27,25,36,30,16,28,29,21,35,35,14,21,36,15,15,37,35,16,12,36,34,37,11,39,36,32,36,32,43,35,38,37,11,37,38,15,30,23,31,34,29,14,37,38,34,37,14,33,20,31,41,34,13,37,40,11,32,32,36,19,38,37,38,15,17,28,36,14,35,38,37,28,40,12,36,34,26,14,12,27,15,14,39,14,32,33,34,39,36,14,34,34,36,45,46,15,30,36,11,13,31,32,14,13,20,31,34,35,39,17,43,37,33,32,40,45,32,18,28,33,26,33,29,33,32,25,12,33,9,27,37,31,35,32,16,14,33,17,39,36,40,11,35,17,12,35,13,37,34,35,30,37,38,34,28,34,45,33,37,41,32,11,31,39
40,19,36,24,12,33,41,40,31,40,18,26,39,34,35,29,15,36,32,14,39,36,22,34,46,15,17,49,24,43,37,35,38,39,30,37,29,36,35,27,17,33,36,12,37,38,41,44,37,27,34,33,34,41,18,12,34,17,17,39,29,38,41,26,29,35,38,29,38,12,47,34,31,31,20,11,30,41,31,20,28,30,40,16,10,9,26,42,15,41,35,40,19,20,31,47,29,36,41,19,11,12,32,30,27,11,46,36,36,35,32,40,42,27,14,12,32,39,40,25,14,13,37,25,23,13,14,34,28,37,16,30,25,33,41,25,14,33,38,37,36,39,14,34,35,14,33,36,10,43,27,18,40,16,34,32,34,10,35,11,31,41,15,31,45,10,27,12,39,35,37,12,34,35,18,32,31,33,34,38,32,40,19,15,28,33,12,11,30,42,16,42,37,39,38,14,30,34,26,35,41,41,19,17,36,10,11,29,34,14,35,39,13,15,27,34,20,34,38,19,11,30,14,34,29,34,41,47,36,28,36,15,40,28,29,17,37,38,40,32,41,32,30,41,34,35,39,8,28,30,14,13,18,35,12,39,12,31,32,41,39,38,37,33,40,13,32,33,30,14,15,43,37,32,34,10,33,36,10,30,16,42,29,35,37,34,33,33,39,15,36,34,34,30,24,41,48,24,14,36,31,33,24,39,34,39,30,25,31,34,25,16,30,28,39,16,41,15,37,35,22,42,40,22,38,33,43,30,30,21,37,30,35,31,32,36,22,13,12,41,16,40,38,29,38,17,14,36,12,37,32,42,36,31,16,27,39,13,16,39,33,16,36,7,8,34,36,36,37,40,34,37,10,36,36,39,39,37,42,35,12,30,14,26,16,20,31,35,30,39,47,16,34,34,45,41,25,37,13,36,31,32,12,40,16,10,35,14,34,14,34,42,16,26,31,35,34,33,41,30,35,33,37,38,37,18,31,31,34,36,28,31,43,30,33,31,37,41,43,21,39,39,36,35,39,13,35,31,30,37,27,32,33,39,31,33,17,27,17,9,13,34,30,39,36,34,33,32,17,35,36,25,10,38,8,43,16,30,37,37,34,9,28,40,39,12,40,33,45,39,17,30,35,31,21,35,30,14,36,33,43,30,31,12,38,33,25,33,31,39,38,17,36,37,35,36,34,37,35,34,29,41,31,30,33,31,33,44,38,37,40,38,38,34,40,32,37,18,36,29,34,39,36,29,31,34,27,35,42,37,27,31,29,25,33,33,37,28,33,43,12,15,33,43,15,17,32,35,30,35,24,47,18,35,37,17,38,36,23,38,33,35,40,32,26,50,32,39,36,39,26,39,31,29,36,36,14,16,38,37,32,29,41,17,18,41,32,35,20,39,12,11,31,24,35,34,35,34,32,36,40,15,15,37,39,36,18,33,18,32,18,9,18,20,30,44,29,26,34,32,31,39,18,35,43,16,32,42,27,37,35,11,12,13,11,31,30,28,36,32,27,35,23,15,31,37,48,31,33,33,34,40,35,37,26,15,43,34,34,17,26,29,36,12,43,37,13,34,34,35,35,32,28,28,36,14,32,38,24,40,26,44,39,29,35,18,36,33,34,33,21,46,37,32,17,40,42,17,34,43,35,33,34,40,14,33,13,16,46,33,28,30,43,20,38,16,19,51,40,35,32,31,17,38,39,40,20,46,12,27,28,35,33,30,33,29,31,37,30,31,36,29,12,25,28,12,14,13,37,38,13,36,35,16,37,32,36,15,32,32,35,33,41,34,18,38,38,28,30,23,29,41,10,15,29,23,30,17,32,38,31,30,37,31,12,18,12,18,36,39,43,30,28,12,33,16,37,17,42,14,23,33,37,35,41,40,32,14,32,10,30,41,28,33,36,42,10,13,38,14,37,39,45,37,33,30,43,15,20,32,18,29,36,41,35,39,21,14,30,38,30,27,36,31,22,12,17,14,10,45,33,35,35,31,38,30,30,12,30,40,39,29,17,33,32,37,35,12,32,34,29,31,26,10,11,35,38,8,34,22,36,40,35,47,15,35,37,31,38,30,18,26,37,14,33,29,34,34,21,35,35,11,28,37,31,33,15,16,33,29,42,32,41,13,36,32,25,36,30,35,40,16,34,14,43,42,37,41,33,31,16,39,17,40,19,28,37,31,29,35,40,37,43,40,27,40,9,37,12,30,35,30,15,30,37,32,37,17,33,21,35,31,13,18,38,14,37,31,43,17,38,37,18,32,39,38,33,40,36,37
13,19,38,31,36,38,35,40,34,19,37,12,29,37,16,21,29,41,13,37,37,38,17,43,31,29,34,34,12,34,30,30,37,35,13,36,41,29,25,41,9,8,37,34,40,14,12,38,31,14,34,39,16,27,18,26,32,34,27,36,40,41,36,39,35,17,26,15,27,28,35,13,15,35,44,27,44,28,37,26,12,15,22,38,41,38,17,34,39,18,39,17,39,32,36,37,31,33,27,33,41,35,46,35,28,38,14,30,43,47,40,35,36,29,36,29,11,41,40,18,37,12,40,36,41,37,35,34,35,12,42,27,37,34,31,42,15,15,30,29,39,15,42,37,28,40,32,19,37,14,9,37,9,38,34,39,33,36,39,37,39,36,33,39,33,41,31,37,16,35,37,26,9,29,17,37,17,34,16,39,9,12,16,36,39,42,37,38,34,28,25,19,37,36,33,36,13,34,15,36,26,37,32,14,43,14,36,35,27,32,14,8,47,36,14,30,38,13,38,14,36,15,38,38,29,32,36,36,15,44,10,26,20,26,38,43,34,31,34,38,35,32,30,30,42,35,39,19,13,40,42,35,34,30,27,33,9,16,9,34,36,41,14,17,33,30,24,33,30,42,46,32,37,34,34,19,15,14,37,36,36,29,19,38,37,38,35,31,15,25,20,17,40,33,31,38,29,31,17,37,18,33,34,22,44,25,28,17,30,40,36,31,28,11,31,31,37,41,7,27,33,30,11,37,17,33,12,37,38,39,36,36,37,14,34,36,38,16,13,18,37,15,38,36,39,35,38,30,31,35,30,31,36,38,35,18,18,15,39,10,18,25,8,30,11,29,33,42,40,10,15,35,35,12,38,41,39,18,33,36,19,13,38,32,36,13,14,41,12,34,44,37,12,40,13,36,18,39,29,17,14,35,31,28,10,13,36,36,32,15,31,19,38,16,41,33,36,27,32,34,17,35,30,34,24,30,42,20,38,34,37,41,38,11,28,13,27,10,12,37,15,20,28,30,33,33,40,40,36,18,26,29,35,35,38,41,28,20,34,41,32,16,36,34,30,18,17,31,13,36,12,39,13,34,32,15,30,30,29,12,37,29,14,31,36,32,41,32,44,35,29,25,37,19,28,31,33,38,44,37,7,40,40,12,38,37,15,31,31,37,12,12,30,34,33,40,38,16,11,32,35,40,45,28,32,12,32,29,35,39,31,38,38,39,37,38,36,40,37,39,39,11,45,19,31,34,33,35,15,18,30,38,38,47,33,42,35,32,43,13,35,37,24,34,19,41,29,14,38,37,16,41,30,34,40,32,19,37,34,42,34,35,15,36,37,13,18,13,33,41,42,32,7,19,41,26,28,29,43,32,9,33,33,27,34,37,14,16,15,13,31,36,38,28,13,18,38,42,41,31,38,32,38,40,38,40,32,40,33,20,39,40,37,37,16,14,34,39,22,35,40,33,38,42,25,13,19,31,33,34,34,35,24,34,32,42,24,11,32,20,40,16,41,38,34,34,33,39,39,32,29,16,37,34,36,38,33,36,33,37,19,25,28,35,38,37,14,33,15,34,40,20,29,21,34,28,17,12,28,32,31,28,37,30,15,31,12,23,43,13,14,31,38,36,33,39,34,40,26,31,37,31,35,34,35,28,37,40,12,19,42,13,12,27,31,38,15,33,43,30,33,36,20,21,34,39,33,38,35,39,7,12,14,32,39,37,32,14,33,40,31,16,28,24,25,36,39,33,32,33,30,24,41,42,36,30,38,27,31,37,39,32,30,33,45,32,37,29,16,37,41,41,11,42,38,28,35,31,41,33,33,40,17,37,11,41,38,15,19,33,28,34,36,37,40,33,30,39,33,31,35,27,37,35,17,28,30,13,12,16,36,31,34,15,45,36,16,32,28,42,15,34,35,42,27,15,32,17,29,14,30,42,35,36,31,16,36,43,43,18,32,39,34,36,12,44,30,35,32,28,23,14,34,28,38,40,32,31,13,33,27,34,13,45,33,42,37,32,44,21,14,36,15,36,39,11,40,19,15,38,18,37,9,35,15,20,17,36,30,36,33,18,19,31,39,29,17,17,41,33,43,34,40,42,30,32,23,30,22,28,32,11,39,29,35,34,23,17,29,30,36,8,39,36,12,43,33,36,28,21,39,13,37,38,13,33,39,26,33,39,31,36,15,39,38,31,34,31,36,21,38,36,33,28,19,33,32,12,9,44,8,34,37,33,35,41,36,39,34,26,31,36,33,13,44,9,36,23,44,29
14,28,31,30,30,42,12,41,39,33,33,33,25,11,30,29,36,36,36,33,12,31,38,36,16,35,17,37,29,35,39,36,38,33,41,27,37,31,32,17,31,14,30,26,37,34,45,15,16,37,34,34,33,20,38,37,28,14,29,28,40,17,38,13,28,35,31,29,16,29,34,30,31,31,38,17,9,16,34,42,13,34,28,16,13,37,31,39,11,15,11,29,40,43,14,39,35,17,37,38,28,42,18,17,32,37,28,27,34,39,37,40,48,13,44,29,39,39,26,12,36,20,31,30,45,41,30,34,36,15,15,28,16,31,39,11,40,31,37,29,18,29,48,36,42,16,35,30,33,32,30,39,33,36,15,41,32,32,13,32,36,15,28,43,44,35,16,34,12,35,35,34,14,39,38,14,39,33,32,11,31,41,40,34,34,45,25,46,32,30,38,30,34,37,29,27,43,41,14,34,37,30,33,28,32,40,41,41,30,37,16,15,37,37,34,39,35,29,36,14,10,38,12,44,32,40,37,28,31,15,12,30,37,47,15,35,33,10,37,13,38,31,35,28,39,38,40,33,33,34,35,50,40,28,41,36,33,12,11,11,21,33,41,11,17,34,38,42,39,41,30,13,36,34,34,30,39,30,11,39,12,34,11,12,43,35,16,35,37,35,33,32,30,34,15,37,28,31,40,9,23,40,30,11,37,37,33,36,39,31,34,36,32,14,12,19,16,16,33,19,33,40,31,36,32,36,34,28,36,33,41,16,36,36,10,16,32,38,12,12,28,14,37,38,33,41,39,34,9,8,25,18,28,39,28,19,15,47,25,36,14,42,42,35,31,34,34,38,41,26,42,47,31,40,39,34,16,35,14,33,33,34,14,32,33,37,36,32,13,38,38,40,15,38,36,11,16,39,32,32,37,31,38,34,32,35,9,17,16,12,38,34,38,37,32,11,29,39,34,31,37,35,40,16,34,37,37,32,33,27,30,29,20,13,9,31,29,32,19,33,38,29,14,8,33,32,31,30,30,35,10,32,18,34,12,36,30,38,29,23,14,29,40,37,36,34,41,41,9,36,18,36,13,16,33,35,25,11,20,38,17,34,38,42,39,45,28,36,33,19,42,40,30,31,37,29,33,17,13,26,17,32,36,43,28,34,39,33,21,36,30,15,40,34,28,40,33,28,34,41,40,38,35,31,15,37,39,37,13,14,34,43,32,39,51,34,28,33,42,22,34,33,13,17,27,28,38,34,33,38,18,12,35,20,42,14,32,15,35,31,31,40,32,34,39,37,38,36,34,34,43,37,31,33,18,40,28,46,35,28,37,40,15,34,31,39,31,37,11,20,39,14,35,12,18,34,39,38,12,33,14,33,30,38,34,35,11,28,17,31,41,24,15,16,34,33,17,36,30,35,33,36,37,29,41,35,17,36,39,37,18,31,13,28,40,10,10,8,38,41,27,35,31,35,30,29,22,40,35,35,39,13,16,34,41,39,36,33,34,36,38,31,34,39,42,31,34,24,26,38,44,22,14,17,36,33,38,45,30,35,30,18,33,37,30,40,32,34,29,16,47,39,35,17,37,41,18,28,26,14,40,40,41,34,13,13,38,12,36,43,36,40,36,20,47,19,9,35,34,36,43,33,42,32,11,38,16,15,34,14,21,13,41,47,31,39,24,16,12,14,37,35,28,35,10,19,26,14,37,37,40,18,34,16,21,30,44,33,29,38,37,14,21,41,11,36,33,11,35,39,42,35,36,35,34,39,40,19,25,28,13,28,28,21,35,19,17,31,38,35,31,43,31,36,35,17,31,19,36,39,24,37,37,42,30,18,12,43,19,36,10,34,40,12,38,33,32,26,31,32,39,41,12,40,37,40,37,35,33,31,31,37,16,34,31,4,44,34,29,19,34,30,40,36,41,32,10,44,30,30,10,18,36,40,13,35,30,16,30,40,34,44,38,21,25,11,29,41,36,38,30,30,34,38,13,39,34,36,44,38,40,32,20,37,37,29,31,38,35,6,35,16,31,33,40,32,32,35,39,42,17,26,32,9,32,14,30,38,12,39,39,13,33,32,32,16,36,26,41,14,39,34,44,17,36,40,24,29,32,17,27,11,36,19,42,12,38,16,36,36,25,36,38,18,33,13,41,12,20,34,14,17,35,38,19,34,16,15,8,34,34,42,39,27,39,41,39,40,33,9,36,32,29,40,39,35,31,23,26,15,14,30,16,34,25,13,34,36,35,19,35,32,21,32,40,40,38,40,36,32
30,29,30,14,46,16,27,40,32,34,10,42,27,36,28,29,13,15,46,9,17,22,33,35,39,38,39,42,38,35,12,39,32,36,19,28,18,36,31,13,13,35,39,40,36,18,39,27,33,37,39,42,37,45,35,38,17,22,33,29,29,29,28,35,31,35,11,27,36,38,36,10,32,36,39,36,37,34,40,11,40,35,42,33,43,25,29,41,45,11,38,31,37,30,26,12,41,12,30,34,31,28,43,13,9,35,36,32,12,35,33,37,10,33,15,15,36,35,31,28,27,38,30,35,37,30,34,36,16,17,39,31,18,25,24,16,30,36,40,42,42,28,38,14,48,39,35,32,41,33,41,31,32,41,30,34,34,40,18,40,37,32,30,18,32,31,39,36,36,36,45,33,29,31,38,36,38,34,9,33,31,40,16,27,39,27,30,12,33,33,31,38,15,33,40,34,18,39,30,10,38,39,43,31,41,10,36,34,41,39,36,41,33,15,30,33,20,29,37,37,20,29,32,16,47,32,14,33,38,34,23,38,33,35,35,10,35,36,38,44,11,10,36,40,43,13,25,21,33,37,35,13,30,18,37,29,41,49,36,18,41,23,42,38,42,35,36,25,16,15,15,17,40,17,33,41,37,34,40,36,37,24,36,37,31,30,36,38,30,44,42,34,36,34,32,32,38,34,34,41,34,17,20,34,31,13,30,18,10,42,35,32,32,13,39,14,35,30,17,15,15,40,36,26,36,18,29,40,33,40,13,29,36,16,15,20,10,20,42,27,30,27,33,43,19,26,13,33,37,32,31,12,22,13,47,33,39,13,33,25,12,11,15,34,42,28,38,31,34,34,14,31,23,15,14,33,30,37,43,39,32,35,36,37,21,42,32,37,12,37,37,44,32,39,31,40,32,32,35,32,46,40,38,40,45,42,36,34,13,17,19,39,32,25,34,37,38,41,34,33,32,31,33,39,12,45,32,33,38,35,41,37,36,37,43,10,36,11,13,33,45,41,34,38,28,9,31,30,45,35,16,41,34,35,30,12,15,25,13,15,16,30,24,20,36,35,34,47,17,40,25,19,38,18,14,35,35,29,16,17,12,30,14,33,29,34,21,26,13,16,31,11,47,30,12,28,18,29,33,34,35,36,35,27,36,16,25,23,33,29,42,18,32,35,37,32,42,37,35,22,15,34,34,14,31,31,38,32,12,16,16,37,32,38,14,12,12,42,12,31,34,18,44,29,19,16,16,32,31,18,30,32,14,33,31,33,35,43,35,19,34,37,36,40,20,14,25,14,37,31,32,42,39,40,32,24,37,41,18,36,14,32,29,38,38,40,36,25,31,38,20,44,13,32,38,30,43,42,29,31,33,43,18,37,17,30,39,33,12,29,38,28,34,36,24,14,30,16,27,33,27,15,40,36,36,37,34,16,47,14,25,37,12,31,35,33,19,33,34,40,26,18,35,37,13,35,38,34,30,20,14,37,38,37,22,14,18,14,36,31,32,34,13,38,35,33,28,31,11,30,27,34,35,13,29,28,16,42,38,40,34,36,33,39,39,35,46,38,32,41,12,31,10,47,26,42,41,14,37,34,32,14,37,30,14,32,37,34,14,36,31,38,37,48,36,41,28,33,12,28,36,41,30,16,34,12,35,18,34,18,14,30,9,41,11,29,36,33,9,33,33,11,22,38,17,31,36,37,12,35,27,41,31,15,31,36,36,26,17,43,33,44,34,30,37,38,37,17,39,14,36,41,17,34,20,43,34,42,43,13,18,42,36,38,39,17,27,14,34,41,16,36,12,39,10,31,42,37,31,16,41,37,34,33,38,37,42,14,38,43,32,35,35,47,40,20,29,12,30,38,41,30,30,36,38,41,35,35,33,32,23,34,40,34,40,31,34,29,32,28,40,38,34,13,32,42,41,34,38,7,44,35,23,14,20,34,41,34,18,40,36,17,29,42,40,38,32,31,19,37,47,43,16,35,34,33,41,28,27,35,35,41,37,41,24,36,16,39,35,16,34,17,29,42,36,12,36,31,19,44,13,31,34,38,34,37,28,38,33,34,37,8,36,39,28,13,42,28,37,36,12,28,44,33,16,34,16,34,40,37,9,37,32,18,29,13,12,37,32,44,37,41,19,36,34,32,37,33,29,21,32,39,12,31,40,14,37,44,43,9,33,39,14,15,33,33,30,13,37,36,18,43,34,35,38,36,38,19,30,41,18,27,34,34,36,33,33,31,35,34,43,42,45,18,31,33,37,34,32,33
32,34,35,14,26,39,29,33,28,16,31,37,41,35,35,31,9,33,32,28,43,32,34,35,34,11,34,34,12,41,13,27,14,14,13,38,32,35,38,15,35,24,27,39,38,11,39,14,38,20,35,32,13,41,31,43,35,15,16,40,38,46,22,17,41,28,32,37,33,36,41,30,41,18,9,29,34,33,16,35,41,33,34,14,10,32,46,38,37,35,30,32,33,39,12,32,34,37,26,36,37,17,37,28,20,39,36,33,38,35,30,31,32,42,34,18,36,32,9,37,24,34,34,14,12,31,24,28,36,32,31,13,13,37,39,41,11,41,39,10,22,30,34,37,32,41,19,30,14,40,9,16,18,38,37,43,37,30,43,23,13,29,34,19,19,30,32,36,29,34,42,36,26,36,41,19,17,37,15,19,16,31,31,34,16,38,37,12,11,8,44,34,28,38,28,12,41,15,33,31,35,27,29,38,35,35,35,17,35,42,37,31,15,35,31,34,34,44,36,42,17,44,26,29,31,11,10,44,23,38,16,43,38,32,35,11,26,32,15,32,35,33,29,7,18,39,35,32,46,38,28,33,35,36,27,19,15,17,43,22,45,32,30,34,27,31,41,26,32,32,37,38,40,35,39,43,36,33,12,12,33,33,16,36,33,18,12,37,45,34,39,34,9,33,10,43,29,36,42,31,40,31,34,35,34,32,38,9,28,43,43,33,33,37,40,13,35,35,35,18,34,32,35,46,35,37,14,33,16,30,11,41,17,40,42,36,32,40,11,37,15,36,40,36,35,38,26,40,29,20,39,41,38,28,14,38,37,23,43,32,39,34,31,34,35,19,36,33,29,33,35,37,31,32,36,36,38,36,31,32,30,8,32,11,33,26,41,42,11,33,45,38,18,41,31,17,32,30,14,37,47,12,20,14,27,16,15,27,44,37,45,31,12,39,14,38,12,29,37,37,35,38,35,42,36,17,39,12,32,8,30,36,37,45,18,22,39,32,13,41,39,33,35,30,42,40,41,34,40,42,33,17,14,20,42,40,30,41,36,41,30,38,32,32,11,40,37,37,17,39,13,21,34,36,12,23,27,16,17,22,32,11,28,11,35,32,41,15,35,19,29,35,35,34,31,35,14,16,33,36,13,16,38,16,41,38,47,11,27,28,37,16,38,40,35,33,32,29,33,16,34,34,35,29,35,15,11,32,33,35,36,13,28,40,35,17,13,40,31,38,37,35,19,36,44,17,30,36,18,33,33,41,40,18,19,11,34,34,15,43,40,15,38,15,44,15,44,15,35,32,32,46,34,37,34,34,15,29,17,33,31,31,31,19,11,37,42,35,39,33,35,36,13,32,30,25,23,34,31,43,14,41,20,18,39,33,29,15,33,38,24,33,33,29,12,18,12,14,10,44,38,27,23,34,36,40,37,14,13,42,28,12,6,35,33,17,16,35,30,33,31,42,38,41,34,37,39,32,15,32,34,33,43,35,31,37,30,37,31,22,8,39,17,15,30,30,31,45,16,43,18,10,30,33,35,36,29,40,35,44,14,38,7,35,35,30,33,36,18,28,34,37,25,34,29,42,31,38,27,37,34,23,36,9,8,40,34,36,44,40,17,38,12,34,39,36,36,29,38,12,14,42,36,17,34,34,41,37,34,36,13,18,33,34,9,38,43,35,36,31,18,31,14,38,34,30,36,51,13,35,34,33,32,24,29,17,26,50,26,30,37,35,33,49,37,37,33,14,15,35,31,41,35,31,36,14,37,11,35,14,25,29,34,37,35,42,26,27,38,33,40,15,41,37,16,33,13,44,15,36,25,38,27,13,14,35,34,32,15,31,9,20,22,11,18,19,42,33,34,31,34,29,26,30,12,35,31,23,14,31,31,33,36,31,40,33,9,33,27,18,36,35,37,18,32,37,18,29,34,39,34,39,32,10,38,33,39,37,29,15,14,30,13,12,18,40,15,37,11,39,36,36,11,35,31,35,18,43,10,33,20,18,7,14,39,38,10,32,33,26,13,19,39,33,42,42,37,38,18,33,35,12,26,13,34,31,35,41,28,40,32,10,14,43,40,18,16,48,20,11,41,18,39,27,11,35,32,27,33,39,22,13,30,37,35,38,34,15,43,16,15,36,14,33,38,45,27,35,38,13,32,40,36,14,37,23,33,9,33,41,24,20,34,14,35,36,34,46,44,30,37,11,18,49,21,39,35,39,22,33,31,42,15,13,42,37,34,16,36,34,34,15,35,24,16,36,35,42,35,31
35,30,35,17,34,35,33,13,44,32,22,32,29,35,35,33,45,38,30,38,8,36,32,36,35,15,28,38,23,40,39,15,38,40,33,10,17,39,16,37,33,16,31,33,29,42,29,40,12,32,38,42,31,17,30,33,17,15,15,35,36,21,39,35,30,42,15,33,40,41,35,34,43,28,35,15,10,14,14,22,30,24,41,41,39,40,40,31,33,15,34,12,14,18,41,16,38,50,34,42,34,38,34,20,42,23,32,32,40,40,49,24,30,28,27,36,27,12,36,28,39,40,16,39,32,30,33,39,32,34,41,33,37,14,30,42,44,40,17,13,20,33,15,42,43,35,37,37,16,38,17,31,34,39,37,41,36,39,42,35,31,27,31,36,37,11,33,37,30,34,37,36,32,35,41,43,38,29,28,42,14,32,19,28,30,32,30,40,43,13,32,12,43,21,34,35,38,39,37,35,34,26,18,44,35,25,37,14,42,41,38,18,35,27,43,37,38,41,15,33,38,23,27,15,39,34,33,16,18,11,33,35,36,13,25,38,8,51,35,28,10,30,34,36,30,34,28,42,44,33,31,38,30,31,17,15,40,33,43,17,40,35,31,32,34,42,26,41,34,37,27,32,40,26,43,42,26,36,17,17,32,38,14,33,10,30,38,35,34,20,29,26,33,37,22,35,39,31,35,43,30,37,12,17,37,36,16,40,28,30,32,43,35,28,30,43,37,38,14,30,37,17,38,17,37,40,36,17,23,38,33,38,16,37,12,25,12,35,45,18,39,6,34,34,16,34,42,13,11,37,29,38,27,36,19,18,29,35,17,42,15,40,27,36,36,36,32,35,34,17,34,20,36,12,33,39,38,9,12,35,43,34,21,33,31,10,34,37,38,13,33,16,36,12,15,17,31,15,26,26,37,34,36,14,33,34,29,27,31,39,39,56,34,38,37,38,45,32,18,42,30,35,17,17,36,29,29,17,34,42,31,11,45,38,13,37,33,32,25,38,43,14,36,37,18,31,12,33,22,14,38,13,35,36,33,31,13,38,32,13,41,32,37,29,31,34,27,9,34,37,15,12,41,9,36,16,10,35,38,36,36,28,41,44,30,14,25,35,19,16,17,27,37,39,34,26,36,40,40,34,25,43,38,42,18,35,27,40,10,10,38,49,44,30,8,14,13,27,16,14,38,13,37,32,40,23,38,38,29,36,15,17,36,39,16,11,16,7,29,30,34,18,16,29,42,47,14,39,36,35,33,38,16,34,40,29,20,36,14,39,35,15,39,23,38,37,38,32,26,38,34,27,9,12,37,35,29,32,30,39,30,21,37,24,14,38,10,32,11,37,31,17,39,36,24,21,34,30,18,34,43,34,36,14,29,34,29,34,14,37,11,14,12,14,36,32,31,26,9,30,27,33,34,34,11,19,34,43,15,29,36,25,38,40,12,34,13,37,28,32,42,15,37,40,7,37,27,36,39,34,17,30,36,29,35,17,39,39,31,39,33,42,38,36,41,32,17,42,33,34,31,35,31,45,33,33,18,34,35,32,38,42,32,15,41,30,44,15,40,39,35,30,37,15,35,34,44,32,15,35,40,31,32,34,38,20,29,17,36,25,35,34,13,15,13,29,35,34,40,41,36,27,29,15,33,31,33,27,34,20,36,39,41,16,12,15,29,18,23,14,28,15,20,12,37,36,35,45,45,34,33,36,16,41,38,30,33,30,32,34,11,33,19,9,35,42,35,16,31,34,13,17,12,9,12,34,39,10,30,35,10,37,18,17,37,14,41,34,34,14,28,36,35,11,33,38,33,40,20,30,33,34,32,37,41,24,32,37,14,19,41,37,15,31,32,29,39,44,41,31,34,30,35,41,12,42,36,34,27,17,34,35,34,34,35,35,17,13,36,31,45,47,30,29,19,38,29,31,35,20,28,41,43,28,28,37,33,34,12,33,27,15,31,17,36,38,33,26,20,9,11,11,14,36,16,31,41,16,37,37,13,34,27,33,33,34,6,5,44,37,15,27,26,33,37,13,17,33,38,41,30,33,33,15,39,35,31,15,15,20,34,30,15,41,42,29,30,28,41,38,18,34,16,20,35,31,37,38,47,38,35,42,30,19,42,13,29,39,36,34,35,34,12,15,33,39,36,18,28,45,14,28,16,18,32,8,17,15,39,36,42,35,34,22,37,32,26,37,30,16,40,27,37,38,39,28,20,34,33,33,18,31,16,37,37,19,17,38,17,35,18,18,34,32,38,40,37,32,39,40
18,28,33,27,34,39,33,29,38,34,28,14,39,31,9,11,42,24,32,40,29,32,39,35,34,34,27,29,37,14,30,35,30,28,42,41,31,13,45,39,16,13,39,39,14,40,11,15,40,27,34,27,39,9,36,27,33,15,44,36,31,31,34,11,30,10,40,38,35,26,11,21,36,39,41,12,31,12,35,42,29,28,32,32,43,17,48,38,15,27,34,36,20,38,38,29,31,28,10,11,35,40,37,31,37,41,43,16,34,17,14,16,19,33,44,28,29,34,27,37,16,9,32,32,40,30,9,33,33,38,24,41,17,39,44,32,46,35,14,27,15,17,11,33,39,27,27,41,38,38,35,40,39,35,32,34,35,39,38,33,37,16,9,44,15,13,21,28,45,12,14,29,29,32,34,32,32,40,39,28,38,36,37,37,32,40,37,36,37,37,33,12,44,28,42,14,31,39,30,30,32,35,31,29,29,29,16,37,38,38,30,19,32,43,31,10,39,35,37,40,27,31,28,34,46,38,15,34,13,34,33,41,32,36,47,13,30,40,40,41,34,32,16,44,9,44,31,35,30,35,43,29,27,34,33,36,17,33,30,35,17,15,40,32,27,17,37,43,30,31,36,39,31,30,35,13,35,29,13,17,45,33,40,38,42,44,37,32,13,34,26,38,17,31,13,35,35,40,36,40,36,37,32,39,43,13,10,40,23,38,40,34,34,19,30,10,13,30,35,27,21,28,10,16,41,17,37,32,34,44,33,25,37,29,38,15,32,39,32,16,18,31,19,14,39,32,26,35,33,21,41,36,29,39,18,39,40,18,14,38,21,40,26,41,29,38,19,9,40,37,28,33,39,45,17,41,29,16,39,31,12,29,13,41,35,39,39,28,16,37,40,10,15,34,34,32,38,37,8,27,12,19,37,37,30,33,35,41,15,39,38,35,13,36,12,11,38,34,19,14,44,37,24,38,35,37,33,17,36,38,43,35,34,49,34,38,19,35,13,37,37,27,28,30,11,35,35,38,35,15,40,35,16,27,26,39,33,34,14,33,32,29,37,39,37,32,25,21,17,31,42,17,28,35,32,38,34,41,10,41,31,35,34,16,29,31,36,33,36,12,32,40,31,26,28,33,41,24,12,35,15,17,32,16,12,37,34,19,33,31,23,30,34,33,33,18,35,29,42,34,40,17,39,36,29,15,34,37,19,16,42,13,10,13,40,33,47,32,32,33,39,30,30,35,12,14,28,29,14,32,15,39,27,35,31,30,31,39,35,30,25,41,13,36,27,19,34,19,40,32,13,42,35,17,28,31,10,37,9,42,38,12,35,31,26,41,8,32,36,35,33,36,23,36,34,34,47,29,36,35,28,37,39,16,22,20,35,32,28,33,38,37,35,36,28,35,30,9,31,41,35,24,14,16,30,10,21,32,39,16,35,9,28,41,13,37,27,15,24,34,29,16,40,45,28,16,41,30,33,33,41,14,33,14,34,25,15,35,36,28,29,29,42,44,32,38,36,37,19,29,19,33,30,31,21,37,38,35,15,32,36,8,20,26,36,16,32,21,22,35,20,34,41,16,38,16,30,32,26,13,31,18,35,34,40,34,13,35,17,32,19,10,18,35,37,37,36,33,37,37,17,14,14,35,36,9,34,32,11,34,14,44,15,24,40,37,47,8,29,14,32,27,39,12,13,30,40,12,32,20,34,15,34,39,14,34,43,40,38,20,33,13,33,35,29,32,43,29,31,14,37,38,37,36,36,37,30,25,33,46,13,41,34,35,39,37,40,11,32,39,12,34,31,18,34,18,17,26,14,13,31,13,37,33,34,37,9,14,39,36,32,30,47,35,10,40,24,38,27,33,37,44,32,21,40,29,36,14,17,38,33,16,39,36,14,22,22,22,14,29,45,36,31,39,37,34,11,17,35,38,38,33,35,33,43,34,35,31,43,21,41,36,16,33,28,31,38,30,35,33,11,34,36,28,37,13,29,45,38,34,41,41,41,29,27,39,40,30,32,38,17,41,15,39,13,42,26,41,36,35,42,33,21,30,32,34,12,15,32,45,39,39,37,29,16,32,38,20,10,15,40,33,33,35,34,11,40,16,28,41,31,32,13,30,33,32,25,18,36,36,34,33,30,42,40,41,39,36,34,39,29,35,36,21,17,38,19,29,9,25,37,32,34,37,33,37,37,29,34,32,28,13,15,34,38,34,34,23,15,41,32,36,17,33,37,42,31,12,36,35,41,37,36,41,14,24,33,14,43,35
44,20,37,10,41,37,31,45,27,35,37,37,37,31,19,35,36,35,15,39,32,37,37,32,46,30,37,28,33,32,31,35,17,35,39,35,35,32,31,10,29,29,36,37,33,41,15,42,14,30,13,36,38,37,37,34,34,35,36,41,35,39,38,31,33,29,31,30,27,11,43,18,17,35,39,43,26,30,33,17,18,35,39,33,33,30,12,35,33,14,21,11,15,33,32,13,30,31,14,15,30,14,13,36,34,20,16,31,37,43,33,43,12,33,36,30,41,36,37,35,43,17,26,35,23,48,38,38,33,34,34,36,36,17,22,40,31,37,37,28,37,29,33,40,36,27,35,39,17,29,38,16,36,21,33,38,12,40,34,37,44,40,34,39,32,33,34,40,37,28,29,40,16,39,48,34,21,14,39,46,37,27,35,35,32,36,35,31,35,37,12,16,33,34,16,29,20,34,32,31,34,32,31,16,33,39,34,32,24,32,22,35,18,41,9,36,37,27,36,35,22,17,32,11,42,14,19,11,40,29,13,41,32,35,39,35,41,32,30,26,32,33,36,30,38,8,34,32,14,32,12,18,40,40,36,34,35,7,28,35,12,35,40,29,17,36,25,39,17,41,41,33,33,23,34,16,18,36,16,43,44,34,35,37,36,36,22,30,43,42,37,6,43,37,22,32,17,33,33,27,35,41,31,15,43,17,31,19,14,12,37,39,39,35,38,34,14,42,44,39,36,38,27,11,25,32,39,36,31,13,6,33,33,38,37,10,38,13,35,14,13,31,15,33,32,13,41,15,45,26,33,47,29,38,32,42,40,31,36,30,21,41,10,17,41,39,17,21,32,31,37,35,31,39,32,40,39,35,17,32,33,34,35,17,38,33,30,37,16,40,14,8,34,27,39,30,37,26,36,38,52,14,44,40,36,35,18,36,34,11,37,43,36,39,36,37,35,32,33,13,43,41,25,40,19,30,26,31,40,32,15,31,14,30,34,36,41,30,18,33,35,18,36,38,36,34,39,31,15,33,48,25,41,40,34,11,45,35,11,30,32,33,46,20,28,9,27,36,36,39,11,39,36,18,12,9,17,16,34,25,18,31,33,15,31,41,35,13,32,25,43,38,39,39,36,27,12,44,40,36,20,39,34,16,33,33,22,26,35,33,15,34,36,39,10,33,27,29,31,34,44,8,34,29,35,37,16,32,29,37,15,39,28,19,31,27,33,38,12,38,30,38,42,43,28,15,35,17,30,37,38,42,27,33,38,37,27,29,44,31,32,37,43,31,39,25,38,31,33,41,40,36,30,35,40,45,36,35,35,11,36,32,16,37,16,31,35,29,38,33,14,28,18,31,33,35,31,29,13,38,35,45,30,9,13,33,36,15,28,17,32,36,31,12,11,31,37,41,48,32,35,35,37,42,33,15,13,29,33,13,11,31,32,34,34,36,33,31,34,32,37,15,33,38,34,32,34,33,25,42,33,38,43,41,26,38,32,27,28,34,13,28,35,18,30,46,32,32,42,35,32,32,30,34,45,16,35,33,31,35,39,5,33,16,12,43,20,39,35,35,47,16,33,21,15,36,29,30,18,10,30,22,15,34,29,31,39,22,36,37,34,30,35,13,40,34,13,15,12,45,14,13,14,37,29,23,36,43,38,15,36,44,34,11,39,33,22,31,22,43,10,19,34,31,38,45,34,37,16,41,9,24,16,40,33,39,41,43,34,36,12,34,11,16,35,44,14,39,36,16,16,11,16,42,36,35,37,37,37,23,24,33,35,39,44,35,15,25,35,36,16,21,42,35,33,39,42,35,32,13,29,34,8,34,15,6,38,36,25,29,36,36,22,44,26,36,34,42,30,27,39,19,30,37,16,10,39,10,33,38,38,22,27,28,36,33,33,30,13,31,16,36,44,26,23,12,46,37,16,31,32,37,35,30,34,22,33,36,33,32,17,19,36,29,35,34,35,17,15,35,38,32,12,42,18,28,14,19,37,18,10,42,23,16,42,31,37,28,16,38,31,27,32,33,34,31,22,30,11,18,16,19,37,35,37,35,16,14,41,33,16,28,17,34,16,11,22,22,27,11,37,31,14,6,37,38,26,45,46,14,6,27,32,15,37,35,38,28,37,33,33,36,43,16,15,36,38,29,38,15,18,19,48,33,16,33,28,40,12,37,28,32,36,32,33,14,17,33,39,23,35,33,35,37,10,24,42,37,41,33,38,20,36,16,27,35,31,26,32,32,29,36,40,43,16,38,39,43,18,32
36,14,28,18,20,17,39,33,38,28,38,36,18,28,31,36,18,43,25,38,36,35,45,13,43,44,41,49,36,29,11,34,39,32,51,11,35,32,33,35,19,15,37,34,19,33,36,13,13,36,37,9,11,33,38,6,41,32,18,15,37,33,37,19,32,31,32,33,35,15,18,14,34,33,34,43,36,46,12,32,38,35,36,29,37,35,39,41,23,18,41,40,12,35,28,39,38,39,14,31,41,34,46,11,27,8,33,8,35,34,16,12,12,13,35,41,36,32,36,34,20,31,36,34,28,31,43,18,38,31,32,32,45,30,31,32,10,42,32,15,33,39,40,32,19,29,33,36,32,7,27,35,16,45,37,39,21,33,34,35,39,34,35,35,24,34,40,13,30,34,28,36,39,36,13,18,28,11,35,15,36,31,17,38,16,17,43,37,26,25,36,33,36,23,36,18,34,34,14,35,11,32,41,38,36,24,38,36,32,31,31,32,31,29,27,15,36,33,36,45,18,35,40,31,32,40,30,12,26,41,42,38,39,35,13,41,33,19,15,42,36,22,31,46,34,14,22,29,27,20,35,39,12,36,37,34,38,41,35,34,39,33,13,40,11,37,38,20,37,12,37,27,39,36,36,36,14,29,34,40,15,31,39,34,33,16,33,28,35,37,41,19,38,34,38,19,35,33,14,38,39,34,31,42,14,16,29,27,40,33,27,10,22,39,29,16,24,15,17,34,36,35,38,25,28,30,32,33,13,38,14,40,30,37,35,34,44,14,43,28,15,38,32,34,21,33,7,31,32,16,33,35,38,31,34,41,38,32,35,38,30,37,12,32,28,9,38,34,29,35,35,14,34,16,25,40,37,36,31,39,10,38,16,39,44,27,19,5,20,39,34,14,16,43,37,9,35,34,25,14,33,8,40,34,25,38,35,14,30,20,38,40,16,35,30,40,21,31,33,45,36,34,34,27,34,40,36,45,31,37,24,34,37,29,36,42,31,32,33,40,15,41,30,26,28,8,37,40,36,38,32,12,33,30,33,38,34,37,17,38,39,34,14,37,35,20,38,15,36,21,34,31,12,45,30,37,45,18,45,39,33,29,40,44,14,31,45,35,35,42,35,40,17,31,39,35,35,37,27,11,34,43,14,19,35,28,32,20,20,33,39,31,29,41,11,28,39,10,14,11,34,38,31,34,30,35,42,34,36,33,42,29,33,37,16,32,44,41,36,29,37,41,35,15,33,14,35,8,34,33,33,16,39,27,16,43,37,28,32,21,39,16,19,31,18,39,32,33,36,31,10,41,33,12,32,29,8,10,39,35,36,34,33,6,32,11,31,44,36,35,41,13,27,29,42,33,40,27,32,11,36,34,28,37,18,36,17,14,32,36,46,30,34,32,22,38,37,32,11,31,40,39,32,36,37,19,32,38,37,30,19,32,37,36,34,45,30,14,13,34,34,39,35,40,37,16,31,33,31,28,13,11,36,14,34,15,25,34,28,35,13,41,33,30,14,34,32,36,18,29,31,35,35,43,18,34,35,19,42,36,30,43,37,11,36,18,33,39,36,39,36,36,34,37,17,42,32,19,21,38,16,35,34,40,35,31,13,17,32,29,32,34,16,27,15,28,37,35,32,34,9,40,33,37,14,32,31,29,36,31,31,35,36,15,34,27,30,25,27,35,17,31,42,39,31,18,36,16,39,36,18,15,17,15,37,30,48,32,33,42,38,38,38,11,36,25,30,31,37,33,30,24,38,42,6,33,35,37,33,20,38,37,38,43,46,28,15,26,41,36,28,30,19,39,37,40,29,33,14,20,14,17,35,13,24,32,37,17,22,26,31,37,14,33,40,21,35,15,12,11,36,19,12,36,37,36,34,17,41,38,10,9,35,37,32,13,39,27,39,35,16,33,43,28,35,42,31,43,19,16,12,46,39,34,13,12,36,43,33,34,29,15,41,35,35,34,28,35,38,22,36,24,11,31,13,41,31,39,19,32,38,26,16,33,37,16,47,41,31,39,40,30,33,36,9,13,38,35,38,15,30,28,35,42,13,14,29,35,40,25,37,29,37,34,42,35,29,13,42,39,34,34,27,18,33,18,42,39,35,38,13,12,17,30,29,36,13,23,32,27,30,13,38,38,30,31,44,37,35,16,46,14,40,36,34,34,36,40,40,34,23,37,18,36,34,39,28,32,31,33,35,18,36,39,31,16,15,44,13,29,33,42,11,34,39,11,16,36,26,43,42,13,43,44,37,37,18,12,33,32
12,43,14,31,15,9,40,45,15,31,14,34,38,36,39,26,43,38,15,32,6,37,36,41,13,28,39,17,27,35,38,41,34,38,35,39,34,43,30,35,32,26,43,11,40,41,40,29,17,17,32,40,26,15,28,19,14,38,10,20,29,28,7,32,5,40,43,30,7,38,32,17,40,36,15,47,14,36,13,26,13,39,34,42,41,14,37,33,16,34,13,25,14,14,28,30,34,38,38,33,36,36,33,29,35,38,36,35,41,15,37,36,13,36,40,39,9,37,42,36,40,36,29,35,35,23,36,11,19,34,38,39,36,27,31,44,31,25,21,37,28,30,15,22,27,36,21,37,38,33,39,30,27,40,35,35,11,28,17,37,34,16,11,15,38,44,25,40,36,34,39,40,40,30,16,38,36,20,43,42,40,10,39,36,23,11,32,38,33,17,20,37,37,41,38,29,20,17,38,36,39,34,37,36,37,32,37,40,33,37,32,32,33,34,32,39,7,15,23,35,14,34,18,38,30,13,44,19,42,42,17,33,32,19,15,32,34,36,16,33,37,15,23,35,34,35,38,34,36,33,36,37,31,32,44,17,36,34,33,37,33,19,34,19,16,33,31,13,33,47,10,38,17,39,26,18,42,22,31,28,31,28,14,36,27,16,34,32,35,35,16,34,39,37,13,27,35,32,38,34,34,34,12,32,33,22,37,14,17,15,35,34,35,37,32,41,16,13,34,38,14,29,24,32,45,34,32,36,12,37,32,27,39,33,31,34,9,36,27,14,30,35,16,39,21,28,32,41,31,35,28,34,18,33,34,17,35,36,40,27,9,13,35,32,18,32,32,39,44,26,33,38,25,41,36,37,40,35,38,19,38,19,35,13,31,10,12,12,29,34,34,32,27,12,35,37,30,39,29,12,42,37,28,49,35,37,40,40,14,28,43,30,27,42,32,12,36,31,39,39,16,15,16,15,17,37,28,12,35,21,34,37,33,18,40,34,26,17,36,33,29,13,9,36,12,9,28,43,36,27,32,35,36,39,31,34,10,20,36,34,13,15,34,36,27,7,35,8,16,16,36,42,18,43,11,9,17,33,30,37,44,12,37,29,35,15,35,33,37,40,29,17,29,42,32,16,27,18,47,36,38,41,39,29,35,17,19,31,35,38,31,39,18,42,40,18,39,17,35,14,37,33,26,19,27,34,34,43,44,33,11,32,44,14,34,35,28,33,35,39,44,30,42,37,31,48,43,33,14,18,14,20,28,30,33,31,16,34,16,31,36,33,13,37,39,31,15,14,37,36,17,17,29,41,10,40,11,36,10,47,39,7,14,37,35,35,30,28,39,31,37,28,11,37,35,13,9,13,37,39,37,10,29,13,48,17,34,34,40,37,37,16,36,31,16,17,18,36,14,35,17,38,15,37,15,41,36,40,41,33,33,18,40,32,29,44,41,11,38,33,43,35,23,30,27,36,13,34,44,41,45,32,32,40,36,48,33,38,36,18,35,32,14,35,48,35,34,15,33,14,31,38,38,29,35,14,37,30,12,27,6,35,33,46,13,34,12,30,31,18,14,25,37,39,29,40,17,36,10,32,12,30,29,38,41,15,16,17,17,33,16,31,32,33,41,39,37,35,32,29,31,34,34,36,31,31,31,35,11,34,34,31,40,39,17,32,12,9,34,33,40,37,39,16,26,47,40,39,45,42,15,34,13,36,13,15,32,32,18,49,30,28,30,29,15,34,33,36,10,11,42,35,41,32,33,39,34,32,15,48,41,24,31,18,35,35,34,16,12,37,38,27,13,37,13,32,20,29,39,41,38,37,10,30,41,39,39,38,42,37,35,32,29,29,16,31,18,35,31,33,38,32,41,14,43,31,38,35,35,35,30,36,34,30,37,17,29,37,31,20,35,34,18,39,44,38,32,10,37,30,34,29,28,41,31,17,35,35,16,34,33,29,41,38,16,13,32,40,30,10,41,44,15,15,38,29,33,8,35,38,37,17,35,40,31,33,12,31,35,31,34,18,13,37,41,36,32,33,37,16,31,31,14,43,15,32,13,39,36,40,14,16,35,37,35,16,35,41,35,34,39,37,20,43,29,29,18,36,38,14,42,40,39,29,39,33,34,19,11,34,40,16,36,36,39,14,17,43,35,19,15,39,41,33,35,38,34,16,12,35,37,32,41,14,32,17,15,16,30,34,44,34,40,36,28,24,31,26,36,38,39,38,32,22,34,29,41,29,26,33,36,12,18,34,17,36,13,36,38,41
37,33,32,45,31,28,42,37,31,38,38,38,39,34,40,37,15,36,39,36,38,35,34,13,40,34,36,33,39,31,21,46,36,37,36,15,51,40,25,15,37,37,33,41,32,13,38,36,35,35,39,24,35,14,32,34,32,18,37,21,32,33,15,39,40,39,26,47,33,19,26,10,45,33,36,10,17,37,16,17,36,32,31,38,30,36,41,29,41,10,24,34,33,41,32,34,19,38,41,17,31,45,43,48,31,28,23,32,45,15,34,42,14,36,43,32,16,40,36,34,24,31,18,34,34,33,27,16,8,11,41,40,12,32,33,14,42,18,33,39,35,12,35,32,42,32,48,36,31,15,38,31,34,40,30,14,30,16,16,31,39,40,28,36,40,32,31,17,39,35,13,15,15,31,32,35,34,33,33,36,15,20,42,37,37,17,30,34,34,36,31,14,29,34,21,31,28,11,34,32,29,29,33,34,35,16,33,16,14,32,32,16,39,33,33,44,27,29,37,36,37,34,36,33,32,11,46,32,12,40,28,30,31,27,30,13,19,36,12,31,34,32,43,23,13,13,35,12,34,14,13,15,37,34,12,29,37,8,35,26,29,15,38,42,33,34,20,35,16,14,12,35,42,16,24,16,30,30,30,40,34,30,41,43,18,17,35,13,40,26,34,33,15,34,20,21,43,13,32,35,26,40,24,20,30,32,37,32,39,44,17,43,37,22,17,39,34,38,19,37,10,33,17,34,35,31,24,35,15,12,13,33,37,26,36,18,40,34,26,28,18,42,17,37,17,42,15,40,24,31,37,34,15,31,32,17,33,36,39,11,36,34,33,38,21,36,17,31,47,33,28,41,19,40,18,37,11,19,19,33,12,27,13,39,36,38,18,29,37,33,36,18,8,31,38,31,25,39,40,37,35,33,31,41,15,15,43,36,45,13,34,35,34,35,36,31,39,34,31,14,10,36,14,36,31,34,35,34,38,38,31,36,32,15,34,36,35,19,14,20,30,30,18,18,35,32,36,37,18,9,34,40,15,40,41,16,11,31,34,20,10,35,9,24,39,34,36,45,39,22,38,43,34,38,34,39,42,33,27,42,34,31,43,36,32,34,29,14,22,36,30,38,38,37,26,40,32,40,38,13,32,34,27,47,15,36,38,40,11,24,34,33,38,18,37,16,35,33,9,42,17,36,35,33,33,15,11,13,39,12,35,42,38,43,33,16,41,31,29,33,39,18,39,19,32,17,17,37,31,31,14,39,32,43,31,14,34,12,10,43,15,31,42,36,35,31,37,26,30,40,38,38,41,18,28,29,33,19,35,29,17,36,39,40,38,31,15,35,32,38,35,34,33,34,15,37,28,19,23,32,30,15,44,12,33,10,33,35,31,33,33,27,26,35,34,35,31,11,6,11,33,31,36,7,38,17,29,13,36,26,40,28,36,13,37,19,29,30,35,33,33,29,15,33,13,42,11,36,32,19,7,28,36,18,35,32,39,13,20,41,25,33,38,45,17,27,18,31,35,35,34,30,38,40,34,16,44,36,33,33,32,29,40,34,35,35,37,28,35,18,33,15,33,17,36,35,35,32,27,26,45,42,32,18,39,14,32,38,33,29,34,16,18,43,37,33,30,26,16,13,14,37,16,18,33,33,34,30,32,15,42,34,30,36,37,36,43,9,28,36,35,8,15,32,16,17,38,32,13,27,17,31,32,32,14,32,19,30,33,36,33,14,37,36,25,42,43,36,34,38,38,34,38,36,45,37,33,39,32,40,36,28,33,37,9,15,33,34,21,18,33,11,39,36,31,13,17,32,32,38,35,11,32,42,14,14,12,41,33,33,33,32,12,37,29,12,33,36,41,34,30,45,19,17,40,26,27,36,34,32,31,37,14,36,16,36,32,36,16,34,10,35,17,37,31,12,38,34,39,31,26,12,44,12,37,31,11,17,28,29,32,36,18,38,26,32,31,27,31,36,35,31,45,23,31,27,36,16,33,18,37,31,34,35,10,10,18,38,34,17,33,35,39,35,42,25,37,46,39,32,42,42,9,34,34,33,15,38,27,33,30,13,30,42,43,40,36,36,41,18,29,38,38,30,26,32,14,33,26,45,38,18,35,32,28,15,22,35,17,38,33,40,33,37,40,34,33,23,30,42,36,33,32,35,45,28,13,29,20,14,41,38,37,40,17,39,12,37,39,32,14,39,34,18,29,41,35,30,33,36,27,25,16,36,37,41,17,33,40,38,12,13,33,30,35,41,34,33,38,28
38,35,34,32,17,29,20,37,41,32,36,19,35,16,40,43,31,35,31,17,29,27,39,33,30,41,32,39,32,15,11,39,28,16,35,24,15,33,7,36,31,32,28,18,32,17,14,15,39,38,15,38,34,35,20,15,40,32,34,17,37,16,38,38,15,28,29,38,18,16,31,33,39,10,14,42,40,8,38,36,32,17,14,32,35,42,15,40,32,35,37,40,37,32,37,38,31,8,16,43,38,42,40,30,36,31,40,22,33,20,17,16,35,11,32,46,14,14,31,12,38,33,14,30,34,41,33,43,34,30,38,36,39,33,40,38,41,16,39,41,40,17,15,38,36,30,13,13,29,37,43,21,18,18,37,19,38,7,42,15,33,19,32,26,31,29,36,44,31,42,14,37,34,27,32,17,36,27,15,29,41,42,39,30,35,18,37,32,34,16,39,35,17,9,28,24,26,34,32,11,20,31,43,32,38,37,19,21,33,39,18,31,35,37,17,16,37,39,35,35,36,12,16,43,16,35,12,15,13,39,31,43,13,29,43,32,33,40,34,34,16,41,32,39,39,30,27,38,30,42,36,42,42,37,14,36,41,19,15,37,28,14,15,41,33,37,35,39,43,40,37,37,34,40,27,32,32,25,33,33,34,40,40,44,37,32,36,36,37,38,37,28,36,35,28,24,31,13,40,41,29,16,37,33,38,8,14,31,28,12,39,30,38,34,20,17,30,36,11,29,39,17,34,14,39,38,14,39,17,37,11,15,19,15,27,14,31,32,42,11,17,32,35,39,12,37,32,40,33,17,37,35,35,30,34,14,21,15,29,47,30,42,30,32,17,33,35,16,33,14,35,33,28,44,37,34,34,12,16,10,34,45,31,38,8,12,41,43,14,35,35,33,30,37,39,17,26,16,29,30,17,17,32,31,32,29,40,37,38,33,31,34,28,12,33,33,41,39,33,30,9,15,44,10,36,11,13,37,19,31,15,40,36,31,33,19,43,39,36,33,44,11,20,34,35,22,33,38,30,33,42,24,25,37,17,38,19,15,22,30,33,33,41,33,39,31,21,18,35,31,43,29,16,35,15,30,27,40,28,14,37,30,15,30,36,34,37,17,33,29,29,40,36,29,25,35,33,37,31,32,12,29,38,38,26,14,19,32,37,13,15,12,34,31,34,19,32,43,13,34,19,19,21,40,31,35,35,34,39,9,40,21,18,42,36,40,33,37,29,39,19,17,27,33,32,41,33,36,26,13,38,38,31,39,42,28,18,16,38,32,31,31,33,27,15,37,35,32,15,18,33,33,32,30,40,37,38,41,43,35,37,22,33,40,31,43,15,36,33,9,29,36,41,35,38,39,44,28,11,34,29,12,41,32,33,16,38,19,41,32,8,40,38,38,33,34,34,17,37,31,22,19,30,38,12,33,30,35,33,34,31,28,16,33,33,41,36,12,10,34,13,15,34,41,38,34,32,29,14,28,33,42,35,31,29,31,43,13,15,33,34,45,13,31,13,37,38,20,15,39,14,34,33,34,37,35,16,36,34,34,40,29,14,37,21,28,30,36,38,28,10,41,42,11,34,30,34,40,31,38,32,9,28,33,33,14,15,34,17,38,33,33,43,38,33,32,20,37,33,34,15,15,34,30,31,15,26,43,30,9,34,37,33,31,37,38,14,34,32,37,13,39,33,38,12,13,40,29,38,34,39,33,28,27,32,38,30,41,12,39,35,16,36,12,28,36,24,36,32,12,17,37,38,37,35,8,39,13,42,35,34,14,16,12,11,26,35,34,35,28,46,34,12,39,43,38,38,41,35,40,13,16,27,42,34,29,39,34,29,11,35,32,35,17,34,30,40,32,34,37,35,15,33,16,20,14,35,18,14,36,26,29,37,21,33,41,21,28,44,39,12,23,21,33,42,12,33,39,31,15,15,37,33,28,12,15,37,35,19,16,38,35,14,15,34,38,18,12,17,13,37,40,40,21,25,34,28,37,37,11,26,11,32,32,35,12,35,33,31,37,43,40,36,37,40,37,25,34,13,36,38,32,33,27,37,26,11,38,32,23,29,41,32,39,38,34,42,27,37,42,38,33,30,30,33,34,38,38,16,17,41,29,33,35,16,33,13,25,39,39,30,23,36,31,37,32,36,34,12,30,7,40,27,39,34,15,33,19,22,35,32,37,44,36,18,28,38,35,34,16,37,37,25,14,36,33,36,38,32,26,37,45,40,15,33,35,37,18,27,30,35,14,19,40,36,16,33,29,11,15
24,42,34,15,44,41,29,29,15,43,15,14,22,39,38,17,36,47,39,15,30,12,34,10,37,36,16,31,38,37,30,44,12,39,31,19,32,36,38,30,38,34,31,35,30,14,29,49,35,43,39,33,31,13,39,23,32,7,29,30,42,37,31,18,15,36,16,21,30,35,34,25,19,32,35,35,33,14,12,35,29,42,17,39,28,33,33,14,40,32,13,36,33,20,32,29,26,25,28,37,34,31,29,32,21,35,12,17,36,40,10,37,38,24,28,32,41,28,14,44,31,31,33,31,34,14,28,27,11,21,31,31,35,31,39,31,26,41,36,31,27,17,40,31,24,12,35,31,24,29,42,15,31,33,37,32,16,14,15,41,35,35,37,32,34,41,20,35,21,34,42,35,36,30,13,13,37,34,42,36,17,36,21,38,32,29,35,37,36,17,41,15,34,38,30,17,17,28,33,31,16,40,35,23,41,38,31,33,36,39,30,33,39,17,41,35,35,15,20,13,20,15,28,15,14,27,35,14,42,13,31,34,37,13,12,41,39,41,30,35,44,16,14,16,12,36,34,38,29,35,14,23,31,18,42,28,37,16,14,38,31,30,15,36,14,9,15,37,33,31,35,39,32,36,36,12,22,38,41,34,14,40,23,37,33,34,41,33,18,10,35,39,28,37,40,29,32,34,41,31,35,37,37,34,30,33,35,34,28,28,33,33,33,18,35,35,30,36,15,11,14,29,41,32,15,39,16,34,37,28,43,28,17,20,35,35,15,39,37,18,27,10,40,35,34,41,43,38,35,29,30,29,35,35,30,27,37,10,39,31,26,30,40,34,31,41,29,13,31,27,38,35,32,22,37,35,17,43,18,41,39,8,44,26,32,40,36,24,16,37,47,35,15,17,38,40,36,25,35,37,36,13,16,38,38,39,28,35,34,31,38,39,30,36,38,31,34,36,13,27,31,32,30,37,38,26,32,38,35,16,17,14,15,30,15,35,19,16,27,16,29,39,35,39,17,39,39,28,36,33,40,39,40,36,44,39,18,14,35,36,30,29,29,35,38,33,39,33,32,33,28,33,29,43,30,12,35,37,32,15,41,18,19,30,30,18,37,31,30,35,36,13,37,11,35,32,13,35,38,33,37,43,12,32,37,34,13,16,17,36,32,35,40,8,33,38,18,31,39,37,36,45,33,27,31,33,35,31,36,32,38,20,40,33,41,29,23,35,32,35,15,12,15,14,19,38,36,22,34,13,43,17,30,37,37,31,37,28,17,44,31,13,35,34,34,34,33,40,46,15,40,38,19,20,41,32,41,15,37,16,31,37,12,8,41,19,40,10,17,43,43,16,12,36,31,35,34,41,27,38,37,11,35,8,13,29,17,14,37,30,35,43,31,30,34,18,35,30,21,38,7,39,33,38,29,28,31,10,41,41,33,36,37,18,40,16,38,16,26,18,15,32,40,11,14,35,8,38,28,37,40,30,14,27,38,34,34,32,36,15,32,39,45,37,19,37,41,31,34,35,39,40,33,41,16,31,13,37,15,43,13,16,40,15,39,26,37,31,34,18,33,13,16,35,40,12,32,20,40,33,21,41,34,37,39,36,35,40,19,30,10,30,38,39,40,20,32,35,30,36,21,14,42,15,37,41,42,33,26,36,45,40,37,23,35,12,36,16,35,37,43,37,13,12,38,29,32,30,14,35,12,15,17,14,34,7,34,38,28,37,30,41,33,29,35,40,28,29,36,13,42,43,34,35,9,36,16,11,32,10,34,17,31,42,15,15,38,12,30,21,42,16,26,36,30,34,40,37,37,26,27,39,28,16,40,40,12,29,17,36,29,31,29,14,27,34,30,34,36,11,35,17,20,33,36,10,40,39,15,33,11,20,37,35,36,44,39,27,32,18,37,39,45,25,33,34,36,33,11,28,38,26,36,37,34,36,29,18,36,36,33,38,16,39,42,38,34,16,32,40,16,47,25,12,7,13,14,35,12,41,11,41,34,11,15,37,43,17,30,37,15,48,17,40,17,10,39,41,32,17,45,10,36,38,35,39,33,15,33,19,35,16,12,38,40,11,34,35,36,37,41,30,34,32,31,32,10,43,38,38,39,23,16,37,36,39,27,41,35,17,38,35,7,13,39,35,18,41,34,33,44,36,37,25,22,20,40,30,36,40,35,29,15,21,35,39,38,34,14,10,44,36,33,24,43,28,39,12,15,35,33,33,20,35,33,37,34,14,13,13,32,13,35,45,15,38,17,27,43,37
42,24,40,39,36,20,40,18,35,37,42,35,32,35,37,42,35,7,17,35,33,15,38,38,34,39,32,35,40,34,33,36,14,35,32,37,40,16,41,38,34,42,12,34,18,33,34,32,24,38,35,33,21,41,36,32,15,34,33,9,44,36,13,40,39,28,35,42,29,18,36,42,36,17,30,14,33,29,29,21,41,42,26,10,27,29,37,11,10,15,29,39,36,37,35,31,37,40,16,34,42,20,36,33,33,37,11,14,12,26,31,32,33,12,35,36,12,11,42,38,11,17,42,32,16,36,42,38,13,12,14,39,29,33,25,36,41,34,26,32,30,18,32,35,33,34,43,18,13,34,34,40,27,30,19,24,37,42,39,26,38,15,40,24,37,16,20,34,18,12,39,36,32,38,27,46,35,28,19,38,34,43,38,17,39,39,16,17,35,32,34,46,38,40,41,34,36,16,31,32,31,21,42,40,22,38,32,38,38,35,20,13,30,35,35,47,16,24,33,34,38,37,29,39,10,27,30,32,35,17,35,32,29,32,11,29,27,38,21,31,41,19,29,29,31,12,29,36,11,14,36,33,45,39,35,14,32,42,43,26,26,28,37,40,40,30,14,37,16,19,39,35,14,38,36,19,31,31,12,32,16,32,33,15,48,35,38,37,42,11,28,15,33,32,27,34,30,25,29,42,16,46,39,33,31,16,36,28,38,37,36,37,33,39,32,38,15,17,36,11,15,36,29,19,46,14,26,37,37,33,46,41,31,30,29,34,37,11,41,33,30,36,32,13,40,32,10,36,34,42,21,38,36,35,35,17,21,30,41,36,31,30,35,31,41,10,29,13,18,32,37,37,18,17,40,38,38,42,32,36,32,43,37,41,19,30,34,15,45,31,36,28,20,34,31,35,37,39,30,34,15,39,40,38,29,31,40,33,13,38,38,37,34,41,35,35,11,28,29,41,34,29,16,15,14,17,32,38,37,34,8,16,41,48,16,34,35,44,42,14,36,19,13,31,37,43,33,39,38,35,37,35,33,36,37,27,36,29,30,38,17,13,15,14,35,41,43,38,6,35,40,9,16,39,41,35,33,33,40,32,39,26,28,44,45,14,12,40,38,34,14,32,37,36,29,31,33,33,37,40,38,31,28,45,31,31,28,35,30,35,18,31,14,42,30,13,14,42,34,37,38,35,29,36,37,37,35,36,41,27,42,13,16,38,39,29,30,40,39,40,35,42,35,17,38,16,13,23,32,14,39,36,34,38,35,31,27,35,28,35,17,30,30,15,22,8,12,13,30,34,40,39,37,28,13,23,9,7,32,45,41,13,31,31,32,9,34,38,28,12,31,14,37,45,31,16,40,31,32,36,44,38,33,32,33,37,33,28,31,34,14,39,33,34,28,32,35,38,34,9,40,37,11,16,34,29,41,29,31,29,38,12,34,9,16,31,26,30,17,11,39,17,44,33,33,36,32,29,28,38,30,14,33,43,15,35,15,21,37,28,38,34,12,37,34,34,15,39,40,47,35,40,15,38,31,37,35,26,44,30,33,40,40,34,30,26,29,19,15,39,35,33,28,28,34,33,32,19,31,10,35,35,35,38,31,32,10,32,33,36,13,46,18,24,30,16,9,32,10,36,38,8,35,35,35,15,38,17,29,35,36,39,48,39,28,35,42,35,31,50,39,22,37,16,38,29,39,35,10,38,42,34,12,42,40,34,38,30,14,32,41,35,16,46,38,13,37,33,17,33,16,37,41,33,33,32,13,36,34,16,27,17,33,40,32,13,17,38,38,35,37,19,16,14,33,29,36,33,34,36,31,29,35,16,42,15,26,35,11,29,28,31,13,41,11,35,11,43,37,28,31,32,29,31,26,38,17,41,38,32,35,12,16,13,35,36,34,18,32,38,25,40,38,16,34,39,36,39,34,28,41,17,40,10,36,28,21,40,38,22,35,41,31,30,11,40,32,11,11,14,29,37,17,50,40,16,33,39,35,24,11,38,15,35,39,40,12,30,37,39,16,45,7,31,39,25,35,26,37,12,15,33,15,37,34,38,15,37,35,40,34,33,32,36,38,39,14,15,39,37,43,41,18,37,30,43,40,40,31,39,42,34,43,38,44,33,36,31,28,34,19,16,30,23,39,19,13,13,33,29,38,11,32,32,23,40,33,37,37,36,34,40,37,34,40,34,35,34,11,36,39,37,37,19,37,44,37,40,30,38,32,15,15,45,34,19,43,31,34,17,9,17,20,34,42,37,12,43,35,31
35,28,33,31,16,34,30,33,25,18,16,34,34,37,37,17,40,15,35,35,17,34,27,31,35,33,36,35,32,25,42,42,30,45,34,32,35,29,41,36,39,13,36,12,9,39,13,35,34,32,18,31,41,16,43,39,40,36,30,38,36,44,34,7,27,42,36,10,40,35,16,42,16,41,32,40,27,32,33,33,33,10,33,40,8,36,35,41,35,11,32,33,38,34,30,29,43,34,34,18,31,11,35,28,36,35,18,28,34,37,36,36,15,45,9,16,12,38,27,42,32,34,12,35,37,9,23,32,33,33,11,13,34,15,17,38,39,18,37,35,37,37,29,8,17,37,35,33,12,30,42,38,17,37,31,37,12,12,39,39,37,24,34,37,39,39,20,26,13,41,33,42,29,24,7,26,31,39,31,11,24,14,32,32,38,15,33,38,10,43,16,38,30,31,41,8,32,31,15,15,21,36,32,37,34,39,39,30,32,40,35,35,36,33,13,38,30,36,18,34,13,38,26,40,37,29,10,28,14,9,39,15,17,15,33,39,13,40,36,6,37,13,39,40,33,32,34,35,17,42,39,33,32,35,10,12,36,33,14,36,14,31,44,27,32,31,28,30,38,17,39,39,34,34,33,40,39,36,33,13,10,10,34,36,26,38,13,37,33,24,39,39,47,37,41,12,9,32,38,11,35,39,44,42,12,18,30,31,35,13,43,28,35,31,33,38,38,12,12,40,18,37,13,18,37,17,39,10,34,13,41,13,15,30,39,38,28,38,29,43,16,39,31,37,17,31,8,32,36,14,25,42,28,36,25,37,32,42,32,32,38,32,33,17,35,31,42,38,40,31,32,9,40,32,12,11,12,31,27,43,39,10,39,38,34,18,14,35,32,23,33,31,27,35,12,40,37,32,40,29,37,27,35,25,18,39,47,8,13,34,9,41,30,9,18,35,46,33,41,34,36,33,14,31,14,18,33,10,39,42,35,28,40,38,21,37,14,36,16,35,32,32,26,40,34,40,43,17,16,35,37,32,29,11,36,44,42,33,34,11,34,42,39,16,15,18,40,38,10,35,32,44,29,34,42,34,36,29,24,45,13,42,31,44,42,32,15,28,27,34,25,16,41,35,34,45,35,33,11,38,40,15,34,40,37,36,45,29,42,34,19,9,42,24,30,40,30,33,31,36,37,35,35,40,37,28,44,35,32,40,34,11,40,18,40,17,35,14,33,28,35,19,33,18,36,37,46,30,18,19,35,32,35,37,18,31,41,45,30,13,39,43,39,9,40,31,32,34,27,43,34,31,12,36,37,17,15,29,33,13,38,32,37,40,16,36,31,35,35,10,35,40,20,15,41,35,33,37,34,10,35,35,41,41,31,32,38,38,34,13,39,34,17,31,39,40,37,19,41,16,15,35,35,31,37,43,29,28,32,31,30,35,36,31,35,42,24,44,18,36,34,41,6,27,35,32,29,14,20,37,34,30,36,32,39,38,23,30,19,29,15,45,34,44,16,25,38,39,10,21,35,42,34,29,45,37,33,12,38,13,32,27,36,14,31,14,28,14,30,35,14,19,37,37,15,29,33,32,32,39,34,18,39,13,16,36,33,11,36,35,34,39,37,19,29,38,35,34,16,8,26,27,36,33,36,38,30,31,46,37,32,33,30,30,34,12,32,35,35,16,7,15,43,27,29,35,29,16,45,35,16,27,14,38,12,25,41,14,36,37,24,20,41,14,35,11,32,34,9,42,32,41,30,32,11,32,38,38,18,40,43,16,36,34,11,40,33,13,35,11,37,39,46,41,35,34,42,27,32,37,38,32,15,13,40,43,16,38,40,31,41,37,18,17,34,35,34,32,28,35,39,29,18,36,40,39,29,16,30,37,33,32,35,16,35,38,36,14,35,43,36,17,40,33,16,31,36,15,36,32,17,34,37,31,35,12,34,39,42,14,29,40,45,15,31,42,39,34,42,38,29,11,35,36,31,43,30,40,21,9,35,35,18,34,15,34,39,40,17,35,31,36,33,36,43,32,14,35,17,32,35,36,16,37,40,16,48,22,39,24,7,17,33,34,30,28,29,30,34,39,20,10,28,42,36,47,36,31,44,30,17,33,13,53,37,6,39,31,30,43,32,32,13,10,32,37,15,44,20,36,35,29,35,18,38,44,44,30,31,32,32,36,38,16,41,18,33,31,32,34,39,36,40,34,35,14,40,34,10,30,15,38,29,38,38,28,38,13,34,13,13,20,32,37,35,35,15,39,26,37
35,39,34,17,12,34,10,40,30,15,33,16,43,30,30,35,37,13,34,33,13,44,35,47,41,30,15,28,37,15,44,18,15,32,43,31,36,15,35,16,34,35,38,39,33,14,30,40,32,14,35,39,31,35,37,15,18,25,28,37,14,32,46,17,27,14,32,15,32,15,33,32,35,36,32,37,13,33,38,37,27,39,8,18,46,36,37,33,30,44,14,27,13,35,41,44,47,34,35,34,30,38,33,28,32,14,30,33,14,12,42,32,37,18,48,38,28,38,38,35,35,35,26,41,35,11,33,40,35,30,38,41,34,42,17,29,42,31,38,33,32,29,14,10,18,11,42,35,17,31,38,25,29,19,17,17,28,37,40,44,30,35,28,33,29,37,34,31,31,27,12,41,43,32,35,35,42,42,33,44,14,42,42,36,35,31,39,35,36,32,37,43,32,25,35,31,29,16,37,41,40,21,32,35,17,38,18,11,21,35,36,16,39,35,17,11,42,18,13,35,31,35,30,31,43,21,36,15,33,16,39,47,32,19,15,38,34,10,34,35,39,38,34,34,42,20,41,11,34,36,26,27,39,20,42,31,35,47,25,31,39,37,18,35,25,42,26,37,31,31,15,36,40,16,36,30,30,18,36,15,33,34,7,40,38,27,12,38,40,33,15,37,13,34,28,33,38,31,35,25,34,16,33,12,36,19,38,19,32,17,32,44,38,30,31,41,38,33,39,41,19,39,41,25,28,32,40,25,12,13,35,42,35,32,32,37,12,35,35,34,28,31,39,36,35,39,38,32,34,39,32,38,30,16,21,33,31,27,40,40,34,43,38,40,52,12,32,21,35,12,32,42,26,37,32,38,28,37,9,42,35,40,14,36,34,29,33,41,39,40,20,31,32,40,42,14,36,30,37,29,34,37,16,33,18,38,14,35,31,33,36,34,13,25,38,33,36,30,28,41,37,31,34,33,38,39,37,44,30,33,32,33,36,16,43,17,15,33,33,13,34,30,45,35,34,30,40,43,40,26,21,33,37,32,14,28,15,16,16,36,20,27,31,41,20,27,16,13,37,39,11,44,14,13,34,32,42,28,27,36,31,36,27,14,22,38,33,41,40,43,26,36,27,32,30,17,45,38,10,44,16,11,35,17,37,36,20,36,20,30,39,33,45,14,32,37,29,33,39,27,33,33,30,17,17,11,37,31,40,43,35,31,37,17,34,33,44,30,38,28,37,47,36,34,40,26,40,37,22,26,35,41,42,32,39,41,9,28,35,43,13,39,17,19,34,27,14,32,29,20,31,29,38,7,44,37,29,39,37,32,36,36,31,14,31,38,34,30,14,31,32,29,28,39,39,42,37,36,13,12,43,19,40,28,41,34,12,36,40,41,29,33,44,37,17,30,33,40,33,34,39,36,38,43,37,33,35,16,31,36,17,32,38,34,32,34,34,22,26,9,15,38,34,25,21,6,33,35,36,36,29,32,30,33,34,37,38,17,14,42,33,36,39,11,20,37,40,34,32,38,48,43,37,22,33,14,35,37,39,29,34,36,39,34,35,29,40,35,20,19,34,40,28,33,37,31,32,36,17,14,37,37,33,34,39,34,32,41,17,32,36,14,33,33,37,31,41,39,18,35,18,27,30,15,40,38,38,10,39,15,31,30,34,42,41,29,41,36,12,12,20,34,45,42,30,41,36,16,17,34,29,40,42,32,36,37,30,18,46,31,36,8,34,35,29,34,32,22,41,27,20,10,33,31,38,38,41,30,10,30,31,8,32,8,32,35,16,34,12,42,32,35,35,38,19,34,31,10,31,34,34,32,37,30,31,38,41,31,28,30,41,35,19,39,28,15,34,45,30,37,43,33,37,17,38,31,14,42,37,36,17,40,32,38,37,37,32,16,34,35,14,27,35,35,32,41,28,14,38,31,31,11,16,35,36,33,40,33,37,41,35,37,44,39,31,36,28,37,27,16,38,34,35,31,31,15,20,41,28,42,45,34,30,34,8,31,16,26,23,18,11,32,32,15,32,34,35,13,35,40,31,17,39,33,37,15,40,29,37,33,20,23,2,45,22,24,27,30,40,15,12,30,36,29,37,31,26,35,32,33,17,39,41,37,15,35,16,31,30,31,33,21,44,26,45,33,33,14,39,35,12,11,13,31,40,13,35,32,35,48,34,31,38,15,14,32,33,30,38,30,36,35,39,15,35,32,42,42,39,9,39,36,30,18,33,29,36,36,40,38,14,39,35,32,15,33,32,40,35,38
45,44,36,35,29,27,38,34,40,32,10,34,24,35,46,35,40,37,15,19,41,32,39,43,10,38,20,11,38,33,30,30,42,12,16,26,42,16,33,22,34,32,35,21,35,19,37,41,8,13,39,32,30,40,20,19,42,41,41,22,20,16,36,13,31,37,47,14,31,34,33,17,40,13,25,17,38,38,35,21,43,46,34,34,39,33,37,19,20,40,30,35,48,36,15,15,35,36,34,35,37,38,36,34,32,48,37,14,35,32,25,35,36,41,38,13,36,37,38,13,13,36,40,31,18,26,15,38,40,37,40,14,29,15,13,17,15,35,36,11,22,20,33,33,15,30,38,16,32,33,29,30,40,37,38,35,13,31,32,26,35,40,36,42,38,13,30,34,33,29,36,15,16,31,38,22,16,32,45,41,30,29,25,12,13,13,13,30,35,17,39,24,33,7,26,13,31,31,18,39,18,36,13,40,31,30,39,33,35,29,32,38,50,30,14,42,34,31,38,22,46,41,29,16,17,23,22,41,18,33,30,17,29,27,35,9,38,27,41,42,31,11,39,28,17,29,37,14,33,39,38,40,38,24,17,38,16,43,39,39,34,20,30,29,30,35,30,34,41,17,38,27,39,39,42,36,29,35,14,34,23,28,36,29,37,38,34,22,32,35,30,29,45,38,16,39,32,35,38,16,39,31,12,16,32,19,34,32,31,31,14,37,10,33,38,35,10,35,33,27,27,37,27,24,18,37,37,9,43,38,33,16,43,30,27,34,34,10,32,40,20,29,36,40,14,35,39,40,36,32,39,7,37,15,15,24,32,14,49,47,34,39,43,17,35,35,12,42,37,28,37,33,36,35,17,10,29,33,27,38,39,15,33,35,37,38,36,33,37,30,27,37,18,12,29,42,36,28,42,33,39,27,24,39,38,38,30,11,33,33,35,15,41,37,37,29,37,42,19,34,18,18,28,29,34,39,14,21,34,19,31,41,40,41,32,12,33,39,10,33,16,37,28,30,34,38,15,18,35,40,31,36,20,41,35,41,39,29,35,25,41,17,20,30,10,33,35,28,35,12,35,32,36,13,28,21,35,34,12,33,10,33,14,10,34,32,38,12,13,18,33,32,32,36,42,20,37,36,38,30,40,13,13,22,17,27,41,25,19,41,33,31,32,27,20,40,37,39,23,37,35,20,15,19,39,38,41,30,34,23,12,18,16,32,38,27,35,35,33,40,36,31,38,27,30,26,11,14,14,11,39,32,15,40,13,38,10,19,34,21,30,12,39,37,27,26,44,34,38,40,38,30,36,36,14,47,35,40,39,38,10,32,26,27,11,35,19,36,18,41,13,32,10,15,33,32,21,12,41,29,32,35,38,30,32,26,13,50,38,12,20,35,25,13,20,30,41,53,17,11,36,33,20,37,36,19,40,36,35,32,17,36,22,21,36,33,17,41,36,34,14,33,41,38,33,32,30,35,31,13,24,29,33,38,28,42,28,38,33,28,40,32,28,40,30,12,35,40,13,38,29,39,13,38,36,33,43,42,43,35,33,15,33,38,12,38,25,38,18,38,29,13,13,32,33,32,40,36,36,12,34,34,14,16,31,31,12,37,40,44,37,33,18,36,33,30,46,37,33,41,39,17,27,17,42,37,37,32,12,44,31,16,31,42,40,18,17,34,40,13,35,28,31,35,38,15,7,41,35,31,30,36,38,38,37,35,32,36,17,39,35,18,35,32,32,34,32,35,13,29,13,35,34,36,15,37,34,35,30,14,39,32,42,34,35,38,44,30,19,48,29,40,39,33,31,36,25,29,39,28,33,40,36,37,39,28,35,33,42,10,40,36,39,15,31,36,32,40,39,38,23,36,31,32,41,38,15,18,42,43,31,40,13,29,13,25,40,32,16,10,30,17,35,40,43,31,35,16,14,31,20,42,35,33,28,11,35,29,40,16,37,31,39,32,34,30,38,40,34,45,32,29,37,33,34,14,33,19,45,15,10,42,35,28,36,23,34,41,37,29,36,29,40,34,39,27,42,35,39,34,12,29,40,37,22,15,30,35,39,41,34,38,12,35,32,30,14,29,16,37,16,41,34,25,36,38,14,35,16,39,37,29,43,14,40,29,33,16,30,14,33,33,39,34,12,34,38,32,15,38,36,28,36,39,33,36,41,28,34,40,37,31,31,34,28,30,32,33,37,37,14,32,35,12,34,32,37,22,31,39,34,28,44,33,17,33,13,29,31,11,19,49,18,15,40,17,17,37,9,30
38,37,35,31,36,32,44,37,25,38,40,33,41,40,35,22,16,31,32,36,35,34,13,41,39,18,11,14,32,21,28,17,36,14,30,13,35,28,35,34,14,45,15,36,29,32,13,37,14,45,28,27,38,41,34,26,29,12,16,33,34,32,31,12,15,42,9,38,41,14,26,39,38,31,47,39,33,19,23,17,28,36,39,34,37,35,33,32,10,29,37,34,36,21,30,15,37,13,12,36,20,40,16,9,37,31,30,28,18,36,33,39,35,33,40,36,35,16,29,34,32,39,25,11,39,36,16,38,9,34,29,36,21,43,13,27,30,13,30,30,35,36,39,43,25,17,33,27,13,30,12,16,33,28,11,34,41,36,38,33,32,34,33,34,38,34,32,41,16,30,36,36,17,13,40,41,34,42,32,35,16,17,32,17,49,37,36,46,32,35,35,30,29,38,16,39,36,28,20,16,14,40,46,35,36,16,31,28,33,40,42,38,39,11,41,18,29,33,29,37,32,52,33,34,40,32,26,29,12,17,32,37,15,36,17,18,35,13,13,36,33,33,32,29,30,40,36,40,35,38,45,16,20,39,36,33,37,36,33,22,35,28,35,12,30,38,36,35,43,35,35,12,38,39,33,34,38,9,29,38,21,38,40,14,20,17,35,14,28,29,36,40,41,38,10,30,15,39,29,35,39,33,19,29,30,33,14,12,28,16,21,16,11,39,35,34,38,34,32,25,15,10,12,15,36,45,38,38,25,31,32,27,35,38,31,9,32,9,36,14,13,32,43,34,14,35,26,38,36,30,34,16,33,18,12,35,15,16,21,28,40,30,41,35,38,50,40,39,17,32,34,34,33,32,15,36,32,33,36,31,33,34,36,41,33,40,31,35,28,36,35,31,37,39,13,38,32,35,31,11,33,43,41,25,23,31,15,39,14,27,23,31,36,33,44,15,39,14,27,39,34,34,18,21,40,26,42,35,38,39,36,33,25,31,17,29,32,33,17,31,18,21,41,15,41,12,36,37,14,10,31,28,36,38,15,35,35,39,41,39,17,31,42,31,38,39,35,33,33,42,31,12,36,14,35,14,28,39,36,32,17,12,35,19,33,38,37,36,43,39,39,33,29,37,35,17,42,33,15,10,33,13,38,41,21,35,15,14,29,37,33,35,37,38,25,26,13,37,36,37,33,15,36,31,15,31,34,35,40,38,11,15,12,43,9,35,39,33,38,36,33,15,39,38,42,40,29,16,33,24,27,13,33,30,39,41,33,38,34,35,31,37,35,19,37,33,33,38,9,33,24,31,38,12,44,37,33,35,19,13,38,41,14,36,15,12,10,33,43,25,29,31,37,32,35,35,13,34,34,32,47,14,39,34,34,31,32,37,32,14,35,18,34,22,37,48,37,18,7,34,15,46,13,12,34,31,32,33,38,43,38,28,19,29,16,33,19,31,14,33,38,11,33,11,40,19,39,33,36,38,37,31,31,37,32,14,26,33,39,33,42,26,33,18,31,35,27,42,35,33,31,31,33,35,12,41,17,29,13,35,29,29,34,30,27,21,39,12,32,39,42,36,38,22,42,33,39,43,32,33,41,38,18,40,40,28,31,35,45,20,31,43,38,11,16,17,36,38,32,38,35,10,36,29,29,32,36,37,41,39,35,37,33,40,42,40,32,31,38,46,36,34,29,16,38,30,12,29,13,41,14,34,38,40,45,14,14,16,38,12,35,32,37,36,32,36,33,36,17,14,31,16,39,39,38,29,30,16,10,28,10,37,29,7,10,31,35,32,31,32,35,33,38,42,31,16,16,34,33,21,13,28,34,34,7,32,16,34,33,13,35,44,16,12,19,39,30,35,26,32,32,30,15,37,20,33,28,16,32,12,36,36,33,31,38,33,36,17,32,21,10,39,32,40,35,16,41,17,32,13,33,35,31,32,37,46,34,15,34,25,17,33,37,41,31,33,21,34,17,34,29,39,43,35,29,41,17,37,40,33,32,41,43,32,35,33,33,37,17,41,34,10,36,42,37,37,11,18,46,44,35,41,33,37,33,41,35,39,34,39,33,16,10,14,32,12,15,36,36,38,33,37,38,39,34,11,18,9,39,37,31,14,18,32,35,33,38,32,36,14,39,39,15,37,39,14,36,42,10,27,26,38,13,15,32,42,40,42,11,10,32,31,34,35,14,25,34,32,34,18,34,39,39,42,34,35,15,14,14,42,45,29,38,33,38,38,13,32,43,35,15,14,17,40,35,20,42,13,13,16
33,38,39,37,16,13,11,16,37,16,38,32,36,41,9,12,17,26,29,34,36,39,35,18,33,37,32,27,8,39,12,30,36,38,19,12,35,44,21,34,38,35,29,16,39,35,27,31,33,36,42,27,41,35,37,33,38,35,30,9,35,15,17,13,31,35,39,39,36,38,13,46,35,42,16,38,17,16,30,33,30,15,34,37,29,23,44,30,42,21,40,31,38,31,36,36,14,40,16,39,28,37,17,37,29,13,37,27,13,35,37,34,16,35,32,14,13,13,24,27,10,37,33,35,9,12,17,33,39,22,41,32,34,15,35,35,14,16,13,40,35,14,20,25,33,34,14,28,34,19,42,9,31,39,35,18,13,40,12,32,26,31,30,16,29,38,33,34,33,15,35,28,11,31,34,37,39,37,31,15,36,9,35,31,31,40,38,13,40,35,23,37,35,37,34,27,36,9,17,40,21,32,17,18,38,36,35,47,46,15,36,31,14,34,34,37,15,32,14,33,36,31,41,37,34,33,17,40,34,37,18,13,41,33,37,37,44,14,26,33,16,22,37,34,42,24,14,38,38,40,30,32,34,35,34,34,35,34,8,30,37,28,30,12,32,28,36,12,27,36,31,33,13,36,28,33,40,24,41,33,36,36,10,36,10,33,17,36,43,42,32,32,18,36,30,30,33,28,31,8,47,31,14,34,39,31,39,35,12,30,18,15,12,38,41,34,35,34,38,36,20,37,28,14,37,36,14,38,43,38,12,38,15,39,41,17,13,43,32,33,38,32,32,40,12,15,35,33,14,35,36,13,34,15,37,42,37,45,9,29,12,17,34,35,17,25,33,39,34,41,32,30,33,33,19,17,30,34,34,13,32,39,30,16,34,37,37,27,12,33,32,31,29,31,22,34,40,33,12,35,30,36,31,14,28,16,19,12,17,38,26,40,37,33,31,33,30,16,27,40,35,35,15,20,35,30,39,27,36,40,36,9,31,39,13,29,26,34,35,33,14,22,15,12,33,34,43,12,32,37,29,34,28,36,10,10,28,40,31,34,37,38,14,36,43,37,34,11,40,26,40,37,33,30,46,30,38,35,29,34,34,15,43,35,35,32,31,41,40,28,37,40,30,16,17,35,25,33,16,46,35,34,14,36,40,33,40,14,33,42,41,41,32,28,42,19,35,36,34,41,38,19,21,37,39,34,32,30,39,30,36,34,33,17,37,16,31,34,39,38,30,40,39,28,35,15,31,34,30,15,17,18,31,47,35,15,33,10,8,39,26,31,32,34,35,18,34,18,32,12,31,39,35,32,43,33,38,32,13,37,35,39,33,34,35,38,12,29,13,13,22,32,14,14,38,14,14,13,35,15,42,44,33,35,26,16,29,33,39,29,29,30,34,25,30,34,36,39,31,45,28,14,42,37,38,36,21,31,43,29,38,12,29,30,38,42,26,19,35,34,19,9,16,39,37,32,21,33,41,41,14,18,31,14,13,31,32,22,17,14,30,36,37,20,44,39,33,8,42,31,38,34,32,40,35,30,32,30,35,24,42,39,13,33,10,33,21,43,31,36,18,46,28,17,35,38,27,30,32,36,35,39,25,17,34,21,36,11,42,37,30,14,39,34,37,33,20,34,33,10,43,27,40,36,39,40,34,17,29,36,34,40,43,31,38,29,46,37,22,19,13,40,31,35,40,36,33,13,40,13,26,15,16,37,16,14,22,16,39,40,32,30,18,31,39,12,35,33,28,34,40,28,44,33,31,23,39,36,34,29,40,38,17,37,35,28,34,35,39,33,24,34,12,10,36,30,30,40,32,29,14,39,30,44,26,36,40,19,22,35,38,42,32,31,34,31,15,23,15,39,43,7,31,41,18,31,38,31,33,39,33,33,34,42,14,28,36,34,37,13,16,16,39,38,42,39,42,14,18,30,14,42,35,42,44,35,33,12,13,30,48,18,14,41,39,28,16,35,30,20,39,18,35,31,28,46,31,38,30,30,34,36,9,33,31,27,31,15,31,33,26,34,34,21,33,13,43,12,33,36,32,37,36,41,22,37,35,21,37,34,37,17,32,9,32,18,35,18,30,21,27,44,30,10,40,10,44,28,28,40,15,35,12,15,17,11,41,15,30,17,38,46,36,8,35,27,38,30,35,38,32,27,28,27,33,36,37,30,30,47,12,40,34,17,41,20,12,38,32,33,13,29,37,28,41,18,19,45,38,10,30,31,35,36,40,36,12,36,22,31,37,37,22,31,30,34,25,38,23,31
41,37,36,17,35,37,41,39,44,16,11,37,39,31,32,40,34,15,44,32,39,29,35,10,47,31,32,29,28,16,34,31,38,19,40,36,39,35,42,40,18,30,31,30,34,34,40,36,29,39,37,38,41,39,38,15,38,14,19,33,33,37,19,37,38,35,17,35,43,41,27,39,40,41,34,33,28,17,33,44,23,35,32,41,39,29,20,39,20,12,38,16,12,13,34,37,42,39,45,27,37,25,35,14,32,41,39,48,33,31,35,29,17,38,32,33,38,30,28,32,25,35,39,32,20,27,39,27,34,34,34,42,41,13,34,45,32,28,41,36,42,34,15,27,34,20,36,34,36,16,11,35,39,44,38,34,40,33,30,32,40,40,35,26,37,35,19,13,34,33,31,32,10,28,31,13,41,32,33,34,37,15,40,39,35,8,38,33,32,19,18,43,19,35,34,39,19,8,31,32,15,39,14,43,33,37,20,35,32,15,35,42,38,40,27,36,33,33,32,14,35,45,37,14,36,8,42,45,14,39,40,28,33,29,35,37,37,32,13,16,35,34,14,31,38,33,17,32,34,39,33,40,33,18,15,39,36,32,37,34,14,31,39,36,29,13,36,37,16,15,41,37,32,44,33,28,36,36,42,40,17,16,17,41,32,34,18,42,34,36,39,36,30,41,15,35,34,27,34,32,32,34,38,35,41,44,17,37,34,37,32,29,37,9,36,32,37,9,41,41,37,19,12,31,33,34,30,35,37,31,31,33,39,33,36,29,42,14,11,31,34,26,38,31,11,13,14,40,38,12,27,34,35,33,36,34,33,43,25,35,39,12,32,39,30,13,7,49,14,37,32,35,47,36,15,15,38,26,35,36,35,31,39,35,15,17,10,32,43,41,28,39,39,16,15,11,21,16,31,35,14,15,12,17,23,15,43,26,33,29,37,28,35,12,37,39,14,29,33,40,33,18,40,41,37,22,39,37,14,14,8,15,33,38,40,38,15,30,10,32,32,37,33,37,27,39,34,35,34,28,14,30,29,36,35,14,31,24,33,35,25,39,30,36,29,20,14,36,38,15,32,38,38,14,19,39,36,32,12,41,15,30,10,19,13,35,39,13,37,31,39,34,13,31,37,39,32,16,30,32,32,20,18,32,17,34,9,12,14,36,37,35,18,44,20,48,27,36,12,29,43,34,15,34,17,37,48,38,44,41,15,12,38,35,45,39,16,24,31,44,39,35,37,16,16,18,37,12,13,41,31,15,35,11,24,32,20,32,34,44,50,38,39,33,16,39,15,33,34,30,34,42,15,19,40,32,29,34,30,37,36,43,16,37,34,18,33,20,43,14,29,33,34,30,37,30,40,29,31,12,9,33,21,47,40,43,35,37,39,35,32,33,30,35,37,34,31,17,32,32,35,31,15,27,37,41,31,13,33,26,13,35,40,41,42,27,22,37,39,32,34,35,34,31,30,42,29,33,35,9,12,26,29,33,29,35,41,14,35,20,31,35,31,16,41,36,41,32,36,37,21,33,28,35,33,32,12,9,19,37,28,36,38,39,15,20,12,35,36,20,40,18,35,33,36,34,33,49,44,39,29,20,41,34,41,33,16,26,39,38,13,31,30,34,39,29,27,16,37,41,47,22,33,38,38,35,26,20,35,28,46,13,33,32,23,39,10,40,12,13,15,34,17,34,33,26,46,40,34,16,15,30,35,41,39,35,41,35,33,40,34,18,35,13,31,39,36,30,32,15,33,35,44,35,30,31,40,20,36,17,17,10,26,14,36,30,30,37,34,39,18,17,39,20,39,38,15,32,31,35,18,40,35,17,34,32,34,15,9,32,41,28,42,37,37,28,30,43,39,31,30,34,32,34,33,30,12,37,37,33,38,38,28,16,38,40,30,17,30,25,36,26,43,37,37,38,14,34,42,37,31,40,31,15,18,20,38,43,20,8,17,37,29,32,32,36,35,30,35,41,12,33,33,25,39,13,39,15,39,38,30,34,35,40,18,27,33,14,11,28,30,21,40,37,12,34,38,32,37,16,34,33,34,37,28,26,27,40,33,37,29,29,8,47,37,35,35,34,36,15,38,32,18,35,30,30,33,13,10,15,18,15,32,16,39,33,41,37,40,42,28,29,15,28,44,32,33,34,34,32,27,28,38,20,39,13,12,36,30,38,31,35,37,31,21,12,11,10,33,40,40,20,11,37,29,36,39,32,39,33,16,17,32,34,29,19,35,38,17,19,35,42,41,32,38,33,37,37,35,41
10,38,15,19,39,44,33,16,37,12,39,32,28,40,34,21,29,13,32,38,25,9,15,37,40,32,27,33,15,35,11,41,32,35,33,39,31,32,36,36,35,39,26,37,19,36,36,36,35,37,33,17,33,26,31,34,38,32,38,42,43,33,31,38,20,31,13,32,32,13,42,27,36,16,32,31,14,33,25,12,33,39,40,40,46,16,35,33,36,28,36,32,37,39,38,16,35,12,13,36,17,29,15,15,46,36,39,15,35,29,36,35,30,33,23,45,32,14,37,32,17,38,40,36,38,20,41,33,47,11,15,36,33,34,37,19,37,30,41,15,16,21,20,34,17,41,35,34,15,32,32,35,42,33,36,11,13,12,34,44,35,31,40,34,34,31,35,26,33,29,31,34,34,16,13,46,33,33,37,19,28,11,39,34,44,39,35,30,29,34,21,34,37,32,38,37,35,33,46,36,25,41,38,37,32,36,33,31,39,34,27,33,30,18,27,32,14,14,17,40,39,34,17,21,35,35,34,35,39,46,30,16,35,29,16,37,17,37,33,28,14,13,36,29,13,18,9,32,33,37,44,37,26,11,35,30,29,18,10,33,16,31,32,18,33,30,30,38,39,38,27,35,10,37,43,10,50,36,11,39,27,32,14,43,40,34,36,27,37,41,11,12,26,34,20,30,36,19,30,40,34,29,15,37,30,32,40,41,14,42,31,17,35,21,48,29,18,39,36,16,29,29,33,35,46,16,20,40,34,20,40,14,21,32,34,27,33,17,40,42,19,40,32,39,37,37,35,18,16,37,41,34,12,14,36,31,33,44,15,35,39,31,23,33,45,18,35,40,41,36,18,39,14,17,29,40,37,12,8,36,17,45,33,48,42,43,39,34,32,7,38,11,19,36,41,31,35,34,15,35,39,39,35,12,38,34,31,12,34,39,17,34,8,11,29,36,16,17,40,31,38,37,13,39,36,40,35,36,36,36,43,35,33,33,23,19,37,19,42,34,31,41,34,33,35,13,31,27,27,38,36,43,36,13,32,40,36,25,9,33,42,35,13,45,14,39,35,34,32,11,31,19,18,30,39,20,39,38,41,35,34,38,12,33,32,37,33,32,17,28,16,35,32,43,10,17,38,39,25,33,9,15,13,22,14,21,15,37,45,37,35,34,35,20,31,29,33,40,44,37,40,42,30,39,37,39,35,41,22,17,39,39,42,17,29,47,37,37,36,31,30,31,36,26,39,38,37,37,32,33,33,21,37,37,38,11,26,39,37,33,28,32,30,40,13,15,16,39,34,37,40,9,36,42,37,13,15,13,34,32,33,34,18,28,34,13,35,39,34,37,34,37,17,11,15,38,16,34,35,36,36,35,12,28,14,15,28,44,37,22,35,38,35,30,36,15,30,42,27,37,42,18,33,32,45,38,40,35,19,39,10,34,10,33,27,18,38,36,20,26,39,31,36,16,18,35,32,22,19,32,15,30,33,28,16,32,16,31,42,33,31,32,37,31,38,15,23,35,34,29,18,16,34,30,40,43,16,38,40,35,36,29,35,29,10,37,13,15,38,32,23,37,37,34,34,36,26,17,35,34,40,36,37,29,13,40,41,33,34,18,37,38,39,37,31,45,34,40,14,36,37,39,31,32,44,31,29,42,33,8,30,41,32,15,46,36,35,42,37,28,36,44,33,25,39,36,41,15,34,17,30,50,19,32,28,15,35,30,14,20,37,17,33,36,35,31,37,14,27,38,32,36,16,34,32,35,35,11,36,34,35,14,39,34,34,40,40,12,31,40,29,30,28,38,34,16,35,40,14,36,37,31,27,29,28,43,38,15,32,17,33,22,15,15,35,13,10,36,42,46,38,44,14,17,38,35,31,37,28,33,19,39,27,36,31,36,19,36,35,32,42,41,38,43,16,33,34,33,40,39,41,32,41,29,14,17,24,41,28,34,21,15,11,22,18,31,17,31,32,15,38,40,35,16,29,14,17,40,32,39,29,32,37,30,34,27,45,15,24,10,34,34,36,23,17,21,38,18,41,31,34,13,19,34,29,33,33,10,28,29,14,35,34,33,35,18,46,26,40,38,28,38,38,8,33,36,40,17,42,37,31,10,34,11,31,34,17,28,20,37,17,37,22,45,36,48,37,15,13,36,29,32,37,28,31,22,33,32,35,38,10,29,37,34,20,39,32,42,8,34,33,13,37,35,37,27,28,41,32,30,43,36,42,14,27,33,24,37,32,36,26,40,36,45,27,39,41,18,17,14
27,20,31,39,13,34,36,34,38,18,36,43,16,34,31,19,31,31,32,40,36,34,35,34,41,29,36,36,33,37,47,34,34,31,37,43,34,12,38,35,32,30,24,34,30,39,29,34,16,44,12,34,16,35,39,14,31,32,30,36,33,39,24,15,34,34,11,34,31,32,38,8,20,36,11,40,30,40,36,35,32,34,19,33,46,18,37,42,6,11,38,27,37,28,33,35,14,11,37,36,35,48,19,31,15,10,36,40,33,33,36,30,30,18,32,42,41,8,45,28,37,34,31,13,35,31,11,36,36,40,38,33,22,29,40,10,43,34,44,38,38,27,39,24,12,34,31,36,12,32,13,33,15,30,33,33,29,34,33,34,33,31,30,39,27,32,13,45,12,15,36,40,48,14,31,38,36,36,35,32,47,22,43,33,32,32,35,32,13,37,35,9,38,31,31,35,15,31,43,37,25,16,48,38,39,36,27,45,32,25,32,30,37,34,35,39,28,32,34,33,36,41,10,19,42,16,32,22,39,14,30,28,37,34,36,31,31,34,37,15,41,37,25,30,32,29,34,27,26,34,41,11,26,14,31,32,19,35,25,29,42,34,35,40,31,15,38,36,35,22,32,37,20,30,14,15,34,35,36,36,31,35,38,33,37,24,17,35,36,12,11,37,11,28,33,9,39,16,32,37,24,33,16,31,14,38,31,35,36,35,38,44,18,33,12,31,14,39,34,35,35,37,44,19,31,29,12,14,31,34,35,26,32,32,12,38,35,22,32,38,40,17,34,35,19,12,17,32,33,13,40,33,40,40,33,40,11,31,15,30,34,36,16,34,34,35,27,27,30,12,25,28,38,34,36,40,39,28,35,13,34,37,39,13,34,33,37,32,12,15,42,15,45,31,35,35,39,16,34,35,31,40,39,28,31,32,36,37,32,34,31,30,42,34,35,29,13,30,29,37,38,38,13,36,36,39,34,36,32,40,40,39,15,36,36,45,40,31,10,36,14,39,16,9,31,39,35,39,23,11,11,30,30,40,12,37,41,30,37,34,29,36,32,12,37,13,25,16,30,15,33,34,25,30,36,13,34,38,42,40,40,40,44,22,29,34,39,37,14,15,37,32,35,32,41,9,28,15,22,15,41,28,14,16,13,29,32,32,13,35,25,15,26,40,14,15,37,15,28,11,32,28,32,14,18,36,38,43,34,36,43,31,24,15,41,30,15,38,21,18,31,37,18,38,39,35,37,37,33,35,17,7,16,31,41,35,37,14,30,36,35,31,43,17,38,36,29,10,40,16,36,34,17,33,37,15,35,34,18,20,38,11,34,47,40,44,37,43,36,31,16,32,27,32,28,34,39,13,29,32,39,32,37,39,38,39,37,35,40,33,39,37,27,15,16,13,33,15,33,14,36,34,41,42,36,35,30,28,33,43,38,37,39,45,10,36,47,31,45,13,20,30,32,8,37,39,36,11,34,19,24,43,41,15,28,13,39,31,16,37,37,32,30,34,34,37,14,9,41,32,34,29,40,27,35,11,41,16,30,40,31,35,29,41,30,30,37,39,25,33,30,32,13,40,42,25,32,36,25,38,32,35,15,37,39,25,13,29,40,44,44,31,14,19,41,31,39,35,31,30,17,26,13,12,34,39,37,16,12,31,15,17,31,13,37,28,28,11,35,35,32,15,32,39,40,13,33,40,34,35,32,35,30,38,28,16,12,38,30,29,36,29,19,37,32,35,36,38,15,31,35,37,32,38,42,12,30,37,37,34,42,41,38,37,39,17,34,32,11,20,20,33,35,19,34,18,33,20,34,37,31,6,32,38,31,31,31,11,35,17,14,25,33,10,39,27,11,30,37,45,25,37,39,40,35,32,38,38,44,16,31,18,12,35,32,14,11,31,41,33,30,26,38,13,34,45,11,29,32,33,35,35,14,39,35,34,36,40,13,30,40,43,32,34,10,37,11,36,11,39,17,43,33,41,39,28,36,20,37,36,16,29,9,35,29,15,41,16,33,27,36,35,12,14,35,30,44,35,38,40,34,35,40,36,16,36,40,37,33,30,30,17,17,34,23,29,27,27,40,32,18,30,33,31,31,27,16,42,33,14,37,10,31,10,18,12,30,38,39,41,13,34,28,30,37,46,35,29,34,42,44,40,37,36,13,27,30,34,36,35,39,34,17,35,19,31,14,34,38,33,32,37,34,31,11,34,14,13,31,35,30,32,25,35,34,12,36,10,38,36,39,20,45,34,35,30,13,43,19,43
31,32,36,36,12,34,9,26,37,18,35,33,31,25,42,32,15,12,26,38,11,35,12,35,40,30,19,34,36,43,38,37,16,42,29,37,33,13,32,43,37,17,32,36,36,21,13,35,26,44,11,40,37,10,33,40,40,36,15,20,15,11,38,36,35,37,38,31,39,36,38,38,7,41,15,34,18,45,32,35,36,38,30,11,40,29,32,42,33,33,30,13,38,28,25,37,14,31,37,36,28,34,39,36,34,31,43,34,46,36,33,41,15,36,36,29,16,20,39,33,51,33,42,36,44,34,32,14,33,40,32,36,8,36,38,25,15,17,11,23,36,31,43,15,41,47,16,34,39,39,35,41,34,24,36,24,40,35,36,22,31,33,31,28,11,37,50,13,30,40,32,30,16,41,31,12,31,37,32,40,38,31,46,19,9,35,18,32,14,10,13,38,39,35,35,33,28,30,35,33,34,29,19,32,37,16,40,29,31,20,27,13,36,35,34,37,33,37,40,41,12,42,34,31,15,34,19,33,38,15,35,33,18,40,34,13,16,34,33,21,20,27,39,35,37,39,35,32,38,45,30,37,32,39,38,29,38,33,31,40,37,45,30,19,39,43,29,31,28,38,22,34,34,35,35,37,35,33,30,39,32,24,24,30,10,14,35,35,32,42,37,43,39,8,17,18,7,31,9,39,31,38,32,39,35,20,30,41,11,36,32,14,11,30,44,30,40,29,35,20,39,40,34,35,34,34,41,37,38,37,37,48,30,35,38,11,33,29,43,14,13,13,39,30,39,35,37,16,27,28,15,38,35,31,10,32,29,35,40,31,29,13,45,36,32,27,36,31,14,33,33,37,33,25,22,34,15,27,17,33,15,12,36,36,44,16,28,36,39,31,41,13,14,36,35,34,33,43,14,36,13,31,17,15,18,31,11,32,41,16,35,34,14,18,14,36,33,18,33,29,14,42,28,37,40,31,21,32,41,26,37,33,35,43,14,38,11,28,31,35,23,13,38,26,19,10,36,22,34,35,29,44,39,15,17,13,31,45,13,39,34,43,38,20,33,16,38,34,38,39,45,27,24,34,36,24,34,35,40,41,28,34,14,36,30,47,15,41,26,30,23,29,35,39,34,18,29,40,32,27,33,30,36,41,42,14,35,26,49,12,29,36,14,15,25,20,33,39,9,35,39,16,45,31,31,34,36,37,18,30,36,28,17,29,40,48,32,33,34,31,12,16,15,14,34,37,40,17,9,16,38,36,17,14,28,33,42,35,37,32,12,35,36,12,39,33,35,38,34,16,31,34,39,40,39,36,17,24,23,25,35,14,38,18,44,38,15,34,30,34,29,15,38,36,37,17,19,32,40,37,40,27,20,34,28,14,10,14,42,30,39,34,17,33,40,40,30,32,14,33,39,32,30,16,35,36,38,31,38,36,11,15,12,33,40,35,34,11,26,40,27,14,16,38,39,13,31,32,29,44,30,38,16,36,10,11,33,44,15,20,41,22,29,38,33,34,34,31,9,47,16,36,34,42,46,8,30,25,34,37,39,17,35,11,10,43,40,35,13,31,39,30,29,34,38,39,39,35,39,41,19,29,11,37,38,30,31,34,31,34,32,32,40,36,18,34,35,37,39,32,13,38,40,39,18,25,37,42,38,41,16,30,32,38,16,42,43,34,15,32,35,33,34,34,15,33,33,20,29,29,36,38,15,34,31,40,40,35,35,22,34,31,25,33,28,12,24,18,44,39,26,27,9,36,41,16,17,30,36,35,41,34,36,32,35,38,17,33,14,28,38,22,37,37,40,28,17,37,17,47,40,38,35,23,38,24,37,25,41,39,13,30,29,14,37,35,30,19,30,32,30,36,39,14,43,35,15,17,10,33,34,31,36,38,15,36,19,39,35,20,36,36,11,34,38,39,30,34,35,33,38,34,11,30,16,45,26,42,35,31,36,31,14,29,26,14,35,29,32,33,44,24,32,36,17,31,32,39,37,39,15,17,16,13,34,33,28,18,32,37,38,43,43,22,40,33,11,7,37,41,32,9,32,35,30,34,38,17,31,30,14,34,40,21,15,34,42,35,34,35,37,33,38,25,36,31,32,26,29,31,13,32,29,37,45,41,39,33,38,37,37,16,34,9,34,36,31,10,43,37,21,23,45,25,24,44,43,31,31,16,31,14,30,42,35,39,35,15,39,41,39,40,33,15,28,10,22,32,34,19,34,34,36,44,16,35,16,35,43,15,21,37,37,30,17,13,36,34,32,37
18,38,46,19,34,38,36,36,14,34,18,34,8,28,38,16,14,25,29,10,18,36,43,36,32,32,35,33,35,15,41,40,28,46,38,32,32,27,43,36,42,26,12,37,44,39,36,33,25,29,14,14,32,41,44,37,34,31,30,39,36,12,37,31,35,28,29,36,38,34,29,39,31,33,36,10,35,33,16,31,35,36,31,34,37,32,31,13,35,32,30,33,29,13,37,37,15,13,31,37,18,17,34,31,9,15,35,35,36,36,30,39,28,37,30,30,36,30,15,11,41,34,9,35,11,36,38,34,30,37,29,35,17,11,13,26,37,33,27,35,11,16,15,12,34,32,17,35,38,16,29,12,35,43,29,9,10,48,37,40,15,22,34,29,34,16,36,33,34,45,39,30,35,39,35,28,13,44,15,35,33,40,31,36,41,33,37,37,37,13,12,38,39,20,34,36,35,31,29,17,36,42,36,38,21,31,15,16,30,13,21,35,32,11,35,28,35,16,19,41,40,27,15,13,13,14,34,15,33,39,16,46,40,34,32,24,37,30,15,36,34,39,33,10,33,35,30,30,35,30,29,39,34,37,33,12,13,37,43,37,18,33,30,31,41,34,10,36,34,40,11,40,18,17,18,19,27,7,35,31,15,42,15,28,29,9,35,36,44,19,10,28,37,16,36,37,31,27,10,22,32,13,13,38,13,29,35,34,9,14,12,38,26,17,44,40,35,8,20,41,27,46,40,10,19,36,41,34,36,39,9,29,34,35,39,31,18,10,20,14,36,11,35,36,30,42,25,32,31,36,20,32,12,38,29,30,36,34,45,33,42,15,33,39,35,30,34,41,45,16,38,33,40,27,38,31,29,15,32,36,34,38,31,31,36,33,36,37,44,18,36,34,35,36,45,39,33,17,20,7,40,37,9,40,39,35,41,32,38,39,43,33,33,33,7,41,32,32,32,32,19,39,30,12,37,11,9,38,13,47,39,37,13,10,41,36,32,17,40,35,32,33,41,38,21,20,30,23,17,42,14,12,17,40,21,22,15,15,32,32,18,19,33,33,28,12,12,30,41,37,33,32,38,30,7,17,32,34,35,16,15,42,32,38,21,32,41,37,13,35,35,41,13,39,37,28,37,36,28,36,39,30,41,12,34,39,29,50,17,15,15,33,16,20,15,38,13,33,38,31,14,38,42,40,34,16,17,40,30,23,32,35,40,41,13,31,13,28,9,37,43,13,37,39,27,15,32,37,30,35,31,32,28,18,13,14,41,28,37,37,15,34,35,36,31,14,28,44,35,11,15,26,26,14,37,10,37,35,38,37,38,25,32,41,41,12,21,24,35,28,41,37,34,32,16,38,37,29,19,18,11,41,13,11,15,42,35,38,34,32,16,32,16,34,11,38,29,35,35,10,34,14,47,31,36,27,29,31,39,13,31,33,34,33,36,29,37,30,37,31,33,35,35,35,27,43,28,28,38,37,41,39,35,17,13,14,32,30,36,32,39,12,18,11,14,33,15,9,29,18,30,17,10,39,35,44,38,44,37,31,47,35,36,37,30,35,31,39,34,39,43,25,13,32,32,36,35,13,12,29,37,32,36,39,40,38,17,25,43,33,18,26,22,34,12,35,13,31,36,21,33,42,14,34,30,26,40,20,42,39,29,30,35,26,31,39,33,30,34,35,43,30,35,8,36,40,41,32,30,19,34,35,13,13,12,40,31,20,33,28,35,30,16,34,32,40,30,35,41,37,15,32,33,17,11,34,24,30,12,29,31,36,33,33,34,31,36,33,43,30,35,15,12,21,27,41,18,33,37,36,40,32,16,29,30,25,30,32,21,33,38,30,35,14,33,18,36,30,30,33,32,6,24,39,35,21,31,35,35,29,38,34,32,36,42,34,27,41,31,37,30,25,32,36,34,36,36,33,21,33,34,16,37,26,34,35,35,14,32,11,47,13,33,32,36,29,34,33,34,41,29,39,33,40,28,13,32,26,32,16,36,38,34,11,37,34,31,36,10,34,12,39,15,33,39,38,50,32,36,18,46,33,16,34,36,33,23,37,39,29,40,29,24,41,14,40,35,31,31,18,25,37,10,31,33,38,13,14,34,14,34,41,35,35,30,30,37,36,33,38,30,32,35,21,15,7,33,37,47,31,32,30,16,40,40,29,36,14,31,38,31,40,39,14,31,31,13,16,37,13,23,37,43,22,43,14,41,36,18,36,35,36,34,30,34,31,15,33,36,8,36,34,33,35,30,16,37,9,34,21
33,28,45,41,35,33,33,39,38,36,36,42,8,36,40,36,36,27,38,34,24,38,25,34,35,14,41,45,28,35,19,38,42,31,41,40,33,34,16,36,38,40,30,39,35,34,17,31,40,33,30,25,36,12,43,15,39,36,39,38,11,32,24,38,41,35,35,36,43,42,39,34,15,40,33,6,28,27,37,12,41,36,21,11,17,20,36,40,36,39,39,29,12,12,28,34,41,21,37,37,30,14,38,27,41,15,35,31,35,28,36,26,31,29,13,9,37,15,17,35,38,15,37,14,31,36,38,39,11,38,35,30,34,15,25,34,20,35,36,14,36,40,31,12,32,27,14,32,35,37,45,19,36,40,45,38,38,41,37,28,35,37,35,39,28,17,32,34,31,33,29,12,42,36,30,38,40,47,36,32,17,15,34,41,38,37,15,11,37,35,13,13,39,17,36,11,37,41,44,31,39,34,9,38,11,30,35,35,29,33,36,35,25,43,16,38,37,37,32,16,32,38,38,37,27,20,34,34,37,10,32,26,37,17,33,33,18,39,37,37,15,38,20,41,31,32,31,15,28,32,36,38,36,35,14,40,19,34,31,42,46,44,35,16,9,36,11,35,37,34,47,24,30,35,32,34,16,36,31,27,14,40,16,37,37,35,32,14,29,32,30,32,13,34,39,12,27,12,29,37,33,15,31,45,41,33,14,37,11,28,41,32,14,40,29,35,26,43,37,17,27,17,14,39,23,19,37,41,37,17,18,28,34,11,37,16,29,34,42,29,38,33,32,45,27,31,39,37,40,42,30,42,16,38,17,32,32,13,14,35,20,36,44,28,36,38,34,42,8,12,32,30,37,9,46,20,35,16,26,33,35,12,41,33,31,35,34,12,39,34,16,14,32,26,38,36,34,33,29,35,47,13,30,35,38,43,39,47,30,15,18,40,41,15,32,39,19,12,39,36,31,34,32,44,20,31,13,13,16,21,34,31,29,32,29,30,33,39,35,43,28,33,37,41,32,13,13,35,33,26,21,37,33,15,35,36,22,34,33,40,34,18,37,35,35,34,32,24,35,28,36,39,13,33,31,33,33,35,18,43,25,20,35,13,39,41,37,11,43,15,29,36,37,35,34,30,42,13,14,31,34,11,37,38,12,30,33,43,45,37,33,13,33,35,19,8,21,39,35,27,12,37,38,15,36,19,27,26,16,14,15,32,12,34,19,38,14,21,15,34,35,40,44,17,30,40,29,17,14,45,32,33,33,36,7,34,40,40,25,19,38,17,33,37,30,30,43,40,39,36,30,19,26,14,34,38,12,16,35,38,16,41,35,33,42,42,31,41,40,38,46,30,37,20,29,18,40,31,12,36,38,47,42,39,17,43,37,13,35,31,36,34,21,32,9,28,40,18,27,30,32,40,18,37,16,31,36,22,36,38,33,28,33,38,31,32,31,15,37,37,14,16,38,34,41,17,18,35,42,30,32,40,31,36,11,21,17,36,40,13,39,37,20,22,33,33,36,43,36,38,36,36,29,36,39,40,37,14,35,18,28,28,38,19,35,32,34,37,34,17,17,40,37,37,41,40,15,32,33,31,16,33,40,29,43,28,31,43,30,17,12,38,39,12,31,17,16,33,13,32,12,37,19,39,40,32,36,36,33,10,18,34,18,34,16,17,17,33,29,28,43,36,46,44,33,33,34,14,13,22,30,40,33,31,27,32,14,23,35,35,34,37,41,21,38,39,37,31,25,31,37,19,38,34,26,39,39,19,18,32,33,18,34,35,31,16,34,33,35,36,36,37,38,34,36,40,17,35,16,18,21,37,16,35,34,34,17,30,45,30,35,33,33,33,37,11,37,37,40,35,14,40,34,33,19,14,40,41,29,18,18,30,38,28,29,30,32,29,35,16,41,30,32,32,31,40,37,30,27,16,19,39,40,34,31,39,22,15,35,34,36,41,16,31,40,37,31,13,21,40,26,33,29,33,26,33,31,39,19,38,35,38,32,25,40,47,12,13,18,14,16,17,36,15,31,37,41,41,40,32,41,8,23,34,36,31,25,33,42,31,42,34,35,17,37,39,32,12,33,42,46,16,37,33,37,41,37,37,39,34,30,34,38,38,12,33,33,13,37,35,36,11,35,32,37,35,42,36,32,34,17,29,39,43,34,25,35,15,30,43,34,38,37,36,18,15,44,31,39,42,17,12,31,35,26,31,37,38,36,39,38,16,41,18,21,10,31,22,13,17,39,35,32,32,35,29,46,39,39,39
37,37,16,29,14,13,17,19,35,40,10,39,16,13,35,38,32,31,34,32,28,8,29,15,37,28,17,42,42,32,27,40,37,41,35,29,33,34,36,18,37,17,31,26,19,42,33,28,44,21,31,41,18,33,29,41,31,32,14,49,37,38,19,16,37,31,32,32,32,28,32,37,33,29,31,39,32,33,26,15,37,35,37,34,35,20,15,42,19,36,20,34,39,29,45,38,18,31,19,31,41,39,36,30,18,28,33,32,24,33,36,30,34,38,29,13,45,30,33,45,17,37,11,18,32,37,34,33,16,34,33,36,33,34,29,30,19,41,35,39,37,12,39,34,31,40,35,42,26,18,29,39,10,15,20,11,31,37,12,34,27,14,30,34,10,31,41,19,9,13,38,29,36,11,35,12,36,35,18,46,31,20,13,35,35,35,42,34,32,22,20,37,35,33,41,12,15,35,34,22,40,31,38,35,37,40,22,31,37,35,16,26,39,33,40,37,37,12,33,32,32,12,18,31,15,36,36,34,30,14,32,33,33,38,30,11,41,47,33,13,30,8,40,19,33,32,37,32,36,38,34,32,40,32,37,34,46,13,27,26,38,37,37,37,9,35,32,41,14,32,31,33,12,33,41,30,9,32,13,13,37,45,39,31,44,31,34,36,36,12,42,42,37,8,31,34,40,37,47,34,41,15,41,33,35,38,27,39,36,31,34,35,31,43,34,14,34,21,34,29,32,20,11,15,31,41,30,41,40,27,30,29,37,31,32,42,20,12,33,10,36,10,36,33,39,18,31,33,33,26,38,33,41,20,36,37,12,27,28,39,9,30,14,19,35,11,44,28,15,33,31,35,33,35,40,16,34,14,32,16,34,18,16,49,36,12,31,38,16,36,35,32,45,30,38,33,27,10,36,39,36,34,40,35,38,37,26,32,27,13,10,21,14,18,12,19,13,12,31,14,14,33,36,32,20,42,33,12,38,33,36,13,17,35,35,36,29,15,32,18,25,13,44,42,40,41,17,13,29,29,34,41,34,29,22,35,23,33,15,41,49,35,35,30,41,15,14,37,33,32,11,20,28,40,36,33,42,11,32,20,36,40,39,35,36,20,39,36,28,46,34,28,36,33,17,36,33,39,39,32,16,33,15,41,18,36,30,36,30,36,50,34,42,18,39,43,31,29,40,31,26,13,12,45,40,31,38,38,40,9,34,37,23,34,11,11,14,35,37,28,37,28,9,38,36,38,32,14,35,32,35,32,33,36,27,41,34,31,18,44,41,35,21,33,14,37,32,40,30,37,17,38,35,36,34,36,37,15,32,31,34,32,38,44,18,32,36,36,32,26,11,32,13,37,30,30,14,33,33,25,38,15,15,36,33,34,18,36,31,17,15,42,36,44,30,36,32,18,38,33,33,15,17,16,42,34,41,31,32,41,38,8,32,9,38,15,31,37,37,38,43,39,48,36,43,34,36,35,19,35,22,32,36,35,35,28,33,28,35,24,33,36,27,30,45,26,35,35,10,15,38,35,16,33,38,30,33,33,30,38,31,33,13,44,35,33,41,37,13,39,35,38,14,16,24,22,13,34,36,36,30,38,16,28,44,37,37,15,14,31,39,39,40,33,29,28,15,29,32,25,44,41,13,38,36,34,33,37,34,14,46,49,38,23,17,35,36,16,30,16,36,30,34,40,13,19,13,17,16,41,10,17,37,43,39,36,36,26,43,15,35,35,29,28,13,42,37,30,38,42,35,16,10,37,32,23,31,30,11,17,44,37,36,35,43,38,40,26,41,37,21,37,30,13,34,21,15,34,32,37,39,31,36,36,37,8,31,26,33,32,40,36,31,39,29,35,29,39,13,19,27,28,32,35,20,33,35,33,10,15,39,27,39,36,33,36,13,36,34,11,35,27,19,29,25,36,41,40,29,42,25,35,36,37,43,41,13,31,29,34,39,14,39,41,44,28,34,37,41,44,31,29,36,38,41,16,17,36,18,36,32,37,35,33,28,14,14,29,28,33,18,37,32,34,9,37,27,19,34,35,14,42,41,28,32,34,29,38,33,43,37,37,18,42,30,11,38,13,27,40,33,35,35,30,38,32,20,35,15,42,38,37,29,36,37,28,37,35,15,14,36,34,32,28,37,41,19,44,44,12,32,30,16,29,36,38,31,32,30,15,37,31,17,27,31,44,32,41,39,31,16,26,32,36,38,16,14,14,39,35,16,15,38,37,32,34,31,37,22,40,17,33,21,18,12,14,14,46,35,32
20,34,31,50,34,23,33,15,39,42,15,29,39,20,43,42,39,48,33,44,38,39,43,12,34,36,28,38,34,36,31,12,34,29,39,34,17,40,38,34,32,33,34,16,12,41,11,30,33,36,34,35,39,34,29,24,13,40,13,30,17,11,27,38,32,40,12,29,16,39,32,9,29,36,39,39,32,43,33,10,33,34,36,32,37,30,29,42,32,19,14,33,35,18,15,40,17,40,34,30,25,34,27,36,37,38,34,41,38,40,31,26,16,33,42,25,32,31,39,19,31,37,36,30,15,37,14,38,31,40,34,15,33,31,31,40,34,38,39,35,32,17,30,11,33,21,31,13,36,30,15,36,35,13,36,26,30,30,35,20,24,18,26,31,26,43,16,10,11,31,18,44,12,33,41,39,25,35,35,30,16,28,37,20,36,31,39,31,38,32,34,32,36,13,31,38,14,36,27,30,31,35,34,33,12,13,38,41,38,23,41,34,39,26,31,15,29,30,39,14,34,34,30,41,24,24,39,19,13,44,31,13,19,37,13,29,14,40,31,30,17,12,28,28,32,30,37,38,47,36,15,39,37,13,34,40,14,36,35,16,36,36,32,25,18,41,33,16,43,35,36,37,35,16,33,31,45,41,14,32,35,43,27,33,26,37,33,35,13,29,26,39,41,33,36,44,11,28,11,40,17,34,40,30,18,13,36,45,35,45,32,8,12,37,38,33,27,31,34,33,30,37,30,9,33,33,33,15,19,47,35,13,40,15,33,41,29,14,33,28,25,34,37,15,37,33,26,29,39,31,31,27,14,37,29,32,33,30,41,38,34,32,39,35,15,16,28,41,39,23,32,34,12,33,14,35,37,44,28,38,28,37,40,33,29,19,34,42,38,39,11,40,37,17,17,13,36,30,15,16,30,45,40,31,42,27,15,12,32,29,17,28,32,38,11,37,16,44,15,41,12,13,39,35,10,39,32,34,14,27,14,13,13,38,42,36,36,41,36,38,16,41,33,12,14,37,38,11,37,40,31,22,14,16,14,46,32,19,12,40,34,19,28,32,13,38,34,33,48,17,34,17,36,29,30,36,16,14,17,14,41,35,42,16,16,47,36,16,37,45,44,36,12,36,19,43,35,36,39,34,36,39,39,34,32,32,29,38,16,37,38,16,21,38,35,35,30,40,37,34,41,33,36,40,10,35,31,14,37,14,35,33,32,34,13,41,36,40,15,29,23,17,35,43,42,33,36,43,31,31,31,34,33,29,26,34,33,41,39,34,41,36,37,37,32,36,12,42,28,33,37,29,39,19,14,40,34,40,35,38,16,9,22,35,36,8,13,40,34,32,29,37,17,40,34,34,34,34,34,20,30,44,10,31,41,32,31,21,36,13,15,37,36,37,11,37,34,12,39,33,15,15,33,49,35,15,36,13,12,34,37,43,30,29,13,34,40,18,44,14,13,33,27,30,35,42,37,37,35,36,27,44,18,34,38,29,35,43,29,35,25,43,27,15,23,31,36,32,34,34,31,38,38,41,14,38,38,11,37,36,40,36,34,31,15,40,33,17,17,38,35,32,37,32,27,22,12,40,28,17,13,16,16,40,45,12,15,36,27,11,22,12,9,35,28,37,32,30,15,10,33,36,39,13,40,38,40,45,37,33,19,42,39,37,19,38,36,13,37,32,17,39,35,30,40,33,15,36,36,30,38,18,15,37,38,40,29,17,34,17,38,30,42,42,29,9,41,28,41,32,39,42,21,15,35,38,39,14,44,43,37,38,38,15,26,22,18,37,40,19,29,42,33,33,40,34,32,32,9,34,17,15,34,38,45,17,37,33,39,39,35,30,36,19,29,38,19,37,27,12,33,43,39,16,26,11,18,36,20,32,37,36,40,37,29,32,30,37,20,32,19,39,35,32,37,29,31,33,33,37,17,47,34,19,31,41,19,36,42,37,29,35,35,33,34,35,38,32,38,35,30,11,37,34,41,27,29,23,10,11,41,8,22,10,14,35,26,13,15,14,14,38,22,39,31,39,41,42,38,38,35,41,35,19,21,33,44,41,40,32,30,32,37,38,34,30,32,39,30,32,25,34,13,34,38,38,13,37,29,15,44,12,31,34,35,28,46,38,21,33,35,16,12,38,14,44,36,33,14,13,30,30,14,40,15,7,31,42,34,36,33,17,19,20,22,26,29,38,14,39,12,39,38,35,39,35,40,48,17,30,36,31,30,14,29,37,37,38,32,33,14,18,34,12,9,17,32,12,33,30
33,11,34,17,32,16,34,48,33,32,35,42,30,29,14,34,29,15,42,30,19,32,33,33,38,36,37,41,40,33,13,30,31,12,34,18,16,36,33,43,33,34,30,21,36,31,37,35,38,35,37,14,12,35,36,42,33,39,21,34,38,14,30,45,17,38,28,33,42,38,34,17,25,40,10,31,31,15,46,39,26,17,37,8,34,36,35,30,32,23,39,38,20,36,35,15,35,31,20,37,33,44,32,32,36,42,11,36,45,38,41,38,45,31,30,32,33,14,29,27,41,39,18,34,38,8,40,15,37,28,37,35,34,35,41,34,38,13,30,31,34,39,40,38,36,20,40,33,41,32,34,41,25,35,36,30,36,17,34,34,40,9,16,36,37,35,19,27,42,33,37,33,13,10,17,30,38,17,13,16,28,36,16,33,37,37,7,35,13,32,36,36,29,40,36,32,12,36,15,11,34,37,35,37,40,34,13,34,14,42,42,41,30,40,29,29,34,18,13,28,35,44,38,30,37,41,40,30,43,35,28,33,38,40,37,31,40,44,39,25,14,35,7,29,40,34,8,13,36,29,15,14,38,21,22,38,31,16,13,18,35,20,34,39,30,38,41,17,28,42,38,38,27,38,35,32,28,36,16,43,36,36,37,14,36,25,17,32,36,46,31,35,16,31,25,39,14,34,35,35,33,15,13,9,14,10,40,33,36,32,41,29,42,20,14,28,14,30,15,37,40,42,37,26,38,34,32,39,29,32,36,14,39,29,47,14,42,42,39,28,36,32,22,42,36,41,38,32,42,40,36,12,34,33,33,30,39,39,33,37,43,17,32,41,13,44,32,43,39,37,15,18,34,18,33,42,34,35,42,35,12,8,35,32,36,19,41,36,13,18,34,37,29,30,37,39,12,36,13,34,27,36,30,19,25,35,32,39,27,33,37,33,17,33,17,30,33,36,30,35,37,40,44,37,41,35,46,41,42,30,39,40,12,35,33,28,38,39,38,41,7,39,29,33,15,31,30,32,35,21,29,40,40,37,45,18,39,46,18,14,16,35,39,37,38,32,39,32,30,24,31,17,38,26,16,35,25,28,35,47,30,33,37,30,16,36,31,41,36,22,30,35,28,38,36,17,48,48,33,42,34,42,33,14,34,36,35,44,40,18,30,36,28,37,23,31,36,16,12,24,32,14,15,39,34,32,36,32,34,10,41,19,31,44,35,23,36,34,43,36,40,29,27,28,17,41,32,32,33,34,11,12,46,36,37,15,14,30,34,33,39,47,14,36,37,41,30,24,40,23,37,25,46,19,15,36,35,36,37,40,38,15,19,34,37,18,35,34,29,13,16,11,32,35,38,27,39,31,29,43,38,41,26,20,26,41,32,29,21,39,15,36,31,13,42,36,34,45,41,16,43,8,33,29,33,24,35,15,28,43,42,17,30,38,39,40,39,43,19,31,14,25,38,17,50,16,12,17,35,35,32,35,15,11,33,41,43,41,15,30,16,27,34,27,30,36,12,29,37,35,30,31,41,45,32,35,32,14,34,38,35,18,35,40,37,41,32,31,29,37,31,30,28,22,43,32,33,36,31,13,29,36,16,29,41,41,18,39,19,32,37,14,34,15,26,31,40,35,37,14,33,33,30,31,31,13,38,40,37,34,34,31,37,43,14,34,43,34,37,18,15,12,33,36,18,17,41,32,31,13,34,42,25,16,12,37,35,32,36,38,37,40,31,33,16,30,40,34,38,15,38,30,41,29,35,35,36,34,34,37,13,16,36,37,39,39,7,26,17,38,10,38,37,15,35,35,16,44,38,31,12,15,24,21,34,27,31,43,31,30,33,43,13,10,33,32,33,37,45,29,34,28,37,17,37,37,28,39,38,26,39,31,16,14,15,36,38,36,39,39,20,13,35,16,20,47,16,11,13,17,38,28,30,15,32,34,41,14,13,36,36,17,34,19,37,34,31,32,39,35,32,41,39,31,43,31,43,34,42,42,31,16,33,17,11,35,43,32,35,10,12,13,39,33,34,42,31,34,36,42,34,28,16,35,32,13,30,16,36,12,27,29,40,37,15,35,36,34,34,11,15,39,35,38,43,32,32,40,32,41,35,32,28,29,33,40,12,39,32,12,24,41,36,36,33,30,43,17,24,29,29,15,21,39,36,25,36,35,27,41,33,29,37,12,45,36,11,21,34,35,10,24,30,10,14,44,39,33,18,14,41,40,34,37,12,32,38,35,29,30,29,39,34,14,40,32,31,43,8,38
32,37,9,16,16,39,33,37,40,26,40,31,24,27,14,18,35,14,38,15,40,11,38,43,29,28,30,35,12,32,37,36,22,33,30,33,35,35,35,33,35,17,16,23,24,31,28,29,36,36,32,11,28,33,40,37,7,11,33,26,40,20,35,19,35,14,32,44,40,34,37,38,35,38,18,31,36,35,33,36,38,32,39,19,28,38,32,34,39,36,30,37,35,40,32,38,36,37,41,38,38,14,36,37,35,13,14,37,26,38,39,17,15,43,27,16,47,35,18,28,43,17,20,24,36,40,32,32,8,35,32,22,35,37,32,36,37,14,37,21,32,31,12,32,36,36,32,23,13,15,29,35,36,36,34,13,14,42,15,37,16,33,38,20,40,39,31,40,32,10,34,13,35,36,19,40,10,35,42,24,15,41,35,28,30,16,35,34,39,29,15,33,39,19,8,33,17,40,37,36,36,39,12,12,43,17,31,13,14,18,38,9,29,35,33,15,34,41,13,30,28,41,37,33,32,14,16,17,38,15,37,44,32,37,39,33,38,18,17,36,35,33,40,31,36,37,36,15,34,14,39,38,39,33,35,34,31,37,38,26,32,30,32,17,12,43,33,42,21,43,35,39,13,39,8,30,34,33,38,35,42,31,17,18,8,35,40,15,14,26,31,34,37,35,40,15,15,18,34,37,19,20,27,39,31,33,25,33,20,32,36,32,33,10,30,32,33,35,33,43,30,14,31,15,30,33,43,14,33,27,33,37,41,16,36,34,40,39,26,19,14,48,36,38,9,37,15,13,31,9,11,36,36,36,42,43,39,17,34,15,41,7,31,15,18,20,26,36,31,38,35,40,33,32,42,30,45,32,37,17,14,49,42,32,38,37,29,35,43,33,21,34,34,29,34,46,15,33,8,32,35,29,33,25,31,33,34,39,32,32,38,36,37,34,39,29,41,26,34,13,13,28,42,15,35,37,33,39,29,38,16,15,39,19,39,40,35,17,33,14,39,32,30,14,44,13,18,12,37,38,16,35,34,28,42,35,31,26,31,35,37,16,30,21,13,42,12,14,18,38,39,34,32,27,35,42,13,33,34,40,42,29,9,33,35,34,24,33,16,38,29,18,34,27,34,17,9,17,43,39,14,33,29,31,30,33,34,33,16,41,31,39,25,41,37,28,37,26,16,34,37,37,43,32,34,36,32,39,34,33,31,25,38,38,14,28,37,46,31,41,13,9,42,14,29,13,28,14,32,12,9,28,32,16,33,40,40,13,40,34,14,36,14,47,32,35,34,31,34,32,20,29,31,29,33,12,42,41,30,34,16,14,31,41,32,29,30,34,15,30,36,16,29,34,33,33,34,32,17,17,42,31,16,38,34,14,11,43,30,37,34,39,8,36,35,40,26,13,35,26,40,29,18,21,36,34,16,36,41,18,18,32,31,17,13,15,20,39,44,15,32,24,27,36,35,34,15,28,34,26,35,11,31,43,14,33,39,13,40,37,32,39,29,20,16,36,9,32,43,13,35,33,17,12,43,39,33,39,34,38,26,36,12,32,12,40,33,39,37,30,27,31,33,32,21,27,31,36,38,34,36,13,23,29,16,35,16,40,38,21,39,33,30,43,32,32,35,35,43,41,35,39,11,34,35,13,17,33,15,43,36,39,12,39,33,16,16,16,39,34,12,19,32,41,9,38,37,25,29,37,18,28,32,35,23,35,36,41,18,36,35,35,40,41,33,46,40,14,17,40,38,38,32,27,31,35,26,40,15,34,31,20,35,43,31,14,19,37,12,39,31,17,16,31,16,17,37,30,29,36,36,38,36,33,29,36,34,40,12,16,32,13,42,31,32,15,30,41,31,39,41,40,34,35,34,12,31,43,47,17,35,21,14,25,16,36,33,17,38,30,41,37,32,17,32,17,36,32,36,20,30,17,32,35,38,43,38,35,35,16,38,31,32,29,11,35,17,33,30,20,30,33,12,33,25,32,13,32,30,41,34,15,34,38,32,35,10,38,45,48,34,38,12,35,17,35,39,36,35,15,39,32,41,33,17,39,36,41,13,38,27,37,15,30,32,44,38,27,39,38,33,17,33,40,38,33,42,39,39,35,36,27,36,35,28,15,12,34,40,28,26,36,35,33,18,37,16,35,21,32,31,37,31,32,36,30,10,30,36,34,29,31,11,34,13,37,35,17,37,20,36,50,15,5,28,42,39,35,10,35,30,11,12,39,33,34,12,17,18,23,31,30,30,35,30,43,16,23,41,13
38,40,38,27,27,11,35,31,32,33,16,29,36,18,25,14,18,20,36,30,13,40,36,12,23,26,39,32,9,37,31,39,29,35,42,38,40,32,43,41,34,42,35,34,19,41,28,43,32,16,37,41,17,36,9,36,42,43,39,36,34,31,26,41,31,33,11,41,32,39,32,27,42,33,42,33,42,17,41,43,19,33,16,17,24,30,29,26,30,37,39,39,12,32,41,34,9,30,33,30,34,42,35,12,31,13,36,43,11,15,30,27,21,34,41,17,32,17,37,47,36,15,39,19,43,33,32,30,13,29,37,8,34,41,40,40,34,30,28,37,38,33,23,38,43,39,38,42,36,33,34,26,37,34,25,42,19,17,33,36,43,36,30,29,34,15,18,34,14,32,34,9,41,33,38,12,22,39,38,32,36,41,31,42,36,47,43,37,33,33,20,36,37,38,36,22,38,38,38,20,33,43,36,33,15,42,37,42,35,30,36,29,39,11,17,37,9,17,30,33,15,16,30,10,35,33,40,46,37,37,29,33,40,36,30,42,31,32,37,38,35,31,37,36,15,36,34,28,46,34,42,11,14,13,40,29,34,40,12,45,32,38,44,30,41,35,32,36,36,37,21,18,30,20,43,32,21,36,22,34,31,33,36,34,34,30,35,30,38,34,38,15,43,27,32,35,29,28,36,14,34,41,34,11,38,37,13,18,13,13,30,31,22,34,32,40,33,34,37,33,15,36,39,13,40,36,34,23,15,11,32,40,36,31,15,30,7,40,38,13,18,35,35,20,33,42,32,38,37,47,40,33,37,36,16,16,43,38,38,15,35,31,18,39,33,16,38,37,39,38,20,41,29,15,32,33,45,27,31,19,37,36,30,33,14,14,36,13,33,39,40,15,30,32,36,9,36,36,16,37,36,40,27,37,37,31,40,40,41,14,34,16,41,42,33,35,34,27,43,39,21,37,34,31,16,39,36,33,18,28,42,33,37,32,37,14,17,38,39,16,36,23,32,46,35,28,36,29,30,40,30,41,23,16,36,29,19,11,35,11,19,25,36,10,32,33,26,34,19,11,37,34,34,31,33,15,38,32,35,14,36,39,43,40,36,35,32,33,37,19,29,21,38,34,36,40,38,33,22,36,42,32,15,45,28,36,31,27,44,29,41,39,35,14,28,32,38,14,32,38,31,16,14,33,41,36,38,40,42,41,28,12,15,40,37,16,14,33,16,35,27,41,30,36,15,18,30,36,30,14,26,14,31,42,33,33,14,37,30,23,21,28,34,31,13,41,35,35,14,11,44,25,22,37,14,29,31,36,32,39,33,35,13,32,32,29,33,34,10,30,31,32,35,14,42,18,28,37,34,16,34,37,39,18,32,35,36,32,10,40,10,39,45,19,36,32,34,34,39,35,12,13,40,40,39,33,36,10,13,39,31,36,27,34,30,35,9,14,30,42,23,32,11,31,33,12,11,20,15,30,33,37,29,42,35,14,31,20,36,33,15,35,16,39,41,36,29,38,38,34,31,16,38,19,32,40,42,18,38,32,35,31,31,14,20,42,16,34,31,33,19,14,42,14,15,13,33,40,32,37,31,39,32,14,26,13,33,35,41,27,36,36,43,37,31,17,6,27,29,22,39,34,39,13,19,34,36,36,33,38,28,20,41,40,37,38,41,35,37,44,36,33,11,30,43,39,34,41,33,16,24,18,28,32,19,31,37,28,34,18,32,41,39,37,26,37,39,28,29,40,39,17,36,41,37,29,37,33,42,39,34,16,33,35,15,38,35,46,35,39,17,13,38,30,25,34,44,18,37,37,28,9,46,20,32,37,38,15,34,16,40,39,11,10,33,30,40,34,12,41,18,27,15,41,39,33,34,9,38,15,27,28,15,31,14,26,30,42,18,35,17,37,38,34,28,31,34,27,31,33,40,23,32,32,17,38,40,40,38,35,33,32,32,34,39,12,35,45,32,35,40,42,35,25,39,50,16,33,31,35,14,36,18,37,32,37,38,32,15,32,33,20,35,35,32,29,17,39,33,28,34,35,31,30,40,37,38,37,18,34,38,38,31,16,33,39,39,37,34,31,39,31,41,18,33,16,34,32,18,40,15,39,34,30,33,32,32,18,7,38,32,39,35,17,34,43,15,35,41,31,24,34,16,35,31,37,8,29,37,40,35,42,31,36,37,33,38,35,16,35,28,39,36,17,31,32,15,40,37,37,18,38,18,35,33,32,36,31,42,15,33,30,34,34,37,39,37,36,40,31
36,15,35,12,26,34,38,20,20,33,36,35,34,38,38,33,38,34,34,35,30,14,30,39,43,34,45,38,37,38,22,32,32,36,34,33,33,13,15,37,33,32,36,40,27,12,35,32,37,35,30,37,37,38,39,33,39,15,19,29,34,12,18,35,17,37,29,34,41,24,35,38,42,46,12,11,13,42,37,17,39,37,38,35,33,44,29,33,27,16,35,27,35,26,17,32,27,17,39,38,37,36,41,39,38,14,40,14,20,28,39,14,23,20,33,28,38,28,10,13,34,31,7,12,14,34,39,29,32,42,35,44,19,10,37,15,43,39,30,30,36,40,28,36,37,29,35,41,39,37,32,37,35,38,12,41,30,14,36,15,36,34,16,45,16,39,36,43,37,10,35,33,43,35,34,31,38,37,38,11,37,14,34,39,30,33,40,15,41,34,29,11,37,36,31,39,30,43,33,37,33,37,33,41,40,31,39,34,42,24,38,29,38,33,32,35,35,17,34,35,31,30,36,32,40,15,6,14,14,39,35,40,36,36,35,34,32,8,41,15,34,29,40,13,42,28,22,10,33,36,34,32,33,44,41,16,29,32,10,18,30,30,34,29,11,37,34,35,13,35,27,16,14,37,33,40,35,34,31,26,30,34,16,32,17,15,22,34,29,34,14,36,11,35,39,31,33,34,39,14,28,41,37,32,30,37,32,39,16,42,45,34,33,12,11,12,46,33,42,31,36,32,35,11,29,35,19,33,27,31,44,16,30,13,12,18,34,28,42,39,41,31,33,30,39,38,33,13,44,31,18,31,35,35,36,32,18,34,31,33,34,42,30,31,38,40,31,12,29,31,44,15,20,14,30,43,29,35,38,40,35,30,35,19,31,41,33,41,31,36,37,33,36,34,12,35,36,34,18,13,30,29,34,37,44,18,15,35,39,41,38,11,35,17,30,13,6,38,39,28,32,17,36,19,38,11,19,41,19,16,13,40,38,38,30,32,30,17,30,24,15,34,30,37,43,21,11,34,39,19,33,23,34,39,12,41,31,40,14,41,34,32,18,7,33,36,38,33,28,31,39,36,39,39,40,43,37,16,37,37,37,20,41,22,43,34,18,23,37,19,29,36,30,18,29,14,13,10,16,33,38,15,39,45,14,10,13,30,39,33,10,28,36,40,7,14,14,34,33,34,30,38,38,7,33,34,41,13,35,32,13,43,32,32,36,34,38,32,17,36,36,26,11,12,34,32,35,25,40,36,37,35,40,41,35,35,15,38,39,37,34,30,40,39,34,37,20,15,19,40,32,25,31,15,40,31,11,38,35,43,35,12,39,13,40,41,28,41,30,10,35,29,32,29,36,43,27,39,23,31,23,27,37,14,20,17,36,40,30,43,28,38,35,28,15,7,12,17,11,36,16,37,37,35,37,21,43,35,14,40,36,44,10,38,16,12,28,41,39,15,29,34,17,27,35,28,31,35,30,44,36,25,36,32,33,34,29,33,27,32,34,11,43,34,36,36,42,41,39,17,11,10,26,41,31,38,38,18,24,15,35,35,12,33,39,31,21,42,12,32,35,18,28,36,34,39,29,23,15,34,35,42,39,42,32,38,36,32,33,32,33,36,37,32,38,29,38,37,35,13,45,28,34,39,36,38,39,36,18,18,11,39,40,19,35,33,37,35,15,30,30,33,37,23,35,16,30,34,42,35,13,34,16,18,35,37,32,36,37,37,23,32,41,32,31,40,37,38,13,37,31,14,40,23,17,41,17,23,37,27,35,37,12,37,40,41,14,16,40,29,28,18,15,26,40,20,17,39,34,8,38,43,11,16,42,18,33,37,39,38,32,13,34,23,33,38,37,34,15,14,16,12,14,21,31,35,37,37,32,16,31,10,33,11,32,41,39,32,36,38,20,40,30,39,41,33,19,17,45,39,34,44,14,28,34,38,37,15,37,11,39,36,32,15,38,34,43,37,29,33,40,32,15,41,39,30,34,7,38,32,41,16,11,21,32,38,34,30,12,27,16,30,42,49,11,34,35,41,35,33,30,15,30,36,30,10,37,33,33,8,34,31,37,12,14,13,33,31,37,37,31,12,34,13,28,29,33,13,27,15,29,32,37,37,37,39,40,11,36,34,36,33,34,11,32,16,19,19,33,39,34,39,37,36,36,34,30,46,33,41,33,18,14,33,21,35,40,30,33,40,37,12,39,29,39,43,35,14,31,32,41,33,31,33,33,40,18,36,31,15,40,42,25,40,29,38,40,39,34,36
38,33,29,39,35,22,13,33,39,47,42,44,36,38,16,38,15,29,37,46,30,44,34,35,10,28,28,15,7,32,35,29,15,34,15,30,14,35,38,9,32,12,34,11,37,38,32,30,17,17,31,42,11,30,26,42,33,41,14,15,34,22,33,36,42,36,16,54,42,33,34,39,36,36,38,26,38,29,29,36,35,47,11,35,41,39,11,37,20,11,31,35,30,17,34,36,36,15,35,37,40,34,36,39,37,36,20,34,30,32,19,41,48,33,39,35,36,32,18,31,29,37,28,33,19,36,36,27,30,40,36,13,38,11,36,33,34,19,19,40,40,34,21,12,34,36,29,34,33,33,38,22,40,34,36,13,35,8,31,35,34,14,14,19,27,33,16,36,38,27,41,37,33,43,14,29,41,17,38,35,27,39,39,34,28,35,47,38,18,22,35,12,39,32,27,16,35,39,16,33,41,34,35,33,38,14,36,35,36,13,31,37,38,9,17,13,42,17,38,38,16,35,35,18,34,38,41,12,9,46,15,12,21,13,31,16,34,35,12,41,33,31,35,40,37,38,28,34,41,33,33,38,34,32,37,33,40,9,35,30,34,18,51,37,32,43,15,38,33,29,40,36,32,12,32,33,14,29,36,34,34,32,44,34,32,31,42,37,29,32,38,34,44,35,13,34,23,32,38,38,39,38,28,33,36,39,10,32,40,41,43,29,45,34,39,29,38,26,36,16,18,10,42,32,22,36,41,38,27,33,47,15,37,30,36,38,14,32,38,18,33,36,37,35,34,16,15,21,26,14,34,41,33,32,29,15,12,37,28,27,16,38,13,30,35,35,30,40,36,43,40,39,21,28,16,15,32,35,15,45,37,17,18,32,42,42,15,17,31,31,13,33,36,12,27,35,35,34,16,34,33,31,9,32,34,39,39,31,33,33,40,32,42,35,38,38,26,29,33,29,48,37,32,28,33,11,17,14,16,15,30,17,36,37,37,36,32,11,34,12,38,33,42,30,32,31,38,31,18,39,34,22,12,40,35,29,10,32,41,27,41,32,32,34,37,23,34,32,12,29,31,43,31,31,36,36,16,41,34,39,35,17,16,31,38,32,35,36,31,15,33,30,18,15,34,31,39,13,38,36,34,37,34,33,16,34,9,34,32,39,36,34,51,36,43,33,37,30,35,36,33,10,33,41,34,32,37,32,32,29,40,18,18,38,40,37,37,40,33,21,6,43,31,33,31,28,15,10,41,35,16,36,34,33,42,11,38,14,33,34,31,27,31,28,39,32,28,36,37,37,25,30,17,18,34,43,44,12,29,31,38,35,32,30,38,37,43,44,35,35,15,41,33,39,11,8,15,26,29,32,39,19,16,14,34,35,15,15,41,43,17,37,26,18,10,32,40,15,46,15,15,43,32,14,37,17,34,17,27,31,30,13,29,15,36,36,32,17,36,30,38,43,19,27,18,38,33,32,35,11,15,35,38,10,35,31,37,37,34,16,39,39,42,28,30,34,36,14,35,39,19,43,29,41,17,37,31,43,37,12,12,42,45,36,40,36,41,36,34,17,32,19,14,37,30,28,10,32,24,26,28,33,31,41,14,30,20,41,38,8,18,14,11,41,29,38,31,32,35,39,33,41,13,23,30,29,30,39,17,14,12,11,33,34,35,37,33,29,34,42,12,45,28,42,33,29,41,11,19,13,38,38,16,27,31,10,11,9,36,34,34,33,37,33,37,32,25,38,14,35,33,35,17,40,33,43,32,31,33,37,30,15,29,40,41,32,14,13,32,31,20,33,31,36,15,32,24,39,32,17,32,7,38,15,15,34,32,31,15,32,9,38,29,14,14,18,38,33,22,41,35,39,37,35,46,39,11,10,33,43,32,18,35,33,41,38,32,36,37,19,34,16,33,31,33,37,32,28,31,38,7,41,31,27,38,35,19,36,31,31,38,38,33,37,47,30,43,38,32,9,15,41,36,34,31,33,37,14,8,13,13,34,35,37,38,15,35,32,36,30,34,31,45,40,34,40,38,17,36,32,24,10,29,13,28,27,7,34,36,32,32,47,38,38,6,25,28,27,34,38,40,36,34,18,30,34,30,27,35,34,34,42,33,34,18,39,42,26,13,41,12,11,32,33,35,35,37,18,36,37,36,31,16,16,35,40,41,18,32,40,33,36,34,11,25,11,31,49,12,43,43,30,38,12,34,21,31,21,35,44,15,27,34,10,44,29,31,14,14,41,37,41,26,35,28,41,12,32,37,18
34,32,43,18,35,32,37,32,27,32,12,33,9,14,16,42,38,36,16,19,24,32,40,35,14,38,39,37,27,37,31,10,15,14,35,36,33,39,35,17,35,17,23,16,14,37,49,15,31,37,44,29,31,33,44,39,44,19,16,34,33,33,45,40,11,34,15,9,33,17,37,13,40,38,12,37,17,40,37,13,35,36,37,37,41,26,39,26,13,31,41,16,34,38,39,38,16,9,36,26,24,33,34,11,42,11,40,37,34,15,39,42,37,28,33,7,40,35,37,34,44,43,34,43,29,16,38,29,39,37,41,32,44,12,36,35,33,16,33,14,38,32,37,31,37,14,33,35,33,29,36,34,35,41,28,36,44,18,34,30,40,34,36,37,30,34,29,32,36,10,32,46,42,10,10,36,44,34,42,34,39,29,37,17,31,33,35,34,33,12,37,28,35,41,16,36,31,31,42,33,17,34,31,30,28,33,27,31,40,18,12,42,46,36,11,9,24,33,42,12,28,33,36,15,38,32,33,42,34,36,40,29,34,37,15,12,13,15,35,40,21,36,34,12,32,32,12,32,14,31,32,33,35,33,41,33,12,12,30,34,15,37,38,33,39,39,32,14,44,37,28,17,14,33,36,24,40,45,36,34,14,32,34,13,15,34,42,34,32,17,34,34,41,32,35,38,15,31,43,29,40,36,15,21,29,12,36,30,14,42,37,12,33,32,13,14,30,39,41,32,14,18,16,38,15,29,28,30,32,13,35,31,44,32,27,18,37,31,38,33,42,42,31,38,32,29,38,38,27,44,12,14,35,38,27,36,36,36,16,38,32,43,27,32,25,22,14,38,43,10,29,32,40,37,36,16,10,19,39,32,35,37,17,28,38,37,17,35,10,18,30,15,10,6,33,39,33,28,13,29,37,37,38,41,33,37,30,18,33,36,44,25,13,34,17,25,39,33,36,12,31,40,38,30,34,14,16,38,37,25,34,17,35,34,29,13,33,30,34,29,36,39,16,28,36,40,40,34,36,12,43,20,18,14,30,34,33,41,28,38,11,44,16,34,33,35,27,15,15,37,35,34,35,31,33,39,38,36,14,29,15,34,39,37,41,35,33,42,37,13,34,14,13,22,32,36,36,16,34,40,35,27,37,38,31,37,16,29,33,25,37,13,17,51,15,33,39,31,36,30,28,38,43,34,12,42,31,11,30,10,37,35,35,31,14,17,37,9,36,34,36,36,33,40,16,30,34,28,40,33,24,32,38,12,37,13,40,35,39,34,12,36,40,30,41,14,17,42,37,34,41,34,40,36,16,33,38,37,36,33,35,20,39,39,18,36,37,27,42,37,34,36,24,27,38,12,10,32,33,32,27,26,34,27,29,29,20,37,44,35,35,19,12,15,14,35,9,8,17,41,32,36,37,43,38,33,37,14,9,33,36,37,34,14,32,32,11,42,34,15,32,27,38,26,31,36,29,30,32,27,28,15,19,30,34,30,31,30,16,33,36,13,14,15,11,19,17,32,18,41,35,37,40,27,37,39,31,32,12,16,43,13,35,11,41,34,45,39,37,15,28,37,28,39,30,34,10,17,37,15,43,37,31,36,14,14,32,32,14,37,13,18,36,39,37,35,34,40,11,34,37,16,30,35,17,40,30,31,14,38,36,41,14,39,32,17,44,21,33,34,40,36,40,33,11,22,14,39,38,41,34,45,29,35,36,29,32,34,34,37,40,22,32,18,34,35,36,33,29,33,34,11,30,39,39,44,37,29,34,36,34,18,17,9,36,36,34,18,45,32,18,36,32,31,39,14,10,17,37,9,15,16,37,39,20,33,9,36,42,37,9,32,35,37,45,32,31,16,13,42,33,17,43,41,16,32,37,37,17,33,31,43,30,33,15,21,31,30,20,33,29,31,42,33,39,37,36,32,28,33,32,39,39,41,35,35,15,21,33,11,18,35,30,45,35,39,16,32,35,22,39,28,11,34,15,39,14,18,31,14,39,42,35,38,18,21,28,15,38,39,41,13,35,44,39,34,36,15,39,33,37,36,36,33,9,35,16,18,31,33,30,31,28,17,35,45,35,42,14,33,35,39,15,33,26,35,15,25,34,19,40,29,34,14,15,36,36,39,46,33,38,38,14,33,34,37,19,38,32,39,35,30,32,16,40,20,10,38,10,12,24,31,36,10,16,22,13,15,34,14,33,31,36,31,16,35,15,33,40,38,41,37,38,39,40,35,38,29,38,21,40,14,36,39,42,15,39,11,37,29
43,37,14,37,32,31,33,31,14,30,27,38,30,41,30,40,34,33,19,37,37,28,33,40,37,35,31,34,32,26,10,32,28,12,13,38,13,38,35,46,30,42,36,26,34,8,36,28,33,35,37,37,30,39,37,9,26,30,19,13,22,37,44,16,13,7,31,12,12,31,36,20,32,13,29,37,19,32,29,38,42,17,34,35,35,7,34,38,38,17,15,33,42,23,35,41,35,17,33,38,11,34,18,37,34,34,31,42,30,29,15,14,17,36,40,37,43,32,35,31,44,38,30,25,27,35,42,10,37,13,42,16,44,31,16,27,25,30,17,28,22,11,37,37,33,36,33,40,20,10,30,34,36,17,32,19,19,9,22,34,13,32,14,18,44,33,39,41,35,14,34,35,39,10,20,35,46,9,36,41,31,37,33,16,39,39,35,36,39,34,28,38,43,33,40,33,32,36,20,31,39,34,15,35,39,36,34,28,42,32,35,35,34,28,28,33,33,41,41,18,18,27,31,34,32,40,35,41,34,16,9,15,37,17,32,33,37,40,34,32,14,36,38,41,37,29,15,16,41,33,39,8,10,17,28,29,31,47,8,39,38,11,32,40,32,29,31,13,30,17,38,32,37,37,31,37,33,38,31,35,25,36,40,30,9,33,36,21,30,41,44,30,44,29,32,35,24,33,30,36,35,15,31,34,36,16,39,40,38,39,38,31,45,33,45,12,35,15,18,32,14,11,29,33,35,17,31,11,35,23,34,27,33,37,18,29,17,33,27,41,12,27,36,41,39,41,20,41,42,10,40,27,26,33,13,39,36,36,16,35,38,9,16,36,38,38,42,15,29,15,33,28,12,39,30,26,24,36,28,26,35,39,33,11,15,33,31,8,37,10,37,41,9,13,20,16,15,41,36,35,31,33,37,42,36,15,15,43,39,47,32,17,31,14,17,13,12,26,16,35,30,33,12,37,30,36,33,31,29,36,36,37,38,39,35,17,35,19,33,14,32,35,30,44,13,37,16,15,31,32,38,17,13,34,38,41,30,33,22,33,40,37,34,39,9,16,16,35,40,42,45,38,12,34,34,39,30,40,32,44,36,37,13,27,13,37,9,42,30,35,37,38,40,37,37,28,36,31,43,31,32,17,40,31,30,40,30,40,40,37,22,35,45,33,33,32,36,40,10,39,15,33,35,29,37,17,45,32,21,36,41,16,41,14,34,37,15,33,19,33,43,30,43,36,24,42,39,36,34,14,38,44,37,14,37,9,40,8,31,24,35,28,31,35,16,29,25,15,32,33,30,15,11,32,39,38,16,32,36,36,26,13,38,35,41,36,42,37,13,36,34,35,31,30,37,36,42,33,20,35,37,31,33,28,38,18,36,38,31,39,12,37,39,14,18,43,40,29,45,18,32,33,25,34,6,39,13,29,34,17,11,38,40,31,33,39,38,21,39,33,32,21,16,23,12,36,36,14,36,38,12,46,35,34,35,26,25,42,21,33,36,16,43,34,33,15,41,45,34,39,13,39,16,28,39,17,33,34,39,43,42,15,39,31,36,34,32,30,31,37,31,34,31,31,38,36,37,34,8,31,37,32,35,16,14,14,37,29,30,31,33,41,18,36,27,30,35,34,38,35,30,15,35,24,46,16,31,28,29,11,33,27,37,37,10,25,33,35,28,38,36,14,30,17,13,40,33,35,13,14,36,37,35,20,38,33,33,39,34,12,16,37,35,35,42,31,35,35,32,39,17,34,38,44,19,14,38,35,33,39,14,33,18,34,26,27,31,35,34,34,38,31,31,44,41,40,36,13,42,35,16,42,42,39,41,40,32,17,11,36,28,31,42,43,36,12,37,12,18,34,36,32,16,38,22,35,35,18,14,42,42,14,39,42,32,29,39,40,34,34,15,32,40,25,40,21,15,32,34,33,34,9,26,35,18,31,35,39,18,36,35,39,32,11,19,41,36,36,41,15,30,12,20,21,38,29,40,13,41,40,35,36,17,36,37,35,17,35,31,31,35,35,32,38,18,37,29,36,26,35,34,15,28,36,11,38,34,34,34,29,41,13,41,37,30,34,10,42,15,29,32,12,14,45,13,19,39,31,18,28,42,27,42,36,7,13,35,37,12,20,30,30,29,18,36,27,31,8,47,34,22,13,33,34,15,29,14,39,40,31,15,13,15,31,30,26,30,32,30,24,33,35,11,32,36,41,43,39,37,34,30,13,33,9,35,31,37,35,24,41,19,15,14,18,20,40,32,19,39,17
14,31,19,36,31,29,33,37,17,42,38,34,12,30,38,28,34,38,37,40,11,41,36,16,38,30,29,34,36,29,29,38,32,39,9,17,37,34,32,16,40,13,11,31,13,32,11,29,39,15,29,12,15,38,33,29,43,39,42,27,33,39,37,36,43,40,41,33,31,18,35,31,40,33,35,25,30,33,34,14,46,39,39,40,35,33,28,42,33,32,34,36,12,31,39,34,34,19,33,37,38,35,12,37,31,40,40,33,14,12,34,32,15,36,10,18,37,30,29,33,11,34,32,45,15,32,40,11,36,35,31,18,41,13,26,21,33,30,27,16,38,31,34,33,36,41,12,39,42,30,37,32,38,12,43,29,28,13,43,10,30,6,35,33,9,34,37,20,11,15,30,30,35,37,30,37,24,28,33,40,25,32,10,14,15,39,29,16,10,28,29,35,30,35,16,33,43,35,46,32,9,41,46,19,14,38,13,13,35,37,37,12,31,38,9,41,38,36,38,38,32,13,33,34,37,42,32,34,16,41,33,10,12,18,35,25,35,20,37,28,27,27,35,32,28,41,27,38,38,36,41,43,41,33,16,29,41,19,34,18,15,33,30,37,16,36,15,34,35,32,40,38,35,25,14,34,20,37,46,35,36,8,43,19,11,33,43,33,37,20,33,29,39,32,33,17,34,36,19,34,42,25,32,30,33,13,50,37,11,18,32,35,40,33,35,18,17,14,23,39,28,14,38,30,27,36,33,10,36,34,40,17,31,37,13,33,11,13,38,38,27,41,31,30,11,35,34,39,49,29,18,33,17,40,32,33,33,36,30,14,37,38,13,7,33,35,36,33,34,32,22,29,37,26,36,38,34,31,37,13,12,17,35,16,40,39,36,41,37,39,42,27,31,18,34,41,40,32,40,29,36,31,32,39,34,45,37,11,31,14,12,19,14,15,31,33,43,12,36,37,12,13,34,32,12,31,36,11,37,37,15,27,38,32,33,34,19,18,38,39,23,14,16,29,38,40,28,29,39,12,36,38,36,32,33,30,31,26,39,16,16,36,38,31,20,32,37,27,40,33,33,34,44,27,10,9,31,34,38,34,38,37,32,35,34,30,33,34,35,37,31,34,10,41,34,34,30,39,41,34,34,31,35,22,36,35,37,32,15,29,10,33,43,10,33,21,34,11,33,34,39,29,30,45,41,41,15,28,46,19,23,33,38,9,40,38,30,37,31,14,20,31,32,35,39,28,21,30,39,20,10,41,33,13,28,31,27,36,47,37,31,29,34,40,31,27,37,31,37,16,11,33,36,41,43,15,18,36,36,14,12,31,33,38,12,40,8,11,39,36,18,33,33,43,16,38,16,32,32,29,30,45,36,31,44,16,20,36,8,30,38,35,36,33,33,33,39,32,39,39,14,46,31,14,28,33,38,41,35,36,35,32,41,13,16,35,37,9,37,36,35,14,32,46,38,18,17,36,47,16,38,34,34,31,36,32,31,37,39,30,9,15,26,9,34,9,45,13,12,30,40,33,19,37,36,43,39,40,12,14,35,33,14,37,29,12,11,37,40,41,40,36,20,15,37,39,37,13,36,36,37,11,38,39,36,15,50,32,33,16,30,34,41,36,16,34,12,30,13,39,12,43,18,36,34,12,38,34,37,37,38,15,22,32,18,30,35,30,32,37,32,16,35,40,41,32,29,35,13,9,39,30,32,36,29,40,37,32,35,37,17,34,34,37,15,39,33,12,40,36,30,33,10,38,42,37,34,11,37,32,35,32,39,33,33,10,45,37,11,34,11,32,35,40,36,39,14,8,27,28,26,41,37,35,30,45,31,15,39,20,26,38,38,26,32,32,16,20,36,16,13,36,9,13,40,12,17,37,21,45,34,34,42,37,32,15,30,13,14,31,36,36,32,33,31,37,38,31,42,29,33,28,18,10,36,34,37,32,31,30,30,19,33,31,39,16,14,40,31,25,32,34,20,17,37,35,22,47,11,37,26,34,33,31,39,16,37,28,36,41,31,46,15,23,29,10,42,27,37,34,39,18,14,41,37,15,31,34,11,34,9,18,15,36,13,36,32,31,15,31,10,18,11,37,37,37,32,41,15,38,30,11,36,26,32,29,18,35,35,44,30,13,34,13,43,34,33,16,17,7,38,46,38,41,30,40,32,29,16,14,26,36,43,33,17,16,36,37,40,15,9,39,28,34,30,35,17,34,34,35,16,31,12,12,32,25,39,34,12,27,29,33,25,39,8,35,13,28,34,32
14,43,38,18,34,13,31,17,35,36,40,32,47,31,38,42,16,46,34,14,26,26,45,46,36,32,25,41,29,38,16,13,31,36,25,39,34,19,16,36,31,40,41,35,32,40,40,34,34,38,25,34,18,30,12,31,36,37,18,37,36,38,40,11,12,38,10,32,19,38,32,32,39,34,36,12,43,34,29,10,40,37,33,35,29,34,34,34,17,30,33,15,37,14,35,36,36,15,33,39,32,29,14,33,31,38,30,31,42,31,31,33,32,12,34,27,43,42,26,32,41,38,31,8,22,16,29,42,33,34,15,36,36,31,15,34,42,39,43,37,33,11,33,21,35,32,32,34,38,35,9,14,35,32,39,42,39,35,39,39,32,39,35,43,32,33,13,39,41,31,33,17,30,35,36,38,37,32,37,45,36,9,16,38,18,40,40,40,11,35,32,12,13,39,36,30,17,36,38,13,31,34,39,37,12,35,31,35,37,36,16,40,15,37,32,37,18,45,10,37,41,35,28,28,42,32,32,15,31,36,27,18,32,18,24,39,32,39,20,12,40,10,21,38,14,30,16,38,30,35,19,14,14,27,33,34,31,37,32,33,30,30,44,17,39,16,41,33,34,39,35,41,38,36,39,41,40,32,28,28,38,12,32,33,36,16,30,38,35,16,32,21,38,38,29,11,32,42,32,36,35,14,37,39,27,31,37,40,13,38,33,46,13,34,38,39,14,33,13,34,34,17,15,19,13,33,26,31,31,14,41,29,33,41,16,41,35,34,14,25,35,32,36,36,34,35,38,37,42,39,34,32,35,40,35,17,39,39,10,34,37,33,34,28,27,32,16,37,43,40,35,38,25,40,17,35,30,33,14,40,42,37,14,39,29,11,40,30,37,33,17,13,14,32,42,27,23,13,32,41,14,12,14,35,35,18,34,36,36,21,42,37,38,27,31,17,38,40,33,18,41,38,43,17,34,27,13,34,36,37,37,34,28,45,27,11,35,29,19,36,32,35,13,33,35,16,36,19,32,14,15,36,23,14,36,36,39,30,32,45,31,14,35,13,34,38,32,40,15,31,38,33,13,36,17,25,36,37,37,36,12,47,35,34,36,38,16,42,33,35,29,43,13,20,37,30,17,31,36,34,37,35,31,30,39,39,27,39,35,16,12,42,37,32,38,20,37,28,39,33,16,32,34,31,38,14,34,42,29,42,12,18,40,43,35,31,12,35,10,31,31,32,13,39,39,34,37,25,40,37,18,17,35,10,38,32,37,35,15,43,31,12,36,28,34,26,20,36,16,31,37,43,14,30,31,31,30,18,36,15,17,41,36,32,29,10,18,37,28,35,37,12,43,10,29,17,30,35,35,34,12,15,41,32,46,32,8,48,11,36,34,25,17,11,38,16,17,15,13,29,30,14,37,16,40,35,22,29,39,33,44,34,41,31,33,37,29,31,13,36,30,28,42,34,12,34,34,40,40,38,29,38,33,10,28,33,35,35,30,14,31,11,13,44,40,38,15,45,12,36,12,32,33,31,30,33,29,38,15,33,20,39,19,35,25,29,35,36,38,14,9,30,41,15,19,40,39,17,27,29,31,31,18,32,34,32,43,12,13,34,16,40,15,33,43,32,38,30,37,13,41,14,34,38,35,22,37,13,24,34,33,40,35,36,20,18,14,13,30,29,18,37,11,37,38,29,28,18,41,34,13,11,13,16,32,9,20,34,28,13,31,39,37,35,40,44,43,14,20,41,39,17,28,12,40,9,29,34,33,38,18,21,10,15,39,41,11,43,40,32,39,37,10,10,17,31,41,36,28,31,18,36,37,38,14,11,38,46,35,30,33,20,37,19,31,30,34,33,36,36,30,34,34,35,33,42,35,30,25,34,35,38,41,33,15,36,14,36,32,15,37,40,39,13,35,25,17,35,34,32,15,38,43,38,39,14,34,11,30,15,37,37,34,27,38,35,33,17,21,24,37,37,15,28,31,48,40,43,20,35,38,16,32,31,42,37,43,13,41,29,14,40,35,41,40,26,13,36,17,15,29,35,30,17,38,36,41,17,32,15,40,36,16,35,14,38,10,43,39,44,15,13,39,37,35,30,20,27,42,36,13,36,14,26,30,33,39,16,35,39,39,38,35,34,36,41,32,29,39,45,34,36,31,13,41,41,38,31,39,32,39,12,28,37,14,32,14,43,32,36,43,13,38,37,18,33,40,12,33,41,38,33,32,22,33,33,14,31,41,41,43,35,15,35,27,35,37,44,15,37
19,36,34,15,19,41,15,35,29,12,32,34,33,37,42,36,12,33,42,36,38,36,31,41,17,34,34,15,36,31,29,29,36,13,31,38,34,38,31,31,35,38,36,10,29,31,33,39,28,13,34,34,9,15,32,43,43,33,40,16,30,30,36,37,27,43,34,31,22,38,12,34,31,32,35,36,32,35,33,29,32,11,33,38,36,32,43,38,29,42,9,32,21,11,45,33,27,15,13,28,30,13,32,34,46,37,14,39,19,32,28,33,33,11,24,45,35,34,18,33,11,23,32,16,35,33,37,12,35,44,50,37,38,30,37,15,30,45,37,34,34,42,30,37,30,34,18,35,43,29,34,36,36,31,37,28,39,37,34,34,35,15,29,35,30,37,43,44,12,32,14,27,40,33,41,43,16,42,13,29,39,33,32,39,41,18,30,25,36,33,34,38,32,39,17,34,31,40,38,39,21,23,6,30,14,27,34,33,22,27,37,15,34,40,36,39,31,34,20,32,34,35,28,33,36,16,35,33,31,43,17,12,16,31,40,14,40,11,15,21,31,13,35,34,33,44,38,37,36,7,12,12,11,32,9,33,21,39,27,38,17,31,39,35,34,11,35,38,38,35,28,34,17,36,35,32,42,32,39,22,27,38,41,15,36,39,15,45,13,44,33,37,30,35,37,41,40,31,36,11,40,36,18,31,34,21,19,31,19,30,40,39,9,33,28,14,32,33,11,39,44,28,35,29,36,46,36,38,34,40,35,32,12,30,33,33,13,35,31,33,37,9,33,48,17,24,38,30,35,19,16,37,16,34,33,32,16,39,14,27,38,13,31,14,29,26,31,43,38,36,18,8,15,23,37,23,34,18,42,32,34,16,13,41,42,14,46,17,20,16,39,32,34,31,31,39,30,17,37,35,30,30,14,38,26,29,40,35,41,30,45,15,11,32,36,28,32,37,18,13,30,35,19,28,13,33,36,36,40,16,34,32,21,32,24,33,29,18,14,37,37,35,28,37,33,31,17,35,38,40,32,43,43,32,30,33,34,14,35,37,36,37,35,33,38,22,42,18,37,26,34,38,29,33,35,14,28,40,33,33,19,17,33,35,29,39,12,35,19,38,40,33,34,25,33,23,30,33,32,32,32,33,31,16,31,38,35,17,41,28,40,16,15,11,37,31,18,38,20,33,14,11,17,36,38,41,13,37,30,14,36,36,28,33,29,44,32,16,37,26,11,32,40,34,24,40,31,35,30,37,13,37,15,40,16,30,32,39,35,44,28,30,29,32,31,26,13,41,29,31,15,42,27,30,38,17,31,38,35,34,22,25,38,17,11,34,38,15,40,16,31,30,37,37,15,21,39,34,32,34,40,41,26,32,16,16,48,31,27,33,28,21,35,22,41,8,46,29,15,15,31,37,33,31,11,36,35,30,34,37,36,38,33,31,45,18,23,9,39,38,30,32,36,29,9,34,30,30,18,28,13,17,35,13,34,35,32,35,15,33,33,38,29,36,42,21,17,18,45,11,34,35,34,38,43,14,25,39,12,8,33,33,34,41,38,29,32,35,36,38,16,31,21,37,39,31,43,37,25,36,16,13,36,38,32,34,25,44,30,32,27,45,33,14,34,40,16,34,36,38,21,36,13,19,42,43,37,43,43,18,38,38,36,33,19,12,13,13,33,38,33,18,37,39,34,41,13,40,11,24,39,15,14,27,17,37,32,30,35,31,43,39,23,37,33,32,30,20,11,28,35,15,40,28,33,40,38,26,33,16,36,17,11,31,35,17,34,38,44,38,33,39,37,37,34,32,20,38,18,34,32,16,35,31,37,37,14,37,17,40,27,13,35,36,37,33,39,10,29,30,38,21,29,36,31,43,31,33,29,31,42,16,40,33,30,37,28,21,32,31,26,40,40,27,37,36,15,14,14,35,36,40,33,39,12,12,20,37,37,41,37,36,38,37,40,15,29,46,36,34,28,39,15,36,31,34,35,33,16,30,34,33,16,27,10,34,37,33,13,39,13,38,45,35,30,37,33,40,14,9,32,36,8,39,34,39,39,32,33,29,28,37,35,33,42,35,38,31,43,27,24,41,21,39,34,32,31,12,17,35,40,34,36,20,16,35,11,28,16,13,42,31,30,28,23,40,31,6,29,14,38,36,35,32,36,17,43,35,38,31,33,34,36,41,38,4,33,32,14,18,34,31,31,37,15,36,19,35,25,34,42,34,28,29,15,39,34,17,36,30,28,11,35,44,33,32,33,33,17,29
33,13,38,39,31,31,23,17,34,40,20,9,29,14,26,45,39,34,23,44,34,13,34,28,39,36,40,37,34,10,35,35,33,21,20,42,30,39,39,11,37,46,30,19,36,23,26,34,46,12,32,33,32,35,18,38,19,34,7,33,31,10,41,47,34,30,14,13,13,29,26,38,20,37,37,37,36,30,38,29,41,32,19,32,15,40,34,28,27,34,34,41,36,25,44,43,26,29,36,14,15,31,32,40,30,34,28,43,13,15,34,39,36,36,49,36,26,34,37,13,34,35,45,39,18,31,22,11,34,42,10,39,9,22,34,40,31,32,36,34,37,41,33,32,25,25,39,37,39,32,38,16,34,38,33,34,37,39,14,41,35,28,19,44,18,25,18,34,39,43,34,41,11,29,16,36,35,35,34,25,20,17,35,14,16,37,31,40,10,15,34,30,29,32,39,30,19,37,39,17,22,12,18,37,31,38,11,36,23,28,36,19,43,42,39,21,27,30,14,30,37,13,36,39,29,29,33,14,42,28,33,22,40,26,38,31,28,30,38,41,17,16,32,42,34,38,13,17,28,13,34,35,35,40,15,12,14,39,39,40,25,19,10,33,33,12,39,33,35,32,40,14,41,17,33,34,39,8,41,18,34,18,39,36,34,34,34,16,14,35,35,37,37,37,18,35,12,43,11,34,36,15,33,37,38,21,36,21,29,14,34,34,32,33,41,37,37,30,30,33,13,29,39,18,30,41,14,40,31,33,39,15,32,34,32,16,38,33,19,36,25,18,30,15,39,30,28,31,22,33,37,32,13,40,17,34,10,23,35,38,17,35,17,40,40,17,38,41,34,31,14,36,14,33,12,9,31,29,32,14,43,16,30,18,36,15,13,28,40,32,39,41,37,39,35,29,44,28,39,35,34,34,12,34,37,30,35,29,12,12,26,37,36,33,30,34,39,13,28,41,29,40,36,47,33,10,42,20,32,36,36,32,36,38,35,15,34,35,35,32,29,35,35,33,35,32,41,37,26,34,38,34,30,12,30,13,34,36,32,38,29,37,29,40,37,36,33,19,35,36,41,40,36,44,12,33,41,38,30,41,13,34,28,31,33,34,31,31,44,34,35,15,32,33,42,33,34,34,9,16,24,20,32,17,30,31,41,37,22,38,14,34,34,35,35,33,13,38,23,29,28,32,33,37,36,45,30,37,39,37,37,39,15,12,17,16,37,40,26,36,33,34,31,42,32,35,26,33,28,46,34,38,10,37,37,10,15,29,11,11,39,10,20,28,32,36,31,38,34,36,39,30,40,28,31,33,30,9,38,32,32,38,37,37,30,36,34,38,20,31,32,45,37,34,33,20,25,19,6,14,19,44,11,37,38,33,35,41,35,25,34,42,34,31,36,39,15,14,36,33,35,33,35,35,32,31,30,48,28,35,17,32,36,35,34,38,26,27,33,30,32,14,31,41,31,35,35,19,12,14,42,11,36,21,12,13,36,36,37,42,29,39,34,37,36,32,33,32,27,37,36,37,38,10,29,11,27,36,33,32,32,19,32,26,37,19,41,13,35,36,26,36,11,34,30,27,34,35,17,37,9,14,13,46,36,17,36,30,28,34,33,33,38,45,33,18,11,33,36,34,15,16,33,36,40,18,33,34,38,35,32,35,31,38,35,7,36,35,16,40,38,11,33,37,32,32,37,29,11,9,42,37,37,33,19,41,43,33,39,39,37,38,31,39,33,34,37,36,13,36,30,28,34,11,34,33,19,47,37,24,35,31,14,38,13,33,30,9,11,12,37,35,19,15,18,38,44,38,37,37,14,33,37,40,39,32,35,31,30,22,17,27,10,36,15,34,14,32,16,27,38,31,37,27,12,37,34,39,31,34,28,38,36,43,29,44,17,13,39,37,21,33,31,16,30,19,14,36,20,35,31,9,31,27,39,12,32,39,36,33,10,38,37,37,49,28,33,10,25,16,27,36,36,17,35,45,37,40,13,27,31,34,35,13,41,11,37,38,14,44,16,25,10,26,35,12,37,6,35,24,30,31,44,25,35,44,30,46,31,37,16,37,34,13,37,19,37,27,35,23,29,37,17,14,27,34,10,24,21,37,32,41,14,39,35,17,40,29,45,11,34,34,14,40,43,29,40,44,28,31,33,41,34,13,30,41,41,35,34,10,14,36,33,12,37,30,33,36,39,40,39,34,39,31,38,44,22,31,21,40,36,19,15,28,10,30,15,16,35,15,40,29,40,35,8,29,13,29,38,31
31,34,36,38,17,30,37,31,34,39,33,32,13,30,16,32,35,40,13,20,41,9,31,33,32,33,31,40,28,21,13,42,15,34,35,30,47,12,39,31,36,22,39,32,38,35,16,18,14,39,38,39,33,34,30,30,26,38,22,38,37,35,42,17,40,35,36,30,32,31,40,35,42,36,31,13,22,31,39,35,17,38,34,38,14,32,37,9,40,18,37,23,40,21,33,26,26,41,39,10,16,36,14,41,34,12,39,16,27,33,19,40,22,28,37,13,31,35,38,15,35,37,21,19,18,36,17,35,27,36,39,33,19,22,29,33,34,36,42,19,35,23,19,36,10,11,40,18,40,38,26,44,15,12,34,33,33,42,36,42,40,37,8,33,38,11,10,40,36,38,17,38,43,39,39,21,36,34,31,39,38,44,39,37,47,39,34,20,34,30,37,15,18,22,34,35,40,43,38,25,15,15,33,40,27,43,13,30,37,16,35,34,40,21,29,28,41,19,29,36,11,27,12,15,33,35,33,33,47,23,27,37,31,31,32,30,35,37,33,32,39,16,32,33,41,19,41,11,37,36,39,37,35,32,29,35,32,39,39,36,6,34,36,43,20,16,40,35,40,38,34,32,38,28,18,46,29,37,34,26,34,35,26,36,35,15,30,32,39,32,16,32,35,33,13,22,34,41,33,37,17,32,37,39,35,40,38,31,32,40,32,38,24,41,37,30,36,13,41,21,16,25,34,39,34,13,15,34,41,32,17,36,28,33,36,16,34,30,38,16,43,34,37,34,35,40,38,35,30,14,15,14,31,13,38,35,29,39,15,20,32,46,31,34,10,30,28,32,33,32,41,18,32,32,11,19,29,38,10,16,38,42,34,40,28,29,43,25,30,6,32,32,22,28,17,31,34,17,30,36,32,35,34,37,40,25,17,35,28,31,31,15,38,36,20,28,14,36,32,16,37,41,34,34,29,38,13,12,12,23,35,13,34,27,16,14,13,32,14,13,36,34,36,39,26,38,10,35,35,37,14,29,38,36,12,34,43,37,15,20,19,35,36,11,12,34,16,24,33,34,32,42,34,41,29,13,44,29,21,41,38,43,41,20,23,13,37,38,34,13,35,37,31,34,25,40,18,33,10,23,39,32,33,35,40,42,13,32,11,33,43,33,28,39,35,11,25,14,29,33,29,34,17,16,13,26,17,23,36,27,12,17,43,30,11,17,32,34,12,32,39,40,33,16,34,17,21,14,38,22,32,21,35,27,34,42,35,22,41,33,33,44,45,37,29,38,31,15,18,40,36,37,32,37,22,37,32,15,36,34,19,35,18,35,13,35,38,31,10,29,14,11,8,18,36,35,37,33,14,34,34,34,39,41,13,28,33,38,25,33,37,12,38,36,18,42,32,36,31,32,29,14,34,9,17,31,12,29,38,15,25,15,12,33,37,16,27,13,13,11,29,45,31,9,15,41,25,10,32,36,33,44,37,30,15,17,10,52,38,39,35,18,11,34,52,43,11,31,27,39,39,38,37,39,31,33,35,40,40,33,38,29,17,35,25,38,37,26,32,29,35,16,8,34,14,14,32,36,38,31,33,39,30,14,35,39,34,34,20,37,34,35,14,20,39,40,39,35,38,33,31,38,12,15,36,38,11,32,45,37,35,43,18,34,8,35,38,43,33,14,21,14,34,45,42,35,29,43,41,41,38,13,33,35,43,28,34,15,38,31,36,37,32,35,32,35,38,33,32,36,33,26,43,39,35,17,26,40,35,35,11,44,13,36,37,36,18,31,36,31,18,28,16,34,29,14,37,32,36,41,39,36,44,18,40,35,34,48,33,37,39,16,32,34,38,47,31,35,36,37,34,36,17,11,28,42,41,39,13,34,31,18,35,32,15,40,33,13,40,41,37,36,30,38,34,33,16,36,16,31,36,44,28,11,41,38,28,12,8,35,22,31,31,27,38,34,13,36,20,39,32,30,18,13,40,20,32,26,35,14,43,31,22,37,42,37,36,41,41,36,31,32,42,10,14,33,15,38,32,19,13,37,36,30,43,34,38,29,33,35,41,17,18,12,28,17,40,34,39,42,25,17,13,15,32,33,13,25,39,14,29,35,40,39,37,38,14,33,17,26,25,38,37,40,30,17,36,32,32,30,40,14,37,34,31,11,23,40,14,31,29,11,29,16,11,13,36,30,27,43,19,35,34,30,35,13,38,27,34,18,35,34,19,15,35,37,34,34,36,14,32,32,32,42,34,9,39,32,17,32
15,30,35,39,19,29,35,43,7,38,34,26,46,33,39,30,33,7,34,35,12,13,32,38,12,12,44,34,32,31,15,43,34,12,38,40,13,43,23,27,12,26,34,39,14,30,33,30,42,35,10,36,27,32,42,17,12,44,38,21,30,37,14,33,37,17,26,32,33,35,36,11,24,32,35,33,34,13,34,17,35,19,26,38,36,35,36,34,42,38,11,30,33,19,25,13,32,37,43,37,31,29,35,32,38,35,32,14,34,32,30,34,40,38,43,34,28,31,33,14,35,34,47,31,15,38,42,36,36,20,15,39,37,17,41,28,35,40,40,35,29,29,37,43,28,41,41,37,32,14,34,26,32,41,29,14,33,34,15,33,40,38,40,14,30,13,23,29,36,30,12,20,15,40,38,40,34,33,33,13,33,16,35,36,13,35,40,18,35,24,36,14,47,33,27,28,41,43,29,31,37,38,15,35,43,30,40,45,24,35,30,36,13,29,42,35,43,32,38,31,31,44,12,32,15,49,36,12,42,14,17,12,41,37,32,28,12,32,36,16,47,33,43,20,28,36,38,37,35,31,37,42,36,36,13,32,33,35,15,19,34,25,12,32,36,27,37,38,10,35,13,35,33,39,37,37,17,13,15,29,16,30,15,14,29,23,30,42,29,26,28,25,44,36,43,37,35,39,12,34,35,34,12,34,31,32,31,14,15,35,39,14,31,39,17,25,36,14,30,40,33,28,33,34,19,39,39,40,25,39,45,38,35,31,17,41,18,30,34,36,33,30,32,13,16,39,27,16,38,25,13,35,15,43,34,31,25,32,11,32,44,42,30,18,35,27,34,39,37,7,30,18,21,31,33,17,18,19,35,28,25,39,27,42,32,15,24,26,15,29,31,19,38,36,35,36,43,15,37,20,41,40,42,13,33,26,31,35,16,13,39,15,37,28,35,15,45,36,32,41,28,39,29,30,37,13,19,19,37,36,22,40,11,31,34,16,34,35,18,36,38,30,15,37,16,48,11,29,32,11,37,29,13,33,18,28,18,35,18,37,15,29,15,38,35,36,35,18,33,35,38,15,37,30,10,17,34,13,18,38,37,28,25,36,14,37,28,35,32,41,31,18,21,35,13,27,35,34,33,42,37,30,38,29,19,37,26,38,40,27,44,30,33,36,15,33,22,34,34,36,36,44,15,18,33,33,32,38,29,14,43,39,14,16,37,33,15,34,35,28,29,15,37,36,15,32,32,38,29,18,31,13,34,13,35,40,36,34,35,35,40,30,39,39,44,28,42,30,27,29,42,41,27,38,46,27,40,36,34,9,36,14,29,14,34,16,35,18,11,35,38,39,31,37,31,34,28,38,32,34,14,17,21,32,36,34,30,38,14,34,34,44,44,42,16,32,39,37,14,42,28,36,34,31,37,24,40,38,11,31,36,34,16,14,39,35,40,29,31,35,32,45,17,30,27,29,35,12,49,39,32,32,35,33,31,36,31,39,37,33,18,28,40,35,11,30,33,14,35,11,36,39,47,32,9,37,33,29,26,28,33,15,39,38,13,35,40,16,31,35,38,38,28,25,15,31,31,38,38,35,27,30,29,16,36,36,40,36,38,39,30,13,18,33,37,32,40,34,34,37,14,37,30,30,13,18,32,28,39,34,32,39,31,25,13,16,27,14,37,38,35,18,33,32,17,14,42,36,31,21,39,27,12,32,38,37,44,33,36,16,28,37,25,50,46,38,12,36,15,42,31,32,42,48,35,32,35,40,9,14,16,13,29,31,13,16,10,38,36,13,39,33,13,45,32,35,21,18,40,30,30,29,38,34,33,12,38,30,40,40,15,35,38,25,16,32,19,13,33,37,21,29,19,13,27,31,35,32,16,38,38,14,14,17,13,40,33,15,38,40,41,38,15,32,39,12,30,34,40,38,30,33,40,38,37,16,19,37,28,33,17,39,38,46,38,36,31,13,41,35,40,40,36,41,31,16,13,39,31,29,11,35,9,13,34,35,34,38,32,43,43,13,27,33,24,38,37,34,11,31,41,28,45,11,22,23,36,34,31,39,36,31,45,35,20,29,35,30,34,38,28,33,31,36,35,33,12,27,32,37,27,17,9,34,35,29,38,36,40,36,15,36,39,11,29,39,29,15,37,38,29,40,17,29,38,35,33,39,41,37,35,37,30,46,23,13,17,29,34,36,36,30,34,33,38,36,14,29,14,44,32,19,16,16,17,15,19,13,32,39,36,38,43,33,36,20,18,37,36,37
45,37,19,37,28,32,29,34,28,47,42,38,33,37,12,15,15,35,38,21,32,36,31,40,45,31,44,38,36,38,32,32,18,33,35,33,40,16,16,37,42,39,25,38,42,37,16,43,34,36,35,34,40,18,31,31,37,34,36,41,29,36,35,37,25,38,37,40,30,11,17,33,33,40,33,30,12,43,25,38,36,13,36,24,13,15,33,35,37,31,33,12,33,7,39,43,46,17,37,33,33,33,37,34,35,39,32,29,33,31,33,41,29,38,18,34,17,30,26,33,31,31,15,31,38,11,20,34,16,17,44,19,41,34,39,36,15,34,33,34,25,34,14,14,45,32,30,37,35,29,37,35,13,15,35,32,35,15,26,35,41,17,42,12,32,41,16,41,28,29,40,44,39,22,38,44,15,12,38,34,38,29,13,33,46,39,36,36,27,31,34,33,32,14,37,29,36,36,37,42,16,39,27,39,39,30,34,20,38,35,10,34,39,30,31,37,14,35,45,36,33,16,38,33,13,16,43,39,34,15,40,29,15,20,10,13,40,16,17,32,17,40,34,29,12,37,21,18,12,29,42,30,8,40,34,30,25,31,45,34,38,35,17,16,16,20,30,35,36,31,15,38,37,21,18,13,10,28,43,36,27,35,37,34,14,37,16,16,41,29,31,29,32,41,17,28,34,38,34,29,29,43,34,41,16,46,26,30,11,28,31,35,20,19,35,18,25,29,37,44,34,38,34,43,18,29,34,44,36,30,13,44,32,32,34,11,33,29,29,18,29,41,13,27,38,32,12,34,41,12,33,40,38,17,31,32,31,41,17,32,37,33,32,16,41,28,33,30,10,34,14,34,36,28,38,38,13,19,19,31,41,36,35,32,37,31,14,35,34,18,44,36,35,13,32,33,34,13,27,32,35,33,33,38,30,43,40,23,39,44,43,19,15,29,16,30,37,29,18,18,34,32,33,37,38,37,33,17,28,16,37,37,42,24,12,34,16,44,40,24,38,35,36,43,34,34,26,36,7,11,40,7,37,33,33,25,34,10,14,38,40,15,30,40,15,41,39,31,30,36,28,34,36,30,24,48,33,33,40,31,33,32,34,36,35,38,29,10,22,31,35,34,38,20,41,33,12,41,24,34,18,14,34,35,38,28,33,37,43,38,14,15,21,35,20,33,28,29,38,41,42,13,20,40,35,14,13,39,30,30,11,39,34,20,22,19,14,39,18,30,19,33,42,29,34,30,8,28,32,32,16,30,39,37,29,11,20,19,36,28,26,39,42,34,28,32,41,32,14,36,33,36,32,14,30,30,14,20,33,32,27,39,39,32,19,40,14,41,34,38,36,38,32,36,28,33,37,14,41,28,45,43,37,11,18,34,36,38,33,14,37,38,33,15,34,35,30,35,16,27,35,39,38,31,37,33,39,36,41,11,8,7,34,31,14,32,17,35,32,34,34,36,36,33,33,32,37,16,37,37,13,36,31,33,18,40,40,36,40,40,32,46,35,37,31,34,27,35,37,12,14,35,39,42,33,30,16,38,33,35,10,32,32,27,36,39,40,31,37,35,36,33,37,34,33,35,10,30,18,42,14,35,30,38,21,29,32,31,11,41,10,11,12,18,32,38,44,34,40,34,40,16,28,13,22,25,13,39,33,32,37,38,38,35,36,16,34,17,14,34,16,30,46,34,13,42,29,33,27,24,37,39,32,34,39,28,37,32,32,34,37,19,30,36,30,35,34,21,41,22,41,35,37,27,18,18,21,39,29,34,36,38,34,34,36,43,36,11,28,36,30,36,35,36,13,29,39,34,35,32,32,29,35,35,39,40,36,10,12,31,34,38,39,35,36,31,33,18,41,35,14,31,40,36,11,39,20,11,10,32,26,31,14,37,27,13,41,30,31,42,35,32,20,14,37,17,37,26,43,13,46,37,20,35,12,40,20,41,16,30,18,36,17,30,32,39,34,33,12,31,10,31,20,35,34,28,37,28,10,39,33,21,34,34,32,19,29,31,15,31,30,43,31,36,35,20,34,35,29,28,45,15,34,6,33,49,33,18,17,38,40,46,42,31,11,13,32,34,12,36,40,43,36,20,27,19,24,36,43,42,31,31,37,41,35,13,35,36,18,32,35,18,37,47,33,11,34,16,43,19,45,45,32,32,36,41,36,35,32,18,16,37,29,40,15,31,32,37,25,11,38,31,13,18,30,35,34,29,30,34,9,36,42,43,16,32,15,33,34,35,34,39,33,37,34,51,11,38,38,31
16,28,38,12,34,30,35,33,19,41,39,33,10,37,34,30,19,36,42,26,16,40,38,42,36,13,40,42,39,33,30,15,36,36,30,15,37,34,36,31,35,13,30,15,12,26,37,42,41,37,32,34,16,45,15,32,38,35,37,37,42,40,16,39,36,16,38,43,32,34,25,28,21,28,34,14,30,29,27,44,15,36,44,41,19,34,38,42,40,37,30,33,28,32,32,36,11,16,41,50,16,31,40,33,16,38,44,15,30,18,42,42,31,28,35,30,15,13,35,10,28,17,42,13,33,37,39,11,30,40,41,31,33,33,16,36,30,15,31,35,15,12,32,36,15,29,20,41,36,43,32,33,11,35,39,43,16,10,39,40,43,36,13,45,41,23,37,38,46,31,35,34,11,34,15,41,28,11,31,12,41,39,38,36,13,30,18,16,32,16,35,40,34,15,36,36,36,36,49,36,43,42,35,43,26,16,33,40,28,34,45,35,39,34,36,38,34,15,30,16,11,36,34,38,46,40,17,41,31,46,27,34,21,35,12,36,34,36,31,42,33,34,35,41,39,15,11,20,42,44,38,36,35,12,14,17,25,36,35,35,11,14,39,35,17,20,31,13,32,35,13,33,37,29,12,31,36,44,31,39,37,37,34,40,37,37,36,44,16,21,36,16,14,42,40,30,38,37,33,13,34,11,31,15,32,37,27,37,31,18,37,38,31,41,13,33,40,44,13,14,43,32,34,27,14,38,33,35,42,10,35,14,16,32,34,21,27,36,9,30,32,19,35,20,40,42,38,34,14,38,15,33,36,15,32,26,34,42,32,37,16,17,34,36,43,31,42,44,15,34,13,21,37,10,8,34,35,36,16,32,31,35,13,30,36,34,28,35,36,27,34,41,41,39,35,33,37,15,33,10,37,41,36,15,30,42,39,37,18,36,26,35,36,45,41,32,34,34,45,32,34,39,33,36,32,35,34,20,35,44,19,22,38,39,35,38,12,14,36,27,35,27,38,39,35,42,16,27,40,30,11,38,14,28,31,39,37,24,26,30,34,42,21,19,41,29,16,16,13,16,42,28,15,32,30,35,29,36,32,38,35,32,35,33,12,30,43,36,38,9,14,33,11,36,35,29,19,45,27,27,30,40,16,12,29,37,38,38,34,34,27,13,28,38,38,38,33,12,39,40,41,17,35,20,26,19,12,33,31,37,13,31,33,36,16,14,14,34,11,41,29,36,37,44,30,15,32,40,39,33,29,39,31,15,36,32,43,35,38,31,36,35,34,41,10,32,43,37,35,15,11,24,33,34,37,15,37,37,35,31,37,34,31,16,35,35,14,30,16,32,39,13,39,39,35,17,40,36,41,38,17,32,41,12,14,16,27,29,30,36,11,14,26,34,34,31,34,36,11,16,31,38,33,13,41,40,42,15,16,35,20,38,41,20,42,32,9,36,37,33,15,30,35,14,43,14,11,34,31,26,36,38,30,37,33,21,11,34,39,30,25,43,36,36,35,16,36,32,27,36,39,31,35,36,16,37,33,32,35,38,44,19,39,27,15,16,14,38,38,37,38,40,15,30,38,41,39,35,32,36,29,40,32,28,28,35,13,14,12,37,30,43,6,25,29,14,35,37,42,31,29,32,15,30,44,35,39,29,18,15,34,37,11,42,38,19,35,39,32,38,32,37,42,38,42,37,32,16,34,34,34,10,22,34,33,13,11,17,31,32,14,32,15,37,39,19,38,41,34,38,12,29,35,36,33,25,18,33,34,14,42,34,32,34,39,20,38,32,30,39,39,15,34,29,42,40,31,38,11,34,35,40,15,36,31,34,31,42,40,18,19,28,42,39,37,38,36,51,40,37,38,32,35,10,25,39,39,30,23,24,36,32,13,33,10,14,39,36,24,33,33,29,24,38,44,35,12,36,29,37,36,36,43,37,42,38,32,21,24,7,23,39,32,35,34,15,19,13,15,29,33,35,33,14,14,37,26,36,35,37,9,41,37,37,41,37,16,32,33,45,34,30,16,40,36,37,40,40,29,26,18,11,24,35,9,32,39,38,33,13,37,30,33,29,38,30,42,12,35,32,33,32,28,44,34,38,33,22,34,28,28,24,16,42,20,31,13,31,37,36,34,38,13,35,30,33,33,36,41,43,36,42,15,16,14,39,38,44,48,40,36,35,39,40,34,30,48,35,41,38,32,39,23,23,33,35,33,14,13,40,42,41,49,34,19,39,29,39,31,33,24,41,36,35,25,39,34,22,24,39
36,11,33,17,17,12,12,16,16,28,33,37,14,43,15,33,37,40,35,41,13,24,34,23,32,27,38,14,11,36,20,30,38,41,35,7,38,11,30,28,33,16,30,26,15,21,33,13,28,41,19,46,32,13,36,36,38,40,17,18,36,30,35,40,36,34,33,18,33,30,34,39,14,39,36,28,24,12,32,36,34,37,38,27,33,18,37,18,15,31,12,38,19,42,36,15,37,33,40,34,30,35,36,44,33,35,44,32,37,37,32,16,44,41,20,29,43,33,16,38,35,39,37,19,43,22,32,39,39,30,32,38,15,35,41,36,44,44,33,33,31,30,20,33,41,38,36,12,40,29,39,29,33,28,33,41,13,23,38,43,33,35,43,12,16,33,43,41,37,40,15,38,21,35,31,34,35,42,19,42,36,13,37,35,30,43,37,34,41,17,41,32,37,38,32,33,41,37,37,34,35,40,31,40,36,37,40,20,34,32,40,37,17,39,39,36,35,46,33,17,43,33,16,39,18,30,38,38,33,20,39,9,38,38,29,34,14,38,33,36,16,15,38,37,13,13,31,10,39,34,17,38,29,40,36,14,40,36,36,29,41,21,36,42,33,44,32,27,40,30,36,44,34,36,30,15,30,34,31,36,24,40,24,38,19,30,17,35,19,37,35,23,31,37,23,18,30,33,40,40,33,32,31,13,26,37,39,16,31,38,32,35,19,9,12,34,28,29,31,38,35,38,17,38,30,34,37,39,33,29,41,36,28,15,33,36,33,38,35,37,29,37,13,11,37,40,38,16,15,14,34,10,44,39,38,36,16,18,31,19,50,35,35,12,30,35,29,19,32,32,36,11,36,27,47,30,37,29,13,37,31,27,14,31,14,29,36,38,38,27,14,9,13,36,23,36,16,30,31,29,13,13,14,17,32,14,37,38,31,9,33,34,15,35,38,20,31,29,33,23,15,14,40,22,29,38,8,18,36,43,16,27,37,35,40,35,25,45,33,17,32,32,39,36,18,31,14,11,42,23,39,30,26,19,30,33,35,35,30,48,27,33,39,41,27,35,40,35,11,38,15,36,13,38,16,41,46,36,34,33,37,29,44,42,35,21,35,39,38,34,28,40,32,39,30,15,33,37,36,23,34,38,38,15,41,36,36,42,12,43,13,16,39,34,32,28,36,19,35,30,27,30,11,36,35,34,7,32,27,22,36,31,12,31,12,25,35,32,37,35,41,35,35,38,12,36,48,10,32,34,43,15,30,33,38,33,35,34,14,34,8,31,35,23,35,37,18,32,37,38,37,29,30,21,36,14,32,31,29,31,35,40,40,42,36,46,31,36,38,38,33,21,37,30,34,30,16,21,38,26,35,17,34,35,10,40,39,15,41,40,40,40,29,31,30,35,34,35,41,31,40,38,32,30,31,33,43,18,33,38,37,11,30,37,37,31,15,35,17,10,17,30,36,40,8,18,16,35,12,33,40,37,48,32,36,33,29,26,46,29,35,44,35,33,15,28,41,31,31,16,32,29,34,12,34,37,14,11,36,35,32,33,44,34,28,17,36,10,34,15,11,34,28,38,35,28,33,40,35,38,11,40,35,40,30,26,32,35,17,10,31,36,32,28,33,28,34,40,27,19,39,33,35,17,28,30,39,33,37,17,31,36,30,8,33,37,34,31,19,38,28,17,26,31,28,34,10,36,36,34,18,12,40,27,37,28,39,48,36,37,38,31,43,36,12,36,39,28,35,17,35,37,28,33,39,37,36,37,36,30,44,41,38,9,35,36,32,35,19,36,34,29,14,32,15,37,36,11,37,12,37,38,31,40,44,14,13,15,9,28,34,30,42,31,26,37,25,20,33,46,32,37,16,26,38,33,21,16,12,31,37,40,31,29,27,29,38,38,14,9,17,40,33,14,45,40,28,24,36,34,14,33,19,40,33,9,31,30,38,13,38,34,16,13,35,27,31,32,27,36,33,13,31,17,13,41,35,34,34,33,27,40,45,40,32,45,30,33,26,34,37,14,33,36,35,10,38,35,11,16,41,30,34,36,14,34,37,40,42,13,32,37,39,37,29,23,14,39,31,20,44,32,21,32,12,31,38,30,40,30,11,22,31,37,13,33,31,37,38,32,39,40,34,37,35,40,17,44,29,34,41,17,32,35,32,40,20,35,27,37,41,28,34,34,34,14,41,42,43,32,38,29,35,36,35,26,19,31,34,38,31,12,37,37,16,35,8,10,35,23,43,31,16,36,35,30,18,38,44,33
32,25,38,42,33,34,14,9,38,33,37,37,14,11,34,11,31,33,34,35,15,37,36,38,18,36,14,38,12,38,31,42,31,33,28,33,13,37,14,34,39,49,17,24,35,42,40,31,28,34,42,15,34,37,39,28,27,21,34,13,40,35,32,34,12,11,33,31,35,32,28,15,27,34,40,28,30,36,40,16,21,17,15,40,28,43,27,27,18,15,30,33,22,9,11,30,20,37,10,41,20,24,38,34,28,38,10,40,38,30,36,36,13,41,36,12,45,17,28,21,34,33,36,28,11,37,41,32,37,45,18,39,38,34,18,15,33,32,24,13,28,13,32,26,21,36,27,39,32,17,18,35,31,36,32,24,18,37,32,48,34,14,40,13,38,40,35,33,32,19,35,32,37,39,30,40,12,43,46,33,31,38,33,41,31,34,30,38,31,11,38,33,13,7,38,39,38,35,30,19,37,36,30,30,39,30,26,27,36,16,28,41,33,38,32,37,31,17,34,10,38,34,37,29,38,36,15,41,37,34,35,12,34,12,35,27,36,37,35,33,39,32,12,17,36,33,32,39,36,32,37,29,41,39,41,39,43,16,28,33,38,25,39,34,27,30,32,36,21,16,26,36,32,16,29,26,40,34,38,31,38,26,32,21,14,19,41,37,41,32,41,35,26,32,27,44,32,10,40,39,10,25,45,32,25,29,29,27,36,39,23,15,35,9,37,16,16,18,35,13,15,28,16,27,20,36,36,39,39,16,34,29,40,37,34,43,30,31,38,15,42,41,35,39,33,37,33,41,38,17,17,32,45,16,33,15,37,38,38,36,35,10,37,18,27,31,38,40,13,32,32,34,31,29,30,12,29,40,33,42,14,39,32,31,37,27,20,13,13,38,32,39,35,37,34,28,20,11,17,36,38,36,16,14,35,34,43,38,31,41,37,35,15,21,36,27,39,40,32,15,35,39,34,33,34,37,14,33,9,32,31,15,37,32,18,38,34,17,13,13,41,36,43,42,36,13,33,34,39,37,39,15,37,19,38,29,37,30,32,42,32,16,18,16,19,34,18,26,15,30,33,30,41,35,31,31,36,36,42,28,12,39,10,29,30,36,37,36,38,41,15,10,24,18,34,27,42,34,17,32,33,31,38,34,29,28,35,16,38,27,23,43,34,16,29,38,33,29,36,34,34,37,14,33,8,21,27,37,42,38,30,31,10,38,14,30,33,19,34,29,33,18,15,14,14,31,22,35,13,35,32,26,34,13,32,38,14,40,45,44,48,29,34,30,31,42,41,33,12,43,33,6,13,14,14,30,12,30,13,33,26,50,38,13,36,34,12,12,43,43,38,34,36,38,36,26,14,34,31,14,38,33,27,25,35,36,41,32,36,36,16,44,12,18,42,27,13,31,23,31,30,33,40,39,13,20,36,34,45,34,14,14,31,33,39,21,35,47,42,38,14,34,13,28,16,37,25,8,37,15,16,31,14,35,40,31,34,37,37,37,34,31,27,34,32,31,31,35,39,39,36,9,35,32,24,33,41,36,36,13,11,30,39,16,36,11,37,32,27,30,38,18,41,11,39,38,12,15,32,47,31,34,33,37,44,27,32,30,36,11,25,33,15,46,43,36,16,35,28,16,15,16,39,28,19,30,40,16,36,31,26,25,34,35,36,37,33,34,43,19,18,31,44,15,30,28,27,34,32,38,27,40,37,35,37,9,36,16,33,37,33,16,37,43,28,15,36,28,30,31,41,33,14,26,23,34,39,30,25,9,34,10,13,31,29,35,16,10,35,39,22,36,40,10,13,34,18,33,35,36,34,17,36,40,30,26,38,30,11,40,35,38,17,22,33,38,30,39,34,37,31,39,42,30,33,11,31,39,40,39,30,34,41,30,34,39,38,34,34,28,14,36,32,41,28,39,15,38,33,33,35,41,35,35,39,11,11,40,35,9,21,28,17,28,16,10,36,30,37,10,34,28,32,31,20,37,42,30,46,29,35,13,34,41,11,14,34,29,37,37,33,38,32,35,39,45,42,36,25,36,32,31,41,15,32,25,43,18,16,29,33,25,36,42,25,14,21,30,42,39,35,34,34,30,40,14,41,37,14,41,32,33,33,37,36,27,35,10,35,30,42,14,14,42,34,38,36,11,41,19,36,43,25,28,36,46,33,36,10,35,27,21,14,35,24,33,34,36,31,42,29,33,18,40,39,39,18,33,14,33,45,35,30,10,13,35,38,33,15,32,29,36,45,12,38,33,42,41,35,41
36,26,34,35,31,38,13,15,30,33,36,43,36,39,40,31,12,37,14,33,35,21,37,17,21,38,30,23,31,28,17,14,16,38,32,39,8,11,18,38,34,15,34,10,37,29,40,38,33,41,34,36,12,16,35,44,30,31,39,31,44,33,27,31,15,36,32,40,33,38,14,18,25,16,21,33,33,37,27,36,8,37,29,39,17,33,20,36,33,32,38,32,37,35,38,38,23,30,12,37,15,37,41,15,31,37,13,30,31,22,34,17,33,39,37,42,13,39,14,29,37,34,41,43,40,30,34,38,14,36,45,37,17,36,28,21,8,42,38,26,35,45,21,11,11,19,40,38,34,14,35,34,26,34,31,36,37,40,31,40,36,37,35,37,38,9,18,20,14,18,15,44,39,16,37,18,41,37,17,34,42,35,30,18,32,38,12,44,43,23,39,31,28,50,40,28,15,26,14,14,33,27,36,14,41,14,17,33,10,15,12,34,40,37,31,37,45,20,11,35,36,36,42,34,38,31,37,20,16,33,33,36,26,10,11,36,37,29,39,38,15,35,30,35,37,37,43,12,36,34,16,19,37,30,13,36,21,14,35,32,35,37,34,16,37,41,33,36,31,32,35,37,43,29,36,30,40,36,9,40,35,38,13,39,40,42,39,13,15,39,36,36,31,12,45,19,37,36,18,38,33,36,35,11,43,37,38,33,13,33,30,18,17,39,13,11,19,27,26,42,31,17,39,33,25,31,38,15,14,15,41,38,17,26,18,15,37,35,43,13,35,17,31,31,15,15,41,31,30,32,19,36,35,36,38,20,29,41,18,34,25,32,35,30,36,31,32,38,36,41,32,41,42,35,37,43,23,31,44,34,38,14,16,42,36,38,19,26,29,32,35,29,29,27,26,32,32,39,18,16,40,40,41,34,38,40,32,38,40,36,43,39,15,24,41,45,18,28,42,34,15,22,35,34,36,35,27,13,30,36,35,21,22,14,17,14,15,34,29,33,10,41,35,31,33,34,21,11,41,40,10,30,38,34,34,30,36,37,36,17,34,36,33,37,40,13,29,10,28,31,35,40,26,37,17,44,34,39,16,18,44,31,33,29,36,12,15,17,36,38,31,36,33,43,34,40,37,10,32,34,22,38,31,24,35,29,33,32,33,40,31,28,32,31,35,19,18,44,35,42,14,31,13,6,50,37,33,10,40,43,36,29,36,33,22,30,23,40,16,39,40,32,39,40,36,27,35,34,15,43,16,33,33,49,40,29,38,8,29,35,13,37,20,34,16,30,32,37,37,28,41,41,18,40,33,30,33,33,13,33,30,11,12,34,19,28,36,14,23,18,16,33,27,33,13,32,34,40,37,17,42,37,45,32,41,35,34,36,34,29,33,17,18,17,33,35,38,45,27,36,38,13,37,17,39,33,32,40,37,20,39,32,11,29,34,31,44,36,30,35,32,37,34,30,27,41,35,37,38,29,34,27,40,34,33,38,41,16,35,36,14,10,13,33,37,38,38,26,43,48,39,27,41,17,31,29,36,14,39,26,35,43,43,27,42,30,36,25,36,26,14,18,39,31,44,31,41,39,34,19,17,17,36,31,16,34,38,31,36,32,32,32,28,32,13,31,36,37,19,41,38,42,31,28,34,33,43,33,35,37,34,18,44,31,40,22,37,39,45,30,33,36,14,34,12,35,32,41,35,31,19,33,29,11,12,11,37,38,41,15,32,12,36,29,37,32,34,37,29,35,13,35,32,15,39,38,24,35,36,38,33,15,33,35,41,19,33,34,36,15,28,40,13,44,41,38,39,33,39,31,11,31,20,36,36,29,32,33,18,44,20,35,32,14,39,42,33,11,31,18,31,38,21,41,37,18,35,40,38,17,13,32,36,29,37,12,24,37,22,37,18,16,26,34,31,31,31,36,33,33,10,40,26,34,41,35,34,36,38,19,39,18,34,33,17,27,32,36,6,14,32,14,29,28,37,20,31,14,34,36,18,33,33,33,39,31,15,12,43,15,43,31,24,19,17,33,42,31,38,10,35,30,33,13,39,24,34,30,34,35,36,35,38,44,17,36,38,34,33,42,38,35,15,43,10,27,14,31,28,35,12,34,38,31,39,15,37,29,15,30,37,36,30,35,16,36,43,41,11,35,30,46,21,30,29,38,32,19,36,12,14,13,38,37,45,33,36,31,31,38,14,37,30,11,32,38,15,38,17,31,35,42,40,30,36,32,11,8,15,32,35,17,40,31,16,11,29,36,33,36
26,33,44,15,36,32,26,39,35,42,35,41,40,37,38,33,27,30,36,11,39,37,38,37,39,29,35,40,15,39,30,28,35,38,32,41,15,30,33,44,30,10,30,34,13,40,16,37,30,38,28,29,36,9,33,36,9,24,12,38,36,37,36,35,18,40,27,6,37,33,33,31,14,19,34,36,30,39,35,39,25,15,31,29,15,14,32,19,33,19,13,11,15,34,40,37,40,20,37,35,30,29,18,10,31,16,46,19,21,39,37,42,35,17,28,34,34,19,37,33,14,41,13,19,38,41,12,15,38,16,37,19,12,32,11,37,31,33,17,34,35,29,35,36,13,32,47,37,20,30,29,28,41,41,16,37,30,27,38,35,33,17,14,37,36,15,35,11,14,39,37,40,29,34,29,16,37,31,36,37,36,45,26,40,11,20,35,19,29,30,35,14,31,22,38,44,10,45,41,42,15,36,17,34,39,12,14,36,10,33,14,10,46,32,38,35,33,10,35,34,37,38,8,31,39,46,29,11,41,32,37,9,43,35,43,8,37,27,37,35,37,28,41,38,31,33,44,37,44,28,16,34,21,11,48,9,31,18,10,46,15,39,39,44,32,20,30,39,39,36,29,12,36,32,39,33,19,15,10,14,39,42,36,30,16,29,32,12,16,20,32,14,41,14,36,38,35,44,36,39,37,35,36,29,39,28,40,32,41,38,29,21,38,24,31,33,30,34,39,42,40,11,43,36,45,37,33,44,38,29,38,20,34,8,36,32,35,11,31,12,37,31,41,16,39,10,33,33,10,32,34,32,38,38,15,31,38,7,37,39,42,42,15,36,35,40,38,31,34,39,32,35,33,36,17,38,33,42,35,37,35,31,44,13,44,12,35,17,31,20,37,31,36,35,33,37,18,29,34,30,11,31,47,29,15,31,35,31,16,37,40,14,35,36,40,28,31,35,38,34,16,18,29,4,34,12,15,17,41,19,45,34,24,36,12,14,34,38,20,34,30,33,35,33,39,11,29,43,36,35,38,31,35,14,31,36,41,34,31,23,15,31,33,32,24,31,18,15,14,32,36,30,12,37,30,29,27,14,32,38,33,28,16,22,14,44,36,33,38,18,13,42,31,36,16,38,42,31,32,31,30,32,32,35,41,40,38,39,33,33,34,33,16,18,14,15,34,31,11,10,33,37,41,12,28,29,16,32,39,20,39,38,33,40,28,30,32,41,31,41,33,14,45,44,12,40,28,15,33,27,38,11,31,36,34,17,30,20,12,12,28,39,34,21,32,37,39,32,36,31,39,41,33,30,39,35,29,35,33,38,35,31,39,28,35,45,35,34,41,32,32,13,34,14,13,28,40,16,15,39,44,38,18,39,29,30,38,13,38,27,13,38,29,11,15,37,35,14,11,34,38,33,11,37,39,31,32,34,36,11,19,40,34,42,34,17,9,34,38,29,15,19,17,31,39,16,18,32,40,41,34,34,45,32,37,32,24,37,23,39,20,34,34,15,11,32,34,42,30,38,35,35,17,37,32,33,39,14,40,16,19,42,38,36,34,34,36,35,32,35,43,40,10,16,34,40,43,13,15,13,36,44,35,36,10,39,43,19,40,35,33,32,42,29,39,10,34,17,33,35,37,15,42,34,15,35,36,40,28,7,15,42,13,37,30,44,36,10,38,14,39,37,41,35,39,33,31,33,32,30,45,33,34,12,38,19,38,36,31,33,13,14,36,16,40,15,37,11,35,13,35,18,11,33,35,36,37,12,43,39,35,16,40,19,16,30,10,18,19,12,9,19,14,21,45,25,35,17,20,33,39,33,32,14,31,40,35,34,44,36,13,39,43,39,35,32,18,33,33,34,34,32,18,40,32,36,39,33,18,19,28,31,29,27,14,38,38,12,14,19,32,31,20,28,15,24,34,20,38,29,28,44,12,30,37,24,37,34,37,37,38,18,38,36,36,14,31,35,17,44,17,39,35,27,18,37,42,37,35,34,40,14,35,33,36,46,16,22,35,13,35,13,18,37,18,35,35,32,34,20,35,38,53,17,36,24,24,15,31,39,33,35,34,37,44,20,45,33,38,13,43,33,36,39,40,15,42,34,37,24,29,16,36,36,40,16,38,33,17,35,32,33,37,21,13,31,36,35,42,24,27,39,25,40,34,15,16,41,16,34,15,17,41,35,34,39,42,45,16,29,34,39,12,33,15,35,11,41,28,15,19,26,35,36,38,35,31,13,36,32,18,11,35,36,38,33,29,30,37,33
20,29,29,4,37,17,15,17,36,36,35,29,39,42,13,34,44,14,43,13,37,38,13,13,12,15,17,26,41,31,14,25,36,33,41,24,38,41,40,36,37,31,34,33,33,15,36,23,39,37,20,18,37,39,40,38,17,34,41,14,32,39,15,42,32,34,28,29,36,16,38,16,42,16,29,34,20,37,15,16,40,14,36,40,41,26,12,37,29,37,43,14,15,36,40,27,17,34,36,39,38,38,28,26,31,41,9,40,36,34,31,45,30,38,30,28,11,12,8,19,31,27,12,36,32,38,15,15,12,20,37,37,35,38,32,36,40,38,39,17,36,42,38,35,37,34,31,13,32,33,30,34,32,37,35,19,31,20,41,31,39,39,33,33,31,37,34,34,40,38,40,32,13,42,29,44,21,16,33,45,47,38,17,39,36,44,32,14,31,32,33,40,32,38,37,42,34,34,33,36,35,39,44,18,31,32,43,32,15,36,17,36,21,35,17,40,37,38,12,28,32,35,25,35,12,40,20,14,25,13,19,22,41,37,15,33,37,18,32,42,37,18,33,27,39,37,28,41,30,15,35,31,36,28,20,36,36,15,39,29,34,34,31,33,36,43,13,17,34,43,24,39,42,38,27,38,39,34,40,37,22,36,31,10,17,34,33,46,39,34,35,29,16,32,42,33,11,37,17,16,39,45,39,20,30,31,38,35,12,32,38,39,31,39,13,33,27,31,37,29,32,33,17,23,9,37,34,31,37,15,40,30,34,34,34,40,12,32,10,16,17,38,17,15,9,38,31,31,35,36,23,35,17,31,42,30,34,38,35,32,34,40,28,42,35,35,39,31,17,37,33,29,38,37,38,31,38,20,35,40,16,41,36,12,12,30,16,36,12,46,27,32,21,27,11,32,45,10,16,35,40,33,39,18,36,35,33,42,27,36,11,18,36,11,35,10,26,36,30,18,34,35,33,41,14,33,20,20,45,33,38,15,9,32,37,18,35,39,34,16,35,34,17,18,13,44,41,41,35,34,36,41,17,38,36,31,32,35,37,15,39,35,19,31,39,34,21,34,22,41,33,14,14,13,19,13,35,14,30,45,35,25,38,12,38,34,19,28,40,21,9,41,30,18,40,42,32,35,38,35,30,37,19,35,33,12,39,41,30,34,36,35,36,13,33,32,12,26,36,34,10,36,13,41,27,31,30,17,32,43,35,30,33,28,35,43,38,26,38,24,33,28,36,45,31,18,39,30,19,38,15,20,17,26,36,9,34,37,37,17,33,30,16,33,37,33,41,40,31,40,29,39,39,40,35,37,35,12,20,23,36,12,35,13,38,31,35,40,34,29,36,42,15,35,36,36,8,18,37,34,8,35,21,18,19,29,34,38,37,12,28,38,30,34,10,37,24,31,35,27,29,30,28,35,16,32,34,39,32,38,10,40,39,36,28,39,41,40,33,14,7,33,27,38,7,35,34,14,12,38,41,38,39,41,32,44,33,39,35,13,30,18,34,17,41,18,10,23,32,41,36,33,11,32,31,25,45,33,11,35,30,36,33,30,7,11,39,36,43,40,35,39,21,38,44,12,36,34,31,14,33,34,41,40,45,26,34,11,27,41,14,23,34,29,30,34,29,14,27,32,35,29,34,17,38,31,36,33,32,37,39,17,41,16,13,36,36,9,17,40,35,37,35,41,30,9,6,18,46,30,39,40,31,35,22,15,31,14,27,29,29,38,31,34,35,38,28,15,42,33,42,34,35,32,32,15,31,40,46,35,33,33,30,39,24,31,31,40,37,38,35,29,44,43,18,40,38,33,18,32,16,38,40,15,31,33,22,39,37,36,18,11,39,11,31,32,36,29,36,40,39,42,33,37,16,31,14,14,32,38,35,35,9,32,12,34,34,19,36,36,23,43,34,11,41,9,33,21,41,37,37,41,33,39,46,14,41,38,41,37,37,16,32,34,34,38,35,35,15,27,15,11,18,39,39,30,37,35,40,29,36,37,19,40,28,34,39,40,32,29,34,44,34,21,13,42,40,31,37,34,43,31,25,35,37,42,22,35,32,43,36,32,39,13,43,47,35,32,31,37,29,45,32,18,20,45,41,11,12,14,40,29,15,26,33,30,45,38,13,36,40,34,32,11,9,37,11,42,22,33,18,38,41,16,38,38,36,36,37,34,10,35,36,45,21,33,42,14,35,30,31,30,34,19,11,33,14,16,23,32,13,17,39,37,38,31,26,37,33,46,25,46,33,34,23,30,44,37,38,31
13,41,42,35,35,16,33,34,28,37,29,12,43,41,31,36,15,18,14,47,41,42,28,18,16,42,14,15,33,38,20,29,30,25,20,16,18,28,33,30,26,13,10,12,38,12,38,36,13,29,38,35,30,15,33,40,14,38,12,36,36,12,41,12,36,31,28,36,28,38,17,38,38,40,31,34,18,34,37,40,40,41,14,26,8,33,33,42,33,34,34,17,39,34,26,39,14,28,16,40,35,23,14,24,38,16,20,43,42,35,13,37,35,37,30,13,39,33,29,12,23,34,34,15,20,8,41,46,41,41,29,11,13,14,36,12,37,37,34,41,32,37,35,37,30,35,31,36,31,13,34,31,38,42,30,37,15,41,33,33,19,27,32,35,32,37,13,41,34,14,24,12,33,30,13,19,13,25,37,38,37,34,39,33,44,33,32,40,34,12,41,39,23,30,38,44,34,38,35,19,9,15,37,33,33,15,40,26,28,30,31,35,39,35,38,39,34,13,28,39,14,35,35,33,31,42,36,17,29,32,36,44,35,40,26,37,14,10,37,37,35,13,12,39,32,29,29,18,29,14,17,20,32,32,33,41,37,29,39,16,35,32,44,14,27,14,34,38,33,35,19,36,35,37,39,32,29,33,49,29,13,34,36,27,32,41,35,16,26,38,31,35,36,35,31,27,9,9,6,32,19,14,28,40,26,13,28,27,39,9,17,18,38,13,15,32,14,36,38,35,32,30,11,36,35,12,30,37,37,28,39,32,33,25,45,41,28,31,14,21,37,41,38,39,33,28,12,43,32,43,38,18,33,39,37,11,29,39,11,38,12,28,28,16,27,41,13,36,30,12,27,38,35,35,40,12,46,42,30,45,35,19,32,34,16,38,39,35,40,42,38,40,39,15,38,33,28,28,33,20,36,39,38,31,35,32,36,28,34,28,33,35,33,34,26,29,29,19,14,17,15,38,39,11,33,40,17,14,31,15,29,28,26,38,31,42,33,39,32,15,35,37,12,36,16,18,34,16,35,34,31,22,36,28,40,36,33,16,17,32,32,36,37,16,34,36,17,40,18,36,17,31,16,33,39,38,24,39,40,37,37,40,17,33,34,45,28,22,38,18,39,26,18,32,41,29,13,38,36,29,33,37,36,37,35,41,29,40,44,38,39,12,45,20,36,43,16,39,29,30,28,33,35,10,13,31,34,34,33,41,32,47,30,36,33,36,7,12,20,15,13,28,35,36,9,32,41,36,27,36,26,34,35,30,42,39,34,22,36,26,32,33,31,44,18,19,32,30,41,30,36,28,32,28,37,39,14,28,52,15,36,35,33,33,38,37,17,41,9,35,20,34,39,40,41,34,18,30,32,11,14,12,20,30,14,36,40,39,39,31,29,43,35,33,16,40,15,15,31,35,19,40,17,33,32,34,35,12,15,43,36,36,35,37,37,19,40,13,17,34,35,27,38,11,33,37,29,38,50,36,34,27,32,39,38,42,47,11,35,36,19,13,33,37,33,33,35,37,20,33,16,20,35,33,37,37,36,22,32,34,41,18,14,32,15,39,32,32,16,35,35,21,28,14,39,38,34,38,31,47,40,13,40,30,34,33,12,18,13,35,31,32,31,13,36,41,38,9,34,39,42,30,40,37,35,36,36,41,39,31,39,9,34,38,34,36,30,9,25,14,13,37,30,33,33,31,35,29,33,32,15,28,16,35,15,18,32,35,38,52,15,34,38,26,38,36,34,31,10,29,35,15,15,44,18,43,36,40,20,33,40,33,41,17,35,34,35,29,39,32,37,13,15,16,32,38,35,27,38,38,18,17,28,36,31,38,39,39,23,30,9,41,44,34,17,18,31,40,41,34,37,19,48,36,37,34,28,17,39,42,34,31,30,36,37,36,32,32,34,36,42,41,35,42,6,36,20,14,46,37,37,32,30,18,34,17,10,31,37,36,17,36,31,33,15,14,40,32,29,36,34,34,43,34,15,14,25,12,38,32,34,41,30,12,43,30,15,33,34,32,34,14,16,34,40,19,35,34,29,33,37,35,35,14,39,12,32,35,32,42,35,39,39,35,16,39,36,39,9,29,27,41,16,15,29,44,37,14,16,31,36,26,35,40,35,44,16,33,33,19,35,41,35,36,12,33,18,43,31,18,21,14,33,18,20,31,34,18,23,35,27,38,15,28,34,42,43,32,39,34,29,34,21,21,38,39,29,38,34,33,30,41,39,17,18,45,36,37,33,45,34,36,35,31,36,37,33,34,39,33
30,11,38,38,26,31,10,39,39,42,39,17,31,41,13,13,27,28,35,28,30,30,38,33,36,36,33,41,14,38,17,35,39,14,31,15,43,39,36,32,38,41,26,35,29,34,17,40,14,33,31,36,40,33,9,16,33,38,19,35,34,15,37,30,40,30,34,20,41,17,40,43,12,16,40,40,31,38,48,26,46,17,32,40,46,41,34,17,31,17,36,35,37,37,35,16,30,40,13,39,17,40,12,40,36,36,43,30,38,14,40,33,37,27,14,38,36,34,45,32,36,14,14,37,33,39,13,30,45,32,37,20,35,18,35,41,32,37,14,34,26,38,12,14,38,40,33,14,36,42,16,16,40,42,34,36,37,35,37,38,16,44,8,35,14,43,36,43,38,35,33,39,45,17,35,12,39,27,36,42,37,22,37,36,48,35,45,35,18,16,41,31,38,37,32,43,17,16,15,20,34,44,34,12,11,28,37,39,14,36,10,16,34,17,39,30,11,39,37,18,43,15,30,34,11,40,38,40,30,31,31,34,20,36,13,40,33,15,14,39,13,33,11,42,23,32,41,16,37,29,34,32,38,29,36,33,44,12,37,19,41,40,31,38,38,41,43,16,34,27,32,29,35,33,44,37,30,32,37,13,43,37,39,27,33,35,37,36,34,38,33,41,37,38,39,42,37,39,31,12,9,20,34,9,42,33,41,42,42,39,29,36,36,40,37,37,8,34,36,43,38,34,38,20,33,47,35,36,12,18,36,36,12,17,41,14,28,39,11,46,15,18,38,31,33,36,11,34,44,40,33,41,33,29,33,39,11,11,21,37,33,16,43,16,38,34,43,36,40,33,17,18,47,38,12,15,36,29,28,30,39,27,33,17,35,15,30,35,33,26,13,31,27,29,39,42,37,34,42,15,16,30,34,42,29,13,39,42,12,16,34,40,12,16,35,12,36,14,39,31,15,32,35,32,15,16,15,16,36,36,43,26,34,11,13,33,32,14,11,13,30,37,32,14,9,37,38,14,36,29,34,30,37,19,42,14,12,38,17,37,40,39,33,37,30,19,30,10,20,37,41,17,34,29,31,34,34,35,9,33,29,41,37,22,16,17,32,17,28,32,37,38,29,39,34,30,40,15,33,35,30,36,9,20,28,30,34,35,16,14,36,29,19,32,40,34,25,41,37,38,46,15,35,16,38,36,35,36,26,40,38,33,39,21,35,11,39,45,31,12,12,45,33,32,35,17,34,17,28,29,41,33,31,34,9,15,35,32,42,32,15,30,33,29,39,41,40,35,42,29,13,23,37,38,18,38,17,14,19,19,39,40,15,34,38,32,37,34,30,39,43,35,22,10,39,16,27,38,43,37,38,33,34,30,33,31,27,39,40,32,40,36,40,30,33,37,39,28,17,38,16,40,14,35,36,17,37,30,40,29,40,17,41,49,30,37,38,36,32,15,16,32,40,35,41,24,29,38,33,41,16,21,11,28,19,47,48,28,35,19,18,40,38,35,32,37,28,6,37,40,25,35,41,41,32,41,17,30,17,33,23,42,11,35,35,38,32,18,12,28,27,34,14,19,34,38,15,9,40,15,32,40,38,37,35,50,31,15,33,39,41,35,48,42,35,19,30,48,30,14,35,37,31,34,13,36,34,33,31,40,28,30,27,36,38,11,30,40,34,32,39,20,34,15,36,30,34,35,35,45,12,34,30,35,18,13,10,36,39,43,35,18,37,36,33,36,35,35,32,26,11,30,15,38,29,15,43,17,35,34,43,12,34,14,37,40,19,13,39,36,38,31,28,32,35,32,27,37,34,12,42,32,44,46,7,33,35,31,20,14,35,38,35,38,35,35,36,40,37,36,47,11,30,29,25,36,19,41,41,15,18,32,29,27,14,36,37,13,42,21,16,15,39,17,10,30,33,15,33,35,39,14,41,12,38,36,41,29,18,41,31,27,20,15,36,31,34,38,36,30,35,32,35,31,37,14,43,29,43,11,14,33,23,35,34,33,38,39,19,38,38,16,40,37,15,10,26,36,13,30,16,21,24,38,37,36,17,39,33,13,33,36,37,30,36,19,32,12,38,27,12,32,34,37,17,18,36,7,40,40,36,36,45,37,20,23,17,15,33,38,42,49,18,36,16,36,19,39,31,37,40,34,40,34,36,37,27,37,39,30,46,43,39,36,13,17,41,12,27,15,16,45,19,36,26,33,31,32,32,33,39,37,40,34,8,38,35,37,24,21,13,38,37,30,26,37,32,41,32,13
36,45,32,38,39,36,46,40,37,32,17,32,15,37,29,29,13,11,47,33,11,34,29,40,40,13,32,16,32,34,32,37,41,37,41,39,33,37,15,36,12,31,15,37,29,37,38,26,38,31,33,33,29,41,25,35,27,20,32,18,35,29,32,14,28,32,27,38,33,28,40,40,19,12,32,32,32,33,39,38,46,35,43,41,37,14,13,14,36,31,42,40,26,11,42,39,12,36,11,37,31,41,36,40,35,18,33,38,34,29,41,40,38,18,30,36,32,32,20,39,31,36,20,39,43,14,34,38,35,19,42,20,32,33,36,46,33,45,27,16,33,14,17,16,37,27,31,32,33,43,40,41,29,17,33,8,39,29,39,33,13,36,39,35,35,32,32,37,14,35,15,17,35,14,43,18,39,34,27,41,16,33,31,18,30,33,17,36,13,14,41,32,23,33,36,40,10,39,33,11,37,16,15,35,41,39,37,38,35,12,40,15,15,37,34,38,39,14,37,13,31,33,15,12,50,14,10,44,30,17,33,29,41,30,17,36,21,10,30,31,29,37,10,35,14,30,33,30,27,23,31,26,35,38,34,38,38,17,12,32,33,33,15,29,41,24,31,12,37,34,33,12,26,39,27,37,15,40,29,19,44,33,34,37,38,24,29,29,35,32,41,34,22,33,40,39,44,36,17,46,34,34,44,40,15,32,32,12,35,34,15,32,8,31,35,34,31,16,33,18,17,27,11,34,11,31,38,42,36,14,31,34,38,41,16,18,29,37,38,30,28,18,15,34,19,40,41,8,31,16,38,31,40,14,34,21,39,36,34,40,11,41,16,39,37,14,17,14,10,33,23,33,35,16,20,30,41,32,38,37,47,45,10,31,39,13,41,33,44,31,37,34,33,31,33,43,40,35,38,33,17,31,43,35,15,23,32,11,33,26,13,27,37,17,38,28,35,34,43,14,12,12,36,15,35,17,31,12,21,32,29,12,13,39,34,34,38,35,19,42,34,27,41,32,35,36,11,12,38,41,26,27,46,48,39,36,16,32,36,31,30,31,34,32,35,35,34,41,33,17,34,25,39,31,34,32,29,32,34,30,31,28,30,12,39,14,29,35,29,40,33,34,34,39,45,32,42,32,36,15,15,36,12,35,37,21,32,39,29,32,33,15,14,11,33,16,35,35,30,36,34,15,36,15,39,14,37,11,36,13,43,12,35,16,45,45,20,38,15,18,12,11,12,33,41,42,31,33,31,34,36,25,32,45,36,38,36,40,37,41,36,34,26,35,13,11,31,17,41,21,28,31,27,39,41,19,35,35,11,32,39,45,19,41,11,31,41,19,38,15,14,36,19,24,18,27,19,33,29,15,39,41,18,42,30,34,36,31,35,23,34,41,38,15,34,11,42,12,36,31,16,16,13,12,30,34,32,36,35,30,14,31,42,31,31,36,31,29,37,33,25,40,16,9,34,41,38,38,37,37,17,39,32,37,32,44,38,42,34,10,38,36,12,32,14,32,38,16,33,14,32,11,29,31,36,13,33,18,35,42,40,25,14,12,34,17,32,31,35,36,23,30,44,34,35,18,32,31,22,16,29,44,34,18,21,19,41,36,15,18,32,32,26,39,10,35,40,25,36,31,18,36,19,28,35,31,13,33,33,33,16,38,11,14,29,34,33,10,30,30,42,13,12,32,33,23,37,12,19,38,35,36,29,39,14,16,30,36,22,37,31,34,32,15,24,44,45,17,28,35,30,27,44,41,10,16,11,17,15,32,14,24,33,11,45,33,31,38,18,34,34,33,39,40,35,29,27,31,44,35,32,33,37,31,41,35,39,30,28,36,31,24,30,34,34,26,41,32,42,40,41,40,29,12,21,14,34,45,34,34,15,11,13,34,31,41,33,19,33,31,32,33,17,14,28,30,37,36,14,41,40,16,24,37,38,37,32,39,32,34,13,14,14,37,31,35,31,37,27,31,40,13,35,20,20,37,18,28,33,37,41,36,35,31,17,33,13,35,40,39,35,31,35,17,17,29,36,14,8,34,34,28,33,30,27,15,31,36,41,43,25,42,47,40,33,40,36,34,37,34,20,44,39,39,34,29,21,39,38,33,41,38,35,41,12,54,39,29,12,44,17,35,13,43,43,28,39,39,35,28,36,12,41,12,16,34,40,15,39,30,44,36,11,43,19,36,36,42,43,39,17,35,13,34,35,32,42,36,38,32,41,34,9,31,32,39,11,36,30,31,35,32,17,27,12,38,31,11,40,18
33,38,42,33,35,36,33,16,47,38,33,33,37,31,27,32,36,10,36,13,40,37,31,36,35,42,18,10,15,39,36,15,12,31,13,40,12,16,11,31,39,12,39,41,32,38,36,17,13,34,35,29,34,31,29,18,34,28,40,33,13,41,42,43,37,42,33,37,18,34,36,33,14,39,34,20,37,14,38,37,40,32,46,22,29,30,12,45,35,33,30,40,33,33,46,35,33,14,21,17,44,43,9,38,33,39,38,29,34,12,33,28,34,29,29,34,35,37,19,37,38,39,34,41,40,36,16,31,35,10,36,36,36,33,32,37,34,34,14,43,14,31,15,34,37,38,37,10,32,33,39,39,15,38,36,38,37,40,47,37,42,38,37,47,34,13,12,34,18,40,31,29,37,18,29,43,34,43,36,40,20,31,15,37,15,12,15,31,31,38,29,37,29,42,37,29,35,37,21,42,26,37,17,49,16,39,34,42,30,11,36,31,38,29,37,36,42,14,33,38,32,11,17,41,36,31,40,41,30,37,36,28,12,37,25,16,31,42,31,37,23,40,31,39,33,36,40,29,32,14,25,41,40,29,41,11,23,53,43,29,36,36,36,35,13,14,36,41,39,33,38,31,32,12,37,18,38,37,21,33,35,34,32,36,35,39,33,12,37,36,14,35,35,13,11,34,37,32,34,13,36,34,34,29,32,31,43,31,29,37,39,27,16,31,32,27,34,47,15,37,35,32,33,38,18,27,26,32,46,33,40,34,37,38,33,36,36,34,37,33,31,16,22,40,33,34,37,35,29,17,11,35,34,34,35,37,38,37,38,21,22,44,35,46,36,28,38,31,39,19,34,12,41,36,33,34,36,18,31,34,31,39,39,34,34,28,41,39,33,29,34,19,33,15,43,34,20,41,28,10,41,35,40,31,42,16,30,30,17,37,38,14,29,35,29,38,16,16,38,37,30,35,13,31,35,21,15,44,28,32,40,32,34,31,10,37,19,35,38,38,39,31,38,38,42,32,38,32,10,39,18,35,17,39,29,15,31,26,36,19,31,14,37,38,39,14,35,45,29,18,33,37,34,41,42,28,38,12,35,34,34,38,17,49,36,9,40,36,16,16,17,18,42,16,38,42,11,18,18,43,34,31,37,36,11,20,30,16,44,35,34,17,33,31,38,25,35,39,37,28,41,32,30,36,39,37,38,14,16,15,36,30,27,41,15,37,39,35,14,30,28,20,9,41,37,33,31,32,40,28,32,32,38,35,31,29,16,43,33,34,32,41,27,41,17,38,39,8,36,16,28,33,33,28,42,8,16,11,36,36,32,16,38,36,23,13,32,15,13,29,33,12,31,33,30,29,16,24,14,48,11,28,33,34,41,41,34,42,16,38,29,32,30,34,37,8,44,41,19,34,31,38,40,29,30,34,40,16,12,34,33,33,18,36,17,30,40,40,40,44,15,28,29,43,36,13,11,16,32,41,37,37,36,16,32,37,36,22,36,31,15,37,28,41,36,15,28,35,37,12,35,28,14,26,28,35,14,35,15,11,33,13,41,16,17,11,11,39,30,37,31,9,30,39,43,34,32,33,34,42,38,35,34,14,37,17,36,39,8,13,41,34,36,13,37,38,15,17,36,35,36,14,32,27,16,32,18,38,33,19,14,31,17,29,10,14,12,17,12,37,44,41,15,29,31,21,34,20,36,36,17,40,34,34,16,15,25,40,31,33,10,41,32,36,47,33,36,20,16,35,36,39,18,40,17,13,16,39,26,42,30,26,34,11,39,37,31,42,40,19,37,31,36,30,12,34,15,37,31,35,33,31,10,29,36,19,15,14,40,17,15,35,44,36,32,37,33,38,32,33,43,26,38,17,40,39,19,13,24,38,38,18,39,34,35,31,34,37,10,42,17,39,40,23,30,12,17,32,35,17,23,19,37,34,35,17,17,45,40,16,33,28,19,38,36,15,34,33,34,36,38,30,48,32,33,33,16,35,37,34,39,10,35,44,28,30,38,42,13,21,15,41,31,39,41,38,35,37,33,41,23,39,34,11,36,32,12,40,16,38,30,35,37,38,20,32,35,37,32,14,40,37,14,32,39,34,32,30,17,32,19,34,31,33,29,32,12,29,36,20,38,37,33,31,11,16,32,36,32,30,36,20,16,42,14,40,33,34,9,32,14,36,17,35,17,31,38,40,13,32,26,45,42,37,36,34,44,39,32,20,32,18,17,37,32,30,39,28,38,18,11,33,43,21,13,40,38,40,36,23
42,27,14,37,39,13,36,16,12,10,26,30,24,46,30,40,34,14,43,10,35,28,15,34,12,41,25,33,15,29,15,29,36,34,28,12,20,37,41,18,36,34,19,21,33,29,33,36,7,36,36,34,30,14,37,28,36,14,31,35,36,15,11,48,40,9,31,39,21,13,19,34,28,31,30,39,30,39,32,37,30,42,17,33,14,33,32,14,27,43,37,18,40,32,36,45,30,25,30,34,38,33,41,39,14,24,34,32,36,34,41,34,27,39,15,37,28,33,31,39,15,35,36,34,37,16,38,34,42,43,38,36,38,35,13,43,28,36,30,15,14,40,17,33,34,32,10,36,41,13,38,9,35,37,30,39,15,37,15,28,31,16,14,24,12,13,25,36,33,30,28,37,36,30,12,40,14,20,37,28,18,39,32,15,20,35,31,14,22,10,43,32,9,21,36,32,41,37,37,40,40,35,34,40,31,39,14,28,16,12,30,30,32,29,36,33,35,37,32,35,34,44,16,11,32,18,37,40,17,28,31,29,33,28,13,17,37,36,16,34,32,38,33,22,34,27,28,34,38,14,43,38,15,35,26,39,37,24,28,34,33,31,32,29,36,30,14,32,13,37,32,33,36,35,41,14,35,33,39,40,41,40,14,41,34,14,43,29,17,36,34,12,12,38,40,34,44,34,14,36,13,38,38,29,37,13,35,11,38,41,32,31,25,11,39,33,50,38,41,32,35,30,40,38,35,36,36,32,32,36,27,34,31,13,30,17,34,20,41,29,16,49,33,31,38,40,42,12,13,31,38,33,34,21,29,34,39,36,18,36,34,41,40,30,30,15,38,29,10,29,31,38,41,10,25,23,25,38,33,38,30,34,39,22,35,28,37,35,33,12,34,15,34,23,34,17,29,36,36,33,33,36,40,37,42,29,33,15,30,7,33,31,34,36,29,32,33,32,39,36,16,22,14,42,12,20,33,34,38,39,18,34,16,31,15,27,36,18,35,36,42,33,47,14,12,29,38,29,16,31,36,32,31,33,9,11,34,34,41,29,34,33,33,18,40,17,33,35,19,38,42,34,37,35,14,14,15,15,30,17,34,40,33,26,29,11,33,30,37,39,36,17,35,18,15,32,37,35,12,14,33,29,37,36,37,34,34,35,41,33,15,24,36,38,36,16,22,37,18,33,38,41,16,12,28,30,32,32,27,17,30,32,34,21,39,40,28,35,34,27,36,38,39,27,13,34,36,41,12,18,11,32,18,18,34,17,41,21,13,19,16,43,32,27,11,19,37,29,33,36,29,35,14,39,38,34,16,29,37,34,37,30,20,15,38,40,34,19,40,11,33,32,40,35,44,34,16,38,33,31,40,34,31,30,36,31,31,25,21,26,38,7,29,30,34,12,42,43,20,37,32,34,31,30,30,35,24,30,39,10,31,27,8,42,37,42,20,30,28,14,29,35,11,42,36,27,39,38,45,15,30,28,37,13,32,13,27,35,43,38,35,41,32,37,33,37,32,15,22,38,28,16,38,35,37,29,28,31,12,37,33,12,30,35,20,35,14,38,35,29,41,31,33,36,34,44,31,33,47,40,17,30,31,12,34,38,38,33,36,32,13,38,30,39,28,37,9,32,38,29,29,19,47,47,11,39,33,33,37,35,20,44,43,33,32,41,28,36,34,14,35,34,45,15,41,31,28,38,36,15,14,36,13,15,30,32,44,16,37,16,24,38,15,29,38,33,41,39,12,44,31,43,14,36,31,29,39,33,13,35,19,34,32,12,14,44,37,37,33,34,15,36,33,24,28,41,47,40,38,40,30,28,45,12,21,37,34,38,32,29,35,15,15,43,32,34,36,41,33,12,33,37,35,17,39,37,18,33,28,34,38,37,35,30,41,30,39,29,31,34,40,13,37,11,34,33,33,37,12,34,33,30,40,44,21,42,36,39,33,38,47,42,14,38,40,34,13,33,38,37,34,29,28,36,27,30,40,37,35,6,34,46,30,35,37,31,28,12,37,35,16,34,41,16,33,39,29,39,12,27,38,27,34,39,32,14,35,32,40,41,35,34,33,32,27,16,29,21,35,27,39,43,33,43,43,36,12,14,35,40,14,30,28,33,38,34,35,33,18,27,30,39,17,44,30,36,44,32,33,37,20,34,17,46,35,35,34,37,42,21,17,30,16,39,40,39,32,41,38,17,36,35,31,32,36,32,28,39,34,38,33,29,30,37,21,18,38,10,35,31,31,36,12,33,28,15,34,31,34,29
13,38,13,37,40,14,18,33,31,40,32,28,30,16,31,39,33,33,30,30,30,14,26,30,37,10,34,20,18,34,39,33,27,30,41,38,52,28,28,17,36,35,34,40,36,34,27,35,13,41,40,27,40,37,46,27,16,9,30,46,40,18,16,38,12,26,34,32,38,28,36,38,34,44,31,32,30,17,14,15,12,35,21,36,14,15,44,11,36,14,18,34,12,37,42,12,33,35,16,34,17,32,40,30,39,8,32,36,31,33,29,27,29,32,37,38,43,39,37,34,29,36,38,28,38,12,42,13,36,34,29,29,34,34,34,44,38,12,32,31,29,37,13,35,32,39,33,18,34,13,34,18,17,17,19,12,33,36,39,39,34,12,33,31,34,22,36,29,22,44,37,35,34,28,26,41,39,16,36,31,13,22,36,33,15,12,33,31,35,43,34,38,34,29,29,28,30,34,37,28,42,35,40,13,27,18,11,27,33,25,39,14,12,32,38,37,19,40,14,40,31,33,15,38,39,37,37,38,33,28,42,33,15,35,17,40,16,31,17,36,31,26,28,14,15,34,20,14,33,37,11,14,22,20,34,37,42,28,13,34,19,33,32,36,31,24,35,30,16,35,40,14,14,22,48,47,33,40,31,14,39,37,44,35,16,38,34,32,13,41,36,29,34,38,13,30,37,36,12,29,30,14,42,39,13,34,38,30,29,34,27,34,43,38,40,12,38,39,18,39,36,40,17,13,18,34,30,32,33,33,32,18,36,39,16,45,17,41,13,37,17,37,40,33,35,27,15,40,29,37,17,33,33,33,36,27,35,35,30,31,35,28,44,36,39,32,41,27,32,17,37,37,33,16,14,14,15,31,37,33,28,28,33,31,31,32,13,34,41,33,30,13,30,40,36,10,42,33,38,13,14,32,37,32,13,32,36,17,19,32,34,33,33,15,34,45,30,37,25,33,33,13,38,23,37,34,39,31,17,35,15,44,16,9,36,42,32,42,40,40,38,41,16,36,19,40,13,35,37,36,26,40,45,31,31,34,38,41,24,32,39,47,19,34,28,33,13,31,35,37,45,26,33,37,48,39,14,16,12,30,42,35,38,29,19,15,14,16,29,31,32,46,36,34,35,35,21,33,28,34,38,36,37,28,40,36,40,22,35,38,6,43,12,7,38,18,30,30,40,41,25,44,36,12,29,12,39,14,33,37,37,19,30,36,15,36,16,27,32,40,10,15,35,36,33,15,11,38,33,9,31,13,17,34,42,37,37,37,35,37,34,12,35,31,26,18,32,34,7,44,40,14,33,18,30,42,10,40,34,31,34,35,33,34,45,34,16,11,29,17,30,36,34,19,31,44,26,33,29,48,31,46,38,41,29,36,33,39,22,37,16,30,32,30,34,14,22,22,18,17,17,35,12,29,11,15,33,42,40,32,34,40,42,13,13,38,30,31,38,37,35,33,39,36,14,17,38,13,29,35,13,34,39,35,18,33,33,37,30,40,32,34,34,17,33,36,10,37,16,43,14,14,37,36,38,41,38,13,36,39,12,41,38,32,35,28,33,22,29,37,10,31,42,28,41,28,41,36,35,40,32,39,32,36,38,36,30,17,33,26,30,36,39,28,20,38,22,38,36,15,31,36,28,23,32,31,38,44,41,39,39,34,30,32,31,37,27,33,33,32,39,12,32,31,38,30,31,40,19,29,39,40,35,34,40,33,17,45,39,41,39,37,33,31,27,32,35,34,31,38,14,35,47,38,36,21,31,21,40,28,35,42,32,36,34,36,15,36,34,35,31,30,40,32,33,14,27,22,39,11,25,43,30,40,30,41,8,29,12,11,31,36,14,15,35,40,30,13,14,41,33,35,40,37,47,32,35,31,44,34,52,32,38,13,13,14,33,36,34,16,11,38,14,29,10,19,13,31,33,14,19,32,37,36,30,29,34,22,12,37,17,34,46,38,36,32,34,36,46,33,38,26,35,13,11,9,10,32,35,37,16,37,24,22,34,29,18,42,16,36,48,38,12,30,38,39,33,39,21,35,35,32,13,35,15,35,29,37,43,37,42,25,36,28,39,24,44,28,40,34,31,37,41,40,40,34,36,27,20,17,36,41,38,34,28,32,37,29,32,39,15,16,21,9,40,22,9,38,39,33,15,35,31,32,31,37,39,39,15,17,29,10,38,10,27,31,11,52,33,30,32,36,33,31,36,38,35,17,34,36,30,45,37,38,43,32,15,33,37,13,36,30,25,11,32,35,15,17,31,26
35,22,30,40,30,35,32,41,31,34,39,31,10,36,17,32,46,31,35,35,14,30,17,39,28,33,42,32,29,38,40,34,17,36,37,37,33,42,41,35,17,17,39,34,38,34,38,39,35,34,16,14,36,14,27,30,14,31,26,15,34,36,47,33,30,20,33,38,31,47,14,32,10,45,30,35,32,33,33,40,16,34,30,29,44,35,20,29,26,32,29,38,35,15,35,20,39,14,37,40,8,45,37,28,37,31,17,12,45,24,40,36,11,36,36,37,40,34,7,13,35,34,30,48,45,41,27,30,14,32,32,42,38,33,19,35,39,21,37,17,31,31,29,42,17,32,17,36,38,38,12,17,36,38,38,23,33,33,40,21,11,31,42,14,36,35,45,38,35,36,38,27,31,10,32,31,34,30,16,32,31,14,36,31,39,37,14,34,18,25,33,27,36,35,29,40,33,35,16,36,33,18,25,34,13,10,16,16,12,37,37,16,16,36,33,45,36,15,43,13,35,31,29,33,42,34,36,31,39,36,15,43,11,30,13,15,39,14,37,33,12,37,34,30,41,36,41,33,36,41,44,26,9,12,38,35,41,31,33,31,31,41,38,41,33,40,40,17,19,39,33,42,32,34,31,47,45,9,36,39,37,36,29,33,34,38,36,38,30,41,34,19,40,15,25,18,35,12,10,37,37,13,20,33,37,37,18,36,36,47,32,33,43,41,31,35,42,12,42,47,9,13,22,31,35,16,40,30,33,13,37,13,31,11,39,39,38,29,33,28,35,37,40,35,35,14,38,37,31,32,41,18,37,40,29,26,23,20,30,36,16,28,11,13,35,18,36,11,33,30,11,34,28,28,44,30,40,36,40,16,19,41,35,25,38,34,18,38,15,34,40,35,37,43,33,32,13,18,37,15,28,43,35,32,44,44,31,45,40,34,35,34,32,35,39,32,15,42,32,17,10,35,15,36,34,35,30,40,31,35,33,16,37,37,30,33,35,12,37,36,27,15,36,38,35,36,34,36,14,17,30,14,18,26,33,36,36,35,44,31,32,30,34,10,41,15,34,32,32,35,34,29,15,35,28,32,38,36,37,36,34,16,33,38,18,42,39,16,31,33,43,41,29,30,40,40,41,37,17,6,29,35,36,10,10,13,44,12,29,34,12,38,35,36,24,35,40,40,19,36,35,34,19,37,33,29,41,36,15,16,33,37,13,16,39,15,33,38,29,39,15,36,34,31,9,31,39,32,33,38,36,48,30,15,16,42,40,13,31,33,35,31,13,34,41,32,24,43,16,32,30,29,35,31,37,37,14,35,18,17,36,28,43,26,34,18,15,32,31,35,32,16,18,13,19,37,9,13,37,34,17,28,33,24,17,34,35,42,32,13,10,30,34,34,21,12,39,36,18,30,10,38,18,32,29,25,39,32,34,29,39,35,7,34,13,38,14,9,16,37,34,34,43,19,15,25,35,37,50,39,27,40,29,36,35,21,19,38,36,11,15,27,18,32,34,40,34,43,37,21,35,16,39,27,36,35,26,34,33,37,41,14,40,21,16,31,38,25,14,41,37,42,29,35,28,12,36,16,41,34,35,37,40,17,40,35,33,18,32,38,41,40,33,33,35,37,37,16,15,31,28,14,32,35,44,27,33,35,33,11,37,38,37,42,29,41,39,39,17,34,17,39,18,15,24,40,36,29,15,38,33,13,37,30,39,27,40,32,32,13,14,19,36,31,16,15,38,34,33,44,28,27,10,43,33,39,16,30,13,46,36,30,35,24,15,40,22,14,37,14,29,16,33,41,31,15,35,38,19,31,39,43,30,32,41,25,37,17,30,36,33,17,35,30,36,14,35,42,17,18,48,40,11,17,36,16,29,15,48,37,32,35,10,14,37,35,29,17,40,33,36,29,14,30,36,37,43,26,24,32,31,18,36,14,33,32,32,32,34,17,34,28,36,14,16,33,33,36,38,35,15,38,35,38,42,34,18,36,39,39,42,38,30,21,39,39,35,33,37,42,35,32,33,37,39,35,20,32,19,15,14,18,27,31,43,15,14,30,41,38,40,32,34,46,30,30,41,28,30,35,34,36,36,16,20,40,20,41,36,37,14,40,37,12,35,34,36,39,32,35,23,15,27,36,38,36,40,34,12,35,35,39,34,41,35,38,32,36,14,39,17,14,34,36,13,37,18,42,40,36,38,40,36,41,24,34,38,39,33,34,36,12,37,32,34,46,41,43,32,31,35,30,37,28,20,27,13,17,36,27
41,13,33,32,36,30,31,32,38,34,41,26,38,8,43,26,37,12,32,12,36,32,33,34,32,26,28,34,29,41,30,29,35,33,22,34,40,28,32,35,31,27,29,35,31,29,36,14,34,35,37,35,33,12,34,45,28,32,29,30,14,31,34,12,32,33,28,35,34,40,30,36,27,34,31,33,29,33,32,31,15,40,43,16,27,35,32,34,33,16,33,39,37,31,16,35,10,28,27,41,34,12,35,30,26,30,11,21,32,31,24,38,10,31,37,22,41,35,15,12,33,36,29,41,31,20,32,29,35,36,38,13,24,39,14,39,44,35,14,28,26,41,38,36,38,34,12,39,44,28,14,19,32,38,14,39,46,31,35,27,34,34,40,34,37,12,32,18,45,34,18,37,17,14,41,39,38,36,21,25,33,17,28,35,22,33,29,31,42,38,32,40,34,39,10,40,15,41,36,38,31,29,35,27,13,32,37,13,34,34,30,30,40,37,35,29,44,46,18,18,37,31,18,41,37,30,11,31,9,34,32,10,32,36,43,14,41,24,29,38,35,12,14,38,32,40,32,29,29,33,32,38,32,34,35,11,16,13,20,43,15,40,31,11,14,46,18,40,43,18,32,39,43,36,32,35,32,37,26,32,42,33,35,40,38,38,36,30,33,35,36,28,12,36,25,34,36,35,37,34,29,40,32,16,43,32,34,37,29,43,30,10,33,38,41,38,14,35,35,35,38,21,14,47,36,39,36,27,36,17,34,33,35,36,28,30,32,41,37,23,38,14,41,35,36,34,39,15,29,10,41,42,31,33,27,40,40,36,36,32,41,41,39,14,40,36,16,32,23,34,43,31,33,14,37,45,34,39,21,31,41,13,44,36,37,27,21,33,16,31,36,34,34,29,9,19,19,19,45,42,29,38,14,43,33,43,39,13,34,29,37,38,33,18,36,27,42,34,42,36,32,15,34,38,44,33,21,14,35,28,35,15,37,30,39,34,14,39,15,19,16,15,16,28,17,35,7,29,43,38,37,49,13,27,30,15,41,33,41,15,31,37,36,33,41,34,36,27,41,32,33,38,32,39,36,31,26,43,24,43,38,28,15,34,36,32,15,28,37,43,31,36,18,18,31,43,12,34,35,45,42,28,34,33,31,37,33,35,35,30,14,30,42,37,32,34,36,32,41,36,36,40,34,33,32,14,5,29,39,32,37,30,30,19,35,13,17,40,35,36,38,36,36,29,44,30,42,15,34,38,12,22,32,35,37,38,41,35,32,22,36,34,36,32,21,33,10,8,31,33,37,44,39,33,40,37,40,12,13,19,33,11,38,35,16,43,39,27,41,40,31,37,49,35,18,31,14,17,24,31,44,35,44,33,39,32,38,49,27,31,30,22,15,36,34,35,37,24,13,15,32,40,28,16,32,25,30,12,35,35,16,38,36,39,14,39,15,32,32,37,40,36,13,34,35,28,29,39,16,13,33,16,34,38,29,30,41,32,29,10,41,7,29,11,12,37,37,35,36,37,39,31,19,33,35,40,28,32,45,37,35,27,32,13,29,33,46,38,36,39,42,33,32,28,32,16,26,34,33,40,32,8,42,19,13,20,36,30,13,27,39,32,19,40,36,15,42,14,39,42,30,35,20,35,15,35,31,14,26,31,33,34,40,12,13,46,30,30,37,29,34,33,39,43,31,32,34,37,19,34,34,39,35,45,30,35,26,17,37,41,42,34,29,20,40,18,32,31,15,40,16,42,42,35,17,30,32,38,33,16,35,14,13,45,8,32,13,46,31,14,44,34,36,27,36,16,29,15,29,31,35,17,34,35,34,32,38,29,38,37,10,34,34,42,15,15,31,40,29,19,46,32,37,33,32,27,22,34,22,34,30,32,12,16,32,17,41,38,34,13,33,17,12,8,36,37,15,8,35,32,40,32,45,30,43,35,36,36,32,13,17,21,30,14,38,11,35,34,32,37,38,17,25,29,25,13,15,34,24,33,12,14,32,19,20,28,37,15,35,14,35,40,32,39,33,41,10,37,10,35,33,13,32,38,44,49,29,33,15,14,33,36,17,32,23,29,40,19,37,31,34,28,13,35,33,36,36,42,39,32,32,26,30,22,35,38,27,30,27,41,36,35,37,32,34,19,34,36,36,14,42,37,39,15,33,34,13,36,31,36,40,43,18,37,33,31,13,30,16,26,38,27,17,31,39,35,30,34,31,37,13,34,40,37,30,34,28,38,20,13,13,31,29,15,42,33,21,11,31,14
19,43,35,36,29,35,30,26,33,34,33,36,36,36,13,41,37,17,25,14,9,33,31,30,18,16,10,33,34,35,46,41,29,14,32,38,34,13,45,38,29,14,42,39,38,34,30,35,36,35,12,34,36,30,16,29,37,9,41,30,34,38,20,34,36,33,32,13,39,37,36,36,13,37,41,24,33,20,14,30,32,35,35,24,28,36,43,33,10,10,32,37,34,33,39,15,32,33,36,33,37,44,27,15,29,15,15,43,35,39,32,34,11,29,35,39,40,17,15,33,39,20,35,26,38,44,40,29,36,29,34,17,33,15,38,16,42,40,36,35,32,32,29,9,31,42,46,18,36,37,35,28,38,16,33,17,17,39,33,14,39,13,32,35,14,31,43,13,25,16,37,34,37,38,38,33,40,14,38,39,15,35,38,34,35,35,33,17,30,40,31,31,31,34,22,35,41,14,10,33,30,34,34,47,25,39,17,16,17,30,13,42,25,34,29,33,42,34,37,36,36,17,13,36,33,39,30,20,25,34,29,30,35,42,19,34,32,33,37,30,34,32,39,37,28,44,31,35,29,32,35,40,29,14,30,35,29,33,34,39,33,40,30,43,34,14,34,14,27,26,34,25,19,37,12,13,33,35,12,33,30,35,34,15,30,38,31,38,36,42,37,28,32,14,16,36,36,42,13,44,26,10,40,34,19,34,37,34,29,18,49,32,28,39,17,40,30,40,14,35,34,13,39,32,40,43,20,13,14,25,17,33,31,29,34,18,15,39,14,36,34,33,41,42,17,32,47,18,9,37,29,34,28,31,31,31,32,30,33,43,24,38,37,38,15,40,35,18,37,35,36,33,36,32,43,34,40,38,35,20,32,16,43,30,38,35,15,35,32,32,39,15,34,16,17,36,31,13,32,37,41,34,32,39,28,35,38,33,36,41,41,35,32,44,44,25,32,27,12,15,29,20,38,39,15,31,37,38,31,40,33,35,28,45,15,31,33,11,32,10,32,14,22,16,42,30,36,31,12,40,18,36,32,28,37,41,39,46,35,18,35,29,34,19,6,24,36,32,38,27,22,38,34,38,22,39,39,42,42,25,49,16,13,20,35,24,31,36,37,17,34,12,32,15,48,36,18,20,11,38,37,37,15,34,12,33,11,43,29,8,14,33,46,43,45,16,39,46,33,29,15,8,41,33,31,22,32,22,26,32,39,42,20,35,14,15,16,37,38,13,34,30,42,35,10,34,38,33,37,26,42,40,38,43,30,33,19,33,28,24,35,21,24,40,39,38,38,34,12,8,35,43,31,32,20,27,37,34,27,39,28,34,34,25,31,30,43,13,27,32,40,16,35,33,36,15,34,35,37,46,27,14,37,38,18,39,15,45,27,38,40,41,40,39,36,38,39,14,36,40,35,18,37,33,39,15,38,35,25,34,40,40,39,34,41,33,35,28,18,43,38,37,32,40,39,36,34,32,41,45,35,16,41,13,39,19,31,12,38,30,35,16,31,32,39,16,33,36,35,16,28,33,40,18,17,16,16,16,36,13,35,43,30,38,41,39,12,29,14,38,16,35,33,40,20,45,33,36,35,10,39,30,15,31,30,32,28,37,19,17,33,36,40,34,43,42,33,40,39,12,14,32,34,33,31,33,31,32,30,41,38,31,9,33,39,39,39,12,35,31,38,30,35,39,15,34,28,37,31,14,39,30,34,45,33,39,18,17,10,42,31,42,42,40,39,33,36,38,34,34,31,31,37,37,39,13,18,31,35,30,33,37,33,33,32,33,10,13,37,37,38,9,36,32,39,35,38,14,42,32,34,38,33,34,8,36,31,32,14,37,21,42,39,33,32,35,36,38,16,18,33,32,31,35,14,39,33,32,30,35,31,38,34,41,37,15,32,26,42,32,16,38,35,15,32,37,29,40,28,20,27,26,31,43,41,27,38,34,34,19,24,17,29,42,33,20,36,20,32,14,14,40,29,40,42,17,17,30,31,12,17,34,13,28,32,42,35,32,32,45,36,35,9,29,12,23,28,13,26,21,36,36,35,9,17,34,37,37,34,11,34,31,12,40,14,32,31,35,41,37,36,40,16,35,39,35,42,40,13,38,27,16,28,20,13,32,34,40,34,35,27,27,32,29,16,39,17,35,40,51,37,16,39,20,36,35,17,15,39,34,36,17,20,16,33,41,13,17,35,33,30,32,28,13,38,38,10,43,39,12,23,17,38,14,38,38,37,36,37,42,35,17,36,28,39,14,18,49,35,35
38,34,34,35,37,39,39,17,38,37,32,39,30,38,32,42,29,28,17,44,30,31,13,39,37,32,36,39,26,32,32,36,37,19,28,8,24,22,31,26,33,32,37,42,30,36,25,34,41,38,12,38,19,17,32,39,12,36,27,29,36,15,41,34,33,13,42,37,41,43,13,28,40,35,27,31,38,21,37,35,38,27,45,40,18,34,29,29,20,9,41,30,38,34,19,34,41,14,28,41,29,34,34,26,39,15,12,42,9,14,36,36,31,39,45,16,11,11,21,40,39,33,20,29,12,35,16,40,19,11,35,33,38,11,35,33,36,33,13,18,17,15,32,42,43,35,38,15,38,33,32,34,37,15,32,33,26,34,32,43,36,21,29,30,10,27,40,41,26,35,35,32,30,34,33,36,34,27,36,38,16,34,37,15,39,28,30,18,28,34,35,35,34,26,20,11,15,30,13,30,21,38,14,30,41,42,43,29,37,17,37,16,36,41,38,31,12,35,35,35,31,36,36,17,29,36,41,31,33,30,44,16,40,11,34,38,41,37,34,11,29,38,33,37,40,38,7,40,15,26,15,31,36,34,25,39,40,37,28,43,34,35,41,31,18,17,14,39,36,15,37,29,27,35,32,39,31,17,35,14,47,30,16,36,33,25,36,33,28,35,43,40,14,26,41,38,39,42,36,38,17,37,39,31,37,33,28,23,17,14,27,43,43,31,39,28,41,27,42,31,21,41,24,29,34,14,37,36,32,34,38,10,13,41,36,9,33,35,35,43,14,36,30,27,34,15,18,13,16,16,34,33,40,47,42,35,15,32,36,37,38,33,39,16,30,33,9,45,39,15,34,12,36,41,24,13,31,35,30,44,32,7,11,11,33,48,30,42,35,23,37,13,16,36,40,15,36,28,40,37,20,48,38,17,12,22,28,32,27,28,38,16,45,30,35,29,29,34,34,41,31,32,36,41,32,34,31,36,37,36,36,38,31,36,45,44,17,38,42,15,44,16,38,30,36,15,32,38,19,20,37,16,36,28,46,24,19,31,35,38,27,37,17,33,33,42,29,38,30,32,34,18,10,28,15,32,39,14,36,33,40,13,23,19,34,39,16,37,36,31,31,43,12,39,35,34,11,31,35,21,30,14,36,15,45,33,33,16,35,31,41,37,14,19,35,40,37,17,47,37,20,31,29,35,31,46,30,35,16,40,18,39,32,28,15,10,39,20,15,44,32,32,39,32,15,14,15,33,40,37,31,31,43,36,43,32,39,39,32,40,14,34,43,8,28,39,11,15,16,35,39,12,16,30,28,20,40,31,33,32,29,37,34,33,39,17,37,14,26,18,28,37,20,30,13,45,19,30,35,31,32,15,34,14,28,37,14,35,22,42,35,15,26,41,30,29,39,17,37,43,37,42,14,15,45,17,37,25,40,28,27,27,39,36,36,35,32,29,29,39,15,33,43,34,33,14,36,33,35,38,35,43,33,36,36,31,34,41,15,37,37,32,29,27,15,10,39,33,45,39,42,19,36,36,15,29,37,39,24,15,39,34,32,38,34,32,17,31,35,34,10,41,28,32,23,46,46,34,44,11,41,32,4,23,33,30,45,36,37,33,15,34,33,42,42,20,35,17,43,41,35,29,37,18,44,14,38,41,31,27,40,29,32,40,41,38,36,32,36,35,35,12,40,32,27,43,27,38,32,39,35,39,24,32,43,31,15,32,16,26,34,40,13,38,36,30,31,15,30,37,31,37,32,42,28,37,35,35,35,28,39,34,33,23,11,15,33,38,41,31,29,29,15,38,36,34,33,15,41,36,36,34,33,32,35,36,33,39,32,35,23,34,31,39,31,32,12,35,10,37,31,28,40,41,34,46,38,33,13,28,30,36,37,16,31,40,33,43,29,44,23,34,33,42,41,17,11,32,34,41,24,38,47,36,35,36,23,13,42,20,32,39,38,14,39,13,30,34,35,39,35,38,40,35,28,39,20,51,9,30,35,45,35,39,35,13,37,9,6,31,27,44,35,38,20,37,39,22,31,39,38,30,37,34,14,33,44,40,35,19,36,16,15,30,19,38,29,18,28,43,40,27,53,33,43,42,35,9,18,37,31,36,41,40,34,37,46,36,36,19,41,34,40,34,41,29,15,40,36,40,35,17,15,38,40,31,35,15,38,11,52,41,30,29,31,29,36,14,38,9,27,37,11,18,32,22,35,32,33,37,32,36,34,29,19,36,12,17,31,22,41,35,33,39,38,36,41,42,30,31
31,35,30,25,38,39,43,22,30,18,18,32,33,32,42,11,15,36,40,39,29,23,13,18,18,32,34,8,13,25,11,31,44,30,34,28,29,43,40,44,43,32,14,35,36,12,41,47,31,39,19,42,38,16,16,17,14,23,38,33,27,8,29,32,39,14,35,32,40,18,18,27,26,37,30,30,33,37,28,16,37,24,33,34,23,38,34,21,38,16,13,32,13,36,20,19,38,34,12,38,37,18,20,25,22,38,38,36,16,16,30,36,34,37,18,21,36,19,19,35,37,43,32,15,37,26,35,18,35,28,39,38,23,38,10,26,39,35,34,37,38,45,34,29,30,31,35,34,33,44,29,28,35,30,32,43,32,25,35,14,33,15,18,31,38,34,38,12,37,20,36,13,41,16,26,35,14,17,38,41,43,18,32,34,20,35,34,33,34,38,37,39,40,15,14,15,32,17,39,35,19,46,41,15,35,12,40,43,30,14,40,39,31,12,40,36,18,13,32,10,36,36,28,42,37,33,32,19,30,35,38,38,38,9,15,45,41,13,33,18,26,35,9,10,14,13,35,15,37,33,34,36,41,38,28,25,34,20,29,41,38,33,11,33,14,31,27,13,34,41,31,16,25,35,32,20,31,44,14,40,44,37,45,37,34,38,34,35,30,27,28,36,16,37,37,13,11,41,14,14,13,38,41,36,16,37,35,31,33,30,20,20,34,28,28,17,31,33,31,37,26,41,48,38,33,35,45,16,44,37,32,21,42,37,39,34,44,21,9,34,45,41,34,32,28,15,31,33,38,41,21,14,47,41,14,32,39,38,15,35,37,36,20,11,13,12,11,37,27,10,30,36,38,36,38,26,28,30,33,32,29,7,16,30,34,27,33,46,35,45,30,33,12,26,36,31,38,30,45,30,17,15,12,39,42,18,13,20,38,35,40,17,30,32,33,35,33,15,35,35,13,31,31,39,41,34,12,27,40,22,37,13,36,39,19,36,30,37,11,36,10,35,32,39,35,26,10,35,29,18,15,41,39,39,41,31,18,33,37,32,38,8,39,40,40,16,37,44,19,42,26,14,38,20,35,30,35,31,43,34,38,37,25,27,37,16,30,16,43,19,42,34,39,28,28,32,14,18,35,20,35,13,29,36,33,38,36,28,31,17,30,32,33,42,43,37,36,35,39,36,35,17,27,27,36,37,33,31,34,9,37,39,31,11,31,39,9,14,32,33,34,36,36,18,39,46,36,17,41,34,9,15,41,31,24,36,40,24,37,29,35,35,27,38,38,23,38,34,12,32,26,32,39,29,22,34,41,45,44,38,30,16,44,34,38,35,29,38,26,15,30,44,30,14,38,29,14,33,34,40,42,36,34,38,36,28,29,38,30,35,41,37,32,35,39,41,35,25,25,14,15,37,12,37,36,11,31,33,43,27,20,34,12,18,32,38,17,13,38,31,33,32,37,34,20,32,40,28,9,42,38,30,38,26,37,37,40,19,29,17,41,19,39,33,38,33,38,16,37,14,46,13,34,14,36,38,36,38,33,31,39,36,32,22,41,33,33,37,18,29,14,28,32,10,39,30,39,46,11,37,39,35,12,37,43,13,17,42,34,36,22,42,38,25,13,32,30,9,12,13,29,13,11,32,19,31,32,35,42,32,44,38,37,30,36,32,12,27,30,38,22,35,26,15,16,29,15,26,17,36,19,38,31,31,11,35,35,36,37,36,10,33,38,39,13,32,35,46,36,16,17,38,25,43,35,37,14,30,37,37,18,13,29,14,44,36,43,32,17,35,35,33,12,28,39,40,33,34,40,32,32,30,20,28,39,37,32,33,42,48,36,37,31,18,44,37,13,35,37,17,28,31,21,36,39,38,34,29,34,35,15,46,35,34,42,30,42,27,32,39,31,34,21,41,24,40,37,41,39,37,17,13,16,30,38,31,40,34,17,15,33,20,15,39,34,31,11,34,35,31,26,25,32,35,13,33,37,33,34,18,29,37,37,16,14,16,41,45,30,41,29,32,35,37,32,31,21,32,35,30,40,32,35,28,37,44,39,36,32,38,29,34,41,34,38,38,41,31,43,37,19,17,17,20,32,37,31,18,34,18,41,41,8,32,42,43,17,34,37,31,17,36,15,29,32,27,31,37,32,13,32,11,33,46,30,32,34,44,6,25,37,15,26,15,34,31,32,43,42,10,35,42,13,11,29,35,46,46,33,45,13,33,30,45,38,20,32,16,41,41,29,37,34,33,33,16,29,31,36,43
36,33,36,36,28,38,30,41,41,26,42,15,37,35,12,32,10,29,36,33,33,41,18,15,25,35,33,39,34,42,36,32,37,29,38,36,31,34,35,33,16,35,38,30,33,29,34,35,35,41,31,28,36,40,34,40,42,38,14,37,42,31,36,36,15,33,39,35,14,42,20,33,31,41,11,38,17,34,39,42,44,37,34,29,26,27,33,30,14,29,15,37,16,30,14,13,12,40,16,15,10,33,35,38,36,33,38,41,36,47,31,10,25,36,30,37,10,42,39,32,14,30,37,18,13,17,33,36,17,31,34,40,28,34,12,18,26,25,32,35,39,38,16,35,30,12,12,20,31,33,32,37,34,19,16,34,32,31,12,33,37,34,34,41,33,35,39,31,13,41,23,33,43,33,13,11,35,35,40,24,38,26,34,17,34,40,36,36,31,31,17,19,29,16,30,37,29,34,10,37,39,36,19,40,38,25,33,38,39,21,22,36,36,32,37,42,36,27,13,35,16,12,28,32,15,34,35,30,44,42,35,32,41,37,27,35,36,39,36,35,36,36,30,16,34,29,34,35,35,35,36,13,40,31,32,40,38,33,33,32,32,37,13,35,34,37,32,20,36,35,32,16,34,31,42,40,37,14,29,20,37,8,11,27,37,33,38,41,18,18,28,24,15,32,31,33,13,12,13,39,31,15,37,30,35,34,38,20,34,33,26,36,33,33,37,40,35,27,9,42,12,33,36,16,36,38,11,39,14,31,29,36,36,38,16,36,42,29,27,34,9,37,33,36,29,33,18,30,31,36,18,14,34,10,35,34,32,40,38,17,39,36,37,25,34,29,32,36,34,36,33,34,41,16,29,12,36,21,38,12,31,41,35,36,40,37,24,36,15,35,35,40,38,37,20,32,49,41,10,18,26,39,8,35,32,42,41,39,32,41,17,11,38,36,10,44,23,38,22,12,34,19,12,13,12,37,17,14,36,35,39,34,32,43,32,34,39,33,36,36,29,32,33,31,28,37,28,33,30,47,39,42,40,38,46,33,44,39,9,36,39,20,30,31,43,35,38,37,44,25,16,37,26,37,37,9,17,35,32,35,35,33,29,34,33,29,20,21,33,42,34,30,32,10,16,44,31,36,27,16,35,38,44,37,36,24,31,39,30,41,34,22,38,41,31,14,38,29,32,35,33,35,33,30,31,33,32,14,32,35,18,34,35,17,33,20,25,39,37,30,16,17,38,18,14,30,43,43,32,26,17,40,31,30,31,33,36,30,34,36,36,37,17,16,33,13,40,29,35,31,36,31,14,35,32,39,33,42,38,22,31,33,11,18,37,31,23,35,32,15,32,29,41,14,33,35,35,14,34,31,30,16,16,33,40,37,34,34,27,38,32,33,11,33,32,19,39,36,43,35,43,33,32,33,38,35,33,27,13,34,37,35,12,17,12,43,38,15,40,38,21,17,38,40,36,17,42,44,19,32,31,40,35,33,32,28,12,36,39,32,33,31,42,31,40,34,40,36,44,33,31,12,40,34,28,18,26,30,42,28,18,36,45,34,41,35,37,42,41,36,37,35,20,39,10,18,32,33,29,36,22,30,32,15,33,17,41,23,10,15,17,16,37,10,38,34,31,34,43,8,44,30,33,34,36,11,18,18,27,45,32,40,13,39,34,17,37,36,13,36,10,34,33,33,45,29,37,34,19,41,34,30,40,35,33,33,37,35,37,36,39,38,33,38,39,40,37,39,31,40,20,30,35,38,31,10,36,36,33,12,36,40,16,13,41,13,19,16,13,17,28,42,38,41,34,35,41,26,16,35,41,32,33,13,31,38,32,36,36,10,35,13,10,32,39,27,35,17,28,36,38,30,16,13,14,40,38,15,29,35,33,20,13,17,40,33,41,23,37,18,39,16,38,37,32,35,36,40,38,16,35,36,9,17,32,14,36,40,40,37,17,36,13,15,31,41,37,11,37,14,44,17,8,30,40,16,33,32,40,37,18,38,41,33,36,35,41,13,18,37,32,37,32,33,36,37,11,33,35,28,37,27,35,16,35,38,33,29,36,13,32,17,13,29,45,32,14,34,34,38,16,40,12,31,34,35,35,11,29,8,37,18,20,34,45,36,29,16,25,17,19,7,19,37,32,39,30,30,34,32,30,31,34,31,16,18,27,48,14,32,31,36,35,33,19,17,39,31,19,41,40,38,36,40,37,13,13,38,26,27,33,39,13,20,38,40,32,34,19,34,35,46,32,17,37,42,18,35,19,39
36,17,32,12,39,14,32,29,36,30,31,47,30,41,31,32,35,34,15,30,15,34,11,32,42,31,15,34,36,45,38,32,36,13,39,39,15,38,39,36,18,23,35,30,32,27,37,7,16,37,30,15,36,16,32,32,14,18,15,30,30,34,9,31,21,36,40,39,13,35,37,37,16,43,36,10,18,18,16,33,43,37,14,35,35,15,36,41,33,27,12,12,30,40,39,16,33,38,34,13,15,44,30,40,29,30,39,31,38,19,16,34,19,38,17,29,15,29,19,9,40,38,36,34,34,35,12,34,14,16,40,16,42,33,12,14,21,18,8,35,9,36,38,28,33,35,19,36,21,10,42,17,28,41,32,33,40,17,34,17,31,12,36,17,27,9,32,37,36,25,34,34,24,36,32,17,18,17,38,38,20,35,39,37,31,36,38,13,35,20,40,44,31,13,35,34,17,13,41,35,13,36,7,40,33,42,39,35,40,34,40,10,12,41,39,38,41,35,29,35,34,42,33,39,33,36,39,34,36,24,34,39,37,42,24,17,30,36,19,34,34,30,39,35,28,17,38,34,11,34,35,31,33,38,47,31,33,39,31,12,29,27,31,30,35,27,14,29,32,14,43,34,28,11,31,29,41,19,35,31,37,31,40,19,16,30,15,33,13,12,28,34,36,17,31,15,31,39,41,31,40,14,14,30,37,35,39,29,39,19,37,26,40,39,29,44,26,14,32,15,45,34,37,20,38,14,17,42,35,30,32,20,24,13,38,12,43,29,37,48,31,40,35,21,35,35,28,43,34,28,38,37,35,47,12,15,36,18,45,39,17,12,11,27,12,17,42,28,15,20,38,35,41,20,38,9,32,30,47,45,29,30,17,31,27,18,28,16,13,12,33,10,15,29,32,32,33,15,28,33,43,37,43,15,38,30,30,35,38,38,31,31,28,37,8,12,31,25,33,42,32,12,19,32,39,40,19,30,13,31,41,10,15,18,34,39,41,37,42,13,33,16,16,28,36,33,12,11,31,40,35,33,36,19,38,37,25,35,42,32,34,33,27,41,40,35,9,37,37,30,35,33,15,37,11,22,17,46,38,40,36,42,36,30,14,42,38,43,36,17,41,30,42,21,31,28,36,14,29,15,32,27,11,29,11,41,36,35,11,11,31,18,38,34,32,13,18,40,13,41,41,22,17,11,34,27,15,39,31,35,32,30,30,35,7,34,13,31,19,35,43,38,14,35,13,37,25,37,35,36,35,32,40,43,36,38,50,19,34,28,38,34,35,38,37,14,38,33,38,36,39,37,39,31,29,19,32,29,31,27,18,7,29,41,33,40,15,31,38,37,37,8,17,31,37,40,29,45,38,30,20,13,37,37,38,12,17,19,44,44,14,33,38,20,43,13,33,41,9,13,20,36,29,34,31,47,15,32,34,33,31,27,10,28,31,8,30,36,41,37,13,32,32,12,47,34,31,41,39,40,35,41,35,41,16,31,28,33,27,33,17,33,35,19,13,37,39,30,35,36,43,13,29,34,34,31,29,35,34,28,15,11,34,27,16,13,31,37,36,34,36,18,35,39,17,16,14,34,39,36,33,27,33,33,40,40,36,39,17,33,37,38,36,14,35,43,28,36,38,26,38,13,50,34,39,36,30,11,41,42,39,30,30,41,30,40,35,34,47,13,32,35,44,17,31,26,33,11,31,36,20,43,29,32,39,26,35,18,38,27,35,24,36,15,45,41,48,29,14,43,35,31,52,38,38,37,13,39,18,35,38,29,21,23,34,28,37,34,39,33,35,10,35,35,37,35,39,33,21,28,17,35,37,27,43,37,37,40,33,40,35,39,13,26,37,34,8,34,15,43,15,10,37,47,27,39,31,27,32,24,13,32,35,36,34,17,32,37,20,36,35,28,14,34,36,40,35,34,32,34,36,32,14,26,26,41,33,40,31,15,12,32,32,42,34,35,36,35,39,37,12,12,33,36,30,12,16,38,15,39,14,37,11,37,36,16,42,29,32,39,32,42,30,37,32,40,25,40,39,41,42,30,40,42,37,29,37,21,32,34,29,37,30,38,29,32,38,37,28,34,33,35,25,35,27,35,19,37,11,31,30,38,33,42,35,21,39,34,39,11,34,34,34,16,34,35,18,27,29,14,30,40,13,29,10,33,15,39,34,33,34,36,35,36,32,33,38,34,36,35,15,43,30,41,38,45,40,35,37,34,38,32,15,41,38,38,15,46,37,17,39,13,9,37,23,37,32,38,15,33
12,19,37,28,30,34,40,17,27,33,19,34,13,14,35,36,37,31,12,31,41,31,40,12,49,37,32,28,36,15,34,34,37,31,34,32,27,37,15,13,26,27,30,8,30,18,45,35,37,37,35,37,40,30,37,19,35,10,32,36,38,34,19,18,17,10,28,29,32,42,30,29,36,41,30,41,31,40,36,39,16,34,30,27,46,42,33,35,31,49,11,32,17,8,33,35,32,37,11,34,38,40,13,31,34,31,36,41,31,32,14,11,11,26,20,40,32,12,8,34,19,36,32,41,38,39,19,11,40,35,41,28,33,8,15,35,34,13,11,29,40,33,19,46,36,42,38,39,37,24,36,44,33,33,16,33,18,17,34,36,15,12,17,42,33,40,40,31,15,14,34,35,15,6,32,34,37,30,9,28,34,27,33,39,23,35,37,41,12,33,39,39,31,36,11,31,37,36,34,34,38,12,41,16,32,41,34,40,14,38,38,32,31,10,29,22,31,32,18,11,28,37,27,27,38,17,9,28,33,31,17,36,38,25,31,35,38,31,39,28,34,43,26,32,41,30,36,15,32,16,35,16,32,30,17,39,34,33,26,31,12,13,17,32,35,40,32,35,32,40,37,33,29,35,11,46,43,42,18,33,22,26,15,41,35,40,35,28,42,41,31,41,38,13,21,31,32,28,38,14,16,35,43,21,30,12,15,18,16,18,13,39,35,18,36,41,43,32,42,35,37,28,36,37,16,38,42,39,34,17,21,29,33,35,36,18,29,41,10,34,44,32,16,43,35,38,36,12,46,13,32,33,23,10,10,39,22,36,42,27,34,40,12,16,8,40,35,29,24,42,37,32,36,32,30,19,17,46,34,36,30,40,42,28,33,37,16,17,8,32,37,16,20,36,31,15,30,42,34,34,41,34,43,38,31,34,19,34,31,35,31,25,33,15,32,34,31,34,43,34,12,39,46,41,43,40,37,34,31,35,38,38,31,28,27,42,44,36,12,17,32,35,29,36,13,14,35,38,13,16,35,34,34,33,30,28,12,35,20,36,36,39,39,13,28,35,30,31,38,37,35,9,32,13,21,36,40,36,39,18,17,17,39,38,25,43,29,31,32,19,35,30,38,37,9,30,9,36,40,14,13,33,12,29,21,30,15,29,29,35,37,17,43,38,33,39,44,37,40,16,41,33,39,38,31,39,33,31,13,33,38,40,15,34,32,36,18,15,27,26,31,14,37,41,27,41,37,17,47,12,26,35,12,21,33,33,32,31,34,36,38,26,38,32,39,27,11,33,43,29,30,25,28,14,31,12,38,34,35,40,14,30,7,37,36,35,27,29,32,15,9,32,29,37,38,28,10,40,27,39,28,33,37,32,32,34,44,42,34,38,13,16,37,33,39,42,15,31,31,37,37,37,17,34,33,13,32,43,40,16,11,18,30,39,36,44,32,18,39,22,38,32,37,37,43,25,19,37,14,28,31,37,47,25,35,14,35,13,33,11,33,37,15,10,27,21,16,16,28,38,34,37,39,11,37,26,38,42,37,14,31,42,35,34,32,21,45,28,29,45,30,33,30,29,38,43,24,43,37,39,15,33,41,38,19,16,32,34,35,37,14,14,37,14,36,37,15,36,48,14,41,13,28,28,33,30,37,37,30,41,36,15,42,12,31,31,12,13,33,13,44,22,40,37,15,12,9,33,36,34,34,34,10,34,35,16,11,35,36,14,34,15,39,36,23,32,44,33,35,33,42,12,30,39,15,37,40,12,37,41,39,49,46,14,26,36,36,40,34,36,20,46,17,10,33,34,41,29,35,28,11,45,36,15,38,33,20,15,17,36,32,31,39,35,34,17,28,39,34,34,15,13,39,35,17,27,40,37,34,32,32,41,42,37,31,42,38,31,32,34,16,38,34,14,14,10,37,19,37,37,38,20,31,34,38,42,36,37,33,25,37,34,40,14,21,33,30,36,28,40,36,34,16,34,11,33,15,12,33,12,28,36,28,34,25,38,19,38,42,32,37,18,32,33,39,31,37,41,19,33,37,37,38,37,38,37,37,43,9,37,31,28,22,34,25,27,17,30,38,9,19,36,33,40,18,29,32,33,18,35,31,39,18,30,23,33,34,17,38,17,34,36,29,15,25,29,32,37,29,33,41,42,27,14,43,37,8,32,35,31,37,34,35,15,35,28,34,21,34,14,35,38,33,41,37,38,35,32,40,38,37,34,31,24,43,36,31,17,34,7,33,14,27,34,42,16,34,41,12,31
14,39,36,38,36,31,35,11,37,35,36,38,41,38,16,33,18,25,32,39,33,22,32,38,39,31,33,45,38,13,33,31,30,15,36,38,43,13,41,15,42,32,32,30,13,33,36,32,33,26,39,33,35,30,17,42,16,38,33,12,36,26,14,18,15,42,25,49,41,14,33,33,19,28,18,29,44,46,10,34,33,27,35,15,40,34,28,37,23,12,32,31,39,41,32,38,31,37,29,37,32,38,33,30,28,30,13,28,12,35,31,10,19,36,14,37,46,37,33,40,39,35,12,12,34,32,8,11,25,32,40,20,18,33,38,32,39,21,17,34,45,12,36,32,42,32,30,35,28,39,42,16,37,18,33,28,38,43,31,14,17,16,33,12,30,31,36,38,36,31,17,32,44,34,26,19,10,28,41,30,35,35,39,15,28,40,33,32,26,38,43,32,29,31,31,34,41,33,19,32,41,38,23,34,48,16,35,34,29,34,35,34,33,37,24,31,35,17,33,18,37,34,34,14,29,36,13,41,31,17,37,29,32,32,45,33,14,29,34,28,30,40,37,31,35,41,42,38,24,29,36,34,41,37,37,15,31,13,40,31,25,42,36,34,37,41,32,14,15,31,36,30,16,31,26,34,34,38,29,24,34,33,43,32,34,30,31,34,48,43,38,41,34,27,39,22,39,29,9,33,31,13,34,20,19,29,43,38,11,17,42,35,30,43,40,16,37,27,36,40,35,12,40,23,38,15,25,14,35,26,32,31,16,39,27,28,11,30,42,15,34,33,39,11,27,37,18,33,39,16,31,43,32,30,38,25,31,20,46,16,34,29,28,39,24,35,36,36,20,21,33,37,20,13,29,16,34,35,33,38,36,21,34,40,15,44,41,38,32,32,34,13,14,36,18,40,39,24,33,31,13,32,30,12,27,12,29,13,12,32,37,18,34,30,32,31,40,37,31,31,13,35,16,36,43,26,14,38,39,40,32,32,22,22,42,39,40,11,32,32,16,30,36,36,34,33,22,34,47,35,28,41,39,31,39,36,38,18,10,23,31,37,45,36,10,14,12,31,31,11,16,25,35,32,36,33,37,34,35,37,30,38,39,35,30,29,34,39,31,19,34,15,29,42,22,35,37,9,36,14,40,9,45,32,30,42,40,38,15,38,33,33,16,39,37,30,35,22,32,16,32,10,22,34,37,31,37,33,26,15,44,38,39,31,35,10,31,38,8,18,34,15,35,16,27,42,33,35,12,33,32,40,18,37,33,33,39,39,31,27,34,36,13,44,33,12,17,38,30,31,15,13,35,36,34,41,13,33,17,17,17,40,44,28,31,9,38,42,18,28,33,35,36,32,32,38,34,13,18,30,41,35,37,31,35,27,10,28,10,36,30,35,18,35,39,38,42,20,27,28,29,36,35,32,26,35,31,34,30,12,33,29,10,36,39,12,36,30,35,20,39,12,15,19,15,24,43,37,41,33,12,15,13,35,13,29,41,18,24,22,21,32,33,20,35,35,13,28,35,17,28,36,34,41,34,39,16,39,12,14,37,29,32,18,39,13,34,37,25,30,39,35,29,30,41,41,14,28,31,36,41,45,38,29,24,36,37,32,39,31,16,36,32,33,40,33,28,36,31,39,8,15,36,40,30,19,27,29,38,34,9,31,32,23,28,34,13,43,32,10,31,32,19,27,16,14,18,40,33,25,36,13,29,13,39,34,33,43,32,37,42,34,34,34,26,18,18,41,35,34,18,21,35,36,39,34,33,13,36,10,35,35,32,12,29,38,42,27,34,26,33,33,35,42,32,34,11,33,39,7,37,36,39,37,36,29,40,9,33,38,32,30,30,32,31,33,25,13,41,15,30,34,37,44,33,29,12,29,39,38,15,30,18,12,34,35,40,45,17,31,33,47,36,9,26,40,41,29,37,33,35,36,29,17,37,39,39,35,33,41,39,31,37,15,40,37,33,33,12,12,36,34,34,30,46,40,34,41,38,22,32,32,33,38,31,40,16,34,33,36,32,32,30,31,24,32,26,32,11,15,13,43,20,51,34,12,31,42,34,36,35,36,33,39,36,16,35,31,37,34,36,7,32,20,43,28,19,35,30,39,34,16,34,34,39,16,38,34,40,19,16,17,38,19,14,18,14,34,9,35,35,37,18,38,17,43,38,37,16,34,33,40,42,31,8,20,30,37,30,31,15,31,36,12,37,36,18,36,35,9,35,17,32,30,19,23,15,32,34,38,13,30,33,37,36,15,38,13,17,36
10,41,32,11,14,35,43,26,37,34,34,44,7,38,22,10,37,30,12,41,34,36,33,40,38,38,40,35,26,24,14,33,33,38,30,27,44,35,18,20,33,36,30,12,40,27,40,40,34,41,42,42,33,31,41,21,37,14,41,31,34,10,16,33,27,39,34,37,30,38,34,40,34,37,17,32,32,37,29,35,29,37,30,14,37,39,14,33,16,7,28,14,38,46,15,29,39,41,16,29,33,34,42,27,34,18,39,29,23,40,35,19,12,32,11,24,34,39,35,8,35,50,32,34,14,35,39,43,30,32,44,46,26,11,37,38,36,27,28,41,29,27,12,13,31,41,37,33,33,32,17,13,44,31,19,39,36,35,31,35,15,22,20,14,32,39,35,29,28,15,12,37,25,28,18,36,35,11,41,30,13,32,33,48,32,38,31,38,38,33,31,36,15,38,43,35,21,42,14,20,40,29,18,14,40,44,14,41,31,21,34,30,21,34,31,38,34,43,42,17,9,16,14,38,18,31,34,19,43,42,36,39,10,27,25,18,14,32,15,32,22,32,36,15,41,30,34,35,33,35,38,35,40,17,31,39,12,33,38,35,34,43,36,37,32,17,29,34,44,19,33,35,14,13,7,16,42,30,30,13,36,34,18,15,30,31,38,28,26,41,13,36,43,39,29,18,32,37,9,29,13,41,21,40,39,19,34,16,18,34,36,34,41,32,34,38,34,39,18,35,26,30,20,34,21,35,20,31,11,28,29,35,33,33,40,10,7,34,38,36,36,14,39,30,9,34,38,33,13,38,34,36,21,30,17,29,41,38,13,36,35,28,41,27,21,39,15,34,35,37,35,11,32,15,26,37,33,17,12,35,44,31,28,32,40,37,22,39,31,35,32,35,45,28,37,38,33,33,32,8,31,20,25,26,36,35,44,35,32,31,14,32,37,36,33,34,15,27,15,33,28,38,36,36,33,19,31,15,30,35,13,9,34,37,33,37,20,18,39,35,17,38,30,14,34,41,28,33,35,8,18,18,30,33,40,34,18,37,17,28,35,30,16,37,35,31,26,36,35,36,15,32,34,29,40,20,34,34,34,34,33,32,28,30,33,34,35,40,17,11,33,39,43,16,34,17,36,29,10,32,14,7,38,36,31,38,34,16,14,38,29,28,18,42,19,12,33,43,32,31,31,31,36,28,29,29,33,25,34,27,13,40,36,39,31,14,42,36,31,42,27,20,35,25,45,11,36,25,20,43,14,39,36,16,33,31,16,37,37,9,32,10,30,40,40,16,38,37,11,8,31,43,15,14,11,43,25,26,34,16,15,38,31,37,16,30,16,30,38,35,21,27,42,30,39,28,15,33,14,37,45,14,34,34,23,33,38,13,28,30,39,39,34,35,35,40,39,33,35,39,18,29,16,30,31,43,33,35,17,40,38,12,33,37,41,14,9,32,30,26,15,15,16,34,31,47,34,36,38,39,31,27,23,27,34,33,37,36,16,40,33,16,27,38,40,41,31,35,14,41,14,36,32,15,35,36,39,36,46,11,34,38,42,37,34,9,43,38,19,34,20,42,32,32,34,32,35,40,28,19,39,29,37,26,33,33,30,27,44,31,40,12,13,14,38,43,39,44,37,33,12,38,37,38,35,31,31,33,32,35,9,14,31,37,39,27,15,10,43,27,12,32,21,12,15,35,36,30,34,32,35,33,26,13,25,30,38,13,15,31,32,34,38,37,22,45,35,32,37,27,15,37,32,20,31,44,39,17,39,12,31,33,37,41,39,14,41,33,34,30,41,17,26,32,14,27,34,38,37,27,22,13,31,37,27,33,35,36,31,13,14,36,36,40,10,37,37,41,35,23,33,35,25,9,15,39,33,35,14,38,35,39,38,41,37,37,28,38,25,37,34,38,33,36,28,36,41,38,14,39,10,39,39,41,30,16,31,34,32,33,13,39,36,36,43,36,38,38,26,16,14,16,32,41,40,40,16,44,20,35,31,38,33,29,14,42,42,32,38,26,13,37,15,27,34,34,36,30,29,27,35,14,36,31,30,11,41,38,40,38,40,27,34,38,33,14,14,26,35,32,43,35,36,17,33,29,38,25,33,35,18,28,38,15,36,40,38,17,33,37,16,36,42,30,13,18,28,36,34,14,34,37,19,19,37,15,38,29,30,18,37,9,36,31,24,37,32,10,35,10,27,17,38,35,39,32,33,33,35,38,40,38,27,19,40,33,31,31,31,37,38,38,36,35,11,16,42,37,41,34
32,40,17,33,38,33,17,36,20,30,39,39,32,18,24,27,39,30,30,16,41,35,46,38,34,33,33,42,35,31,29,32,40,34,33,38,37,29,40,31,38,32,36,34,27,38,36,13,33,26,35,18,36,33,35,23,40,41,53,14,15,30,17,12,40,38,50,42,37,34,22,31,36,28,14,29,15,26,25,12,37,37,33,45,36,37,16,30,33,10,40,10,29,39,34,32,19,32,38,39,37,37,31,37,13,31,21,36,42,37,14,35,33,28,17,39,35,37,43,34,28,27,13,40,19,33,33,32,36,16,42,41,33,40,32,38,34,47,31,35,31,39,35,35,38,37,30,39,34,31,34,37,35,29,40,35,11,15,35,36,29,31,37,12,39,27,42,33,28,41,17,38,38,38,14,13,29,31,32,13,42,35,34,16,12,16,33,42,29,16,16,20,31,27,14,14,13,41,14,38,13,39,16,18,35,38,36,38,39,37,33,30,34,46,40,19,27,9,12,42,33,11,35,35,29,31,42,38,34,34,35,34,36,15,38,36,35,39,39,33,43,33,40,34,13,41,34,11,27,17,33,33,27,10,36,32,35,38,35,13,17,40,34,39,14,34,30,36,38,37,40,29,39,17,36,42,18,40,44,36,38,31,30,40,14,42,36,13,15,28,32,14,36,38,38,36,34,39,16,36,30,35,30,16,32,30,34,38,42,38,30,25,37,12,11,35,29,31,14,10,41,35,36,35,19,37,45,36,11,28,43,32,19,27,27,13,34,25,32,38,30,17,35,35,38,34,28,31,17,41,38,33,37,38,39,40,38,30,36,31,20,29,15,32,13,18,31,33,37,18,33,14,22,35,29,42,34,33,36,12,39,34,31,32,28,46,35,30,17,43,39,37,34,24,32,33,12,38,37,34,10,34,34,15,35,20,34,15,29,36,33,34,38,29,14,30,35,33,34,34,22,14,33,14,32,19,28,34,25,38,14,17,44,38,41,34,35,11,21,24,31,28,26,20,37,42,31,37,28,37,13,42,37,29,42,13,38,38,30,34,32,40,33,32,19,38,14,47,32,41,17,43,36,26,23,38,9,43,33,13,31,31,15,30,34,31,30,35,34,17,42,37,11,35,13,27,38,35,32,41,44,41,34,36,41,14,37,14,39,34,19,34,40,30,15,34,18,12,22,30,32,37,27,44,33,12,37,33,39,17,14,37,15,35,35,36,17,34,28,33,33,32,19,31,14,37,33,12,17,32,19,35,36,37,7,24,34,29,33,37,10,30,35,11,34,38,34,33,28,33,11,34,18,28,42,30,32,28,35,37,47,17,43,30,36,28,19,4,19,30,40,33,35,31,42,32,35,28,11,48,31,36,13,28,12,37,33,30,31,13,31,35,37,33,32,32,38,37,16,26,33,32,33,38,36,33,38,34,43,39,35,39,33,39,38,15,41,36,16,24,28,35,6,25,29,38,31,34,38,31,13,29,27,37,29,30,38,14,29,32,12,13,26,34,38,43,36,35,41,41,12,40,35,27,44,36,18,36,15,36,30,43,17,35,42,35,18,30,41,28,13,40,39,30,10,38,30,34,33,29,37,29,39,18,35,16,14,40,16,34,41,39,30,34,38,17,14,35,12,35,41,32,32,15,41,11,16,14,31,37,32,42,31,16,13,39,30,26,11,37,28,35,39,38,28,13,32,14,27,16,40,37,33,41,35,37,15,36,38,37,12,34,40,34,15,18,12,32,33,15,12,12,29,16,29,34,12,28,14,42,42,35,16,17,34,16,37,16,35,37,40,19,26,36,37,35,38,43,33,33,32,25,40,39,15,39,39,14,33,37,35,33,26,12,18,30,31,31,38,31,17,12,19,17,36,42,42,10,43,43,18,15,17,31,39,26,11,11,32,32,33,9,36,29,16,44,38,43,37,15,41,34,9,32,39,37,16,32,32,11,45,38,37,32,41,36,24,28,38,35,33,39,17,17,37,37,15,36,38,33,38,41,32,39,35,19,36,32,35,34,14,48,41,41,14,13,33,31,33,16,33,35,33,16,21,35,37,40,27,38,43,42,19,21,16,42,37,40,37,16,32,34,40,38,33,43,39,30,42,30,19,36,38,39,34,40,33,17,33,16,37,41,35,34,40,52,35,34,35,34,38,14,10,29,29,10,20,31,33,26,36,21,36,38,36,30,36,17,21,26,43,13,35,18,30,18,33,32,38,34,14,37,36,34,37,28,32,34,31,19,32,8,34,14,41,40,13,34,40,33
41,24,38,31,31,13,35,12,35,39,39,35,29,38,38,30,31,15,14,40,40,38,13,33,29,37,34,16,34,16,33,33,35,37,33,41,36,12,20,31,18,29,34,42,42,31,27,31,25,28,36,37,33,34,16,36,12,37,42,33,16,36,45,17,32,42,38,42,32,42,51,35,22,38,35,17,34,30,36,28,14,33,29,33,40,17,39,25,33,41,30,30,17,41,36,38,38,35,11,41,43,36,33,41,41,15,38,17,13,8,33,45,35,39,13,34,37,31,41,35,34,38,37,32,33,34,26,33,35,32,12,28,43,26,15,36,37,33,10,33,38,31,21,21,34,31,33,42,12,43,36,34,42,36,31,35,29,42,32,32,14,36,5,40,34,32,34,30,34,40,20,39,40,37,39,34,31,32,38,38,33,29,33,14,33,37,32,38,37,28,32,35,36,14,34,34,36,18,35,34,41,20,28,38,34,34,20,15,31,36,37,22,12,17,44,32,34,17,31,44,10,12,21,33,15,32,39,23,40,33,31,43,14,17,39,30,16,8,37,11,14,34,36,31,31,41,36,19,33,37,36,13,18,17,33,44,35,43,10,17,40,31,32,19,16,13,34,35,37,41,10,34,38,36,44,44,35,29,35,25,17,19,17,11,15,30,15,37,36,30,38,32,38,19,18,37,12,29,29,15,24,40,10,44,37,28,17,33,17,30,37,35,36,38,33,37,36,19,26,38,35,43,31,34,32,30,35,33,35,35,31,12,31,40,32,15,15,34,18,35,11,33,14,42,28,35,32,39,29,33,31,15,20,36,36,29,31,16,40,32,12,39,34,36,36,33,26,35,34,35,32,38,31,31,11,17,12,39,28,15,36,31,39,27,36,34,39,35,37,41,13,33,44,40,35,34,37,33,28,36,17,18,37,33,18,33,33,37,37,40,17,32,41,32,39,13,44,31,34,21,33,34,32,13,34,31,37,32,9,32,32,44,41,10,32,34,11,36,14,32,33,36,33,24,28,37,44,41,28,27,30,26,32,34,39,34,31,46,37,16,34,40,24,33,39,21,34,10,13,34,13,37,40,32,41,31,34,40,35,37,37,36,8,12,11,30,31,34,39,30,13,32,33,38,25,34,34,38,32,39,29,42,33,23,49,46,33,15,41,35,31,36,44,9,15,36,31,34,39,32,28,38,15,12,28,28,32,39,25,29,15,14,12,17,41,34,34,41,31,38,42,41,30,37,15,10,17,34,30,31,13,17,16,25,33,39,47,40,31,34,40,14,34,42,36,30,15,19,36,33,29,41,12,38,13,41,33,14,21,35,11,39,14,33,35,41,13,33,38,44,17,30,7,31,36,35,35,32,35,24,42,33,33,12,38,40,31,12,13,28,37,13,28,38,13,35,37,39,42,40,28,34,41,36,37,30,33,36,10,37,37,18,11,33,40,34,19,34,42,20,30,36,38,16,39,16,38,31,18,40,31,34,17,17,35,33,32,35,35,32,14,29,37,19,14,18,41,38,10,39,40,40,35,16,41,39,37,10,31,10,26,41,16,38,42,34,27,13,15,33,39,34,13,30,14,47,36,21,34,30,30,35,41,23,16,39,33,33,27,30,32,14,36,19,31,35,11,11,15,18,34,37,38,43,38,35,35,14,35,17,17,34,32,40,32,36,32,34,18,33,40,15,35,45,41,19,35,37,16,33,36,40,33,36,31,41,36,11,34,18,39,15,38,14,37,38,28,11,32,35,39,34,27,40,16,37,38,38,8,15,17,27,33,32,35,15,40,35,32,20,28,16,32,28,10,32,37,29,31,16,12,16,35,36,38,11,36,40,37,14,37,40,30,39,13,32,16,18,34,19,36,16,36,40,26,42,37,41,37,42,14,47,25,30,11,18,30,38,36,18,35,39,37,21,41,38,36,32,36,37,36,34,12,34,30,31,39,47,29,34,34,35,41,14,38,34,32,14,36,15,11,35,44,18,39,12,31,32,11,33,37,11,40,18,30,33,19,17,32,37,11,18,9,38,7,44,31,34,34,10,34,31,36,41,34,33,31,19,14,33,13,32,14,33,40,39,37,37,35,16,29,14,16,11,31,35,25,31,30,36,29,35,38,44,36,37,35,40,32,27,33,32,39,40,16,30,34,23,30,43,36,18,29,49,12,13,29,40,32,28,33,18,42,35,6,43,17,37,17,40,15,45,38,33,9,29,12,30,32,34,41,32,15,35,41,11,23,32,40,32,31,12,35,11,28,7,38,18,41,34
36,32,33,29,33,24,13,16,44,31,27,36,34,12,13,29,28,45,15,29,18,30,31,34,32,27,39,36,16,40,36,31,48,31,41,37,15,31,39,12,41,34,38,29,28,36,13,31,31,29,27,48,35,37,37,33,35,36,26,14,19,34,37,11,30,19,34,28,41,13,44,40,40,27,36,26,45,17,17,19,32,31,15,19,37,40,34,26,28,33,36,34,36,38,30,10,33,33,13,26,36,19,30,36,40,12,35,32,41,27,39,37,15,27,12,17,38,28,38,12,29,29,14,30,29,42,34,26,36,37,33,8,36,34,37,33,12,39,31,43,35,46,32,16,39,33,35,30,14,38,34,37,33,29,19,32,35,32,29,17,38,37,12,41,12,30,18,11,34,41,24,37,42,44,37,32,15,33,12,32,32,41,39,36,40,32,34,37,37,38,37,43,37,41,36,30,33,41,32,39,39,32,34,41,14,46,31,35,40,40,45,39,12,35,45,17,32,21,32,37,30,31,34,31,36,33,11,12,14,32,38,30,37,17,39,13,40,16,29,38,34,31,14,33,29,35,32,30,33,40,31,35,39,30,39,45,36,42,33,18,31,28,34,34,36,12,34,41,15,32,35,23,36,20,34,18,32,26,34,41,18,39,35,35,31,37,34,44,31,30,30,17,37,34,34,7,27,34,30,35,35,37,10,16,22,40,29,41,37,29,27,43,26,14,34,9,31,35,16,29,41,45,18,40,38,17,36,26,9,28,17,36,17,41,38,45,38,30,17,13,9,39,39,28,43,35,36,18,35,9,34,38,36,40,13,31,15,39,34,31,31,43,31,6,34,35,36,29,46,17,19,42,34,30,26,36,33,14,16,28,41,15,24,12,17,37,33,15,13,33,15,33,18,18,9,36,35,36,31,35,36,33,18,12,38,40,12,12,14,34,29,32,38,18,13,30,37,38,40,29,33,36,41,40,6,13,17,29,29,17,46,35,31,38,15,41,33,51,30,13,33,32,45,15,30,7,39,19,15,43,24,40,38,34,37,17,34,13,18,31,29,32,28,23,33,34,31,38,43,31,18,14,36,35,46,35,21,33,36,19,34,32,29,40,41,36,39,29,30,35,34,43,16,40,37,37,28,35,15,32,12,17,27,43,38,32,11,32,42,38,12,34,40,35,37,32,15,12,31,39,21,38,34,11,41,11,11,31,37,35,33,42,12,37,31,35,15,16,33,35,41,41,39,34,34,36,32,34,32,30,29,16,35,20,32,39,33,34,37,23,38,34,35,35,30,31,33,30,13,35,32,14,16,46,8,37,26,34,31,36,40,33,37,35,14,17,16,25,34,38,30,34,32,40,24,32,45,26,34,29,41,20,31,35,34,34,37,13,38,12,34,42,22,40,28,20,14,34,32,32,39,12,37,31,28,10,27,40,20,32,8,35,27,37,32,41,17,36,33,17,35,16,32,14,40,13,17,31,6,40,36,35,12,27,28,44,37,34,34,17,28,43,16,16,38,16,31,34,35,39,13,34,37,32,34,26,29,33,31,28,14,15,36,13,31,11,38,10,12,15,24,36,34,46,47,41,21,36,17,34,17,36,43,42,20,32,29,35,31,30,37,30,33,44,32,37,30,33,33,32,32,36,13,32,31,38,34,32,13,21,18,30,33,15,34,34,37,36,35,7,11,43,41,16,31,40,35,35,14,15,26,16,37,33,17,17,30,34,20,44,16,39,29,23,34,30,30,41,29,31,6,35,36,38,38,34,25,29,35,13,36,29,24,14,36,32,31,37,35,36,31,39,41,27,41,35,18,14,37,38,31,28,44,27,42,39,12,32,14,33,20,34,38,32,25,36,20,33,39,32,41,41,38,30,46,31,32,32,31,18,35,31,39,38,16,19,34,12,31,31,31,24,34,27,30,30,24,32,40,35,36,28,48,30,33,11,6,10,20,38,13,33,30,18,15,28,16,35,14,13,33,26,42,26,44,36,16,35,38,14,37,29,16,36,39,29,36,28,41,30,31,29,40,34,32,37,27,18,42,13,15,32,43,14,28,39,30,10,17,38,34,12,34,13,31,17,33,30,37,40,33,35,33,39,34,36,31,31,39,37,36,36,32,19,36,34,15,39,35,32,16,32,36,36,41,34,12,36,38,40,14,40,28,42,34,15,37,13,40,45,31,19,42,15,34,13,36,18,32,33,40,31,22,31,28,36,41,26,36,10,22,36,38,34,31,32,40,38,35,34,15,36,14,11,36,18,32,44,38,18
21,32,11,37,15,30,35,37,36,34,16,14,37,39,36,32,32,22,34,40,33,34,11,39,28,32,13,32,32,36,37,33,31,39,22,35,17,13,38,31,10,37,18,11,26,37,12,16,11,36,39,35,37,25,25,27,37,42,39,19,33,33,44,32,43,11,39,33,34,34,16,28,42,33,37,11,39,33,13,34,40,25,31,47,32,14,14,46,36,15,38,39,49,18,38,32,39,38,18,39,27,32,29,40,38,17,37,17,14,39,34,37,37,39,30,35,46,35,32,32,41,14,19,41,34,28,33,34,32,31,21,41,39,36,18,33,37,30,10,32,37,45,37,38,36,38,34,15,38,19,41,38,32,32,38,11,33,44,33,39,25,35,35,13,22,13,32,30,34,35,32,43,31,10,37,14,38,32,12,33,33,39,31,44,30,37,37,27,39,30,15,41,31,16,19,34,34,22,13,34,30,14,34,36,29,10,34,18,13,19,33,13,46,15,13,30,39,42,32,37,37,16,32,14,33,12,33,41,36,44,40,18,15,39,35,32,30,35,18,16,35,45,42,42,31,17,15,45,43,40,34,37,27,33,35,36,14,32,34,29,36,32,38,39,9,33,13,35,42,18,33,32,36,37,29,47,36,11,15,39,37,32,39,32,13,27,14,31,35,33,35,34,29,34,34,12,29,27,31,34,30,17,13,29,32,28,12,34,12,29,33,31,15,30,37,27,29,39,16,36,36,33,37,39,39,35,15,34,27,34,29,34,38,17,34,42,40,37,32,18,17,31,36,30,36,11,33,35,36,38,16,14,33,34,37,30,36,33,32,13,17,37,33,41,11,24,33,28,35,36,40,15,35,32,33,33,46,14,35,32,36,15,31,46,24,31,38,16,37,27,30,37,31,35,31,39,31,13,17,41,37,14,39,16,38,19,39,38,17,36,30,29,13,11,13,8,29,30,14,40,29,46,16,43,24,21,11,39,10,32,36,30,27,10,34,29,15,41,36,15,16,36,36,29,13,35,37,17,39,41,38,17,34,30,37,38,33,36,37,36,37,30,37,37,32,11,15,41,26,19,35,37,33,15,32,33,18,11,35,34,31,30,15,34,12,10,21,36,42,42,50,35,31,37,41,37,34,40,15,27,36,13,14,11,25,35,37,15,35,22,17,34,21,15,10,16,40,36,12,15,33,16,29,35,41,31,34,32,21,6,34,32,35,17,13,41,31,37,31,36,41,27,31,14,31,42,16,34,36,36,31,35,16,35,36,30,16,36,34,36,44,29,14,45,14,33,12,37,18,31,36,26,18,31,29,12,38,35,34,34,36,31,35,37,18,37,35,21,30,36,32,27,37,35,34,39,52,32,20,34,20,38,20,21,34,50,33,35,33,27,40,27,43,12,32,27,41,12,35,37,18,35,37,16,27,39,15,11,34,36,34,19,17,30,40,42,32,40,28,35,50,35,35,38,34,17,24,34,14,32,31,44,32,33,14,17,38,32,44,33,39,32,13,35,14,36,37,34,16,16,33,34,35,34,31,39,18,28,20,19,21,45,43,36,34,35,29,30,46,38,35,32,31,36,33,32,31,37,32,14,35,17,35,36,40,11,35,34,41,19,36,34,34,9,35,28,33,35,36,35,29,37,32,30,32,35,34,42,26,13,40,31,13,38,34,41,39,38,44,38,28,14,38,36,18,36,17,31,30,38,35,44,30,27,39,33,7,36,27,41,35,16,26,37,40,18,34,34,12,13,31,12,34,20,34,37,15,31,35,34,33,40,27,30,19,41,11,40,31,14,35,41,42,12,33,33,15,20,30,38,34,15,35,33,33,46,18,32,27,43,42,23,26,37,35,17,12,29,32,12,38,38,36,29,39,27,38,31,31,21,41,27,44,23,36,37,39,7,40,30,30,37,33,46,16,45,22,36,29,16,33,41,34,11,12,21,27,37,37,28,35,36,20,32,39,17,31,16,9,21,11,34,34,36,41,46,31,30,32,31,28,27,41,28,40,26,38,18,18,34,35,40,25,27,17,44,39,35,12,28,13,10,33,38,35,25,33,37,20,39,42,33,35,29,17,13,36,39,31,36,31,10,36,34,29,24,28,32,20,31,39,40,30,33,13,35,34,33,32,40,37,40,33,36,36,19,35,35,30,37,36,14,12,47,41,38,35,40,29,6,31,34,23,28,32,27,34,15,44,40,19,25,13,27,29,32,32,37,33,41,13,36,35,15,35,22,10,17,39,38,10,35,9,40,36,26,35,10,35,21
42,40,31,16,34,17,28,36,13,11,30,37,11,11,40,32,18,33,30,15,27,28,38,35,30,18,38,45,35,22,29,13,12,36,37,38,41,33,34,36,28,29,29,45,36,18,39,17,33,34,40,37,33,34,40,16,12,37,18,32,33,31,32,39,32,37,34,37,36,31,43,28,35,27,38,8,39,40,22,36,34,36,33,36,36,32,31,26,36,40,40,37,37,38,31,36,40,28,18,20,13,34,34,34,33,11,38,35,31,15,47,17,34,44,36,38,41,38,32,32,27,28,33,36,34,38,17,41,27,18,32,31,16,31,25,33,32,27,38,15,38,36,37,33,34,33,17,13,10,32,37,34,15,30,28,21,18,35,32,35,27,36,30,32,33,35,13,39,17,40,36,34,38,11,21,45,35,33,10,37,8,17,37,42,30,13,30,35,17,31,15,28,34,36,15,38,36,27,29,34,13,28,33,38,34,14,27,37,39,34,36,43,35,42,40,16,35,34,33,34,38,26,12,34,33,37,11,34,35,18,18,33,18,35,36,38,33,39,37,35,10,20,40,29,39,39,32,26,43,37,31,30,20,40,19,13,15,10,36,34,32,34,40,27,11,34,12,12,30,24,31,32,21,34,38,18,37,35,7,34,42,11,19,25,30,41,16,39,40,40,35,34,37,16,38,34,35,33,36,11,41,36,15,39,32,34,33,37,28,31,43,37,40,34,36,38,39,35,36,33,9,36,46,34,41,30,34,32,28,30,39,32,37,40,32,43,39,36,33,37,34,18,27,39,36,28,37,30,41,28,34,30,42,13,24,28,30,38,14,16,43,26,15,18,29,34,31,36,35,30,38,12,32,35,36,32,14,36,38,30,34,13,30,41,36,23,33,41,35,14,33,15,16,9,34,33,40,14,16,31,45,33,16,11,35,36,41,28,14,12,33,33,30,30,8,37,36,36,29,33,35,32,36,43,32,35,36,39,31,35,39,19,41,15,38,40,17,33,39,43,25,33,31,34,29,38,26,39,12,33,39,15,38,46,34,39,39,11,32,32,32,30,30,39,26,37,29,13,14,39,29,38,25,37,41,18,18,23,37,13,26,32,32,44,36,38,39,37,36,30,42,15,13,34,39,21,33,13,42,37,35,28,35,31,41,39,23,34,38,32,19,31,27,39,34,13,47,19,35,35,35,37,37,36,42,15,37,31,15,42,26,41,38,31,37,35,17,30,36,40,22,32,36,18,29,37,22,38,44,17,30,49,34,33,32,44,37,37,39,30,35,33,11,36,36,36,38,33,35,20,43,17,13,35,36,36,49,37,34,35,35,18,39,14,38,34,37,31,35,37,33,37,43,35,13,39,37,41,18,34,30,36,32,16,32,30,36,32,40,27,19,41,28,40,27,34,8,40,15,18,32,34,37,15,36,15,34,10,35,31,33,42,11,16,39,16,32,13,43,37,35,13,38,32,43,37,38,34,33,16,37,33,36,37,12,36,36,40,30,36,18,11,36,30,30,27,37,39,15,38,28,31,28,28,39,39,37,25,11,32,27,40,14,30,31,32,32,12,41,29,30,44,30,14,23,16,39,42,40,28,40,38,30,11,32,14,34,22,11,30,39,17,22,12,26,32,6,40,42,37,38,30,13,37,36,37,17,21,25,35,39,41,13,16,34,30,40,32,30,13,18,28,16,37,33,33,32,37,11,32,34,32,34,20,14,30,15,10,26,39,41,43,20,14,37,36,10,11,29,26,41,39,37,37,29,12,27,27,33,5,29,14,36,16,39,41,11,32,17,35,34,14,36,37,36,14,36,16,34,41,39,35,36,35,11,31,27,36,32,11,20,38,39,18,19,13,35,26,11,34,14,14,36,31,37,16,32,32,33,35,49,8,36,18,19,30,36,10,32,18,46,39,41,36,17,9,47,38,45,39,36,27,43,17,30,46,40,12,40,38,34,21,14,36,33,41,33,36,31,36,23,31,36,29,19,14,20,15,35,26,41,37,23,45,12,15,41,36,16,31,30,28,24,26,30,43,30,38,32,17,35,33,38,43,41,37,37,37,36,29,16,41,33,33,47,42,13,19,41,35,42,43,13,27,39,38,18,32,34,29,34,29,13,40,16,41,33,16,14,30,35,38,28,11,37,37,27,40,34,23,42,25,33,18,16,39,34,40,17,36,31,34,17,36,39,32,14,39,39,28,15,14,36,28,12,29,35,38,28,17,36,27,37,41,14,13,12,34,43,34,43,10,19,35,35,36,35,39,15,41
14,9,12,43,21,28,29,32,15,10,31,35,12,39,16,29,16,43,53,31,11,15,34,12,35,12,14,13,20,41,16,41,42,41,12,18,31,37,33,33,11,16,38,14,37,29,38,45,35,47,13,28,28,40,29,26,45,11,16,14,32,37,32,38,39,13,40,36,15,40,41,14,25,12,31,10,9,16,39,38,31,12,37,26,19,37,40,13,31,26,29,26,29,30,33,36,36,33,39,37,13,14,35,35,44,42,31,33,43,36,37,39,38,30,34,16,43,28,30,35,32,29,40,43,16,36,28,37,40,41,45,40,32,43,35,41,13,33,33,46,12,42,38,37,30,18,37,16,37,35,30,37,15,33,22,12,15,41,13,32,11,20,30,12,37,37,36,41,32,46,44,15,15,34,41,36,20,36,41,42,37,34,16,38,19,14,38,14,30,27,35,39,12,16,35,22,28,37,30,37,37,12,29,40,39,36,38,39,49,39,32,39,44,36,15,33,29,40,42,35,37,7,37,36,28,9,32,24,37,35,31,11,33,32,36,32,35,31,13,35,39,14,38,34,29,33,15,44,38,39,27,31,33,35,37,34,32,37,40,31,32,12,30,29,14,20,22,35,38,10,13,33,32,37,35,44,38,34,18,35,16,18,16,17,33,30,29,41,39,31,33,37,37,16,36,44,38,17,11,17,36,20,33,36,20,36,39,32,37,18,13,30,31,38,33,13,30,32,32,17,13,34,35,32,32,12,26,35,14,43,17,35,26,42,31,25,39,38,33,24,31,33,36,45,34,39,21,36,16,33,13,10,14,11,16,29,38,29,35,19,35,33,14,18,12,21,39,37,9,22,26,33,43,12,11,37,30,20,32,42,15,13,16,33,8,34,39,33,25,36,38,36,43,34,42,18,37,35,41,36,12,39,18,42,37,35,34,40,19,29,19,34,36,30,35,36,45,16,31,39,39,38,40,13,34,25,39,36,33,39,34,32,16,28,37,35,16,38,31,25,12,40,16,34,36,39,30,26,14,31,31,40,31,37,30,43,17,11,34,37,34,25,39,31,14,35,40,37,15,33,36,33,17,38,36,15,38,13,28,34,31,44,34,19,18,29,38,34,28,36,41,39,43,40,10,39,42,31,15,13,44,43,13,21,33,31,33,28,14,31,27,36,16,33,33,25,32,40,40,42,22,11,15,33,34,32,45,40,27,32,10,14,48,37,29,36,34,35,21,24,32,29,33,36,16,42,30,21,37,45,42,39,31,36,36,28,35,19,28,28,33,37,14,28,36,14,35,32,32,30,35,32,36,12,38,38,38,30,13,40,13,32,37,45,38,35,38,13,40,33,12,27,43,19,39,34,16,36,35,21,22,34,30,32,27,14,30,30,39,31,38,36,42,29,13,32,38,34,27,20,32,34,11,36,16,47,27,37,38,36,38,40,27,37,31,41,31,33,32,34,33,35,32,32,39,33,37,35,36,15,10,37,45,33,41,34,31,38,44,20,31,36,35,41,41,33,20,42,33,15,38,16,42,15,21,34,11,26,33,34,34,24,33,35,19,37,13,33,30,33,40,33,33,36,42,35,12,22,36,13,31,11,36,12,32,37,35,37,13,15,28,37,32,32,36,19,32,36,35,9,34,7,19,32,34,36,33,16,35,13,24,35,36,12,38,35,29,35,17,34,12,31,29,30,35,38,18,33,31,39,34,36,37,37,32,43,33,15,15,35,45,32,33,30,34,25,20,34,12,41,10,33,11,37,46,17,45,35,12,12,16,14,41,16,28,14,27,14,33,9,35,35,31,22,35,34,32,30,29,21,36,37,25,36,31,14,16,36,34,12,10,28,33,14,13,15,15,32,37,13,12,42,37,34,39,30,44,12,32,13,33,34,37,34,31,6,38,29,43,39,34,35,38,34,28,36,36,33,34,35,37,36,36,30,34,32,9,29,39,13,27,41,16,31,33,14,34,20,34,31,13,12,36,35,40,36,31,37,16,35,25,23,16,32,44,38,29,32,33,15,19,37,21,26,44,34,34,40,15,13,43,32,39,32,38,17,38,33,40,34,21,40,31,46,33,31,38,36,20,41,20,46,10,12,37,37,32,35,43,29,10,14,41,36,32,34,33,38,31,36,37,40,28,16,29,12,44,29,34,33,36,29,44,11,37,41,33,39,29,38,32,39,34,38,38,37,31,13,43,44,42,39,41,20,24,31,44,42,29,40,38,35,41,39,28,36,19,34,32,38,13,39,37,13,27,22,13,15,29,29
37,32,40,19,30,33,27,29,33,34,44,38,36,37,34,39,16,15,38,15,27,35,8,13,35,34,13,11,33,41,31,31,34,43,42,35,32,32,32,30,13,35,11,32,13,38,40,36,36,35,39,35,34,34,35,42,33,42,33,35,13,46,34,34,34,18,32,37,34,14,32,33,15,37,35,39,35,8,15,40,40,33,30,29,10,37,35,30,35,40,37,33,14,12,36,31,37,34,14,31,36,36,33,29,18,34,15,24,38,34,11,11,35,39,33,33,37,11,38,32,39,43,32,15,40,15,39,33,34,28,36,15,28,38,40,36,24,35,10,31,32,26,10,36,32,41,13,33,20,38,16,36,34,45,14,33,30,28,19,35,29,32,37,35,40,35,36,34,31,16,36,36,37,37,10,36,12,25,26,25,22,30,14,37,28,29,19,16,18,43,16,27,22,33,10,38,39,36,31,30,15,36,12,14,35,29,38,42,30,34,40,33,20,35,29,39,12,12,49,37,12,45,27,34,38,35,33,32,37,31,39,15,31,29,40,11,39,26,32,39,12,33,39,32,40,18,12,20,34,10,13,32,16,17,10,42,32,13,45,34,15,30,33,35,32,38,36,39,45,37,42,12,40,27,11,40,32,32,18,15,44,21,29,43,33,34,32,35,10,39,30,36,33,14,34,11,20,10,31,20,34,32,29,37,16,18,13,39,28,16,28,36,28,38,38,32,34,19,25,27,27,17,10,27,22,41,17,40,35,35,38,36,28,34,25,40,41,30,44,41,32,37,34,40,32,37,16,43,17,41,33,41,31,39,16,33,38,35,36,13,32,35,34,41,45,38,41,29,36,35,35,36,39,34,39,27,17,33,35,20,16,19,20,38,40,37,33,40,40,10,32,15,11,29,35,14,45,19,24,37,10,44,45,41,26,26,32,15,40,29,12,35,31,34,33,34,12,9,39,37,37,34,39,43,17,43,35,39,19,34,36,32,29,33,32,53,41,32,17,37,39,21,34,36,39,33,34,42,39,41,29,36,17,34,8,32,40,29,30,34,38,30,11,36,30,39,32,16,25,41,46,29,38,36,7,37,35,16,37,23,28,34,19,30,34,9,33,33,35,32,34,31,13,30,32,36,38,12,19,32,40,30,34,27,13,29,35,38,33,31,36,29,31,35,37,12,40,32,15,37,33,42,38,41,35,46,21,39,41,35,42,32,18,27,33,41,43,20,35,39,16,43,25,47,36,34,38,12,30,37,36,34,31,44,38,37,13,17,32,36,12,11,11,30,36,43,14,27,39,19,34,35,34,28,36,43,41,30,13,40,37,12,31,37,11,35,21,47,43,17,17,42,44,39,29,15,17,29,34,39,12,30,40,15,32,37,19,33,36,36,8,35,35,46,39,31,40,32,32,13,33,16,41,36,34,36,38,27,36,32,33,47,34,37,11,51,20,13,15,20,18,9,30,41,30,34,13,31,13,35,29,10,37,35,38,40,24,9,10,41,33,26,32,42,23,37,28,11,16,13,34,22,35,20,36,36,12,34,33,36,14,35,11,34,29,36,33,28,37,29,30,39,21,33,48,14,42,29,16,24,29,36,37,33,17,12,42,39,20,31,9,15,28,15,29,34,34,34,35,30,35,25,32,32,34,30,32,37,34,30,37,36,31,36,13,38,39,31,38,20,13,26,30,34,41,37,34,39,34,33,11,30,40,39,19,40,31,41,38,36,29,32,15,32,26,16,43,30,28,35,16,31,33,40,31,28,32,15,39,13,28,23,21,19,9,17,34,27,41,34,35,26,36,16,16,38,41,35,25,39,35,28,27,31,29,37,35,41,14,23,37,26,36,30,36,39,37,29,34,28,37,34,32,40,33,36,36,32,35,12,38,33,29,39,16,31,33,30,35,35,18,32,37,14,10,44,31,41,32,18,13,26,33,15,14,33,34,40,29,35,33,43,12,17,39,33,31,42,10,44,43,44,36,35,30,42,32,39,31,36,34,16,35,40,14,29,17,34,42,36,32,33,12,15,18,15,30,37,45,41,16,44,33,34,30,32,30,17,32,34,15,35,44,45,19,33,40,49,37,39,28,12,33,34,26,42,36,36,29,31,37,37,14,29,32,33,34,35,10,31,31,37,14,34,33,35,36,31,38,14,35,13,33,14,31,29,31,35,27,6,39,14,12,43,35,28,19,31,28,31,14,40,38,37,36,42,26,29,31,33,27,35,35,20,18,29,19,14,27,38,13,32,38,19,12,27,37,35,11,40
19,24,30,32,19,24,14,33,34,38,36,27,18,31,33,36,31,39,20,33,29,32,33,35,43,39,28,41,13,15,46,34,36,39,34,13,11,40,25,39,15,37,40,41,34,38,38,15,29,32,20,40,15,34,32,35,43,18,31,25,17,35,26,26,19,37,32,35,33,13,17,15,35,34,39,36,42,35,40,42,9,17,25,40,12,17,17,36,41,38,39,25,32,15,36,35,31,10,27,37,43,34,14,12,36,27,35,14,41,41,15,19,30,37,32,37,14,38,37,12,36,28,35,32,38,13,13,31,20,37,28,43,35,14,35,15,34,18,40,21,32,21,16,40,37,14,27,41,35,33,34,35,27,36,30,20,16,39,34,20,19,37,32,28,37,14,36,36,13,37,34,30,31,14,41,44,36,10,16,16,9,34,27,32,48,30,28,11,33,33,44,16,11,34,19,34,39,40,12,36,32,11,28,39,38,28,45,16,34,39,17,37,22,34,35,39,44,18,28,24,15,17,32,36,36,33,38,32,27,33,14,42,38,36,38,19,39,9,42,39,8,37,38,41,39,21,44,27,33,17,37,40,34,32,39,11,12,44,37,28,34,9,31,40,12,33,35,10,33,43,35,14,16,12,32,32,27,37,31,39,34,35,29,13,33,33,34,32,15,10,30,35,43,14,36,38,38,33,32,40,15,15,25,19,32,18,42,14,14,17,15,41,28,37,35,19,34,31,43,33,28,39,41,29,18,26,34,41,14,37,37,32,29,40,38,31,28,33,18,34,32,40,35,36,17,14,21,20,28,27,34,16,42,36,40,13,35,31,45,34,37,32,40,33,33,19,38,31,38,34,31,28,36,36,20,38,18,44,34,32,36,14,19,37,27,14,37,33,38,38,38,42,8,39,33,15,34,32,31,30,10,15,32,11,15,11,36,40,33,30,12,18,33,35,12,44,10,38,33,41,30,25,27,30,32,29,34,17,30,37,31,38,36,31,15,31,18,15,33,36,37,35,32,32,32,45,40,18,36,31,39,32,13,24,31,40,10,31,34,43,30,27,44,34,37,15,32,37,34,32,35,33,33,16,42,37,29,41,20,35,35,12,39,35,36,44,44,35,37,31,28,36,35,24,40,27,13,34,29,32,33,33,27,17,35,38,43,12,39,38,18,12,16,35,39,20,19,47,37,17,31,40,29,34,27,14,31,45,35,44,14,36,37,41,10,47,30,12,34,18,9,16,36,33,41,14,13,33,17,32,14,34,27,44,13,36,39,32,32,27,14,36,12,33,37,32,19,44,31,33,15,40,13,37,41,31,44,44,35,25,35,29,38,35,36,39,19,33,33,28,38,36,15,40,24,15,29,39,14,37,36,36,44,42,45,33,36,14,40,13,16,30,30,13,37,34,34,28,36,34,31,27,25,14,30,17,36,15,31,18,29,17,30,30,34,34,11,14,41,16,31,13,30,14,36,31,34,30,34,28,21,34,10,37,19,33,33,30,37,32,19,26,35,33,36,36,39,19,13,33,38,34,39,42,29,42,38,39,29,35,13,38,31,27,39,12,51,21,10,30,40,15,36,40,16,35,36,31,33,34,11,15,43,14,38,33,33,35,40,15,38,10,39,37,31,31,18,20,13,36,33,41,17,39,31,38,34,17,39,36,32,13,27,20,38,18,38,30,19,11,37,39,9,34,36,28,13,33,12,45,32,30,31,35,33,33,33,33,14,35,31,42,36,35,19,42,39,38,28,18,34,28,33,10,37,40,35,25,37,28,33,30,19,33,14,13,12,34,40,31,40,39,35,30,17,41,37,37,32,26,37,16,38,15,22,25,35,34,28,34,19,34,39,41,37,38,14,45,40,34,14,33,32,34,29,30,36,37,19,9,37,7,35,30,17,41,14,30,10,33,15,18,18,32,34,33,32,31,32,35,33,35,11,42,34,31,34,18,35,12,41,7,33,14,33,14,31,17,40,41,33,38,14,33,17,35,38,33,9,33,36,36,43,39,16,31,37,45,34,32,14,32,16,36,27,32,26,14,25,30,13,35,35,17,43,33,36,49,41,31,42,30,39,13,34,27,28,13,26,16,30,35,36,30,30,13,30,34,28,27,36,21,40,30,38,38,29,44,17,31,38,19,15,39,42,33,14,24,18,37,28,30,36,47,39,31,32,16,36,39,13,30,41,39,37,14,36,28,44,40,43,37,14,26,30,33,40,23,30,12,33,28,34,41,33,34,10,34,29,45,33,10,40,29,37,38,45,29,18,32
34,41,37,39,27,32,14,21,34,14,39,36,34,11,11,27,19,11,36,37,36,37,34,22,35,14,32,30,32,18,34,35,40,36,33,25,36,15,32,34,28,39,37,46,31,18,29,16,42,32,17,16,34,17,17,37,39,38,13,27,37,21,36,33,40,9,34,28,41,42,30,34,22,34,44,30,33,41,14,35,34,32,19,33,13,37,29,43,9,30,36,15,12,14,17,38,34,16,39,34,33,34,18,41,31,31,30,36,35,36,33,36,18,41,21,13,39,12,34,45,35,26,18,29,32,35,29,40,28,37,39,39,18,34,38,31,12,36,34,35,39,39,14,36,10,36,42,21,35,31,39,35,30,17,29,31,38,20,33,31,33,32,13,43,39,36,30,12,37,39,38,36,25,36,42,40,38,14,29,35,21,36,36,38,33,32,33,27,41,33,8,15,28,37,38,26,38,32,28,27,9,32,34,27,13,34,35,36,35,30,15,31,36,11,37,44,39,14,40,33,32,36,17,14,22,31,36,12,35,36,19,14,12,32,12,30,34,39,36,35,43,11,32,47,33,37,17,38,37,16,31,35,32,46,43,39,19,29,16,18,42,38,29,33,31,37,30,32,28,39,40,34,42,31,31,35,38,16,32,19,12,36,34,33,14,12,39,24,33,33,10,35,35,39,11,34,34,40,30,32,28,36,42,13,16,36,16,12,38,28,28,37,31,39,30,35,13,35,33,12,36,11,18,10,36,15,35,35,14,16,41,39,34,32,11,38,39,11,38,34,37,18,13,33,28,30,36,38,38,16,39,34,28,36,19,33,42,41,36,17,10,43,31,24,38,32,45,41,32,41,44,41,37,17,36,40,20,36,15,37,35,34,15,11,36,34,30,33,42,32,25,38,38,29,39,31,33,20,26,16,17,32,42,28,43,25,32,13,31,41,12,32,36,36,13,13,42,35,43,37,40,36,45,13,44,29,28,32,35,44,39,8,34,34,35,22,31,35,13,34,17,36,40,40,33,29,12,17,44,36,36,28,37,16,40,37,16,38,37,12,31,12,35,33,33,32,43,16,43,10,42,45,42,18,31,29,21,12,17,34,33,44,35,39,39,37,49,31,36,38,39,10,28,39,11,42,36,36,34,19,19,14,42,15,8,31,42,15,41,42,31,44,37,29,36,38,17,13,11,38,39,18,9,36,14,11,29,28,10,32,37,37,38,36,16,37,24,33,29,36,35,17,19,36,9,39,29,43,44,37,36,32,13,14,12,36,39,11,13,13,36,37,32,33,10,19,35,42,12,41,41,39,35,35,31,29,31,47,30,37,31,33,36,32,36,26,45,34,38,18,29,40,36,22,37,32,28,32,44,37,47,42,26,43,36,34,32,28,39,13,37,32,40,18,31,45,11,36,42,18,29,36,40,20,19,23,38,10,38,43,19,18,42,36,39,16,14,34,8,22,41,37,11,41,11,29,16,36,42,16,34,38,33,41,32,44,17,35,18,32,35,33,32,37,33,34,16,28,17,31,33,35,21,34,25,13,33,35,42,21,32,36,38,38,24,36,42,28,35,22,25,14,30,37,36,15,14,30,19,35,31,25,39,37,30,36,38,40,30,22,12,30,13,42,12,33,14,14,33,38,33,35,24,38,41,28,35,34,45,33,33,27,35,33,20,32,19,19,38,31,18,36,34,34,43,30,40,12,37,40,34,35,36,13,35,31,34,27,30,30,42,13,31,39,33,21,39,32,18,26,27,14,12,31,16,34,17,33,10,13,33,38,22,34,33,32,30,37,33,36,29,37,39,16,15,34,33,31,45,37,33,33,12,41,15,12,40,34,16,44,8,35,25,32,32,28,35,12,47,34,40,39,36,35,10,11,31,14,17,27,11,35,30,37,29,10,30,28,32,31,44,41,18,18,15,18,36,41,10,38,14,29,34,39,38,27,32,34,17,24,39,9,37,36,32,30,36,40,35,41,14,35,32,24,33,31,36,35,32,31,30,32,41,32,18,16,35,9,39,42,35,39,30,30,34,33,38,31,31,40,44,34,33,35,29,40,15,29,18,29,13,10,36,31,32,32,38,32,29,31,26,33,17,15,27,12,33,38,36,34,31,14,33,37,45,29,32,38,39,36,34,33,30,14,35,42,43,31,16,30,22,33,36,39,38,31,38,34,29,36,20,20,42,38,42,36,42,17,25,43,33,34,15,19,29,33,10,13,27,41,14,39,32,25,40,28,36,31,39,16,32,19,38,13,36,37,43,12,35,33
38,17,38,31,34,35,35,15,37,36,25,11,42,40,37,26,29,37,26,33,41,36,11,11,40,41,35,39,34,32,12,20,38,31,34,44,33,36,37,25,41,33,14,33,16,25,15,38,36,35,20,33,35,29,11,47,8,35,30,32,31,37,16,14,36,39,36,9,32,40,36,45,44,30,15,29,27,30,40,36,14,36,35,35,32,38,31,37,36,14,11,34,34,36,13,36,36,28,33,32,33,21,41,34,32,25,41,41,33,36,14,41,33,15,30,40,34,48,14,34,23,12,30,33,32,34,38,41,18,34,15,49,40,34,33,9,34,37,31,23,32,31,39,33,43,41,36,20,37,32,33,23,33,28,17,33,12,20,13,33,23,35,27,40,13,33,14,41,27,32,38,33,38,39,30,34,38,34,42,39,36,39,32,30,37,33,12,15,10,35,38,41,33,13,29,29,10,32,35,43,32,14,17,32,35,39,37,34,22,19,40,34,34,20,29,39,33,32,42,34,34,11,16,43,29,32,28,15,44,19,45,19,40,22,30,14,41,33,46,32,14,25,35,37,34,13,37,14,38,9,31,17,33,28,33,34,37,35,38,30,45,47,15,15,32,32,30,38,14,31,36,30,33,32,29,40,15,32,32,18,36,18,43,35,39,42,12,12,42,43,39,36,39,15,31,18,40,42,34,20,31,38,12,36,18,37,39,43,34,18,14,39,19,26,29,42,37,37,16,42,38,18,13,17,36,31,35,30,15,33,37,32,25,39,13,37,41,34,36,35,31,17,23,18,37,14,29,31,37,34,34,33,38,33,39,44,29,17,14,14,17,26,14,29,35,35,29,37,35,11,35,33,23,47,33,39,12,34,35,11,31,37,16,36,18,33,34,39,15,18,33,39,28,36,10,38,31,41,13,42,37,42,16,36,23,37,12,32,38,13,37,35,32,41,18,31,33,17,37,30,37,34,31,35,37,30,39,25,32,33,31,35,35,36,12,37,41,14,33,39,37,32,36,36,38,16,37,26,40,42,9,17,12,31,17,32,39,31,17,39,32,34,26,13,13,16,46,10,25,20,10,33,27,30,15,33,23,44,33,21,26,19,34,28,10,35,33,13,33,15,35,38,15,43,43,29,35,27,33,33,9,30,35,40,26,15,38,15,24,40,33,40,33,33,14,24,32,17,15,39,27,36,21,46,33,26,36,40,36,40,34,42,17,38,35,38,40,40,36,34,30,35,42,36,36,26,13,31,9,33,38,32,33,30,38,43,15,19,42,27,37,19,42,31,35,37,32,34,45,33,18,28,33,33,36,36,31,29,16,34,31,12,32,36,16,22,41,34,13,32,27,42,15,38,37,18,17,36,12,38,16,20,24,12,49,9,14,19,30,22,13,33,40,40,37,15,33,19,33,18,35,16,37,12,32,34,27,40,41,30,14,15,36,11,32,13,13,32,12,11,32,37,29,10,36,10,34,25,38,35,40,34,34,33,19,23,35,42,44,11,44,16,16,31,32,43,36,35,33,31,27,5,14,20,39,43,14,32,32,39,15,45,44,36,13,12,15,31,31,34,38,40,15,35,36,39,15,34,20,37,20,35,30,38,38,40,9,25,14,49,42,27,42,36,28,35,34,38,41,14,34,28,31,41,32,31,13,17,34,30,33,34,19,26,38,31,18,29,14,32,36,31,37,42,36,18,39,36,29,49,8,29,32,19,31,13,36,35,42,8,14,40,36,35,34,20,38,35,10,40,11,35,34,36,42,7,35,20,21,14,38,37,17,35,40,13,41,12,33,41,34,34,7,16,37,31,38,37,29,35,30,17,42,10,34,35,36,31,12,10,32,16,11,32,10,36,29,33,12,11,8,38,10,34,34,32,33,34,15,40,14,13,38,39,40,35,35,34,32,20,40,38,37,30,35,29,35,36,33,16,32,36,40,34,15,38,31,32,38,39,14,35,28,8,42,32,15,38,39,31,28,34,36,38,36,38,14,15,38,38,29,38,43,35,10,30,13,38,33,29,39,29,40,35,36,12,43,33,33,16,17,15,42,40,36,37,33,13,13,37,34,37,44,27,31,31,22,32,36,28,14,35,48,45,39,41,42,41,21,35,15,28,33,37,39,37,32,21,15,39,30,34,42,39,34,36,46,36,14,42,15,44,32,12,20,18,35,33,38,20,35,10,32,27,35,18,42,37,30,14,39,35,14,32,39,40,33,32,14,13,6,39,4,45,36,18,41,13,40,35,40,36,14,42,34,27,36,13,30,32
31,15,40,41,32,37,34,38,17,38,34,10,7,30,45,10,35,29,31,42,15,18,37,36,39,38,11,35,35,15,39,36,35,15,17,13,39,17,33,36,27,33,41,31,33,33,45,32,46,18,36,34,15,33,33,37,32,30,21,19,33,20,42,39,33,18,37,32,37,13,35,15,40,38,12,17,20,16,11,18,18,15,32,35,35,36,33,35,10,40,38,20,29,32,15,14,33,37,23,37,39,18,39,39,40,36,12,37,32,31,39,43,15,44,16,37,40,37,14,26,32,8,35,35,34,35,35,32,33,28,36,31,38,35,33,39,35,16,40,36,19,33,14,32,32,30,31,15,33,11,42,39,17,43,34,36,38,10,29,41,14,36,11,30,35,34,32,35,36,37,29,25,42,35,33,9,37,35,34,37,39,41,15,34,27,8,30,33,35,27,12,11,15,33,33,34,14,35,45,43,34,30,30,35,14,28,20,15,38,31,35,35,34,29,33,15,32,42,14,9,55,38,35,32,31,47,34,37,43,39,30,48,15,14,32,16,42,13,22,34,38,16,34,31,38,17,39,19,16,34,30,14,41,33,41,34,34,35,33,35,39,39,28,12,39,14,41,31,11,41,38,35,41,40,40,37,33,29,13,16,41,11,39,44,30,34,12,31,37,31,44,35,25,38,28,29,30,18,37,33,40,38,39,32,15,12,36,40,29,32,35,13,38,21,38,31,30,42,27,30,32,34,12,32,13,17,18,35,12,34,16,11,39,39,33,17,19,37,35,18,42,31,33,17,18,22,35,44,33,33,38,38,33,37,16,14,15,27,35,12,35,38,32,35,49,33,21,34,13,14,14,46,32,20,17,19,38,29,12,41,19,28,14,32,34,35,38,38,38,11,31,33,37,23,42,35,34,17,42,43,35,35,30,20,39,35,35,30,42,32,38,17,38,29,38,29,42,41,9,37,37,35,31,33,14,33,42,24,36,26,26,22,34,39,39,13,34,31,30,37,33,30,27,19,36,13,37,43,39,31,33,38,32,34,39,16,37,43,42,37,35,39,43,36,40,11,20,33,29,19,31,13,30,16,15,21,18,46,33,24,44,32,14,27,7,28,38,38,35,16,15,27,13,17,27,13,31,36,34,16,44,13,38,35,28,30,31,33,27,35,17,44,37,15,41,35,38,25,40,14,12,33,33,34,34,34,33,22,26,33,35,31,39,30,32,19,34,35,34,27,19,39,39,17,33,21,33,34,31,35,44,37,15,17,33,11,38,37,28,40,36,27,18,31,38,30,43,43,29,34,34,39,16,41,39,25,16,14,11,36,36,13,26,38,38,41,35,15,42,35,29,36,14,22,33,12,30,33,28,16,15,8,33,10,35,37,34,30,46,20,32,15,42,19,38,29,38,30,20,35,18,41,13,34,31,34,43,12,38,32,36,30,33,34,34,34,30,15,34,12,23,15,37,18,28,16,15,9,28,9,43,37,35,38,26,13,37,33,16,34,32,29,39,24,33,32,29,33,15,15,27,39,38,29,30,31,31,40,10,37,36,30,31,40,39,34,15,42,40,39,15,33,14,26,36,17,36,36,32,29,33,15,38,26,31,3,18,33,33,35,38,38,26,42,36,40,42,38,36,26,28,31,34,41,18,33,19,38,42,24,37,15,16,31,38,30,13,12,29,14,40,33,36,41,37,22,24,39,36,18,34,32,39,30,40,34,34,14,34,33,39,40,35,37,8,19,38,36,19,38,12,44,26,38,46,39,36,31,37,34,27,33,43,42,36,33,15,39,18,16,37,40,26,17,15,43,16,37,17,39,14,33,39,35,35,37,14,29,33,31,20,40,27,40,39,10,40,37,43,40,39,18,29,31,35,37,34,33,16,15,17,34,39,14,33,35,34,43,17,31,35,27,38,40,33,27,27,43,15,13,18,30,36,37,36,9,31,45,42,34,36,40,41,36,42,38,9,38,31,37,39,33,14,25,26,43,39,36,40,23,31,20,19,43,35,39,33,13,35,33,18,40,38,39,17,38,31,11,45,32,14,40,42,33,34,30,11,25,18,32,31,29,32,37,15,43,43,38,36,36,36,36,27,40,32,40,28,39,39,27,30,38,43,24,35,40,39,19,34,33,40,23,31,30,13,39,38,34,33,39,9,12,27,28,19,31,33,35,42,41,12,38,12,35,32,32,34,30,14,18,30,36,9,34,29,32,37,29,35,38,38,34,32,35,37,34,28,37,40,31,37,43,20,36,38,31,29,41,31,38
9,43,32,14,39,29,35,33,33,38,40,38,47,38,34,34,33,30,10,14,38,35,30,42,12,26,13,11,13,33,19,21,15,19,35,14,43,33,32,41,17,33,39,28,33,40,14,16,37,34,26,45,33,17,27,38,39,30,34,40,22,27,16,34,17,33,41,18,33,6,35,31,11,38,33,32,29,30,13,31,37,20,29,41,18,40,17,14,33,29,11,9,27,18,30,35,13,36,40,33,42,38,41,28,19,15,35,29,31,36,36,33,12,41,34,31,39,36,19,40,9,29,12,38,12,40,40,40,19,36,28,34,38,35,31,34,29,40,17,13,41,30,10,38,35,30,36,29,27,29,18,18,19,36,31,33,33,17,44,20,15,35,19,32,36,45,33,17,46,32,39,37,35,37,37,25,15,35,33,28,32,34,31,19,41,25,39,9,18,26,35,12,35,33,8,41,24,33,37,16,35,22,19,32,24,35,19,36,39,31,14,34,41,34,30,37,40,33,32,35,33,38,12,10,34,34,8,32,37,31,35,41,35,33,21,35,12,27,14,32,29,21,34,11,34,33,32,37,38,20,20,28,29,31,33,35,33,36,35,42,45,11,12,6,15,43,7,42,35,18,13,36,32,32,33,35,37,31,32,33,35,24,20,26,15,30,19,38,42,10,16,30,32,22,32,10,14,38,42,14,40,36,35,33,36,16,33,12,40,34,37,15,38,45,19,42,9,35,37,33,15,35,23,17,16,33,32,36,31,41,16,14,8,30,32,29,27,38,34,31,39,37,36,30,51,43,41,35,18,37,29,46,32,38,38,41,43,38,37,40,40,13,33,12,32,36,33,15,33,32,31,38,30,38,38,33,44,13,16,39,35,11,34,48,42,32,35,39,33,38,37,33,31,38,30,34,31,32,17,38,39,33,9,14,15,33,36,42,33,19,35,50,13,13,34,28,38,18,27,37,32,12,34,40,44,13,23,37,16,35,13,43,44,33,38,42,39,29,36,17,41,21,14,37,37,30,43,18,38,19,14,44,36,38,28,34,38,30,39,31,21,26,29,39,33,29,43,43,39,32,19,39,37,37,41,34,22,31,15,32,31,16,30,18,14,35,13,34,32,32,40,28,30,34,12,40,11,18,15,17,17,30,20,37,35,26,36,40,35,38,37,33,33,35,16,49,30,31,31,32,35,32,15,22,38,33,29,42,13,36,33,37,36,19,34,41,43,34,29,13,31,32,33,14,35,18,35,14,33,32,37,27,17,17,40,34,13,39,35,10,33,36,37,30,36,31,28,14,36,39,33,39,17,30,33,23,27,37,31,35,35,33,37,26,17,44,29,33,17,41,31,36,38,37,32,28,13,38,12,44,17,14,36,10,40,21,40,30,38,36,39,27,20,39,10,34,16,35,31,37,39,13,28,12,37,13,34,36,15,46,12,16,37,29,20,32,37,36,32,26,29,33,29,38,13,33,19,38,15,32,12,14,31,38,17,35,20,25,40,12,32,18,36,32,34,14,36,33,29,27,43,34,38,35,40,13,19,12,14,12,27,34,34,39,36,38,39,36,12,29,25,36,33,33,32,41,14,25,37,38,10,12,35,38,13,37,24,23,35,32,38,12,33,42,38,35,37,19,15,42,35,26,33,35,27,19,38,29,15,34,35,43,34,35,15,14,28,41,28,30,34,15,41,27,21,14,35,36,36,34,11,34,41,16,14,25,16,38,21,36,40,33,33,30,36,37,36,36,38,40,38,38,39,34,40,41,39,36,22,17,34,38,33,12,33,36,36,34,29,41,26,37,10,16,34,38,37,17,14,30,38,39,32,40,45,15,43,38,44,41,33,41,37,17,21,41,45,38,35,37,40,35,36,42,33,40,46,39,31,26,42,37,32,11,37,37,32,39,34,9,17,35,31,30,28,28,35,19,18,32,36,34,46,38,17,31,39,35,11,35,15,38,32,31,38,44,36,11,38,32,27,10,41,37,15,18,41,37,42,32,45,20,44,30,42,14,37,46,35,30,31,15,15,30,40,38,10,37,41,35,28,27,36,37,10,14,30,14,40,35,15,34,42,33,36,35,39,41,33,35,36,12,30,41,15,14,41,38,15,33,38,18,38,31,37,31,32,19,12,41,35,31,40,18,14,37,40,34,36,41,12,27,12,39,13,38,38,26,32,20,14,31,39,44,34,38,34,10,31,32,11,29,37,13,36,17,12,30,15,37,30,39,13,31,34,17,7,20,29,42,49,30,34,40,31,43,30,31,17,36
37,35,38,33,26,29,31,45,33,18,18,16,29,31,39,37,30,35,34,15,33,21,37,12,43,31,36,45,35,22,25,34,37,12,33,20,32,27,14,31,11,13,34,16,34,13,35,12,31,10,15,33,12,36,41,20,29,32,39,37,42,11,21,39,37,14,29,13,27,35,37,30,32,16,29,34,39,37,38,37,17,29,31,33,35,21,27,35,29,17,38,30,35,40,28,37,39,16,41,10,34,32,27,32,35,31,41,17,20,30,34,40,36,34,30,13,46,37,41,36,44,25,15,30,20,31,32,37,10,15,45,36,22,16,35,32,43,28,40,31,28,41,24,44,32,30,13,27,12,35,31,14,14,41,11,31,35,27,32,19,34,11,36,36,34,35,24,40,34,36,15,33,37,43,37,35,34,32,34,33,36,15,11,13,38,33,41,28,13,38,14,31,28,36,13,29,32,40,36,42,15,14,33,41,37,18,17,26,16,32,14,36,29,17,43,10,26,33,15,34,15,38,33,35,39,41,41,34,41,35,28,14,36,30,27,19,16,42,40,39,15,39,40,40,40,37,42,34,41,11,30,28,32,34,35,34,35,24,31,20,34,11,29,9,34,40,40,11,35,15,40,18,33,42,39,30,44,16,13,41,32,37,38,32,51,34,34,27,13,15,37,33,34,13,33,14,33,41,35,14,15,35,29,38,39,11,35,27,15,22,10,15,39,31,19,31,21,40,37,36,36,30,26,16,35,35,38,37,32,37,36,37,30,35,35,34,38,34,36,10,27,18,36,34,16,16,36,34,30,34,46,11,20,39,33,41,33,20,30,26,31,17,29,40,40,31,26,15,41,36,15,14,33,38,37,34,29,18,32,34,15,36,37,38,41,30,40,32,47,20,34,30,45,46,33,38,14,34,37,12,37,38,32,7,31,31,31,34,11,33,38,36,35,37,30,45,25,31,37,38,41,36,41,35,14,37,35,34,36,34,43,12,41,38,35,17,10,10,28,48,7,24,27,32,32,13,12,35,16,32,36,36,36,39,30,40,15,35,40,35,36,42,23,16,14,14,31,31,36,26,14,38,13,32,34,36,19,33,18,40,18,30,22,34,40,33,34,34,34,39,17,14,43,43,28,43,33,14,33,31,31,33,16,12,32,41,40,41,29,33,31,32,28,37,33,37,38,29,34,34,44,11,13,35,35,37,37,31,34,36,36,15,40,40,30,36,26,32,10,17,11,37,33,14,34,29,14,42,16,15,43,11,17,40,41,43,30,36,24,33,34,36,41,32,39,36,33,42,15,30,30,33,38,46,39,34,31,20,29,16,32,21,19,15,36,38,39,18,13,36,9,23,31,38,35,15,31,14,32,21,16,38,34,37,38,15,43,37,28,39,24,31,41,50,11,33,34,14,39,28,40,16,18,39,28,33,44,34,33,37,38,36,43,32,14,37,39,10,33,36,19,27,36,35,28,14,15,44,43,37,29,41,35,32,35,40,16,38,31,33,10,41,39,48,34,21,37,20,32,15,17,39,40,34,26,36,34,29,32,14,34,45,29,40,15,36,37,40,40,33,35,36,36,29,22,25,17,16,26,28,36,31,18,16,35,26,19,34,30,36,37,18,37,38,32,33,39,27,35,36,33,34,34,10,13,35,42,40,13,31,33,40,29,38,36,25,11,36,34,37,37,14,30,40,29,39,17,35,40,42,27,32,31,42,29,33,41,28,36,31,37,44,36,18,39,41,15,35,33,31,15,33,10,35,26,33,41,16,12,30,38,32,34,36,34,43,35,14,34,16,43,12,31,17,44,34,36,39,38,34,38,35,28,37,33,37,40,31,14,40,34,35,25,42,29,41,41,14,43,13,29,37,42,33,15,35,30,32,24,9,32,11,32,35,19,36,35,37,34,11,44,12,41,18,41,42,34,9,21,15,33,23,42,17,38,38,39,32,36,34,19,42,21,28,41,31,38,15,34,35,31,31,36,29,39,36,31,11,18,33,41,29,37,11,15,17,17,26,31,12,32,33,37,33,8,42,17,39,31,34,30,12,42,16,15,17,39,35,42,35,32,20,38,32,13,34,39,12,20,15,34,34,10,38,38,34,39,35,35,12,19,19,28,32,40,11,31,19,39,41,41,37,12,18,41,35,38,40,10,7,40,14,40,45,33,36,17,18,40,17,34,15,45,33,33,29,35,37,10,30,35,23,31,31,35,25,37,26,37,30,12,40,39,34,26,32,33,34,27,29,35,29,23,30,37,31,10,19,36,23
28,40,22,16,32,32,32,34,11,16,16,11,33,41,17,38,41,7,18,37,35,39,9,7,33,37,12,38,32,42,39,29,34,14,33,35,37,32,32,12,20,33,16,13,30,35,34,36,45,16,39,36,43,36,32,32,32,39,16,16,29,34,39,35,32,17,31,38,16,16,30,39,37,35,39,30,34,18,13,38,42,35,9,42,14,33,30,34,32,42,12,15,30,17,28,27,41,39,40,34,14,34,44,13,32,39,38,40,30,16,35,28,33,34,34,20,17,36,10,37,16,39,27,40,34,25,35,23,30,44,28,11,35,27,38,31,38,33,31,34,46,33,33,38,33,39,14,33,37,40,38,31,28,12,36,8,30,12,35,41,14,38,18,18,13,35,11,42,6,35,36,33,15,15,28,14,33,34,34,27,14,9,37,37,35,31,41,33,27,18,27,28,30,37,19,32,45,29,40,18,34,31,31,37,42,40,18,44,37,40,34,33,40,12,42,39,30,41,34,35,30,35,35,44,46,35,32,34,40,37,37,36,36,35,15,35,43,10,36,12,33,34,31,34,31,35,46,33,29,26,30,35,15,28,13,31,23,15,34,34,28,34,14,15,16,32,36,17,27,35,33,40,32,24,22,32,17,26,35,32,29,38,8,13,37,35,39,39,30,30,39,41,37,34,17,17,14,33,35,25,32,14,38,37,12,35,32,13,32,28,18,12,12,33,38,16,41,17,40,34,44,41,35,44,33,28,17,19,16,13,36,34,37,17,17,25,32,40,15,37,34,29,38,37,12,32,43,29,31,32,36,17,43,29,35,35,16,32,37,40,36,40,38,36,38,33,33,9,36,36,26,15,36,11,38,36,34,34,8,31,20,12,14,39,16,33,34,13,39,11,16,17,29,14,36,35,38,30,30,41,17,38,36,29,12,35,15,37,18,31,33,38,33,28,25,16,36,43,30,33,43,22,26,11,19,22,36,13,38,36,27,38,41,15,35,39,32,41,32,20,36,11,31,17,18,38,39,14,14,33,33,21,34,43,34,17,39,33,30,9,38,37,37,33,13,32,40,37,38,13,36,14,37,24,13,32,35,18,42,15,15,40,34,32,33,36,35,36,39,39,17,41,16,41,42,34,13,30,22,12,13,34,10,36,35,32,37,13,33,38,29,16,39,35,29,38,42,27,41,33,11,38,13,15,31,45,42,34,13,18,35,10,36,38,38,30,48,17,34,35,42,31,41,34,43,12,39,43,39,39,12,38,37,19,38,18,33,41,16,21,33,16,28,30,40,17,37,33,45,25,36,10,43,38,31,38,39,38,22,40,33,32,45,13,37,34,16,28,28,39,34,35,39,33,14,18,8,25,29,26,35,11,21,34,32,32,27,41,32,14,18,33,13,36,33,39,24,41,35,25,14,36,34,29,35,21,14,20,38,31,37,28,29,42,37,9,34,30,16,41,35,33,36,37,10,32,36,35,46,38,34,35,10,43,28,17,32,28,36,25,32,37,21,21,37,24,36,13,30,32,32,36,16,32,45,13,36,32,34,36,13,37,15,38,29,42,23,32,39,33,41,24,13,19,11,32,15,15,34,39,40,41,33,41,36,33,33,35,26,38,10,36,14,34,15,33,21,32,33,38,35,33,12,28,38,41,30,35,16,10,14,30,37,41,33,30,29,35,41,29,33,37,17,33,18,43,33,35,33,30,21,36,32,19,31,38,34,38,39,34,50,18,43,29,15,35,36,43,32,36,34,37,30,29,43,34,31,41,30,36,35,35,18,12,26,22,26,30,36,17,36,33,13,24,18,16,42,19,35,27,30,34,31,17,41,15,33,38,28,27,30,37,31,15,28,18,30,21,14,41,39,40,42,33,11,27,38,44,31,17,11,16,10,28,29,12,13,22,37,11,37,41,30,41,15,31,19,39,41,35,31,27,30,16,13,32,34,25,35,32,32,18,21,15,8,34,39,27,35,39,40,43,36,30,30,31,35,29,39,39,16,15,34,30,34,36,35,42,36,40,40,31,16,30,12,36,37,14,41,9,38,18,30,31,43,35,36,34,39,30,40,16,13,14,36,32,10,45,39,36,27,14,8,44,13,15,17,14,44,31,13,27,36,40,28,42,40,17,32,38,18,32,41,30,16,35,18,33,9,9,38,42,10,13,18,27,14,31,38,35,11,44,40,42,45,37,37,30,14,35,36,18,12,35,30,13,41,32,32,35,34,37,37,9,33,21,40,37,27,42,40,34,35,30,11,39,40,27,29,15
36,17,43,28,31,38,39,20,41,40,37,35,31,40,25,33,42,27,36,41,40,10,33,19,35,33,40,11,21,40,36,29,17,40,40,36,34,34,28,18,26,33,36,9,27,11,32,10,26,22,37,35,18,39,35,31,34,32,39,41,16,34,12,19,21,40,17,30,21,37,35,13,34,39,28,34,33,17,39,37,12,17,37,32,38,29,34,27,32,13,36,37,38,33,12,40,37,50,37,37,35,36,11,42,19,33,42,14,15,20,32,35,39,31,35,29,35,43,41,36,21,37,29,18,30,36,36,38,30,33,14,34,31,18,34,20,18,12,12,28,39,35,16,32,39,20,41,35,34,28,18,28,34,12,29,32,31,26,41,14,33,39,30,19,39,35,18,51,10,15,40,14,30,38,38,11,32,32,37,31,37,27,29,23,15,43,39,37,36,36,33,32,36,29,29,37,30,38,34,40,37,32,38,40,32,27,30,33,37,37,45,30,30,12,33,13,34,35,35,33,7,41,17,35,13,37,33,36,13,40,30,30,31,30,36,50,34,42,36,32,17,34,32,15,32,27,31,34,32,37,39,41,38,39,31,12,17,30,41,32,40,32,42,11,18,19,19,32,17,38,16,27,38,27,40,34,25,34,40,13,37,35,39,34,19,38,35,38,33,33,40,15,7,19,36,35,31,41,29,37,42,39,28,35,37,15,36,40,15,15,30,36,37,42,21,30,44,25,37,34,17,31,31,33,16,28,12,30,30,31,30,35,30,35,39,30,28,39,18,36,43,39,16,31,43,36,34,23,35,19,38,37,15,29,32,32,40,30,33,14,34,36,18,12,12,30,15,20,34,28,36,35,21,34,45,37,42,38,43,24,13,33,35,44,37,36,35,13,27,35,37,46,35,8,20,42,35,21,40,9,30,36,45,32,37,36,30,22,10,32,32,33,29,34,14,40,35,35,41,15,26,25,30,18,35,14,29,37,37,15,10,13,13,32,41,36,38,15,35,34,32,34,41,32,30,34,34,27,33,33,40,33,11,46,33,30,34,42,31,7,36,30,39,37,37,35,38,35,32,39,36,43,16,44,9,34,19,33,38,41,26,36,32,36,27,36,16,36,33,36,14,35,36,31,18,20,26,16,16,16,12,38,32,37,35,42,44,33,39,30,34,32,20,35,10,25,44,40,34,40,22,15,19,34,19,35,34,32,29,20,35,33,15,9,33,37,9,35,31,35,19,31,37,39,31,29,33,31,31,39,8,37,34,33,17,12,37,32,45,9,38,22,36,34,17,32,43,25,44,36,26,29,20,16,41,32,13,44,32,30,39,37,12,34,13,12,35,39,31,31,36,45,27,38,13,17,35,28,14,37,15,39,29,32,32,32,35,11,28,32,16,34,39,17,41,12,32,37,14,39,42,32,36,34,39,42,31,35,32,22,36,39,37,13,35,23,18,34,20,19,36,25,34,29,40,19,36,12,36,52,34,31,34,20,36,15,11,33,32,35,30,33,30,33,37,40,43,32,31,49,34,43,30,41,33,26,15,34,31,30,33,33,36,32,18,16,36,14,34,31,12,31,30,17,31,31,37,36,35,40,25,36,42,34,36,40,39,11,30,34,31,39,34,13,28,37,47,17,33,36,18,37,34,37,38,37,36,31,33,29,32,36,34,30,17,38,37,17,38,33,35,18,33,38,37,38,42,35,42,41,36,31,40,35,17,14,34,45,30,31,35,33,37,17,38,39,31,34,38,41,15,34,36,35,26,40,33,35,28,12,18,37,32,35,33,14,36,40,28,44,44,19,13,16,36,37,39,42,38,35,28,32,10,36,31,18,36,13,32,38,35,36,13,30,40,16,28,15,37,36,23,39,41,40,35,37,34,34,31,16,41,34,43,38,42,10,38,33,39,31,10,38,33,37,28,30,29,35,34,31,12,16,44,40,31,12,36,33,37,19,8,35,35,39,35,15,20,33,17,30,35,20,41,33,40,32,19,32,35,32,40,36,39,10,18,40,44,11,33,14,41,35,30,40,35,12,13,34,28,34,42,37,20,19,33,37,30,41,29,31,37,42,26,13,15,18,27,38,17,39,25,36,39,41,35,20,37,38,30,19,36,12,34,30,38,37,32,36,30,37,17,31,27,26,38,36,21,15,32,38,35,36,33,16,14,33,40,41,12,31,16,34,33,34,31,10,15,29,14,41,38,34,35,11,39,37,21,41,41,31,38,47,39,35,35,24,33,31,11,12,20,18,39,9,15,37,36,12,34,32
36,15,33,31,17,14,39,30,43,41,33,41,27,33,14,42,33,13,44,36,18,33,19,9,17,46,39,16,15,39,35,26,37,33,17,36,34,37,15,26,35,36,10,15,28,35,39,30,19,13,36,35,11,9,12,41,15,28,38,19,33,37,42,35,31,31,36,30,16,17,39,32,30,19,11,45,34,39,44,32,45,14,11,31,36,48,37,28,39,39,16,17,31,28,33,30,34,39,41,32,15,44,35,17,41,31,45,35,32,16,28,32,34,33,15,15,41,33,29,36,34,39,29,35,29,35,26,30,36,14,38,29,32,31,30,39,34,41,42,46,14,18,40,30,8,15,37,41,32,35,32,40,36,38,36,6,38,37,12,36,21,28,36,27,45,42,34,35,33,11,45,35,38,43,36,33,39,36,36,36,15,34,38,40,13,42,32,38,41,36,40,18,29,12,36,29,38,29,34,27,28,36,32,33,38,45,35,39,27,9,29,36,34,39,36,9,35,44,24,35,32,26,37,38,13,36,41,6,17,38,33,27,20,16,34,23,16,37,29,20,31,35,21,40,40,17,35,38,18,23,39,17,36,30,38,13,28,13,26,35,34,17,36,39,38,50,42,14,35,36,35,12,9,30,38,20,35,37,39,16,31,33,32,19,42,34,11,45,38,39,32,14,43,17,44,33,28,40,10,18,48,35,30,29,35,39,16,42,28,37,41,37,14,29,32,27,15,29,36,38,40,30,34,29,37,36,16,29,13,36,33,9,22,36,30,40,12,10,29,32,13,30,37,32,11,36,15,32,13,27,41,22,28,32,38,40,43,27,14,13,36,20,35,27,36,31,39,21,38,29,13,14,26,13,33,35,29,29,31,30,31,37,14,39,36,13,12,32,33,41,44,28,40,40,32,10,31,30,8,43,32,41,37,11,17,37,18,32,15,34,14,41,39,13,33,38,42,33,29,35,38,26,27,36,14,17,34,20,32,38,27,33,37,22,29,31,26,33,13,38,15,13,43,34,36,34,31,38,23,10,31,30,29,35,42,33,40,36,37,7,41,11,44,31,34,33,10,43,15,21,40,33,11,20,32,16,19,28,35,28,46,33,33,19,33,39,37,30,29,37,11,37,35,31,43,34,35,27,43,32,13,40,25,40,22,39,20,38,12,37,35,37,34,38,34,36,37,38,41,32,37,46,37,35,34,37,32,28,37,15,18,12,16,28,39,19,35,14,32,12,32,28,40,13,41,33,31,35,34,40,40,11,22,17,36,14,26,33,26,45,16,30,14,32,35,33,25,16,33,35,15,41,31,15,39,33,32,38,32,33,42,16,31,33,37,33,37,29,46,23,13,33,35,30,33,31,10,40,35,41,19,38,38,26,19,28,35,39,39,32,40,6,33,34,40,13,30,31,31,18,40,33,34,14,40,40,8,32,26,33,9,33,26,34,36,34,32,40,15,43,36,42,43,38,30,34,41,10,38,28,37,43,36,36,44,34,39,35,12,30,33,22,12,18,12,34,23,32,36,11,29,32,16,21,13,17,43,31,37,29,43,31,19,32,37,33,30,31,33,35,10,33,18,31,39,29,43,16,33,39,36,17,43,29,13,13,25,34,35,13,38,30,37,9,34,39,36,42,37,46,40,36,13,41,30,29,27,35,36,38,19,41,37,40,15,37,34,15,36,37,31,36,25,13,38,29,39,41,35,43,32,17,35,38,29,40,12,36,42,40,11,32,38,33,39,14,35,29,16,44,36,28,16,31,32,28,34,16,10,40,32,30,40,35,40,33,33,34,30,40,34,37,31,22,14,39,40,31,27,31,33,27,30,39,12,29,41,29,32,33,35,34,41,36,44,14,31,37,38,16,13,35,24,32,40,32,39,17,36,29,35,30,34,35,38,35,30,14,33,25,37,29,35,30,30,11,36,11,27,12,41,41,31,29,34,27,43,30,36,37,15,31,37,33,46,35,35,32,39,39,22,35,26,34,32,40,33,14,27,39,35,37,29,12,34,37,35,16,45,34,31,32,14,38,27,15,40,8,18,11,43,27,29,37,34,37,36,37,21,35,39,38,35,13,35,38,35,36,31,32,32,16,11,32,31,30,31,33,27,33,37,38,32,38,30,34,33,32,22,33,30,32,31,35,20,26,35,42,44,25,38,44,40,16,19,44,30,31,36,33,17,31,13,17,29,30,41,30,37,16,13,19,32,30,15,11,29,15,42,24,12,41,36,35,45,43,33,40,40,15,29,13,37,35,41,15,48,21,11,47
31,39,40,18,32,37,38,34,45,36,37,33,36,43,32,36,37,36,41,38,33,33,17,17,32,36,33,29,38,19,33,40,41,30,19,47,17,43,28,35,30,32,40,35,15,34,29,11,33,30,32,40,27,34,43,14,23,43,45,35,41,38,13,11,36,29,15,38,38,33,38,35,11,37,18,42,36,39,37,46,33,35,15,32,40,42,29,13,15,35,35,18,41,36,40,12,41,20,31,15,19,38,22,15,37,38,25,16,31,38,19,37,42,19,33,44,31,41,16,36,15,34,35,30,17,30,25,38,36,37,44,33,33,35,20,10,41,34,41,26,43,13,26,42,13,37,37,13,36,31,21,34,41,37,35,28,9,37,40,38,40,34,31,42,15,26,29,34,35,34,32,34,16,41,36,37,32,30,19,37,10,34,31,32,38,36,18,40,37,43,12,19,42,46,20,37,34,27,27,11,37,15,14,11,13,35,31,32,35,22,36,38,41,15,40,34,36,42,37,38,36,40,33,39,36,37,27,13,38,40,19,31,32,31,35,40,15,15,35,18,38,17,36,16,28,34,30,35,36,34,13,37,30,34,30,37,32,13,39,32,29,11,32,35,37,37,39,16,29,28,9,16,16,34,36,33,15,38,30,38,40,38,31,22,37,36,39,46,35,28,29,14,36,31,42,33,29,40,18,41,14,35,15,18,33,24,35,34,31,40,30,41,10,18,36,43,27,34,43,38,40,41,14,37,31,33,30,33,35,35,14,11,20,35,38,33,40,26,34,26,33,28,26,17,42,13,43,28,15,33,24,29,38,36,33,34,30,42,32,11,32,34,20,14,38,43,18,43,18,34,15,19,27,27,13,42,38,12,38,37,34,43,30,30,44,14,9,32,46,15,12,41,32,17,39,45,39,38,9,16,27,11,17,29,42,38,37,16,35,10,37,29,13,16,35,32,11,10,38,40,12,44,27,31,35,35,40,16,27,33,27,36,17,31,20,20,33,38,33,15,14,42,37,38,15,34,36,39,35,25,38,32,29,36,34,34,27,40,38,41,35,17,38,28,40,18,34,28,34,29,44,30,37,27,30,16,13,42,40,38,11,12,30,38,45,16,44,40,36,34,38,13,38,38,32,42,33,34,16,40,16,29,11,18,41,37,32,32,40,35,31,34,35,36,39,41,32,10,15,35,42,36,37,25,18,11,34,34,42,36,31,31,13,14,36,35,36,30,17,36,20,13,38,27,39,21,32,44,42,33,36,27,20,19,42,33,34,22,41,12,15,37,29,17,29,27,28,41,30,33,32,30,10,37,38,16,35,29,33,40,33,36,38,34,34,16,11,43,33,26,28,30,36,41,32,36,35,38,29,32,44,35,41,36,33,36,34,35,34,29,11,39,37,38,32,41,16,38,13,31,33,14,42,36,33,33,33,31,16,40,9,13,40,36,14,34,28,17,37,30,23,38,14,16,22,17,8,32,40,18,40,17,40,35,14,28,30,43,32,21,17,40,30,41,34,31,40,24,27,40,37,38,35,20,35,42,30,15,27,29,41,43,39,11,14,11,11,32,15,16,23,38,30,43,37,36,43,30,33,35,11,28,32,37,40,37,37,37,22,12,31,32,37,35,30,46,33,39,37,38,19,16,23,38,13,37,41,35,33,37,19,34,39,37,15,36,35,36,36,44,28,41,30,11,41,32,31,14,17,17,28,17,13,31,36,38,31,37,36,26,37,16,18,44,34,39,35,16,17,32,42,17,13,12,17,29,37,34,36,31,37,13,33,40,27,30,46,31,34,15,19,32,36,16,32,32,20,19,36,34,12,17,19,39,18,39,10,44,12,27,40,33,34,13,30,21,31,33,32,11,13,12,33,44,16,35,36,35,35,27,32,34,35,35,17,38,38,21,30,44,33,37,19,37,19,14,31,14,29,37,32,35,38,41,33,15,28,34,36,19,16,20,37,16,12,18,30,31,21,36,42,46,32,26,13,43,27,28,35,26,36,34,16,26,29,36,35,14,35,39,35,39,29,11,36,32,35,33,12,35,40,36,29,16,38,36,14,24,12,38,34,17,34,44,36,31,36,37,35,36,38,39,32,30,31,27,12,32,38,40,36,10,21,16,45,38,13,34,39,41,33,35,38,35,34,17,38,40,37,35,35,28,12,30,16,39,9,41,33,48,45,33,27,38,33,35,40,34,27,36,36,26,16,31,35,14,35,41,28,38,31,35,40,37,30,41,36,34,16,32,42,9,36,29,15,11,45,40,35,33
35,28,36,30,32,18,36,18,20,13,39,11,19,34,31,39,32,35,31,40,37,29,36,40,35,31,36,39,37,18,30,34,6,29,17,12,23,37,15,39,38,41,44,35,29,45,34,32,11,40,9,31,36,26,11,13,11,39,31,22,31,38,31,44,11,13,36,29,27,37,32,34,32,39,15,11,26,18,34,28,35,14,32,37,32,34,15,42,11,29,17,38,33,14,35,34,33,41,35,32,13,35,39,31,33,13,17,19,14,11,40,20,26,37,43,11,35,34,39,42,45,42,42,32,36,18,13,31,15,46,41,28,31,44,33,39,39,29,33,30,35,40,39,37,35,26,37,15,14,34,15,34,38,35,32,14,13,44,41,33,37,15,38,35,35,38,12,36,43,36,42,11,15,37,37,15,36,40,33,15,11,47,35,26,40,15,31,13,34,33,30,37,11,18,44,41,31,43,23,32,36,41,17,41,31,40,29,30,37,12,18,41,35,40,32,25,33,37,15,37,32,33,12,31,37,41,32,31,41,34,38,15,30,42,37,36,35,13,37,17,14,39,38,45,36,23,32,33,16,33,43,36,31,31,40,10,39,14,30,10,36,28,41,21,44,34,37,31,17,18,35,30,26,37,31,42,28,36,41,29,31,34,31,38,42,13,39,16,36,31,31,17,35,34,34,16,23,35,38,33,12,37,14,41,31,28,41,36,35,40,15,39,32,17,29,34,37,21,37,36,17,32,33,23,41,36,19,31,37,31,31,31,32,28,43,34,30,22,14,14,31,36,33,18,31,17,36,33,40,30,30,30,39,30,26,12,15,34,35,21,13,43,33,42,35,9,34,31,20,36,34,43,37,38,35,38,40,32,34,28,32,35,43,31,35,27,14,36,23,41,35,40,15,34,11,11,35,34,42,38,33,14,35,37,37,36,20,32,31,30,15,37,7,36,30,31,43,36,27,31,37,40,35,36,36,18,16,13,13,35,43,28,37,38,30,34,33,37,18,14,40,31,31,34,27,23,17,15,39,36,18,40,19,37,37,40,30,35,28,30,40,35,14,41,35,30,36,36,26,33,33,37,34,39,19,45,42,28,16,9,17,34,17,11,19,46,40,33,30,33,38,34,40,38,39,36,29,35,37,32,17,15,20,40,31,29,34,36,26,34,27,38,37,42,28,38,38,27,20,17,37,34,34,36,31,43,46,35,39,28,15,12,30,15,12,29,26,34,15,11,37,7,38,37,13,34,39,38,39,41,39,15,40,34,34,37,28,38,39,31,28,17,39,10,40,37,41,39,36,32,14,28,15,40,31,30,31,38,15,34,33,19,26,38,42,33,31,13,19,44,25,41,33,31,14,30,33,40,26,21,11,34,39,22,40,30,31,11,31,35,8,23,24,34,40,43,13,27,33,48,40,34,29,37,35,33,37,12,11,11,11,15,17,42,47,37,35,36,43,43,37,40,30,38,35,37,43,32,31,29,35,33,35,33,13,33,37,16,36,49,20,25,38,35,35,39,28,30,26,31,17,15,18,40,27,34,40,38,37,10,35,44,36,38,40,35,19,40,37,34,34,20,33,33,33,34,34,14,13,15,15,15,40,15,29,34,38,15,20,35,30,36,25,30,39,40,20,35,32,44,30,40,35,17,14,10,28,26,14,33,37,37,36,31,36,33,35,17,16,14,42,35,17,16,36,39,18,31,14,33,30,39,17,38,20,37,31,34,10,38,32,27,35,39,34,9,38,38,31,18,33,12,42,38,17,33,37,26,33,31,27,32,27,34,32,41,17,29,31,10,13,28,41,33,13,29,45,36,15,29,28,17,17,38,29,34,35,26,34,35,17,29,32,9,35,34,24,30,41,30,40,38,30,37,22,46,43,38,20,32,25,37,38,32,37,39,33,31,35,43,43,34,27,16,34,35,28,28,34,18,39,22,39,35,13,15,38,10,33,34,18,34,37,35,38,29,34,30,18,37,35,31,22,39,34,29,15,36,33,8,40,40,31,37,36,36,16,41,33,37,38,19,37,37,37,26,15,42,21,33,18,13,12,37,30,35,32,46,38,10,34,45,31,31,29,30,38,32,35,41,43,29,15,37,34,33,32,13,33,17,29,41,22,17,38,42,30,30,31,32,40,35,34,12,32,14,33,29,14,43,16,40,35,13,33,39,20,48,36,34,21,36,38,36,31,12,35,35,18,39,28,35,40,38,16,38,19,30,39,19,13,29,38,35,34,36,38,32,32,38,38,33,12,28,13,39,35,37,34,34
29,32,35,34,35,44,37,29,30,40,36,15,10,32,36,36,32,35,18,17,38,29,14,27,44,37,13,43,11,30,15,40,37,31,33,11,37,35,33,31,36,22,41,36,35,16,30,19,27,40,26,41,33,21,9,34,29,35,33,12,14,17,29,36,18,33,20,37,9,40,27,30,38,10,18,38,36,31,40,37,37,8,19,32,38,39,34,16,32,25,40,33,31,36,39,13,46,39,40,13,43,35,32,19,37,33,30,33,43,31,32,17,39,13,42,23,35,33,31,36,38,46,11,37,11,27,31,46,32,37,30,23,33,38,36,33,37,43,33,34,42,13,43,31,35,14,40,37,36,39,38,33,37,35,18,26,32,38,33,37,28,24,14,39,30,32,32,24,32,29,14,20,15,39,31,35,22,15,12,33,30,40,10,26,28,39,40,34,36,17,42,33,36,33,39,36,40,38,31,43,42,36,21,39,41,14,33,41,38,27,13,36,12,36,29,38,36,15,13,10,36,35,16,13,34,29,45,37,45,16,46,34,20,32,32,32,37,13,27,17,40,28,34,13,37,13,11,35,36,28,30,29,30,37,36,43,34,38,36,16,31,29,39,32,29,17,33,37,34,42,36,29,37,32,32,37,18,37,42,13,29,32,17,38,15,36,16,32,40,27,18,34,39,9,30,40,35,33,13,31,12,32,30,36,12,13,35,41,40,34,32,37,44,35,13,19,31,31,13,29,36,40,20,33,25,14,17,16,35,17,34,11,26,34,39,19,14,15,31,28,30,18,35,22,32,40,44,34,31,38,20,32,41,40,33,25,11,38,35,31,42,44,37,7,31,36,35,32,30,22,44,41,37,27,38,38,37,41,19,35,18,45,20,35,32,41,39,34,31,32,30,42,12,29,36,39,39,31,35,13,34,12,17,33,38,36,44,45,19,9,33,40,43,14,37,34,42,16,40,12,41,33,34,41,36,6,32,30,11,12,16,29,36,29,13,31,37,17,35,16,12,32,34,34,39,19,35,34,45,32,33,38,30,15,42,22,34,32,14,32,34,13,29,38,34,30,17,14,43,36,20,19,23,33,33,32,41,35,15,44,14,34,33,38,40,35,12,29,32,38,29,42,9,35,42,15,43,33,27,31,32,14,35,38,31,37,34,12,35,34,34,16,17,39,14,11,39,38,12,18,14,12,42,16,31,31,40,41,16,35,29,33,30,32,33,38,15,34,30,17,41,36,35,30,33,36,31,38,40,14,18,33,34,41,16,38,37,11,34,15,43,19,28,31,34,35,34,36,22,15,31,24,39,17,37,38,32,35,30,20,40,18,31,43,32,10,40,39,40,35,27,45,34,34,30,37,36,37,34,41,28,31,34,16,30,16,35,10,38,12,15,16,32,34,40,37,35,48,28,37,41,15,27,27,19,35,38,36,36,46,38,39,34,35,40,34,20,29,14,34,15,28,33,14,37,20,38,38,34,37,34,36,30,42,29,29,37,32,14,18,37,49,39,36,21,33,36,34,38,40,39,32,25,34,32,37,17,27,25,35,37,41,10,15,35,32,40,14,33,16,39,29,16,20,31,32,11,25,32,32,35,30,32,27,37,33,37,36,15,32,38,19,36,30,34,38,11,39,34,25,31,30,30,36,15,32,38,33,20,33,29,28,31,36,41,46,17,15,48,37,32,35,45,32,29,39,41,36,13,30,34,31,39,39,32,40,35,34,16,14,28,37,16,10,35,29,34,34,20,35,14,30,32,17,41,17,35,27,36,36,33,33,35,39,34,16,15,17,39,37,15,32,37,33,27,32,10,12,12,20,34,22,34,35,33,30,40,26,16,12,39,37,34,36,36,32,25,31,30,35,35,36,29,41,34,38,37,13,37,21,12,39,16,17,13,30,37,19,10,37,12,27,30,33,18,38,33,33,38,20,48,42,13,29,12,28,35,46,15,42,15,29,31,30,38,35,36,43,17,30,33,28,23,17,42,33,40,9,34,37,33,40,33,40,36,25,34,38,37,43,40,15,32,40,36,36,16,36,17,9,16,40,36,33,20,45,16,41,30,33,34,30,32,25,40,35,14,33,18,36,34,9,35,33,33,39,32,31,38,41,39,42,34,28,33,41,37,39,35,38,39,35,30,25,36,34,17,37,12,13,30,12,30,32,32,39,29,41,22,31,31,32,37,33,33,14,22,12,31,45,35,31,33,35,26,35,13,19,39,32,29,15,13,41,39,16,39,33,33,40,32,39,36,14,39,35,26,32,29,39
34,40,34,40,39,14,12,29,29,34,30,35,30,35,35,39,43,34,15,26,18,32,26,40,33,18,14,12,13,35,19,40,18,14,41,30,31,38,40,43,36,37,41,16,36,14,35,16,21,36,42,40,12,27,32,12,37,30,36,33,21,22,36,13,9,38,38,36,35,33,35,37,45,32,14,41,13,28,25,31,33,8,15,19,39,35,34,22,32,32,33,35,32,19,41,36,36,30,39,40,38,35,38,31,11,14,36,9,43,39,27,32,36,30,19,36,37,17,43,29,37,42,33,19,33,20,24,38,32,14,15,12,15,36,28,36,35,35,13,40,32,31,21,35,40,38,15,38,27,38,17,13,37,36,29,19,40,32,28,33,35,44,24,27,16,32,28,17,17,34,36,39,17,36,11,18,36,12,33,36,33,31,37,13,20,39,33,36,27,29,28,34,40,18,11,36,34,32,11,34,7,36,10,17,40,45,41,33,40,37,39,11,28,35,32,19,38,16,43,17,34,12,44,8,37,16,21,35,30,15,13,37,39,18,46,36,35,14,37,37,13,36,37,32,29,14,15,34,18,41,31,14,31,35,14,38,13,11,35,34,29,35,33,35,43,37,13,30,25,38,26,34,37,12,39,16,31,26,34,15,17,36,29,35,30,39,11,30,33,42,34,38,39,20,42,15,35,13,38,33,34,11,32,27,17,11,28,15,30,36,38,39,30,29,29,39,37,22,23,18,29,35,11,20,41,13,37,38,35,14,38,35,34,35,33,23,37,35,44,30,41,25,33,37,37,37,28,12,41,37,37,11,43,16,19,40,36,39,32,31,43,26,46,29,19,41,37,32,16,27,39,35,33,34,25,34,38,10,31,33,17,40,41,16,36,11,43,35,12,16,10,28,37,39,37,10,35,37,12,36,33,32,18,22,43,15,35,43,32,32,33,28,34,35,40,33,37,39,20,32,29,37,8,36,37,34,32,17,39,33,13,27,13,26,14,14,33,35,12,15,33,32,32,11,33,11,28,43,30,15,13,31,35,33,39,25,40,36,31,34,34,42,31,43,15,36,41,41,38,34,35,26,44,42,18,36,38,13,29,40,34,16,22,42,13,13,10,31,32,36,31,39,34,15,13,39,12,35,15,42,16,17,31,26,34,37,31,34,21,36,31,32,17,32,37,38,30,41,42,30,14,32,34,33,14,16,34,36,29,41,39,41,37,38,38,32,31,33,14,37,33,20,35,19,51,38,14,39,30,35,32,16,31,12,36,14,38,39,19,13,37,13,33,14,40,31,38,15,35,40,34,35,40,18,35,38,34,34,30,29,40,43,45,37,41,35,29,31,35,35,9,14,23,20,14,36,10,36,43,15,37,34,39,39,37,28,12,34,35,39,32,36,16,31,13,14,37,37,38,34,36,33,39,41,32,37,17,41,10,33,18,43,33,36,38,16,32,32,20,18,15,40,42,33,29,17,28,35,9,34,30,16,32,14,27,16,35,32,27,37,38,41,15,37,9,17,38,34,38,14,37,36,17,12,10,30,42,9,38,26,10,40,7,38,33,14,33,34,29,39,40,13,15,33,34,41,9,30,29,33,20,31,35,36,12,18,27,33,18,36,32,38,37,40,37,28,16,30,30,23,35,26,33,39,15,18,35,37,43,40,40,33,15,42,30,41,19,17,23,38,11,32,17,34,39,34,33,32,11,30,21,22,40,33,36,39,31,32,35,31,35,34,29,20,29,42,13,44,36,41,33,34,34,11,29,41,33,14,31,10,42,37,34,11,40,40,34,32,18,31,35,32,36,35,34,17,17,40,12,33,36,30,41,17,34,37,31,33,42,27,42,37,37,33,26,37,38,36,36,17,30,38,11,31,42,29,44,40,36,38,25,36,13,31,30,42,36,40,42,21,14,34,34,30,35,27,11,19,39,18,38,29,38,33,30,13,17,36,35,26,31,40,29,34,32,34,52,45,15,19,37,12,39,42,32,33,36,20,35,23,39,34,33,35,30,43,33,32,6,31,12,13,32,30,34,13,34,36,31,34,27,33,16,36,30,35,32,17,40,17,15,29,38,24,12,32,37,13,32,40,18,31,39,32,8,19,43,40,30,35,39,37,7,29,36,47,33,42,37,14,31,36,40,36,11,13,35,31,44,11,20,28,13,29,27,38,10,36,49,12,30,12,32,15,32,10,18,38,45,37,34,24,31,21,37,35,32,9,33,12,42,33,28,34,34,32,21,17,39,33,14,32,31,39,31,44,33,34,27,43
13,34,14,43,36,28,38,42,21,14,37,17,19,21,15,12,24,17,26,38,15,35,28,37,30,46,41,35,42,15,12,30,35,32,16,33,15,31,37,20,22,32,36,38,38,31,41,12,29,27,28,33,38,18,30,42,48,18,42,30,40,36,26,38,39,31,29,18,35,12,13,17,36,32,34,41,33,36,32,10,41,38,32,31,20,28,35,28,37,29,29,37,35,20,35,39,16,31,31,43,15,32,34,27,36,35,17,18,9,36,33,26,34,35,15,15,36,16,43,33,30,12,34,29,33,36,22,45,12,45,8,45,12,34,32,38,36,18,34,38,26,38,36,36,28,40,39,38,14,18,39,36,35,13,30,27,12,14,30,33,31,34,29,17,40,31,29,13,37,29,35,43,14,35,32,16,36,32,34,42,22,14,21,11,39,33,14,31,35,42,28,41,27,35,14,46,36,12,36,40,31,43,36,31,31,10,38,29,21,38,31,36,37,15,12,13,44,29,44,35,35,38,38,17,37,42,33,19,32,44,41,18,40,32,42,31,43,13,30,42,41,12,14,37,39,18,34,35,43,29,11,41,32,35,8,30,15,40,30,36,42,41,36,28,29,44,38,38,36,33,42,24,39,35,34,18,37,35,36,14,23,38,28,40,33,34,34,13,15,38,31,40,18,37,23,15,44,35,30,46,41,15,30,14,31,23,38,33,40,33,29,29,18,39,38,38,38,37,36,9,37,40,40,34,39,36,27,18,43,42,30,33,39,15,35,35,35,42,38,37,34,39,18,39,14,17,40,32,33,34,34,34,16,32,32,34,40,28,35,29,36,43,34,12,47,29,35,33,32,39,25,39,36,15,21,29,22,31,30,36,35,34,18,35,38,42,28,41,33,16,26,33,31,33,15,43,31,36,31,43,29,32,18,30,37,40,28,35,32,32,34,41,33,32,36,13,35,11,23,34,36,12,43,14,33,39,41,38,12,16,36,20,16,37,12,35,17,38,33,33,34,32,40,42,11,36,38,36,32,39,30,30,22,19,35,33,36,43,35,24,15,34,37,19,29,17,13,36,42,33,39,34,35,37,13,42,18,36,34,29,38,38,14,34,33,27,41,37,41,41,37,31,35,29,37,37,34,33,31,12,19,39,35,30,29,14,39,21,16,14,39,35,35,39,39,28,36,24,14,40,20,36,36,38,7,16,35,39,35,37,11,17,39,30,34,35,33,41,38,28,12,42,39,35,35,11,41,38,39,32,31,32,40,41,16,34,41,12,35,42,24,38,42,51,46,17,40,36,37,33,31,35,39,11,17,37,15,8,32,32,36,33,47,31,32,36,29,10,36,30,35,34,29,38,29,30,21,34,40,42,38,17,31,40,35,27,10,16,46,42,27,41,34,13,20,34,37,32,38,25,36,31,32,29,32,35,38,29,15,15,9,31,35,20,40,28,32,32,18,14,41,46,28,31,38,34,37,37,26,34,32,38,16,27,37,35,14,39,41,28,32,27,28,35,40,28,29,14,35,15,32,25,39,35,36,39,32,31,30,33,39,9,33,14,12,40,37,16,35,29,11,38,34,43,9,33,12,11,37,11,15,32,14,25,33,30,39,31,34,38,18,37,35,37,18,34,44,31,40,18,15,9,36,17,35,35,17,36,34,41,19,14,42,13,43,15,36,20,34,42,37,44,32,12,32,34,30,20,12,45,26,31,41,23,18,37,31,30,31,12,35,39,38,12,36,35,38,29,33,39,13,18,14,8,37,27,34,31,40,16,35,28,17,39,38,14,41,28,35,11,12,34,36,15,38,31,19,28,37,17,14,17,30,36,41,11,10,15,37,34,19,10,44,26,40,37,41,32,21,36,38,14,25,41,40,38,37,43,34,23,13,45,41,26,29,32,41,12,20,34,14,45,39,19,32,28,14,39,44,10,31,17,36,36,29,36,14,38,32,41,18,7,19,33,16,16,25,44,29,14,16,40,31,34,42,16,34,38,36,14,37,30,32,37,42,17,31,13,45,47,40,15,30,25,41,38,15,31,14,35,19,34,32,31,33,32,35,35,42,31,19,36,41,30,10,31,31,16,41,38,32,35,27,37,28,15,30,35,11,38,34,31,27,28,35,31,35,23,13,17,35,12,27,24,19,21,38,17,39,10,16,35,12,34,33,19,38,12,38,43,13,34,31,17,33,31,19,35,30,15,28,38,43,32,7,17,31,35,32,34,34,32,33,35,16,29,21,36,18,39,39,46,37,32,10,45,35,30,17,37
29,26,28,34,19,30,16,18,42,36,34,18,11,15,35,27,16,35,16,13,33,19,28,43,31,34,32,19,40,42,16,27,41,20,38,33,32,36,30,32,15,31,14,44,44,15,28,30,39,35,43,32,8,37,35,29,36,19,45,37,12,29,35,29,32,28,35,30,33,30,35,37,32,36,14,31,41,14,29,26,33,17,36,40,21,14,15,40,44,35,42,36,22,17,14,32,47,34,11,39,39,30,11,10,21,12,37,32,38,36,30,39,13,36,36,34,38,39,34,30,40,15,15,45,40,43,38,42,13,37,9,37,12,38,29,33,36,41,36,35,15,36,35,25,37,37,38,35,30,12,35,11,18,9,31,32,36,39,38,32,37,43,35,36,20,41,17,36,41,41,12,16,15,32,38,38,34,36,30,38,30,36,16,29,28,40,37,18,12,42,35,36,38,19,32,38,35,21,30,32,13,39,27,41,36,31,36,35,13,21,36,30,31,40,37,40,33,36,38,29,39,31,27,29,9,32,39,37,38,42,23,33,41,45,38,40,41,18,41,24,42,17,8,36,16,36,11,39,43,16,15,14,15,41,34,40,41,38,35,34,29,36,32,33,38,34,20,36,15,14,22,18,33,39,35,36,35,45,14,35,34,37,13,30,39,37,36,39,37,39,10,26,32,37,35,29,21,35,25,32,33,38,36,37,25,39,34,16,30,41,30,40,26,43,41,31,16,40,49,13,39,37,33,25,27,34,26,36,33,37,33,35,17,11,19,42,22,32,12,30,32,33,35,30,40,33,18,38,15,34,30,34,32,31,36,37,35,14,39,11,32,18,36,40,34,34,30,17,32,33,42,15,28,34,39,25,28,40,39,14,8,31,33,15,33,33,32,40,23,39,28,10,39,42,38,27,8,31,28,14,28,33,16,36,41,17,27,31,40,40,42,31,32,17,37,42,21,27,15,27,38,45,9,40,32,29,39,31,29,36,40,38,31,43,13,36,39,27,18,26,36,37,35,36,33,16,35,26,41,42,32,37,40,24,14,30,32,37,19,33,32,34,33,41,27,20,35,34,37,33,36,12,47,36,33,6,41,32,21,36,39,15,16,41,29,42,14,10,33,13,23,39,38,12,30,33,40,37,40,34,27,35,16,39,18,40,39,28,17,34,30,15,16,34,31,14,29,35,41,21,38,35,32,40,33,39,23,31,35,38,35,38,40,40,37,13,14,31,39,28,43,16,23,37,35,36,31,28,33,37,14,40,31,37,24,18,14,30,32,35,29,29,18,36,31,36,44,31,15,31,35,21,31,18,33,33,36,35,26,39,33,33,37,27,39,19,32,34,12,36,11,34,38,27,37,33,10,43,13,30,15,44,30,32,37,36,18,32,33,35,31,14,15,36,25,36,36,39,27,38,54,35,41,37,35,28,35,34,42,46,33,16,9,34,34,38,29,35,13,10,41,37,37,35,32,30,34,15,40,33,32,36,40,29,40,33,10,33,40,35,37,31,36,33,16,34,44,28,40,22,27,35,45,35,39,15,38,15,27,39,15,35,35,11,14,35,36,39,32,38,46,14,40,37,32,11,38,27,17,31,37,41,30,36,25,34,17,39,33,37,30,9,15,14,26,38,40,34,28,47,37,40,25,42,38,28,38,38,15,40,33,36,11,9,35,35,16,31,12,17,27,31,34,45,39,36,25,29,29,39,14,14,40,39,33,27,32,49,32,32,36,31,39,26,31,38,37,31,10,12,47,31,34,39,30,16,37,38,40,36,30,35,17,30,40,10,8,14,37,40,37,37,12,13,26,31,27,43,32,17,31,41,37,16,29,33,34,39,30,12,45,30,40,44,34,8,42,42,23,23,26,30,10,41,18,39,38,39,37,31,10,31,29,11,24,32,33,32,47,32,34,28,23,39,13,40,35,42,29,33,41,34,10,30,34,30,37,34,35,40,15,39,34,13,23,36,33,31,17,28,18,40,35,39,35,32,37,31,35,42,38,38,34,15,15,31,32,17,15,36,36,31,36,15,34,25,39,17,18,28,29,36,29,39,37,39,41,37,15,36,38,12,44,35,27,37,14,33,33,43,41,47,40,34,36,38,14,11,36,29,32,33,9,37,41,39,35,35,40,16,27,7,37,46,17,15,36,39,17,15,30,29,33,13,38,43,22,33,35,36,35,12,36,34,30,18,37,32,41,21,19,17,34,34,16,37,31,36,34,28,36,28,40,31,36,42,33,38,31,13,12,15,41,36,36,37,32,33,39,28
30,32,38,36,10,28,31,31,42,35,30,9,23,38,41,32,27,11,28,32,43,14,33,33,42,35,40,36,11,17,29,32,13,17,30,36,36,38,40,11,29,35,29,35,7,21,30,42,35,37,10,36,41,33,14,28,35,15,36,26,10,13,17,31,31,31,43,28,40,11,29,38,33,31,25,35,9,26,15,32,28,34,11,35,30,20,39,33,39,29,21,42,31,32,29,38,37,42,42,43,19,36,26,45,5,30,25,32,14,29,18,36,32,17,13,32,31,19,29,34,28,35,39,14,37,35,20,18,36,34,34,38,27,12,35,40,30,28,34,29,26,15,36,15,8,14,32,39,40,34,32,19,10,32,28,34,45,42,14,21,10,14,37,43,11,35,35,36,44,19,38,12,30,26,38,11,42,39,33,14,32,33,31,35,42,30,29,16,32,37,16,32,37,31,29,35,37,34,41,40,34,39,35,38,34,36,39,37,32,36,41,30,35,43,43,41,14,31,32,34,30,33,16,33,33,13,39,9,33,30,31,41,17,35,24,38,18,38,27,36,31,28,43,16,29,43,29,37,37,19,35,33,33,32,21,39,33,21,16,27,14,16,41,29,36,11,39,27,14,31,13,35,34,36,26,40,39,31,35,33,29,26,53,35,46,13,29,42,12,29,15,12,37,34,33,37,17,35,29,37,23,14,34,33,33,30,38,31,30,35,37,18,37,40,9,30,20,34,12,33,35,25,35,33,19,9,34,11,38,33,43,36,37,44,29,18,32,36,33,42,38,12,12,20,37,21,22,36,40,43,33,33,31,40,41,48,40,34,46,17,20,41,34,11,9,28,35,29,40,28,12,12,17,41,11,20,30,30,37,18,38,36,18,34,32,42,17,14,38,36,33,14,30,31,32,15,35,34,39,34,33,17,45,44,32,32,38,34,43,41,31,35,16,32,39,35,17,34,9,14,12,38,38,38,33,33,31,18,42,34,38,43,27,34,45,12,41,12,36,28,44,9,31,40,37,16,31,39,42,14,38,37,30,37,38,17,18,30,32,32,35,16,36,30,17,30,41,38,35,14,16,12,12,41,33,36,11,14,7,27,35,37,35,39,41,17,36,10,36,33,33,36,37,28,39,39,38,45,33,38,17,41,16,37,16,15,36,38,16,37,37,40,31,35,33,36,39,42,37,35,13,36,38,37,16,17,37,43,34,32,43,31,9,43,37,36,33,34,10,29,29,30,33,27,15,29,34,10,38,29,13,41,42,15,32,34,15,14,12,32,34,29,30,35,36,28,13,32,32,34,38,34,40,39,39,38,36,32,15,31,36,32,39,40,36,14,14,16,38,33,28,43,38,30,10,42,38,31,46,40,19,33,33,38,28,29,22,33,27,33,41,16,43,31,38,31,39,43,40,13,39,13,33,29,30,39,40,17,28,30,37,38,35,38,36,44,33,41,34,17,35,11,37,15,15,37,9,29,41,41,40,31,39,33,35,41,38,32,19,34,32,13,38,14,34,37,12,19,11,12,10,37,31,15,40,48,29,20,37,38,36,28,23,35,26,37,45,28,28,38,40,16,38,33,33,37,44,12,36,31,39,32,31,37,26,11,36,30,32,41,37,30,33,38,41,6,36,30,36,30,37,36,8,32,42,39,33,14,37,36,23,11,30,37,36,37,29,30,10,37,47,15,33,12,30,14,32,44,16,40,12,38,37,19,16,36,14,41,42,39,32,12,42,33,38,19,35,33,36,35,14,37,15,36,12,12,37,33,34,37,43,32,41,14,38,33,35,15,35,32,40,42,11,35,10,15,26,36,10,30,29,19,38,37,47,27,37,36,31,28,14,31,20,33,34,14,40,14,5,32,32,32,32,33,12,42,41,38,40,34,34,30,10,10,34,30,18,38,13,36,15,23,25,34,34,13,33,36,26,31,27,16,41,26,33,16,40,11,39,27,19,8,19,37,37,40,35,37,12,23,29,45,34,31,32,17,14,36,41,29,32,41,41,42,30,39,42,35,38,11,49,13,28,9,30,31,37,38,34,30,26,35,14,29,31,17,31,32,14,42,19,16,42,9,16,37,32,35,32,36,32,19,12,11,23,38,41,32,30,16,37,34,32,33,34,38,36,31,35,47,33,17,33,36,37,44,8,17,14,32,34,46,32,15,37,15,42,34,12,10,32,28,18,18,32,12,42,35,32,30,40,39,25,21,34,17,36,40,31,35,31,12,11,33,38,19,34,9,39,32,20,46,36,13,31,35,41,40,29,37
27,31,10,31,33,17,28,29,36,39,39,37,16,35,40,31,40,17,42,35,35,39,39,30,16,39,22,34,37,36,33,11,43,16,40,34,18,34,8,32,15,36,40,35,39,41,21,31,32,43,46,35,32,50,29,12,35,34,11,36,42,31,15,38,37,35,41,33,31,44,15,36,45,41,35,30,17,30,30,43,28,39,35,33,38,34,40,13,33,31,29,40,31,41,38,31,39,34,33,39,28,38,34,7,31,19,37,29,31,35,13,38,12,30,8,46,11,37,17,37,38,35,27,35,34,36,34,39,20,15,32,31,36,38,20,39,19,41,38,31,38,18,41,32,33,45,32,36,36,33,38,51,17,40,28,24,45,38,37,38,33,31,11,25,17,43,10,17,44,8,34,37,32,37,15,38,39,32,34,36,17,31,32,34,35,35,9,31,35,34,25,31,35,41,15,37,35,33,42,38,37,38,20,32,34,24,35,15,33,24,13,31,33,16,45,19,31,33,39,39,11,38,17,34,32,29,13,39,35,11,27,38,30,32,31,37,34,31,37,29,39,36,39,29,18,39,35,34,38,32,13,32,27,14,42,28,35,18,31,36,37,35,15,30,30,39,14,40,23,32,33,36,34,35,25,39,16,21,29,29,31,39,20,45,31,24,38,38,30,28,44,35,29,15,31,13,39,34,21,36,36,32,30,41,40,24,18,40,18,42,20,27,9,33,17,30,39,19,15,40,19,24,47,32,47,9,27,33,39,32,38,16,33,33,38,13,30,12,31,43,22,38,40,37,29,31,33,13,47,14,19,36,36,28,33,15,40,38,35,32,14,35,38,28,44,32,29,17,14,31,39,42,37,38,27,28,33,12,34,26,32,26,32,31,36,31,20,19,44,19,38,37,29,27,35,26,20,30,34,36,42,43,34,31,34,32,30,11,34,31,31,35,17,34,41,38,33,41,30,40,37,47,36,42,39,32,27,44,25,39,38,28,30,16,40,36,15,39,35,28,27,15,12,41,28,9,25,37,30,46,41,27,13,34,38,14,33,32,30,34,13,10,20,34,33,35,41,33,34,31,35,17,43,26,40,33,38,41,37,17,44,30,36,28,29,30,39,16,30,11,40,30,35,25,23,16,16,35,34,32,37,34,37,38,36,37,37,40,31,34,30,39,34,27,36,32,31,18,15,34,16,14,34,42,32,33,36,40,39,33,35,20,40,36,32,41,39,34,36,36,31,18,33,39,29,8,27,35,45,26,36,39,34,12,35,32,38,33,14,40,37,39,45,30,30,32,35,35,42,34,37,40,43,46,42,35,39,15,33,13,36,30,19,32,33,11,34,41,33,20,48,38,36,43,38,35,40,11,37,46,35,33,31,22,13,40,35,17,12,14,14,37,10,37,20,16,39,37,27,33,34,31,35,31,19,34,39,36,11,34,38,43,28,34,31,31,35,33,39,32,36,41,39,20,28,12,28,42,34,41,41,25,28,16,37,30,36,34,29,35,33,9,40,16,32,11,34,37,15,12,12,11,28,41,19,41,37,8,15,35,33,17,34,34,41,33,42,37,32,30,38,16,40,33,21,9,27,14,38,37,12,35,16,30,27,28,28,38,30,34,23,16,33,40,40,34,30,35,19,41,27,33,13,32,37,35,37,37,35,9,34,34,33,35,28,39,40,36,42,43,39,30,35,41,37,40,38,33,34,36,38,29,18,18,34,30,34,32,10,37,34,38,35,29,11,15,35,34,33,33,14,37,11,13,36,33,12,32,18,38,37,34,34,28,16,7,36,32,41,37,27,35,14,34,37,17,10,15,31,52,38,40,37,35,31,19,38,40,41,15,39,16,14,33,22,32,41,17,27,30,31,33,39,33,37,32,35,37,37,41,30,33,20,37,37,30,37,28,33,36,44,44,12,30,13,40,43,32,37,31,31,28,16,15,19,15,38,14,32,39,31,36,20,40,32,17,33,37,35,17,19,33,30,44,38,40,36,17,20,36,39,41,41,29,31,33,11,9,22,39,40,41,21,19,35,13,37,33,40,11,27,36,28,30,36,34,34,36,17,35,35,32,34,41,13,26,38,36,36,38,37,36,19,37,10,25,37,33,40,32,31,15,19,36,8,34,33,18,14,32,31,33,33,33,35,36,47,34,20,29,39,19,39,42,45,33,37,38,35,39,36,40,40,34,14,31,39,35,23,40,17,29,29,32,35,37,44,36,46,31,41,13,32,31,31,13,39,16,13,31,33,38,30,30,34,30,34,19,11,17
34,34,29,14,36,39,37,39,26,42,17,14,31,40,35,20,34,28,21,33,15,29,33,19,12,36,16,36,31,14,10,41,37,38,37,16,37,35,13,41,11,30,33,36,28,12,15,35,39,26,42,37,26,15,35,19,34,38,37,31,27,20,41,39,38,13,40,37,17,22,32,37,28,12,35,30,15,37,16,16,37,38,19,30,44,10,46,12,28,10,35,30,40,40,34,30,39,36,16,17,38,41,36,18,35,15,40,36,34,49,40,39,41,36,33,34,38,34,30,28,14,13,16,29,33,38,42,31,20,35,30,33,43,12,29,40,40,33,17,44,36,17,14,35,39,34,38,17,32,38,34,17,33,32,32,32,28,39,38,36,37,44,30,13,17,15,33,25,10,11,32,36,31,36,36,17,37,32,35,40,17,32,10,33,43,37,32,37,22,28,13,35,15,34,30,35,35,35,13,13,16,35,34,18,36,45,44,16,30,29,12,39,36,27,36,35,41,18,38,21,38,29,36,34,38,35,30,41,12,35,30,34,29,32,37,43,13,33,32,38,28,34,36,17,34,19,24,32,33,33,46,15,38,32,41,20,34,34,38,46,27,12,33,14,33,30,28,29,14,35,14,14,41,11,11,39,35,31,33,35,17,40,37,14,33,38,31,18,33,12,38,41,37,28,18,34,34,40,37,19,36,30,36,11,38,14,39,19,35,23,17,35,35,38,13,33,31,36,13,35,32,33,30,36,30,37,13,45,40,12,40,36,19,18,31,32,9,36,34,35,17,31,31,19,19,20,11,37,6,34,13,39,35,33,18,34,26,11,38,35,41,33,38,34,28,34,30,33,40,36,31,17,36,13,11,41,35,41,40,40,38,38,32,16,13,22,40,38,22,31,37,35,15,29,16,33,36,36,27,33,34,53,36,14,39,38,30,33,39,31,32,30,32,33,36,39,14,32,37,37,38,33,11,37,29,40,42,41,13,42,35,42,28,19,38,38,44,34,27,19,47,28,30,43,37,22,37,26,38,31,16,28,30,13,12,32,36,45,35,13,37,37,19,12,31,45,38,13,32,36,16,14,39,41,37,38,37,30,37,14,35,15,28,30,34,43,17,28,36,36,38,32,37,38,39,38,39,34,38,32,37,19,27,30,12,27,37,39,30,15,18,31,17,21,35,36,37,38,34,15,40,36,39,18,37,39,20,39,40,31,39,31,25,17,30,29,36,19,43,31,31,40,16,16,29,36,11,15,17,37,33,18,36,35,26,37,13,44,27,42,37,17,22,40,17,43,15,31,33,29,33,30,41,32,39,31,28,12,42,38,38,35,33,31,14,37,27,40,34,33,37,32,11,38,35,17,28,32,36,38,39,37,37,29,33,27,16,40,35,15,17,15,36,37,28,39,17,33,32,21,15,15,38,40,39,38,27,34,12,35,19,12,33,29,37,34,29,42,22,15,42,31,40,36,29,35,27,38,44,50,38,37,31,33,47,33,36,20,35,46,18,39,41,33,34,43,7,33,40,35,42,8,32,35,38,20,41,33,38,43,19,35,37,28,45,37,29,17,37,36,33,37,43,12,31,17,21,31,28,35,33,16,34,36,37,33,37,43,25,29,34,43,38,37,28,35,40,33,41,38,39,42,38,16,35,35,38,33,39,44,17,32,21,31,13,42,25,36,13,33,40,34,35,14,33,12,38,36,31,30,40,44,12,17,13,14,16,34,35,35,38,32,39,44,12,23,24,29,37,32,38,32,38,12,41,33,28,30,38,20,30,41,33,9,21,29,15,37,38,43,15,12,17,12,39,19,42,34,36,35,39,32,31,35,35,25,30,38,33,35,28,28,42,26,28,30,30,12,39,8,18,32,29,9,14,12,17,37,36,17,41,20,14,32,31,18,35,38,37,35,31,46,29,36,21,14,36,35,30,28,38,30,14,35,17,34,39,22,36,35,12,49,37,33,34,36,39,35,15,35,14,17,33,36,28,35,33,14,48,29,30,13,15,31,10,30,19,19,19,13,38,17,43,41,35,32,44,36,34,37,10,18,11,19,40,29,35,36,13,17,14,33,35,34,33,33,35,29,42,30,39,18,14,41,35,14,30,36,32,42,39,38,37,27,44,38,36,40,32,36,29,18,32,19,9,35,34,38,27,38,41,38,12,38,35,35,39,37,33,42,29,36,31,32,31,15,17,43,32,16,38,28,35,36,39,36,39,12,37,31,17,33,38,38,30,9,31,35,20,34,26,31,24,35,18,33,38,41,40,13
20,16,44,27,12,34,17,14,10,20,30,38,34,18,32,39,41,36,33,30,16,42,38,32,33,45,14,31,43,15,19,37,26,16,31,34,33,35,38,14,40,40,43,34,35,14,42,37,41,30,43,39,29,32,12,30,31,13,43,46,14,34,32,31,29,42,31,37,33,40,40,41,37,35,39,12,38,34,41,10,40,18,34,24,38,29,15,37,32,13,34,36,30,27,36,32,30,44,36,43,6,28,31,42,34,38,18,17,31,38,33,34,35,39,16,42,42,35,26,40,14,11,34,32,33,31,33,40,32,39,39,12,38,33,35,41,43,37,13,21,40,34,32,29,38,40,32,43,31,30,33,8,37,26,36,11,26,40,42,40,39,28,21,27,27,15,16,43,41,33,7,34,37,35,39,33,35,36,6,10,40,15,8,34,33,37,33,19,31,40,33,31,26,18,37,13,35,31,18,35,17,31,19,38,37,14,35,35,13,35,36,38,36,14,35,30,41,28,40,32,38,38,40,37,34,38,32,20,33,34,42,40,31,42,28,15,34,28,32,40,32,33,31,36,36,45,37,33,37,13,16,14,33,19,28,31,15,12,30,36,38,38,43,31,31,13,38,19,27,15,18,38,31,40,36,43,26,34,15,9,31,12,35,15,31,29,35,28,8,40,42,36,19,34,35,37,36,37,37,28,36,31,32,28,30,18,34,17,33,46,38,28,36,12,29,37,16,34,39,43,44,43,36,23,41,40,27,9,35,32,39,13,37,30,14,36,19,34,10,32,32,27,16,36,40,33,39,33,37,15,40,41,19,14,11,40,9,20,32,37,32,19,13,30,27,16,32,15,37,17,14,35,29,35,33,36,38,31,37,38,36,29,26,43,21,22,42,14,37,28,35,33,38,38,36,12,41,33,40,36,15,32,15,18,31,32,10,35,32,18,36,8,39,29,19,29,31,32,35,39,36,39,34,35,31,32,35,34,36,34,32,44,18,34,32,17,34,44,19,20,20,36,52,40,33,11,43,37,29,16,45,38,13,18,17,30,32,37,41,32,12,15,34,16,39,35,30,37,16,28,40,37,24,12,32,32,14,35,15,15,33,12,21,36,17,33,30,37,28,13,14,34,34,15,36,32,37,42,28,36,35,38,13,35,15,36,37,28,40,36,16,12,29,14,30,14,39,37,44,16,16,31,41,13,35,13,27,32,26,22,23,31,17,16,18,35,32,13,41,32,37,12,37,36,14,33,10,37,36,39,33,27,43,41,36,31,25,7,12,37,40,35,41,37,34,16,29,29,34,11,36,33,38,39,12,28,39,25,33,38,34,37,36,37,16,30,32,34,37,42,40,37,29,38,30,30,45,14,31,9,37,39,39,33,35,30,31,31,37,15,37,40,35,29,28,37,34,36,37,31,42,43,31,30,36,33,23,27,15,30,38,17,34,33,36,41,38,40,37,34,31,18,20,38,42,39,35,27,16,15,34,41,18,15,17,41,36,39,29,37,12,19,40,34,16,33,35,27,14,34,34,31,30,42,8,16,35,41,30,36,34,34,37,26,44,18,17,18,24,17,13,18,28,40,35,38,33,33,36,40,36,13,32,33,24,27,21,34,34,9,48,37,20,31,19,17,42,35,10,43,33,13,31,43,9,35,10,39,14,38,31,26,33,33,18,39,29,34,31,36,41,26,25,43,11,11,32,39,21,21,18,39,41,18,12,32,12,21,40,41,36,37,41,39,12,38,7,36,34,16,13,23,29,38,17,31,32,40,19,35,27,11,31,45,17,39,28,39,35,35,34,36,18,13,11,37,31,40,47,45,33,33,18,38,25,34,17,27,32,27,34,34,33,36,38,15,42,43,37,30,32,9,41,16,38,40,39,37,17,15,41,18,41,35,17,44,28,34,30,33,9,36,33,42,20,38,33,32,40,15,42,21,30,18,18,31,14,38,24,18,47,44,12,32,34,33,48,37,35,35,31,31,16,18,38,38,37,39,42,35,34,41,9,33,30,14,45,14,19,17,30,32,31,9,25,45,36,30,31,13,12,34,15,46,30,34,14,10,25,14,37,30,38,30,16,12,33,35,29,29,33,18,19,35,41,38,36,14,38,40,16,27,12,37,18,32,23,31,20,32,31,12,27,48,17,31,36,39,35,39,15,22,36,31,9,35,13,32,16,33,27,31,33,33,46,13,33,19,32,33,13,32,36,33,33,10,28,39,33,45,36,34,34,39,25,14,32,18,18,46,44,28,13,35,29,31,36,39,32,36
40,16,30,31,29,38,33,16,34,31,35,31,28,36,37,13,41,41,13,31,28,36,35,28,37,38,12,12,17,14,40,13,29,17,14,35,13,26,19,37,37,41,35,27,35,52,28,15,33,39,27,44,36,46,18,34,29,31,40,12,33,16,17,18,33,40,34,38,26,15,11,43,39,32,36,26,33,34,23,41,13,33,30,15,34,9,12,35,29,36,34,39,32,33,37,37,40,36,29,34,18,39,53,31,35,10,33,37,30,31,39,34,42,43,42,36,37,38,35,30,37,43,36,14,36,33,37,40,30,12,11,30,15,20,30,32,43,33,39,18,36,44,44,40,35,38,8,32,9,35,35,35,24,18,40,33,38,14,26,39,37,32,38,28,31,39,29,37,11,44,17,34,12,36,35,25,37,33,29,13,39,35,29,38,9,20,45,17,34,17,38,20,33,41,29,12,32,45,39,37,36,32,41,40,33,41,13,37,36,36,41,32,30,35,33,33,18,10,40,28,15,32,38,31,9,31,37,12,20,11,39,8,37,29,22,16,33,27,12,47,35,45,28,32,18,37,32,5,43,37,36,27,30,29,34,39,37,14,44,18,39,17,19,13,13,39,37,31,33,30,42,26,36,45,44,38,18,39,17,42,32,31,29,35,33,35,22,14,37,34,27,25,34,40,36,39,14,10,20,45,43,36,32,17,12,34,34,25,37,43,32,38,34,41,35,17,33,19,12,38,36,35,35,28,16,37,25,32,15,15,25,18,37,15,17,33,35,37,38,33,36,18,28,30,38,25,37,39,24,36,38,31,32,38,44,17,41,35,33,35,34,40,12,34,45,38,42,37,39,39,31,29,30,34,34,45,34,31,29,37,37,33,41,33,44,40,15,33,28,36,36,35,37,36,14,15,21,33,21,41,33,33,39,20,29,40,32,36,40,11,42,14,46,36,39,31,35,32,32,12,30,30,16,43,44,8,38,13,36,17,40,18,34,14,20,33,16,29,44,37,31,18,39,24,29,44,31,39,31,15,33,40,27,31,15,35,35,35,36,39,51,9,35,18,21,14,16,40,36,33,38,32,32,35,40,36,33,38,37,40,12,38,21,17,36,40,38,13,22,12,28,14,33,12,14,38,37,32,29,35,41,32,19,25,19,49,38,16,46,31,14,37,39,37,36,14,33,41,32,13,38,35,36,17,18,34,13,39,30,34,43,31,35,33,34,34,27,20,32,30,32,37,40,42,34,33,21,10,40,39,12,39,37,28,43,43,34,41,31,42,37,39,30,26,36,12,29,42,34,37,32,44,17,9,33,9,30,13,40,15,13,39,38,19,37,27,33,38,37,21,36,34,28,29,40,16,28,34,32,28,10,38,31,8,39,34,29,39,31,37,35,32,35,30,20,39,12,15,31,36,33,43,11,13,30,15,37,45,31,34,31,36,27,44,36,18,30,19,41,32,38,30,29,35,5,10,42,19,31,30,43,14,33,38,35,31,13,41,32,32,36,41,40,37,16,18,27,35,39,36,30,13,38,25,40,37,15,36,33,16,41,33,38,14,39,15,42,32,34,36,26,36,32,22,33,37,45,9,34,30,34,10,9,35,34,43,37,21,25,36,17,26,34,42,17,29,14,15,33,30,26,33,20,30,30,33,43,36,38,31,39,14,41,39,10,14,35,35,43,16,35,32,13,32,32,39,35,32,28,35,41,40,36,11,19,40,23,18,30,29,24,36,18,35,32,41,12,27,37,13,23,27,13,15,17,37,10,33,16,35,36,32,46,24,37,32,11,23,28,16,30,40,14,28,34,28,36,14,13,41,41,36,31,12,45,33,30,29,40,25,39,36,8,42,43,36,17,25,29,44,39,36,31,16,39,36,46,44,32,13,28,35,36,34,34,36,40,35,37,35,31,32,33,35,41,38,36,13,10,25,32,34,10,13,37,19,36,20,31,34,37,32,34,17,42,13,39,32,19,12,33,14,37,41,32,19,32,37,36,37,33,27,41,15,41,28,39,36,39,9,16,15,32,13,19,12,34,40,31,32,27,18,35,34,34,16,39,13,34,12,44,17,40,29,38,36,36,33,21,45,38,33,15,36,28,37,39,39,10,11,36,18,38,36,42,17,39,40,16,28,17,33,48,38,10,13,16,35,31,17,8,33,34,39,36,32,32,13,30,45,42,9,27,26,36,27,34,41,20,17,35,33,36,23,42,43,39,36,13,32,34,13,31,31,46,15,35,11,14,37,31,14,32,33,14,37,34,33,37,39
15,39,11,37,14,15,21,22,34,28,21,35,31,36,35,33,42,35,35,39,14,33,13,38,37,30,33,28,28,30,36,17,32,13,18,25,39,35,21,25,33,20,41,35,14,19,37,39,36,32,41,37,15,33,14,40,30,13,33,36,16,39,25,27,35,19,39,32,37,16,10,37,38,38,35,36,12,38,12,34,38,35,13,36,37,17,42,7,17,30,32,33,9,11,12,33,36,13,13,31,29,45,37,34,40,19,37,30,32,16,42,29,40,30,26,25,32,34,37,30,37,34,9,32,44,37,33,13,37,29,38,28,36,15,32,14,34,14,32,43,28,36,25,29,44,42,36,40,31,49,37,30,14,35,39,40,35,39,43,38,34,38,39,17,42,39,33,12,36,15,35,22,39,14,32,17,39,39,33,16,29,41,38,37,33,33,16,27,37,14,19,38,29,31,12,33,29,36,34,32,13,37,36,23,32,33,33,15,28,40,44,43,15,21,32,15,16,29,19,35,37,41,37,34,37,29,38,10,20,39,15,25,33,19,32,18,14,39,32,37,34,15,16,44,32,32,12,37,40,38,10,30,35,30,34,9,39,33,33,18,12,33,16,29,30,11,29,32,30,31,13,28,31,14,38,12,14,36,44,35,37,37,27,36,35,33,40,31,5,32,36,36,28,17,31,14,30,21,41,16,17,34,33,26,25,25,39,27,31,13,15,18,18,33,38,43,41,36,45,38,14,22,38,18,31,36,32,14,31,41,36,37,33,35,38,39,18,33,14,39,15,30,31,29,33,32,36,40,29,36,35,22,29,32,32,32,9,33,35,30,13,34,36,37,17,35,27,15,35,36,12,13,31,17,11,41,35,13,34,30,38,38,40,39,41,18,11,11,36,8,32,15,39,38,14,37,24,46,37,36,35,31,34,32,40,18,33,36,31,39,37,32,33,32,15,32,33,14,36,33,39,35,39,36,11,12,24,44,46,45,31,36,33,34,33,32,38,38,39,27,31,18,45,11,33,25,31,12,42,30,31,17,36,49,42,28,38,39,30,14,37,38,11,42,9,32,34,37,11,43,12,26,26,31,34,32,32,28,26,17,16,33,37,21,41,34,32,24,41,18,45,21,30,19,43,33,33,32,36,33,25,30,39,36,42,17,38,16,35,42,34,8,28,24,36,17,35,44,17,39,30,18,30,48,11,28,27,36,35,27,32,40,24,39,36,27,37,32,34,32,15,18,25,37,40,13,28,36,27,8,15,29,10,20,27,39,29,36,36,39,31,32,42,16,37,37,36,26,34,12,39,39,41,33,16,32,12,38,43,41,39,15,16,14,22,35,14,36,15,33,29,35,46,13,42,41,14,9,12,42,12,10,33,33,43,37,36,32,30,39,36,36,39,16,29,35,11,41,34,37,11,14,32,30,16,33,16,45,39,36,32,14,23,40,43,43,33,31,38,38,17,37,31,15,13,16,18,30,36,15,34,36,43,20,13,37,7,35,30,35,20,28,39,15,28,34,26,37,12,8,10,30,15,36,30,38,41,38,13,8,32,41,32,39,10,12,30,31,18,37,42,9,31,35,32,35,16,14,41,26,11,32,33,45,42,44,36,36,36,45,16,36,43,37,34,13,36,36,31,37,26,14,30,34,15,33,14,14,13,37,34,30,37,31,43,37,43,34,14,18,10,34,32,37,10,44,17,38,10,46,16,16,8,12,16,29,30,32,18,22,32,36,34,27,11,30,39,42,34,34,40,17,14,28,18,47,19,28,36,25,34,24,31,42,19,33,30,32,34,43,33,32,16,14,28,36,36,14,34,24,21,34,36,31,33,14,15,39,15,38,35,33,41,34,37,26,35,40,27,39,34,13,44,16,35,36,16,32,41,40,16,13,33,36,33,37,31,34,28,17,11,31,16,15,17,30,27,35,34,44,12,26,44,39,35,34,28,39,30,35,13,40,12,38,28,32,32,44,35,33,15,34,33,35,12,21,37,10,38,18,21,37,12,38,38,36,33,42,32,12,44,17,16,7,32,17,36,29,29,26,13,33,19,16,36,17,15,43,43,37,22,32,13,33,36,35,34,30,32,41,30,34,28,34,18,35,35,20,37,35,41,17,30,15,38,32,21,38,43,31,33,39,43,37,37,43,16,31,19,39,40,37,8,39,29,37,34,17,11,31,18,37,35,13,28,39,33,42,33,33,28,33,21,46,35,28,43,25,9,34,29,37,40,32,37,19,31,17,16,16,43,37,30,15,29,24,35,17,42,27
39,39,37,31,11,11,36,29,29,21,35,12,21,33,11,24,16,40,38,39,17,23,15,34,40,38,14,34,35,32,30,13,38,30,35,17,33,40,32,40,38,8,38,38,39,35,34,14,11,34,36,28,27,31,34,40,38,10,35,7,16,36,25,40,37,35,46,29,30,38,29,32,29,25,36,19,33,41,39,33,16,36,30,39,24,14,18,15,42,31,42,37,28,12,32,35,25,12,19,33,38,38,42,25,13,38,29,34,13,35,42,42,7,37,33,38,34,31,37,27,44,16,34,36,42,42,11,35,35,39,34,26,32,41,37,18,37,39,36,41,17,29,35,42,42,33,41,34,18,43,36,44,40,28,39,19,19,37,33,19,37,39,17,35,30,38,11,19,26,39,39,35,40,18,29,32,26,13,21,30,30,32,35,45,15,34,34,20,37,39,12,15,40,11,37,15,36,28,29,29,39,26,31,35,38,35,26,40,28,38,31,37,37,14,29,29,30,30,35,45,30,12,18,6,7,32,34,16,37,15,35,48,31,34,41,22,34,29,39,16,43,18,29,37,29,39,8,12,31,35,31,33,16,39,34,34,43,34,38,39,44,12,40,36,35,31,29,33,33,13,30,34,41,33,31,39,33,25,36,34,35,37,35,17,39,33,30,30,34,33,12,10,14,39,37,45,15,26,37,31,38,35,36,38,14,34,13,32,27,44,16,8,34,52,38,36,47,40,33,26,33,16,29,36,31,27,15,32,33,21,29,28,34,37,42,38,36,31,32,39,9,47,38,45,13,39,14,15,17,30,30,31,15,35,34,41,30,21,15,32,36,36,37,27,30,38,5,40,11,12,37,15,37,38,17,27,39,14,35,36,40,8,12,39,30,31,35,35,17,33,19,37,30,38,45,45,13,36,35,34,30,37,40,38,36,36,35,21,14,11,26,36,35,40,15,32,45,41,36,19,45,31,38,35,40,26,41,42,40,30,36,21,33,38,35,37,31,37,38,41,36,13,31,34,35,16,17,16,18,11,30,28,32,39,26,30,37,34,38,10,36,32,33,12,39,31,13,39,38,17,27,31,26,32,34,11,13,32,38,44,35,43,40,21,14,18,36,34,43,17,38,35,35,32,30,14,34,38,14,42,33,22,39,13,15,35,11,27,33,15,10,37,27,11,41,35,39,41,32,13,32,34,32,27,16,18,31,14,42,33,13,39,33,36,29,37,34,17,10,17,28,39,35,19,28,36,31,33,36,31,36,29,36,35,10,14,26,36,16,45,36,34,46,12,40,37,32,31,41,17,30,38,19,33,33,15,37,17,38,30,10,27,34,16,26,38,40,33,36,14,28,40,38,14,39,38,33,21,41,34,34,35,29,31,16,10,31,39,42,25,33,35,36,34,36,13,35,11,28,38,33,32,39,33,33,32,11,29,27,39,12,31,16,25,12,33,26,21,33,14,43,32,37,36,17,10,28,31,43,31,41,38,36,41,28,34,33,44,29,16,39,30,11,27,40,30,31,34,33,11,33,33,17,38,15,12,13,48,37,40,29,13,38,31,35,16,18,32,27,36,35,30,11,34,25,34,29,30,32,37,11,35,33,13,33,36,29,18,28,27,25,34,15,33,37,15,41,43,29,34,35,35,38,11,32,10,15,12,32,13,34,28,36,34,41,14,38,27,32,27,29,28,37,43,36,28,31,34,36,12,36,38,26,30,23,13,30,18,38,42,36,41,36,30,31,36,10,39,33,41,32,25,33,44,37,29,39,17,36,33,42,13,24,37,36,21,31,45,18,32,34,34,32,42,31,27,32,17,31,24,16,35,10,28,41,39,37,37,17,14,29,30,43,37,38,28,35,10,29,38,12,17,38,33,29,32,29,9,38,36,34,32,33,27,35,29,28,11,15,37,40,30,31,29,30,36,28,35,40,28,38,38,41,36,36,12,32,31,32,48,13,24,35,20,14,33,36,39,35,34,29,16,34,34,32,37,32,37,17,20,30,34,38,35,37,15,40,39,35,14,31,27,30,27,21,34,32,26,14,44,42,31,36,37,20,33,40,31,43,25,7,16,36,11,8,18,41,33,34,37,14,38,30,10,38,30,42,22,33,32,34,40,22,43,18,42,18,38,27,32,41,27,39,33,33,38,15,30,19,29,14,39,13,39,38,22,9,40,36,39,36,35,33,39,24,42,34,36,19,13,37,30,9,35,16,27,29,18,16,15,31,13,35,41,37,11,34,31,38,11,41,39,38,34,28,32,29,16,36,40
14,40,46,38,29,41,42,39,33,13,12,35,37,37,14,35,21,41,40,25,48,39,33,7,17,29,35,32,31,25,29,29,43,26,31,16,35,7,33,30,40,32,36,40,36,13,31,42,30,38,35,33,13,43,37,42,40,19,40,39,39,31,34,23,11,43,35,17,31,12,12,16,15,37,35,32,37,30,32,38,31,36,35,6,34,37,42,33,18,30,34,20,33,36,31,35,34,28,38,46,36,12,12,35,38,35,14,37,35,14,37,16,29,18,28,43,15,17,26,27,33,35,12,10,15,39,45,40,39,35,33,32,16,28,15,32,38,10,36,36,31,15,31,35,28,31,16,10,34,38,43,27,41,27,39,33,34,33,42,43,32,16,39,39,36,42,37,17,31,16,33,21,18,17,38,43,30,11,10,9,31,42,31,46,37,30,34,42,31,36,29,29,10,4,35,38,32,39,31,6,24,38,30,12,12,14,16,32,37,10,34,40,33,37,31,37,32,18,32,20,8,17,17,38,19,16,14,32,12,29,39,42,13,38,14,34,30,43,33,11,35,33,25,35,28,31,17,16,26,42,14,31,28,40,34,22,42,40,12,13,34,46,19,32,34,28,19,34,18,37,27,39,45,41,18,35,19,44,36,29,39,41,33,33,18,16,36,27,33,13,16,42,32,30,26,19,38,35,31,28,14,39,34,33,36,35,22,16,27,39,31,17,35,29,42,41,44,35,16,29,39,44,37,15,33,21,39,21,12,32,12,20,35,17,34,29,36,42,31,14,34,33,43,14,34,31,29,35,20,14,31,26,41,17,30,37,35,26,10,17,22,29,35,34,40,33,10,33,31,18,36,39,36,33,32,20,36,19,31,17,28,10,34,36,30,26,20,13,32,13,32,40,39,36,46,38,32,14,32,21,26,15,12,45,39,9,27,36,15,37,35,40,29,36,11,36,43,39,13,18,19,44,33,32,11,35,35,28,42,16,35,36,13,40,38,32,42,30,42,35,17,42,36,36,46,32,34,32,31,28,39,36,44,11,38,15,37,44,28,36,33,34,34,37,13,33,34,33,38,34,15,36,38,16,42,34,21,32,32,33,35,12,14,35,33,36,35,33,37,36,45,38,35,36,13,34,41,18,34,32,26,38,33,37,15,43,29,39,31,39,31,34,40,33,38,37,28,40,36,34,15,9,37,32,33,42,39,37,28,32,34,36,16,33,23,36,32,40,39,18,29,38,32,18,34,34,34,35,33,15,26,19,43,40,39,19,39,37,38,40,34,32,34,18,36,44,45,24,13,35,36,37,14,32,15,33,28,33,14,13,14,15,36,19,30,44,34,33,35,12,40,39,14,33,19,40,15,18,37,44,16,32,30,35,15,31,41,32,34,35,33,35,35,36,17,29,14,20,32,38,37,39,29,35,39,12,15,45,36,40,36,36,34,47,35,37,7,39,36,31,12,17,30,33,14,30,18,38,34,30,37,20,30,31,37,36,18,19,36,33,39,33,37,26,38,34,40,39,11,26,28,38,33,35,18,33,39,12,8,47,40,33,30,34,13,34,38,38,18,37,35,31,40,32,33,30,44,39,34,26,17,16,37,34,39,35,21,36,37,37,48,20,39,33,26,18,37,16,41,35,26,15,36,30,16,43,16,18,33,33,36,22,36,45,34,30,38,37,15,35,17,15,32,29,42,41,27,17,28,39,39,40,16,30,16,35,15,43,31,43,40,31,32,37,35,33,24,16,31,36,34,35,39,32,36,20,29,29,38,46,21,33,34,13,19,28,36,45,39,36,39,42,42,38,34,31,13,39,43,21,38,19,32,34,35,34,32,31,32,29,30,37,26,47,17,35,33,18,14,28,8,25,37,33,38,34,36,16,35,12,16,17,12,22,39,26,29,36,31,11,34,28,27,15,34,12,9,16,32,37,42,41,12,14,36,12,31,11,36,27,26,30,32,35,37,36,33,33,31,33,40,12,37,13,11,35,15,32,43,33,29,34,16,40,14,23,30,32,42,10,38,40,39,41,18,29,13,29,32,39,34,34,16,18,28,9,45,32,34,17,19,32,29,39,39,41,32,15,35,19,34,13,39,43,32,29,38,46,35,39,30,16,35,24,35,31,37,35,34,29,31,37,39,40,37,39,35,33,30,30,14,33,35,36,13,35,33,34,20,31,47,14,14,38,29,36,33,35,12,13,11,36,20,40,33,34,28,11,11,44,9,38,15,28,46,32,31,33,38,36,16,44,30,18,14,38,35,30,12,38
13,13,36,12,33,32,32,37,7,39,17,38,10,30,16,10,37,32,22,16,20,34,15,41,37,40,35,38,12,40,29,17,32,19,35,16,35,36,36,36,29,38,14,34,35,31,39,17,41,37,35,33,36,13,39,27,34,37,32,16,21,39,37,35,18,43,37,13,42,13,27,21,38,12,38,42,36,33,30,14,35,41,28,37,39,35,16,40,37,42,36,14,45,20,36,31,35,28,33,43,13,41,39,34,16,32,36,36,16,37,13,41,18,33,30,15,33,14,32,38,38,46,32,21,34,42,43,39,37,17,39,33,33,28,21,37,37,31,35,37,38,26,30,29,35,17,30,12,33,33,37,35,12,41,43,42,31,35,23,32,14,16,35,12,28,36,31,12,33,33,27,28,36,33,42,30,30,39,39,35,19,32,15,37,34,36,26,35,35,37,34,39,17,45,39,47,16,12,35,38,36,21,17,36,38,39,40,27,41,34,35,37,10,34,19,11,32,40,38,36,18,31,32,27,28,10,42,11,38,32,45,27,39,31,35,45,46,52,36,42,22,28,43,35,14,14,33,33,40,39,25,22,28,35,38,32,26,13,35,14,35,10,10,14,28,35,36,41,35,42,34,37,38,31,43,19,18,37,18,32,13,37,39,36,34,9,31,37,26,39,44,31,35,27,36,28,34,32,31,34,29,40,40,37,41,25,48,34,36,37,16,15,33,37,35,11,18,35,36,33,40,32,34,19,15,41,15,16,35,39,15,51,37,12,29,37,28,37,35,41,43,38,38,26,35,37,45,31,34,36,39,38,29,12,36,39,37,12,31,30,36,13,34,31,12,40,18,35,38,14,11,9,36,36,33,32,34,17,37,11,21,24,38,40,33,12,37,33,18,39,29,17,36,33,16,42,35,36,17,38,38,10,17,34,34,16,37,38,38,44,35,13,34,31,35,32,15,38,32,35,36,39,43,42,28,36,10,14,43,24,37,35,36,17,33,35,20,38,33,40,44,37,36,28,32,37,27,18,13,38,43,30,41,16,31,18,32,20,20,40,31,37,31,25,32,20,36,35,45,34,10,8,40,34,31,40,35,35,42,11,29,38,12,31,38,38,44,32,29,28,38,38,30,15,32,41,36,23,25,16,32,15,41,14,35,36,28,30,36,34,34,33,34,30,15,18,39,37,41,30,16,27,17,29,37,33,32,33,30,32,36,40,42,29,20,27,42,39,38,22,38,29,33,36,17,17,29,39,30,29,29,35,28,7,44,33,41,14,15,28,35,40,35,37,14,13,12,18,18,36,33,32,37,18,35,34,9,30,32,30,36,41,37,17,15,17,39,14,38,33,20,34,39,41,29,18,31,30,37,28,41,12,32,41,12,30,36,47,19,25,38,36,33,39,36,25,35,35,33,35,36,35,35,34,30,34,37,31,37,31,14,34,34,36,34,32,37,16,35,37,31,28,38,35,32,40,32,43,33,38,37,33,29,34,35,38,36,26,18,35,35,29,14,34,29,21,29,19,12,12,18,16,31,36,15,32,38,41,39,30,38,40,32,39,30,15,33,36,39,38,12,39,36,11,33,16,35,36,17,37,34,34,44,38,36,35,34,18,36,34,38,14,14,36,19,40,41,34,13,10,39,35,26,26,31,42,14,34,30,37,19,40,35,42,18,28,45,15,33,39,31,36,37,17,35,20,39,19,35,13,34,38,30,12,19,14,31,39,18,38,41,36,12,36,38,14,41,35,31,33,9,18,30,37,37,38,35,35,29,34,34,11,35,34,41,36,40,25,37,33,35,37,29,34,35,40,32,33,18,25,16,39,39,40,37,28,13,10,33,38,46,29,32,17,34,27,39,38,28,41,31,20,35,37,36,39,31,15,33,9,40,34,33,31,44,30,35,30,7,32,37,9,42,25,31,38,28,13,20,43,38,11,29,29,42,42,35,39,27,16,41,27,39,41,40,35,39,10,13,39,31,43,13,38,14,28,32,38,16,42,36,34,31,36,40,32,40,40,30,36,49,36,33,32,42,10,41,30,37,13,38,18,47,10,36,21,34,38,14,29,14,29,32,14,30,30,32,45,8,14,13,28,42,16,34,19,16,20,32,40,37,39,35,46,15,35,18,47,39,36,41,41,35,31,35,40,39,33,17,27,37,17,33,38,34,45,28,37,16,34,33,32,37,37,37,29,16,29,35,36,41,15,7,42,29,37,37,42,39,34,21,38,40,32,15,18,32,12,20,16,38,38,30,34,35,15,11,37,13,34
19,36,30,30,30,11,11,15,38,9,39,39,38,29,14,30,41,41,10,18,32,35,42,34,35,17,30,35,43,41,40,38,39,39,30,20,20,30,10,42,38,31,43,31,36,15,20,32,32,35,11,25,35,25,37,30,38,41,35,39,34,35,32,33,40,31,15,40,29,34,36,32,35,20,16,37,16,37,36,34,12,26,35,42,37,39,40,43,8,29,18,37,37,20,40,33,16,30,31,40,20,40,36,12,17,35,31,30,38,34,17,32,30,39,35,29,13,39,36,30,40,39,39,13,21,15,39,33,18,9,30,13,9,33,32,18,15,42,16,34,33,38,37,15,17,35,42,16,36,36,12,39,25,21,44,36,31,8,30,9,35,13,33,31,13,45,31,19,40,34,31,19,9,34,32,37,10,43,31,31,32,34,34,35,10,20,34,40,37,29,40,37,30,36,28,40,43,15,32,37,32,29,18,35,11,30,28,17,33,33,48,33,31,46,36,28,9,29,23,38,44,30,37,29,31,33,31,13,39,13,11,35,40,37,17,16,37,31,14,11,37,25,39,45,36,25,36,32,39,35,39,34,14,33,34,33,32,12,36,36,40,36,19,37,32,41,42,16,36,30,46,35,40,37,17,44,34,17,39,11,31,35,37,33,17,41,27,31,38,40,38,36,41,42,16,30,14,36,37,37,35,15,32,42,26,32,30,38,43,38,45,15,33,42,32,33,28,29,17,17,34,33,17,29,34,14,16,35,40,36,16,38,31,32,39,33,34,37,28,32,35,11,44,39,30,40,35,35,15,36,33,22,17,32,36,15,21,32,7,26,34,35,23,33,30,32,40,37,19,20,37,37,37,19,35,33,39,12,14,38,28,38,34,31,37,18,41,42,31,31,43,18,29,38,36,35,37,20,14,11,31,15,32,11,16,36,33,44,36,38,34,39,32,34,31,5,35,39,42,37,19,36,27,13,34,38,20,31,43,44,14,37,41,37,17,40,45,39,31,16,32,28,37,37,24,31,30,33,31,34,36,35,39,34,19,39,11,40,41,36,45,25,30,29,40,17,19,33,36,16,9,35,37,26,13,40,31,31,31,37,36,38,37,13,31,37,39,32,15,16,14,28,29,37,34,15,35,14,38,17,36,34,10,33,16,41,39,33,43,13,34,33,15,33,32,40,44,36,34,11,35,33,14,29,20,9,37,37,11,15,12,40,27,39,16,29,19,36,34,25,31,13,42,29,40,15,14,37,37,35,39,28,33,30,44,36,39,18,43,34,46,16,37,42,37,45,43,15,28,29,39,15,30,17,35,37,35,10,44,22,40,16,36,43,10,26,37,46,37,35,12,31,33,40,33,43,34,36,39,24,18,38,21,35,32,38,14,16,27,40,41,33,13,16,15,32,38,30,28,40,31,43,35,33,34,19,46,35,39,26,40,44,38,44,35,40,32,15,43,32,15,25,38,35,24,23,35,37,38,16,13,30,15,21,38,28,32,40,22,34,37,35,30,27,13,24,39,20,27,29,33,40,29,20,28,27,32,18,32,14,14,32,36,41,17,34,34,40,37,45,39,33,35,38,16,36,32,28,12,35,42,41,37,38,36,18,22,45,13,13,40,20,36,12,34,29,14,42,33,26,39,34,46,40,44,30,15,14,10,35,29,19,14,19,35,16,35,12,39,37,29,36,27,33,9,14,37,21,30,39,30,30,16,39,35,19,33,31,39,42,36,28,38,10,42,23,20,35,33,29,38,27,31,14,14,35,28,36,30,41,10,35,32,39,40,17,27,10,28,36,14,32,27,33,38,37,8,13,30,28,11,9,10,38,39,32,41,28,37,15,33,36,28,38,12,38,25,36,35,17,29,29,33,14,40,19,42,16,12,40,13,38,38,32,42,31,14,36,23,13,16,13,29,16,19,43,30,38,13,20,37,46,42,35,34,34,34,43,42,32,14,32,41,41,30,38,35,39,11,28,15,37,17,36,16,14,33,33,30,40,17,11,19,19,38,44,42,31,8,32,32,19,14,35,34,34,11,38,12,40,12,39,15,15,18,34,19,37,35,34,37,36,12,18,38,36,38,27,36,29,34,15,34,13,41,16,35,40,11,38,43,33,9,31,13,15,13,17,44,37,15,35,36,36,37,38,34,16,32,16,34,37,34,30,28,37,27,30,9,29,28,13,44,16,36,10,47,44,36,36,39,31,28,15,9,37,33,33,36,10,26,28,32,34,36,14,34,33,14,32,34,35,32,33,15,41,29,39,40,36
43,38,30,40,38,46,18,9,32,42,36,32,19,43,41,33,14,10,19,32,37,41,31,10,35,44,36,33,34,33,10,34,32,30,17,34,13,40,36,32,18,37,41,33,34,34,44,31,16,32,13,40,42,21,34,31,20,17,41,15,17,24,10,28,33,30,39,12,19,27,30,30,25,34,8,29,36,37,12,35,42,28,13,38,39,29,35,29,36,35,39,7,42,34,27,19,48,34,33,31,17,41,33,31,16,34,15,36,38,16,32,42,33,15,38,12,30,39,32,37,15,37,40,37,37,33,44,16,34,34,32,31,40,36,34,17,36,20,21,35,46,12,19,21,36,36,33,32,29,31,32,29,11,29,17,13,20,38,40,15,15,33,36,43,17,26,42,15,32,35,38,29,16,35,31,14,33,16,41,15,37,31,28,40,32,26,14,17,12,36,31,31,40,14,34,36,40,33,42,41,31,40,15,37,33,32,31,27,34,34,16,32,30,31,22,41,34,35,19,39,24,36,16,30,44,36,27,28,33,31,12,28,19,36,37,32,41,37,17,16,35,35,15,41,36,15,38,28,12,28,14,33,34,32,36,36,34,36,36,38,31,48,39,18,36,32,16,39,44,29,20,11,36,35,41,13,10,18,40,37,31,39,35,32,36,39,36,8,32,35,35,15,33,18,26,37,30,15,12,39,35,14,9,22,35,36,32,32,13,36,39,34,35,22,29,11,21,32,30,26,12,30,29,16,35,18,36,31,38,34,11,33,34,42,36,30,41,35,27,39,11,32,43,31,28,30,29,14,15,8,12,36,37,38,30,40,18,15,33,42,36,43,41,31,35,37,39,35,40,36,31,45,39,32,34,32,28,10,26,33,44,32,39,40,21,14,39,30,23,32,39,38,24,34,39,11,15,27,37,36,15,33,47,33,35,38,14,42,32,24,37,30,30,36,30,36,11,40,37,39,10,43,11,10,34,37,24,27,12,31,29,32,33,23,10,35,40,34,13,39,30,12,27,32,43,39,35,32,18,42,37,16,34,35,33,29,40,14,13,8,40,36,12,42,24,28,13,28,43,9,28,41,10,37,12,28,18,40,38,34,23,45,33,35,13,40,38,28,30,33,36,15,37,13,33,35,42,30,36,33,37,34,17,12,43,30,36,35,36,31,20,15,10,38,32,14,41,16,31,31,35,33,47,35,41,36,39,39,28,35,37,14,33,12,40,39,40,28,33,19,15,19,36,13,45,33,34,35,32,33,32,39,30,43,38,39,31,23,41,37,36,39,32,17,11,35,10,28,42,37,39,44,32,30,39,39,36,13,35,37,33,34,35,38,42,28,42,33,16,37,32,34,18,36,30,34,18,34,33,16,35,42,32,28,31,30,31,42,28,34,22,30,15,45,43,30,37,37,33,40,20,36,35,37,24,27,36,16,38,24,34,15,33,28,33,32,38,22,34,37,37,17,30,32,35,36,30,15,37,39,33,34,18,41,30,32,39,35,34,38,31,31,13,30,32,40,35,35,35,35,45,25,17,35,38,34,31,43,37,23,16,43,38,34,28,33,31,40,36,38,37,24,16,41,23,39,40,18,39,40,13,39,30,36,24,38,9,35,34,29,34,29,32,18,28,33,40,31,36,39,15,39,29,15,40,34,37,30,37,37,33,12,40,30,25,34,31,30,13,34,41,30,15,12,49,17,34,31,46,34,30,31,10,32,16,32,41,34,16,14,36,15,11,16,8,34,27,37,41,35,20,49,11,28,37,16,43,18,17,35,31,36,29,41,34,37,14,19,37,19,34,16,30,34,37,30,14,15,46,35,36,35,10,46,33,16,36,40,29,34,25,28,47,27,16,14,39,27,37,36,12,21,28,38,31,38,31,18,34,18,36,17,16,16,27,13,12,39,40,17,37,34,14,18,42,35,38,35,38,36,35,37,32,36,37,11,29,34,34,34,28,28,38,23,45,15,24,17,33,36,35,31,37,34,32,29,35,39,37,35,26,35,14,12,29,32,15,35,36,25,41,28,33,38,35,21,36,11,35,36,30,32,12,35,43,38,32,39,36,37,41,15,36,35,33,14,38,28,28,28,32,35,48,31,32,32,37,24,35,38,36,15,24,23,32,17,13,17,32,32,39,33,36,35,32,25,37,19,35,28,43,31,38,12,36,33,49,18,36,34,17,34,19,35,14,34,38,12,40,14,39,10,15,33,29,32,39,12,39,36,38,36,18,29,27,39,22,28,25,40,30,32,36,27,29,12,29,37,34,16
39,29,15,30,41,12,16,34,11,46,33,26,22,14,40,32,34,38,13,33,38,13,41,35,9,40,34,31,29,28,43,14,16,14,13,28,46,28,42,10,18,32,31,11,33,28,18,30,14,31,35,30,18,38,17,14,35,32,12,33,39,33,33,39,37,30,41,42,27,39,33,34,40,39,33,37,26,37,12,37,41,41,38,18,38,36,34,43,39,41,26,39,34,36,35,11,38,14,13,35,40,15,30,36,38,12,32,27,29,30,41,29,44,36,36,30,37,32,44,37,14,34,43,20,32,32,37,29,34,36,33,15,35,32,30,30,18,38,13,33,21,37,14,26,38,28,18,25,39,49,40,17,11,33,18,10,12,17,14,36,16,33,17,30,31,32,43,29,42,41,9,35,36,29,36,35,15,14,32,34,25,43,13,37,37,37,36,20,17,29,36,32,33,36,15,41,15,12,47,27,35,36,32,10,39,14,38,34,30,35,19,9,13,42,29,30,34,38,10,34,30,13,36,35,18,18,39,36,13,39,31,38,35,35,30,39,37,35,15,10,40,16,14,23,36,39,16,22,28,18,38,36,30,30,10,16,39,32,32,32,29,41,39,34,11,38,16,17,23,32,32,17,11,31,31,39,39,46,33,29,14,33,34,36,38,35,16,31,39,32,36,31,34,36,35,32,35,45,14,30,29,31,37,39,16,41,19,32,34,13,12,39,45,33,27,32,35,34,37,42,39,13,35,15,28,34,36,30,33,17,16,36,11,31,9,27,29,35,15,38,15,23,34,31,32,34,17,11,35,34,38,27,34,39,42,30,17,30,33,18,24,11,36,34,35,18,27,39,15,15,42,29,15,41,41,16,11,16,35,34,41,20,34,28,38,15,17,14,31,37,17,37,33,38,14,38,36,38,33,15,37,32,31,39,19,31,16,42,36,30,29,43,36,30,41,31,33,16,40,39,39,41,49,30,15,35,47,34,41,39,35,16,36,31,20,35,33,41,34,26,36,31,22,28,33,37,39,43,15,33,27,20,15,41,25,40,39,30,30,35,31,15,33,13,35,34,23,38,34,34,13,36,35,18,16,32,42,33,35,35,40,44,39,40,16,15,12,18,28,38,8,42,41,47,37,35,44,34,38,42,15,16,16,40,38,29,26,39,40,36,30,14,36,37,37,13,26,33,33,37,39,37,31,26,17,13,17,18,37,17,26,14,16,17,29,32,29,32,18,34,42,39,37,34,32,12,28,10,37,30,31,33,38,9,17,37,20,12,30,25,30,14,26,27,44,9,35,18,16,42,33,18,26,15,38,30,44,39,35,18,33,35,43,44,38,39,13,31,33,36,44,33,8,33,41,31,9,34,42,16,39,24,38,39,16,35,12,40,15,35,18,17,34,33,31,29,44,32,35,35,35,31,30,26,26,37,17,29,34,37,39,41,30,28,30,13,25,36,14,14,16,39,35,8,34,15,30,40,23,12,32,37,36,31,38,34,33,37,35,40,39,16,36,38,31,33,11,28,15,10,29,36,39,32,31,28,38,43,31,33,37,14,36,26,39,36,17,38,34,31,34,23,40,23,9,38,42,42,39,12,28,32,9,21,39,28,32,38,32,32,36,25,14,33,36,45,38,31,30,36,30,13,25,35,6,40,31,15,30,11,31,13,38,11,35,25,16,33,34,33,18,37,39,37,32,27,37,29,34,39,29,16,35,35,37,35,14,19,13,33,37,13,37,30,33,36,43,37,34,29,42,39,35,38,51,31,28,19,17,32,38,32,35,30,34,34,39,38,34,40,42,43,40,12,30,36,16,13,15,18,35,45,17,33,33,11,33,37,35,18,17,32,47,35,37,46,21,19,33,20,13,48,31,36,43,36,32,35,35,41,34,14,39,39,42,35,43,38,15,14,16,19,39,15,33,35,35,31,38,30,16,38,37,35,32,16,39,13,33,33,39,32,23,31,14,15,37,42,38,45,42,16,41,20,45,32,41,39,38,31,36,15,39,35,28,42,34,13,25,11,12,19,15,39,12,28,15,41,33,16,31,35,33,26,35,24,30,34,13,31,31,37,34,52,38,32,32,32,34,28,27,30,28,25,39,43,35,13,32,35,30,35,37,43,34,33,37,37,33,15,44,44,29,35,38,27,20,39,14,28,19,33,19,16,35,33,29,38,35,11,32,36,42,37,12,37,14,41,39,35,14,14,40,37,10,37,33,43,35,14,19,33,17,31,31,35,34,47,36,31,36,37,33,46,49,13,30,37,31,33
10,35,17,26,35,13,41,33,37,39,14,32,32,14,21,39,42,15,38,28,32,40,20,33,9,32,41,17,16,37,21,28,34,34,16,39,37,29,41,44,39,36,30,15,35,35,34,30,33,31,34,44,36,37,42,39,11,39,28,39,15,38,51,35,36,32,36,11,36,41,12,28,11,39,31,33,36,37,14,36,17,19,34,37,42,11,16,31,30,29,37,11,34,32,34,36,16,17,29,39,13,32,32,31,39,28,35,38,35,18,12,16,29,38,39,45,37,33,29,35,12,37,14,37,14,39,16,15,29,33,20,34,10,15,44,13,18,34,35,10,14,17,35,30,16,35,43,31,37,43,38,39,34,14,44,15,39,36,35,30,34,17,22,13,29,13,17,40,26,35,18,40,39,38,33,39,45,15,39,38,38,37,41,37,34,46,39,16,22,17,41,16,31,17,32,35,28,37,40,17,33,41,14,33,17,10,44,12,41,32,17,29,30,32,30,35,41,28,33,35,43,17,38,32,29,32,13,38,12,31,30,37,28,30,32,32,34,12,13,33,29,40,37,30,28,34,35,37,31,11,33,14,36,35,16,35,35,29,39,36,38,25,14,17,19,31,36,23,30,30,14,25,10,34,10,32,41,32,13,12,41,33,33,35,38,33,35,17,35,13,40,38,22,15,27,21,29,37,36,18,36,28,35,37,42,31,20,31,18,41,26,32,39,36,39,31,27,14,39,14,41,14,38,14,29,20,40,43,38,32,35,28,29,17,33,31,16,29,37,40,35,37,45,13,28,34,37,9,34,14,16,42,28,38,30,26,16,31,40,37,41,28,12,37,26,31,33,30,32,17,18,32,9,26,34,33,15,45,17,33,33,21,16,19,12,26,41,37,31,26,18,29,36,43,15,9,40,13,31,41,15,34,12,37,19,45,30,15,11,34,14,39,29,46,38,35,38,38,25,41,34,26,39,24,18,39,38,46,27,36,36,33,27,12,44,39,41,11,37,38,33,37,40,31,15,34,44,30,34,33,38,11,33,32,33,38,36,37,36,22,27,40,34,30,13,29,37,26,13,18,16,13,26,11,38,12,29,42,41,28,44,9,30,33,38,36,39,38,35,34,41,9,30,34,12,18,23,33,32,34,13,22,38,40,10,14,31,12,37,37,40,19,38,30,15,29,32,15,32,17,18,35,35,45,34,38,39,13,40,37,35,43,28,34,30,37,31,40,35,41,35,31,33,34,25,42,18,33,40,13,44,35,38,33,36,27,33,41,37,11,41,34,37,42,32,35,33,30,31,31,38,18,29,28,39,24,10,26,19,37,40,32,37,18,35,40,34,38,40,21,40,39,38,37,29,35,35,35,26,42,16,26,37,12,34,34,42,33,37,9,27,34,23,38,32,32,33,33,31,39,11,37,39,39,31,35,11,39,29,43,33,9,31,37,33,38,29,17,34,34,30,32,28,40,14,47,33,33,21,34,27,37,37,35,35,16,17,32,38,38,38,32,14,14,35,28,19,43,15,13,38,44,37,36,35,18,16,36,21,35,38,17,32,29,37,11,51,13,28,34,12,8,11,38,43,19,39,32,39,27,39,11,35,28,23,40,10,35,11,13,34,34,36,26,35,33,30,21,38,32,34,16,34,32,18,39,34,37,8,31,36,31,13,39,36,42,36,18,30,42,37,39,17,31,18,22,40,18,11,36,16,27,40,41,35,14,33,39,34,34,37,35,34,35,15,34,17,41,39,13,36,38,38,13,34,29,36,33,34,12,40,32,36,37,37,16,31,12,34,10,18,29,39,32,10,32,9,38,15,31,39,46,31,13,12,12,41,33,37,33,36,31,42,43,33,37,39,18,30,34,34,12,36,39,37,36,31,37,13,34,42,35,33,28,36,31,26,36,40,39,14,36,41,35,30,33,34,36,40,46,19,29,14,36,36,32,31,17,14,12,32,29,37,44,30,28,26,17,37,31,17,29,38,39,29,34,34,40,41,37,18,27,30,38,35,45,27,7,15,37,42,37,33,42,30,28,10,16,18,31,32,31,36,41,16,43,32,32,41,44,33,31,17,32,37,22,34,44,30,17,38,32,41,8,40,29,37,34,42,16,13,13,34,25,25,14,17,30,38,35,41,16,11,34,32,40,26,39,29,14,13,37,42,31,35,14,33,29,20,34,35,28,14,38,29,16,33,35,32,17,36,40,33,16,40,32,33,40,30,16,13,35,42,27,34,25,36,36,40,33,29,16,38,19,31,34,8,38,29,38
40,30,11,29,35,33,17,15,37,42,37,30,18,36,39,11,15,18,34,35,13,16,34,34,14,11,11,16,38,36,34,35,31,37,21,37,31,37,27,20,36,39,34,19,42,33,32,39,38,39,43,35,12,32,35,44,17,35,28,33,15,19,40,18,11,33,47,33,16,31,29,32,34,27,34,32,35,38,15,36,10,28,36,22,19,33,30,42,37,33,37,32,31,40,21,33,36,41,16,26,12,37,17,34,11,37,30,36,32,19,30,40,37,26,11,36,34,37,43,32,38,30,13,36,48,36,35,36,14,28,18,41,37,34,38,15,36,37,23,12,35,41,36,33,37,34,14,13,29,34,18,35,33,34,32,36,24,32,16,32,23,35,39,31,16,38,43,18,36,32,39,39,41,30,37,42,31,15,38,11,17,46,35,15,45,11,14,36,44,36,39,36,17,37,41,34,37,40,17,31,42,24,33,11,42,35,37,17,35,38,29,36,34,30,32,36,21,32,45,36,9,35,37,34,38,16,32,38,22,12,33,34,34,9,30,33,29,16,11,12,16,37,33,19,37,32,26,36,37,42,41,16,35,31,12,31,38,30,41,30,38,19,36,36,14,26,35,11,32,32,42,18,36,34,17,42,21,35,39,28,39,30,13,38,38,40,41,28,26,34,28,37,32,22,50,32,29,13,6,34,42,36,22,37,11,48,38,36,41,23,41,35,34,27,33,28,28,38,10,35,31,36,26,12,21,34,32,40,35,36,35,27,9,17,27,38,43,34,40,38,32,34,12,29,39,33,33,27,34,32,33,23,37,46,45,33,37,21,38,15,39,19,52,45,37,37,16,31,14,41,10,40,41,37,43,12,13,30,32,31,38,35,16,27,36,30,30,35,40,27,19,42,31,47,43,36,33,39,35,38,42,37,19,28,34,38,26,34,34,37,9,34,40,34,33,41,37,26,35,20,21,8,30,17,47,29,39,32,20,41,18,18,11,11,34,40,29,17,29,30,24,44,33,28,35,15,38,32,41,11,34,37,27,38,36,38,33,36,30,11,11,38,27,38,34,8,42,11,44,34,11,32,39,19,41,9,33,30,32,40,35,37,33,32,14,43,36,12,38,8,36,39,40,33,44,26,18,35,19,26,35,28,16,31,38,15,31,40,37,11,34,35,30,33,35,40,35,36,32,28,38,28,47,37,34,33,29,31,10,42,39,29,31,32,30,36,13,12,20,24,14,15,37,31,31,11,11,35,39,37,14,28,29,36,36,13,18,12,16,20,38,31,20,31,33,38,19,29,34,36,35,37,30,29,13,40,37,33,28,13,32,37,35,31,20,34,31,21,39,10,15,35,16,32,36,33,40,10,37,30,10,16,27,36,19,30,31,35,38,43,21,29,13,45,29,42,32,12,12,32,40,39,36,17,16,24,45,36,33,29,42,44,16,35,38,35,16,40,29,36,32,33,15,27,34,30,41,14,27,42,16,13,24,33,40,21,33,39,40,32,30,25,43,42,41,27,34,41,37,39,41,16,12,35,27,44,19,44,39,37,36,20,36,39,31,11,36,45,33,11,18,41,34,49,35,40,41,17,38,31,40,14,33,36,20,40,10,39,17,34,35,37,10,43,33,16,31,12,36,38,42,31,31,19,38,12,38,30,47,38,29,35,34,33,36,22,35,18,34,37,34,11,42,31,30,15,34,36,38,28,36,26,39,20,34,17,34,38,17,39,10,41,36,20,32,32,6,42,38,40,29,41,37,37,16,41,35,38,38,36,11,46,34,34,34,32,29,38,34,39,15,15,12,28,33,35,14,34,49,12,19,31,40,43,28,41,36,32,14,14,42,31,41,17,34,35,17,34,39,36,17,44,26,16,34,13,14,32,18,35,27,15,35,23,24,37,34,36,32,29,39,37,32,32,35,36,40,32,26,19,40,30,23,30,36,35,35,42,18,15,37,41,29,34,38,19,44,10,36,40,37,33,33,40,38,36,33,42,20,37,35,34,28,33,14,43,31,11,36,17,38,11,36,31,36,31,29,35,16,36,40,38,33,30,34,15,28,31,41,15,32,33,42,30,34,16,9,30,35,28,41,11,43,26,34,16,14,40,11,44,17,38,28,29,10,36,44,29,35,35,11,25,34,31,36,42,29,34,45,16,40,35,34,32,34,36,36,14,37,31,12,15,8,34,43,32,16,9,18,36,31,13,33,33,34,37,23,38,37,38,33,44,37,38,28,36,38,35,10,35,36,9,36,11,36,33,34,34,37,30
30,32,30,11,38,34,31,33,13,27,48,45,31,13,27,42,29,15,35,19,29,37,42,35,44,38,37,33,34,18,23,32,39,32,18,37,14,39,15,33,20,13,31,38,33,36,35,40,12,39,34,39,44,17,34,34,37,14,30,41,11,11,30,28,16,34,41,11,34,27,14,28,32,23,33,41,24,15,39,35,14,15,38,37,32,42,41,12,12,42,17,13,32,30,15,17,23,19,12,34,9,16,34,32,41,14,33,32,11,35,37,38,18,27,43,34,16,40,37,29,36,38,32,35,35,36,34,33,36,27,29,14,27,18,15,19,37,14,38,30,45,40,39,43,22,39,40,13,40,34,35,32,34,35,40,36,16,42,37,14,30,31,26,38,44,45,40,36,39,37,32,31,40,33,8,36,42,40,15,37,19,34,33,40,34,37,24,33,26,33,13,35,36,19,18,37,44,16,37,28,37,29,41,29,15,20,33,34,37,38,32,21,16,19,31,14,35,44,38,36,32,35,39,36,31,11,39,42,35,42,32,32,37,28,27,37,24,45,17,13,35,18,18,34,16,16,41,30,16,10,16,16,38,34,27,19,36,36,16,44,36,34,43,35,36,43,38,32,36,37,34,37,48,14,41,32,19,25,32,32,39,34,36,44,41,33,37,12,39,40,33,37,15,28,39,35,13,37,32,29,9,28,14,35,36,28,31,35,35,39,11,39,32,41,38,17,24,14,53,35,27,12,32,35,33,29,32,38,37,32,14,37,33,34,17,39,35,33,42,33,34,36,28,38,31,35,32,21,29,25,30,13,30,39,34,38,37,15,31,29,34,27,7,40,32,14,34,29,11,39,40,32,38,41,27,38,38,16,40,42,36,35,42,31,13,22,37,9,34,31,28,35,16,16,41,38,33,30,37,27,38,18,35,37,28,47,33,36,38,12,34,37,29,36,39,28,36,39,36,32,38,49,38,31,27,33,38,31,36,32,36,40,38,36,10,12,34,13,14,37,29,21,25,28,36,31,13,26,39,14,16,35,12,18,35,35,40,32,40,13,39,31,37,38,38,33,30,37,50,34,35,37,11,19,34,33,38,37,37,41,35,39,37,40,40,14,40,39,30,36,32,15,37,36,15,17,40,31,34,35,18,26,37,33,34,12,31,39,15,32,35,15,36,10,19,32,35,15,39,39,34,17,33,34,28,30,50,39,42,34,13,35,30,34,13,17,32,13,18,12,31,19,41,17,39,39,35,27,20,35,31,35,16,9,31,34,35,38,34,27,33,33,41,32,16,14,40,30,37,39,16,23,33,32,32,29,36,35,29,37,15,17,34,36,29,31,33,13,32,29,34,37,32,30,40,17,37,43,16,31,36,13,14,33,40,27,35,31,40,17,33,30,33,31,35,33,39,35,34,34,38,9,37,22,42,11,40,18,38,21,30,39,41,29,14,13,33,39,30,40,30,36,34,37,32,39,34,42,40,18,34,30,34,30,15,35,33,19,35,40,36,15,19,23,32,15,19,11,34,14,41,32,32,31,14,33,35,37,30,33,35,33,13,24,35,39,39,31,15,31,34,30,35,38,34,38,17,21,17,33,33,39,36,36,32,34,44,32,33,14,29,30,35,42,35,32,29,15,23,17,35,32,35,36,16,18,37,23,32,41,30,40,28,35,33,36,33,28,32,31,40,35,14,27,34,33,34,36,37,13,10,34,16,15,27,36,9,34,29,14,33,36,34,10,13,42,34,32,27,20,37,10,41,39,32,19,14,36,35,32,31,15,34,38,37,29,10,31,25,11,40,16,37,37,41,38,37,37,18,35,23,36,28,30,15,38,38,41,30,15,18,16,36,29,28,37,35,33,31,36,31,16,25,42,43,26,28,32,33,40,11,34,42,35,29,30,28,11,36,36,37,38,38,17,41,39,33,33,38,37,30,15,31,18,29,35,38,35,36,30,38,34,21,33,11,34,34,41,34,37,37,25,40,33,34,39,30,29,36,39,15,15,22,10,37,39,16,44,14,39,7,13,30,37,35,30,32,32,34,39,38,28,31,32,38,42,41,41,39,33,26,42,17,17,16,14,28,29,13,17,35,35,35,43,31,29,37,12,13,39,35,16,32,33,18,15,38,46,37,14,28,31,36,19,13,34,32,41,41,39,38,32,36,36,39,28,35,46,8,12,34,38,28,31,30,29,11,13,29,34,33,37,39,37,32,12,36,26,19,38,18,13,16,34,20,33,17,36,35,39,34,19,35,17,33,14,30,39,14,42
16,40,37,14,42,16,35,47,35,29,18,11,14,38,36,36,33,18,39,13,35,30,24,32,37,12,23,34,13,36,36,9,37,39,37,40,33,38,34,39,35,31,40,34,14,34,38,35,35,33,34,13,35,33,40,38,36,28,39,36,16,20,36,27,33,35,38,35,34,15,39,36,32,27,36,36,36,38,18,36,12,35,37,36,13,35,16,41,30,32,37,14,33,32,37,34,15,13,39,32,41,23,41,38,35,20,18,17,33,43,16,33,39,31,31,35,40,34,12,38,12,34,38,18,36,37,38,33,15,38,32,12,33,32,37,36,31,35,33,12,41,36,29,37,29,40,13,40,14,36,14,10,28,37,34,18,15,32,41,32,29,39,11,34,12,18,39,37,30,28,35,38,40,31,35,30,34,18,30,13,15,39,41,31,36,33,37,18,45,34,13,35,37,7,36,33,18,34,33,15,39,37,39,36,28,32,8,14,36,46,18,34,34,29,34,27,27,37,39,45,32,32,30,39,37,28,38,41,35,26,36,36,26,18,38,33,31,30,19,43,12,31,29,40,34,39,26,14,36,37,32,27,38,38,43,32,24,38,30,31,12,38,32,18,33,31,11,19,32,6,38,40,37,38,44,26,35,16,14,10,32,38,43,14,9,36,37,11,36,41,13,36,39,38,38,39,36,37,16,34,29,37,40,36,30,37,35,16,30,41,39,36,34,29,21,40,37,36,37,10,35,16,30,14,14,35,16,35,16,35,32,36,36,36,30,34,25,35,21,35,29,28,13,32,13,43,40,42,36,13,18,31,20,13,37,29,17,36,32,10,9,41,12,17,10,30,20,39,18,40,12,33,17,28,18,33,38,33,37,35,37,33,15,32,32,36,19,38,28,29,38,39,36,27,33,10,37,27,32,23,14,46,21,28,33,17,13,30,33,38,34,29,32,37,36,9,29,29,31,30,27,29,7,25,31,44,26,34,37,28,41,16,30,12,28,17,31,26,29,34,37,36,20,32,13,34,36,14,24,40,10,29,34,39,18,11,30,14,40,34,30,40,37,16,46,40,35,42,40,35,35,14,36,42,28,39,14,31,16,41,13,37,32,17,38,38,9,43,35,39,37,33,35,20,30,42,33,27,35,35,40,36,30,32,27,33,8,27,37,36,14,12,17,30,40,39,40,33,18,35,43,30,11,29,42,15,36,32,13,15,23,30,33,32,29,33,34,37,16,37,10,38,18,9,29,39,30,31,31,19,39,18,40,45,37,44,31,18,12,41,42,40,34,32,39,37,38,20,16,38,33,41,34,30,11,15,41,10,39,34,26,38,47,14,11,36,35,15,26,40,28,16,40,40,45,43,30,38,36,35,14,31,40,35,11,11,33,29,30,33,35,29,16,36,32,14,37,36,35,31,31,30,17,43,21,34,31,32,41,41,34,41,12,45,29,27,38,38,41,13,35,35,35,20,43,17,42,37,32,42,43,32,15,43,18,37,35,13,18,32,45,42,42,37,18,35,19,31,45,42,28,32,36,34,43,18,27,16,39,25,39,35,32,12,41,34,37,19,46,35,11,32,35,35,30,24,16,34,40,37,32,38,33,27,35,23,30,13,37,22,30,13,34,36,27,17,40,32,21,16,38,35,16,37,34,31,15,31,37,36,39,35,30,31,33,29,27,35,33,17,31,37,36,35,29,19,26,34,31,18,20,35,14,35,34,29,52,39,32,30,34,40,10,30,44,39,46,34,32,37,35,19,36,43,32,33,37,42,36,17,41,38,22,29,27,37,37,37,25,38,33,16,27,10,33,40,27,36,32,14,35,35,14,33,43,41,28,14,34,11,33,31,31,17,19,35,33,30,40,30,35,20,14,36,25,15,21,34,26,29,32,33,13,31,40,28,10,37,45,14,29,17,32,35,26,17,37,38,11,33,30,39,21,34,33,34,37,39,39,41,36,35,39,35,30,39,14,33,39,13,15,17,45,28,16,37,38,33,14,11,36,38,12,15,40,33,38,15,39,39,36,38,39,17,37,39,16,35,44,29,35,39,33,14,34,33,33,36,43,30,14,14,30,38,41,31,45,34,32,30,31,28,31,39,34,15,33,35,19,30,35,25,37,16,11,50,41,13,22,15,38,38,12,31,39,31,6,39,6,38,16,34,16,29,36,36,39,26,34,14,42,31,31,15,34,28,40,26,30,34,17,18,34,26,21,34,34,30,35,34,18,32,25,30,10,31,40,13,31,37,27,44,38,40,38,35,32,40,46,15
37,14,29,41,37,39,33,31,15,34,34,10,32,42,38,21,33,10,33,46,38,27,41,40,39,26,37,27,14,13,14,34,30,32,35,8,47,18,30,42,48,9,36,44,32,37,32,36,16,15,11,17,39,34,22,31,37,16,31,16,31,38,15,9,42,45,38,40,35,39,37,39,11,34,37,28,35,14,41,39,42,36,47,34,31,28,16,43,35,39,31,29,10,36,12,33,41,17,31,35,35,34,11,17,38,31,36,11,36,34,21,18,40,42,38,36,46,37,41,38,15,35,42,38,37,15,34,17,37,41,36,33,39,33,30,27,45,29,37,31,32,33,16,20,35,36,35,13,33,32,19,15,30,11,42,38,21,42,38,41,35,35,30,27,39,32,27,15,18,16,36,31,32,15,13,45,26,13,31,35,32,17,35,41,19,44,30,43,10,8,30,40,26,33,34,36,16,23,35,33,28,37,15,36,15,35,39,30,36,27,11,18,35,29,31,26,14,14,44,17,37,31,36,36,37,10,12,39,34,15,36,35,24,15,38,34,33,28,38,45,30,36,12,16,12,33,33,30,35,23,28,18,33,31,34,24,38,28,38,21,34,13,37,17,34,28,34,11,33,32,15,22,31,35,34,14,33,39,34,35,34,33,41,34,27,31,34,34,20,37,18,35,42,30,35,13,15,12,31,45,19,41,19,33,40,15,39,33,6,30,39,37,40,29,40,36,15,38,31,36,42,38,30,15,42,39,14,18,31,34,36,34,38,12,9,22,36,31,32,18,31,34,34,36,34,14,37,36,12,37,36,27,30,8,39,35,41,31,36,12,34,33,35,30,33,15,37,38,13,40,35,39,11,17,37,44,31,36,34,36,35,32,35,41,38,32,42,38,38,28,34,39,38,34,34,38,14,32,29,27,38,41,30,39,38,34,29,42,32,34,36,14,28,34,44,31,35,22,37,41,17,35,15,21,25,44,38,35,35,32,37,33,30,42,40,10,39,39,30,30,37,34,16,34,41,37,14,44,29,15,21,37,15,11,22,41,36,30,32,31,36,8,46,32,17,38,42,28,40,17,28,32,17,36,33,35,40,15,37,11,43,41,33,13,40,32,33,34,16,42,39,16,34,31,32,8,32,36,33,29,15,30,39,32,12,35,32,44,13,36,36,16,12,17,35,24,43,37,30,33,39,30,32,39,41,30,23,42,37,29,30,13,31,37,40,16,36,41,18,16,35,38,43,18,33,18,16,34,37,34,35,43,44,9,24,22,39,16,32,30,40,36,18,11,34,42,17,39,31,17,31,37,9,16,12,36,29,17,34,35,34,20,27,38,32,40,33,41,27,15,40,32,37,33,23,31,42,35,34,39,34,40,8,42,19,29,39,42,23,33,39,18,36,33,27,29,20,44,15,33,33,39,16,14,42,15,44,33,45,35,17,30,14,39,29,35,29,42,41,37,15,32,17,38,28,35,22,35,41,14,28,15,32,15,39,13,14,33,18,38,24,10,15,35,32,28,36,45,26,11,37,48,13,40,34,32,33,33,40,46,40,37,33,42,34,33,16,34,15,27,12,46,11,39,45,22,12,15,39,39,38,12,36,18,14,35,16,28,33,33,13,42,36,40,39,29,29,16,29,29,17,11,39,33,33,14,18,47,27,32,29,32,42,37,31,45,39,33,38,33,18,49,40,16,28,36,35,18,32,26,38,15,20,20,32,34,39,38,36,28,29,35,36,34,38,43,18,20,38,14,31,40,30,33,38,37,35,42,9,32,13,39,38,31,16,34,17,36,39,33,34,32,32,36,17,18,16,43,36,33,34,38,40,37,38,38,41,35,38,37,31,33,14,29,42,31,15,28,12,31,19,15,35,18,32,30,43,29,13,31,36,37,34,27,8,36,34,33,32,39,34,30,32,17,32,19,16,29,27,35,27,14,11,33,17,26,13,40,19,38,35,38,15,14,31,39,34,34,18,27,19,38,19,39,34,41,27,31,31,23,12,36,30,28,17,18,16,39,34,37,13,42,12,36,11,22,37,34,17,13,16,35,33,31,38,39,32,40,40,19,13,32,38,12,27,37,18,32,40,36,47,46,12,36,38,14,38,33,32,33,28,12,15,33,35,17,30,27,24,29,14,35,35,38,36,32,45,35,37,36,38,16,42,39,29,10,38,37,30,29,30,35,30,9,26,28,42,42,44,22,16,40,36,35,31,37,34,10,27,28,39,41,35,40,32,34,33,36,37,39,17,14,33,38,36,17,30,46,33,39
34,47,20,25,42,13,41,30,31,24,42,35,10,32,31,26,38,13,15,35,36,13,33,33,33,33,16,15,36,40,22,16,35,33,45,12,33,31,34,13,15,14,31,15,34,48,31,37,38,32,36,30,32,29,19,17,38,17,32,35,36,40,19,32,31,32,34,27,44,32,37,26,11,38,31,34,36,28,30,37,45,30,10,32,22,40,30,32,35,38,12,13,11,16,32,13,33,29,28,13,39,39,15,14,43,43,35,16,37,20,40,30,36,38,36,19,18,30,34,37,42,21,11,33,43,14,15,30,28,38,42,33,32,35,33,13,29,35,39,11,32,37,33,33,31,40,34,28,35,38,29,16,39,34,37,44,32,39,25,34,32,12,15,15,36,13,38,34,51,28,40,38,37,19,17,34,32,36,33,44,19,43,32,30,12,33,35,38,11,30,17,36,20,41,29,29,37,18,16,38,36,38,43,37,34,30,34,16,23,32,16,33,29,9,30,20,40,11,22,35,13,41,26,32,33,36,42,32,35,32,32,42,17,14,36,40,38,34,19,13,10,29,14,34,37,14,39,46,31,30,33,13,13,21,17,33,34,31,33,19,33,18,35,33,38,32,28,17,35,38,50,39,33,33,39,31,35,35,30,32,42,13,33,35,39,13,16,39,16,21,8,37,39,15,31,37,24,33,34,42,30,32,39,33,44,11,36,40,35,25,41,30,28,31,31,33,30,18,39,37,33,32,34,28,31,31,41,37,16,38,34,12,34,37,36,8,19,38,37,35,12,31,37,16,33,39,10,16,15,16,14,14,37,47,32,10,39,36,37,15,13,35,13,15,18,32,33,30,14,32,15,35,33,18,36,40,35,37,35,14,29,20,42,31,34,29,42,40,11,31,17,24,42,34,9,14,38,33,35,32,38,17,35,35,27,27,16,33,37,42,29,9,44,35,35,15,35,32,37,15,16,35,18,36,37,9,33,34,37,39,38,33,32,38,32,31,38,37,35,9,11,34,37,29,13,27,37,38,30,34,39,31,14,24,28,35,31,38,36,33,40,20,39,37,38,39,43,33,31,42,41,33,9,40,35,10,35,34,40,44,26,35,25,28,10,15,30,38,28,36,38,32,35,28,36,43,34,39,9,15,39,35,36,28,38,16,30,41,23,38,33,34,41,44,43,34,15,37,43,29,15,31,13,30,32,14,32,29,34,18,39,42,23,37,26,38,32,14,30,15,35,39,37,36,35,28,39,22,35,18,36,34,37,38,33,30,37,31,20,37,40,19,41,37,32,42,13,20,29,25,34,34,34,31,42,35,45,37,40,35,18,44,14,32,27,36,39,30,40,36,21,32,21,10,34,34,38,29,35,39,33,18,38,33,38,31,40,36,35,36,11,37,32,15,15,16,22,13,38,35,34,29,25,30,28,35,30,17,40,11,43,33,36,36,32,35,27,12,44,14,42,31,15,36,40,34,30,30,31,35,30,27,35,15,21,36,32,25,30,31,20,31,30,15,10,37,30,35,15,32,40,27,39,38,32,34,33,43,11,40,28,38,37,11,28,38,16,38,43,36,37,36,11,34,38,33,15,35,16,31,32,33,11,36,35,29,12,34,38,35,15,32,46,44,13,42,32,36,34,18,44,45,34,38,27,27,36,33,14,31,18,41,27,38,32,9,33,30,28,12,36,36,16,29,14,33,38,24,15,18,26,35,41,38,34,32,36,36,38,39,14,42,27,34,16,39,34,37,35,43,8,38,30,37,11,45,32,31,14,11,39,43,19,33,31,37,40,38,31,43,42,37,33,40,43,32,35,38,40,15,35,28,33,28,35,37,39,31,28,30,40,29,36,17,33,33,17,33,35,17,40,29,37,12,30,13,29,36,34,34,33,9,31,11,37,12,10,37,32,25,16,15,43,9,37,18,36,14,37,31,14,18,30,16,17,34,42,14,31,14,34,12,29,39,40,41,37,29,32,14,36,16,37,38,43,30,26,33,12,35,31,35,38,32,29,41,34,8,37,17,34,14,10,27,31,29,34,39,28,37,40,33,31,36,43,29,30,32,9,39,20,16,40,14,40,38,12,38,32,16,35,31,21,39,43,36,40,34,34,35,38,38,8,33,38,45,12,25,28,10,40,31,32,44,37,38,35,43,48,33,41,38,16,41,33,39,23,43,9,40,12,29,16,35,12,38,31,15,21,15,19,15,18,30,36,36,37,35,45,12,39,39,36,28,27,34,29,33,27,12,31,41,26,35,37,15,21,19,36,16
31,35,29,43,12,26,11,27,34,35,38,32,33,37,18,39,37,12,29,33,33,36,20,32,32,43,29,12,33,40,18,31,33,10,37,37,34,30,32,39,40,45,44,19,42,32,37,33,43,37,13,41,36,38,11,25,30,33,25,35,37,39,33,29,35,15,32,39,40,19,32,40,22,28,33,32,39,35,16,36,31,44,35,32,36,39,35,32,31,31,12,22,41,22,30,32,41,27,35,43,9,42,18,33,40,14,36,29,34,37,16,42,46,30,22,37,9,35,29,37,34,37,32,45,10,38,35,42,11,37,41,15,32,33,15,39,12,32,29,35,40,47,11,38,32,36,37,34,34,37,35,38,36,14,6,37,34,36,8,40,31,42,16,26,39,8,40,33,16,31,26,13,34,38,31,39,38,31,40,13,39,37,13,32,30,39,30,37,30,32,25,36,33,19,13,31,35,33,40,39,38,15,13,30,42,34,33,34,17,41,12,38,16,37,39,24,22,31,34,35,37,32,32,15,18,37,41,42,38,18,34,31,32,25,26,47,36,42,37,42,30,11,9,38,33,39,14,36,36,40,37,18,29,16,23,43,36,15,30,33,35,36,36,39,34,33,38,34,34,39,45,32,32,20,14,18,35,14,34,17,32,39,45,36,34,40,13,32,36,37,33,26,39,43,41,37,36,41,40,39,32,31,34,37,45,38,28,38,41,39,34,33,36,29,38,18,41,18,34,31,18,37,30,41,34,40,7,35,27,42,36,15,45,28,15,17,31,31,14,34,45,38,11,30,36,18,42,34,45,19,35,33,26,39,35,40,34,12,38,31,26,32,32,29,39,40,34,35,11,30,36,36,28,12,14,11,30,31,28,34,16,13,32,18,32,22,37,34,46,41,30,37,28,40,42,27,40,33,41,30,17,27,27,37,32,27,34,29,32,41,36,31,38,34,34,38,15,32,39,34,38,15,14,8,35,15,13,32,39,35,34,13,33,32,36,31,47,41,15,29,34,42,14,34,33,14,31,29,15,37,35,15,33,35,18,41,16,44,35,34,34,34,39,16,34,36,41,47,41,37,38,14,24,33,34,8,18,31,35,35,39,37,36,40,12,30,38,41,39,34,12,40,42,39,32,39,40,31,36,34,45,33,41,39,35,10,43,38,32,30,33,32,42,29,15,16,13,33,36,15,20,28,17,35,34,26,35,32,35,36,34,31,17,36,13,39,35,39,13,32,45,44,36,28,17,23,41,25,18,44,33,12,36,35,30,17,33,30,35,45,12,34,32,29,40,34,13,30,36,39,37,42,41,32,13,32,38,38,31,42,27,33,14,36,45,31,37,41,33,31,35,27,35,36,13,33,13,39,17,34,37,29,29,16,31,17,30,40,33,25,36,30,39,28,34,32,14,13,32,36,37,12,40,32,36,45,40,38,30,34,17,34,40,36,32,36,15,33,39,42,48,42,22,38,29,30,34,14,16,40,34,40,12,29,35,38,41,12,32,31,35,18,43,34,36,34,39,14,14,17,40,14,36,41,40,40,31,30,18,37,33,30,40,33,35,21,35,16,32,25,9,17,38,37,29,14,41,43,37,24,33,31,30,33,35,40,37,38,29,36,11,9,37,16,36,11,40,17,33,44,41,30,32,24,33,13,38,38,16,40,45,36,17,13,39,40,29,36,34,38,16,31,44,17,19,39,11,32,14,38,31,22,25,17,41,32,42,22,15,30,20,36,13,37,39,43,15,13,33,40,38,45,36,17,13,20,32,16,14,30,13,34,32,14,32,30,30,31,17,40,35,41,20,11,44,31,16,27,29,33,34,32,11,16,17,39,17,15,38,37,38,36,12,41,14,10,12,17,14,21,33,9,32,29,41,10,36,28,13,11,41,41,35,30,35,43,28,30,41,30,41,35,34,34,14,39,25,38,35,13,32,25,35,35,30,31,14,35,10,15,21,33,37,17,35,21,29,28,32,42,36,40,15,36,34,42,44,45,30,34,37,29,37,11,30,33,32,34,16,21,38,39,15,35,16,36,39,36,37,31,32,42,36,15,44,28,32,35,42,40,18,25,26,28,41,12,42,29,31,32,41,38,46,15,34,39,28,31,29,36,38,9,36,17,35,30,32,10,45,18,38,11,36,36,16,11,40,15,40,33,15,9,19,47,36,24,41,33,33,45,36,40,38,29,32,34,33,36,42,34,15,44,40,45,12,38,41,32,38,33,33,27,34,28,7,28,31,15,14,31,15,9,34,14,37,32,35,40,31,12
42,29,42,39,26,29,34,36,36,42,38,26,18,26,29,13,43,34,44,38,40,35,32,32,24,31,29,33,37,29,9,38,38,35,34,30,11,13,12,18,30,34,11,42,31,26,10,36,20,19,17,17,32,28,16,36,39,33,36,36,35,15,18,34,12,39,31,33,35,15,33,42,33,36,33,31,12,40,36,37,17,38,26,42,12,19,15,35,14,37,14,34,33,34,41,33,20,38,5,33,15,38,34,36,36,37,17,35,15,33,26,14,29,35,42,37,16,16,15,35,19,43,17,34,17,10,34,37,39,10,39,16,33,37,40,11,40,36,41,38,42,32,13,20,39,37,16,30,19,13,39,32,28,12,40,14,18,35,40,38,15,47,33,18,39,43,38,37,41,36,14,38,16,15,34,33,36,46,24,39,33,39,39,15,39,19,26,37,12,33,12,37,34,39,39,33,35,41,37,20,27,37,14,17,36,34,35,33,35,40,33,30,32,38,32,44,36,11,35,18,39,34,36,13,32,32,32,36,31,27,18,35,36,20,17,27,34,30,14,39,34,39,31,36,11,32,39,35,37,34,36,37,13,41,15,19,37,43,39,32,29,9,37,35,34,35,16,36,30,36,29,38,39,33,9,47,23,39,34,41,36,7,11,30,33,34,14,16,13,30,31,36,44,33,11,20,29,41,48,34,31,38,35,14,40,20,24,39,18,14,11,40,30,32,36,37,39,30,35,32,44,37,38,41,31,16,33,31,41,42,20,25,41,41,46,29,27,17,45,35,41,30,27,30,29,34,20,37,28,43,36,33,30,27,40,41,43,36,14,15,36,10,39,37,36,31,43,19,39,14,29,10,32,22,35,35,31,36,31,18,38,12,33,28,33,35,37,36,17,19,35,29,43,37,13,37,33,40,33,8,42,40,38,31,41,37,34,46,13,33,32,32,34,6,16,35,35,29,29,38,30,16,34,7,40,32,41,16,33,36,11,30,37,14,33,34,33,36,34,19,38,31,31,37,40,41,28,33,28,30,40,40,46,17,30,40,37,44,34,40,33,17,36,34,33,12,17,33,36,36,39,34,30,8,36,42,26,26,18,38,31,19,18,18,37,31,30,14,35,33,33,10,15,45,33,35,31,34,16,39,17,9,37,8,12,18,30,44,34,36,34,39,41,8,32,36,36,32,37,38,36,33,16,37,40,35,36,33,13,40,28,14,14,36,46,35,32,13,41,31,35,33,40,36,32,40,33,17,30,35,26,31,36,17,35,45,37,12,17,31,35,38,26,32,17,36,41,11,37,43,31,41,31,37,32,21,17,30,42,41,16,12,19,17,27,33,26,30,32,27,38,12,40,31,43,40,33,17,20,35,30,17,25,14,37,40,36,33,39,18,38,37,11,34,41,33,34,9,38,30,33,13,10,37,38,36,30,20,40,39,33,37,44,37,9,33,14,34,35,39,39,29,33,33,32,28,32,31,38,16,35,12,14,38,41,46,37,39,40,32,35,35,40,36,50,6,29,21,17,40,32,38,28,18,25,33,27,8,19,17,37,39,34,36,43,39,38,30,33,34,30,32,34,18,34,35,32,41,35,30,18,59,41,40,32,30,32,11,12,34,9,16,35,36,36,18,38,42,18,31,40,37,14,35,12,8,30,43,18,16,29,30,29,42,31,15,20,34,11,28,34,36,43,30,37,21,17,43,31,14,38,41,30,42,39,32,33,12,30,29,35,28,31,36,14,36,18,30,35,42,17,31,31,44,20,40,35,12,19,11,25,36,39,26,42,36,30,32,16,27,18,29,35,16,20,40,14,34,14,36,33,33,37,38,38,17,28,38,42,40,37,20,36,16,24,38,32,32,34,43,27,20,36,40,15,43,13,20,45,40,12,11,15,34,37,39,17,11,31,35,39,32,38,32,35,35,19,32,33,36,11,17,31,34,34,30,46,30,37,41,38,14,37,30,32,26,34,40,34,41,36,33,17,35,36,51,27,17,30,37,39,16,39,42,34,16,20,31,35,10,34,14,17,31,29,33,30,31,34,37,42,28,28,39,37,28,35,35,38,13,31,40,18,17,31,36,31,34,33,36,12,11,31,17,37,29,29,38,13,33,13,15,10,44,30,34,34,47,36,39,42,39,40,38,34,39,25,34,33,38,16,17,37,32,29,25,39,34,29,33,31,15,37,30,32,17,37,49,31,34,16,33,15,34,38,33,14,35,35,36,44,15,35,31,4,25,11,33,35,30,28,30,42,41,35,8,31,38,33,30
31,30,34,30,30,14,37,39,40,18,32,37,34,13,14,16,8,36,38,16,35,14,28,37,29,19,33,30,9,13,33,17,36,38,37,6,39,28,31,14,33,32,39,37,32,36,15,32,35,37,11,43,13,34,31,36,15,37,16,16,39,13,37,17,33,15,35,30,42,15,37,35,39,38,41,40,44,29,36,37,12,33,28,34,31,36,29,13,12,30,13,35,34,32,38,32,40,33,33,13,11,30,34,33,18,17,16,13,26,15,39,14,39,35,20,27,39,21,14,36,16,11,20,34,16,40,30,17,42,15,17,13,24,40,38,33,41,27,38,34,36,30,36,29,41,41,19,40,38,19,33,39,29,14,34,19,13,14,20,27,36,19,29,32,31,33,29,37,12,42,17,33,31,10,39,40,14,31,36,39,14,31,39,33,36,32,40,15,30,30,38,12,37,37,33,47,32,29,28,25,32,31,8,38,38,16,18,13,35,17,18,35,33,14,38,37,31,28,40,12,28,31,36,33,38,46,21,36,17,36,14,29,31,30,41,33,37,45,30,14,35,31,36,31,11,30,15,37,40,26,41,35,31,43,12,40,13,10,34,40,42,34,19,36,18,35,45,39,17,33,31,11,30,16,34,12,37,36,39,35,44,17,32,36,16,44,32,36,14,37,25,30,37,39,37,41,35,43,17,15,29,15,28,31,41,36,33,30,15,34,35,38,43,29,13,32,36,30,27,15,37,33,38,33,18,28,39,34,18,28,16,36,10,28,33,41,31,42,35,36,12,32,30,40,31,30,34,20,38,36,13,33,9,34,39,39,31,16,14,34,40,16,37,43,19,28,34,33,31,37,39,43,41,30,34,41,23,36,36,17,37,18,39,35,38,31,35,37,33,14,37,17,41,37,30,32,12,33,37,34,13,35,11,42,13,34,38,16,41,13,33,40,37,40,33,15,30,32,32,33,31,17,31,33,36,43,16,35,45,32,16,43,11,36,38,33,38,41,18,12,15,33,35,14,42,34,14,40,40,31,40,38,34,30,13,31,44,46,14,26,41,14,13,28,39,32,30,14,31,38,38,29,33,38,32,16,12,29,35,39,36,34,42,13,30,13,28,49,17,38,40,19,41,8,15,37,37,17,16,37,37,16,36,35,33,16,34,32,17,12,10,14,36,37,19,28,34,29,28,34,40,41,31,13,30,26,42,39,39,31,34,19,18,34,39,32,32,35,35,17,40,19,38,33,36,30,34,39,12,40,30,30,31,38,30,36,35,36,31,30,34,17,43,42,17,36,35,37,32,31,26,14,36,39,31,35,16,34,40,41,42,31,27,18,9,13,39,31,32,32,26,33,37,13,17,41,31,36,39,40,38,44,35,39,12,18,38,39,20,16,34,45,30,33,33,29,34,30,12,28,18,33,28,33,33,36,41,39,23,35,31,16,23,36,42,15,11,35,13,30,32,39,38,13,32,12,19,14,35,35,35,44,14,30,36,36,30,14,33,32,36,31,37,37,17,15,37,13,31,33,34,29,40,36,13,34,32,39,28,38,42,36,35,39,40,23,31,21,37,36,27,30,15,29,43,27,15,10,33,17,15,40,43,34,30,34,34,39,29,30,22,28,22,34,33,29,12,37,33,32,30,45,33,21,28,40,40,34,27,36,39,29,42,39,34,29,34,29,31,31,37,33,16,34,34,34,46,13,14,14,41,37,38,15,39,37,38,31,38,36,39,33,12,29,38,33,29,42,32,11,36,36,17,39,15,35,41,15,38,38,40,31,26,30,33,11,33,38,19,19,15,37,35,36,40,16,35,24,44,12,15,12,31,31,34,23,38,38,36,13,30,39,38,34,13,18,28,37,37,43,39,21,36,41,37,38,32,39,39,31,19,36,33,29,34,42,39,13,30,33,30,37,11,42,16,40,29,7,39,19,38,9,32,13,34,40,22,18,17,39,41,34,14,42,20,30,19,34,37,42,32,34,43,37,41,17,33,27,35,30,41,14,34,32,42,41,16,40,28,36,19,35,20,31,30,29,12,40,33,39,37,26,18,28,14,32,36,36,39,44,30,14,31,30,34,40,10,36,42,19,33,36,11,31,39,38,35,33,13,44,13,14,34,32,38,44,41,30,37,27,28,36,12,36,38,36,32,20,31,44,36,36,16,32,17,35,17,34,19,29,35,33,35,34,31,18,28,31,41,13,39,36,38,37,36,36,30,40,19,10,35,14,29,17,37,43,28,35,15,35,41,15,35,22,17,34,33,36,9,33
11,37,20,16,44,7,40,14,12,35,16,33,38,43,5,41,15,41,36,29,39,34,29,35,11,36,16,41,13,14,34,28,38,31,15,11,33,32,39,38,37,31,41,15,10,39,43,31,33,34,11,33,36,41,33,33,41,35,32,14,13,15,33,37,39,12,32,31,34,36,20,34,17,39,35,38,33,43,20,36,42,16,36,17,39,31,36,30,44,37,34,39,23,35,20,43,18,29,35,31,39,32,8,40,14,45,9,15,32,35,30,23,41,31,20,27,14,32,35,15,35,35,33,33,12,34,17,15,19,28,19,24,34,31,35,47,32,42,33,39,42,30,13,34,40,30,33,45,14,14,45,36,39,34,23,30,33,36,31,32,17,43,35,39,33,17,25,33,24,37,39,12,36,34,33,15,31,33,33,8,13,41,42,16,16,40,36,17,37,33,38,39,24,30,37,20,42,32,31,27,21,12,33,36,34,13,35,37,40,39,38,33,39,10,31,37,16,29,36,35,40,38,34,38,35,36,30,14,32,31,39,37,38,37,17,19,34,7,41,32,34,37,36,38,29,32,41,14,32,19,36,17,40,16,40,34,38,14,38,30,38,13,16,33,35,16,28,7,35,31,23,37,26,27,37,38,40,32,34,37,38,38,36,19,39,21,32,17,32,39,15,31,33,17,42,32,42,37,36,17,13,34,37,40,34,32,35,36,36,31,17,29,34,40,18,35,33,16,35,35,37,33,37,39,39,37,37,36,21,11,38,13,33,43,28,24,29,42,31,35,35,41,14,32,31,30,38,38,38,40,13,34,40,18,32,35,38,11,30,37,15,32,35,33,18,36,38,38,25,26,33,13,21,39,34,34,15,10,42,37,31,43,37,13,41,12,34,44,31,31,39,36,14,34,42,13,33,35,34,33,26,21,39,38,36,36,18,40,34,34,33,35,16,36,27,23,31,37,18,11,42,34,41,16,36,17,42,32,40,30,28,41,36,11,43,38,31,36,33,34,40,44,37,13,39,18,13,31,38,33,41,32,30,30,35,37,26,35,33,38,25,27,41,34,35,40,41,38,38,39,15,11,38,9,39,16,43,36,32,17,22,36,39,40,42,33,19,33,30,28,41,37,35,20,30,34,7,30,36,34,14,30,15,34,34,28,32,35,11,13,35,8,38,17,38,34,37,38,30,20,19,44,9,29,19,44,28,12,36,37,35,15,12,38,34,11,12,38,34,38,42,32,32,29,26,18,40,12,38,28,32,35,13,39,15,40,45,36,37,30,40,40,32,22,36,40,14,38,38,35,37,43,31,19,15,34,39,37,35,37,12,15,47,43,32,33,30,44,35,18,35,17,38,42,44,28,44,35,20,15,31,35,15,15,13,35,19,37,35,20,29,38,38,38,34,33,40,36,13,33,33,34,37,38,27,28,37,13,24,37,35,23,30,12,39,32,44,35,35,14,43,45,37,40,10,42,34,40,15,40,42,31,37,10,16,36,37,26,39,17,31,33,36,33,33,33,30,36,32,15,33,38,31,35,28,20,36,32,34,34,22,34,47,15,33,30,30,30,18,15,29,35,34,18,38,38,35,14,26,45,33,10,37,32,35,29,45,32,18,25,39,33,39,26,39,43,33,42,32,37,38,38,37,29,41,40,34,43,14,15,17,33,14,25,27,18,26,38,37,35,33,33,38,34,38,38,26,39,30,35,38,13,18,24,28,32,33,12,23,31,39,18,25,37,36,29,39,33,7,44,39,34,40,12,11,35,32,41,37,38,32,31,22,40,16,34,35,9,44,24,25,40,40,33,37,31,11,27,15,14,33,33,31,36,35,31,35,14,13,37,33,19,39,44,34,13,39,37,39,35,37,41,42,32,41,37,29,37,13,34,29,32,27,16,37,31,24,38,35,13,37,18,30,39,38,42,31,31,31,13,29,35,14,30,23,29,20,35,17,40,16,22,23,34,37,13,38,33,40,42,29,37,36,35,37,35,35,27,27,33,8,28,38,12,35,12,34,38,40,13,14,41,15,34,28,34,34,41,37,38,36,34,33,41,36,31,15,40,32,31,6,25,40,30,42,17,39,35,24,33,28,41,32,33,11,41,30,31,41,25,19,39,29,24,43,32,37,40,40,36,12,33,33,34,14,36,35,23,39,14,35,43,40,39,13,33,42,31,32,32,31,43,17,20,38,46,40,37,36,36,40,44,29,37,40,20,35,37,18,20,38,39,32,33,45,11,34,40,35,33,24,26,17,20,36,14,25,35,11,31
15,34,15,41,31,43,14,35,39,35,33,40,35,39,37,34,29,41,38,35,37,42,27,43,30,31,42,37,30,34,18,35,31,35,16,33,37,39,33,37,16,37,24,33,36,29,31,15,29,39,39,35,32,31,19,26,30,41,38,15,44,37,34,39,28,37,37,15,25,34,31,43,18,17,42,39,29,32,37,27,32,39,16,24,37,35,37,42,31,36,38,35,22,31,14,31,31,36,13,39,34,10,35,13,35,31,37,10,41,40,38,27,36,34,15,45,30,36,32,14,30,34,39,30,17,29,41,34,40,42,21,33,46,16,35,12,34,15,35,13,37,35,33,25,42,13,30,33,19,16,14,28,20,35,28,37,34,32,15,35,11,32,33,17,41,31,39,33,32,35,38,34,26,42,30,24,11,17,40,33,36,28,33,27,31,34,22,27,28,34,33,32,40,26,29,14,44,13,41,34,10,31,36,35,41,11,36,34,31,34,18,15,39,36,47,15,15,28,27,38,16,41,33,33,29,16,31,27,37,19,19,17,29,38,33,34,17,36,30,40,17,34,29,24,11,36,44,38,37,33,33,23,35,35,18,40,33,13,37,38,27,31,31,24,19,30,34,33,41,40,39,33,30,40,37,22,35,32,38,16,30,35,32,42,33,36,30,39,24,33,38,37,44,34,24,27,36,43,28,14,42,37,32,38,15,27,17,14,28,40,35,41,16,25,42,20,9,30,33,26,31,20,17,34,34,13,45,33,37,12,43,36,27,12,37,41,32,35,36,34,10,33,39,31,41,27,27,39,11,35,32,17,33,12,22,44,33,6,29,13,40,18,18,34,19,32,13,29,30,32,41,36,29,14,16,35,36,38,35,31,36,35,9,20,36,31,17,31,13,7,42,33,33,18,36,35,19,35,35,30,32,39,33,45,38,38,13,40,15,32,14,38,17,33,39,32,36,31,35,37,14,28,38,35,34,28,33,38,36,38,37,36,35,13,15,32,35,37,20,30,35,45,30,37,29,26,17,37,36,37,37,33,30,35,38,34,12,32,45,38,12,22,28,31,38,33,32,16,35,36,32,39,40,35,35,17,30,37,33,40,28,40,18,50,16,35,36,17,37,17,42,17,37,41,41,42,31,40,18,15,40,34,11,35,18,9,26,15,35,29,25,29,37,33,17,38,25,32,38,42,13,11,30,30,16,26,40,39,43,31,44,33,34,17,29,14,17,28,18,27,39,15,19,31,41,34,38,12,17,15,33,35,11,30,38,28,38,36,41,17,11,34,38,26,35,29,37,11,44,38,35,33,18,40,37,16,27,15,36,38,31,35,39,9,36,10,32,31,13,11,40,30,15,34,37,14,35,26,27,37,10,19,14,18,36,33,41,18,13,36,29,42,27,12,29,32,14,34,35,40,41,37,30,39,32,38,36,45,33,36,31,17,37,35,15,36,41,39,37,29,29,30,8,32,41,17,34,33,39,32,13,34,9,16,30,27,43,43,33,32,32,41,10,28,12,34,23,32,42,32,38,31,42,35,33,36,35,36,38,15,34,40,28,45,42,32,36,30,15,27,29,32,36,36,15,39,20,21,16,8,31,37,36,24,13,32,32,33,3,32,39,16,37,32,34,41,20,20,43,14,39,16,40,33,16,38,32,32,36,45,24,33,30,23,35,30,44,37,27,39,44,13,40,38,33,14,26,43,11,31,33,25,36,36,28,33,39,38,22,11,15,14,12,16,36,33,18,39,29,38,14,19,41,33,36,18,53,13,41,42,36,39,34,33,20,31,23,17,37,36,40,17,25,31,15,46,38,14,11,28,34,32,36,31,33,32,36,33,38,13,13,37,36,39,34,35,25,36,11,37,10,27,39,33,32,32,38,19,36,29,39,38,33,38,29,33,15,38,37,32,32,33,40,44,12,16,30,38,33,26,31,16,36,34,16,18,29,30,35,38,36,36,18,25,14,46,34,38,36,48,29,45,39,40,36,16,28,12,34,32,37,30,35,27,35,14,30,25,40,33,29,34,40,38,39,12,36,28,37,33,33,31,12,34,15,33,32,32,17,36,32,32,33,31,34,37,20,14,38,31,28,16,38,35,15,13,34,28,15,35,34,18,34,10,26,34,26,29,34,38,32,37,39,36,27,32,35,31,22,43,28,12,27,33,35,17,42,17,48,33,25,13,33,34,19,31,44,28,45,13,34,39,33,37,42,42,37,38,33,31,31,48,14,33,35,8,28,38,38,34,25,37,12,37,14,44,17,42,21,38
38,15,35,36,16,47,33,27,14,35,39,46,24,15,35,39,33,16,11,14,20,37,37,33,49,37,11,31,14,35,46,32,31,36,35,19,38,26,38,37,39,34,32,36,37,19,44,32,38,34,34,29,28,42,29,36,12,33,36,16,19,30,16,33,37,32,29,35,39,13,10,12,35,32,15,11,36,31,37,30,33,29,17,34,34,31,39,15,38,33,38,32,36,34,36,27,25,33,30,32,8,38,16,21,32,33,15,30,30,41,41,40,38,17,41,30,32,28,44,34,34,29,41,40,18,33,43,35,41,35,33,35,32,41,38,38,30,9,35,30,36,12,37,24,39,36,16,31,17,30,34,35,41,40,19,13,16,31,33,41,29,28,43,38,31,35,33,29,28,38,34,41,29,36,29,16,33,14,29,16,38,41,39,19,36,34,31,34,24,41,29,32,27,41,34,34,35,36,34,15,30,41,42,38,21,32,33,14,22,31,25,35,38,36,35,32,37,15,33,21,20,24,34,15,11,35,40,29,36,12,21,15,24,24,38,35,35,33,33,30,35,33,14,38,12,33,35,26,34,22,37,37,33,15,35,39,29,33,23,31,36,41,38,37,14,35,38,15,35,35,37,9,34,32,32,47,31,41,33,33,43,39,15,17,33,33,17,37,16,31,39,38,42,38,31,34,32,40,34,35,13,17,31,43,34,35,35,34,37,34,40,34,35,44,44,39,43,27,40,32,41,14,15,11,14,37,30,34,12,38,38,25,33,43,44,22,31,46,34,38,36,19,34,13,44,34,24,39,10,33,30,31,17,45,19,34,35,29,39,32,39,30,33,36,34,31,14,37,35,40,32,15,39,38,28,38,34,26,10,43,36,31,19,39,20,35,37,37,41,18,33,37,36,13,37,29,28,36,16,35,40,29,34,33,39,20,10,15,12,35,30,12,34,31,40,32,31,13,18,42,33,38,11,35,38,28,40,38,13,30,15,11,36,32,17,33,10,35,34,14,33,29,37,17,30,36,14,38,13,10,35,33,31,6,32,29,42,42,32,33,9,38,27,32,39,41,12,19,36,35,36,34,36,38,42,13,39,39,40,36,32,29,30,35,15,36,27,35,31,31,32,37,16,10,35,14,36,40,28,34,30,35,34,35,19,12,36,40,25,34,17,16,11,32,36,29,37,32,44,29,43,35,26,12,20,37,9,36,27,29,12,40,44,29,14,26,30,30,12,30,40,39,27,42,14,14,30,11,32,44,39,35,18,32,18,38,32,26,36,36,38,35,36,41,42,15,33,36,37,29,33,36,30,32,17,34,14,27,42,30,37,33,33,17,35,35,32,26,33,35,27,19,16,29,31,40,30,32,38,28,17,13,11,40,9,36,31,12,17,39,36,42,18,35,38,16,36,19,40,30,32,12,33,30,41,34,14,39,34,39,41,34,16,15,11,34,32,35,39,33,26,27,40,35,37,37,26,35,33,17,35,36,13,34,33,34,17,27,34,41,35,41,32,35,29,24,34,16,34,37,18,35,37,41,31,29,31,33,28,40,34,35,11,27,35,21,12,40,35,27,36,33,46,39,34,42,43,33,34,38,32,35,38,38,31,17,36,11,41,31,18,28,28,33,39,28,19,15,11,40,15,39,18,34,36,41,30,29,17,33,32,40,34,39,31,20,33,38,35,33,31,35,34,42,37,35,34,31,28,26,39,26,19,39,28,33,39,39,41,31,31,41,33,31,42,18,35,33,41,34,32,9,18,37,32,35,35,44,35,36,14,31,33,35,39,12,43,38,41,13,18,30,13,28,14,36,35,32,34,27,34,17,31,33,30,36,34,30,33,11,36,35,27,45,21,33,42,31,13,33,44,41,34,37,32,27,14,32,43,14,13,15,29,10,36,36,41,15,42,17,12,45,12,40,32,33,44,40,31,31,18,29,34,26,36,17,31,20,33,42,42,45,38,34,14,35,40,38,37,36,36,31,27,17,41,41,33,28,23,36,32,10,38,29,35,28,33,43,33,38,39,31,32,36,31,33,38,38,38,18,38,29,41,39,14,44,41,32,37,29,39,33,29,37,13,25,37,32,30,21,41,19,30,38,38,35,22,10,11,37,35,37,27,32,13,43,14,38,15,37,16,14,16,33,36,32,36,27,15,43,35,29,13,40,13,33,36,41,23,32,38,14,35,39,11,17,32,11,33,42,8,34,29,38,36,8,26,32,16,20,41,38,38,32,34,12,30,33,33,33,14,36,14,37,16,31,26,35,34,34
37,35,37,15,40,31,36,11,38,43,40,17,14,43,40,18,26,35,33,31,13,42,31,37,18,21,34,35,38,37,33,30,12,19,10,27,14,40,51,40,18,34,37,32,40,11,17,41,43,24,33,38,34,11,39,28,15,15,26,33,36,37,40,24,36,31,14,39,33,37,27,28,36,42,29,34,15,24,35,25,36,25,34,35,29,35,14,38,37,11,14,37,31,32,34,41,32,15,32,26,42,37,47,38,16,12,33,35,28,40,29,29,36,39,8,32,11,30,34,27,29,35,31,32,35,20,36,16,16,38,11,31,13,30,37,33,29,38,27,44,35,14,30,24,28,13,41,32,10,18,39,43,30,31,41,36,13,8,32,41,32,29,39,31,38,37,50,33,20,32,13,36,35,32,16,39,36,29,33,19,41,33,13,17,32,33,16,32,17,21,31,37,28,35,12,14,19,39,16,32,11,39,38,19,16,41,12,15,25,37,31,40,30,17,41,32,17,15,33,19,21,36,33,39,36,45,32,34,18,42,35,35,34,26,34,16,26,26,35,20,39,36,28,26,30,40,23,36,35,30,44,31,35,40,35,13,35,34,16,39,29,31,33,36,13,13,33,28,13,34,27,32,33,18,10,16,30,16,42,40,36,25,13,14,33,36,24,28,38,39,38,33,34,30,33,37,27,39,32,13,39,32,15,41,32,39,38,32,8,12,36,15,11,24,42,31,37,37,36,41,42,13,30,30,28,29,38,18,30,10,32,34,36,31,35,35,14,37,21,34,39,13,37,32,35,17,44,32,34,34,21,9,19,19,37,32,36,35,43,32,33,14,27,37,34,13,32,34,33,39,31,20,39,30,41,18,12,10,35,36,19,34,16,36,33,35,14,37,26,36,36,42,13,33,37,41,40,36,45,34,38,13,17,31,29,17,17,39,36,38,7,36,36,36,36,39,37,30,20,33,31,35,15,19,37,12,39,38,33,34,32,37,16,32,40,37,41,34,43,13,13,40,39,17,39,41,35,35,34,32,33,34,35,34,9,33,26,19,36,32,33,35,36,34,43,37,36,37,33,29,28,16,28,32,42,39,38,35,38,29,36,36,41,33,12,36,31,34,41,21,43,40,31,31,36,33,34,32,19,20,36,39,16,22,34,34,15,37,35,35,41,12,25,16,28,20,48,40,16,30,14,17,42,15,21,31,34,40,14,34,37,32,39,37,12,36,29,37,13,30,35,41,38,32,34,34,44,43,49,39,35,12,40,29,32,41,28,35,35,10,35,43,15,41,33,26,15,37,12,37,20,29,29,11,18,35,32,40,35,30,36,36,34,19,32,35,15,33,43,42,24,29,15,18,38,21,18,41,16,36,39,29,16,27,10,15,39,14,30,44,19,13,27,37,16,31,35,34,42,31,23,12,30,42,20,17,13,27,41,30,42,17,18,12,13,34,23,31,21,28,16,14,32,37,39,37,29,18,38,34,33,46,34,38,30,16,41,35,17,14,30,27,15,36,12,27,36,36,32,22,13,43,29,35,33,43,37,35,11,38,15,35,10,14,27,19,42,20,14,32,33,14,24,39,32,41,35,35,17,39,35,13,35,35,16,34,35,32,35,19,22,32,17,37,32,33,40,34,16,33,35,34,30,38,32,37,41,29,39,20,37,16,29,32,12,35,35,43,43,36,36,18,19,36,34,29,37,30,28,36,27,35,33,37,15,28,32,36,32,44,32,34,36,30,25,15,37,27,16,47,14,40,42,29,37,17,32,30,42,37,38,15,40,16,12,33,47,26,36,15,30,16,37,11,32,13,36,18,30,14,44,18,38,39,35,13,29,43,13,11,37,7,18,37,28,45,12,18,31,34,42,35,18,45,19,32,33,37,32,38,9,14,33,38,36,40,37,42,13,41,12,34,28,27,30,25,34,36,33,34,11,24,37,41,32,11,15,21,47,33,42,13,21,29,39,38,32,16,43,34,37,32,22,38,32,13,35,34,21,15,40,37,35,38,30,16,28,12,33,37,40,32,13,31,41,17,33,31,42,17,13,38,16,33,42,34,20,41,28,12,18,33,26,34,32,18,16,31,14,36,37,35,16,46,14,41,30,30,35,38,13,39,40,9,41,35,40,38,27,30,14,31,33,43,14,30,35,39,20,13,28,36,8,14,21,29,42,14,10,13,16,15,28,31,39,28,12,20,11,13,13,8,21,17,26,42,35,43,34,33,14,11,39,31,32,37,45,34,36,38,32,43,35,42,26,34,19,30,16,18
42,13,36,36,25,38,41,32,37,38,33,17,28,39,33,32,31,35,36,27,25,11,14,7,32,15,35,12,13,34,14,39,35,16,27,32,30,33,28,36,16,13,15,41,28,32,33,36,28,8,37,39,30,31,33,32,15,34,17,38,33,45,39,39,35,32,11,31,37,30,36,38,40,29,41,34,27,15,39,39,35,16,44,42,13,8,34,45,10,36,31,24,28,35,28,35,15,15,36,32,20,43,38,32,43,40,12,38,32,33,30,31,24,35,40,18,38,35,17,34,29,19,34,16,42,39,34,31,35,34,15,41,44,32,40,40,33,27,21,36,18,27,26,28,33,33,30,11,32,34,33,45,36,35,27,16,36,37,13,39,34,35,6,25,19,37,38,43,36,45,23,33,19,39,45,34,33,32,26,17,38,38,37,40,14,41,19,16,43,15,27,38,32,16,34,12,13,42,41,38,29,35,36,15,37,38,30,31,18,43,36,32,40,16,30,33,39,40,31,13,40,36,15,43,38,14,37,41,38,32,40,17,32,36,13,33,42,22,14,40,27,28,30,36,34,21,15,30,38,37,13,37,38,32,32,37,12,34,37,35,17,38,30,12,38,20,39,42,40,26,17,37,29,38,38,38,31,18,29,15,29,16,29,39,14,13,35,33,40,19,37,39,13,38,39,39,33,34,32,15,27,24,33,9,21,34,37,13,40,33,14,32,16,25,30,29,41,28,26,33,35,18,14,36,33,13,39,33,11,38,18,11,36,35,18,18,27,13,7,32,34,38,13,32,35,40,32,11,16,36,35,15,39,39,38,28,31,20,31,9,9,33,21,35,10,44,7,19,36,32,35,37,38,22,33,11,23,40,16,11,46,40,35,34,36,41,18,36,13,29,19,37,17,31,35,11,13,16,16,16,14,42,38,11,41,27,36,34,32,25,31,16,12,16,15,10,12,31,39,44,37,21,32,37,34,36,35,40,16,14,32,41,43,16,25,34,32,32,16,27,33,34,35,31,39,37,36,37,36,37,32,17,18,35,35,38,14,34,28,31,44,32,30,30,37,18,33,33,22,33,26,38,12,30,33,9,30,35,40,35,33,33,38,31,33,29,16,30,34,36,35,39,31,44,36,37,19,33,13,35,31,33,35,39,38,35,31,41,41,14,35,10,15,17,29,36,36,37,29,29,32,38,15,45,30,12,31,37,41,35,8,33,9,35,11,39,34,33,35,16,15,28,30,39,32,13,33,31,13,41,16,14,17,37,38,19,17,41,34,30,39,41,35,36,41,34,42,13,41,31,15,35,15,32,40,42,35,45,17,37,26,40,33,35,15,33,12,17,40,33,29,34,37,13,28,39,18,40,39,37,43,32,21,20,33,39,31,28,39,28,27,10,29,36,32,30,38,14,33,39,37,13,31,33,15,31,14,36,27,33,42,38,27,36,13,13,43,9,34,37,14,38,33,17,40,31,34,31,32,37,18,28,18,39,38,32,38,32,21,31,11,42,30,27,18,34,33,21,30,20,30,37,40,35,31,11,37,32,33,33,32,40,38,11,31,29,43,37,40,15,36,33,35,38,26,36,35,41,16,9,9,40,11,30,17,41,36,11,38,39,42,36,40,28,32,34,39,32,35,35,16,36,38,15,17,39,18,16,38,34,20,10,38,41,15,36,29,18,34,32,32,14,12,33,41,41,17,41,34,34,33,34,34,33,39,16,15,34,13,42,37,30,24,36,27,29,41,35,36,35,35,39,29,16,36,32,28,10,32,41,36,33,14,31,36,36,30,31,39,38,39,38,45,32,31,14,40,41,28,39,35,35,39,38,33,40,18,12,13,16,16,31,18,35,32,40,35,34,34,14,41,27,40,32,28,16,18,20,13,26,35,34,40,19,34,24,11,37,12,18,15,34,17,40,28,34,37,18,34,39,10,10,33,13,41,31,12,42,34,40,45,27,13,37,33,11,40,14,43,14,30,36,39,32,33,33,39,42,19,32,34,32,34,38,35,15,30,41,31,11,38,14,31,15,15,33,34,39,37,40,32,42,42,42,44,37,31,26,31,28,27,8,46,13,37,43,32,33,34,30,37,34,20,37,13,30,36,36,42,22,37,38,35,47,20,37,36,33,32,32,35,31,14,46,35,32,37,17,34,43,43,49,14,42,13,30,29,42,33,35,16,38,33,37,35,42,33,31,39,16,33,33,32,41,19,35,26,19,16,34,14,36,20,38,14,17,12,30,36,37,40,39,39,39,8,37,36,37,13,32
16,12,37,40,34,35,14,37,30,38,11,37,45,46,38,15,11,42,9,39,26,33,29,15,13,36,28,30,36,36,34,28,31,32,15,18,34,43,18,21,37,19,37,36,34,29,43,32,37,17,18,11,32,40,28,30,36,37,34,39,35,33,43,31,33,37,39,30,41,18,32,20,41,38,44,29,33,32,42,45,37,32,43,37,38,36,31,28,28,30,30,8,44,30,31,30,37,14,42,31,30,41,15,33,37,37,13,33,41,39,33,39,35,28,33,12,32,36,18,37,46,32,12,16,36,9,16,35,35,27,16,32,28,36,18,34,39,39,19,37,26,37,36,36,39,35,41,11,35,28,30,41,34,33,33,30,39,12,35,34,36,31,35,36,36,10,13,12,14,35,41,6,29,44,33,11,16,30,30,27,37,40,35,41,19,17,16,43,33,19,10,8,34,35,41,31,8,31,34,10,15,40,15,16,21,37,16,34,34,16,40,11,24,11,30,28,43,16,28,33,19,34,41,38,41,34,41,12,33,31,30,16,37,31,14,42,33,26,30,35,32,36,23,30,31,38,40,15,29,36,23,27,16,20,34,30,24,40,29,31,31,37,30,18,39,51,31,41,16,12,11,15,38,17,36,31,30,39,36,28,28,40,40,11,19,36,32,45,9,34,33,36,11,45,25,28,36,36,42,14,43,32,13,31,14,32,20,33,41,38,21,35,28,26,33,30,33,32,36,36,39,30,40,40,34,44,14,34,21,41,12,39,30,31,33,35,40,30,13,34,32,30,28,15,45,31,38,30,17,35,35,26,30,40,38,37,21,33,36,36,39,42,14,15,38,16,20,42,30,32,41,33,14,30,43,31,37,34,32,41,38,33,39,15,39,31,21,37,34,16,35,37,18,40,44,37,35,19,32,16,30,29,30,11,22,20,19,34,10,44,33,29,27,40,16,26,13,30,25,32,32,28,37,32,34,32,6,14,17,28,16,38,16,36,19,27,46,44,41,40,16,34,18,16,16,37,41,35,37,13,37,37,31,26,37,31,18,17,29,42,28,32,30,31,36,32,29,34,31,19,24,26,38,34,38,35,34,34,49,39,31,34,35,38,37,40,35,17,9,33,30,30,11,14,15,32,36,28,32,35,31,37,34,38,35,35,30,18,33,31,38,16,16,26,32,13,9,32,30,41,13,32,40,30,29,29,18,40,15,38,16,11,40,39,33,32,35,19,36,17,12,36,34,30,32,36,40,28,34,35,37,43,36,16,22,32,39,37,18,14,16,39,19,22,36,37,37,52,30,34,30,30,15,34,33,34,17,33,38,35,36,38,36,19,36,17,18,29,35,38,41,37,38,40,31,35,38,35,36,10,17,34,35,28,15,32,42,14,20,15,41,27,44,33,36,37,39,37,20,13,27,32,27,34,14,36,33,19,35,14,36,35,32,42,38,34,13,35,31,29,43,29,38,39,26,29,16,26,34,16,21,35,31,33,32,18,33,12,32,37,39,10,38,19,18,10,31,42,22,17,22,20,37,14,29,30,40,30,26,39,25,38,29,33,33,32,34,18,41,27,40,41,32,40,35,36,31,32,31,38,18,37,36,37,31,33,33,36,40,23,32,32,34,29,29,34,36,16,42,28,37,40,16,27,31,29,12,32,24,11,14,27,30,39,27,17,37,15,33,38,35,38,36,38,44,12,30,34,40,41,39,36,34,25,37,33,30,33,40,45,30,32,36,39,33,40,34,8,46,11,36,34,38,7,32,32,39,15,33,29,14,38,40,34,28,35,39,37,28,11,32,37,37,24,12,42,32,25,34,34,36,31,39,29,40,41,17,43,44,32,13,28,11,36,38,15,15,21,27,37,37,33,20,38,34,35,41,29,34,14,40,36,39,44,15,38,32,39,36,40,21,35,44,33,41,33,36,16,37,33,17,37,12,17,35,27,32,33,15,29,32,35,16,36,34,35,17,30,12,26,40,42,31,38,40,12,11,19,32,30,37,30,30,35,33,29,48,19,31,41,28,14,34,38,30,36,27,15,28,18,18,37,21,17,15,41,13,13,38,13,11,31,23,19,33,21,38,17,35,41,26,42,37,16,32,42,13,32,36,39,26,35,26,14,34,34,33,14,36,31,34,16,13,42,48,35,39,34,17,34,38,31,12,48,26,36,11,38,23,43,31,38,9,15,10,40,40,44,38,41,16,12,33,35,34,37,18,20,29,31,25,21,33,33,34,28,42,36,36,29,29,42,40,34,12,15,39,16,35,37
11,34,43,34,34,33,17,44,15,38,30,35,18,39,14,32,40,40,32,40,37,28,38,34,44,34,35,17,12,31,32,36,29,33,25,40,36,31,18,32,32,43,47,34,35,38,31,44,16,40,37,37,15,30,21,37,37,37,28,30,29,30,33,14,39,17,13,20,38,37,43,11,33,30,40,10,33,31,37,43,32,42,9,41,37,36,40,33,35,31,41,39,24,31,36,30,37,40,33,39,36,37,10,30,33,16,20,22,36,38,31,42,40,35,31,35,22,38,30,14,11,39,36,35,43,23,34,39,33,10,39,37,40,41,15,15,33,36,40,38,36,14,28,33,46,36,43,27,30,13,36,32,32,15,40,26,34,31,32,38,14,28,28,30,36,12,43,37,33,26,26,13,37,31,42,41,30,33,37,29,17,33,31,40,15,31,29,35,21,38,45,39,16,35,35,35,20,10,30,34,31,40,13,39,38,39,35,29,33,13,36,17,32,33,37,39,34,39,35,35,15,17,37,32,14,15,14,43,32,18,34,32,36,13,17,31,35,31,16,37,15,36,35,38,27,32,38,42,10,46,37,35,19,28,20,36,31,28,38,37,32,17,31,33,35,31,46,33,37,37,29,46,32,34,35,49,30,18,19,38,36,30,14,17,42,34,41,18,44,33,31,33,29,31,12,27,37,35,14,32,36,33,44,28,44,13,21,38,36,10,36,31,39,40,14,20,34,38,8,12,41,34,9,39,35,33,34,37,16,29,39,37,33,16,34,30,15,29,28,31,33,33,29,21,13,27,28,26,36,12,33,32,35,39,33,32,29,33,40,32,34,19,11,33,15,44,40,45,12,36,17,33,31,40,29,28,38,29,42,30,17,41,42,35,12,28,28,32,17,19,41,31,15,19,43,28,34,16,34,36,28,17,28,36,12,32,37,11,41,47,46,31,31,37,15,36,32,41,28,38,31,13,36,39,38,38,15,38,13,24,38,38,18,33,38,33,14,36,42,34,34,33,40,21,41,37,35,35,32,12,37,37,20,15,44,17,34,33,42,28,35,18,13,31,40,34,44,45,15,34,37,35,40,37,21,27,29,36,41,36,38,27,14,39,26,50,33,29,32,38,40,11,36,42,42,25,33,32,10,29,17,18,33,37,15,34,18,19,30,13,36,29,37,34,19,37,17,50,25,33,36,24,15,39,33,32,14,34,12,40,41,40,31,39,37,39,35,38,39,37,38,16,33,19,33,16,32,45,38,12,33,36,10,41,39,30,12,38,40,41,18,35,36,38,28,41,28,34,15,39,38,39,25,31,15,45,33,39,33,37,33,36,21,33,13,39,42,40,37,37,36,38,18,14,28,29,40,41,36,18,11,39,37,38,41,16,36,40,41,34,29,32,37,30,17,14,34,33,45,11,37,15,38,34,15,14,41,34,12,41,32,27,10,30,33,38,36,14,27,14,14,13,35,39,41,32,35,15,16,28,38,29,34,28,33,35,9,10,35,40,38,43,13,20,12,42,41,33,31,42,13,39,34,28,19,17,16,15,31,7,32,6,35,32,15,33,33,22,9,32,34,38,18,28,37,30,26,31,39,36,12,36,16,29,32,40,38,31,35,12,35,33,38,34,43,44,14,38,33,11,38,39,32,30,32,33,13,28,35,41,18,12,33,33,37,15,35,37,32,39,37,39,27,40,35,39,12,44,30,28,37,31,35,30,39,12,36,44,41,15,20,40,9,35,15,15,34,46,26,19,6,34,13,14,34,15,33,12,19,34,41,11,17,35,10,35,36,35,20,34,36,40,23,11,33,9,9,33,34,20,34,35,36,44,40,32,36,30,40,34,36,12,33,17,37,37,39,34,36,33,36,35,36,13,42,33,18,13,11,32,41,42,41,11,13,37,35,9,25,41,30,31,24,40,16,36,43,40,31,28,12,39,20,36,36,14,30,33,40,16,31,11,20,27,28,31,30,15,37,40,12,41,13,17,12,32,46,35,11,33,20,34,38,36,31,13,40,45,36,39,38,39,40,31,9,38,28,15,14,42,39,16,29,15,15,36,36,37,14,31,35,18,41,37,35,13,41,37,42,15,20,42,35,35,36,35,29,33,44,37,13,11,41,18,36,31,32,35,41,32,32,34,35,16,34,31,38,16,37,36,32,35,28,42,35,29,37,38,10,25,37,31,34,34,41,34,34,12,37,34,13,32,11,29,33,16,36,31,30,29,39,32,14,37,18,33,34,47,28,33,32,18,29,37,29,42,37,14,35,36
35,9,44,20,40,36,26,34,14,30,33,12,35,35,37,9,35,31,7,35,36,41,35,41,37,33,39,33,29,37,29,29,37,34,35,31,16,45,43,31,33,35,39,37,29,29,36,33,14,31,42,37,37,43,40,35,14,36,40,43,32,41,13,37,26,27,11,30,36,11,37,18,29,34,27,32,32,34,22,39,14,34,28,20,29,37,38,32,43,31,47,35,14,32,15,18,31,38,42,15,19,32,38,35,11,17,34,12,39,13,37,33,30,15,34,14,41,12,36,39,31,35,37,41,45,39,16,30,15,15,25,10,42,33,33,16,32,33,39,38,33,33,18,32,14,13,37,28,28,17,22,39,36,35,37,13,22,42,35,37,32,18,28,32,38,19,33,17,38,41,24,35,37,35,30,30,27,29,36,34,16,35,35,29,33,19,30,39,34,37,32,20,43,33,30,40,13,30,42,30,33,31,18,40,33,12,14,35,35,27,41,39,32,33,40,40,16,38,38,37,43,23,18,35,9,36,27,37,36,31,38,34,31,35,16,31,17,38,38,34,16,34,37,20,36,16,33,36,19,41,40,36,32,32,36,14,37,34,40,35,16,40,10,39,44,19,13,35,11,37,31,39,16,28,29,28,39,34,41,43,29,41,18,38,43,30,33,34,9,32,15,35,10,30,31,33,18,20,12,31,10,36,33,42,15,33,37,39,35,45,38,39,34,33,32,37,37,37,16,15,35,33,35,35,33,15,31,42,42,36,35,40,32,32,34,40,11,37,18,35,35,29,17,31,35,19,38,39,19,23,40,27,35,14,36,29,44,15,14,12,40,31,21,28,15,19,34,29,44,32,40,30,37,30,39,18,15,30,47,10,38,30,30,34,9,44,34,32,29,11,30,38,35,35,39,40,39,38,37,18,32,9,19,26,21,22,35,13,43,33,41,43,17,41,37,30,36,35,31,38,37,12,36,44,29,18,21,31,18,13,31,33,27,9,38,37,21,14,46,30,38,12,30,33,24,32,39,16,18,12,16,34,28,16,32,21,29,17,40,35,41,30,38,39,33,31,39,37,12,33,31,14,31,33,10,44,31,37,32,39,30,40,35,34,35,16,11,47,29,12,37,11,29,26,37,43,37,34,8,26,32,30,35,38,15,36,17,32,34,38,41,35,11,34,38,39,32,38,29,31,36,27,32,45,34,40,33,37,32,38,36,18,19,33,11,12,40,43,33,7,27,8,29,29,14,22,28,16,39,36,33,40,14,34,40,26,40,12,16,16,9,36,34,41,33,16,36,9,40,32,32,35,17,39,46,35,27,32,27,35,41,28,30,43,33,37,36,13,33,37,37,40,29,25,32,30,41,34,11,36,43,32,31,37,12,35,36,35,39,17,42,30,25,41,26,37,18,37,17,35,18,10,18,38,40,33,16,34,36,38,39,38,34,32,33,18,13,37,35,33,17,34,38,27,27,44,27,32,37,36,27,36,37,36,15,34,36,14,30,36,13,19,28,40,24,36,29,35,41,38,26,32,35,15,33,18,36,30,16,18,36,33,25,13,43,40,42,33,16,16,35,32,38,18,12,38,36,18,44,14,34,38,28,21,17,32,36,35,7,37,32,36,41,29,34,12,36,42,33,34,15,18,32,41,33,27,41,39,32,34,27,35,32,29,36,13,13,35,31,45,37,33,14,15,34,34,33,31,27,11,33,29,33,40,34,46,39,16,34,33,40,36,32,31,40,33,16,41,40,41,32,38,32,33,38,30,35,18,16,9,36,16,15,18,29,38,30,10,36,37,16,22,39,30,18,33,20,32,42,38,15,15,17,38,39,33,13,34,42,17,33,36,35,34,30,36,17,18,24,47,31,18,35,33,39,38,34,42,38,28,37,31,17,38,40,35,40,34,45,39,27,37,35,14,36,33,33,38,38,37,30,38,36,34,33,29,31,37,32,36,45,29,35,37,20,39,15,36,41,37,36,33,38,25,38,38,38,35,41,27,37,35,25,38,35,39,19,16,40,21,37,35,35,40,40,18,36,17,33,11,34,15,19,43,31,32,33,37,35,39,30,34,35,22,42,33,37,9,30,35,32,23,37,37,11,47,35,16,35,12,32,33,36,14,17,30,31,43,34,37,36,30,28,32,30,39,37,35,13,18,39,42,37,43,14,36,34,33,20,38,32,14,42,16,10,29,36,31,31,33,34,33,33,38,38,43,13,31,29,37,38,31,33,39,31,14,34,16,38,35,35,27,44,29,36,40,35,41,46,36
12,24,30,37,16,46,20,38,32,35,8,28,27,14,34,34,34,30,13,41,43,39,38,32,27,22,36,46,35,44,34,45,34,15,37,36,30,21,22,16,38,16,44,46,37,30,34,40,34,31,36,41,32,35,14,31,37,32,44,38,27,36,36,36,33,36,27,41,39,11,12,32,45,43,38,44,36,33,35,34,41,36,43,31,32,38,29,30,34,41,36,16,37,30,34,44,31,35,22,31,27,40,21,15,35,38,34,32,35,22,35,35,37,36,34,39,14,40,32,32,35,34,34,30,35,14,11,32,27,16,31,12,36,35,33,38,35,33,40,36,29,36,12,28,32,43,18,31,33,28,16,37,40,29,31,36,16,44,34,42,29,35,34,38,10,41,39,10,29,9,38,37,35,44,37,32,36,27,17,41,32,42,36,33,34,30,37,18,33,14,26,40,37,36,10,40,16,19,38,36,41,37,29,38,35,32,17,25,36,15,40,9,37,29,32,31,32,16,30,35,28,14,32,35,18,16,43,16,38,39,34,39,13,34,20,38,19,37,36,42,35,41,35,37,13,16,13,36,42,11,33,30,35,14,39,32,10,38,9,43,31,36,40,33,40,33,10,36,13,34,34,35,20,13,14,44,30,7,39,35,21,33,27,37,41,42,30,16,38,42,37,9,31,31,14,16,27,28,41,35,28,32,33,32,39,30,34,21,39,42,39,38,38,15,42,33,18,38,23,42,39,23,38,29,20,28,30,20,16,34,38,34,43,33,21,31,37,39,24,41,34,14,4,38,33,39,32,29,42,26,42,42,16,41,28,37,34,43,40,38,21,15,17,40,37,33,30,38,28,37,29,34,39,32,39,38,33,31,14,35,40,34,35,8,33,14,38,11,39,39,35,34,29,33,38,29,34,31,31,31,37,31,33,30,38,7,33,31,48,11,47,36,15,14,27,10,33,38,18,38,28,10,30,40,18,13,30,34,41,13,14,38,34,35,17,18,31,26,35,36,12,33,41,34,39,41,38,35,29,38,8,19,33,25,37,33,36,35,26,34,35,38,25,16,36,39,35,18,35,13,15,18,37,30,22,40,41,37,45,34,30,39,36,29,10,31,40,35,18,15,45,37,40,18,38,15,34,11,36,33,29,42,36,31,20,34,36,32,33,26,10,36,41,43,30,15,39,35,32,33,36,37,12,42,18,31,34,33,9,33,34,20,17,10,33,40,18,30,39,29,35,33,37,41,31,39,35,33,34,35,34,32,25,38,40,35,16,36,37,24,31,32,31,38,31,43,40,36,40,41,34,14,35,32,10,19,14,24,31,9,32,37,14,10,15,31,38,29,29,36,38,9,41,16,16,33,38,33,20,33,31,40,10,45,45,15,34,32,33,40,34,33,39,33,8,36,17,16,38,9,15,40,9,39,14,29,12,34,34,40,16,33,41,13,9,34,27,19,34,31,31,41,33,38,29,13,36,33,12,31,11,41,33,33,19,15,32,34,39,11,42,38,17,19,28,35,16,29,33,33,34,26,33,38,18,39,31,30,32,34,27,35,14,37,40,32,34,38,30,34,31,34,43,36,16,31,39,37,30,16,36,27,32,13,47,39,32,35,42,30,31,32,38,39,13,48,35,33,32,17,35,37,18,36,31,39,8,15,32,37,31,37,33,25,39,32,38,16,33,37,34,38,28,35,19,37,11,35,44,38,12,18,38,29,34,39,25,35,30,37,31,29,37,32,29,17,14,30,37,34,32,41,37,45,20,29,35,30,37,35,32,39,15,35,35,38,13,13,35,35,34,15,31,32,14,36,29,32,12,28,19,30,42,14,34,38,43,15,36,25,26,15,33,33,35,37,10,44,30,40,27,41,32,43,39,33,14,13,29,38,11,34,36,23,43,33,18,33,38,29,31,14,27,37,37,31,41,32,19,10,14,40,14,40,41,13,17,15,17,37,15,39,33,18,30,38,40,35,41,32,39,28,36,39,32,39,37,31,28,42,7,10,36,27,12,37,39,45,25,30,30,34,29,24,38,30,36,41,11,26,38,39,29,28,42,15,23,39,37,32,27,13,37,11,30,32,37,32,43,37,34,37,21,11,33,41,15,40,34,33,31,35,34,11,32,21,35,10,14,27,42,31,33,31,33,17,8,29,35,13,35,39,15,43,14,26,29,43,27,31,42,18,31,37,12,27,37,34,18,35,15,27,32,36,28,32,11,28,32,42,14,32,12,35,38,14,37,29,33,27,15,21,28,36,44,36,14,31,20,47
36,31,37,32,34,36,16,34,37,37,37,41,36,23,43,33,31,35,33,10,36,42,41,35,29,42,18,33,34,43,37,33,32,40,31,37,27,17,37,21,35,36,37,15,33,46,43,16,33,31,13,37,36,28,17,43,13,35,30,15,13,42,35,34,38,35,35,16,39,38,30,10,39,45,17,34,41,35,38,33,36,33,30,35,11,35,41,34,35,17,29,30,38,41,39,37,26,33,34,22,39,29,34,15,17,21,18,42,15,32,41,18,14,23,33,18,14,34,10,30,38,38,35,20,10,43,13,38,40,9,41,36,36,36,35,32,34,42,36,42,29,37,35,35,34,35,37,34,40,47,30,29,9,31,38,13,35,39,16,15,11,17,33,17,29,33,29,28,40,46,15,22,35,36,32,43,35,32,38,41,32,34,43,15,31,27,31,24,27,32,26,30,19,29,39,38,38,28,37,35,50,35,34,36,37,14,13,38,31,12,34,33,37,42,36,27,39,29,11,36,43,15,34,40,33,27,14,35,28,12,38,34,37,42,33,37,38,38,31,33,40,39,38,41,39,31,34,30,40,37,18,30,41,15,36,28,36,12,34,38,32,17,47,24,16,34,12,31,36,16,15,40,11,29,38,37,36,37,17,36,36,26,28,12,32,20,33,32,37,31,36,32,32,41,21,17,17,20,13,28,11,31,32,20,16,28,32,30,33,35,39,27,16,35,43,36,12,38,12,30,33,34,38,13,37,8,23,34,29,39,30,31,31,31,18,20,40,31,38,35,39,12,17,29,38,30,35,40,33,28,36,35,37,37,15,28,6,44,36,36,16,30,27,34,32,32,25,15,15,38,37,42,34,33,36,38,40,36,33,39,31,30,39,38,39,32,32,29,36,18,35,35,36,19,17,32,32,35,20,36,31,33,26,9,37,13,13,30,38,11,16,12,43,27,36,39,35,20,35,39,35,37,27,36,14,39,42,34,14,39,40,32,18,27,34,34,31,26,28,33,35,13,10,37,41,25,38,35,28,33,11,42,8,42,14,17,12,44,11,32,35,41,37,42,15,15,38,13,34,14,13,11,36,20,39,32,43,33,13,38,35,37,32,29,35,39,10,32,40,17,20,31,33,39,32,11,35,36,32,39,28,30,14,31,17,32,33,34,38,17,36,12,37,43,39,30,15,39,33,38,22,13,30,30,27,17,23,31,45,31,18,32,34,43,40,37,34,39,31,39,34,26,22,37,15,39,36,30,29,37,18,28,30,30,26,32,37,41,41,43,41,31,36,31,36,33,17,32,30,36,31,35,29,41,17,34,35,12,31,30,16,34,40,42,16,13,34,19,17,43,14,31,18,13,9,37,32,34,39,17,26,37,34,36,26,31,29,49,33,32,14,35,37,36,41,32,35,34,9,16,11,34,34,43,13,35,39,32,31,41,42,37,40,32,40,36,42,31,33,38,42,31,29,42,38,35,40,19,41,20,40,29,16,36,28,38,30,15,40,36,14,33,18,36,40,15,17,26,43,27,34,42,33,41,13,11,34,36,24,31,30,12,26,18,36,49,38,17,15,35,46,43,17,42,36,33,38,42,30,29,26,30,40,17,28,18,29,7,38,36,44,36,42,15,39,43,17,39,37,29,13,30,33,40,17,17,8,39,32,33,34,32,35,42,42,36,31,11,31,18,26,42,32,10,35,35,16,29,40,34,34,45,38,14,18,33,32,35,14,33,10,39,26,10,37,43,29,35,29,37,44,39,46,36,40,14,36,10,25,38,40,32,42,29,43,38,34,29,34,34,38,36,13,13,35,30,37,13,40,34,43,35,31,33,32,13,35,14,32,35,40,34,44,34,34,34,38,10,33,16,33,40,38,33,28,35,32,33,32,39,47,39,35,28,37,33,30,18,40,39,33,35,26,44,29,29,34,20,33,33,18,41,32,32,34,42,34,19,44,37,19,40,33,20,34,15,12,26,36,27,40,15,31,43,13,44,14,33,19,40,41,36,37,33,39,33,32,18,43,18,30,38,8,33,15,37,25,42,14,34,29,36,39,16,39,27,36,16,40,15,32,13,33,33,19,38,35,33,27,27,23,37,33,36,16,33,30,33,25,33,31,31,34,36,11,32,33,36,38,32,13,33,39,35,45,31,42,40,35,31,28,50,37,33,15,7,16,31,13,27,29,32,17,15,33,11,33,42,35,32,30,36,30,30,11,39,41,36,30,35,38,40,11,31,31,36,40,34,37,30,38,37,36,37,35,27,25,36,27,27
40,8,41,37,41,39,33,10,34,18,40,39,36,43,40,13,37,44,35,13,39,21,26,39,12,17,41,32,39,18,30,33,29,15,33,38,11,35,32,43,35,17,50,37,33,37,28,32,15,38,38,15,28,36,34,29,11,40,28,17,34,12,37,39,14,34,18,35,39,16,33,31,38,32,15,31,12,32,36,39,18,37,23,31,32,13,20,15,30,14,39,29,19,11,34,14,13,42,41,35,7,35,17,36,17,25,34,40,7,16,13,28,38,30,36,11,17,31,19,30,34,34,38,29,42,17,37,21,11,34,28,11,15,41,19,36,30,12,35,29,17,48,35,12,31,17,16,35,31,16,35,36,32,38,40,32,35,38,29,11,30,29,40,38,47,41,33,26,43,25,35,35,36,39,32,13,41,37,32,35,29,29,40,32,42,35,17,34,41,19,36,34,36,34,37,38,31,44,19,38,15,31,38,12,24,35,31,32,12,13,38,34,41,9,38,41,31,31,33,37,32,37,43,42,28,18,34,39,36,32,14,12,39,20,37,10,32,27,28,38,40,16,39,37,39,19,34,30,38,33,30,31,35,18,34,35,35,31,23,38,37,36,16,38,29,12,33,36,34,33,40,21,41,37,13,39,19,29,40,33,10,29,39,36,14,37,37,30,15,18,22,33,41,30,14,9,42,40,36,36,37,38,14,26,36,44,36,14,40,29,39,13,30,39,27,27,29,12,37,32,31,18,28,14,42,38,36,18,40,34,26,38,40,33,37,48,35,35,14,11,14,41,13,41,37,28,16,30,35,37,34,29,39,18,30,31,46,35,34,12,15,30,37,40,34,12,44,36,39,34,29,31,39,35,36,35,35,13,36,44,35,31,20,30,9,16,34,36,40,39,30,33,25,10,42,16,36,27,33,43,13,40,39,27,35,14,37,17,34,17,35,38,41,13,33,34,14,28,40,31,36,32,37,42,14,35,29,44,37,17,34,35,17,35,40,36,28,27,30,25,32,30,37,31,16,36,15,34,38,28,37,12,36,35,40,16,15,13,15,32,14,32,40,37,11,34,36,12,37,36,19,41,27,15,35,36,31,33,15,40,36,13,39,33,30,33,39,38,27,38,17,30,13,19,28,34,13,35,31,35,39,39,35,29,46,33,17,42,29,16,26,29,15,39,9,43,19,15,32,30,16,13,39,9,27,16,36,12,17,29,15,37,34,31,30,32,33,28,10,34,38,13,33,35,11,36,24,15,36,43,35,35,32,40,36,28,39,41,31,35,23,15,17,30,35,36,38,34,32,10,36,32,42,34,35,35,40,33,34,33,36,38,34,33,25,14,30,30,35,33,11,45,18,30,17,41,26,11,41,43,39,41,38,22,16,29,18,18,36,40,26,13,12,39,23,34,17,36,39,40,45,32,21,41,19,35,45,36,15,33,37,28,36,9,36,14,31,23,46,44,12,12,35,35,29,31,41,33,42,30,16,12,42,14,31,20,39,31,41,31,36,29,12,40,30,17,34,33,19,37,31,10,39,37,14,16,35,33,34,35,44,29,15,35,34,52,36,13,29,35,35,16,17,16,38,32,43,21,16,40,35,37,33,30,42,33,31,42,27,31,22,18,34,30,27,26,36,32,15,28,34,36,36,37,11,26,38,36,32,33,35,14,34,31,23,32,6,14,36,6,38,29,36,35,16,33,34,33,45,36,33,19,41,32,12,33,36,39,36,26,36,30,27,38,14,35,34,31,13,36,39,37,36,38,10,27,13,40,12,32,34,35,14,14,38,33,16,34,34,12,17,16,36,14,30,37,33,34,37,14,38,36,35,18,35,29,33,14,40,17,34,42,41,16,18,13,36,42,36,43,9,36,41,42,26,31,37,31,37,30,37,23,36,34,35,31,10,34,18,39,14,37,32,14,30,27,38,42,28,29,43,23,34,48,25,15,43,36,30,38,37,19,32,10,36,32,18,39,31,40,38,40,14,11,37,40,36,13,11,36,37,39,36,11,32,15,29,38,33,36,33,36,39,14,40,41,40,23,34,15,16,37,41,18,29,38,31,11,43,10,30,28,17,24,31,14,36,39,24,30,43,30,27,11,20,36,31,13,30,32,23,31,13,37,26,15,11,39,13,32,31,36,14,33,41,36,38,11,31,36,37,25,34,33,36,45,15,34,31,30,31,34,37,43,19,37,32,31,34,27,37,32,19,14,37,37,33,44,36,14,32,19,34,35,17,37,13,45,35,27,34,30,37,31,10,38,41,32,34,13
34,43,45,26,19,41,39,35,28,37,13,44,30,30,36,9,35,35,18,18,38,39,12,26,17,36,39,16,33,32,31,30,29,34,35,37,9,29,32,40,30,32,29,38,11,32,35,34,16,40,34,8,32,34,12,40,33,13,35,40,29,13,45,38,41,39,41,34,40,17,10,36,14,14,17,41,29,41,31,27,39,38,10,17,31,52,17,32,44,34,40,26,15,34,33,36,31,12,35,28,22,37,26,32,37,31,35,35,36,33,34,18,40,11,34,28,18,35,28,32,10,16,34,14,18,11,34,10,39,34,16,35,36,21,8,18,36,20,36,31,27,37,30,34,33,10,34,20,42,39,36,38,39,33,20,17,16,36,30,33,35,42,16,14,42,17,28,36,19,27,36,38,33,36,23,34,33,38,23,35,33,35,38,29,37,35,37,17,16,28,32,31,34,29,33,15,11,33,41,36,17,12,36,17,10,40,22,38,38,11,9,26,33,33,11,41,17,27,39,35,31,40,18,37,19,43,37,29,11,34,20,35,36,36,24,26,33,32,33,33,43,30,30,38,26,9,38,11,26,36,35,40,16,30,37,31,17,34,35,27,19,29,13,35,32,31,16,17,18,27,24,13,39,27,41,29,32,33,15,36,33,40,33,45,41,37,31,37,35,39,13,38,16,36,33,18,16,39,17,30,37,32,24,40,39,24,29,38,17,37,38,39,37,26,44,36,38,35,31,44,15,13,42,29,11,35,35,35,20,35,42,31,34,38,29,18,17,32,35,30,30,46,39,34,31,44,25,17,41,13,33,31,31,37,33,29,22,30,21,18,37,43,43,32,42,37,12,35,37,33,31,17,19,18,36,25,39,33,32,27,34,37,32,34,36,28,31,35,42,36,33,35,40,12,33,26,17,48,38,35,31,38,31,17,34,35,27,31,26,40,31,36,40,32,35,40,15,43,40,18,14,17,30,35,33,35,41,41,36,36,15,29,40,13,28,29,38,20,35,18,17,33,37,37,40,24,42,31,38,14,15,32,37,35,36,28,38,23,43,42,40,33,41,34,34,13,36,41,15,33,19,36,32,35,43,32,38,16,36,38,15,8,17,31,32,41,23,35,33,32,43,25,31,19,34,19,23,38,33,38,14,33,32,24,37,41,35,34,38,17,12,22,43,38,31,28,35,33,31,12,18,11,32,22,37,10,35,26,29,12,18,42,37,35,39,15,15,30,32,38,34,36,9,36,19,34,40,16,36,28,18,43,44,13,34,35,24,11,11,24,32,14,36,39,32,29,44,34,20,16,31,26,33,34,30,37,10,35,16,39,35,37,35,31,37,41,44,31,34,38,14,36,26,18,43,38,42,33,13,42,38,28,33,37,14,27,12,26,14,38,41,28,39,37,28,34,29,33,34,10,30,36,33,33,31,16,35,26,23,31,32,33,33,43,28,38,28,26,34,42,38,16,30,11,34,17,34,30,34,26,36,10,33,15,32,35,37,31,13,37,40,35,18,16,39,34,30,36,43,11,14,15,13,42,38,16,46,29,47,17,33,34,13,37,27,33,36,27,29,12,13,13,39,37,37,30,17,37,31,15,24,40,40,39,29,30,38,13,30,40,45,35,42,14,39,37,39,22,36,40,34,18,31,32,32,33,16,10,33,11,16,37,26,13,34,29,17,30,41,39,17,33,29,35,33,36,31,24,12,38,34,44,36,20,16,30,28,36,31,31,35,26,40,34,16,33,13,38,35,13,17,30,31,28,41,33,26,13,32,36,36,29,37,36,31,38,33,16,37,26,8,39,26,42,19,37,16,17,36,12,18,35,33,18,35,43,33,40,11,34,43,14,29,15,27,40,31,34,34,35,14,31,11,37,31,38,37,38,37,30,32,34,38,19,19,30,11,34,36,39,39,33,43,14,35,30,14,35,14,12,36,33,43,35,37,13,32,15,37,26,41,12,44,40,28,30,11,34,32,32,42,34,39,38,37,42,18,38,36,35,10,38,17,16,37,44,11,14,12,39,19,32,30,33,27,32,16,15,38,40,36,38,34,8,30,37,30,11,16,38,43,37,34,17,11,26,34,38,39,29,32,17,35,31,35,36,21,31,30,44,33,37,36,38,39,40,43,9,29,39,10,14,10,35,36,34,30,15,30,16,40,32,40,33,35,32,42,37,43,38,35,40,32,33,38,17,29,33,32,37,30,42,10,36,36,34,23,39,28,29,25,33,22,16,36,14,16,13,35,32,37,35,36,13,11,16,32,33,14,40
30,30,41,17,38,15,39,40,32,34,29,20,31,44,35,31,37,28,20,40,42,15,40,18,35,19,37,43,33,34,34,39,32,44,37,22,36,20,36,19,31,36,36,36,32,37,13,18,38,35,14,37,36,34,20,40,44,38,35,42,14,34,33,46,12,24,34,27,40,40,41,34,34,28,35,31,39,30,38,31,21,30,36,30,40,43,33,33,41,14,19,39,38,33,21,35,25,32,32,33,30,25,23,16,12,32,37,13,27,37,42,36,15,42,33,35,26,14,17,23,38,19,9,38,30,35,30,11,32,29,45,15,17,18,15,36,30,42,36,36,30,25,38,34,7,37,35,36,36,30,16,20,33,8,32,37,21,35,16,41,13,41,16,33,35,33,37,32,40,13,36,27,44,32,40,40,32,34,40,46,42,28,25,14,35,26,15,30,13,15,35,30,43,34,37,32,35,24,16,37,35,12,40,42,38,36,10,44,37,31,33,40,38,42,36,24,35,39,48,43,31,17,31,18,14,18,37,35,38,33,18,32,10,43,9,41,15,41,41,16,41,19,34,8,14,40,33,15,28,38,28,33,37,37,30,36,34,39,20,35,14,34,36,35,33,22,29,12,13,12,48,42,12,29,37,40,33,25,17,32,33,11,42,36,39,32,28,38,18,31,35,32,39,37,39,29,31,16,41,35,35,38,30,34,30,15,30,34,37,38,17,39,37,39,33,33,33,33,33,30,32,12,14,17,36,36,38,11,14,34,30,35,43,36,31,23,37,38,13,47,36,11,30,11,38,14,35,39,34,10,38,6,39,39,44,34,38,8,19,32,39,18,40,34,37,37,38,35,39,32,48,30,21,38,35,38,9,39,35,18,36,40,31,30,31,39,38,13,16,30,37,47,40,12,26,23,40,39,13,38,38,36,11,34,41,34,43,33,37,35,27,29,14,30,31,32,27,21,31,34,28,42,33,36,18,35,34,29,35,15,26,37,22,34,46,45,34,37,32,40,44,35,17,14,31,34,31,30,17,36,33,44,7,32,26,39,28,35,15,32,41,30,33,30,30,10,39,41,28,29,14,39,15,43,18,40,37,33,30,15,20,39,34,11,41,16,37,39,13,32,34,14,37,43,26,38,37,33,37,36,32,33,32,15,44,40,40,42,12,36,35,27,18,16,36,10,17,47,28,31,35,31,40,33,31,35,31,33,31,38,38,36,33,15,37,16,14,25,31,33,13,34,36,41,32,40,15,46,33,13,31,35,16,37,35,38,29,21,34,35,34,39,28,26,34,44,42,18,12,39,12,11,32,29,35,28,30,32,40,28,32,17,19,12,34,35,36,40,36,33,34,38,32,30,36,11,40,41,40,32,17,33,28,34,24,33,35,34,38,24,11,15,33,34,35,35,36,18,21,35,18,37,10,13,44,33,30,6,31,35,43,37,41,17,35,31,43,36,36,10,16,43,37,34,32,31,31,38,37,13,29,36,31,40,11,34,32,34,37,31,9,38,18,41,38,46,45,45,37,44,33,16,35,32,37,34,35,40,36,31,37,31,23,39,39,33,35,27,31,34,36,12,41,39,14,37,27,32,34,37,28,36,16,37,12,37,45,15,35,41,37,11,34,13,16,12,18,29,36,9,32,14,36,34,31,28,18,36,34,15,48,40,31,32,31,34,35,41,14,9,40,40,29,34,46,37,33,12,29,27,13,38,39,42,15,36,43,18,10,34,35,13,31,34,41,34,37,29,36,29,30,30,31,32,41,40,31,8,33,42,8,27,35,34,39,40,32,21,26,14,37,36,38,39,36,16,19,31,16,38,46,38,40,40,16,28,20,32,29,42,38,31,36,34,32,45,35,29,17,39,26,17,37,42,35,32,38,37,11,34,39,34,14,44,37,41,39,42,26,18,30,27,33,32,41,44,37,41,36,33,16,38,39,41,35,34,32,36,37,42,41,35,31,33,31,42,42,36,43,37,35,21,42,35,35,34,35,35,33,31,34,32,41,35,27,10,29,18,17,32,18,36,42,27,37,40,38,39,27,39,27,33,39,21,40,8,29,22,33,13,14,36,33,33,36,40,35,30,19,43,44,11,13,11,30,16,42,44,29,10,15,17,33,14,44,20,30,15,16,39,16,31,36,38,27,15,44,20,39,41,36,35,30,16,34,48,39,36,40,30,41,18,43,6,42,12,16,13,34,20,21,17,31,43,34,36,30,31,29,38,41,43,12,38,9,38,14,37,12,31,29,34,25,16,33,16,43,33,36,39
38,31,12,34,22,39,35,14,35,36,35,12,12,18,32,28,14,34,25,33,28,38,12,38,34,13,35,31,36,34,32,40,34,27,29,28,35,34,30,34,35,31,23,9,30,35,17,31,34,37,43,37,41,10,36,11,13,17,33,28,28,30,31,34,16,35,30,25,34,31,39,17,32,17,32,11,39,35,33,37,35,31,28,32,34,15,33,34,33,39,11,16,17,32,37,35,10,36,34,17,32,37,11,44,18,40,34,29,22,14,11,8,35,38,36,37,39,36,32,21,43,12,19,36,33,15,32,34,16,28,34,16,35,17,13,19,25,33,31,32,35,39,32,38,13,36,37,38,35,37,32,29,11,24,45,38,21,39,12,31,19,34,34,33,31,11,45,32,36,37,35,39,15,29,18,35,39,39,41,40,32,30,45,35,36,32,37,28,29,29,37,13,15,16,33,9,44,37,42,32,30,46,33,34,37,14,35,31,31,43,32,12,15,30,28,45,44,31,16,32,30,12,41,34,28,23,18,34,41,34,34,35,11,34,32,18,32,33,38,39,30,41,37,20,37,40,32,39,40,29,31,13,34,21,32,36,43,47,11,36,17,19,30,36,34,35,33,31,6,31,35,34,21,42,43,30,30,39,15,37,31,35,38,15,38,39,19,43,35,28,31,46,41,30,30,47,16,31,35,9,24,18,36,30,38,37,30,35,13,41,19,16,37,16,34,35,34,32,41,32,37,30,31,38,16,17,35,17,18,37,14,33,29,17,14,34,14,41,17,27,33,18,16,13,37,15,28,35,27,31,38,19,15,16,11,30,35,12,32,9,34,41,30,20,13,14,8,19,36,14,43,47,17,16,31,34,14,34,39,38,30,28,33,18,42,12,39,9,47,35,31,31,39,32,12,34,14,34,19,37,33,37,22,36,30,34,38,33,31,28,39,31,29,42,17,18,10,12,35,33,37,34,37,37,26,39,17,36,29,41,34,34,40,35,36,37,31,37,36,14,33,39,35,39,42,42,36,36,17,15,27,35,9,38,33,12,18,18,32,19,39,27,35,34,9,29,34,15,33,25,44,32,43,37,24,29,31,38,36,30,13,38,29,42,37,37,16,40,45,18,12,38,36,37,38,13,30,13,17,14,35,32,19,13,38,16,42,39,34,28,37,37,8,16,14,35,33,32,31,38,28,15,38,20,24,42,35,19,18,18,15,42,39,34,33,45,30,42,43,41,32,34,30,36,16,8,29,31,16,37,30,24,24,43,13,30,35,34,42,37,12,38,34,12,31,35,36,18,14,21,23,16,32,33,19,42,38,33,31,37,36,35,13,31,37,28,31,32,40,32,29,32,28,32,41,12,16,40,36,42,28,34,38,32,11,30,35,29,29,40,30,22,38,35,19,34,40,32,19,36,41,34,15,36,45,36,18,34,13,35,38,32,36,40,14,27,13,34,34,32,35,37,40,39,14,29,35,38,34,12,43,28,12,32,9,40,30,39,13,30,31,42,35,47,45,18,31,42,33,36,38,38,40,32,38,32,27,16,17,23,34,38,39,30,35,34,32,32,41,32,39,19,36,29,12,27,30,32,30,12,17,16,13,34,32,11,16,27,17,40,37,33,40,28,24,41,36,40,11,38,30,13,33,36,26,33,37,40,32,33,34,35,26,17,29,34,16,9,16,14,34,22,14,29,43,35,14,32,42,14,38,14,35,34,31,14,20,33,25,27,32,11,17,42,37,32,36,18,38,20,33,23,14,40,30,36,15,31,42,42,33,33,37,38,14,33,13,31,12,35,29,38,40,35,10,25,43,16,33,35,11,38,37,19,36,32,12,31,36,28,39,29,34,34,31,41,40,29,16,32,35,40,18,38,33,37,42,41,22,33,42,40,37,35,37,34,35,13,40,38,33,39,34,16,33,40,33,31,16,41,37,11,46,16,36,34,41,36,41,13,33,36,37,17,15,30,33,15,28,29,38,14,17,16,40,14,41,37,30,28,41,36,17,39,37,17,33,34,39,33,35,17,37,37,32,38,36,33,16,17,39,37,44,14,33,16,33,10,37,11,21,33,42,35,18,30,44,36,35,13,35,38,40,42,35,24,26,35,16,34,33,14,43,42,31,32,38,34,38,15,13,25,30,12,30,41,30,12,34,34,31,38,29,15,33,37,13,18,36,37,39,30,29,20,32,36,16,21,30,32,18,19,37,43,31,31,39,37,21,34,33,32,42,44,42,15,34,43,34,32,41,10,15,17,40,33,13,32,35,39
33,38,36,34,40,30,34,33,44,14,7,42,33,37,32,31,11,7,42,40,33,43,16,41,34,33,31,34,34,33,26,33,31,10,38,38,42,38,34,32,32,15,12,33,40,10,19,9,27,16,37,27,19,37,18,36,29,9,29,35,31,30,16,30,31,31,32,43,30,29,32,33,36,28,32,32,33,32,43,13,9,42,32,27,20,39,39,32,38,37,38,26,27,27,21,40,31,43,45,35,21,36,38,32,45,32,29,26,14,16,29,36,18,36,26,25,34,32,42,36,35,38,31,41,31,33,24,40,27,8,25,8,35,33,45,27,11,36,36,8,34,21,37,14,29,11,33,39,26,37,37,36,31,44,29,39,32,26,35,17,31,30,47,33,37,37,35,38,13,16,13,26,32,20,10,34,34,18,20,15,48,30,41,31,22,36,18,28,28,16,40,39,35,34,13,13,42,29,20,24,34,35,37,14,36,40,28,15,43,38,38,32,41,11,40,15,36,10,13,30,17,28,40,34,33,11,34,36,32,28,42,22,26,20,10,26,33,14,38,29,39,36,37,19,30,41,31,12,38,25,36,40,37,20,32,17,39,37,19,31,31,36,40,33,30,35,36,14,39,10,40,19,32,36,28,11,26,29,34,39,17,33,38,15,35,19,8,31,35,9,34,39,41,36,33,28,36,11,37,39,47,11,33,33,36,43,36,33,13,38,14,13,27,18,12,34,36,36,31,31,11,16,27,28,13,35,39,43,14,36,18,30,44,30,17,17,41,16,30,19,18,35,33,16,34,32,31,42,33,30,35,38,23,49,39,40,11,41,34,24,31,38,31,30,36,32,12,43,16,36,13,38,30,36,44,34,37,32,31,43,35,36,33,29,32,16,28,13,40,38,12,38,33,29,37,22,26,33,34,17,33,30,40,16,36,37,36,33,38,35,30,37,39,16,32,41,27,34,41,30,17,21,33,37,36,33,31,39,41,35,13,15,13,41,33,10,35,41,35,35,42,44,32,34,40,14,35,37,32,36,40,31,33,32,34,41,33,42,36,35,14,23,20,13,17,36,21,19,32,13,20,21,16,32,12,32,34,39,13,15,11,31,36,19,21,37,30,10,28,33,17,13,17,41,42,43,31,38,45,35,37,30,40,42,34,13,32,30,41,36,16,14,32,36,30,37,20,34,17,36,31,35,41,30,13,43,24,30,27,38,12,30,35,35,28,39,37,43,34,40,19,40,15,33,32,15,45,34,31,30,19,19,34,43,31,34,34,37,36,38,39,38,42,13,36,36,36,18,36,37,29,36,15,31,12,16,12,36,43,18,29,32,33,41,41,31,29,28,39,47,31,36,16,32,13,36,13,17,34,36,37,42,35,10,38,37,37,40,17,36,35,34,33,35,33,29,31,34,15,33,33,34,16,27,13,29,40,20,13,37,15,30,30,22,34,34,36,15,41,28,35,36,31,36,33,16,36,15,15,13,35,12,16,42,29,29,34,30,34,10,34,9,33,28,39,36,18,37,37,36,39,31,35,17,34,39,30,27,33,17,34,40,40,34,15,35,14,36,36,29,33,31,14,16,11,47,37,34,15,35,33,31,11,33,15,11,33,13,24,24,31,30,37,33,14,20,34,37,29,16,15,33,36,36,25,37,9,50,36,47,33,35,39,40,32,30,32,10,36,32,46,30,34,15,32,39,29,42,27,42,34,30,35,39,16,36,39,34,26,29,36,33,37,18,24,38,36,12,31,38,11,31,18,37,38,32,41,32,25,36,32,33,17,32,34,36,41,30,36,13,13,41,39,34,32,34,15,10,39,34,40,31,12,13,34,12,40,19,18,19,30,37,39,39,38,11,38,37,34,20,20,32,35,35,36,32,41,35,12,18,32,35,43,27,32,38,15,27,44,13,38,37,36,32,42,16,42,15,41,30,14,34,37,44,35,9,36,38,33,27,35,39,35,34,35,35,38,39,39,37,39,31,39,34,36,34,19,28,39,33,18,31,34,17,44,37,34,45,23,33,43,29,35,34,28,41,34,28,32,34,40,40,39,38,35,39,37,18,36,35,20,35,38,36,39,40,15,42,37,33,17,39,39,33,42,35,31,35,33,42,36,36,9,39,15,30,31,36,37,37,41,35,32,34,35,16,33,24,36,41,35,32,30,31,33,35,31,42,16,17,34,37,34,17,41,38,33,37,31,25,31,12,34,32,41,33,37,38,34,39,45,43,40,43,37,11,31,32,29,35,29,20,41,35,15,19,43,34,30,32
44,40,31,35,32,13,36,37,34,35,13,28,33,29,40,37,40,34,26,34,14,16,16,33,16,36,44,13,42,38,19,38,39,35,33,17,15,21,19,35,31,12,15,12,31,41,36,29,15,25,44,32,32,17,34,28,31,41,20,30,40,35,34,12,41,37,12,32,35,35,38,43,28,50,19,32,36,39,33,16,36,12,13,24,34,37,32,38,39,40,35,41,18,38,36,35,33,34,31,30,19,35,31,15,39,21,13,40,36,36,10,36,35,31,14,21,37,11,31,18,41,30,33,17,38,37,37,35,32,39,30,39,13,29,31,37,26,33,36,46,33,34,28,32,34,37,38,16,36,45,35,34,39,35,38,35,33,32,36,31,40,36,40,32,13,30,33,36,39,41,14,39,27,33,32,46,29,41,40,25,37,28,11,32,33,19,39,27,30,36,43,32,25,33,39,16,15,39,34,36,33,41,35,41,32,43,31,10,21,37,17,37,32,42,36,21,32,38,35,39,27,36,39,15,25,28,44,39,28,34,30,33,36,18,32,42,34,34,40,27,40,17,33,35,33,41,41,18,7,39,9,14,37,40,27,16,40,17,37,17,39,37,39,35,15,39,31,18,18,35,13,30,17,35,32,36,15,18,20,15,13,37,40,15,39,19,30,35,37,34,14,32,41,38,38,30,39,14,15,18,36,39,16,44,33,36,24,38,35,34,40,33,40,15,34,38,33,35,7,38,43,32,38,36,36,36,45,35,32,43,32,34,31,15,25,31,35,28,15,8,13,16,31,28,18,45,35,11,38,33,37,40,17,19,40,43,40,31,44,31,10,34,43,40,13,29,35,45,20,32,18,16,12,29,31,40,33,32,36,12,26,26,39,27,38,21,17,32,17,32,32,36,32,16,10,38,36,31,31,37,40,8,27,30,35,16,42,28,41,29,36,37,33,35,38,38,35,12,29,38,37,36,35,37,37,36,42,43,28,41,30,33,13,37,31,34,19,12,13,40,39,18,16,34,34,20,44,23,17,39,38,32,7,39,38,35,21,35,35,36,40,26,19,43,14,37,45,40,26,37,26,39,12,17,35,40,9,35,37,34,11,12,22,40,17,36,34,38,37,27,33,36,41,31,35,36,10,22,35,36,35,17,40,39,32,36,31,16,33,33,16,30,31,33,36,33,39,43,34,34,14,40,40,28,31,7,34,42,27,17,47,30,37,15,40,35,33,34,39,14,40,16,37,36,18,11,18,33,39,16,13,11,43,41,39,14,32,39,38,28,31,26,38,31,28,29,14,37,15,11,31,16,21,36,43,36,35,37,11,18,33,31,30,31,26,39,16,29,10,31,9,17,13,37,35,41,41,35,13,35,30,40,13,41,47,29,32,34,16,37,39,35,29,30,30,12,39,24,29,20,39,27,13,34,13,33,25,36,28,35,33,34,35,33,32,28,37,33,39,21,44,26,35,39,18,33,15,15,36,29,32,36,46,32,14,36,44,17,45,27,40,14,30,41,15,9,39,29,35,41,41,40,37,39,35,29,29,15,32,41,26,37,38,29,12,34,34,9,41,34,38,23,30,18,43,37,35,39,36,36,16,38,42,35,33,17,42,31,34,31,33,35,36,25,38,32,31,39,6,11,40,38,42,17,44,29,7,35,38,41,27,29,39,36,33,12,29,42,35,33,40,42,31,16,11,29,40,19,46,16,19,35,42,14,36,33,33,30,33,40,38,37,35,38,29,18,36,32,38,38,16,14,37,35,34,31,35,41,37,35,22,16,13,36,33,35,36,13,38,33,32,33,34,32,18,31,45,34,16,16,28,12,29,11,30,30,34,34,34,16,38,11,44,11,21,34,41,41,38,14,14,26,34,16,14,41,37,35,30,34,12,28,26,29,31,26,35,39,11,35,29,30,36,43,17,13,32,38,34,34,12,34,36,36,29,26,32,37,37,30,33,39,38,23,42,28,31,36,15,27,16,40,31,31,31,33,14,17,35,44,43,31,27,35,19,42,43,19,36,34,37,44,38,26,29,23,17,39,34,33,33,27,44,36,14,35,38,35,34,39,43,31,11,41,32,31,11,39,38,33,14,42,19,29,38,20,30,34,13,26,12,33,16,39,18,27,39,34,31,31,33,33,14,37,45,38,32,12,32,40,18,15,34,38,29,11,35,32,38,16,42,20,39,13,34,40,42,14,29,30,38,17,12,33,18,29,15,35,26,9,14,36,25,19,33,34,36,33,16,27,35,35,17,27,31,28,32,32,36,47
35,28,31,15,16,38,13,31,30,35,40,32,17,40,29,31,15,19,32,36,35,29,16,13,9,32,37,32,37,35,34,9,31,38,25,43,39,44,14,18,36,31,46,22,14,39,33,33,34,36,32,29,23,12,39,31,33,37,37,33,18,35,25,38,19,41,38,12,10,40,32,30,35,34,35,36,12,10,13,39,36,16,34,11,14,15,40,42,39,31,15,17,44,32,40,10,17,9,35,35,35,36,32,11,37,28,18,18,26,33,15,37,43,35,49,32,34,43,12,31,34,37,35,30,11,11,17,34,28,38,34,45,38,13,35,29,31,36,7,34,35,16,41,15,36,31,16,33,14,30,43,28,13,33,37,46,31,42,34,12,30,29,42,42,31,33,32,17,38,38,32,12,27,18,16,35,35,11,37,37,28,18,31,44,22,19,19,14,21,15,34,21,16,31,32,35,20,15,34,33,30,33,34,31,42,32,36,43,34,31,13,32,33,35,35,37,32,34,15,27,36,36,15,40,40,29,46,39,15,35,32,11,14,34,18,39,35,36,25,33,34,44,18,37,35,36,13,30,21,11,34,11,39,38,31,24,9,17,31,38,34,30,37,42,16,18,37,38,33,36,37,37,13,32,39,15,40,28,32,41,25,12,37,14,11,33,32,34,30,30,34,18,40,37,40,32,14,36,35,37,37,10,42,16,29,24,36,21,27,27,26,40,37,28,32,34,11,31,34,19,17,43,28,15,36,36,39,14,36,35,41,14,36,33,18,32,37,36,40,32,41,28,35,41,8,19,36,28,33,30,44,37,34,31,34,38,16,13,7,33,31,31,28,16,29,21,20,34,15,14,34,34,34,15,12,42,34,30,35,39,37,40,32,34,13,30,14,13,31,12,11,9,10,34,32,29,31,20,41,28,34,35,34,40,10,35,34,33,30,44,11,15,29,17,21,37,22,29,25,39,39,28,38,34,37,35,40,31,35,15,11,37,6,42,34,6,45,41,15,25,25,22,32,41,24,45,9,39,26,30,34,36,28,37,16,31,18,36,36,34,38,27,12,34,31,39,33,38,35,40,38,18,38,32,14,35,32,40,42,37,18,12,36,30,11,16,29,40,26,37,38,35,35,40,32,33,30,42,34,39,22,35,45,33,33,39,29,33,41,34,31,14,42,39,19,29,30,30,28,34,34,40,28,29,9,35,38,36,30,35,37,13,16,16,41,39,47,16,36,39,37,15,40,41,27,31,33,44,36,12,27,37,26,36,37,43,36,9,13,42,14,35,9,32,38,15,34,37,36,43,39,32,35,41,35,11,17,34,32,40,35,34,37,36,30,37,39,17,13,35,43,32,35,41,36,41,27,39,32,18,34,39,30,41,30,14,40,16,18,33,32,25,31,29,15,34,37,18,29,15,39,11,13,40,36,30,31,27,29,34,32,35,31,38,18,31,34,46,42,19,31,17,16,31,33,35,30,36,33,44,39,36,29,42,36,46,40,33,13,7,27,17,16,17,33,39,32,15,14,39,19,11,13,42,13,36,34,30,17,33,39,27,38,32,34,33,31,45,33,15,18,31,38,34,13,44,33,24,10,11,40,15,12,31,17,36,36,33,33,23,25,39,27,16,28,43,37,26,30,29,43,34,10,34,28,6,36,36,10,35,36,29,32,37,32,44,28,32,32,15,36,12,35,37,35,29,30,39,40,32,29,43,32,17,33,37,37,31,13,21,41,17,37,17,32,30,30,27,37,26,35,47,37,45,33,17,34,36,16,37,35,31,35,11,26,35,34,33,39,36,33,35,37,37,17,31,32,41,35,31,14,33,32,41,33,16,37,11,18,15,30,36,32,30,36,19,40,30,29,36,34,30,39,39,31,36,36,45,32,36,30,20,41,25,32,34,35,26,17,35,41,31,39,30,41,38,10,35,17,28,37,11,28,18,43,38,12,33,38,14,41,28,13,34,35,37,47,29,38,11,34,37,14,13,29,35,36,35,34,30,14,33,37,16,31,38,29,15,36,31,39,11,33,33,36,31,30,13,13,32,39,30,48,37,36,11,8,23,13,39,33,36,31,30,36,40,43,42,17,35,36,30,34,35,14,30,38,34,34,32,14,14,32,37,31,26,13,33,16,31,39,18,36,36,29,35,35,30,29,15,19,37,30,33,26,19,46,14,41,34,40,14,36,31,14,33,31,19,27,39,13,19,15,36,37,34,18,16,37,21,35,46,35,41,31,16,15,32,28,18,38,16,33,31,12,11,22,14,18,40
15,39,29,35,31,37,29,15,23,14,13,36,35,17,31,29,36,40,37,30,35,15,42,33,29,15,36,17,18,35,33,14,31,10,31,31,37,10,30,28,15,38,43,32,38,32,39,37,31,36,34,30,12,32,32,33,15,21,35,34,17,33,30,43,42,44,34,30,35,26,40,33,34,26,31,32,34,33,17,33,11,10,10,12,45,28,41,29,38,30,33,27,36,30,39,17,44,34,12,38,29,16,37,13,25,40,14,38,37,31,19,32,39,37,28,34,40,16,14,37,35,37,41,13,18,42,31,44,36,39,38,33,36,6,34,35,12,37,40,36,12,32,40,40,32,32,34,17,39,14,36,13,37,28,13,13,12,41,43,24,13,37,17,32,44,38,15,35,34,33,26,17,29,32,31,33,26,29,37,40,46,43,41,28,32,15,32,38,33,37,35,24,20,13,35,26,38,29,41,30,31,34,14,28,34,34,16,22,28,39,37,32,38,16,35,27,33,33,19,35,12,34,36,17,31,18,18,35,35,43,10,33,25,34,16,44,43,36,17,28,24,12,14,30,39,41,15,41,33,31,15,32,33,40,33,31,33,12,34,29,42,30,29,10,43,34,38,35,29,37,29,17,10,36,34,32,36,40,12,33,34,16,40,29,34,42,39,32,40,34,34,14,32,38,38,13,35,32,35,41,40,39,32,32,33,28,17,22,37,38,35,34,11,22,39,36,37,11,32,15,34,14,12,37,37,43,33,37,32,32,40,35,35,36,39,28,43,38,13,34,13,31,41,23,33,17,28,40,39,15,41,39,28,32,41,29,32,16,35,33,34,34,15,13,36,40,42,40,36,43,19,33,44,15,10,11,33,31,35,23,35,35,30,26,19,30,34,19,35,38,23,34,35,44,34,18,32,42,16,39,40,32,20,23,34,33,35,33,18,18,33,41,16,37,33,34,19,35,30,40,29,30,36,38,14,26,31,33,40,30,17,35,33,33,15,34,13,16,42,13,35,36,11,34,36,18,14,12,32,34,37,31,31,13,20,35,41,33,17,32,36,40,44,34,36,32,39,31,42,37,32,15,40,35,31,16,29,13,27,15,19,14,17,13,12,28,34,15,32,15,38,12,15,13,14,34,29,36,39,31,36,38,36,32,36,42,36,13,40,35,21,37,17,41,39,34,19,39,41,18,37,23,35,34,33,37,32,11,32,16,35,29,18,40,14,39,40,16,36,36,34,36,13,40,38,17,10,40,11,34,20,26,27,16,37,43,37,41,36,33,36,36,40,39,36,45,44,32,36,41,32,26,44,15,31,28,18,14,27,12,9,36,29,32,28,40,35,26,35,36,41,36,13,35,19,14,33,43,14,36,16,32,42,42,42,15,46,34,29,33,39,11,33,8,34,37,36,9,36,36,35,34,33,27,42,19,41,27,12,15,37,30,35,34,34,36,33,13,35,34,19,34,31,13,41,39,38,30,11,32,31,38,36,34,30,39,21,13,37,34,41,15,30,30,12,38,36,31,38,31,28,36,31,36,33,42,38,30,12,29,40,36,29,26,37,36,38,42,12,32,33,35,43,42,39,27,36,33,40,38,27,38,38,33,34,12,16,33,19,37,41,28,28,28,36,33,29,37,43,37,42,42,39,36,39,41,27,41,27,33,34,16,38,18,14,12,41,32,41,41,21,42,35,14,13,20,38,36,33,36,42,40,38,35,18,35,25,31,21,28,30,36,33,41,33,40,14,31,18,35,39,27,8,34,40,11,17,26,36,35,34,19,13,29,34,38,47,29,40,32,38,33,45,31,43,12,46,36,33,40,35,35,35,34,35,36,21,37,38,41,38,22,14,28,15,30,38,35,20,38,38,18,33,33,34,34,30,42,41,11,32,41,28,40,35,12,44,33,33,13,34,15,38,13,32,41,30,36,38,18,36,44,42,39,31,31,35,34,15,37,9,22,16,13,26,35,43,39,46,26,33,31,29,41,40,38,30,38,41,14,33,32,38,14,36,36,38,34,28,43,15,36,34,15,37,40,14,33,37,37,15,47,25,36,29,33,32,38,33,38,34,36,30,38,40,17,37,26,34,19,36,38,38,38,30,35,16,36,38,13,28,33,31,16,14,32,12,35,10,38,41,32,38,40,37,15,38,43,38,26,37,39,43,31,28,34,35,18,35,17,40,34,29,13,45,20,39,44,33,34,36,40,15,14,18,34,38,41,19,15,11,39,31,33,33,32,13,30,30,19,44,34,23,26,38,38,30,42,14,40
13,36,42,34,33,23,35,12,15,13,39,16,44,34,40,16,34,38,29,36,32,38,33,15,34,28,12,28,16,42,29,22,18,32,19,15,12,41,33,37,36,16,38,28,37,31,21,30,40,15,20,39,13,34,29,16,34,27,26,31,30,29,12,31,27,21,19,41,34,40,37,27,15,35,39,15,29,9,34,45,36,37,30,30,20,29,17,40,29,32,42,17,40,39,43,12,35,32,16,36,11,40,37,20,15,47,45,34,41,37,28,8,22,34,39,33,14,36,19,14,33,35,29,27,37,37,31,16,38,35,33,9,37,17,19,35,32,34,16,34,33,28,35,34,40,35,35,35,36,30,15,29,14,37,9,41,28,16,36,33,34,35,14,34,46,35,11,36,38,16,16,34,32,35,31,11,34,10,40,16,37,32,42,34,32,35,39,21,35,17,38,30,32,11,36,44,36,40,33,40,33,11,11,33,30,36,41,30,41,10,12,38,36,7,32,28,19,35,34,28,40,18,38,12,36,30,12,36,26,36,20,31,16,41,36,15,42,15,33,30,35,18,30,31,33,32,27,30,37,15,34,15,30,41,33,18,26,28,38,31,31,31,37,30,19,42,14,38,39,29,28,33,15,38,35,42,28,27,9,10,33,26,13,18,19,18,36,16,33,34,34,34,13,22,32,30,45,33,31,37,30,37,6,34,16,30,32,30,29,40,38,40,38,14,38,30,12,34,38,21,26,41,31,40,15,13,17,34,10,34,14,13,38,10,27,41,39,41,13,16,35,37,39,33,13,40,37,32,35,21,31,39,15,42,33,30,32,36,33,35,22,16,37,12,43,16,33,17,16,30,29,44,15,18,31,38,37,34,32,36,36,37,39,18,20,27,27,38,44,35,36,38,34,14,39,14,32,28,33,18,39,37,16,32,36,32,9,39,36,38,34,13,35,30,35,36,13,31,31,13,12,22,13,12,40,31,42,32,37,32,27,38,43,33,38,43,37,12,33,10,29,32,19,32,15,36,15,37,35,41,31,16,38,33,44,40,32,32,42,38,15,45,36,16,33,41,35,33,36,11,37,36,41,43,39,36,37,32,38,10,33,39,40,47,37,7,44,45,22,16,14,31,30,37,32,16,44,34,19,48,33,14,36,11,32,34,12,47,13,37,20,16,28,16,37,34,37,38,11,37,13,43,35,38,24,33,27,30,39,8,39,14,38,34,11,35,32,35,33,15,31,33,12,44,28,12,30,49,36,18,34,38,17,17,36,39,38,19,29,15,37,18,15,33,14,31,33,26,11,38,36,29,16,36,50,9,33,34,30,35,27,27,43,36,10,42,27,33,10,31,42,40,17,38,21,39,33,37,13,39,16,13,38,34,36,30,9,31,34,36,36,24,33,45,27,11,14,12,40,38,39,34,36,29,36,17,17,42,32,37,19,11,13,14,32,19,38,27,33,37,18,39,41,35,34,40,13,25,41,26,34,32,36,32,18,33,32,36,27,12,31,40,30,20,34,15,16,28,31,33,33,14,34,29,31,36,21,14,23,13,13,30,29,30,12,34,16,31,17,27,45,41,34,13,10,22,34,14,39,42,46,35,35,14,36,33,42,33,36,39,38,37,39,36,32,36,13,34,39,37,39,39,13,41,30,34,42,18,37,36,33,43,31,32,36,38,38,35,41,12,37,34,35,26,14,31,35,32,21,41,37,26,12,16,41,40,39,35,13,13,38,32,42,37,35,16,24,28,14,39,36,43,11,36,41,39,31,36,30,15,17,38,35,12,34,37,36,40,34,9,15,32,17,42,39,32,29,38,37,34,27,33,32,35,36,30,35,44,20,30,38,40,38,31,32,40,22,33,17,36,35,16,36,15,36,34,36,36,19,23,34,12,17,33,36,30,11,29,13,38,21,41,39,30,37,16,31,33,40,33,35,32,44,36,31,39,36,34,34,31,34,19,33,17,40,40,29,14,29,10,33,39,39,27,38,34,16,39,34,41,34,12,35,35,27,39,33,30,27,33,27,34,35,42,37,40,8,34,41,33,42,22,20,35,27,28,11,32,15,13,37,37,13,33,42,32,37,15,45,29,32,33,12,21,16,35,38,30,37,39,16,37,9,37,31,32,29,29,37,36,34,21,34,41,33,39,16,34,32,13,15,17,29,34,30,17,38,12,35,39,16,17,37,13,34,38,33,29,35,29,31,26,32,29,18,34,24,33,27,33,31,35,39,31,37,33,31,16,17,32,31,25,18,41,35,12,43,32,15,38
42,36,36,35,40,36,33,37,39,17,27,32,30,32,25,26,40,37,11,31,42,15,37,13,37,32,27,11,35,12,39,34,36,26,28,36,31,45,33,33,36,32,33,36,32,34,10,35,27,18,15,6,42,14,11,33,30,30,42,42,13,27,14,9,32,38,33,41,34,20,32,27,41,21,30,35,14,31,24,17,12,33,18,17,27,42,16,45,12,29,13,38,27,35,14,38,19,37,38,13,32,14,37,37,38,12,17,37,45,24,44,34,40,32,11,14,26,29,30,34,17,34,41,37,30,38,31,37,16,34,34,26,33,35,46,36,32,41,44,40,15,13,39,12,34,36,33,36,35,28,14,15,37,37,30,41,34,40,41,35,11,35,30,31,39,28,31,35,8,44,41,29,43,42,27,35,42,24,32,34,26,17,12,36,42,41,41,35,32,30,10,35,33,12,33,13,35,37,34,28,14,34,41,29,14,34,36,19,30,42,15,11,13,30,35,39,31,34,13,9,9,31,33,14,32,28,13,16,18,11,29,29,22,12,47,17,35,41,30,30,22,14,30,38,34,21,37,43,32,16,12,32,36,40,30,15,39,12,38,21,35,37,35,43,34,9,30,27,30,18,37,17,32,16,18,12,38,31,33,16,34,31,33,36,9,33,31,14,35,34,41,32,41,32,37,14,45,12,25,11,16,36,34,31,42,37,36,40,14,28,15,20,35,16,36,30,35,10,18,40,34,41,14,11,11,29,39,38,17,27,35,32,36,32,14,39,13,46,38,15,40,37,16,39,14,46,39,36,14,32,16,41,39,38,15,28,30,16,40,39,33,25,16,14,29,16,10,20,21,9,41,35,41,12,27,32,43,47,38,37,43,10,15,17,34,36,36,37,9,41,35,37,37,33,33,14,30,8,37,15,31,13,39,25,36,9,39,33,31,39,43,12,20,34,38,46,32,34,35,36,33,33,38,32,28,34,39,11,17,45,34,40,14,29,37,31,31,40,15,32,14,35,15,16,38,38,34,33,11,40,46,17,14,34,37,37,8,36,16,17,31,32,39,17,21,30,36,38,32,22,34,34,16,33,10,17,11,40,31,35,34,34,35,10,15,16,30,14,33,12,9,11,44,34,37,37,10,35,33,36,18,33,35,43,28,13,42,34,12,43,36,8,31,44,34,36,22,35,30,37,44,42,15,33,35,11,35,31,37,29,33,33,30,27,10,44,11,39,37,35,28,33,14,38,16,35,34,41,35,31,32,39,35,29,44,40,38,20,42,19,36,11,33,33,24,42,33,11,39,35,36,33,12,39,10,41,47,33,33,35,36,41,40,36,31,38,36,23,33,38,15,37,39,34,39,12,36,36,19,41,17,41,38,14,39,33,35,49,17,13,44,31,16,34,15,15,40,38,38,41,35,37,34,43,31,17,28,38,31,36,24,32,32,38,40,37,33,33,46,14,35,12,41,29,40,27,34,33,34,28,34,15,38,34,39,38,38,32,33,39,29,31,27,14,28,32,34,16,34,34,40,15,27,38,31,39,35,37,35,31,34,35,38,17,34,16,37,34,36,35,38,28,24,38,40,27,35,31,32,26,39,39,38,32,37,32,39,32,37,30,18,17,37,37,38,29,35,38,38,35,37,14,12,40,29,38,35,7,36,38,14,29,23,35,13,36,19,22,25,34,16,38,35,39,29,29,37,37,42,36,33,11,40,31,19,31,34,19,43,23,26,26,43,38,41,38,34,40,34,12,13,40,29,15,24,42,8,38,36,27,37,36,11,27,42,33,17,36,33,37,40,31,38,34,17,30,44,39,31,15,34,34,38,33,37,18,37,30,33,38,33,45,34,29,19,25,43,29,20,31,15,27,35,45,35,16,40,26,13,15,18,30,37,29,39,16,35,37,18,39,28,42,35,44,38,36,15,6,33,31,38,33,15,11,35,19,29,30,45,13,37,10,32,20,9,15,29,10,32,14,34,37,13,13,29,33,39,15,37,37,38,31,32,34,33,15,45,43,27,29,40,41,32,36,27,35,38,26,33,36,40,44,31,36,41,48,38,39,36,31,43,16,17,18,40,38,11,34,38,44,34,28,12,16,18,42,28,15,12,36,29,33,42,16,34,32,12,32,11,32,39,37,32,37,22,33,34,34,28,35,42,41,28,37,34,11,36,15,18,46,44,36,30,17,30,31,40,16,17,37,37,14,44,21,32,38,31,14,32,26,34,35,26,18,14,33,28,15,40,39,15,36,11,14,12,37,44,32,26,33
44,34,41,38,29,36,36,36,43,18,27,20,14,44,27,26,12,16,13,29,13,9,41,15,30,28,28,9,33,17,15,12,33,38,34,35,13,41,28,34,47,39,36,37,40,39,19,32,15,15,38,33,9,35,37,25,39,15,11,40,42,36,30,30,34,36,12,8,41,14,19,13,30,34,42,28,17,34,35,27,39,34,33,16,40,32,37,33,28,31,38,32,15,12,15,11,36,11,22,30,36,41,33,16,29,38,35,30,31,35,28,47,37,35,41,38,42,37,10,16,12,36,16,31,30,40,33,29,44,34,31,41,34,38,16,32,17,30,32,44,42,13,41,18,13,12,19,26,39,37,34,15,42,34,35,16,40,30,32,32,9,9,36,31,34,17,39,30,33,37,35,36,31,14,40,37,47,44,27,32,42,31,42,8,15,13,16,36,14,37,38,39,46,36,32,32,34,34,16,15,16,11,34,40,45,29,28,36,35,38,34,38,35,33,11,38,39,33,37,48,22,32,16,13,38,11,14,28,14,36,17,38,33,33,34,41,36,35,16,38,32,38,15,38,41,14,42,16,34,35,37,43,34,40,41,18,32,38,37,33,35,14,16,13,32,37,17,37,26,42,35,12,16,8,23,15,36,41,33,17,46,29,44,39,14,45,34,31,32,33,31,26,40,20,39,41,16,33,42,32,39,23,42,32,36,31,44,27,32,31,21,30,43,34,27,35,37,41,42,15,32,35,37,37,34,34,31,39,40,33,36,32,18,30,41,33,22,34,16,11,31,13,23,19,33,31,39,35,42,35,39,37,39,43,39,14,39,39,8,34,41,32,34,23,41,35,36,17,36,29,36,12,12,35,35,27,36,34,32,38,32,45,35,36,40,35,44,33,29,39,14,26,31,32,42,32,16,31,14,29,31,29,26,37,31,32,39,37,36,42,28,40,23,35,39,15,17,17,10,42,31,17,35,43,32,29,27,34,16,42,44,18,16,41,12,18,34,13,31,41,31,33,46,30,38,29,35,44,37,31,31,33,32,40,26,31,36,34,37,33,14,42,34,43,39,35,18,38,15,9,36,9,34,30,29,37,12,24,16,16,15,39,31,38,10,28,22,36,39,30,28,30,37,28,38,35,31,43,14,40,17,41,33,26,40,36,15,37,35,14,38,24,42,38,7,16,18,36,14,32,38,38,39,37,26,16,37,35,33,36,29,37,37,44,16,36,37,37,38,41,39,11,11,13,31,35,17,39,19,39,27,37,15,32,34,42,36,32,24,38,32,14,22,37,16,35,37,28,19,35,26,40,18,38,36,16,31,34,35,21,32,36,28,31,33,36,36,34,36,23,46,41,18,45,15,34,40,34,13,40,21,17,11,39,32,36,30,10,15,42,31,29,42,11,32,12,34,11,17,32,38,25,24,37,33,31,34,36,30,27,17,33,13,38,22,28,40,34,35,41,43,37,13,13,35,41,17,37,27,15,19,13,32,28,17,39,13,33,27,38,14,43,35,40,14,38,36,35,17,14,13,18,12,27,32,45,36,35,34,45,15,38,47,31,43,44,13,38,35,28,30,34,36,29,39,36,16,15,40,36,32,33,31,38,37,38,40,17,30,12,41,33,33,33,32,20,34,20,22,39,36,42,39,12,26,36,15,15,16,35,49,35,17,25,31,39,19,36,11,36,34,38,23,37,33,35,37,47,39,31,13,30,40,37,14,21,33,14,36,34,35,38,45,35,34,33,21,37,36,28,33,27,19,36,35,35,34,31,33,30,23,33,30,33,9,33,30,32,34,38,33,38,43,6,39,34,17,34,21,38,38,29,24,31,36,25,39,13,28,39,54,36,15,31,37,33,34,36,39,39,32,35,11,37,16,45,31,28,43,34,14,20,31,23,36,37,35,37,37,35,33,39,38,14,34,43,30,40,40,31,29,12,38,19,21,38,36,33,44,38,42,31,36,15,37,34,36,18,39,29,36,11,31,22,45,36,35,34,35,28,32,13,19,13,33,18,13,43,25,39,18,27,13,27,35,35,35,38,17,38,17,17,26,36,40,33,10,14,33,17,36,34,35,38,15,37,36,33,12,33,37,41,36,28,35,34,33,34,31,27,44,13,34,43,35,21,22,18,19,27,35,20,41,42,17,20,33,23,34,30,37,39,46,25,42,42,34,38,34,10,38,33,39,17,33,35,34,31,38,32,37,37,31,31,29,38,29,17,34,36,36,34,39,15,32,12,12,11,17,16,16,30,39,33,42,11,44,19,34,32
37,38,35,41,44,41,35,19,12,12,30,34,40,29,14,13,16,21,13,31,30,26,44,29,34,21,36,18,15,36,35,34,13,16,33,10,14,37,35,32,34,33,38,42,37,37,47,27,33,27,14,18,24,11,36,31,7,36,39,37,21,14,27,15,47,32,33,34,35,11,17,30,16,10,48,14,37,35,21,34,12,16,16,33,16,15,39,38,36,10,36,37,42,37,37,37,38,39,35,29,32,35,14,32,41,32,28,32,14,28,36,31,44,31,32,31,34,37,35,33,35,30,39,37,31,39,14,35,24,37,29,34,33,42,41,43,40,24,37,31,34,16,37,40,15,39,11,35,43,39,41,14,40,43,34,37,29,30,31,12,40,33,43,42,41,33,14,32,38,23,35,49,38,11,38,32,30,36,32,35,38,41,13,17,22,18,28,33,11,33,33,33,27,14,30,32,35,37,30,34,29,34,35,38,31,37,18,27,39,40,39,26,30,16,38,38,29,26,40,17,13,35,35,30,35,42,39,38,22,33,33,13,33,27,40,22,31,35,14,34,36,38,37,40,36,46,19,32,29,31,33,48,31,38,43,35,14,37,25,27,31,32,36,44,37,16,38,45,34,36,33,28,16,37,32,33,31,19,10,37,38,42,37,17,25,41,35,35,22,41,34,34,43,14,37,38,34,43,15,11,38,14,35,40,37,40,34,33,35,20,47,46,31,12,39,21,39,34,32,15,34,40,40,38,37,44,36,11,41,36,34,14,11,32,13,17,37,17,39,24,16,7,34,13,34,46,15,17,33,17,12,45,31,22,34,29,16,32,35,14,13,35,36,32,35,39,35,18,29,12,13,10,35,22,39,29,33,40,39,43,17,31,40,35,31,47,37,20,36,41,39,14,39,35,34,22,34,42,41,41,13,46,33,9,13,15,20,32,35,38,32,31,28,31,37,35,17,42,15,34,40,31,14,36,36,18,11,37,42,31,10,38,15,29,41,12,35,40,12,32,29,38,36,18,39,31,43,38,42,39,33,36,25,24,18,31,19,38,35,34,31,40,40,10,19,33,26,15,11,22,35,15,10,34,41,13,47,11,38,47,40,16,30,15,39,32,34,36,15,36,31,29,34,25,13,17,37,34,12,36,31,33,36,29,32,40,15,29,36,35,34,32,38,44,30,16,18,39,32,36,30,17,33,45,27,29,34,37,37,16,37,30,31,22,36,40,28,34,18,12,14,40,33,33,41,44,17,12,16,32,16,32,34,33,19,34,39,49,34,11,31,35,40,18,28,37,32,28,19,25,29,37,17,29,11,26,8,38,35,27,30,38,29,12,24,30,15,36,20,17,37,32,30,31,44,37,33,42,45,36,44,38,20,42,35,36,31,15,40,37,28,36,42,36,35,34,35,49,25,32,36,12,9,20,32,30,33,38,35,31,36,34,37,12,17,39,39,33,33,25,12,33,8,8,33,23,38,36,13,21,38,36,40,37,36,32,12,41,37,48,30,10,39,39,40,35,20,34,40,40,27,35,39,34,38,40,36,41,26,48,40,33,16,36,31,37,30,18,38,38,33,34,42,15,8,31,9,16,40,29,27,36,30,34,45,31,32,37,37,34,43,35,49,44,19,34,36,15,18,24,33,18,38,43,15,32,35,16,39,42,36,24,37,30,39,34,32,27,16,31,36,22,35,35,35,30,41,39,8,14,39,41,14,19,29,39,32,35,32,40,9,17,29,35,37,20,33,42,36,42,34,16,32,31,13,42,38,35,34,35,41,36,14,12,10,32,33,17,30,36,37,37,20,35,32,30,17,37,34,20,42,17,35,23,35,28,33,15,33,32,25,15,41,32,15,40,34,15,33,44,29,12,33,38,35,33,45,33,15,31,39,39,38,34,37,28,31,13,29,42,40,17,14,32,13,21,42,15,36,30,36,40,38,41,14,35,31,39,13,33,28,36,35,38,38,32,34,31,32,35,34,35,48,12,34,15,42,35,34,43,36,45,39,17,9,43,34,34,34,40,21,41,13,37,19,27,15,38,13,40,36,9,38,36,34,34,35,25,45,33,28,42,34,20,18,33,20,33,32,42,27,31,40,29,35,18,41,43,18,42,38,36,40,35,14,20,38,18,36,34,15,36,38,38,17,38,20,35,18,14,10,35,32,33,18,40,14,32,32,27,36,29,39,38,23,16,15,33,13,33,23,14,37,39,39,41,33,35,17,32,37,29,11,12,16,34,40,36,42,33,34,28,26,37,15,36,32,16,21,32
35,35,41,16,34,15,42,32,16,32,41,32,32,10,15,12,31,34,36,16,14,30,31,35,25,34,16,31,19,19,18,32,35,26,46,16,35,35,32,17,14,37,38,40,27,17,32,24,37,31,41,19,31,34,39,16,38,17,39,26,13,35,20,31,26,26,14,32,14,35,27,17,21,32,16,42,33,38,8,10,28,36,22,32,34,35,32,17,15,30,34,25,39,21,46,38,36,17,38,35,12,34,27,30,36,40,37,14,40,31,10,27,36,32,16,11,19,37,33,27,13,20,39,12,25,34,18,41,26,37,36,39,40,42,38,45,34,15,16,14,14,29,17,38,15,34,43,35,42,30,39,39,37,38,31,36,35,35,19,36,17,35,36,32,32,38,38,29,41,32,38,12,22,40,32,44,36,8,29,27,38,32,36,13,40,45,38,33,34,40,32,10,31,37,31,14,33,32,37,40,17,38,31,43,32,32,37,15,35,44,36,34,30,12,38,13,36,34,5,20,40,40,24,39,39,45,19,28,38,39,12,11,34,16,37,16,41,18,14,32,37,13,16,43,32,13,37,40,7,38,31,30,32,37,29,28,14,33,31,39,39,38,23,15,32,38,39,42,17,28,19,30,31,39,18,33,37,17,39,35,35,44,14,36,30,36,26,37,29,35,34,34,37,34,36,31,12,39,35,15,35,29,40,32,31,39,30,42,30,30,37,37,32,34,42,35,44,36,34,29,27,15,38,33,16,15,37,38,39,35,37,33,39,38,35,33,41,29,32,14,30,23,42,28,33,38,37,31,12,26,37,34,28,40,13,37,48,32,15,18,31,24,31,36,45,46,39,39,27,25,15,33,34,38,18,41,34,17,32,9,36,34,17,11,36,37,14,15,36,41,40,38,35,38,43,33,28,16,41,37,17,30,38,47,34,35,12,31,32,34,30,17,40,39,39,39,18,30,33,40,27,35,36,36,42,37,40,17,37,45,33,29,40,33,21,29,38,34,34,41,16,38,39,28,35,15,8,19,29,16,17,19,30,31,36,34,30,13,40,33,43,12,37,12,33,36,11,42,40,36,35,34,39,40,38,35,31,35,39,40,9,18,15,18,32,37,38,17,13,39,30,34,21,12,39,15,39,27,42,13,10,36,25,39,33,40,16,33,35,32,36,26,31,38,33,38,37,11,43,36,28,13,39,37,42,33,34,18,36,15,34,39,17,18,41,44,36,32,40,37,12,40,37,44,31,35,37,33,41,38,45,39,31,34,29,41,36,37,39,37,14,31,41,20,34,31,42,45,32,38,17,12,39,45,12,35,31,35,31,31,32,33,46,39,35,19,13,27,40,27,14,12,39,29,11,42,40,14,17,35,33,19,35,30,37,19,38,27,13,35,25,17,23,32,30,18,31,37,39,43,36,32,38,38,38,38,28,37,39,33,29,17,33,34,16,32,32,38,41,27,33,13,17,33,31,16,37,34,34,17,23,26,14,39,38,28,26,25,38,26,34,45,27,14,36,14,38,36,37,14,28,30,47,31,16,35,41,33,20,33,20,11,34,37,35,43,37,15,47,18,28,36,15,35,37,13,34,39,34,36,12,13,20,30,36,10,34,26,40,38,40,34,39,20,19,31,36,14,19,14,35,36,41,32,24,11,36,31,43,13,11,35,35,37,40,32,38,15,35,42,34,35,14,17,14,20,38,37,42,31,15,35,24,32,36,11,36,13,39,32,38,17,13,13,32,15,40,11,38,29,43,32,34,38,33,35,31,35,15,39,14,12,17,45,40,41,35,13,39,12,31,34,32,15,30,34,13,23,46,32,32,33,24,34,12,37,43,34,18,32,36,34,18,13,26,14,19,34,43,39,34,46,31,40,36,41,33,29,15,14,41,40,37,45,37,40,9,41,34,37,40,36,37,14,41,31,41,11,41,33,40,11,17,40,38,35,30,14,34,14,31,10,31,13,34,19,40,17,48,38,37,15,46,8,34,27,31,31,34,35,9,33,30,11,35,13,37,34,13,32,25,31,47,36,11,33,38,16,34,40,46,34,31,44,14,39,31,33,31,31,16,28,41,37,34,11,29,42,17,37,34,13,43,30,34,30,32,37,33,35,24,16,33,38,45,41,15,22,35,14,17,39,31,14,31,32,34,38,45,40,46,13,18,27,27,16,35,45,14,35,16,42,16,35,39,27,12,10,11,41,33,29,32,28,32,33,37,34,34,37,32,33,39,34,38,31,35,32,44,31,38,32,40,30,11,39,28,36,33,47
41,36,35,10,20,30,44,28,33,15,29,38,26,36,35,12,11,31,39,13,43,43,38,36,15,16,12,37,33,15,39,34,14,42,19,41,21,28,42,31,34,13,13,15,21,29,12,42,29,42,41,14,14,34,35,42,38,12,36,16,33,41,35,15,32,43,40,14,14,14,36,23,32,18,39,39,32,38,27,34,19,30,16,9,42,36,31,37,39,39,34,37,29,32,35,29,32,16,40,41,37,30,34,34,30,33,12,38,13,38,30,34,33,15,31,15,35,35,36,13,30,34,17,36,13,25,22,38,37,41,38,11,18,7,33,40,28,38,41,34,13,27,12,34,33,38,35,38,34,39,34,27,37,20,35,37,36,11,33,28,31,33,37,41,49,29,30,34,10,35,38,39,38,44,37,35,35,30,38,41,40,18,38,14,37,13,11,24,21,38,19,14,12,29,29,38,31,27,40,29,10,39,10,31,15,38,36,13,41,42,15,13,18,13,18,26,33,33,35,35,18,38,32,34,32,40,26,10,38,39,34,14,31,18,40,35,25,16,43,34,31,37,42,33,16,44,37,40,15,40,37,45,35,32,40,36,28,42,15,15,37,33,16,30,42,34,29,34,32,29,32,31,32,37,36,32,40,38,43,40,34,12,35,34,36,38,48,44,34,47,39,39,35,13,32,38,28,32,26,33,35,20,34,31,31,19,24,35,43,28,31,18,34,32,35,15,17,11,31,39,14,41,34,12,46,39,38,17,26,38,16,38,35,36,31,14,38,38,14,36,41,32,16,37,39,28,41,36,42,34,37,40,10,37,28,37,17,33,33,15,14,14,36,40,40,33,32,27,44,27,41,13,34,15,39,39,17,13,42,36,11,18,40,22,30,41,46,22,43,17,35,11,25,31,38,30,37,33,12,18,14,34,36,40,36,17,36,30,35,14,30,13,36,28,40,13,32,18,23,11,34,18,35,32,7,30,39,28,18,36,33,35,36,39,35,31,37,19,30,36,19,11,43,31,36,41,37,39,23,31,33,37,29,32,30,38,15,39,27,34,37,39,40,39,39,30,41,34,35,21,34,41,36,29,22,17,13,14,35,36,12,34,10,39,41,42,36,33,16,31,13,25,46,22,19,38,13,32,12,14,36,28,39,35,29,30,42,39,28,40,35,35,32,36,39,29,17,34,30,8,35,32,36,37,25,15,36,14,39,16,14,30,33,34,16,35,14,28,15,15,41,31,35,33,40,29,34,26,34,12,30,19,30,26,12,15,27,27,39,32,15,42,29,36,11,37,12,37,38,9,44,15,15,35,29,39,16,45,29,13,32,34,24,14,31,36,38,26,34,38,38,31,42,37,35,38,32,44,36,32,37,15,38,27,33,42,39,30,39,38,41,33,13,14,17,42,36,46,19,13,15,40,37,35,30,35,31,14,32,19,30,36,26,35,37,42,35,30,16,32,30,10,30,33,34,13,33,38,36,39,41,33,31,28,35,41,23,29,16,32,16,31,27,32,39,32,9,30,26,26,38,36,34,6,34,47,32,34,28,29,37,38,41,39,28,29,14,35,38,18,36,15,31,12,42,30,11,36,13,29,33,33,19,19,33,31,15,36,15,38,9,36,18,31,17,13,33,38,28,33,34,33,41,42,36,31,14,36,13,46,34,38,37,38,29,40,11,44,30,33,34,34,39,23,33,35,42,30,34,16,16,32,13,41,14,27,14,16,34,37,39,18,27,41,39,28,40,37,37,20,32,37,39,13,33,37,36,39,37,31,36,16,20,23,41,35,27,36,29,44,34,33,10,43,10,23,41,33,34,39,35,10,32,40,34,31,34,34,38,30,29,35,36,6,36,38,41,38,35,33,10,14,36,37,27,14,30,38,32,29,36,35,12,38,16,33,13,15,34,11,22,15,34,39,40,30,30,34,43,28,39,14,33,11,15,41,19,38,40,37,32,36,38,34,14,30,36,41,12,28,30,38,32,37,32,13,34,38,33,43,33,34,21,36,29,33,34,31,49,13,36,26,42,32,10,51,33,17,35,41,30,44,18,32,37,38,28,41,12,14,40,13,16,32,9,35,36,46,26,20,17,26,45,17,16,36,40,43,19,33,36,32,23,37,27,38,11,15,31,14,33,8,31,47,32,38,36,20,32,29,28,15,43,44,38,30,29,30,28,30,33,34,34,36,11,14,37,15,35,34,20,26,30,27,36,14,15,39,37,31,35,34,11,41,35,12,33,37,36,45,32,37,28,38,17,14,33,34,35,42
27,15,13,33,13,35,24,35,31,35,12,15,14,36,45,19,15,36,37,18,36,12,16,26,43,33,16,35,14,30,34,33,31,50,42,30,9,12,16,11,44,14,40,34,40,15,36,37,38,18,32,36,37,33,39,35,19,44,18,33,14,9,10,13,36,40,36,35,42,35,38,43,10,33,34,39,37,39,35,40,35,36,34,35,12,34,19,28,15,36,36,39,41,9,26,35,27,11,46,31,30,35,34,41,44,36,11,30,28,10,37,23,27,32,40,15,9,40,11,32,35,38,14,33,33,33,36,40,35,21,16,19,32,39,42,40,31,32,32,33,34,35,46,31,30,29,36,36,46,43,34,15,31,17,37,42,43,39,46,36,34,16,24,34,12,28,39,38,33,10,34,20,14,15,46,17,31,34,35,15,35,20,12,34,14,11,34,32,36,34,28,41,33,38,10,16,17,36,10,29,37,41,34,12,34,36,34,43,37,13,16,37,33,38,35,35,36,37,44,29,35,19,41,14,18,30,33,29,28,16,37,37,34,18,11,30,38,39,12,42,34,40,20,32,39,31,38,40,43,31,18,43,42,18,19,28,37,35,38,9,27,34,30,15,37,35,28,43,33,37,44,33,10,17,33,32,36,38,34,40,39,36,39,17,16,39,44,32,14,37,33,9,33,13,29,31,12,13,30,32,29,31,14,38,29,30,15,33,13,33,36,10,34,37,36,13,11,26,31,18,35,24,38,35,40,37,37,36,42,20,37,44,19,35,27,33,27,32,36,13,37,44,42,32,16,37,37,40,12,36,35,43,33,18,27,36,39,15,36,37,35,33,19,16,11,21,37,45,33,33,35,16,32,31,29,37,19,34,35,39,13,30,38,33,25,31,36,41,31,16,30,36,41,33,15,18,33,21,49,16,37,29,32,15,38,16,38,35,40,34,34,32,45,33,49,20,30,25,35,14,38,25,10,32,31,39,32,44,9,35,13,36,39,10,13,17,33,39,45,29,38,29,34,38,36,35,38,32,39,33,45,30,14,38,39,29,24,33,11,17,18,14,14,36,34,29,34,35,14,34,31,30,20,32,37,30,37,17,33,10,15,43,18,22,32,39,39,42,37,32,19,42,11,33,34,35,29,12,17,42,34,33,48,33,43,42,37,12,29,40,45,30,32,28,40,11,21,41,30,38,36,37,31,28,32,34,32,46,43,48,33,43,31,32,36,15,17,26,19,11,32,42,30,43,46,37,43,36,37,37,38,32,36,30,12,15,39,17,35,36,33,46,41,11,31,32,39,33,35,13,29,17,32,18,35,13,41,8,17,30,11,35,43,31,30,35,32,48,36,40,35,43,36,37,34,16,31,36,9,34,16,35,36,35,9,30,16,35,43,18,32,39,37,15,19,37,37,21,34,15,41,42,14,30,35,14,13,35,41,26,43,36,14,31,35,12,11,30,44,33,28,30,30,33,39,35,15,36,47,24,35,40,37,31,16,28,37,14,17,16,31,32,40,46,36,15,15,48,47,29,32,38,25,29,40,32,33,17,35,31,29,41,10,36,16,28,37,15,14,39,31,31,33,43,38,32,14,17,36,17,35,13,36,41,40,37,37,34,20,31,14,38,39,29,32,33,11,26,38,32,36,38,35,44,15,21,37,15,41,19,35,16,29,14,22,33,35,42,15,11,30,34,40,33,34,33,32,20,11,20,34,36,11,33,35,18,33,37,34,33,12,40,36,12,31,38,35,36,12,16,19,33,38,16,32,18,28,13,28,40,32,50,29,19,41,27,38,39,36,41,28,33,31,41,33,25,13,36,12,17,34,40,31,32,37,37,41,40,14,34,35,35,28,12,32,23,30,29,40,34,9,17,41,31,33,40,27,36,36,39,28,13,36,33,37,34,43,27,11,10,11,32,37,36,37,34,30,36,38,15,33,34,17,35,12,36,33,34,13,36,33,18,34,33,26,16,33,33,36,36,7,29,36,30,32,40,30,37,29,13,31,17,14,39,38,33,27,30,36,27,29,35,33,43,32,16,39,30,24,38,31,16,28,43,34,39,37,22,38,13,41,34,36,32,30,41,39,35,9,42,33,28,12,33,30,35,31,35,35,38,40,31,19,35,42,37,44,29,15,35,30,31,48,14,38,36,33,28,15,44,40,31,38,40,45,34,10,40,34,34,39,34,14,38,11,37,34,32,33,35,40,33,12,40,38,34,29,36,30,34,37,12,41,35,31,34,39,13,18,37,17,21,33,12,32,31,41,40,9,40
34,33,14,36,15,25,36,34,38,34,42,37,43,37,16,44,35,36,37,16,12,9,34,40,13,32,30,35,35,31,36,14,16,30,17,43,13,43,33,18,40,16,36,38,36,31,11,32,40,38,25,37,41,40,30,30,45,33,28,39,45,40,37,34,19,38,15,35,32,45,40,12,37,35,35,39,33,40,17,15,40,38,44,22,40,40,18,32,32,33,35,33,30,33,12,40,41,35,8,15,44,19,30,41,40,31,38,15,25,37,17,32,35,40,38,38,35,40,33,43,31,41,34,27,35,41,34,35,35,36,18,32,38,37,36,32,30,38,32,14,42,33,40,25,36,34,31,31,41,40,37,33,35,43,38,30,12,28,17,47,33,32,29,37,37,13,36,14,36,24,25,44,32,39,31,45,38,36,14,33,34,38,25,41,36,46,34,21,36,39,36,34,37,38,13,37,38,41,28,36,36,12,34,40,23,35,11,30,10,32,33,15,39,16,39,39,37,31,32,39,33,32,11,19,18,15,33,29,40,40,17,22,35,27,39,39,35,37,29,12,45,17,15,34,11,33,33,7,15,37,45,12,39,29,28,32,29,40,32,12,32,18,47,37,29,16,37,42,44,37,37,37,33,30,33,39,37,46,37,13,30,39,27,16,39,16,37,13,39,37,12,36,30,31,12,38,36,25,15,31,33,38,31,41,13,21,29,17,17,30,35,29,36,18,31,20,43,44,30,34,34,34,41,31,38,34,17,18,27,19,33,32,17,11,16,14,38,37,11,34,40,27,17,37,18,13,14,30,47,33,36,16,10,41,40,47,33,32,20,32,37,34,28,30,47,33,38,43,37,13,35,13,30,20,11,32,48,11,33,14,15,33,38,35,40,26,16,34,17,33,37,38,10,20,35,19,12,30,33,19,13,33,35,34,33,18,32,14,27,36,11,36,36,31,32,37,38,28,20,42,38,11,26,34,31,33,34,36,13,42,26,29,33,35,11,36,37,18,35,29,33,44,10,35,38,11,44,13,19,40,34,38,32,33,36,28,32,39,34,32,32,38,25,32,37,32,33,43,34,39,37,36,14,27,37,33,15,18,46,34,34,38,10,29,16,18,36,38,30,35,41,17,12,35,39,36,38,30,41,33,35,32,32,37,37,14,9,29,32,19,39,28,14,11,32,35,36,19,28,42,16,12,32,29,31,26,35,31,33,11,34,30,30,36,31,40,18,32,37,15,17,33,39,29,30,37,37,33,34,12,22,35,36,34,41,42,33,14,32,40,33,35,14,41,42,34,15,13,34,31,33,11,37,39,41,14,36,35,30,35,16,16,21,44,32,37,36,34,35,32,40,32,38,40,36,35,32,35,39,36,40,34,27,21,18,34,34,40,25,33,26,34,30,31,32,30,42,41,12,35,25,31,36,39,34,34,36,38,40,13,31,34,10,26,42,12,34,10,33,42,9,38,43,15,34,31,11,39,35,27,26,33,41,17,18,31,28,7,48,30,33,35,39,9,30,13,16,36,29,30,35,43,37,21,14,13,30,15,30,32,47,33,39,35,27,17,39,36,29,43,34,39,13,11,13,37,39,27,36,33,37,41,21,43,28,35,35,17,17,44,39,32,15,33,36,14,42,31,17,36,35,44,41,30,32,14,25,13,14,33,15,32,15,25,31,40,16,9,7,12,32,11,32,14,31,37,35,41,39,38,14,36,13,41,31,17,30,34,14,36,40,30,33,35,36,36,23,31,39,32,22,37,38,51,38,35,36,30,21,30,37,17,36,36,19,19,30,33,35,40,27,31,34,32,11,37,39,45,32,40,36,33,34,41,35,30,15,35,48,36,39,31,41,33,31,33,47,13,49,37,34,13,13,15,34,32,38,35,8,33,33,30,41,15,13,13,35,34,20,38,21,34,18,42,16,10,14,32,30,37,17,27,35,36,39,27,32,32,36,32,42,29,34,33,10,40,50,40,39,43,29,27,30,39,35,35,36,28,34,41,14,33,32,41,15,36,36,11,28,15,36,38,18,30,36,41,42,41,32,10,44,39,32,41,33,37,27,38,33,33,30,39,12,39,42,32,37,36,40,32,26,33,16,8,19,34,16,21,19,35,38,33,32,36,20,21,16,34,30,40,32,33,33,32,35,37,37,37,14,15,35,14,14,28,36,37,38,34,37,32,35,32,39,32,37,15,30,45,35,40,42,39,39,18,33,44,18,32,35,15,41,40,38,34,27,15,31,44,38,39,33,36,38,5,34,45,14,36,35,32
17,36,38,17,37,22,26,11,37,14,29,31,18,34,39,39,27,32,14,29,28,33,26,32,31,41,18,35,33,45,13,32,29,18,40,39,16,34,27,35,32,10,11,40,16,21,36,37,28,41,41,32,31,17,40,33,38,32,36,36,37,12,22,11,33,13,47,42,43,32,20,28,40,31,30,15,18,40,36,20,22,17,40,15,32,37,37,37,33,15,31,37,36,18,18,36,37,17,37,35,13,36,18,14,31,18,11,24,32,30,14,42,33,13,38,34,40,40,32,31,28,13,35,34,27,18,39,36,36,40,41,34,28,33,37,12,36,36,31,36,34,44,32,29,33,26,37,43,33,38,20,32,14,28,33,14,36,41,36,38,11,12,30,26,18,30,15,34,36,39,41,25,28,44,28,38,36,16,35,37,38,35,32,40,13,32,38,9,40,14,36,17,46,33,15,22,38,30,41,33,22,33,18,30,36,36,37,27,26,36,40,36,41,32,17,16,34,27,21,39,40,31,40,38,32,37,41,45,9,34,31,35,28,33,37,26,39,22,35,35,39,16,16,44,13,32,32,36,31,33,38,41,18,13,37,32,19,36,37,14,34,38,29,17,14,33,16,16,33,26,32,16,28,34,12,35,40,33,41,39,33,42,18,14,43,37,33,30,32,46,28,30,21,10,35,33,39,35,37,20,13,37,32,22,41,46,39,36,37,44,35,34,35,33,36,13,30,28,34,38,38,34,34,33,38,34,18,40,33,31,20,34,35,41,33,32,12,31,35,15,35,9,15,32,33,41,46,12,30,39,39,40,34,36,32,39,36,41,9,39,23,36,36,21,18,32,14,38,31,29,37,17,34,43,36,29,33,39,35,41,40,42,20,37,53,16,28,34,12,12,12,17,29,39,44,11,26,36,39,42,17,7,33,13,28,36,33,37,36,35,42,31,44,39,19,12,36,34,35,33,28,17,38,39,29,35,34,11,40,14,26,37,30,44,29,27,35,36,14,35,33,34,29,29,40,11,29,36,36,15,34,40,14,37,30,33,37,38,32,37,37,40,29,18,35,13,44,41,37,37,32,33,40,36,13,33,24,40,31,17,16,14,34,36,31,40,43,17,34,33,37,36,31,27,36,16,44,33,18,30,36,31,36,36,35,37,32,15,16,39,20,42,18,36,19,39,39,12,25,31,44,41,9,36,29,32,33,13,32,16,13,12,15,15,33,20,37,31,35,39,15,33,18,12,33,40,10,43,35,39,12,37,36,14,19,32,41,43,34,15,43,42,17,35,14,32,38,14,14,13,12,32,26,36,34,38,32,31,16,12,44,40,12,19,36,36,17,36,12,29,28,11,29,33,30,37,18,32,13,19,37,40,44,38,34,36,37,28,36,11,32,22,44,29,34,10,35,33,38,34,13,33,27,33,35,37,34,34,45,14,38,29,28,37,36,40,11,39,15,27,31,33,21,27,32,39,44,14,36,31,10,33,26,11,31,19,10,39,28,39,36,25,18,33,13,34,32,39,26,13,14,27,42,34,18,44,40,32,44,34,41,13,37,34,39,43,18,10,31,33,18,40,18,29,38,33,30,34,28,39,27,35,30,37,38,39,37,31,28,12,19,34,12,36,37,37,43,39,39,31,37,34,41,25,34,17,20,29,14,35,26,36,41,33,36,16,32,18,36,31,37,35,31,28,14,46,36,32,14,33,38,14,19,16,30,26,12,14,28,36,34,41,29,17,44,45,30,34,14,35,19,18,31,33,37,36,33,38,33,45,12,14,33,29,11,47,34,37,17,38,32,11,40,40,20,40,36,22,36,38,29,32,28,6,17,34,38,35,32,32,40,40,31,12,37,32,34,41,14,23,35,35,42,9,35,35,36,35,40,34,11,35,15,34,15,29,37,34,34,39,20,32,44,34,36,27,40,37,31,39,32,38,18,40,35,24,28,41,17,17,30,11,37,36,36,39,29,32,36,15,30,44,14,41,20,27,37,16,37,32,42,38,33,38,38,14,39,40,30,29,37,37,12,33,32,38,18,45,36,39,37,11,38,33,40,31,33,17,39,15,20,35,39,27,17,34,37,30,31,37,35,20,43,34,35,17,40,41,15,40,35,31,45,31,12,16,35,13,28,34,35,33,40,22,32,13,9,33,40,38,14,14,17,38,30,29,40,34,33,19,30,32,15,35,14,16,41,34,35,37,35,32,13,31,36,18,37,34,31,13,30,35,37,24,24,32,28,28,19,34,34,34,32,14,34,39,41,37,35,40
40,37,15,32,18,37,35,13,32,11,28,36,37,30,29,38,33,31,16,11,11,32,14,34,31,33,33,25,41,36,38,23,35,35,11,35,33,33,39,35,29,31,15,38,9,39,30,33,44,31,39,30,24,38,40,35,31,30,30,33,33,42,15,40,18,33,33,26,31,13,28,33,38,15,14,35,25,34,31,38,18,16,31,39,27,27,34,38,34,46,30,45,32,20,16,36,32,31,31,33,10,30,42,32,31,26,14,37,40,36,11,40,32,11,32,43,39,37,32,32,26,40,40,36,32,30,18,40,39,38,45,35,31,35,18,25,20,32,36,28,35,34,15,34,17,40,28,16,30,16,34,34,32,37,29,36,41,12,14,19,36,34,39,36,11,40,12,19,36,35,44,40,32,10,13,35,30,33,14,10,43,30,39,36,34,18,8,36,41,31,18,37,36,19,37,28,42,13,32,36,35,26,14,31,28,45,12,18,31,41,41,19,40,40,16,38,12,40,28,19,41,32,39,8,14,23,11,15,37,16,37,19,30,36,14,17,33,11,19,9,39,20,14,33,17,41,30,32,41,18,35,35,29,31,19,8,34,23,33,34,38,35,36,30,10,15,35,30,33,39,28,32,21,33,31,17,33,29,31,38,30,42,40,35,34,17,36,36,33,38,29,12,34,40,33,31,17,15,32,39,35,41,35,36,41,34,43,38,23,38,40,37,30,13,31,32,42,35,18,27,34,15,39,17,26,17,26,37,18,16,36,35,34,43,12,39,30,31,30,39,37,16,33,37,38,27,36,34,29,30,13,36,42,38,36,37,33,36,19,41,34,35,40,35,20,36,22,16,39,42,19,16,32,11,37,37,11,31,27,25,16,26,35,33,41,31,35,44,45,34,38,33,34,36,37,40,36,13,34,35,42,31,32,15,34,34,39,22,49,40,32,31,33,38,33,15,28,18,34,36,13,32,38,42,14,38,34,38,34,25,35,16,31,41,37,33,39,16,32,46,39,13,40,26,40,31,10,36,36,15,37,18,14,34,12,27,13,16,43,33,36,33,13,11,29,38,15,30,18,41,37,13,32,14,40,37,31,29,17,20,10,34,46,29,33,11,39,31,30,38,35,31,13,39,35,36,29,29,34,32,33,34,36,14,43,18,34,20,34,35,16,43,36,13,14,17,35,37,39,39,37,39,36,12,36,31,39,38,34,35,35,39,34,39,36,28,35,38,15,11,34,38,45,37,15,33,30,42,38,39,36,33,29,13,16,36,30,38,34,36,12,34,36,17,37,39,14,37,26,29,35,13,38,13,34,37,43,33,35,36,20,16,24,36,39,36,30,20,20,34,40,12,12,30,19,30,18,42,28,12,36,34,35,18,14,26,40,28,45,27,13,36,14,28,50,42,39,14,40,37,15,18,16,31,17,31,32,35,43,31,36,21,31,33,30,14,10,16,38,26,36,36,29,31,39,18,29,12,35,33,31,45,13,32,39,37,18,39,41,25,13,40,16,31,30,37,24,41,48,33,34,41,39,36,34,21,36,8,39,38,32,36,42,44,33,43,30,36,42,29,36,13,33,32,35,18,35,41,30,14,35,36,28,16,32,43,30,38,39,41,25,37,13,31,46,31,31,35,18,37,35,31,16,16,32,18,31,33,44,21,36,31,42,26,37,10,37,35,36,24,20,11,35,32,38,18,30,36,38,38,34,28,28,37,40,11,20,38,37,38,39,34,40,15,34,31,39,15,18,7,27,19,38,37,27,17,25,18,33,38,36,36,32,9,35,29,13,30,34,39,15,27,40,41,38,44,40,16,19,38,34,32,17,21,37,33,32,44,42,17,30,36,23,33,41,31,14,17,19,15,24,33,32,43,34,28,35,31,41,19,16,42,26,37,9,30,30,33,18,33,36,37,6,13,40,17,37,20,36,34,12,32,15,35,35,22,14,23,30,31,42,32,14,32,32,33,37,17,29,21,12,33,43,34,42,37,14,15,35,24,32,36,35,31,11,15,34,33,17,26,34,36,36,11,43,28,37,39,29,39,17,43,31,32,33,30,29,38,36,16,40,32,29,33,36,16,32,26,32,18,43,37,34,26,36,34,30,38,30,30,34,11,36,33,36,12,30,19,47,39,18,11,31,36,33,29,44,33,34,30,32,28,13,26,40,30,18,38,40,20,15,16,35,15,36,17,14,32,12,33,35,39,13,43,13,29,34,32,12,41,25,37,36,18,39,41,13,34,19,19,39,31,35,30,33,32,30,28,35,12
41,34,9,44,16,36,15,15,23,34,31,33,37,33,40,46,36,30,12,12,34,33,13,12,18,28,39,15,33,29,45,29,32,36,47,35,14,37,31,35,31,34,32,16,36,34,47,45,37,15,35,27,33,43,34,42,37,35,30,32,37,33,49,34,19,35,41,30,40,27,36,38,15,37,18,33,25,26,32,46,32,35,40,34,11,12,31,45,42,17,34,16,40,11,35,30,34,33,44,34,10,17,32,32,28,13,43,43,13,34,8,12,37,41,14,17,40,28,38,16,11,26,28,45,21,43,35,32,39,33,38,31,30,15,36,33,35,33,33,38,34,36,30,37,27,38,36,39,36,41,37,15,20,27,36,32,13,33,38,17,38,29,31,30,12,32,46,43,34,12,33,17,32,31,12,22,39,31,30,14,31,40,39,24,36,35,41,31,14,32,14,36,36,34,40,29,37,37,30,14,20,14,18,37,31,33,32,31,15,39,14,11,26,28,12,31,18,38,35,36,28,35,41,32,36,16,34,39,16,32,32,18,36,33,37,38,35,50,32,16,31,38,37,31,36,33,30,16,31,14,32,35,36,41,37,33,29,36,38,34,40,35,29,33,33,36,15,33,17,15,26,14,37,34,15,28,13,40,35,32,33,31,36,34,39,36,8,38,39,30,35,34,39,43,15,30,41,38,31,27,40,35,35,32,32,34,30,30,27,41,9,34,27,34,27,27,37,21,29,37,39,32,34,15,42,38,42,17,11,11,37,38,33,14,33,30,29,34,38,29,44,13,34,15,39,34,20,25,30,38,33,38,36,29,23,36,32,15,32,14,40,14,37,39,44,35,43,34,36,36,33,20,30,15,36,14,32,29,22,35,32,40,41,35,43,14,38,35,29,31,37,36,32,35,33,38,36,35,39,39,17,17,37,19,42,15,33,36,14,37,14,10,16,35,16,42,26,19,11,35,37,28,43,30,37,36,19,11,35,12,11,32,32,36,40,23,25,40,39,29,35,34,38,27,40,17,16,35,40,41,35,35,32,40,36,20,40,21,31,14,39,36,25,32,38,30,11,44,34,43,37,44,30,30,36,15,34,28,13,38,41,37,40,37,29,36,21,36,13,31,35,29,37,35,37,40,36,14,18,15,37,37,29,9,36,41,14,28,29,35,11,31,32,31,30,37,31,19,16,32,33,12,26,16,28,29,16,38,39,34,11,30,35,31,30,12,29,19,15,43,29,35,25,35,31,34,35,15,28,43,27,39,16,45,33,38,36,34,30,38,34,36,26,17,33,31,37,37,14,36,32,34,11,38,16,33,15,43,35,34,38,35,33,30,34,29,34,13,8,36,32,35,14,13,19,37,12,44,33,32,39,13,36,29,35,35,24,32,32,17,37,40,38,42,16,11,35,35,44,38,36,39,35,30,37,40,29,35,42,17,36,34,47,33,30,17,23,39,32,19,44,30,15,34,44,16,32,37,36,35,14,10,27,15,12,16,10,35,32,32,37,16,33,34,31,14,36,34,38,43,8,38,34,36,32,31,20,36,32,38,38,16,18,34,34,28,32,37,18,12,38,48,17,33,17,28,16,36,17,11,40,35,34,34,26,35,33,40,38,30,19,15,34,34,33,34,10,39,37,30,34,23,14,28,17,26,36,16,35,23,39,16,25,31,35,34,36,37,37,12,33,34,11,33,33,33,13,41,40,6,41,41,16,29,32,50,14,32,12,30,41,35,15,33,35,38,38,18,13,41,34,41,32,14,37,31,35,21,37,43,32,18,14,34,35,38,38,34,33,43,38,34,39,36,38,31,43,34,30,34,23,30,40,36,23,40,41,20,34,13,37,38,30,45,45,44,44,35,39,38,30,18,29,37,44,38,36,29,15,17,43,34,19,35,32,37,17,42,40,34,34,35,15,27,37,38,38,20,26,14,14,42,31,15,13,22,9,39,39,30,41,35,10,31,33,42,31,19,16,19,17,36,27,36,29,31,33,31,32,30,26,18,36,42,16,19,42,13,39,37,18,34,44,28,32,27,42,37,32,14,34,41,45,32,39,27,44,36,26,24,29,30,47,29,31,31,36,12,33,38,28,38,33,23,13,15,30,15,40,17,30,16,14,14,32,33,29,17,38,14,34,32,39,17,40,29,34,35,11,36,17,41,30,37,36,41,37,33,13,13,34,13,30,12,39,31,33,39,16,28,35,30,38,32,35,36,43,36,37,40,34,39,35,38,40,15,29,33,36,19,31,33,11,33,38,32,18,26,18,9
9,18,33,36,33,16,38,17,42,36,34,26,33,35,14,29,33,38,32,28,14,7,28,40,12,21,39,40,39,34,28,38,15,36,31,34,35,28,17,42,12,41,34,39,37,16,30,39,33,15,43,36,29,26,39,27,35,35,29,15,42,14,33,36,11,41,31,27,37,19,33,31,19,35,38,18,16,36,33,33,17,32,16,36,37,17,39,26,31,41,36,34,32,39,41,14,41,36,35,28,38,41,12,43,34,35,39,37,18,33,34,35,29,40,34,34,42,11,18,34,35,13,19,37,37,31,12,41,40,38,40,36,37,32,34,42,33,34,17,31,32,10,37,37,14,36,17,15,50,34,15,13,42,37,17,37,33,38,38,39,37,32,35,34,33,31,44,37,28,31,34,32,38,36,25,35,39,16,31,31,29,34,34,43,32,8,41,24,29,13,32,41,33,37,35,33,28,41,33,34,39,36,14,35,13,38,38,40,29,29,34,36,32,39,18,12,36,17,12,35,14,26,16,35,21,28,10,17,13,28,42,38,33,38,15,35,33,12,31,17,36,16,33,32,32,17,11,32,17,39,35,34,9,35,13,11,33,16,30,34,15,44,18,30,32,28,35,35,14,36,28,27,29,31,31,13,12,11,34,31,36,39,42,35,36,17,14,38,32,45,34,41,27,42,31,31,33,35,37,38,32,30,41,10,28,41,16,49,32,39,16,37,37,35,8,10,32,22,40,35,39,13,29,17,15,34,34,44,25,16,32,38,36,28,35,17,36,38,29,38,40,33,11,26,38,18,40,15,39,37,45,13,32,18,23,16,12,36,39,34,42,23,28,37,25,14,44,41,37,9,33,41,39,22,30,35,46,35,26,38,30,39,32,39,30,14,28,29,21,31,34,37,29,38,48,45,37,13,15,29,33,8,10,16,41,12,14,29,37,34,38,38,40,13,40,37,39,37,12,36,40,34,45,28,31,40,37,36,34,18,38,27,37,42,30,37,41,39,31,39,28,27,27,39,35,29,33,28,40,10,10,36,37,15,35,15,33,29,12,44,24,42,37,36,40,16,40,23,14,37,32,38,38,17,36,30,19,37,34,37,41,29,36,35,35,33,10,43,40,38,30,38,13,11,39,42,34,40,19,15,35,18,15,37,39,37,39,26,11,26,10,33,26,13,34,36,14,12,37,34,15,35,36,18,33,33,34,22,39,43,31,38,33,40,35,18,38,33,41,19,41,35,35,16,33,43,45,43,34,28,14,36,37,15,32,43,14,12,41,28,40,34,34,17,30,11,33,32,29,37,32,17,43,36,42,40,36,19,13,35,29,39,34,39,33,30,35,34,42,32,30,30,11,46,32,44,37,35,37,28,14,18,25,43,38,39,12,36,28,38,33,12,33,28,27,34,26,10,40,38,43,36,31,34,30,39,31,18,33,30,14,35,39,43,28,39,31,12,38,40,40,32,26,43,40,38,17,39,18,30,15,7,45,35,44,24,10,16,35,41,44,27,37,36,12,37,34,42,34,32,12,14,32,40,36,38,16,34,40,37,34,33,28,33,36,38,16,36,38,37,39,37,19,29,32,32,39,28,33,39,39,35,41,35,15,33,31,39,35,22,34,39,34,15,38,34,17,43,35,40,38,35,11,12,14,16,31,43,14,30,35,30,35,43,34,36,40,35,11,42,32,33,46,26,30,45,17,41,46,36,34,31,18,36,36,41,41,36,41,36,36,38,29,37,19,38,41,13,34,36,36,40,36,36,33,36,33,14,33,20,40,14,13,26,37,35,14,31,40,35,31,15,28,20,34,29,33,34,26,33,36,24,29,16,33,32,43,36,13,37,33,32,36,41,31,37,32,31,12,14,29,35,35,37,28,35,33,41,33,29,40,37,35,31,34,34,35,11,47,24,26,13,33,35,36,32,19,36,33,12,32,35,20,21,42,31,20,36,48,38,39,36,34,30,32,14,35,14,33,13,36,35,15,35,33,37,17,47,22,30,10,34,16,12,37,26,43,34,33,32,38,35,20,37,40,32,33,42,38,11,35,33,30,30,40,33,29,34,13,38,35,43,33,29,21,41,39,50,40,33,30,17,12,33,14,30,23,18,31,30,35,13,32,34,16,25,35,18,41,17,36,15,33,17,37,49,39,28,33,42,30,28,33,36,32,12,33,34,31,31,40,16,16,38,29,13,37,37,18,32,34,12,36,15,31,47,43,16,38,27,32,39,10,32,31,30,28,29,37,19,17,41,14,41,36,36,40,44,36,34
36,12,33,38,16,15,11,13,40,38,22,22,10,41,28,32,38,20,29,37,46,30,33,16,11,13,32,13,30,20,40,37,21,11,29,35,31,38,10,32,34,20,14,16,34,35,32,33,37,27,48,43,33,39,14,32,25,31,27,28,26,43,20,31,15,35,31,39,15,26,13,42,31,36,35,32,34,28,28,35,27,36,37,31,38,34,38,10,33,13,30,37,39,18,27,14,34,30,34,40,33,22,29,13,11,35,17,16,44,14,37,18,21,31,35,41,37,32,41,36,46,30,34,17,34,17,43,19,25,20,32,15,26,33,17,33,34,32,29,33,37,32,35,37,41,32,27,38,27,37,17,18,35,44,11,35,28,36,12,39,40,33,36,28,33,15,29,30,28,38,14,18,40,30,34,37,32,35,30,37,39,39,22,16,20,37,32,39,38,14,16,18,36,39,11,23,35,34,43,36,39,24,38,39,36,38,10,18,30,13,18,9,20,34,15,35,36,35,11,34,43,36,39,37,33,10,32,32,36,33,7,44,43,32,12,35,32,46,35,13,31,16,38,44,28,12,39,38,44,12,33,37,33,33,32,39,13,32,27,35,31,28,30,16,19,32,37,37,32,38,17,33,37,31,14,42,13,33,30,39,44,33,15,17,15,35,31,37,11,30,23,8,37,41,35,33,33,12,36,16,16,35,30,22,37,32,14,27,36,36,32,26,34,32,34,20,35,28,36,14,15,40,16,37,39,22,33,39,35,21,36,39,17,25,38,8,38,18,36,38,38,36,41,42,34,38,36,36,31,40,32,15,29,11,31,19,29,39,15,34,37,24,33,32,35,35,26,33,36,39,31,38,39,38,34,37,11,36,29,10,34,28,15,30,36,14,30,36,31,37,32,34,12,13,34,24,34,21,29,11,32,13,39,10,39,30,37,33,19,16,16,44,36,36,36,35,40,32,27,18,32,31,37,33,33,41,15,36,40,33,35,32,40,13,30,30,31,9,17,41,15,38,13,15,42,38,46,16,40,16,40,40,38,38,34,13,38,40,38,29,31,18,17,39,31,29,31,34,40,37,38,32,34,20,39,13,38,33,42,11,36,34,22,13,34,34,31,34,42,34,22,34,39,41,13,17,39,15,35,36,24,14,41,30,28,36,19,31,38,17,41,29,38,20,18,31,19,34,34,14,34,38,40,31,33,34,35,28,19,34,18,15,42,35,32,32,12,16,15,29,32,32,38,16,13,36,11,37,35,32,40,41,38,33,18,43,35,17,17,30,12,15,14,38,29,38,46,38,41,36,18,40,16,29,38,32,12,11,37,37,14,34,30,40,32,41,15,34,33,39,10,33,32,44,18,34,12,34,33,37,41,27,15,22,31,34,15,11,13,24,33,36,39,30,33,39,30,10,13,14,29,39,32,12,35,42,19,18,40,35,33,37,38,40,13,12,38,12,36,13,41,13,34,16,18,25,44,42,37,32,41,38,24,8,31,34,37,29,32,43,10,31,31,12,10,19,31,34,16,9,34,35,30,35,32,38,30,30,30,21,12,37,16,34,15,28,33,33,32,31,17,36,15,41,40,15,42,32,33,36,32,34,43,15,14,40,30,11,41,25,31,16,39,32,14,36,30,35,34,16,34,37,14,26,28,34,36,15,30,34,9,15,13,38,30,30,36,14,16,32,32,31,35,43,31,15,20,37,42,12,13,30,39,13,27,13,43,28,16,30,31,38,34,12,31,43,13,36,35,43,25,24,36,17,24,29,11,36,34,34,40,38,39,33,40,35,39,37,16,38,26,13,40,41,36,39,40,34,33,31,14,37,22,40,35,32,29,43,40,21,37,13,31,33,38,25,32,14,31,26,37,35,37,35,38,35,25,16,32,18,40,29,27,41,28,45,38,15,40,35,37,36,35,38,33,40,40,32,33,15,39,31,35,34,38,37,39,35,30,33,17,19,29,16,31,24,38,41,17,7,31,43,32,39,33,15,35,35,16,39,42,20,19,33,25,35,11,38,15,35,31,36,18,37,19,31,34,38,29,34,12,34,32,39,33,18,39,30,42,39,16,33,41,11,40,29,36,32,38,43,30,38,41,11,12,11,20,37,35,41,19,24,46,41,31,30,35,30,36,40,30,32,20,39,30,36,30,29,32,32,16,38,14,33,32,34,42,36,28,36,30,17,15,32,11,44,27,9,31,31,28,8,41,33,42,32,37,31,42,10,14,34,38,41,34,39,33,14,31,14,32,38,11,16,38,15,34,30,34,37
49,29,34,21,37,11,33,19,34,31,17,24,18,31,34,29,12,36,40,24,42,27,41,31,35,36,28,42,14,31,38,38,36,44,31,11,10,12,43,15,43,37,28,32,31,9,40,42,29,12,18,36,38,40,34,47,34,31,32,36,34,16,28,31,10,13,21,44,31,33,47,41,31,32,39,16,38,37,40,16,39,13,32,31,34,31,30,39,36,40,36,34,47,23,29,34,37,38,41,43,37,36,9,30,35,39,15,29,16,27,8,16,38,21,18,36,35,10,31,34,33,34,32,31,35,41,38,36,30,33,47,39,14,38,11,41,35,35,14,35,34,11,39,35,33,40,28,25,37,34,15,35,38,9,49,41,14,29,19,30,11,30,38,32,31,39,34,41,30,31,15,30,25,29,28,35,19,38,37,34,18,24,30,37,40,37,34,34,33,38,34,40,48,38,14,38,18,15,35,12,36,36,33,39,31,12,36,36,13,29,38,37,40,16,33,42,17,10,41,35,30,37,33,32,17,20,16,42,41,35,11,35,35,34,33,24,39,39,38,32,17,26,42,36,37,34,13,13,37,34,37,18,33,13,30,34,34,45,33,30,34,11,36,37,29,31,38,19,33,15,27,33,35,42,34,15,35,35,33,11,32,21,11,31,37,30,39,10,14,23,32,33,15,23,19,38,31,35,34,16,46,29,40,34,36,29,17,14,34,20,35,35,37,14,10,12,45,40,39,36,26,39,40,36,16,25,38,45,7,31,12,26,45,31,22,29,23,41,17,33,23,21,17,34,40,38,14,44,40,25,17,35,8,14,28,18,47,35,34,34,8,14,12,18,9,36,35,39,27,37,40,35,37,40,31,35,13,34,15,41,40,32,14,36,40,36,34,33,34,33,45,33,12,34,37,29,34,33,15,11,42,34,36,11,31,34,33,14,16,18,35,31,34,38,41,36,28,14,35,39,39,33,14,30,46,34,36,31,36,42,35,43,12,34,13,39,12,43,21,13,35,34,33,19,47,36,19,40,19,16,32,31,32,32,42,16,35,32,32,30,35,45,40,32,35,24,26,15,34,31,46,15,41,20,38,15,35,12,35,16,33,35,36,33,41,31,10,32,35,11,37,39,16,41,36,31,35,31,34,28,32,40,18,11,37,26,34,40,13,37,33,36,41,19,33,15,33,28,28,36,33,40,16,34,21,37,31,41,35,43,35,29,31,34,16,37,14,34,30,25,16,19,17,36,31,16,36,43,31,37,40,13,31,22,38,35,36,36,30,18,36,34,19,41,33,17,25,28,19,28,42,34,41,36,17,41,36,34,16,37,27,36,11,42,32,33,41,34,22,33,28,38,28,36,16,35,10,35,14,42,34,30,17,38,28,34,40,40,34,35,36,34,31,38,30,40,39,31,14,11,24,39,14,39,16,17,31,37,18,36,17,20,39,41,31,9,33,34,12,13,17,13,36,34,15,34,39,35,27,16,30,35,16,35,34,37,35,38,28,35,32,34,16,37,16,44,9,34,20,37,15,33,30,31,14,34,37,36,18,40,39,24,36,17,36,36,15,42,41,35,18,39,19,13,34,42,43,31,47,30,11,22,32,52,45,36,36,33,21,35,37,14,15,37,35,12,13,37,31,27,14,39,18,41,37,34,37,34,35,45,36,21,16,35,32,16,19,38,19,32,38,31,35,30,37,34,39,39,37,30,35,12,34,35,30,35,25,31,26,23,14,13,33,35,38,15,26,16,38,18,28,19,35,31,30,37,28,40,12,31,33,28,30,39,34,39,36,37,33,26,37,33,32,26,45,43,32,19,38,18,32,24,37,17,35,36,11,42,33,19,17,30,34,18,30,33,39,35,36,30,40,35,30,18,42,36,21,36,37,17,40,15,42,39,33,33,30,34,33,32,41,30,42,38,13,25,35,33,31,42,17,29,37,15,35,33,17,26,36,12,28,43,33,16,38,35,40,35,34,24,33,32,34,37,29,31,39,40,44,12,42,15,32,37,38,16,37,13,34,36,39,37,18,15,32,38,37,41,41,40,32,35,35,35,42,36,18,32,31,28,39,32,34,23,24,39,18,27,34,27,11,32,15,40,30,22,16,9,21,17,14,13,36,35,14,15,45,28,37,16,36,34,12,39,31,32,32,32,30,30,17,28,33,35,11,36,24,9,35,18,36,39,41,23,40,37,16,30,29,16,18,42,33,8,42,41,37,32,36,14,37,15,26,9,12,23,37,36,31,37,15,45,35,33,48,34,42,35,45,33
35,35,43,15,39,38,41,49,34,35,29,35,14,30,11,33,24,42,32,43,30,41,18,42,37,39,26,39,38,18,40,41,36,15,15,15,32,38,15,46,41,16,11,38,14,40,39,34,34,30,37,20,11,40,33,14,42,11,25,13,34,13,33,47,13,44,18,15,30,32,34,19,14,32,33,22,12,36,39,26,31,17,32,30,20,36,21,32,31,30,29,12,13,29,33,41,36,31,32,38,34,34,14,36,38,10,34,34,18,35,14,16,29,17,13,39,36,17,35,39,30,38,40,37,13,16,40,19,34,31,36,42,36,41,35,40,38,41,18,35,42,47,37,40,36,42,29,35,32,34,28,13,40,12,30,27,16,33,39,40,36,43,41,37,13,28,37,31,15,40,33,39,35,36,33,14,6,30,37,16,28,28,31,35,31,29,40,32,37,33,36,28,24,30,39,34,41,31,11,13,41,43,36,35,41,40,15,24,34,44,39,25,42,30,30,16,12,34,35,38,16,41,28,29,37,33,32,35,36,38,18,37,19,39,40,33,29,22,32,35,39,13,38,20,31,24,13,37,33,39,34,14,34,21,37,40,36,40,34,10,45,31,34,27,32,18,32,34,37,44,33,15,32,40,31,32,44,36,44,29,37,30,34,36,35,20,49,40,13,36,32,40,33,35,36,27,19,31,32,36,32,23,38,15,28,35,21,40,36,36,12,35,23,39,20,18,15,33,40,31,38,22,34,31,34,31,38,38,31,30,30,21,37,15,15,33,29,35,37,41,30,37,36,40,33,30,17,31,38,36,36,38,16,33,33,17,30,12,33,44,20,37,18,43,15,33,11,15,17,18,30,12,36,40,42,38,29,15,33,39,9,33,29,22,46,36,41,46,39,32,34,30,34,33,32,29,28,41,14,28,17,29,11,38,36,34,43,37,19,40,38,39,35,12,28,34,38,40,33,23,33,34,37,14,34,33,35,27,39,37,35,36,35,40,19,42,30,36,29,21,29,21,33,14,29,31,28,35,37,32,45,36,30,21,34,24,12,14,31,15,39,31,33,11,40,36,28,19,42,36,14,33,13,9,29,36,40,35,16,36,41,35,18,42,35,31,25,42,40,30,41,37,18,10,44,42,19,33,37,46,38,32,37,34,10,34,32,16,40,44,31,43,17,36,16,42,32,33,41,32,13,23,7,16,16,12,38,37,13,35,42,15,31,33,33,14,15,33,8,36,34,37,17,40,22,15,42,41,40,33,41,13,39,26,39,32,36,31,27,46,36,33,39,39,33,26,17,41,40,16,41,38,38,35,37,33,35,35,35,27,17,21,28,34,39,32,38,35,32,42,14,29,35,30,37,32,16,33,33,16,29,14,28,33,30,36,34,20,36,35,19,30,37,39,36,36,37,45,32,31,36,39,18,38,43,34,39,16,31,41,33,39,31,17,13,33,36,25,37,38,30,40,31,14,37,31,32,38,39,35,31,33,28,34,28,32,14,30,17,14,37,16,25,32,31,31,38,40,35,38,43,37,36,35,18,32,35,41,38,44,31,35,49,36,37,17,36,11,17,32,34,41,15,45,37,26,15,30,16,35,39,29,23,33,11,44,37,34,39,38,37,36,36,28,32,23,19,27,41,37,29,26,27,34,28,13,25,40,34,34,34,41,39,35,8,41,15,37,8,32,9,32,34,34,39,40,31,27,12,36,15,19,28,40,26,35,18,34,15,15,36,37,40,43,43,33,17,30,11,36,36,30,35,40,16,39,40,31,41,31,31,33,15,19,34,10,36,19,16,38,36,38,27,36,8,31,14,31,13,34,13,31,31,31,27,33,25,35,32,18,19,37,9,42,38,42,14,33,33,38,19,15,34,15,16,32,14,31,26,31,36,29,33,20,32,21,36,35,13,36,12,29,31,34,35,16,18,41,30,42,36,33,33,40,32,31,37,15,16,40,32,35,32,31,34,37,25,33,26,37,40,41,34,35,41,21,36,40,43,39,36,18,36,40,32,14,32,33,15,39,17,18,13,41,37,31,33,30,32,31,18,47,17,16,37,40,32,29,15,17,18,31,37,16,41,47,13,36,31,37,43,27,36,23,32,38,20,37,34,28,34,22,11,28,16,15,33,39,30,33,32,10,15,43,32,25,38,17,29,16,37,39,34,15,13,23,40,6,35,11,34,36,29,35,32,22,29,41,32,30,37,28,31,17,39,13,15,38,41,32,16,15,31,34,38,32,39,16,37,34,27,33,15,17,14,14,26,42,35,42
13,17,8,34,19,10,39,14,14,36,32,35,14,16,15,30,12,42,31,28,37,13,14,37,28,40,37,29,40,11,36,44,38,34,43,18,31,30,19,44,20,35,33,28,35,36,8,33,19,33,35,37,32,29,17,34,47,30,32,14,37,37,40,42,13,11,9,27,29,40,35,38,16,40,31,42,27,22,39,27,39,28,15,13,37,19,17,36,12,35,18,34,9,31,34,16,24,41,42,33,33,33,31,28,37,10,18,16,38,32,11,19,28,36,33,31,36,15,38,30,13,17,40,24,32,14,19,36,30,43,35,42,43,28,39,18,37,42,42,16,37,36,32,16,10,16,30,31,39,35,38,43,38,12,39,38,37,38,18,29,42,33,41,18,18,36,29,41,45,32,36,31,41,17,34,21,31,36,27,11,40,25,34,31,30,13,14,41,35,30,40,10,17,30,35,18,37,16,41,33,34,20,38,25,41,39,39,38,15,32,38,19,42,42,39,28,34,16,42,12,32,38,38,31,32,32,23,35,31,10,37,36,35,20,14,34,8,29,34,28,21,30,36,36,41,11,35,28,33,38,33,41,33,10,17,32,35,36,33,36,10,30,18,33,40,13,15,38,30,33,44,37,16,14,37,45,17,39,17,29,33,18,32,39,11,38,16,27,6,32,40,28,17,44,33,37,31,28,13,38,32,31,36,33,34,32,16,35,16,16,39,33,32,42,32,17,15,12,41,13,39,13,50,33,44,38,17,37,30,24,40,42,38,19,32,17,38,30,39,33,16,34,38,30,36,32,11,44,20,33,35,19,42,9,42,14,41,40,33,38,40,17,20,34,25,38,30,36,35,36,38,14,14,27,18,36,33,18,30,21,16,42,33,46,14,15,34,34,29,28,35,35,42,29,42,36,33,13,11,35,11,37,31,11,25,38,37,31,39,11,39,18,42,38,36,30,10,12,13,33,38,35,34,12,40,18,16,33,31,32,35,35,39,43,16,13,31,35,11,19,31,15,31,39,44,10,32,33,35,45,36,13,34,33,38,29,38,35,32,38,15,38,22,45,15,35,35,38,36,15,33,29,14,26,36,30,39,29,26,30,9,34,25,41,34,25,33,14,34,35,13,33,18,10,10,36,15,15,19,42,38,19,13,34,13,25,44,35,39,38,20,13,11,36,41,15,34,37,36,39,38,39,47,35,12,50,32,12,30,38,42,32,36,42,37,35,38,36,31,31,39,34,14,17,28,37,37,22,40,34,37,38,15,17,33,40,20,34,12,17,27,28,19,40,16,10,36,34,35,32,14,36,21,48,41,39,19,28,31,12,17,31,10,35,13,11,35,33,34,35,35,42,29,33,13,34,17,30,33,18,34,10,13,21,17,36,29,34,39,31,30,36,31,16,29,27,38,36,14,19,39,34,18,39,44,34,37,34,41,14,41,32,42,33,45,12,37,31,36,10,35,38,12,35,38,12,48,39,38,31,30,35,14,42,38,28,33,36,34,39,31,16,13,29,42,34,22,39,38,28,34,31,14,51,34,41,31,40,31,25,36,43,32,33,35,28,34,32,25,15,35,34,41,40,40,37,36,18,43,35,13,20,37,32,20,16,35,39,37,19,41,34,13,36,38,38,35,33,14,38,40,44,35,38,34,39,44,38,16,29,23,21,36,39,37,35,16,29,36,35,21,31,37,45,28,27,31,11,20,31,33,36,37,33,16,32,19,46,37,34,29,32,34,38,11,44,41,33,43,40,35,35,8,25,36,33,15,28,35,15,13,12,34,40,38,12,43,33,38,14,36,12,11,17,25,38,11,39,43,35,35,30,29,43,27,21,44,12,43,32,40,42,27,16,30,24,39,34,29,38,31,14,20,43,32,20,34,36,13,36,42,35,38,15,29,33,38,23,17,13,44,36,38,38,36,38,16,14,39,38,41,32,32,34,18,39,33,30,34,33,46,14,34,37,30,28,38,35,30,39,38,27,35,36,37,35,26,36,12,39,32,35,32,15,19,13,9,26,42,15,30,37,34,42,38,42,32,35,29,13,35,31,20,15,29,17,34,38,37,39,17,35,32,42,34,42,34,16,33,31,21,11,12,33,34,35,26,30,32,39,44,23,35,18,16,21,30,24,26,35,33,33,17,37,38,33,33,30,20,37,32,13,36,16,33,34,39,33,40,31,47,36,13,38,31,28,34,37,14,40,35,33,27,32,30,34,34,12,35,26,39,32,12,44,44,20,41,35,18,21,34,40,28,23,18,34,46,37,15,31
15,16,16,27,33,37,8,34,29,41,37,20,38,15,29,34,32,12,38,35,31,41,34,20,33,32,23,33,33,34,37,33,30,32,25,30,25,11,41,34,39,37,12,20,35,12,19,18,39,38,18,38,15,39,34,14,37,40,34,14,28,32,37,35,26,34,39,38,31,40,37,12,32,36,30,42,31,15,26,15,16,25,25,15,14,40,30,12,39,34,32,28,28,41,43,32,46,31,35,17,32,39,38,33,27,11,10,17,10,34,31,35,24,37,15,33,32,37,37,17,41,46,42,26,39,29,16,27,17,36,13,33,42,36,39,29,28,32,33,17,38,35,32,42,14,35,36,35,15,36,36,33,36,12,33,12,32,13,29,13,39,20,30,9,35,36,45,35,42,7,16,27,34,16,33,41,31,29,14,44,31,37,13,14,17,19,13,10,41,41,12,24,13,41,31,32,12,42,18,42,34,33,38,37,35,28,37,37,13,36,43,33,38,36,13,30,33,32,39,34,31,43,30,33,16,34,19,16,30,13,16,33,34,45,37,37,34,29,36,43,32,24,16,12,37,33,10,36,41,38,20,38,18,28,37,14,22,34,13,39,24,40,27,32,14,36,37,31,31,30,26,26,34,39,35,33,14,36,18,38,39,34,31,35,32,18,33,11,15,42,38,18,25,26,35,38,30,29,29,36,44,36,11,41,37,38,36,42,33,30,38,28,40,20,35,35,35,15,32,34,42,29,13,34,11,16,39,37,32,35,17,16,30,37,32,36,41,34,32,10,30,27,40,32,13,17,31,38,44,39,36,11,46,10,30,16,36,19,29,34,41,12,39,17,41,35,37,37,36,30,34,38,29,39,18,38,39,17,41,32,19,43,13,34,39,35,32,38,35,16,33,34,41,26,40,16,18,32,33,35,33,33,31,26,33,37,18,36,18,11,36,31,31,25,37,39,14,12,19,31,7,38,30,15,32,32,40,46,32,32,18,31,35,24,9,34,36,21,15,36,35,28,31,33,36,20,30,34,33,37,36,36,29,14,13,26,31,13,40,33,40,13,39,14,21,32,37,34,31,40,34,32,15,17,34,32,40,41,26,32,38,26,26,37,33,39,38,11,40,36,41,11,32,40,40,34,16,16,9,42,16,41,22,41,12,13,35,36,36,19,19,45,13,17,21,16,28,19,42,36,34,32,30,34,36,28,29,40,34,16,13,26,34,37,36,35,13,41,42,34,12,38,31,44,31,35,41,33,45,37,33,34,24,36,37,39,43,36,36,7,35,35,14,31,27,32,38,37,10,29,16,26,32,35,40,14,35,37,16,42,38,35,39,33,9,16,34,31,32,41,37,33,33,39,29,35,39,34,35,13,44,10,20,36,32,38,16,22,35,35,28,29,28,43,15,17,41,27,19,32,29,20,36,47,14,34,36,28,26,41,34,36,28,45,40,36,13,40,33,18,15,35,40,15,38,32,35,42,28,16,9,12,31,13,11,39,27,27,44,43,33,29,28,30,35,33,31,12,31,37,32,38,14,30,39,35,22,15,32,15,18,34,38,37,16,12,41,38,12,35,17,42,12,34,30,40,33,37,37,33,39,35,27,16,36,36,37,12,15,11,42,38,27,28,30,11,30,5,26,29,39,33,34,34,44,35,38,34,31,33,30,40,16,16,38,40,20,32,42,22,18,27,36,31,21,13,34,37,33,14,50,12,16,35,27,18,13,30,29,11,37,32,37,34,33,32,31,47,41,36,14,35,27,32,15,30,38,39,36,38,33,35,13,37,15,38,35,40,42,18,18,31,39,29,38,36,33,37,14,30,46,40,28,35,18,33,17,37,9,40,16,15,42,38,30,37,17,29,27,41,31,27,41,6,41,38,19,42,37,35,39,35,18,29,35,23,35,12,47,32,42,33,39,12,16,36,34,32,35,38,32,9,40,32,19,33,36,35,42,19,27,32,37,14,35,33,14,11,40,31,28,35,14,11,36,40,35,45,30,40,41,16,39,40,30,40,14,14,35,42,19,26,13,31,39,38,35,38,35,39,13,28,21,33,35,35,47,34,35,33,19,33,36,38,25,27,15,29,21,36,40,14,37,30,36,44,33,35,35,35,26,37,39,34,33,19,39,37,13,36,43,32,28,44,28,14,29,25,48,41,29,34,36,29,40,35,31,14,10,13,34,31,37,32,39,32,27,32,33,14,44,37,35,35,34,29,34,13,37,34,36,33,37,31,24,32,15,38,45,16,25,35,33,41,28,41,30,45,38,35
22,14,37,36,39,35,12,15,39,41,16,30,25,37,40,28,20,40,36,39,43,47,37,31,38,9,30,15,26,33,32,10,33,32,26,30,16,28,37,40,30,39,25,32,30,35,37,32,11,16,33,36,13,31,40,17,35,37,32,34,32,32,35,30,42,17,20,15,11,41,30,36,15,38,39,29,34,16,25,13,14,34,21,35,29,37,30,9,18,41,32,34,36,28,33,37,40,24,24,9,34,43,10,36,34,30,42,38,35,39,33,48,33,41,16,15,33,43,35,34,18,48,13,40,12,9,13,38,16,29,42,39,43,34,38,17,34,37,37,27,27,20,38,33,13,30,34,15,28,33,12,14,17,38,11,36,36,36,35,13,47,17,36,38,32,40,33,41,17,31,39,36,43,45,16,39,43,41,32,38,29,35,37,37,29,36,34,36,28,35,41,36,19,30,14,42,36,30,33,38,38,35,15,14,27,28,14,19,35,20,42,38,18,16,33,42,40,11,15,36,38,38,38,26,34,30,16,34,34,38,43,34,13,40,35,29,32,37,32,34,38,30,30,42,35,43,34,39,34,16,36,26,38,13,33,42,34,11,35,14,37,41,30,30,39,34,29,42,42,31,22,39,37,32,16,31,19,18,35,36,14,29,38,33,32,20,32,22,40,39,39,31,36,32,34,31,38,44,11,26,36,29,29,41,35,35,31,12,35,16,15,15,29,18,34,14,35,39,12,38,31,38,35,40,33,38,42,41,12,32,4,15,10,15,39,13,32,43,16,12,34,38,31,30,36,26,46,31,31,13,30,16,37,17,42,32,22,20,16,18,20,14,32,40,38,43,30,34,33,41,31,34,29,39,19,35,39,28,33,30,40,26,12,37,36,37,38,29,40,30,43,16,36,32,44,8,46,40,16,39,29,21,9,40,8,30,33,36,36,27,34,33,34,22,30,16,40,39,14,36,37,28,36,18,40,34,24,36,38,6,10,27,33,31,29,35,32,36,35,31,34,40,35,44,32,45,33,33,40,14,14,32,35,25,33,19,15,31,35,30,19,33,44,29,29,16,31,18,45,38,15,37,10,40,13,41,32,33,32,33,32,41,34,31,32,23,45,38,33,32,34,40,15,34,35,35,34,11,36,48,34,35,35,13,38,28,33,25,33,40,42,43,33,29,34,29,38,34,33,39,32,34,35,28,14,38,38,35,35,15,17,34,30,37,34,15,36,49,39,33,35,35,43,34,38,16,31,26,40,37,39,22,30,32,20,15,39,43,32,31,29,16,41,39,40,35,33,33,39,16,11,30,38,41,41,19,39,37,37,39,48,36,18,22,38,33,37,32,16,30,37,34,42,33,33,22,16,39,39,33,36,40,39,33,14,31,16,36,14,29,12,26,18,31,13,37,33,20,39,35,41,22,10,34,39,27,16,39,20,40,34,43,32,37,7,32,41,12,34,35,41,34,34,27,42,42,41,12,32,36,23,35,16,19,27,9,33,33,12,25,28,35,36,37,42,37,16,26,34,42,37,33,37,36,12,31,26,17,31,40,37,36,32,34,33,33,42,40,40,33,42,37,42,27,38,32,34,17,14,28,36,28,37,17,17,33,14,33,36,8,39,22,33,42,39,17,36,43,13,40,38,31,37,37,32,34,36,44,29,24,40,37,35,33,33,35,32,14,32,35,30,36,38,17,33,13,24,27,36,32,33,33,33,35,12,12,31,32,39,39,38,8,19,30,31,29,35,15,35,36,33,17,28,23,11,31,37,18,42,16,44,28,29,42,35,15,8,35,33,32,16,12,32,29,10,17,19,40,42,40,18,48,29,18,36,37,32,29,17,9,35,16,36,11,17,18,17,22,37,42,32,32,32,40,32,33,40,39,32,29,33,34,18,29,41,36,28,32,44,39,38,33,32,23,36,34,42,16,14,32,34,15,41,38,28,32,38,21,28,29,18,38,38,38,41,29,15,24,33,39,38,34,22,33,11,32,34,27,36,36,9,32,29,39,39,37,33,44,31,31,29,25,34,37,32,27,31,34,18,34,33,39,20,39,14,32,29,40,29,15,29,14,15,34,44,34,34,42,38,34,14,34,40,41,33,39,24,27,37,41,43,33,12,44,35,35,33,43,33,34,39,39,34,38,30,16,9,32,27,37,14,37,39,42,29,27,38,38,34,32,33,38,37,11,40,32,26,12,32,36,12,33,45,22,32,33,30,36,35,22,20,36,30,33,11,38,29,30,27,36,34,13,35,40,37,18,14,30,42,35
28,12,37,19,23,38,22,43,33,45,41,16,35,36,32,16,31,39,11,31,34,41,35,35,30,33,15,26,25,17,32,39,11,40,34,36,29,34,34,14,39,21,40,38,36,13,18,37,38,38,36,37,11,39,35,17,35,17,29,32,36,29,9,34,15,41,32,37,33,14,35,31,33,39,37,13,46,33,40,12,31,33,41,34,37,38,29,32,41,12,37,37,37,37,29,16,32,30,40,39,30,19,16,31,29,38,37,32,42,37,43,42,16,34,31,41,33,47,33,36,20,36,32,17,30,37,9,30,6,42,30,32,35,19,37,37,21,40,31,12,40,32,28,26,42,46,39,34,10,34,14,33,36,30,15,31,36,12,34,13,38,33,41,42,34,16,14,34,42,10,36,20,35,28,18,38,35,37,44,36,30,16,29,15,12,36,32,35,34,29,28,14,44,41,12,33,9,30,34,34,15,41,17,36,42,15,12,22,21,45,33,32,11,12,26,42,33,15,41,28,24,39,32,44,45,36,40,32,26,17,24,30,37,35,35,26,44,16,28,43,33,28,38,29,11,38,42,14,16,33,41,33,39,12,37,15,33,36,36,37,41,16,36,42,27,31,10,35,25,14,20,31,29,36,28,36,15,31,24,27,31,11,12,43,29,33,13,35,37,42,17,36,36,29,25,37,13,16,51,29,36,8,46,41,36,17,24,36,33,35,32,30,37,42,34,34,36,34,37,16,41,42,41,32,33,10,38,31,32,29,37,36,32,24,39,13,40,13,37,33,27,24,34,31,21,37,21,35,14,34,37,28,29,34,16,40,40,38,37,34,17,13,19,26,14,17,37,34,38,34,28,39,33,36,37,37,30,40,44,36,43,12,46,21,13,36,43,11,37,12,17,41,26,30,19,37,37,36,42,32,28,28,24,19,15,29,15,34,33,18,34,39,15,42,18,41,39,18,14,28,34,13,17,37,43,31,36,12,40,17,39,41,34,16,36,16,37,31,39,15,37,31,36,32,37,32,15,15,14,35,12,15,36,34,15,13,34,29,33,38,14,32,31,25,37,36,36,20,36,39,31,43,34,28,36,17,35,32,11,35,38,10,31,18,35,36,34,23,42,33,40,34,13,38,33,34,38,13,32,20,38,48,37,32,31,35,42,34,33,34,38,34,14,33,40,35,33,10,34,11,38,35,17,35,41,20,39,37,15,40,37,32,16,32,34,36,35,38,14,33,40,34,18,37,32,31,13,28,32,33,33,38,37,37,29,34,39,27,35,31,15,13,34,12,41,37,30,34,17,30,33,15,37,30,32,31,38,17,40,33,12,42,30,27,27,35,34,40,35,23,34,13,35,32,39,32,39,32,14,14,27,39,39,37,27,33,38,47,14,28,13,39,37,32,32,32,36,33,33,39,40,31,35,31,42,33,15,37,30,15,36,34,34,14,30,19,12,19,10,10,39,11,35,30,28,42,31,31,28,35,14,32,9,47,31,29,11,35,31,33,39,38,38,32,34,40,15,19,14,37,18,35,29,29,32,36,40,43,30,12,35,16,39,33,17,14,15,33,37,39,24,29,37,41,15,44,30,39,21,37,43,10,28,5,31,41,16,27,38,28,33,32,32,43,43,8,35,40,32,16,14,40,35,38,16,32,41,30,34,38,27,34,37,29,35,37,28,39,17,32,39,34,28,30,13,34,41,34,31,13,19,38,30,23,19,39,33,34,40,14,37,36,35,38,12,16,34,36,11,15,34,40,38,40,39,15,31,44,34,38,37,22,37,35,18,34,26,41,16,34,31,41,35,20,40,34,33,34,37,17,10,8,36,25,31,42,31,29,8,27,32,33,28,35,29,39,30,13,35,31,42,14,17,29,39,37,15,31,31,21,35,31,41,10,32,31,27,12,28,36,28,38,19,37,14,34,13,13,22,36,41,38,38,31,7,33,35,33,32,39,16,36,40,15,31,38,44,35,40,40,36,38,32,16,38,31,30,39,27,33,34,12,40,30,34,41,13,28,22,38,28,36,16,35,33,17,33,31,13,35,34,37,8,29,36,31,32,15,10,31,12,31,40,15,33,30,37,33,36,41,20,30,38,38,18,34,13,35,12,20,33,36,11,42,39,30,18,17,34,39,40,30,36,31,28,16,42,33,35,35,34,35,16,12,41,16,35,37,30,16,13,39,37,15,36,41,42,16,32,16,33,37,18,34,35,35,37,41,30,41,30,39,37,44,33,32,42,28,30,34,35,32,16,37,38,40,16,18,11,41
22,9,18,33,36,39,36,32,17,42,27,36,37,30,41,37,34,14,38,21,35,22,17,35,35,32,33,36,14,20,33,19,16,30,15,16,22,26,17,41,12,11,37,17,44,47,40,40,33,39,34,36,35,17,17,26,20,34,13,34,41,12,32,36,32,20,31,39,39,45,37,26,17,19,7,18,37,34,37,41,31,34,42,39,33,31,16,17,34,15,29,37,35,13,11,36,36,24,11,40,15,34,11,22,39,42,17,27,32,18,31,30,30,30,14,16,46,29,28,15,42,27,41,15,39,13,45,37,39,15,32,15,33,33,18,32,38,37,46,48,40,35,11,15,37,39,34,35,16,38,26,20,31,32,39,36,46,35,36,35,39,18,15,31,33,19,38,39,37,23,41,17,31,41,41,34,33,34,31,33,41,10,39,37,37,18,14,34,12,16,32,19,33,35,38,38,14,14,11,11,16,39,34,8,37,36,40,38,29,42,32,15,13,30,38,33,26,41,34,11,19,41,10,17,47,18,32,40,41,40,30,33,33,19,13,38,35,23,38,28,30,40,34,15,13,16,17,42,36,20,43,13,43,38,36,31,31,14,33,33,11,34,35,39,36,16,18,13,29,22,38,42,11,29,26,34,11,33,34,31,39,32,37,33,32,36,15,34,31,34,32,16,22,35,13,16,35,38,41,27,29,39,22,28,34,30,41,16,33,33,17,32,15,33,12,10,16,44,14,29,31,35,34,38,31,16,41,30,11,34,32,32,42,15,41,44,30,9,33,12,36,19,38,33,14,32,18,17,39,26,35,36,40,23,40,38,40,42,41,34,39,12,29,31,18,36,5,43,27,42,28,27,30,34,16,37,34,38,17,38,18,39,33,38,33,34,31,31,39,36,12,36,32,40,40,11,41,38,40,30,29,38,11,28,39,41,32,34,37,29,19,37,42,41,32,30,33,33,32,12,30,43,29,36,25,39,32,33,36,15,38,24,31,39,11,38,27,17,13,36,36,29,30,37,11,39,38,17,31,32,39,26,39,33,45,41,16,37,33,34,35,37,11,32,38,43,29,31,16,13,47,37,32,36,25,14,37,43,17,32,43,45,32,10,20,29,34,31,32,32,38,41,38,12,39,13,12,36,19,19,36,33,36,28,31,37,31,28,40,13,42,9,14,23,12,19,35,37,36,31,30,33,32,36,31,15,38,31,37,15,42,16,39,35,33,35,34,21,34,39,34,37,33,36,15,15,24,40,30,12,38,33,40,37,34,41,31,37,33,47,34,38,32,32,43,45,14,35,39,47,34,28,37,30,5,30,42,39,18,30,38,21,10,27,34,49,32,11,31,15,33,35,32,37,11,41,35,36,31,20,37,8,28,28,31,33,34,43,38,35,13,16,39,37,44,39,20,39,20,44,34,32,43,38,38,35,8,20,32,37,28,35,12,35,13,36,26,39,34,35,34,30,16,35,34,13,9,14,43,31,13,29,26,35,31,27,34,16,41,40,42,31,33,34,18,33,15,33,34,17,30,27,33,33,29,34,23,31,37,33,10,30,37,17,13,35,33,43,32,36,17,33,35,39,35,33,35,40,34,12,39,46,16,34,41,34,39,10,30,38,36,33,12,42,35,17,36,28,15,39,38,30,19,37,31,16,29,34,39,37,42,16,16,25,36,33,13,32,16,30,38,40,37,31,17,34,32,34,30,33,32,35,31,31,26,40,30,14,34,34,35,35,32,37,43,34,16,34,28,38,37,33,44,39,30,23,31,44,32,37,38,9,30,29,11,39,33,31,39,11,42,35,34,34,17,16,20,13,12,33,33,37,35,16,35,14,40,15,36,33,32,10,33,8,25,35,14,32,35,9,37,21,26,39,37,40,31,31,44,25,38,37,41,15,36,14,32,46,25,32,9,40,38,38,38,35,30,41,9,36,34,32,9,34,34,14,35,19,43,18,18,39,32,36,36,37,41,34,27,31,27,35,13,27,32,40,31,14,12,36,30,34,39,33,45,9,15,28,11,35,10,37,21,41,16,12,40,50,33,37,29,33,13,12,41,39,31,36,17,10,32,30,27,17,15,37,16,39,43,15,15,15,35,36,19,41,34,18,36,39,44,29,33,16,32,10,35,30,35,42,28,15,38,13,17,33,14,37,34,36,12,34,33,32,35,35,13,24,38,42,30,14,14,35,35,36,36,39,15,13,16,36,16,31,31,37,40,11,31,40,17,14,15,14,15,39,35,32,13,39,15,38,15,29,29,41,35,14,16,38
9,26,36,17,36,18,39,36,36,32,36,35,38,40,39,33,27,19,14,41,13,39,36,39,25,35,15,14,36,40,18,35,37,38,32,43,32,32,37,31,44,35,18,27,32,31,35,31,45,8,28,30,33,28,35,32,18,13,35,22,36,14,28,12,36,34,33,34,36,15,17,46,35,32,11,34,36,29,37,40,35,37,37,42,10,10,36,39,36,35,9,21,40,10,15,30,41,33,32,37,30,21,32,32,29,21,12,34,30,17,17,34,35,18,37,37,35,32,10,36,12,26,36,32,34,30,42,48,12,32,17,43,42,32,12,30,36,36,36,42,33,30,35,38,40,35,18,37,11,14,41,31,12,35,10,38,10,33,19,34,36,27,15,18,32,36,34,29,33,35,25,32,30,40,39,20,37,34,9,37,37,14,33,31,28,37,26,36,18,12,29,40,33,30,31,36,16,40,37,31,34,28,37,43,29,33,19,8,9,36,17,28,46,31,18,35,48,26,34,20,37,30,31,13,11,30,35,35,16,39,18,42,18,36,23,37,40,39,18,12,15,27,28,52,16,11,37,35,35,36,35,14,38,16,34,16,36,37,32,36,32,31,40,12,30,33,20,32,40,35,36,35,34,37,38,35,33,25,42,32,33,40,35,29,43,11,41,12,36,32,31,36,30,32,35,39,17,35,40,32,36,31,36,38,23,15,38,31,19,12,35,15,35,37,35,35,41,13,39,37,34,41,32,30,36,12,35,41,14,23,40,38,18,41,28,31,37,35,38,32,37,15,14,34,26,33,12,32,16,32,38,36,24,34,37,32,27,28,32,14,27,32,39,32,21,27,12,26,33,36,36,39,31,15,15,33,25,16,36,12,15,29,35,33,38,12,32,29,29,28,18,28,40,31,33,18,10,37,35,34,34,43,39,15,35,19,34,42,40,40,36,14,40,32,31,15,47,38,19,18,11,31,31,38,37,14,42,11,36,37,34,28,37,36,37,39,43,32,41,19,17,32,33,35,41,14,28,31,14,32,37,35,37,33,30,37,45,35,31,34,42,31,36,28,31,38,15,38,33,37,40,34,41,36,40,34,12,42,26,38,42,36,32,30,21,14,37,32,43,16,30,36,33,42,35,21,16,15,12,40,39,31,28,32,35,13,36,31,34,35,19,40,28,39,39,10,12,19,30,37,12,33,32,32,37,39,38,35,39,37,37,32,41,19,36,31,17,38,34,38,36,16,39,42,21,7,29,31,39,37,35,21,33,40,39,33,14,33,44,28,34,37,12,16,39,10,39,31,41,20,33,31,36,29,14,34,18,35,15,41,30,33,30,14,36,16,42,33,33,15,34,31,38,37,37,18,43,36,8,36,33,31,38,30,36,31,32,40,38,37,12,39,30,12,16,32,42,39,36,26,36,44,32,41,34,36,16,36,32,34,29,35,40,15,26,12,35,32,16,40,32,31,35,20,30,40,35,39,34,42,40,34,38,40,30,40,42,38,37,35,40,46,41,12,39,39,36,27,25,34,41,39,29,34,44,36,20,10,32,37,34,35,43,31,33,38,36,32,26,30,28,10,38,32,37,29,10,32,43,14,10,34,39,29,17,39,25,28,35,43,34,19,30,33,41,33,14,41,29,30,29,30,35,16,31,13,32,30,16,40,13,39,39,12,34,38,42,39,13,35,10,33,32,29,35,35,29,30,40,28,39,36,14,17,33,37,35,35,38,35,41,44,33,38,36,19,15,19,34,31,15,31,26,16,14,27,18,20,21,12,32,28,31,14,38,28,8,33,26,36,34,19,30,42,6,36,28,31,15,12,29,36,40,37,38,16,42,36,18,14,32,28,34,34,36,16,17,33,43,25,25,11,29,43,30,25,20,34,46,16,33,29,46,47,32,31,36,35,30,38,16,32,17,38,18,28,34,32,35,36,32,28,39,17,40,28,39,37,30,32,32,44,30,32,17,33,38,10,37,12,30,33,36,38,29,18,38,32,31,23,30,43,20,9,6,28,35,33,14,12,13,36,16,29,32,40,35,13,40,32,15,41,30,33,36,14,31,14,13,36,24,31,41,34,31,37,32,40,29,34,38,21,39,33,39,27,29,39,40,19,35,38,10,38,35,28,33,35,33,28,33,35,13,41,9,34,35,31,31,13,39,31,40,17,39,41,32,14,29,33,10,40,29,38,18,34,29,38,31,16,44,37,36,34,39,32,20,15,16,32,38,39,46,38,35,31,28,35,11,27,32,22,32,38,12,38,39,37,43,44
40,38,35,28,32,37,37,30,13,38,10,7,18,38,20,17,38,34,39,40,40,31,34,40,28,33,13,21,25,31,24,14,34,45,30,33,16,34,30,36,33,39,38,39,33,14,45,18,16,13,32,39,31,41,38,38,30,31,38,28,44,37,32,36,32,31,40,18,9,33,10,32,29,33,24,37,36,32,37,12,32,39,37,30,39,14,34,37,19,24,30,46,35,47,48,13,16,38,30,14,36,30,17,18,41,33,37,30,11,11,30,39,18,37,35,32,20,32,31,16,34,12,35,30,43,25,36,28,11,16,38,26,35,15,30,30,33,31,33,37,41,17,33,40,13,29,15,34,19,37,8,27,37,14,25,20,14,44,29,16,33,36,33,12,39,35,33,42,31,38,38,35,40,35,41,36,32,34,36,40,18,32,36,36,37,34,18,37,43,39,38,37,39,31,36,30,36,30,35,42,40,29,37,37,32,18,47,29,25,15,33,36,34,13,17,41,29,34,40,31,39,33,41,44,33,42,12,32,31,34,15,36,10,36,33,34,35,35,13,32,30,14,19,40,36,15,35,20,31,13,41,39,13,29,13,22,40,33,31,32,34,28,44,35,38,16,40,42,15,37,15,31,26,20,34,28,46,12,39,37,29,46,13,33,37,27,35,33,31,32,18,33,32,29,19,35,36,40,19,38,14,32,33,35,37,34,41,13,36,42,37,33,37,37,36,15,31,33,36,39,27,40,27,10,42,26,22,32,12,41,20,30,36,45,12,40,13,40,35,29,32,29,9,18,36,40,31,47,24,38,17,8,14,37,42,36,36,33,22,34,27,19,34,33,35,36,39,49,16,36,37,39,19,40,37,29,17,37,11,32,42,37,33,29,35,19,29,43,43,42,42,32,36,27,33,15,41,15,33,43,36,24,12,11,32,35,39,34,14,30,27,35,10,38,30,33,40,37,14,36,32,33,31,30,34,44,35,33,33,39,38,13,8,12,15,32,34,32,40,32,33,35,37,34,33,39,31,34,35,35,25,42,29,29,34,19,20,15,31,32,14,32,36,27,40,30,31,19,38,35,32,15,40,29,14,40,37,29,33,26,39,42,43,28,13,34,26,32,43,36,6,34,43,39,33,14,17,31,29,35,32,33,36,32,37,33,30,46,11,34,35,36,34,32,14,32,33,36,37,39,29,39,11,34,45,39,36,12,36,31,28,33,36,41,32,35,44,19,23,30,31,33,16,38,41,33,44,26,37,40,32,39,26,30,43,13,42,42,34,33,35,16,21,38,34,41,30,30,38,34,12,44,24,30,36,41,34,42,40,40,26,15,35,38,33,38,37,39,12,22,15,31,12,33,32,36,12,39,33,11,24,46,38,37,28,37,26,17,31,15,14,8,40,11,14,31,32,12,38,17,31,42,40,32,18,35,11,32,40,30,38,29,34,11,32,30,25,15,26,29,15,44,15,16,34,25,34,42,39,34,16,11,26,39,39,10,33,34,13,37,27,11,33,14,28,13,38,38,33,46,13,11,32,47,37,41,37,37,35,39,14,37,29,35,16,29,14,35,39,46,34,33,34,34,15,36,32,40,44,32,30,44,23,31,31,25,40,36,40,28,32,35,36,35,28,30,12,14,33,29,17,33,36,44,21,39,31,32,13,34,33,32,46,16,35,32,38,31,38,33,33,36,29,40,7,40,32,29,31,10,42,16,43,15,38,17,19,23,18,31,32,15,33,17,33,15,18,37,39,12,38,12,31,39,35,29,29,15,35,9,42,36,40,36,37,28,40,47,45,39,35,36,32,11,36,14,32,18,9,30,18,31,38,34,37,35,38,35,32,30,36,15,14,7,21,39,34,38,21,16,33,38,35,35,34,40,38,33,44,40,15,31,25,12,11,31,28,37,14,37,40,38,37,41,14,17,36,41,33,30,39,20,38,40,15,12,27,11,37,34,38,39,31,29,15,32,36,33,45,32,18,15,36,43,16,9,31,31,35,39,31,35,37,14,35,31,35,34,28,42,37,30,38,40,30,37,35,37,15,11,16,30,31,16,43,34,34,28,28,12,27,36,32,33,36,7,30,13,33,32,30,37,10,36,33,19,25,13,7,39,33,45,11,35,24,32,34,31,33,34,35,33,17,32,40,13,35,36,32,44,38,16,28,40,27,36,20,34,35,38,42,30,38,16,45,37,29,35,30,30,14,31,16,30,27,36,32,37,38,43,13,34,37,23,27,39,33,34,39,13,25,29,43,33,30,29,30,36,38,36
30,37,43,26,38,39,31,15,30,18,35,44,31,12,16,21,15,30,35,34,14,41,31,35,41,17,39,35,27,13,28,37,31,33,15,36,42,38,41,36,34,18,39,29,34,28,30,28,16,35,33,30,33,34,25,19,12,37,39,42,10,37,31,25,44,13,30,34,14,35,26,42,7,37,35,37,34,11,38,16,33,15,35,34,29,32,11,33,30,36,44,20,40,11,15,21,34,30,29,38,36,13,15,29,38,13,31,29,14,37,30,22,32,35,12,35,40,16,32,35,13,36,32,36,15,18,40,13,28,37,27,38,32,33,16,39,22,42,33,37,28,37,37,30,13,29,42,34,26,15,36,38,29,35,28,37,9,34,19,16,39,30,33,44,38,38,43,36,36,33,39,33,32,29,36,41,13,33,35,41,32,28,37,39,27,33,17,20,18,27,34,16,44,35,37,38,33,44,14,16,18,13,16,33,37,32,17,34,30,10,16,15,37,36,37,32,39,16,25,35,41,22,17,32,29,14,30,10,40,30,37,34,38,40,31,11,41,30,39,40,36,37,8,40,38,39,40,32,39,26,31,38,29,21,6,36,20,31,43,38,34,32,37,30,43,36,36,6,40,16,34,32,34,13,14,35,13,12,40,33,33,37,15,39,41,14,30,31,41,17,36,31,27,38,38,33,12,31,10,33,38,44,33,45,38,15,34,35,32,35,36,39,36,41,31,37,13,32,32,37,37,12,42,38,33,38,33,18,14,19,13,33,39,38,36,31,13,34,30,33,7,35,40,34,39,42,15,15,10,15,25,39,32,38,31,36,39,38,11,37,34,34,30,37,36,34,16,31,38,34,40,37,12,33,14,14,14,30,40,26,35,30,31,10,33,35,14,32,43,37,33,39,11,34,36,36,32,30,38,8,10,32,35,17,30,40,35,42,17,14,28,38,12,11,18,35,29,38,39,12,29,16,44,13,36,34,39,20,29,32,30,28,30,16,39,16,32,32,42,29,20,36,14,38,18,33,33,13,31,41,12,34,17,16,22,32,38,40,45,30,32,36,15,32,42,14,34,44,18,33,35,35,32,30,25,28,10,9,27,29,38,44,35,29,33,28,18,37,34,11,30,40,45,32,29,40,39,16,33,34,14,42,32,43,14,36,32,36,33,31,36,39,26,36,16,19,13,34,18,36,35,10,33,39,38,33,35,40,34,37,31,32,29,44,34,31,42,25,30,13,14,29,7,34,35,41,13,12,33,13,35,43,39,49,36,16,34,15,18,15,35,35,29,33,33,11,45,16,13,40,32,37,36,43,14,29,40,34,33,31,31,36,41,24,36,35,36,29,11,38,31,41,11,40,39,45,39,35,42,15,14,12,34,23,36,10,34,36,33,17,43,34,11,35,29,13,12,21,43,14,38,36,31,35,28,33,32,41,46,35,34,34,40,38,37,14,33,30,10,38,41,15,31,41,39,45,43,38,38,27,36,20,18,28,11,38,41,11,18,38,41,35,32,36,33,40,13,32,10,32,15,40,25,40,15,18,41,38,43,41,37,37,30,25,8,35,14,30,18,38,43,39,20,36,21,36,28,48,37,17,35,39,37,39,37,45,33,34,29,15,20,39,7,12,12,33,17,40,47,32,17,33,34,38,32,37,33,39,34,41,35,31,32,36,37,14,36,37,18,19,35,37,31,14,13,33,15,13,32,34,38,32,41,28,33,28,33,14,42,34,13,33,37,13,36,34,15,42,26,34,37,38,31,28,8,42,33,38,48,34,15,21,36,37,15,35,16,14,30,10,13,38,15,37,14,43,29,16,19,19,28,48,31,37,9,12,16,36,28,33,20,14,34,12,15,26,36,34,35,29,40,15,8,25,38,42,34,35,35,37,34,32,44,36,32,12,28,12,38,36,37,24,33,32,26,29,33,17,31,38,27,36,34,35,30,32,40,36,44,37,37,34,26,37,29,41,29,36,41,36,33,41,23,18,21,29,28,36,40,32,37,31,33,14,37,39,18,27,10,31,33,31,34,19,37,36,38,39,35,34,34,15,30,31,33,41,15,32,43,12,14,24,28,36,15,32,35,35,21,34,39,26,39,32,28,33,42,33,38,43,17,31,31,37,38,41,27,12,12,36,32,21,11,30,14,46,24,32,30,37,39,11,12,32,18,35,34,36,41,30,31,36,35,36,33,15,20,30,40,37,31,34,40,31,33,38,19,35,31,38,12,30,15,12,33,43,28,37,22,42,38,32,39,13,35,34,37,35,15,31
13,30,30,22,32,37,31,28,32,37,32,33,38,38,35,34,38,33,32,33,14,15,29,35,39,35,33,35,27,37,12,36,38,31,35,17,39,38,30,31,15,36,40,22,37,33,17,35,31,33,38,39,29,39,20,35,38,15,39,31,20,36,15,31,27,25,18,33,39,32,38,35,11,40,35,31,33,29,33,46,33,19,40,24,40,31,32,38,38,35,16,28,17,37,33,38,34,32,35,37,35,32,37,33,14,29,19,35,31,30,28,18,13,34,15,33,32,32,44,28,11,12,30,43,30,25,39,30,40,45,43,33,31,10,31,33,15,38,19,38,39,33,22,39,14,15,32,42,40,17,16,39,14,31,38,34,19,35,12,33,36,37,40,38,31,38,47,34,34,30,46,12,41,12,35,42,31,10,32,36,38,35,39,31,18,37,15,33,17,20,33,49,32,37,30,43,34,35,29,12,41,40,35,29,20,31,17,36,39,18,38,48,32,19,31,31,14,31,18,42,17,39,28,13,12,38,34,33,12,33,39,14,15,44,33,34,34,36,32,41,27,33,42,36,20,36,41,16,25,38,33,32,34,33,39,9,6,13,22,16,36,39,27,41,33,9,34,33,37,16,19,11,19,39,29,14,39,32,19,39,28,31,35,37,28,36,39,34,15,16,15,41,33,18,45,34,33,39,43,37,15,20,33,40,18,39,19,36,25,40,17,45,36,10,27,20,37,44,36,31,31,37,37,42,40,19,14,41,42,15,12,32,34,36,17,35,37,36,29,10,11,34,35,40,32,36,14,31,15,25,11,38,15,36,34,17,41,27,39,37,10,33,34,16,15,23,27,18,15,29,30,43,34,38,34,31,35,33,15,36,37,13,40,33,37,40,28,32,33,10,26,35,31,36,33,38,38,29,39,36,33,30,38,21,43,35,34,16,36,42,10,34,33,27,30,42,16,30,15,33,15,40,33,11,13,17,37,35,37,29,30,36,35,36,36,11,16,18,39,33,30,28,31,14,25,31,31,38,36,36,28,18,39,39,10,33,9,26,43,37,38,40,31,35,31,14,35,32,36,34,14,12,43,34,31,20,32,29,32,42,34,31,32,34,10,38,35,11,32,36,37,29,35,27,28,20,29,8,37,37,14,32,38,37,34,41,40,12,34,10,33,18,21,33,16,34,34,34,11,32,34,29,39,19,39,21,34,35,38,37,41,37,42,28,17,34,31,20,39,19,10,27,32,30,27,29,36,36,36,18,40,36,16,35,40,13,32,9,30,31,12,33,37,32,37,39,17,36,30,18,44,16,17,12,11,30,21,34,35,39,15,36,36,16,38,34,19,27,19,15,39,39,30,10,14,35,15,33,23,16,28,13,14,14,14,11,31,27,17,9,30,30,35,16,15,16,34,36,47,13,33,22,27,42,9,41,15,37,30,10,37,35,38,32,23,38,13,16,27,32,15,32,35,14,15,12,35,21,29,10,26,36,31,33,40,36,45,17,38,13,34,19,9,33,43,30,36,14,38,35,43,10,33,41,41,36,32,15,34,39,34,37,19,37,11,35,34,9,17,19,28,11,34,14,34,24,36,15,27,13,32,13,15,37,35,14,34,9,33,34,38,32,32,17,11,34,36,13,32,39,28,40,34,14,35,35,32,38,18,50,40,35,35,31,16,37,9,33,12,42,36,12,38,40,37,34,37,40,28,18,45,36,33,34,36,37,33,38,33,12,12,38,32,9,19,19,35,34,29,13,12,31,17,41,36,14,34,42,43,35,15,43,36,15,32,38,11,18,19,23,33,36,18,15,36,29,11,28,38,34,35,13,42,9,24,27,36,40,23,33,34,35,13,33,32,26,30,39,35,36,42,39,18,40,36,26,43,34,17,39,29,42,20,33,33,13,34,41,39,18,30,37,35,31,33,31,40,36,33,34,39,16,30,39,40,40,30,32,37,33,31,16,38,12,13,33,15,16,30,38,15,36,7,16,31,38,15,13,21,35,8,43,37,13,39,41,31,33,11,34,31,27,13,11,33,32,12,38,29,29,38,31,13,14,14,12,38,35,36,9,34,33,36,39,28,22,16,15,34,15,33,34,31,39,16,17,35,36,31,16,31,35,37,30,35,33,18,17,32,22,23,41,34,44,10,33,34,38,37,30,10,11,16,41,36,37,15,34,44,22,29,40,13,32,11,38,31,26,28,32,33,37,42,34,17,37,16,44,31,12,21,37,18,41,16,34,38,32,30,33,38,18,30,15,15,44,37,32,47,36
31,21,38,36,37,39,12,32,31,31,39,33,24,38,13,31,39,43,43,22,36,11,41,16,36,14,39,17,33,12,35,33,10,28,14,28,19,42,35,40,43,35,41,41,14,36,31,15,37,34,42,31,17,30,38,34,41,34,28,19,33,18,34,42,28,34,18,18,31,15,35,32,38,42,26,38,35,31,9,38,31,36,39,34,19,16,14,31,20,45,32,41,34,33,15,13,39,35,32,43,44,12,31,18,11,30,13,47,28,37,35,34,46,36,38,21,27,37,34,35,13,12,30,14,36,42,35,35,13,17,13,33,13,34,35,15,40,22,29,32,36,37,28,27,41,17,29,18,39,10,26,31,24,32,27,33,29,36,13,45,11,24,33,41,19,12,10,27,39,12,37,13,31,37,13,32,38,32,18,30,40,35,40,42,11,33,27,19,39,42,32,32,23,39,12,26,39,31,14,29,34,7,17,43,35,13,18,16,32,8,32,28,31,42,37,36,31,28,17,31,45,36,31,29,14,20,24,30,41,28,32,39,43,38,29,35,40,41,36,37,30,35,37,38,16,34,36,33,35,28,31,15,33,14,12,18,13,29,18,27,27,28,45,27,34,18,36,32,22,41,39,33,36,14,34,33,18,15,35,38,43,35,43,17,7,9,17,39,16,38,29,15,35,34,35,41,19,38,31,35,40,37,42,35,34,33,33,12,32,25,30,40,31,36,34,14,36,32,31,38,30,13,37,42,29,35,37,39,35,34,14,31,16,36,31,38,25,36,33,27,39,39,45,36,10,43,20,28,33,16,35,34,13,42,14,33,31,36,33,41,33,15,16,38,16,16,10,33,36,14,50,34,35,30,29,15,34,14,11,39,15,15,15,10,15,29,38,31,38,32,16,15,22,9,16,39,33,14,30,18,37,34,15,11,36,38,31,12,40,38,27,33,15,30,18,12,18,40,34,39,35,34,32,29,8,17,12,33,41,15,31,21,31,28,40,15,18,31,36,29,32,10,12,43,39,42,37,35,36,11,20,21,35,17,41,33,17,34,33,35,43,32,39,36,31,32,15,20,35,32,19,31,36,13,31,42,30,26,40,30,34,17,27,35,18,36,39,37,31,15,12,11,37,31,33,27,20,38,31,22,14,39,38,18,18,37,43,30,36,40,42,29,37,13,17,31,40,41,11,31,26,31,41,32,39,36,38,35,19,35,11,33,26,39,36,34,15,38,35,37,36,37,29,15,35,29,40,35,19,35,14,13,38,33,40,37,11,36,33,13,45,34,26,13,32,35,32,36,15,37,15,36,38,31,35,23,16,40,31,14,35,32,33,36,34,30,22,30,38,42,36,37,30,36,35,20,32,37,35,34,33,37,19,37,40,33,17,18,35,34,46,31,37,35,36,33,35,28,28,44,38,14,37,14,16,42,33,39,30,39,35,39,38,29,18,9,21,33,39,31,12,33,39,38,39,36,28,16,30,23,32,15,28,11,33,30,28,33,14,44,37,15,39,38,38,13,22,16,29,38,15,26,33,34,32,20,31,38,20,34,32,17,35,44,32,34,38,38,32,40,12,41,37,38,16,32,33,20,16,12,42,38,47,42,40,36,25,15,32,34,34,37,31,32,36,39,35,18,28,30,33,33,37,40,34,34,14,34,30,36,39,40,26,14,36,43,46,37,38,38,10,32,38,18,33,31,26,27,17,40,25,46,36,12,35,30,28,44,34,40,38,33,43,34,35,38,22,12,35,43,29,35,15,38,32,45,36,33,14,40,31,19,39,42,33,40,16,29,18,42,36,29,13,32,34,30,35,34,11,34,35,19,39,11,34,33,34,29,30,10,25,14,28,32,40,12,34,37,17,38,37,17,32,25,38,16,35,17,37,38,15,30,19,46,33,33,11,38,34,37,45,36,30,35,19,38,38,33,38,33,34,15,35,34,35,33,32,39,32,41,40,38,24,20,20,33,33,37,13,18,36,32,43,30,16,32,35,11,30,15,36,37,14,34,18,45,37,18,38,31,34,18,34,44,35,40,37,30,35,19,45,30,36,18,31,26,39,38,35,38,18,36,33,36,36,35,34,29,15,43,41,39,38,32,43,32,19,14,35,36,41,27,39,13,21,37,34,35,42,31,15,41,37,33,33,27,38,27,34,37,15,35,29,19,36,17,37,29,41,14,13,39,31,35,32,43,37,31,33,42,34,41,32,45,39,26,36,13,23,34,29,36,36,32,37,9,47,26,13,33,27,39,20,31,10,33,19,19,32,32
36,42,33,40,42,13,20,15,37,38,25,37,36,34,7,40,34,18,29,33,43,12,15,35,38,37,27,24,30,32,40,12,15,30,33,29,31,15,27,13,42,33,32,31,30,38,21,34,38,33,15,32,42,25,11,34,34,28,34,31,34,41,30,18,32,9,38,38,42,28,31,43,36,33,36,32,36,32,37,11,33,41,32,14,41,30,35,29,37,36,33,36,31,41,34,36,31,27,36,16,31,29,38,40,10,32,39,36,15,31,14,39,16,40,36,41,26,10,34,16,34,31,34,37,32,34,13,42,44,38,14,31,41,41,31,37,37,38,11,36,33,38,16,19,35,33,37,36,38,36,30,30,27,47,35,34,36,37,38,32,18,32,22,42,31,29,40,26,16,9,30,36,38,28,33,16,36,34,36,28,33,35,36,31,41,29,13,41,19,36,15,35,38,11,11,29,29,30,36,34,38,23,42,30,31,26,38,40,17,35,32,34,11,15,42,29,14,9,40,13,45,31,30,30,37,36,34,38,28,41,37,28,31,43,33,33,32,35,32,27,28,27,36,34,28,28,40,18,28,36,17,36,35,32,31,15,30,34,31,17,33,37,30,35,34,38,37,42,36,29,33,39,39,38,20,29,24,38,39,42,31,7,31,36,18,40,34,37,40,43,39,14,32,11,17,13,30,32,18,36,32,17,41,19,12,35,33,31,17,37,37,17,34,33,33,32,47,10,18,32,38,42,35,37,32,36,40,32,39,12,14,36,32,38,39,29,42,38,17,40,33,35,36,30,11,17,14,32,35,19,32,12,42,27,13,17,35,17,41,15,16,41,35,29,34,26,17,28,36,38,17,29,36,32,33,37,25,15,35,44,42,29,39,33,46,29,36,14,35,30,43,36,36,28,33,31,39,43,34,41,35,33,34,11,35,38,34,37,30,33,33,35,32,38,37,42,32,29,37,31,34,36,9,31,8,36,34,33,30,15,37,32,19,41,29,33,19,34,30,37,33,37,39,41,15,36,17,36,20,34,38,13,15,16,30,34,34,32,38,35,19,40,28,32,14,35,19,15,30,39,37,14,35,34,42,36,42,35,30,28,14,24,41,35,40,32,33,15,34,38,38,17,32,37,39,34,35,39,44,18,34,34,17,39,35,37,33,33,37,30,34,33,27,36,32,41,20,33,17,25,36,40,33,11,32,18,38,43,34,42,30,39,13,20,35,31,32,36,32,33,37,19,12,32,36,34,36,41,32,43,33,34,31,32,20,30,33,40,37,30,16,47,28,13,32,18,15,28,26,31,47,29,35,12,10,39,30,40,35,42,11,14,38,27,40,26,38,36,40,36,33,45,11,35,38,37,9,17,13,33,43,38,29,32,13,34,40,35,15,18,35,19,38,26,37,37,26,25,39,38,38,36,41,15,45,10,42,33,36,31,9,39,33,40,34,41,42,30,11,31,33,39,36,16,45,37,32,33,14,28,35,15,30,37,36,33,36,37,38,29,31,29,34,42,34,15,41,36,14,38,32,34,38,16,9,32,41,29,32,28,33,12,40,31,35,16,38,14,37,40,42,32,25,38,15,12,37,15,37,20,24,46,16,32,36,40,41,46,31,40,40,37,32,37,30,27,37,35,41,36,16,27,43,10,36,33,31,32,19,32,42,38,35,24,17,36,14,31,33,30,43,38,40,32,32,19,39,28,17,35,30,36,32,36,32,40,39,13,31,40,16,41,33,17,33,27,40,18,15,14,31,24,43,29,35,36,36,40,23,33,36,34,37,35,25,35,17,36,9,36,40,37,14,35,16,42,34,17,28,15,26,14,37,30,16,38,30,13,16,35,44,32,43,42,25,12,11,35,39,43,28,29,10,34,32,35,33,40,41,38,35,33,31,36,14,24,39,39,40,17,27,32,30,29,35,16,35,34,34,34,9,41,19,38,44,27,20,25,12,14,39,17,43,33,31,11,34,42,28,47,9,35,33,34,15,14,38,30,38,37,15,14,43,16,29,13,35,18,11,38,21,35,19,39,19,39,14,12,33,33,12,33,32,27,34,35,29,42,34,28,33,38,18,35,29,35,34,37,22,29,35,42,35,42,39,33,37,18,32,36,37,28,29,16,33,40,33,20,33,39,30,34,32,31,24,32,38,37,32,38,34,40,10,30,11,35,7,38,14,36,33,35,28,32,34,30,14,37,31,44,13,19,30,40,40,16,31,16,32,10,35,19,20,13,43,28,33,37,28,30,43,39,38,32,17,26,15,39,30,18
32,36,9,33,12,12,15,33,27,37,36,35,38,31,32,39,35,32,26,15,28,13,12,39,17,34,33,8,35,37,32,34,37,39,31,37,13,44,40,31,20,40,14,35,38,36,33,46,39,14,12,32,12,37,32,16,36,25,34,30,40,33,28,9,9,12,33,13,28,39,12,34,19,16,38,34,31,38,12,27,9,42,33,35,14,34,11,37,14,34,41,35,18,38,39,18,23,37,42,31,40,31,11,41,32,41,30,35,22,36,43,34,32,38,9,35,35,33,34,39,39,34,31,20,30,14,34,25,40,30,36,38,40,36,34,30,13,38,9,16,39,36,43,12,27,37,14,28,41,42,30,15,29,36,16,16,33,29,9,31,25,42,37,12,41,18,35,9,49,26,31,15,29,37,38,12,34,15,36,35,34,24,36,31,35,31,15,31,14,34,43,17,35,34,40,14,29,14,39,32,25,36,13,32,41,39,31,34,43,31,34,33,14,32,39,27,34,30,32,33,13,17,29,37,42,35,17,17,31,17,15,38,42,11,40,34,38,38,24,32,29,15,38,18,38,43,38,7,25,29,31,15,33,40,15,29,17,40,48,31,15,18,33,14,31,32,12,12,40,27,34,37,40,33,37,37,30,41,39,37,22,30,13,14,40,12,43,40,36,35,14,34,37,15,14,17,39,38,37,36,26,14,31,44,31,40,26,43,50,33,35,33,34,38,13,37,13,14,31,45,14,15,12,20,36,11,32,35,36,20,41,13,14,37,35,32,37,43,29,37,40,29,33,31,34,33,17,29,40,36,30,33,40,32,11,29,39,35,39,40,35,36,40,31,43,32,39,30,35,30,35,35,33,38,38,32,15,19,37,47,41,12,34,29,38,40,12,44,36,30,33,34,40,18,7,30,14,34,39,35,35,30,37,36,34,37,40,22,30,29,31,22,32,13,10,20,30,12,15,37,33,41,20,15,20,36,31,34,36,18,12,14,33,27,34,40,37,37,35,40,39,23,40,33,37,33,37,41,28,39,40,45,32,27,45,38,34,36,26,34,34,31,31,33,32,36,14,18,20,37,10,38,32,31,34,31,29,41,38,34,34,39,42,35,27,43,20,13,16,16,18,16,33,15,32,18,34,37,27,30,30,28,39,37,37,9,45,38,27,32,33,27,48,33,38,35,40,33,34,12,39,41,16,38,29,34,35,37,33,16,13,37,33,36,13,36,34,37,32,46,35,36,30,18,27,43,33,40,32,32,35,35,29,40,33,39,36,14,12,39,29,20,32,41,18,38,35,31,38,13,34,42,30,18,33,32,38,30,35,29,21,16,38,45,29,33,17,25,16,16,31,33,33,34,39,39,19,33,40,28,31,35,41,38,37,20,34,14,38,41,31,33,15,15,41,28,17,19,17,32,31,18,34,18,35,41,35,42,31,36,16,26,38,14,21,29,18,24,34,30,42,31,13,34,13,36,41,15,30,29,20,35,17,39,31,33,31,25,37,33,34,35,42,40,34,17,18,11,38,37,15,25,37,13,35,18,18,38,33,35,36,33,32,39,37,36,40,32,31,35,37,32,34,34,42,32,40,40,13,30,32,36,12,34,37,39,32,40,39,40,17,35,41,40,36,38,36,38,37,32,36,32,32,30,42,32,36,23,38,33,36,40,30,32,40,37,5,32,21,31,33,14,37,36,34,38,13,33,42,15,16,43,15,36,30,36,39,39,38,15,35,38,29,42,27,36,36,33,41,43,44,43,35,18,42,44,30,15,8,33,32,45,33,36,37,45,38,36,13,38,37,29,35,23,34,32,40,37,35,31,13,10,31,37,42,40,37,34,17,39,37,11,37,35,14,36,42,31,34,35,28,33,33,15,35,10,38,23,35,11,39,46,31,35,28,33,38,40,40,33,36,41,16,22,36,17,47,33,40,33,31,26,11,28,37,35,36,14,7,41,14,31,20,29,44,31,39,19,28,31,37,37,33,41,31,24,15,37,35,33,30,43,30,34,15,33,38,29,31,38,36,30,38,40,17,13,29,32,11,35,28,34,36,17,38,13,37,16,37,25,39,21,34,42,13,21,30,17,39,14,40,34,28,39,36,36,12,28,24,15,27,32,36,24,35,31,34,32,35,15,30,42,37,15,31,30,15,34,33,33,35,38,35,39,38,31,30,29,36,42,16,44,37,38,37,35,16,40,34,36,35,13,16,33,38,37,16,14,34,32,30,20,40,28,31,12,35,31,10,14,9,9,31,33,10,43,36,31,17,31
34,15,43,44,34,27,39,25,35,35,34,37,39,30,26,40,32,12,35,25,36,40,30,38,36,43,36,35,45,27,36,35,45,23,34,38,31,40,31,36,27,33,32,16,38,20,30,38,37,36,40,35,31,40,35,35,39,11,35,40,20,35,41,15,20,38,32,16,39,33,35,41,31,22,14,44,41,13,42,32,39,37,36,29,40,45,36,29,36,42,38,34,35,39,29,30,10,17,12,20,30,38,36,29,31,29,38,32,36,30,35,32,33,16,34,35,39,35,17,28,42,34,37,36,15,32,37,28,20,25,13,37,36,26,44,37,34,27,37,30,38,21,47,41,26,10,16,12,36,39,36,28,36,14,29,15,28,41,36,40,38,37,41,30,10,13,20,37,34,38,32,17,35,41,32,20,36,37,37,33,39,43,12,32,32,39,33,37,10,28,38,31,12,14,30,44,23,36,18,11,28,38,41,29,35,34,17,33,19,36,40,25,39,41,34,35,35,46,36,12,24,12,16,40,34,29,22,29,29,35,39,31,38,36,28,32,36,11,15,30,43,12,35,29,36,39,39,32,41,28,34,37,33,14,41,35,32,32,39,16,35,35,36,34,35,29,13,40,45,34,39,36,37,38,32,32,39,15,37,33,37,30,16,34,45,36,39,29,37,29,35,16,18,29,14,14,38,36,33,35,39,16,20,35,43,33,39,9,31,38,34,16,31,35,44,15,46,16,38,42,34,39,36,36,38,28,22,32,12,40,34,35,32,40,36,32,12,34,18,34,13,8,19,28,38,16,34,35,30,42,37,29,11,12,33,37,13,33,8,40,36,38,38,31,35,29,43,15,15,37,16,32,37,17,12,28,16,16,32,38,33,11,37,42,8,32,33,31,13,13,40,39,32,32,21,36,41,39,34,36,37,23,35,30,26,33,16,16,42,16,14,37,17,34,29,37,36,13,27,36,37,31,17,36,35,34,33,35,28,31,41,26,11,31,39,37,17,13,24,36,38,16,38,40,29,31,39,38,42,11,32,31,38,20,13,11,30,41,29,37,34,36,43,35,38,28,11,23,25,13,26,34,40,33,46,29,21,23,15,11,13,12,33,13,37,38,37,31,26,28,39,31,14,10,13,34,32,36,30,36,13,36,31,15,14,40,32,17,13,12,43,33,37,14,35,14,40,33,43,40,41,39,40,18,30,36,15,32,39,38,25,32,16,10,38,28,32,32,37,35,27,41,16,18,30,30,31,35,33,33,43,14,33,40,32,31,43,36,40,28,13,36,10,37,38,31,41,39,41,40,33,33,18,34,10,31,33,43,21,15,19,14,13,27,32,38,34,46,34,17,32,33,29,28,28,18,36,13,10,18,43,32,34,36,27,37,26,35,33,38,37,32,32,29,37,33,37,30,33,32,33,32,35,43,34,33,15,40,25,42,15,35,33,38,15,19,41,35,41,33,33,31,14,38,33,17,37,40,36,25,19,32,37,13,33,21,36,13,13,34,15,35,30,19,36,33,32,33,20,15,37,33,39,15,16,35,37,40,36,31,39,33,27,34,29,38,33,36,41,33,39,36,38,37,31,35,16,33,40,33,15,35,12,38,35,37,37,23,12,13,14,13,29,20,34,35,13,39,32,35,36,43,27,41,33,29,16,9,36,43,35,37,26,42,37,9,44,31,39,34,47,18,32,30,16,40,14,37,22,29,35,32,34,32,37,15,8,33,36,15,30,15,21,29,35,16,34,33,38,34,38,33,36,40,11,38,32,36,13,40,32,12,10,33,33,34,43,41,51,38,14,14,33,32,33,14,35,30,34,37,37,18,38,12,31,42,35,38,32,28,35,42,32,28,39,10,31,42,12,34,34,41,43,47,12,31,37,28,17,13,37,12,31,26,33,20,13,40,32,42,30,33,27,40,39,38,40,42,38,37,30,36,38,38,15,16,40,39,43,29,30,39,37,32,11,36,37,32,30,35,29,20,33,40,37,36,19,38,35,30,35,44,30,44,17,36,34,19,15,42,35,13,37,14,24,39,41,33,38,42,41,27,33,10,36,16,30,15,36,18,27,32,25,15,36,31,32,14,39,12,17,20,41,33,32,15,37,44,34,11,16,36,14,39,33,16,25,30,33,27,43,35,33,33,36,41,37,34,37,14,35,36,29,42,34,25,32,19,34,43,34,17,40,15,13,14,37,14,39,32,37,31,20,33,30,34,35,23,13,30,14,34,27,36,36,14,26,33,8,21,32,32,33,13,16,11,35,26,32,36
34,35,38,46,38,14,25,24,37,13,30,23,42,29,18,30,22,17,41,28,32,38,14,19,34,42,38,39,32,31,30,30,30,26,32,15,38,37,33,15,31,30,35,17,36,28,41,41,37,18,39,32,29,31,38,35,8,36,10,31,14,35,9,38,27,34,22,33,38,47,33,37,28,42,35,38,32,31,30,36,40,37,32,13,11,34,32,13,13,33,20,12,36,46,39,42,40,42,33,39,40,33,32,12,31,16,25,18,14,37,12,46,35,34,32,12,39,31,17,16,40,36,40,38,38,39,44,36,38,30,38,35,32,37,18,38,33,25,34,36,36,16,41,17,15,29,11,38,14,40,35,33,35,11,35,36,34,35,37,42,32,45,38,12,17,39,42,16,28,35,15,37,17,31,28,16,34,41,31,38,28,15,16,7,36,37,33,37,27,33,34,40,38,30,13,30,35,37,15,40,29,30,29,41,31,37,37,31,38,32,15,7,38,40,33,26,35,9,29,35,35,36,40,35,36,13,29,29,28,11,37,33,29,29,43,12,30,41,39,33,32,35,26,35,41,41,42,29,37,40,36,33,36,36,35,32,36,39,31,29,13,36,28,39,21,40,43,32,17,26,16,18,12,35,14,16,17,23,35,24,16,37,35,21,32,17,37,29,36,37,33,31,39,32,13,39,20,35,12,27,29,14,31,15,29,42,32,29,29,21,41,35,39,35,17,14,29,11,12,40,40,32,33,31,28,48,38,36,36,32,39,35,34,15,9,40,38,37,35,27,34,36,34,10,32,34,37,36,37,16,38,38,28,39,37,30,34,40,29,17,35,36,34,37,44,12,41,35,33,16,28,30,32,27,47,26,36,38,13,12,38,30,33,27,34,27,16,27,12,34,38,39,42,34,19,32,33,37,29,35,13,34,37,31,34,43,32,42,44,34,40,28,15,33,33,32,38,37,32,36,36,17,15,36,37,30,38,34,29,33,43,12,31,21,47,33,40,36,39,36,35,28,32,36,38,35,34,33,44,15,35,34,15,37,38,33,38,14,35,34,30,31,37,26,29,34,41,39,46,35,31,19,36,39,39,25,43,19,36,31,32,40,27,39,34,11,28,24,38,16,16,36,39,38,42,35,40,30,32,34,32,33,10,12,32,33,28,33,31,38,32,10,16,13,30,14,21,31,34,37,34,37,30,35,14,30,18,15,37,42,14,45,18,16,40,32,30,33,44,32,34,30,40,19,40,30,38,12,12,17,13,34,10,34,37,30,35,35,36,27,36,14,33,37,41,27,34,29,34,34,11,34,34,34,37,38,28,30,42,37,29,15,37,40,37,38,31,30,20,32,30,16,31,37,32,30,47,32,30,15,36,33,33,39,23,13,33,20,9,17,31,17,34,30,32,37,33,11,12,8,34,40,32,30,35,18,14,39,33,35,38,34,32,32,41,35,37,26,36,12,41,19,38,39,36,37,17,43,41,16,32,11,33,34,16,29,19,27,18,38,17,41,27,35,37,34,38,33,35,30,38,24,11,22,33,33,35,30,38,31,37,30,25,36,32,29,35,37,14,39,27,40,28,38,16,31,32,30,27,30,35,32,17,36,19,22,38,40,21,29,13,40,36,13,36,35,37,18,35,36,34,32,28,32,14,30,36,37,44,40,36,31,14,35,33,26,8,32,35,34,30,15,30,49,34,39,38,16,13,33,37,33,10,36,36,29,18,35,40,24,31,13,16,41,37,37,38,15,21,38,27,39,40,42,33,35,34,42,34,38,25,38,20,41,27,33,29,45,14,30,30,39,38,41,36,14,32,16,36,20,19,29,37,14,34,33,18,33,33,9,17,34,30,34,31,38,36,31,30,38,15,36,37,36,43,33,30,11,31,27,36,34,30,35,34,30,15,38,32,19,41,33,31,37,39,36,33,16,38,32,39,40,38,31,16,31,32,34,35,27,35,31,33,37,27,18,13,45,31,32,23,38,33,8,34,22,40,34,28,37,36,33,37,12,32,42,35,34,28,34,20,35,12,12,25,9,32,44,11,32,38,35,37,36,42,37,34,33,15,38,34,37,19,36,34,27,32,41,37,11,29,11,13,37,34,12,46,34,37,9,38,17,41,29,32,41,10,38,36,22,31,19,36,38,32,26,15,14,44,31,18,40,36,34,33,48,32,43,33,29,34,18,41,16,38,45,42,30,29,32,34,46,26,33,18,16,30,23,32,32,39,33,32,13,24,32,39,14,8,38,40,16,38,42,33,37,36,40,10,12
38,20,23,40,46,41,34,38,37,27,25,13,15,42,7,37,25,34,19,30,42,37,35,23,33,40,36,35,30,7,30,37,33,29,15,40,37,38,29,34,16,36,37,11,36,31,33,19,10,37,39,24,40,34,24,18,39,30,32,27,14,39,27,41,34,41,28,14,29,17,38,35,33,38,19,30,37,18,35,32,16,14,18,26,34,10,27,30,33,36,39,39,37,12,40,46,19,34,31,13,35,19,6,35,28,30,10,37,31,28,17,35,38,12,37,25,37,35,19,17,36,31,32,7,40,14,39,33,34,34,33,30,36,18,44,34,32,17,12,44,43,32,31,17,8,32,27,49,44,9,38,39,18,43,28,14,34,34,35,15,41,12,37,37,44,40,28,15,37,17,31,28,45,33,35,20,15,43,27,39,17,32,40,15,17,36,35,15,30,32,26,13,37,43,44,32,25,36,38,33,32,11,11,35,36,15,45,31,29,17,38,28,39,47,19,29,38,40,36,38,34,37,29,30,15,15,8,34,39,21,36,16,41,36,42,27,37,35,29,23,19,12,12,29,36,35,36,35,13,39,33,39,17,41,33,14,35,39,43,36,17,36,10,38,31,20,32,16,14,12,35,34,31,46,36,34,26,34,38,33,34,18,51,42,30,36,41,48,33,17,38,33,38,25,32,38,34,31,34,40,29,39,37,25,37,38,26,17,37,45,37,34,38,35,45,16,34,35,37,37,33,39,28,37,29,35,11,35,35,33,40,39,30,44,40,32,35,41,32,28,16,39,31,28,29,34,47,12,38,16,7,38,18,35,36,39,14,19,37,35,21,41,34,33,23,35,30,33,33,33,35,27,13,31,41,41,38,35,32,35,42,36,7,34,37,29,35,11,14,36,16,30,35,12,36,15,29,39,35,37,19,32,15,13,18,36,14,14,40,22,28,28,29,35,38,39,39,36,35,33,38,9,16,17,10,18,32,34,15,35,39,32,41,15,36,15,33,30,34,20,26,34,30,31,26,44,16,46,42,13,19,28,48,22,12,9,46,33,28,41,40,35,38,34,31,34,12,33,31,16,14,21,16,10,19,27,31,17,39,32,30,12,31,19,18,16,33,9,46,33,42,31,36,38,16,44,48,45,35,16,34,27,29,13,34,41,34,40,18,17,29,38,16,14,40,20,34,29,31,36,22,31,33,35,9,29,14,13,38,39,38,9,35,32,37,41,8,31,42,37,15,26,15,40,31,37,32,21,34,37,30,15,30,9,35,11,39,26,33,36,38,32,30,40,31,10,32,14,30,31,13,37,39,40,16,19,32,33,35,41,29,45,30,39,37,33,45,42,30,30,15,38,38,29,32,42,32,19,31,32,44,35,29,35,32,39,33,29,33,18,13,38,7,37,33,31,17,25,30,34,28,37,36,31,27,34,40,15,44,39,39,9,16,37,40,32,13,37,36,33,37,31,34,44,8,32,14,31,37,36,34,31,36,34,36,38,33,36,26,37,11,29,33,37,31,37,39,19,31,32,38,40,10,36,42,33,30,30,43,20,30,35,39,14,32,37,36,15,16,18,20,37,15,36,13,38,45,28,41,13,33,33,31,28,16,40,36,36,32,34,41,40,37,10,42,29,27,8,41,16,32,38,31,37,31,41,32,35,33,31,34,18,26,37,25,39,34,30,36,38,36,17,15,15,38,15,13,12,31,19,37,39,35,39,36,44,46,29,33,31,38,32,37,13,22,15,36,33,30,21,36,16,36,36,14,30,44,33,35,34,10,17,47,31,32,29,12,15,38,12,35,23,11,44,38,37,29,36,38,14,35,32,15,31,35,39,12,18,25,19,29,28,37,29,42,36,31,41,35,37,39,20,8,35,33,38,42,30,36,36,9,38,17,37,39,29,16,40,40,39,39,35,33,31,37,20,38,38,33,31,38,31,34,37,33,33,15,36,43,27,47,32,14,37,15,36,38,27,40,19,34,37,16,35,39,33,36,42,30,35,32,14,37,18,10,37,36,40,37,18,35,31,37,42,38,16,34,45,33,45,18,38,11,22,24,35,14,17,18,17,35,32,40,32,29,13,29,39,37,17,35,11,18,32,18,35,33,16,33,32,27,41,35,13,9,36,34,40,12,37,17,30,38,14,37,41,22,29,35,16,38,31,30,12,42,27,32,34,12,33,11,21,26,29,35,34,30,41,37,41,37,18,16,30,18,32,40,30,17,10,30,34,34,33,35,38,37,33,35,29,35,36,15,12,33,9,14,41,36,36
41,33,41,33,34,20,30,39,34,26,27,34,29,32,44,14,36,16,39,31,33,30,29,9,30,13,33,28,29,19,36,29,11,30,30,37,32,33,33,19,40,39,38,38,14,37,33,38,18,12,11,32,29,30,17,33,40,34,35,42,34,46,48,38,38,33,32,40,28,13,31,10,40,36,31,38,39,37,39,9,37,28,31,40,16,41,14,42,34,40,13,29,36,40,12,44,29,40,38,32,36,29,17,36,33,13,10,40,34,33,42,20,13,17,34,17,31,36,19,37,40,45,28,40,44,18,30,35,38,34,35,24,42,39,38,30,26,37,28,15,17,32,34,28,40,33,35,13,36,29,38,38,34,38,36,12,34,36,40,25,33,44,14,33,16,12,40,43,34,42,13,40,34,36,20,15,18,33,34,30,37,15,33,40,18,34,37,12,41,39,33,40,27,16,43,43,12,43,43,45,25,19,18,33,27,35,16,15,43,12,35,16,12,37,8,32,39,19,11,16,19,19,43,9,37,37,37,11,38,30,43,29,30,13,35,28,46,16,36,24,39,35,31,39,37,43,31,29,15,35,12,34,31,29,30,42,16,14,30,39,21,35,36,38,30,36,30,31,34,33,45,35,32,42,31,44,19,30,12,43,20,43,37,40,33,36,43,38,39,37,13,40,27,39,32,23,15,41,10,30,16,17,16,12,40,9,38,25,21,19,31,16,35,4,32,39,32,35,37,15,19,15,9,40,33,25,37,35,34,34,43,11,41,37,16,11,38,35,26,36,8,14,30,30,23,34,35,36,37,40,18,12,32,39,30,32,12,36,31,13,42,37,35,34,37,19,35,18,24,26,41,36,35,8,34,40,46,25,35,29,26,41,32,34,28,50,36,32,33,33,30,37,27,27,12,9,36,38,14,36,33,40,15,10,12,34,31,33,24,32,38,35,30,37,44,33,31,29,43,14,13,35,14,38,38,37,17,36,32,29,30,30,33,36,42,26,36,26,14,43,15,10,35,28,38,34,33,13,17,40,38,26,17,22,29,35,30,32,29,33,31,15,31,19,12,34,34,26,18,38,28,37,44,29,42,16,37,33,19,15,10,30,31,31,20,36,27,30,37,38,29,15,37,29,35,43,30,38,19,34,29,33,12,38,11,44,14,13,35,15,40,18,10,16,39,12,36,35,29,39,14,27,32,30,35,31,30,35,34,25,36,34,35,33,14,37,15,39,36,14,41,29,49,34,13,35,15,33,44,9,32,34,32,47,40,14,34,34,40,35,36,33,39,39,32,39,33,36,40,32,35,37,36,40,38,17,14,40,27,38,16,38,22,30,29,11,35,34,39,40,10,14,14,28,42,41,15,18,6,39,40,9,35,27,34,9,29,22,34,21,36,36,8,20,9,38,33,31,37,37,33,35,45,36,16,44,14,42,35,21,14,17,39,27,13,43,36,31,34,38,33,15,40,39,20,31,33,37,30,13,28,18,41,31,33,40,13,38,21,37,26,36,29,29,17,33,9,11,35,38,11,33,31,39,36,32,36,35,33,38,31,42,8,42,37,34,32,11,37,11,27,15,30,33,34,41,16,41,33,37,16,37,31,7,22,32,34,15,32,28,11,31,44,36,35,34,12,16,38,33,38,44,37,11,17,27,29,38,27,33,9,18,43,34,27,28,31,15,35,33,35,37,12,31,42,39,32,38,38,42,37,34,13,39,35,39,35,41,18,26,31,39,42,41,22,41,21,42,31,35,32,21,34,33,34,44,23,37,38,40,47,38,26,32,14,31,19,40,30,44,37,34,29,36,12,37,31,14,33,35,32,19,34,36,31,35,34,33,10,33,38,27,33,17,12,13,42,12,17,32,29,40,34,41,31,31,41,15,41,12,33,37,42,29,31,37,36,44,42,34,18,37,33,38,43,36,11,24,42,29,31,30,34,18,18,30,43,38,25,33,33,35,34,33,28,30,11,38,34,33,41,29,33,26,34,15,40,27,36,39,37,31,33,27,14,38,36,28,39,15,31,42,40,35,35,31,28,43,16,37,41,31,36,33,33,35,36,37,34,17,37,41,13,43,39,15,34,13,22,30,37,39,13,26,32,36,39,38,47,34,38,34,34,29,15,13,27,13,40,17,14,34,27,36,39,35,16,15,38,35,22,39,16,32,31,11,42,35,17,27,16,38,41,19,32,12,40,12,16,33,35,39,44,37,15,33,11,10,46,12,35,14,14,34,19,36,34,41,18,43,43,36,41,40,29,34,30,30,14,33
32,16,44,29,41,20,34,33,37,14,32,38,35,39,16,14,17,28,18,14,33,32,19,37,35,17,19,39,32,44,16,35,42,12,35,12,31,10,38,32,14,34,22,32,14,36,15,36,31,35,40,33,30,39,19,35,40,19,16,37,36,34,33,41,36,14,32,17,11,34,29,13,43,40,42,30,11,39,12,13,37,38,34,37,15,34,32,33,38,13,33,44,38,14,29,32,10,31,31,39,40,13,19,15,31,15,36,38,38,36,36,51,41,36,16,28,37,34,36,16,13,26,39,32,35,35,40,35,36,40,19,36,34,35,27,26,31,34,31,30,18,19,39,32,14,33,44,34,34,13,29,18,31,31,16,37,37,36,8,35,18,21,14,26,33,39,16,29,33,33,34,31,34,39,31,32,35,31,36,34,22,37,26,33,35,41,29,36,32,36,19,17,18,20,31,29,39,12,33,30,30,19,11,30,38,39,31,35,36,38,15,36,26,31,35,32,37,29,33,41,36,13,37,42,14,39,31,16,33,28,15,33,16,38,42,36,16,31,9,47,34,32,13,9,33,36,45,25,40,33,37,44,33,34,15,39,31,9,30,31,43,18,12,40,12,40,35,28,30,35,15,36,26,34,41,40,18,39,24,9,34,41,30,31,30,11,35,36,39,37,23,29,42,23,39,42,30,23,13,31,42,33,32,29,10,16,28,14,40,15,30,29,26,28,11,40,31,27,35,31,26,32,27,31,32,29,32,36,44,19,32,35,9,12,41,17,15,44,44,29,40,42,33,30,31,34,34,15,41,15,37,33,40,38,14,10,29,28,11,27,37,45,33,31,33,42,43,35,16,31,17,32,39,15,41,39,28,38,35,36,33,32,25,27,32,32,32,35,33,17,15,20,37,15,38,43,32,38,34,15,42,33,34,16,42,38,38,16,40,16,28,18,33,28,30,35,47,19,34,14,37,30,33,33,11,34,34,36,28,12,33,12,18,30,17,15,15,42,14,30,32,10,36,14,38,16,38,31,29,34,39,39,14,14,34,41,37,31,31,34,37,14,37,32,31,11,35,27,33,43,32,34,40,12,30,12,34,42,26,37,35,13,16,30,29,39,36,18,31,38,24,34,38,39,14,36,38,28,10,38,35,19,39,43,40,34,27,40,30,32,35,39,28,13,33,35,37,32,38,31,36,41,14,37,30,37,13,42,34,19,40,34,37,29,33,37,32,36,36,14,14,37,37,35,13,36,28,15,17,36,36,26,14,8,31,13,26,22,40,31,33,30,13,40,28,28,32,37,34,39,14,34,17,36,22,33,33,41,37,14,22,33,35,16,32,40,17,36,22,33,31,33,35,27,14,16,18,33,33,37,19,34,11,34,31,26,18,37,29,37,40,33,36,28,35,39,36,29,43,34,31,32,15,38,35,6,16,42,30,36,45,27,35,11,39,33,22,43,14,17,17,42,36,39,43,36,18,29,31,40,15,35,15,30,39,36,27,42,35,35,36,33,38,14,36,30,10,41,15,44,43,32,42,15,31,39,43,36,37,30,14,30,33,35,35,37,36,34,27,28,38,41,32,16,37,22,38,32,26,45,41,18,33,34,42,11,40,41,38,33,32,16,39,34,30,38,34,24,32,41,38,28,37,35,33,12,31,28,17,14,27,39,37,35,36,34,16,35,38,17,29,10,28,47,36,42,36,48,31,31,17,15,34,44,34,35,34,14,16,27,18,37,35,28,31,33,29,31,36,28,29,36,34,34,14,18,15,17,33,17,33,22,34,34,21,36,32,17,18,17,38,18,30,36,17,38,32,12,29,37,30,44,10,35,45,17,13,14,31,40,38,44,38,38,41,41,38,35,41,40,15,14,38,26,28,38,39,40,13,17,34,31,16,11,11,39,39,21,36,30,31,36,36,38,12,34,45,36,32,35,38,38,44,38,40,41,28,9,26,38,35,27,30,37,37,31,39,40,41,13,14,18,37,26,33,28,15,33,38,38,34,31,33,37,38,37,39,27,42,18,37,12,9,35,32,33,34,37,28,32,11,35,15,31,33,31,26,34,13,30,44,31,43,37,38,18,29,13,28,34,28,37,18,33,41,32,34,33,17,39,35,14,39,28,35,41,32,36,11,38,37,18,19,30,35,35,25,35,36,28,15,42,16,11,45,34,29,41,40,27,38,14,15,35,30,44,47,36,43,39,33,40,46,35,31,35,14,34,14,28,38,8,38,38,36,37,31,35,26,27,37,36,35,40,36,38,30,34,36,39
40,12,16,37,40,42,31,31,34,15,44,40,39,34,22,32,18,38,38,35,30,16,34,36,36,35,33,34,32,34,32,35,32,27,40,13,41,30,38,45,14,11,37,31,21,29,39,15,36,35,12,43,33,45,22,34,27,17,31,30,40,33,34,32,32,36,19,35,32,45,17,13,22,22,34,22,35,42,41,35,16,26,33,11,35,38,31,39,33,36,34,29,12,33,33,33,30,18,31,35,36,17,38,31,29,33,38,30,36,19,31,30,33,41,16,29,33,33,36,37,17,34,35,30,40,34,38,17,43,15,36,14,41,37,31,13,30,43,29,33,38,35,41,23,14,36,39,14,41,38,25,39,30,32,31,39,50,36,25,37,38,45,42,39,10,35,29,29,28,30,35,40,19,35,33,33,15,28,39,43,23,37,27,29,10,43,32,20,18,34,32,18,38,39,35,32,20,34,43,15,33,33,39,32,38,41,23,25,30,29,20,14,16,46,35,37,39,34,38,38,35,33,37,15,35,36,45,39,38,16,18,30,32,40,30,38,31,41,35,35,42,15,35,40,30,37,40,19,33,40,31,17,37,14,13,13,18,34,40,19,30,34,33,31,38,38,33,29,33,34,17,34,17,35,44,41,34,36,48,19,17,11,35,29,43,39,31,28,39,38,35,36,22,39,28,35,23,30,41,34,14,37,31,30,35,39,34,43,36,45,12,42,32,36,35,33,15,37,31,35,38,29,38,34,16,30,39,31,42,25,36,36,29,18,13,28,28,36,34,11,42,32,15,30,43,13,36,38,41,30,37,26,37,9,39,31,38,42,37,14,37,39,10,40,14,23,38,15,12,36,39,36,40,44,36,35,30,34,18,37,37,33,16,38,35,29,29,41,36,19,36,13,30,16,35,31,35,38,32,30,22,16,32,15,39,36,44,13,25,39,34,35,15,16,25,34,27,36,32,12,36,16,16,37,38,32,33,41,40,32,30,36,35,38,31,19,19,34,33,10,16,42,35,18,35,17,34,17,35,31,27,37,11,34,37,36,33,32,15,17,36,30,22,35,17,35,17,39,17,40,37,35,37,41,44,16,31,41,32,15,17,24,43,37,37,39,13,38,36,17,37,34,47,37,8,15,37,29,30,43,33,34,43,13,40,43,19,38,39,35,17,14,35,35,40,15,18,36,16,15,42,39,23,35,13,15,15,16,27,12,17,33,16,32,29,32,16,38,36,31,32,36,34,20,26,10,33,29,36,16,39,17,27,45,12,29,27,34,15,11,38,8,36,29,33,27,33,27,34,42,31,39,37,13,35,29,38,13,28,11,14,44,36,17,43,14,24,34,12,35,40,36,36,29,18,33,38,38,14,32,29,33,33,41,33,35,36,48,37,11,17,18,42,36,15,35,19,35,37,16,16,19,43,39,32,17,36,19,39,27,31,30,36,32,21,12,33,29,34,14,45,32,38,35,37,30,13,34,37,12,19,25,37,32,13,17,41,45,9,39,29,32,42,34,38,43,35,30,16,32,37,39,35,37,24,28,32,31,32,34,29,33,31,37,37,38,33,34,31,12,32,32,37,13,9,41,34,39,34,15,40,26,41,34,39,37,28,31,32,30,44,37,31,32,38,37,29,38,38,33,32,38,39,28,12,43,18,16,34,13,34,13,35,8,16,36,34,32,44,31,37,17,32,37,30,18,31,15,40,36,34,40,37,31,36,19,15,27,13,33,33,38,33,35,37,35,38,36,28,9,10,38,44,37,37,18,15,13,29,33,45,16,17,16,23,45,30,22,35,22,9,36,15,30,43,32,33,31,30,34,33,41,16,42,32,31,13,28,40,45,46,17,36,35,38,38,37,39,18,28,36,31,32,31,35,36,35,34,12,14,43,18,38,40,24,34,41,37,34,40,37,32,41,41,30,25,34,42,28,20,34,15,35,40,41,35,35,35,48,28,13,36,33,13,29,34,32,27,39,35,36,37,13,38,19,34,42,33,30,38,36,39,30,47,36,33,13,12,15,31,40,32,37,33,35,32,19,37,39,32,32,16,20,11,37,29,37,21,33,40,34,40,32,43,43,32,34,32,34,33,30,35,33,30,40,15,33,35,37,13,39,33,31,13,32,40,33,15,24,32,39,18,18,34,15,16,36,37,14,45,30,14,36,36,22,29,45,15,30,39,9,34,36,37,38,38,37,36,32,35,30,40,16,32,15,39,32,38,17,39,36,32,29,17,35,19,32,30,17,39,36,34,36,30,29,11,34,34,35,33
11,34,38,38,38,15,35,41,35,35,19,38,30,30,12,39,27,34,38,37,13,30,37,39,14,40,14,33,15,17,9,35,38,39,17,18,49,30,38,36,42,20,31,32,29,30,12,39,37,44,26,41,35,37,25,34,34,29,39,27,38,42,43,16,33,14,9,45,36,27,35,17,26,37,12,13,30,30,28,37,42,11,10,18,43,37,17,35,17,31,12,33,42,39,37,29,40,36,14,37,16,34,26,29,29,13,40,32,14,26,18,18,12,17,37,37,38,32,31,37,33,32,13,34,40,39,34,36,34,17,34,19,41,13,39,35,39,13,37,14,28,35,10,12,8,33,18,32,41,18,11,28,39,36,38,18,37,15,38,32,38,40,30,40,9,19,22,33,42,30,31,39,38,8,33,35,9,35,34,36,12,19,30,24,35,35,29,44,34,43,17,17,34,40,18,35,34,37,35,11,36,38,20,32,30,34,32,32,28,31,25,12,34,12,42,37,20,35,26,27,17,15,15,13,36,33,39,39,36,35,29,29,32,35,27,37,37,10,38,46,45,38,45,30,40,16,13,37,35,34,41,40,31,20,15,31,30,38,32,35,35,41,30,27,32,33,10,41,40,30,44,49,33,43,13,42,28,46,9,32,16,20,35,24,29,29,24,40,31,35,32,22,31,20,38,41,14,32,10,39,37,35,13,37,33,39,31,27,12,34,32,23,38,35,37,12,19,33,36,13,38,29,33,8,30,15,40,20,30,36,35,28,17,31,35,25,43,15,32,39,32,43,38,20,30,38,33,38,32,34,34,33,29,29,20,33,31,32,19,34,36,35,35,32,36,16,13,9,41,40,36,34,38,19,27,29,28,45,24,16,36,37,12,16,32,32,14,11,44,36,21,34,22,42,42,37,34,30,32,29,38,37,42,19,35,41,25,34,29,29,36,31,36,17,33,30,13,34,36,21,37,29,38,32,37,28,36,26,30,15,35,49,40,43,37,38,30,34,33,36,15,36,32,34,28,34,35,28,17,33,41,35,27,34,11,41,12,31,39,38,34,39,38,11,14,14,29,38,37,39,12,33,46,31,22,47,16,35,27,41,29,29,8,28,35,34,17,34,29,28,10,32,34,32,32,32,33,10,32,31,38,34,33,34,36,38,38,9,38,32,40,33,32,39,14,36,12,12,32,33,33,35,36,11,28,32,38,38,29,34,38,18,29,29,37,36,43,34,38,37,31,11,33,40,15,29,39,37,35,42,31,35,19,38,18,31,36,41,35,29,42,11,14,40,33,30,17,13,16,9,27,37,33,45,48,35,13,15,37,31,36,16,41,38,30,33,14,37,37,34,32,14,35,39,28,39,44,6,7,31,31,34,39,38,16,37,38,35,15,13,14,35,38,16,36,18,13,33,17,31,14,34,42,39,12,32,31,32,32,34,13,42,35,15,29,38,35,33,20,37,31,36,19,10,40,19,31,35,34,27,35,35,35,17,32,29,31,19,30,31,20,35,39,11,39,13,34,35,26,30,31,28,43,23,29,38,42,35,12,16,36,16,33,44,14,35,32,33,30,24,42,14,36,33,10,40,31,33,20,37,38,41,31,37,29,10,34,17,13,24,15,31,39,33,31,13,17,32,14,39,38,19,41,39,14,21,33,38,32,33,26,21,35,34,37,17,34,13,32,38,36,36,13,37,33,24,31,16,35,32,38,35,10,32,16,13,34,34,37,42,30,33,31,12,43,38,22,16,42,36,37,32,19,36,37,39,43,40,32,39,32,34,30,15,34,28,37,36,31,39,32,31,39,35,19,14,39,31,43,39,40,36,35,31,38,39,14,31,16,34,35,30,17,34,33,30,39,40,40,42,30,39,37,16,11,36,37,15,29,31,35,23,33,41,18,34,16,17,24,14,32,39,42,35,33,39,35,13,48,35,31,35,40,36,18,33,35,22,31,36,33,27,19,39,37,30,21,19,15,34,35,20,39,40,33,12,12,12,33,28,30,37,37,31,19,15,29,29,30,32,37,15,8,41,11,30,38,32,34,30,31,31,17,33,34,36,16,31,40,38,18,29,31,42,38,33,29,35,38,35,36,12,38,40,27,39,36,26,16,42,39,31,18,40,40,37,30,31,13,31,13,44,31,33,38,39,35,36,15,39,17,19,35,37,43,31,37,37,38,11,31,16,35,31,36,39,32,9,31,32,35,34,14,33,15,27,16,36,31,28,25,32,26,12,41,36,39,33,26,30,34,28,39,39,34,30,27,38,10,33
31,31,16,12,9,38,37,13,38,15,17,43,42,16,37,27,29,38,26,39,33,32,39,34,34,36,33,34,34,16,15,41,33,39,15,32,44,36,36,39,35,33,29,17,35,13,20,37,35,32,38,30,11,13,8,35,33,40,30,39,30,35,38,33,17,36,11,38,40,36,42,18,15,31,14,39,27,42,37,38,37,32,38,29,33,44,30,33,40,36,13,30,27,36,37,14,30,34,34,11,39,31,37,34,39,38,16,32,33,27,42,39,34,14,36,40,31,28,31,35,12,18,37,35,40,43,44,35,42,43,37,38,14,30,33,13,38,13,38,11,39,33,43,38,12,34,37,39,33,35,33,37,30,9,31,33,30,36,14,38,31,18,20,18,29,30,37,12,12,37,32,37,18,34,35,37,31,14,13,37,36,16,39,36,34,40,39,47,28,33,22,36,29,28,33,39,14,34,19,33,34,35,42,38,14,46,36,18,38,35,12,37,17,29,33,36,13,43,33,15,40,39,13,29,35,30,38,43,33,34,32,24,9,39,16,44,43,20,33,35,30,38,12,29,30,38,40,38,19,23,37,30,41,37,17,31,19,35,34,33,41,37,16,11,34,15,37,20,36,33,37,30,40,30,33,31,40,32,12,36,37,40,42,23,37,32,24,19,30,34,21,13,32,34,16,39,33,13,37,39,19,41,45,34,29,39,35,37,11,16,17,39,13,33,16,35,36,32,34,36,13,24,43,34,14,37,22,33,34,38,37,34,37,31,30,41,36,36,37,36,35,34,29,44,12,29,40,42,13,37,33,53,34,16,24,16,12,32,14,13,35,33,13,17,37,32,14,38,29,35,40,13,30,14,33,14,39,36,41,40,39,42,37,36,23,25,40,38,31,37,15,34,29,31,16,34,40,40,32,37,42,12,42,37,29,38,39,33,42,39,33,31,37,8,40,38,9,30,17,34,15,28,36,34,29,34,33,25,34,30,18,10,15,26,34,38,37,38,46,43,34,14,34,15,37,32,37,15,36,38,36,11,35,35,40,20,25,39,33,34,43,33,27,33,14,36,31,35,34,34,27,37,17,39,36,35,37,32,41,15,17,17,12,37,35,36,17,39,38,42,36,32,36,36,8,35,36,33,34,11,43,28,23,12,37,27,36,32,20,18,39,41,39,13,33,22,30,44,44,30,9,39,32,38,35,21,35,12,31,44,33,37,45,24,32,10,37,32,22,37,35,35,15,17,39,14,38,33,12,35,9,29,35,14,9,21,13,32,36,32,47,30,35,12,32,39,17,33,16,40,31,15,29,37,32,37,14,16,39,36,31,35,35,46,17,32,32,37,34,10,16,31,17,13,29,44,35,36,36,36,12,41,18,35,30,16,38,13,38,17,9,42,34,36,37,16,36,33,35,17,37,16,37,38,31,28,32,39,34,18,40,38,36,45,34,43,33,34,31,41,24,33,32,31,27,41,32,27,23,27,32,34,35,32,13,33,35,34,15,38,25,35,11,15,37,34,28,9,31,10,17,16,46,44,32,27,30,13,29,17,27,28,35,41,28,11,42,36,16,34,37,34,36,28,31,37,24,34,19,16,35,44,16,40,39,27,29,12,37,15,39,18,37,13,29,33,36,40,39,28,44,35,30,41,15,42,48,15,35,13,29,35,40,15,36,42,40,13,16,42,17,38,12,10,43,33,45,34,44,38,38,35,48,33,33,19,43,17,32,15,32,26,32,20,40,28,38,13,14,11,35,36,46,35,12,35,39,16,43,35,30,32,34,8,32,39,9,31,43,41,39,27,35,42,14,32,31,34,27,30,14,36,32,41,16,31,34,33,37,34,41,32,37,31,32,14,42,39,32,41,17,37,15,30,17,36,16,28,29,18,17,41,33,34,32,29,34,32,39,36,16,35,33,37,32,41,39,36,46,35,17,30,14,35,33,33,40,35,43,28,28,39,46,36,21,30,34,29,36,35,10,39,36,33,16,32,36,37,33,26,36,36,42,30,43,29,20,44,15,29,14,13,43,32,16,31,34,32,36,35,32,38,18,13,40,32,42,39,11,23,12,13,46,37,26,13,33,39,40,41,34,36,41,32,35,36,35,42,41,39,18,41,36,40,42,36,44,33,28,17,45,34,11,42,30,39,35,9,47,11,32,16,41,38,36,34,37,38,13,13,33,17,33,35,39,26,33,38,36,32,38,21,32,14,31,32,39,31,30,30,27,30,39,17,17,41,39,34,44,29,36,38,32,26,41,30,36,16,44,32
38,14,34,34,42,38,36,36,28,22,20,29,31,34,37,42,16,34,42,32,38,42,44,20,23,29,36,37,31,14,39,34,34,35,35,36,46,37,29,40,16,35,35,14,13,31,35,40,19,41,15,32,33,35,34,42,12,29,42,29,37,35,19,32,35,17,41,35,7,45,33,28,35,39,34,43,15,41,33,17,37,33,39,16,31,18,38,38,42,38,12,35,31,37,40,16,35,37,14,30,29,27,29,39,40,30,33,39,34,33,37,12,28,12,37,13,37,12,36,28,33,32,28,36,27,30,34,15,11,14,26,32,39,15,12,12,27,37,33,32,12,19,43,14,36,36,15,16,32,18,38,34,16,13,24,17,32,10,34,38,36,37,30,38,34,30,39,32,34,33,34,33,36,17,17,37,35,20,42,22,39,18,30,33,31,37,43,35,20,27,35,40,34,32,22,16,36,10,35,27,32,34,15,21,35,18,42,34,46,39,39,46,32,32,33,37,34,39,36,42,40,14,32,8,33,35,38,37,44,12,21,30,29,32,36,35,24,32,36,29,16,10,15,34,10,36,14,11,38,35,29,33,20,16,11,37,37,18,15,31,33,31,38,36,38,32,26,14,27,16,35,15,42,33,13,35,37,11,13,31,32,42,25,43,32,12,17,35,13,37,34,36,40,10,29,19,43,15,35,14,40,11,28,21,19,37,38,23,33,38,28,15,29,34,29,31,46,31,30,30,33,30,33,32,31,39,33,9,12,18,33,28,20,28,39,36,30,14,34,32,37,17,11,29,41,34,30,37,30,37,16,33,35,35,32,38,29,17,37,32,31,38,31,22,39,37,36,33,33,39,45,37,41,42,34,36,33,27,36,41,30,32,26,33,30,13,28,27,40,39,11,37,31,30,12,31,32,30,29,33,36,34,11,15,21,33,41,24,13,8,27,13,32,44,44,32,30,32,30,35,24,26,15,29,14,16,32,33,38,16,31,33,38,37,15,38,35,35,35,29,33,37,14,43,38,8,34,15,39,38,11,12,30,38,26,14,43,12,37,31,40,17,39,37,32,39,33,16,30,37,32,15,39,41,16,9,34,38,19,36,33,33,33,27,35,28,31,44,38,39,8,16,36,39,35,9,39,15,32,16,36,43,34,28,40,34,28,32,43,13,43,32,14,35,10,38,16,34,35,32,15,14,26,50,38,39,33,36,36,41,34,48,17,39,40,37,11,35,30,40,33,33,36,18,23,16,22,14,47,42,35,37,29,28,14,31,35,37,39,27,31,10,39,23,36,40,32,32,37,39,15,34,32,41,36,33,25,36,38,39,33,33,36,33,31,34,19,18,31,14,38,15,35,32,13,37,30,33,35,40,32,34,36,36,13,43,49,35,15,23,16,32,33,44,12,39,25,31,38,33,39,33,37,33,26,35,29,16,29,43,33,14,9,34,18,39,37,30,41,34,39,38,26,17,38,28,36,22,42,32,34,10,40,35,28,31,37,38,42,37,37,36,17,19,10,29,39,38,34,34,23,33,39,18,34,38,18,25,14,39,34,40,15,32,23,13,33,31,14,33,42,34,28,34,35,30,32,23,32,26,31,44,20,30,35,35,26,33,31,40,17,35,20,38,40,31,34,35,14,32,11,35,19,35,37,17,31,34,25,14,15,29,31,36,32,12,42,21,16,33,32,27,36,14,15,34,14,17,34,7,36,39,42,32,27,38,35,30,19,9,32,29,37,44,37,44,42,13,42,36,12,27,31,41,18,41,28,39,20,34,19,30,26,32,39,36,13,36,41,33,49,17,12,16,12,35,35,37,29,37,32,6,14,36,30,32,38,16,27,31,32,36,13,32,31,33,38,34,39,18,34,38,36,12,34,36,30,13,41,36,13,37,17,32,22,32,38,33,36,35,35,28,20,41,15,40,15,34,43,22,37,17,33,31,32,40,15,32,30,39,24,32,39,43,46,19,14,34,36,34,13,36,35,33,37,20,34,33,35,11,31,35,42,38,29,32,43,39,14,33,35,14,23,21,40,17,31,39,38,26,36,19,27,38,36,33,39,47,29,40,27,34,36,26,21,12,25,43,34,25,35,30,31,39,35,38,14,37,40,38,29,14,43,39,10,14,18,28,36,44,37,37,18,29,37,37,36,37,30,29,41,28,33,35,27,17,22,36,37,12,35,33,13,35,40,12,35,41,39,32,20,32,37,16,30,19,20,37,14,37,28,44,29,16,34,29,14,34,14,26,36,31,36,29,28,15,31,13,42,16
7,39,35,17,23,22,36,32,17,9,35,31,12,30,27,44,36,32,13,35,14,36,37,35,31,13,38,26,16,41,36,13,42,39,40,28,16,38,42,23,36,31,12,34,18,29,32,20,42,29,39,37,32,16,39,38,33,25,32,10,34,11,30,32,37,20,32,31,23,35,7,31,18,30,37,34,12,33,39,46,18,18,35,39,47,37,24,36,20,23,35,19,25,38,20,41,16,13,11,39,33,28,35,40,27,18,18,42,16,41,37,35,32,18,35,30,25,39,11,12,35,32,33,40,38,9,36,29,36,35,30,35,32,38,43,13,38,27,33,37,32,31,33,29,21,32,32,40,36,11,39,39,36,26,37,38,35,34,31,13,30,33,12,33,36,38,39,35,32,38,25,36,14,6,34,30,31,28,34,38,30,16,14,15,17,34,42,37,38,33,16,38,29,29,12,38,40,41,38,34,19,34,13,31,35,27,29,16,42,39,37,11,39,43,15,13,10,29,33,21,33,33,15,28,37,38,37,34,41,14,40,29,39,37,32,44,42,36,33,28,34,26,17,15,13,34,36,14,15,37,45,39,34,37,34,34,34,17,36,29,39,29,31,19,37,39,22,37,40,34,18,12,25,18,37,41,45,34,42,41,44,32,33,18,29,32,35,37,14,12,12,16,31,35,34,12,30,20,42,39,47,14,36,41,11,29,35,12,16,18,37,45,32,44,38,34,40,33,29,15,17,15,15,40,26,37,33,32,14,37,41,46,26,35,44,40,37,34,16,31,15,35,34,20,35,53,34,15,39,11,38,17,36,39,16,17,36,34,41,11,21,36,9,38,36,14,30,17,12,38,15,32,23,31,14,11,41,31,15,43,13,37,41,31,40,31,30,28,38,32,42,36,12,38,28,36,34,35,33,37,20,40,34,20,31,36,36,13,34,31,17,26,17,24,41,37,12,28,30,30,36,29,35,38,37,31,34,26,12,26,28,14,39,35,25,14,31,32,41,27,17,37,38,29,34,33,42,35,40,22,16,36,32,39,39,30,43,33,32,41,30,15,41,35,39,36,19,37,32,18,33,37,23,35,35,17,22,30,27,38,13,13,32,40,16,12,17,35,31,19,12,37,39,12,34,14,35,40,10,36,44,35,34,36,37,35,48,8,35,37,39,39,39,18,35,37,36,34,43,35,16,40,35,16,42,15,17,29,16,42,28,15,12,37,16,35,30,33,37,26,39,32,38,30,27,32,30,37,30,39,33,37,38,18,36,32,17,34,38,37,32,23,32,34,12,27,41,33,15,38,44,31,35,25,41,32,32,35,14,32,32,36,41,45,30,27,38,40,32,35,27,19,29,36,32,38,20,36,11,27,37,34,26,33,39,33,40,30,33,40,33,15,34,20,46,34,35,35,29,29,37,45,43,10,15,38,29,33,26,31,15,30,39,41,15,37,35,31,12,36,33,16,32,32,30,36,42,15,35,8,37,20,37,17,17,9,34,36,29,38,45,9,42,22,29,39,23,35,33,14,18,15,17,40,14,41,29,45,39,36,39,30,19,34,37,13,41,30,14,37,32,31,35,12,17,37,33,39,34,35,34,31,38,30,38,32,48,34,31,43,13,35,37,21,11,36,31,36,12,29,34,35,12,17,38,39,44,30,33,36,30,22,11,24,34,32,17,21,36,32,34,41,31,31,39,24,41,30,13,36,34,35,40,40,28,42,43,12,9,33,31,37,17,34,11,37,37,33,33,23,35,33,35,11,10,42,35,36,35,49,32,31,38,30,16,40,9,26,30,35,47,39,18,17,35,14,35,15,30,42,37,38,32,33,40,36,33,37,16,27,30,47,33,16,36,17,33,31,15,39,36,40,30,31,34,33,40,34,32,34,12,37,34,34,37,31,35,31,31,11,37,49,37,29,15,12,23,31,13,17,36,15,35,34,31,31,12,40,34,31,40,9,15,30,13,34,39,40,28,13,14,38,34,29,33,28,18,34,29,29,36,35,31,36,28,42,41,14,30,42,41,14,34,32,30,44,26,29,33,38,40,18,35,31,14,41,32,35,34,26,36,35,24,33,29,36,36,33,40,36,35,40,12,41,43,42,34,32,30,41,30,38,34,33,38,14,19,41,35,35,32,33,32,44,44,33,34,39,47,37,22,27,38,28,31,39,35,15,37,39,39,37,12,17,40,33,36,32,41,26,39,35,25,35,37,29,29,36,8,44,36,14,34,43,33,16,33,43,39,16,27,31,35,33,15,32,34,32,29,38
13,28,30,38,31,32,27,30,27,15,34,13,35,35,15,36,11,29,39,18,29,43,16,35,32,37,33,35,15,34,35,39,30,41,32,31,35,37,37,36,46,37,28,36,31,38,41,37,37,38,19,37,40,33,25,30,30,35,36,45,11,37,38,41,15,14,32,34,30,27,39,30,34,36,15,32,35,32,10,14,36,33,15,11,39,13,35,26,31,15,15,36,36,37,33,39,37,40,39,19,19,11,16,46,35,28,36,33,29,44,35,14,34,37,8,23,35,38,14,20,36,27,10,38,20,32,31,37,31,31,13,21,27,33,35,33,35,33,33,41,9,36,31,13,33,13,19,19,35,39,29,26,31,35,35,37,40,32,26,34,33,13,28,12,34,38,39,11,43,44,24,31,29,35,15,41,16,40,36,38,11,35,6,37,35,24,40,10,40,17,15,34,22,36,27,16,30,28,42,36,33,37,37,40,33,17,10,35,38,20,30,38,32,24,47,38,29,8,38,33,37,32,43,10,39,32,43,33,35,34,37,36,35,35,39,35,38,31,25,33,26,43,29,13,23,13,36,13,30,30,37,30,35,36,39,21,15,14,34,43,9,36,39,34,34,37,41,12,33,32,32,11,35,36,15,44,28,15,33,37,31,16,37,27,32,44,16,35,29,37,36,29,19,36,15,35,32,38,13,16,34,30,24,37,37,25,9,31,36,32,28,17,37,45,35,18,18,30,23,18,38,19,34,36,15,35,36,26,35,14,39,33,32,17,23,35,9,29,34,43,36,32,32,40,15,39,42,16,45,16,15,37,26,30,40,38,40,42,36,49,37,36,37,15,19,14,35,12,31,34,39,30,35,38,24,32,33,36,36,14,35,39,12,17,38,11,23,20,33,17,31,43,14,12,22,39,36,33,14,37,29,17,33,33,37,30,23,9,38,41,45,28,34,28,32,34,43,36,20,13,38,33,38,29,34,36,10,36,42,34,32,34,32,39,36,29,36,36,24,39,39,41,16,18,38,42,40,19,43,41,31,33,16,35,18,32,30,33,37,35,27,16,40,22,37,34,34,12,32,43,40,39,36,37,33,38,32,39,17,30,37,30,18,33,36,41,14,39,37,36,39,35,35,11,33,12,14,33,45,29,31,45,39,35,38,21,32,33,16,34,37,39,14,37,38,34,34,17,40,15,30,38,17,35,30,33,32,17,26,13,13,35,19,37,36,35,14,40,29,34,31,32,42,32,38,31,21,32,40,16,17,34,14,17,46,36,41,35,19,43,32,37,34,24,28,33,34,33,21,14,41,36,38,34,35,30,15,37,11,38,19,35,13,13,30,18,36,42,33,28,35,31,37,18,35,37,37,32,35,34,32,31,16,34,15,29,13,40,40,37,36,23,24,42,33,33,36,35,30,34,28,30,39,12,17,20,30,33,31,38,42,43,29,36,36,35,36,27,13,36,36,29,39,37,16,9,34,30,35,40,16,32,31,35,12,19,36,8,13,15,27,30,31,35,33,33,33,34,38,34,44,40,34,38,32,34,42,16,28,15,41,32,27,37,40,33,14,39,32,36,32,29,10,17,13,15,37,29,12,34,42,20,35,30,33,12,17,30,39,25,39,15,14,37,40,33,39,14,28,17,38,32,12,40,34,29,16,38,41,18,46,43,20,35,13,40,33,29,29,31,35,16,20,13,35,12,35,19,38,36,32,30,34,17,16,42,18,25,14,30,31,36,33,15,35,18,33,36,16,35,34,39,41,36,47,32,41,34,10,35,32,35,15,16,33,30,15,32,34,33,22,41,39,17,34,18,37,34,16,34,38,22,42,13,35,43,16,15,30,34,31,40,32,32,14,30,20,36,29,32,40,15,31,16,35,28,38,38,21,31,31,39,35,31,42,42,17,35,31,33,35,31,35,35,13,38,41,36,32,29,33,12,39,42,40,37,37,33,16,18,14,35,33,13,9,37,37,33,37,34,36,31,37,39,15,45,32,36,47,31,29,42,41,28,37,31,27,32,34,38,35,29,11,34,32,33,34,36,35,36,42,8,22,39,43,14,33,36,40,40,36,34,20,37,23,14,39,30,35,39,18,27,14,23,33,38,33,14,41,32,24,35,10,32,32,41,15,26,13,14,38,38,29,39,36,35,38,30,30,40,37,15,12,33,42,35,32,36,9,30,11,19,15,33,39,39,33,16,11,12,42,27,33,35,18,26,15,37,26,33,32,44,40,41,35,40,41,37,35,16,36,37,39,32,35,38,33,38,38,34
38,34,34,32,32,31,33,39,15,34,31,20,37,13,34,43,35,33,36,36,32,34,21,32,23,33,33,34,31,34,32,39,36,18,31,12,33,40,36,37,34,43,36,35,36,32,22,33,38,39,29,14,43,29,42,35,18,33,34,34,37,30,37,38,32,35,26,37,12,32,37,31,12,39,35,19,16,14,31,31,30,28,37,15,15,34,37,37,15,33,9,38,16,27,22,36,19,27,39,15,36,26,42,24,12,16,11,38,18,38,39,35,15,41,31,36,29,12,34,21,27,31,34,11,37,36,19,38,10,34,35,38,31,15,33,45,45,34,39,35,42,38,17,42,38,39,31,38,18,31,37,35,36,34,35,27,37,38,14,35,14,19,38,33,43,37,29,16,34,13,35,16,36,37,28,41,40,34,42,20,14,41,35,36,34,15,33,36,32,17,7,38,36,29,43,37,38,10,35,12,35,37,11,36,30,33,15,27,34,36,37,43,36,37,31,36,30,39,13,11,34,12,29,23,37,18,39,33,33,41,31,46,40,14,35,36,37,41,28,34,14,38,32,35,34,37,20,42,35,34,33,32,16,34,15,31,37,36,34,40,38,39,18,34,18,35,31,33,13,39,32,13,41,36,39,14,38,39,25,14,14,35,32,32,25,12,41,31,34,43,39,28,34,18,36,40,14,31,16,39,32,11,43,18,11,36,17,25,45,37,33,33,36,35,40,34,13,36,36,10,26,39,38,33,29,34,34,29,32,39,38,16,30,31,32,13,30,12,35,34,33,32,46,11,30,12,35,34,20,20,39,17,36,38,29,29,39,13,37,30,31,18,27,37,44,32,31,32,39,33,34,28,41,34,31,9,21,34,15,15,14,38,18,30,35,12,39,12,37,34,38,29,43,41,31,22,18,38,29,39,32,16,25,37,15,19,33,34,42,35,32,31,26,12,10,35,9,34,38,41,12,40,37,31,34,39,35,33,31,18,33,16,35,45,33,18,32,32,30,28,34,38,12,30,41,11,21,35,34,45,32,36,32,17,30,30,37,22,14,37,13,41,17,29,36,37,34,39,37,32,32,11,18,44,30,41,16,29,41,30,33,32,38,16,27,44,37,20,30,34,33,32,40,22,26,37,19,40,37,31,12,10,35,14,30,33,43,12,35,21,32,9,35,18,38,43,13,34,41,35,12,30,16,32,37,38,37,13,26,27,12,39,19,16,21,29,31,31,28,35,37,37,40,39,36,42,23,38,37,37,12,29,40,36,25,36,33,20,33,19,16,22,30,36,28,40,38,37,42,30,16,16,34,33,16,16,22,31,37,36,31,37,9,31,36,23,31,38,32,41,16,38,38,22,37,33,27,35,37,38,41,15,30,14,30,34,15,33,30,14,43,38,10,35,36,12,11,40,38,30,38,41,16,37,30,29,27,31,16,37,36,26,28,42,35,42,32,30,41,31,28,41,44,39,36,35,39,34,26,46,45,37,41,36,29,38,43,44,30,43,37,44,35,18,16,36,35,39,34,27,33,33,35,31,46,40,14,35,45,12,12,23,40,15,33,37,35,20,12,31,38,45,34,33,36,41,38,45,15,15,31,34,13,43,31,33,41,37,33,39,42,16,37,27,19,33,12,29,35,38,37,28,34,28,44,38,38,11,32,32,33,39,37,30,40,15,30,38,12,20,16,20,32,32,35,37,31,30,13,15,33,42,34,30,34,17,32,13,37,25,34,14,36,15,34,20,35,35,31,33,38,15,39,33,37,13,34,33,12,18,26,12,30,16,39,42,37,37,30,23,14,37,30,32,9,12,35,12,20,40,10,42,36,28,42,41,14,10,13,14,34,28,13,26,18,37,38,32,38,27,15,37,13,11,38,13,17,17,41,37,41,42,33,16,34,32,38,35,32,31,14,9,35,34,33,14,14,30,12,26,37,36,21,37,36,25,41,7,33,20,9,21,36,30,46,41,22,34,29,26,34,28,13,31,15,19,14,19,12,32,19,35,44,23,11,39,39,29,38,43,16,12,26,32,48,38,39,45,35,19,37,34,31,41,42,22,33,22,34,31,37,30,44,38,20,34,37,26,30,12,26,36,32,31,12,41,37,40,16,38,36,40,41,35,14,15,46,32,32,37,19,44,19,41,28,35,38,29,16,15,12,26,29,36,33,39,37,40,40,17,16,14,32,43,15,26,36,35,25,37,31,42,17,15,12,11,36,10,31,36,30,34,38,32,40,41,49,14,15,35,32,29,35,28,11,42,36,47,34,40
37,32,32,27,12,30,32,20,41,33,40,36,40,41,40,14,39,41,42,25,20,38,36,17,13,25,8,45,33,39,45,43,12,29,42,42,33,35,39,35,18,18,34,38,35,36,32,29,28,35,36,30,43,25,40,33,37,38,35,30,31,36,12,31,32,34,30,16,33,37,13,43,23,40,14,15,43,45,30,32,17,28,28,32,23,37,9,49,13,15,34,36,35,40,37,37,19,33,23,28,26,19,39,28,33,36,36,35,36,28,40,17,18,9,11,32,29,31,40,36,40,42,39,40,33,32,38,39,38,44,31,26,36,34,34,37,16,27,35,19,47,13,42,41,41,35,17,35,38,18,35,27,14,18,31,43,34,41,14,29,18,6,46,41,29,30,16,26,37,33,33,34,32,15,38,46,39,15,10,19,35,33,29,32,41,12,33,32,30,37,43,31,37,39,26,35,6,36,12,20,14,39,37,37,39,38,36,11,35,16,29,32,35,38,36,47,16,17,33,34,17,32,34,25,36,12,28,12,15,29,33,15,41,43,35,14,32,38,37,14,39,30,13,19,27,26,44,32,34,35,39,12,36,36,34,15,31,38,34,12,16,44,11,17,35,15,34,36,36,35,28,30,30,13,29,16,10,30,15,38,40,23,35,41,31,32,30,30,37,35,27,18,37,42,42,37,19,11,34,47,39,29,15,12,42,30,32,35,30,14,42,30,11,35,43,19,13,12,36,33,13,28,30,31,31,12,32,12,14,36,8,44,13,11,14,27,30,22,14,36,16,15,30,13,36,17,32,17,33,37,40,35,34,35,31,26,31,34,16,17,34,34,34,28,33,19,36,34,38,36,38,17,36,31,16,15,32,34,17,14,34,27,32,20,36,29,13,22,16,31,35,32,36,38,34,40,32,35,37,35,35,35,34,14,38,37,42,33,9,26,35,22,34,7,14,35,12,30,37,35,25,35,35,31,12,15,14,37,33,11,41,37,40,34,31,36,21,39,38,14,34,35,17,36,32,34,38,41,31,14,35,40,34,33,36,34,38,39,18,40,25,31,30,12,35,27,30,40,32,34,37,38,34,26,38,45,16,35,35,31,39,27,35,43,44,19,37,34,26,35,12,11,22,31,19,30,35,39,29,15,18,28,49,18,36,31,14,12,29,31,13,17,35,15,27,36,19,33,35,30,32,16,34,36,39,41,11,11,25,38,30,39,38,18,39,41,33,31,33,23,41,31,20,36,35,33,26,32,44,12,8,20,32,13,14,34,11,35,41,35,14,35,17,44,38,12,30,40,12,43,42,28,41,28,36,31,39,34,15,37,35,36,31,34,36,33,27,8,41,36,17,18,35,32,42,10,39,32,40,34,17,44,38,35,27,40,38,16,33,42,28,24,35,26,30,42,26,31,17,33,31,15,44,15,38,29,37,35,17,38,39,36,9,19,39,39,31,30,21,20,16,27,33,38,29,12,33,16,38,31,41,38,31,29,38,39,39,36,38,20,35,17,28,32,36,29,31,20,42,28,45,31,32,35,30,36,35,26,11,36,41,21,34,41,11,30,33,15,9,19,33,27,42,36,30,39,27,37,35,44,34,16,30,33,34,37,32,36,14,45,29,11,26,16,21,30,26,36,20,34,38,37,40,37,32,41,39,34,19,38,38,33,30,18,5,35,34,35,36,29,12,13,36,13,14,24,35,20,11,16,35,36,38,35,37,33,45,36,36,32,35,20,30,18,31,37,37,34,16,37,14,31,26,24,16,44,30,32,42,24,38,13,17,12,39,31,14,28,36,29,28,38,38,31,13,15,35,32,15,32,29,34,34,35,17,31,44,35,33,24,35,44,39,7,41,14,38,16,21,21,28,28,29,43,40,33,26,33,18,40,23,36,14,36,37,34,10,34,37,35,19,19,36,34,30,34,17,22,40,29,30,36,38,15,33,40,33,38,31,18,27,28,41,35,38,16,34,36,37,36,42,17,34,17,36,17,41,35,24,31,12,28,39,32,33,29,14,40,33,37,33,34,12,20,44,30,39,34,11,20,15,15,31,42,34,40,32,42,39,40,32,30,10,35,29,45,40,24,11,25,44,39,17,34,34,14,42,32,34,38,37,35,35,30,34,44,20,39,27,35,36,39,40,31,44,45,37,35,17,41,14,40,12,36,32,33,13,14,39,34,35,36,17,22,31,34,40,39,19,30,32,9,32,17,34,38,36,39,37,31,14,33,18,32,37,34,41,34,41,26,31,37,32,41,35,30,19,32,40,32
38,20,12,36,45,47,32,37,34,42,30,12,35,35,33,37,37,16,31,18,32,36,14,13,43,40,16,36,15,42,36,7,33,30,11,40,39,17,12,14,35,36,27,38,40,41,31,36,36,36,43,41,34,12,48,38,35,37,13,43,27,16,32,41,31,34,34,34,31,37,33,31,18,13,37,33,32,36,35,39,41,43,34,32,18,20,32,38,12,13,31,17,12,14,42,31,14,41,31,38,34,26,14,16,29,40,40,31,15,49,42,32,32,30,36,40,31,15,15,27,14,29,32,41,45,34,39,27,16,39,14,37,37,18,18,37,38,38,13,36,40,14,34,37,16,18,31,14,11,32,30,20,20,35,34,38,35,33,30,31,9,27,15,39,12,8,32,42,16,36,33,13,33,37,38,42,37,38,13,38,33,41,35,39,34,19,34,30,37,34,13,41,38,41,35,42,36,34,18,33,34,38,34,13,39,19,41,15,35,40,13,42,36,37,38,28,33,40,37,34,13,38,35,32,36,16,28,21,36,9,38,32,31,39,36,17,31,39,34,13,32,13,13,10,27,40,35,36,36,12,37,13,36,37,36,35,34,18,34,41,31,26,45,41,33,40,12,12,44,13,31,10,35,35,39,32,34,37,35,31,6,39,37,28,18,9,37,36,36,38,34,39,33,27,15,38,29,34,34,14,21,11,31,34,33,36,30,27,36,23,43,13,29,39,33,32,28,16,37,37,18,15,37,13,35,38,12,40,35,35,29,37,37,29,32,14,39,41,41,39,15,31,38,32,39,41,14,44,28,19,30,13,42,31,32,42,27,25,34,39,40,38,30,39,32,31,14,35,47,34,11,36,32,35,38,43,40,31,37,40,34,15,27,34,16,15,36,31,34,36,15,30,32,39,35,39,41,38,35,35,32,11,18,18,9,14,18,38,44,24,37,33,23,13,40,17,40,31,39,47,32,38,9,13,28,30,15,43,37,36,28,35,22,14,34,36,13,16,13,36,31,31,12,34,40,29,41,32,17,37,19,36,37,21,40,37,15,7,36,46,22,32,35,34,39,42,20,15,41,6,13,13,38,14,40,23,28,12,9,42,36,29,29,33,19,36,14,35,14,35,34,37,12,36,35,13,42,41,17,16,23,31,26,16,34,37,42,13,43,44,31,12,31,10,15,36,31,32,33,30,17,45,40,17,19,33,33,28,42,36,34,13,44,39,14,41,41,40,40,43,35,37,39,26,32,13,40,38,37,38,31,33,31,10,37,33,13,24,35,21,14,13,34,32,39,35,40,16,36,9,32,36,35,42,41,20,31,33,37,13,18,40,35,15,35,35,36,33,34,18,37,11,45,36,37,9,34,28,35,32,37,31,26,38,27,7,33,39,35,8,32,33,36,35,7,36,31,30,38,38,33,30,35,29,38,31,11,39,38,40,36,42,11,15,33,29,32,35,9,35,29,39,30,12,40,37,36,31,35,36,29,35,25,43,10,17,17,12,7,34,15,35,29,32,41,33,30,41,13,31,13,37,34,37,38,13,19,41,27,31,34,18,38,42,17,50,34,32,35,39,32,15,26,47,47,14,14,31,34,8,9,33,39,42,35,35,15,37,31,40,31,34,32,38,48,14,37,39,33,34,39,44,20,31,32,35,32,35,35,37,33,25,17,32,31,28,41,33,33,14,30,38,38,43,37,35,34,13,12,36,27,33,16,26,35,36,40,36,32,31,43,41,34,33,30,40,16,16,14,17,14,33,44,34,42,36,34,33,13,38,14,12,19,30,28,13,30,35,36,12,36,36,35,37,34,30,49,33,37,14,39,17,12,33,19,31,36,14,29,22,12,11,35,33,20,31,47,35,37,38,36,13,41,41,11,42,37,40,36,37,34,18,36,34,37,33,11,17,42,35,41,41,36,36,18,18,36,31,10,14,39,31,18,33,35,16,37,36,18,32,36,15,40,34,35,15,32,30,13,38,34,30,16,29,12,19,32,14,12,12,13,37,31,42,31,35,38,7,41,34,38,33,19,38,32,36,33,33,40,35,37,34,42,28,22,38,40,15,35,36,15,43,36,32,32,34,36,35,44,34,32,34,30,27,31,33,14,30,36,36,30,27,33,29,37,32,37,35,30,37,37,34,40,21,33,11,34,31,19,30,37,37,29,36,10,30,20,12,42,41,36,37,32,17,46,38,37,8,29,17,24,34,38,20,36,39,14,33,29,29,16,39,37,30,18,18,39,17,41,35,36,30,35,14,34,13,40,16,37,15
18,38,32,32,24,20,32,30,20,41,36,39,35,23,37,18,34,33,22,17,36,30,30,35,30,6,42,17,39,38,44,27,41,35,41,35,40,31,38,34,38,12,37,40,33,34,31,34,12,15,30,38,42,41,39,47,10,39,18,47,42,29,38,33,37,30,38,15,34,10,19,16,33,35,37,17,39,37,20,21,40,16,34,40,11,30,17,15,38,17,15,45,37,13,33,33,25,8,40,41,30,33,41,17,45,17,35,29,22,25,37,36,44,39,12,41,39,35,15,16,39,29,40,32,34,15,32,33,14,36,41,33,35,35,33,36,10,17,39,35,34,33,16,28,37,41,30,10,8,38,35,32,34,32,39,8,36,31,40,14,43,34,39,44,38,46,30,15,35,19,18,16,30,13,35,44,14,41,30,40,34,40,31,34,33,48,43,32,9,11,7,12,7,40,11,19,44,35,37,31,13,29,32,14,18,15,38,38,22,18,30,36,29,38,27,50,39,12,39,39,40,10,12,36,34,30,19,33,38,34,15,34,31,17,40,37,34,33,16,33,32,44,29,30,37,15,32,13,32,39,35,33,14,42,40,36,19,19,36,38,27,11,44,46,10,17,49,37,33,35,34,35,15,34,46,31,36,42,25,32,40,11,27,35,37,35,36,33,12,15,13,18,15,42,42,36,35,9,41,28,10,16,33,12,37,31,38,40,34,18,16,28,39,14,32,28,35,35,36,33,32,36,32,37,39,35,12,10,39,22,36,38,13,32,43,13,35,11,30,40,38,43,40,33,31,10,37,32,37,39,16,21,33,25,44,31,32,36,27,34,35,14,36,14,37,37,36,37,32,17,20,36,30,28,32,13,28,37,17,21,36,27,10,12,13,35,38,13,38,13,28,39,38,30,11,33,34,16,29,41,30,35,33,38,33,41,48,38,35,37,14,17,36,47,31,31,12,14,29,9,32,37,9,15,35,26,12,33,43,47,17,31,12,19,32,29,30,33,31,43,43,39,34,33,13,37,35,34,30,26,29,35,33,38,37,33,28,9,38,35,31,33,34,32,16,36,29,39,18,41,36,47,34,40,12,9,33,33,33,44,32,17,39,34,45,35,29,32,14,16,35,14,31,33,38,47,41,12,39,41,44,30,37,13,37,13,33,32,35,36,31,36,13,30,13,36,33,28,37,12,41,35,39,15,36,41,32,31,33,16,30,31,13,40,35,32,21,32,41,33,41,13,40,16,34,11,14,22,21,14,33,11,9,31,32,34,35,33,36,41,35,37,10,8,13,17,12,41,29,35,16,13,34,34,15,32,37,31,18,16,37,27,16,30,34,37,9,12,37,35,40,37,35,34,38,17,35,29,17,27,37,32,34,22,41,33,40,31,35,31,38,29,19,9,36,13,42,37,30,16,37,18,32,32,43,13,32,29,7,39,26,12,37,19,10,38,38,40,37,37,35,31,40,16,45,30,15,14,32,33,38,9,38,20,32,32,13,35,26,37,33,40,37,12,28,39,14,44,40,35,27,28,38,38,15,34,27,15,33,12,35,31,39,33,28,26,12,31,14,38,37,31,34,22,36,14,38,31,27,25,39,32,21,31,36,16,14,36,29,37,29,32,33,17,36,36,28,15,16,16,17,34,37,40,29,34,32,35,37,28,32,35,35,36,51,35,11,31,31,39,33,39,30,38,37,15,11,15,40,40,34,15,22,47,36,28,17,28,15,19,39,39,23,11,42,17,32,33,35,32,35,30,30,35,42,35,31,33,33,34,31,34,29,32,34,36,37,15,33,14,12,16,19,19,38,22,27,33,19,36,15,33,13,38,8,41,44,29,36,35,27,20,37,31,34,38,32,33,34,34,11,37,44,16,16,14,42,25,13,9,30,19,32,35,38,36,32,34,30,32,28,17,45,42,37,16,40,36,56,34,17,30,33,31,39,33,39,19,31,14,40,12,13,32,35,36,35,34,16,32,15,32,37,20,45,34,40,13,30,43,28,39,30,37,37,29,13,37,16,12,36,35,20,12,42,39,38,12,41,41,38,14,34,10,30,20,31,42,31,15,29,40,40,29,33,10,21,40,39,37,36,20,32,16,17,35,41,19,32,15,40,41,30,32,43,35,31,14,47,29,34,34,14,38,15,37,33,31,26,18,40,32,26,38,42,38,35,16,45,15,24,34,28,15,13,39,14,31,8,39,34,41,38,33,13,38,30,35,39,13,15,37,20,17,44,40,46,32,11,32,11,31,41,21,31,12,19,37,9,30
34,42,43,42,39,20,40,11,41,15,34,39,33,34,37,36,36,36,34,32,30,28,39,37,40,33,29,14,39,42,38,11,38,28,34,33,35,31,17,13,36,14,38,34,37,37,38,38,34,32,21,35,35,20,37,35,17,37,45,13,26,15,39,14,37,12,39,34,35,41,11,34,27,19,37,36,36,24,24,32,44,38,33,16,14,33,36,31,29,9,30,25,10,34,31,45,14,12,15,39,32,42,29,15,29,36,34,15,36,34,28,36,19,41,33,38,33,29,29,37,37,35,35,38,33,11,25,17,38,33,41,26,34,16,31,27,32,27,36,26,31,43,31,32,36,37,16,32,40,39,31,15,20,35,29,33,36,13,33,12,37,35,38,33,35,16,41,34,30,16,29,35,15,33,44,35,16,32,17,42,28,35,31,34,39,11,20,27,32,33,42,17,15,28,16,38,34,20,15,36,33,39,21,42,21,18,37,10,33,18,38,14,16,15,33,43,30,33,40,41,38,12,38,46,33,35,33,30,6,34,35,38,37,13,41,34,40,39,39,29,9,38,47,42,39,13,34,28,30,11,31,29,34,38,39,18,16,40,36,30,46,33,36,32,43,34,36,32,33,42,41,36,28,33,36,36,8,41,12,18,37,33,34,29,41,45,16,32,41,31,40,18,36,34,27,10,40,16,38,38,29,35,41,28,12,15,38,40,39,30,26,18,21,32,9,32,26,35,45,17,33,37,33,34,34,34,42,32,15,35,36,41,14,36,15,31,36,14,31,39,30,13,42,26,45,36,35,17,44,35,28,9,15,33,38,41,11,35,18,31,33,31,14,30,44,37,23,14,37,17,15,9,14,28,44,40,32,35,16,10,38,27,40,36,31,36,31,31,35,13,37,18,38,32,29,14,39,33,17,38,37,14,32,18,39,32,33,33,34,40,12,6,38,39,18,34,40,31,16,25,36,15,14,35,29,33,17,17,36,46,17,35,14,28,42,13,43,35,34,34,31,34,29,39,29,36,26,40,39,20,31,39,34,30,27,36,33,19,18,11,39,41,32,31,44,40,13,33,33,36,14,35,19,35,43,37,32,37,41,35,17,35,9,40,12,35,31,40,32,16,30,41,35,39,36,17,29,17,33,32,37,34,32,13,34,31,43,33,36,40,10,31,14,21,38,38,34,36,15,13,37,41,15,9,37,40,38,32,36,38,11,35,10,28,31,35,33,15,19,39,44,34,11,27,31,36,29,22,29,18,15,34,28,28,35,42,34,41,16,25,17,42,39,34,40,41,10,14,12,19,22,16,40,36,38,35,30,40,12,43,39,33,28,35,39,33,10,34,38,32,13,33,40,40,32,31,11,31,17,31,37,41,14,37,40,32,34,33,28,38,33,15,11,30,40,33,35,37,36,41,33,40,32,16,32,32,35,30,37,39,41,36,33,30,18,41,15,28,20,32,34,29,36,14,43,11,35,37,17,37,39,32,41,34,34,34,14,25,31,24,38,31,36,42,15,40,13,12,35,33,36,45,34,16,40,15,27,41,15,40,42,27,21,12,16,39,38,13,31,43,17,45,37,30,29,43,39,39,31,26,41,28,37,38,32,29,39,17,25,41,34,28,17,30,8,17,32,28,26,9,36,41,33,18,37,21,38,44,39,42,17,42,32,34,39,22,44,30,38,19,33,36,41,42,36,45,8,23,38,40,19,17,37,44,41,16,38,36,33,37,40,33,13,37,26,33,37,35,31,36,31,30,33,33,36,11,35,35,15,36,29,35,33,24,40,20,34,33,30,13,39,20,38,36,38,33,42,38,32,30,35,13,37,18,31,32,39,34,35,32,43,8,10,30,14,39,30,37,37,42,34,32,37,43,37,17,14,15,41,30,30,38,41,30,34,19,42,37,33,31,35,18,35,37,36,15,42,33,29,36,26,10,37,30,41,25,33,37,35,30,36,41,22,14,24,43,35,13,33,15,39,43,34,40,30,12,23,34,27,37,45,16,36,34,16,35,26,10,27,33,31,33,8,38,35,38,45,14,37,9,35,39,12,15,11,35,42,15,13,30,14,44,8,39,13,34,17,38,22,29,13,15,37,40,33,21,41,40,27,33,32,42,35,39,18,30,44,40,39,22,37,13,10,35,36,35,28,36,47,35,19,30,42,14,31,33,43,10,22,40,18,39,21,38,33,30,25,28,30,26,34,30,12,42,43,31,45,30,10,17,27,13,15,32,34,30,37,28,47,37,40,16,36,35,44,39,40,31,28,39
44,29,35,18,43,48,33,35,45,37,32,47,26,34,39,42,33,36,36,14,43,11,15,34,33,18,33,33,16,28,7,35,34,35,35,15,38,30,26,13,30,39,42,30,30,31,27,18,33,35,35,34,42,33,37,41,32,35,39,27,34,34,8,34,42,39,38,29,39,8,37,39,32,29,35,29,28,32,14,30,14,34,40,32,12,47,36,16,32,30,12,30,28,16,30,16,36,35,30,40,36,40,32,34,36,33,31,32,12,43,16,17,16,33,18,41,28,15,16,40,37,30,14,27,35,40,15,29,39,43,31,32,32,31,39,33,14,16,28,38,39,36,14,12,35,34,16,17,13,41,38,36,35,38,12,31,40,45,51,9,29,40,33,34,17,28,13,31,41,23,15,37,10,36,33,37,33,33,35,33,50,34,28,32,34,25,33,42,10,33,36,46,34,33,35,13,13,37,43,38,43,35,42,16,13,31,35,28,40,33,12,38,15,37,35,13,40,13,43,19,35,31,38,22,31,21,27,38,37,36,31,19,32,46,31,36,29,37,36,33,15,34,32,35,16,30,32,41,37,10,35,35,33,31,35,15,23,17,12,41,32,42,14,17,24,17,38,19,40,24,18,19,21,21,21,21,29,38,31,9,30,29,37,36,26,33,31,32,35,32,39,38,38,32,11,35,39,36,33,33,39,36,40,32,34,36,39,39,34,26,33,41,40,33,29,36,32,36,27,11,32,14,42,35,31,36,35,33,18,27,48,36,27,34,41,41,38,16,16,33,41,36,35,30,38,35,20,14,9,14,15,40,42,19,44,15,13,44,41,35,11,37,38,29,9,20,12,40,32,41,16,39,7,35,45,30,37,28,32,32,36,44,29,34,31,13,34,37,25,33,16,38,28,32,27,32,32,32,33,36,37,14,40,35,32,36,33,38,37,18,42,40,29,33,31,34,12,13,34,33,27,26,16,30,38,12,36,8,19,14,25,17,36,11,29,13,33,21,42,31,36,34,36,45,41,34,43,36,10,35,37,11,32,30,28,38,37,15,39,43,14,12,12,13,37,13,35,16,46,30,36,28,38,14,31,40,27,13,19,9,28,37,17,30,36,33,38,30,34,33,37,29,32,14,19,33,33,14,33,19,12,10,13,13,13,32,36,34,12,43,30,30,45,11,35,38,18,35,36,40,37,39,40,36,35,16,37,29,40,11,36,13,30,21,18,37,40,49,10,31,30,38,30,36,33,36,39,12,38,36,30,36,28,15,40,34,36,42,37,33,15,41,29,33,36,33,39,29,17,23,31,16,18,38,13,38,34,35,36,33,35,37,29,35,38,28,22,15,14,36,33,40,38,11,40,15,14,24,33,39,40,35,44,39,28,38,31,39,48,36,38,37,35,35,28,40,39,41,12,40,24,34,42,18,37,37,38,35,35,32,12,13,42,38,34,38,12,30,15,32,15,29,39,34,35,13,30,42,44,32,19,22,33,35,20,41,29,27,38,35,25,9,38,10,44,44,38,15,16,8,34,33,26,27,31,38,36,30,33,29,36,20,36,36,37,11,35,32,34,38,33,31,33,28,30,35,29,38,38,34,12,40,38,36,43,40,41,35,37,36,41,37,39,15,31,39,38,30,36,38,35,33,35,31,36,31,33,9,31,36,35,32,38,32,31,37,19,27,35,21,32,41,15,14,32,37,31,34,12,32,26,8,15,36,33,15,32,34,41,48,37,31,13,34,31,35,33,28,38,46,17,38,35,36,40,35,31,38,37,41,43,29,10,31,29,12,14,33,14,36,39,33,13,15,36,37,40,33,39,32,33,14,32,37,33,34,34,31,30,23,31,39,35,16,40,16,42,10,29,24,10,32,30,33,39,34,18,36,32,18,36,32,36,8,14,19,33,38,12,36,33,31,41,39,51,14,34,33,32,15,40,32,32,38,36,33,40,36,11,38,31,37,14,32,33,37,35,41,38,14,39,34,26,18,33,31,32,21,47,31,34,17,15,42,34,36,16,31,28,38,31,14,33,32,35,20,20,14,36,37,41,37,32,34,39,31,18,33,32,36,32,32,9,32,32,34,29,39,13,31,31,34,41,29,39,33,14,36,32,11,43,8,42,30,42,34,21,29,35,35,32,31,35,36,37,37,38,43,9,40,35,31,14,13,28,31,9,33,36,21,37,34,30,37,32,35,38,41,35,36,43,41,33,14,40,29,30,35,23,36,37,39,41,32,41,19,9,18,9,34,31,19,33,17,19,32,26,29,10,34
15,37,40,14,39,27,29,32,41,43,34,26,32,8,14,14,41,18,32,19,32,34,34,27,32,34,15,40,34,34,12,29,38,38,40,14,16,14,40,43,30,17,43,28,40,33,29,36,41,46,44,38,11,34,22,38,36,36,29,10,39,29,36,35,32,23,36,14,34,28,10,15,17,14,33,28,40,37,43,27,13,21,48,34,38,30,15,36,35,30,30,21,14,34,41,39,37,45,30,39,16,15,30,32,29,39,11,34,33,27,13,38,35,44,38,41,36,33,29,28,31,31,41,31,16,36,39,29,26,44,25,33,33,39,35,30,38,15,31,41,36,46,32,21,27,43,36,41,31,36,42,34,34,40,31,32,23,40,38,20,41,17,46,40,25,33,27,36,15,20,39,40,39,32,34,20,39,15,17,33,15,31,41,36,39,37,37,39,38,17,36,35,37,42,16,16,37,36,34,10,14,40,17,40,32,36,28,27,33,25,35,29,17,16,35,15,17,27,31,30,11,34,17,41,13,17,30,19,39,20,32,9,12,16,34,38,36,33,33,42,36,33,36,14,37,30,18,9,19,28,34,18,36,14,11,36,17,17,21,36,41,31,39,27,10,42,43,31,31,28,28,15,14,33,18,40,15,41,37,37,17,37,32,8,35,43,33,9,39,45,34,36,19,25,14,40,33,14,38,30,25,36,21,13,33,27,39,22,36,28,38,8,30,42,34,14,30,33,29,42,24,38,20,20,39,35,12,19,16,34,32,30,30,49,35,36,33,34,33,31,32,23,29,8,34,33,30,31,40,39,30,31,39,40,15,12,40,35,38,27,15,41,39,38,34,33,33,37,32,30,33,36,9,31,39,39,40,38,12,26,41,36,39,40,32,33,35,41,33,32,17,38,34,33,34,35,20,30,15,38,13,14,14,37,30,40,37,32,44,20,35,38,7,32,27,35,34,17,16,32,16,35,11,32,38,10,28,14,20,32,12,40,36,16,17,45,32,39,17,33,28,16,30,35,15,42,38,34,32,40,37,30,38,43,33,41,11,17,37,33,34,36,35,36,37,13,13,36,32,33,38,43,29,29,32,28,31,36,12,34,42,33,33,15,39,32,40,16,34,19,12,14,28,33,22,37,34,36,37,15,27,37,34,31,33,12,15,43,17,39,42,33,42,41,37,9,37,19,36,35,37,44,41,45,37,36,32,36,37,27,36,33,16,32,35,31,25,37,35,36,39,36,33,26,37,32,37,35,30,38,41,46,35,37,14,40,24,32,37,30,38,16,40,21,35,29,36,36,40,16,27,45,43,40,22,27,38,37,34,36,37,19,33,33,34,34,31,7,43,16,35,17,36,36,16,38,17,31,30,13,36,34,29,35,33,36,40,24,42,26,11,19,27,37,36,47,38,35,32,36,42,33,18,37,41,33,29,20,42,32,37,33,32,35,34,12,14,22,37,40,14,31,40,28,15,14,32,38,35,32,38,33,38,41,12,35,37,34,46,34,31,17,32,22,31,36,33,34,33,15,36,34,33,26,16,43,34,30,33,35,13,38,48,37,37,29,40,43,34,33,12,27,30,32,32,40,12,33,37,15,33,35,31,30,38,33,9,36,38,30,34,7,41,31,34,40,18,33,31,14,30,34,35,37,38,36,17,31,15,14,19,10,30,43,38,33,39,33,9,10,14,38,33,15,33,15,41,16,34,42,32,33,42,31,41,36,38,32,36,44,20,37,37,35,37,23,34,46,37,40,33,35,40,34,37,37,37,40,34,22,31,14,36,42,32,39,16,36,36,31,31,35,11,34,27,35,35,36,19,29,39,38,14,35,36,13,45,35,39,35,16,10,17,29,13,16,34,31,18,38,13,26,34,40,31,35,11,29,35,34,39,36,41,31,24,32,36,17,34,19,36,39,38,14,34,19,36,33,42,34,10,12,35,30,16,16,37,39,11,32,9,33,32,15,34,19,36,33,40,31,35,28,37,30,31,41,13,31,33,9,32,20,36,18,45,36,32,19,15,41,14,36,36,26,35,34,41,32,29,33,36,23,36,43,16,34,15,13,30,39,32,36,47,15,35,12,17,20,36,9,34,32,34,16,32,30,34,34,32,40,39,38,33,34,36,28,40,34,15,29,40,12,16,36,31,26,28,19,35,45,38,39,35,37,39,35,45,33,42,17,38,38,23,34,37,31,17,13,22,33,34,37,35,29,37,29,42,34,40,21,36,18,30,31,36,7,28,13,36,40,40,32,35,17,30,36,38,13,37,17
34,36,37,34,15,37,17,38,39,38,36,28,23,17,35,32,16,38,31,28,17,36,47,45,37,33,30,34,34,41,24,12,37,31,29,34,15,37,43,18,21,31,31,45,35,28,43,31,16,34,33,33,11,14,36,10,34,35,19,30,10,36,34,36,35,38,43,38,40,31,34,13,37,40,35,30,14,46,37,12,21,31,39,38,21,28,45,33,34,34,23,30,30,40,39,33,40,35,19,38,33,28,31,41,16,33,36,34,36,47,30,36,33,40,12,29,40,31,32,18,29,34,39,30,22,11,33,29,27,19,20,35,39,34,36,43,33,39,32,31,35,35,33,29,34,30,41,21,41,34,38,35,40,34,39,45,15,8,34,14,40,38,13,30,39,30,35,34,29,36,36,14,28,14,37,31,36,17,32,34,35,26,40,35,28,36,26,32,33,27,15,13,15,32,34,36,33,32,32,36,42,49,12,32,37,37,40,30,38,34,30,45,40,34,33,42,37,34,21,33,28,14,35,34,39,39,34,39,40,37,30,14,17,42,32,28,42,33,14,36,11,36,38,32,40,38,41,9,14,32,32,39,32,39,36,16,32,32,34,37,42,42,34,35,40,38,15,14,24,34,12,24,35,50,36,16,13,32,9,15,15,30,25,15,39,39,34,32,36,42,34,32,19,16,34,34,17,35,15,43,18,20,15,11,34,41,12,29,30,17,13,20,27,33,40,41,32,37,14,44,49,26,30,30,13,31,33,19,14,33,36,40,18,31,32,31,29,37,34,21,29,35,39,35,19,39,30,31,31,34,44,31,17,22,31,35,40,16,33,34,16,36,45,39,16,24,28,17,15,42,32,19,39,38,45,36,37,31,38,15,35,30,34,29,36,18,34,32,39,45,15,35,39,7,14,28,23,35,35,37,33,41,15,43,25,36,31,36,24,28,40,34,40,29,45,39,34,12,18,40,38,33,32,6,10,31,38,42,38,13,34,41,29,16,27,18,11,29,36,25,36,38,33,28,41,11,37,25,38,15,15,23,31,41,33,14,26,14,41,15,43,36,39,36,33,13,34,33,14,32,31,38,34,32,38,36,29,14,37,34,13,9,38,32,35,38,32,31,33,32,13,40,35,31,17,34,43,39,29,25,16,38,36,38,14,38,37,40,41,33,35,35,14,27,36,17,22,35,20,35,36,41,31,41,40,35,35,39,37,37,6,27,33,36,34,10,32,21,38,33,35,35,29,23,42,37,32,31,10,38,14,33,35,31,36,14,34,23,36,11,10,18,41,46,12,11,16,38,15,14,17,36,19,43,34,28,33,31,32,15,11,13,35,33,40,50,10,13,36,12,29,18,38,33,12,35,41,28,36,24,40,25,37,28,34,35,37,43,34,15,36,30,38,33,14,37,34,43,33,18,32,12,33,38,13,39,35,15,42,41,30,19,17,11,27,32,34,39,17,40,35,32,32,35,35,38,37,33,15,11,9,30,37,40,32,14,25,37,31,38,37,39,26,44,35,34,34,42,34,34,35,30,45,41,9,16,31,32,16,44,16,17,17,38,37,40,30,22,34,33,41,11,43,32,34,32,33,26,37,41,41,9,12,15,16,38,43,17,43,40,45,34,9,32,43,27,34,33,43,19,37,18,38,34,37,15,35,34,13,41,28,36,42,20,31,17,15,37,9,39,34,31,35,33,37,29,28,39,18,37,29,34,37,29,28,39,37,37,15,36,41,41,21,39,32,42,40,35,33,8,21,32,43,36,38,37,40,34,29,21,37,37,31,41,15,32,12,11,18,30,31,34,36,39,15,37,33,40,38,34,37,34,38,31,17,17,39,29,36,31,37,32,36,40,36,14,36,31,23,31,29,15,43,19,35,42,32,37,29,13,39,28,37,17,30,29,34,28,29,30,40,32,37,37,35,39,17,29,41,43,42,36,16,41,37,38,12,33,17,30,38,35,31,40,36,35,26,17,20,38,15,36,38,40,35,36,33,43,32,36,16,34,15,27,39,39,36,40,39,33,39,15,39,33,32,34,38,34,31,14,28,40,33,37,38,20,22,33,45,32,31,42,36,33,35,42,42,34,32,38,30,26,46,25,11,44,30,36,30,34,35,18,40,41,15,35,34,40,41,11,36,15,35,11,16,33,39,18,33,37,33,28,16,36,45,33,35,12,37,37,34,30,34,29,18,19,35,36,38,15,34,35,31,43,30,33,18,35,29,33,44,41,20,14,34,40,21,11,41,19,29,36,29,37,46,32,31,35,13,26
33,42,41,34,38,14,32,37,15,20,38,29,14,12,36,37,31,26,17,16,37,30,37,39,38,31,11,32,37,40,32,35,13,43,38,30,35,32,32,31,16,41,39,41,31,5,29,38,38,16,12,15,38,27,12,39,32,34,30,35,10,29,13,37,13,36,42,31,35,37,26,13,36,33,31,30,14,25,14,37,20,32,14,30,34,31,34,16,15,29,34,30,36,34,7,14,10,24,24,29,22,13,35,24,38,35,44,14,39,40,28,33,13,31,36,22,19,40,24,32,16,20,11,34,36,38,37,13,29,13,35,35,32,39,36,45,38,31,34,28,30,35,34,28,33,42,30,35,35,33,16,34,38,30,34,44,36,15,32,18,14,41,37,43,36,38,16,40,43,38,38,38,45,14,11,29,40,41,25,25,13,36,25,16,43,42,17,27,35,13,10,14,15,37,29,17,13,35,28,35,31,7,35,44,25,16,27,28,42,40,33,35,27,18,42,43,31,32,17,38,42,14,25,16,15,31,39,46,44,14,38,17,27,38,32,28,38,36,16,16,28,31,41,33,26,36,38,32,12,38,38,22,46,42,15,13,27,13,31,41,37,35,14,16,32,39,14,33,35,28,39,23,39,43,47,33,32,40,13,42,34,40,16,28,33,18,36,28,41,35,12,27,35,34,35,33,17,11,18,33,34,37,33,41,29,22,33,42,27,31,39,10,19,36,13,37,26,17,35,12,30,37,33,21,28,27,39,36,33,13,16,37,26,13,38,32,9,40,30,39,12,39,36,33,36,16,39,8,31,17,44,29,31,39,11,32,18,35,34,15,34,38,16,44,19,36,38,14,13,45,37,37,10,21,32,38,35,12,36,37,30,32,29,32,36,28,16,37,13,36,30,14,38,32,33,40,44,29,36,34,30,46,11,37,33,38,34,39,33,11,40,29,17,42,32,22,42,36,29,11,33,32,10,32,15,33,14,27,28,27,34,16,39,9,23,12,35,38,38,17,33,46,11,39,53,34,34,14,36,18,34,32,31,21,44,14,32,38,8,40,9,37,42,34,33,41,36,28,35,10,20,32,14,38,42,35,11,34,38,39,30,12,39,28,36,34,35,13,20,35,32,22,35,35,26,44,38,37,15,7,43,31,13,33,38,33,31,25,39,33,32,40,13,15,27,37,32,13,26,32,42,33,32,32,12,14,33,32,38,30,38,14,22,12,31,39,39,18,32,38,27,38,38,32,34,34,40,30,36,36,32,30,31,30,11,35,35,35,33,50,35,36,16,33,34,42,41,36,34,36,15,46,33,32,34,32,16,42,32,42,37,37,29,37,11,11,31,36,37,33,33,14,27,17,32,26,33,30,28,29,36,42,38,29,30,14,37,38,34,14,40,33,11,40,34,33,29,12,35,47,33,35,44,37,38,38,31,34,39,33,39,42,34,33,37,10,13,39,13,40,35,39,5,39,14,11,38,16,41,33,47,30,22,17,38,13,39,28,15,38,15,32,31,29,11,40,28,30,19,36,30,33,8,39,33,36,31,13,43,36,11,13,40,40,13,26,36,36,42,34,37,38,16,16,44,34,18,34,12,35,30,15,37,22,34,35,35,37,11,48,45,18,31,39,35,13,42,33,17,37,34,11,46,36,36,40,12,31,39,32,33,35,14,41,41,24,36,47,37,29,10,42,42,37,24,40,29,35,42,32,33,33,30,35,30,29,13,13,15,34,41,33,20,13,18,41,29,16,34,38,28,10,39,33,32,35,35,15,17,15,32,40,31,35,29,11,33,38,10,27,41,34,35,30,30,38,40,15,28,36,27,35,35,33,35,38,26,31,34,46,41,14,41,25,13,9,17,31,33,18,30,35,20,15,29,15,36,30,32,39,14,39,34,16,16,13,40,30,29,9,44,37,32,39,38,37,19,31,37,33,38,17,33,32,32,31,26,36,34,32,13,43,41,25,31,42,18,33,32,31,37,34,35,32,36,32,18,37,18,35,38,41,27,36,31,43,40,37,31,33,38,34,35,11,39,35,12,43,36,43,13,33,33,37,28,32,31,28,40,34,11,38,36,36,32,29,16,35,35,36,43,18,34,16,35,37,40,29,16,39,29,14,17,34,35,11,37,38,36,33,35,15,36,35,40,30,21,38,10,31,41,16,36,35,32,35,37,42,16,14,16,15,35,39,34,35,33,9,37,42,41,28,35,27,33,16,15,14,34,48,39,13,32,12,14,39,37,34,37,11,35,36,33,35,37,34,31,37,14,35
31,38,12,34,38,34,31,35,24,14,46,38,33,11,36,14,30,36,41,32,34,14,33,13,36,32,38,32,41,33,31,38,7,12,10,38,37,18,15,18,9,20,40,35,28,30,11,24,18,10,11,36,26,34,18,19,34,27,28,33,31,12,33,41,37,35,35,16,14,7,31,15,33,33,42,21,38,39,17,20,29,39,36,36,16,31,17,37,32,37,34,30,13,17,31,45,28,43,41,42,41,35,30,36,35,39,15,12,35,40,12,36,42,34,13,32,38,26,38,38,32,30,15,33,35,34,34,31,15,38,14,29,32,29,11,36,9,31,33,32,15,31,15,8,18,33,32,35,35,39,10,38,37,31,27,9,36,17,17,37,47,35,35,13,36,36,31,45,36,44,44,37,31,28,28,36,33,32,13,31,31,43,10,41,39,12,31,29,37,46,31,37,38,17,28,43,13,37,35,39,37,29,34,34,26,37,38,36,37,33,46,33,36,38,37,37,39,27,41,14,35,35,7,46,39,15,14,36,16,30,47,44,28,32,29,41,39,11,38,43,35,37,37,12,14,18,36,29,36,33,21,26,16,16,38,35,28,33,34,33,35,8,34,45,31,33,37,28,34,36,31,14,32,37,13,36,39,32,33,21,31,33,33,34,29,41,28,35,35,33,28,44,36,28,35,38,27,38,18,42,35,14,41,34,41,41,30,34,22,36,23,33,31,18,28,33,36,15,33,34,20,14,25,36,13,34,37,47,38,15,17,43,34,33,15,35,40,42,18,33,43,29,36,38,39,36,35,40,34,37,12,11,16,20,36,31,10,34,13,38,41,29,30,19,13,14,13,32,41,25,43,24,33,34,32,49,22,36,36,33,34,36,24,15,11,19,41,27,11,14,31,32,12,40,30,35,15,36,34,38,18,28,12,37,39,37,27,30,17,31,40,33,15,42,28,26,27,41,37,34,19,29,43,36,31,38,37,37,29,44,31,31,37,40,45,47,34,44,9,31,37,30,19,39,35,9,33,41,35,33,13,19,19,8,39,42,36,30,36,37,36,13,39,43,17,36,34,35,32,35,33,37,32,39,14,13,43,12,34,39,15,15,35,9,34,20,37,33,11,17,32,29,28,29,12,21,29,33,14,36,45,34,32,15,36,35,37,34,33,37,34,26,14,41,32,12,33,13,17,32,18,30,14,17,26,33,14,31,45,30,13,45,29,13,25,38,31,35,36,15,30,34,37,14,33,29,33,37,31,12,20,38,36,32,40,14,40,33,35,15,33,20,20,35,36,13,35,29,32,37,33,12,20,35,30,34,19,13,39,30,34,33,30,34,49,39,30,14,37,32,18,13,46,36,30,28,31,15,27,36,30,30,36,26,20,16,32,36,36,11,36,33,37,34,16,13,35,17,33,32,18,40,37,33,11,37,35,29,36,32,15,39,46,46,33,23,41,18,17,38,32,28,25,36,17,15,34,34,36,32,38,37,32,26,16,23,32,41,34,35,30,34,18,39,35,32,13,22,30,34,24,16,33,18,18,40,35,31,41,36,22,35,35,34,35,33,32,30,30,33,35,39,26,14,34,17,34,34,28,33,30,32,33,39,28,35,39,35,39,18,38,39,12,15,17,36,33,33,45,32,31,33,32,40,38,38,39,41,40,34,35,17,19,13,36,15,18,34,31,45,35,38,14,46,32,39,37,36,44,19,34,41,35,36,28,35,45,30,13,38,42,31,33,36,11,43,13,38,31,11,28,25,13,15,19,41,16,12,15,35,32,38,32,29,22,36,13,22,13,18,39,32,29,32,30,34,44,16,16,38,36,40,15,34,30,35,33,17,29,41,43,13,35,34,32,14,16,38,31,42,15,22,20,13,31,33,32,37,17,33,30,31,31,16,34,40,17,32,10,31,41,36,39,29,18,31,16,32,17,30,12,36,7,33,17,30,37,18,14,28,35,31,50,37,36,38,37,36,39,38,37,30,39,35,20,30,35,28,14,38,39,37,20,40,17,35,43,26,36,35,24,27,32,38,36,43,14,18,42,32,37,9,38,30,32,35,39,11,14,36,35,27,20,30,42,45,22,34,43,38,42,30,16,31,40,31,38,25,31,35,38,36,34,31,43,10,10,37,16,36,34,13,38,47,31,34,33,45,31,32,16,40,16,26,37,38,36,34,10,16,17,8,34,26,32,33,17,46,16,28,43,36,36,36,29,30,30,38,37,13,22,31,32,38,8,11,31,29,21,34,42,39,32,38,35,38,33,15,37,35
36,30,33,35,30,39,34,29,43,32,20,10,16,32,39,38,29,18,14,36,30,40,32,9,36,40,15,47,14,30,34,16,32,6,40,38,40,32,37,28,36,32,30,15,33,38,31,11,27,17,37,32,31,35,36,41,40,19,29,30,51,34,39,34,30,35,30,16,37,36,44,38,31,15,40,13,37,36,27,36,22,36,36,34,31,17,16,11,38,43,38,31,32,34,38,19,34,35,30,40,37,28,40,17,32,11,43,36,35,32,14,17,34,38,15,13,37,29,16,37,39,11,32,42,33,11,35,38,33,41,39,14,11,32,39,33,13,34,33,35,35,21,30,37,39,13,37,37,13,12,34,33,33,37,33,35,27,33,35,35,8,40,19,9,29,34,30,46,40,26,39,30,33,35,14,42,30,12,16,20,36,31,36,37,40,11,15,40,14,33,10,16,13,42,36,30,36,37,38,21,33,46,30,33,23,33,36,37,30,38,26,17,30,12,46,42,21,40,13,36,32,33,27,16,27,35,26,42,18,34,19,27,31,39,25,33,16,35,42,36,32,35,31,44,36,36,29,41,9,39,40,10,30,35,16,16,38,34,33,30,37,29,40,33,37,29,20,27,37,33,34,35,31,37,40,40,37,34,40,20,16,33,35,12,38,13,31,31,34,28,38,42,13,35,34,33,34,37,34,35,38,42,8,34,44,35,31,37,15,33,39,14,34,41,38,34,11,36,28,29,40,35,33,24,43,16,9,31,33,15,37,29,35,30,21,22,32,36,47,34,34,41,35,32,37,18,34,36,39,21,34,35,36,43,40,43,14,11,32,13,38,15,43,32,38,40,30,36,12,29,42,37,32,27,29,35,33,16,32,26,39,35,36,35,35,37,37,12,38,36,43,37,38,42,18,35,36,36,28,37,36,34,38,40,32,42,29,12,26,40,14,11,45,34,12,32,26,40,39,39,26,15,26,11,36,32,33,28,13,16,30,37,39,16,17,40,34,10,30,14,30,30,11,35,38,24,43,45,36,31,32,9,43,16,31,18,34,17,16,19,39,48,16,31,35,34,17,41,13,33,9,32,18,38,18,30,25,28,32,36,31,32,30,39,11,17,42,19,28,36,17,14,15,30,29,36,28,30,41,14,37,36,14,38,28,33,28,38,35,43,39,33,35,37,36,34,17,31,42,13,38,43,37,35,22,19,33,36,27,15,28,33,13,39,18,40,44,15,38,39,34,32,38,34,36,34,19,42,43,38,33,40,14,12,26,26,33,13,30,30,45,28,33,33,42,37,31,36,42,39,13,45,19,44,36,39,38,46,31,34,33,37,15,9,29,39,36,33,12,35,36,38,12,30,29,32,30,32,37,15,39,37,40,24,37,38,41,32,18,36,28,7,29,38,29,27,38,18,45,39,31,33,31,36,34,9,13,39,41,35,42,15,34,33,14,18,35,13,36,23,38,38,10,27,30,32,30,29,38,34,43,32,20,46,14,40,36,41,14,32,32,28,10,31,40,39,30,11,35,36,38,33,36,27,39,38,37,32,29,31,35,16,31,35,43,19,16,23,19,25,12,36,30,33,30,33,39,37,40,31,36,34,30,37,13,38,28,16,13,30,13,39,28,42,37,11,39,8,13,28,38,36,33,34,37,43,25,17,35,35,17,38,36,36,30,36,16,37,33,35,40,39,14,29,12,16,11,18,31,35,29,18,16,36,31,39,38,11,32,36,42,30,38,34,35,34,33,36,25,28,42,37,24,34,35,36,36,18,40,44,15,39,40,11,45,43,36,42,13,37,18,30,13,36,34,35,31,37,47,16,29,21,36,35,24,41,35,39,15,35,13,32,29,36,16,37,38,29,42,27,35,38,24,29,46,34,27,44,16,31,32,35,37,23,40,33,12,28,39,42,16,37,14,30,17,31,36,35,38,20,36,14,31,28,17,29,39,34,33,39,39,30,12,38,37,27,36,34,36,32,30,18,33,31,26,13,29,39,16,41,33,22,13,34,31,34,36,36,42,39,32,40,36,10,17,42,28,39,29,38,17,44,37,42,34,32,19,35,29,15,34,9,34,29,27,34,36,24,37,25,11,42,30,20,40,35,36,41,38,34,17,39,28,41,33,18,17,36,15,35,41,32,19,35,37,32,38,41,31,16,33,40,33,13,45,42,18,14,40,36,11,13,33,32,18,10,37,34,17,32,37,36,34,41,22,41,16,43,21,43,28,34,30,11,33,27,28,29,43,36,32,19,30,35,39,28,38,38,36,32
31,14,11,36,28,11,32,40,49,34,40,28,40,36,32,15,34,39,39,28,36,32,37,28,12,31,34,36,39,34,34,39,43,39,13,32,13,43,36,36,40,39,38,37,33,15,16,39,35,14,34,32,31,28,34,35,17,17,35,35,42,28,37,16,21,29,33,32,16,29,36,24,34,37,42,20,36,35,13,28,29,41,33,33,14,37,10,11,35,15,28,15,33,38,13,19,37,35,30,10,13,31,35,41,43,36,9,34,11,15,31,36,36,12,37,13,27,15,37,38,37,35,34,33,39,30,7,17,42,35,32,20,41,41,38,20,38,34,20,36,36,12,10,13,39,35,39,16,32,28,33,35,37,38,25,37,35,39,13,9,31,37,42,11,25,37,40,28,41,22,16,14,40,33,25,34,31,44,14,25,34,12,24,21,38,32,24,40,34,34,17,32,36,25,18,32,16,37,19,15,34,10,38,35,35,21,33,14,32,24,38,37,31,15,13,36,40,15,41,29,25,31,34,29,44,42,34,36,35,33,38,16,32,14,34,40,34,15,37,43,37,17,36,37,36,33,9,38,35,33,11,34,40,38,15,39,21,38,43,32,33,38,6,32,30,48,31,11,42,42,23,39,22,29,43,28,31,27,16,14,37,13,38,36,14,38,29,35,31,35,35,32,39,14,38,38,33,10,21,33,15,35,40,10,37,42,35,39,34,33,16,33,40,38,29,39,30,36,37,34,13,35,33,32,33,35,39,35,31,41,25,39,35,33,34,16,38,38,33,36,37,34,40,37,41,38,36,33,15,34,41,11,34,39,34,21,13,39,15,12,43,38,16,38,27,35,14,39,9,16,37,19,7,11,41,15,35,18,37,13,25,31,37,30,16,34,31,36,36,33,14,33,17,43,30,41,28,15,39,19,32,13,36,36,26,36,36,11,31,16,36,29,16,39,37,30,25,34,12,36,21,27,35,33,39,31,13,46,35,29,41,29,33,13,29,31,37,36,37,39,17,13,36,26,34,28,33,42,37,30,32,29,32,40,36,38,18,16,16,36,41,11,28,34,26,44,36,16,13,12,36,32,29,34,33,30,27,39,41,16,42,38,16,13,40,28,35,12,40,38,36,31,32,42,30,37,39,42,32,15,37,35,31,30,34,13,37,39,32,25,36,36,15,31,15,36,35,39,16,41,12,19,17,39,32,40,40,30,42,31,36,15,14,37,33,33,15,29,31,33,16,40,13,43,32,31,10,36,46,44,16,18,30,29,14,25,33,31,11,14,33,33,16,33,17,12,9,39,38,39,32,41,14,34,14,33,30,12,28,21,31,40,15,34,33,31,14,12,16,33,33,40,41,35,31,37,35,29,36,38,34,10,38,36,37,14,38,36,30,35,37,40,36,33,39,33,37,36,28,30,34,19,39,11,15,39,10,34,30,41,19,34,17,15,35,35,41,19,41,13,37,20,13,33,33,40,16,27,26,30,36,29,39,40,42,10,32,46,32,43,13,15,33,32,41,14,25,16,39,29,28,14,40,43,12,35,34,29,11,16,31,33,33,41,35,12,31,30,25,32,30,39,30,32,32,30,11,31,31,19,30,40,9,36,35,28,31,16,31,11,33,34,14,31,33,42,11,14,23,37,16,29,24,38,41,36,29,19,29,30,38,22,35,47,44,33,31,34,38,13,43,41,34,37,33,36,15,12,32,27,10,40,10,38,39,30,24,32,30,34,40,35,25,12,37,36,36,39,11,34,42,36,17,37,32,51,35,16,17,25,42,37,17,33,37,40,27,27,42,40,42,16,32,33,17,38,17,32,14,11,51,37,23,40,27,12,33,39,30,46,19,16,13,36,42,38,13,41,34,40,40,33,41,32,36,34,30,34,33,34,38,44,29,34,26,33,31,33,8,31,35,15,22,9,30,17,36,37,42,37,19,23,29,43,33,30,30,42,39,30,37,34,18,44,33,45,30,15,36,20,40,41,17,28,43,26,35,38,30,32,35,29,13,32,17,36,39,15,27,38,28,11,12,37,32,19,32,31,34,43,12,25,34,45,41,17,13,34,38,37,35,34,18,39,9,21,40,36,31,15,40,39,31,13,31,16,19,29,30,15,38,38,18,35,22,43,27,29,21,38,37,27,9,14,34,28,40,33,14,16,44,38,22,41,36,29,39,13,16,13,29,27,9,46,26,35,20,37,29,34,31,34,37,31,32,34,13,37,34,38,34,37,16,31,31,36,12,12,23,38,7,32,43,30,17,32,35,15,39,16
34,31,30,12,40,39,12,16,32,36,41,36,20,28,17,35,27,35,35,37,31,44,36,29,17,39,32,36,39,15,30,31,32,18,35,35,38,32,38,38,13,31,32,37,16,33,34,41,21,34,12,41,32,35,34,37,31,14,37,40,40,31,31,16,36,36,32,31,35,37,12,35,33,15,33,39,12,35,36,35,35,39,46,16,22,29,40,31,9,38,33,34,24,40,39,28,31,35,38,42,35,13,32,35,35,34,32,25,39,44,14,34,33,31,12,16,40,36,32,20,43,41,14,36,46,40,32,24,41,15,37,13,35,31,38,30,29,35,43,40,35,24,29,13,36,30,34,33,27,11,10,36,39,11,13,30,34,33,37,39,44,41,33,34,13,28,40,13,37,13,11,31,40,29,41,38,34,9,14,13,42,35,28,13,40,42,37,43,31,38,10,22,12,42,39,14,33,17,26,35,26,10,14,42,17,36,34,18,42,40,35,35,33,33,31,28,40,32,36,37,35,36,45,40,37,40,18,13,35,35,31,34,35,31,40,13,15,29,36,34,37,34,40,35,39,37,36,38,40,18,9,34,29,32,43,32,21,39,33,30,42,34,34,32,29,37,33,36,30,32,36,39,34,33,38,18,8,25,35,28,13,29,36,43,35,39,41,32,36,22,32,34,34,11,39,11,41,36,42,18,38,35,32,33,39,33,28,21,28,19,33,30,36,44,37,7,33,39,39,38,35,18,35,34,11,31,36,35,27,33,31,26,17,34,18,39,31,14,28,16,12,30,26,29,32,36,30,12,15,32,35,37,36,30,42,33,14,13,31,45,13,34,34,17,34,34,40,33,17,10,33,19,31,37,15,47,39,32,44,39,32,33,42,31,39,11,15,37,30,16,30,34,34,37,33,34,38,18,26,16,34,31,35,33,29,44,40,16,34,34,38,20,29,36,15,40,13,37,37,29,35,27,14,37,40,14,15,40,15,43,37,31,41,30,36,30,28,36,18,45,40,30,36,34,43,42,42,13,32,17,14,30,27,37,39,34,45,36,38,41,28,21,41,22,36,34,40,21,39,32,31,19,40,30,41,32,16,12,32,34,29,28,38,37,35,38,36,16,17,32,36,38,18,43,17,15,35,45,24,32,38,39,45,30,12,21,42,15,35,39,37,18,33,17,35,36,36,35,32,38,38,40,30,20,37,34,31,37,17,27,39,15,36,39,33,14,38,19,19,38,53,40,17,36,38,32,37,34,36,14,35,41,36,40,41,33,36,25,30,38,39,40,40,34,31,30,39,41,31,21,21,26,27,35,19,16,37,34,38,32,19,36,15,23,28,39,39,36,36,34,33,35,32,15,8,36,34,35,31,35,42,41,29,41,29,36,35,14,31,13,15,30,30,36,39,11,38,23,16,31,44,33,18,32,11,35,40,37,35,33,38,38,38,15,35,31,16,33,10,32,34,29,19,10,39,30,30,41,33,35,35,38,40,16,16,28,37,10,43,36,32,18,9,30,41,16,12,15,34,33,41,37,35,22,33,16,34,34,42,17,41,31,36,21,30,37,39,31,31,37,14,14,27,32,36,30,16,16,39,42,35,39,22,36,34,30,42,32,37,19,36,16,16,18,32,18,41,43,38,14,38,17,28,29,34,32,38,37,36,38,33,35,39,20,37,36,40,35,30,34,39,15,43,41,19,15,36,30,32,13,35,31,42,13,33,40,34,29,38,10,31,35,39,32,35,43,39,16,19,12,37,39,32,39,15,37,35,34,37,15,30,41,33,30,13,15,37,38,32,28,29,41,25,38,43,34,41,26,16,35,31,13,14,39,36,40,39,14,45,37,34,29,34,21,29,17,38,43,29,17,16,33,40,28,30,31,38,34,34,33,41,35,36,12,36,13,31,12,14,29,14,27,43,30,37,18,16,30,32,36,41,12,40,15,15,18,18,38,39,35,26,36,15,35,34,35,41,35,37,39,35,36,34,35,34,34,35,26,28,38,31,9,12,39,34,38,15,45,24,34,17,40,32,37,36,36,38,19,14,29,14,30,36,34,13,33,31,33,37,35,15,35,36,33,45,33,21,38,36,32,14,38,32,29,35,13,18,34,29,33,15,38,37,29,30,37,13,42,38,36,11,44,38,40,17,34,30,35,12,35,31,36,31,17,30,37,14,40,29,24,29,18,26,15,18,16,31,37,12,39,15,10,17,11,31,36,32,34,13,40,35,15,21,38,39,38,37,17,43,11,39,20,46,15,36,31,28,27,33,28
33,35,14,36,40,42,31,35,42,15,13,36,40,29,35,31,34,17,38,32,38,40,45,14,47,33,27,20,16,28,35,33,21,26,16,33,37,24,45,38,34,38,39,43,33,36,35,30,11,36,9,37,34,41,33,38,16,38,32,38,33,27,35,42,19,32,37,34,40,30,26,41,20,31,33,36,32,41,43,43,28,33,33,29,27,39,28,36,44,12,33,14,19,36,36,40,44,41,39,17,36,31,18,36,43,38,18,31,18,35,15,32,33,36,36,35,38,33,18,43,37,17,28,15,13,26,34,10,34,44,16,34,38,42,33,41,19,31,30,20,33,17,30,33,21,36,16,37,17,17,34,38,17,36,30,39,26,33,35,37,31,46,36,15,17,38,36,41,35,16,37,30,37,13,37,30,37,37,23,35,14,15,44,28,34,17,30,30,27,13,21,37,15,17,15,37,30,37,32,21,32,10,35,30,36,38,35,32,41,29,42,35,31,48,36,37,36,31,38,12,35,30,13,16,16,31,9,33,42,33,39,35,9,35,18,6,18,13,16,30,32,44,16,38,39,35,34,43,41,31,36,14,17,30,40,42,30,39,36,42,11,33,38,11,35,36,37,38,15,19,20,14,15,28,39,8,23,45,38,39,38,39,36,31,42,44,38,37,13,29,30,37,40,29,31,21,33,34,16,16,17,11,32,18,17,35,11,31,34,20,34,32,19,29,35,38,8,35,36,14,11,30,9,42,41,33,18,31,11,15,39,31,35,24,28,25,36,28,29,35,12,39,35,40,11,37,9,32,15,12,19,39,33,38,43,35,38,31,32,42,33,42,11,14,32,35,14,36,31,40,38,32,11,35,31,13,21,45,38,31,38,34,31,32,13,11,43,21,38,39,33,10,36,40,41,43,17,41,37,36,42,39,37,34,32,17,29,39,35,42,39,34,13,31,32,37,28,39,33,30,12,13,36,36,18,15,9,31,35,31,45,32,34,32,16,35,18,33,29,38,37,33,37,35,33,34,16,37,27,43,17,34,39,16,34,10,28,33,13,36,28,34,21,36,33,31,37,29,19,13,10,18,34,31,13,39,38,16,39,33,37,39,34,39,39,29,37,33,34,34,34,37,34,34,17,18,34,37,44,28,31,33,28,18,31,33,28,38,37,41,12,33,27,38,16,15,34,33,43,35,33,9,16,31,21,41,32,13,16,25,33,36,17,32,40,18,39,18,35,13,20,29,35,38,38,12,12,38,39,14,33,38,39,18,39,32,32,35,48,32,14,39,34,32,38,32,29,28,38,29,16,34,35,30,41,36,13,14,24,31,37,12,17,35,12,32,35,30,35,46,17,41,36,27,30,8,24,17,27,26,17,15,14,10,39,37,38,33,37,38,32,32,35,33,42,41,11,33,15,35,10,34,46,36,27,12,40,16,20,12,32,37,17,19,34,33,19,34,34,34,29,15,39,15,36,14,39,33,33,17,29,39,30,33,25,25,37,13,29,40,42,12,32,49,15,43,36,18,38,36,41,29,38,12,23,31,30,14,37,14,41,13,31,16,31,20,13,36,32,36,34,26,45,39,23,15,24,15,35,37,29,38,31,30,32,28,10,28,36,37,14,26,43,33,20,40,38,44,10,30,34,31,12,18,35,43,35,28,46,35,33,45,12,18,32,38,33,35,32,23,33,42,28,43,38,28,20,36,37,38,35,20,38,27,38,28,35,34,36,40,15,31,36,31,43,31,32,15,10,31,31,33,15,41,35,39,18,44,32,41,15,36,32,39,44,32,39,30,37,31,37,33,36,14,13,36,33,40,21,13,18,33,40,11,30,28,32,31,36,36,38,17,38,42,39,38,38,13,32,35,24,30,32,16,28,32,41,44,12,35,37,24,14,15,35,38,28,16,32,32,39,16,48,14,28,29,31,19,27,12,44,27,14,36,17,39,15,13,34,35,34,31,34,10,36,31,25,30,33,14,23,27,14,13,28,42,39,37,35,33,39,36,15,23,13,39,34,31,15,39,42,37,37,27,18,15,16,16,13,37,38,43,35,39,34,35,32,38,36,28,39,12,35,37,43,34,38,18,17,32,37,16,15,40,34,41,17,38,25,37,36,27,13,37,35,36,36,48,35,16,39,34,36,38,32,38,12,37,12,36,41,34,31,10,18,38,38,13,11,13,14,41,43,29,24,16,34,28,12,35,34,9,31,46,30,16,28,35,32,18,38,36,40,38,14,31,35,39,16,40,10,19,39,6,32,38,18,13,39,35
36,25,12,31,15,36,12,31,15,17,35,32,31,35,38,15,34,13,36,39,8,37,31,41,32,30,35,30,41,31,11,44,25,12,16,35,39,33,40,17,39,34,44,30,38,35,37,16,10,14,32,31,34,46,33,13,28,34,30,41,29,36,32,39,36,19,36,45,14,22,33,14,32,32,15,36,29,13,31,42,38,34,28,35,35,9,31,35,15,27,13,34,40,40,37,39,34,31,36,17,18,34,12,37,35,30,37,33,18,41,40,30,38,12,33,40,42,30,41,17,30,45,32,15,34,14,29,32,35,41,34,32,36,31,20,8,12,34,15,19,28,35,38,39,15,36,36,12,39,38,35,18,39,41,33,12,31,33,31,12,39,38,32,46,17,10,35,22,35,27,10,35,33,34,36,30,39,29,39,17,15,37,31,12,42,17,8,39,35,29,35,27,18,38,38,36,19,14,43,44,35,40,15,11,33,40,29,31,42,30,11,15,29,43,39,34,41,32,36,38,28,43,25,20,31,32,41,28,30,33,30,24,17,30,31,29,33,20,42,35,29,39,36,42,31,40,28,19,30,41,32,38,37,39,33,31,31,37,8,37,27,26,33,35,37,36,38,39,17,32,31,17,20,38,36,40,17,18,43,38,32,35,34,44,26,43,37,38,45,31,19,40,15,27,30,16,15,36,35,15,15,37,38,18,32,28,35,41,40,38,42,13,16,39,36,39,36,28,41,17,31,37,15,34,30,36,36,42,40,11,28,16,18,28,33,16,14,31,34,30,15,35,40,35,32,34,32,36,13,38,38,25,33,22,38,36,11,25,31,37,34,27,17,29,9,17,39,28,36,10,38,33,38,31,13,32,37,31,23,36,37,35,12,32,35,26,31,16,34,37,37,15,35,17,37,39,40,32,14,36,35,30,34,33,20,38,29,37,35,12,43,44,40,43,38,34,36,37,31,21,42,35,37,29,34,11,36,16,33,42,18,15,39,30,39,11,37,29,36,15,33,15,31,36,38,20,38,38,16,34,29,11,13,12,18,35,33,32,31,37,13,28,13,43,29,45,32,7,30,42,34,20,33,34,27,36,33,31,42,37,13,14,13,35,32,33,34,17,37,36,38,34,15,34,21,35,37,12,39,30,36,39,13,36,31,35,34,13,36,14,31,37,31,33,14,26,38,33,39,39,21,32,13,31,10,39,50,34,11,38,26,34,47,37,32,17,42,32,32,35,21,38,35,36,35,32,36,23,31,43,7,36,30,32,42,41,39,32,35,34,34,13,29,30,29,21,31,46,16,36,27,14,28,34,21,34,30,37,35,33,13,11,41,11,18,31,30,21,14,41,16,16,31,38,34,42,17,13,20,10,16,37,33,17,32,34,35,32,37,27,37,14,13,11,41,30,41,37,42,25,11,37,38,23,19,16,30,31,21,29,26,37,14,14,40,41,29,17,40,35,14,36,14,22,18,34,15,35,13,35,17,34,36,9,29,35,41,12,33,18,31,39,41,36,14,12,35,36,29,38,15,35,12,20,26,39,12,27,29,34,33,31,15,14,36,35,26,40,39,34,27,37,32,33,42,31,15,34,36,30,17,46,41,35,41,43,44,39,18,43,16,36,30,15,29,38,34,12,19,37,32,34,37,34,25,36,38,33,35,12,35,35,33,46,31,36,36,30,42,34,31,33,42,33,32,36,33,34,38,40,36,34,29,31,42,38,15,34,33,39,40,32,14,29,30,30,32,41,16,35,36,17,36,29,37,14,30,42,39,35,23,20,10,32,39,43,39,34,38,41,33,35,34,18,28,14,19,32,30,30,14,45,34,35,16,31,39,35,22,36,32,38,39,18,14,34,11,15,41,41,37,15,32,37,40,34,43,9,27,33,30,33,13,33,33,33,38,31,11,36,27,34,31,35,28,14,31,40,29,35,34,34,14,38,25,43,26,36,35,19,36,18,36,43,14,40,38,9,37,38,15,40,31,33,32,35,16,10,27,30,36,38,11,38,34,42,32,37,16,18,12,18,39,35,38,10,37,34,14,40,36,31,38,38,35,34,37,29,29,13,38,37,42,33,15,37,32,30,34,35,16,14,14,32,31,26,44,34,23,13,40,29,26,33,36,32,39,15,20,15,39,36,9,14,32,38,19,29,27,37,33,20,38,36,12,43,37,32,30,37,35,32,36,16,32,30,37,37,40,34,14,32,36,28,28,26,15,24,32,40,41,13,25,29,31,33,16,39,40,35,35,34,45,35,33,36,33,13,31,16
31,36,43,32,34,33,14,34,18,36,35,28,13,14,23,33,33,28,44,18,40,14,39,35,33,45,31,25,39,47,13,33,31,24,35,33,31,35,35,39,17,39,45,39,38,34,33,31,36,35,11,37,17,31,17,13,36,16,32,30,8,36,14,17,43,31,34,36,9,33,33,35,35,16,9,31,29,33,36,32,35,37,34,31,41,34,32,33,27,40,36,41,34,40,34,38,17,13,34,35,36,41,45,12,28,32,38,24,32,44,32,15,39,34,31,17,14,17,36,35,35,15,15,32,42,11,36,45,31,34,33,35,31,10,39,9,32,39,28,39,44,32,33,19,22,28,9,32,31,33,31,34,14,39,31,40,29,29,25,38,36,33,41,40,12,15,34,32,27,28,10,12,34,30,18,40,37,11,38,32,16,44,38,31,22,27,30,35,31,44,38,33,38,34,36,40,17,13,34,28,30,39,37,27,40,44,29,40,18,41,10,36,35,34,19,28,43,33,38,13,32,33,19,37,36,33,34,32,34,42,10,37,33,29,36,30,42,36,40,35,33,32,35,43,35,29,39,41,35,36,32,32,32,48,44,36,13,30,38,34,45,12,39,35,33,15,21,10,35,34,18,12,34,12,37,37,13,35,34,36,39,37,40,35,32,38,37,16,40,28,32,35,37,29,33,38,27,10,44,12,39,13,35,26,42,37,39,36,26,37,34,36,32,16,33,17,35,36,28,36,36,43,20,28,33,40,33,34,15,38,48,41,38,14,32,30,14,14,14,10,33,27,39,29,28,41,29,35,31,28,17,36,29,12,32,42,42,17,30,29,19,35,29,35,38,34,20,14,40,29,37,15,36,37,38,14,31,35,35,21,37,42,29,44,41,13,13,32,38,16,37,41,36,12,38,31,35,18,27,12,33,13,31,28,30,12,13,13,31,38,31,32,39,44,34,13,16,34,31,35,31,34,38,36,39,39,31,32,23,32,38,38,32,39,33,14,12,13,38,39,18,12,41,33,31,11,31,35,38,40,42,33,32,39,38,17,30,34,41,30,37,14,21,10,28,37,28,45,18,16,30,36,27,36,34,39,37,38,10,40,38,43,13,28,29,20,28,26,41,11,25,42,28,40,41,35,36,29,33,33,34,32,17,37,32,34,30,28,10,35,40,14,19,36,38,30,31,30,36,22,19,34,43,34,42,13,35,13,40,16,41,37,31,36,34,18,32,30,38,35,40,32,31,34,10,34,34,34,18,44,35,21,19,37,34,8,33,32,39,39,11,13,16,32,20,18,28,33,27,17,40,22,29,12,38,33,31,30,31,14,40,29,37,38,41,13,39,20,31,34,29,39,42,41,36,32,37,30,31,37,15,13,41,39,40,12,35,35,33,41,31,45,28,37,14,40,31,36,35,39,14,21,39,9,28,33,34,15,40,32,13,17,33,29,41,37,33,41,38,44,36,36,27,31,35,39,31,31,11,42,18,42,31,27,30,35,34,35,31,30,19,40,33,41,43,12,28,21,32,30,31,37,39,36,40,36,36,15,32,33,33,40,37,11,8,14,42,40,20,39,16,32,37,34,14,33,38,33,33,28,31,32,13,15,33,36,36,35,30,13,41,17,35,31,30,9,38,35,33,39,27,31,32,18,32,39,43,15,41,27,42,33,19,35,33,37,33,41,30,38,31,19,19,37,25,28,36,40,39,34,17,40,13,23,25,14,39,20,18,37,37,41,32,37,30,36,37,27,35,27,37,36,18,38,28,15,37,42,35,35,35,26,43,34,11,38,22,35,39,24,31,12,31,32,15,23,22,35,31,39,12,40,35,35,29,11,36,32,37,33,39,27,38,12,36,17,22,36,34,17,43,32,37,34,35,39,13,28,37,33,34,27,31,17,30,37,32,32,36,42,19,32,33,32,29,39,33,12,16,12,31,34,14,16,15,39,13,38,38,39,11,36,28,34,39,35,42,37,30,16,37,25,25,43,27,42,14,32,34,35,34,35,44,36,15,36,39,39,13,36,36,31,29,28,33,19,47,38,35,16,37,36,35,38,39,12,31,34,14,14,35,39,31,43,31,37,12,35,39,36,32,32,15,35,33,41,39,37,41,16,33,36,37,10,35,28,26,34,34,46,18,36,39,36,9,32,18,38,39,31,36,38,31,41,33,41,34,18,38,29,31,16,37,31,33,41,33,35,9,38,29,19,29,37,29,40,31,39,37,12,10,11,32,17,31,35,17,38,40,14,43,17,40,35,20,13,30,20,47,43
36,34,39,13,36,40,32,34,17,37,40,37,38,32,15,36,39,37,37,32,29,43,40,26,34,37,38,37,9,15,36,20,38,14,34,41,36,40,19,31,14,12,21,34,30,35,33,31,36,36,39,33,40,37,27,42,18,31,15,37,36,18,15,17,29,34,39,41,28,17,22,37,8,10,37,14,37,37,36,40,39,29,18,35,31,29,43,40,35,15,34,30,33,35,30,46,18,18,40,13,12,40,42,24,13,40,47,46,40,41,37,30,34,47,38,35,29,32,14,26,34,20,27,28,29,32,21,34,33,30,33,40,39,32,43,43,35,34,10,38,39,39,12,39,5,22,35,34,20,15,39,17,17,17,46,36,42,18,30,36,39,17,14,33,36,33,16,16,25,10,29,34,18,15,33,37,38,49,36,39,42,32,32,16,20,40,36,29,36,29,28,30,29,26,13,43,36,33,8,35,40,20,38,31,43,33,37,38,16,34,41,30,19,28,33,15,11,12,30,28,45,14,31,19,33,34,37,32,14,39,13,34,42,36,35,28,39,35,39,34,35,13,38,27,37,36,39,18,35,33,11,36,39,12,18,33,30,32,32,35,32,15,40,34,40,41,31,32,18,31,37,35,10,14,35,43,17,41,37,30,34,13,27,27,27,36,32,41,19,35,9,13,39,41,16,31,40,35,35,36,36,38,26,33,37,42,38,16,33,36,34,15,44,33,39,11,18,44,30,36,33,15,19,41,30,34,40,39,34,14,15,11,34,35,37,39,38,33,37,33,32,37,32,8,39,37,37,37,32,38,32,28,18,12,16,32,13,28,22,38,12,38,37,35,38,31,18,26,22,32,41,31,41,34,11,30,13,11,32,27,34,22,33,15,34,16,36,39,32,29,39,21,34,44,35,6,37,38,35,37,45,26,18,30,31,40,32,29,18,38,36,14,28,35,34,13,28,15,36,35,14,37,38,26,38,37,32,38,31,40,11,31,33,27,30,32,44,35,15,19,14,16,34,26,30,13,33,34,37,31,42,16,16,28,11,34,37,14,35,15,38,33,40,27,31,39,38,12,34,27,28,34,26,36,27,33,28,42,26,13,11,37,33,31,34,36,37,43,41,20,19,34,33,40,40,31,38,28,39,18,36,32,16,18,34,31,9,9,41,37,41,40,33,43,35,31,24,31,18,37,18,33,25,41,13,35,34,29,37,9,36,31,43,28,38,35,41,39,31,35,32,17,36,14,31,13,38,27,31,41,30,30,10,46,15,36,30,29,30,36,31,44,28,29,47,18,18,36,30,40,28,31,40,19,33,28,13,43,15,9,32,36,25,39,38,35,9,19,38,41,36,11,34,30,45,38,36,35,37,11,16,35,36,30,37,21,31,37,24,11,37,26,37,29,39,31,19,30,36,15,15,29,43,30,14,35,32,11,16,43,34,17,28,37,35,18,31,40,11,33,16,30,9,37,32,36,29,20,36,15,44,11,35,40,39,45,34,24,30,35,39,12,28,50,30,14,24,39,37,36,14,10,36,39,33,40,11,36,47,37,34,18,32,34,35,32,31,39,28,39,31,35,37,15,41,39,23,29,20,34,16,43,23,35,16,31,48,18,36,35,30,14,34,14,12,34,36,36,31,14,16,35,14,39,37,38,39,13,34,39,36,39,34,44,11,10,22,45,36,30,36,12,26,36,36,39,18,33,45,34,34,31,11,30,32,37,11,11,28,16,37,38,38,34,16,34,18,39,41,44,13,12,34,28,45,35,14,39,38,37,13,34,35,31,37,32,35,34,41,13,33,45,35,17,37,14,32,36,37,20,14,30,32,31,26,32,40,28,36,30,34,16,37,30,37,40,12,13,33,41,17,39,16,29,32,15,33,43,25,32,25,29,37,29,32,14,38,40,38,28,36,32,36,35,32,37,14,30,35,36,34,37,42,42,40,40,37,38,30,41,36,36,36,13,15,12,37,29,11,14,33,27,32,38,33,33,40,31,42,31,34,38,30,18,32,12,15,33,37,34,37,34,22,10,19,46,14,8,29,18,36,35,30,34,20,32,40,32,41,16,20,13,37,26,14,37,29,33,14,17,15,13,13,32,34,37,31,31,22,35,30,18,30,28,39,32,36,37,24,28,31,44,33,43,30,43,17,14,21,16,38,31,16,43,45,37,41,34,11,34,30,37,44,37,41,49,16,40,33,37,38,37,37,31,32,31,38,32,33,27,29,33,31,44,15,12,30,22,33,7,14,30,34,18,36,38,40,40,35,37
16,15,10,35,7,42,31,14,15,38,42,32,14,34,36,35,37,27,39,35,40,47,32,32,17,42,29,27,42,34,12,12,21,18,30,25,36,17,29,27,36,31,31,32,44,43,13,40,33,14,16,36,30,34,31,30,12,35,37,10,40,34,31,21,35,36,36,33,18,34,38,39,33,34,22,35,38,31,10,31,29,31,33,39,40,12,37,37,11,41,30,37,15,36,35,30,34,37,37,40,12,30,39,34,33,33,47,11,38,16,33,34,43,34,22,17,15,33,32,16,22,38,26,20,15,41,41,35,39,22,36,42,35,31,41,27,7,32,21,11,18,28,43,32,26,37,32,37,37,28,43,39,33,34,35,40,37,35,35,40,34,24,12,33,31,15,30,29,37,35,39,18,32,32,14,34,40,45,41,37,11,11,28,36,42,38,36,37,20,40,42,18,30,21,31,38,38,42,12,25,32,14,38,36,18,36,36,14,36,23,33,47,8,29,37,40,39,10,36,40,28,34,28,39,14,39,16,40,43,39,39,38,34,18,36,37,37,29,40,38,31,35,17,44,34,37,46,40,35,31,15,37,11,12,23,29,12,38,36,12,13,34,41,36,8,40,31,32,28,38,32,30,30,31,34,31,34,36,12,15,35,35,36,31,16,39,24,40,16,31,14,17,9,39,37,38,26,27,41,36,16,13,36,41,37,43,40,35,35,44,18,36,34,44,34,16,33,33,33,35,39,29,39,41,39,33,14,33,16,39,35,29,37,33,14,18,35,41,32,44,49,44,33,34,43,21,34,34,16,33,38,34,14,28,17,34,37,16,14,32,40,18,30,16,23,41,38,13,27,17,33,38,36,32,32,18,15,34,35,14,13,32,28,39,34,8,41,36,37,33,15,23,18,35,16,10,13,14,35,38,18,28,45,36,29,11,34,33,37,43,12,33,34,36,19,34,42,37,38,32,33,32,27,37,32,39,16,20,38,36,38,19,31,29,20,11,41,27,43,41,34,13,20,39,37,27,35,34,29,26,39,30,25,28,35,42,16,34,34,37,37,18,12,42,44,13,30,29,14,34,38,14,37,14,41,30,42,33,37,42,18,34,15,16,34,29,41,30,21,18,36,14,31,26,44,32,38,26,25,14,26,30,34,38,15,16,30,36,38,16,17,35,19,38,26,44,11,17,13,15,31,9,37,39,37,14,28,38,38,33,28,42,36,20,36,40,39,31,34,42,33,11,10,27,37,31,21,30,24,27,43,37,28,14,11,25,35,40,37,32,21,36,14,22,37,35,13,34,33,27,11,31,13,29,44,26,30,41,15,44,30,12,32,38,39,36,42,42,21,37,10,32,27,38,38,30,41,14,40,15,37,41,16,39,40,38,11,29,30,38,38,39,24,19,17,38,10,36,13,37,35,30,44,33,33,13,30,46,28,44,13,14,33,25,9,31,40,27,34,43,33,34,45,18,35,9,34,32,19,39,34,30,11,36,37,8,15,15,35,23,28,15,29,22,37,32,32,41,41,17,31,42,19,34,37,35,30,41,36,33,35,42,32,34,35,11,40,24,28,37,28,38,31,8,15,34,19,37,36,13,31,31,21,37,37,32,14,14,37,28,40,35,13,44,32,29,29,21,29,32,34,9,28,28,29,36,41,33,35,26,31,30,16,35,37,33,38,40,15,12,37,36,8,41,42,37,9,9,30,34,37,29,28,33,39,32,36,31,28,36,39,17,30,14,33,17,30,18,17,17,38,35,35,13,32,14,32,36,38,17,40,9,36,35,35,16,6,33,32,30,35,16,35,49,15,25,21,39,37,16,30,36,31,35,30,34,17,28,31,15,37,30,29,20,14,12,12,41,46,21,38,30,16,41,32,40,30,41,31,11,38,41,44,35,20,34,23,16,32,36,34,11,26,39,40,35,32,36,34,35,37,37,32,42,35,30,18,32,39,33,32,30,36,35,35,37,33,12,32,38,36,36,30,15,29,17,33,9,46,20,38,30,33,28,33,38,40,45,46,38,40,36,39,41,37,29,32,35,46,27,39,18,43,35,41,35,40,16,33,33,21,35,37,42,37,32,41,38,34,30,31,14,28,8,15,41,12,39,27,38,43,10,34,21,21,14,37,20,9,38,37,16,14,38,32,35,18,30,34,37,37,16,31,17,31,15,35,18,30,31,36,32,34,14,29,36,40,37,34,38,34,25,23,37,36,15,32,37,35,35,21,30,42,35,31,33,29,37,28,31,34,30,37,34,36,35,35,32,40,32
11,39,37,10,29,39,39,19,28,30,36,15,35,33,29,33,16,34,13,14,35,34,34,37,15,22,15,31,37,39,35,39,6,33,13,7,30,9,34,35,20,14,36,29,17,20,48,24,12,31,22,17,40,33,36,34,39,34,43,37,33,35,39,28,32,35,40,38,36,46,29,33,10,15,41,17,40,31,17,28,36,30,28,17,29,37,46,35,28,33,33,34,46,32,39,36,39,36,31,36,33,39,28,33,38,31,43,31,38,37,38,30,6,23,35,38,19,33,36,28,19,38,11,20,44,37,10,41,34,28,15,35,43,38,11,36,42,43,30,23,32,35,11,39,42,40,14,45,28,29,35,38,14,48,34,41,34,38,17,42,34,33,37,32,33,37,31,36,34,37,18,13,33,19,34,34,30,32,13,36,30,37,36,6,33,23,37,46,42,33,44,30,44,39,15,33,28,32,32,36,41,33,13,17,35,34,13,15,32,34,33,29,40,15,36,35,36,32,41,16,31,10,9,44,14,44,36,33,30,49,33,38,36,36,30,30,9,38,13,39,36,39,16,15,39,44,38,30,14,37,14,11,17,7,38,34,34,37,12,38,41,33,37,32,18,31,18,31,17,11,20,30,30,39,40,39,25,40,40,12,33,27,34,14,38,31,35,32,38,13,32,38,32,43,41,39,35,38,31,29,11,38,36,16,35,12,17,33,49,24,35,30,32,46,34,34,20,35,25,13,26,35,16,17,31,11,34,31,37,27,17,33,28,39,36,39,40,15,20,45,27,38,16,28,10,42,41,35,35,28,38,28,34,39,36,34,41,31,42,36,31,35,36,35,35,36,32,30,35,36,37,33,13,33,36,32,31,30,33,33,17,38,31,32,34,42,10,26,41,31,35,5,19,42,36,32,35,18,38,38,30,28,20,35,18,38,29,42,34,33,18,26,31,18,36,31,37,38,29,34,25,38,37,41,37,34,36,34,32,38,34,33,44,37,40,24,18,42,10,31,27,29,13,35,41,37,31,47,20,29,16,17,27,16,38,31,46,20,33,41,37,32,11,30,28,38,41,15,17,34,14,18,37,28,16,24,16,35,39,31,31,34,32,34,46,43,35,16,12,35,43,37,36,15,12,35,16,11,17,39,30,19,36,13,39,39,20,13,40,13,33,12,16,34,30,38,31,34,36,37,38,11,47,40,20,16,36,29,34,26,22,41,36,21,30,18,31,33,25,23,32,18,38,34,32,45,37,29,32,39,34,43,37,31,35,38,45,14,34,8,37,19,31,32,12,40,33,33,37,13,10,30,12,39,16,40,27,27,39,32,22,28,15,32,33,35,36,31,35,33,32,33,34,9,30,39,32,15,40,34,33,38,28,38,32,35,32,38,35,36,43,31,35,39,34,33,31,33,30,33,30,26,20,34,39,36,39,33,39,32,44,35,32,45,35,39,42,14,36,35,35,22,15,36,35,24,35,37,15,37,32,41,40,39,34,16,42,37,45,40,35,28,38,37,34,22,16,36,12,8,30,18,39,27,39,35,30,37,34,36,27,35,27,21,47,38,35,34,45,38,37,34,18,30,36,36,30,13,29,12,34,37,39,37,7,26,43,16,11,11,39,32,30,15,13,39,35,37,36,41,45,35,29,32,33,39,14,10,34,42,36,30,35,37,29,37,39,20,37,34,40,26,30,38,39,28,32,11,33,34,43,16,37,35,30,27,34,30,29,40,41,28,39,36,33,40,26,28,38,38,33,32,32,31,18,36,34,16,16,31,32,47,29,37,34,28,18,38,40,29,44,33,30,34,17,19,39,30,41,38,35,36,38,11,31,43,13,34,31,11,32,20,37,11,36,28,34,38,37,38,18,16,39,29,14,45,32,31,34,30,39,24,17,36,42,41,45,44,41,32,34,27,18,41,16,35,39,12,33,27,40,31,28,35,38,32,33,36,40,32,24,45,39,35,39,40,9,16,36,36,28,38,26,45,41,19,15,32,37,29,29,12,35,20,35,39,31,15,17,13,30,14,37,16,32,37,34,35,42,46,12,27,38,38,33,14,34,32,35,34,30,33,17,14,38,41,39,33,18,18,37,21,38,22,41,32,38,34,28,41,37,37,37,34,15,43,13,30,41,31,31,43,23,15,16,46,35,41,40,19,52,27,11,19,40,38,38,37,36,14,27,34,19,36,35,10,42,31,13,19,15,34,35,30,36,36,37,20,29,39,13,11,39,41,34,41,36,45,17,25,33,41,36,11,9,16,18,18,29,33
31,15,30,36,27,16,44,34,36,31,33,19,32,33,41,41,35,29,14,12,33,37,16,15,33,43,30,33,34,43,34,21,35,35,29,20,33,24,32,35,35,44,40,39,17,29,31,28,43,43,34,47,36,27,31,16,33,37,10,14,35,34,42,29,41,44,34,40,29,35,33,39,34,36,37,33,31,33,16,31,38,45,30,31,15,34,22,24,16,33,17,20,26,17,41,20,21,29,32,19,33,13,34,40,37,39,12,13,34,42,42,38,35,18,37,19,20,42,29,38,41,32,15,32,35,38,39,12,39,12,42,36,22,40,37,41,29,15,6,27,16,30,35,13,38,39,33,32,29,26,42,30,37,30,37,35,35,13,26,16,37,14,34,48,43,33,33,33,15,14,34,35,34,30,17,38,32,32,36,38,41,30,27,40,32,6,36,31,32,31,33,37,36,37,30,30,20,32,14,15,35,20,32,37,34,39,32,26,34,35,36,17,36,24,27,15,36,37,39,38,31,34,16,21,42,30,31,28,34,8,35,33,20,24,37,32,35,41,34,38,26,43,15,40,33,18,10,39,37,27,35,28,33,37,30,29,14,42,31,36,26,40,29,28,50,44,29,26,38,45,13,34,13,39,39,31,39,32,13,26,23,40,18,42,32,37,28,41,43,44,12,17,38,30,32,11,33,30,31,40,30,31,39,12,30,40,40,42,36,36,37,15,36,27,33,29,34,34,31,42,29,18,34,35,21,11,41,28,11,22,39,13,16,34,42,31,35,34,38,40,35,41,36,35,38,18,41,36,13,39,32,38,19,38,35,25,36,40,13,36,40,33,12,39,35,16,15,31,15,15,39,11,37,33,33,32,37,28,17,14,30,33,37,32,16,33,32,35,32,35,33,14,31,32,17,35,32,13,22,39,35,39,35,34,32,41,38,16,11,31,33,13,33,26,18,16,30,38,40,37,36,27,15,38,30,28,11,15,43,43,29,14,36,30,38,10,35,32,31,38,8,37,38,29,40,28,31,25,27,43,19,32,11,39,18,29,38,16,11,31,48,33,18,11,18,36,38,22,35,17,32,36,9,35,32,17,41,32,14,14,16,37,34,39,42,30,33,9,35,15,35,32,35,33,26,36,36,17,19,27,36,37,28,31,39,33,45,42,31,34,39,34,37,15,23,15,44,37,35,15,37,35,22,16,16,36,34,38,30,8,16,27,29,26,40,10,35,17,35,13,34,37,32,19,21,41,18,32,44,38,31,36,26,11,13,37,40,37,16,13,34,30,44,35,32,32,38,18,38,40,29,40,38,40,40,32,21,14,35,16,30,38,35,17,16,33,16,30,32,15,10,34,18,38,35,34,41,14,11,36,31,36,29,44,21,18,36,35,29,46,34,10,41,19,37,27,34,42,10,34,10,17,34,22,21,29,14,41,40,12,33,33,19,30,32,36,30,31,36,31,33,38,14,35,36,32,14,40,20,30,9,32,38,38,28,20,16,29,37,33,39,37,28,40,16,39,37,32,32,36,41,38,17,20,39,15,23,40,33,34,42,39,35,34,18,39,35,17,35,22,37,40,18,10,18,33,35,11,13,37,30,39,37,29,25,12,16,29,42,28,30,31,37,37,34,9,17,38,34,12,36,34,34,17,38,34,39,35,13,32,40,39,31,14,34,39,37,19,34,27,33,44,34,41,6,40,34,37,34,14,15,30,40,20,37,32,31,38,32,36,39,27,37,39,34,29,20,28,35,30,30,31,36,17,34,32,31,14,38,27,37,15,32,40,42,28,37,34,31,34,36,31,32,34,32,39,38,31,17,35,30,14,39,14,12,32,35,31,39,30,32,43,31,13,13,38,33,37,32,33,38,30,37,12,34,30,41,34,15,35,34,35,34,26,38,41,28,9,33,42,44,31,37,32,33,37,23,36,32,32,15,34,39,35,45,30,8,26,37,9,21,38,36,13,37,15,35,33,47,34,36,35,38,45,16,34,10,39,31,41,27,37,19,13,13,45,32,40,28,32,29,34,17,33,30,12,32,34,34,31,39,31,35,37,14,12,17,31,15,21,42,38,39,37,39,44,31,30,30,45,36,35,15,36,33,11,35,18,30,34,36,32,16,15,27,38,43,34,34,28,19,32,29,32,14,40,36,33,21,40,31,36,34,26,43,30,40,38,37,18,30,31,28,20,29,37,35,40,36,42,37,36,14,35,28,39,24,16,9,35,15,34,36,35,37,45,15,34,12,30,31,36,26,37,39,25,29,44,29,8
35,42,15,20,42,39,13,22,31,42,11,23,34,40,30,7,37,35,35,40,29,29,37,32,39,37,48,13,39,34,12,12,35,10,42,31,35,45,37,40,36,36,35,44,34,14,40,16,35,39,34,32,37,34,30,40,31,29,12,16,44,18,17,11,35,37,31,34,34,41,28,42,37,33,35,30,12,34,34,31,33,40,13,30,43,35,11,15,20,29,8,15,34,39,13,37,34,36,36,42,29,41,42,38,14,38,34,34,15,34,18,33,10,11,17,34,30,14,42,21,35,42,34,14,35,34,40,34,41,16,17,36,38,13,38,33,41,38,44,31,34,14,20,44,50,33,45,39,35,31,39,29,34,37,28,41,18,36,35,34,10,16,41,30,29,30,36,32,38,37,39,34,17,13,26,39,40,33,17,33,35,9,16,38,42,36,39,38,38,41,17,11,38,37,40,32,31,35,36,20,32,49,33,37,27,43,40,28,22,30,42,40,43,14,12,34,31,15,36,29,33,35,12,29,33,43,31,40,12,34,18,16,32,41,35,52,30,25,33,30,15,28,39,35,31,37,32,40,30,36,35,41,40,36,34,10,38,36,33,28,34,23,29,31,20,23,34,27,33,16,37,35,14,35,33,35,28,15,27,36,28,42,24,40,11,38,34,9,29,33,13,31,32,40,33,34,42,31,14,37,37,32,36,34,13,36,18,36,14,34,22,35,33,30,18,16,13,31,30,36,32,42,43,40,10,17,38,33,36,36,12,15,31,22,19,34,25,19,27,33,28,28,27,14,13,36,33,35,8,35,14,37,34,33,33,15,33,42,39,33,34,18,29,33,32,20,32,35,27,30,17,34,37,31,34,37,30,11,34,30,9,44,38,43,29,34,40,37,37,41,41,21,46,27,36,12,41,22,36,30,52,38,24,36,13,15,15,12,21,28,33,44,25,35,14,10,36,34,39,23,35,38,37,18,12,15,35,34,14,15,42,34,43,32,31,31,16,22,12,34,29,36,41,43,18,31,34,28,14,36,19,40,42,11,28,18,42,14,10,41,38,41,41,36,19,28,32,16,26,11,12,37,33,45,36,39,17,33,35,11,16,16,11,31,36,41,15,44,26,14,35,39,40,30,17,37,36,43,36,18,36,34,32,21,36,35,17,35,36,38,31,11,43,13,41,24,46,39,40,21,40,28,29,40,16,43,30,44,33,37,41,23,13,33,33,13,33,42,17,13,22,30,28,32,32,30,32,32,38,32,42,36,31,36,13,12,28,27,35,36,29,19,37,16,35,41,22,16,34,36,24,17,36,13,26,37,36,37,40,40,29,19,8,39,14,30,35,14,31,38,45,32,16,40,26,38,35,36,35,38,37,37,16,31,17,31,18,13,12,29,32,38,38,42,31,28,36,31,35,42,34,31,19,38,32,30,43,37,30,14,36,38,40,17,12,40,27,42,39,36,33,42,40,37,19,14,16,42,36,33,42,41,30,44,7,43,44,30,8,28,41,32,32,16,36,11,29,33,39,30,18,15,32,36,28,31,41,17,38,29,43,37,38,24,37,39,15,14,43,40,32,37,13,34,42,14,28,40,36,37,33,31,30,32,25,31,32,37,23,35,12,37,39,35,17,12,39,35,34,32,41,31,32,32,32,15,30,34,24,40,31,42,21,30,33,33,33,32,14,17,7,38,30,34,40,42,34,13,22,40,23,20,34,36,10,36,16,15,31,13,15,40,35,27,17,38,39,40,34,32,33,16,9,33,35,19,11,36,36,15,31,19,36,44,15,41,37,16,41,40,23,40,31,40,12,31,15,40,29,12,39,31,37,34,29,33,16,15,34,32,42,34,8,15,39,36,30,29,16,15,36,31,31,12,45,30,31,36,12,37,14,36,17,37,38,25,41,18,45,34,34,29,32,30,14,36,26,11,36,35,25,40,32,39,12,12,33,17,35,18,11,33,40,15,41,43,30,8,15,34,37,31,38,35,41,16,33,37,30,43,35,35,14,36,32,32,31,21,34,29,34,36,33,31,14,13,36,31,28,34,12,33,32,41,31,35,37,35,23,34,42,42,38,37,35,38,26,13,41,40,26,18,12,43,52,38,13,26,30,29,20,29,27,40,20,16,34,33,40,40,43,40,34,37,31,32,38,40,12,36,34,36,16,38,12,31,44,17,38,16,23,38,15,34,19,41,6,34,32,14,33,32,33,25,15,33,42,21,35,32,35,33,40,43,14,39,10,34,34,19,18,24,47,36,33,32,37,18,17,42
10,42,29,35,38,32,37,29,14,13,40,14,21,32,40,34,16,32,29,34,35,12,34,32,31,36,35,28,41,15,30,39,50,43,26,29,32,38,14,14,30,16,42,15,15,33,20,38,30,39,25,37,15,31,43,37,26,18,29,46,10,29,37,19,27,32,41,16,15,32,40,12,35,35,36,16,36,43,10,39,33,41,33,17,20,39,29,29,34,33,41,17,13,31,44,41,13,7,12,39,35,17,30,32,35,28,34,30,34,41,19,34,37,33,33,30,15,12,20,27,10,16,37,13,38,33,34,37,36,14,28,15,37,16,41,36,15,38,41,36,37,14,20,29,15,37,31,17,18,37,34,40,33,16,41,37,10,11,16,15,30,37,13,41,40,41,16,33,35,40,41,38,40,26,33,38,14,17,46,34,31,39,13,32,35,10,38,32,35,29,41,37,30,32,36,37,38,29,18,25,12,15,33,35,37,43,27,32,33,27,40,39,33,33,25,34,36,26,20,18,38,39,40,31,11,38,34,10,11,29,34,42,36,33,33,10,35,29,41,45,35,15,41,43,35,31,18,39,37,29,35,30,36,34,27,40,33,34,14,41,20,26,43,14,28,34,48,16,32,43,14,37,26,30,31,38,30,13,45,35,37,12,37,33,34,38,32,16,35,42,9,32,10,17,44,30,29,40,27,13,36,42,12,14,41,20,32,33,34,40,40,36,27,33,34,14,34,39,40,15,47,8,16,47,35,37,34,27,37,23,36,33,21,34,14,21,31,34,30,33,38,35,45,14,32,39,34,31,14,19,12,11,39,38,33,22,34,40,36,34,15,37,31,37,36,15,30,36,15,5,16,36,39,40,34,40,22,31,9,27,34,15,35,24,36,31,40,34,14,34,14,33,37,38,38,29,36,29,36,15,11,33,34,18,39,46,38,32,36,15,31,27,39,35,11,28,23,42,31,28,33,39,16,32,26,18,41,29,14,30,37,40,39,14,13,12,20,40,13,38,38,37,37,31,14,32,13,19,31,37,35,35,28,11,40,26,29,14,20,41,16,36,33,15,29,14,32,36,21,13,28,29,20,31,22,38,38,28,34,38,37,17,15,50,44,27,35,42,34,29,41,31,35,35,38,28,36,37,32,32,19,46,31,36,40,31,29,39,18,44,18,13,31,31,9,34,23,38,19,11,13,33,32,37,14,35,34,14,33,40,33,44,39,10,36,31,23,30,29,32,32,35,36,41,46,13,15,37,30,39,18,35,35,31,33,35,37,34,17,22,37,38,29,37,18,32,40,42,28,31,48,36,33,9,32,32,16,43,30,13,34,31,42,34,17,31,40,29,32,45,16,29,41,28,7,41,26,40,33,42,34,28,32,17,33,38,40,38,30,9,22,32,13,42,29,13,36,30,14,16,35,36,38,34,15,34,34,40,31,33,37,29,39,29,19,36,17,32,41,44,32,16,34,30,15,30,36,15,35,12,10,31,17,40,30,20,16,36,31,35,34,28,17,35,22,12,42,41,34,41,12,36,35,35,18,35,13,10,44,41,11,15,40,32,17,20,35,39,43,15,42,34,36,41,21,27,32,34,27,33,40,34,29,33,24,25,40,10,48,13,43,29,27,37,32,13,32,33,21,37,13,34,33,40,31,22,36,14,38,19,32,34,33,43,37,15,39,40,15,43,35,35,15,32,16,38,36,31,15,36,35,38,10,34,36,13,32,15,27,32,33,12,43,39,38,29,19,32,15,32,36,45,11,32,35,32,31,42,27,45,14,40,12,17,31,41,20,32,34,35,30,38,35,11,41,12,33,13,33,18,25,11,31,41,13,21,17,16,12,28,35,25,41,11,38,10,41,44,14,14,39,10,29,31,39,38,39,9,36,31,14,28,34,10,33,18,36,19,18,12,36,37,33,39,37,30,10,31,30,31,15,43,12,12,35,37,34,38,14,34,30,10,27,31,31,33,34,29,42,15,39,35,6,36,42,42,38,34,16,27,50,32,39,34,41,28,34,10,35,42,38,29,28,36,36,37,28,34,34,41,34,13,32,34,15,39,31,31,16,34,45,42,32,29,38,39,29,19,30,31,34,14,34,32,38,32,30,42,38,25,33,34,31,15,33,16,37,11,35,11,38,17,39,36,16,40,14,36,34,35,34,16,23,35,34,31,37,32,35,29,37,18,30,26,39,37,38,17,30,37,6,35,38,39,39,28,27,30,42,41,34,31,37,47,31,17,32,33,18,37,36,17,28,41,6,35,32,28,17,13
43,31,33,37,33,42,36,39,11,35,17,39,16,19,39,28,26,17,16,34,15,15,35,14,39,35,36,20,41,27,35,41,31,35,41,36,35,34,42,35,36,31,43,16,40,21,38,35,36,34,32,15,11,28,37,39,37,16,34,20,36,36,38,34,38,16,23,11,39,33,34,38,33,31,30,35,27,15,9,18,39,30,34,25,19,38,35,38,41,22,38,36,30,30,12,39,39,37,27,12,42,14,14,32,34,9,13,44,37,17,40,12,26,15,24,13,36,38,34,37,45,17,8,17,15,41,31,35,41,15,35,30,14,38,39,29,32,17,42,13,36,40,11,29,28,35,40,38,38,34,38,34,32,14,38,12,39,35,13,32,50,26,39,26,29,38,19,46,18,17,38,33,36,11,11,15,28,37,12,35,37,37,37,32,14,11,20,32,50,37,39,16,11,34,35,32,8,40,36,36,35,40,35,37,12,34,37,39,31,40,28,43,13,27,34,32,42,11,41,15,39,39,31,32,34,29,8,36,38,37,37,27,30,36,40,31,37,40,20,33,39,34,29,35,13,21,14,39,35,16,37,34,38,33,31,33,33,36,35,38,28,30,8,34,31,18,30,34,36,38,27,35,29,14,37,36,35,43,28,34,31,30,35,13,20,44,15,34,34,12,34,34,32,35,30,16,51,30,27,36,36,31,17,36,35,20,36,43,36,15,22,9,41,26,33,37,26,39,33,30,32,13,31,38,37,38,11,29,34,40,39,33,35,31,32,17,37,37,31,36,32,38,39,41,31,43,39,33,46,22,36,13,35,35,39,20,35,33,32,34,36,37,35,36,36,31,43,31,38,12,10,42,38,13,12,10,34,38,31,32,37,41,48,15,30,33,39,34,38,35,27,16,36,14,37,13,9,12,27,41,14,30,37,29,44,36,40,11,36,29,34,24,43,39,44,17,34,13,31,31,15,14,37,29,30,34,15,11,21,40,37,34,37,29,39,40,34,41,15,38,27,32,27,12,32,37,32,35,35,34,16,28,41,17,30,35,17,39,16,24,32,41,38,38,45,13,44,40,11,41,35,35,38,20,21,26,40,36,16,35,41,9,14,38,39,41,16,10,19,26,25,12,16,29,20,13,33,29,17,33,33,41,24,36,20,33,34,36,37,35,11,35,40,29,35,16,34,37,38,12,15,15,32,36,33,37,17,37,22,28,33,30,32,41,36,22,32,37,34,30,18,33,30,28,41,13,35,43,42,17,39,15,10,42,38,16,43,16,36,35,24,38,38,23,43,33,36,19,34,15,28,34,36,11,34,27,42,28,40,33,11,34,40,36,38,30,30,40,37,36,32,31,13,13,39,20,34,22,33,47,31,38,40,32,33,15,17,37,10,38,36,16,34,29,28,16,39,35,37,30,35,47,34,16,13,27,43,12,37,30,42,12,16,38,27,16,36,43,35,40,34,18,31,15,42,18,45,33,36,31,40,35,36,15,15,33,39,42,14,38,34,14,38,31,36,38,38,18,36,42,34,32,34,36,31,15,31,27,37,16,12,19,10,39,43,7,37,26,38,14,16,19,40,46,33,37,19,17,37,36,36,41,34,39,37,31,37,34,31,42,35,44,36,26,33,13,38,39,31,12,39,35,15,32,16,29,31,24,33,8,17,30,40,16,40,42,37,10,34,16,29,31,28,33,30,40,31,41,22,14,29,40,41,34,31,37,15,33,31,11,32,33,15,14,34,31,29,31,25,32,38,33,37,26,30,40,39,48,44,15,42,38,30,13,36,39,13,13,37,39,35,42,36,49,28,33,33,37,42,32,17,40,37,36,28,33,24,42,13,32,30,37,16,30,45,11,32,49,38,29,36,34,20,36,32,36,36,41,42,38,14,34,16,33,34,15,33,9,36,35,43,18,40,29,37,33,36,16,13,39,8,45,32,42,10,16,18,15,14,38,12,12,49,31,36,14,34,36,14,36,29,44,20,37,31,41,34,36,17,32,38,41,33,34,18,39,18,33,42,39,40,33,40,28,41,30,29,32,22,31,30,35,39,12,37,10,28,43,31,42,38,14,38,32,31,36,9,38,16,40,30,32,39,34,39,10,42,36,33,27,37,31,39,15,16,35,34,32,16,34,30,13,26,16,34,40,35,45,13,41,13,34,31,35,19,34,18,13,37,39,39,34,40,34,38,40,17,36,39,42,38,38,30,13,39,25,15,31,29,40,27,14,8,38,30,38,34,35,34,18,15,25,33,28,12,12,37,28,31,40
35,15,31,19,20,17,33,37,38,29,34,30,37,40,12,33,19,16,16,43,27,34,34,18,30,37,37,33,37,14,31,29,18,10,31,41,10,32,37,30,15,41,32,36,11,38,28,12,35,14,37,33,33,33,37,39,14,38,35,30,17,45,41,42,35,40,14,32,43,10,36,36,42,40,32,36,15,27,31,37,14,25,32,35,27,18,35,41,22,32,32,14,32,36,26,34,38,38,38,30,34,15,30,45,28,33,39,41,15,37,39,16,12,34,32,34,38,31,32,32,31,22,41,39,36,34,16,32,33,41,13,30,29,35,14,18,40,27,32,36,11,39,30,16,16,38,40,41,41,33,36,41,34,15,32,33,39,35,41,12,45,37,11,13,34,32,35,15,32,40,32,40,11,34,17,28,35,41,34,31,34,35,27,35,36,35,15,29,33,34,30,26,40,14,35,34,37,31,35,37,33,36,25,42,36,34,39,17,37,33,33,17,34,37,34,41,35,16,34,32,35,28,44,41,37,31,14,35,34,43,35,27,32,36,33,29,13,25,32,32,33,10,34,15,39,33,31,33,45,38,37,33,30,41,27,24,36,31,35,20,29,33,29,32,27,35,30,40,33,35,33,17,32,15,20,12,38,30,30,44,40,36,31,16,29,11,36,41,33,41,38,36,36,42,34,35,33,44,16,37,40,40,35,42,39,16,30,36,26,35,12,30,36,36,31,14,32,39,33,38,41,12,38,36,14,43,14,34,32,28,42,33,30,44,30,45,12,10,20,15,30,34,38,32,38,30,38,40,41,16,38,38,36,36,36,11,39,39,32,41,15,31,10,10,44,40,38,32,27,28,41,12,42,35,35,26,35,46,37,36,35,40,38,41,18,36,31,31,17,37,30,30,29,34,38,32,16,38,14,24,19,22,41,18,34,9,31,16,33,19,20,35,44,38,45,34,29,28,31,36,17,32,42,31,40,39,37,34,40,31,38,30,30,35,35,29,35,34,34,31,43,33,34,18,11,42,15,30,35,42,32,38,33,14,10,33,34,41,34,36,30,28,40,41,39,41,40,32,9,38,32,29,8,33,40,38,29,32,34,29,17,37,40,25,25,34,36,23,31,35,37,33,17,42,36,16,32,43,41,14,39,37,35,31,35,29,16,42,31,18,12,32,10,35,36,38,28,28,35,36,25,32,30,32,38,37,38,31,17,23,43,16,18,25,37,33,29,33,32,35,42,11,35,14,44,35,34,34,21,15,40,36,41,20,31,36,41,35,33,37,31,29,16,34,33,38,38,26,37,44,16,32,41,38,35,39,28,27,15,18,43,44,43,36,13,44,32,36,30,32,26,38,28,36,11,39,39,38,43,14,37,32,34,8,32,30,41,33,18,39,29,35,40,33,15,34,39,18,14,35,29,35,34,31,34,40,36,30,16,29,34,37,23,40,30,16,34,32,38,34,42,32,37,11,35,18,45,40,33,34,35,29,34,30,40,17,33,19,11,30,38,16,34,41,39,11,36,30,17,41,34,14,41,39,17,11,13,13,43,17,32,33,25,35,31,40,14,39,11,25,38,31,17,36,33,35,31,12,32,33,28,14,37,14,40,39,34,30,40,13,34,12,33,43,34,36,50,35,36,14,31,18,31,28,35,13,41,33,33,23,17,31,30,8,23,39,24,14,36,33,35,43,36,39,34,32,29,34,15,27,18,34,19,38,17,40,12,35,16,35,17,42,36,18,30,12,17,32,18,34,29,32,42,21,19,30,17,30,31,39,35,32,28,12,35,13,29,34,12,42,27,45,30,28,43,9,35,36,16,10,33,13,39,34,46,25,34,31,38,12,15,43,37,37,46,30,16,33,29,37,33,39,9,37,36,35,33,37,34,16,42,42,22,20,33,38,32,15,37,41,15,36,19,35,41,37,37,31,36,14,41,28,15,15,39,17,39,25,29,38,34,32,15,16,42,31,37,13,37,42,40,27,28,37,33,39,35,21,14,15,34,10,37,39,35,30,17,29,35,20,34,30,15,15,48,27,13,30,40,40,32,39,14,33,43,34,32,31,9,9,41,34,36,33,36,36,11,16,32,40,44,31,19,29,15,34,38,10,37,35,37,32,9,32,31,30,37,37,17,31,25,35,34,35,21,42,37,13,35,38,37,29,43,36,42,31,27,36,32,39,12,14,36,13,11,38,38,40,32,30,33,32,40,16,16,10,13,44,37,38,33,12,17,33,14,45,12,27,37,32,39,20,37,13,33,12,11,37,38,35
35,32,38,31,42,36,37,39,38,32,38,29,16,37,36,35,35,11,38,40,19,39,31,29,40,9,39,38,37,33,51,29,20,33,31,39,39,35,19,34,14,30,41,33,17,14,18,12,32,28,35,20,27,28,32,36,18,37,33,12,33,33,30,30,14,34,13,15,13,35,39,39,28,31,10,40,38,42,40,12,40,33,41,13,33,34,30,34,16,30,37,28,42,32,24,31,21,11,20,29,35,34,33,10,38,28,30,28,36,26,33,14,36,30,15,34,37,29,36,42,17,48,40,13,36,12,35,38,38,18,36,36,26,37,36,36,19,16,17,35,11,36,29,28,19,17,13,37,37,34,35,30,33,33,11,13,30,40,36,18,38,14,40,11,26,34,30,40,12,36,33,34,46,12,13,32,39,43,40,37,30,32,39,37,29,34,32,34,39,27,13,32,12,15,32,45,30,36,12,25,17,34,43,36,32,37,37,16,34,14,40,37,12,18,42,30,41,27,40,35,42,29,44,32,20,33,17,32,30,33,20,35,28,11,33,33,10,45,42,10,36,33,34,35,35,38,31,37,17,32,36,44,37,49,16,26,41,19,30,30,10,13,22,22,30,33,34,33,35,15,37,48,29,10,37,36,34,17,33,14,17,38,37,22,11,20,41,32,33,22,13,22,16,27,36,15,38,16,35,36,29,42,35,10,38,37,35,39,44,34,33,30,40,37,38,33,32,28,31,27,36,37,33,40,29,37,42,44,40,38,40,36,29,36,35,38,25,16,14,34,14,33,35,30,7,38,17,12,42,34,31,19,38,10,39,39,21,34,27,38,33,40,28,34,15,44,9,37,35,37,42,37,34,40,13,38,29,41,43,41,20,13,30,30,36,33,28,27,33,28,17,34,10,30,41,38,27,33,36,47,34,11,43,37,16,39,30,32,39,40,35,31,42,27,36,31,15,38,41,36,11,37,19,39,18,43,30,28,9,38,30,35,33,16,30,33,36,33,40,34,32,37,40,42,29,12,17,20,35,43,38,38,32,29,42,45,12,23,38,14,15,36,14,35,30,38,36,12,34,27,40,7,14,11,33,34,36,31,32,38,35,10,38,35,34,37,16,36,18,31,12,14,33,35,35,40,17,8,13,33,35,18,41,32,36,36,29,38,41,35,14,29,38,46,15,28,16,34,34,39,32,18,37,38,30,10,34,11,35,33,41,32,30,13,36,34,19,15,36,18,27,37,26,30,20,40,11,14,35,37,12,26,37,10,28,42,12,36,40,26,33,15,33,38,29,33,32,32,40,27,32,23,18,33,38,42,37,33,37,13,10,34,34,35,10,30,40,19,40,37,15,15,37,29,38,34,13,32,45,12,29,36,13,38,31,35,36,34,10,36,38,28,39,16,39,33,36,27,29,37,34,39,31,36,36,13,40,37,34,27,13,35,38,42,29,19,17,19,38,37,30,31,38,34,45,41,31,41,34,9,35,19,39,30,33,39,11,13,25,29,39,13,33,28,15,40,30,34,32,17,26,12,33,32,31,32,34,35,26,42,15,32,39,34,33,42,37,41,34,31,33,13,29,16,43,15,13,30,29,38,38,41,14,34,35,38,15,10,42,13,16,41,32,40,13,29,37,31,29,41,31,34,29,34,32,33,14,37,39,31,39,27,41,14,13,41,24,36,37,35,41,42,38,19,39,30,8,40,38,33,36,33,33,35,36,30,26,36,17,11,13,39,37,34,25,36,39,15,32,32,25,35,32,42,15,11,17,30,14,39,24,46,35,40,31,32,36,14,17,37,13,32,13,33,30,36,39,33,36,34,13,35,14,32,30,18,37,37,25,34,35,31,14,16,41,42,35,37,29,14,41,37,27,37,31,39,41,33,37,33,13,28,42,27,35,31,35,35,36,34,31,13,33,14,15,52,35,36,37,23,28,32,30,40,34,14,41,29,31,31,38,33,38,37,36,10,32,10,10,25,33,37,33,34,35,39,40,14,43,11,26,31,37,38,33,34,38,43,41,14,36,16,45,14,32,12,32,18,15,14,36,41,16,37,35,36,32,13,17,30,30,35,15,14,35,15,39,35,37,15,31,32,12,12,29,17,36,34,31,35,30,38,46,18,33,14,32,30,48,15,41,28,30,30,13,11,37,35,15,44,11,39,19,37,40,18,37,12,37,12,28,38,43,21,35,37,31,14,35,25,31,29,32,32,37,35,36,41,14,43,32,40,33,34,36,41,34,35,42,34,27,35,39,29,35,32,35,17,12,5
30,38,29,14,31,32,37,38,34,36,38,12,16,40,38,12,44,15,20,9,36,38,14,37,38,36,36,18,31,15,36,29,27,42,18,15,40,35,10,11,34,26,41,37,36,30,33,35,18,47,37,39,28,32,36,38,35,30,16,38,30,40,33,37,34,29,13,32,15,15,20,27,14,37,36,42,28,11,32,36,34,36,38,34,34,40,33,37,34,13,38,35,39,34,41,29,37,15,37,38,14,13,38,43,33,14,11,16,36,35,37,34,38,13,28,31,36,37,33,39,36,46,35,31,38,25,33,36,22,33,44,43,32,21,15,38,18,19,42,41,36,38,15,17,39,40,37,40,16,29,13,29,43,13,47,44,32,31,32,36,29,36,37,36,17,37,41,39,40,35,31,36,32,29,36,34,13,35,35,34,25,30,18,35,45,43,28,18,10,31,35,10,47,34,33,17,35,28,35,38,34,10,14,19,8,36,36,39,36,36,14,25,37,33,29,45,30,41,30,27,37,8,37,38,36,35,21,37,35,31,36,17,35,38,13,16,33,17,17,18,42,16,13,34,33,14,27,14,28,19,13,43,26,32,27,12,27,35,38,11,40,33,16,27,13,16,9,9,35,35,31,35,11,18,15,34,35,30,33,29,31,33,41,18,39,38,22,13,34,35,37,34,20,39,40,31,20,39,32,12,21,15,11,35,19,15,30,15,33,11,19,31,34,25,42,13,32,33,14,35,36,41,34,41,17,33,40,30,33,34,33,4,32,30,35,14,28,46,35,27,33,12,29,24,26,35,45,37,28,33,14,36,21,27,16,17,27,38,31,34,35,33,25,28,14,44,13,37,30,40,16,39,36,28,28,27,33,35,13,40,42,31,38,38,32,42,27,30,35,14,38,31,33,31,34,8,31,17,36,41,34,32,31,38,38,33,38,37,31,32,35,36,32,10,30,27,41,14,33,49,12,36,41,34,39,39,13,37,13,39,42,39,35,36,18,34,37,40,42,14,31,34,33,12,20,33,43,33,10,39,35,11,32,33,38,7,34,31,38,50,14,41,35,36,35,32,11,40,33,40,32,34,32,34,35,32,16,34,26,36,30,36,35,13,42,56,33,33,39,38,28,23,39,37,35,35,33,33,37,35,19,36,35,33,39,9,35,38,30,17,34,12,13,28,34,36,38,16,35,28,23,37,14,36,13,37,38,31,14,30,38,38,30,28,34,15,35,33,16,33,33,37,13,13,31,38,16,33,18,36,14,40,28,40,19,38,37,15,34,36,33,13,11,43,33,31,36,14,46,35,39,31,31,31,30,34,20,33,30,14,32,32,27,28,37,34,27,35,34,17,29,33,34,41,38,38,42,13,37,14,38,34,33,31,30,39,25,39,30,32,26,12,34,39,37,29,30,28,32,35,36,40,16,20,38,34,32,37,18,27,10,36,17,34,33,33,14,31,43,36,36,17,36,18,35,35,43,15,35,20,30,38,29,9,18,34,36,34,34,14,36,17,39,34,15,16,37,38,12,35,34,35,34,41,18,17,33,18,39,14,14,39,30,41,42,39,36,36,35,33,21,36,15,42,36,4,11,35,18,35,33,19,25,42,16,15,15,21,11,12,16,35,35,32,17,26,38,38,41,36,34,38,15,27,15,25,14,37,41,35,39,30,15,36,33,35,38,34,29,29,12,18,37,30,45,35,38,38,27,33,37,15,33,44,40,33,40,42,39,13,29,35,30,34,17,10,37,33,40,39,34,37,34,44,34,32,36,17,32,17,31,36,39,32,25,39,44,37,37,35,42,48,38,36,33,40,29,37,16,29,42,35,10,20,36,20,35,13,15,39,32,23,33,29,41,15,40,32,20,19,12,39,32,40,38,33,14,17,13,22,39,33,31,37,9,29,35,32,37,38,38,39,33,16,32,13,32,30,41,34,34,36,32,19,36,37,31,37,34,36,15,36,17,12,30,30,44,21,27,36,36,30,13,37,10,38,16,38,38,36,13,33,12,35,27,35,36,34,30,8,37,15,31,14,45,33,13,34,40,16,33,37,36,9,39,34,42,35,38,41,36,32,35,32,37,33,34,33,39,18,22,17,38,19,12,40,43,12,24,16,27,35,30,17,31,43,18,32,31,38,33,12,31,28,14,38,11,34,35,16,10,16,17,37,31,29,47,38,14,21,17,38,37,30,25,35,34,16,39,12,39,16,15,28,30,17,38,32,13,29,36,44,35,15,44,16,34,37,33,9,11,22,20,29,35,28,28,29,22,45
28,35,40,8,19,27,35,36,34,45,36,40,36,35,31,35,21,12,39,27,40,43,28,35,36,14,19,46,30,28,17,44,34,34,16,45,34,27,28,35,32,33,18,30,10,35,32,40,16,37,28,20,16,30,42,36,35,31,19,38,17,19,41,34,41,30,20,32,34,36,37,24,33,38,40,14,46,32,32,23,37,14,30,28,38,34,31,37,30,35,32,13,39,9,38,38,16,38,30,7,28,33,31,28,41,31,37,20,42,21,34,14,14,27,18,34,40,35,38,49,36,36,12,31,14,36,37,36,39,35,40,36,34,40,19,14,15,37,33,15,47,36,27,30,11,23,30,10,31,17,36,33,18,14,33,29,20,34,33,9,41,29,45,17,41,30,41,33,36,28,40,40,39,34,35,33,36,34,15,37,39,13,39,14,18,13,39,36,47,36,35,26,14,32,13,32,28,40,12,40,14,34,39,37,37,41,38,14,38,38,20,28,34,17,31,29,35,18,35,17,32,16,14,39,14,35,34,41,37,17,11,36,32,36,28,49,39,15,41,42,41,35,18,34,38,32,32,35,44,43,33,31,38,24,35,15,10,31,14,46,37,38,27,9,16,39,30,37,29,28,34,38,15,37,29,29,35,32,35,36,15,34,12,36,34,30,35,33,36,36,39,32,23,32,11,10,40,11,36,17,35,40,39,16,23,11,35,26,31,37,33,15,39,43,45,35,6,11,35,41,18,24,43,25,13,32,33,33,30,37,32,31,9,14,29,13,15,32,39,34,37,32,28,32,34,33,34,30,35,36,35,29,34,8,44,34,37,20,29,18,37,40,28,16,29,34,33,35,35,37,31,39,32,15,16,35,42,37,30,28,16,29,21,28,24,16,31,34,41,11,38,12,35,39,37,38,20,34,22,25,39,10,15,43,40,13,37,14,24,14,35,33,34,31,11,28,33,10,35,36,30,17,22,11,26,46,16,36,42,38,26,38,44,35,30,36,37,27,28,31,12,36,30,30,40,37,19,16,34,37,34,37,29,10,39,14,38,37,31,33,13,33,26,11,26,36,14,18,12,34,29,31,19,41,43,40,41,9,10,30,31,35,27,36,15,34,45,32,39,13,44,21,34,33,36,44,32,38,37,15,31,33,33,30,19,33,40,38,40,13,19,38,35,36,37,27,11,31,18,38,35,22,38,34,31,13,28,27,36,33,15,32,40,31,34,14,36,33,37,32,35,34,47,40,39,9,35,16,37,38,38,19,23,40,16,6,33,14,24,18,11,28,30,37,34,14,36,16,33,32,17,35,14,11,38,9,30,37,40,32,36,35,31,15,43,9,33,26,17,35,29,11,37,23,25,41,12,13,43,37,31,33,34,30,34,37,10,46,18,48,30,30,26,28,33,44,15,37,30,20,32,36,12,33,41,18,39,44,34,33,29,39,17,18,34,37,11,28,38,17,10,37,37,36,39,41,36,44,39,30,41,32,33,31,34,17,31,15,37,14,30,34,18,36,36,38,35,37,38,37,27,33,37,14,33,32,13,41,37,36,16,18,38,19,35,13,10,38,10,34,38,31,12,30,36,37,18,31,16,43,35,38,32,41,14,15,29,19,25,18,44,20,36,35,13,14,36,30,17,30,39,13,34,17,30,34,34,30,39,36,38,19,20,38,31,41,26,42,11,17,36,34,35,34,40,13,37,42,34,35,41,15,35,45,42,40,40,35,28,31,35,38,29,33,38,28,34,11,35,36,38,32,35,36,35,11,16,40,20,34,16,33,42,12,14,29,18,16,13,30,17,12,35,34,13,13,33,30,35,31,37,12,40,14,44,10,45,13,34,31,29,35,11,28,34,32,41,27,15,32,19,13,35,40,34,11,38,36,39,14,18,30,16,37,37,38,33,35,33,31,15,35,34,37,38,14,37,10,12,36,28,13,28,11,44,34,31,38,12,12,33,35,34,28,33,31,28,15,45,21,39,31,15,37,28,39,17,12,31,33,41,41,13,34,25,14,17,38,19,37,36,39,17,22,46,17,37,35,37,16,36,36,42,15,29,15,15,32,41,17,44,32,39,28,31,10,11,18,37,33,34,12,7,12,16,36,27,19,15,36,35,16,37,37,32,32,20,32,38,32,24,30,33,36,43,31,17,12,33,37,29,39,38,15,37,29,24,16,12,35,36,11,21,46,31,28,37,32,33,16,36,42,35,18,15,34,37,37,14,14,38,32,26,35,35,12,18,31,36,43,39,20,30,10,37,32,9,32,38,38
38,30,39,14,15,33,35,38,36,32,14,18,38,37,37,15,31,28,42,15,38,37,14,13,14,34,32,14,41,39,18,6,42,33,43,17,13,30,30,35,41,16,29,11,15,35,39,36,35,45,25,38,14,28,36,22,29,39,39,33,13,31,18,14,7,35,51,10,37,32,39,40,12,33,38,33,39,33,13,33,34,29,29,29,38,8,36,21,33,11,36,37,30,31,37,39,39,42,32,30,29,31,29,33,33,32,31,34,35,31,11,15,33,35,34,37,25,21,26,13,37,33,47,38,34,29,27,32,31,12,40,30,34,40,38,37,35,35,32,8,37,33,40,47,36,34,45,27,39,32,35,37,27,46,32,32,36,45,35,16,28,33,33,32,36,16,14,14,12,14,29,35,16,33,35,50,38,33,31,36,29,35,10,38,41,35,35,13,35,34,44,14,37,36,30,29,27,16,38,39,18,36,39,34,35,36,29,8,22,14,44,35,15,39,22,32,29,36,15,35,41,43,40,34,41,33,35,44,34,16,28,33,21,36,39,28,35,15,15,26,15,37,30,13,38,30,36,40,35,34,33,30,44,38,38,34,31,35,15,13,40,35,30,26,35,15,33,10,33,37,13,38,33,31,36,36,14,32,36,41,43,40,37,31,39,25,32,34,38,40,40,35,40,41,37,31,38,29,30,34,41,28,33,16,13,33,10,38,32,14,36,13,39,34,37,18,41,18,22,41,36,16,30,24,41,37,38,39,39,17,36,35,34,36,35,33,34,24,42,27,32,13,29,10,39,14,17,35,35,32,8,11,38,35,28,8,33,44,39,32,30,38,17,35,37,44,13,39,40,40,39,40,32,38,28,23,36,34,32,8,38,35,42,13,33,33,38,30,33,34,40,37,35,21,34,38,42,11,30,29,13,37,35,15,42,13,36,40,15,10,14,38,20,31,34,41,35,17,19,30,41,45,37,40,25,40,22,38,35,17,35,41,5,18,29,18,37,13,38,16,29,33,41,37,30,24,22,37,28,37,44,16,38,36,35,38,40,33,37,34,32,39,12,38,45,33,34,37,40,11,40,37,42,36,35,34,38,34,15,39,34,31,17,19,34,33,35,38,9,25,38,16,10,36,10,16,28,35,30,27,37,28,14,26,17,43,39,27,41,17,31,19,38,42,32,33,33,35,20,40,14,38,32,35,37,44,28,32,12,41,36,36,36,30,31,19,39,42,31,37,43,33,24,30,24,35,11,42,41,42,34,36,32,37,19,41,15,34,38,35,35,32,32,36,13,44,28,12,33,31,42,38,20,38,36,11,33,41,17,38,31,30,38,17,40,37,34,16,33,35,33,10,12,34,37,16,37,40,41,17,29,30,35,35,37,24,40,37,19,37,33,12,40,31,33,40,11,27,45,16,38,33,10,35,38,34,18,38,18,33,27,27,37,36,8,38,12,11,37,49,37,37,44,14,17,40,35,31,46,36,29,36,15,36,30,41,35,30,43,26,29,37,30,35,22,36,35,38,33,37,33,42,26,31,17,37,37,45,36,18,34,34,32,16,36,31,37,43,45,16,42,37,15,37,31,38,30,37,15,38,32,48,36,16,25,30,20,43,18,33,16,14,31,31,39,31,10,35,29,15,33,37,18,43,43,15,35,38,29,17,39,34,34,33,39,10,35,35,18,28,40,42,33,35,30,24,36,38,31,12,33,36,28,39,32,39,19,37,28,36,40,13,33,33,39,32,37,40,18,35,34,30,20,19,40,35,19,17,30,33,36,32,39,42,33,36,28,8,30,32,41,6,39,26,33,37,27,37,36,35,14,40,36,44,34,11,37,19,34,34,17,31,40,39,44,11,26,37,31,13,13,36,35,36,30,16,15,21,40,44,32,19,26,30,32,35,16,31,27,16,30,18,17,39,32,47,18,29,42,37,40,38,20,33,24,31,10,38,7,35,13,41,36,38,30,37,35,15,32,36,32,40,36,34,42,8,29,32,13,34,34,47,34,31,12,38,12,18,35,11,35,14,47,37,15,32,36,38,38,35,36,15,32,13,36,13,38,43,36,33,17,11,26,27,28,15,13,34,43,37,33,33,15,30,34,16,38,34,41,15,19,39,19,30,36,40,27,11,31,32,12,30,35,30,36,30,33,11,28,40,39,14,32,37,11,19,35,36,38,39,38,31,38,13,29,34,26,33,16,38,35,48,39,39,36,16,26,43,32,33,32,39,35,12,34,35,32,33,31,39,33,46,29,14,31,36,31,34,16,29
36,34,31,32,37,35,41,38,42,36,32,37,13,31,13,33,25,34,34,40,21,16,17,36,26,31,32,29,32,38,18,32,40,37,16,34,33,40,39,33,47,33,41,40,42,14,17,32,35,18,41,42,39,30,28,38,8,32,29,36,34,44,45,14,38,18,20,18,14,49,36,33,33,39,39,32,13,43,40,36,41,33,37,38,33,32,37,39,32,15,19,34,27,32,39,29,11,12,29,17,17,39,31,14,30,8,29,37,17,17,19,33,16,34,41,41,30,41,36,38,25,32,41,8,36,37,36,35,14,33,14,17,36,17,37,36,34,12,25,35,39,24,31,33,29,33,36,35,33,33,41,32,18,33,36,32,13,31,30,14,26,21,37,42,10,31,18,41,32,41,33,27,41,38,21,35,11,39,31,45,15,38,38,37,27,11,23,30,36,30,40,30,33,30,14,15,32,40,41,25,39,25,39,24,29,33,25,14,37,14,40,39,15,31,17,39,29,29,34,7,31,36,34,37,35,38,17,12,34,36,13,38,32,12,36,28,42,16,15,30,35,35,30,29,15,38,33,35,35,27,35,39,36,34,34,31,41,15,31,17,37,15,30,34,38,30,16,29,42,32,32,18,19,34,40,38,38,36,35,39,38,36,28,14,39,37,38,33,34,34,21,32,24,18,31,36,41,31,34,36,33,36,19,30,17,37,31,31,37,37,12,38,42,36,17,36,15,35,41,34,30,13,16,39,33,17,28,30,36,48,42,38,34,38,35,11,7,14,13,30,32,11,39,14,38,18,36,17,42,30,33,35,36,35,35,40,32,25,37,28,37,17,33,30,31,11,12,44,34,21,35,18,31,31,17,34,33,33,31,38,23,36,15,36,18,33,36,36,31,30,18,16,38,23,32,31,30,34,29,29,35,36,40,21,30,16,46,32,38,27,14,38,17,34,43,13,12,40,34,42,34,36,16,37,37,38,27,36,29,41,37,13,37,35,18,34,32,15,10,24,16,37,40,43,22,38,14,39,18,12,17,37,34,31,35,25,33,30,29,35,45,16,44,38,20,42,10,32,32,28,38,29,33,15,20,39,17,35,43,38,34,12,16,42,32,21,14,35,42,33,19,43,39,33,41,14,41,32,28,29,32,13,37,18,35,18,28,14,29,42,17,38,14,34,31,36,35,26,41,16,35,33,35,15,39,14,34,28,37,36,34,15,19,10,36,33,35,12,9,27,14,33,32,35,24,14,30,31,28,27,43,30,25,45,41,33,38,13,41,15,15,43,40,36,35,37,36,35,37,31,12,30,37,41,33,36,26,26,41,33,10,17,37,24,14,31,26,30,32,33,39,31,38,36,48,38,34,15,30,34,36,13,40,10,29,40,29,43,15,44,36,28,36,14,30,30,40,34,31,41,35,18,32,37,18,27,36,37,39,31,39,41,37,14,34,31,37,39,32,28,33,31,31,37,39,31,17,31,30,35,34,36,32,40,33,28,39,31,43,14,33,36,37,27,40,38,34,45,40,40,35,13,39,13,38,39,10,39,30,32,37,33,14,15,15,33,32,34,39,29,38,36,37,17,37,45,19,15,16,46,38,34,26,18,41,39,34,19,41,13,10,35,42,33,31,31,13,13,33,36,13,39,34,35,33,13,35,35,20,36,32,36,14,31,31,19,37,32,23,45,27,31,32,30,31,34,17,32,43,46,34,40,23,38,36,22,30,34,11,10,32,17,24,30,28,42,40,40,43,30,37,14,40,40,31,44,33,45,46,12,16,15,35,32,35,18,19,32,17,19,35,25,37,34,30,31,43,36,32,38,28,28,33,39,16,32,37,37,36,39,32,20,15,31,13,31,39,42,42,38,38,30,42,9,15,40,19,38,43,34,36,24,18,35,31,18,10,31,39,32,34,22,26,15,42,37,30,32,40,18,40,44,35,17,30,37,24,32,36,40,40,32,17,17,8,31,32,30,38,38,13,39,35,31,15,35,20,34,34,33,17,30,34,45,33,27,34,42,38,31,14,17,27,20,35,37,12,18,15,19,36,34,20,29,41,33,25,37,33,29,43,14,33,33,11,17,29,12,31,16,12,25,36,18,50,31,18,12,31,31,39,16,33,32,15,43,39,16,32,34,40,33,19,39,16,16,20,36,28,39,38,41,37,19,45,40,33,19,28,42,14,18,36,33,14,36,21,23,31,35,10,39,17,31,31,17,33,36,29,16,40,36,45,33,32,15,40,36,38,40,45,29,29,14,17,31,27,38,37,35
35,37,39,34,9,48,18,44,38,11,42,40,35,13,40,13,8,28,34,38,28,24,14,30,34,37,16,21,13,42,37,38,34,33,32,39,34,10,38,33,33,12,40,14,39,29,32,28,36,43,35,29,34,40,40,31,30,16,29,39,33,38,43,17,28,15,29,42,36,32,29,39,32,38,18,33,43,12,35,35,40,30,14,40,34,16,38,17,39,32,43,16,11,40,36,35,37,38,35,33,16,35,10,33,37,39,34,42,43,41,12,30,30,37,38,33,33,37,15,35,11,39,34,31,40,14,15,32,12,37,13,38,38,32,26,40,42,37,14,36,5,17,14,19,12,34,36,39,27,36,12,39,34,37,32,37,19,36,38,18,42,18,39,13,34,40,14,39,32,37,22,37,40,42,29,20,33,15,17,36,36,30,37,29,13,45,20,17,40,33,34,24,17,31,28,41,43,12,14,33,35,36,40,38,33,12,32,35,31,35,43,31,35,9,41,35,34,35,33,38,11,11,39,15,15,35,29,16,16,32,39,13,31,34,33,37,37,44,36,36,25,29,16,16,19,30,29,39,33,41,19,29,39,17,30,27,13,32,33,15,24,38,34,37,48,12,39,35,35,34,36,12,33,32,14,17,37,29,17,12,25,35,33,35,10,30,34,42,32,26,34,37,36,40,16,29,43,15,32,29,34,15,16,32,18,36,20,33,38,28,31,15,13,32,38,25,37,34,29,33,41,30,18,36,39,30,34,36,41,29,40,32,36,35,39,31,31,18,11,39,14,15,36,33,43,33,38,23,28,14,11,39,37,39,32,37,29,37,29,12,37,18,36,40,42,11,29,30,30,34,40,28,37,41,40,43,18,31,27,15,17,36,20,13,40,18,37,41,48,19,32,38,38,17,33,14,35,32,38,32,9,39,16,35,33,35,36,38,15,35,31,42,9,36,37,39,13,41,26,21,11,34,36,38,35,26,9,29,32,27,36,17,17,37,38,38,10,38,39,40,42,15,31,27,33,36,12,35,26,35,7,32,29,28,20,10,20,34,37,36,30,36,36,31,33,38,35,32,25,36,16,12,28,13,32,17,20,26,20,25,37,16,14,35,12,9,38,35,32,20,34,37,8,37,36,34,33,29,36,32,31,29,39,29,35,39,37,42,42,42,33,37,31,15,32,22,34,19,30,21,39,35,34,38,29,30,35,10,38,13,34,38,35,28,43,35,14,41,31,34,42,37,32,39,15,30,39,38,16,28,19,36,34,33,42,35,40,11,26,17,27,35,32,14,41,40,33,39,40,12,35,36,39,29,13,17,31,39,17,41,32,29,19,14,28,38,36,39,31,39,38,14,40,33,32,42,10,34,35,33,31,27,30,28,13,33,33,37,39,9,28,43,32,14,9,41,34,15,11,39,32,30,36,31,38,12,34,36,38,31,44,28,15,40,38,26,42,26,39,17,32,18,40,30,16,36,35,14,16,18,46,18,34,36,15,15,33,39,11,23,45,44,38,37,14,19,27,31,42,39,37,38,30,17,36,29,18,41,33,34,37,31,18,32,30,31,14,43,39,31,13,33,35,39,34,30,36,38,35,51,34,38,31,12,23,26,38,11,20,33,36,27,36,14,14,17,32,30,9,29,32,15,16,26,35,25,31,39,32,39,38,39,36,32,14,35,37,38,34,36,35,33,37,15,41,34,20,17,35,33,31,31,42,9,16,36,37,21,38,33,32,38,33,34,36,36,22,12,28,41,38,32,36,42,33,41,35,43,31,36,32,39,42,39,29,33,37,34,12,28,33,32,44,35,26,35,17,32,32,40,39,27,11,38,42,33,34,38,26,30,32,44,34,24,38,36,36,21,23,33,45,47,28,28,27,36,27,36,33,40,18,40,11,32,41,37,30,42,36,37,36,37,38,39,39,30,35,37,37,31,25,43,52,12,41,39,36,32,28,36,28,39,34,13,42,11,34,38,25,39,39,20,38,32,35,15,32,30,35,38,35,47,12,33,30,17,32,34,36,33,18,36,14,13,30,28,31,38,38,29,35,33,37,40,36,32,42,35,32,37,14,40,31,39,33,37,36,36,9,27,41,18,7,34,30,30,34,33,28,12,40,38,32,34,42,33,12,38,36,35,36,14,30,41,18,36,36,36,11,14,15,34,37,12,14,12,19,15,34,40,37,18,35,41,30,17,30,15,34,20,36,28,36,42,31,38,18,36,35,15,30,32,33,28,16,34,33,15,33,34,19,12,34,20,14,28,27,34,18,13
35,35,15,35,26,28,38,42,31,11,40,34,45,34,16,36,40,33,16,14,41,31,34,33,30,29,13,34,16,38,43,18,12,10,38,44,31,15,36,30,36,40,16,34,40,30,37,35,15,43,36,28,12,34,35,37,37,41,35,35,35,35,13,32,38,34,17,38,25,34,34,13,26,28,29,34,38,43,30,25,41,31,46,14,38,37,29,36,35,41,35,14,37,28,17,22,31,15,38,22,29,31,18,16,12,31,41,38,31,9,19,18,15,41,30,28,37,12,27,35,13,26,40,36,37,14,32,40,41,34,23,38,12,14,37,37,40,11,16,39,38,18,36,35,31,43,37,40,31,38,40,35,39,30,24,36,16,35,31,35,18,16,31,37,13,17,36,31,32,34,15,34,37,37,26,28,23,18,30,39,14,11,36,37,32,17,11,26,15,31,36,36,39,28,39,33,35,32,17,16,32,30,14,35,47,27,32,34,40,33,36,36,39,18,16,13,9,11,37,20,18,33,17,9,26,38,37,5,38,32,35,38,41,16,12,23,18,32,13,11,31,39,34,29,30,28,44,17,14,32,35,15,8,14,30,33,38,33,36,36,33,31,29,19,35,37,38,36,40,40,11,39,36,12,42,45,35,40,37,38,32,33,11,40,29,33,30,39,36,51,34,34,38,42,13,37,44,32,35,29,36,12,15,32,35,30,31,32,12,33,46,34,32,32,38,33,34,10,34,32,33,9,37,21,34,17,13,35,16,30,18,29,33,36,26,28,32,10,19,12,31,29,30,37,42,33,15,30,39,39,9,33,28,42,45,27,33,25,14,34,43,31,34,33,43,42,40,43,40,27,36,33,38,15,28,35,16,34,31,28,39,34,39,36,31,34,18,36,13,15,31,37,30,41,37,31,37,37,33,35,35,5,43,38,14,32,35,38,27,29,38,40,36,32,41,22,17,35,27,19,30,28,40,7,31,36,41,26,13,28,18,34,38,17,31,37,34,34,36,35,33,28,17,35,43,32,33,34,13,43,29,37,33,33,31,32,9,33,38,27,37,42,22,33,32,33,18,40,37,17,35,44,28,37,34,32,39,34,32,43,13,39,31,34,37,46,41,33,15,30,19,32,40,36,28,13,31,36,35,31,10,42,35,38,41,16,37,36,20,39,27,32,18,33,28,17,13,38,34,28,30,31,31,12,15,38,45,33,37,32,18,35,25,38,30,40,32,38,27,27,36,36,42,28,24,30,20,39,34,9,39,40,31,17,12,31,16,33,39,40,34,23,17,41,37,7,32,37,37,34,10,27,29,36,43,11,35,30,27,8,34,11,40,35,12,31,29,37,45,32,37,40,12,17,37,42,27,28,39,28,27,36,39,34,12,15,36,36,39,32,28,45,32,30,32,39,20,36,31,26,16,35,32,47,33,34,33,18,32,14,34,12,15,40,27,32,30,12,41,38,19,34,27,39,16,31,31,34,46,41,35,13,16,35,41,40,37,15,42,39,21,37,24,13,29,35,16,17,43,42,12,30,27,35,34,34,38,37,11,38,44,19,16,35,27,39,19,31,39,17,8,29,33,35,30,29,15,36,27,36,18,32,24,40,18,38,7,40,27,7,31,33,34,16,33,29,12,36,31,38,12,39,32,35,40,41,19,38,12,12,15,35,8,34,39,36,46,19,39,43,21,37,45,38,19,32,32,13,41,34,35,34,19,35,33,13,32,43,30,33,16,22,20,32,17,15,40,37,34,37,14,35,30,26,25,33,18,17,33,27,39,31,28,18,10,32,13,40,13,31,16,36,18,44,36,17,40,12,34,39,44,15,36,37,41,30,30,34,13,35,31,29,42,33,39,39,10,31,33,32,16,41,40,37,36,9,36,22,34,16,37,35,13,32,26,44,38,40,15,34,12,32,32,15,40,38,29,37,39,42,18,35,28,35,31,19,15,29,35,35,12,51,43,36,29,19,31,37,32,30,34,32,44,26,32,16,33,41,16,36,40,35,31,34,32,35,40,16,37,34,28,32,36,13,38,31,35,20,33,37,15,29,10,36,29,38,33,35,14,37,35,36,35,28,20,15,35,41,18,35,36,11,10,33,43,30,41,32,37,33,17,44,29,30,15,42,41,28,37,38,38,18,13,19,34,7,31,38,33,19,40,41,37,37,28,33,38,35,44,19,35,39,31,30,47,39,38,36,46,35,28,16,38,30,33,35,37,14,27,14,35,39,29,34,30,35,22,39,38,25,39,3,39,16,46,29,31,17,30,31
17,34,32,15,31,34,13,36,17,39,29,34,39,18,38,36,42,16,25,32,30,16,32,30,16,37,25,40,33,17,35,35,20,21,32,33,36,18,33,16,35,40,27,37,37,41,33,39,31,15,39,34,37,30,34,36,35,37,40,17,26,41,43,37,34,40,39,30,18,26,38,36,39,35,35,32,28,16,12,34,17,25,16,26,10,31,41,11,11,15,37,40,29,39,30,21,35,36,36,36,30,41,38,17,45,35,30,14,29,39,29,38,36,33,8,18,31,17,18,31,32,34,35,38,30,34,29,15,39,39,14,13,18,12,43,10,37,30,27,31,35,35,31,14,10,32,15,35,37,39,34,38,30,26,32,35,31,34,38,30,19,17,36,32,15,36,39,36,15,33,34,19,31,30,40,28,13,14,37,33,32,41,29,36,33,16,31,36,17,32,16,14,18,11,33,39,36,22,38,32,37,24,23,37,35,38,20,33,35,40,26,33,37,32,11,13,31,32,31,27,16,14,37,34,25,28,33,34,38,21,18,34,33,17,40,12,33,38,17,35,42,49,40,24,35,34,38,18,47,37,22,26,29,36,32,29,31,38,16,34,32,21,31,37,16,38,39,26,46,14,14,14,13,35,35,38,30,33,28,38,37,28,41,44,10,32,17,30,35,39,33,16,19,38,15,37,31,35,32,27,35,41,34,15,31,31,35,23,43,39,15,38,14,32,38,32,18,9,34,38,32,15,12,43,41,35,21,38,15,10,43,37,34,29,21,38,36,33,29,40,42,34,28,36,32,32,14,34,28,14,37,37,34,15,32,35,35,32,39,12,32,40,41,28,35,27,38,33,36,38,36,33,34,14,36,29,24,41,21,32,31,16,38,14,14,15,33,40,26,34,19,28,33,25,43,17,32,30,13,41,31,14,36,30,35,32,42,18,14,16,38,36,12,30,37,31,20,31,25,36,14,29,43,34,40,32,29,40,40,18,37,33,35,38,11,33,33,15,42,42,15,14,43,27,31,42,31,7,31,24,10,37,30,19,40,28,26,18,34,36,17,32,13,38,36,18,32,33,32,33,35,40,37,37,28,33,15,35,32,28,12,30,33,14,30,7,42,32,12,16,9,15,19,19,36,38,37,33,47,36,38,31,34,39,12,38,31,40,33,12,29,33,43,32,44,31,37,38,33,32,35,34,38,39,11,34,36,25,34,15,13,16,34,18,35,38,30,14,25,31,35,38,21,17,35,28,49,31,15,38,34,27,33,14,8,35,33,39,31,37,35,37,43,43,12,32,36,41,29,32,33,38,32,37,22,36,34,30,34,18,33,42,34,11,12,33,30,16,34,33,9,31,18,19,34,40,38,36,49,35,29,32,15,35,14,40,13,36,31,30,45,37,34,15,36,20,16,37,30,33,36,15,17,24,33,38,33,44,24,13,44,36,12,40,30,32,34,35,12,33,34,20,34,36,14,12,45,33,19,29,39,39,36,16,17,36,47,19,14,13,15,34,27,16,15,40,32,38,32,15,40,28,31,38,13,36,45,11,42,28,31,41,34,12,32,30,34,41,10,18,38,37,37,37,13,41,38,33,33,27,34,33,36,20,46,36,34,35,41,34,37,40,32,28,37,32,35,36,35,37,32,40,36,9,35,18,36,35,29,23,34,33,30,32,35,35,16,10,31,30,14,13,28,27,14,29,23,35,38,37,33,33,36,31,28,35,31,39,39,20,32,31,38,13,29,17,36,33,38,35,35,46,29,34,31,15,36,43,13,37,38,20,32,29,15,14,31,32,33,30,16,36,33,44,39,24,27,34,33,34,17,33,38,21,34,32,35,9,38,41,15,11,33,38,34,38,13,16,17,28,19,37,30,34,10,20,38,12,26,27,16,42,43,37,30,39,37,33,25,35,36,34,30,34,30,8,16,37,25,38,47,21,35,30,28,41,29,28,41,15,33,34,37,34,17,32,41,32,30,37,31,35,32,15,40,14,37,35,10,35,34,33,18,35,17,17,35,29,13,37,13,19,34,34,41,35,11,28,33,34,33,32,36,40,13,38,49,29,34,44,27,30,36,32,33,40,33,10,19,34,33,16,39,32,15,31,35,37,12,38,33,35,33,29,32,39,39,34,28,35,30,9,34,36,34,40,40,35,13,41,38,16,42,34,22,34,32,33,30,32,34,35,36,32,36,37,35,11,15,27,17,30,10,33,38,40,28,12,14,36,41,38,35,36,27,16,37,42,14,33,28,36,45,31,14,38,39,40,35,33
33,15,34,36,46,29,37,30,45,38,35,15,20,28,36,41,40,37,35,36,19,44,30,29,39,14,14,25,36,16,15,37,40,21,32,35,15,38,42,30,11,44,35,47,23,42,16,15,34,14,37,39,17,30,19,35,34,16,33,36,28,20,36,10,30,32,35,35,42,33,38,13,42,32,9,38,35,33,33,28,13,44,36,17,20,35,36,36,31,41,30,28,32,28,43,29,20,31,37,16,41,40,19,40,37,42,35,33,34,42,35,40,12,13,39,30,42,10,41,15,37,31,18,34,36,35,38,34,37,41,29,39,35,14,16,15,35,13,40,38,13,31,41,38,38,35,14,29,16,39,11,13,33,31,12,34,40,36,41,17,30,33,32,31,30,27,33,38,39,15,16,37,33,33,15,16,34,35,44,23,29,30,42,13,36,36,29,39,17,12,30,43,14,39,41,37,37,37,27,34,34,34,30,17,39,34,31,10,41,32,11,32,11,41,38,44,38,32,40,20,37,38,35,35,27,38,43,36,35,38,35,24,31,18,35,33,16,37,34,39,24,39,32,19,40,34,35,39,17,17,11,28,42,41,34,37,39,31,25,33,34,34,42,42,40,18,34,7,17,12,39,12,39,34,31,26,36,17,11,36,32,33,43,28,27,16,12,10,32,10,34,39,38,21,35,33,34,31,33,26,32,28,39,39,17,32,39,26,34,37,28,30,42,27,40,39,16,38,28,33,26,29,33,30,33,39,37,12,14,31,37,35,30,33,41,32,36,33,42,40,15,20,30,36,15,36,32,28,12,37,33,34,36,36,28,28,37,31,37,42,44,33,41,37,39,38,30,38,35,30,34,27,39,32,29,41,38,41,15,32,33,16,15,19,42,9,29,32,37,36,33,32,35,28,37,46,23,19,8,33,36,36,20,46,38,34,36,33,37,27,29,34,35,39,34,41,31,43,27,33,27,17,37,15,28,27,39,44,33,40,28,27,35,39,34,36,14,44,21,35,41,41,22,30,34,17,38,30,33,29,12,13,34,38,32,44,31,39,38,30,38,18,36,30,45,44,17,15,14,10,12,15,12,30,33,39,46,42,36,24,32,37,38,34,9,18,27,40,39,31,32,34,35,16,13,38,34,31,39,14,41,25,30,20,29,33,41,33,31,42,29,41,33,43,15,17,38,31,43,21,44,30,20,34,24,36,10,21,33,14,15,15,39,48,15,32,32,30,44,38,35,25,43,13,13,33,25,36,43,36,35,31,36,13,17,25,38,33,17,27,17,13,38,35,35,19,25,39,34,34,32,43,15,15,35,35,35,35,16,33,38,34,18,41,34,34,35,32,39,34,34,33,34,39,41,38,47,26,39,37,38,13,31,46,32,36,32,32,37,18,28,41,37,35,36,34,44,28,16,39,33,12,34,15,10,27,37,39,35,35,24,14,31,40,39,46,13,35,39,8,38,28,39,36,35,15,40,36,41,37,8,32,36,15,18,36,18,51,36,42,16,12,25,46,33,13,19,36,36,38,31,33,35,39,21,29,38,36,29,36,38,41,32,28,19,42,15,17,38,39,31,34,11,13,24,40,24,19,35,38,11,46,35,37,11,31,32,12,15,18,37,33,37,16,33,14,10,30,32,12,46,37,40,12,30,18,35,18,27,39,37,19,21,32,12,30,16,36,14,33,14,19,36,37,32,36,38,32,18,37,38,35,26,27,31,41,11,34,34,17,17,36,31,34,20,19,28,33,42,33,42,30,20,33,12,33,37,32,30,36,35,32,35,18,36,37,17,39,15,34,37,36,40,28,11,33,33,13,17,35,39,28,16,37,34,16,33,34,41,27,12,14,33,14,29,14,30,37,14,38,29,36,33,34,31,36,17,35,32,31,13,33,30,28,45,37,16,34,31,32,14,32,35,43,9,31,35,40,19,12,46,35,47,21,11,31,33,37,14,34,32,30,12,31,33,31,14,40,33,10,38,38,14,41,37,35,27,31,39,38,33,14,30,29,9,15,34,29,33,37,18,34,41,38,42,28,12,33,34,38,28,35,40,40,35,43,33,18,21,19,39,38,40,32,12,35,8,13,15,32,37,41,18,27,38,32,19,31,18,26,24,37,34,34,18,13,34,37,36,36,40,33,28,22,14,18,35,40,34,38,25,32,35,31,42,36,30,29,40,34,35,42,41,33,32,39,36,30,37,17,30,11,27,27,36,16,15,38,16,35,36,16,15,40,12,33,38,16,35,35,32,17,12,32,38,29,33,36,33,10
28,39,35,30,33,13,37,41,23,40,33,8,32,15,32,35,30,17,33,40,16,43,32,7,26,35,9,32,37,35,31,38,33,33,31,51,16,23,35,14,36,26,11,37,16,37,42,32,35,37,38,35,33,33,33,42,40,41,31,38,40,37,39,18,7,27,19,9,26,31,28,13,35,34,30,35,37,11,14,16,38,14,37,13,39,12,42,18,33,15,15,35,33,30,35,12,38,27,35,33,32,31,33,39,37,33,35,33,34,39,37,39,37,31,42,34,46,43,33,9,15,33,38,31,33,39,31,19,36,38,32,11,31,11,30,30,14,33,30,36,34,37,17,31,33,25,33,32,22,14,36,15,35,40,33,22,40,39,37,25,20,26,40,38,18,32,28,32,34,33,31,12,39,38,27,8,28,29,14,33,11,39,35,33,33,24,19,22,34,29,33,35,40,32,20,39,40,38,33,43,38,34,28,44,14,32,39,10,34,39,29,35,36,38,38,31,38,38,38,9,25,29,38,17,10,34,37,44,26,33,39,36,9,35,34,33,38,37,35,32,32,18,29,37,16,13,14,39,16,34,14,21,36,44,15,33,39,11,36,12,38,11,36,34,32,36,41,9,27,40,35,39,30,12,33,35,13,38,35,34,11,37,31,19,36,28,37,15,23,40,39,33,35,33,11,26,42,15,39,40,27,33,33,31,42,19,32,23,28,43,28,31,31,39,17,40,36,35,15,36,28,38,32,11,10,28,36,12,36,28,15,13,40,33,38,36,29,39,41,40,30,28,37,33,34,15,32,13,37,38,15,12,33,13,34,33,39,39,15,39,15,18,29,10,16,23,18,37,44,30,14,29,12,31,36,34,34,32,32,28,32,10,13,12,45,17,31,35,34,15,23,36,16,30,28,34,38,33,31,38,37,41,32,37,34,37,43,44,12,36,14,36,36,38,37,44,34,38,30,26,33,34,17,39,13,40,28,37,37,44,35,42,38,14,32,39,33,40,38,27,21,16,14,43,34,30,35,14,39,20,13,15,28,32,35,16,14,37,24,37,21,39,39,38,35,38,29,22,17,40,18,33,40,31,40,31,40,17,26,18,40,43,15,38,40,28,36,47,17,38,40,19,34,39,31,12,13,30,35,14,39,16,13,19,31,37,38,15,30,34,31,37,30,42,39,34,41,32,14,42,31,33,34,36,28,42,40,32,12,28,21,30,33,35,40,34,35,32,14,33,36,15,39,40,16,11,32,38,39,29,38,29,28,31,29,31,29,28,21,33,18,40,35,18,10,43,12,38,32,38,42,14,30,27,34,29,46,21,25,38,15,14,29,8,14,38,40,15,36,16,37,34,29,29,42,37,44,30,36,45,43,29,34,12,34,36,33,38,35,32,42,37,34,31,32,33,35,17,39,34,38,31,15,26,34,28,37,24,37,35,34,45,14,12,36,32,33,34,37,30,34,35,39,37,39,38,16,33,39,11,30,15,23,33,27,36,36,13,29,31,17,30,44,36,9,40,16,32,32,45,37,12,30,18,36,37,17,36,29,33,30,37,16,17,35,36,27,45,38,17,13,35,33,35,10,36,31,38,17,31,14,33,35,22,19,31,8,17,36,53,29,27,38,33,27,40,33,17,31,33,32,34,11,30,11,35,34,32,38,38,33,34,36,39,14,35,34,24,20,29,34,37,15,36,15,34,10,37,34,11,20,39,14,29,36,9,13,18,42,32,41,39,37,36,36,38,32,39,41,41,20,37,37,35,17,43,41,39,32,29,16,39,37,13,35,38,25,34,35,43,33,34,5,39,13,23,39,43,15,39,44,29,43,34,33,36,40,35,37,35,32,17,34,39,13,35,14,38,15,43,16,9,30,26,37,37,39,43,38,41,29,33,42,14,38,36,35,13,40,36,17,36,40,14,41,31,36,38,34,42,36,36,35,26,33,33,27,46,36,41,16,40,29,37,29,27,10,39,14,38,29,20,17,38,38,16,28,8,28,29,16,42,40,34,34,21,11,35,18,26,11,17,31,35,32,18,33,41,16,33,31,42,38,38,42,41,45,32,36,26,42,38,17,33,39,38,38,17,40,29,43,21,30,12,19,33,29,35,31,47,13,21,36,12,42,38,38,14,36,11,33,35,37,42,30,24,32,12,42,16,36,27,32,21,32,32,17,29,31,26,13,36,14,40,36,31,12,33,29,10,36,28,21,35,32,31,27,30,36,41,32,35,31,42,28,16,28,38,33,10,34,34,35,39,41,33,36,32,28,32
43,15,31,7,39,38,15,12,20,28,37,21,10,30,26,41,14,10,21,31,14,17,42,29,36,37,34,22,17,36,37,34,27,40,43,8,37,20,38,41,34,17,31,35,40,35,33,30,27,37,16,41,19,30,36,37,20,45,35,33,20,40,33,20,17,35,17,34,46,35,36,13,32,31,28,33,15,39,37,29,37,15,41,9,16,37,33,26,19,36,22,14,41,30,32,17,33,15,37,39,37,39,41,39,36,28,37,34,40,14,22,34,34,20,15,15,35,11,21,40,40,32,39,33,33,39,34,36,42,8,37,43,37,38,16,40,34,34,18,32,10,36,30,10,32,29,22,37,24,16,37,16,37,44,43,40,30,31,9,47,30,39,39,34,36,27,16,40,46,32,36,35,39,27,37,40,16,40,29,12,41,36,26,32,14,36,35,15,22,34,32,29,42,16,36,39,30,38,35,27,37,14,23,34,16,32,35,12,38,37,38,34,38,39,40,34,35,41,30,11,32,38,41,39,35,34,33,39,27,34,36,36,11,30,32,34,34,35,39,32,16,36,37,13,29,7,40,16,34,16,41,35,15,33,41,42,37,33,17,36,40,29,34,17,30,31,39,35,31,42,42,32,47,44,38,34,42,35,36,41,17,32,29,32,32,32,36,33,38,32,34,19,33,14,20,40,17,34,35,15,32,40,14,26,42,14,43,15,36,32,34,11,28,34,42,38,31,37,42,11,32,27,35,32,37,15,14,34,16,44,34,30,35,16,38,13,26,35,14,34,20,37,17,18,16,17,36,27,25,40,29,31,32,34,17,11,17,15,33,24,34,33,17,30,45,39,40,17,39,16,34,12,36,12,29,39,31,35,49,37,36,37,24,29,41,37,40,36,33,22,27,37,32,34,34,16,18,42,44,40,36,42,19,16,41,14,18,39,34,36,35,36,32,30,10,38,9,47,26,19,35,32,40,36,35,15,15,34,10,40,40,43,18,36,15,34,27,45,34,31,32,16,15,29,38,26,36,30,43,24,43,41,38,16,43,36,36,38,33,30,38,5,36,40,39,36,33,41,25,12,16,34,40,36,36,30,31,15,39,14,35,35,19,36,38,32,36,36,21,34,36,31,32,17,27,40,19,14,32,14,25,35,31,18,29,30,36,30,15,29,13,36,12,29,39,14,41,29,14,39,31,16,13,11,17,37,34,37,38,23,32,17,16,16,34,25,30,32,29,36,29,18,10,34,30,41,13,35,31,37,13,10,41,36,41,34,38,33,29,13,27,12,33,31,20,14,15,35,11,18,35,29,41,15,35,37,19,36,15,28,39,34,35,18,32,32,37,28,27,37,39,11,31,40,35,35,36,22,29,31,38,40,27,37,38,37,36,11,27,38,29,40,37,20,41,31,26,40,36,15,36,35,34,14,36,31,40,32,36,32,15,43,20,41,24,35,41,34,32,40,34,32,39,37,36,33,28,34,31,18,20,45,32,38,36,9,39,33,41,32,29,28,23,32,36,34,32,36,16,40,30,39,33,37,30,36,38,36,34,45,40,32,36,34,19,37,36,31,17,33,36,38,34,38,28,41,15,34,29,26,19,17,31,36,35,38,37,34,31,40,14,27,33,30,19,38,15,34,13,34,38,35,43,34,39,39,13,32,33,27,39,15,30,31,35,37,34,39,35,15,38,37,15,37,46,33,15,34,16,35,15,13,13,32,38,14,33,38,13,37,30,36,39,14,20,27,10,32,34,39,41,16,27,39,31,34,41,31,24,33,38,33,41,15,27,21,39,37,35,13,33,40,31,22,29,33,33,27,39,45,37,15,43,38,38,42,32,16,21,22,17,36,39,35,21,17,33,31,36,35,27,18,43,29,17,34,31,49,35,21,26,32,10,33,36,35,38,36,40,33,30,16,20,43,38,35,33,39,38,13,10,29,36,12,40,37,40,36,44,14,20,39,34,33,31,26,40,37,36,28,39,19,37,42,14,9,38,37,10,11,34,34,26,36,37,30,28,26,39,40,40,43,16,15,36,35,30,42,37,30,30,36,17,32,33,15,35,19,31,37,28,30,36,22,25,41,17,36,36,33,36,34,15,34,37,38,32,23,43,33,24,36,44,33,40,33,44,17,30,30,28,38,24,17,32,28,32,34,16,33,14,17,36,37,30,16,40,30,42,34,36,46,14,36,14,23,15,36,39,43,14,38,31,38,33,31,29,17,41,14,41,33,39,12,34,15,34,35,34,36,41,37,12,39,16,28,40,27,32,20
31,17,8,35,20,40,32,43,34,36,32,35,32,37,36,14,37,39,31,42,33,8,34,29,30,37,11,12,30,25,38,12,31,33,16,10,43,20,32,34,32,30,44,10,37,14,41,35,32,41,37,19,13,15,31,33,38,30,35,20,32,34,32,33,12,42,17,35,40,37,38,12,33,14,30,16,46,50,36,40,35,39,31,39,30,29,35,31,33,35,18,35,33,14,33,35,12,36,17,39,14,34,38,35,31,37,27,40,30,38,12,34,28,31,36,37,31,37,11,38,36,35,15,38,33,9,35,42,29,40,37,32,38,35,38,30,38,29,41,10,38,26,19,18,32,44,33,31,19,35,38,37,37,29,39,34,28,34,38,32,16,31,34,30,18,11,36,32,39,36,43,12,40,9,41,34,42,35,35,13,44,28,32,38,40,28,35,40,24,31,32,40,39,32,41,33,30,36,30,33,37,40,33,30,32,32,37,37,42,42,36,38,40,37,34,28,28,21,33,17,34,36,40,38,32,15,35,28,37,36,38,35,29,20,41,34,34,39,36,36,32,38,32,14,32,40,41,36,39,34,26,36,31,20,37,26,31,38,27,41,14,14,41,40,18,40,37,33,36,38,35,10,12,39,39,36,36,33,15,35,39,34,10,24,29,22,40,41,39,28,22,32,31,33,14,39,26,27,30,39,37,35,14,34,16,29,39,42,38,31,35,45,32,32,36,32,14,25,38,39,38,29,44,36,33,18,29,38,33,41,37,18,34,35,13,15,33,48,35,42,14,36,10,37,37,36,40,35,37,14,33,28,23,12,31,31,39,45,19,9,31,11,16,39,36,34,35,38,36,28,32,30,39,38,27,35,41,38,31,19,14,39,18,35,40,16,33,32,9,11,37,41,14,38,40,42,44,38,36,28,29,13,22,37,39,18,33,38,40,17,10,31,42,33,35,13,15,15,28,35,39,31,15,30,27,32,33,25,31,35,42,39,40,35,34,20,38,35,15,17,15,23,47,40,32,39,17,7,16,33,28,16,31,31,29,30,38,20,29,36,40,15,45,40,34,35,29,19,42,33,17,34,12,39,17,34,11,46,36,15,41,39,14,32,40,30,38,10,30,17,38,40,9,46,33,33,36,37,17,38,42,15,30,34,24,12,38,21,31,34,37,15,17,14,15,18,33,31,38,35,39,37,31,28,37,34,38,31,33,13,30,18,20,14,32,33,32,32,37,17,30,11,13,45,34,40,29,35,32,16,34,38,16,21,22,40,37,33,29,35,22,35,38,39,38,19,12,38,27,18,42,45,35,37,27,34,14,29,13,14,17,37,38,38,16,34,35,36,29,18,40,29,12,32,42,50,29,31,13,33,37,44,44,13,33,29,10,16,35,11,45,18,36,43,47,11,37,32,11,32,31,30,14,43,36,32,37,38,37,30,13,32,28,33,20,39,23,32,33,34,14,40,33,38,31,35,43,15,14,16,28,31,10,32,12,39,34,28,39,34,38,27,34,35,13,23,21,27,36,47,31,31,35,35,35,40,34,35,44,29,37,35,11,34,15,30,28,36,31,32,30,19,17,18,30,33,19,32,34,13,34,32,15,34,36,37,39,24,14,35,18,31,15,41,42,33,41,40,42,42,17,39,42,31,19,31,37,39,36,41,14,32,15,31,42,14,9,34,43,37,30,34,24,44,38,28,36,20,34,15,33,8,32,34,36,38,42,25,27,33,36,18,10,10,20,14,35,31,39,39,39,12,37,31,36,30,46,11,41,18,34,35,42,23,32,32,37,34,40,13,35,11,13,37,40,37,37,30,34,31,28,16,18,28,34,36,18,34,37,27,50,35,36,38,46,20,34,42,37,38,25,29,42,38,41,40,31,53,28,38,38,33,37,38,37,40,27,28,33,45,13,24,32,28,20,32,33,22,15,37,37,40,30,32,40,42,36,14,34,37,32,41,38,28,29,30,37,12,39,35,32,24,31,25,15,35,38,13,15,31,31,17,38,32,36,15,39,27,34,33,39,33,37,29,37,35,17,36,36,15,39,43,33,40,37,31,29,40,38,43,35,27,39,39,17,40,27,34,28,39,37,36,31,17,17,36,7,11,35,28,31,25,14,18,30,27,10,36,11,32,13,25,29,45,39,24,31,36,33,35,36,34,36,33,17,35,33,33,35,29,31,21,27,9,31,37,37,34,37,34,42,33,13,41,36,47,17,32,20,38,19,17,20,33,33,40,31,17,30,37,35,35,41,41,35,33,32,23,16,42
30,38,32,28,30,41,22,35,36,16,13,37,35,36,32,37,33,30,32,23,18,38,38,39,41,36,29,10,37,22,39,15,36,25,34,14,14,32,7,14,12,32,37,13,31,36,34,32,33,16,11,18,33,12,33,32,42,35,37,31,29,35,34,32,35,40,16,34,37,31,25,34,31,12,40,35,28,31,31,31,35,42,38,42,37,15,34,38,36,16,11,39,37,30,34,18,24,40,10,34,40,38,32,40,36,37,40,27,19,21,32,32,30,14,37,47,29,14,40,25,27,35,29,27,36,38,35,10,37,29,28,37,41,35,26,35,36,36,17,14,14,36,27,28,40,37,11,32,34,31,42,42,15,17,14,29,36,13,10,34,35,35,40,11,33,38,36,10,36,12,14,17,34,42,31,29,33,33,10,44,40,18,37,32,35,41,34,36,34,16,34,36,34,10,33,28,35,19,32,33,39,31,29,18,45,32,37,39,25,32,25,17,39,33,49,25,33,30,31,43,41,33,34,33,41,35,38,22,10,36,30,34,10,30,30,29,13,45,34,36,34,41,29,42,35,32,38,34,33,38,13,32,14,15,34,32,24,12,38,35,37,35,33,33,38,37,33,35,13,27,33,29,35,35,32,34,38,34,31,32,31,35,32,27,32,39,35,38,41,36,42,35,41,16,42,31,36,34,42,28,35,23,31,42,36,34,15,18,28,29,20,15,38,33,14,42,36,29,41,16,40,30,42,34,33,33,34,29,24,39,17,25,39,12,40,21,37,27,32,10,16,15,11,32,43,39,34,28,30,15,39,42,11,12,29,37,35,12,34,30,36,38,42,19,39,15,22,16,21,11,31,15,32,38,39,38,33,31,36,15,27,34,39,34,26,17,26,32,35,34,35,38,32,35,31,38,38,37,10,22,29,29,36,34,15,43,16,30,21,33,16,43,41,25,34,15,46,15,13,35,36,19,37,27,32,19,13,37,31,34,38,25,37,40,32,32,34,26,10,33,35,9,25,13,34,30,19,36,37,18,34,40,31,10,18,34,17,28,40,35,34,13,17,30,11,12,43,14,15,33,40,37,14,38,37,35,33,14,37,21,27,34,32,35,45,39,39,41,32,38,34,6,17,33,45,28,31,31,39,42,19,39,34,43,41,12,10,39,14,42,33,34,43,30,14,32,38,19,33,29,13,32,41,33,41,37,29,44,43,37,16,33,13,37,29,36,32,45,29,33,31,36,22,37,38,41,35,39,23,30,46,29,36,40,30,32,37,39,36,36,36,45,13,32,45,20,31,37,34,13,12,34,28,37,38,28,14,32,38,38,11,39,17,33,6,35,31,37,17,21,29,42,31,33,19,11,34,41,25,31,32,31,40,45,31,38,10,36,27,27,6,43,31,38,34,38,39,28,36,31,45,35,14,15,13,32,28,15,35,37,17,36,34,12,29,36,31,45,35,30,18,14,32,31,40,19,14,34,35,13,36,39,32,33,24,39,20,16,32,16,9,12,39,15,41,16,38,30,34,38,23,17,39,13,31,40,35,41,32,11,49,32,31,33,14,32,19,35,41,35,36,32,8,45,35,9,39,33,45,16,30,40,38,17,13,35,30,29,37,21,18,13,35,39,38,35,9,43,33,16,36,18,16,34,30,31,39,33,39,32,16,35,14,34,15,11,38,28,33,18,15,33,32,31,32,12,18,43,11,34,26,42,26,13,30,29,17,32,26,9,43,33,18,33,40,31,35,20,17,11,30,47,27,32,30,31,29,32,32,13,20,15,30,17,41,13,36,11,17,36,12,35,15,24,27,17,32,38,30,12,31,30,39,13,31,43,37,29,34,18,26,28,37,18,37,34,40,12,36,29,30,34,34,42,31,40,32,29,34,16,25,35,30,38,8,25,36,43,34,31,30,37,24,35,33,35,15,25,35,32,37,28,36,34,30,34,36,35,42,25,34,31,39,29,11,37,37,15,29,34,32,44,38,12,19,30,39,34,43,30,41,19,37,12,31,27,38,14,16,38,17,37,36,12,37,31,34,38,13,6,38,39,38,19,18,28,41,40,15,30,38,32,38,35,17,12,40,40,33,34,37,31,35,32,33,34,38,11,36,32,16,35,34,17,34,9,32,29,43,13,35,20,41,36,32,31,38,44,37,16,9,32,37,11,26,40,24,42,29,35,30,30,14,42,42,38,32,15,27,12,21,31,35,33,36,29,12,42,37,37,37,35,32,40,29,44,39,28,13,33,32,30,18,14,32,34,33,34,37,43
31,31,31,32,47,46,13,41,31,32,15,44,31,28,11,37,36,29,40,35,37,20,35,16,47,38,40,34,36,15,35,38,31,32,14,45,15,12,36,27,35,43,12,47,32,35,27,33,34,30,38,28,33,38,20,17,31,38,32,27,38,43,14,17,31,35,33,34,30,11,13,33,33,37,34,39,35,14,23,34,40,40,39,38,37,41,37,28,34,36,26,30,17,10,35,37,34,11,11,43,31,23,39,10,38,38,19,20,31,31,34,13,35,35,31,16,28,39,28,32,33,36,43,10,44,33,34,36,37,34,36,43,32,8,41,32,14,36,30,35,31,41,37,15,34,17,16,45,37,14,31,26,29,28,32,14,34,37,17,31,27,13,15,38,37,21,35,44,21,35,34,16,36,42,35,29,34,43,31,28,37,33,33,17,11,36,35,28,37,32,45,39,40,43,18,31,36,33,38,26,34,35,37,33,14,38,33,37,33,16,40,18,37,13,34,40,32,36,12,33,14,36,35,15,22,28,28,21,28,9,11,36,37,29,31,37,34,31,31,36,34,28,33,32,11,18,21,29,31,36,17,40,13,41,39,10,35,37,10,34,35,18,36,31,10,41,30,37,43,33,33,20,11,33,40,29,17,38,33,17,36,30,33,31,36,16,17,33,38,14,33,34,45,39,32,33,37,12,44,20,39,20,29,32,31,18,41,35,26,23,34,32,31,32,36,30,16,39,38,37,35,25,37,37,32,8,36,30,15,31,39,11,35,33,16,34,33,10,15,42,10,34,28,29,33,17,38,39,41,11,33,15,37,30,15,37,30,15,33,34,36,17,13,18,37,40,35,14,46,25,33,19,43,19,17,36,31,36,38,16,40,11,22,36,37,36,33,38,27,17,29,28,37,30,10,47,13,46,11,33,40,39,17,13,34,38,40,35,18,31,39,39,26,28,41,27,36,38,41,32,37,46,38,15,37,10,31,18,14,37,31,35,12,11,35,33,26,29,37,39,34,27,12,35,30,37,11,33,10,39,50,41,37,22,37,22,28,19,41,36,31,32,27,42,39,40,13,38,13,16,30,35,43,14,16,41,39,45,35,38,37,29,43,37,41,33,26,36,37,37,34,13,30,33,29,30,31,40,35,33,17,35,39,37,39,21,39,13,35,17,34,35,16,40,26,40,30,34,14,38,35,35,37,9,17,29,41,37,46,20,21,12,34,28,32,29,33,19,45,33,34,33,16,34,35,19,17,23,32,42,35,13,34,16,39,32,31,29,33,30,15,30,28,40,33,34,15,26,43,36,32,41,28,32,33,11,29,43,35,35,36,35,32,13,30,35,36,23,30,38,42,31,12,34,38,39,30,29,39,30,35,45,40,29,14,35,31,38,39,41,37,40,33,29,31,42,30,34,35,32,43,32,13,43,35,32,14,34,16,36,29,29,35,12,28,15,31,9,15,36,38,38,19,33,36,40,33,24,40,38,32,14,30,10,37,17,48,35,33,33,41,44,34,40,35,27,36,39,11,20,32,33,17,37,33,13,33,30,34,11,13,28,33,34,22,27,40,32,27,43,26,37,36,41,29,35,34,39,12,16,32,33,33,35,39,38,11,8,13,12,36,40,34,24,33,33,35,39,36,17,18,33,26,35,16,38,13,31,37,32,33,37,15,12,14,33,17,14,15,37,30,20,34,32,37,42,11,34,16,32,32,37,19,33,31,36,34,34,32,40,42,32,17,31,32,18,16,9,41,41,39,35,15,31,26,42,44,35,35,40,31,35,34,15,41,38,32,36,15,33,44,38,12,17,30,37,28,15,39,38,14,32,41,40,36,27,36,12,27,34,14,34,30,43,16,38,31,33,37,38,15,17,12,37,35,29,25,21,36,22,36,32,35,32,42,42,34,31,36,38,40,39,15,29,24,34,44,12,14,37,37,41,36,40,35,37,33,40,35,43,39,35,32,19,31,45,30,23,25,32,29,33,35,28,36,28,31,36,30,19,45,41,41,34,31,39,18,34,48,13,20,27,40,37,35,19,28,36,14,31,16,14,13,21,34,33,17,40,34,14,41,39,12,17,32,43,35,9,34,20,38,13,36,34,34,32,30,31,39,35,18,36,30,38,33,15,36,28,15,33,44,9,38,43,9,11,32,42,22,38,28,39,31,35,15,39,30,8,27,13,37,41,16,42,18,25,33,28,28,34,38,43,31,18,44,23,30,26,30,35,40,39,20,16,5,40,31,6,36,37,34,15,32,42,31,15,42,38,43,34
34,23,31,27,12,40,15,42,42,34,40,40,32,30,40,36,39,34,33,19,14,36,33,30,42,20,16,18,28,33,31,13,25,14,42,37,18,10,35,31,40,31,37,28,32,33,38,37,37,24,13,40,40,38,41,33,38,37,36,14,32,12,31,32,22,7,31,31,36,39,21,34,16,35,17,36,42,15,38,37,33,10,12,18,17,28,31,36,36,41,33,15,39,37,31,37,18,38,15,40,43,15,12,20,11,34,38,35,27,27,32,33,29,41,33,39,16,32,30,29,29,13,13,43,47,30,38,36,36,37,14,43,35,39,18,34,38,39,40,21,19,43,37,11,32,20,33,37,25,25,33,40,33,34,30,34,33,32,13,33,39,28,34,34,31,16,34,36,40,12,36,29,34,38,31,31,33,30,39,35,16,29,29,34,39,35,35,34,38,37,30,15,40,38,33,37,13,29,30,31,33,34,43,31,10,11,36,7,20,36,12,41,42,35,42,42,43,35,28,27,23,40,35,32,28,13,38,37,28,16,33,37,15,42,29,30,45,33,37,13,8,37,40,16,38,42,28,32,35,10,33,26,42,38,35,37,40,39,35,40,29,37,15,35,16,17,32,37,32,30,16,38,38,13,39,10,32,32,11,33,41,15,29,17,21,35,30,14,9,39,14,29,35,14,39,13,14,30,28,38,33,29,33,39,36,31,34,30,36,33,27,32,15,30,15,27,32,32,36,31,32,29,15,30,34,33,36,14,35,29,31,28,30,33,13,41,17,32,36,33,18,35,32,39,16,32,41,29,20,39,31,40,16,16,39,39,29,34,34,9,38,39,30,16,34,15,20,41,38,35,29,10,38,38,29,9,28,26,41,30,15,32,39,31,19,14,28,36,19,29,15,20,39,15,42,17,23,45,43,33,30,34,39,37,38,42,38,30,13,30,14,28,30,32,40,25,33,32,27,15,11,39,17,42,35,11,35,33,40,38,35,14,44,16,16,26,44,35,12,33,39,34,13,32,39,32,26,16,16,33,34,38,33,37,28,15,37,37,36,34,39,33,33,15,37,40,17,43,34,11,33,11,34,15,29,19,32,10,34,19,39,11,10,15,36,15,32,41,31,21,13,31,8,16,37,27,32,32,38,29,12,27,33,31,33,32,19,38,15,34,32,38,35,11,43,32,16,29,9,34,36,32,16,40,16,34,39,12,40,13,20,44,17,39,27,12,37,28,29,32,35,30,23,31,31,14,33,39,35,35,31,31,33,33,36,15,34,30,29,15,24,36,33,31,21,26,15,34,37,29,36,41,34,38,18,37,29,38,43,16,37,40,16,11,34,38,32,34,31,32,39,38,37,39,36,32,36,38,33,40,30,33,36,34,33,20,30,26,40,38,14,38,7,15,14,40,37,8,33,40,31,35,31,34,35,33,42,39,28,37,17,22,32,32,35,33,16,40,50,32,29,17,11,33,32,42,37,14,34,12,37,40,39,35,31,36,33,13,35,17,21,37,12,34,30,10,39,38,16,14,35,30,37,10,13,30,11,36,36,32,14,37,33,32,32,41,35,41,20,30,33,29,41,29,18,37,15,33,38,35,35,33,34,14,33,36,15,36,42,43,34,29,8,41,20,14,29,14,34,35,10,38,28,33,29,25,36,32,29,34,35,22,38,30,11,36,14,13,14,12,28,36,37,33,35,17,30,36,18,36,36,12,32,33,28,16,40,15,41,35,42,44,21,40,12,37,32,18,35,18,14,31,26,18,30,40,40,11,34,35,34,36,28,36,11,27,35,37,36,41,45,36,13,14,39,42,19,9,39,39,31,39,47,34,41,33,35,11,33,16,34,32,36,34,13,28,20,13,30,38,32,35,34,40,38,36,20,36,28,35,34,10,14,27,31,46,9,15,31,35,12,10,15,13,46,34,37,41,32,34,17,12,11,14,45,33,39,16,13,32,23,34,27,32,39,20,36,31,31,17,34,35,16,34,30,39,38,38,11,22,34,40,34,24,14,36,32,27,36,23,31,16,36,39,32,39,34,36,10,38,14,36,30,30,9,29,37,33,32,39,36,35,27,31,35,35,38,37,29,38,35,39,39,42,10,34,31,32,11,34,14,12,35,11,40,39,37,30,13,37,37,39,42,35,31,34,43,17,13,32,27,45,13,34,37,23,34,34,34,41,37,13,28,32,11,35,30,34,16,10,20,14,18,33,44,12,33,34,37,27,16,33,40,35,33,31,36,16,28,30,49,39,37,21,17,33,33,41,36,14
32,34,33,32,33,34,41,35,30,34,19,15,11,19,34,6,42,38,40,34,18,18,9,33,39,32,27,16,31,17,36,37,44,36,15,16,40,27,40,34,16,45,17,32,32,38,20,15,7,44,36,38,37,29,29,35,29,37,9,32,34,36,36,40,37,41,37,37,40,15,36,28,37,27,42,13,39,13,33,36,32,35,31,34,10,12,33,31,29,30,34,39,38,42,27,37,29,9,36,31,34,35,28,36,36,40,29,18,19,19,33,34,35,37,28,35,12,38,9,36,36,18,37,33,36,14,24,37,39,29,34,38,31,33,31,34,17,18,30,29,33,14,15,40,14,39,26,29,16,38,30,34,15,40,31,33,42,40,11,34,36,44,38,26,32,36,41,37,34,27,17,16,39,30,42,30,26,15,31,32,45,35,32,49,39,14,43,16,23,31,15,35,24,16,38,20,35,28,40,32,35,31,18,30,46,27,32,34,41,28,39,34,31,35,34,28,34,39,31,31,17,27,35,32,34,45,16,37,40,33,42,10,14,32,39,36,14,10,31,36,28,39,28,38,35,13,39,30,32,13,35,33,43,16,36,36,16,12,10,34,41,34,36,35,36,9,18,38,12,15,46,42,37,11,38,38,33,11,15,28,39,28,31,34,34,43,31,36,33,35,36,34,27,37,14,35,35,29,11,16,38,26,35,36,39,22,31,39,40,31,13,31,31,38,37,40,34,16,34,31,30,38,34,21,35,29,32,34,30,42,14,33,32,38,31,37,17,34,33,28,28,42,21,36,30,34,34,37,32,33,35,38,35,38,16,39,17,27,35,28,40,33,17,38,35,44,39,34,32,28,38,27,37,12,32,40,32,41,34,38,43,36,31,32,39,38,32,17,31,38,41,31,27,42,42,36,32,15,39,46,32,36,33,42,38,36,14,36,39,14,38,16,35,44,34,11,40,39,29,35,37,30,10,37,39,32,15,13,41,40,42,43,37,37,40,34,38,33,33,20,33,42,26,16,32,8,33,36,37,16,44,38,32,14,29,34,31,17,31,15,32,38,40,9,34,18,11,31,26,42,20,54,36,41,38,41,11,36,37,29,38,32,42,40,16,37,35,35,35,19,40,39,28,43,41,28,41,36,38,29,22,16,34,14,36,41,19,14,38,36,8,26,37,32,35,44,41,16,34,31,27,37,39,31,32,28,32,32,31,38,33,28,8,14,30,37,41,33,34,18,24,37,31,39,39,37,45,37,45,9,40,12,35,38,35,37,39,45,38,19,40,34,35,28,34,32,16,41,35,12,14,32,16,30,16,41,35,33,25,36,39,38,36,39,27,38,31,15,15,29,47,12,13,37,37,36,38,35,36,41,34,30,17,33,37,32,27,46,40,33,15,15,36,11,31,35,38,13,17,35,36,30,24,36,34,36,32,26,19,20,29,16,41,36,14,30,44,30,36,31,25,35,30,40,33,13,38,37,24,31,28,30,15,39,39,14,36,35,38,37,29,14,30,32,14,34,14,16,16,14,37,30,27,36,9,40,32,10,44,12,44,13,32,35,39,30,31,27,20,36,11,36,12,37,12,38,33,31,42,32,19,37,30,31,35,22,37,12,33,29,28,40,35,34,28,17,16,42,8,12,25,36,27,31,34,30,32,37,38,38,15,32,30,40,29,29,31,12,16,12,34,33,15,32,19,32,23,37,39,36,17,27,37,19,32,32,25,42,38,30,34,27,45,34,31,43,41,14,14,36,35,28,37,31,29,15,33,39,37,50,16,36,25,41,38,15,20,19,38,28,32,42,12,13,12,43,23,32,38,33,37,29,30,17,41,36,41,47,43,33,45,40,35,12,9,46,17,43,34,41,34,37,27,37,37,29,33,49,27,14,42,41,32,40,28,29,37,31,33,36,35,32,35,13,26,41,14,26,9,19,34,31,35,31,34,45,14,29,32,29,15,15,36,32,34,29,31,29,39,13,12,12,37,21,30,30,35,40,27,44,31,46,39,40,34,28,32,25,16,39,11,43,36,41,27,17,31,25,12,30,27,34,8,11,32,42,37,18,38,30,32,42,42,14,34,38,32,40,30,33,38,36,39,40,17,30,17,30,31,17,35,40,44,16,38,40,38,30,11,45,34,40,36,36,31,36,27,36,32,36,36,5,13,12,17,16,42,36,37,39,25,35,31,18,35,41,17,41,42,30,37,15,31,41,31,15,43,35,14,32,28,19,37,18,34,7,30,36,36,34,16,17,28,11,34,37,28,39,34,37
33,18,36,37,33,42,35,32,13,38,29,41,8,12,28,33,40,25,11,33,29,29,27,18,33,33,37,36,16,32,18,37,31,7,39,33,41,13,33,42,35,35,29,28,42,9,27,45,15,33,13,10,41,12,14,34,35,34,38,14,31,37,32,19,29,30,32,12,18,36,33,35,33,42,15,37,35,33,36,20,18,11,35,32,11,37,12,27,31,33,26,15,38,34,41,33,36,33,33,32,36,36,32,32,39,43,42,19,35,30,29,39,34,11,35,36,31,12,14,33,16,33,43,33,31,43,28,43,15,37,13,36,18,15,35,27,30,33,15,35,34,32,39,37,30,34,30,37,18,38,28,32,16,35,40,29,36,17,14,28,15,31,28,29,34,42,27,28,36,30,36,42,37,35,36,23,38,12,31,30,34,15,31,41,14,16,19,33,32,17,26,41,43,25,41,32,14,42,46,9,15,15,10,39,34,30,34,26,13,39,36,47,34,30,14,31,33,36,44,38,38,34,30,29,29,38,12,38,38,13,30,19,44,28,17,8,37,39,49,40,7,38,34,29,34,41,30,7,16,17,10,40,26,44,36,34,35,34,35,34,16,38,11,14,32,25,17,11,33,29,47,35,15,13,42,38,36,27,34,26,12,15,34,38,36,22,23,30,21,17,30,44,33,39,37,31,34,38,38,14,10,34,30,17,36,18,28,32,33,19,38,36,29,30,31,40,35,43,39,18,29,26,40,38,39,32,41,37,34,36,11,36,36,16,15,13,22,31,30,38,32,30,37,40,36,40,32,26,35,28,14,22,27,29,42,42,29,33,44,39,44,31,11,34,32,43,30,7,16,35,42,15,34,28,38,43,37,40,30,34,11,16,35,35,13,40,14,20,35,16,12,37,15,31,37,32,12,36,17,27,35,18,37,28,29,18,33,33,39,34,10,26,26,40,36,41,36,44,17,41,41,27,18,32,36,33,14,38,23,15,41,33,40,35,40,12,37,44,34,35,39,37,39,28,22,35,46,34,38,14,7,24,36,36,15,20,33,30,15,42,35,36,29,34,18,24,35,33,34,33,42,35,31,23,14,37,39,12,35,17,34,16,38,27,18,11,41,12,33,32,31,35,20,11,32,36,31,19,19,34,30,30,33,11,18,38,28,37,16,37,20,37,17,33,8,12,36,17,34,30,15,39,13,19,14,33,37,33,32,37,11,39,35,13,32,44,44,21,40,4,40,30,17,30,35,36,16,18,12,28,27,39,27,38,32,46,31,35,36,32,14,30,34,10,35,38,34,33,24,12,36,36,19,23,33,13,17,33,9,32,34,40,34,19,38,37,11,40,39,10,30,34,20,32,37,34,34,34,39,40,40,10,38,38,29,19,15,35,43,31,37,36,39,34,17,34,33,33,13,23,44,34,38,37,29,35,28,39,34,35,31,39,30,31,41,38,40,42,32,40,37,38,39,36,38,21,35,40,43,46,37,42,33,18,31,31,29,12,36,33,39,30,41,30,38,35,30,42,40,35,38,36,10,38,39,26,34,12,32,30,14,36,19,39,31,30,34,10,16,37,36,36,29,33,40,9,30,26,35,33,27,34,38,32,38,35,36,30,37,36,42,14,38,31,45,31,41,39,36,19,35,35,31,31,30,14,32,34,37,16,36,41,14,29,34,29,10,34,34,40,36,34,12,35,13,38,31,11,9,33,19,39,33,40,30,26,36,33,40,32,21,37,8,16,38,17,37,42,29,33,41,36,13,36,14,38,21,33,32,15,35,31,36,31,41,39,37,34,40,37,32,36,16,40,35,30,13,43,36,15,29,31,34,36,35,22,33,30,32,27,32,31,39,32,32,32,33,18,33,32,18,28,40,31,32,35,32,39,32,32,33,15,28,34,36,29,36,37,19,35,30,47,40,17,18,30,41,11,38,10,36,42,13,19,33,11,16,43,14,17,29,29,33,15,44,46,44,30,41,35,39,30,33,34,19,31,37,39,40,33,11,37,29,30,36,36,31,28,39,10,43,34,30,14,32,13,40,41,34,30,34,37,47,8,29,31,17,43,37,31,35,14,31,29,35,16,42,38,37,33,41,40,32,37,14,15,29,9,13,34,34,11,39,31,20,31,34,40,29,33,14,37,34,16,8,30,12,18,26,28,29,35,30,38,13,27,34,40,36,27,36,29,15,34,41,41,39,32,14,39,30,34,35,38,41,37,37,14,31,35,41,34,33,22,34,34,16,35,34,13,29,37,37,15,32,32,11,33,17,32
13,45,13,35,25,37,34,36,37,27,36,35,40,31,41,20,16,35,38,33,33,44,40,33,44,29,39,38,29,37,37,38,42,38,31,33,33,34,31,40,29,15,41,15,15,36,43,42,44,39,18,34,9,28,28,34,31,37,31,34,17,31,28,28,14,9,30,18,30,36,15,31,34,15,10,35,9,32,39,37,30,39,9,38,45,40,14,6,35,33,31,33,29,39,34,13,34,37,38,16,32,32,37,16,33,32,15,28,34,38,36,37,36,27,21,38,31,37,32,14,18,40,37,32,37,33,36,35,43,27,36,38,21,14,35,36,12,28,12,40,37,15,37,16,35,38,15,12,30,32,38,34,37,29,37,29,32,41,12,16,35,33,28,15,32,27,37,37,34,39,34,15,37,39,17,32,39,14,32,11,18,29,35,15,38,44,16,41,40,25,32,36,19,36,39,23,14,31,10,27,31,10,17,29,34,15,32,36,20,39,35,29,35,36,44,30,36,13,34,15,29,46,35,40,27,30,32,9,33,40,27,34,13,36,35,28,19,35,39,41,36,34,29,21,26,37,42,29,19,28,36,30,5,10,21,12,30,16,37,35,16,45,13,34,15,17,39,33,35,36,33,12,34,30,41,29,27,38,37,23,26,38,34,11,31,39,11,32,34,35,34,42,9,33,15,37,11,40,26,33,39,38,31,34,7,33,40,33,37,30,35,15,35,40,36,14,11,39,29,17,37,40,31,34,27,29,43,13,38,29,36,33,27,17,19,16,27,36,41,35,46,13,32,18,11,32,36,16,36,41,40,41,30,43,36,34,17,26,12,30,33,8,11,28,36,37,34,31,36,34,38,21,34,37,24,16,16,41,34,32,38,28,13,35,34,16,34,16,11,33,40,33,36,16,14,14,33,7,32,16,31,32,27,30,37,32,35,28,13,30,31,43,33,30,31,34,31,37,26,37,41,37,29,37,44,31,37,38,17,42,42,30,18,35,30,34,34,17,15,33,35,16,35,31,34,11,12,43,35,41,35,35,11,37,13,33,11,42,11,16,29,13,32,15,37,35,32,17,42,7,35,32,34,36,19,28,15,35,33,45,24,34,34,39,13,36,40,15,37,42,39,37,33,28,34,33,37,36,15,41,33,31,28,20,32,38,14,14,35,30,19,36,30,17,17,35,36,39,31,38,33,41,31,33,43,11,36,42,39,34,39,35,33,42,13,19,40,33,33,43,39,32,33,15,15,27,41,10,38,36,31,10,39,36,35,42,13,43,14,35,35,16,28,37,31,41,32,33,40,38,38,32,38,39,17,36,38,35,17,28,35,37,39,16,40,40,41,15,22,42,32,26,10,42,35,36,14,19,40,28,11,33,44,14,30,33,12,30,28,36,32,41,10,32,45,36,19,36,30,37,24,12,35,27,32,34,13,18,31,21,18,11,33,35,42,34,38,16,13,13,14,30,23,39,33,11,42,37,7,14,26,38,31,31,40,35,29,17,42,9,36,40,12,37,12,18,31,33,32,46,40,40,36,48,35,37,32,43,31,31,26,35,11,41,17,41,31,38,17,37,36,41,38,35,35,19,15,40,12,32,20,35,39,15,12,43,35,39,16,34,29,39,33,35,32,35,18,39,41,37,35,29,47,42,18,18,19,38,12,39,37,16,34,30,16,14,39,8,32,17,40,39,41,25,28,37,32,31,38,15,36,34,41,40,11,39,40,9,39,24,33,40,36,16,35,39,37,33,12,31,11,31,30,15,35,28,36,42,13,30,30,25,34,17,34,32,43,41,37,21,39,38,37,33,27,37,34,35,42,34,26,31,45,17,34,15,39,17,41,32,33,24,33,36,41,15,31,15,36,36,35,38,37,39,17,35,45,36,29,38,19,41,8,31,16,14,16,39,31,33,38,35,37,6,32,36,10,40,14,40,34,19,16,33,39,34,36,13,30,46,49,43,42,34,32,36,15,39,38,40,21,33,9,36,33,37,36,34,40,18,33,16,39,28,28,36,13,42,15,39,17,38,30,30,13,10,38,20,34,13,35,12,35,30,44,40,27,18,32,16,36,35,33,41,31,12,35,36,15,15,35,33,29,35,29,33,13,31,34,35,32,16,38,40,9,35,31,13,32,33,32,35,31,23,41,36,38,34,41,24,37,11,13,29,35,17,14,35,42,11,17,30,34,36,34,15,13,37,32,35,34,34,14,33,31,32,24,39,48,28,35,38,29,32,27,29,20,25,35,17,37,36,11,36,40,31,34,20,15,34
20,12,35,9,35,38,38,32,28,12,34,10,28,38,37,41,27,15,39,40,39,16,33,31,30,12,40,33,15,34,13,17,37,37,39,19,39,22,38,33,14,31,32,43,38,34,31,19,18,25,36,33,35,24,20,31,18,31,42,33,14,36,15,32,28,27,41,33,32,38,16,33,14,27,38,39,26,16,13,36,15,37,41,30,36,37,37,31,33,28,38,36,36,37,30,37,40,29,38,14,27,12,26,41,13,16,31,38,33,31,40,40,34,34,33,33,12,21,41,34,30,32,14,36,37,15,34,43,38,32,15,32,37,30,36,34,11,41,37,23,11,38,19,32,36,32,30,19,36,37,33,31,13,30,29,13,31,17,17,38,31,36,35,11,31,29,34,9,34,12,36,37,33,31,35,34,14,17,33,37,33,28,25,12,30,39,36,33,41,35,9,32,33,42,35,19,36,33,45,35,19,47,30,28,36,31,41,19,35,9,38,37,32,12,12,25,34,41,10,41,39,40,17,31,14,18,36,38,35,38,14,32,30,33,30,36,33,27,33,34,32,14,35,18,32,40,34,32,42,37,38,34,13,37,16,12,20,34,37,36,43,21,36,13,30,41,11,16,34,17,29,14,19,7,47,37,10,33,14,44,12,34,10,40,40,32,33,13,13,38,40,31,32,31,32,29,24,36,26,33,8,38,45,37,32,35,10,39,35,38,15,32,32,37,33,41,40,31,38,27,31,42,14,11,38,26,40,36,9,32,33,11,28,33,11,35,42,30,28,40,15,34,44,39,37,20,22,9,39,39,37,41,38,24,33,34,26,34,37,40,19,34,41,33,32,36,13,31,32,29,36,31,42,41,27,37,34,34,33,34,16,36,14,39,41,40,16,32,36,13,30,40,16,35,36,37,11,32,18,37,29,34,35,21,41,36,20,36,15,30,30,40,19,47,39,39,41,36,20,37,14,41,33,36,15,38,36,36,38,35,15,41,18,38,33,28,32,39,39,17,14,28,21,32,38,10,15,34,33,31,40,29,25,40,27,33,34,38,34,32,31,34,31,32,23,38,22,31,31,42,33,20,39,17,36,25,31,12,33,35,20,40,39,28,14,25,44,30,30,42,39,31,41,33,35,5,15,38,34,29,34,37,14,16,15,35,32,34,32,28,33,13,33,26,33,26,36,23,42,12,28,15,39,16,31,27,12,16,41,18,41,15,12,41,35,12,31,41,45,13,34,17,32,12,37,14,42,44,17,32,31,20,15,33,19,37,36,31,36,18,35,46,36,11,36,16,15,39,13,35,30,38,30,47,11,40,42,35,28,11,29,36,47,18,13,33,27,24,38,38,16,25,15,36,35,38,44,31,35,37,28,33,26,36,13,31,43,26,38,17,35,22,33,41,12,30,28,34,12,31,32,14,32,31,12,41,29,30,35,35,36,38,39,11,39,16,37,34,11,28,32,36,28,12,36,30,11,29,15,41,38,16,38,20,36,30,31,20,34,14,13,39,18,29,16,33,41,13,32,32,12,26,43,34,37,35,40,37,35,37,46,36,15,28,34,29,35,36,32,32,11,36,30,18,10,28,20,39,30,33,23,26,28,26,31,32,34,35,33,27,8,14,38,41,35,35,35,35,38,44,36,25,10,42,30,37,34,40,40,37,41,24,38,14,40,37,30,30,35,9,31,35,33,16,32,33,33,14,32,29,32,46,38,27,29,29,39,14,18,41,30,30,38,42,31,31,15,31,36,33,19,9,38,34,30,38,36,37,43,38,30,38,43,34,37,37,34,34,32,39,15,15,31,37,32,40,27,37,34,42,23,31,41,40,27,30,11,13,33,41,6,17,38,49,28,32,13,39,9,15,37,32,34,28,32,48,34,12,29,10,28,44,48,29,13,39,35,46,36,23,39,41,36,38,31,28,42,39,29,11,16,14,36,12,38,38,36,33,35,41,34,40,33,14,32,38,41,17,17,40,39,17,28,29,36,43,16,32,36,35,13,11,39,17,15,17,33,19,40,23,33,18,33,34,34,38,26,28,32,31,38,29,30,41,36,33,33,39,37,35,14,28,39,33,44,28,14,19,34,37,40,36,42,14,31,43,33,42,32,31,36,43,36,39,22,10,30,30,29,36,22,35,39,16,34,30,32,33,36,17,32,34,38,16,28,10,41,38,16,17,28,18,10,30,37,46,14,14,14,35,12,35,30,37,30,39,40,38,19,16,31,39,20,39,28,38,31,32,15,30,37,36,10,38,31,31,39,33,38,30
31,35,29,19,34,28,36,12,40,37,42,41,20,40,12,13,35,34,37,33,46,34,38,15,28,34,41,39,42,33,33,38,34,40,40,37,36,30,43,40,11,13,23,32,34,39,11,11,33,35,42,37,37,15,32,42,41,39,16,36,32,11,31,35,37,35,32,39,36,35,37,18,10,43,36,18,32,10,32,34,15,35,36,15,32,32,43,15,33,30,35,14,13,8,17,38,34,14,21,32,33,29,38,41,35,29,19,14,26,33,43,38,22,14,35,23,39,12,35,11,43,34,36,34,35,40,36,19,36,24,32,34,32,32,12,32,42,39,37,43,32,29,37,36,27,16,29,17,37,30,33,34,13,35,36,42,29,37,41,45,39,36,37,34,34,32,30,33,35,19,13,43,41,42,40,35,30,19,21,31,11,30,15,20,39,15,14,33,41,34,33,35,29,35,33,27,30,30,32,35,33,26,12,17,9,37,16,27,35,14,30,41,19,34,42,35,29,36,19,34,33,26,34,39,36,16,40,35,33,35,35,37,27,17,5,35,34,37,35,40,38,20,16,30,34,16,34,42,35,16,38,43,32,14,36,15,17,32,26,49,31,16,30,18,24,30,17,30,12,15,32,34,13,33,28,13,31,35,21,37,38,45,40,8,8,40,30,32,17,29,17,37,10,25,14,35,39,37,33,18,14,13,32,43,27,29,33,42,40,12,29,31,13,39,31,45,26,32,38,38,36,18,36,15,32,39,33,34,39,17,36,36,18,38,33,40,36,40,40,38,13,42,40,16,33,39,10,18,16,37,14,17,30,29,18,19,40,17,37,28,37,38,39,14,35,43,31,34,16,36,36,28,34,12,36,14,37,29,34,29,33,35,34,24,14,15,35,27,42,36,31,40,35,35,32,29,17,37,33,19,34,43,30,34,39,16,34,35,29,34,34,18,36,20,24,10,34,27,11,35,34,11,30,39,39,32,15,24,34,29,12,33,33,33,11,37,35,24,32,36,13,15,44,27,35,13,38,35,36,42,30,35,17,37,37,38,37,41,29,31,13,9,37,30,34,33,43,39,32,22,32,17,33,30,12,39,41,24,15,36,35,41,32,37,51,46,36,16,19,34,35,34,38,15,12,33,16,33,12,41,32,18,23,37,32,27,40,40,34,36,22,30,31,25,26,32,39,18,15,40,39,38,40,35,33,37,10,41,36,33,37,22,17,33,33,34,43,37,17,30,27,27,14,36,20,11,35,30,9,16,33,32,32,15,14,27,24,35,19,38,13,20,36,14,18,34,39,36,40,38,44,12,34,36,32,14,39,44,17,25,39,36,44,37,38,34,17,38,29,39,11,28,31,42,42,35,32,16,29,37,30,34,40,33,32,28,33,41,22,37,41,34,37,37,41,41,17,32,43,36,30,18,39,32,36,35,22,36,14,36,8,12,42,36,32,37,29,17,43,34,32,35,33,36,30,31,30,38,32,32,9,37,33,44,33,35,34,41,28,12,15,9,35,6,18,33,35,41,12,38,13,11,29,29,45,39,13,32,38,9,33,31,30,34,33,36,40,40,31,29,38,22,41,31,29,39,33,13,40,36,39,16,42,35,17,12,14,46,29,11,37,33,11,37,30,20,17,32,16,35,38,33,41,14,37,34,16,16,34,18,18,16,32,36,34,38,11,39,10,41,14,43,42,35,39,33,32,30,18,31,12,19,39,32,11,16,31,32,38,37,41,19,39,32,33,28,8,38,46,30,17,31,35,32,39,36,38,17,31,37,16,30,33,35,33,13,43,30,41,37,35,34,34,38,35,40,18,21,33,33,35,13,41,30,33,14,34,33,32,39,19,38,29,20,11,31,32,15,14,41,36,36,39,43,9,35,34,14,17,40,17,30,31,39,26,13,35,36,35,34,24,38,36,30,24,21,35,15,35,31,40,27,34,12,40,35,40,14,31,29,10,31,39,43,17,42,11,27,42,31,33,16,35,36,43,35,37,36,35,39,31,35,31,16,38,49,31,38,33,38,40,35,35,40,40,36,35,33,32,37,38,33,28,32,29,33,15,41,46,36,14,41,40,40,35,35,23,45,11,41,23,31,41,30,13,11,12,30,15,37,15,34,34,34,38,37,40,24,34,40,9,31,20,35,42,33,16,13,16,44,14,37,18,11,20,40,37,13,34,16,14,36,19,42,31,37,13,26,10,32,37,16,35,45,33,41,36,31,19,39,13,33,13,13,32,40,29,26,27,40,40,16,13,36,14,35,40,34,39,34
26,35,33,13,14,34,35,47,39,35,34,13,12,36,15,33,33,38,33,18,16,29,17,37,13,11,43,41,14,31,44,26,14,39,12,39,41,32,19,41,16,15,33,16,35,37,42,42,41,16,18,35,45,31,30,31,33,39,11,33,30,47,30,40,18,34,13,26,34,40,33,45,33,15,42,27,14,31,41,32,18,35,32,35,40,30,19,29,17,27,18,34,26,37,29,34,38,35,39,19,34,36,15,41,41,35,31,42,38,17,10,38,42,38,17,36,38,42,35,44,32,40,36,31,44,39,30,34,38,22,33,39,34,37,38,31,34,17,35,39,23,30,35,33,28,34,35,36,11,30,26,34,24,36,30,29,43,36,45,14,40,42,39,28,14,14,44,28,37,35,37,16,32,15,38,11,17,30,35,35,31,33,45,37,12,26,30,13,37,37,10,19,15,35,12,22,34,38,37,33,11,21,32,34,40,24,35,40,16,35,34,33,38,38,41,14,32,30,40,35,38,36,31,35,21,10,41,10,32,35,11,29,38,10,42,29,30,9,37,21,12,31,34,37,30,17,37,13,36,14,34,38,27,35,26,25,31,40,33,26,33,17,35,28,36,14,38,33,37,17,9,30,13,38,41,44,44,13,27,38,14,34,43,34,39,46,12,14,34,33,17,32,28,20,31,30,27,38,36,20,32,29,41,41,32,32,37,33,16,40,31,30,13,27,39,27,42,27,36,32,31,36,40,14,29,32,13,36,14,33,5,26,39,35,35,42,44,8,32,33,11,32,29,20,34,12,44,46,35,43,33,38,34,34,39,33,18,35,33,37,36,37,37,36,39,26,18,30,34,34,24,33,18,37,15,41,32,33,34,36,33,24,35,34,24,39,38,33,42,37,38,9,9,10,44,37,19,19,17,36,38,34,12,29,37,35,36,37,33,32,13,20,41,29,40,18,34,33,29,28,33,12,15,30,18,32,35,17,19,31,13,30,8,39,35,38,23,35,18,41,38,29,34,7,32,25,34,44,30,14,35,34,40,9,38,38,34,15,41,29,37,38,18,30,38,15,39,30,30,30,20,33,18,35,32,33,34,27,19,14,13,27,20,35,38,25,19,39,29,37,33,33,41,43,14,30,31,35,29,15,14,15,29,40,15,38,29,40,37,35,34,34,40,39,16,32,30,25,34,37,33,37,32,42,30,38,37,36,39,39,36,24,37,33,37,29,31,37,35,34,30,31,41,35,42,33,42,35,31,34,27,47,28,42,38,25,29,38,35,30,39,43,26,33,13,34,36,37,33,36,34,36,28,26,30,33,40,50,41,14,17,12,17,15,9,37,37,37,16,19,16,19,48,41,35,35,17,15,33,35,33,41,41,31,19,29,32,37,15,35,36,38,31,9,31,8,30,19,27,15,33,13,21,36,38,37,35,20,38,39,43,25,28,32,37,40,15,32,36,36,38,37,34,39,32,22,28,30,41,15,36,26,14,36,32,41,16,32,38,15,25,37,38,41,36,25,42,32,33,34,36,35,38,31,32,16,38,32,38,32,35,33,33,31,37,36,29,14,25,34,44,33,30,35,35,36,5,39,38,33,10,37,38,11,33,41,35,50,35,11,37,17,36,30,34,35,21,17,36,34,38,37,14,37,21,40,42,40,29,31,42,48,30,28,40,8,19,33,16,15,33,44,36,38,32,13,17,37,18,34,34,30,28,36,37,32,33,22,15,14,43,38,31,33,37,34,16,9,19,31,33,24,31,23,8,47,14,16,44,34,29,14,31,34,34,15,40,33,37,36,16,32,40,33,11,34,42,14,39,36,39,41,37,36,35,41,39,35,10,17,33,39,32,42,34,30,32,29,13,40,30,16,15,33,35,15,35,38,46,19,35,46,37,45,14,36,45,33,35,17,37,39,42,34,31,16,37,31,30,12,32,28,33,13,32,17,35,29,10,31,35,37,37,12,22,22,34,32,32,40,36,33,24,12,17,36,36,40,30,18,37,10,31,37,40,28,37,37,30,32,39,38,21,11,40,33,29,39,16,33,13,18,35,16,37,24,14,13,37,42,13,45,40,35,33,44,36,34,30,35,33,36,35,33,37,16,19,31,29,16,35,32,38,33,34,40,42,8,36,42,30,42,14,34,34,44,36,30,35,37,33,42,37,45,31,32,16,37,42,42,35,38,16,39,19,40,13,15,22,40,13,42,36,40,37,33,14,39,38,13,37,40,39,33,39,23,25,31,41,40,41,12,39,15,29,26,29,33,33,40
36,37,40,29,36,12,13,29,35,37,43,32,35,16,35,34,11,32,14,34,31,39,21,35,33,15,32,33,43,36,33,34,33,33,24,35,40,35,9,33,33,18,36,11,32,35,33,34,39,34,36,29,32,10,31,34,31,31,39,33,17,37,37,12,40,36,13,13,41,10,35,7,15,38,34,19,12,39,34,14,20,12,11,34,36,11,41,30,38,41,30,36,18,37,23,33,35,39,11,39,36,35,14,27,32,37,30,36,37,23,15,23,39,31,15,13,33,31,30,41,22,35,15,41,15,30,21,38,35,37,13,14,40,21,34,21,29,18,28,17,28,27,28,17,32,40,16,34,14,26,39,36,14,38,43,31,14,31,26,34,26,34,33,11,16,39,32,29,30,39,38,38,33,20,37,48,22,33,31,17,28,22,40,41,12,40,29,34,35,39,13,18,40,34,36,37,32,38,38,38,34,35,36,31,13,10,17,40,21,34,41,15,11,37,44,31,10,34,15,20,15,15,21,13,37,14,28,33,26,50,14,37,33,31,38,8,41,48,34,31,39,34,32,31,41,34,34,38,13,31,32,31,12,31,36,28,35,29,39,8,18,12,40,41,31,36,21,30,43,39,36,40,10,29,40,33,46,17,13,42,41,39,7,26,11,37,36,35,19,39,30,39,13,33,34,41,32,35,44,41,15,29,40,35,37,34,38,26,30,29,36,35,38,35,16,20,34,38,28,33,30,29,33,27,14,27,36,32,37,11,36,38,41,31,13,30,16,34,23,33,35,32,35,34,14,13,37,15,47,43,30,28,35,33,33,41,39,42,37,16,23,14,14,31,29,29,40,34,10,10,34,49,41,29,42,38,30,40,33,30,39,12,42,31,26,31,50,43,37,16,31,21,11,30,32,36,43,32,30,36,31,19,34,32,11,39,34,39,37,26,13,42,38,49,45,33,32,30,15,15,37,34,30,31,20,34,38,15,16,34,38,35,34,17,30,35,29,41,34,41,31,13,35,26,42,34,41,11,13,33,35,39,12,36,16,27,28,41,39,36,36,31,28,18,40,31,33,37,41,36,39,16,41,35,18,37,38,37,31,10,28,47,37,14,37,35,41,16,35,40,34,33,39,11,32,43,36,10,32,39,35,38,16,41,36,36,39,35,29,32,48,38,17,37,36,36,29,33,34,39,39,37,36,36,14,38,44,42,10,36,12,35,35,38,35,42,43,41,37,36,45,16,28,35,16,37,31,14,27,42,12,33,37,35,16,34,14,34,34,27,44,33,29,32,17,13,28,44,34,31,34,12,7,35,25,25,35,29,10,43,34,42,36,13,32,13,42,31,15,44,24,37,39,31,34,36,41,40,31,36,37,34,41,45,16,27,12,40,35,13,35,27,40,30,29,38,40,36,41,34,29,45,31,36,16,42,40,34,16,39,33,38,29,32,28,31,41,14,13,13,38,34,41,31,16,32,30,13,29,36,36,11,42,29,43,27,19,39,8,39,31,12,34,41,30,17,48,17,49,38,38,15,32,18,18,31,26,34,41,36,26,37,44,12,26,34,33,40,40,31,33,31,42,30,32,35,18,27,34,39,31,31,19,43,9,16,32,12,35,19,36,30,10,34,28,12,24,30,15,18,34,19,46,40,37,35,43,29,37,35,18,34,46,26,29,38,40,16,12,13,38,43,30,37,31,37,39,49,34,25,33,35,39,32,16,17,36,40,13,34,17,14,38,39,36,43,33,34,33,42,11,38,39,12,13,32,46,35,10,31,30,37,37,32,33,38,47,45,43,40,35,14,14,12,34,32,34,18,33,36,10,19,39,31,41,45,35,37,41,17,34,30,32,33,10,33,34,30,32,35,41,39,18,37,17,33,18,34,18,25,39,16,34,35,40,47,36,16,20,40,34,14,33,33,39,39,36,35,16,36,32,33,32,38,16,40,40,18,39,33,32,45,41,34,38,39,33,10,33,33,18,36,39,42,32,40,38,36,33,33,34,33,39,35,30,14,14,41,37,32,20,37,31,26,14,15,38,30,17,34,32,40,27,28,39,36,35,10,39,32,40,37,32,40,34,33,40,27,28,31,18,38,40,36,18,33,34,14,39,38,22,38,16,35,30,30,36,33,37,25,40,34,12,39,37,38,40,10,25,26,12,35,41,39,38,33,32,27,29,29,40,44,34,29,34,29,34,28,17,12,41,41,16,34,36,41,15,25,31,35,22,34,37,9,34,25,32,9,33,39,33,40,14,34,12,39,37,40,32,32
11,26,19,39,13,36,29,32,40,11,28,41,10,28,36,31,39,44,42,16,34,12,23,19,35,14,26,38,32,36,27,40,34,16,37,33,35,23,40,30,34,30,13,19,33,41,36,15,37,32,36,42,36,33,32,14,41,29,39,41,17,39,34,28,10,38,37,37,6,35,35,14,35,41,12,33,28,14,36,38,34,28,18,36,35,14,34,12,16,22,42,13,39,32,14,37,29,35,38,30,37,30,32,15,31,27,43,35,15,31,34,43,11,12,37,30,23,33,23,32,36,14,13,31,49,25,33,31,12,36,16,37,34,39,43,27,22,38,12,36,34,16,36,11,33,35,37,36,16,29,15,17,11,38,11,27,30,42,32,29,19,18,34,29,29,43,30,30,26,36,36,37,14,11,42,32,38,13,31,34,45,33,37,39,26,17,35,16,36,14,15,40,42,36,38,35,13,22,26,49,14,32,35,34,32,32,26,29,46,43,43,40,16,39,30,18,25,34,28,36,37,36,34,14,40,35,38,30,14,38,17,32,26,29,22,42,38,35,13,13,31,39,42,9,16,14,15,11,32,35,31,43,26,33,35,17,38,35,28,38,34,32,27,28,15,35,32,28,34,38,32,16,13,12,15,37,15,17,31,32,32,39,23,36,11,43,36,36,31,29,31,30,36,31,36,11,11,29,41,39,38,8,36,38,25,36,32,32,36,37,40,38,35,20,40,36,36,43,30,11,44,31,32,33,35,27,32,16,12,34,11,32,32,34,37,13,42,40,13,11,33,37,31,16,17,31,19,33,18,15,40,36,11,35,35,34,32,40,33,36,30,31,40,32,19,32,35,31,11,38,12,39,24,25,38,19,17,39,39,32,26,42,14,29,30,35,14,31,38,36,15,31,39,40,12,41,14,37,34,9,35,11,33,35,13,46,36,31,37,17,36,11,17,16,41,38,31,35,38,34,35,33,42,33,22,18,14,20,11,22,27,31,36,42,21,38,37,29,40,27,36,27,36,30,33,27,28,33,30,35,58,42,29,19,19,40,39,8,31,10,30,39,28,33,11,36,14,33,29,22,19,30,18,47,26,13,34,42,33,36,41,15,33,34,37,33,16,35,37,32,37,39,9,36,14,22,16,19,34,39,44,38,19,42,34,35,38,34,14,32,31,35,35,37,40,29,34,33,15,38,30,38,17,30,39,33,32,31,33,12,38,8,39,15,37,39,32,28,15,35,18,41,36,31,12,10,39,36,38,43,27,35,37,22,30,39,36,40,37,22,44,30,35,32,38,33,31,37,37,40,38,43,38,42,30,32,40,40,36,31,13,35,40,32,38,33,36,17,14,42,40,13,32,32,16,33,35,15,14,13,36,18,35,37,14,10,38,44,17,38,28,28,36,38,39,29,33,42,41,33,17,37,35,34,37,27,39,37,34,20,31,34,13,31,34,37,41,37,33,45,37,22,44,34,32,48,34,31,18,39,37,26,37,17,17,35,12,13,36,32,38,39,32,38,41,17,39,33,39,13,33,17,32,33,38,31,8,14,41,33,12,17,32,32,35,29,14,38,31,39,14,23,24,28,34,35,15,40,39,35,38,37,47,35,16,33,34,41,43,18,42,31,38,46,34,37,36,38,38,41,32,39,39,41,18,26,33,23,18,34,15,14,15,18,33,32,16,11,7,31,28,15,20,37,41,34,35,46,46,24,35,40,30,43,10,33,45,14,29,36,34,39,39,35,13,35,30,20,15,33,31,16,10,37,35,39,28,35,38,35,11,11,14,30,12,29,41,32,15,27,26,37,35,29,9,36,32,40,36,40,41,37,42,13,15,31,36,36,37,17,15,29,22,8,21,32,19,17,38,30,26,35,34,34,42,36,41,42,36,12,40,14,31,32,25,41,30,41,19,36,19,26,24,31,32,32,39,36,16,43,29,36,39,34,37,36,35,39,44,20,15,27,41,35,35,19,33,32,16,35,40,35,32,27,18,37,16,31,29,38,38,37,42,33,36,15,12,38,25,40,13,24,15,14,29,35,18,32,34,32,40,32,30,17,48,41,41,32,34,42,40,41,37,34,39,38,30,19,38,18,31,18,31,41,33,42,33,35,15,14,34,18,41,37,37,32,35,33,38,38,38,46,40,34,37,30,11,9,13,40,42,19,32,39,37,43,40,29,37,30,32,35,36,31,39,33,32,37,13,31,44,38,38,34,35,28,33,36,10,35,18,33,26,20,43,32,31,30,31,30,33,35,37,32,45,37,15,38,27,41
20,17,33,17,14,14,32,18,24,34,29,40,16,11,36,36,37,42,35,33,32,13,35,15,14,9,38,34,29,36,39,33,38,27,37,37,35,35,31,14,10,39,26,31,10,19,34,36,33,35,31,32,29,35,31,18,27,15,36,35,30,40,33,28,35,12,16,33,32,36,34,15,47,36,33,27,37,37,13,30,38,14,16,34,31,41,31,38,29,17,33,41,33,34,35,40,31,36,36,30,33,15,31,32,22,33,33,37,35,33,44,31,40,48,41,47,32,32,16,34,32,36,18,9,33,46,35,39,37,38,38,24,37,33,38,33,30,14,20,44,36,37,38,36,41,35,25,34,45,16,37,37,39,37,32,30,39,33,38,36,33,32,31,27,21,33,17,39,29,21,40,30,42,35,41,32,37,36,12,35,36,31,37,8,35,34,31,33,19,18,15,34,12,39,22,23,14,15,33,34,36,32,30,15,38,30,11,37,34,27,12,25,38,40,31,13,36,17,36,14,35,27,37,39,27,16,29,42,29,32,35,39,40,39,34,35,33,36,35,29,32,34,34,30,31,47,40,35,31,33,28,37,30,30,30,38,9,41,31,40,14,35,18,17,29,34,17,5,33,40,27,37,30,12,36,40,37,36,31,40,31,39,35,36,37,37,14,36,35,39,42,34,42,41,14,34,38,32,44,39,41,35,26,24,37,18,37,30,34,39,31,41,37,9,35,41,40,41,12,12,37,40,36,12,17,43,13,37,31,15,34,12,31,38,34,35,12,17,34,14,15,34,32,27,37,43,37,37,37,15,32,34,30,29,15,23,31,44,34,18,31,33,14,44,12,36,33,21,42,28,12,33,27,8,35,33,34,37,30,40,38,37,30,36,33,30,29,35,31,36,35,35,38,42,35,34,35,5,28,39,12,32,14,34,34,12,40,41,14,18,37,16,39,36,32,10,41,39,33,28,32,37,38,17,46,11,9,38,33,29,33,27,25,33,38,26,45,43,34,28,24,27,12,17,41,38,15,37,28,32,32,30,45,15,37,34,14,38,28,41,34,17,35,33,40,34,20,39,45,35,35,32,35,37,40,17,15,42,34,17,15,33,38,32,22,17,37,41,13,12,37,43,39,45,20,8,29,28,37,32,24,35,30,32,36,14,30,26,34,30,35,22,33,31,33,35,35,37,34,33,11,34,33,40,35,41,43,38,36,34,35,38,35,14,26,32,23,15,35,33,41,16,40,38,37,29,17,33,28,25,31,33,36,19,31,39,13,14,30,38,19,19,15,31,17,37,38,36,15,36,29,38,8,38,29,34,14,15,9,27,34,38,28,34,32,31,39,37,34,38,35,32,49,35,35,50,40,17,30,15,38,36,12,18,16,17,31,41,45,33,43,47,11,41,42,20,28,38,16,17,44,38,39,17,34,29,8,39,9,17,28,15,35,44,17,28,39,17,28,20,43,29,19,38,37,39,38,34,17,42,35,45,33,18,28,36,18,10,32,42,39,29,37,10,35,35,28,30,34,32,42,33,17,33,38,15,37,36,35,35,38,44,31,33,28,28,39,31,38,36,40,36,34,40,12,33,26,16,34,30,13,17,42,34,35,17,31,16,32,14,29,37,36,28,35,36,40,41,32,23,34,31,38,35,38,35,43,37,38,30,31,14,34,17,27,43,16,34,33,33,9,19,35,34,41,34,41,42,14,33,18,35,37,20,38,11,28,39,34,39,25,43,35,32,15,30,17,33,28,21,42,30,21,12,36,19,28,34,30,33,12,32,17,9,37,38,13,32,15,32,25,32,43,39,38,37,31,38,34,38,36,17,41,14,35,35,28,36,26,30,14,12,11,31,36,32,14,32,36,17,36,15,39,35,40,34,34,12,27,15,33,31,46,40,39,34,30,31,36,34,42,33,32,28,33,32,45,16,19,34,32,38,31,41,15,44,37,38,36,38,27,10,36,37,33,41,38,36,33,35,38,41,33,28,19,33,36,38,33,42,18,31,20,40,35,39,29,43,19,18,32,12,26,18,31,41,38,39,36,33,41,16,15,34,40,36,35,10,41,12,29,33,31,12,12,34,32,38,34,38,34,29,19,36,18,35,36,37,18,26,35,33,35,34,36,10,16,40,14,40,38,21,37,15,11,35,13,31,43,34,32,31,38,35,38,36,15,31,27,10,17,30,34,45,13,44,32,29,21,33,32,31,42,29,17,39,36,18,39,44,41,34,40,10,7,22,36,32,32,15,15,32,39,12,28,33,10,42,35,36
10,35,39,39,14,35,32,14,31,30,15,18,16,38,19,18,33,35,32,12,11,37,36,19,35,36,11,35,15,33,37,34,34,36,34,26,33,18,29,32,38,35,35,42,33,14,33,33,32,33,38,39,36,42,40,38,13,20,40,39,34,36,38,15,33,27,34,31,49,28,33,14,40,29,33,39,12,35,36,37,35,35,33,34,34,33,39,28,30,36,38,33,37,34,20,33,34,30,15,35,20,10,34,31,33,35,31,34,37,11,44,30,31,12,32,38,36,31,33,28,19,11,35,47,26,13,13,33,34,20,13,42,35,18,35,32,36,13,29,38,34,42,38,27,34,34,33,27,26,37,40,38,34,35,42,36,32,37,11,12,14,31,37,17,36,36,37,39,43,35,35,31,38,32,33,32,16,37,36,39,38,36,27,13,16,41,15,35,15,14,14,36,29,37,32,41,36,15,37,34,14,48,16,34,37,16,30,33,42,37,35,42,43,32,9,47,37,34,45,28,17,24,29,37,37,17,35,34,11,44,37,33,36,33,14,18,12,13,31,39,35,34,18,17,42,12,33,10,43,37,38,12,44,36,34,18,17,19,42,41,18,30,32,12,35,34,15,35,34,32,10,19,18,15,39,38,27,34,31,42,33,34,35,40,37,11,43,15,14,36,32,10,44,40,38,31,28,37,35,37,30,39,31,36,13,38,26,39,16,28,39,31,40,38,36,40,34,39,36,30,28,17,27,18,12,37,31,43,35,28,29,30,34,33,38,39,11,17,33,37,36,25,30,34,33,35,39,17,41,41,47,29,30,38,17,35,34,17,42,12,47,32,42,37,15,24,14,35,9,30,32,39,31,12,16,40,38,31,43,33,34,16,37,43,15,28,38,34,37,34,39,36,35,26,34,35,32,41,40,16,32,16,42,38,28,41,32,38,32,36,47,46,31,29,39,32,15,39,32,39,12,30,37,46,32,19,38,13,33,32,40,34,13,30,20,32,43,40,10,34,41,14,39,29,40,10,7,42,14,42,37,42,43,38,34,35,13,36,35,34,37,15,17,34,49,30,16,11,35,46,37,36,32,37,27,33,34,34,36,13,15,37,41,31,16,27,27,39,44,14,32,38,45,35,17,20,19,12,40,33,33,9,37,36,44,38,35,35,32,18,36,30,33,35,19,34,14,34,35,29,16,41,12,16,16,35,33,36,36,18,41,25,38,29,18,37,32,42,23,42,39,14,34,38,30,34,38,14,34,39,38,36,35,29,15,15,34,40,11,28,36,32,39,34,17,14,36,28,36,34,27,23,36,38,15,40,33,41,36,44,13,14,34,11,33,39,10,29,13,35,32,34,32,42,37,12,35,33,32,34,11,26,32,21,35,32,34,11,38,32,33,39,36,35,16,12,14,36,41,33,39,18,36,12,37,13,13,13,22,15,34,30,29,36,29,13,36,17,39,33,38,33,31,13,38,40,29,30,36,31,35,11,18,11,31,26,30,21,30,34,35,18,34,36,35,38,38,49,33,32,16,38,26,37,43,34,29,33,34,11,33,24,32,29,14,33,35,35,13,39,34,35,32,16,14,14,31,14,30,18,30,11,34,12,10,31,18,37,17,33,11,18,29,43,31,36,41,29,36,33,44,37,17,34,13,37,20,35,31,37,44,13,14,37,25,41,16,41,34,34,18,44,33,26,16,16,37,34,28,37,8,36,43,15,26,34,44,30,13,36,25,14,31,46,28,34,41,33,37,36,18,34,14,34,31,19,31,19,41,28,40,40,32,39,20,40,34,18,15,31,31,39,31,30,39,30,33,37,40,15,36,33,44,40,50,14,28,41,16,12,44,39,35,33,43,38,36,12,35,11,35,36,30,30,32,38,17,15,12,31,40,33,13,32,27,36,41,34,35,31,17,30,27,36,38,29,35,38,17,12,10,27,39,31,26,30,19,34,24,29,14,34,34,21,16,29,35,37,31,37,11,38,18,17,16,14,15,43,30,31,34,40,36,40,29,22,26,14,18,23,19,39,18,32,13,35,38,15,35,27,40,25,18,18,32,41,12,33,34,38,32,33,42,29,35,32,40,43,37,17,37,14,33,35,37,34,40,17,15,41,29,40,36,27,15,34,40,31,32,31,38,39,36,42,8,39,30,40,15,42,38,34,15,16,37,30,30,32,35,33,38,33,12,10,35,38,31,19,9,37,34,11,18,30,34,38,28,37,10,39,30,16,39,37,40,34,33,33,37,39,33,38,12,34,33,17,37,30,37,15
40,39,16,39,33,11,32,33,17,13,21,29,38,36,37,13,16,34,20,29,39,40,36,28,15,37,17,42,24,27,13,30,31,35,37,9,38,33,43,31,36,28,31,5,26,33,35,9,30,30,30,39,33,46,36,36,37,34,19,32,33,29,16,35,18,18,36,31,34,28,20,33,30,26,18,13,46,41,37,43,30,13,14,16,33,40,20,31,16,16,42,33,39,12,32,32,35,30,38,44,38,37,13,17,13,24,44,18,14,39,43,19,32,37,41,39,40,35,27,16,35,10,33,36,34,42,18,36,31,31,14,41,31,37,32,36,38,46,37,14,32,31,31,13,13,41,33,37,32,32,36,37,31,31,33,32,28,34,11,33,32,31,39,46,41,42,31,38,36,35,38,47,32,35,31,17,17,34,37,13,15,38,45,39,18,22,36,27,43,32,37,29,35,39,32,34,29,43,36,28,17,33,34,26,17,28,28,28,16,41,35,34,21,10,49,30,40,38,41,15,20,32,40,41,38,30,29,28,40,10,29,26,36,36,23,42,23,15,36,20,18,42,40,40,35,30,35,39,39,42,34,34,39,10,40,32,36,29,32,11,33,19,38,33,36,35,31,41,37,36,31,36,12,19,41,35,42,42,13,34,43,34,26,37,39,41,32,29,8,34,37,11,42,25,40,32,43,34,8,33,14,16,35,38,40,38,25,32,32,31,40,7,35,38,13,34,32,33,34,32,32,15,7,43,37,45,27,14,41,18,42,38,29,39,41,29,34,32,35,10,40,39,38,17,24,37,16,35,9,39,35,20,33,40,21,40,15,16,32,30,12,31,37,31,33,31,17,39,34,13,32,36,37,36,39,32,7,16,37,33,37,34,30,9,13,17,32,26,34,26,31,17,37,32,31,32,42,41,40,14,27,39,13,31,46,28,35,12,36,31,15,16,40,34,27,36,15,35,33,32,35,13,38,33,37,36,36,36,34,17,10,34,38,39,36,14,16,15,36,45,29,38,19,36,41,54,33,15,38,35,33,30,28,30,41,35,34,17,33,35,31,35,32,31,31,9,38,39,34,38,19,43,45,14,30,34,32,41,13,37,15,29,40,17,42,37,41,33,41,40,45,25,14,38,20,43,37,32,15,39,46,32,32,34,13,43,32,37,20,38,33,19,39,15,33,15,43,18,36,39,40,40,31,16,46,18,32,36,19,29,54,14,41,30,24,41,11,36,27,25,31,37,47,39,14,31,34,33,35,18,14,38,34,38,31,46,38,32,11,34,18,22,29,35,30,36,37,17,29,34,38,12,39,15,33,15,19,39,10,41,35,34,32,30,32,39,16,43,10,39,37,37,29,33,13,16,16,31,35,33,36,38,28,37,38,42,39,30,42,31,32,15,31,33,39,32,39,12,44,37,45,18,18,33,38,16,40,31,30,29,16,39,36,41,14,45,45,40,45,16,36,39,40,35,30,34,35,11,40,34,34,33,12,35,32,33,14,17,30,31,12,38,36,31,40,19,39,21,26,38,37,10,38,10,40,37,41,38,30,35,32,38,12,36,32,34,19,13,32,34,21,41,31,34,34,36,40,39,43,27,32,32,21,17,35,34,10,32,37,40,48,14,16,37,34,35,18,30,33,35,29,36,34,38,34,37,17,33,14,42,39,36,26,34,30,33,40,37,16,11,34,30,14,31,18,12,36,29,32,33,31,34,38,37,43,36,36,36,17,18,35,37,29,14,15,37,34,23,19,34,43,34,16,31,36,31,36,10,40,34,16,29,14,32,11,15,36,38,42,9,40,27,41,38,36,18,35,10,39,41,10,37,34,33,33,34,33,25,14,16,33,31,31,33,38,29,32,13,16,22,46,36,37,14,38,27,41,37,33,26,33,32,37,44,33,14,38,33,18,33,11,36,20,28,12,42,34,32,31,27,26,38,20,30,34,38,30,26,14,24,34,19,39,40,41,10,33,38,35,34,15,31,17,33,38,33,16,29,13,41,21,31,41,37,36,32,11,16,34,45,10,44,17,36,37,33,43,16,29,19,39,37,16,30,32,35,30,31,14,41,36,19,12,29,31,30,36,31,21,33,35,39,38,17,34,29,33,25,35,22,15,36,44,11,13,34,7,35,30,37,32,38,13,41,28,20,32,37,31,42,33,14,30,33,30,34,15,13,30,32,30,32,16,35,31,30,26,31,28,12,20,35,32,37,33,37,37,47,42,33,21,13,26,31,7,34,36,17,13,30,19,37,33,11,27,15,33,15,35,24
34,35,40,14,37,43,9,38,15,19,34,19,39,34,33,30,36,27,36,32,30,40,31,33,43,9,20,45,34,37,39,13,11,36,38,10,34,38,11,34,34,14,39,33,34,40,34,37,32,30,30,19,38,41,45,7,40,17,39,27,39,33,34,7,14,38,28,40,12,34,11,15,14,40,37,11,37,12,14,46,32,18,44,31,34,39,28,30,32,40,35,11,47,35,35,26,29,40,41,31,21,12,34,43,38,39,33,38,37,37,41,13,44,35,32,33,35,31,36,31,44,14,29,18,41,19,27,38,44,36,34,36,33,31,30,38,40,41,45,36,44,28,28,15,11,42,15,14,8,44,14,26,32,37,43,22,21,33,33,12,34,20,20,35,16,35,15,24,18,10,26,13,35,15,31,36,32,37,43,35,35,43,40,25,30,38,32,36,43,23,35,29,41,10,38,12,16,32,35,42,39,17,30,43,40,34,16,25,33,27,15,34,26,29,30,33,15,33,41,32,42,33,42,35,34,37,51,25,28,45,44,12,37,18,37,42,39,33,38,11,14,37,31,15,36,33,38,44,29,14,33,41,17,34,40,29,15,32,32,28,38,23,29,37,32,42,35,27,44,17,28,38,38,31,32,33,34,14,15,24,18,18,17,36,15,36,34,32,30,35,30,12,33,18,40,41,34,13,33,16,10,10,36,29,14,33,36,33,32,26,33,31,36,33,29,34,19,35,41,14,38,32,31,17,35,36,34,15,19,12,36,14,31,13,49,37,44,36,45,16,23,32,34,32,36,9,15,8,34,41,35,38,40,17,17,36,34,33,40,31,31,33,35,28,30,35,30,14,28,32,35,31,13,35,41,17,35,46,11,43,34,31,32,35,15,32,39,40,12,39,36,23,32,25,14,34,17,33,32,42,14,20,32,32,25,33,27,33,38,40,32,37,34,27,34,31,36,17,30,13,35,16,41,33,33,38,29,21,37,18,36,23,39,35,36,38,39,14,37,40,15,34,39,36,40,13,17,31,28,26,12,33,40,32,27,39,32,17,37,36,26,18,35,14,15,37,17,30,49,13,11,41,31,17,47,16,13,38,13,30,11,34,38,34,36,33,33,32,37,18,37,35,33,28,34,35,28,33,20,35,34,24,37,13,11,35,12,38,38,44,37,37,45,29,39,30,34,33,30,11,36,32,37,14,37,25,29,12,29,19,40,35,37,16,37,34,31,18,38,38,10,41,11,37,30,35,31,15,19,33,31,35,37,35,37,37,33,15,19,8,36,38,16,31,33,29,38,32,33,31,29,31,37,39,37,38,16,39,32,30,14,29,25,28,28,13,34,36,42,37,40,11,13,36,33,39,40,13,10,38,16,41,34,20,28,34,17,32,34,33,43,37,51,33,19,38,8,30,36,27,36,35,34,41,39,35,46,42,15,36,35,35,14,36,19,18,13,13,35,25,38,35,39,35,40,16,15,33,33,28,40,17,41,41,35,20,32,46,35,36,31,37,15,15,37,15,17,13,35,34,38,15,39,14,23,24,12,11,34,37,38,38,36,32,21,44,38,40,11,36,40,29,17,10,37,12,40,39,15,31,35,38,42,29,45,32,36,38,38,33,36,34,34,15,26,33,42,38,34,36,19,37,20,11,27,34,39,33,10,33,14,32,41,15,34,20,27,44,41,12,32,39,38,38,42,35,37,28,34,10,13,33,35,32,31,42,34,20,34,37,29,9,44,11,41,15,37,15,16,20,40,33,15,28,39,40,31,34,41,43,34,40,37,35,27,17,11,26,15,43,32,30,13,26,34,27,32,39,41,19,31,30,34,40,25,18,41,13,33,15,37,27,34,30,18,37,42,22,32,14,41,16,13,32,34,30,35,38,34,14,38,38,28,40,41,30,33,29,39,13,37,18,40,41,35,38,35,47,34,34,36,19,36,13,31,22,35,34,27,40,16,39,36,36,14,37,36,37,31,15,37,37,36,39,13,17,13,16,34,37,35,35,36,39,8,40,36,17,31,39,39,33,8,38,29,15,42,11,26,27,46,31,32,16,24,15,31,39,32,33,35,33,40,33,13,31,40,35,36,29,10,19,36,38,42,36,35,12,35,34,32,38,36,12,44,36,29,40,35,36,32,37,14,37,41,45,38,29,31,36,37,16,31,32,35,26,30,35,40,42,38,42,37,27,16,33,11,16,31,12,28,43,32,30,32,29,31,34,29,27,20,37,17,44,15,33,34,17,46,36,35,30,27,32,18,33,24,35,41,28
30,41,40,35,13,36,41,39,46,36,8,39,39,34,34,35,27,17,43,17,43,12,17,38,37,29,29,28,15,35,30,39,38,13,35,34,36,29,17,29,17,34,30,33,36,9,7,29,40,34,38,38,38,21,10,34,30,43,41,37,40,38,17,31,37,14,29,9,30,15,15,38,41,15,44,35,34,22,40,37,31,35,15,31,34,34,33,13,31,33,32,41,42,28,46,38,27,15,33,35,38,35,40,33,44,28,36,30,36,27,38,30,33,32,15,32,32,33,45,15,32,37,34,41,33,45,16,11,31,13,37,12,39,34,40,30,44,35,11,22,10,32,37,36,35,14,20,17,12,20,34,11,30,19,41,37,37,39,33,29,39,38,33,30,14,29,35,19,40,41,33,51,34,36,33,34,37,38,33,28,37,13,17,22,37,30,40,35,29,32,33,36,15,13,39,38,14,14,24,31,33,44,30,36,34,35,40,30,35,9,41,22,29,27,22,17,14,36,39,29,22,36,33,16,33,41,42,30,42,28,36,40,37,13,31,43,31,37,38,17,17,38,40,30,35,19,37,29,36,37,31,36,12,31,45,30,33,19,34,30,30,12,47,32,15,33,21,36,36,31,37,25,30,38,30,38,35,36,41,39,18,33,34,36,34,29,26,10,34,17,37,15,11,31,38,34,43,49,11,8,41,15,33,30,35,13,36,34,32,37,15,22,36,27,34,16,37,36,40,18,30,42,32,29,16,41,38,39,36,36,21,20,37,34,33,26,37,38,29,16,32,14,39,40,38,44,39,38,17,35,12,28,29,34,39,40,14,16,40,39,39,42,35,35,46,38,33,14,40,15,25,18,31,35,26,34,31,38,12,37,18,43,49,43,27,19,6,37,31,31,17,38,40,39,43,32,42,36,16,11,35,39,37,13,13,30,19,41,40,25,40,39,33,25,36,34,33,8,34,31,41,35,14,37,16,33,40,34,41,38,19,41,35,35,22,38,40,43,15,38,45,29,44,18,9,39,41,12,33,16,32,32,31,27,18,32,43,38,29,34,30,36,36,37,40,30,34,21,33,42,33,15,39,11,39,27,34,38,30,41,32,32,18,29,33,26,36,30,11,42,42,37,10,34,40,44,33,27,36,31,20,36,40,19,35,10,40,36,31,40,31,32,35,10,36,11,29,33,11,35,35,27,37,40,30,33,15,15,17,34,43,31,48,32,35,29,17,31,31,28,32,32,50,39,43,37,33,21,38,36,34,25,31,36,29,19,33,36,37,10,38,11,41,31,37,42,21,15,8,29,37,40,45,37,32,15,34,41,45,37,39,13,29,9,16,33,34,37,37,13,28,37,37,39,33,37,34,35,35,31,29,9,30,31,26,22,32,31,43,27,28,21,34,34,33,11,27,28,33,36,11,29,38,32,16,37,38,29,11,35,31,35,39,14,9,34,15,37,18,36,25,28,39,32,30,27,37,32,37,13,35,27,34,18,36,37,38,29,40,38,34,38,36,15,41,33,18,25,31,31,47,36,32,35,12,33,14,34,35,20,32,33,32,37,34,17,31,42,37,20,26,35,35,29,27,42,18,35,36,37,15,40,37,38,35,42,15,27,30,11,25,15,41,43,12,14,34,28,14,16,12,10,24,31,16,38,35,42,33,36,41,20,13,40,36,30,35,40,33,46,32,33,37,27,17,14,39,18,35,31,13,14,30,38,10,38,36,40,35,38,17,35,35,35,33,46,40,38,41,43,41,23,33,36,38,27,18,39,44,40,11,32,37,37,36,40,40,32,34,36,16,26,15,13,32,18,36,39,32,13,38,41,25,38,26,36,42,10,33,12,30,41,33,32,35,17,25,40,27,35,34,12,42,39,30,37,32,37,12,10,42,35,29,37,37,14,42,41,38,32,29,30,32,30,13,16,33,38,17,27,17,43,34,37,16,37,36,12,33,39,20,13,31,37,29,12,34,49,35,28,21,27,36,27,10,40,31,12,35,11,38,31,30,33,43,32,38,32,16,35,15,16,31,37,32,37,38,14,17,17,36,34,37,34,31,35,14,34,28,13,14,34,15,22,30,28,29,37,46,12,41,37,33,36,32,16,33,43,13,34,30,31,39,31,18,36,22,17,30,30,39,11,36,38,43,39,35,32,39,29,31,11,32,12,38,38,35,34,31,27,17,31,27,34,33,34,32,17,37,35,19,39,36,43,36,34,37,16,27,25,33,36,18,37,14,30,29,31,41,36,15,33,32,33,16,33,30,18,29,18
