r0,r1,r2,r3,r4,r5,r6,r7,r8,r9,r10,r11,r12,r13,r14,r15,r16,r17,r18,r19,r20,r21,r22,r23,r24,r25,r26,r27,r28,r29,r30,r31,r32,r33,r34,r35,r36,r37,r38,r39,r40,r41,r42,r43,r44,r45,r46,r47,r48,r49,r50,r51,r52,r53,r54,r55,r56,r57,r58,r59,r60,r61,r62,r63,r64,r65,r66,r67,r68,r69,r70,r71,r72,r73,r74,r75,r76,r77,r78,r79,r80,r81,r82,r83,r84,r85,r86,r87,r88,r89,r90,r91,r92,r93,r94,r95,r96,r97,r98,r99,r100,r101,r102,r103,r104,r105,r106,r107,r108,r109,r110,r111,r112,r113,r114,r115,r116,r117,r118,r119,r120,r121,r122,r123,r124,r125,r126,r127,r128,r129,r130,r131,r132,r133,r134,r135,r136,r137,r138,r139,r140,r141,r142,r143,r144,r145,r146,r147,r148,r149,r150,r151,r152,r153,r154,r155,r156,r157,r158,r159,r160,r161,r162,r163,r164,r165,r166,r167,r168,r169,r170,r171,r172,r173,r174,r175,r176,r177,r178,r179,r180,r181,r182,r183,r184,r185,r186,r187,r188,r189,r190,r191,r192,r193,r194,r195,r196,r197,r198,r199,r200,r201,r202,r203,r204,r205,r206,r207,r208,r209,r210,r211,r212,r213,r214,r215,r216,r217,r218,r219,r220,r221,r222,r223,r224,r225,r226,r227,r228,r229,r230,r231,r232,r233,r234,r235,r236,r237,r238,r239,r240,r241,r242,r243,r244,r245,r246,r247,r248,r249,r250,r251,r252,r253,r254,r255,r256,r257,r258,r259,r260,r261,r262,r263,r264,r265,r266,r267,r268,r269,r270,r271,r272,r273,r274,r275,r276,r277,r278,r279,r280,r281,r282,r283,r284,r285,r286,r287,r288,r289,r290,r291,r292,r293,r294,r295,r296,r297,r298,r299,r300,r301,r302,r303,r304,r305,r306,r307,r308,r309,r310,r311,r312,r313,r314,r315,r316,r317,r318,r319,r320,r321,r322,r323,r324,r325,r326,r327,r328,r329,r330,r331,r332,r333,r334,r335,r336,r337,r338,r339,r340,r341,r342,r343,r344,r345,r346,r347,r348,r349,r350,r351,r352,r353,r354,r355,r356,r357,r358,r359,r360,r361,r362,r363,r364,r365,r366,r367,r368,r369,r370,r371,r372,r373,r374,r375,r376,r377,r378,r379,r380,r381,r382,r383,r384,r385,r386,r387,r388,r389,r390,r391,r392,r393,r394,r395,r396,r397,r398,r399,r400,r401,r402,r403,r404,r405,r406,r407,r408,r409,r410,r411,r412,r413,r414,r415,r416,r417,r418,r419,r420,r421,r422,r423,r424,r425,r426,r427,r428,r429,r430,r431,r432,r433,r434,r435,r436,r437,r438,r439,r440,r441,r442,r443,r444,r445,r446,r447,r448,r449,r450,r451,r452,r453,r454,r455,r456,r457,r458,r459,r460,r461,r462,r463,r464,r465,r466,r467,r468,r469,r470,r471,r472,r473,r474,r475,r476,r477,r478,r479,r480,r481,r482,r483,r484,r485,r486,r487,r488,r489,r490,r491,r492,r493,r494,r495,r496,r497,r498,r499,r500,r501,r502,r503,r504,r505,r506,r507,r508,r509,r510,r511,r512,r513,r514,r515,r516,r517,r518,r519,r520,r521,r522,r523,r524,r525,r526,r527,r528,r529,r530,r531,r532,r533,r534,r535,r536,r537,r538,r539,r540,r541,r542,r543,r544,r545,r546,r547,r548,r549,r550,r551,r552,r553,r554,r555,r556,r557,r558,r559,r560,r561,r562,r563,r564,r565,r566,r567,r568,r569,r570,r571,r572,r573,r574,r575,r576,r577,r578,r579,r580,r581,r582,r583,r584,r585,r586,r587,r588,r589,r590,r591,r592,r593,r594,r595,r596,r597,r598,r599,r600,r601,r602,r603,r604,r605,r606,r607,r608,r609,r610,r611,r612,r613,r614,r615,r616,r617,r618,r619,r620,r621,r622,r623,r624,r625,r626,r627,r628,r629,r630,r631,r632,r633,r634,r635,r636,r637,r638,r639,r640,r641,r642,r643,r644,r645,r646,r647,r648,r649,r650,r651,r652,r653,r654,r655,r656,r657,r658,r659,r660,r661,r662,r663,r664,r665,r666,r667,r668,r669,r670,r671,r672,r673,r674,r675,r676,r677,r678,r679,r680,r681,r682,r683,r684,r685,r686,r687,r688,r689,r690,r691,r692,r693,r694,r695,r696,r697,r698,r699,r700,r701,r702,r703,r704,r705,r706,r707,r708,r709,r710,r711,r712,r713,r714,r715,r716,r717,r718,r719,r720,r721,r722,r723,r724,r725,r726,r727,r728,r729,r730,r731,r732,r733,r734,r735,r736,r737,r738,r739,r740,r741,r742,r743,r744,r745,r746,r747,r748,r749,r750,r751,r752,r753,r754,r755,r756,r757,r758,r759,r760,r761,r762,r763,r764,r765,r766,r767,r768,r769,r770,r771,r772,r773,r774,r775,r776,r777,r778,r779,r780,r781,r782,r783,r784,r785,r786,r787,r788,r789,r790,r791,r792,r793,r794,r795,r796,r797,r798,r799,r800,r801,r802,r803,r804,r805,r806,r807,r808,r809,r810,r811,r812,r813,r814,r815,r816,r817,r818,r819,r820,r821,r822,r823,r824,r825,r826,r827,r828,r829,r830,r831,r832,r833,r834,r835,r836,r837,r838,r839,r840,r841,r842,r843,r844,r845,r846,r847,r848,r849,r850,r851,r852,r853,r854,r855,r856,r857,r858,r859,r860,r861,r862,r863,r864,r865,r866,r867,r868,r869,r870,r871,r872,r873,r874,r875,r876,r877,r878,r879,r880,r881,r882,r883,r884,r885,r886,r887,r888,r889,r890,r891,r892,r893,r894,r895,r896,r897,r898,r899,r900,r901,r902,r903,r904,r905,r906,r907,r908,r909,r910,r911,r912,r913,r914,r915,r916,r917,r918,r919,r920,r921,r922,r923,r924,r925,r926,r927,r928,r929,r930,r931,r932,r933,r934,r935,r936,r937,r938,r939,r940,r941,r942,r943,r944,r945,r946,r947,r948,r949,r950,r951,r952,r953,r954,r955,r956,r957,r958,r959,r960,r961,r962,r963,r964,r965,r966,r967,r968,r969,r970,r971,r972,r973,r974,r975,r976,r977,r978,r979,r980,r981,r982,r983,r984,r985,r986,r987,r988,r989,r990,r991,r992,r993,r994,r995,r996,r997,r998,r999
39,43,40,34,37,35,40,39,39,25,33,39,42,38,29,33,37,43,38,35,25,38,38,35,43,36,38,33,32,33,40,35,35,31,44,37,41,36,39,37,36,39,34,36,36,33,36,34,38,33,33,24,37,35,35,41,38,33,39,33,35,31,31,32,42,27,30,42,25,32,46,32,42,31,37,35,32,41,33,33,26,32,40,34,35,33,36,35,36,41,42,33,40,26,32,47,37,38,38,36,30,33,31,30,45,40,32,31,32,31,31,38,38,40,41,40,32,34,39,28,36,33,34,27,37,35,36,40,36,33,35,47,27,28,34,31,30,37,41,32,32,29,37,40,41,49,29,30,37,35,40,28,23,39,33,31,31,41,36,31,32,26,38,30,29,34,38,31,23,27,35,27,37,38,28,41,34,37,36,29,41,40,38,34,28,36,41,33,35,38,33,31,30,37,37,30,35,41,36,36,30,32,36,36,32,33,31,46,41,37,34,31,39,40,31,44,32,37,40,36,42,45,39,32,31,32,30,27,25,43,35,36,34,33,26,27,26,38,34,37,30,41,28,37,41,30,37,34,33,32,29,32,31,35,32,34,34,38,41,32,30,35,34,29,33,34,32,32,38,43,31,41,37,28,44,33,40,36,32,37,31,32,25,40,35,26,42,37,34,25,25,33,40,38,45,29,29,26,34,41,40,34,31,26,30,32,31,36,36,25,36,37,36,38,38,44,36,36,43,35,33,31,42,39,31,31,37,40,31,33,37,32,43,36,33,39,41,37,36,29,43,41,44,32,32,28,38,38,33,37,38,40,31,37,35,40,31,34,32,43,38,50,32,41,31,41,35,34,28,27,30,32,37,41,39,37,39,27,27,41,23,38,37,30,29,35,32,34,27,36,43,37,42,31,34,41,37,39,41,35,38,33,37,42,35,39,29,40,28,30,28,37,38,43,38,40,33,33,29,29,38,32,34,27,41,34,43,37,36,30,35,42,31,28,28,35,30,35,40,39,40,38,33,33,41,36,25,35,34,32,35,47,36,37,30,36,25,34,32,39,36,37,34,33,35,34,30,38,38,33,38,32,47,31,42,32,34,28,31,33,32,38,28,41,38,38,30,34,36,31,33,33,36,35,33,37,37,36,37,37,37,39,34,36,34,40,40,34,34,32,29,40,31,31,43,34,29,32,41,37,36,43,35,40,38,39,31,34,39,35,38,27,33,25,35,39,46,34,30,31,31,39,37,33,36,33,33,39,43,35,32,31,37,37,34,43,29,43,28,38,39,36,30,37,29,41,31,40,40,38,40,31,39,31,32,33,44,29,32,37,32,37,28,28,35,28,30,35,36,37,35,31,39,36,43,39,33,40,35,37,38,31,34,29,38,30,31,24,43,40,34,24,27,36,42,41,31,44,32,32,31,33,39,36,39,38,38,28,36,37,37,29,37,30,28,37,26,34,40,40,41,32,28,35,45,30,35,35,36,38,39,37,34,32,28,29,37,39,39,42,38,31,35,44,33,35,35,29,37,31,30,36,25,34,41,26,37,40,34,37,36,31,34,43,37,32,32,41,37,32,38,42,33,37,31,39,36,32,42,44,46,32,25,46,37,43,36,35,31,35,36,33,37,35,33,45,24,40,37,33,48,35,34,38,44,34,32,38,33,31,29,31,36,32,31,31,40,32,41,38,33,36,40,38,39,32,35,37,37,29,33,48,37,34,39,37,36,44,35,22,37,38,29,35,28,33,37,36,38,30,31,34,39,37,36,37,26,29,32,32,31,32,33,31,33,35,34,27,32,46,47,37,42,36,36,35,31,29,41,37,40,38,38,34,37,38,40,37,30,40,37,37,36,26,39,31,36,31,35,30,38,38,35,38,34,33,44,31,28,33,31,26,42,38,38,34,33,24,35,46,41,33,36,38,30,32,28,26,41,39,33,37,44,31,38,33,28,43,32,33,26,38,35,34,40,39,41,41,37,33,28,40,34,27,25,33,39,29,40,35,27,40,40,32,44,23,40,47,35,37,37,28,33,34,26,30,32,43,33,35,42,42,30,37,40,28,37,38,30,32,27,40,37,40,32,36,41,42,37,39,43,35,34,34,36,31,30,33,33,30,26,36,39,44,33,40,41,39,37,34,35,42,33,35,35,36,23,36,27,25,42,31,32,37,36,29,30,25,32,34,41,33,32,29,32,31,45,34,34,31,35,34,37,36,35,33,35,34,41,34,40,39,31,28,34,36,45,31,36,42,35,33,28,33,25,32,37,34,32,26
27,30,41,32,34,36,37,38,35,41,36,29,36,27,42,38,39,41,42,39,40,39,40,41,31,37,36,39,35,32,35,34,28,45,40,30,29,39,36,30,43,36,35,40,30,33,37,35,40,41,37,41,36,39,26,38,34,32,23,35,39,36,33,36,38,25,32,28,35,34,35,29,39,33,33,26,31,31,40,41,27,36,38,29,39,39,43,32,32,34,35,39,35,36,33,35,30,40,45,39,30,30,33,33,44,38,33,34,23,29,37,32,36,38,33,39,31,42,32,29,31,43,27,29,36,37,49,39,40,37,28,32,36,40,26,36,32,45,31,35,32,36,40,32,35,41,29,30,37,35,35,33,35,41,38,36,34,33,36,35,35,26,24,37,42,34,32,35,34,34,34,38,30,36,30,29,23,39,40,38,30,35,27,32,27,33,34,25,38,43,34,37,40,32,37,41,32,34,27,40,31,36,40,39,38,37,33,37,38,27,31,45,42,26,30,29,38,26,29,38,41,36,33,35,40,28,36,29,24,41,39,30,38,35,38,31,30,39,33,39,36,40,32,35,39,35,33,23,35,34,32,35,38,33,44,35,30,35,26,41,38,35,30,37,36,31,37,32,28,31,30,34,35,36,38,42,37,35,40,38,28,39,39,37,31,34,32,32,34,36,28,41,32,30,40,35,43,37,34,37,27,36,24,42,29,36,29,34,35,40,42,26,34,35,32,34,35,35,26,39,38,28,35,35,32,35,33,36,37,28,34,33,30,30,38,29,46,30,37,32,33,32,36,38,38,35,29,32,39,33,35,32,38,31,41,29,33,41,40,38,39,31,38,34,31,35,36,35,39,33,44,39,40,29,26,39,30,39,40,35,34,28,36,35,36,40,34,35,36,34,32,27,34,34,31,37,35,34,36,41,33,36,37,31,40,32,35,42,32,34,39,35,38,37,34,42,41,38,33,40,34,34,40,33,37,32,30,41,40,32,42,38,35,28,38,33,35,39,35,42,37,35,32,39,32,31,43,32,34,38,35,35,25,33,41,42,43,26,38,32,32,43,32,29,40,39,40,38,44,41,41,26,31,36,45,36,32,34,42,43,28,36,27,34,31,27,31,36,42,36,39,29,43,39,38,30,41,34,42,32,30,35,35,33,35,34,45,39,37,40,40,35,29,35,40,38,35,30,29,39,41,30,38,35,34,29,39,45,31,32,27,37,33,38,39,30,39,32,45,32,34,31,44,33,28,29,36,34,26,38,30,38,33,38,45,32,31,34,34,40,36,33,36,37,26,33,34,30,32,31,38,30,33,29,37,35,28,32,46,41,36,41,25,32,31,34,40,34,38,28,35,47,41,38,45,32,34,35,33,37,31,31,35,35,34,44,32,42,34,33,38,42,29,41,27,42,41,29,40,40,35,43,37,34,32,38,42,38,33,43,35,42,45,40,38,38,34,31,37,28,31,38,35,38,33,29,31,37,37,27,34,40,31,41,42,27,35,40,34,28,33,32,43,33,35,35,34,36,37,34,40,37,33,38,36,34,32,32,34,29,32,33,38,44,35,38,34,36,35,37,44,31,33,37,35,34,39,37,38,45,37,33,31,32,27,31,27,35,42,32,36,40,42,34,32,38,36,40,32,32,27,38,30,43,38,33,41,30,38,42,31,32,32,31,32,49,36,38,36,34,35,36,34,30,29,28,33,34,42,39,35,38,30,35,34,34,31,30,41,47,40,35,38,33,30,42,27,43,41,33,25,32,31,32,35,35,33,37,29,27,33,35,39,27,36,36,38,33,39,36,39,39,34,41,29,31,39,33,29,36,30,36,37,42,35,37,41,27,36,36,34,36,42,25,40,33,37,40,37,30,31,31,36,39,37,32,40,39,30,40,33,39,29,41,34,30,43,25,31,39,44,36,39,33,37,40,36,35,25,32,36,29,33,36,36,33,38,36,40,39,33,37,36,37,41,30,29,37,40,43,39,30,30,34,40,40,29,30,37,33,39,43,36,34,32,33,37,44,39,35,34,30,31,32,27,31,28,39,33,31,31,40,39,41,42,36,41,32,37,33,39,37,43,41,36,32,38,36,33,32,28,26,42,38,27,31,42,29,48,26,41,32,39,30,31,45,36,41,36,38,29,32,35,34,35,41,30,41,33,30,30,35,33,35,40,32,30,36,36,35,28,34,40,34,34,38,25,36,31,32,36,34,37,27,38,30,38,37,27,29,35,36,27,42,34,41,30,43,40,37,36,41,35,35,33,42,36,42,36,31
35,22,31,28,38,35,35,34,22,31,33,35,29,25,36,34,35,45,34,39,39,37,28,42,43,32,26,24,33,29,37,34,36,38,33,32,28,29,42,41,29,28,36,27,30,32,38,34,31,37,33,43,34,34,33,24,31,39,32,35,30,46,43,33,39,37,39,34,34,35,33,27,28,36,34,30,32,31,33,34,38,39,42,35,37,36,41,36,37,37,30,36,30,41,38,37,26,32,34,38,37,35,44,36,28,42,32,40,43,31,33,33,32,26,42,37,35,43,34,31,38,40,34,38,37,42,32,36,43,32,32,39,39,40,38,25,34,34,42,38,26,39,31,31,34,29,36,40,28,39,33,28,32,39,32,26,38,34,33,33,37,38,40,42,40,32,32,28,40,36,37,27,32,35,34,35,44,42,38,36,40,38,33,32,43,29,34,36,43,33,35,28,36,28,41,39,34,39,28,35,37,23,38,34,38,33,32,37,41,32,40,29,34,25,41,29,25,32,34,42,36,40,28,34,35,39,41,39,31,34,34,29,37,36,30,35,33,44,47,28,39,35,35,32,41,40,31,27,39,32,30,32,30,38,41,39,40,33,42,36,34,40,46,34,29,38,45,37,36,36,36,24,39,34,34,33,33,35,38,34,36,35,33,41,33,37,31,41,43,40,35,34,34,29,37,28,33,39,38,37,31,37,34,25,39,37,21,37,39,39,32,27,25,19,41,43,45,41,35,36,33,30,34,34,40,28,37,37,30,31,30,41,37,32,38,32,31,29,28,25,36,31,30,27,40,34,34,35,36,33,37,30,42,37,37,33,31,37,35,34,39,34,37,33,31,33,43,35,40,36,31,38,28,29,35,39,33,35,31,41,29,40,25,28,35,27,28,37,25,31,36,39,31,28,27,35,31,28,36,37,43,38,33,41,31,32,40,33,33,34,32,30,33,38,43,31,36,33,27,34,36,34,37,36,30,36,22,37,44,42,37,41,28,31,45,39,45,35,40,35,31,31,34,38,39,37,34,33,35,38,35,35,37,31,43,38,34,31,30,33,32,29,32,41,29,35,33,33,33,35,34,40,32,27,40,37,35,41,39,29,34,37,34,47,34,30,37,29,36,33,26,41,42,34,38,36,35,32,35,32,32,36,26,36,35,37,37,38,37,38,38,36,34,38,37,48,33,42,32,32,36,38,35,34,31,38,42,38,37,34,43,35,35,29,33,28,33,24,44,40,38,30,32,24,32,36,40,38,35,32,39,39,31,33,38,38,29,30,26,43,33,34,35,36,27,34,35,33,35,34,31,35,37,41,35,41,30,40,40,34,22,36,32,37,36,37,34,44,28,21,26,34,35,32,39,35,30,32,43,37,28,34,26,30,32,32,42,25,34,27,41,29,34,31,42,30,26,37,34,39,39,31,33,45,30,28,28,38,30,45,33,38,27,40,36,30,31,36,35,35,32,25,25,34,35,26,31,33,26,34,38,37,38,27,43,40,38,36,41,32,31,32,31,38,37,37,38,30,39,41,41,37,33,45,30,36,36,42,37,40,30,31,28,38,38,33,37,34,33,37,39,40,38,25,24,36,36,29,36,36,36,39,35,27,39,40,29,42,29,30,36,36,37,32,38,36,37,33,36,33,32,35,29,36,40,39,28,35,30,28,31,37,37,41,32,26,29,39,43,31,33,39,40,42,32,36,35,31,39,28,33,35,30,42,35,34,29,34,31,33,38,35,46,34,25,40,36,43,27,31,37,36,31,30,32,36,31,31,35,30,35,39,36,22,43,33,32,38,37,36,30,38,42,27,31,31,38,27,28,43,29,35,32,35,39,32,37,34,37,36,36,33,38,41,30,33,34,36,34,41,30,44,35,37,35,25,30,30,30,37,36,38,43,37,32,32,31,35,34,30,28,32,34,42,37,30,42,34,38,41,42,39,25,32,28,29,31,29,39,37,41,35,31,27,31,43,37,37,36,33,35,24,35,26,30,37,37,41,38,36,35,34,44,40,30,40,38,34,33,31,39,42,33,37,41,34,31,30,34,39,46,35,41,33,32,41,35,35,32,31,32,30,42,38,36,30,37,36,28,36,36,32,40,33,35,41,35,33,39,29,36,40,39,25,33,39,38,39,34,35,32,37,29,45,31,44,42,39,32,39,31,39,31,38,34,35,39,35,31,36,38,34,37,37,39,43,34,35,32,43,31,28,25,42,33,35,32,40,34,27,34,29,30,43,34,40,34,36,28,37,39,37,36,35,41,42,25,32,36,26
31,35,34,38,36,43,33,39,30,31,35,37,35,36,35,38,43,34,38,27,37,23,34,43,35,31,35,40,44,41,41,40,41,31,37,30,34,30,37,33,31,31,36,37,39,33,37,27,28,39,40,32,39,36,37,32,43,35,41,24,27,45,30,40,33,32,29,37,26,24,41,32,19,33,32,38,34,34,32,25,33,32,31,38,42,34,30,36,28,30,43,32,43,43,34,26,40,33,36,35,29,31,40,36,24,38,32,30,33,36,31,32,33,33,35,34,37,30,33,37,33,32,31,35,39,37,25,28,40,39,33,39,34,36,34,37,44,32,27,29,31,35,31,36,38,36,39,31,34,31,34,39,36,45,33,38,35,27,26,34,41,35,40,38,25,47,38,36,39,37,38,36,30,39,36,35,40,32,37,36,30,42,40,39,32,28,40,29,31,34,35,35,33,29,28,35,35,38,33,44,24,27,38,34,42,31,34,30,42,46,35,36,32,33,32,36,30,30,33,29,24,31,38,41,41,36,39,27,38,34,29,35,32,24,38,36,33,42,43,39,30,37,40,28,33,34,27,31,46,40,38,33,39,31,41,37,45,39,39,36,46,20,33,32,32,31,32,33,32,35,42,36,36,33,36,39,36,30,36,30,37,44,43,32,25,37,29,40,32,31,38,30,35,31,34,32,33,37,31,43,31,24,36,27,28,32,41,35,24,29,32,37,38,42,29,35,37,30,32,26,33,29,37,35,37,39,33,38,34,26,33,36,31,34,39,40,39,37,42,36,44,36,35,39,31,38,38,34,36,38,28,46,35,32,38,39,35,38,35,33,34,36,40,31,38,33,36,29,25,37,33,31,37,26,43,33,36,37,27,31,35,31,21,36,37,39,32,40,39,31,36,35,33,31,31,39,31,47,33,42,42,31,36,42,37,28,32,33,32,44,35,37,48,36,29,41,34,36,36,37,38,35,29,32,35,44,29,28,33,32,34,39,32,28,36,28,39,31,33,37,31,35,36,33,44,32,40,35,30,33,38,42,38,30,31,39,39,39,32,39,32,47,37,33,34,41,41,30,31,34,29,27,34,26,42,33,24,39,34,40,33,35,45,28,33,36,34,36,45,29,32,34,28,38,34,38,33,42,36,29,28,34,29,35,40,36,31,33,40,40,28,30,32,31,27,39,42,36,31,35,32,30,30,38,40,29,30,38,32,32,42,43,42,44,28,32,39,40,40,29,42,35,32,31,38,36,29,26,37,30,44,35,40,36,30,25,33,35,44,37,41,33,34,41,29,37,45,32,31,29,28,37,32,33,36,36,35,36,25,42,32,30,36,41,34,32,36,39,34,40,40,35,33,34,37,29,42,38,36,35,34,30,36,30,32,33,29,31,38,39,36,34,31,32,35,32,36,38,34,38,30,39,34,44,39,44,40,33,31,31,31,33,49,33,36,37,33,37,35,33,36,37,31,39,40,37,34,33,36,34,28,28,33,27,35,31,27,38,26,30,35,30,32,32,29,33,35,30,48,49,26,36,31,35,31,29,36,25,36,30,31,25,34,38,29,34,33,31,38,30,31,39,31,31,39,34,35,46,35,37,37,38,36,35,44,24,37,34,46,32,30,43,40,41,37,43,33,26,33,35,30,28,45,35,42,34,32,39,32,39,36,34,45,28,34,32,40,35,33,40,30,37,28,31,28,46,34,32,43,38,32,29,38,37,38,32,40,33,29,40,39,31,40,31,33,31,32,29,35,37,33,39,31,41,27,43,38,37,33,39,33,29,33,30,29,35,32,41,32,32,37,28,33,28,40,40,36,41,30,35,43,35,43,42,40,42,35,36,31,23,36,35,30,42,34,36,35,37,33,44,39,26,34,36,39,43,25,34,29,33,38,34,43,32,34,35,37,30,34,29,23,32,35,33,31,36,45,40,33,40,32,35,33,41,31,29,35,34,43,35,46,34,40,38,35,32,27,36,36,39,43,31,41,38,31,40,35,36,37,27,40,39,26,39,35,28,34,41,36,30,32,32,33,35,32,32,43,36,34,47,37,35,37,32,31,22,39,36,34,23,25,40,37,30,36,34,38,30,44,37,29,41,44,47,35,29,31,37,29,38,37,50,40,29,32,33,38,35,30,31,35,39,27,33,33,31,29,41,33,40,35,34,39,30,29,27,23,36,33,31,36,41,35,42,34,35,38,26,34,39,38,38,28,35,38,35,36,40,27,38,38,28,43,29,37,34,33,31,34,36,42,37,34,37,29,37,32,31,40,38
29,30,30,40,30,39,27,44,41,38,25,28,36,35,33,29,40,38,32,27,32,29,31,37,39,29,37,37,34,27,32,30,33,39,42,39,36,34,39,33,38,30,37,31,36,31,29,36,41,32,39,26,41,32,37,37,29,43,33,40,38,29,27,46,32,36,35,31,36,30,37,38,40,30,42,42,36,39,27,41,24,38,29,29,34,34,33,43,31,29,31,36,32,34,40,41,34,44,30,31,28,41,28,35,32,37,39,33,30,36,28,36,43,31,30,31,45,35,26,35,35,32,39,34,36,37,40,38,41,33,39,32,36,48,36,27,31,42,41,42,37,33,40,36,40,29,33,39,36,36,39,34,33,30,32,35,36,44,41,23,33,35,38,34,36,33,31,31,40,38,41,34,38,38,37,37,30,32,32,34,38,45,27,42,29,37,32,37,32,30,36,29,32,35,38,39,38,27,37,24,35,37,37,28,35,32,39,38,36,38,44,30,32,31,35,39,39,36,30,32,34,28,38,40,36,36,45,30,34,37,42,37,32,36,36,33,31,41,33,29,34,37,46,35,32,33,39,39,38,37,42,42,32,35,37,30,39,37,37,30,31,40,42,23,36,38,39,31,31,34,33,38,38,36,34,25,35,37,36,49,40,32,24,29,30,33,34,28,40,31,40,36,35,37,32,37,36,43,34,35,35,32,37,36,28,36,37,28,34,34,41,36,34,47,41,36,29,40,38,34,30,33,31,32,41,31,37,39,33,35,35,32,28,31,37,41,27,31,46,39,44,37,29,37,40,29,40,46,31,31,42,37,36,34,44,46,29,30,36,37,35,38,36,34,37,35,34,36,31,32,37,30,46,36,40,39,36,30,36,36,38,33,38,28,35,29,38,36,28,35,36,37,36,33,33,37,29,26,32,33,30,27,35,36,34,23,37,30,36,32,32,42,29,32,33,41,31,31,27,39,39,37,31,40,38,30,31,32,31,25,24,35,33,41,35,48,37,36,27,38,42,32,32,32,36,35,35,33,36,28,36,26,34,33,44,33,35,39,31,41,36,33,31,40,41,41,34,47,30,36,43,39,42,32,28,26,28,42,34,36,39,35,39,36,40,32,38,37,39,35,30,34,37,34,27,36,33,28,36,37,30,44,30,42,47,35,35,31,34,39,43,33,32,34,47,30,37,35,32,24,39,40,37,32,32,32,34,31,29,35,34,34,35,41,37,37,43,37,35,28,31,40,36,30,38,29,30,36,33,29,37,25,39,35,32,33,32,32,36,36,35,35,34,29,45,38,36,42,38,30,33,35,34,47,42,28,38,34,36,29,33,31,41,30,24,44,40,39,37,39,38,28,32,36,36,42,33,37,38,32,37,37,28,30,30,41,33,33,40,25,26,37,38,34,41,32,38,36,30,38,34,27,33,35,41,42,33,32,34,36,47,36,43,35,35,30,34,29,28,30,36,35,33,35,27,29,36,31,33,28,26,28,31,28,35,37,37,32,31,36,37,44,30,39,38,39,39,31,38,25,31,32,31,29,35,36,32,38,31,39,31,39,38,39,38,32,27,38,37,41,36,32,27,34,27,37,33,39,40,38,33,37,30,37,37,33,27,43,34,33,41,30,36,32,36,31,37,32,31,27,35,36,33,36,34,48,29,31,32,38,34,40,37,36,39,35,37,36,36,31,34,33,34,32,38,28,37,37,38,43,31,32,37,32,28,34,31,37,38,35,31,35,32,25,39,28,30,46,38,37,30,42,28,36,29,34,33,37,35,30,35,36,30,30,38,29,33,30,44,36,31,39,38,46,36,27,32,35,40,38,39,45,38,37,38,29,35,35,30,30,37,38,40,31,41,36,37,30,49,38,32,25,37,33,37,31,35,29,36,30,43,37,42,33,35,35,38,36,33,27,35,40,42,36,33,35,41,31,28,31,35,34,29,31,33,31,35,38,40,32,39,31,42,38,46,30,28,37,40,31,33,39,34,25,31,35,25,33,36,28,39,41,36,40,33,28,30,34,34,29,39,43,32,36,39,38,34,35,35,33,28,32,44,32,25,38,39,34,30,39,36,35,39,33,30,35,27,38,25,31,30,32,37,35,43,37,39,28,44,43,30,38,32,40,37,37,35,37,36,33,32,38,45,35,35,43,39,37,32,43,41,37,34,39,27,42,36,31,28,38,38,36,37,28,31,26,30,33,43,35,36,46,34,35,34,36,34,44,20,29,42,43,34,27,27,25,37,36,35,30,37,37,42,36,33,41,40,44,35,30
37,34,35,41,34,36,31,31,34,32,36,42,44,37,24,27,30,39,38,34,38,28,40,37,45,39,35,38,39,27,32,30,28,19,40,34,34,31,39,40,30,36,37,35,31,29,43,44,38,30,42,37,33,38,30,36,34,32,36,30,28,35,33,41,34,30,28,38,35,28,29,44,35,37,42,32,37,36,41,32,38,30,30,33,33,35,34,30,34,28,39,26,36,31,35,28,45,33,29,30,32,39,34,34,37,38,35,35,33,30,31,31,37,46,41,30,36,29,37,36,35,44,29,40,39,35,36,37,35,31,44,34,34,33,32,23,40,36,30,31,37,32,33,26,31,39,37,29,36,39,32,37,39,34,46,41,35,36,38,41,37,38,31,31,28,35,35,30,43,40,40,33,37,43,34,37,42,36,31,36,35,33,35,32,37,37,38,26,37,36,34,33,38,31,38,37,32,34,33,36,35,36,37,34,33,28,29,38,39,28,35,34,32,30,41,30,27,39,24,41,34,40,34,31,37,36,28,28,34,30,33,30,41,29,34,37,35,31,30,36,32,30,28,44,41,37,29,32,35,40,32,36,40,36,28,35,33,33,36,36,35,39,37,42,35,33,27,31,38,33,36,27,33,29,36,40,26,35,32,39,36,40,23,40,39,43,41,28,36,33,33,34,35,43,29,31,34,38,43,31,39,35,38,45,37,38,36,34,45,34,30,31,42,36,35,38,41,34,35,35,29,27,32,35,29,47,24,24,31,35,31,39,37,32,41,30,38,35,33,41,37,35,37,30,30,31,36,29,42,27,31,35,29,38,36,32,38,38,43,37,38,45,35,29,35,35,42,31,38,30,32,46,28,26,33,30,43,31,36,34,38,39,30,34,33,48,33,34,31,32,36,37,31,34,35,31,36,38,26,51,25,35,30,36,38,38,47,32,35,39,36,34,36,36,45,42,38,32,38,42,32,34,42,30,35,39,39,36,34,29,37,33,34,29,29,30,39,31,31,36,41,32,36,33,39,35,37,36,46,36,36,39,37,30,36,40,41,32,34,36,36,34,41,42,34,30,40,36,32,34,37,39,33,29,27,46,42,34,39,21,37,37,39,32,32,30,38,43,37,35,38,32,52,29,27,23,36,34,36,35,35,35,38,32,43,32,38,32,38,34,30,34,38,36,36,33,36,29,31,35,36,30,35,33,36,34,24,36,32,42,28,34,33,34,40,36,33,43,41,37,43,31,36,41,39,26,31,35,39,36,27,38,33,43,30,34,27,43,31,37,43,37,34,47,37,38,44,38,42,37,35,38,37,27,37,32,40,46,33,35,32,35,22,42,42,34,34,35,25,42,31,39,29,40,37,38,27,41,33,21,38,42,34,34,33,42,34,36,32,38,42,34,37,32,36,46,38,34,36,38,35,39,37,37,39,30,32,43,32,28,45,39,30,31,36,37,36,34,36,38,39,27,34,35,37,38,30,33,46,38,39,46,53,37,38,41,34,41,38,33,28,32,37,28,39,35,36,30,46,36,31,32,28,32,33,33,33,39,35,40,31,42,34,42,26,46,26,37,37,38,42,37,29,35,40,32,38,34,39,36,33,29,41,36,36,31,33,33,36,39,33,40,32,27,37,28,31,34,33,40,37,31,36,29,39,40,34,24,33,28,23,45,36,32,32,32,32,29,33,31,34,25,30,28,35,34,36,33,36,28,40,33,30,34,44,37,47,31,36,43,43,30,27,31,34,36,36,36,39,33,33,28,41,31,32,35,32,35,30,38,33,31,35,34,28,37,39,33,39,27,42,34,40,30,40,36,33,33,37,37,53,34,35,36,33,42,37,40,35,34,35,29,24,32,31,33,33,24,40,32,36,40,33,32,36,33,36,35,35,29,31,42,31,37,33,33,33,27,30,40,36,42,39,43,29,43,26,38,42,38,38,33,42,34,39,34,26,44,39,35,30,33,34,40,29,36,37,34,33,25,35,34,38,32,33,29,29,26,33,39,24,35,33,32,36,34,39,39,34,34,44,32,27,36,34,40,39,37,36,39,29,33,35,41,36,36,36,31,29,37,34,36,36,39,32,38,33,31,29,37,35,31,36,37,29,43,38,35,32,40,37,33,34,41,38,39,37,33,37,30,36,34,37,32,37,40,36,37,31,31,39,37,37,34,30,39,35,35,31,34,37,41,39,42,29,33,41,32,38,40,35,43,32,35,35,35,31,25,36,28,27,36,40,43,34,35,39,37,38,30,38,25,41,34,41,36,30,33,31,27
38,35,38,33,34,35,33,30,31,32,34,32,38,35,35,36,31,31,33,38,38,42,35,46,35,42,38,37,34,35,35,32,38,32,38,33,26,30,26,35,29,37,37,27,36,41,24,35,32,39,34,41,40,26,40,37,31,36,34,40,32,32,31,41,26,34,34,27,30,38,33,40,42,41,38,36,32,28,33,37,28,30,41,33,34,33,43,34,30,37,39,30,40,34,41,31,36,38,38,32,31,33,38,26,35,35,36,34,31,30,34,33,32,32,33,30,39,43,42,35,25,32,35,36,36,44,34,38,31,30,38,29,45,32,36,30,36,34,37,42,35,40,38,36,30,43,39,28,37,34,28,37,36,23,35,30,40,33,30,34,40,37,38,51,32,24,27,32,40,44,28,30,38,38,39,37,29,25,38,33,39,33,37,40,33,31,34,33,35,35,31,33,35,34,37,29,45,26,26,30,33,30,38,34,40,28,36,33,44,38,34,32,39,34,29,34,40,34,33,27,36,42,32,36,33,39,29,31,29,34,32,44,39,34,32,41,33,44,29,35,36,32,30,27,35,29,31,32,34,41,37,35,38,37,34,41,27,34,37,36,36,49,38,36,30,34,43,30,39,32,30,37,31,34,33,35,30,37,34,38,36,33,28,43,30,38,31,39,27,37,43,35,40,28,40,40,36,42,46,39,27,35,36,28,38,28,36,39,35,37,37,43,40,36,44,37,34,29,34,31,32,39,37,28,32,31,40,45,35,36,35,25,37,42,30,32,33,34,42,33,33,35,32,31,36,33,35,37,34,40,38,33,34,39,36,39,31,34,42,31,36,38,43,36,35,31,38,31,39,34,34,30,29,32,32,33,47,41,33,39,39,30,31,32,41,30,42,39,32,38,43,30,29,34,33,35,37,36,46,38,29,39,33,31,38,33,37,36,38,36,37,31,38,33,42,39,37,25,47,41,35,31,35,32,36,33,36,29,38,31,37,33,45,44,34,31,34,39,35,37,28,42,37,32,42,33,30,33,44,33,32,38,44,39,35,42,34,39,43,37,39,33,35,31,41,32,40,34,35,34,41,36,30,36,34,35,33,28,33,32,37,29,33,33,41,43,39,34,36,36,35,32,33,33,38,33,38,40,29,37,41,40,35,39,34,29,32,42,34,29,36,30,25,34,36,24,40,40,32,36,32,37,32,39,37,30,29,29,35,35,31,35,27,35,32,31,32,38,35,24,32,33,33,34,30,38,37,28,23,43,33,38,33,42,31,36,30,33,43,31,29,38,52,27,38,25,40,36,40,34,29,32,27,33,29,33,34,33,34,30,34,44,37,36,31,45,34,29,46,38,29,31,48,38,35,32,35,33,33,38,33,31,37,32,36,37,36,37,30,32,31,38,34,36,37,37,39,39,27,30,33,39,32,45,36,42,42,34,42,33,42,39,29,39,43,34,27,34,38,43,41,33,29,41,35,41,28,33,33,34,39,39,34,34,28,41,40,38,33,34,39,41,38,36,23,33,38,32,40,33,33,31,31,45,36,38,32,32,31,28,43,39,37,32,41,44,40,41,33,42,30,34,33,31,32,24,34,29,30,43,39,25,33,37,41,33,48,41,40,37,38,40,41,31,34,31,36,37,35,43,30,38,34,26,38,37,29,36,37,36,39,34,36,38,35,30,36,34,34,30,32,36,31,40,37,36,39,31,37,41,38,33,29,41,43,37,42,34,25,39,31,32,26,39,38,34,43,31,35,38,39,37,28,24,31,36,25,27,43,36,37,24,32,31,39,35,39,25,34,31,34,35,37,22,34,38,34,33,31,33,34,28,36,23,33,30,33,33,23,37,37,29,34,37,28,33,33,33,30,35,39,34,29,37,38,34,37,28,38,37,35,32,31,32,32,39,31,45,32,34,40,26,34,33,39,38,37,39,37,31,39,36,40,36,38,32,38,33,30,36,36,35,42,27,38,35,38,44,37,41,41,34,32,38,30,38,34,31,31,25,36,33,33,36,34,37,32,33,31,37,38,37,27,27,30,34,26,36,32,36,34,31,39,23,39,31,33,30,37,30,33,36,36,37,35,27,27,39,35,42,44,41,41,31,38,39,31,30,36,34,32,40,34,39,33,38,30,39,30,31,35,29,30,35,44,33,41,37,35,39,36,33,37,40,41,28,34,38,32,38,39,37,41,38,37,40,31,40,32,39,38,34,36,37,37,44,33,28,39,47,40,29,43,28,29,32,36,35,27,32,34,36,39,35,33,32,27,34,39,41
38,38,40,38,35,34,33,38,38,35,35,32,32,33,34,39,46,35,33,33,39,41,38,29,29,35,34,41,38,34,46,42,40,34,34,31,35,40,33,42,35,35,41,24,40,30,27,37,34,31,34,32,39,24,27,31,41,33,32,29,32,33,32,34,35,49,42,40,34,31,25,44,32,31,33,38,31,41,34,35,36,39,34,25,36,43,45,36,44,39,34,35,30,28,27,29,31,36,31,33,47,34,28,38,30,38,33,38,35,31,35,40,32,30,31,39,35,35,28,41,43,36,40,42,27,42,33,36,30,23,41,42,35,38,30,37,29,32,43,41,35,36,42,33,34,33,36,33,35,37,30,33,37,39,34,36,27,32,32,42,39,30,27,29,42,36,27,40,38,29,27,36,38,32,33,37,32,36,30,34,35,34,36,27,48,40,38,37,36,37,35,35,26,35,39,36,29,39,39,34,41,40,29,41,36,36,42,31,26,32,32,32,34,30,38,41,31,35,47,31,32,36,27,29,37,43,32,27,31,36,31,35,28,34,45,45,33,34,32,44,32,29,37,30,39,34,33,34,38,38,37,27,35,37,34,40,35,33,44,38,34,31,39,33,36,35,25,34,37,32,40,32,34,30,40,36,31,32,35,39,42,32,30,33,34,31,35,40,35,37,30,38,38,31,32,39,39,32,38,53,30,33,37,32,45,42,29,36,29,30,38,37,34,36,37,39,29,32,32,39,34,44,40,39,40,31,40,26,34,34,37,31,33,36,42,33,44,27,30,39,29,40,41,44,31,41,38,31,37,38,29,30,33,32,39,37,43,36,40,39,33,34,36,30,28,33,38,35,36,27,36,34,35,44,40,32,36,39,33,37,34,41,37,38,40,29,35,38,37,39,32,36,38,34,36,41,30,37,41,35,36,38,33,30,32,28,43,35,42,38,41,45,39,44,36,34,35,43,36,45,46,34,35,33,34,36,41,38,35,37,36,33,29,32,34,37,38,36,43,29,29,22,36,28,38,36,40,30,39,36,36,42,40,46,37,34,33,33,37,40,29,30,31,41,34,33,38,31,28,35,43,32,30,35,31,37,33,31,29,33,33,35,34,37,36,40,30,40,39,33,25,32,34,39,38,38,34,36,39,34,35,32,30,33,33,35,40,31,44,35,31,41,30,43,35,34,29,38,34,30,35,26,29,37,35,38,34,36,40,37,30,27,36,39,40,37,36,35,43,26,38,40,38,44,38,35,38,36,36,33,31,40,35,42,44,39,38,35,38,33,35,42,32,38,34,34,35,27,40,37,24,38,35,28,32,40,48,38,34,41,42,39,36,30,37,42,38,35,33,36,41,35,40,35,28,30,35,41,34,41,40,33,34,31,25,39,31,40,40,34,30,38,36,32,37,29,39,31,36,38,32,37,34,36,38,46,32,29,29,42,32,33,31,32,38,34,37,31,30,30,37,40,35,30,34,42,23,32,34,35,32,45,37,36,37,35,22,36,35,36,39,32,33,37,40,40,30,35,39,45,34,42,34,27,39,38,30,27,33,30,37,44,30,31,37,41,39,33,35,31,36,37,38,40,28,38,35,41,41,36,37,40,31,29,26,36,37,39,31,29,36,37,37,33,34,35,45,36,38,43,42,35,35,37,39,41,38,32,32,32,37,38,44,31,26,38,34,33,32,31,32,36,31,43,36,43,29,31,31,39,37,42,29,44,40,30,41,30,28,37,39,36,41,37,43,24,37,42,31,25,36,37,31,42,44,34,34,43,32,36,36,29,40,36,27,34,35,30,35,41,40,39,34,36,36,43,34,35,39,31,33,38,27,40,47,30,27,37,40,31,39,35,35,38,34,36,34,40,42,30,34,28,45,29,25,28,40,28,32,31,42,39,35,36,33,28,29,24,41,27,40,28,41,37,25,29,39,37,32,32,33,44,41,40,31,32,30,33,31,32,35,25,35,36,36,35,34,42,34,36,32,34,33,34,39,31,42,37,30,32,31,39,38,30,32,29,43,40,40,34,40,35,36,30,33,34,32,38,32,35,28,35,38,24,42,35,38,34,30,40,28,36,34,36,31,37,32,36,36,33,30,41,32,33,30,34,31,36,40,32,46,30,30,39,35,33,39,44,37,44,30,34,40,30,37,28,27,26,36,34,39,36,27,37,32,28,32,40,36,37,27,40,33,25,36,28,31,37,30,43,38,40,32,32,39,34,28,30,40,39,41,24,35,36,37,30,29,26,39,38,36,28,38,33,38,39,38,34,39,32
36,42,33,37,43,36,29,29,30,33,32,33,26,32,44,38,27,26,33,39,30,25,31,34,34,37,30,28,40,28,31,36,23,44,33,36,31,38,29,39,35,34,26,41,39,43,39,37,34,38,27,30,30,37,33,31,43,36,23,41,42,37,26,32,33,26,43,38,29,30,38,38,39,30,37,39,31,29,33,38,33,44,29,31,32,27,40,38,40,39,40,34,28,27,45,31,38,40,35,41,33,32,29,35,35,37,33,39,34,36,37,37,31,43,37,36,45,37,36,32,36,25,40,26,35,27,34,35,36,42,34,32,39,36,32,43,31,37,35,41,36,32,39,36,45,30,29,32,35,35,40,45,39,34,32,38,40,39,38,39,37,33,30,34,36,37,36,32,40,35,30,36,32,36,47,37,38,38,37,39,40,41,38,35,44,36,33,30,40,35,45,34,36,33,31,45,40,35,33,40,35,27,36,39,37,42,32,32,35,32,32,32,31,39,42,42,25,27,37,32,40,39,37,32,42,30,34,34,40,42,38,33,29,31,32,40,32,38,32,35,40,31,38,37,32,36,40,26,34,35,28,37,32,32,34,40,42,43,45,33,39,26,32,41,35,41,28,28,28,33,34,39,39,41,36,34,31,40,36,32,28,40,40,42,23,40,23,28,36,42,36,28,33,45,41,33,44,40,37,46,42,32,37,37,32,38,38,38,34,39,36,38,41,32,31,34,32,27,34,27,41,37,25,34,37,39,35,35,25,32,29,39,37,38,26,40,42,34,32,40,40,28,29,31,29,32,35,33,30,31,40,28,29,30,31,37,34,39,38,26,39,40,43,36,32,35,37,33,35,38,35,37,32,41,34,29,29,33,37,29,28,30,37,42,35,29,35,41,36,45,34,30,36,30,39,39,41,34,39,36,38,31,29,32,36,40,43,38,36,40,38,38,28,26,32,34,42,28,35,34,36,33,33,35,33,25,35,33,36,33,27,31,44,26,35,40,33,38,39,31,35,33,33,35,38,43,36,31,38,35,34,42,33,24,38,35,31,41,31,31,43,30,38,34,32,46,32,28,28,37,32,36,42,30,39,39,41,35,37,30,43,40,42,32,37,30,45,33,38,34,41,28,32,31,33,32,41,29,22,35,35,28,35,45,35,20,30,38,31,37,33,41,36,32,34,37,30,41,37,36,33,32,47,36,37,41,30,33,38,40,51,29,36,35,40,29,41,39,30,34,40,38,29,37,39,30,42,35,37,34,37,26,33,22,36,31,29,28,32,39,33,33,38,35,38,42,32,37,22,32,38,40,39,31,33,35,35,32,31,34,40,32,27,34,36,37,33,36,42,34,39,36,32,32,35,34,32,40,41,42,39,32,39,31,39,37,34,30,33,40,40,30,40,40,31,32,38,36,31,26,36,30,30,38,43,42,37,35,35,31,37,31,39,36,39,23,40,42,33,40,39,37,32,32,38,45,29,28,34,29,31,33,31,34,33,26,30,33,36,34,25,40,32,37,40,37,34,32,41,40,40,29,30,27,30,36,38,34,36,26,38,30,35,25,37,26,41,40,31,33,26,38,35,30,35,38,31,29,37,44,27,30,45,30,30,38,41,37,45,34,29,42,30,39,34,39,32,31,36,38,34,42,37,33,30,31,34,38,29,34,41,42,45,40,42,44,24,33,34,40,33,33,29,33,38,36,39,38,34,36,38,29,40,39,39,33,30,38,31,28,28,45,37,41,35,26,38,35,43,34,26,36,32,34,32,43,33,28,37,37,31,33,35,30,37,39,37,35,41,26,45,38,36,41,35,39,33,36,41,36,35,34,35,32,36,36,38,37,35,32,37,38,35,34,37,35,34,33,27,36,47,34,32,31,42,31,37,36,38,36,30,26,38,30,33,35,30,38,28,38,40,35,38,29,34,41,38,39,32,39,29,24,36,34,32,31,41,40,40,31,37,44,46,40,38,33,34,35,33,25,33,37,45,38,33,32,35,29,41,24,34,37,39,41,34,33,37,34,31,32,45,25,41,34,46,35,36,36,23,41,37,32,33,40,41,34,41,38,39,30,43,36,34,45,29,30,32,38,28,24,32,35,36,36,34,21,34,36,41,40,31,29,29,34,40,37,42,38,27,36,33,39,32,36,42,40,38,33,42,42,33,31,39,38,27,29,33,28,33,33,39,39,39,37,42,38,35,43,34,28,40,35,42,30,31,39,40,36,32,45,33,31,33,41,34,41,34,30,41,41,33,32,36,33,34,41,32,38,38,21
35,33,29,29,31,40,30,32,36,40,36,41,34,34,22,34,34,46,38,39,36,36,39,28,39,38,37,36,40,39,30,39,31,37,45,28,44,46,38,34,34,32,32,31,37,42,39,24,40,33,38,32,38,37,43,38,43,37,31,31,37,30,36,29,38,31,41,37,37,37,38,37,42,36,35,28,31,25,47,33,39,36,36,36,29,36,36,33,40,29,35,36,31,30,40,28,31,44,42,37,35,31,31,44,35,30,39,22,39,37,30,41,35,45,30,35,36,38,36,40,38,35,29,37,36,31,39,24,43,34,31,20,30,45,36,36,32,29,37,45,41,33,39,40,37,36,38,36,34,37,39,40,34,34,38,32,30,36,37,37,27,44,38,39,31,35,42,34,37,41,32,37,40,40,38,39,42,30,37,42,32,32,35,35,35,30,36,36,34,42,35,29,35,40,36,36,34,37,37,36,41,30,41,41,32,33,37,30,42,42,30,39,32,33,41,40,32,33,42,38,36,36,27,35,29,33,36,33,27,18,37,38,32,34,40,44,28,36,40,34,42,33,34,37,39,31,34,18,43,38,39,39,34,44,40,33,37,37,37,33,32,29,35,36,35,40,26,32,36,30,42,38,32,36,33,33,37,31,30,37,33,39,40,33,39,34,39,31,36,29,32,38,35,27,39,33,38,34,34,42,40,36,38,34,33,30,41,40,32,29,43,35,27,33,32,30,30,38,38,39,39,37,32,39,33,36,33,43,35,30,31,36,41,37,39,26,25,37,36,34,32,32,36,33,41,35,36,34,33,35,33,36,30,39,34,35,30,38,41,28,35,35,44,37,34,36,34,39,44,33,35,36,23,31,35,40,35,30,37,29,33,46,31,29,29,28,30,37,34,39,37,31,31,37,31,37,26,38,29,34,41,38,38,28,31,42,38,41,37,32,33,30,31,35,32,33,34,32,37,24,33,37,34,37,35,35,31,32,31,41,34,37,33,38,35,30,36,30,35,41,36,35,31,42,34,32,41,29,34,36,31,39,28,40,37,42,38,29,42,37,31,40,29,39,28,36,42,35,24,30,35,36,34,41,38,40,30,37,24,29,34,44,37,39,33,36,40,31,35,25,40,38,36,30,39,38,30,37,37,42,27,30,24,35,37,30,36,41,39,35,34,44,39,45,35,37,33,32,40,35,43,34,24,40,35,39,26,32,32,40,48,28,38,37,33,30,45,37,36,34,35,38,30,46,36,38,43,29,27,44,41,34,30,36,28,29,28,33,33,31,41,36,39,31,45,34,34,36,39,27,38,32,28,34,28,36,37,37,41,33,40,31,38,38,34,38,29,39,39,32,39,36,27,34,35,45,38,37,35,36,38,25,34,32,31,23,31,34,37,30,35,35,35,29,30,35,42,31,37,30,39,41,35,23,41,46,31,28,37,28,30,45,39,37,30,44,41,33,31,39,37,30,28,37,31,33,37,30,28,28,28,39,42,35,40,38,35,29,37,35,44,30,32,29,41,34,39,42,38,25,35,36,35,32,44,33,29,37,35,37,33,31,29,36,28,36,34,40,33,42,34,44,34,34,31,36,38,37,36,40,33,42,32,33,30,27,33,31,38,31,27,40,43,43,35,34,27,30,24,29,29,30,35,28,43,28,32,36,36,36,37,35,36,37,32,35,30,29,38,33,37,19,37,22,36,33,35,36,30,33,40,40,37,40,28,29,29,37,42,32,41,38,38,32,40,36,42,39,34,42,33,31,39,42,36,32,37,33,40,42,37,36,39,36,42,31,29,42,36,42,39,41,37,35,33,38,31,39,38,40,37,20,39,33,35,29,34,40,37,39,28,28,39,36,35,29,32,39,39,36,37,38,38,41,25,46,30,33,49,30,32,23,39,37,36,31,33,38,32,33,32,44,42,33,33,35,35,37,36,29,35,42,38,40,37,35,40,38,36,34,32,34,47,33,41,36,30,33,34,28,33,40,40,32,33,38,36,31,35,35,35,38,32,39,26,42,39,34,36,34,32,34,31,39,40,21,39,41,38,41,31,34,38,38,38,36,45,45,29,37,33,41,31,33,35,32,38,31,39,38,33,39,37,33,36,33,34,33,26,32,39,34,33,30,34,30,34,39,37,26,31,38,38,48,35,32,29,26,31,31,44,40,39,34,34,29,37,35,22,33,31,34,34,35,34,26,30,29,39,32,31,34,34,34,35,33,41,34,33,30,40,38,30,29,34,36,36,30,30,30,32,38,40,34,36,41,32,41,48,31
34,30,34,28,37,36,41,30,42,33,32,35,38,30,26,36,29,35,35,38,35,39,40,35,38,36,23,40,39,30,34,34,35,36,40,35,37,26,34,30,44,39,37,36,39,37,39,30,41,39,34,34,34,39,34,36,34,36,33,35,37,36,29,48,34,36,41,30,31,39,37,32,35,31,35,34,28,39,26,38,31,31,31,31,31,30,30,30,47,39,46,23,42,33,37,42,36,29,32,30,35,30,34,36,32,34,39,42,36,36,38,35,37,43,33,38,40,44,35,34,31,37,33,42,34,28,32,32,34,41,34,31,23,37,34,42,29,35,38,30,38,37,33,38,30,37,31,32,43,30,46,42,34,41,33,33,36,34,33,37,35,35,30,43,35,35,30,34,36,42,44,44,34,37,31,31,40,38,37,32,30,32,34,44,37,33,37,35,40,31,30,34,35,34,32,34,31,35,37,43,30,36,34,41,34,46,37,33,30,40,41,49,37,33,34,35,44,36,35,26,36,32,37,32,32,29,37,39,32,37,36,34,32,37,38,34,38,45,34,43,31,42,36,36,30,33,28,26,30,40,42,37,31,43,34,29,37,31,31,30,34,45,36,30,33,34,36,32,44,31,29,31,38,41,45,48,37,30,30,36,40,28,36,35,40,43,35,40,37,39,36,37,43,37,43,31,26,35,42,32,40,33,35,37,36,36,33,30,34,34,46,39,26,38,31,31,30,35,31,31,35,32,32,36,32,35,41,32,32,35,38,42,29,43,30,37,37,40,31,35,37,29,40,39,27,35,38,32,34,39,34,34,29,36,29,33,40,38,39,41,42,40,39,33,43,39,41,46,41,32,36,35,33,36,34,40,30,29,41,35,33,37,40,31,39,29,43,38,40,33,30,29,33,39,35,38,36,35,46,35,35,38,29,39,41,37,38,39,39,32,30,34,34,37,37,34,28,39,32,41,30,41,30,30,35,37,38,34,36,31,46,42,37,40,34,39,39,44,34,31,41,32,33,39,32,34,43,38,25,33,39,29,41,38,32,37,41,32,41,36,40,41,35,32,26,36,21,49,32,33,34,34,34,46,34,35,34,39,33,32,37,38,38,39,32,37,36,41,33,41,24,39,34,35,32,38,40,34,38,35,37,40,31,40,26,39,34,38,30,36,33,30,34,33,33,29,38,28,23,33,29,38,29,40,33,40,32,42,34,47,36,32,33,35,26,30,28,36,35,37,36,30,43,33,29,27,46,34,30,29,46,41,39,40,34,38,33,27,40,40,31,34,37,36,42,40,37,39,24,35,42,37,36,37,38,32,30,35,31,43,30,34,34,42,32,34,40,39,36,42,47,30,30,31,36,34,34,33,29,38,29,28,36,25,38,37,36,40,36,29,37,31,28,40,37,34,35,31,37,41,38,36,40,28,29,37,32,38,36,43,40,36,35,33,40,38,31,37,32,31,33,39,32,36,41,35,37,38,33,29,31,37,37,37,29,43,38,33,41,37,28,36,35,36,37,30,25,35,33,36,31,34,34,32,37,34,32,45,33,36,31,40,34,39,34,30,42,32,35,30,38,37,35,38,33,37,40,37,31,41,32,40,28,47,34,33,31,37,40,29,38,43,31,33,36,36,42,33,33,32,35,35,32,36,41,34,36,37,29,37,27,28,36,31,35,39,38,35,33,30,38,35,29,29,41,32,36,35,42,40,39,37,28,30,41,33,39,36,36,44,31,34,36,36,27,39,31,33,37,42,43,37,29,28,42,42,27,33,39,29,34,33,25,27,32,31,35,33,36,38,37,35,26,33,36,37,30,34,35,43,38,38,39,38,32,30,37,27,41,33,39,42,35,35,45,32,41,34,31,33,38,38,29,31,35,35,34,38,35,34,38,38,39,32,33,31,38,30,32,39,34,35,37,30,42,41,35,32,37,36,32,41,36,34,40,41,36,34,38,37,41,34,37,36,29,39,32,38,32,29,37,38,36,31,32,27,31,42,34,40,38,35,35,29,43,31,34,38,32,34,32,43,35,40,38,36,34,34,39,32,35,30,38,38,36,36,37,30,48,39,36,33,41,33,37,34,32,32,24,38,35,40,27,31,26,40,45,39,39,32,36,30,31,32,41,34,29,30,36,42,29,41,37,39,32,33,32,31,30,41,38,34,39,35,35,34,37,33,31,43,33,37,30,42,33,34,43,36,31,40,37,35,31,35,35,29,38,24,34,37,37,41,33,50,38,33,31,26,32,33,43,31,30,32,32,38,30,34,30,33
33,28,39,44,29,33,38,35,38,32,34,30,28,35,37,31,32,31,29,35,35,40,33,39,38,43,25,25,36,40,43,29,28,37,36,25,39,26,35,35,32,30,33,31,34,33,34,34,29,33,34,33,39,34,29,25,35,32,34,43,34,25,25,40,41,38,34,33,30,40,34,29,28,33,34,35,39,38,32,35,32,38,27,31,38,32,37,38,36,45,35,38,31,40,39,40,34,38,31,28,33,32,34,38,36,40,31,33,32,37,32,37,34,32,41,35,36,22,36,33,31,30,38,35,41,31,40,32,34,38,29,33,38,40,38,32,38,42,46,40,34,44,39,30,38,35,45,31,28,34,31,35,33,42,33,40,34,29,37,31,39,39,37,28,42,32,30,41,38,34,34,40,46,40,44,36,35,35,34,40,28,35,45,40,33,42,38,39,34,38,37,35,37,38,36,33,34,29,30,35,34,37,35,38,40,31,47,39,34,43,32,28,32,42,37,20,35,30,39,38,30,32,34,31,40,46,32,34,26,40,34,33,40,31,44,29,37,29,32,34,28,29,36,25,34,31,23,37,35,39,27,36,33,31,29,31,29,28,34,29,35,30,34,34,39,39,29,31,32,34,37,24,41,38,30,29,44,37,34,35,37,33,37,36,39,43,39,33,40,35,45,34,45,35,38,44,38,34,33,37,38,39,35,34,46,34,31,32,36,25,32,28,34,33,24,32,33,42,47,26,35,37,41,29,37,32,44,33,33,32,33,30,33,38,34,37,32,37,43,35,37,28,33,27,37,30,38,40,39,32,31,36,34,31,35,38,35,37,42,34,32,32,41,34,41,34,34,39,34,43,34,32,34,36,40,39,31,40,29,25,40,35,36,27,39,29,41,35,28,35,41,31,45,28,40,36,35,33,31,42,28,35,29,31,45,41,39,35,31,30,40,39,34,38,39,29,31,38,22,27,41,36,36,29,32,40,37,34,32,38,34,33,31,35,35,36,36,34,35,36,33,35,30,36,37,45,39,38,40,32,27,35,36,34,36,32,42,50,32,28,38,33,33,35,38,30,36,32,28,38,39,39,37,38,39,40,35,38,31,32,40,39,31,40,37,33,40,40,39,33,39,29,34,31,29,36,36,34,34,28,31,30,30,29,46,27,37,36,39,38,33,34,40,32,40,38,27,28,37,31,31,37,24,29,43,35,31,40,32,39,32,37,40,35,32,41,29,37,32,39,37,34,31,35,32,32,27,32,32,27,38,31,37,40,27,31,32,40,38,42,29,24,35,40,36,35,31,33,33,33,30,42,29,40,29,43,32,36,33,32,32,30,33,37,24,35,36,30,35,29,35,38,39,38,25,34,35,37,33,42,27,35,34,30,38,32,32,37,29,24,31,29,31,29,39,34,36,46,46,37,36,35,42,39,38,39,29,31,27,45,24,35,39,39,39,34,32,38,37,32,43,38,34,34,37,34,35,34,37,48,37,33,26,36,40,35,39,36,37,37,32,31,38,35,33,41,28,36,33,44,41,35,41,36,36,34,41,35,24,40,34,41,27,36,34,41,32,28,32,31,37,32,36,35,39,44,40,32,38,39,34,36,43,34,37,37,30,37,36,42,33,36,40,31,32,30,38,35,40,34,31,31,41,38,37,31,45,32,33,37,36,34,27,29,31,44,35,31,36,34,34,37,33,34,32,36,41,35,31,34,40,41,34,40,41,26,24,43,32,33,37,33,35,36,36,24,21,37,43,37,31,29,32,38,27,39,36,26,35,31,30,37,33,29,33,35,40,33,33,31,26,38,37,34,40,37,30,45,33,35,35,38,38,35,27,31,40,31,33,40,45,34,35,31,31,45,40,35,39,36,31,35,42,28,35,40,33,32,31,39,31,41,35,33,36,35,37,33,32,39,41,27,37,35,35,30,34,40,30,41,37,37,31,42,27,36,35,35,33,43,31,43,31,29,36,43,29,34,32,34,31,37,39,30,38,36,37,30,33,30,41,33,36,30,37,36,34,40,38,36,34,32,24,33,30,33,32,35,26,37,30,38,27,31,35,41,27,37,32,38,38,35,43,45,44,43,34,34,40,39,32,29,39,35,27,33,33,32,27,39,36,35,22,30,40,29,31,42,33,35,36,38,42,32,27,41,44,38,24,32,32,39,36,40,33,40,36,34,36,34,42,32,38,40,37,26,36,32,36,35,39,37,49,30,40,34,32,29,32,34,28,36,36,36,34,41,35,39,32,40,38,36,36,40,30,31,31,41,31,33
31,34,33,34,46,32,41,33,30,36,37,41,34,34,38,32,29,38,35,28,33,31,36,31,37,44,40,28,32,36,35,39,39,29,33,35,26,34,31,38,35,36,34,41,36,36,33,36,31,38,41,44,35,42,35,27,34,31,41,36,40,30,23,35,33,36,38,36,35,44,37,42,37,45,39,44,27,37,30,37,35,31,37,33,33,32,33,35,35,35,31,36,33,40,38,35,32,38,35,34,35,30,30,38,36,32,34,36,44,34,31,35,36,35,31,37,39,30,39,38,30,35,34,35,32,35,33,31,44,34,39,35,28,41,32,31,34,28,34,25,29,32,42,27,36,32,36,37,44,44,34,25,34,33,36,34,31,41,28,35,31,38,38,34,25,39,49,38,44,34,29,36,48,40,37,35,36,42,34,33,39,37,36,42,33,32,28,31,29,41,36,36,31,33,32,41,33,30,34,29,35,35,31,34,36,39,30,29,40,29,32,46,30,31,43,33,27,32,34,38,42,39,35,26,41,36,38,33,27,36,39,32,51,37,34,42,35,31,31,37,33,34,26,40,29,31,28,32,37,36,29,30,33,32,38,39,49,39,31,34,45,36,39,37,31,30,38,36,38,33,40,33,37,41,38,35,33,32,29,40,30,32,37,35,32,31,30,34,44,38,34,38,39,43,38,31,49,30,30,46,40,37,42,26,38,42,38,39,41,31,39,32,33,26,35,40,39,28,34,33,37,29,41,31,37,36,39,34,38,32,37,32,40,38,35,38,33,24,30,39,41,40,37,34,44,34,32,33,30,28,36,49,29,47,36,31,32,41,33,35,38,34,29,32,41,30,37,35,39,37,36,39,34,34,38,40,30,27,30,27,26,32,43,27,33,35,30,35,35,33,35,35,31,43,35,42,36,33,31,41,33,38,35,37,33,34,27,33,32,37,42,31,37,28,31,41,38,36,51,31,36,39,39,31,37,32,39,33,31,36,40,42,35,37,31,32,34,34,36,35,39,39,37,29,39,39,35,36,32,38,39,39,36,35,33,39,40,38,30,32,32,34,22,30,36,42,31,36,33,30,32,29,39,32,35,33,32,37,39,40,35,33,30,37,36,41,33,28,36,37,34,35,29,34,35,33,36,32,37,30,40,38,33,35,42,34,36,34,37,31,31,27,38,33,31,30,29,34,36,34,33,27,36,31,38,33,38,33,32,24,36,34,32,27,46,35,36,33,32,33,31,37,36,42,44,37,33,30,36,31,38,27,29,33,35,33,40,29,37,36,30,30,31,38,30,35,32,31,36,39,37,41,32,44,27,36,37,29,33,37,46,39,41,33,35,37,42,31,29,30,31,37,32,40,30,29,27,30,32,37,30,42,40,37,27,44,27,33,36,38,34,37,39,35,43,37,28,39,41,32,34,41,35,36,26,29,32,41,40,42,41,36,37,43,35,35,39,41,27,35,34,31,40,39,30,41,42,36,37,38,45,23,40,32,39,37,37,38,28,38,34,36,35,35,31,27,31,35,37,43,37,39,29,26,38,38,38,30,38,31,32,37,40,34,32,33,41,40,35,40,46,34,32,37,39,35,38,36,46,39,43,35,37,37,29,32,34,35,38,36,40,32,34,32,32,43,43,36,39,30,33,36,28,28,47,39,39,31,38,35,36,34,39,32,31,32,33,37,36,32,32,38,34,33,35,25,30,28,33,41,37,28,33,36,38,30,33,29,36,30,32,36,35,36,33,31,38,38,38,43,34,37,41,41,37,44,39,37,39,31,36,37,38,35,35,35,36,31,35,40,30,31,39,31,34,33,34,32,38,33,37,38,31,32,38,36,31,26,38,32,36,35,39,42,42,41,28,37,39,26,44,45,35,39,30,32,37,33,49,31,34,37,36,26,38,33,26,35,43,37,29,33,32,36,40,38,30,47,38,28,36,33,37,35,32,39,27,37,27,45,38,34,35,39,38,29,38,41,34,34,34,41,43,38,37,34,40,43,30,31,37,39,41,34,32,37,44,36,26,34,45,36,37,39,42,40,42,27,39,36,31,37,40,37,38,38,31,30,42,30,35,36,32,38,39,42,40,39,29,34,35,30,32,33,29,29,37,41,34,38,43,37,35,35,39,42,38,29,38,23,33,35,37,39,37,50,42,39,48,30,43,26,39,37,33,38,35,33,33,30,27,38,35,36,30,32,35,31,34,34,33,34,32,37,37,31,40,37,31,33,25,32,36,37,40,46,39,39,39,40,36,34,30,29,36,27,45,32,35,31
24,36,31,28,33,39,40,31,32,39,34,30,35,33,43,30,31,35,32,31,28,32,40,31,29,33,38,41,27,30,38,39,37,40,33,33,32,31,37,30,30,33,44,36,42,41,36,36,37,34,28,34,35,35,32,32,35,39,39,36,33,33,30,41,31,42,31,38,33,35,41,35,31,44,34,35,31,41,30,34,39,34,35,37,38,38,35,33,32,37,34,37,42,33,25,38,36,34,32,34,38,36,30,36,37,36,32,28,32,44,36,37,31,45,34,37,32,32,43,32,30,24,31,33,31,43,40,28,36,29,44,32,37,39,24,36,26,34,30,35,39,27,32,31,34,38,37,38,29,39,25,38,30,36,33,35,35,31,37,45,38,36,43,35,36,33,34,43,35,31,33,34,28,36,42,35,31,34,38,32,35,38,39,25,33,24,34,27,30,32,35,33,32,43,35,34,32,40,26,40,43,41,40,39,36,30,35,31,38,43,43,37,34,26,36,42,32,28,38,35,31,34,36,33,29,41,33,43,39,39,35,42,34,34,36,40,33,32,43,36,38,27,43,36,36,40,32,35,26,36,40,28,36,32,27,33,25,32,32,35,36,32,39,28,31,45,31,38,37,33,38,40,24,29,29,37,40,37,35,34,39,33,36,31,28,36,33,38,40,37,32,30,36,40,37,34,31,38,42,38,37,37,34,41,40,28,30,33,35,43,41,43,32,28,29,39,31,26,35,41,37,37,34,37,41,35,36,29,47,31,41,33,36,34,41,31,34,36,35,40,40,39,31,33,38,33,36,37,32,32,33,34,34,41,41,43,30,39,30,32,32,30,29,33,40,46,36,35,37,32,42,33,34,31,35,40,43,30,38,35,25,37,33,36,31,38,31,30,33,39,34,35,39,27,38,27,38,35,30,40,37,41,38,37,30,39,31,41,34,36,37,40,27,35,31,27,32,40,38,36,37,31,30,44,42,31,37,26,35,33,28,34,31,37,42,34,34,37,41,30,34,40,32,35,39,36,37,39,38,40,40,32,34,35,21,42,43,36,32,28,32,34,46,32,40,31,36,40,26,29,45,37,40,35,36,35,29,29,37,29,38,31,34,33,29,32,30,39,34,35,37,37,37,42,31,32,32,27,29,31,31,29,34,31,35,39,42,28,33,33,31,31,45,35,39,35,40,42,35,33,37,34,33,33,38,38,36,39,33,31,43,30,27,30,36,37,36,39,39,34,40,33,32,39,40,32,29,35,36,33,40,37,35,33,32,32,36,29,44,33,33,29,36,25,35,35,36,29,33,34,26,37,29,32,36,41,42,31,29,39,34,38,38,36,30,35,32,41,26,28,35,34,30,28,40,46,39,32,45,35,37,37,44,37,37,30,39,36,34,37,39,32,33,30,35,31,36,23,35,43,32,39,27,31,26,36,36,34,36,35,32,39,36,36,34,27,36,23,30,41,32,40,31,32,38,36,36,37,33,42,37,37,37,28,26,44,33,49,39,38,33,37,33,37,30,31,35,39,30,35,37,27,30,43,45,37,30,33,32,33,47,36,38,39,28,31,36,35,35,32,33,36,33,31,29,35,35,33,40,39,35,31,33,36,37,42,32,40,38,33,33,38,39,40,37,40,40,37,27,34,31,35,33,41,34,38,37,36,35,23,43,39,38,33,39,35,29,27,42,37,43,33,25,37,35,34,34,24,36,35,42,30,41,37,34,31,37,28,31,38,36,45,36,42,32,31,38,38,36,40,30,38,35,36,32,33,36,33,40,40,32,27,34,43,31,35,37,40,33,35,28,26,33,35,38,25,36,31,31,39,36,33,39,36,45,39,47,42,30,31,33,37,30,38,27,40,39,36,36,44,38,46,34,21,42,34,37,37,32,38,41,36,27,35,29,22,29,29,42,36,35,36,38,33,35,39,36,32,34,34,32,31,32,34,37,32,40,35,29,31,30,32,40,29,44,26,30,44,34,31,29,38,36,42,29,39,27,34,37,35,35,29,37,36,41,36,44,41,33,29,32,36,29,33,38,38,30,43,34,34,33,36,33,48,31,30,33,36,33,25,31,34,35,28,40,42,37,28,37,41,39,33,32,36,31,26,36,35,31,29,40,38,30,32,32,36,29,30,33,31,35,31,29,33,32,40,39,29,40,40,39,40,37,36,32,33,37,40,31,30,32,33,29,31,22,29,29,40,24,32,33,37,37,35,35,36,35,25,32,32,41,29,34,34,32,34,38,38,41,42,24,21,41,40,35,36,36,34,43,36
31,28,41,35,37,36,32,34,33,34,38,41,33,29,35,41,32,37,33,39,48,28,33,32,38,45,40,37,26,33,33,37,30,32,30,40,39,38,29,38,37,37,34,34,37,40,34,35,43,35,36,42,35,36,39,37,42,34,40,41,31,30,41,42,37,39,33,44,34,28,28,28,35,34,42,35,40,26,34,31,38,39,35,39,35,37,30,29,34,29,28,42,32,35,39,29,34,35,29,36,37,40,33,31,26,35,42,31,41,38,41,28,37,36,34,34,31,30,31,40,36,29,33,44,38,35,38,32,33,47,30,40,33,38,41,29,37,36,36,32,28,29,34,40,38,37,31,35,32,29,36,38,34,39,25,26,32,27,33,29,33,29,37,37,34,35,43,38,36,38,34,40,41,31,30,36,29,33,28,30,45,41,40,38,34,27,30,38,34,37,37,36,42,38,30,35,29,31,37,28,41,39,35,45,26,32,30,37,32,36,38,36,37,31,40,35,36,38,34,41,39,37,36,39,35,38,40,37,37,32,40,32,33,35,43,42,33,34,32,31,26,39,29,37,32,34,40,28,24,30,43,34,38,35,30,38,35,35,33,33,34,30,42,32,32,37,28,41,48,35,44,40,34,32,35,36,35,42,30,34,41,28,34,38,33,36,31,29,33,33,33,42,33,35,30,22,41,38,26,41,33,39,39,31,44,37,38,37,29,33,34,37,35,41,33,30,29,35,38,32,31,43,40,45,36,30,41,31,38,32,39,23,35,46,36,42,29,36,39,29,32,42,39,39,34,34,31,44,24,42,33,38,37,37,30,30,32,34,32,27,34,36,44,38,38,38,36,33,41,34,32,37,28,38,34,35,40,37,36,25,42,39,41,34,39,34,36,32,38,45,40,36,32,35,37,29,38,49,26,40,33,38,32,33,33,40,36,41,38,36,27,37,36,41,34,43,36,39,31,39,35,29,42,36,43,41,32,33,33,33,33,36,40,28,32,44,32,34,32,32,34,30,40,31,35,35,35,34,37,30,44,35,27,48,26,39,38,28,33,32,37,27,30,37,35,36,38,31,33,43,34,33,38,43,33,32,36,28,36,38,30,26,38,35,43,46,34,42,37,37,32,21,36,40,35,33,35,29,33,45,35,30,41,32,32,31,34,28,35,38,35,35,40,25,34,22,40,42,38,25,29,35,38,35,33,40,28,34,26,34,36,33,20,36,33,31,30,35,36,39,34,37,33,42,32,35,39,32,38,29,39,31,43,38,38,33,37,33,37,31,34,38,38,37,35,36,32,35,33,38,30,48,32,45,39,33,36,38,36,35,40,30,31,31,30,41,44,36,34,45,35,31,33,38,40,30,27,33,34,43,45,33,44,37,31,36,30,35,47,32,35,47,41,40,35,34,38,38,38,47,28,37,42,33,40,33,29,35,33,37,38,38,32,30,35,31,32,29,32,41,30,43,24,31,31,36,40,32,24,27,37,26,36,44,31,37,38,35,29,31,34,40,30,28,35,36,29,38,36,37,43,37,35,39,36,39,40,31,29,32,40,29,32,39,39,32,36,32,34,38,34,37,30,42,38,35,46,41,39,36,40,39,29,34,35,33,32,35,36,38,27,26,35,42,42,32,32,36,34,41,29,38,45,38,37,28,34,30,36,30,49,29,28,37,41,44,29,35,30,39,39,25,31,29,31,36,42,31,32,39,30,34,31,31,33,26,34,35,39,30,37,28,35,39,41,34,39,38,36,32,40,20,38,37,25,35,31,39,35,38,36,28,39,35,36,38,43,47,30,30,32,36,40,36,31,40,42,33,25,33,38,29,37,31,33,37,31,35,31,29,40,29,37,42,27,38,26,31,34,30,38,38,39,32,32,46,38,33,32,25,39,39,26,42,47,46,31,35,39,33,32,34,33,36,34,33,36,44,33,34,32,35,29,27,32,35,29,33,32,41,34,30,34,29,44,42,42,31,38,34,36,38,30,29,39,29,29,44,36,24,39,41,26,38,38,35,42,37,38,38,31,31,24,32,35,37,29,33,36,35,32,31,32,42,33,37,39,31,35,28,37,31,39,32,34,39,33,38,39,37,39,43,40,39,33,34,35,33,35,33,42,32,31,42,41,37,35,34,33,36,36,32,33,31,35,36,44,38,30,26,42,33,39,34,25,38,39,25,31,40,39,31,31,28,34,39,43,35,40,37,31,34,38,36,37,40,29,39,40,38,33,38,39,38,45,36,39,33,39,33,33,32,38,39,35,26,35,41,31,24
36,41,38,31,38,33,41,36,34,33,43,31,39,39,35,41,31,39,28,41,30,35,28,34,37,43,33,39,43,43,32,34,38,32,43,38,34,34,34,35,30,39,23,32,34,43,22,41,37,33,39,35,35,31,46,30,34,31,32,44,34,33,31,35,37,36,28,38,41,37,29,43,36,40,31,33,39,42,28,35,42,30,29,40,34,36,33,35,39,41,40,51,27,36,30,32,27,26,44,42,27,29,41,38,36,27,24,39,30,32,46,34,35,36,35,35,28,39,38,40,31,30,29,42,30,37,36,39,31,34,35,46,33,30,35,32,41,34,35,32,34,31,36,34,31,41,40,40,45,42,32,27,34,31,30,46,32,35,36,40,34,36,33,35,37,30,39,41,34,37,33,35,30,28,37,31,38,38,30,32,36,33,34,32,35,29,35,45,36,29,42,31,31,36,47,38,37,39,37,33,38,43,33,29,30,37,48,33,42,35,31,37,38,29,34,42,29,43,35,29,38,40,33,37,36,31,37,48,36,41,39,30,26,28,41,41,38,45,36,33,29,42,36,29,32,29,42,39,27,35,31,35,35,38,37,36,34,33,38,34,30,30,35,31,32,36,38,36,37,28,39,35,34,38,26,31,35,28,35,31,35,30,37,32,31,32,35,40,28,37,36,35,33,43,30,30,26,41,31,48,33,24,40,32,30,36,34,39,37,39,43,38,34,32,33,35,37,39,30,44,34,47,30,32,35,46,30,30,34,39,35,34,39,38,37,26,34,39,33,38,38,35,39,27,36,33,34,34,30,36,32,35,25,39,33,30,34,40,35,37,38,36,38,37,38,40,29,37,39,34,40,38,26,32,39,39,34,29,39,38,34,34,39,38,34,41,34,35,38,34,30,31,33,36,40,33,33,43,34,30,46,30,39,33,48,36,40,31,35,25,33,42,30,39,35,26,35,36,29,34,36,38,40,37,33,38,36,26,31,31,38,34,33,41,45,35,34,42,49,37,39,37,35,41,30,34,34,30,32,39,38,27,31,32,33,29,40,35,36,29,36,36,36,33,38,37,36,44,38,27,33,34,35,33,27,37,25,40,31,41,40,33,34,32,32,41,36,30,32,34,40,42,37,29,42,34,37,37,33,35,27,34,37,32,38,36,35,34,36,39,37,28,32,37,43,25,33,23,29,34,41,31,38,35,34,36,33,34,34,31,37,41,40,33,30,25,40,37,29,41,32,40,33,40,24,41,37,31,33,28,33,29,40,37,35,36,37,29,32,36,37,31,37,34,35,32,43,30,40,27,42,34,37,33,34,41,34,42,37,32,37,34,39,34,41,30,36,37,28,39,34,34,32,43,37,41,35,41,38,45,36,37,33,36,36,40,34,34,32,44,42,29,44,29,33,49,31,38,34,35,29,35,37,37,39,32,42,40,38,30,29,33,40,39,44,35,29,46,35,32,40,32,26,32,39,38,32,35,35,37,33,34,31,33,39,29,27,28,30,39,37,32,35,29,30,42,35,32,35,31,29,42,41,36,28,34,44,31,33,39,34,28,32,37,31,33,31,28,36,34,33,29,37,34,40,41,37,32,32,35,32,32,38,37,26,39,36,30,40,40,39,35,35,28,43,28,35,32,44,36,44,34,38,32,37,34,33,41,27,31,33,40,30,35,31,35,32,34,35,28,35,37,39,41,25,43,35,34,33,36,35,31,29,31,27,40,37,34,41,36,42,37,43,30,35,32,32,36,39,29,45,41,39,39,29,40,38,40,26,35,34,32,34,30,42,36,37,35,35,29,43,29,28,32,34,38,30,30,37,35,41,29,40,31,32,33,38,35,37,35,33,44,33,35,33,36,44,39,29,38,43,35,36,26,40,27,34,34,35,30,33,28,37,28,34,35,37,33,39,31,31,35,38,32,41,36,35,30,38,34,41,35,36,46,40,43,30,32,29,33,42,26,37,46,26,42,31,32,35,36,37,26,39,41,37,39,39,33,27,36,37,29,32,40,40,32,24,33,31,36,42,36,34,45,43,36,42,42,35,33,40,42,42,31,32,28,33,36,41,32,46,32,35,32,37,32,31,38,40,34,34,31,32,36,39,41,40,34,35,35,44,32,38,41,41,37,34,34,28,39,47,31,35,41,37,37,30,28,34,37,31,31,33,34,34,43,37,35,36,27,33,35,37,36,25,38,36,38,47,41,35,43,31,36,29,28,39,33,40,28,37,25,33,31,45,29,41,27,31,29,31,35,32,26,32,33,38,32,28,35
33,24,41,35,39,40,33,33,33,38,33,42,33,29,33,36,37,41,30,31,34,30,29,31,25,43,39,35,37,40,42,31,26,41,28,32,37,38,39,38,37,34,33,36,37,29,30,34,21,42,40,37,29,40,32,39,38,35,36,30,28,34,32,30,33,36,34,30,36,32,28,34,31,43,28,41,38,33,43,40,29,30,33,32,30,34,36,30,35,31,31,40,34,39,33,39,35,24,35,41,32,28,24,38,34,39,24,44,33,42,36,37,40,46,33,33,27,32,33,39,35,31,33,33,32,38,26,40,32,29,36,39,34,32,29,31,39,28,28,35,33,36,37,39,43,36,43,27,37,35,42,42,46,31,29,38,39,39,36,39,43,34,33,34,34,36,33,28,39,30,35,40,31,25,29,50,40,39,26,40,34,38,38,35,40,34,31,35,34,45,45,44,33,36,42,36,37,25,33,42,37,36,34,30,38,33,38,25,35,41,39,38,29,34,27,30,37,40,37,38,35,36,25,34,34,31,35,37,35,33,42,37,30,38,39,32,43,25,33,37,36,33,30,30,36,31,39,39,39,33,32,39,29,36,42,38,45,38,38,25,32,37,36,34,28,39,41,32,33,34,34,33,32,36,37,30,42,36,41,32,37,33,33,41,30,36,37,45,33,36,27,26,43,46,33,35,35,33,36,44,33,37,39,43,28,29,35,38,41,35,29,40,31,27,42,37,34,43,38,44,37,35,39,43,31,37,35,40,31,38,39,39,34,45,33,36,36,31,30,25,33,32,40,31,35,37,33,32,34,34,38,34,35,38,35,34,42,30,27,33,39,31,31,37,34,39,36,37,42,31,38,36,40,40,39,37,36,28,31,38,37,46,37,28,33,30,32,38,28,38,39,26,42,33,34,35,36,34,43,42,23,35,44,36,38,34,35,42,24,39,30,36,38,36,30,34,33,31,34,31,32,41,35,35,30,32,31,33,36,39,30,33,32,33,30,35,39,43,35,36,34,37,33,29,30,34,28,30,44,38,35,36,36,35,41,38,38,35,38,32,33,35,41,36,31,33,36,41,39,35,39,39,36,24,29,41,38,37,29,34,30,28,39,37,32,37,24,34,38,37,39,28,29,34,37,42,44,42,34,47,38,37,40,34,39,33,36,39,38,37,35,35,29,34,31,39,31,32,31,34,35,34,34,37,38,35,32,34,30,33,31,34,30,35,26,39,36,39,40,26,34,27,36,34,34,27,29,43,37,31,26,27,24,37,37,35,29,31,29,36,30,41,41,24,40,36,37,35,36,30,45,38,35,34,30,31,36,39,34,34,36,38,35,38,38,21,44,25,40,34,30,39,45,38,27,38,33,34,31,33,34,39,39,39,38,34,33,30,39,37,38,31,35,43,44,37,35,31,35,43,39,35,46,34,42,33,28,34,30,33,28,36,29,37,38,32,36,41,33,38,41,32,38,27,32,33,38,32,37,31,35,38,40,43,33,26,39,35,34,41,34,29,40,30,38,39,39,33,34,44,37,29,49,31,33,36,41,35,37,34,33,37,35,32,31,24,44,30,42,31,36,32,36,35,43,26,30,35,35,33,35,45,42,30,33,38,25,33,37,40,31,35,36,36,32,31,36,34,36,37,37,34,40,35,35,28,36,38,42,26,33,41,37,31,36,34,36,40,34,36,36,33,38,28,36,33,26,33,31,49,28,38,31,32,39,33,34,37,33,34,33,30,33,37,37,37,33,37,31,36,26,36,37,38,43,36,33,34,33,25,41,37,37,42,26,35,42,29,34,33,26,31,40,26,35,34,34,32,35,31,41,29,35,34,39,36,43,32,35,31,40,31,36,32,38,40,39,37,35,40,37,29,36,34,35,42,41,36,29,42,29,36,33,34,39,33,41,47,38,38,33,33,33,31,30,34,23,36,40,38,38,25,38,31,33,37,40,42,28,26,42,47,34,38,38,26,32,33,34,40,46,32,41,34,34,44,28,28,32,35,37,35,31,36,28,39,42,30,45,37,41,36,34,35,43,35,45,50,31,38,41,28,35,37,34,40,39,34,29,39,34,38,34,37,30,34,34,29,28,32,37,37,34,35,38,33,32,37,40,42,35,31,30,37,29,37,34,37,38,33,42,29,37,33,36,32,49,36,36,34,36,38,28,31,34,32,30,37,33,30,35,31,36,43,36,28,29,35,37,43,31,38,34,36,36,30,35,27,36,35,35,39,36,39,35,35,31,38,38,39,37,26,32,35,29,36,40,25,35,35
34,38,37,32,31,36,30,33,34,39,37,40,31,37,39,35,32,34,37,35,36,45,38,33,33,40,36,27,35,38,36,42,39,24,35,41,33,35,39,37,34,37,38,40,30,32,36,36,34,43,42,43,26,28,42,41,36,32,32,36,29,41,35,36,35,31,40,30,32,37,28,38,29,34,27,29,30,38,40,35,34,33,38,30,31,40,39,29,30,27,30,25,28,35,30,36,35,30,38,31,30,33,38,45,38,35,36,42,25,35,29,38,39,36,37,29,39,28,30,35,36,38,39,37,22,38,53,35,30,35,35,24,43,32,35,37,27,29,30,31,39,33,38,30,41,35,43,35,34,29,26,34,39,33,38,33,30,28,32,34,31,28,35,33,41,26,39,30,35,33,26,34,39,32,33,27,31,40,36,27,26,41,32,33,31,38,32,37,37,44,37,24,33,34,29,47,35,24,41,32,41,40,37,37,33,36,36,34,30,38,40,39,29,36,45,40,36,34,46,28,33,40,32,27,31,39,29,31,36,32,34,38,27,26,35,42,32,33,38,34,33,37,31,29,31,30,37,39,33,27,34,38,36,30,25,32,37,27,40,34,37,34,34,38,34,23,40,37,42,36,26,35,30,34,32,31,25,34,42,33,31,31,39,44,35,30,31,40,48,31,34,38,33,34,33,35,33,37,36,32,36,34,30,42,25,41,42,43,32,40,32,33,32,43,34,29,39,32,26,33,43,30,43,33,36,36,40,36,36,30,35,39,29,36,36,38,30,35,34,32,40,37,34,34,35,42,36,25,32,32,40,37,34,44,38,32,44,30,31,36,43,32,34,32,33,39,35,30,41,43,37,33,29,40,38,40,31,32,37,43,35,39,30,36,44,31,30,36,44,37,33,35,34,41,45,44,39,31,39,36,44,37,43,31,38,46,39,27,33,25,34,33,37,34,30,36,38,33,28,39,28,36,34,33,33,31,33,36,39,36,32,35,29,38,41,36,41,38,36,31,44,38,34,44,28,32,34,29,34,39,29,36,37,33,31,27,27,38,41,29,36,35,33,40,31,31,40,39,29,31,30,28,34,32,38,40,34,39,39,33,30,34,39,39,33,36,33,36,31,31,36,45,38,33,33,37,35,37,33,38,31,31,33,44,38,41,45,39,33,40,33,36,41,28,32,38,42,30,37,33,33,27,33,31,47,42,39,39,38,36,32,40,39,39,36,43,39,39,42,35,31,35,28,32,29,28,37,38,42,35,42,34,35,31,36,41,32,35,39,37,32,39,38,34,36,34,31,34,36,40,40,24,38,34,36,33,30,33,43,41,35,34,35,40,38,32,34,33,34,42,38,35,41,37,30,33,38,33,29,29,38,38,40,31,28,39,30,27,35,31,32,35,35,43,35,42,40,37,32,41,36,34,32,26,34,47,33,37,26,36,37,26,36,33,36,40,40,40,27,31,34,39,32,38,34,40,31,29,42,33,36,37,35,33,34,27,31,34,43,37,32,35,31,39,35,36,35,41,36,39,29,29,39,27,32,34,29,30,36,35,37,35,33,35,30,34,28,38,28,35,31,37,40,37,39,39,44,40,39,36,41,30,29,36,33,43,40,36,37,28,34,39,34,33,31,30,37,30,33,34,38,25,25,31,37,33,35,39,35,41,44,36,26,30,28,41,33,29,39,37,37,37,37,33,29,35,38,37,36,40,39,38,35,31,38,40,33,32,29,36,38,32,43,34,31,35,36,35,30,35,31,36,35,36,33,40,37,37,39,39,35,31,33,35,33,43,40,33,39,42,29,38,38,27,36,30,43,42,34,41,31,36,34,36,31,34,29,42,35,34,34,35,31,47,39,41,44,33,42,41,38,32,47,30,33,35,35,40,37,28,37,34,37,37,30,39,30,33,23,28,33,29,46,34,32,34,43,35,29,41,40,32,40,38,32,37,38,33,34,35,36,41,36,33,28,39,32,26,43,25,39,33,37,27,36,45,38,34,38,33,30,33,42,37,32,36,31,36,37,33,32,39,35,33,37,42,35,25,29,35,34,32,42,38,45,40,38,30,29,37,36,33,32,37,39,42,31,29,32,46,30,35,39,28,36,41,42,29,34,40,34,33,39,35,30,39,44,23,31,40,35,29,38,30,40,35,33,28,30,38,34,32,33,36,32,34,38,29,42,38,37,41,38,38,33,33,40,33,35,35,32,34,33,37,37,33,42,37,39,32,44,27,40,37,35,33,30,31,35,40,39,32,33,32,36,28,45,43,44,38
33,38,31,40,37,33,28,37,37,36,37,37,41,39,36,35,38,35,32,31,41,34,36,36,31,34,37,37,36,36,33,30,43,38,40,23,39,35,23,28,33,32,33,32,34,40,32,31,35,37,32,29,44,35,29,32,43,33,41,32,29,32,26,32,32,36,34,42,35,29,32,39,40,44,33,36,39,37,38,35,32,32,32,42,40,34,36,42,36,32,38,39,34,33,36,29,29,36,45,34,30,40,32,35,40,29,35,40,28,42,40,40,32,28,30,35,39,34,31,33,36,48,39,35,29,36,33,43,33,32,36,40,36,24,30,29,37,37,30,26,31,40,40,30,32,30,36,42,35,35,32,42,33,28,35,43,28,33,28,33,41,36,38,32,32,34,38,43,44,39,40,31,34,27,35,25,36,29,32,32,26,40,42,25,32,36,37,24,29,33,35,38,32,37,29,34,32,34,34,41,36,30,26,38,34,37,36,34,41,29,42,39,25,35,40,42,40,27,32,39,34,31,35,36,40,34,34,29,34,30,35,42,39,37,32,35,33,27,35,29,37,36,29,33,41,36,28,39,29,40,34,36,29,24,31,37,44,35,34,41,44,27,33,35,34,39,42,35,24,42,35,36,36,27,38,34,32,35,34,41,34,40,35,36,30,36,38,43,28,41,44,37,36,39,31,44,33,40,32,32,34,29,40,37,36,37,41,37,28,28,38,43,41,30,45,41,38,33,32,38,31,33,35,30,32,31,31,35,31,30,30,28,24,33,34,41,29,42,23,32,35,38,37,30,40,35,33,31,30,47,32,38,38,39,35,35,32,28,31,25,30,33,33,38,23,38,41,43,29,35,38,33,36,34,36,38,31,38,31,33,31,32,33,38,37,27,34,38,33,30,28,31,27,30,40,27,34,22,28,42,42,38,33,41,46,35,43,40,35,31,40,33,39,31,40,25,32,39,27,34,40,31,34,40,28,39,43,31,38,35,39,33,41,33,37,43,38,38,38,32,35,31,35,33,32,37,38,39,36,43,34,40,34,39,34,33,26,31,44,33,31,36,31,35,29,35,34,43,34,36,32,35,35,34,32,28,33,28,40,29,33,38,33,28,30,35,30,37,26,33,36,33,34,34,33,33,33,36,30,37,42,38,38,39,37,33,33,42,42,32,28,40,33,37,34,33,27,37,27,36,39,23,34,28,34,33,36,29,35,37,33,29,38,47,27,39,37,35,32,31,31,35,40,30,31,38,49,28,31,32,40,32,37,32,34,34,41,40,29,34,41,38,38,36,38,26,33,35,30,35,36,37,35,36,28,27,40,41,34,40,37,29,32,35,28,31,32,29,47,32,29,28,29,29,37,34,31,33,27,42,42,31,37,39,30,38,38,39,38,42,32,33,44,33,37,39,33,34,38,30,41,37,33,40,41,30,31,41,34,43,40,35,32,32,36,37,41,39,39,32,30,41,35,29,32,36,29,33,29,35,34,36,25,30,31,31,33,30,38,36,32,32,44,27,35,42,32,24,39,46,39,34,36,27,28,40,34,37,41,39,39,39,39,33,27,33,36,36,39,35,30,30,38,33,40,29,33,30,27,36,39,42,38,28,32,42,44,36,35,38,34,43,29,33,32,30,25,33,45,33,44,24,39,32,30,42,37,29,36,32,40,34,32,31,24,33,35,42,35,30,26,33,39,39,36,37,37,35,44,37,45,38,30,37,30,37,36,38,36,29,32,28,43,37,33,37,34,35,34,28,39,26,46,36,36,38,27,38,31,34,25,34,44,29,37,29,36,34,34,32,39,24,31,35,40,34,32,38,41,45,32,35,34,31,28,29,42,24,33,33,42,38,36,36,31,35,36,29,22,24,33,32,36,29,36,40,35,34,32,34,28,35,32,31,30,33,31,25,31,34,33,29,31,24,32,34,27,33,40,36,32,38,36,31,33,32,39,43,37,38,34,39,45,40,38,36,32,35,41,37,35,44,35,37,32,32,21,41,33,48,30,30,41,38,38,31,32,25,29,29,37,37,36,41,31,36,29,32,40,35,38,29,39,35,41,36,44,37,42,42,42,37,31,33,29,28,35,37,32,34,44,30,33,33,36,29,27,31,35,39,40,40,35,30,30,30,36,30,45,30,35,44,37,37,29,24,37,31,30,32,50,37,39,34,31,32,31,37,31,35,30,33,33,33,30,34,36,33,32,40,41,36,40,30,40,36,34,28,39,32,42,36,39,48,34,35,29,28,40,30,46,27,31,34,34,37,40,30,42,40
34,33,45,34,36,36,40,32,40,26,41,31,28,41,28,40,36,32,35,36,38,40,30,28,22,42,45,46,31,31,38,39,37,36,40,35,32,39,33,42,36,43,39,38,36,40,24,37,36,36,35,37,40,33,36,40,36,31,39,39,40,38,41,31,36,38,42,36,31,36,32,38,33,31,28,36,36,32,40,36,41,41,32,41,37,28,39,38,40,39,36,35,41,37,27,33,30,31,35,37,36,36,35,35,33,38,48,32,33,43,26,33,29,32,37,37,32,31,37,32,31,37,27,37,31,42,34,41,30,40,33,30,40,28,35,39,36,37,36,37,34,28,35,32,41,38,38,37,38,39,41,38,34,32,51,30,35,40,32,41,35,35,33,32,37,30,40,33,40,32,36,33,25,36,38,35,36,33,35,34,33,35,40,33,37,29,36,28,34,33,34,35,33,31,41,28,33,31,41,42,37,24,35,32,36,42,36,38,33,33,27,35,37,36,30,30,35,30,33,39,32,31,41,39,36,39,41,36,38,28,27,33,40,39,36,38,40,32,40,39,39,34,36,33,32,29,37,37,32,37,41,29,31,28,31,35,41,36,32,36,30,39,37,36,31,38,29,33,39,34,29,41,35,44,36,32,37,28,32,33,37,37,34,37,37,35,32,30,38,34,37,28,26,33,38,36,35,35,35,36,34,33,35,30,42,39,37,33,37,33,35,37,27,36,31,40,29,38,32,26,34,42,34,35,39,40,39,38,42,32,36,34,32,30,38,34,35,33,30,33,36,33,25,37,38,37,30,35,41,28,32,49,30,34,34,29,35,41,37,38,42,41,30,41,37,35,40,26,33,36,33,29,37,34,30,34,32,41,30,35,38,32,35,31,43,46,38,33,33,28,36,36,36,37,45,34,39,38,32,38,31,34,35,41,38,37,30,35,47,32,31,34,39,36,37,41,35,32,30,29,39,36,38,36,34,39,35,32,34,30,35,34,31,37,39,37,38,36,31,35,37,40,35,31,34,37,38,30,46,39,43,39,33,30,44,40,29,36,32,33,39,35,42,42,31,31,35,30,27,30,39,29,36,26,37,32,33,38,41,34,36,42,25,29,29,36,37,39,35,38,30,37,40,33,29,32,33,37,33,33,26,33,34,39,29,41,27,28,41,43,34,25,38,34,31,46,40,32,37,32,33,37,41,42,40,29,33,29,39,28,33,32,26,29,33,23,32,39,45,40,38,36,29,32,36,40,47,39,29,35,35,32,33,34,35,28,33,30,36,36,38,32,38,45,40,40,35,28,35,31,32,41,36,38,40,32,31,31,32,41,48,34,29,29,45,38,30,33,39,35,36,28,32,32,44,40,43,30,41,31,38,33,28,37,31,31,38,30,38,34,34,31,39,37,33,34,38,42,30,35,34,30,30,31,36,34,31,38,27,48,35,38,35,31,33,35,44,41,42,34,34,28,32,33,30,42,34,28,33,36,33,35,38,38,39,30,36,34,35,31,43,38,38,31,34,28,35,32,32,27,37,29,29,38,38,37,45,33,31,44,32,40,36,36,35,34,33,42,39,48,34,37,32,40,35,36,25,33,34,39,34,36,33,37,35,31,36,35,37,34,34,34,31,31,30,50,34,37,36,33,27,40,39,38,36,28,33,33,37,35,32,32,39,36,32,29,28,36,44,37,26,32,37,35,31,25,38,38,35,27,35,30,35,31,36,39,42,29,34,41,36,31,38,32,34,36,39,26,29,38,23,44,32,36,40,37,26,34,31,38,35,38,36,28,40,39,43,34,45,32,33,35,35,36,34,40,32,35,38,34,33,31,36,35,33,34,37,33,33,30,34,38,39,32,33,31,34,34,39,25,34,31,37,39,39,31,37,33,41,36,36,33,45,38,32,39,34,37,38,36,33,30,34,29,30,34,30,39,37,28,36,41,34,29,38,29,46,40,26,40,33,34,37,34,35,35,25,38,36,36,39,44,29,34,30,39,37,31,32,35,41,34,29,41,32,31,37,33,32,37,34,32,36,30,24,40,28,42,40,34,34,29,28,33,36,37,35,29,35,40,42,39,39,31,35,29,39,26,31,32,36,35,35,28,38,33,32,31,34,31,33,35,38,47,26,30,31,30,38,35,31,41,44,27,40,33,40,44,23,42,36,34,32,31,42,34,32,37,35,36,21,29,38,40,27,30,42,40,35,42,36,30,32,41,39,35,33,29,32,33,41,39,39,35,33,28,35,29,33,33,41,28,43,35,33,31,36,28,36,37
35,41,31,34,36,30,36,37,26,27,38,28,40,35,39,37,27,40,30,31,38,34,36,33,31,31,33,41,30,33,42,42,38,29,34,36,41,41,37,32,36,30,31,31,26,39,37,38,35,35,36,26,31,37,42,34,32,28,37,33,33,28,32,38,37,32,40,40,28,36,37,38,41,38,41,30,35,33,38,34,28,34,32,42,42,34,42,43,38,29,37,36,28,42,22,30,45,36,30,25,35,30,34,37,33,25,35,40,36,30,31,31,29,35,43,35,24,35,32,32,36,30,36,40,39,32,40,39,43,25,30,44,34,37,37,29,32,35,37,39,41,46,39,39,28,31,41,38,31,29,39,22,43,25,39,37,40,37,36,40,33,35,34,31,42,32,40,40,40,38,32,42,27,41,41,26,45,27,38,38,27,31,37,45,39,24,33,42,30,32,30,39,39,30,36,39,34,35,46,41,36,36,38,26,31,33,31,34,33,32,47,33,28,37,39,31,36,39,34,36,46,35,35,28,42,30,36,36,32,44,41,42,37,34,28,30,41,31,39,35,41,27,34,32,31,32,36,28,36,39,36,31,37,31,32,34,39,27,27,33,38,40,37,45,30,30,44,29,34,28,32,41,31,35,33,37,32,34,42,35,37,31,33,31,34,30,33,34,40,29,37,35,35,31,37,29,42,31,29,32,39,43,24,34,32,39,40,36,35,37,32,44,37,26,28,33,38,38,31,43,28,37,32,36,26,37,32,32,30,38,40,39,28,41,32,35,27,33,45,39,42,37,34,27,33,35,42,39,24,37,41,45,32,43,45,44,30,44,34,37,29,33,43,27,38,36,32,43,32,31,27,35,32,41,27,25,35,30,38,28,34,42,29,34,34,31,28,27,31,27,34,35,30,36,42,36,24,46,35,35,37,29,35,33,39,28,35,36,35,38,37,40,28,35,26,47,30,37,27,34,32,43,42,33,38,33,37,40,37,41,40,33,28,37,28,40,38,32,34,39,46,33,32,35,36,32,39,34,40,30,37,35,35,36,33,38,35,32,45,35,28,38,36,39,29,26,42,30,40,38,39,38,36,37,32,42,28,39,28,28,38,38,34,35,38,41,33,37,32,32,38,38,42,28,30,31,31,33,44,36,29,36,43,34,29,30,46,34,31,33,37,32,37,34,34,32,33,37,26,29,51,39,39,31,32,32,36,33,24,26,41,43,30,35,35,41,34,43,34,37,35,26,30,34,35,33,38,32,32,28,36,31,30,35,37,43,34,29,40,31,36,34,31,34,34,38,40,36,40,31,36,40,30,32,40,36,34,34,35,39,39,34,35,36,31,44,39,33,35,35,18,35,34,34,40,37,47,36,37,42,28,43,36,28,32,43,37,28,32,36,37,32,29,36,28,29,33,47,26,34,39,27,29,36,33,41,40,32,38,38,38,33,37,36,26,28,35,40,39,34,31,42,39,32,33,38,32,35,40,31,32,37,37,37,39,32,36,37,32,30,36,24,29,41,42,35,37,39,29,30,34,32,25,24,42,30,28,29,32,31,32,42,29,39,36,34,40,32,34,34,37,38,26,43,39,37,38,46,35,29,30,44,36,32,29,27,23,28,41,33,45,38,31,29,33,40,36,39,37,39,37,34,40,44,40,34,40,40,35,40,32,39,39,41,36,30,28,38,29,36,34,36,34,41,43,33,33,38,37,34,36,35,31,39,30,35,33,41,40,42,24,34,41,35,38,41,39,39,43,40,35,32,30,35,41,43,28,39,34,33,33,32,36,34,27,37,41,38,34,31,36,33,30,39,31,42,29,43,26,44,30,39,43,31,28,35,38,31,42,36,37,26,30,36,28,40,39,26,47,38,38,41,41,41,20,40,38,28,34,36,30,39,37,32,37,28,37,42,31,34,42,27,33,34,34,35,34,34,32,39,35,45,24,41,40,34,36,31,27,28,33,33,34,47,29,23,37,30,27,38,39,40,34,31,41,34,32,46,30,38,26,40,32,38,40,34,42,38,36,35,40,35,38,27,37,28,32,32,35,31,36,39,34,38,29,31,35,37,31,27,33,32,35,30,35,35,29,38,29,35,29,33,36,40,32,28,36,37,39,33,37,37,32,31,26,29,39,31,37,36,37,28,22,30,32,31,41,32,29,41,36,36,27,45,35,36,31,35,37,30,29,35,30,30,36,37,40,24,31,35,28,35,41,27,37,35,43,33,36,34,30,19,37,42,32,34,33,33,36,38,35,38,30,36,43,33,31,30,44,29
34,32,34,35,38,36,39,31,38,39,38,32,25,41,29,43,33,33,32,34,30,39,34,36,41,29,28,38,26,33,31,31,40,31,38,36,34,38,27,34,39,37,35,37,27,32,35,39,35,34,31,38,37,32,35,35,36,39,35,35,37,39,37,36,27,36,44,35,38,36,36,35,43,37,49,36,40,35,31,28,28,30,34,34,36,31,43,31,22,34,38,28,41,33,30,37,34,35,30,37,37,34,26,46,27,33,34,35,29,42,26,31,35,36,41,44,35,50,35,39,35,32,35,34,39,34,31,34,32,46,37,35,39,42,32,33,31,38,35,35,35,40,47,41,33,24,28,37,39,37,33,36,32,34,33,31,33,41,46,35,35,31,38,32,34,31,46,31,37,33,33,36,32,27,31,41,30,32,34,41,33,30,31,25,36,30,39,43,31,31,41,35,34,35,32,33,23,34,31,39,41,37,38,29,46,39,38,38,31,37,34,33,34,33,36,30,42,30,36,37,39,43,31,32,32,41,38,40,31,35,35,33,34,45,36,29,30,33,43,26,31,36,29,37,47,32,36,36,29,36,33,40,37,29,37,29,36,37,41,37,45,23,34,32,44,35,40,37,28,33,34,32,36,37,39,33,31,33,34,35,27,31,33,40,37,29,32,30,38,33,31,31,34,26,36,42,40,35,39,41,40,40,32,36,25,39,29,33,44,38,36,35,43,20,53,41,43,40,32,36,36,36,31,33,39,21,41,31,33,32,42,39,38,40,25,43,35,40,37,36,34,34,44,38,39,37,39,31,38,38,50,42,43,40,40,33,39,34,31,34,41,36,39,42,35,37,35,32,32,40,37,35,44,26,37,35,39,33,34,42,32,35,32,34,31,34,40,35,37,24,41,29,37,43,34,27,26,36,37,27,40,32,36,38,36,37,34,43,39,36,41,32,29,35,31,33,34,37,41,34,31,38,41,21,29,34,36,37,37,37,35,29,26,46,30,35,24,39,32,30,33,28,38,37,50,43,36,31,32,36,31,37,33,32,38,39,36,31,34,30,30,41,33,33,32,34,32,34,31,32,34,41,32,37,36,47,23,40,31,39,31,36,39,38,39,42,38,32,32,33,37,33,40,25,36,34,37,44,39,30,31,34,36,40,33,39,30,41,36,44,31,33,40,30,41,36,42,44,29,30,28,34,33,36,24,37,43,36,32,40,39,28,35,43,33,28,44,33,36,28,35,36,32,36,28,38,42,29,34,37,43,34,25,30,37,40,34,41,38,38,32,40,39,34,39,28,42,29,34,31,35,32,39,36,37,36,48,40,31,37,36,39,37,36,29,34,32,28,31,40,36,34,41,33,42,31,29,26,31,35,34,36,34,41,34,37,29,34,34,33,47,39,41,38,28,39,36,32,36,41,34,31,31,36,27,42,40,32,31,30,36,34,35,50,38,43,36,33,38,36,30,40,26,30,34,37,40,39,34,36,32,26,37,30,47,36,35,30,33,37,40,29,36,45,31,34,42,28,22,33,33,44,29,38,31,31,38,36,34,36,31,33,29,36,36,39,37,30,37,35,40,30,34,35,34,47,32,38,34,36,30,39,32,42,37,35,32,35,35,39,42,35,32,39,33,35,33,41,33,30,24,41,32,37,35,43,39,36,32,32,38,40,33,34,39,37,33,28,25,38,35,37,29,35,32,32,30,34,34,35,30,41,37,36,40,36,42,29,40,36,33,24,35,38,35,34,36,34,38,32,35,34,41,32,41,33,32,39,23,34,39,32,37,40,37,30,35,30,40,33,34,38,39,40,27,40,33,39,34,40,31,36,41,40,34,34,38,29,37,44,34,28,26,35,33,26,31,39,41,37,31,35,28,38,35,32,40,42,39,35,35,35,33,40,30,34,29,43,32,32,36,34,36,37,33,40,32,43,32,31,27,34,39,39,40,28,34,42,34,32,35,34,36,41,30,34,34,36,40,30,30,49,33,42,36,29,36,39,40,35,39,42,27,38,35,42,29,32,31,36,32,35,29,42,47,32,34,32,38,38,34,41,37,34,40,43,32,35,26,33,29,40,34,40,36,29,47,38,31,33,35,37,35,31,48,31,35,35,37,37,36,33,40,31,38,25,33,33,39,28,36,30,30,41,37,30,35,37,38,38,35,38,33,36,21,32,35,36,39,34,27,32,31,31,35,37,40,37,32,36,40,41,34,31,36,27,34,31,55,38,32,34,35,39,36,34,36,32,39,34,40,39,34,31,36,32,29,29,32,25
28,36,40,31,36,46,37,33,36,33,29,35,33,29,46,34,34,35,28,33,33,33,35,32,37,31,46,28,41,35,41,30,38,38,44,28,30,34,22,36,24,38,35,30,47,38,36,42,35,27,33,27,32,36,41,30,33,34,32,41,37,44,27,29,40,39,38,35,45,34,34,29,32,42,32,40,38,38,34,43,35,38,32,39,39,26,29,34,35,32,37,38,32,37,36,36,37,22,32,34,32,37,42,33,28,35,38,37,37,40,42,31,35,42,36,28,29,34,30,28,29,43,39,29,37,35,29,32,23,38,31,27,31,37,41,27,40,43,39,41,31,31,35,36,35,41,33,37,46,31,34,30,40,38,33,40,26,32,31,41,33,40,38,34,32,32,28,38,45,28,34,36,33,32,35,38,29,37,37,37,29,27,37,35,38,31,33,36,35,33,41,29,40,32,47,30,39,38,37,37,31,31,37,34,39,28,39,39,29,32,37,32,30,36,39,30,41,36,32,33,40,33,38,35,29,39,42,31,32,40,31,27,32,42,32,29,37,41,34,32,27,31,34,36,31,44,32,33,32,31,45,27,30,41,37,42,29,42,31,33,33,34,38,26,39,36,38,40,34,37,32,41,40,39,33,37,35,35,28,33,34,38,39,35,36,36,38,30,38,32,36,25,35,34,37,32,42,38,40,38,35,36,36,42,39,32,39,27,31,41,36,36,33,33,30,41,32,30,38,37,41,33,38,40,28,39,35,31,30,32,36,31,32,30,28,35,29,29,33,39,35,34,42,43,28,40,39,32,32,34,38,38,33,30,28,43,39,41,29,39,40,28,38,34,41,34,39,34,42,44,41,34,25,44,30,34,32,29,39,41,37,34,36,34,36,40,36,39,42,34,34,33,37,34,38,36,33,38,38,36,34,31,39,31,39,36,29,38,27,28,38,42,33,37,38,37,25,35,38,37,34,39,34,40,33,28,33,36,35,32,32,39,42,37,34,38,35,42,35,31,32,39,28,31,25,29,38,27,29,36,34,32,32,25,30,34,28,44,33,32,27,31,31,36,36,39,26,33,26,31,46,27,40,37,35,41,32,45,27,36,35,36,31,42,27,29,26,42,31,39,32,45,37,32,41,29,41,30,40,39,36,34,38,31,42,28,33,40,40,36,41,39,38,33,43,31,43,31,32,40,31,34,35,35,35,30,32,32,30,32,40,35,37,29,38,41,33,39,41,34,37,34,37,39,44,34,27,37,39,31,32,35,37,37,37,32,34,33,34,38,34,33,37,30,28,36,41,27,31,35,32,27,35,33,34,30,39,40,31,37,32,30,33,34,28,44,28,33,40,42,32,34,35,35,31,36,41,39,39,30,33,35,46,32,33,36,35,36,40,32,34,33,39,39,34,29,32,37,30,37,42,28,27,37,34,37,32,45,37,40,34,33,40,35,41,38,36,35,33,33,36,40,31,32,29,34,25,32,31,37,21,35,39,30,34,31,41,40,34,33,40,37,39,31,43,37,32,41,36,24,34,36,37,42,31,44,24,31,38,29,40,30,37,43,29,35,35,32,34,39,39,33,27,34,35,41,21,36,31,44,34,37,32,35,35,38,43,33,36,47,30,34,36,37,36,32,30,38,31,41,43,32,33,32,38,40,27,25,33,38,33,34,29,31,35,28,36,36,35,34,42,33,31,42,42,29,28,33,28,42,42,36,36,37,24,35,29,40,29,40,30,33,33,38,32,36,26,38,33,36,39,37,33,36,42,36,32,42,41,45,34,33,32,35,44,29,40,31,44,41,38,39,44,40,26,36,29,40,35,38,31,35,35,38,40,34,42,39,31,29,36,39,39,44,30,39,29,32,29,38,31,33,28,40,31,33,30,35,36,37,36,28,33,35,44,40,32,45,32,35,39,38,38,34,31,35,27,27,35,36,39,32,35,35,37,32,39,32,46,36,36,28,43,40,30,36,32,50,27,31,33,29,30,36,38,34,36,32,31,32,40,34,34,33,36,33,41,36,40,33,31,33,35,35,31,40,49,37,29,44,32,39,34,38,36,40,30,38,32,27,34,31,45,37,41,26,37,42,31,29,38,31,35,31,37,39,31,41,28,36,35,28,35,40,29,43,37,37,45,39,43,35,28,41,44,33,27,30,39,36,31,36,34,35,30,45,39,38,32,43,42,37,35,35,30,34,37,24,27,43,37,26,38,36,32,30,32,24,31,36,34,32,31,34,37,37,34,35,41,36,36,39,35,34,28,38,38,37,43,38
45,37,25,41,32,31,37,33,29,29,37,35,34,32,36,40,28,38,31,36,38,32,34,25,33,44,37,30,32,29,36,40,36,37,28,33,39,32,39,35,35,36,33,38,27,37,29,30,27,27,42,46,32,35,28,39,36,37,36,36,37,37,41,33,41,35,38,31,34,28,30,26,41,34,29,39,38,33,30,33,24,37,34,37,36,41,30,33,39,36,39,33,47,34,32,33,29,28,35,41,36,34,32,27,28,27,41,34,37,35,34,33,38,38,24,31,34,32,39,26,31,41,27,26,43,27,26,30,36,33,35,37,33,38,40,35,42,34,39,30,37,38,33,40,32,36,42,32,42,31,39,41,31,33,26,32,35,33,34,35,38,29,38,39,32,34,32,23,30,37,38,31,31,35,36,40,35,46,35,33,41,30,31,32,30,31,26,34,33,25,38,34,29,31,27,41,32,39,44,32,41,39,38,36,37,37,33,35,40,30,38,40,34,34,26,35,39,28,37,33,30,33,37,30,34,37,37,39,37,36,26,37,37,39,38,35,36,36,35,36,41,33,35,37,33,32,30,40,43,27,33,38,42,33,36,33,30,36,32,33,44,38,35,30,35,34,30,36,45,38,29,23,42,31,35,33,34,28,40,32,28,47,26,34,36,40,31,36,35,37,48,35,32,39,42,39,38,40,32,35,41,39,34,43,34,29,37,36,44,39,39,37,29,37,37,35,35,40,37,38,31,32,33,39,36,38,23,38,32,45,38,28,44,37,38,43,36,32,32,34,35,30,36,38,36,37,25,38,27,38,38,32,34,37,26,32,36,30,40,36,40,28,33,38,45,36,32,37,24,32,40,36,33,40,30,34,28,40,43,40,41,37,34,31,30,44,30,31,33,39,37,34,45,35,34,32,34,36,39,28,32,38,38,31,33,27,32,36,38,35,36,38,29,30,32,34,36,29,26,39,30,34,36,31,35,45,35,37,35,51,37,34,33,37,32,23,31,33,37,38,38,36,44,23,41,43,42,36,39,32,30,28,37,35,31,35,39,30,32,31,38,26,31,37,34,33,42,32,35,30,34,38,26,48,33,40,41,34,36,35,34,33,34,33,40,41,34,36,36,32,34,42,35,33,30,37,34,31,30,37,34,34,34,40,42,24,38,38,30,37,43,29,33,44,32,35,43,26,42,40,30,34,33,30,39,29,33,33,31,30,35,34,36,40,37,43,32,36,42,37,32,33,32,27,39,30,31,28,46,32,44,26,42,34,31,41,37,37,34,34,30,36,33,32,33,41,37,26,37,39,33,38,37,43,39,38,38,37,31,35,34,39,41,33,26,29,31,37,27,40,37,27,42,43,32,39,31,30,36,36,42,30,37,33,42,30,35,36,36,39,47,25,30,31,34,37,28,35,34,41,28,42,31,36,32,31,33,26,40,42,34,34,26,33,38,36,37,29,29,37,38,36,45,36,41,28,39,46,28,32,36,31,37,31,25,40,39,38,40,31,39,24,34,36,30,39,25,29,31,36,30,35,40,34,25,33,39,25,43,37,36,39,41,38,30,31,36,37,40,38,27,27,43,36,43,31,36,27,34,33,35,35,36,25,32,40,42,33,31,27,35,28,45,29,32,39,37,45,35,32,40,33,29,28,22,37,35,28,39,32,33,41,47,31,38,36,42,32,35,38,39,30,42,35,36,33,37,29,43,42,33,31,29,39,36,39,32,30,37,33,38,29,34,34,34,36,29,33,32,42,31,34,31,38,34,35,27,32,38,33,30,48,28,33,41,31,34,30,43,38,39,39,30,45,30,41,41,36,36,33,38,34,38,27,40,41,34,37,34,33,37,33,30,39,37,34,26,36,39,41,37,37,39,37,19,38,29,32,33,41,35,41,33,35,36,33,41,42,29,39,28,31,37,34,31,32,40,35,34,33,36,37,32,32,39,34,30,39,37,30,30,36,40,27,27,39,37,39,33,28,32,30,36,31,36,29,39,31,31,39,37,38,31,42,41,33,39,25,37,36,37,34,29,31,42,29,43,40,38,36,33,38,29,38,38,31,34,30,33,34,33,41,30,31,33,35,30,40,31,25,30,31,29,43,38,30,33,34,35,45,44,41,37,41,33,31,33,36,31,43,49,41,43,36,41,34,35,31,34,31,31,43,32,32,36,30,30,36,40,41,30,36,34,32,35,34,32,30,37,30,37,34,32,33,33,35,25,34,26,37,28,43,36,36,41,42,34,34,31,38,36,35,34,38,30,37,45,30,37,37
33,35,31,31,28,35,36,37,31,39,35,33,39,37,41,41,40,37,37,39,23,40,32,39,38,35,32,34,34,39,38,33,31,39,33,36,41,31,39,48,31,39,36,43,39,28,34,32,26,35,27,38,39,34,40,32,32,34,37,36,38,35,33,39,43,35,35,30,34,30,24,33,41,34,33,33,35,41,35,45,35,34,39,36,36,32,38,29,35,39,35,42,33,39,34,39,41,38,38,29,28,28,42,38,39,41,39,25,38,33,40,34,39,39,31,38,36,36,32,39,26,39,42,39,29,32,36,34,39,32,36,41,34,29,29,40,44,50,35,46,31,33,31,32,36,35,39,33,39,36,29,35,35,29,34,41,35,36,34,36,30,42,38,41,36,32,32,42,34,39,31,39,28,35,35,41,39,32,35,32,28,39,47,36,38,32,31,29,29,37,33,33,30,35,36,27,33,41,34,35,33,37,40,40,34,34,35,38,42,34,31,32,43,43,30,37,37,36,42,40,39,30,38,33,38,33,41,35,33,35,41,37,37,38,35,26,37,32,39,40,29,33,43,33,27,30,27,33,33,34,38,33,34,36,32,31,28,34,33,34,27,43,25,25,34,38,34,32,44,37,32,27,34,40,40,31,32,40,39,34,35,36,32,26,26,40,32,37,28,38,32,38,26,39,33,36,37,37,49,46,33,25,35,45,30,42,47,36,33,33,32,36,29,38,38,38,35,40,34,25,39,32,31,35,32,34,38,31,35,25,38,42,46,32,31,36,39,29,31,33,36,29,38,41,43,35,33,40,34,39,31,35,34,34,37,31,39,32,34,30,41,36,29,43,35,36,39,35,32,30,32,35,35,42,41,39,42,24,29,32,38,39,29,31,36,35,38,38,28,39,39,31,35,40,33,36,26,35,35,38,39,40,29,29,37,27,37,36,39,37,37,36,41,38,27,32,34,39,32,29,40,34,33,31,28,33,33,33,30,38,32,31,38,29,29,32,30,35,42,35,33,28,39,46,29,28,34,33,42,33,45,41,22,40,33,38,41,28,33,41,29,40,41,34,39,37,37,37,44,34,34,36,32,35,39,40,35,38,34,35,34,33,33,31,27,31,35,45,30,35,33,34,40,33,31,33,37,38,35,32,31,23,42,37,42,35,27,26,37,32,32,37,35,42,33,33,31,37,31,39,31,37,41,26,33,35,34,35,22,35,39,43,38,30,28,31,38,44,31,31,28,35,41,33,31,33,30,31,44,36,35,36,36,40,35,37,47,30,35,31,36,40,31,30,37,30,39,33,31,39,39,34,35,36,30,43,37,28,37,34,36,41,31,39,31,38,39,45,35,35,43,30,29,34,30,29,41,23,36,41,31,38,31,25,29,41,25,33,34,37,36,32,27,42,30,33,26,36,34,36,34,30,39,27,35,32,31,37,34,23,40,43,35,32,40,32,37,41,36,29,37,32,32,26,33,22,41,30,28,23,25,39,36,29,37,34,39,38,43,36,32,38,37,35,33,35,33,36,40,29,35,40,41,27,38,35,28,28,32,42,36,32,35,40,35,29,31,30,38,35,35,24,34,42,35,38,36,36,33,37,42,33,42,33,41,34,39,37,35,42,42,34,28,42,35,27,31,33,33,41,28,27,34,29,32,37,49,34,39,35,29,32,37,35,37,40,34,38,29,35,30,34,31,39,34,38,36,36,38,48,29,33,34,35,37,30,30,28,34,33,33,39,33,35,35,21,33,26,28,36,35,32,36,44,36,31,37,42,26,33,27,35,35,31,38,35,35,35,36,37,34,34,29,31,32,41,42,35,31,42,36,31,36,35,38,37,33,34,30,32,27,41,42,40,35,38,31,34,32,37,36,41,30,30,32,29,42,32,36,38,29,42,36,32,39,33,38,32,30,30,40,36,33,33,36,37,37,32,36,39,46,28,39,31,28,36,31,43,30,39,39,38,38,38,48,30,34,36,39,38,39,34,33,32,32,39,34,48,31,40,32,45,30,32,33,33,36,37,37,34,33,41,40,29,38,36,29,38,31,35,38,34,45,41,26,35,46,33,31,37,37,29,44,39,41,37,43,43,30,28,31,37,23,41,23,39,38,37,36,44,33,31,34,39,33,31,32,40,45,33,45,33,39,38,36,32,37,40,41,23,35,47,40,36,34,45,40,37,30,30,27,42,33,37,38,35,36,30,30,44,32,37,33,40,33,36,43,38,36,38,34,23,27,32,33,28,40,35,36,31,33,33,35,33,41,35,31,35,31,39
40,31,40,35,37,33,39,32,40,33,32,26,44,34,36,32,39,38,25,31,33,29,32,33,26,32,35,31,43,33,47,37,38,31,36,35,31,32,35,32,40,31,41,40,40,36,33,27,32,34,31,36,43,27,39,41,39,38,38,35,38,34,30,32,36,40,36,36,31,29,38,34,32,42,37,40,36,34,32,33,29,33,44,36,35,28,30,45,39,31,38,35,29,31,32,32,29,29,23,32,35,39,36,35,39,29,40,39,33,33,28,37,37,38,35,38,40,37,37,32,38,25,30,36,47,23,33,37,30,28,34,42,42,25,33,40,37,38,42,31,31,29,33,40,35,31,39,39,33,31,31,38,28,32,27,32,43,31,35,27,32,39,35,39,35,38,42,39,26,32,46,36,32,34,26,42,37,35,38,22,34,35,35,42,32,28,31,31,37,34,36,44,38,33,32,38,26,39,32,37,31,35,28,34,36,29,36,35,28,36,32,34,35,32,32,40,37,33,41,42,31,35,33,36,37,24,34,40,40,35,37,35,39,30,40,36,30,22,39,45,34,30,36,40,41,38,29,34,43,32,33,33,33,25,39,36,40,35,35,33,26,36,40,33,37,36,33,28,34,31,31,36,33,35,26,39,36,36,31,38,41,32,35,30,38,25,39,35,30,31,31,31,40,38,35,29,33,34,38,23,33,38,27,38,33,31,33,35,40,44,39,25,41,37,33,42,35,33,24,34,39,33,36,35,34,29,39,39,31,35,36,37,28,39,39,34,32,41,42,31,36,32,35,34,37,38,37,37,26,34,39,37,35,35,42,29,32,38,29,28,35,31,30,41,35,38,40,40,44,34,34,34,30,38,24,34,29,36,29,31,34,37,25,33,24,39,39,34,43,37,44,42,36,34,34,44,23,38,33,31,44,32,33,32,33,41,37,32,45,33,30,42,39,37,31,29,29,29,27,46,49,31,41,25,33,24,36,31,42,33,33,34,32,32,35,22,38,35,39,28,34,29,40,34,32,36,28,35,31,36,39,42,39,35,39,36,42,32,26,37,34,39,31,34,32,33,40,32,34,47,31,34,34,29,32,39,35,27,28,32,32,31,31,37,36,31,36,41,43,30,33,42,32,31,31,35,38,37,44,34,29,36,31,33,30,34,33,33,32,35,27,41,42,36,34,28,41,25,41,33,40,43,29,33,40,33,29,38,29,32,27,32,35,28,32,37,31,35,43,34,34,33,40,33,38,31,33,28,29,31,36,36,34,33,31,32,35,38,38,25,35,34,37,38,34,33,35,31,31,26,35,36,38,37,37,32,34,32,32,35,40,41,36,41,37,38,37,23,30,30,39,32,32,32,38,29,41,29,43,28,38,29,33,39,31,37,41,34,32,35,27,39,31,32,33,35,42,31,47,36,26,31,37,31,37,38,41,45,34,28,32,40,35,26,29,33,34,36,32,35,50,40,36,41,44,40,32,41,36,41,37,34,37,36,36,34,46,29,35,33,26,37,38,28,35,34,33,48,28,36,20,35,42,36,34,38,39,33,38,30,27,32,29,30,38,37,39,31,41,33,40,38,31,30,40,34,43,32,41,34,26,39,28,35,33,34,27,23,40,34,38,48,36,38,32,40,31,36,33,30,30,31,29,40,29,40,29,31,31,37,28,28,35,31,31,36,41,31,36,35,41,32,43,34,45,33,40,38,35,40,23,36,33,36,39,34,28,26,40,31,28,40,27,43,43,31,37,43,32,32,27,34,47,35,34,34,33,26,34,35,30,33,35,33,33,36,32,33,39,28,39,33,40,39,36,29,32,32,28,35,28,38,31,40,38,33,34,34,37,33,37,29,43,35,36,39,31,29,33,37,39,40,30,41,38,29,29,27,25,36,27,22,39,42,30,30,32,44,38,35,38,37,43,38,47,28,47,32,30,34,39,38,34,38,37,30,31,47,35,36,31,42,40,33,35,33,38,30,28,39,30,32,32,33,44,35,37,39,27,39,38,40,36,35,47,38,38,32,36,32,39,41,39,40,37,38,39,40,26,37,35,30,33,37,37,44,40,32,33,35,34,43,31,36,33,32,28,35,33,37,37,33,31,35,34,29,34,33,36,31,39,37,38,42,28,37,40,33,30,32,28,40,33,34,50,36,38,28,37,42,36,25,42,38,39,36,39,40,37,31,30,33,30,30,35,36,38,28,39,27,31,44,34,33,36,30,40,35,33,41,27,35,37,38,34,27,26,33,30,36,27,36,35,34,39,36,44,29,38,24
35,30,35,30,27,43,32,40,32,31,35,40,40,29,34,36,33,31,35,40,31,39,29,39,35,44,29,36,30,41,36,44,37,31,38,34,38,31,27,36,30,28,32,24,28,35,32,40,40,35,41,39,38,37,34,35,41,27,31,34,48,28,42,34,32,35,30,32,34,39,34,36,32,29,33,34,30,29,39,37,38,37,46,33,21,32,39,44,35,34,34,43,34,37,29,38,41,36,36,44,35,37,41,41,30,31,34,44,39,42,30,34,35,38,31,34,35,34,39,38,27,31,36,29,27,38,38,24,35,30,31,29,33,32,35,29,36,34,39,40,24,41,39,37,31,41,34,37,38,48,27,39,39,35,27,29,30,27,40,38,41,43,40,31,42,38,38,32,38,39,39,26,32,41,32,30,26,27,32,34,35,35,29,38,30,37,36,38,29,33,24,33,44,34,34,29,28,29,33,35,42,25,35,34,34,30,39,41,34,36,36,30,38,32,39,31,38,39,24,37,34,34,28,46,33,38,29,47,35,37,27,32,33,28,42,27,39,40,33,39,39,32,38,31,33,35,38,31,35,42,37,32,35,35,34,33,23,44,36,44,28,36,32,33,39,33,28,33,31,27,38,33,47,30,27,42,35,38,32,34,38,30,35,30,39,36,38,40,38,40,33,43,38,39,33,30,35,27,41,35,30,41,37,39,32,32,37,28,23,38,32,37,36,29,31,31,27,37,39,37,43,36,34,37,33,40,28,33,35,34,28,35,35,40,38,40,34,36,39,24,37,29,36,36,43,33,29,28,36,38,31,41,28,36,42,31,33,33,38,36,31,38,39,28,41,35,42,38,34,32,32,36,27,36,30,36,31,41,27,45,35,47,38,38,41,38,28,40,34,41,32,40,38,33,38,41,27,42,38,32,35,37,29,35,31,34,45,25,33,32,33,39,32,44,32,32,39,40,41,34,29,27,34,39,35,37,33,38,36,35,35,41,33,46,37,36,43,28,30,36,35,35,31,38,34,34,33,30,34,36,39,37,36,42,31,48,31,37,38,36,35,40,34,37,36,39,31,29,35,32,28,39,46,27,31,34,41,32,35,34,38,33,36,39,32,43,30,31,33,33,31,38,26,38,36,37,35,36,30,31,34,32,39,34,35,35,45,31,33,37,36,35,35,42,34,34,34,30,40,42,34,31,32,28,38,36,35,36,40,35,29,32,43,35,34,33,35,34,37,40,34,29,45,31,36,28,38,30,31,43,33,31,40,36,33,42,35,37,33,31,36,35,33,34,39,37,39,33,38,32,27,32,29,48,37,27,32,37,43,33,33,32,31,40,36,33,35,38,33,33,37,26,35,34,40,43,37,34,36,29,31,42,34,37,25,39,34,29,44,41,29,30,37,36,39,39,31,46,34,36,29,35,28,28,36,34,31,35,29,33,29,32,37,33,25,27,38,48,40,37,30,36,33,43,34,31,37,39,40,27,37,32,42,27,35,36,34,36,42,36,35,36,27,40,30,26,38,42,33,34,40,40,36,38,33,39,40,31,35,30,40,38,32,32,39,35,35,30,42,36,42,38,33,35,41,31,31,33,32,33,39,31,32,38,40,36,33,32,32,39,37,36,38,31,31,45,40,38,44,36,34,38,35,42,36,36,42,26,39,42,37,35,41,37,34,44,30,43,39,41,34,35,34,32,33,34,36,35,45,33,35,35,46,28,34,24,25,37,45,31,31,46,34,31,33,41,38,29,29,33,33,37,37,33,48,27,35,38,38,37,37,36,27,34,40,26,39,35,34,32,34,40,42,30,34,38,42,37,36,36,33,37,40,35,30,38,38,36,29,34,33,33,41,26,38,33,36,34,35,40,50,35,39,35,29,43,34,43,32,32,42,27,30,26,30,37,33,30,34,40,27,33,37,47,36,29,39,38,32,33,37,40,34,40,25,37,40,28,33,26,39,34,32,39,31,39,29,36,26,27,36,36,43,36,40,34,45,35,33,32,33,32,47,37,31,45,39,47,42,30,36,43,30,31,32,35,40,30,32,37,29,36,39,32,36,28,38,33,28,29,32,34,29,25,34,31,34,34,38,35,29,32,36,40,41,31,47,32,28,38,31,38,31,33,36,25,30,30,37,29,22,29,43,37,42,35,32,38,38,34,34,39,41,34,35,41,47,46,43,34,27,39,32,43,35,29,40,38,29,34,33,47,32,34,31,34,34,36,34,37,38,42,30,30,34,35,38,37,39,31,43,38,30,45,30,36,35,40,28,31
45,33,27,34,36,31,29,33,42,31,31,42,42,33,38,33,34,35,38,40,39,29,33,37,37,41,36,35,31,34,36,30,30,35,45,33,36,31,36,35,32,24,38,30,31,30,32,32,35,30,35,43,34,40,40,41,31,32,28,37,38,33,39,42,33,30,33,39,41,35,34,37,29,33,29,35,39,33,29,35,34,40,41,31,36,35,33,38,35,29,29,31,36,28,41,44,45,30,30,34,38,34,30,31,31,32,28,32,45,40,31,38,39,31,37,37,43,27,41,33,26,37,40,38,36,39,36,35,36,30,43,31,35,43,39,34,36,41,36,37,26,34,39,32,23,24,43,41,38,36,46,40,35,37,31,31,29,41,27,28,46,32,25,27,30,30,43,31,32,44,34,38,31,35,46,30,29,36,34,28,37,39,36,31,42,33,30,34,39,31,31,25,41,38,40,38,36,36,30,46,41,35,27,40,30,34,34,35,38,41,36,35,30,34,36,31,26,32,41,42,30,32,36,30,33,34,35,42,44,41,34,32,29,33,31,37,37,39,32,32,36,28,34,38,34,35,33,36,34,35,39,30,32,36,41,33,41,30,35,41,31,35,47,30,30,33,40,33,33,31,34,37,28,37,40,34,41,27,35,35,31,31,35,45,36,37,25,33,44,31,32,36,28,29,42,32,32,38,40,41,26,36,34,26,31,34,44,43,34,29,36,35,30,39,43,34,32,36,41,39,28,36,40,33,35,36,29,31,27,32,36,30,42,44,32,37,31,40,30,43,33,43,32,31,40,32,39,38,34,31,38,38,29,41,29,37,27,28,33,37,39,38,43,48,36,32,40,34,34,40,37,38,27,35,39,38,45,34,40,29,31,36,40,28,35,43,40,42,34,37,29,32,36,33,34,40,38,34,39,37,25,43,30,30,44,37,32,33,38,41,43,31,30,26,30,40,48,32,37,35,33,30,38,27,31,36,40,36,36,30,31,37,27,30,37,39,32,27,31,32,35,35,35,35,38,34,51,40,31,45,36,43,36,43,33,39,34,30,32,39,38,37,31,35,35,34,39,34,37,30,45,41,33,33,39,33,31,38,42,35,30,49,29,25,41,36,35,37,34,43,33,41,36,34,31,39,37,30,30,32,34,32,30,34,40,28,32,47,41,36,46,34,43,35,38,35,31,33,26,37,29,29,37,37,27,30,36,38,39,42,24,39,36,34,44,35,42,31,40,38,40,37,43,30,30,42,36,43,41,28,38,37,36,34,38,42,34,34,34,45,30,35,37,39,40,30,33,36,31,40,35,40,33,34,41,38,39,33,35,28,36,31,41,30,36,28,33,31,40,37,31,30,35,32,35,44,33,31,40,35,35,42,33,37,37,32,39,32,38,29,34,40,42,39,30,35,36,30,33,30,37,37,34,37,29,34,35,39,30,34,32,37,33,32,32,39,26,38,31,30,43,43,30,31,23,24,39,38,31,34,45,32,29,41,39,33,32,40,34,39,41,40,34,35,35,37,36,39,33,35,40,33,30,37,33,38,44,28,41,38,32,36,33,34,33,31,38,44,37,36,30,36,42,32,35,33,33,32,30,32,42,34,39,39,37,44,37,36,37,31,36,38,31,38,37,34,38,28,35,47,41,41,36,37,36,48,28,32,32,33,38,29,23,34,37,36,33,35,30,31,40,36,26,43,37,41,34,32,36,31,35,32,43,42,35,35,44,38,34,39,35,36,37,35,39,33,29,46,27,34,32,27,37,31,37,36,38,38,40,40,35,41,36,31,33,40,39,36,36,41,38,35,31,33,38,23,35,30,42,31,33,30,41,29,30,42,34,37,39,37,41,30,38,32,32,35,31,26,35,29,27,36,37,38,25,30,36,42,38,37,42,48,39,30,37,33,35,38,42,34,31,34,36,23,38,33,43,37,36,31,37,37,35,35,42,36,40,32,35,28,35,39,31,44,33,34,40,35,36,27,30,44,36,31,31,30,31,36,37,29,28,36,29,27,32,38,33,34,38,34,38,33,38,35,29,37,32,37,41,41,30,33,36,41,36,37,36,34,29,34,37,38,42,30,31,39,41,30,30,33,44,36,37,30,38,27,34,29,27,37,38,36,41,24,39,43,26,37,32,38,36,45,36,32,30,30,36,30,41,36,28,36,36,35,39,38,40,43,32,29,36,31,33,36,28,34,34,35,30,37,38,25,39,40,34,39,32,28,33,35,30,34,29,33,31,29,34,27,34,35,38,32,29,34,40,26,31,32,38,31
24,30,36,37,29,42,29,38,37,44,30,37,42,33,34,33,30,40,37,41,25,31,30,36,31,37,32,35,29,35,35,32,33,38,28,24,33,36,37,30,37,36,34,47,25,39,34,39,37,47,32,39,44,42,40,31,34,38,24,31,33,36,34,37,36,25,40,32,36,34,40,37,32,38,31,38,46,45,34,29,32,28,35,39,33,31,36,32,36,38,36,38,35,37,30,38,40,38,37,34,30,36,30,34,33,27,37,33,35,38,36,37,28,36,39,33,28,38,34,41,28,40,47,39,32,37,33,43,33,34,36,33,37,34,40,34,32,40,38,32,38,41,30,31,36,29,34,36,33,38,32,34,44,32,38,34,33,31,37,39,27,37,39,30,44,41,35,29,36,32,41,34,37,32,35,45,29,39,37,31,36,32,35,31,36,33,26,36,28,29,25,31,33,29,33,38,39,39,36,32,29,40,38,36,40,37,28,34,25,33,35,39,31,32,34,29,39,44,40,26,39,42,36,39,31,36,34,32,36,31,32,36,37,29,36,36,26,34,38,34,36,33,38,32,29,30,43,36,24,29,33,42,40,35,28,26,37,32,33,37,27,34,37,41,36,32,46,38,35,33,30,31,41,27,35,37,38,37,39,35,37,32,40,39,33,33,28,43,38,31,22,30,38,39,33,35,28,35,36,31,38,40,35,35,36,26,42,40,30,43,27,35,34,42,31,25,34,37,39,36,32,25,44,33,38,36,29,46,31,37,37,43,32,31,35,26,34,37,45,38,41,37,36,39,33,33,35,38,28,39,36,27,27,35,39,36,35,33,35,32,35,44,39,28,31,30,33,33,36,40,40,33,31,29,44,34,32,46,31,43,27,30,39,31,38,32,35,38,32,33,36,35,33,36,41,49,36,34,41,32,35,26,32,30,42,34,30,31,32,37,33,35,37,36,33,29,30,30,44,41,36,38,39,38,34,31,42,35,39,44,35,43,43,28,39,38,32,38,39,35,38,35,33,33,31,29,40,32,41,35,33,32,45,36,37,32,35,27,30,23,38,33,27,26,37,29,38,42,35,40,33,28,30,37,40,44,38,38,38,23,32,40,40,41,36,27,37,33,41,26,34,34,37,32,28,40,38,36,33,28,36,40,45,43,34,40,42,29,38,36,27,36,37,32,32,33,30,30,32,32,37,32,27,33,34,36,31,43,33,31,36,38,37,32,39,31,44,28,32,36,40,36,35,28,42,36,39,40,37,30,36,26,42,31,43,31,30,38,36,32,31,26,40,35,35,32,40,34,31,35,41,35,35,30,34,35,27,31,33,39,36,40,27,24,40,33,36,37,37,31,43,38,43,33,34,29,24,27,35,36,30,34,32,34,35,41,31,33,37,32,38,31,35,27,34,35,40,29,30,34,31,36,38,42,37,38,39,29,40,41,36,29,34,33,37,34,34,31,32,32,38,37,35,37,22,42,31,31,37,38,34,30,34,41,37,32,39,36,39,36,37,36,29,30,34,36,34,29,39,39,29,31,39,38,41,39,40,31,26,41,43,37,43,36,36,29,32,35,38,38,39,30,37,39,42,36,42,37,29,33,40,26,33,37,36,31,35,34,35,28,23,34,39,40,38,33,29,40,41,31,30,28,35,35,39,28,36,47,35,39,41,31,26,41,35,31,34,36,35,33,30,35,38,34,35,39,35,41,40,29,35,34,41,34,39,31,29,33,38,31,30,29,32,40,34,27,39,32,40,31,41,36,40,42,34,31,46,35,36,42,31,39,31,37,32,40,32,24,34,33,41,31,34,35,47,33,41,35,35,34,37,35,33,35,21,43,42,29,35,28,28,29,37,31,38,33,34,31,38,38,41,29,32,31,29,35,34,34,41,38,36,42,33,39,39,32,40,38,32,34,40,36,32,26,31,43,41,26,41,33,42,29,37,33,31,31,41,31,35,34,33,25,27,41,38,25,35,43,42,32,30,28,35,29,33,40,33,37,40,35,27,38,31,38,40,39,34,37,32,34,37,44,38,29,39,35,30,33,47,36,42,34,32,36,36,39,35,39,33,32,42,45,27,34,24,37,28,35,39,40,39,41,42,32,26,38,45,39,44,31,41,48,41,38,31,40,33,41,37,38,39,27,29,37,38,39,27,26,31,24,36,34,32,32,42,34,30,40,27,40,34,37,45,35,37,42,38,36,34,40,39,32,34,32,33,38,30,38,35,37,34,36,30,36,32,37,33,38,37,31,33,36,24,27,37,43,37,32,28,42
26,39,35,43,34,36,35,33,37,38,46,31,31,31,33,41,39,33,33,39,45,29,32,33,32,42,38,27,30,37,38,33,31,36,29,33,35,45,37,34,41,31,37,45,39,42,34,34,33,34,34,39,40,36,37,37,38,33,31,36,30,30,35,36,29,32,26,25,37,30,27,35,29,39,26,27,35,29,34,40,35,35,31,44,40,32,35,27,32,35,33,34,41,31,34,37,34,32,30,27,45,32,35,35,27,31,34,39,38,33,41,45,38,36,31,41,48,28,36,36,37,42,40,39,41,30,31,46,38,40,39,35,33,36,36,36,37,34,38,30,34,31,38,39,36,32,34,42,42,36,38,34,41,37,31,34,28,30,42,38,32,36,36,31,35,35,39,36,30,32,31,28,36,34,42,32,37,37,36,40,40,40,32,35,38,34,36,33,30,34,36,32,36,36,30,30,39,32,34,25,29,33,34,39,31,35,30,29,34,35,35,24,28,33,37,30,39,39,26,29,29,32,39,38,36,31,33,34,35,36,33,28,33,34,27,38,34,37,37,33,41,31,33,31,40,43,39,31,32,40,28,41,35,43,24,28,32,34,30,30,38,40,37,36,29,30,32,40,37,36,33,34,37,34,29,32,42,41,36,37,36,40,30,43,28,25,35,29,36,29,35,33,32,40,38,40,46,41,38,38,37,34,33,30,30,34,34,35,36,26,27,38,37,43,32,34,31,29,40,39,37,28,38,42,30,29,32,34,24,45,34,35,35,32,32,31,30,31,35,29,35,32,39,34,32,37,38,35,33,34,35,33,32,39,30,36,36,34,35,38,38,41,39,30,41,37,32,35,26,30,35,47,46,33,28,34,32,34,40,40,39,35,35,30,38,27,32,41,46,42,40,31,43,38,32,36,37,30,44,45,28,33,33,33,37,41,38,38,38,40,37,27,35,32,34,38,29,31,33,32,26,34,37,44,45,29,39,35,34,33,30,30,33,37,34,34,37,37,30,34,45,36,31,43,28,38,30,34,34,33,37,29,39,32,25,29,37,34,24,36,36,44,36,35,33,30,37,32,47,33,31,30,36,37,35,38,38,28,36,32,26,41,35,41,34,34,36,37,44,31,32,32,32,35,44,42,39,33,37,38,34,40,33,39,37,46,32,29,34,42,35,28,38,37,44,34,23,42,30,45,33,29,46,36,27,24,35,38,33,34,30,38,36,35,34,38,41,38,33,33,39,27,32,38,31,24,30,35,34,31,34,34,33,31,31,29,41,33,31,38,36,40,36,27,45,31,32,29,41,41,37,36,35,33,35,36,36,35,41,41,35,35,33,32,37,38,32,34,35,38,37,41,39,37,43,38,38,28,32,37,34,31,35,40,38,44,37,31,35,40,35,37,40,31,27,26,31,35,38,37,36,33,34,29,28,34,35,33,34,36,35,39,32,35,29,37,39,34,27,32,33,42,35,41,30,31,29,42,33,33,36,37,44,43,33,43,37,24,36,35,35,36,30,44,32,33,35,33,39,34,38,35,45,22,44,27,34,32,36,26,31,39,38,33,27,37,35,34,28,33,42,40,34,40,37,27,34,32,36,30,33,34,33,35,37,35,35,38,35,39,31,44,38,35,41,36,29,37,32,30,33,37,37,35,40,24,27,26,32,36,27,32,35,38,34,45,39,32,40,34,38,34,31,38,41,41,37,33,33,40,31,34,36,37,35,35,30,30,34,33,32,39,32,34,40,33,35,36,30,39,29,32,39,33,36,34,27,44,27,38,30,30,46,25,34,32,33,38,40,39,35,34,38,28,40,33,35,35,31,39,32,33,31,40,38,31,36,35,37,37,36,33,30,31,34,41,39,24,38,39,35,48,32,30,47,33,38,37,28,29,36,35,37,35,23,37,27,38,35,37,35,29,34,30,36,24,32,42,32,31,40,28,37,40,30,35,37,38,33,40,37,39,29,39,37,26,36,37,33,31,31,27,29,43,35,36,41,31,27,41,35,33,37,37,37,31,31,35,41,37,39,42,31,35,39,39,29,30,44,24,26,34,35,38,38,36,36,39,34,36,34,40,35,33,37,36,39,37,40,25,38,41,26,35,30,33,35,36,31,41,38,30,39,45,37,37,29,30,33,30,34,36,39,32,35,32,34,27,25,38,27,36,36,32,40,32,31,30,29,34,29,38,37,42,27,36,32,37,33,35,40,38,42,33,43,33,34,28,35,38,36,28,30,33,29,38,25,39,25,42,31,34,32,33,34,33,36,31,39,42
31,29,23,28,35,34,40,30,38,33,39,32,36,39,32,37,31,41,27,32,43,40,38,32,30,35,37,35,29,27,32,35,41,26,34,41,38,34,36,33,40,38,45,33,32,40,30,37,36,31,32,37,27,29,37,39,34,34,42,38,40,41,23,29,30,28,35,39,31,32,30,29,30,31,31,28,30,40,30,38,39,39,38,37,41,28,31,37,37,32,27,38,30,38,40,38,35,36,37,33,37,35,33,47,42,33,35,36,36,38,28,36,40,43,35,41,39,39,34,35,29,40,34,36,40,42,24,34,30,28,35,25,39,38,37,32,33,36,45,28,31,39,32,44,42,33,29,43,35,30,39,30,31,37,26,35,39,28,34,33,35,32,31,44,38,31,45,30,29,35,35,32,39,27,40,39,26,44,29,31,30,37,31,40,38,30,35,30,37,34,36,40,43,28,33,39,40,38,33,30,31,31,43,38,38,31,32,37,41,29,33,33,27,32,38,35,33,39,30,36,33,37,39,46,36,32,38,30,29,38,36,28,34,34,29,39,38,37,40,33,28,30,36,37,33,28,39,46,36,33,36,37,29,26,38,34,39,33,34,48,40,42,40,37,32,31,29,35,32,44,33,28,39,37,40,35,35,40,38,32,35,26,42,21,42,28,36,40,35,35,36,41,37,40,38,36,33,42,36,35,40,40,35,36,36,37,28,31,34,32,32,37,34,33,39,32,30,29,33,30,37,23,36,41,35,38,37,32,45,34,41,34,39,29,37,36,29,30,31,38,35,31,37,31,25,35,33,32,26,30,36,31,36,29,33,31,32,34,34,38,35,33,32,39,34,30,41,26,40,33,33,33,36,47,34,32,32,28,33,39,35,31,32,42,50,35,40,30,43,34,31,31,30,33,43,33,29,41,26,33,39,36,35,43,40,41,36,36,43,38,38,38,36,38,35,32,28,39,46,34,47,36,40,36,38,34,36,33,40,38,31,31,32,28,38,32,33,36,25,39,38,42,38,34,36,39,37,43,32,44,41,35,33,40,35,40,31,31,38,27,36,32,35,38,32,43,38,33,34,41,38,34,39,33,39,28,34,32,38,39,27,42,30,24,48,37,26,36,35,29,32,39,38,40,34,31,44,24,33,40,32,40,32,39,39,33,38,32,41,41,43,36,37,39,39,40,32,38,36,35,33,38,36,35,40,35,33,31,40,34,38,36,43,42,36,41,39,39,39,33,37,37,40,34,35,38,40,33,42,41,35,40,36,40,37,24,29,33,36,33,33,34,31,34,29,33,38,27,25,36,36,31,30,36,35,31,28,34,30,35,46,33,33,39,36,34,40,30,35,42,42,39,44,36,31,32,31,40,39,34,38,38,27,41,31,36,39,35,36,42,39,41,35,39,38,33,34,32,29,32,26,28,38,43,39,29,42,40,35,38,35,36,41,29,27,31,32,39,34,34,38,27,39,25,38,44,43,38,38,37,39,38,32,34,33,32,26,37,29,41,30,31,45,34,28,36,30,34,38,28,34,36,43,43,28,37,31,38,40,41,34,35,29,34,30,40,32,35,30,36,35,35,30,37,34,35,21,28,37,29,37,37,32,37,39,38,43,34,33,36,39,46,34,36,28,35,29,28,37,39,32,37,37,38,39,26,42,30,31,29,37,33,43,43,41,35,38,34,32,42,42,32,36,36,30,35,24,36,41,26,30,33,35,30,37,31,30,43,28,32,34,38,28,40,31,40,37,38,26,29,44,30,38,33,31,29,37,30,43,35,43,45,33,45,42,29,44,36,39,25,32,35,32,42,35,37,33,42,38,29,35,31,38,32,31,36,37,38,51,39,38,25,27,42,35,39,38,38,34,40,44,34,28,38,28,35,42,43,29,32,30,31,35,31,37,34,38,42,45,23,29,37,38,28,41,34,35,30,37,31,39,36,31,38,32,38,27,34,37,33,33,31,41,28,42,36,39,33,41,32,38,34,33,30,34,34,30,39,26,30,32,37,31,39,41,33,36,39,38,36,36,28,30,35,33,39,33,38,36,35,34,36,36,37,26,31,28,32,30,38,36,35,35,29,35,43,32,31,38,37,43,32,34,31,31,31,37,35,32,34,38,42,34,36,35,31,29,43,32,36,25,31,35,37,39,30,31,33,39,34,33,34,38,33,32,29,37,27,35,35,34,33,31,34,31,42,33,36,37,31,33,25,42,29,32,38,23,30,41,41,38,39,31,35,41,34,35,31,37,40,34,28,41,30,36,38,32,37,40,38
38,43,38,28,30,33,44,39,37,33,31,32,30,39,39,38,31,39,40,28,41,40,22,29,34,38,39,34,32,33,37,35,35,34,40,33,36,33,36,38,34,33,33,35,37,33,33,32,37,31,35,38,39,32,38,29,32,31,37,38,37,34,39,29,28,36,39,37,26,42,35,36,41,33,32,39,36,38,38,43,35,30,37,37,30,33,30,31,32,31,32,32,34,31,41,31,28,41,35,35,42,43,34,37,34,35,30,32,28,41,30,40,38,37,30,38,34,45,38,32,43,26,41,31,43,37,34,38,41,37,41,38,40,28,33,29,32,34,48,37,40,38,31,32,31,36,38,39,35,20,34,33,34,41,43,34,33,24,29,27,30,33,45,40,37,35,31,36,38,42,35,41,32,31,42,36,27,37,35,40,41,25,38,31,35,35,35,42,34,36,33,31,36,35,30,35,41,42,29,41,31,34,35,32,44,40,27,30,43,35,42,32,42,35,39,36,39,31,37,32,37,33,34,29,33,29,26,30,33,44,29,36,33,36,33,31,35,32,33,31,40,37,40,35,37,37,37,43,35,31,44,37,37,33,34,33,40,38,37,31,34,30,33,28,38,31,36,36,38,29,39,32,34,38,43,34,26,33,34,39,35,37,34,30,35,38,37,45,30,30,45,37,39,40,44,36,42,40,38,35,34,37,41,33,36,26,31,32,33,39,37,37,39,37,39,34,29,38,32,41,39,27,31,38,35,33,43,32,33,33,33,28,31,35,27,32,38,33,35,43,31,34,37,33,36,28,35,40,38,34,30,48,34,34,41,43,33,36,38,36,40,35,29,38,39,41,33,41,29,39,37,37,30,28,41,47,33,34,37,38,42,45,35,33,38,31,34,35,27,38,32,35,32,39,36,36,34,35,36,30,42,29,34,24,31,36,26,29,36,39,34,35,36,30,33,37,28,41,35,40,34,37,29,34,43,32,36,39,34,36,32,42,27,39,48,33,42,34,34,40,30,43,33,37,34,32,36,44,45,33,37,39,32,37,38,33,35,29,38,35,34,26,41,27,42,32,33,32,25,38,32,37,33,35,37,30,32,42,31,42,46,41,34,34,35,40,30,41,35,35,39,29,41,42,35,27,34,29,26,38,33,32,42,34,40,31,42,31,31,33,41,34,36,39,35,27,41,23,37,37,36,32,36,29,37,27,37,39,34,38,28,36,29,36,25,38,38,34,30,37,38,37,35,29,39,31,34,36,31,40,37,31,36,32,33,24,35,39,39,41,33,32,35,36,33,31,33,28,41,32,35,40,35,39,29,32,32,26,31,34,36,33,32,35,37,34,34,36,34,39,41,32,35,35,30,40,32,34,32,39,39,34,38,41,37,41,40,33,32,35,45,42,36,44,35,38,33,32,37,37,39,31,36,36,35,40,37,38,35,36,40,42,32,30,38,38,43,34,24,35,32,28,41,34,46,43,40,27,39,42,46,34,31,41,33,38,34,31,37,35,34,31,43,38,33,29,33,33,30,31,30,36,27,46,36,33,32,31,35,29,25,32,44,38,37,29,36,32,33,41,41,41,32,29,38,35,40,35,36,33,36,37,23,33,37,44,44,41,30,39,38,42,40,42,30,36,31,38,34,38,34,36,38,33,35,32,31,33,45,37,28,36,39,41,33,30,41,36,34,35,39,36,33,37,35,27,34,36,27,46,40,34,34,37,29,31,26,39,35,32,30,29,37,32,32,33,31,37,33,33,33,32,41,32,30,48,40,24,25,39,39,38,33,42,38,28,30,42,30,31,35,31,34,41,44,29,36,32,36,23,42,33,34,36,33,34,33,31,39,33,41,33,38,34,32,31,35,29,39,33,45,26,36,35,31,35,37,31,32,35,40,33,34,30,35,34,44,38,26,36,39,31,36,30,29,35,36,34,40,33,40,37,32,31,22,29,37,39,36,28,31,32,33,35,25,29,37,35,30,36,43,33,32,43,34,29,38,36,28,38,36,34,40,23,38,43,42,33,33,35,31,29,40,37,38,36,34,35,31,37,28,42,35,32,39,29,36,42,38,29,37,36,38,36,36,40,32,36,34,35,36,29,34,33,32,36,32,31,34,29,43,35,36,28,34,39,41,41,37,34,36,36,32,34,40,41,30,30,31,40,39,28,34,34,35,37,37,39,35,42,37,31,39,32,45,42,30,40,38,32,33,33,40,40,39,37,32,41,33,35,35,27,32,35,39,31,36,42,36,47,35,32,38,37,40,42,36,35,46,31
38,40,37,30,35,41,45,33,39,30,42,46,37,33,34,27,28,36,35,35,42,30,33,35,43,34,27,36,35,42,29,43,29,30,35,34,38,33,44,32,32,35,38,32,48,45,37,38,32,38,37,34,40,35,33,28,41,32,32,40,36,37,38,35,37,37,41,39,37,32,46,32,35,34,36,44,32,37,31,30,43,32,37,36,30,41,35,36,31,33,39,36,36,33,35,36,37,26,39,36,31,42,33,40,47,33,32,41,39,38,37,34,40,33,26,35,40,33,35,34,34,29,36,30,37,34,29,45,44,36,37,33,32,39,42,31,30,43,31,43,41,32,32,33,36,37,34,39,30,33,44,45,33,33,31,40,35,33,38,30,36,35,36,37,30,34,43,35,36,31,38,33,34,37,34,43,37,33,34,32,32,36,25,38,39,48,33,38,39,34,28,37,32,28,44,35,35,35,35,40,36,32,37,36,35,29,36,39,36,32,39,30,34,30,38,30,42,36,38,40,26,30,23,43,35,34,47,39,41,26,36,33,29,41,42,32,35,31,33,34,41,34,35,33,28,39,43,34,41,34,42,33,37,36,24,43,42,29,32,34,23,34,46,39,34,38,34,34,35,32,38,41,37,43,38,34,41,31,33,36,39,36,34,32,36,26,38,37,30,44,38,37,36,35,40,34,36,37,35,35,37,32,33,34,40,34,36,30,43,33,34,31,32,32,37,41,37,36,36,36,30,39,48,28,36,36,33,40,34,33,25,33,29,37,48,42,31,28,42,37,40,30,32,31,38,40,41,30,36,39,40,38,44,33,42,34,38,34,35,40,34,35,27,37,31,32,33,39,34,32,41,40,36,36,38,29,47,40,34,41,34,34,43,43,33,33,33,30,31,38,30,44,43,34,31,36,35,39,41,39,36,35,38,42,25,37,38,37,35,35,38,32,33,38,25,28,43,38,32,37,35,36,35,37,43,31,27,29,32,36,37,38,36,29,36,36,44,40,42,37,39,37,38,31,30,37,39,29,49,32,35,37,28,34,35,37,34,28,31,48,50,35,42,28,36,42,32,36,32,31,30,37,28,33,26,27,35,42,38,32,39,28,32,40,29,34,33,39,41,33,35,33,38,38,30,38,36,35,42,31,33,35,32,38,34,39,32,36,35,34,38,29,39,33,29,39,35,42,34,30,41,35,32,39,39,36,33,41,30,35,36,31,43,32,44,42,44,27,31,28,30,37,34,36,30,33,37,39,35,37,28,42,38,27,42,36,35,45,31,39,40,35,39,38,36,26,27,30,28,36,32,36,31,31,33,21,29,40,41,43,36,43,44,36,37,36,34,34,45,39,39,40,26,38,37,43,36,33,36,35,43,36,23,39,35,45,37,32,40,40,32,34,40,36,35,29,35,29,40,31,37,33,32,38,31,32,43,35,30,43,33,31,37,35,36,30,39,38,39,32,35,30,31,31,34,37,35,44,41,36,35,34,33,32,41,38,43,40,43,35,34,33,27,25,35,44,37,41,32,40,35,27,39,42,36,32,43,32,29,32,29,36,33,31,37,31,32,37,40,30,27,36,37,24,41,35,37,38,36,49,32,33,28,37,30,34,42,38,38,37,29,35,40,32,45,35,33,36,37,36,40,34,36,34,37,32,35,36,32,39,37,37,33,27,36,36,41,40,35,38,38,40,45,36,32,28,40,37,34,35,31,34,31,33,36,37,35,39,36,33,29,41,38,38,36,31,34,32,39,38,35,40,35,35,44,37,33,32,32,32,31,35,35,36,35,38,26,25,35,33,33,34,36,34,33,39,29,32,37,35,40,39,34,27,41,35,30,30,30,36,32,35,49,28,43,26,33,39,34,30,30,44,28,35,33,36,44,30,36,29,37,41,37,35,37,41,33,37,38,36,36,35,32,38,36,27,30,36,39,30,39,27,33,33,37,32,30,43,38,32,36,29,40,28,36,42,36,35,38,39,42,43,31,40,39,43,39,35,34,38,30,33,37,32,33,35,37,37,35,36,36,31,45,36,35,34,37,35,44,30,41,36,39,26,29,39,31,35,33,26,32,30,19,26,39,37,30,34,39,43,22,29,32,36,34,38,40,33,35,33,37,31,32,36,43,40,38,28,34,36,42,31,33,36,43,38,38,34,31,40,48,30,41,35,32,35,36,38,37,35,36,42,33,30,34,37,36,29,39,34,34,40,43,35,40,30,37,32,41,25,38,39,30,35,31,29,35,38,33,35,36,31,31,37,29,35,41,32,38,30
39,34,35,33,34,42,35,33,29,28,31,31,28,44,24,38,31,25,43,36,34,28,35,44,35,33,34,31,34,39,38,37,37,38,38,36,29,28,29,29,23,29,30,29,41,28,32,33,33,32,42,41,31,28,32,36,35,38,30,37,35,38,34,29,32,39,38,37,35,38,34,32,49,33,27,39,34,36,35,38,35,36,35,24,39,32,31,39,32,40,27,42,33,44,30,35,37,34,26,27,34,39,31,33,37,36,42,34,37,23,36,34,32,38,38,40,36,38,34,36,40,33,34,26,29,35,46,36,33,28,36,29,35,33,42,35,29,42,44,34,30,38,42,33,36,32,33,32,43,42,37,31,41,32,38,39,23,34,33,37,35,35,32,23,31,36,35,38,39,26,28,34,30,36,34,36,29,40,33,29,36,34,36,34,43,45,34,34,36,31,31,35,32,41,23,32,29,37,38,44,34,42,43,38,29,26,32,30,29,37,41,37,41,33,34,36,37,39,32,37,33,31,28,38,35,29,28,33,34,42,40,35,36,39,36,30,39,36,30,28,36,31,39,36,34,31,26,29,35,32,42,47,35,40,37,38,31,29,35,39,32,30,35,28,34,40,38,36,27,37,34,30,29,35,29,40,34,28,39,35,39,33,39,30,40,37,27,41,44,31,36,29,37,38,29,34,33,44,45,32,35,35,37,34,30,42,27,39,41,31,44,31,41,41,24,40,35,34,36,34,36,32,38,38,35,28,33,33,37,38,37,43,29,35,25,29,40,48,31,36,27,38,29,41,35,40,39,37,31,38,41,30,37,37,29,35,33,35,31,37,38,30,39,37,29,41,44,25,36,31,32,33,43,34,35,31,44,41,33,30,36,39,31,32,38,39,38,39,28,35,32,41,37,32,36,37,27,44,38,23,29,31,31,35,33,36,28,31,29,40,28,28,35,35,36,36,34,35,36,36,25,40,31,32,38,48,43,34,39,43,33,32,28,27,31,41,24,22,37,37,33,36,42,23,37,29,41,30,31,42,32,38,41,28,34,28,37,37,34,39,30,34,29,39,40,24,30,35,38,41,39,34,39,38,29,38,31,32,26,32,33,32,34,33,35,36,38,39,35,34,31,36,38,29,33,43,34,38,37,39,39,32,44,41,30,32,31,41,33,31,28,28,34,33,35,36,34,24,30,33,24,32,34,25,34,32,29,41,36,41,35,40,43,35,35,36,26,33,38,31,36,34,39,33,38,40,35,36,38,34,32,31,38,36,33,33,29,38,35,26,30,36,35,37,32,37,36,37,32,39,39,40,43,26,31,43,31,33,33,30,38,28,26,36,40,26,38,41,32,34,36,32,37,34,26,40,29,34,33,38,36,24,32,31,35,34,38,29,40,38,35,30,35,42,43,37,40,28,37,35,47,31,29,41,37,43,44,37,42,32,42,40,31,37,42,39,34,37,39,27,39,35,47,33,27,35,28,33,36,27,42,30,33,35,35,40,42,34,35,34,39,41,41,35,45,33,41,39,40,45,24,32,44,33,42,37,33,38,31,33,35,38,32,31,43,37,35,36,32,37,36,34,38,38,34,35,25,30,31,35,28,38,23,37,32,36,40,27,30,31,32,32,41,42,20,34,42,25,30,42,36,32,37,31,39,43,36,45,37,36,37,36,23,32,37,40,36,38,33,34,35,35,35,31,33,33,32,36,24,31,42,42,40,32,34,46,36,33,41,39,35,45,36,40,31,32,31,30,39,40,39,32,33,25,39,34,34,30,35,34,40,29,40,38,36,37,29,37,30,40,37,27,40,30,37,31,36,30,33,29,38,37,42,42,31,36,37,33,26,29,35,30,41,39,39,27,37,31,38,28,32,37,31,41,43,37,23,43,43,35,31,30,36,32,38,32,35,45,33,34,29,33,41,30,36,33,29,29,40,30,41,31,30,37,34,35,35,42,33,39,41,36,33,44,30,40,36,39,31,42,35,38,44,34,43,32,29,29,39,37,33,38,36,38,30,35,36,42,46,40,36,35,33,46,35,39,34,32,36,33,27,35,38,34,33,41,36,26,28,28,37,35,41,37,36,38,40,34,44,47,32,28,39,31,40,36,43,35,36,32,32,42,44,28,39,35,30,30,37,36,34,29,33,24,34,39,44,36,35,33,38,38,43,40,38,26,38,33,43,30,34,43,38,40,36,32,36,39,44,41,34,32,39,34,29,38,35,36,33,40,42,34,37,45,39,40,31,35,35,35,29,34,31,30,34,32,40,37,34,34
37,42,27,38,40,28,30,38,38,39,31,29,41,34,33,35,51,29,45,28,38,38,26,32,31,34,34,38,35,28,33,37,40,34,40,38,44,34,29,41,42,34,32,36,36,40,32,43,35,39,30,33,36,35,32,37,31,44,35,38,39,31,38,29,25,37,38,42,33,39,37,28,31,36,33,31,41,31,40,34,29,35,31,33,41,37,33,37,42,35,36,36,38,35,28,39,31,29,33,31,33,35,43,31,42,33,33,38,38,39,45,38,44,42,33,36,35,40,47,41,43,28,38,34,37,27,37,35,32,29,37,27,37,36,37,33,39,29,39,31,30,45,36,32,30,32,33,39,27,38,29,34,42,33,42,31,35,38,32,32,38,35,36,31,31,39,34,32,35,35,28,32,36,30,28,31,30,38,34,33,38,32,34,38,36,36,31,36,32,29,34,35,43,36,31,34,34,29,41,41,38,34,35,28,32,34,42,33,37,38,40,33,32,36,40,38,33,40,39,36,33,43,31,45,44,40,31,37,26,29,43,30,29,39,40,31,31,32,34,35,41,33,41,38,39,39,37,36,39,38,30,34,33,31,39,32,32,31,35,29,37,40,40,33,35,38,36,26,38,41,38,45,37,36,35,35,33,36,40,29,32,33,36,38,34,29,36,33,37,44,39,40,33,28,36,37,43,42,34,41,37,35,26,35,39,24,41,34,38,36,35,43,36,35,37,31,39,36,37,26,36,37,34,36,33,30,37,38,43,34,38,36,29,35,33,40,39,29,43,35,33,29,36,34,37,29,32,34,33,39,30,38,33,39,48,29,37,32,44,27,30,38,40,36,37,36,36,42,35,31,41,38,35,33,36,32,23,32,35,32,41,32,39,36,34,37,42,29,43,34,25,34,47,32,34,31,36,40,41,37,37,31,45,30,41,41,37,38,38,36,36,41,42,37,33,28,29,29,30,28,26,43,33,36,28,32,36,34,40,39,40,25,44,40,37,37,39,35,33,32,36,28,39,39,39,39,39,27,28,35,33,40,35,35,30,33,38,29,34,41,39,37,29,29,41,40,37,35,34,33,31,34,39,35,31,30,39,32,35,35,30,34,31,46,42,27,36,33,39,45,32,36,30,32,35,37,35,38,33,35,24,28,36,32,39,32,35,35,40,33,32,24,39,36,26,33,29,32,33,34,35,43,37,28,36,30,35,35,29,30,41,38,36,33,38,42,37,41,33,32,28,43,28,50,33,40,30,34,37,38,30,40,39,25,38,36,28,36,36,35,33,37,34,33,30,42,31,45,32,32,31,41,36,33,33,30,43,43,33,39,30,41,33,38,34,31,36,38,37,34,35,33,36,43,36,40,47,31,33,36,22,38,36,29,37,32,36,35,35,35,36,29,31,36,38,43,33,30,39,33,32,33,36,27,42,40,37,40,32,45,39,35,36,31,36,34,38,32,33,34,36,36,30,35,41,33,28,35,39,32,32,40,31,37,34,37,34,33,28,30,27,41,36,37,37,33,31,29,39,29,40,36,19,38,32,35,32,39,33,34,42,45,37,36,36,30,27,30,45,33,38,32,33,28,34,35,40,36,36,38,30,31,35,30,33,30,42,26,31,40,34,37,41,36,35,33,30,28,37,35,33,34,39,34,35,36,35,34,22,36,32,34,36,35,30,37,42,33,36,35,36,28,42,38,36,38,29,38,44,35,41,31,43,34,36,39,32,33,29,33,25,34,31,33,32,39,35,31,32,33,29,29,31,34,37,37,37,37,30,39,36,32,44,25,35,42,40,48,31,46,41,34,32,38,37,37,31,34,35,35,36,36,28,33,44,41,36,43,34,28,38,29,34,29,39,33,37,31,38,47,39,33,39,34,42,38,40,27,28,36,48,36,37,33,25,44,38,37,32,31,28,32,27,30,40,36,29,33,42,34,33,27,32,36,37,37,30,32,32,32,34,41,38,31,31,30,38,38,34,34,43,43,33,29,32,37,30,36,22,31,32,35,49,38,31,28,38,35,33,36,39,30,33,37,36,32,27,31,28,35,33,43,39,31,33,31,30,44,32,38,43,36,44,33,33,37,34,38,31,31,34,38,41,35,35,35,34,29,33,31,34,36,36,43,33,37,32,35,40,42,38,38,36,38,40,30,34,30,28,33,40,28,31,39,22,31,36,32,36,35,33,33,37,36,31,39,30,38,43,29,34,43,27,37,32,35,37,35,30,39,41,26,37,31,36,30,39,28,21,30,27,38,41,28,36,33,34,34,33,46
25,34,36,25,38,38,31,41,36,35,34,42,34,31,39,39,36,46,39,26,37,39,34,32,46,36,32,32,40,33,36,25,28,36,40,37,38,36,38,32,29,37,32,25,37,35,40,33,32,33,31,34,29,34,39,33,32,33,29,35,33,32,30,40,33,34,33,37,32,32,31,29,27,31,34,25,31,30,31,26,37,33,33,32,27,32,38,35,22,32,31,34,35,31,35,36,43,37,41,35,33,37,29,45,39,27,33,29,34,28,40,35,32,23,35,37,31,34,34,40,40,36,43,33,30,33,39,38,34,32,31,29,36,29,41,33,38,39,37,43,41,41,36,27,47,32,31,43,32,40,35,35,36,44,35,36,37,35,37,29,36,31,41,27,35,39,45,45,33,37,36,44,40,23,33,35,30,46,42,39,37,47,36,28,36,30,25,46,23,34,37,29,24,37,40,35,38,41,31,35,44,39,34,31,41,27,35,33,35,37,32,27,33,29,37,42,36,36,41,33,37,40,26,34,36,33,40,37,32,31,38,30,35,40,29,35,42,34,40,30,32,30,37,35,25,46,35,36,30,32,40,39,42,38,30,33,38,32,37,35,34,37,39,36,35,33,44,30,38,26,34,33,42,34,33,38,26,33,37,36,37,30,35,30,36,34,36,36,30,38,34,33,34,39,34,39,32,50,30,49,38,35,37,45,29,37,33,35,33,36,36,34,37,39,28,32,42,39,32,26,42,48,31,38,36,42,36,35,43,31,44,40,39,38,32,26,37,40,37,39,31,31,32,39,33,28,28,32,26,32,36,41,43,40,41,38,32,39,42,30,42,46,28,30,37,32,41,31,40,38,39,35,32,40,30,35,35,35,37,33,36,26,37,39,29,27,30,30,38,36,32,36,33,36,35,40,36,39,30,38,34,32,36,35,41,39,34,27,41,40,30,38,32,37,29,31,30,36,38,42,33,41,34,33,24,43,30,40,29,43,39,38,31,37,31,43,35,42,36,45,44,39,35,31,30,37,37,38,35,32,35,38,43,43,36,41,32,32,41,41,32,33,36,31,38,38,41,45,36,33,44,46,40,28,35,39,39,42,35,43,37,41,33,39,39,27,34,36,29,44,46,37,41,28,39,34,37,29,37,38,37,37,38,42,37,39,39,32,42,37,35,36,37,43,42,31,38,42,34,33,37,27,32,35,39,36,36,40,32,37,29,39,47,35,34,45,34,35,35,35,35,36,41,36,48,46,35,30,41,33,32,40,43,37,32,36,38,32,37,34,35,37,31,40,38,29,40,31,39,32,44,34,38,40,36,45,41,40,36,38,46,31,33,33,29,44,38,40,39,32,29,41,29,36,29,36,31,39,39,26,38,34,34,28,40,39,35,38,36,31,25,39,41,33,30,29,41,38,26,38,37,31,39,44,38,33,25,31,34,40,30,33,29,29,35,34,41,38,32,43,29,39,46,38,36,36,37,28,33,40,32,42,38,31,35,29,29,36,33,39,34,33,33,26,39,34,35,37,34,38,37,32,35,35,31,35,38,33,42,38,30,47,45,37,32,36,37,25,39,37,39,37,36,40,36,42,36,36,37,39,38,32,31,38,36,41,42,36,34,32,30,38,36,39,40,29,21,32,25,34,34,33,32,37,33,38,36,35,37,36,39,30,32,41,37,41,30,31,40,34,38,38,32,35,45,39,33,34,36,36,30,37,35,32,33,32,39,41,35,31,30,40,39,40,40,34,29,25,37,34,38,39,30,29,32,30,34,34,49,35,41,30,37,35,35,40,30,32,23,42,32,38,34,40,47,34,32,37,35,38,37,35,42,35,31,37,25,32,38,34,31,26,27,39,32,35,42,32,36,38,33,47,30,32,32,40,34,38,30,35,40,33,36,41,30,38,40,27,36,40,34,40,35,31,40,33,32,40,37,33,37,40,36,37,35,33,33,37,25,47,43,41,32,39,36,32,52,34,32,35,39,35,27,29,36,29,40,40,25,45,35,37,40,34,32,40,34,44,42,40,40,40,31,31,34,38,36,32,33,31,27,34,32,40,33,30,41,46,34,38,32,37,32,35,38,38,32,31,34,36,34,31,37,42,38,35,32,34,29,38,43,24,41,41,32,34,34,36,30,29,29,33,25,38,37,38,28,29,29,29,37,32,32,32,32,26,42,37,34,37,37,27,42,33,29,31,38,33,35,34,35,32,34,33,38,28,39,32,30,32,30,27,33,33,39,47,32,38,33,34,41,31,33,31,30,33,34,35,36,36
45,38,31,38,39,33,42,40,35,39,36,40,31,34,35,35,34,29,35,36,35,37,38,35,35,29,37,32,43,31,32,42,43,38,34,33,34,45,33,37,37,42,36,37,35,38,32,38,33,43,35,31,36,42,36,35,41,32,45,35,40,34,43,35,30,42,33,31,32,35,35,42,39,42,35,37,35,34,37,31,36,36,44,34,30,39,27,40,40,36,37,29,40,45,31,39,32,40,28,26,31,38,42,40,33,30,28,29,30,34,39,45,40,36,30,28,36,37,37,38,34,30,37,35,45,30,35,34,37,42,41,31,30,30,39,33,25,41,32,27,38,40,35,31,44,32,33,30,32,44,30,38,37,29,27,40,30,40,34,28,33,30,35,33,35,39,33,39,40,33,33,35,20,33,30,36,37,36,33,34,26,35,36,33,28,40,41,39,36,38,37,29,42,34,43,23,38,37,36,33,33,27,28,40,44,37,29,37,35,36,31,36,36,35,36,28,34,26,33,33,42,35,40,31,37,34,34,30,43,39,40,38,41,36,36,35,35,36,37,29,39,39,46,31,27,35,36,39,30,39,34,39,34,28,41,29,35,28,30,42,38,25,41,34,34,25,37,40,33,39,41,35,35,34,30,30,45,28,31,39,32,33,29,42,40,35,33,32,37,32,33,34,36,36,43,36,35,36,34,32,32,32,31,41,29,39,25,31,29,31,34,35,28,36,40,25,33,36,48,40,48,38,38,40,36,31,40,27,44,30,23,33,32,34,33,33,30,39,30,38,38,37,38,46,39,35,34,29,30,34,35,34,41,42,30,32,40,30,32,37,29,40,35,31,30,28,39,32,36,39,27,39,40,27,35,37,39,41,29,29,35,30,34,33,34,34,35,37,34,35,34,37,29,40,40,32,31,35,37,31,40,42,34,33,39,44,38,35,39,37,38,34,31,35,33,33,29,29,43,36,37,34,39,38,28,27,38,39,31,36,36,33,40,38,33,38,38,32,25,37,35,40,32,35,35,40,40,37,31,32,39,33,33,34,40,31,31,35,31,25,35,47,38,35,40,43,36,29,35,38,32,40,34,30,35,33,32,32,33,41,31,32,40,40,36,42,35,33,35,39,41,29,35,35,30,38,27,44,42,37,33,34,37,26,35,32,37,37,32,35,31,42,28,41,35,40,29,42,32,27,36,44,42,39,35,27,38,35,39,30,35,32,36,35,24,35,36,35,27,33,38,43,40,41,40,34,29,31,33,38,39,38,33,39,39,39,40,35,37,46,33,37,28,37,38,36,40,30,38,34,35,37,38,24,34,29,35,37,38,40,44,35,33,31,32,35,38,33,31,33,28,35,39,31,28,26,30,42,40,28,35,32,34,37,28,43,31,34,34,30,33,46,33,30,36,45,36,41,35,35,39,37,37,30,39,25,44,36,39,32,31,37,33,32,39,37,33,38,33,29,42,38,37,34,37,43,35,30,39,34,34,22,27,36,31,34,34,32,40,28,41,38,40,41,34,39,34,40,35,31,33,34,36,36,38,39,31,33,41,33,44,33,33,31,38,38,32,36,36,30,41,40,34,33,34,34,36,27,34,25,34,40,35,31,29,34,40,28,37,44,28,34,33,33,21,32,37,35,38,33,33,31,30,32,35,29,33,34,32,33,34,38,40,35,29,26,41,40,32,34,38,31,34,30,34,32,36,33,26,39,42,27,40,37,32,34,35,30,32,26,35,42,33,37,40,38,37,38,34,33,39,37,40,40,27,32,37,29,37,36,40,26,37,41,36,36,37,27,32,40,35,34,35,33,34,35,32,33,34,39,31,27,38,39,37,34,33,34,34,29,24,43,31,35,44,30,32,37,45,32,39,40,44,36,36,32,41,35,36,32,44,34,33,30,37,41,30,45,32,39,28,42,36,37,43,33,35,36,40,32,35,33,19,35,34,33,33,32,37,33,38,37,30,35,35,35,29,36,37,39,36,45,36,31,31,38,31,34,32,43,33,31,42,36,33,37,36,35,40,31,34,38,30,26,34,32,48,38,38,33,39,21,34,34,31,30,43,26,38,31,34,34,30,37,28,35,26,30,44,28,42,31,33,36,36,44,35,36,43,41,37,35,43,45,39,36,26,36,39,29,31,33,33,33,34,34,30,30,35,37,44,38,37,33,25,45,35,32,35,29,30,32,46,24,32,33,30,31,42,37,38,40,42,39,27,35,35,36,31,35,31,37,34,34,37,43,30,43,34,38,35,34,38,37,46,35,32,42,40,26
36,33,29,36,41,28,41,28,37,30,36,32,29,33,36,37,37,28,35,34,42,33,38,36,35,37,41,35,34,28,30,48,30,38,32,35,30,30,41,28,36,34,38,27,33,40,39,34,27,34,42,39,36,42,38,36,37,33,35,32,40,32,33,36,43,36,25,28,34,36,36,28,33,38,37,38,47,38,32,28,30,32,39,39,41,32,31,36,29,34,39,26,26,40,36,35,34,24,36,43,32,43,32,22,33,32,37,32,33,27,42,40,36,38,26,37,37,38,41,34,36,35,42,31,30,38,41,33,34,33,42,44,38,34,37,33,35,42,39,31,43,40,38,41,34,35,29,33,37,28,39,33,26,40,36,41,38,36,30,31,33,31,33,35,38,37,38,36,29,30,34,37,34,31,31,42,45,42,34,37,37,30,35,36,38,29,36,39,41,34,25,34,34,32,35,37,39,42,37,35,29,26,43,36,28,40,32,36,35,38,38,34,36,40,40,33,42,31,38,41,32,37,33,52,37,35,36,29,35,36,32,37,34,35,47,36,31,32,45,32,31,41,30,31,39,39,38,38,33,29,33,33,26,32,38,31,34,36,32,32,30,32,44,34,34,28,34,34,31,28,51,37,28,33,33,31,31,39,36,31,36,32,36,33,42,39,36,23,35,22,32,36,29,35,29,28,38,47,39,35,33,29,32,35,25,33,33,33,38,44,36,33,42,44,32,37,38,35,35,28,31,34,32,30,36,40,44,32,35,34,36,36,41,33,41,38,33,28,36,32,37,33,35,34,29,49,39,37,37,32,35,33,35,49,34,29,35,31,35,34,33,29,29,38,27,41,27,30,37,33,40,34,37,33,32,36,33,35,39,31,40,37,34,32,30,26,42,28,44,35,34,34,38,31,28,34,38,43,35,36,32,38,32,33,38,41,32,35,41,33,30,33,30,20,30,36,36,34,35,37,31,37,32,34,34,29,31,35,38,33,41,34,41,42,44,36,36,30,32,31,43,43,29,29,38,40,35,33,34,36,31,35,41,33,37,26,37,40,32,33,40,45,31,37,29,40,34,37,29,39,38,38,34,36,36,40,36,37,34,38,34,30,28,34,37,42,36,31,47,41,29,43,32,34,33,32,40,43,44,29,35,40,30,37,35,31,42,43,31,36,30,30,33,38,35,37,37,35,29,34,39,30,31,40,43,29,29,38,44,32,30,37,34,35,36,32,36,38,44,33,39,31,30,33,29,38,37,36,32,29,45,29,30,38,32,41,35,28,35,36,38,34,37,38,40,39,34,37,34,31,31,40,32,37,41,44,32,30,36,32,40,38,39,35,34,31,38,42,32,32,44,37,36,45,25,39,37,35,28,38,40,30,34,44,37,22,35,26,38,40,38,33,39,41,29,33,34,32,36,36,36,29,33,35,35,44,30,36,38,25,40,32,33,34,38,32,34,32,33,27,43,40,33,39,31,36,35,37,35,34,34,26,33,36,36,29,35,35,34,35,29,45,37,36,41,29,27,40,31,41,34,36,33,40,34,32,31,43,33,37,33,35,29,43,29,33,39,34,35,21,38,39,40,29,40,29,32,35,35,34,34,40,37,32,36,37,33,34,30,41,29,26,37,36,32,46,37,29,35,37,33,35,28,38,30,28,40,30,36,29,30,30,26,33,25,41,41,37,43,33,37,38,34,34,42,26,32,36,42,36,39,35,28,21,33,35,33,32,30,35,41,36,38,36,36,40,30,39,36,32,42,38,34,37,38,39,36,47,30,42,34,42,30,25,35,31,39,44,39,37,33,37,33,34,38,32,34,40,36,27,41,35,29,34,31,30,36,39,31,36,38,35,38,31,29,34,36,37,34,35,36,42,31,33,34,30,29,27,35,39,41,40,28,34,36,39,40,31,47,37,31,37,28,38,36,30,42,34,36,37,28,32,31,45,30,42,42,34,39,35,36,35,38,28,32,40,37,32,35,39,39,33,42,38,31,37,37,34,49,46,43,39,31,37,29,23,32,34,34,42,34,37,38,26,34,32,33,35,28,30,37,35,33,24,36,36,32,37,36,32,28,44,37,37,35,37,40,45,38,39,36,30,29,41,37,39,32,36,34,33,35,33,33,36,38,32,36,39,34,30,33,38,35,32,32,33,35,37,30,35,31,43,33,31,38,31,32,32,47,36,33,34,37,35,35,32,39,41,40,32,40,30,31,34,39,38,25,26,35,34,30,45,30,36,35,30,33,44,31,23,29,30,28,35,41,38,39,41,31,38
34,35,34,33,35,33,31,31,41,27,40,42,41,31,29,29,28,38,42,33,33,28,31,28,28,37,34,26,36,42,34,37,37,40,39,41,31,34,39,35,36,33,30,36,35,37,35,38,32,37,25,39,34,40,41,36,30,38,36,40,30,37,33,40,30,32,33,34,34,32,35,36,30,40,32,39,34,38,35,34,35,34,27,36,28,28,36,34,34,31,28,27,39,31,31,31,39,38,34,45,34,29,33,37,33,28,40,35,25,34,30,36,32,35,39,35,43,43,37,36,38,40,33,38,38,30,36,28,33,30,37,30,36,36,39,30,34,35,37,35,35,33,37,39,37,35,25,41,34,39,36,33,28,28,29,39,26,37,46,28,37,43,38,23,31,30,39,33,32,32,28,40,40,34,38,32,34,34,38,40,35,39,37,45,40,38,40,31,48,31,29,30,38,38,31,38,25,35,28,37,30,43,37,31,33,34,41,40,33,30,30,39,28,32,43,39,36,28,39,39,27,41,43,42,31,37,29,34,30,33,38,40,34,34,30,43,39,37,36,37,40,37,35,35,33,30,39,34,32,38,42,31,28,36,44,34,33,31,40,32,39,38,38,31,30,27,38,34,40,31,29,39,29,32,37,31,29,42,41,37,36,33,41,30,40,34,37,38,29,38,42,32,38,39,31,26,33,38,41,43,33,33,38,32,40,31,35,44,34,32,31,33,34,38,36,38,33,34,38,38,40,36,40,34,37,32,35,39,34,33,31,40,33,33,28,36,41,32,38,41,41,31,35,41,27,31,45,30,34,32,31,40,38,37,34,39,42,32,28,37,37,32,28,36,36,37,33,34,28,34,43,33,34,32,31,34,35,39,38,41,26,34,33,39,43,33,36,32,28,32,37,28,35,37,37,31,38,42,35,38,33,29,45,39,38,38,31,27,32,39,40,28,40,38,30,43,31,40,39,28,37,38,37,35,34,42,33,32,36,32,36,40,35,42,37,28,39,34,36,34,31,32,35,42,35,34,41,28,33,32,28,37,34,43,33,38,32,29,31,38,40,32,32,44,37,38,31,40,40,47,36,34,44,38,29,35,35,34,27,35,38,41,37,33,36,35,37,33,36,35,35,37,21,38,35,30,32,22,31,34,37,37,33,31,34,37,36,36,27,32,33,39,34,41,38,39,38,54,27,32,40,37,30,37,31,31,44,36,48,41,33,30,47,34,38,39,32,33,34,36,37,30,38,29,43,24,36,28,30,31,38,42,35,42,36,39,34,25,34,40,47,36,37,28,48,40,35,31,34,34,41,39,28,38,32,41,38,35,36,34,32,35,36,47,32,30,30,33,41,40,39,38,40,36,32,30,43,36,37,32,36,37,33,36,42,41,27,33,39,29,39,24,37,37,36,41,44,31,38,27,31,37,38,28,40,33,37,41,22,30,25,38,43,31,34,35,34,40,36,32,37,34,35,39,35,31,37,35,32,29,30,30,40,36,33,43,34,40,26,22,33,38,39,44,43,40,32,33,31,40,31,30,38,28,32,32,36,33,24,34,33,34,29,36,37,32,39,32,28,39,43,36,29,39,34,32,36,35,45,39,39,28,34,28,36,31,34,33,44,35,41,29,36,36,35,31,39,38,34,37,36,29,34,34,34,35,36,41,28,38,29,37,33,33,36,37,33,26,31,37,29,37,36,45,34,39,35,32,37,32,35,35,38,38,42,36,32,35,38,41,28,37,35,43,34,36,28,30,35,35,31,34,41,35,24,22,36,33,33,34,34,33,38,25,35,36,32,29,29,24,39,39,39,35,36,39,36,27,29,34,43,35,34,29,36,34,36,31,34,38,38,38,38,27,40,33,35,35,41,30,32,27,40,32,31,39,37,36,38,45,31,35,39,28,32,30,30,36,37,27,39,36,36,33,39,37,40,30,35,32,31,33,35,36,36,35,33,36,28,34,35,38,35,41,35,27,30,40,26,33,32,42,30,35,34,37,42,39,33,32,42,31,39,32,27,41,36,28,33,34,28,34,38,48,29,29,38,38,30,28,33,37,37,30,35,34,44,43,26,35,41,36,27,37,34,39,40,35,36,41,39,39,27,36,36,33,36,32,36,41,36,40,33,38,34,36,29,37,26,35,29,34,41,36,39,35,32,40,37,34,32,40,36,40,36,33,30,35,39,34,36,40,35,35,31,31,35,36,44,38,29,25,35,37,39,34,36,40,40,33,27,41,38,31,35,38,33,32,37,38,37,26,36,39,29,32,38,24,35,41
32,37,32,27,38,38,32,33,41,25,34,34,37,30,37,37,33,32,34,32,40,35,30,29,34,31,34,41,39,36,34,33,42,33,33,47,33,39,29,35,38,33,29,34,35,41,34,39,41,32,31,33,34,33,38,26,37,36,32,40,43,33,30,42,31,33,34,31,41,46,35,42,34,31,35,39,35,32,36,30,24,36,40,34,44,32,36,40,35,34,38,38,33,40,35,38,30,41,43,32,29,32,43,38,19,31,33,28,38,47,37,30,31,36,38,39,36,35,37,39,28,27,34,35,34,35,38,34,37,34,34,25,36,40,32,35,27,40,32,38,37,48,36,38,42,30,28,25,39,29,31,41,28,36,35,29,43,37,40,35,36,31,28,32,29,36,36,36,41,29,36,39,36,34,27,31,33,32,39,39,36,37,36,40,40,31,37,31,36,44,30,33,39,38,44,26,43,31,34,41,34,38,37,29,38,29,34,35,35,41,35,28,33,32,31,36,34,36,37,39,39,33,36,29,35,35,35,38,36,37,36,27,22,35,35,43,41,29,34,40,36,38,38,39,38,36,31,38,32,31,31,38,37,33,35,35,35,40,42,39,27,33,36,35,36,36,34,38,31,22,39,34,42,30,38,27,42,41,29,36,36,30,35,40,34,39,27,39,26,37,33,36,48,39,42,28,38,38,38,43,31,25,34,38,26,33,34,38,37,40,38,37,29,31,36,31,33,50,34,34,27,31,37,34,40,36,38,32,34,36,35,36,42,28,29,41,36,38,34,35,33,29,32,26,30,40,27,31,30,41,28,34,35,34,29,35,37,38,34,45,35,37,35,40,33,42,33,33,34,34,36,35,34,35,28,36,33,31,35,31,40,35,39,37,30,39,41,31,46,29,30,31,31,37,38,42,47,29,36,29,35,36,37,32,37,34,32,33,39,35,29,34,30,36,42,39,29,36,34,37,35,37,34,38,29,28,30,26,39,32,38,34,25,33,31,38,27,43,29,21,22,41,29,32,34,46,35,31,30,34,30,31,34,26,35,39,40,34,33,33,32,28,36,39,40,33,38,34,31,36,35,31,30,29,34,38,41,41,37,28,41,37,36,34,28,30,34,34,35,32,37,27,46,41,41,38,28,35,33,26,33,32,35,38,39,31,33,33,32,30,37,39,36,31,34,34,51,32,28,40,34,34,45,36,40,33,29,35,36,37,35,42,29,38,33,27,32,35,35,42,36,31,41,34,33,34,40,30,37,36,39,31,35,46,33,41,36,32,35,34,32,33,31,35,35,37,38,34,27,32,32,33,30,31,31,26,36,35,33,30,48,35,39,29,31,28,37,31,33,27,39,35,31,27,35,39,37,28,31,29,39,36,31,39,34,32,38,36,44,34,31,32,25,32,27,43,35,32,37,43,49,39,37,31,31,30,36,39,28,42,37,40,34,36,35,40,32,38,38,34,39,34,37,36,21,37,37,30,31,34,28,34,32,29,30,35,38,42,32,44,37,27,34,33,42,40,41,33,40,39,32,23,42,38,30,38,36,43,40,39,30,42,34,36,30,38,37,39,33,33,34,33,40,33,35,37,32,28,37,35,35,35,37,34,32,30,30,37,33,37,35,40,40,36,37,36,40,33,29,28,24,33,36,41,42,43,30,33,35,33,34,39,43,30,25,41,32,35,36,33,31,39,26,35,30,35,33,33,30,33,27,32,34,29,36,32,35,38,40,28,33,35,34,24,37,31,38,39,29,42,44,38,37,38,35,35,31,33,38,37,39,41,41,37,28,38,36,30,37,38,39,34,32,37,36,30,37,31,35,38,30,31,23,33,38,31,39,37,35,42,37,38,34,42,38,32,35,40,27,31,37,38,42,31,40,35,30,36,38,31,33,34,30,30,43,34,34,32,38,34,31,35,39,37,30,35,36,33,41,35,32,34,34,33,31,33,41,31,30,34,36,43,34,33,35,36,31,33,44,37,35,33,38,36,32,45,36,32,34,36,39,32,23,41,44,27,36,36,35,40,45,35,39,34,37,33,40,33,35,34,39,28,36,38,33,40,33,36,32,38,27,33,37,39,30,38,41,32,40,45,30,45,36,37,31,32,32,36,32,30,39,34,29,36,33,41,30,36,38,30,34,31,39,34,35,38,37,28,37,32,33,38,40,32,26,43,28,41,47,33,39,37,34,38,39,39,37,38,31,34,30,35,35,38,29,27,37,47,34,34,41,41,34,36,31,35,31,34,37,41,35,42,32,39,43,32,32,37,39,38
32,30,38,29,35,35,35,41,42,37,34,30,26,42,39,44,31,28,36,42,38,35,38,31,34,39,32,36,38,34,38,35,38,36,37,40,37,34,42,36,32,26,32,38,34,33,35,42,36,37,33,40,28,33,45,47,40,43,33,41,44,30,29,38,28,37,28,37,36,30,44,31,34,22,34,36,29,34,25,31,34,37,35,37,33,29,28,35,38,38,34,30,37,38,35,29,34,44,28,33,35,42,36,30,40,35,37,35,36,35,31,33,36,41,34,46,32,37,32,31,31,38,36,34,35,30,31,26,43,39,33,32,38,30,34,34,33,47,32,41,38,42,26,37,40,39,36,33,33,46,33,36,35,39,34,39,36,40,34,38,34,37,35,26,33,36,37,35,36,32,36,40,48,30,31,39,27,42,38,36,33,41,36,32,29,45,34,35,39,29,36,27,39,27,39,35,37,33,34,36,35,39,36,37,35,30,36,33,33,35,29,36,35,38,31,41,28,30,38,33,36,33,30,31,35,39,35,34,38,33,35,39,41,41,42,37,38,39,34,37,31,45,38,46,34,40,43,29,38,34,42,28,35,34,28,36,35,36,26,34,33,36,33,35,33,37,39,33,34,32,38,31,37,28,41,33,35,38,30,39,29,37,41,36,42,32,40,33,30,37,41,39,39,30,35,33,32,31,38,34,30,38,44,32,30,28,34,32,33,36,30,40,33,28,31,38,39,33,36,33,27,38,40,34,24,38,28,36,35,38,27,35,41,35,43,30,28,32,29,40,36,34,35,31,41,48,36,34,41,35,29,44,44,39,40,38,34,36,31,43,27,37,32,33,32,34,36,32,29,34,33,28,42,44,37,34,38,36,36,28,30,42,33,35,41,35,38,30,37,38,29,37,40,35,35,40,35,29,37,37,33,34,37,32,37,35,41,47,42,33,34,26,30,34,33,32,40,33,37,37,38,25,35,34,34,35,45,44,34,32,33,32,31,33,32,44,31,29,35,29,31,34,37,37,30,34,28,30,34,34,28,33,40,35,37,38,36,31,39,39,28,33,40,33,39,39,35,35,30,37,34,37,31,39,42,31,38,36,36,34,39,33,41,33,34,37,33,40,41,37,28,37,24,36,35,34,32,29,34,35,29,43,33,35,31,36,40,42,39,34,35,31,34,33,32,33,35,38,37,27,35,31,29,35,37,34,29,29,42,34,35,25,40,36,31,31,45,35,32,31,34,29,33,40,33,34,32,34,29,42,39,35,30,33,36,36,33,37,47,33,38,32,32,40,33,33,27,37,36,38,31,39,30,38,43,30,30,41,36,35,28,35,25,39,34,29,35,29,29,34,38,39,37,34,30,35,43,32,30,35,36,35,43,41,43,30,27,26,26,37,39,30,33,30,27,38,27,37,40,28,35,28,46,33,26,39,38,39,28,36,36,35,29,35,32,31,33,40,48,37,45,29,35,38,40,31,49,33,33,32,37,36,35,30,34,39,38,37,36,34,37,38,34,37,47,30,32,33,35,38,29,29,26,32,27,42,32,40,38,42,34,36,36,37,30,29,32,36,39,43,41,34,30,42,36,33,35,41,23,33,45,37,28,45,36,33,33,31,33,45,37,33,38,28,36,35,37,33,40,34,33,36,35,35,35,35,37,31,43,34,33,31,43,36,33,28,37,32,25,32,39,37,26,28,38,38,39,38,41,34,35,38,33,35,31,32,29,31,38,32,35,33,38,39,40,37,33,28,35,36,40,30,38,39,30,40,34,42,37,42,34,38,34,28,35,40,36,36,37,43,34,32,31,31,37,31,44,28,39,24,28,39,37,33,35,35,28,37,42,35,33,40,37,39,35,43,36,37,29,29,32,36,34,31,34,36,36,28,38,36,30,31,39,27,32,39,39,36,32,38,30,33,34,35,37,34,40,44,35,27,30,38,33,38,33,29,38,37,34,38,32,38,32,31,35,40,38,28,26,42,27,35,35,39,34,34,30,40,34,27,39,36,27,41,37,30,31,33,24,30,39,39,40,29,33,37,39,43,39,32,34,35,37,44,35,34,47,36,38,39,25,37,43,32,27,32,36,36,34,33,34,30,30,30,30,41,40,39,32,33,42,28,28,34,33,34,27,35,22,36,32,29,41,52,32,42,37,42,38,32,40,39,36,36,33,31,35,35,33,28,26,37,27,42,35,33,38,37,29,36,27,37,32,34,32,34,39,41,35,30,41,29,30,25,47,40,33,39,40,27,34,31,30,33,33,35,35,36,29,28
35,32,31,34,44,45,29,33,33,32,38,37,36,36,36,32,45,32,35,39,37,31,35,43,31,31,27,39,34,41,39,31,37,35,28,30,36,33,35,30,36,25,33,33,36,36,38,31,36,35,34,34,39,34,31,40,33,30,37,36,36,41,47,33,44,32,40,39,47,37,26,32,30,32,36,39,27,26,31,42,37,33,39,38,33,31,37,36,37,35,34,37,39,31,27,31,36,46,27,49,41,26,29,36,24,42,37,28,29,37,39,36,30,35,32,34,35,28,35,30,41,37,33,34,42,41,38,36,41,39,28,36,31,27,38,34,29,36,39,33,37,31,39,41,38,41,35,35,37,37,35,33,34,36,35,31,39,31,33,43,32,33,41,39,31,32,31,30,27,30,34,32,39,35,35,32,38,28,41,36,31,37,35,33,35,40,34,33,35,38,44,35,34,34,37,35,38,30,27,36,37,44,30,33,31,31,31,35,30,37,36,36,27,42,26,36,27,40,37,38,36,33,30,42,36,36,35,38,34,38,41,32,43,46,28,31,39,33,43,35,26,44,32,37,32,33,41,37,30,31,33,36,34,41,35,35,35,39,36,33,32,43,31,44,33,36,34,26,34,39,31,29,38,41,29,39,43,32,36,36,39,31,40,33,42,32,35,25,37,36,32,45,35,36,29,39,41,44,37,33,30,46,40,37,41,29,30,32,38,39,36,38,28,37,42,38,34,33,47,37,33,25,34,29,38,38,31,25,28,35,43,44,28,32,35,32,28,32,25,28,42,31,33,36,37,31,38,36,31,34,33,37,39,31,41,37,35,30,39,34,36,28,42,41,30,36,40,30,33,31,31,43,40,31,34,33,32,43,38,29,36,31,37,35,38,29,34,33,29,42,34,35,39,30,37,41,30,38,33,34,36,38,37,41,37,32,29,36,37,38,39,35,30,32,36,35,37,41,44,33,38,37,29,31,32,39,37,41,26,33,33,39,38,42,36,22,37,40,33,40,42,39,33,33,34,33,32,40,42,37,34,32,34,39,37,26,31,43,33,39,33,31,37,39,30,38,29,43,36,46,27,38,34,35,33,35,27,32,40,38,32,36,38,31,34,25,34,32,38,41,32,37,37,31,33,31,32,33,38,31,39,33,32,30,38,31,29,35,30,32,32,37,33,38,39,26,33,33,34,35,28,32,39,34,40,39,45,33,30,40,23,34,37,43,40,32,40,31,32,29,36,41,37,31,33,20,36,39,40,26,29,31,30,27,36,35,40,30,38,33,44,29,37,38,26,31,30,23,33,37,37,36,35,36,35,29,30,32,32,28,30,28,37,33,40,30,45,26,30,33,34,37,38,36,36,27,42,26,27,34,31,37,31,39,36,40,32,26,41,34,30,35,30,32,31,30,32,41,36,37,25,48,40,34,37,35,43,41,36,27,34,32,28,38,35,37,34,29,26,46,34,30,33,42,32,33,33,41,34,44,44,33,36,37,40,41,35,32,37,41,35,27,34,32,39,32,37,33,32,45,32,38,30,37,30,33,34,37,36,37,35,31,41,46,41,29,31,38,41,34,30,23,36,44,34,34,26,39,31,29,41,33,33,29,35,37,33,35,32,32,38,42,36,33,40,31,35,35,32,37,44,34,38,36,32,39,34,26,37,25,41,35,34,36,36,37,39,43,36,39,33,41,44,34,44,29,34,31,31,39,40,41,25,38,45,27,46,42,35,44,30,40,34,36,39,32,40,35,56,38,29,31,33,30,43,35,40,37,37,35,29,30,44,40,31,29,25,50,37,31,35,42,34,35,37,44,35,36,25,37,34,35,39,31,34,32,27,37,34,34,40,23,33,32,33,29,34,31,32,39,35,38,36,40,39,38,33,33,28,43,36,34,23,30,36,36,33,36,32,35,43,32,34,42,37,33,31,28,33,34,32,35,38,30,36,43,36,40,45,25,34,40,33,45,28,44,46,32,45,28,27,33,23,32,29,32,31,37,30,40,29,43,42,38,34,39,34,30,34,29,35,37,25,31,35,41,37,33,36,41,31,31,30,38,36,48,23,28,35,38,41,36,32,32,30,37,31,41,37,36,30,34,36,29,33,33,40,37,31,32,28,31,41,29,34,34,38,37,32,37,29,32,34,43,29,28,44,36,38,38,33,36,34,36,31,36,32,36,31,39,45,36,43,35,46,36,40,32,39,33,42,43,42,32,31,36,28,37,31,40,34,34,32,45,37,36,31,42,40,32,34,31,34,33,35,28,33,35,37,37
34,29,38,34,31,37,32,38,34,32,40,39,35,34,37,28,34,32,34,32,38,22,35,38,35,35,40,35,36,40,39,31,48,33,29,31,26,36,32,40,29,24,32,32,29,37,39,32,37,30,31,29,39,35,41,36,39,32,35,43,36,35,38,40,39,34,28,34,30,38,27,33,24,35,32,41,33,26,31,29,31,41,24,36,40,26,37,45,43,34,38,33,34,38,36,32,41,34,30,37,29,35,37,39,39,35,36,31,29,39,30,44,41,45,30,42,35,37,31,33,33,31,28,37,26,36,32,47,37,33,29,38,38,42,34,31,35,26,34,32,42,40,34,39,41,37,33,27,44,44,41,27,34,33,31,37,32,38,33,34,42,35,34,39,39,45,34,32,30,39,32,33,37,43,32,35,33,31,33,34,31,32,41,34,41,33,35,31,32,38,40,35,40,42,28,34,32,32,39,31,40,41,37,32,38,28,26,28,35,32,35,21,27,35,30,29,32,35,30,45,36,34,35,35,26,30,38,33,32,34,32,33,36,38,30,42,32,36,45,30,35,35,41,33,42,28,48,40,34,44,39,48,38,30,30,38,33,32,29,29,34,36,37,33,40,30,34,27,33,35,35,29,36,40,42,30,33,36,41,37,37,34,37,26,38,28,32,38,33,25,38,35,23,29,35,40,31,33,28,31,40,36,40,36,38,40,33,36,38,37,37,30,33,25,36,37,39,27,35,29,27,33,27,38,35,33,34,34,46,38,36,34,40,27,41,26,32,36,34,30,29,41,41,43,36,26,31,32,31,29,36,28,25,36,32,36,37,39,44,37,30,31,36,30,34,35,29,47,33,29,27,37,39,26,37,39,36,33,40,32,42,31,40,25,30,36,33,36,38,29,36,32,43,26,28,37,35,43,35,34,33,30,46,37,22,37,32,37,37,32,26,33,44,33,38,38,48,38,35,30,41,35,37,34,31,30,36,28,37,36,43,34,28,34,43,34,29,38,33,28,31,33,37,40,44,27,33,38,36,30,31,35,34,34,28,32,33,37,29,43,33,36,35,33,36,39,37,37,43,33,35,35,31,33,25,37,34,41,37,33,25,36,34,34,38,31,43,31,38,34,29,33,43,37,32,29,30,40,38,31,39,37,33,34,40,32,38,41,29,44,38,39,38,33,27,36,39,38,34,28,39,37,41,43,37,22,26,36,34,32,35,35,42,33,27,29,38,26,36,32,31,34,31,36,43,36,33,30,40,49,44,37,39,37,41,35,30,23,32,30,41,37,35,34,25,38,39,38,34,34,30,40,38,27,27,34,34,40,37,46,33,42,35,42,32,28,37,45,39,32,43,39,37,37,37,35,33,37,27,35,38,34,41,44,36,44,36,40,37,37,34,42,32,38,32,35,45,27,33,34,36,38,38,36,34,38,40,34,40,36,29,36,30,35,38,32,31,35,32,30,39,27,39,26,32,46,33,40,29,43,33,29,37,38,36,43,34,40,37,40,35,38,36,29,42,42,37,36,40,41,36,39,44,41,34,34,35,40,42,41,35,41,35,31,36,31,27,35,35,30,40,24,38,32,33,36,35,33,26,31,35,32,27,33,36,34,39,35,28,48,34,42,36,44,33,30,41,36,43,36,37,34,36,34,37,34,34,34,40,31,31,38,31,38,34,47,31,33,27,40,42,29,33,39,31,31,38,39,35,36,33,41,29,34,32,38,36,34,30,34,41,32,35,33,28,34,34,41,31,34,34,36,28,36,38,28,36,38,42,38,37,35,35,36,34,29,33,34,39,40,32,37,35,44,39,42,36,27,29,36,37,39,34,38,29,29,42,34,30,36,36,31,34,39,37,43,35,38,29,27,37,50,31,35,31,48,43,41,39,40,32,34,34,36,28,40,32,32,32,32,41,31,33,35,38,36,44,33,32,41,43,23,39,37,37,27,40,35,34,28,38,30,36,36,29,38,27,35,39,36,36,37,36,37,33,29,35,37,43,33,45,34,43,40,34,35,32,41,36,39,41,32,27,36,31,34,34,39,41,35,38,27,33,36,32,41,25,32,37,39,41,34,42,25,31,29,34,27,41,35,29,27,34,22,30,30,43,28,27,38,30,34,33,32,36,42,43,37,38,36,27,44,34,36,34,33,35,40,37,28,40,39,40,31,38,37,36,30,30,32,32,31,33,31,41,27,38,30,39,42,39,32,38,31,34,37,31,25,42,32,33,22,31,36,29,35,42,31,31,38,33,37,35,29,31,34,41,33,39,38
31,31,34,28,40,41,32,35,31,32,39,36,37,37,40,36,37,33,41,33,24,39,41,34,30,42,37,34,28,29,36,31,34,35,36,33,31,37,33,29,36,26,35,32,42,37,38,31,44,47,43,24,34,34,38,35,29,32,33,39,35,30,36,34,42,40,35,31,43,30,34,36,33,37,37,30,37,42,41,38,35,26,38,38,40,35,36,35,32,36,37,28,31,46,37,29,21,33,35,46,35,44,39,35,41,37,31,39,33,33,42,36,35,35,29,40,40,33,36,29,30,31,39,32,39,40,32,37,33,34,38,32,36,40,40,35,37,36,43,27,35,28,33,42,34,30,44,35,42,29,36,34,42,40,37,36,29,36,39,32,31,34,39,33,37,34,39,34,35,41,37,29,28,42,32,37,30,44,28,28,37,35,35,38,26,28,35,40,30,39,34,26,42,26,32,37,37,33,33,31,32,44,39,35,32,33,37,31,44,40,32,31,45,39,26,40,35,33,35,35,37,30,34,44,33,44,34,44,27,34,34,35,31,34,37,23,40,32,33,35,34,32,42,33,35,42,30,31,34,39,36,34,37,41,31,29,38,39,30,41,36,32,34,43,30,26,32,37,34,40,35,30,36,37,28,31,38,37,38,25,30,38,33,37,36,27,35,30,33,45,37,27,38,39,35,31,29,35,35,40,35,31,48,27,34,42,34,29,25,43,35,31,35,29,34,36,31,33,43,47,29,36,36,42,27,34,39,35,37,33,32,27,27,31,31,31,35,38,31,42,35,32,28,36,38,37,35,31,42,42,36,38,37,28,32,24,35,35,43,34,33,27,23,33,31,29,34,38,38,30,32,34,32,27,34,27,38,46,40,34,37,41,41,35,30,34,26,39,26,48,39,34,26,43,33,31,34,33,33,28,35,39,34,32,38,33,34,32,36,34,36,27,40,37,31,29,34,39,35,39,34,41,45,33,32,38,41,34,33,26,36,37,33,32,37,30,41,28,36,28,29,31,36,37,37,38,42,36,41,33,27,34,27,29,27,29,46,32,38,36,42,35,34,44,33,33,41,37,39,34,32,22,37,47,34,47,43,43,31,34,31,26,38,32,30,39,32,39,28,34,30,29,40,32,38,32,26,32,39,39,33,42,37,35,34,32,31,30,36,37,34,34,32,33,39,41,39,40,41,38,38,42,29,36,32,30,36,33,32,41,33,36,33,37,41,36,27,35,41,31,40,38,41,35,36,38,33,32,36,33,41,35,42,47,39,37,47,33,32,27,36,45,41,41,35,29,37,35,32,39,36,48,40,37,48,36,42,28,43,37,38,32,36,33,40,36,40,33,42,36,40,38,43,38,32,36,47,39,28,37,37,34,31,35,37,37,31,38,35,36,27,36,38,40,38,39,25,36,37,38,42,35,28,38,35,40,37,31,39,32,36,35,33,37,25,35,39,44,35,33,25,33,49,38,26,36,38,37,30,40,44,35,42,31,36,39,30,37,41,34,34,38,33,36,39,37,36,32,33,37,40,35,37,37,43,38,33,29,38,36,32,32,31,33,34,25,37,29,25,38,42,33,40,28,32,30,37,29,32,44,31,40,37,32,36,36,31,40,41,35,34,37,43,32,33,29,38,35,37,31,36,28,30,38,30,30,37,35,37,25,32,37,25,28,36,34,42,30,36,26,41,29,37,33,36,34,35,32,34,30,35,44,41,28,40,31,28,41,39,44,41,34,38,34,40,36,30,37,36,26,42,33,35,34,35,48,33,31,32,35,40,29,36,36,36,26,33,33,38,39,28,34,28,32,35,32,43,38,25,29,39,33,33,40,33,37,37,35,38,37,35,38,31,35,32,31,35,32,37,30,41,44,27,45,39,37,39,34,28,36,38,35,27,41,37,36,39,30,39,29,25,35,32,36,30,44,34,32,40,36,35,35,28,23,30,46,44,36,30,34,37,29,39,41,32,29,28,29,29,35,34,36,39,41,41,32,34,34,34,39,44,42,38,28,35,41,40,32,36,39,29,37,28,34,36,39,38,35,43,38,34,31,38,43,27,39,37,31,41,26,32,39,42,36,34,33,33,37,42,35,33,37,46,42,35,36,38,39,33,35,37,30,42,40,30,31,34,37,26,29,41,31,35,31,29,27,23,35,40,36,37,35,42,29,36,43,30,34,36,30,37,40,31,38,34,34,25,28,32,36,38,28,40,43,40,31,28,31,29,31,33,30,34,34,47,40,23,34,43,27,31,43,42,34,24,35,34,39,37,43
32,34,34,44,42,33,27,29,31,39,29,30,29,43,35,37,40,35,35,39,31,29,32,29,39,39,28,43,40,34,29,38,35,39,29,43,35,39,26,37,42,39,38,37,33,32,41,33,34,32,39,38,30,40,39,37,42,25,35,32,29,39,30,32,45,38,34,38,32,41,38,31,40,34,33,32,38,37,40,36,36,30,39,38,34,39,34,29,29,40,37,40,36,31,36,37,31,30,32,34,42,34,31,24,29,40,37,40,39,34,35,36,39,39,30,32,38,29,36,41,33,43,38,32,40,24,35,34,34,33,26,32,37,31,34,33,40,37,29,38,42,35,36,29,31,37,34,32,38,37,28,28,40,44,34,28,31,28,37,40,34,34,40,38,31,37,37,41,36,30,32,32,39,26,33,37,33,33,29,35,27,39,34,39,45,41,32,34,41,34,34,33,36,41,33,42,39,33,38,33,40,31,32,41,31,39,32,41,42,41,37,31,44,35,38,37,33,36,29,34,29,38,39,35,32,35,44,33,30,37,27,31,35,35,39,39,38,38,38,32,48,35,36,34,42,41,38,29,38,35,31,38,29,41,30,38,41,37,40,41,28,36,32,38,36,36,34,32,33,26,33,35,30,32,38,35,32,29,41,37,37,27,33,43,42,36,39,29,31,38,35,36,35,34,32,39,37,34,23,35,33,35,25,32,31,39,34,35,36,33,38,27,33,31,39,33,34,27,27,29,35,39,35,33,32,33,29,40,35,34,32,37,40,33,33,32,42,39,37,42,38,45,38,22,42,28,31,42,32,38,30,33,35,38,40,36,39,33,29,36,35,40,37,41,36,32,39,31,32,36,32,33,30,34,38,42,37,29,20,33,35,36,45,30,36,32,36,29,31,37,28,30,29,35,38,29,29,30,29,23,32,46,35,31,34,31,36,32,41,37,47,34,31,28,32,31,31,36,28,27,38,40,43,37,40,44,38,34,36,35,33,35,38,30,41,35,33,37,41,32,39,40,39,41,37,28,41,33,38,33,37,31,30,29,31,34,34,34,30,26,30,33,36,30,36,38,32,31,32,34,29,43,29,32,37,25,36,36,39,38,43,20,33,36,30,27,36,36,36,39,42,30,34,40,33,37,35,33,36,30,36,41,36,33,29,38,31,34,39,37,36,28,36,35,39,36,31,40,28,41,27,31,36,30,39,36,33,39,39,47,34,27,44,34,37,28,39,34,33,28,29,30,25,31,31,33,39,35,33,32,40,30,32,32,42,38,34,34,40,28,41,36,33,33,29,37,36,39,28,41,28,28,39,29,41,38,32,35,37,35,31,39,37,35,34,35,51,39,34,39,37,33,38,31,34,35,46,43,33,30,26,28,33,38,32,35,28,36,36,44,36,32,38,37,39,33,31,36,38,32,34,40,37,27,41,36,43,31,38,33,30,37,31,33,31,35,37,33,31,38,35,31,39,38,40,34,38,39,40,32,34,39,34,41,31,37,37,30,37,25,36,41,34,36,35,31,48,30,33,34,31,36,34,37,36,31,35,36,37,32,35,27,33,43,35,33,37,34,34,30,28,36,37,34,31,38,31,32,29,32,24,36,39,47,41,32,38,37,32,32,35,33,30,32,41,42,30,35,37,33,38,30,37,29,33,34,41,32,34,38,31,37,31,41,30,38,32,45,32,31,46,36,33,31,25,36,30,34,42,34,33,45,31,31,43,31,38,32,39,36,39,36,40,40,28,37,39,34,31,28,34,28,36,33,31,34,36,38,39,28,35,31,36,38,42,30,32,30,39,29,37,46,32,37,29,38,30,41,34,35,31,38,42,37,35,31,34,40,32,36,30,41,33,38,36,38,38,32,29,38,39,33,33,35,39,34,33,30,37,35,24,41,27,36,26,34,31,35,44,32,34,36,42,32,36,32,30,30,30,34,26,33,28,29,29,42,29,29,40,34,32,34,37,36,27,32,40,29,29,28,37,39,29,33,36,27,35,36,35,29,31,35,44,32,44,32,42,44,35,31,36,42,36,33,29,26,47,31,35,33,34,39,30,37,42,41,35,41,33,41,35,42,40,32,39,44,27,33,32,37,30,39,37,40,36,36,40,32,31,34,36,37,31,32,38,36,39,33,29,34,40,34,32,39,29,41,33,42,31,40,26,29,30,22,39,36,41,34,29,26,33,43,31,36,36,33,40,33,27,43,26,29,28,36,35,45,33,37,35,48,38,37,33,39,31,32,27,43,36,32,37,42,37,33,38,38,42,35,44,29
41,34,42,30,43,34,37,39,43,27,41,32,43,29,34,36,37,27,35,32,41,31,39,29,29,36,38,32,31,28,42,31,46,35,28,45,35,34,37,40,39,38,34,33,40,38,37,35,34,38,45,35,45,36,34,36,34,37,43,36,30,43,32,44,42,40,37,42,37,32,37,38,32,25,34,32,34,33,32,28,45,41,36,36,32,39,36,35,33,31,32,35,37,40,42,30,33,32,29,26,29,34,30,37,38,34,31,34,33,37,29,32,35,34,34,30,32,29,29,39,40,42,35,37,37,33,40,32,36,31,37,25,40,35,30,43,34,34,41,33,33,33,39,34,39,40,23,35,39,31,34,29,43,32,45,33,34,34,40,39,34,36,36,27,36,42,36,36,30,37,34,29,38,45,37,25,32,35,35,36,39,30,38,38,29,40,43,35,46,41,34,27,40,30,33,31,37,45,41,34,36,37,37,31,33,37,31,39,41,22,41,37,34,32,46,38,38,44,33,40,40,33,35,36,33,37,34,30,36,38,39,38,35,34,28,37,41,37,35,37,31,37,40,40,39,28,22,32,31,38,33,34,34,41,34,37,31,29,34,31,33,28,36,32,32,37,39,35,35,48,33,30,39,32,35,33,33,32,38,29,32,40,39,32,38,41,35,30,38,38,24,38,46,26,38,36,38,37,33,43,44,32,40,37,28,35,33,37,33,33,37,38,32,33,42,34,32,23,38,37,35,32,32,43,33,38,30,34,37,27,32,35,33,24,31,40,41,43,39,26,35,39,31,26,36,24,26,38,32,32,33,38,34,30,32,32,40,42,34,30,37,31,36,35,35,38,36,33,34,39,28,28,45,36,34,37,33,34,38,25,36,31,37,39,37,33,37,37,36,36,44,35,28,36,25,30,35,39,32,34,40,47,40,36,34,41,26,31,35,38,33,25,37,40,30,39,39,35,31,34,33,45,38,28,27,40,33,38,41,30,34,44,43,36,41,37,38,30,37,32,34,37,34,28,30,35,45,35,30,27,40,43,39,30,34,37,28,29,31,40,38,31,38,38,44,33,46,36,36,30,37,48,32,31,39,35,34,33,41,40,28,29,34,24,26,37,33,32,34,43,36,39,30,26,44,34,28,36,34,30,43,29,30,38,41,31,33,39,37,33,31,38,31,30,43,30,36,42,36,40,44,35,30,49,29,38,37,37,34,35,31,34,32,39,38,41,37,30,30,34,37,37,39,35,35,39,30,37,31,31,31,26,33,34,34,38,36,32,38,32,40,47,33,41,34,33,34,38,35,37,36,36,29,35,47,36,33,36,34,33,45,34,31,40,28,40,25,35,36,32,40,38,39,38,34,31,45,35,30,33,38,37,32,43,33,38,37,31,31,35,33,36,39,34,38,43,34,35,36,38,32,39,35,38,42,28,33,34,40,33,34,38,27,37,35,32,34,36,46,34,33,30,35,41,39,33,27,35,29,40,41,34,30,30,33,36,39,36,38,31,35,33,28,32,36,33,33,32,42,37,38,34,43,37,41,37,36,38,27,40,47,34,37,40,34,28,31,43,34,31,41,42,25,31,35,42,26,35,41,32,44,33,39,37,33,34,33,33,30,37,33,39,35,28,39,31,26,28,43,40,36,44,33,35,31,33,33,38,35,40,33,29,33,29,41,30,30,34,32,37,35,34,31,41,37,30,37,29,32,30,33,40,24,25,35,42,33,33,35,40,36,34,36,22,43,46,27,28,49,46,30,38,38,35,42,29,42,36,29,34,39,35,33,42,41,36,31,37,38,28,26,44,29,34,39,38,33,30,36,32,30,36,33,38,34,39,35,35,27,30,30,43,49,27,28,42,29,36,39,34,27,36,38,32,31,35,32,48,41,31,41,39,34,25,38,37,34,32,30,33,35,31,41,42,33,31,41,42,35,43,38,35,38,32,30,43,39,30,27,34,30,36,36,27,40,26,27,39,34,33,34,29,29,35,39,41,36,36,39,41,27,37,33,41,35,37,46,34,35,47,32,33,41,32,38,34,32,37,39,35,26,43,35,40,34,32,42,39,35,30,30,35,36,31,30,34,35,38,36,38,38,33,38,38,34,29,34,40,35,34,36,46,35,34,38,34,34,26,33,34,35,36,29,37,41,29,33,34,38,37,40,34,42,31,36,30,34,34,36,40,34,35,26,26,39,34,36,38,38,33,29,39,29,36,39,44,37,27,38,38,31,36,32,37,41,26,32,29,42,33,39,35,36,35,40,35,38,29,27,43
29,33,34,35,37,38,36,34,36,46,43,37,34,38,38,35,38,32,36,42,32,32,40,35,33,40,32,38,27,32,29,33,39,36,32,34,42,43,36,32,37,40,28,35,36,38,28,35,36,36,41,34,33,28,35,30,32,37,45,43,40,37,30,33,37,31,22,31,44,38,28,33,34,28,42,33,34,45,32,36,30,32,36,43,35,38,33,30,34,31,33,35,44,34,30,42,26,36,35,35,48,34,41,38,36,36,45,37,35,36,40,34,34,29,26,38,22,30,41,32,29,39,31,38,34,32,37,30,30,36,43,35,38,35,37,26,31,35,33,36,35,36,35,41,38,37,33,32,36,34,32,34,37,30,36,37,34,31,29,36,27,31,38,43,25,38,45,40,38,30,32,47,29,37,47,32,34,32,29,29,32,35,24,32,35,40,39,35,39,34,32,36,37,45,32,37,32,33,36,39,32,35,33,34,30,35,28,38,39,35,43,33,38,33,31,38,36,35,37,37,34,28,43,36,34,30,40,43,40,32,35,35,35,35,38,30,32,39,37,41,43,40,38,32,32,34,48,22,32,39,35,34,43,37,38,36,39,33,38,38,33,32,33,32,39,31,33,34,34,39,30,36,42,33,33,41,32,35,31,42,34,38,38,37,45,35,33,32,38,32,34,30,39,44,34,43,30,43,37,32,38,39,41,36,35,38,31,39,38,30,38,33,43,35,29,33,32,39,33,39,39,29,34,39,38,29,38,37,35,30,44,31,35,35,38,31,38,43,39,41,35,38,35,30,40,34,36,34,38,44,36,41,39,40,34,33,35,41,35,43,41,38,35,41,44,32,31,27,38,37,36,31,39,31,47,43,42,30,34,33,41,38,40,33,42,31,36,37,32,46,37,28,30,35,32,31,36,28,34,30,37,37,29,40,37,27,37,36,32,34,38,33,34,38,27,33,36,40,36,35,33,38,33,35,28,26,23,39,37,37,36,35,41,43,36,33,33,38,39,36,32,28,35,31,25,33,36,43,36,35,41,30,38,30,29,26,29,27,29,31,34,47,36,36,42,38,33,32,42,32,35,27,38,32,40,33,34,30,32,46,37,39,33,35,33,37,32,35,39,32,33,25,26,30,46,47,31,38,39,38,30,25,30,38,31,36,34,34,32,37,30,26,35,33,37,37,36,43,37,27,35,41,40,40,36,33,28,35,31,35,36,34,31,36,39,38,35,38,43,36,34,43,33,28,30,30,33,33,33,37,30,33,32,37,33,35,29,25,34,34,38,31,37,30,27,34,33,39,41,50,37,31,31,31,39,27,39,21,35,30,30,30,40,38,28,32,41,30,28,32,35,23,25,40,32,40,42,35,35,29,43,38,41,34,34,37,31,39,37,33,36,35,30,32,36,45,37,41,31,38,32,30,26,41,35,32,33,36,26,39,31,43,32,31,35,28,26,30,38,28,36,27,30,35,28,41,36,34,32,32,32,35,31,41,28,35,32,33,42,34,37,35,40,34,36,29,32,33,33,37,27,42,37,34,34,40,36,31,42,35,35,33,37,35,30,28,40,27,43,36,38,33,32,30,35,33,30,45,39,33,39,29,29,31,33,44,34,35,35,31,36,26,35,35,40,40,37,33,42,23,33,33,44,33,29,37,34,40,31,26,35,35,44,36,30,40,33,37,25,31,39,32,37,37,31,40,43,33,39,35,29,38,30,34,37,27,33,35,33,37,33,35,45,34,41,34,35,40,33,29,34,34,34,23,47,45,38,31,36,40,36,28,39,37,36,41,38,45,40,41,34,43,37,34,31,36,37,45,47,39,36,27,44,34,27,35,37,35,40,39,32,33,45,33,34,34,23,34,37,32,35,38,37,37,42,34,31,30,28,36,36,35,32,34,39,30,31,36,38,37,43,34,23,33,34,29,25,41,34,36,36,30,37,39,34,39,35,37,43,39,39,42,38,26,35,37,36,38,36,34,35,29,32,28,29,32,29,40,43,29,28,28,29,30,46,34,27,37,29,42,35,33,39,33,35,34,30,38,29,27,38,43,33,43,41,42,37,38,18,41,39,36,32,36,32,32,38,39,34,24,35,45,36,36,33,42,43,44,39,35,38,33,29,31,28,36,35,31,35,30,35,41,31,44,40,31,24,40,41,32,36,30,31,38,34,37,34,40,40,39,30,42,30,33,38,40,33,32,42,39,39,38,26,42,35,38,29,34,36,36,29,36,37,35,36,28,34,33,41,39,33,32,36,48,37,31,28,40,30,36
37,35,38,29,25,34,39,29,36,35,39,35,36,29,30,34,31,33,29,30,43,32,29,34,31,34,34,35,41,33,35,37,43,42,41,31,31,39,35,39,36,35,41,29,36,34,31,34,32,37,27,37,26,34,32,40,36,37,31,32,32,44,35,39,26,38,32,40,24,39,33,31,34,32,29,30,42,30,34,31,35,38,29,42,35,42,37,36,27,31,31,38,45,38,21,36,36,27,39,39,28,34,41,30,39,36,32,32,32,35,36,32,30,32,35,38,38,30,35,30,36,25,37,36,35,32,39,33,34,40,39,32,32,36,34,40,32,33,36,42,34,34,34,32,37,36,37,38,34,29,30,32,33,26,37,35,42,28,38,33,25,36,32,40,42,39,26,27,32,31,37,33,33,34,31,35,28,32,33,39,28,35,48,34,47,35,34,34,40,36,31,28,32,28,34,36,45,45,28,32,37,30,33,25,42,33,34,43,34,38,41,28,33,38,32,38,30,32,30,29,44,33,29,32,32,35,38,40,42,39,36,34,44,34,26,42,41,39,30,35,37,38,32,38,35,31,37,48,39,40,33,36,34,29,41,35,38,35,42,29,31,38,40,34,24,38,32,29,31,24,44,40,37,42,32,32,34,36,40,37,34,34,38,38,34,33,37,36,46,28,38,35,33,35,39,30,39,34,36,33,33,36,37,31,30,38,35,40,35,31,32,39,31,28,36,45,37,32,35,37,39,32,39,39,32,30,33,40,32,35,39,44,39,30,38,37,32,30,39,33,41,32,27,38,36,37,40,34,34,31,36,32,38,28,35,29,31,38,34,37,32,30,39,28,37,29,38,34,37,36,42,35,39,44,40,43,34,35,40,35,31,33,28,37,25,31,38,33,39,33,32,29,45,31,34,33,40,38,31,36,41,44,43,35,38,41,40,31,41,43,28,37,30,31,39,32,29,36,42,28,34,30,40,29,44,36,37,39,30,42,30,42,40,38,35,35,40,42,35,33,41,31,37,36,39,37,33,47,37,36,30,37,40,32,38,32,34,43,38,35,41,38,43,40,29,33,32,32,34,36,33,40,27,32,28,29,37,39,35,43,40,35,38,38,35,31,35,33,40,29,28,41,43,35,38,29,29,33,32,39,30,34,36,33,30,37,30,40,44,28,34,36,36,45,31,42,33,36,35,39,37,31,25,31,39,40,27,37,40,42,27,34,38,33,40,30,37,33,37,41,31,43,34,43,36,33,34,34,31,36,29,29,37,33,37,39,45,35,32,44,36,36,29,28,32,34,35,33,34,31,32,34,24,35,30,38,39,42,34,35,31,41,42,21,36,41,35,37,45,35,40,39,39,34,32,32,35,42,35,37,33,34,34,33,39,36,35,32,40,32,34,30,43,36,32,26,32,40,35,35,38,31,31,32,38,27,38,30,29,31,22,41,39,38,40,35,42,35,46,31,32,36,32,33,36,37,31,40,36,35,36,31,31,29,40,41,33,31,38,33,33,30,27,28,24,39,37,37,30,39,42,34,32,38,33,35,35,31,39,38,35,46,35,30,32,32,39,37,43,32,42,34,28,42,27,38,31,37,35,32,30,35,37,34,33,32,35,39,38,31,43,34,39,33,39,36,37,29,32,31,23,37,40,43,42,36,33,39,35,39,37,40,36,36,35,32,33,35,39,38,33,34,36,37,31,28,35,31,36,39,37,35,31,40,38,38,30,32,41,34,35,34,27,33,30,34,39,28,46,33,32,34,33,36,36,30,31,34,39,38,36,37,33,24,32,34,29,19,35,35,32,35,39,22,32,31,41,34,45,35,30,30,29,42,37,38,27,36,30,32,32,37,39,31,39,34,42,37,41,36,24,30,42,34,32,35,36,37,42,34,39,38,34,36,32,41,29,35,41,53,45,34,38,34,31,33,34,27,32,33,36,27,38,33,39,31,35,36,31,35,37,31,37,33,41,40,32,29,41,38,29,48,37,40,34,35,40,27,45,29,32,36,40,26,34,39,41,30,38,36,34,37,31,39,34,37,25,38,37,27,40,35,35,36,34,39,36,30,31,35,28,33,41,35,43,42,33,38,40,35,39,41,35,30,30,34,40,44,24,29,38,36,43,45,26,42,45,38,26,39,38,36,29,41,32,32,42,40,38,40,31,40,28,40,35,40,39,30,31,36,38,35,25,30,35,36,40,42,37,31,31,32,32,28,38,35,39,33,28,38,25,28,30,35,31,27,35,37,33,34,29,43,43,36,39,34,37,37,41,41
31,30,34,38,30,36,24,34,39,39,24,36,38,35,31,44,31,37,35,43,35,39,23,44,34,40,40,43,38,41,37,33,40,25,30,35,33,35,26,40,32,41,29,36,47,40,33,35,34,36,32,33,39,28,28,28,37,42,38,37,29,42,30,38,27,38,33,37,32,34,33,31,42,32,25,36,36,38,36,33,34,39,40,44,42,33,32,31,40,33,26,31,32,34,40,32,33,36,28,31,28,30,36,37,35,43,45,29,29,33,30,46,29,36,31,34,32,36,33,28,37,32,35,41,35,28,41,45,31,40,36,30,37,33,34,31,29,35,38,32,37,35,26,40,34,32,30,44,47,35,32,34,36,37,36,35,35,35,28,37,34,33,36,34,32,41,39,36,33,35,34,35,33,29,36,30,42,32,44,34,26,43,38,39,36,36,29,45,38,36,35,32,30,37,32,34,41,29,34,39,34,36,28,34,32,47,35,34,32,38,44,39,34,28,35,45,39,33,35,40,25,35,38,32,35,35,40,29,44,28,30,40,37,40,35,34,34,35,31,32,43,44,34,36,37,35,31,37,37,41,38,42,39,34,33,42,39,33,36,32,34,33,34,33,35,35,37,41,34,41,29,39,24,34,45,38,32,44,40,41,39,42,27,34,37,42,32,39,33,32,40,32,42,37,45,35,33,32,31,31,40,30,26,43,35,34,37,34,38,40,30,32,43,30,37,36,45,30,38,35,39,32,28,37,36,35,34,38,42,37,35,40,31,38,37,39,33,38,32,34,31,27,37,28,32,33,36,42,36,38,29,39,41,31,34,32,28,33,32,38,36,45,33,29,39,34,26,41,32,36,38,40,41,38,32,39,41,44,32,36,29,38,32,41,41,40,41,35,31,30,29,32,28,36,36,29,29,37,42,25,32,42,44,35,29,36,34,38,30,44,38,34,34,36,29,42,39,38,29,48,27,42,39,32,32,30,26,31,33,38,35,31,28,37,35,41,35,38,37,34,33,35,34,33,36,36,31,37,33,48,33,32,39,34,36,40,36,39,35,44,39,35,29,30,36,32,27,42,42,41,30,39,37,29,38,34,36,30,43,20,33,37,39,33,33,36,41,31,37,32,32,33,25,39,26,35,33,38,40,39,30,36,39,44,35,34,38,29,36,40,31,42,34,31,31,32,35,36,38,36,38,32,26,30,35,33,39,40,31,34,36,40,26,33,34,40,38,35,34,40,36,35,32,38,37,28,37,28,43,43,34,37,30,36,37,37,36,35,35,30,44,39,33,44,38,25,25,34,33,36,40,36,36,25,32,34,33,34,40,37,36,32,39,33,32,40,36,37,40,30,33,30,30,43,35,35,33,41,32,38,40,35,29,44,38,33,38,37,36,35,30,31,39,32,42,34,26,39,35,36,40,27,26,32,39,32,37,32,39,34,36,34,37,45,36,36,40,40,37,41,36,33,30,38,34,29,42,36,35,38,36,33,33,36,32,41,34,35,35,39,27,36,31,36,29,37,42,33,44,40,35,32,35,24,46,34,33,41,34,36,38,35,24,36,47,34,37,38,36,39,36,39,35,40,32,39,36,36,36,41,33,36,32,31,34,34,31,35,34,43,38,38,31,39,33,25,35,30,34,39,33,35,35,38,38,38,44,30,35,33,40,35,34,34,36,33,36,39,34,31,36,35,40,48,36,35,29,30,33,28,31,37,33,35,40,34,37,32,44,30,35,30,32,40,38,31,36,33,37,25,35,41,40,30,36,31,39,34,43,34,33,31,29,30,40,35,43,38,34,36,41,36,29,31,40,47,40,34,41,40,34,33,28,36,35,32,32,35,39,28,37,30,29,33,38,36,35,39,37,35,34,31,32,38,33,31,47,38,18,34,30,39,28,41,31,28,30,33,35,38,35,29,26,34,27,38,37,36,36,28,39,42,34,29,32,37,47,38,29,34,35,41,35,44,28,34,28,29,38,37,26,39,32,33,41,31,35,39,33,39,33,37,38,37,39,34,33,28,29,38,30,33,19,35,32,32,35,32,36,35,28,34,32,47,41,30,31,34,42,40,37,40,38,38,40,28,37,43,25,47,37,31,38,39,31,30,26,35,36,42,36,37,34,36,31,39,28,30,36,31,38,28,37,40,37,33,36,44,40,41,31,31,30,32,36,38,34,37,36,42,32,41,39,32,35,34,42,30,32,37,37,32,39,35,30,30,28,40,29,33,35,43,38,39,39,47,38,23,38,39,42,31,32,35,32,36,33,24,33,47
32,28,33,36,37,35,25,33,35,31,31,32,32,38,42,40,42,36,32,34,38,35,34,34,34,39,38,34,36,35,40,44,38,43,30,46,23,40,33,30,32,39,33,37,38,38,32,34,36,28,36,35,36,42,33,38,42,34,35,32,40,30,31,32,32,31,35,36,32,32,36,47,36,35,41,37,40,30,31,37,35,35,37,37,32,35,41,37,33,33,37,46,35,41,38,31,34,30,36,36,26,45,35,34,37,33,37,36,30,36,33,29,43,34,36,35,32,23,40,38,45,29,37,40,30,30,31,43,33,31,33,36,29,37,34,39,32,37,30,36,32,28,32,40,40,32,42,40,38,35,36,33,34,36,35,38,40,32,31,32,26,35,32,31,33,30,21,39,33,31,40,39,39,43,28,38,37,41,40,41,37,34,40,34,43,44,42,35,44,37,34,39,28,30,34,37,37,36,28,42,30,37,29,39,29,29,35,31,35,27,31,41,39,38,28,38,40,25,31,31,37,38,37,41,29,41,26,33,36,34,37,33,33,31,40,33,37,42,39,38,33,33,39,27,34,35,39,34,43,33,42,32,33,33,33,32,34,46,22,31,34,31,33,32,38,35,38,30,35,31,37,33,30,28,42,37,38,40,33,38,29,37,37,38,45,34,31,21,39,34,44,21,41,34,34,36,29,37,40,39,38,38,31,41,35,45,47,39,34,26,40,42,32,35,28,40,32,37,35,35,34,38,35,33,30,36,27,35,37,41,31,40,40,35,32,37,25,31,39,34,37,34,25,26,34,33,30,32,40,44,36,39,31,42,34,32,30,39,31,40,36,29,24,30,36,28,46,34,37,37,37,24,33,24,40,32,32,40,34,39,34,36,24,38,45,29,31,29,36,38,37,45,37,38,34,28,35,32,34,36,29,33,37,39,28,45,40,32,30,38,41,33,30,43,33,38,31,32,34,30,33,42,33,33,32,38,19,29,41,35,36,41,28,42,32,34,38,41,29,38,40,33,31,34,24,32,38,36,37,39,33,30,35,37,45,44,27,35,34,38,35,29,31,39,23,32,43,47,31,30,37,31,34,43,37,32,31,41,33,35,39,41,36,35,32,31,31,31,44,30,40,38,39,41,38,24,37,41,34,42,32,30,37,42,24,39,32,37,32,37,41,35,30,33,52,42,37,35,35,38,32,40,33,36,29,39,34,33,34,36,43,35,31,34,38,28,34,33,33,36,29,36,34,32,25,28,39,27,37,31,37,39,34,43,35,30,45,25,32,37,37,38,45,37,37,33,34,37,33,31,44,38,39,34,40,32,35,32,39,41,38,36,43,30,29,35,37,35,38,34,33,33,30,34,33,47,39,31,29,28,39,29,37,35,33,32,38,29,35,30,32,37,29,33,36,35,35,36,29,36,35,33,44,30,33,32,41,36,34,33,34,29,38,34,31,36,38,35,29,46,38,38,43,21,37,27,34,29,37,32,37,40,34,37,37,40,29,35,42,38,44,33,38,37,31,45,40,39,38,44,28,38,29,36,36,34,32,40,35,31,35,29,38,33,38,31,32,38,40,30,39,28,36,33,31,34,35,29,26,37,41,33,39,32,39,36,38,35,35,31,32,35,34,25,33,45,27,39,31,41,42,34,30,37,32,33,36,37,28,35,30,31,30,26,38,35,39,26,39,36,36,33,34,29,42,38,34,30,36,43,29,28,39,29,31,36,26,37,39,41,33,36,44,32,29,39,32,20,37,38,35,41,45,44,38,42,29,41,33,40,34,42,42,36,40,37,42,33,32,28,35,35,30,37,40,30,31,33,36,30,40,38,35,31,35,33,34,38,31,38,38,41,36,30,41,43,45,31,28,35,25,34,42,36,41,31,28,33,34,36,32,36,35,32,40,33,34,32,31,24,30,36,36,30,33,30,28,41,40,28,40,34,40,36,35,27,37,38,40,31,28,37,28,37,37,34,33,31,33,35,31,32,30,32,30,41,34,32,38,32,42,33,30,42,28,32,32,37,37,40,32,37,37,34,35,37,35,37,38,34,36,42,40,42,34,35,41,32,45,34,44,29,33,32,36,41,27,40,33,39,44,47,31,36,37,41,35,34,43,28,33,35,32,39,41,27,38,38,41,30,32,33,39,27,39,36,39,29,34,33,31,29,23,35,34,47,31,28,38,34,35,39,32,40,43,36,34,32,40,38,35,30,29,32,38,39,36,35,35,43,29,37,35,29,45,30,40,39,41,30,32,40,33,28,36,37,33,37,31,34
